#BeginHeader,,
#FormatType,M-M20X\NORMAL,
#FormatVersion,V_1.1.9.7,
测量模式,正常模式,
采集开始时间,	2026/04/30 11:56:20.469286	,
采样周期,1ms,
保存选项,Standard,
,
通道条件,
通道编号,,,(M-1)M208,(M-1)M208,(M-1)M208,(M-1)M208,(M-1)M208,(M-1)M208,(M-1)M208,(M-1)M208,
波形名,,,CH1,CH2,CH3,CH4,CH5,CH6,CH7,CH8,
输入,,,20mA,PT100(3线),20V,0~1A,0~1A,PT100(3线),0~1A,PT100(4线),
单位,,,mA,℃,V,mA,℃,℃,mA,mA,
#EndHeader,
时间,μs,运行时间ms,(M-1)CH1,(M-1)CH2,(M-1)CH3,(M-1)CH4,(M-1)CH5,(M-1)CH6,(M-1)CH7,(M-1)CH8,
	2026/04/30 11:56:20	,	469286	,	0	,10.515319,1999.9000,-0.20495054,-795.7837,595380.9375,38.331,605053.7500,1999.9000,
	2026/04/30 11:56:20	,	470286	,	1	,10.515323,1999.9000,-0.20495054,-795.7837,595380.9375,38.331,605053.7500,1999.9000,
	2026/04/30 11:56:20	,	471286	,	2	,10.515342,1999.9000,-0.20495054,-795.5356,595374.2500,38.334,605053.7500,1999.9000,
	2026/04/30 11:56:20	,	472286	,	3	,10.515371,1999.9000,-0.20495054,-795.5279,595368.6875,38.334,605053.7500,1999.9000,
	2026/04/30 11:56:20	,	473286	,	4	,10.515411,1999.9000,-0.20495054,-795.6209,595364.0625,38.333,605053.7500,1999.9000,
	2026/04/30 11:56:20	,	474286	,	5	,10.515429,1999.9000,-0.19521336,-795.5989,595489.3125,38.333,604799.4375,1999.9000,
	2026/04/30 11:56:20	,	475286	,	6	,10.515445,1999.9000,-0.19521336,-795.3817,595489.3125,38.333,604799.4375,1999.9000,
	2026/04/30 11:56:20	,	476286	,	7	,10.515457,1999.9000,-0.19521336,-795.2006,595489.3125,38.331,604799.4375,1999.9000,
	2026/04/30 11:56:20	,	477286	,	8	,10.515468,1999.9000,-0.19521336,-795.3482,595489.3125,38.330,604799.4375,1999.9000,
	2026/04/30 11:56:20	,	478286	,	9	,10.515477,1999.9000,-0.19521336,-795.4711,595489.3125,38.328,604799.4375,1999.9000,
	2026/04/30 11:56:20	,	479286	,	10	,10.515479,1999.9000,-0.19796120,-795.4741,595476.9375,38.327,604807.1250,1999.9000,
	2026/04/30 11:56:20	,	480286	,	11	,10.515481,1999.9000,-0.20058930,-795.2776,595385.0625,38.327,604897.3750,1999.9000,
	2026/04/30 11:56:20	,	481286	,	12	,10.515478,1999.9000,-0.20333083,-794.7160,595378.8125,38.326,604927.2500,1999.9000,
	2026/04/30 11:56:20	,	482286	,	13	,10.515466,1999.9000,-0.20902188,-794.2480,595247.4375,38.325,605033.8750,1999.9000,
	2026/04/30 11:56:20	,	483286	,	14	,10.515450,1999.9000,-0.21621920,-794.2559,594972.7500,38.328,605058.3125,1999.9000,
	2026/04/30 11:56:20	,	484286	,	15	,10.515432,1999.9000,-0.22024640,-794.2625,594940.6250,38.339,605066.4375,1999.9000,
	2026/04/30 11:56:20	,	485286	,	16	,10.515413,1999.9000,-0.22024640,-794.2680,594929.8750,38.352,605070.5000,1999.9000,
	2026/04/30 11:56:20	,	486286	,	17	,10.515387,1999.9000,-0.22024640,-794.0736,594924.5000,38.362,605073.0000,1999.9000,
	2026/04/30 11:56:20	,	487286	,	18	,10.515365,1999.9000,-0.22024640,-793.9117,594921.2500,38.371,605074.6250,1999.9000,
	2026/04/30 11:56:20	,	488286	,	19	,10.515346,1999.9000,-0.22024640,-793.8762,594919.1250,38.380,605064.1250,1999.9000,
	2026/04/30 11:56:20	,	489286	,	20	,10.515330,1999.9000,-0.21753640,-793.8466,594927.8750,38.387,604931.7500,1999.9000,
	2026/04/30 11:56:20	,	490286	,	21	,10.515317,1999.9000,-0.21528645,-794.1203,594938.5000,38.393,604897.9375,1999.9000,
	2026/04/30 11:56:20	,	491286	,	22	,10.515311,1999.9000,-0.21432848,-794.5474,594949.5625,38.398,604791.6250,1999.9000,
	2026/04/30 11:56:20	,	492286	,	23	,10.515311,1999.9000,-0.20885801,-794.5054,595124.0625,38.402,604761.7500,1999.9000,
	2026/04/30 11:56:20	,	493286	,	24	,10.515311,1999.9000,-0.20208298,-794.8683,595412.4375,38.404,604741.3125,1999.9000,
	2026/04/30 11:56:20	,	494286	,	25	,10.515311,1999.9000,-0.19733727,-795.2702,595535.1875,38.407,604731.1250,1999.9000,
	2026/04/30 11:56:20	,	495286	,	26	,10.515311,1999.9000,-0.19733727,-795.6051,595535.1875,38.412,604724.9375,1999.9000,
	2026/04/30 11:56:20	,	496286	,	27	,10.515306,1999.9000,-0.19733727,-795.8842,595535.1875,38.414,604720.8125,1999.9000,
	2026/04/30 11:56:20	,	497286	,	28	,10.515302,1999.9000,-0.19733727,-796.1168,595535.1875,38.414,604717.4375,1999.9000,
	2026/04/30 11:56:20	,	498286	,	29	,10.515299,1999.9000,-0.19733727,-796.4100,595535.1875,38.412,604724.5625,1999.9000,
	2026/04/30 11:56:20	,	499286	,	30	,10.515301,1999.9000,-0.20034352,-796.6544,595447.6250,38.411,604826.6875,1999.9000,
	2026/04/30 11:56:20	,	500286	,	31	,10.515304,1999.9000,-0.20313546,-796.7586,595421.7500,38.408,604850.5000,1999.9000,
	2026/04/30 11:56:20	,	501286	,	32	,10.515334,1999.9000,-0.20558709,-796.8454,595407.9375,38.403,604942.0000,1999.9000,
	2026/04/30 11:56:20	,	502286	,	33	,10.515366,1999.9000,-0.20987271,-796.8183,595306.4375,38.397,604976.3750,1999.9000,
	2026/04/30 11:56:20	,	503286	,	34	,10.515391,1999.9000,-0.21714564,-796.3979,595067.5000,38.393,605076.6875,1999.9000,
	2026/04/30 11:56:20	,	504286	,	35	,10.515413,1999.9000,-0.22153209,-796.0475,594844.6250,38.389,605076.6875,1999.9000,
	2026/04/30 11:56:20	,	505286	,	36	,10.515431,1999.9000,-0.22153209,-795.7555,594844.6250,38.385,605076.6875,1999.9000,
	2026/04/30 11:56:20	,	506286	,	37	,10.515447,1999.9000,-0.22153209,-795.5121,594844.6250,38.382,605076.6875,1999.9000,
	2026/04/30 11:56:20	,	507286	,	38	,10.515453,1999.9000,-0.22153209,-794.7125,594844.6250,38.381,605076.6875,1999.9000,
	2026/04/30 11:56:20	,	508286	,	39	,10.515450,1999.9000,-0.22153209,-793.7477,594844.6250,38.379,605065.6250,1999.9000,
	2026/04/30 11:56:20	,	509286	,	40	,10.515448,1999.9000,-0.21837461,-792.9437,594951.2500,38.377,604935.9375,1999.9000,
	2026/04/30 11:56:20	,	510286	,	41	,10.515445,1999.9000,-0.21579064,-792.4727,594971.5625,38.376,604907.8750,1999.9000,
	2026/04/30 11:56:20	,	511286	,	42	,10.515444,1999.9000,-0.21475074,-792.1796,594982.2500,38.375,604806.7500,1999.9000,
	2026/04/30 11:56:20	,	512286	,	43	,10.515441,1999.9000,-0.21045883,-792.2338,595075.2500,38.367,604774.7500,1999.9000,
	2026/04/30 11:56:20	,	513286	,	44	,10.515439,1999.9000,-0.20424467,-792.2790,595310.5625,38.361,604747.7500,1999.9000,
	2026/04/30 11:56:20	,	514286	,	45	,10.515437,1999.9000,-0.20009142,-792.3167,595556.6250,38.356,604734.1875,1999.9000,
	2026/04/30 11:56:20	,	515286	,	46	,10.515437,1999.9000,-0.20009142,-792.4476,595556.6250,38.352,604726.1250,1999.9000,
	2026/04/30 11:56:20	,	516286	,	47	,10.515437,1999.9000,-0.20009142,-792.5566,595556.6250,38.349,604720.7500,1999.9000,
	2026/04/30 11:56:20	,	517286	,	48	,10.515422,1999.9000,-0.20009142,-792.6474,595556.6250,38.346,604716.3125,1999.9000,
	2026/04/30 11:56:20	,	518286	,	49	,10.515409,1999.9000,-0.20009142,-792.9221,595556.6250,38.344,604721.3750,1999.9000,
	2026/04/30 11:56:20	,	519286	,	50	,10.515398,1999.9000,-0.20315436,-793.3500,595442.8750,38.342,604806.1250,1999.9000,
	2026/04/30 11:56:20	,	520286	,	51	,10.515403,1999.9000,-0.20559339,-793.8060,595411.2500,38.341,604830.5625,1999.9000,
	2026/04/30 11:56:20	,	521286	,	52	,10.515403,1999.9000,-0.20651984,-794.1860,595392.5625,38.341,604914.8750,1999.9000,
	2026/04/30 11:56:20	,	522286	,	53	,10.515403,1999.9000,-0.20984751,-794.0052,595373.4375,38.340,604948.6875,1999.9000,
	2026/04/30 11:56:20	,	523286	,	54	,10.515392,1999.9000,-0.21570240,-793.7552,595127.0625,38.338,605058.0000,1999.9000,
	2026/04/30 11:56:20	,	524286	,	55	,10.515395,1999.9000,-0.21996911,-793.5468,594860.7500,38.337,605058.0000,1999.9000,
	2026/04/30 11:56:20	,	525286	,	56	,10.515401,1999.9000,-0.21996911,-793.3730,594860.7500,38.336,605058.0000,1999.9000,
	2026/04/30 11:56:20	,	526286	,	57	,10.515407,1999.9000,-0.21996911,-793.6262,594860.7500,38.335,605058.0000,1999.9000,
	2026/04/30 11:56:20	,	527286	,	58	,10.515410,1999.9000,-0.21996911,-793.8372,594860.7500,38.336,605058.0000,1999.9000,
	2026/04/30 11:56:20	,	528286	,	59	,10.515409,1999.9000,-0.21996911,-794.0130,594860.7500,38.339,605055.0000,1999.9000,
	2026/04/30 11:56:20	,	529286	,	60	,10.515403,1999.9000,-0.21996911,-794.1595,594871.9375,38.339,604958.9375,1999.9000,
	2026/04/30 11:56:20	,	530286	,	61	,10.515398,1999.9000,-0.21612467,-794.2817,594988.2500,38.339,604925.4375,1999.9000,
	2026/04/30 11:56:20	,	531286	,	62	,10.515403,1999.9000,-0.21299239,-794.3835,594998.0625,38.339,604830.3125,1999.9000,
	2026/04/30 11:56:20	,	532286	,	63	,10.515407,1999.9000,-0.21053445,-794.4682,595007.6875,38.340,604795.8750,1999.9000,
	2026/04/30 11:56:20	,	533286	,	64	,10.515402,1999.9000,-0.20800722,-794.5389,595212.8125,38.340,604698.6250,1999.9000,
	2026/04/30 11:56:20	,	534286	,	65	,10.515396,1999.9000,-0.20191281,-794.8962,595516.1250,38.340,604698.6250,1999.9000,
	2026/04/30 11:56:20	,	535286	,	66	,10.515392,1999.9000,-0.19570497,-795.1940,595516.1250,38.340,604698.6250,1999.9000,
	2026/04/30 11:56:20	,	536286	,	67	,10.515384,1999.9000,-0.19570497,-795.0443,595516.1250,38.340,604698.6250,1999.9000,
	2026/04/30 11:56:20	,	537286	,	68	,10.515377,1999.9000,-0.19570497,-794.9194,595516.1250,38.340,604698.6250,1999.9000,
	2026/04/30 11:56:20	,	538286	,	69	,10.515376,1999.9000,-0.19570497,-794.8154,595516.1250,38.342,604700.1250,1999.9000,
	2026/04/30 11:56:20	,	539286	,	70	,10.515376,1999.9000,-0.19570497,-794.7288,595509.3750,38.345,604713.0625,1999.9000,
	2026/04/30 11:56:20	,	540286	,	71	,10.515376,1999.9000,-0.19600432,-794.6565,595396.3750,38.350,604839.3125,1999.9000,
	2026/04/30 11:56:20	,	541286	,	72	,10.515380,1999.9000,-0.20054519,-794.5964,595381.1875,38.359,604870.1250,1999.9000,
	2026/04/30 11:56:20	,	542286	,	73	,10.515384,1999.9000,-0.20292747,-794.3472,595370.3750,38.368,604969.2500,1999.9000,
	2026/04/30 11:56:20	,	543286	,	74	,10.515387,1999.9000,-0.20530979,-794.1396,595227.1875,38.376,605005.4375,1999.9000,
	2026/04/30 11:56:20	,	544286	,	75	,10.515388,1999.9000,-0.21112056,-793.9667,594962.6250,38.382,605022.6250,1999.9000,
	2026/04/30 11:56:20	,	545286	,	76	,10.515390,1999.9000,-0.21822965,-793.8225,594924.5000,38.388,605031.1250,1999.9000,
	2026/04/30 11:56:20	,	546286	,	77	,10.515392,1999.9000,-0.22303209,-793.8018,594911.8125,38.386,605036.2500,1999.9000,
	2026/04/30 11:56:20	,	547286	,	78	,10.515380,1999.9000,-0.22303209,-793.7847,594905.4375,38.385,605039.6875,1999.9000,
	2026/04/30 11:56:20	,	548286	,	79	,10.515368,1999.9000,-0.22303209,-793.7703,594901.6875,38.383,605042.5000,1999.9000,
	2026/04/30 11:56:20	,	549286	,	80	,10.515359,1999.9000,-0.22303209,-794.1563,594899.1875,38.379,605032.7500,1999.9000,
	2026/04/30 11:56:20	,	550286	,	81	,10.515352,1999.9000,-0.22303209,-794.4778,594910.8750,38.376,604910.0000,1999.9000,
	2026/04/30 11:56:20	,	551286	,	82	,10.515346,1999.9000,-0.22071281,-794.8452,595004.9375,38.373,604873.5000,1999.9000,
	2026/04/30 11:56:20	,	552286	,	83	,10.515341,1999.9000,-0.21965715,-795.1515,595012.6875,38.371,604766.2500,1999.9000,
	2026/04/30 11:56:20	,	553286	,	84	,10.515335,1999.9000,-0.21646498,-795.5062,595143.1875,38.367,604740.2500,1999.9000,
	2026/04/30 11:56:20	,	554286	,	85	,10.515342,1999.9000,-0.21132855,-795.8018,595436.8750,38.360,604725.6250,1999.9000,
	2026/04/30 11:56:20	,	555286	,	86	,10.515347,1999.9000,-0.20450309,-795.9486,595476.1875,38.354,604718.2500,1999.9000,
	2026/04/30 11:56:20	,	556286	,	87	,10.515352,1999.9000,-0.20007880,-796.0709,595489.2500,38.348,604713.8750,1999.9000,
	2026/04/30 11:56:20	,	557286	,	88	,10.515356,1999.9000,-0.20007880,-795.9739,595495.8750,38.344,604710.9375,1999.9000,
	2026/04/30 11:56:20	,	558286	,	89	,10.515349,1999.9000,-0.20007880,-795.7937,595499.8125,38.340,604708.4375,1999.9000,
	2026/04/30 11:56:20	,	559286	,	90	,10.515353,1999.9000,-0.20007880,-795.7429,595502.4375,38.337,604717.1875,1999.9000,
	2026/04/30 11:56:20	,	560286	,	91	,10.515356,1999.9000,-0.20007880,-795.7006,595421.3750,38.335,604824.2500,1999.9000,
	2026/04/30 11:56:20	,	561286	,	92	,10.515359,1999.9000,-0.20249261,-795.5659,595398.1875,38.333,604850.5000,1999.9000,
	2026/04/30 11:56:20	,	562286	,	93	,10.515372,1999.9000,-0.20475519,-795.1552,595384.4375,38.331,604939.0000,1999.9000,
	2026/04/30 11:56:20	,	563286	,	94	,10.515391,1999.9000,-0.20566902,-794.8129,595290.9375,38.330,604971.5625,1999.9000,
	2026/04/30 11:56:20	,	564286	,	95	,10.515408,1999.9000,-0.21061638,-794.5277,595055.0000,38.331,605061.6250,1999.9000,
	2026/04/30 11:56:20	,	565286	,	96	,10.515422,1999.9000,-0.21670449,-794.2900,594854.7500,38.333,605061.6250,1999.9000,
	2026/04/30 11:56:20	,	566286	,	97	,10.515438,1999.9000,-0.21969180,-794.0920,594854.7500,38.333,605061.6250,1999.9000,
	2026/04/30 11:56:20	,	567286	,	98	,10.515451,1999.9000,-0.21969180,-794.0264,594854.7500,38.328,605061.6250,1999.9000,
	2026/04/30 11:56:20	,	568286	,	99	,10.515457,1999.9000,-0.21969180,-793.9717,594854.7500,38.324,605061.6250,1999.9000,
	2026/04/30 11:56:20	,	569286	,	100	,10.515457,1999.9000,-0.21969180,-793.8267,594854.7500,38.325,605050.0625,1999.9000,
	2026/04/30 11:56:20	,	570286	,	101	,10.515448,1999.9000,-0.21969180,-793.7059,594946.5000,38.328,604924.5000,1999.9000,
	2026/04/30 11:56:20	,	571286	,	102	,10.515435,1999.9000,-0.21672970,-793.6052,594962.6250,38.330,604890.6875,1999.9000,
	2026/04/30 11:56:20	,	572286	,	103	,10.515426,1999.9000,-0.21403228,-793.6207,594970.3750,38.332,604792.1875,1999.9000,
	2026/04/30 11:56:20	,	573286	,	104	,10.515417,1999.9000,-0.21176971,-793.5342,595052.6250,38.333,604767.1875,1999.9000,
	2026/04/30 11:56:20	,	574286	,	105	,10.515410,1999.9000,-0.20755973,-793.4622,595302.1875,38.334,604678.6250,1999.9000,
	2026/04/30 11:56:20	,	575286	,	106	,10.515404,1999.9000,-0.20058298,-793.4021,595578.1250,38.335,604678.6250,1999.9000,
	2026/04/30 11:56:20	,	576286	,	107	,10.515399,1999.9000,-0.19587512,-793.3521,595578.1250,38.336,604678.6250,1999.9000,
	2026/04/30 11:56:20	,	577286	,	108	,10.515395,1999.9000,-0.19587512,-793.3104,595578.1250,38.342,604678.6250,1999.9000,
	2026/04/30 11:56:20	,	578286	,	109	,10.515406,1999.9000,-0.19587512,-793.3751,595578.1250,38.346,604678.6250,1999.9000,
	2026/04/30 11:56:20	,	579286	,	110	,10.515414,1999.9000,-0.19587512,-793.4290,595578.1250,38.351,604688.3125,1999.9000,
	2026/04/30 11:56:20	,	580286	,	111	,10.515427,1999.9000,-0.19587512,-793.4739,595454.1875,38.360,604809.1250,1999.9000,
	2026/04/30 11:56:20	,	581286	,	112	,10.515437,1999.9000,-0.19910194,-793.8098,595423.1875,38.368,604829.0625,1999.9000,
	2026/04/30 11:56:20	,	582286	,	113	,10.515447,1999.9000,-0.20181195,-794.0897,595404.1250,38.372,604911.8125,1999.9000,
	2026/04/30 11:56:20	,	583286	,	114	,10.515453,1999.9000,-0.20285501,-794.5219,595384.8750,38.373,604946.5625,1999.9000,
	2026/04/30 11:56:20	,	584286	,	115	,10.515454,1999.9000,-0.20721309,-794.8820,595143.7500,38.374,605063.4375,1999.9000,
	2026/04/30 11:56:20	,	585286	,	116	,10.515456,1999.9000,-0.21406379,-795.1821,594863.1250,38.374,605063.4375,1999.9000,
	2026/04/30 11:56:20	,	586286	,	117	,10.515448,1999.9000,-0.22013928,-795.4323,594863.1250,38.378,605063.4375,1999.9000,
	2026/04/30 11:56:20	,	587286	,	118	,10.515439,1999.9000,-0.22013928,-795.6407,594863.1250,38.381,605063.4375,1999.9000,
	2026/04/30 11:56:20	,	588286	,	119	,10.515433,1999.9000,-0.22013928,-795.8144,594863.1250,38.385,605063.4375,1999.9000,
	2026/04/30 11:56:20	,	589286	,	120	,10.515427,1999.9000,-0.22013928,-795.9591,594863.1250,38.388,605056.0625,1999.9000,
	2026/04/30 11:56:20	,	590286	,	121	,10.515423,1999.9000,-0.22013928,-796.0797,594873.0625,38.389,604947.4375,1999.9000,
	2026/04/30 11:56:20	,	591286	,	122	,10.515414,1999.9000,-0.21993446,-796.1802,594987.0625,38.390,604911.1875,1999.9000,
	2026/04/30 11:56:20	,	592286	,	123	,10.515413,1999.9000,-0.21632636,-796.1645,594996.0000,38.388,604801.9375,1999.9000,
	2026/04/30 11:56:20	,	593286	,	124	,10.515410,1999.9000,-0.21539360,-796.1514,595005.6875,38.386,604769.5625,1999.9000,
	2026/04/30 11:56:20	,	594286	,	125	,10.515409,1999.9000,-0.21180753,-796.1405,595210.4375,38.385,604674.4375,1999.9000,
	2026/04/30 11:56:20	,	595286	,	126	,10.515427,1999.9000,-0.20578878,-796.3304,595509.0000,38.382,604674.4375,1999.9000,
	2026/04/30 11:56:20	,	596286	,	127	,10.515442,1999.9000,-0.20111239,-796.4886,595509.0000,38.380,604674.4375,1999.9000,
	2026/04/30 11:56:20	,	597286	,	128	,10.515435,1999.9000,-0.20111239,-796.6204,595509.0000,38.373,604674.4375,1999.9000,
	2026/04/30 11:56:20	,	598286	,	129	,10.515426,1999.9000,-0.20111239,-796.5314,595509.0000,38.368,604674.4375,1999.9000,
	2026/04/30 11:56:20	,	599286	,	130	,10.515411,1999.9000,-0.20111239,-796.4572,595509.0000,38.363,604680.8125,1999.9000,
	2026/04/30 11:56:20	,	600286	,	131	,10.515401,1999.9000,-0.20111239,-796.5942,595505.1875,38.358,604785.5625,1999.9000,
	2026/04/30 11:56:20	,	601286	,	132	,10.515391,1999.9000,-0.20462914,-796.7085,595409.5000,38.355,604812.5000,1999.9000,
	2026/04/30 11:56:20	,	602286	,	133	,10.515384,1999.9000,-0.20758493,-796.8037,595393.0625,38.359,604897.3750,1999.9000,
	2026/04/30 11:56:20	,	603286	,	134	,10.515377,1999.9000,-0.21002397,-796.1867,595393.0625,38.363,604931.1250,1999.9000,
	2026/04/30 11:56:20	,	604286	,	135	,10.515371,1999.9000,-0.21280961,-795.3741,595232.5625,38.369,605035.0000,1999.9000,
	2026/04/30 11:56:20	,	605286	,	136	,10.515368,1999.9000,-0.21892293,-794.5975,595232.5625,38.373,605035.0000,1999.9000,
	2026/04/30 11:56:20	,	606286	,	137	,10.515363,1999.9000,-0.22505514,-793.9503,594971.5625,38.379,605035.0000,1999.9000,
	2026/04/30 11:56:20	,	607286	,	138	,10.515360,1999.9000,-0.22505514,-793.4110,594934.0000,38.382,605035.0000,1999.9000,
	2026/04/30 11:56:20	,	608286	,	139	,10.515366,1999.9000,-0.22505514,-792.7627,594921.5000,38.384,605035.0000,1999.9000,
	2026/04/30 11:56:20	,	609286	,	140	,10.515372,1999.9000,-0.22505514,-792.2224,594915.2500,38.387,605035.0000,1999.9000,
	2026/04/30 11:56:20	,	610286	,	141	,10.515376,1999.9000,-0.22505514,-791.7721,594911.4375,38.390,605033.2500,1999.9000,
	2026/04/30 11:56:20	,	611286	,	142	,10.515387,1999.9000,-0.22135563,-791.3969,594908.9375,38.394,604943.8125,1999.9000,
	2026/04/30 11:56:20	,	612286	,	143	,10.515395,1999.9000,-0.21773177,-791.2831,594920.7500,38.396,604915.4375,1999.9000,
	2026/04/30 11:56:20	,	613286	,	144	,10.515401,1999.9000,-0.21464361,-791.5862,595006.1250,38.396,604889.0625,1999.9000,
	2026/04/30 11:56:20	,	614286	,	145	,10.515410,1999.9000,-0.21170038,-792.2367,595010.8750,38.398,604769.2500,1999.9000,
	2026/04/30 11:56:20	,	615286	,	146	,10.515419,1999.9000,-0.20559339,-792.8782,595125.3125,38.397,604741.8125,1999.9000,
	2026/04/30 11:56:20	,	616286	,	147	,10.515426,1999.9000,-0.19866078,-793.4128,595414.2500,38.397,604732.6250,1999.9000,
	2026/04/30 11:56:20	,	617286	,	148	,10.515431,1999.9000,-0.19467767,-793.8583,595517.8750,38.394,604728.0625,1999.9000,
	2026/04/30 11:56:20	,	618286	,	149	,10.515436,1999.9000,-0.19467767,-794.1301,595517.8750,38.391,604725.3750,1999.9000,
	2026/04/30 11:56:20	,	619286	,	150	,10.515435,1999.9000,-0.19467767,-794.3567,595517.8750,38.387,604723.5000,1999.9000,
	2026/04/30 11:56:20	,	620286	,	151	,10.515435,1999.9000,-0.19467767,-794.5454,595517.8750,38.379,604723.8750,1999.9000,
	2026/04/30 11:56:20	,	621286	,	152	,10.515429,1999.9000,-0.19467767,-794.5037,595517.8750,38.373,604735.2500,1999.9000,
	2026/04/30 11:56:20	,	622286	,	153	,10.515420,1999.9000,-0.19707887,-794.4690,595420.8125,38.366,604826.0625,1999.9000,
	2026/04/30 11:56:20	,	623286	,	154	,10.515413,1999.9000,-0.19951160,-794.4401,595401.1250,38.360,604854.4375,1999.9000,
	2026/04/30 11:56:20	,	624286	,	155	,10.515402,1999.9000,-0.20193172,-794.3165,595390.8125,38.357,604952.2500,1999.9000,
	2026/04/30 11:56:20	,	625286	,	156	,10.515391,1999.9000,-0.20718159,-794.2134,595293.3125,38.357,604992.1250,1999.9000,
	2026/04/30 11:56:20	,	626286	,	157	,10.515384,1999.9000,-0.21431588,-794.2271,595053.7500,38.358,605006.8125,1999.9000,
	2026/04/30 11:56:20	,	627286	,	158	,10.515377,1999.9000,-0.21964769,-794.2385,594869.6875,38.355,605014.1875,1999.9000,
	2026/04/30 11:56:20	,	628286	,	159	,10.515376,1999.9000,-0.21964769,-794.1485,594869.6875,38.352,605018.5625,1999.9000,
	2026/04/30 11:56:20	,	629286	,	160	,10.515376,1999.9000,-0.21964769,-794.0735,594869.6875,38.350,605021.5000,1999.9000,
	2026/04/30 11:56:20	,	630286	,	161	,10.515376,1999.9000,-0.21964769,-794.0110,594869.6875,38.347,605023.9375,1999.9000,
	2026/04/30 11:56:20	,	631286	,	162	,10.515376,1999.9000,-0.21964769,-793.9589,594869.6875,38.345,605015.5625,1999.9000,
	2026/04/30 11:56:20	,	632286	,	163	,10.515387,1999.9000,-0.21936934,-793.9155,594965.0000,38.342,604909.4375,1999.9000,
	2026/04/30 11:56:20	,	633286	,	164	,10.515395,1999.9000,-0.21579064,-793.8793,594983.1875,38.341,604878.9375,1999.9000,
	2026/04/30 11:56:20	,	634286	,	165	,10.515401,1999.9000,-0.21481693,-793.8492,594990.4375,38.336,604783.1875,1999.9000,
	2026/04/30 11:56:20	,	635286	,	166	,10.515410,1999.9000,-0.20965213,-793.8241,595008.0625,38.329,604756.8750,1999.9000,
	2026/04/30 11:56:20	,	636286	,	167	,10.515410,1999.9000,-0.20333083,-793.9026,595298.6875,38.326,604737.5000,1999.9000,
	2026/04/30 11:56:20	,	637286	,	168	,10.515429,1999.9000,-0.19902630,-794.0676,595565.0000,38.324,604727.7500,1999.9000,
	2026/04/30 11:56:20	,	638286	,	169	,10.515435,1999.9000,-0.19902630,-794.4040,595565.0000,38.322,604718.0625,1999.9000,
	2026/04/30 11:56:20	,	639286	,	170	,10.515445,1999.9000,-0.19902630,-794.6843,595565.0000,38.322,604718.0625,1999.9000,
	2026/04/30 11:56:20	,	640286	,	171	,10.515452,1999.9000,-0.19902630,-794.9179,595565.0000,38.322,604714.8125,1999.9000,
	2026/04/30 11:56:20	,	641286	,	172	,10.515452,1999.9000,-0.19902630,-795.1126,595565.0000,38.322,604723.2500,1999.9000,
	2026/04/30 11:56:20	,	642286	,	173	,10.515459,1999.9000,-0.20149052,-795.2748,595451.1875,38.322,604824.2500,1999.9000,
	2026/04/30 11:56:20	,	643286	,	174	,10.515464,1999.9000,-0.20403668,-795.2111,595414.8125,38.322,604849.9375,1999.9000,
	2026/04/30 11:56:20	,	644286	,	175	,10.515468,1999.9000,-0.20653875,-794.6606,595396.4375,38.322,604935.3750,1999.9000,
	2026/04/30 11:56:20	,	645286	,	176	,10.515467,1999.9000,-0.21091889,-794.2018,595377.6250,38.322,604969.4375,1999.9000,
	2026/04/30 11:56:20	,	646286	,	177	,10.515447,1999.9000,-0.21823595,-793.8195,595145.5625,38.325,605080.3125,1999.9000,
	2026/04/30 11:56:20	,	647286	,	178	,10.515429,1999.9000,-0.22330308,-793.5009,594866.1250,38.336,605080.3125,1999.9000,
	2026/04/30 11:56:20	,	648286	,	179	,10.515429,1999.9000,-0.22330308,-793.1359,594866.1250,38.346,605080.3125,1999.9000,
	2026/04/30 11:56:20	,	649286	,	180	,10.515410,1999.9000,-0.22330308,-792.8317,594866.1250,38.354,605080.3125,1999.9000,
	2026/04/30 11:56:20	,	650286	,	181	,10.515393,1999.9000,-0.22330308,-792.5783,594866.1250,38.359,605080.3125,1999.9000,
	2026/04/30 11:56:20	,	651286	,	182	,10.515386,1999.9000,-0.22330308,-792.3671,594866.1250,38.361,605067.1250,1999.9000,
	2026/04/30 11:56:20	,	652286	,	183	,10.515384,1999.9000,-0.21997541,-792.4896,594874.3750,38.362,604917.2500,1999.9000,
	2026/04/30 11:56:20	,	653286	,	184	,10.515377,1999.9000,-0.21684313,-792.7905,594976.3750,38.366,604887.3125,1999.9000,
	2026/04/30 11:56:20	,	654286	,	185	,10.515366,1999.9000,-0.21416463,-793.2404,594984.4375,38.370,604789.1875,1999.9000,
	2026/04/30 11:56:20	,	655286	,	186	,10.515362,1999.9000,-0.21018781,-793.6152,594997.0625,38.372,604760.8125,1999.9000,
	2026/04/30 11:56:20	,	656286	,	187	,10.515365,1999.9000,-0.20285185,-793.9275,595208.0625,38.372,604733.8125,1999.9000,
	2026/04/30 11:56:20	,	657286	,	188	,10.515366,1999.9000,-0.19670703,-794.1877,595514.3750,38.371,604720.3125,1999.9000,
	2026/04/30 11:56:20	,	658286	,	189	,10.515372,1999.9000,-0.19670703,-793.7083,595514.3750,38.371,604712.3125,1999.9000,
	2026/04/30 11:56:20	,	659286	,	190	,10.515376,1999.9000,-0.19670703,-793.3087,595514.3750,38.366,604706.9375,1999.9000,
	2026/04/30 11:56:20	,	660286	,	191	,10.515376,1999.9000,-0.19670703,-793.4731,595514.3750,38.362,604702.4375,1999.9000,
	2026/04/30 11:56:20	,	661286	,	192	,10.515380,1999.9000,-0.19670703,-793.5107,595514.3750,38.358,604709.1875,1999.9000,
	2026/04/30 11:56:20	,	662286	,	193	,10.515399,1999.9000,-0.19684464,-793.5420,595510.0625,38.354,604804.8750,1999.9000,
	2026/04/30 11:56:20	,	663286	,	194	,10.515414,1999.9000,-0.20008510,-793.3691,595407.0625,38.350,604832.4375,1999.9000,
	2026/04/30 11:56:20	,	664286	,	195	,10.515426,1999.9000,-0.20225313,-793.2250,595396.9375,38.348,604921.5000,1999.9000,
	2026/04/30 11:56:20	,	665286	,	196	,10.515411,1999.9000,-0.20534129,-793.3040,595388.4375,38.349,604955.0000,1999.9000,
	2026/04/30 11:56:20	,	666286	,	197	,10.515390,1999.9000,-0.21198399,-793.3698,595261.6875,38.349,605069.5000,1999.9000,
	2026/04/30 11:56:20	,	667286	,	198	,10.515372,1999.9000,-0.21863931,-793.4245,594990.6250,38.349,605069.5000,1999.9000,
	2026/04/30 11:56:20	,	668286	,	199	,10.515362,1999.9000,-0.21863931,-793.4701,594885.1250,38.351,605069.5000,1999.9000,
	2026/04/30 11:56:20	,	669286	,	200	,10.515353,1999.9000,-0.21863931,-793.5082,594885.1250,38.355,605069.5000,1999.9000,
	2026/04/30 11:56:20	,	670286	,	201	,10.515347,1999.9000,-0.21863931,-793.6394,594885.1250,38.359,605069.5000,1999.9000,
	2026/04/30 11:56:20	,	671286	,	202	,10.515342,1999.9000,-0.21863931,-793.7487,594885.1250,38.367,605062.2500,1999.9000,
	2026/04/30 11:56:20	,	672286	,	203	,10.515337,1999.9000,-0.21859206,-793.9392,594885.1250,38.373,604951.1250,1999.9000,
	2026/04/30 11:56:20	,	673286	,	204	,10.515332,1999.9000,-0.21531166,-794.0980,594898.0625,38.378,604919.3750,1999.9000,
	2026/04/30 11:56:20	,	674286	,	205	,10.515329,1999.9000,-0.21426547,-794.1309,594990.0000,38.381,604811.5625,1999.9000,
	2026/04/30 11:56:20	,	675286	,	206	,10.515326,1999.9000,-0.21113949,-794.1583,594994.7500,38.384,604776.8750,1999.9000,
	2026/04/30 11:56:20	,	676286	,	207	,10.515325,1999.9000,-0.20566273,-794.1812,595119.3125,38.386,604681.0625,1999.9000,
	2026/04/30 11:56:20	,	677286	,	208	,10.515323,1999.9000,-0.19995275,-794.2002,595408.8750,38.387,604681.0625,1999.9000,
	2026/04/30 11:56:20	,	678286	,	209	,10.515335,1999.9000,-0.19995275,-794.1166,595511.3750,38.387,604681.0625,1999.9000,
	2026/04/30 11:56:20	,	679286	,	210	,10.515352,1999.9000,-0.19995275,-794.0469,595511.3750,38.376,604681.0625,1999.9000,
	2026/04/30 11:56:20	,	680286	,	211	,10.515366,1999.9000,-0.19995275,-793.9888,595511.3750,38.363,604681.0625,1999.9000,
	2026/04/30 11:56:20	,	681286	,	212	,10.515376,1999.9000,-0.19995275,-793.9888,595511.3750,38.363,604685.1875,1999.9000,
	2026/04/30 11:56:20	,	682286	,	213	,10.515387,1999.9000,-0.20007986,-793.8007,595511.3750,38.342,604698.7500,1999.9000,
	2026/04/30 11:56:20	,	683286	,	214	,10.515404,1999.9000,-0.20333713,-793.5847,595423.8125,38.334,604823.0000,1999.9000,
	2026/04/30 11:56:20	,	684286	,	215	,10.515418,1999.9000,-0.20438962,-793.4047,595410.3750,38.324,604852.9375,1999.9000,
	2026/04/30 11:56:20	,	685286	,	216	,10.515429,1999.9000,-0.20753452,-793.2547,595400.3750,38.316,604945.6250,1999.9000,
	2026/04/30 11:56:20	,	686286	,	217	,10.515431,1999.9000,-0.21294196,-793.1297,595305.8125,38.310,604984.0000,1999.9000,
	2026/04/30 11:56:20	,	687286	,	218	,10.515431,1999.9000,-0.21952164,-793.1250,595072.2500,38.304,604998.8750,1999.9000,
	2026/04/30 11:56:20	,	688286	,	219	,10.515436,1999.9000,-0.21959414,-793.1250,594851.2500,38.301,605006.1875,1999.9000,
	2026/04/30 11:56:20	,	689286	,	220	,10.515441,1999.9000,-0.21961829,-793.1211,594851.2500,38.300,605010.6875,1999.9000,
	2026/04/30 11:56:20	,	690286	,	221	,10.515444,1999.9000,-0.21963038,-793.1179,594851.2500,38.299,605013.5625,1999.9000,
	2026/04/30 11:56:20	,	691286	,	222	,10.515447,1999.9000,-0.21963763,-793.1152,594851.2500,38.298,605016.0625,1999.9000,
	2026/04/30 11:56:20	,	692286	,	223	,10.515424,1999.9000,-0.21964245,-793.1130,594851.2500,38.298,605006.0000,1999.9000,
	2026/04/30 11:56:20	,	693286	,	224	,10.515406,1999.9000,-0.21651541,-793.1110,594951.8750,38.299,604897.3750,1999.9000,
	2026/04/30 11:56:20	,	694286	,	225	,10.515390,1999.9000,-0.21395665,-793.2089,594971.2500,38.303,604861.3750,1999.9000,
	2026/04/30 11:56:20	,	695286	,	226	,10.515396,1999.9000,-0.21183275,-793.2905,594979.3125,38.309,604751.7500,1999.9000,
	2026/04/30 11:56:20	,	696286	,	227	,10.515403,1999.9000,-0.20687278,-793.2591,594998.6875,38.316,604724.0000,1999.9000,
	2026/04/30 11:56:20	,	697286	,	228	,10.515383,1999.9000,-0.20023005,-793.2328,595300.4375,38.322,604714.6875,1999.9000,
	2026/04/30 11:56:20	,	698286	,	229	,10.515366,1999.9000,-0.19625957,-793.3104,595559.6250,38.325,604710.0625,1999.9000,
	2026/04/30 11:56:20	,	699286	,	230	,10.515342,1999.9000,-0.19625957,-793.3751,595559.6250,38.327,604707.3750,1999.9000,
	2026/04/30 11:56:20	,	700286	,	231	,10.515322,1999.9000,-0.19625957,-793.4290,595559.6250,38.330,604705.5000,1999.9000,
	2026/04/30 11:56:20	,	701286	,	232	,10.515305,1999.9000,-0.19625957,-793.8718,595559.6250,38.331,604705.6875,1999.9000,
	2026/04/30 11:56:20	,	702286	,	233	,10.515301,1999.9000,-0.19625957,-794.2409,595559.6250,38.333,604716.6875,1999.9000,
	2026/04/30 11:56:20	,	703286	,	234	,10.515288,1999.9000,-0.19903891,-794.5485,595433.3125,38.334,604826.6875,1999.9000,
	2026/04/30 11:56:20	,	704286	,	235	,10.515277,1999.9000,-0.20154727,-794.8047,595408.3125,38.335,604855.9375,1999.9000,
	2026/04/30 11:56:20	,	705286	,	236	,10.515267,1999.9000,-0.20377201,-795.0182,595397.1875,38.336,604954.0625,1999.9000,
	2026/04/30 11:56:20	,	706286	,	237	,10.515269,1999.9000,-0.20377201,-794.4004,595380.0000,38.342,604989.3750,1999.9000,
	2026/04/30 11:56:20	,	707286	,	238	,10.515277,1999.9000,-0.20838535,-793.7861,595143.1875,38.348,605013.4375,1999.9000,
	2026/04/30 11:56:20	,	708286	,	239	,10.515292,1999.9000,-0.21545032,-793.2741,594862.5000,38.354,605025.5000,1999.9000,
	2026/04/30 11:56:20	,	709286	,	240	,10.515306,1999.9000,-0.21971072,-792.8475,594862.5000,38.359,605032.6875,1999.9000,
	2026/04/30 11:56:20	,	710286	,	241	,10.515317,1999.9000,-0.21971072,-792.4919,594862.5000,38.364,605037.5000,1999.9000,
	2026/04/30 11:56:20	,	711286	,	242	,10.515301,1999.9000,-0.21971072,-792.1957,594862.5000,38.366,605041.5000,1999.9000,
	2026/04/30 11:56:20	,	712286	,	243	,10.515288,1999.9000,-0.21971072,-792.0482,594862.5000,38.368,605034.1250,1999.9000,
	2026/04/30 11:56:20	,	713286	,	244	,10.515277,1999.9000,-0.21971072,-792.1243,594873.2500,38.368,604930.5625,1999.9000,
	2026/04/30 11:56:20	,	714286	,	245	,10.515288,1999.9000,-0.21651541,-792.1877,594990.6250,38.368,604899.7500,1999.9000,
	2026/04/30 11:56:20	,	715286	,	246	,10.515266,1999.9000,-0.21380539,-792.2406,594995.6875,38.367,604797.0625,1999.9000,
	2026/04/30 11:56:20	,	716286	,	247	,10.515250,1999.9000,-0.21278439,-792.3841,595006.3125,38.365,604760.1875,1999.9000,
	2026/04/30 11:56:20	,	717286	,	248	,10.515236,1999.9000,-0.20819627,-792.6032,595214.0625,38.363,604735.8750,1999.9000,
	2026/04/30 11:56:20	,	718286	,	249	,10.515224,1999.9000,-0.20194431,-792.6863,595512.5625,38.361,604723.6875,1999.9000,
	2026/04/30 11:56:20	,	719286	,	250	,10.515244,1999.9000,-0.19838347,-792.6560,595512.5625,38.359,604716.3750,1999.9000,
	2026/04/30 11:56:20	,	720286	,	251	,10.515261,1999.9000,-0.19838347,-792.4318,595512.5625,38.357,604711.5000,1999.9000,
	2026/04/30 11:56:20	,	721286	,	252	,10.515274,1999.9000,-0.19838347,-792.2451,595512.5625,38.358,604707.4375,1999.9000,
	2026/04/30 11:56:20	,	722286	,	253	,10.515285,1999.9000,-0.19838347,-792.0894,595512.5625,38.358,604715.0000,1999.9000,
	2026/04/30 11:56:20	,	723286	,	254	,10.515305,1999.9000,-0.19838347,-792.3576,595506.8750,38.358,604812.7500,1999.9000,
	2026/04/30 11:56:20	,	724286	,	255	,10.515322,1999.9000,-0.20169851,-792.5811,595410.6875,38.361,604839.5625,1999.9000,
	2026/04/30 11:56:20	,	725286	,	256	,10.515349,1999.9000,-0.20455350,-792.3694,595389.2500,38.364,604939.0000,1999.9000,
	2026/04/30 11:56:20	,	726286	,	257	,10.515373,1999.9000,-0.20690428,-792.0936,595375.7500,38.366,604972.5000,1999.9000,
	2026/04/30 11:56:20	,	727286	,	258	,10.515392,1999.9000,-0.21042101,-791.5652,595227.1875,38.368,605076.1250,1999.9000,
	2026/04/30 11:56:20	,	728286	,	259	,10.515414,1999.9000,-0.21730322,-791.1249,594956.6250,38.370,605076.1250,1999.9000,
	2026/04/30 11:56:20	,	729286	,	260	,10.515431,1999.9000,-0.22336610,-791.2555,594921.1875,38.371,605076.1250,1999.9000,
	2026/04/30 11:56:20	,	730286	,	261	,10.515441,1999.9000,-0.22336610,-790.8669,594909.3750,38.372,605076.1250,1999.9000,
	2026/04/30 11:56:20	,	731286	,	262	,10.515450,1999.9000,-0.22336610,-790.5431,594903.4375,38.371,605076.1250,1999.9000,
	2026/04/30 11:56:20	,	732286	,	263	,10.515456,1999.9000,-0.22336610,-790.2732,594899.9375,38.371,605065.9375,1999.9000,
	2026/04/30 11:56:20	,	733286	,	264	,10.515453,1999.9000,-0.22336610,-790.0482,594897.5000,38.367,604933.0000,1999.9000,
	2026/04/30 11:56:20	,	734286	,	265	,10.515441,1999.9000,-0.22315918,-790.0598,594908.8750,38.364,604896.4375,1999.9000,
	2026/04/30 11:56:20	,	735286	,	266	,10.515439,1999.9000,-0.21974222,-790.0694,594990.0000,38.362,604790.4375,1999.9000,
	2026/04/30 11:56:20	,	736286	,	267	,10.515437,1999.9000,-0.21880633,-790.3759,594999.3125,38.358,604759.3125,1999.9000,
	2026/04/30 11:56:20	,	737286	,	268	,10.515427,1999.9000,-0.21512888,-790.6312,595133.0625,38.355,604667.1875,1999.9000,
	2026/04/30 11:56:20	,	738286	,	269	,10.515427,1999.9000,-0.20890212,-790.5456,595410.6875,38.353,604667.1875,1999.9000,
	2026/04/30 11:56:20	,	739286	,	270	,10.515427,1999.9000,-0.20327412,-790.8721,595516.7500,38.352,604667.1875,1999.9000,
	2026/04/30 11:56:20	,	740286	,	271	,10.515423,1999.9000,-0.20327412,-791.3431,595516.7500,38.352,604667.1875,1999.9000,
	2026/04/30 11:56:20	,	741286	,	272	,10.515419,1999.9000,-0.20327412,-791.7357,595516.7500,38.355,604667.1875,1999.9000,
	2026/04/30 11:56:20	,	742286	,	273	,10.515417,1999.9000,-0.20327412,-792.0629,595516.7500,38.357,604676.6875,1999.9000,
	2026/04/30 11:56:20	,	743286	,	274	,10.515414,1999.9000,-0.20327412,-792.3355,595516.7500,38.359,604792.8125,1999.9000,
	2026/04/30 11:56:20	,	744286	,	275	,10.515408,1999.9000,-0.20553036,-792.5627,595426.7500,38.357,604817.9375,1999.9000,
	2026/04/30 11:56:20	,	745286	,	276	,10.515403,1999.9000,-0.20795679,-792.7520,595407.9375,38.356,604913.0000,1999.9000,
	2026/04/30 11:56:20	,	746286	,	277	,10.515398,1999.9000,-0.20868787,-792.9097,595395.7500,38.355,604948.3125,1999.9000,
	2026/04/30 11:56:20	,	747286	,	278	,10.515393,1999.9000,-0.21105126,-793.0412,595282.5625,38.354,605058.0000,1999.9000,
	2026/04/30 11:56:20	,	748286	,	279	,10.515390,1999.9000,-0.21620660,-793.1508,595044.8750,38.353,605058.0000,1999.9000,
	2026/04/30 11:56:20	,	749286	,	280	,10.515377,1999.9000,-0.22192916,-793.2421,594824.3750,38.353,605058.0000,1999.9000,
	2026/04/30 11:56:20	,	750286	,	281	,10.515346,1999.9000,-0.22192916,-793.3182,594824.3750,38.352,605058.0000,1999.9000,
	2026/04/30 11:56:20	,	751286	,	282	,10.515320,1999.9000,-0.22192916,-793.3815,594824.3750,38.352,605058.0000,1999.9000,
	2026/04/30 11:56:20	,	752286	,	283	,10.515319,1999.9000,-0.22192916,-793.4343,594824.3750,38.345,605050.1250,1999.9000,
	2026/04/30 11:56:20	,	753286	,	284	,10.515319,1999.9000,-0.22192916,-793.4783,594824.3750,38.340,604937.8125,1999.9000,
	2026/04/30 11:56:20	,	754286	,	285	,10.515297,1999.9000,-0.22189027,-793.5150,594926.2500,38.342,604907.2500,1999.9000,
	2026/04/30 11:56:20	,	755286	,	286	,10.515280,1999.9000,-0.21932629,-793.4461,594949.8125,38.343,604804.3125,1999.9000,
	2026/04/30 11:56:20	,	756286	,	287	,10.515265,1999.9000,-0.21842504,-793.3887,594963.8125,38.344,604778.0625,1999.9000,
	2026/04/30 11:56:20	,	757286	,	288	,10.515252,1999.9000,-0.21569611,-793.3409,595065.6875,38.345,604751.9375,1999.9000,
	2026/04/30 11:56:20	,	758286	,	289	,10.515243,1999.9000,-0.21051554,-793.1021,595309.9375,38.341,604738.8750,1999.9000,
	2026/04/30 11:56:20	,	759286	,	290	,10.515239,1999.9000,-0.20444636,-792.5051,595554.2500,38.338,604731.1250,1999.9000,
	2026/04/30 11:56:20	,	760286	,	291	,10.515236,1999.9000,-0.20224681,-792.0078,595554.2500,38.339,604725.8125,1999.9000,
	2026/04/30 11:56:20	,	761286	,	292	,10.515234,1999.9000,-0.20224681,-791.4937,595554.2500,38.339,604721.5000,1999.9000,
	2026/04/30 11:56:20	,	762286	,	293	,10.515237,1999.9000,-0.20224681,-791.0654,595554.2500,38.341,604720.0000,1999.9000,
	2026/04/30 11:56:20	,	763286	,	294	,10.515300,1999.9000,-0.20224681,-790.8079,595554.2500,38.344,604720.0000,1999.9000,
	2026/04/30 11:56:20	,	764286	,	295	,10.515352,1999.9000,-0.20224681,-790.8917,595429.1250,38.348,604729.1875,1999.9000,
	2026/04/30 11:56:20	,	765286	,	296	,10.515395,1999.9000,-0.20497575,-790.9616,595401.7500,38.351,604820.6250,1999.9000,
	2026/04/30 11:56:20	,	766286	,	297	,10.515432,1999.9000,-0.20711857,-791.0199,595391.7500,38.357,604851.6875,1999.9000,
	2026/04/30 11:56:20	,	767286	,	298	,10.515463,1999.9000,-0.20795362,-791.0684,595376.2500,38.362,604940.8125,1999.9000,
	2026/04/30 11:56:20	,	768286	,	299	,10.515471,1999.9000,-0.21311212,-791.1089,595147.3125,38.363,604977.3750,1999.9000,
	2026/04/30 11:56:20	,	769286	,	300	,10.515485,1999.9000,-0.21905527,-791.1426,594872.6250,38.370,605001.6250,1999.9000,
	2026/04/30 11:56:20	,	770286	,	301	,10.515496,1999.9000,-0.21905527,-791.1707,594872.6250,38.376,605013.7500,1999.9000,
	2026/04/30 11:56:20	,	771286	,	302	,10.515500,1999.9000,-0.21905527,-791.1942,594872.6250,38.382,605021.0625,1999.9000,
	2026/04/30 11:56:20	,	772286	,	303	,10.515500,1999.9000,-0.21905527,-791.2137,594872.6250,38.391,605025.8750,1999.9000,
	2026/04/30 11:56:20	,	773286	,	304	,10.515506,1999.9000,-0.21905527,-791.3295,594872.6250,38.398,605029.8750,1999.9000,
	2026/04/30 11:56:20	,	774286	,	305	,10.515498,1999.9000,-0.21891977,-791.5253,594882.0625,38.403,605021.6875,1999.9000,
	2026/04/30 11:56:20	,	775286	,	306	,10.515492,1999.9000,-0.21519192,-792.6833,594988.2500,38.408,604914.2500,1999.9000,
	2026/04/30 11:56:20	,	776286	,	307	,10.515487,1999.9000,-0.21272139,-793.6484,594996.0000,38.412,604879.5625,1999.9000,
	2026/04/30 11:56:20	,	777286	,	308	,10.515471,1999.9000,-0.21182014,-794.4525,595007.8750,38.416,604772.9375,1999.9000,
	2026/04/30 11:56:20	,	778286	,	309	,10.515460,1999.9000,-0.20696099,-795.1227,595221.1875,38.417,604742.3750,1999.9000,
	2026/04/30 11:56:20	,	779286	,	310	,10.515450,1999.9000,-0.20074056,-795.6811,595528.0625,38.416,604726.1250,1999.9000,
	2026/04/30 11:56:20	,	780286	,	311	,10.515441,1999.9000,-0.20035610,-795.7485,595528.0625,38.411,604718.0625,1999.9000,
	2026/04/30 11:56:20	,	781286	,	312	,10.515435,1999.9000,-0.20022796,-795.8047,595528.0625,38.404,604713.1875,1999.9000,
	2026/04/30 11:56:20	,	782286	,	313	,10.515429,1999.9000,-0.20016389,-795.8516,595528.0625,38.391,604709.9375,1999.9000,
	2026/04/30 11:56:20	,	783286	,	314	,10.515426,1999.9000,-0.20012544,-795.8907,595528.0625,38.375,604707.2500,1999.9000,
	2026/04/30 11:56:20	,	784286	,	315	,10.515421,1999.9000,-0.20009981,-795.8238,595518.2500,38.361,604715.7500,1999.9000,
	2026/04/30 11:56:20	,	785286	,	316	,10.515423,1999.9000,-0.20319219,-795.7679,595398.1875,38.350,604805.5000,1999.9000,
	2026/04/30 11:56:20	,	786286	,	317	,10.515426,1999.9000,-0.20596524,-795.7214,595383.0000,38.341,604835.3750,1999.9000,
	2026/04/30 11:56:20	,	787286	,	318	,10.515427,1999.9000,-0.20815846,-795.6827,595372.0000,38.333,604942.6250,1999.9000,
	2026/04/30 11:56:20	,	788286	,	319	,10.515427,1999.9000,-0.21192098,-795.5510,595230.6875,38.327,604980.3750,1999.9000,
	2026/04/30 11:56:20	,	789286	,	320	,10.515427,1999.9000,-0.21862671,-794.9438,594966.2500,38.323,605066.4375,1999.9000,
	2026/04/30 11:56:20	,	790286	,	321	,10.515427,1999.9000,-0.22411609,-794.4379,594884.0000,38.321,605066.4375,1999.9000,
	2026/04/30 11:56:20	,	791286	,	322	,10.515427,1999.9000,-0.22411609,-794.0162,594884.0000,38.323,605066.4375,1999.9000,
	2026/04/30 11:56:20	,	792286	,	323	,10.515427,1999.9000,-0.22411609,-793.6649,594884.0000,38.324,605066.4375,1999.9000,
	2026/04/30 11:56:20	,	793286	,	324	,10.515427,1999.9000,-0.22411609,-793.8694,594884.0000,38.326,605066.4375,1999.9000,
	2026/04/30 11:56:20	,	794286	,	325	,10.515427,1999.9000,-0.22411609,-794.1394,594884.0000,38.327,605054.5625,1999.9000,
	2026/04/30 11:56:20	,	795286	,	326	,10.515427,1999.9000,-0.22083254,-794.4639,594896.1250,38.327,604925.1250,1999.9000,
	2026/04/30 11:56:20	,	796286	,	327	,10.515408,1999.9000,-0.21770656,-794.8337,594984.6250,38.330,604892.5000,1999.9000,
	2026/04/30 11:56:20	,	797286	,	328	,10.515388,1999.9000,-0.21521713,-795.1418,594986.7500,38.336,604788.0000,1999.9000,
	2026/04/30 11:56:20	,	798286	,	329	,10.515370,1999.9000,-0.21185796,-795.3986,595108.6250,38.341,604751.4375,1999.9000,
	2026/04/30 11:56:20	,	799286	,	330	,10.515356,1999.9000,-0.20565641,-795.6127,595399.3750,38.346,604657.5625,1999.9000,
	2026/04/30 11:56:20	,	800286	,	331	,10.515344,1999.9000,-0.20132038,-795.7910,595529.8750,38.350,604657.5625,1999.9000,
	2026/04/30 11:56:20	,	801286	,	332	,10.515334,1999.9000,-0.20132038,-795.8402,595529.8750,38.353,604657.5625,1999.9000,
	2026/04/30 11:56:20	,	802286	,	333	,10.515326,1999.9000,-0.20132038,-795.8811,595529.8750,38.354,604657.5625,1999.9000,
	2026/04/30 11:56:20	,	803286	,	334	,10.515319,1999.9000,-0.20132038,-795.6168,595529.8750,38.355,604657.5625,1999.9000,
	2026/04/30 11:56:20	,	804286	,	335	,10.515331,1999.9000,-0.20132038,-795.3966,595529.8750,38.355,604669.1875,1999.9000,
	2026/04/30 11:56:20	,	805286	,	336	,10.515344,1999.9000,-0.20449047,-795.2131,595429.1250,38.356,604794.6250,1999.9000,
	2026/04/30 11:56:20	,	806286	,	337	,10.515353,1999.9000,-0.20715009,-795.0601,595406.5000,38.356,604820.6250,1999.9000,
	2026/04/30 11:56:20	,	807286	,	338	,10.515362,1999.9000,-0.20933069,-795.0321,595391.1875,38.354,604919.0625,1999.9000,
	2026/04/30 11:56:20	,	808286	,	339	,10.515368,1999.9000,-0.21198399,-795.0088,595286.1875,38.352,604953.7500,1999.9000,
	2026/04/30 11:56:20	,	809286	,	340	,10.515374,1999.9000,-0.21802798,-794.9893,595061.5000,38.353,605067.0625,1999.9000,
	2026/04/30 11:56:20	,	810286	,	341	,10.515378,1999.9000,-0.22380096,-794.8737,594860.7500,38.354,605067.0625,1999.9000,
	2026/04/30 11:56:20	,	811286	,	342	,10.515402,1999.9000,-0.22380096,-794.8768,594860.7500,38.355,605067.0625,1999.9000,
	2026/04/30 11:56:20	,	812286	,	343	,10.515421,1999.9000,-0.22380096,-794.8768,594860.7500,38.355,605067.0625,1999.9000,
	2026/04/30 11:56:20	,	813286	,	344	,10.515437,1999.9000,-0.22380096,-794.8815,594860.7500,38.356,605067.0625,1999.9000,
	2026/04/30 11:56:20	,	814286	,	345	,10.515437,1999.9000,-0.22380096,-794.8833,594860.7500,38.360,605058.6875,1999.9000,
	2026/04/30 11:56:20	,	815286	,	346	,10.515437,1999.9000,-0.22162664,-794.8848,594953.6875,38.364,604934.1250,1999.9000,
	2026/04/30 11:56:20	,	816286	,	347	,10.515437,1999.9000,-0.21814772,-794.8860,594976.3750,38.369,604898.5000,1999.9000,
	2026/04/30 11:56:20	,	817286	,	348	,10.515437,1999.9000,-0.21521713,-795.0860,594986.0625,38.378,604786.1875,1999.9000,
	2026/04/30 11:56:20	,	818286	,	349	,10.515437,1999.9000,-0.21212265,-795.3522,595073.4375,38.380,604755.1250,1999.9000,
	2026/04/30 11:56:20	,	819286	,	350	,10.515437,1999.9000,-0.20603456,-795.6734,595314.7500,38.379,604673.1875,1999.9000,
	2026/04/30 11:56:20	,	820286	,	351	,10.515437,1999.9000,-0.20028679,-795.9410,595578.6875,38.379,604673.1875,1999.9000,
	2026/04/30 11:56:20	,	821286	,	352	,10.515437,1999.9000,-0.20028679,-796.1641,595578.6875,38.379,604673.1875,1999.9000,
	2026/04/30 11:56:20	,	822286	,	353	,10.515427,1999.9000,-0.20028679,-796.3501,595578.6875,38.379,604673.1875,1999.9000,
	2026/04/30 11:56:20	,	823286	,	354	,10.515418,1999.9000,-0.20028679,-796.5051,595578.6875,38.383,604673.1875,1999.9000,
	2026/04/30 11:56:20	,	824286	,	355	,10.515421,1999.9000,-0.20028679,-796.0374,595578.6875,38.382,604679.0000,1999.9000,
	2026/04/30 11:56:20	,	825286	,	356	,10.515423,1999.9000,-0.20048951,-795.6476,595461.3125,38.381,604783.1875,1999.9000,
	2026/04/30 11:56:20	,	826286	,	357	,10.515426,1999.9000,-0.20398627,-795.2233,595427.9375,38.376,604811.2500,1999.9000,
	2026/04/30 11:56:20	,	827286	,	358	,10.515421,1999.9000,-0.20502618,-794.8697,595411.6875,38.372,604900.9375,1999.9000,
	2026/04/30 11:56:20	,	828286	,	359	,10.515413,1999.9000,-0.20822147,-794.5750,595394.1875,38.368,604939.6250,1999.9000,
	2026/04/30 11:56:20	,	829286	,	360	,10.515407,1999.9000,-0.21358481,-794.3295,595157.4375,38.368,605059.7500,1999.9000,
	2026/04/30 11:56:20	,	830286	,	361	,10.515407,1999.9000,-0.21993130,-794.1249,594870.2500,38.372,605059.7500,1999.9000,
	2026/04/30 11:56:20	,	831286	,	362	,10.515401,1999.9000,-0.21993130,-794.2527,594870.2500,38.375,605059.7500,1999.9000,
	2026/04/30 11:56:20	,	832286	,	363	,10.515401,1999.9000,-0.21993130,-794.5582,594870.2500,38.375,605059.7500,1999.9000,
	2026/04/30 11:56:20	,	833286	,	364	,10.515396,1999.9000,-0.21993130,-794.8127,594870.2500,38.376,605059.7500,1999.9000,
	2026/04/30 11:56:20	,	834286	,	365	,10.515392,1999.9000,-0.21993130,-795.0250,594870.2500,38.376,605054.5000,1999.9000,
	2026/04/30 11:56:20	,	835286	,	366	,10.515392,1999.9000,-0.21987036,-795.2018,594878.4375,38.376,604955.3125,1999.9000,
	2026/04/30 11:56:20	,	836286	,	367	,10.515387,1999.9000,-0.21629483,-795.3492,594986.5000,38.378,604926.6250,1999.9000,
	2026/04/30 11:56:20	,	837286	,	368	,10.515388,1999.9000,-0.21339573,-795.1735,594994.7500,38.379,604837.5625,1999.9000,
	2026/04/30 11:56:20	,	838286	,	369	,10.515390,1999.9000,-0.21079284,-795.0272,595007.1250,38.379,604801.6250,1999.9000,
	2026/04/30 11:56:20	,	839286	,	370	,10.515402,1999.9000,-0.20553036,-794.9052,595215.2500,38.377,604704.6250,1999.9000,
	2026/04/30 11:56:20	,	840286	,	371	,10.515410,1999.9000,-0.19888136,-794.8036,595511.3750,38.376,604704.6250,1999.9000,
	2026/04/30 11:56:20	,	841286	,	372	,10.515410,1999.9000,-0.19511883,-794.4205,595511.3750,38.376,604704.6250,1999.9000,
	2026/04/30 11:56:20	,	842286	,	373	,10.515419,1999.9000,-0.19511883,-794.1012,595511.3750,38.375,604704.6250,1999.9000,
	2026/04/30 11:56:20	,	843286	,	374	,10.515426,1999.9000,-0.19511883,-793.6362,595511.3750,38.373,604704.6250,1999.9000,
	2026/04/30 11:56:20	,	844286	,	375	,10.515431,1999.9000,-0.19511883,-793.1492,595511.3750,38.373,604705.9375,1999.9000,
	2026/04/30 11:56:20	,	845286	,	376	,10.515431,1999.9000,-0.19511883,-792.6440,595509.0625,38.377,604719.2500,1999.9000,
	2026/04/30 11:56:20	,	846286	,	377	,10.515431,1999.9000,-0.19800532,-792.2229,595419.0000,38.380,604833.2500,1999.9000,
	2026/04/30 11:56:20	,	847286	,	378	,10.515417,1999.9000,-0.20081618,-791.8720,595403.1875,38.378,604858.0000,1999.9000,
	2026/04/30 11:56:20	,	848286	,	379	,10.515399,1999.9000,-0.20350729,-791.5795,595387.3750,38.376,604949.8750,1999.9000,
	2026/04/30 11:56:20	,	849286	,	380	,10.515386,1999.9000,-0.20866895,-791.2364,595227.8125,38.379,604987.8750,1999.9000,
	2026/04/30 11:56:20	,	850286	,	381	,10.515368,1999.9000,-0.21639566,-790.9504,594967.3750,38.382,605004.0625,1999.9000,
	2026/04/30 11:56:20	,	851286	,	382	,10.515353,1999.9000,-0.22249006,-790.6126,594931.0625,38.384,605012.0625,1999.9000,
	2026/04/30 11:56:20	,	852286	,	383	,10.515342,1999.9000,-0.22249006,-790.3311,594918.9375,38.382,605016.8750,1999.9000,
	2026/04/30 11:56:20	,	853286	,	384	,10.515342,1999.9000,-0.22249006,-790.0966,594912.8750,38.380,605020.1250,1999.9000,
	2026/04/30 11:56:20	,	854286	,	385	,10.515331,1999.9000,-0.22249006,-789.9012,594909.2500,38.378,605022.8125,1999.9000,
	2026/04/30 11:56:20	,	855286	,	386	,10.515307,1999.9000,-0.22249006,-789.9012,594906.8125,38.376,605012.5625,1999.9000,
	2026/04/30 11:56:20	,	856286	,	387	,10.515304,1999.9000,-0.22248481,-789.6025,594917.6250,38.375,604905.7500,1999.9000,
	2026/04/30 11:56:20	,	857286	,	388	,10.515310,1999.9000,-0.22016449,-789.4894,595004.3750,38.374,604874.6250,1999.9000,
	2026/04/30 11:56:20	,	858286	,	389	,10.515311,1999.9000,-0.21929161,-789.8925,595012.1250,38.373,604768.6250,1999.9000,
	2026/04/30 11:56:20	,	859286	,	390	,10.515311,1999.9000,-0.21492091,-790.2284,595137.1875,38.372,604742.3750,1999.9000,
	2026/04/30 11:56:20	,	860286	,	391	,10.515311,1999.9000,-0.20858704,-791.3041,595414.8125,38.371,604725.3750,1999.9000,
	2026/04/30 11:56:20	,	861286	,	392	,10.515291,1999.9000,-0.20348839,-792.2006,595497.6250,38.371,604716.8750,1999.9000,
	2026/04/30 11:56:20	,	862286	,	393	,10.515270,1999.9000,-0.20348839,-793.1465,595497.6250,38.370,604711.8125,1999.9000,
	2026/04/30 11:56:20	,	863286	,	394	,10.515258,1999.9000,-0.20348839,-793.9349,595497.6250,38.370,604708.3750,1999.9000,
	2026/04/30 11:56:20	,	864286	,	395	,10.515246,1999.9000,-0.20348839,-794.5918,595497.6250,38.370,604705.5625,1999.9000,
	2026/04/30 11:56:20	,	865286	,	396	,10.515237,1999.9000,-0.20348839,-794.9402,595497.6250,38.368,604713.3750,1999.9000,
	2026/04/30 11:56:20	,	866286	,	397	,10.515225,1999.9000,-0.20375519,-795.2307,595404.1250,38.366,604805.5000,1999.9000,
	2026/04/30 11:56:20	,	867286	,	398	,10.515216,1999.9000,-0.20726351,-795.4727,595388.9375,38.365,604831.1875,1999.9000,
	2026/04/30 11:56:20	,	868286	,	399	,10.515212,1999.9000,-0.20801979,-795.6743,595376.6875,38.364,604926.9375,1999.9000,
	2026/04/30 11:56:20	,	869286	,	400	,10.515208,1999.9000,-0.21158697,-795.8424,595274.1875,38.363,604965.8750,1999.9000,
	2026/04/30 11:56:20	,	870286	,	401	,10.515221,1999.9000,-0.21811622,-795.7835,595048.4375,38.363,605054.9375,1999.9000,
	2026/04/30 11:56:20	,	871286	,	402	,10.515246,1999.9000,-0.22400895,-795.5355,594835.7500,38.359,605054.9375,1999.9000,
	2026/04/30 11:56:20	,	872286	,	403	,10.515267,1999.9000,-0.22400895,-795.0304,594835.7500,38.356,605054.9375,1999.9000,
	2026/04/30 11:56:20	,	873286	,	404	,10.515285,1999.9000,-0.22400895,-794.6095,594835.7500,38.356,605054.9375,1999.9000,
	2026/04/30 11:56:20	,	874286	,	405	,10.515309,1999.9000,-0.22400895,-794.2588,594835.7500,38.357,605054.9375,1999.9000,
	2026/04/30 11:56:20	,	875286	,	406	,10.515334,1999.9000,-0.22400895,-793.9664,594835.7500,38.357,605043.0000,1999.9000,
	2026/04/30 11:56:20	,	876286	,	407	,10.515352,1999.9000,-0.22135563,-793.7229,594937.6250,38.358,604913.6250,1999.9000,
	2026/04/30 11:56:20	,	877286	,	408	,10.515356,1999.9000,-0.21828638,-793.5199,594959.9375,38.358,604881.2500,1999.9000,
	2026/04/30 11:56:20	,	878286	,	409	,10.515334,1999.9000,-0.21551965,-793.3508,594971.3750,38.358,604781.3125,1999.9000,
	2026/04/30 11:56:20	,	879286	,	410	,10.515315,1999.9000,-0.21174452,-793.2098,595059.7500,38.361,604751.4375,1999.9000,
	2026/04/30 11:56:20	,	880286	,	411	,10.515300,1999.9000,-0.20442745,-793.0923,595305.8125,38.365,604667.8125,1999.9000,
	2026/04/30 11:56:20	,	881286	,	412	,10.515297,1999.9000,-0.19773431,-792.9944,595572.7500,38.369,604667.8125,1999.9000,
	2026/04/30 11:56:20	,	882286	,	413	,10.515310,1999.9000,-0.19769967,-792.9128,595572.7500,38.370,604667.8125,1999.9000,
	2026/04/30 11:56:20	,	883286	,	414	,10.515306,1999.9000,-0.19768810,-792.8448,595572.7500,38.372,604667.8125,1999.9000,
	2026/04/30 11:56:20	,	884286	,	415	,10.515302,1999.9000,-0.19768232,-793.0866,595572.7500,38.373,604667.8125,1999.9000,
	2026/04/30 11:56:20	,	885286	,	416	,10.515304,1999.9000,-0.19767885,-793.2881,595572.7500,38.370,604679.0625,1999.9000,
	2026/04/30 11:56:20	,	886286	,	417	,10.515305,1999.9000,-0.19767655,-793.4560,595456.5625,38.368,604805.5000,1999.9000,
	2026/04/30 11:56:20	,	887286	,	418	,10.515306,1999.9000,-0.20043173,-793.5959,595426.1875,38.367,604827.1875,1999.9000,
	2026/04/30 11:56:20	,	888286	,	419	,10.515317,1999.9000,-0.20296530,-793.7125,595406.5625,38.366,604914.2500,1999.9000,
	2026/04/30 11:56:20	,	889286	,	420	,10.515326,1999.9000,-0.20606607,-793.8096,595314.7500,38.364,604950.8125,1999.9000,
	2026/04/30 11:56:20	,	890286	,	421	,10.515334,1999.9000,-0.21291675,-793.8905,595127.0625,38.364,605065.8125,1999.9000,
	2026/04/30 11:56:20	,	891286	,	422	,10.515331,1999.9000,-0.21998802,-793.9579,594857.1250,38.363,605065.8125,1999.9000,
	2026/04/30 11:56:20	,	892286	,	423	,10.515328,1999.9000,-0.22099641,-794.0142,594857.1250,38.365,605065.8125,1999.9000,
	2026/04/30 11:56:20	,	893286	,	424	,10.515326,1999.9000,-0.22133252,-794.0611,594857.1250,38.373,605065.8125,1999.9000,
	2026/04/30 11:56:20	,	894286	,	425	,10.515319,1999.9000,-0.22133252,-794.2991,594857.1250,38.380,605065.8125,1999.9000,
	2026/04/30 11:56:20	,	895286	,	426	,10.515312,1999.9000,-0.22150059,-794.5970,594857.1250,38.386,605057.6250,1999.9000,
	2026/04/30 11:56:20	,	896286	,	427	,10.515307,1999.9000,-0.22160143,-794.8451,594869.3125,38.384,604927.5625,1999.9000,
	2026/04/30 11:56:20	,	897286	,	428	,10.515298,1999.9000,-0.22166868,-795.1514,594983.5000,38.383,604900.9375,1999.9000,
	2026/04/30 11:56:20	,	898286	,	429	,10.515291,1999.9000,-0.21932629,-795.4066,594985.2500,38.378,604815.1250,1999.9000,
	2026/04/30 11:56:20	,	899286	,	430	,10.515285,1999.9000,-0.21714564,-795.6193,594995.0000,38.372,604774.6875,1999.9000,
	2026/04/30 11:56:20	,	900286	,	431	,10.515285,1999.9000,-0.21618767,-795.7966,595200.9375,38.366,604666.5625,1999.9000,
	2026/04/30 11:56:20	,	901286	,	432	,10.515289,1999.9000,-0.21038319,-795.9443,595493.5000,38.359,604666.5625,1999.9000,
	2026/04/30 11:56:20	,	902286	,	433	,10.515323,1999.9000,-0.20471735,-796.0673,595493.8125,38.351,604666.5625,1999.9000,
	2026/04/30 11:56:20	,	903286	,	434	,10.515350,1999.9000,-0.20471735,-796.2694,595493.9375,38.345,604666.5625,1999.9000,
	2026/04/30 11:56:20	,	904286	,	435	,10.515380,1999.9000,-0.20471735,-796.2694,595494.0000,38.340,604666.5625,1999.9000,
	2026/04/30 11:56:20	,	905286	,	436	,10.515403,1999.9000,-0.20471735,-796.6367,595494.0000,38.335,604672.8750,1999.9000,
	2026/04/30 11:56:20	,	906286	,	437	,10.515422,1999.9000,-0.20471735,-796.7438,595494.0000,38.332,604770.5000,1999.9000,
	2026/04/30 11:56:20	,	907286	,	438	,10.515438,1999.9000,-0.20478249,-796.8331,595481.3125,38.329,604797.9375,1999.9000,
	2026/04/30 11:56:20	,	908286	,	439	,10.515451,1999.9000,-0.20746519,-796.9076,595389.8125,38.326,604879.2500,1999.9000,
	2026/04/30 11:56:20	,	909286	,	440	,10.515463,1999.9000,-0.20846413,-796.9695,595382.0625,38.324,604913.0625,1999.9000,
	2026/04/30 11:56:20	,	910286	,	441	,10.515471,1999.9000,-0.21117099,-797.0212,595239.6875,38.321,605022.3750,1999.9000,
	2026/04/30 11:56:20	,	911286	,	442	,10.515466,1999.9000,-0.21579064,-797.0643,594971.5625,38.321,605025.3750,1999.9000,
	2026/04/30 11:56:20	,	912286	,	443	,10.515450,1999.9000,-0.22204891,-796.9012,594882.7500,38.324,605026.3750,1999.9000,
	2026/04/30 11:56:20	,	913286	,	444	,10.515437,1999.9000,-0.22204891,-796.7653,594882.7500,38.327,605026.8750,1999.9000,
	2026/04/30 11:56:20	,	914286	,	445	,10.515427,1999.9000,-0.22204891,-796.6521,594882.7500,38.329,605027.1875,1999.9000,
	2026/04/30 11:56:20	,	915286	,	446	,10.515427,1999.9000,-0.22204891,-796.5578,594882.7500,38.330,605027.3750,1999.9000,
	2026/04/30 11:56:20	,	916286	,	447	,10.515427,1999.9000,-0.22204891,-796.2802,594882.7500,38.330,604943.8125,1999.9000,
	2026/04/30 11:56:20	,	917286	,	448	,10.515418,1999.9000,-0.22186823,-796.0489,594895.7500,38.329,604910.8750,1999.9000,
	2026/04/30 11:56:20	,	918286	,	449	,10.515406,1999.9000,-0.21758051,-795.8561,594981.1250,38.329,604825.4375,1999.9000,
	2026/04/30 11:56:20	,	919286	,	450	,10.515390,1999.9000,-0.21464361,-795.6954,594990.0000,38.329,604793.6875,1999.9000,
	2026/04/30 11:56:20	,	920286	,	451	,10.515377,1999.9000,-0.21221720,-795.4620,595130.0625,38.330,604710.6875,1999.9000,
	2026/04/30 11:56:20	,	921286	,	452	,10.515366,1999.9000,-0.20764796,-795.1682,595130.0625,38.330,604710.6875,1999.9000,
	2026/04/30 11:56:20	,	922286	,	453	,10.515357,1999.9000,-0.20109980,-794.8237,595411.2500,38.330,604710.6875,1999.9000,
	2026/04/30 11:56:20	,	923286	,	454	,10.515349,1999.9000,-0.20086029,-794.6362,595543.5000,38.331,604710.6875,1999.9000,
	2026/04/30 11:56:20	,	924286	,	455	,10.515334,1999.9000,-0.20078047,-794.4800,595543.5000,38.332,604710.6875,1999.9000,
	2026/04/30 11:56:20	,	925286	,	456	,10.515305,1999.9000,-0.20074056,-794.2502,595543.5000,38.335,604710.6875,1999.9000,
	2026/04/30 11:56:20	,	926286	,	457	,10.515281,1999.9000,-0.20071661,-794.0588,595543.5000,38.338,604711.3125,1999.9000,
	2026/04/30 11:56:20	,	927286	,	458	,10.515276,1999.9000,-0.20070064,-793.8993,595543.5000,38.340,604723.7500,1999.9000,
	2026/04/30 11:56:20	,	928286	,	459	,10.515282,1999.9000,-0.20419426,-793.7664,595439.2500,38.341,604835.6875,1999.9000,
	2026/04/30 11:56:20	,	929286	,	460	,10.515292,1999.9000,-0.20749670,-793.5560,595415.1250,38.344,604863.1875,1999.9000,
	2026/04/30 11:56:20	,	930286	,	461	,10.515270,1999.9000,-0.21019413,-793.1819,595401.3750,38.347,604955.3125,1999.9000,
	2026/04/30 11:56:20	,	931286	,	462	,10.515262,1999.9000,-0.21424654,-792.8701,595063.3125,38.349,605008.5000,1999.9000,
	2026/04/30 11:56:20	,	932286	,	463	,10.515265,1999.9000,-0.22086406,-792.6103,595063.3125,38.354,605008.5000,1999.9000,
	2026/04/30 11:56:20	,	933286	,	464	,10.515268,1999.9000,-0.22446902,-792.3937,594864.3125,38.358,605018.5625,1999.9000,
	2026/04/30 11:56:20	,	934286	,	465	,10.515281,1999.9000,-0.22446902,-792.6113,594864.3125,38.361,605024.6250,1999.9000,
	2026/04/30 11:56:20	,	935286	,	466	,10.515291,1999.9000,-0.22446902,-792.8919,594864.3125,38.364,605028.6875,1999.9000,
	2026/04/30 11:56:20	,	936286	,	467	,10.515289,1999.9000,-0.22446902,-793.1258,594864.3125,38.366,605032.0000,1999.9000,
	2026/04/30 11:56:20	,	937286	,	468	,10.515288,1999.9000,-0.22446902,-793.3207,594864.3125,38.363,605022.8125,1999.9000,
	2026/04/30 11:56:20	,	938286	,	469	,10.515283,1999.9000,-0.22173378,-793.4832,594953.6875,38.361,604916.6250,1999.9000,
	2026/04/30 11:56:20	,	939286	,	470	,10.515283,1999.9000,-0.21945234,-793.7179,594972.4375,38.359,604887.0625,1999.9000,
	2026/04/30 11:56:20	,	940286	,	471	,10.515283,1999.9000,-0.21845970,-794.0131,594985.4375,38.358,604790.4375,1999.9000,
	2026/04/30 11:56:20	,	941286	,	472	,10.515298,1999.9000,-0.21442302,-794.2591,595083.5625,38.356,604762.6250,1999.9000,
	2026/04/30 11:56:20	,	942286	,	473	,10.515311,1999.9000,-0.20832862,-794.4641,595320.0625,38.357,604740.0625,1999.9000,
	2026/04/30 11:56:20	,	943286	,	474	,10.515322,1999.9000,-0.20455350,-794.6349,595578.6875,38.357,604728.7500,1999.9000,
	2026/04/30 11:56:20	,	944286	,	475	,10.515330,1999.9000,-0.20455350,-794.7773,595578.6875,38.357,604721.9375,1999.9000,
	2026/04/30 11:56:20	,	945286	,	476	,10.515338,1999.9000,-0.20455350,-794.8960,595578.6875,38.358,604717.4375,1999.9000,
	2026/04/30 11:56:20	,	946286	,	477	,10.515344,1999.9000,-0.20455350,-794.9949,595578.6875,38.366,604713.6875,1999.9000,
	2026/04/30 11:56:20	,	947286	,	478	,10.515349,1999.9000,-0.20455350,-795.0772,595578.6875,38.374,604722.2500,1999.9000,
	2026/04/30 11:56:20	,	948286	,	479	,10.515353,1999.9000,-0.20820889,-795.1459,595459.5000,38.380,604830.8750,1999.9000,
	2026/04/30 11:56:20	,	949286	,	480	,10.515356,1999.9000,-0.21164997,-794.9047,595432.6875,38.388,604858.3750,1999.9000,
	2026/04/30 11:56:20	,	950286	,	481	,10.515349,1999.9000,-0.21457426,-794.5047,595414.5000,38.394,604940.8125,1999.9000,
	2026/04/30 11:56:20	,	951286	,	482	,10.515353,1999.9000,-0.21783893,-794.1714,595326.0625,38.399,604967.7500,1999.9000,
	2026/04/30 11:56:20	,	952286	,	483	,10.515360,1999.9000,-0.22438708,-793.8936,595147.3125,38.403,605069.5000,1999.9000,
	2026/04/30 11:56:20	,	953286	,	484	,10.515366,1999.9000,-0.23027350,-793.6622,594872.6250,38.406,605069.5000,1999.9000,
	2026/04/30 11:56:20	,	954286	,	485	,10.515376,1999.9000,-0.23027350,-793.4694,594872.6250,38.409,605069.5000,1999.9000,
	2026/04/30 11:56:20	,	955286	,	486	,10.515387,1999.9000,-0.23027350,-793.4080,594872.6250,38.411,605069.5000,1999.9000,
	2026/04/30 11:56:20	,	956286	,	487	,10.515388,1999.9000,-0.23027350,-793.7549,594872.6250,38.410,605069.5000,1999.9000,
	2026/04/30 11:56:20	,	957286	,	488	,10.515371,1999.9000,-0.23027350,-794.0439,594872.6250,38.412,605060.1875,1999.9000,
	2026/04/30 11:56:20	,	958286	,	489	,10.515338,1999.9000,-0.22663073,-794.2848,594878.8125,38.411,604939.0000,1999.9000,
	2026/04/30 11:56:20	,	959286	,	490	,10.515309,1999.9000,-0.22279888,-794.4856,594973.9375,38.410,604899.6875,1999.9000,
	2026/04/30 11:56:20	,	960286	,	491	,10.515285,1999.9000,-0.21935150,-794.6528,594981.6875,38.403,604785.0000,1999.9000,
	2026/04/30 11:56:20	,	961286	,	492	,10.515265,1999.9000,-0.21557635,-794.6927,594993.5625,38.397,604751.7500,1999.9000,
	2026/04/30 11:56:20	,	962286	,	493	,10.515248,1999.9000,-0.20845467,-794.7259,595200.9375,38.391,604727.8125,1999.9000,
	2026/04/30 11:56:20	,	963286	,	494	,10.515234,1999.9000,-0.20117544,-794.7535,595497.6250,38.383,604715.8750,1999.9000,
	2026/04/30 11:56:20	,	964286	,	495	,10.515222,1999.9000,-0.19602007,-794.7767,595497.6250,38.371,604708.6875,1999.9000,
	2026/04/30 11:56:20	,	965286	,	496	,10.515216,1999.9000,-0.19602007,-794.7960,595497.6250,38.361,604703.9375,1999.9000,
	2026/04/30 11:56:20	,	966286	,	497	,10.515223,1999.9000,-0.19602007,-795.0109,595497.6250,38.361,604700.0000,1999.9000,
	2026/04/30 11:56:20	,	967286	,	498	,10.515238,1999.9000,-0.19602007,-795.1901,595497.6250,38.353,604706.3125,1999.9000,
	2026/04/30 11:56:20	,	968286	,	499	,10.515255,1999.9000,-0.19602007,-795.3394,595497.3125,38.347,604807.9375,1999.9000,
	2026/04/30 11:56:20	,	969286	,	500	,10.515274,1999.9000,-0.19615769,-795.4638,595485.0000,38.341,604834.1875,1999.9000,
	2026/04/30 11:56:20	,	970286	,	501	,10.515301,1999.9000,-0.19876161,-795.5676,595392.1875,38.341,604934.7500,1999.9000,
	2026/04/30 11:56:20	,	971286	,	502	,10.515327,1999.9000,-0.19979520,-795.7534,595379.3750,38.341,604966.7500,1999.9000,
	2026/04/30 11:56:20	,	972286	,	503	,10.515349,1999.9000,-0.20621102,-795.9083,595238.4375,38.341,605065.1875,1999.9000,
	2026/04/30 11:56:20	,	973286	,	504	,10.515368,1999.9000,-0.21268356,-795.4406,594973.9375,38.341,605065.1875,1999.9000,
	2026/04/30 11:56:20	,	974286	,	505	,10.515384,1999.9000,-0.21723390,-794.9512,594936.0625,38.342,605065.1875,1999.9000,
	2026/04/30 11:56:20	,	975286	,	506	,10.515396,1999.9000,-0.21723390,-794.5435,594923.4375,38.350,605065.1875,1999.9000,
	2026/04/30 11:56:20	,	976286	,	507	,10.515407,1999.9000,-0.21723390,-794.2037,594917.1875,38.356,605065.1875,1999.9000,
	2026/04/30 11:56:20	,	977286	,	508	,10.515410,1999.9000,-0.21723390,-793.9205,594913.3750,38.355,605059.9375,1999.9000,
	2026/04/30 11:56:20	,	978286	,	509	,10.515395,1999.9000,-0.21723390,-793.6846,594910.8750,38.354,604957.1250,1999.9000,
	2026/04/30 11:56:20	,	979286	,	510	,10.515381,1999.9000,-0.21697444,-793.4880,594923.4375,38.350,604929.3125,1999.9000,
	2026/04/30 11:56:20	,	980286	,	511	,10.515370,1999.9000,-0.21425286,-793.0257,595006.7500,38.346,604836.3125,1999.9000,
	2026/04/30 11:56:20	,	981286	,	512	,10.515361,1999.9000,-0.21368879,-792.6404,595007.5625,38.342,604799.7500,1999.9000,
	2026/04/30 11:56:20	,	982286	,	513	,10.515358,1999.9000,-0.20902817,-792.3194,595119.9375,38.336,604698.0000,1999.9000,
	2026/04/30 11:56:20	,	983286	,	514	,10.515361,1999.9000,-0.20319219,-792.0519,595416.6250,38.336,604698.0000,1999.9000,
	2026/04/30 11:56:20	,	984286	,	515	,10.515363,1999.9000,-0.20319219,-791.8290,595525.0625,38.334,604698.0000,1999.9000,
	2026/04/30 11:56:20	,	985286	,	516	,10.515360,1999.9000,-0.20319219,-791.8421,595525.0625,38.326,604698.0000,1999.9000,
	2026/04/30 11:56:20	,	986286	,	517	,10.515357,1999.9000,-0.20319219,-792.1515,595525.0625,38.325,604698.0000,1999.9000,
	2026/04/30 11:56:20	,	987286	,	518	,10.515355,1999.9000,-0.20319219,-792.5089,595525.0625,38.325,604700.5625,1999.9000,
	2026/04/30 11:56:20	,	988286	,	519	,10.515353,1999.9000,-0.20338020,-792.9061,595525.0625,38.327,604713.2500,1999.9000,
	2026/04/30 11:56:20	,	989286	,	520	,10.515350,1999.9000,-0.20730764,-793.5355,595434.5000,38.329,604832.1250,1999.9000,
	2026/04/30 11:56:20	,	990286	,	521	,10.515368,1999.9000,-0.20989792,-793.7616,595413.3125,38.331,604867.4375,1999.9000,
	2026/04/30 11:56:20	,	991286	,	522	,10.515384,1999.9000,-0.21219198,-793.8505,595398.1250,38.333,604956.5625,1999.9000,
	2026/04/30 11:56:20	,	992286	,	523	,10.515372,1999.9000,-0.21670449,-794.0242,595296.3125,38.334,604991.2500,1999.9000,
	2026/04/30 11:56:20	,	993286	,	524	,10.515387,1999.9000,-0.22384508,-794.0693,595055.0000,38.335,605007.2500,1999.9000,
	2026/04/30 11:56:20	,	994286	,	525	,10.515404,1999.9000,-0.22743744,-794.2065,594846.4375,38.339,605015.2500,1999.9000,
	2026/04/30 11:56:20	,	995286	,	526	,10.515418,1999.9000,-0.22743744,-794.3209,594846.4375,38.343,605020.0625,1999.9000,
	2026/04/30 11:56:20	,	996286	,	527	,10.515429,1999.9000,-0.22743744,-794.4161,594846.4375,38.345,605023.1875,1999.9000,
	2026/04/30 11:56:20	,	997286	,	528	,10.515441,1999.9000,-0.22743744,-794.4954,594846.4375,38.346,605025.8750,1999.9000,
	2026/04/30 11:56:20	,	998286	,	529	,10.515449,1999.9000,-0.22743744,-794.4621,594846.4375,38.347,605016.1875,1999.9000,
	2026/04/30 11:56:20	,	999286	,	530	,10.515450,1999.9000,-0.22453834,-794.5338,594948.3750,38.349,604906.3750,1999.9000,
	2026/04/30 11:56:21	,	000286	,	531	,10.515448,1999.9000,-0.22207412,-794.5936,594972.1875,38.350,604873.5000,1999.9000,
	2026/04/30 11:56:21	,	001286	,	532	,10.515445,1999.9000,-0.21981156,-794.5438,594983.1250,38.352,604769.2500,1999.9000,
	2026/04/30 11:56:21	,	002286	,	533	,10.515437,1999.9000,-0.21575283,-794.5024,595063.8750,38.356,604745.4375,1999.9000,
	2026/04/30 11:56:21	,	003286	,	534	,10.515422,1999.9000,-0.20879500,-794.4679,595296.8750,38.357,604731.6875,1999.9000,
	2026/04/30 11:56:21	,	004286	,	535	,10.515404,1999.9000,-0.20325519,-794.4391,595587.0000,38.355,604724.7500,1999.9000,
	2026/04/30 11:56:21	,	005286	,	536	,10.515388,1999.9000,-0.20325519,-794.4152,595587.0000,38.362,604720.5625,1999.9000,
	2026/04/30 11:56:21	,	006286	,	537	,10.515371,1999.9000,-0.20325519,-793.8979,595587.0000,38.369,604717.8125,1999.9000,
	2026/04/30 11:56:21	,	007286	,	538	,10.515347,1999.9000,-0.20325519,-793.4668,595587.0000,38.377,604715.5000,1999.9000,
	2026/04/30 11:56:21	,	008286	,	539	,10.515331,1999.9000,-0.20325519,-792.9086,595587.0000,38.382,604724.1250,1999.9000,
	2026/04/30 11:56:21	,	009286	,	540	,10.515323,1999.9000,-0.20333819,-792.4434,595466.0625,38.384,604820.0625,1999.9000,
	2026/04/30 11:56:21	,	010286	,	541	,10.515316,1999.9000,-0.20585808,-792.0558,595436.8750,38.380,604851.0625,1999.9000,
	2026/04/30 11:56:21	,	011286	,	542	,10.515315,1999.9000,-0.20673096,-791.7328,595419.4375,38.373,604946.8125,1999.9000,
	2026/04/30 11:56:21	,	012286	,	543	,10.515320,1999.9000,-0.21063529,-791.4635,595337.9375,38.368,604980.6875,1999.9000,
	2026/04/30 11:56:21	,	013286	,	544	,10.515325,1999.9000,-0.21717717,-791.2393,595149.1250,38.366,605005.8125,1999.9000,
	2026/04/30 11:56:21	,	014286	,	545	,10.515327,1999.9000,-0.22295645,-791.2512,594865.5000,38.365,605018.4375,1999.9000,
	2026/04/30 11:56:21	,	015286	,	546	,10.515335,1999.9000,-0.22295645,-791.3607,594865.5000,38.364,605026.0000,1999.9000,
	2026/04/30 11:56:21	,	016286	,	547	,10.515342,1999.9000,-0.22295645,-791.4518,594865.5000,38.363,605031.0000,1999.9000,
	2026/04/30 11:56:21	,	017286	,	548	,10.515356,1999.9000,-0.22295645,-791.6273,594865.5000,38.363,605035.1875,1999.9000,
	2026/04/30 11:56:21	,	018286	,	549	,10.515359,1999.9000,-0.22295645,-791.7735,594865.5000,38.362,605026.7500,1999.9000,
	2026/04/30 11:56:21	,	019286	,	550	,10.515357,1999.9000,-0.22260876,-791.8954,594876.5000,38.361,604918.4375,1999.9000,
	2026/04/30 11:56:21	,	020286	,	551	,10.515360,1999.9000,-0.21808471,-792.0964,594991.2500,38.364,604883.3750,1999.9000,
	2026/04/30 11:56:21	,	021286	,	552	,10.515372,1999.9000,-0.21554485,-792.2640,595001.3750,38.368,604781.3125,1999.9000,
	2026/04/30 11:56:21	,	022286	,	553	,10.515372,1999.9000,-0.21233693,-792.9009,595013.5000,38.369,604748.7500,1999.9000,
	2026/04/30 11:56:21	,	023286	,	554	,10.515387,1999.9000,-0.20583919,-793.4318,595206.9375,38.371,604724.5625,1999.9000,
	2026/04/30 11:56:21	,	024286	,	555	,10.515380,1999.9000,-0.19977628,-793.6752,595504.8125,38.369,604712.5000,1999.9000,
	2026/04/30 11:56:21	,	025286	,	556	,10.515380,1999.9000,-0.19958723,-793.8781,595504.8125,38.364,604705.2500,1999.9000,
	2026/04/30 11:56:21	,	026286	,	557	,10.515378,1999.9000,-0.19952418,-794.5444,595504.8125,38.353,604700.4375,1999.9000,
	2026/04/30 11:56:21	,	027286	,	558	,10.515377,1999.9000,-0.19949268,-795.0997,595504.8125,38.338,604696.3750,1999.9000,
	2026/04/30 11:56:21	,	028286	,	559	,10.515380,1999.9000,-0.19947377,-795.5625,595504.8125,38.326,604704.5000,1999.9000,
	2026/04/30 11:56:21	,	029286	,	560	,10.515380,1999.9000,-0.19946118,-795.7493,595500.3750,38.317,604812.1875,1999.9000,
	2026/04/30 11:56:21	,	030286	,	561	,10.515384,1999.9000,-0.20203255,-795.6064,595399.9375,38.308,604835.3750,1999.9000,
	2026/04/30 11:56:21	,	031286	,	562	,10.515387,1999.9000,-0.20443375,-795.4874,595385.6250,38.306,604919.6875,1999.9000,
	2026/04/30 11:56:21	,	032286	,	563	,10.515388,1999.9000,-0.20699252,-795.0898,595376.8750,38.315,604957.1250,1999.9000,
	2026/04/30 11:56:21	,	033286	,	564	,10.515390,1999.9000,-0.21282223,-794.7585,595248.0625,38.324,605075.5000,1999.9000,
	2026/04/30 11:56:21	,	034286	,	565	,10.515395,1999.9000,-0.21903636,-794.3829,594980.5000,38.331,605075.5000,1999.9000,
	2026/04/30 11:56:21	,	035286	,	566	,10.515401,1999.9000,-0.21903636,-794.0699,594895.2500,38.339,605075.5000,1999.9000,
	2026/04/30 11:56:21	,	036286	,	567	,10.515401,1999.9000,-0.21903636,-793.8091,594895.2500,38.345,605075.5000,1999.9000,
	2026/04/30 11:56:21	,	037286	,	568	,10.515407,1999.9000,-0.21903636,-793.5917,594895.2500,38.351,605075.5000,1999.9000,
	2026/04/30 11:56:21	,	038286	,	569	,10.515416,1999.9000,-0.21903636,-793.5101,594895.2500,38.355,605062.5625,1999.9000,
	2026/04/30 11:56:21	,	039286	,	570	,10.515423,1999.9000,-0.21903425,-793.4421,594895.2500,38.359,604925.1250,1999.9000,
	2026/04/30 11:56:21	,	040286	,	571	,10.515419,1999.9000,-0.21868378,-793.6837,594986.5000,38.359,604895.5000,1999.9000,
	2026/04/30 11:56:21	,	041286	,	572	,10.515402,1999.9000,-0.21561417,-794.0841,594996.6250,38.356,604802.5000,1999.9000,
	2026/04/30 11:56:21	,	042286	,	573	,10.515376,1999.9000,-0.21501860,-794.4178,595001.9375,38.353,604771.6875,1999.9000,
	2026/04/30 11:56:21	,	043286	,	574	,10.515380,1999.9000,-0.21002397,-794.6958,595112.7500,38.351,604680.5000,1999.9000,
	2026/04/30 11:56:21	,	044286	,	575	,10.515393,1999.9000,-0.20448416,-794.9275,595405.9375,38.349,604680.5000,1999.9000,
	2026/04/30 11:56:21	,	045286	,	576	,10.515405,1999.9000,-0.20448416,-795.1206,595529.2500,38.350,604680.5000,1999.9000,
	2026/04/30 11:56:21	,	046286	,	577	,10.515414,1999.9000,-0.20448416,-795.0825,595529.2500,38.347,604680.5000,1999.9000,
	2026/04/30 11:56:21	,	047286	,	578	,10.515421,1999.9000,-0.20448416,-794.7524,595529.2500,38.344,604680.5000,1999.9000,
	2026/04/30 11:56:21	,	048286	,	579	,10.515427,1999.9000,-0.20448416,-794.5768,595529.2500,38.345,604689.8750,1999.9000,
	2026/04/30 11:56:21	,	049286	,	580	,10.515432,1999.9000,-0.20451462,-794.3309,595529.2500,38.346,604809.6875,1999.9000,
	2026/04/30 11:56:21	,	050286	,	581	,10.515437,1999.9000,-0.20749040,-794.1260,595424.3750,38.346,604835.1250,1999.9000,
	2026/04/30 11:56:21	,	051286	,	582	,10.515441,1999.9000,-0.20972146,-793.9553,595398.7500,38.347,604862.1250,1999.9000,
	2026/04/30 11:56:21	,	052286	,	583	,10.515445,1999.9000,-0.21054074,-793.8131,595384.8125,38.344,604971.6250,1999.9000,
	2026/04/30 11:56:21	,	053286	,	584	,10.515448,1999.9000,-0.21572761,-793.5951,595290.3125,38.341,605010.3125,1999.9000,
	2026/04/30 11:56:21	,	054286	,	585	,10.515439,1999.9000,-0.22174640,-793.3139,595059.1250,38.338,605023.1250,1999.9000,
	2026/04/30 11:56:21	,	055286	,	586	,10.515433,1999.9000,-0.22174640,-793.1790,594835.7500,38.335,605029.5625,1999.9000,
	2026/04/30 11:56:21	,	056286	,	587	,10.515418,1999.9000,-0.22174640,-793.1661,594835.7500,38.338,605033.4375,1999.9000,
	2026/04/30 11:56:21	,	057286	,	588	,10.515414,1999.9000,-0.22174640,-793.1554,594835.7500,38.341,605035.9375,1999.9000,
	2026/04/30 11:56:21	,	058286	,	589	,10.515403,1999.9000,-0.22174640,-792.9474,594835.7500,38.344,605034.3125,1999.9000,
	2026/04/30 11:56:21	,	059286	,	590	,10.515392,1999.9000,-0.22174534,-792.5753,594835.7500,38.347,604943.2500,1999.9000,
	2026/04/30 11:56:21	,	060286	,	591	,10.515395,1999.9000,-0.21834940,-792.3646,594932.8750,38.349,604912.6875,1999.9000,
	2026/04/30 11:56:21	,	061286	,	592	,10.515396,1999.9000,-0.21553855,-792.2885,594955.8125,38.353,604812.1875,1999.9000,
	2026/04/30 11:56:21	,	062286	,	593	,10.515396,1999.9000,-0.21335793,-792.4241,594967.3750,38.357,604779.5625,1999.9000,
	2026/04/30 11:56:21	,	063286	,	594	,10.515388,1999.9000,-0.20912272,-792.7360,595071.6250,38.361,604691.3125,1999.9000,
	2026/04/30 11:56:21	,	064286	,	595	,10.515375,1999.9000,-0.20279513,-792.8964,595332.0625,38.364,604691.3125,1999.9000,
	2026/04/30 11:56:21	,	065286	,	596	,10.515370,1999.9000,-0.20186552,-792.9305,595581.6250,38.366,604691.3125,1999.9000,
	2026/04/30 11:56:21	,	066286	,	597	,10.515366,1999.9000,-0.20155567,-792.9591,595581.6250,38.368,604691.3125,1999.9000,
	2026/04/30 11:56:21	,	067286	,	598	,10.515362,1999.9000,-0.20140074,-793.0823,595581.6250,38.369,604691.3125,1999.9000,
	2026/04/30 11:56:21	,	068286	,	599	,10.515349,1999.9000,-0.20130777,-793.1851,595581.6250,38.371,604694.3750,1999.9000,
	2026/04/30 11:56:21	,	069286	,	600	,10.515332,1999.9000,-0.20130777,-793.3701,595581.6250,38.373,604781.9375,1999.9000,
	2026/04/30 11:56:21	,	070286	,	601	,10.515319,1999.9000,-0.20389806,-793.6237,595460.1250,38.379,604813.3750,1999.9000,
	2026/04/30 11:56:21	,	071286	,	602	,10.515313,1999.9000,-0.20651984,-793.7357,595432.1250,38.385,604813.3750,1999.9000,
	2026/04/30 11:56:21	,	072286	,	603	,10.515319,1999.9000,-0.20756602,-793.7296,595415.1875,38.393,604908.8125,1999.9000,
	2026/04/30 11:56:21	,	073286	,	604	,10.515331,1999.9000,-0.21240625,-793.8239,595398.8750,38.399,604942.3125,1999.9000,
	2026/04/30 11:56:21	,	074286	,	605	,10.515344,1999.9000,-0.21948384,-793.9024,595165.8125,38.405,605049.8750,1999.9000,
	2026/04/30 11:56:21	,	075286	,	606	,10.515353,1999.9000,-0.22528203,-793.9679,594876.2500,38.409,605051.3750,1999.9000,
	2026/04/30 11:56:21	,	076286	,	607	,10.515381,1999.9000,-0.22528203,-794.0225,594876.2500,38.413,605051.3750,1999.9000,
	2026/04/30 11:56:21	,	077286	,	608	,10.515405,1999.9000,-0.22528203,-794.0679,594876.2500,38.416,605052.1250,1999.9000,
	2026/04/30 11:56:21	,	078286	,	609	,10.515424,1999.9000,-0.22528203,-794.1058,594876.2500,38.418,605052.5000,1999.9000,
	2026/04/30 11:56:21	,	079286	,	610	,10.515441,1999.9000,-0.22528203,-794.1374,594876.2500,38.419,605052.8125,1999.9000,
	2026/04/30 11:56:21	,	080286	,	611	,10.515453,1999.9000,-0.22528203,-794.1638,594883.1875,38.418,605040.4375,1999.9000,
	2026/04/30 11:56:21	,	081286	,	612	,10.515460,1999.9000,-0.22291233,-794.1857,594980.5000,38.416,604910.5625,1999.9000,
	2026/04/30 11:56:21	,	082286	,	613	,10.515445,1999.9000,-0.22032204,-794.2040,594988.8125,38.411,604873.1250,1999.9000,
	2026/04/30 11:56:21	,	083286	,	614	,10.515433,1999.9000,-0.21817294,-794.3187,595000.5625,38.407,604765.0625,1999.9000,
	2026/04/30 11:56:21	,	084286	,	615	,10.515423,1999.9000,-0.21473184,-794.4142,595212.3125,38.403,604739.3750,1999.9000,
	2026/04/30 11:56:21	,	085286	,	616	,10.515405,1999.9000,-0.20783703,-794.3945,595516.1250,38.398,604727.1875,1999.9000,
	2026/04/30 11:56:21	,	086286	,	617	,10.515389,1999.9000,-0.20189388,-794.4775,595516.1250,38.393,604721.0625,1999.9000,
	2026/04/30 11:56:21	,	087286	,	618	,10.515387,1999.9000,-0.20146848,-794.5466,595516.1250,38.389,604717.4375,1999.9000,
	2026/04/30 11:56:21	,	088286	,	619	,10.515399,1999.9000,-0.20132668,-794.5047,595516.1250,38.382,604714.9375,1999.9000,
	2026/04/30 11:56:21	,	089286	,	620	,10.515409,1999.9000,-0.20125578,-794.0719,595516.1250,38.377,604712.9375,1999.9000,
	2026/04/30 11:56:21	,	090286	,	621	,10.515417,1999.9000,-0.20121323,-793.7112,595511.7500,38.375,604723.1250,1999.9000,
	2026/04/30 11:56:21	,	091286	,	622	,10.515429,1999.9000,-0.20118487,-793.4106,595415.4375,38.374,604834.5000,1999.9000,
	2026/04/30 11:56:21	,	092286	,	623	,10.515439,1999.9000,-0.20352621,-793.1602,595400.5625,38.373,604864.6875,1999.9000,
	2026/04/30 11:56:21	,	093286	,	624	,10.515442,1999.9000,-0.20568162,-792.9515,595387.0000,38.373,604952.2500,1999.9000,
	2026/04/30 11:56:21	,	094286	,	625	,10.515445,1999.9000,-0.20862482,-793.1755,595230.6875,38.372,604983.3750,1999.9000,
	2026/04/30 11:56:21	,	095286	,	626	,10.515448,1999.9000,-0.21499653,-793.3621,594962.0000,38.372,605082.7500,1999.9000,
	2026/04/30 11:56:21	,	096286	,	627	,10.515445,1999.9000,-0.22115396,-793.1198,594875.6250,38.370,605082.7500,1999.9000,
	2026/04/30 11:56:21	,	097286	,	628	,10.515444,1999.9000,-0.22217180,-793.3158,594875.6250,38.368,605082.7500,1999.9000,
	2026/04/30 11:56:21	,	098286	,	629	,10.515456,1999.9000,-0.22251107,-793.4791,594875.6250,38.366,605082.7500,1999.9000,
	2026/04/30 11:56:21	,	099286	,	630	,10.515453,1999.9000,-0.22268072,-793.6152,594875.6250,38.359,605082.7500,1999.9000,
	2026/04/30 11:56:21	,	100286	,	631	,10.515450,1999.9000,-0.22278249,-793.5295,594875.6250,38.353,604999.3750,1999.9000,
	2026/04/30 11:56:21	,	101286	,	632	,10.515441,1999.9000,-0.22285035,-793.6572,594966.7500,38.348,604964.3750,1999.9000,
	2026/04/30 11:56:21	,	102286	,	633	,10.515435,1999.9000,-0.22065608,-793.7635,594986.5000,38.342,604856.8125,1999.9000,
	2026/04/30 11:56:21	,	103286	,	634	,10.515435,1999.9000,-0.21837461,-793.8521,594997.2500,38.337,604817.3125,1999.9000,
	2026/04/30 11:56:21	,	104286	,	635	,10.515435,1999.9000,-0.21548182,-793.9260,595139.5625,38.333,604713.1250,1999.9000,
	2026/04/30 11:56:21	,	105286	,	636	,10.515445,1999.9000,-0.20920464,-794.0870,595422.0000,38.334,604693.7500,1999.9000,
	2026/04/30 11:56:21	,	106286	,	637	,10.515452,1999.9000,-0.20285185,-794.2212,595514.3750,38.335,604687.3125,1999.9000,
	2026/04/30 11:56:21	,	107286	,	638	,10.515450,1999.9000,-0.20285185,-794.3330,595514.3750,38.336,604684.1250,1999.9000,
	2026/04/30 11:56:21	,	108286	,	639	,10.515448,1999.9000,-0.20285185,-794.4262,595514.3750,38.337,604682.1875,1999.9000,
	2026/04/30 11:56:21	,	109286	,	640	,10.515429,1999.9000,-0.20285185,-794.5038,595514.3750,38.344,604680.9375,1999.9000,
	2026/04/30 11:56:21	,	110286	,	641	,10.515416,1999.9000,-0.20285185,-794.3696,595514.3750,38.349,604690.9375,1999.9000,
	2026/04/30 11:56:21	,	111286	,	642	,10.515419,1999.9000,-0.20299576,-794.2578,595414.8125,38.354,604807.3125,1999.9000,
	2026/04/30 11:56:21	,	112286	,	643	,10.515431,1999.9000,-0.20661438,-794.2578,595414.8125,38.364,604834.1875,1999.9000,
	2026/04/30 11:56:21	,	113286	,	644	,10.515441,1999.9000,-0.20910381,-794.0869,595382.6250,38.366,604921.5000,1999.9000,
	2026/04/30 11:56:21	,	114286	,	645	,10.515426,1999.9000,-0.21149871,-794.0222,595294.4375,38.368,604958.3125,1999.9000,
	2026/04/30 11:56:21	,	115286	,	646	,10.515407,1999.9000,-0.21717717,-793.8688,595056.1875,38.370,605077.3125,1999.9000,
	2026/04/30 11:56:21	,	116286	,	647	,10.515391,1999.9000,-0.22408457,-794.0394,594836.3125,38.371,605077.3125,1999.9000,
	2026/04/30 11:56:21	,	117286	,	648	,10.515403,1999.9000,-0.22501732,-794.1816,594836.3125,38.371,605077.3125,1999.9000,
	2026/04/30 11:56:21	,	118286	,	649	,10.515417,1999.9000,-0.22532825,-794.3000,594836.3125,38.369,605077.3125,1999.9000,
	2026/04/30 11:56:21	,	119286	,	650	,10.515429,1999.9000,-0.22548370,-794.3987,594836.3125,38.366,605077.3125,1999.9000,
	2026/04/30 11:56:21	,	120286	,	651	,10.515439,1999.9000,-0.22557697,-794.5804,594836.3125,38.358,605064.4375,1999.9000,
	2026/04/30 11:56:21	,	121286	,	652	,10.515442,1999.9000,-0.22563915,-794.7319,594932.8750,38.352,604919.6875,1999.9000,
	2026/04/30 11:56:21	,	122286	,	653	,10.515421,1999.9000,-0.22320224,-794.8580,594960.2500,38.347,604887.6875,1999.9000,
	2026/04/30 11:56:21	,	123286	,	654	,10.515427,1999.9000,-0.22095227,-794.9632,594975.1250,38.340,604790.4375,1999.9000,
	2026/04/30 11:56:21	,	124286	,	655	,10.515437,1999.9000,-0.21995966,-794.9632,595064.5000,38.333,604761.6875,1999.9000,
	2026/04/30 11:56:21	,	125286	,	656	,10.515447,1999.9000,-0.21395034,-795.0508,595311.1875,38.326,604678.6250,1999.9000,
	2026/04/30 11:56:21	,	126286	,	657	,10.515444,1999.9000,-0.20719419,-795.1238,595573.8750,38.321,604678.6250,1999.9000,
	2026/04/30 11:56:21	,	127286	,	658	,10.515417,1999.9000,-0.20613854,-794.8862,595573.8750,38.317,604678.6250,1999.9000,
	2026/04/30 11:56:21	,	128286	,	659	,10.515384,1999.9000,-0.20578666,-794.9868,595573.8750,38.315,604678.6250,1999.9000,
	2026/04/30 11:56:21	,	129286	,	660	,10.515357,1999.9000,-0.20561071,-795.0705,595573.8750,38.317,604678.6250,1999.9000,
	2026/04/30 11:56:21	,	130286	,	661	,10.515355,1999.9000,-0.20550513,-795.1403,595573.8750,38.321,604688.1875,1999.9000,
	2026/04/30 11:56:21	,	131286	,	662	,10.515353,1999.9000,-0.20543477,-794.9000,595463.6875,38.324,604809.6875,1999.9000,
	2026/04/30 11:56:21	,	132286	,	663	,10.515311,1999.9000,-0.20818368,-794.6003,595434.1875,38.327,604831.8125,1999.9000,
	2026/04/30 11:56:21	,	133286	,	664	,10.515277,1999.9000,-0.21056595,-794.3505,595414.5000,38.331,604858.6875,1999.9000,
	2026/04/30 11:56:21	,	134286	,	665	,10.515248,1999.9000,-0.21154913,-794.1424,595395.6250,38.334,604984.9375,1999.9000,
	2026/04/30 11:56:21	,	135286	,	666	,10.515239,1999.9000,-0.21691246,-793.9689,595164.0000,38.337,605069.5000,1999.9000,
	2026/04/30 11:56:21	,	136286	,	667	,10.515241,1999.9000,-0.22412868,-793.8244,594872.0625,38.339,605069.5000,1999.9000,
	2026/04/30 11:56:21	,	137286	,	668	,10.515258,1999.9000,-0.22836387,-793.7040,594872.0625,38.342,605069.5000,1999.9000,
	2026/04/30 11:56:21	,	138286	,	669	,10.515273,1999.9000,-0.22836387,-793.9020,594872.0625,38.353,605069.5000,1999.9000,
	2026/04/30 11:56:21	,	139286	,	670	,10.515295,1999.9000,-0.22836387,-793.6691,594872.0625,38.363,605069.5000,1999.9000,
	2026/04/30 11:56:21	,	140286	,	671	,10.515323,1999.9000,-0.22836387,-793.6740,594872.0625,38.370,605062.1250,1999.9000,
	2026/04/30 11:56:21	,	141286	,	672	,10.515346,1999.9000,-0.22836387,-793.8770,594881.7500,38.367,604946.2500,1999.9000,
	2026/04/30 11:56:21	,	142286	,	673	,10.515356,1999.9000,-0.22502363,-794.1458,594982.8750,38.373,604914.8750,1999.9000,
	2026/04/30 11:56:21	,	143286	,	674	,10.515359,1999.9000,-0.22225688,-794.3696,594993.0000,38.378,604824.8750,1999.9000,
	2026/04/30 11:56:21	,	144286	,	675	,10.515362,1999.9000,-0.22120437,-794.5563,595006.5000,38.383,604790.4375,1999.9000,
	2026/04/30 11:56:21	,	145286	,	676	,10.515368,1999.9000,-0.21621288,-794.7117,595217.0625,38.379,604696.7500,1999.9000,
	2026/04/30 11:56:21	,	146286	,	677	,10.515368,1999.9000,-0.20916054,-794.8413,595506.0000,38.376,604696.1875,1999.9000,
	2026/04/30 11:56:21	,	147286	,	678	,10.515370,1999.9000,-0.20335603,-795.0488,595506.0000,38.373,604696.0625,1999.9000,
	2026/04/30 11:56:21	,	148286	,	679	,10.515371,1999.9000,-0.20335603,-795.2217,595506.0000,38.369,604695.9375,1999.9000,
	2026/04/30 11:56:21	,	149286	,	680	,10.515372,1999.9000,-0.20335603,-795.3657,595506.0000,38.367,604695.8750,1999.9000,
	2026/04/30 11:56:21	,	150286	,	681	,10.515372,1999.9000,-0.20335603,-795.3862,595506.0000,38.366,604695.8125,1999.9000,
	2026/04/30 11:56:21	,	151286	,	682	,10.515372,1999.9000,-0.20335603,-795.3038,595503.6250,38.363,604707.8750,1999.9000,
	2026/04/30 11:56:21	,	152286	,	683	,10.515372,1999.9000,-0.20365541,-795.5336,595408.3125,38.359,604815.7500,1999.9000,
	2026/04/30 11:56:21	,	153286	,	684	,10.515368,1999.9000,-0.20739587,-795.2278,595390.1250,38.356,604847.1875,1999.9000,
	2026/04/30 11:56:21	,	154286	,	685	,10.515363,1999.9000,-0.20817105,-794.9729,595377.6875,38.354,604948.0625,1999.9000,
	2026/04/30 11:56:21	,	155286	,	686	,10.515360,1999.9000,-0.21163107,-794.7605,595225.9375,38.350,604986.4375,1999.9000,
	2026/04/30 11:56:21	,	156286	,	687	,10.515347,1999.9000,-0.21788304,-794.5835,594959.0000,38.347,605012.0625,1999.9000,
	2026/04/30 11:56:21	,	157286	,	688	,10.515337,1999.9000,-0.22356148,-794.4360,594929.5625,38.346,605024.9375,1999.9000,
	2026/04/30 11:56:21	,	158286	,	689	,10.515323,1999.9000,-0.22356148,-794.3130,594919.7500,38.345,605032.6875,1999.9000,
	2026/04/30 11:56:21	,	159286	,	690	,10.515311,1999.9000,-0.22356148,-794.2106,594914.8750,38.344,605037.8125,1999.9000,
	2026/04/30 11:56:21	,	160286	,	691	,10.515301,1999.9000,-0.22356148,-794.1252,594911.9375,38.344,605042.0625,1999.9000,
	2026/04/30 11:56:21	,	161286	,	692	,10.515292,1999.9000,-0.22356148,-793.7556,594910.0000,38.345,605031.7500,1999.9000,
	2026/04/30 11:56:21	,	162286	,	693	,10.515281,1999.9000,-0.22048593,-793.4477,594921.4375,38.346,604916.6250,1999.9000,
	2026/04/30 11:56:21	,	163286	,	694	,10.515270,1999.9000,-0.21750489,-793.1910,594934.2500,38.346,604882.5000,1999.9000,
	2026/04/30 11:56:21	,	164286	,	695	,10.515262,1999.9000,-0.21504067,-792.9772,594946.0625,38.347,604771.0625,1999.9000,
	2026/04/30 11:56:21	,	165286	,	696	,10.515250,1999.9000,-0.21180753,-792.7990,595129.4375,38.344,604736.6875,1999.9000,
	2026/04/30 11:56:21	,	166286	,	697	,10.515240,1999.9000,-0.20503877,-793.2473,595416.6250,38.339,604724.3750,1999.9000,
	2026/04/30 11:56:21	,	167286	,	698	,10.515231,1999.9000,-0.19866078,-793.0241,595516.7500,38.335,604718.2500,1999.9000,
	2026/04/30 11:56:21	,	168286	,	699	,10.515230,1999.9000,-0.19837400,-792.8381,595516.7500,38.331,604714.5000,1999.9000,
	2026/04/30 11:56:21	,	169286	,	700	,10.515228,1999.9000,-0.19827843,-792.6831,595516.7500,38.328,604712.1250,1999.9000,
	2026/04/30 11:56:21	,	170286	,	701	,10.515248,1999.9000,-0.19823064,-792.9518,595516.7500,38.326,604710.0625,1999.9000,
	2026/04/30 11:56:21	,	171286	,	702	,10.515265,1999.9000,-0.19820195,-793.3746,595516.7500,38.334,604718.8125,1999.9000,
	2026/04/30 11:56:21	,	172286	,	703	,10.515277,1999.9000,-0.19818284,-793.5281,595414.2500,38.341,604818.8125,1999.9000,
	2026/04/30 11:56:21	,	173286	,	704	,10.515294,1999.9000,-0.20108089,-793.6559,595396.6875,38.347,604847.5000,1999.9000,
	2026/04/30 11:56:21	,	174286	,	705	,10.515326,1999.9000,-0.20382872,-793.3646,595389.1875,38.352,604945.0625,1999.9000,
	2026/04/30 11:56:21	,	175286	,	706	,10.515359,1999.9000,-0.20688537,-793.1218,595302.1875,38.357,605027.8125,1999.9000,
	2026/04/30 11:56:21	,	176286	,	707	,10.515387,1999.9000,-0.21324448,-793.3173,595066.3125,38.360,605050.7500,1999.9000,
	2026/04/30 11:56:21	,	177286	,	708	,10.515404,1999.9000,-0.22002584,-793.4803,594856.5625,38.363,605058.3750,1999.9000,
	2026/04/30 11:56:21	,	178286	,	709	,10.515418,1999.9000,-0.22255310,-793.6161,594856.5625,38.364,605062.1875,1999.9000,
	2026/04/30 11:56:21	,	179286	,	710	,10.515429,1999.9000,-0.22255310,-793.8289,594856.5625,38.362,605064.4375,1999.9000,
	2026/04/30 11:56:21	,	180286	,	711	,10.515441,1999.9000,-0.22255310,-794.0061,594856.5625,38.358,605066.0000,1999.9000,
	2026/04/30 11:56:21	,	181286	,	712	,10.515444,1999.9000,-0.22255310,-794.2532,594856.5625,38.355,605052.8750,1999.9000,
	2026/04/30 11:56:21	,	182286	,	713	,10.515437,1999.9000,-0.22255310,-794.4592,594956.6250,38.353,604910.0000,1999.9000,
	2026/04/30 11:56:21	,	183286	,	714	,10.515431,1999.9000,-0.22022751,-794.6308,594980.1875,38.349,604883.4375,1999.9000,
	2026/04/30 11:56:21	,	184286	,	715	,10.515411,1999.9000,-0.21930422,-794.8733,594991.1875,38.343,604785.5625,1999.9000,
	2026/04/30 11:56:21	,	185286	,	716	,10.515395,1999.9000,-0.21654692,-795.0754,595082.3750,38.338,604759.9375,1999.9000,
	2026/04/30 11:56:21	,	186286	,	717	,10.515392,1999.9000,-0.21153654,-795.4427,595335.0000,38.334,604738.2500,1999.9000,
	2026/04/30 11:56:21	,	187286	,	718	,10.515395,1999.9000,-0.20541063,-795.7488,595579.8750,38.334,604727.4375,1999.9000,
	2026/04/30 11:56:21	,	188286	,	719	,10.515396,1999.9000,-0.20533183,-795.7055,595579.8750,38.335,604720.9375,1999.9000,
	2026/04/30 11:56:21	,	189286	,	720	,10.515392,1999.9000,-0.20530558,-795.6695,595579.8750,38.340,604716.6250,1999.9000,
	2026/04/30 11:56:21	,	190286	,	721	,10.515374,1999.9000,-0.20529245,-795.5400,595579.8750,38.350,604713.0000,1999.9000,
	2026/04/30 11:56:21	,	191286	,	722	,10.515374,1999.9000,-0.20528458,-795.4320,595579.8750,38.357,604720.6250,1999.9000,
	2026/04/30 11:56:21	,	192286	,	723	,10.515378,1999.9000,-0.20527932,-795.3420,595456.5625,38.364,604823.6250,1999.9000,
	2026/04/30 11:56:21	,	193286	,	724	,10.515383,1999.9000,-0.20822147,-795.0681,595422.3750,38.369,604851.6875,1999.9000,
	2026/04/30 11:56:21	,	194286	,	725	,10.515387,1999.9000,-0.21078026,-794.8398,595404.5000,38.369,604945.6250,1999.9000,
	2026/04/30 11:56:21	,	195286	,	726	,10.515368,1999.9000,-0.21303019,-794.2518,595386.0000,38.367,604979.5000,1999.9000,
	2026/04/30 11:56:21	,	196286	,	727	,10.515355,1999.9000,-0.21804689,-793.7616,595152.6875,38.363,605085.7500,1999.9000,
	2026/04/30 11:56:21	,	197286	,	728	,10.515343,1999.9000,-0.22491017,-793.2537,594869.1250,38.359,605085.7500,1999.9000,
	2026/04/30 11:56:21	,	198286	,	729	,10.515332,1999.9000,-0.22498579,-792.9300,594869.1250,38.356,605085.7500,1999.9000,
	2026/04/30 11:56:21	,	199286	,	730	,10.515325,1999.9000,-0.22501101,-792.6602,594869.1250,38.350,605085.7500,1999.9000,
	2026/04/30 11:56:21	,	200286	,	731	,10.515317,1999.9000,-0.22502363,-792.4354,594869.1250,38.346,605085.7500,1999.9000,
	2026/04/30 11:56:21	,	201286	,	732	,10.515306,1999.9000,-0.22503118,-792.3475,594869.1250,38.345,605075.1875,1999.9000,
	2026/04/30 11:56:21	,	202286	,	733	,10.515297,1999.9000,-0.22503622,-792.2742,594876.5625,38.344,604939.6250,1999.9000,
	2026/04/30 11:56:21	,	203286	,	734	,10.515300,1999.9000,-0.22113505,-792.2131,594973.3750,38.341,604901.2500,1999.9000,
	2026/04/30 11:56:21	,	204286	,	735	,10.515322,1999.9000,-0.21758683,-792.1623,594982.8750,38.338,604792.8125,1999.9000,
	2026/04/30 11:56:21	,	205286	,	736	,10.515340,1999.9000,-0.21463731,-792.1199,594997.3750,38.338,604763.5000,1999.9000,
	2026/04/30 11:56:21	,	206286	,	737	,10.515360,1999.9000,-0.20978446,-792.5820,595208.0625,38.340,604673.1875,1999.9000,
	2026/04/30 11:56:21	,	207286	,	738	,10.515381,1999.9000,-0.20298420,-792.4697,595500.0625,38.342,604673.1875,1999.9000,
	2026/04/30 11:56:21	,	208286	,	739	,10.515399,1999.9000,-0.19988343,-792.3761,595501.3125,38.345,604673.1875,1999.9000,
	2026/04/30 11:56:21	,	209286	,	740	,10.515414,1999.9000,-0.19988343,-792.1986,595501.6875,38.350,604673.1875,1999.9000,
	2026/04/30 11:56:21	,	210286	,	741	,10.515427,1999.9000,-0.19988343,-791.9512,595501.8125,38.355,604673.1875,1999.9000,
	2026/04/30 11:56:21	,	211286	,	742	,10.515437,1999.9000,-0.19988343,-791.8445,595501.9375,38.365,604682.2500,1999.9000,
	2026/04/30 11:56:21	,	212286	,	743	,10.515447,1999.9000,-0.19988343,-792.0540,595502.0000,38.373,604795.2500,1999.9000,
	2026/04/30 11:56:21	,	213286	,	744	,10.515449,1999.9000,-0.20304723,-792.2287,595420.8125,38.380,604819.4375,1999.9000,
	2026/04/30 11:56:21	,	214286	,	745	,10.515450,1999.9000,-0.20583288,-792.0757,595405.3125,38.381,604907.0000,1999.9000,
	2026/04/30 11:56:21	,	215286	,	746	,10.515422,1999.9000,-0.20829710,-791.9484,595388.4375,38.382,604938.6875,1999.9000,
	2026/04/30 11:56:21	,	216286	,	747	,10.515374,1999.9000,-0.21252601,-792.1405,595218.8125,38.383,605045.3125,1999.9000,
	2026/04/30 11:56:21	,	217286	,	748	,10.515325,1999.9000,-0.21984306,-792.3007,594941.1250,38.380,605045.3125,1999.9000,
	2026/04/30 11:56:21	,	218286	,	749	,10.515273,1999.9000,-0.22573580,-792.5337,594914.0625,38.378,605045.3125,1999.9000,
	2026/04/30 11:56:21	,	219286	,	750	,10.515230,1999.9000,-0.22573580,-792.9268,594905.0625,38.378,605045.3125,1999.9000,
	2026/04/30 11:56:21	,	220286	,	751	,10.515194,1999.9000,-0.22573580,-793.3538,594900.5000,38.377,605045.3125,1999.9000,
	2026/04/30 11:56:21	,	221286	,	752	,10.515174,1999.9000,-0.22573580,-793.6102,594897.7500,38.375,605043.3750,1999.9000,
	2026/04/30 11:56:21	,	222286	,	753	,10.515167,1999.9000,-0.22573580,-793.6249,594897.7500,38.374,604949.8750,1999.9000,
	2026/04/30 11:56:21	,	223286	,	754	,10.515152,1999.9000,-0.22538811,-793.8362,594907.5000,38.373,604949.8750,1999.9000,
	2026/04/30 11:56:21	,	224286	,	755	,10.515169,1999.9000,-0.22119808,-794.0122,594920.4375,38.372,604918.1250,1999.9000,
	2026/04/30 11:56:21	,	225286	,	756	,10.515203,1999.9000,-0.22029683,-794.1589,594932.8750,38.372,604826.0625,1999.9000,
	2026/04/30 11:56:21	,	226286	,	757	,10.515236,1999.9000,-0.21650282,-794.2811,595116.9375,38.371,604791.0000,1999.9000,
	2026/04/30 11:56:21	,	227286	,	758	,10.515268,1999.9000,-0.21035169,-794.3829,595404.1250,38.371,604697.3750,1999.9000,
	2026/04/30 11:56:21	,	228286	,	759	,10.515295,1999.9000,-0.20508291,-794.0699,595525.6250,38.364,604697.3750,1999.9000,
	2026/04/30 11:56:21	,	229286	,	760	,10.515317,1999.9000,-0.20508291,-793.8091,595525.6250,38.357,604697.3750,1999.9000,
	2026/04/30 11:56:21	,	230286	,	761	,10.515317,1999.9000,-0.20508291,-793.2933,595525.6250,38.351,604697.3750,1999.9000,
	2026/04/30 11:56:21	,	231286	,	762	,10.515331,1999.9000,-0.20508291,-792.8635,595525.6250,38.342,604697.3750,1999.9000,
	2026/04/30 11:56:21	,	232286	,	763	,10.515334,1999.9000,-0.20508291,-792.5053,595525.6250,38.334,604699.7500,1999.9000,
	2026/04/30 11:56:21	,	233286	,	764	,10.515346,1999.9000,-0.20526986,-792.2068,595430.3125,38.327,604783.1875,1999.9000,
	2026/04/30 11:56:21	,	234286	,	765	,10.515346,1999.9000,-0.20828451,-791.9581,595410.6250,38.327,604811.5625,1999.9000,
	2026/04/30 11:56:21	,	235286	,	766	,10.515341,1999.9000,-0.20910381,-792.1487,595410.6250,38.330,604895.5000,1999.9000,
	2026/04/30 11:56:21	,	236286	,	767	,10.515335,1999.9000,-0.21238104,-792.6059,595399.3750,38.334,604922.0625,1999.9000,
	2026/04/30 11:56:21	,	237286	,	768	,10.515331,1999.9000,-0.21846916,-792.9869,595298.6875,38.341,605021.7500,1999.9000,
	2026/04/30 11:56:21	,	238286	,	769	,10.515334,1999.9000,-0.22450052,-793.3044,595062.1250,38.350,605029.8750,1999.9000,
	2026/04/30 11:56:21	,	239286	,	770	,10.515335,1999.9000,-0.22450052,-793.5691,594853.0000,38.358,605032.6250,1999.9000,
	2026/04/30 11:56:21	,	240286	,	771	,10.515352,1999.9000,-0.22450052,-793.7896,594853.0000,38.369,605034.0000,1999.9000,
	2026/04/30 11:56:21	,	241286	,	772	,10.515366,1999.9000,-0.22450052,-793.9733,594853.0000,38.378,605034.7500,1999.9000,
	2026/04/30 11:56:21	,	242286	,	773	,10.515362,1999.9000,-0.22450052,-794.1547,594853.0000,38.383,605025.0000,1999.9000,
	2026/04/30 11:56:21	,	243286	,	774	,10.515368,1999.9000,-0.22415598,-794.1547,594853.0000,38.383,605025.0000,1999.9000,
	2026/04/30 11:56:21	,	244286	,	775	,10.515378,1999.9000,-0.21933886,-794.0787,594954.2500,38.382,604908.8125,1999.9000,
	2026/04/30 11:56:21	,	245286	,	776	,10.515387,1999.9000,-0.21672970,-794.0153,594971.6250,38.380,604874.3125,1999.9000,
	2026/04/30 11:56:21	,	246286	,	777	,10.515388,1999.9000,-0.21400708,-793.9625,594979.9375,38.378,604769.8750,1999.9000,
	2026/04/30 11:56:21	,	247286	,	778	,10.515390,1999.9000,-0.20798200,-793.8190,595066.3125,38.370,604741.1875,1999.9000,
	2026/04/30 11:56:21	,	248286	,	779	,10.515396,1999.9000,-0.20171112,-793.6995,595313.5625,38.364,604722.1250,1999.9000,
	2026/04/30 11:56:21	,	249286	,	780	,10.515407,1999.9000,-0.20171112,-793.6993,595564.3750,38.358,604712.6875,1999.9000,
	2026/04/30 11:56:21	,	250286	,	781	,10.515416,1999.9000,-0.20171112,-793.5997,595564.3750,38.354,604706.9375,1999.9000,
	2026/04/30 11:56:21	,	251286	,	782	,10.515423,1999.9000,-0.20171112,-793.2183,595564.3750,38.356,604703.0625,1999.9000,
	2026/04/30 11:56:21	,	252286	,	783	,10.515429,1999.9000,-0.20171112,-793.2982,595564.3750,38.358,604699.8750,1999.9000,
	2026/04/30 11:56:21	,	253286	,	784	,10.515420,1999.9000,-0.20177519,-793.4644,595564.3750,38.354,604709.0000,1999.9000,
	2026/04/30 11:56:21	,	254286	,	785	,10.515413,1999.9000,-0.20471735,-793.5034,595445.8125,38.355,604820.0625,1999.9000,
	2026/04/30 11:56:21	,	255286	,	786	,10.515421,1999.9000,-0.20683494,-793.1380,595414.3125,38.355,604846.2500,1999.9000,
	2026/04/30 11:56:21	,	256286	,	787	,10.515413,1999.9000,-0.20788746,-793.2314,595394.8125,38.358,604939.0000,1999.9000,
	2026/04/30 11:56:21	,	257286	,	788	,10.515407,1999.9000,-0.21431588,-793.3092,595377.8125,38.361,604975.5000,1999.9000,
	2026/04/30 11:56:21	,	258286	,	789	,10.515387,1999.9000,-0.22105943,-793.2746,595147.9375,38.364,605067.0625,1999.9000,
	2026/04/30 11:56:21	,	259286	,	790	,10.515368,1999.9000,-0.22438708,-793.2457,594862.5000,38.369,605067.0625,1999.9000,
	2026/04/30 11:56:21	,	260286	,	791	,10.515355,1999.9000,-0.22438708,-793.2217,594862.5000,38.369,605067.0625,1999.9000,
	2026/04/30 11:56:21	,	261286	,	792	,10.515358,1999.9000,-0.22438708,-793.2017,594862.5000,38.367,605067.0625,1999.9000,
	2026/04/30 11:56:21	,	262286	,	793	,10.515380,1999.9000,-0.22438708,-793.0856,594862.5000,38.366,605067.0625,1999.9000,
	2026/04/30 11:56:21	,	263286	,	794	,10.515384,1999.9000,-0.22438708,-792.8894,594862.5000,38.371,605056.2500,1999.9000,
	2026/04/30 11:56:21	,	264286	,	795	,10.515383,1999.9000,-0.22107832,-792.7258,594871.8125,38.375,604938.4375,1999.9000,
	2026/04/30 11:56:21	,	265286	,	796	,10.515366,1999.9000,-0.21807839,-792.4901,594972.7500,38.375,604906.1250,1999.9000,
	2026/04/30 11:56:21	,	266286	,	797	,10.515352,1999.9000,-0.21539989,-792.2936,594979.0625,38.376,604803.6875,1999.9000,
	2026/04/30 11:56:21	,	267286	,	798	,10.515330,1999.9000,-0.21019413,-792.1298,594992.2500,38.373,604775.6250,1999.9000,
	2026/04/30 11:56:21	,	268286	,	799	,10.515312,1999.9000,-0.20346950,-791.9934,595208.6875,38.371,604685.3125,1999.9000,
	2026/04/30 11:56:21	,	269286	,	800	,10.515286,1999.9000,-0.19881833,-791.8796,595511.3750,38.369,604685.3125,1999.9000,
	2026/04/30 11:56:21	,	270286	,	801	,10.515266,1999.9000,-0.19881833,-791.7849,595511.3750,38.370,604685.3125,1999.9000,
	2026/04/30 11:56:21	,	271286	,	802	,10.515250,1999.9000,-0.19881833,-791.7059,595511.3750,38.371,604685.3125,1999.9000,
	2026/04/30 11:56:21	,	272286	,	803	,10.515236,1999.9000,-0.19881833,-791.6401,595511.3750,38.369,604685.3125,1999.9000,
	2026/04/30 11:56:21	,	273286	,	804	,10.515224,1999.9000,-0.19881833,-791.8837,595504.3750,38.368,604694.6875,1999.9000,
	2026/04/30 11:56:21	,	274286	,	805	,10.515213,1999.9000,-0.19881833,-792.0866,595504.3750,38.369,604795.2500,1999.9000,
	2026/04/30 11:56:21	,	275286	,	806	,10.515215,1999.9000,-0.20124474,-792.2558,595398.7500,38.372,604821.7500,1999.9000,
	2026/04/30 11:56:21	,	276286	,	807	,10.515221,1999.9000,-0.20377830,-792.5958,595389.7500,38.375,604913.6250,1999.9000,
	2026/04/30 11:56:21	,	277286	,	808	,10.515225,1999.9000,-0.20615429,-792.8790,595381.8125,38.377,604944.4375,1999.9000,
	2026/04/30 11:56:21	,	278286	,	809	,10.515245,1999.9000,-0.21075505,-792.9161,595243.8125,38.378,605050.7500,1999.9000,
	2026/04/30 11:56:21	,	279286	,	810	,10.515262,1999.9000,-0.21797127,-792.7481,594976.3750,38.377,605050.7500,1999.9000,
	2026/04/30 11:56:21	,	280286	,	811	,10.515285,1999.9000,-0.22364970,-792.4092,594938.2500,38.375,605050.7500,1999.9000,
	2026/04/30 11:56:21	,	281286	,	812	,10.515314,1999.9000,-0.22364970,-792.1266,594925.5625,38.377,605050.7500,1999.9000,
	2026/04/30 11:56:21	,	282286	,	813	,10.515338,1999.9000,-0.22364970,-791.7918,594919.1875,38.379,605050.7500,1999.9000,
	2026/04/30 11:56:21	,	283286	,	814	,10.515349,1999.9000,-0.22364970,-791.4133,594915.3750,38.380,605046.5000,1999.9000,
	2026/04/30 11:56:21	,	284286	,	815	,10.515349,1999.9000,-0.22364970,-791.0979,594912.8125,38.381,604951.6250,1999.9000,
	2026/04/30 11:56:21	,	285286	,	816	,10.515347,1999.9000,-0.22151320,-790.8350,594934.7500,38.382,604809.6875,1999.9000,
	2026/04/30 11:56:21	,	286286	,	817	,10.515347,1999.9000,-0.21933886,-790.6160,594934.7500,38.383,604809.6875,1999.9000,
	2026/04/30 11:56:21	,	287286	,	818	,10.515347,1999.9000,-0.21848805,-790.4333,594945.9375,38.383,604780.4375,1999.9000,
	2026/04/30 11:56:21	,	288286	,	819	,10.515347,1999.9000,-0.21395034,-790.2813,595128.8750,38.385,604754.8125,1999.9000,
	2026/04/30 11:56:21	,	289286	,	820	,10.515347,1999.9000,-0.20706815,-790.9503,595410.6875,38.387,604742.0000,1999.9000,
	2026/04/30 11:56:21	,	290286	,	821	,10.515347,1999.9000,-0.20138969,-791.6072,595509.5625,38.387,604734.3125,1999.9000,
	2026/04/30 11:56:21	,	291286	,	822	,10.515347,1999.9000,-0.20138969,-792.2542,595509.5625,38.387,604729.1875,1999.9000,
	2026/04/30 11:56:21	,	292286	,	823	,10.515342,1999.9000,-0.20138969,-793.2907,595509.5625,38.385,604724.9375,1999.9000,
	2026/04/30 11:56:21	,	293286	,	824	,10.515337,1999.9000,-0.20138969,-794.1545,595509.5625,38.384,604723.3750,1999.9000,
	2026/04/30 11:56:21	,	294286	,	825	,10.515317,1999.9000,-0.20138969,-794.8743,595509.5625,38.383,604734.1250,1999.9000,
	2026/04/30 11:56:21	,	295286	,	826	,10.515301,1999.9000,-0.20158193,-795.3746,595423.8125,38.382,604843.0000,1999.9000,
	2026/04/30 11:56:21	,	296286	,	827	,10.515283,1999.9000,-0.20462914,-795.5927,595407.6875,38.381,604872.8750,1999.9000,
	2026/04/30 11:56:21	,	297286	,	828	,10.515262,1999.9000,-0.20549570,-795.4760,595400.7500,38.378,604963.7500,1999.9000,
	2026/04/30 11:56:21	,	298286	,	829	,10.515225,1999.9000,-0.20937482,-795.3786,595315.9375,38.378,605003.0000,1999.9000,
	2026/04/30 11:56:21	,	299286	,	830	,10.515195,1999.9000,-0.21603014,-795.1981,595077.0000,38.379,605016.0625,1999.9000,
	2026/04/30 11:56:21	,	300286	,	831	,10.515170,1999.9000,-0.22194807,-794.9481,594845.2500,38.376,605022.6250,1999.9000,
	2026/04/30 11:56:21	,	301286	,	832	,10.515148,1999.9000,-0.22194807,-794.6403,594845.2500,38.373,605026.5000,1999.9000,
	2026/04/30 11:56:21	,	302286	,	833	,10.515131,1999.9000,-0.22194807,-794.3839,594845.2500,38.372,605029.0625,1999.9000,
	2026/04/30 11:56:21	,	303286	,	834	,10.515136,1999.9000,-0.22194807,-794.1702,594845.2500,38.372,605031.1875,1999.9000,
	2026/04/30 11:56:21	,	304286	,	835	,10.515140,1999.9000,-0.22194807,-793.9922,594845.2500,38.371,605020.5000,1999.9000,
	2026/04/30 11:56:21	,	305286	,	836	,10.515144,1999.9000,-0.22175059,-793.8438,594946.0000,38.374,604897.9375,1999.9000,
	2026/04/30 11:56:21	,	306286	,	837	,10.515128,1999.9000,-0.21839353,-793.8195,594964.1250,38.376,604863.1875,1999.9000,
	2026/04/30 11:56:21	,	307286	,	838	,10.515114,1999.9000,-0.21742611,-793.6999,594972.3750,38.375,604760.8125,1999.9000,
	2026/04/30 11:56:21	,	308286	,	839	,10.515098,1999.9000,-0.21393774,-793.6002,595058.5625,38.373,604733.0000,1999.9000,
	2026/04/30 11:56:21	,	309286	,	840	,10.514950,1999.9000,-0.20812695,-793.5171,595311.1875,38.373,604723.3750,1999.9000,
	2026/04/30 11:56:21	,	310286	,	841	,10.514812,1999.9000,-0.20313546,-793.1494,595572.1250,38.372,604718.5625,1999.9000,
	2026/04/30 11:56:21	,	311286	,	842	,10.514647,1999.9000,-0.20313546,-793.1415,595572.1250,38.371,604715.6250,1999.9000,
	2026/04/30 11:56:21	,	312286	,	843	,10.514356,1999.9000,-0.20313546,-793.4333,595572.1250,38.371,604713.7500,1999.9000,
	2026/04/30 11:56:21	,	313286	,	844	,10.513988,1999.9000,-0.20313546,-793.3780,595572.1250,38.370,604712.1250,1999.9000,
	2026/04/30 11:56:21	,	314286	,	845	,10.513583,1999.9000,-0.20313546,-792.8345,595572.1250,38.370,604723.1250,1999.9000,
	2026/04/30 11:56:21	,	315286	,	846	,10.513017,1999.9000,-0.20641270,-792.2822,595467.8750,38.373,604837.5625,1999.9000,
	2026/04/30 11:56:21	,	316286	,	847	,10.508551,1999.9000,-0.20950715,-791.8219,595434.5000,38.375,604865.9375,1999.9000,
	2026/04/30 11:56:21	,	317286	,	848	,10.507567,1999.9000,-0.21221089,-791.4384,595413.4375,38.379,604952.8750,1999.9000,
	2026/04/30 11:56:21	,	318286	,	849	,10.506446,1999.9000,-0.21527384,-791.2182,595326.6875,38.385,604982.1875,1999.9000,
	2026/04/30 11:56:21	,	319286	,	850	,10.501670,1999.9000,-0.22175898,-791.4327,595146.1250,38.389,605008.2500,1999.9000,
	2026/04/30 11:56:21	,	320286	,	851	,10.500388,1999.9000,-0.22871052,-791.6113,594870.2500,38.394,605021.3125,1999.9000,
	2026/04/30 11:56:21	,	321286	,	852	,10.496129,1999.9000,-0.22871052,-791.4618,594870.2500,38.397,605029.1250,1999.9000,
	2026/04/30 11:56:21	,	322286	,	853	,10.494356,1999.9000,-0.22871052,-791.6357,594870.2500,38.400,605034.3750,1999.9000,
	2026/04/30 11:56:21	,	323286	,	854	,10.489218,1999.9000,-0.22871052,-791.7805,594870.2500,38.399,605038.6875,1999.9000,
	2026/04/30 11:56:21	,	324286	,	855	,10.487520,1999.9000,-0.22871052,-792.0007,594870.2500,38.396,605029.8125,1999.9000,
	2026/04/30 11:56:21	,	325286	,	856	,10.482188,1999.9000,-0.22839540,-792.1841,594880.0000,38.389,604914.2500,1999.9000,
	2026/04/30 11:56:21	,	326286	,	857	,10.480743,1999.9000,-0.22312661,-792.2376,594982.8750,38.384,604882.8125,1999.9000,
	2026/04/30 11:56:21	,	327286	,	858	,10.476469,1999.9000,-0.21990611,-792.2822,594990.3125,38.380,604778.9375,1999.9000,
	2026/04/30 11:56:21	,	328286	,	859	,10.474577,1999.9000,-0.21674229,-792.4187,595002.1875,38.377,604748.7500,1999.9000,
	2026/04/30 11:56:21	,	329286	,	860	,10.468903,1999.9000,-0.21053445,-792.5325,595212.8125,38.375,604731.7500,1999.9000,
	2026/04/30 11:56:21	,	330286	,	861	,10.464613,1999.9000,-0.20348839,-792.7269,595516.7500,38.374,604723.3750,1999.9000,
	2026/04/30 11:56:21	,	331286	,	862	,10.460472,1999.9000,-0.20313860,-793.1872,595516.7500,38.373,604718.3125,1999.9000,
	2026/04/30 11:56:21	,	332286	,	863	,10.458625,1999.9000,-0.20302202,-793.2725,595516.7500,38.372,604714.9375,1999.9000,
	2026/04/30 11:56:21	,	333286	,	864	,10.452876,1999.9000,-0.20296371,-793.5424,595516.7500,38.370,604712.1250,1999.9000,
	2026/04/30 11:56:21	,	334286	,	865	,10.448586,1999.9000,-0.20292872,-793.8668,595516.7500,38.368,604719.6875,1999.9000,
	2026/04/30 11:56:21	,	335286	,	866	,10.446635,1999.9000,-0.20290540,-794.2366,595509.4375,38.365,604815.7500,1999.9000,
	2026/04/30 11:56:21	,	336286	,	867	,10.440663,1999.9000,-0.20594002,-794.6443,595389.8125,38.357,604842.0625,1999.9000,
	2026/04/30 11:56:21	,	337286	,	868	,10.436552,1999.9000,-0.20865634,-794.9841,595375.2500,38.349,604938.4375,1999.9000,
	2026/04/30 11:56:21	,	338286	,	869	,10.432292,1999.9000,-0.21117729,-795.2672,595367.0000,38.343,604973.1875,1999.9000,
	2026/04/30 11:56:21	,	339286	,	870	,10.427943,1999.9000,-0.21629483,-795.5032,595236.0625,38.338,605076.6875,1999.9000,
	2026/04/30 11:56:21	,	340286	,	871	,10.423594,1999.9000,-0.22129892,-795.5032,594971.5625,38.339,605076.6875,1999.9000,
	2026/04/30 11:56:21	,	341286	,	872	,10.421643,1999.9000,-0.22129892,-795.6003,594881.0000,38.339,605076.6875,1999.9000,
	2026/04/30 11:56:21	,	342286	,	873	,10.415610,1999.9000,-0.22129892,-795.6812,594881.0000,38.342,605076.6875,1999.9000,
	2026/04/30 11:56:21	,	343286	,	874	,10.411499,1999.9000,-0.22129892,-795.8481,594881.0000,38.347,605076.6875,1999.9000,
	2026/04/30 11:56:21	,	344286	,	875	,10.407031,1999.9000,-0.22129892,-795.8878,594881.0000,38.350,605066.3750,1999.9000,
	2026/04/30 11:56:21	,	345286	,	876	,10.405051,1999.9000,-0.20951977,-795.6223,594881.0000,38.355,604937.8125,1999.9000,
	2026/04/30 11:56:21	,	346286	,	877	,10.399317,1999.9000,-0.19275545,-795.0033,594893.0000,38.359,604903.4375,1999.9000,
	2026/04/30 11:56:21	,	347286	,	878	,10.397335,1999.9000,-0.17028746,-794.4874,594984.6250,38.359,604795.2500,1999.9000,
	2026/04/30 11:56:21	,	348286	,	879	,10.391333,1999.9000,-0.14384267,-793.9579,594993.5625,38.360,604765.3750,1999.9000,
	2026/04/30 11:56:21	,	349286	,	880	,10.387074,1999.9000,-0.11293580,-793.2184,595128.8750,38.362,604741.9375,1999.9000,
	2026/04/30 11:56:21	,	350286	,	881	,10.385167,1999.9000,-0.07543033,-792.5026,595413.0625,38.363,604730.2500,1999.9000,
	2026/04/30 11:56:21	,	351286	,	882	,10.379388,1999.9000,-0.03137040,-791.9061,595498.8750,38.364,604723.1875,1999.9000,
	2026/04/30 11:56:21	,	352286	,	883	,10.377526,1999.9000,0.02139943,-791.0111,595498.8750,38.364,604718.4375,1999.9000,
	2026/04/30 11:56:21	,	353286	,	884	,10.371970,1999.9000,0.07871959,-789.3701,595498.8750,38.363,604714.4375,1999.9000,
	2026/04/30 11:56:21	,	354286	,	885	,10.370109,1999.9000,0.12809241,-785.7146,595498.8750,38.364,604721.3750,1999.9000,
	2026/04/30 11:56:21	,	355286	,	886	,10.364702,1999.9000,0.16481005,-782.6684,595498.8750,38.365,604818.1875,1999.9000,
	2026/04/30 11:56:21	,	356286	,	887	,10.363078,1999.9000,0.19296280,-780.1299,595394.0000,38.364,604841.7500,1999.9000,
	2026/04/30 11:56:21	,	357286	,	888	,10.357910,1999.9000,0.21464299,-778.0144,595377.5625,38.363,604866.5000,1999.9000,
	2026/04/30 11:56:21	,	358286	,	889	,10.356272,1999.9000,0.22980019,-776.2516,595367.3750,38.364,604958.3125,1999.9000,
	2026/04/30 11:56:21	,	359286	,	890	,10.351744,1999.9000,0.23749542,-775.5784,595269.4375,38.363,604984.9375,1999.9000,
	2026/04/30 11:56:21	,	360286	,	891	,10.350464,1999.9000,0.23815402,-775.8131,595036.5000,38.364,604993.7500,1999.9000,
	2026/04/30 11:56:21	,	361286	,	892	,10.346233,1999.9000,0.24043861,-777.0034,594842.8750,38.366,604998.2500,1999.9000,
	2026/04/30 11:56:21	,	362286	,	893	,10.344758,1999.9000,0.24406879,-777.9954,594842.8750,38.371,605000.8750,1999.9000,
	2026/04/30 11:56:21	,	363286	,	894	,10.343453,1999.9000,0.24912961,-779.9162,594842.8750,38.372,605002.6875,1999.9000,
	2026/04/30 11:56:21	,	364286	,	895	,10.338340,1999.9000,0.25578493,-782.8101,594842.8750,38.372,604997.0000,1999.9000,
	2026/04/30 11:56:21	,	365286	,	896	,10.337207,1999.9000,0.26145077,-786.4154,594842.8750,38.371,604910.0000,1999.9000,
	2026/04/30 11:56:21	,	366286	,	897	,10.336006,1999.9000,0.26419860,-789.4198,594944.1250,38.371,604891.6250,1999.9000,
	2026/04/30 11:56:21	,	367286	,	898	,10.331249,1999.9000,0.26469332,-792.0229,594966.2500,38.369,604866.9375,1999.9000,
	2026/04/30 11:56:21	,	368286	,	899	,10.330207,1999.9000,0.26491919,-794.5900,594978.5000,38.367,604752.3750,1999.9000,
	2026/04/30 11:56:21	,	369286	,	900	,10.329333,1999.9000,0.26534092,-796.7294,595075.2500,38.366,604725.5625,1999.9000,
	2026/04/30 11:56:21	,	370286	,	901	,10.328486,1999.9000,0.27120057,-798.5121,595327.3125,38.358,604716.5625,1999.9000,
	2026/04/30 11:56:21	,	371286	,	902	,10.327699,1999.9000,0.27120057,-799.9978,595593.6250,38.352,604712.0625,1999.9000,
	2026/04/30 11:56:21	,	372286	,	903	,10.322999,1999.9000,0.27120057,-801.0369,595593.6250,38.347,604709.3125,1999.9000,
	2026/04/30 11:56:21	,	373286	,	904	,10.322522,1999.9000,0.27120057,-801.7038,595593.6250,38.345,604707.5625,1999.9000,
	2026/04/30 11:56:21	,	374286	,	905	,10.322005,1999.9000,0.27120060,-802.2596,595593.6250,38.343,604718.1250,1999.9000,
	2026/04/30 11:56:21	,	375286	,	906	,10.321465,1999.9000,0.26655567,-802.7228,595593.6250,38.341,604870.7500,1999.9000,
	2026/04/30 11:56:21	,	376286	,	907	,10.321098,1999.9000,0.26111042,-803.1088,595467.2500,38.344,604870.7500,1999.9000,
	2026/04/30 11:56:21	,	377286	,	908	,10.320704,1999.9000,0.25644669,-803.4304,595439.8750,38.348,604892.1250,1999.9000,
	2026/04/30 11:56:21	,	378286	,	909	,10.320308,1999.9000,0.25240055,-803.3005,595428.7500,38.350,604900.3125,1999.9000,
	2026/04/30 11:56:21	,	379286	,	910	,10.319937,1999.9000,0.24778092,-803.0928,595413.8125,38.351,604911.6250,1999.9000,
	2026/04/30 11:56:21	,	380286	,	911	,10.319628,1999.9000,0.23992184,-802.9197,595192.0000,38.353,604925.3125,1999.9000,
	2026/04/30 11:56:21	,	381286	,	912	,10.319366,1999.9000,0.23239048,-802.5765,594912.0000,38.351,604934.4375,1999.9000,
	2026/04/30 11:56:21	,	382286	,	913	,10.319147,1999.9000,0.22706498,-802.2905,594912.0000,38.352,604942.0625,1999.9000,
	2026/04/30 11:56:21	,	383286	,	914	,10.318965,1999.9000,0.22638747,-801.3558,594912.0000,38.352,604948.3750,1999.9000,
	2026/04/30 11:56:21	,	384286	,	915	,10.318819,1999.9000,0.22597678,-799.8807,594912.0000,38.350,604953.6875,1999.9000,
	2026/04/30 11:56:21	,	385286	,	916	,10.318697,1999.9000,0.22566426,-798.4525,594912.0000,38.348,604949.4375,1999.9000,
	2026/04/30 11:56:21	,	386286	,	917	,10.318624,1999.9000,0.22529781,-797.2622,594917.6875,38.344,604862.3125,1999.9000,
	2026/04/30 11:56:21	,	387286	,	918	,10.318644,1999.9000,0.22501777,-796.2704,595009.1250,38.340,604838.6875,1999.9000,
	2026/04/30 11:56:21	,	388286	,	919	,10.318783,1999.9000,0.22221217,-795.4438,595014.8125,38.340,604811.7500,1999.9000,
	2026/04/30 11:56:21	,	389286	,	920	,10.319049,1999.9000,0.21902944,-794.9540,595023.3750,38.342,604687.1250,1999.9000,
	2026/04/30 11:56:21	,	390286	,	921	,10.319425,1999.9000,0.21857885,-795.5406,595225.3750,38.348,604650.5625,1999.9000,
	2026/04/30 11:56:21	,	391286	,	922	,10.319955,1999.9000,0.21803369,-796.0294,595525.6250,38.353,604638.3750,1999.9000,
	2026/04/30 11:56:21	,	392286	,	923	,10.324548,1999.9000,0.21377957,-796.6357,595525.6250,38.360,604632.2500,1999.9000,
	2026/04/30 11:56:21	,	393286	,	924	,10.325336,1999.9000,0.20952545,-797.1409,595525.6250,38.366,604628.6250,1999.9000,
	2026/04/30 11:56:21	,	394286	,	925	,10.326335,1999.9000,0.20368314,-797.7609,595525.6250,38.371,604626.1250,1999.9000,
	2026/04/30 11:56:21	,	395286	,	926	,10.330981,1999.9000,0.19596902,-798.2775,595525.6250,38.375,604625.6250,1999.9000,
	2026/04/30 11:56:21	,	396286	,	927	,10.332129,1999.9000,0.18833058,-798.7080,595522.1875,38.379,604713.7500,1999.9000,
	2026/04/30 11:56:21	,	397286	,	928	,10.333324,1999.9000,0.18077402,-798.8679,595423.8125,38.381,604748.1875,1999.9000,
	2026/04/30 11:56:21	,	398286	,	929	,10.338577,1999.9000,0.17301577,-798.9016,595410.0625,38.384,604839.9375,1999.9000,
	2026/04/30 11:56:21	,	399286	,	930	,10.339963,1999.9000,0.16478488,-798.5317,595398.6250,38.381,604868.6250,1999.9000,
	2026/04/30 11:56:21	,	400286	,	931	,10.344654,1999.9000,0.15319480,-798.2236,595249.1875,38.379,604949.8750,1999.9000,
	2026/04/30 11:56:21	,	401286	,	932	,10.346085,1999.9000,0.13984634,-797.9667,594971.0000,38.376,604986.7500,1999.9000,
	2026/04/30 11:56:21	,	402286	,	933	,10.350314,1999.9000,0.12831929,-797.6533,594944.5000,38.368,604999.0000,1999.9000,
	2026/04/30 11:56:21	,	403286	,	934	,10.351983,1999.9000,0.11832370,-797.3920,594935.6875,38.362,605005.1250,1999.9000,
	2026/04/30 11:56:21	,	404286	,	935	,10.356868,1999.9000,0.11037641,-797.1744,594931.1875,38.357,605008.8750,1999.9000,
	2026/04/30 11:56:21	,	405286	,	936	,10.358700,1999.9000,0.10468539,-797.0924,594928.5000,38.353,605011.3125,1999.9000,
	2026/04/30 11:56:21	,	406286	,	937	,10.364345,1999.9000,0.09869811,-797.1237,594926.7500,38.348,605001.0625,1999.9000,
	2026/04/30 11:56:21	,	407286	,	938	,10.366341,1999.9000,0.09160161,-797.2491,594937.3750,38.344,604890.6875,1999.9000,
	2026/04/30 11:56:21	,	408286	,	939	,10.372387,1999.9000,0.08376149,-797.9504,594949.6875,38.340,604857.4375,1999.9000,
	2026/04/30 11:56:21	,	409286	,	940	,10.374161,1999.9000,0.07563140,-798.5349,594961.3125,38.337,604753.0000,1999.9000,
	2026/04/30 11:56:21	,	410286	,	941	,10.379716,1999.9000,0.07017985,-799.0221,595140.1875,38.335,604720.9375,1999.9000,
	2026/04/30 11:56:21	,	411286	,	942	,10.383737,1999.9000,0.06633538,-799.4280,595426.1875,38.333,604626.6875,1999.9000,
	2026/04/30 11:56:21	,	412286	,	943	,10.388056,1999.9000,0.06040485,-799.7663,595571.5000,38.331,604626.6875,1999.9000,
	2026/04/30 11:56:21	,	413286	,	944	,10.390022,1999.9000,0.05247644,-800.0482,595571.5000,38.332,604626.6875,1999.9000,
	2026/04/30 11:56:21	,	414286	,	945	,10.396516,1999.9000,0.04218466,-800.1836,595571.5000,38.334,604626.6875,1999.9000,
	2026/04/30 11:56:21	,	415286	,	946	,10.400776,1999.9000,0.02903158,-800.2964,595571.5000,38.335,604626.6875,1999.9000,
	2026/04/30 11:56:21	,	416286	,	947	,10.405334,1999.9000,0.01523569,-800.3905,595571.5000,38.336,604638.2500,1999.9000,
	2026/04/30 11:56:21	,	417286	,	948	,10.409832,1999.9000,0.00186835,-800.4689,595476.1875,38.338,604759.6250,1999.9000,
	2026/04/30 11:56:21	,	418286	,	949	,10.414330,1999.9000,-0.01160614,-800.3353,595452.1250,38.345,604786.1250,1999.9000,
	2026/04/30 11:56:21	,	419286	,	950	,10.414330,1999.9000,-0.02694613,-800.2239,595437.7500,38.350,604879.8125,1999.9000,
	2026/04/30 11:56:21	,	420286	,	951	,10.420391,1999.9000,-0.04900446,-800.0316,595330.8125,38.361,604913.3125,1999.9000,
	2026/04/30 11:56:21	,	421286	,	952	,10.426782,1999.9000,-0.07952689,-799.2745,595093.1250,38.370,605028.9375,1999.9000,
	2026/04/30 11:56:21	,	422286	,	953	,10.426782,1999.9000,-0.11315008,-798.4446,594842.2500,38.371,605028.9375,1999.9000,
	2026/04/30 11:56:21	,	423286	,	954	,10.430833,1999.9000,-0.14758629,-797.7531,594842.2500,38.375,605028.9375,1999.9000,
	2026/04/30 11:56:21	,	424286	,	955	,10.432814,1999.9000,-0.18273465,-795.3862,594842.2500,38.379,605028.9375,1999.9000,
	2026/04/30 11:56:21	,	425286	,	956	,10.438965,1999.9000,-0.21849437,-791.9218,594842.2500,38.381,605028.9375,1999.9000,
	2026/04/30 11:56:21	,	426286	,	957	,10.440797,1999.9000,-0.25831911,-788.9352,594842.2500,38.384,605021.5000,1999.9000,
	2026/04/30 11:56:21	,	427286	,	958	,10.446412,1999.9000,-0.30801338,-786.4465,594946.5000,38.386,604899.1250,1999.9000,
	2026/04/30 11:56:21	,	428286	,	959	,10.448334,1999.9000,-0.37243629,-784.3725,594967.6875,38.391,604869.8750,1999.9000,
	2026/04/30 11:56:21	,	429286	,	960	,10.453979,1999.9000,-0.45284835,-782.6442,594975.1250,38.391,604788.0000,1999.9000,
	2026/04/30 11:56:21	,	430286	,	961	,10.455959,1999.9000,-0.54692394,-781.2040,594994.0625,38.392,604763.8750,1999.9000,
	2026/04/30 11:56:21	,	431286	,	962	,10.461634,1999.9000,-0.65366739,-781.2969,595298.6875,38.394,604755.6250,1999.9000,
	2026/04/30 11:56:21	,	432286	,	963	,10.463586,1999.9000,-0.77847970,-781.9712,595567.3750,38.396,604751.5000,1999.9000,
	2026/04/30 11:56:21	,	433286	,	964	,10.469021,1999.9000,-0.92361087,-782.8315,595567.3750,38.398,604749.0625,1999.9000,
	2026/04/30 11:56:21	,	434286	,	965	,10.470749,1999.9000,-1.08944535,-783.5484,595567.3750,38.399,604747.3750,1999.9000,
	2026/04/30 11:56:21	,	435286	,	966	,10.475664,1999.9000,-1.27581310,-784.1459,595567.3750,38.398,604746.0000,1999.9000,
	2026/04/30 11:56:21	,	436286	,	967	,10.477303,1999.9000,-1.47844720,-784.6437,595567.3750,38.396,604753.4375,1999.9000,
	2026/04/30 11:56:21	,	437286	,	968	,10.481741,1999.9000,-1.69258308,-785.0586,595450.6250,38.392,604841.7500,1999.9000,
	2026/04/30 11:56:21	,	438286	,	969	,10.483037,1999.9000,-1.91662014,-785.4044,595420.5000,38.391,604867.4375,1999.9000,
	2026/04/30 11:56:21	,	439286	,	970	,10.487460,1999.9000,-2.15035653,-785.3941,595408.6875,38.390,604888.5000,1999.9000,
	2026/04/30 11:56:21	,	440286	,	971	,10.489039,1999.9000,-2.39478803,-784.3908,595392.9375,38.389,604972.1875,1999.9000,
	2026/04/30 11:56:21	,	441286	,	972	,10.493269,1999.9000,-2.64951134,-782.0626,595158.6250,38.389,605002.7500,1999.9000,
	2026/04/30 11:56:21	,	442286	,	973	,10.494387,1999.9000,-2.90553284,-780.1225,594880.3750,38.389,605012.9375,1999.9000,
	2026/04/30 11:56:21	,	443286	,	974	,10.495632,1999.9000,-3.15712404,-778.5057,594880.3750,38.384,605018.0000,1999.9000,
	2026/04/30 11:56:21	,	444286	,	975	,10.500687,1999.9000,-3.15712404,-777.1583,594880.3750,38.380,605021.0625,1999.9000,
	2026/04/30 11:56:21	,	445286	,	976	,10.501863,1999.9000,-3.40125918,-776.0355,594880.3750,38.379,605023.0625,1999.9000,
	2026/04/30 11:56:21	,	446286	,	977	,10.502791,1999.9000,-3.63517809,-775.5973,594880.3750,38.380,605016.0625,1999.9000,
	2026/04/30 11:56:21	,	447286	,	978	,10.503740,1999.9000,-3.85814381,-775.5304,594886.2500,38.383,604907.0000,1999.9000,
	2026/04/30 11:56:21	,	448286	,	979	,10.508431,1999.9000,-4.06639338,-776.7679,594979.3125,38.385,604877.6875,1999.9000,
	2026/04/30 11:56:21	,	449286	,	980	,10.509340,1999.9000,-4.24807835,-778.3960,594986.7500,38.387,604772.9375,1999.9000,
	2026/04/30 11:56:21	,	450286	,	981	,10.510209,1999.9000,-4.38737965,-780.3495,595000.1250,38.388,604741.8125,1999.9000,
	2026/04/30 11:56:21	,	451286	,	982	,10.511001,1999.9000,-4.40445948,-783.1712,595224.1875,38.390,604646.0625,1999.9000,
	2026/04/30 11:56:21	,	452286	,	983	,10.511624,1999.9000,-4.40445948,-786.8157,595526.2500,38.391,604619.7500,1999.9000,
	2026/04/30 11:56:21	,	453286	,	984	,10.512179,1999.9000,-4.40445948,-790.0518,595529.5625,38.392,604611.0000,1999.9000,
	2026/04/30 11:56:21	,	454286	,	985	,10.512792,1999.9000,-4.40445948,-793.1464,595530.6250,38.389,604606.6250,1999.9000,
	2026/04/30 11:56:21	,	455286	,	986	,10.513365,1999.9000,-4.40445948,-796.5211,595531.1875,38.386,604603.9375,1999.9000,
	2026/04/30 11:56:21	,	456286	,	987	,10.513853,1999.9000,-4.32377005,-799.6317,595531.5625,38.380,604602.1250,1999.9000,
	2026/04/30 11:56:21	,	457286	,	988	,10.514295,1999.9000,-4.23752165,-802.2238,595531.7500,38.375,604610.0625,1999.9000,
	2026/04/30 11:56:21	,	458286	,	989	,10.514663,1999.9000,-4.15453243,-804.3840,595450.0000,38.366,604705.8750,1999.9000,
	2026/04/30 11:56:21	,	459286	,	990	,10.514969,1999.9000,-4.02219486,-806.1842,595434.8125,38.359,604797.0625,1999.9000,
	2026/04/30 11:56:21	,	460286	,	991	,10.515224,1999.9000,-4.02219486,-807.6843,595421.8125,38.353,604902.1875,1999.9000,
	2026/04/30 11:56:21	,	461286	,	992	,10.515438,1999.9000,-3.97417688,-808.6360,595268.3125,38.354,605001.8125,1999.9000,
	2026/04/30 11:56:21	,	462286	,	993	,10.515615,1999.9000,-3.93596578,-808.1359,594998.3750,38.356,605014.1875,1999.9000,
	2026/04/30 11:56:21	,	463286	,	994	,10.515759,1999.9000,-3.89975214,-807.3213,594962.6250,38.357,605018.2500,1999.9000,
	2026/04/30 11:56:21	,	464286	,	995	,10.515729,1999.9000,-3.86039996,-806.2445,594950.6875,38.354,605020.3750,1999.9000,
	2026/04/30 11:56:21	,	465286	,	996	,10.515560,1999.9000,-3.81840754,-805.1482,594944.7500,38.352,605021.6250,1999.9000,
	2026/04/30 11:56:21	,	466286	,	997	,10.515295,1999.9000,-3.77458048,-804.2347,594941.1875,38.353,605022.5000,1999.9000,
	2026/04/30 11:56:21	,	467286	,	998	,10.514895,1999.9000,-3.73122025,-803.3739,594938.8125,38.362,604940.8125,1999.9000,
	2026/04/30 11:56:21	,	468286	,	999	,10.514330,1999.9000,-3.69194365,-802.4576,594950.8750,38.369,604849.6250,1999.9000,
	2026/04/30 11:56:21	,	469286	,	1000	,10.510010,1999.9000,-3.65757060,-801.8930,595041.2500,38.376,604768.0625,1999.9000,
	2026/04/30 11:56:21	,	470286	,	1001	,10.509221,1999.9000,-3.62736940,-801.2235,595043.1250,38.377,604738.1250,1999.9000,
	2026/04/30 11:56:21	,	471286	,	1002	,10.508292,1999.9000,-3.59988475,-800.6656,595161.0625,38.375,604651.5000,1999.9000,
	2026/04/30 11:56:21	,	472286	,	1003	,10.507299,1999.9000,-3.57067990,-799.9023,595448.1875,38.374,604651.5000,1999.9000,
	2026/04/30 11:56:21	,	473286	,	1004	,10.501938,1999.9000,-3.54103351,-799.0673,595534.0000,38.375,604651.5000,1999.9000,
	2026/04/30 11:56:21	,	474286	,	1005	,10.500701,1999.9000,-3.51266003,-798.2720,595534.0000,38.375,604651.5000,1999.9000,
	2026/04/30 11:56:21	,	475286	,	1006	,10.499395,1999.9000,-3.48411012,-797.7087,595534.0000,38.381,604651.5000,1999.9000,
	2026/04/30 11:56:21	,	476286	,	1007	,10.493954,1999.9000,-3.45615911,-797.1398,595534.0000,38.382,604652.6250,1999.9000,
	2026/04/30 11:56:21	,	477286	,	1008	,10.492390,1999.9000,-3.42990994,-796.4667,595534.0000,38.381,604663.1250,1999.9000,
	2026/04/30 11:56:21	,	478286	,	1009	,10.487401,1999.9000,-3.40413308,-795.6075,595435.1250,38.381,604769.2500,1999.9000,
	2026/04/30 11:56:21	,	479286	,	1010	,10.485763,1999.9000,-3.37781405,-794.8914,595415.7500,38.379,604799.5000,1999.9000,
	2026/04/30 11:56:21	,	480286	,	1011	,10.480490,1999.9000,-3.34971213,-794.2947,595401.8125,38.375,604922.0625,1999.9000,
	2026/04/30 11:56:21	,	481286	,	1012	,10.478882,1999.9000,-3.31748772,-794.0958,595295.0625,38.376,605025.3750,1999.9000,
	2026/04/30 11:56:21	,	482286	,	1013	,10.473846,1999.9000,-3.28071332,-794.1290,595070.5000,38.376,605045.9375,1999.9000,
	2026/04/30 11:56:21	,	483286	,	1014	,10.472045,1999.9000,-3.23404431,-794.4551,594870.8750,38.373,605052.7500,1999.9000,
	2026/04/30 11:56:21	,	484286	,	1015	,10.466430,1999.9000,-3.16898489,-794.7269,594870.8750,38.371,605056.1875,1999.9000,
	2026/04/30 11:56:21	,	485286	,	1016	,10.464672,1999.9000,-3.08267379,-795.4509,594870.8750,38.369,605058.2500,1999.9000,
	2026/04/30 11:56:21	,	486286	,	1017	,10.459131,1999.9000,-2.97469521,-796.2530,594870.8750,38.367,605059.5625,1999.9000,
	2026/04/30 11:56:21	,	487286	,	1018	,10.454871,1999.9000,-2.84526324,-797.3194,594870.8750,38.366,605046.3750,1999.9000,
	2026/04/30 11:56:21	,	488286	,	1019	,10.450612,1999.9000,-2.69865084,-798.8049,594973.9375,38.371,604904.5625,1999.9000,
	2026/04/30 11:56:21	,	489286	,	1020	,10.446590,1999.9000,-2.53771329,-800.0427,595001.6250,38.375,604870.4375,1999.9000,
	2026/04/30 11:56:21	,	490286	,	1021	,10.441914,1999.9000,-2.36449885,-801.0743,595017.0000,38.378,604760.2500,1999.9000,
	2026/04/30 11:56:21	,	491286	,	1022	,10.437774,1999.9000,-2.18162894,-801.9340,595106.1875,38.383,604728.5000,1999.9000,
	2026/04/30 11:56:21	,	492286	,	1023	,10.433455,1999.9000,-1.98885810,-802.6504,595347.5625,38.387,604637.0000,1999.9000,
	2026/04/30 11:56:21	,	493286	,	1024	,10.428986,1999.9000,-1.78811467,-802.4516,595571.5000,38.390,604637.0000,1999.9000,
	2026/04/30 11:56:21	,	494286	,	1025	,10.427138,1999.9000,-1.58710027,-801.0922,595571.5000,38.392,604637.0000,1999.9000,
	2026/04/30 11:56:21	,	495286	,	1026	,10.421449,1999.9000,-1.38954580,-798.6663,595571.5000,38.390,604637.0000,1999.9000,
	2026/04/30 11:56:21	,	496286	,	1027	,10.417338,1999.9000,-1.19878542,-795.8488,595571.5000,38.386,604637.0000,1999.9000,
	2026/04/30 11:56:21	,	497286	,	1028	,10.415358,1999.9000,-1.01660252,-792.6057,595571.5000,38.383,604640.8750,1999.9000,
	2026/04/30 11:56:21	,	498286	,	1029	,10.409414,1999.9000,-0.84759164,-789.6047,595450.6250,38.381,604653.3125,1999.9000,
	2026/04/30 11:56:21	,	499286	,	1030	,10.405066,1999.9000,-0.70104235,-786.3080,595415.1250,38.380,604780.1250,1999.9000,
	2026/04/30 11:56:21	,	500286	,	1031	,10.400746,1999.9000,-0.57933712,-783.5608,595399.0000,38.380,604872.5625,1999.9000,
	2026/04/30 11:56:21	,	501286	,	1032	,10.398973,1999.9000,-0.47664613,-781.2715,595379.1250,38.378,604912.4375,1999.9000,
	2026/04/30 11:56:21	,	502286	,	1033	,10.393716,1999.9000,-0.38795903,-779.0653,595128.2500,38.376,605036.2500,1999.9000,
	2026/04/30 11:56:21	,	503286	,	1034	,10.389397,1999.9000,-0.30834737,-777.2267,594853.6250,38.375,605036.2500,1999.9000,
	2026/04/30 11:56:21	,	504286	,	1035	,10.385345,1999.9000,-0.22975671,-775.6946,594853.6250,38.380,605036.2500,1999.9000,
	2026/04/30 11:56:21	,	505286	,	1036	,10.380907,1999.9000,-0.15030260,-774.4179,594853.6250,38.384,605036.2500,1999.9000,
	2026/04/30 11:56:21	,	506286	,	1037	,10.378971,1999.9000,-0.07007333,-773.3539,594853.6250,38.389,605036.2500,1999.9000,
	2026/04/30 11:56:21	,	507286	,	1038	,10.372984,1999.9000,0.00484307,-772.4673,594853.6250,38.392,605029.0000,1999.9000,
	2026/04/30 11:56:21	,	508286	,	1039	,10.371062,1999.9000,0.06341108,-771.7285,594861.1250,38.388,604907.6250,1999.9000,
	2026/04/30 11:56:21	,	509286	,	1040	,10.365715,1999.9000,0.10419378,-771.1127,594965.6250,38.385,604821.8125,1999.9000,
	2026/04/30 11:56:21	,	510286	,	1041	,10.364136,1999.9000,0.13345574,-770.5997,594976.0625,38.382,604783.8125,1999.9000,
	2026/04/30 11:56:21	,	511286	,	1042	,10.359341,1999.9000,0.15623882,-772.3606,594988.2500,38.380,604664.8125,1999.9000,
	2026/04/30 11:56:21	,	512286	,	1043	,10.357806,1999.9000,0.17880137,-775.2205,595195.5625,38.385,604642.1875,1999.9000,
	2026/04/30 11:56:21	,	513286	,	1044	,10.353055,1999.9000,0.20620409,-777.7034,595500.0625,38.390,604634.5625,1999.9000,
	2026/04/30 11:56:21	,	514286	,	1045	,10.351505,1999.9000,0.23193671,-779.9713,595500.0625,38.387,604630.7500,1999.9000,
	2026/04/30 11:56:21	,	515286	,	1046	,10.347276,1999.9000,0.23559839,-781.9608,595500.0625,38.383,604628.5000,1999.9000,
	2026/04/30 11:56:21	,	516286	,	1047	,10.345906,1999.9000,0.23559839,-784.5139,595500.0625,38.381,604627.0000,1999.9000,
	2026/04/30 11:56:21	,	517286	,	1048	,10.341854,1999.9000,0.23776011,-786.7410,595500.0625,38.379,604722.1250,1999.9000,
	2026/04/30 11:56:21	,	518286	,	1049	,10.340513,1999.9000,0.24287134,-789.1937,595493.2500,38.377,604844.7500,1999.9000,
	2026/04/30 11:56:21	,	519286	,	1050	,10.339282,1999.9000,0.24374738,-791.2377,595383.8750,38.374,604875.5625,1999.9000,
	2026/04/30 11:56:21	,	520286	,	1051	,10.334526,1999.9000,0.24403942,-792.9410,595371.3125,38.370,604978.2500,1999.9000,
	2026/04/30 11:56:21	,	521286	,	1052	,10.333350,1999.9000,0.24418543,-794.6588,595359.1875,38.364,605075.5000,1999.9000,
	2026/04/30 11:56:21	,	522286	,	1053	,10.332212,1999.9000,0.24427304,-796.1898,595215.8125,38.358,605075.5000,1999.9000,
	2026/04/30 11:56:21	,	523286	,	1054	,10.328212,1999.9000,0.24433145,-797.4656,594959.0000,38.357,605075.5000,1999.9000,
	2026/04/30 11:56:21	,	524286	,	1055	,10.327303,1999.9000,0.24438013,-798.5289,594942.6875,38.357,605075.5000,1999.9000,
	2026/04/30 11:56:21	,	525286	,	1056	,10.326562,1999.9000,0.24442066,-799.9122,594937.1875,38.356,605075.5000,1999.9000,
	2026/04/30 11:56:21	,	526286	,	1057	,10.325933,1999.9000,0.24445450,-801.0650,594934.4375,38.347,605074.9375,1999.9000,
	2026/04/30 11:56:21	,	527286	,	1058	,10.325321,1999.9000,0.24452259,-801.5283,594932.8125,38.340,605068.2500,1999.9000,
	2026/04/30 11:56:21	,	528286	,	1059	,10.324706,1999.9000,0.24457930,-801.9144,594931.6875,38.334,604980.6875,1999.9000,
	2026/04/30 11:56:21	,	529286	,	1060	,10.324054,1999.9000,0.24462658,-802.2362,594942.1250,38.331,604980.6875,1999.9000,
	2026/04/30 11:56:21	,	530286	,	1061	,10.323402,1999.9000,0.24466595,-802.1064,594955.0625,38.332,604947.4375,1999.9000,
	2026/04/30 11:56:21	,	531286	,	1062	,10.322779,1999.9000,0.24501282,-801.9982,595044.8750,38.329,604807.6875,1999.9000,
	2026/04/30 11:56:21	,	532286	,	1063	,10.322218,1999.9000,0.25218624,-801.9081,595170.5625,38.326,604807.6875,1999.9000,
	2026/04/30 11:56:21	,	533286	,	1064	,10.321648,1999.9000,0.25218624,-801.8329,595457.1250,38.324,604787.1875,1999.9000,
	2026/04/30 11:56:21	,	534286	,	1065	,10.321070,1999.9000,0.25218630,-801.3725,595481.8750,38.322,604777.0000,1999.9000,
	2026/04/30 11:56:21	,	535286	,	1066	,10.320578,1999.9000,0.25218624,-800.8893,595490.1250,38.321,604770.8750,1999.9000,
	2026/04/30 11:56:21	,	536286	,	1067	,10.320167,1999.9000,0.25218624,-800.4866,595494.1875,38.324,604766.8125,1999.9000,
	2026/04/30 11:56:21	,	537286	,	1068	,10.319825,1999.9000,0.24626835,-799.7532,595496.6875,38.327,604763.3750,1999.9000,
	2026/04/30 11:56:21	,	538286	,	1069	,10.319540,1999.9000,0.23731896,-799.1419,595498.3125,38.329,604775.0000,1999.9000,
	2026/04/30 11:56:21	,	539286	,	1070	,10.319303,1999.9000,0.23339885,-798.6326,595401.7500,38.330,604888.8750,1999.9000,
	2026/04/30 11:56:21	,	540286	,	1071	,10.319113,1999.9000,0.23319089,-798.2081,595387.1250,38.330,604900.6875,1999.9000,
	2026/04/30 11:56:21	,	541286	,	1072	,10.319045,1999.9000,0.23301446,-797.7549,595380.5000,38.330,604917.5000,1999.9000,
	2026/04/30 11:56:21	,	542286	,	1073	,10.319048,1999.9000,0.23283638,-797.3773,595284.9375,38.330,604936.8125,1999.9000,
	2026/04/30 11:56:21	,	543286	,	1074	,10.319244,1999.9000,0.22542636,-797.1620,595049.0000,38.331,605054.3750,1999.9000,
	2026/04/30 11:56:21	,	544286	,	1075	,10.319637,1999.9000,0.21437196,-796.9828,594850.0000,38.334,605054.3750,1999.9000,
	2026/04/30 11:56:21	,	545286	,	1076	,10.320138,1999.9000,0.20223990,-796.7338,594850.0000,38.336,605054.3750,1999.9000,
	2026/04/30 11:56:21	,	546286	,	1077	,10.320768,1999.9000,0.18934524,-796.4269,594850.0000,38.339,605054.3750,1999.9000,
	2026/04/30 11:56:21	,	547286	,	1078	,10.325858,1999.9000,0.17890221,-796.5689,594850.0000,38.345,605054.3750,1999.9000,
	2026/04/30 11:56:21	,	548286	,	1079	,10.326721,1999.9000,0.17580773,-796.6873,594850.0000,38.351,605044.0000,1999.9000,
	2026/04/30 11:56:21	,	549286	,	1080	,10.327714,1999.9000,0.17556827,-796.8855,594959.6250,38.355,604913.6250,1999.9000,
	2026/04/30 11:56:21	,	550286	,	1081	,10.332084,1999.9000,0.17506197,-797.1501,594983.4375,38.359,604878.3125,1999.9000,
	2026/04/30 11:56:21	,	551286	,	1082	,10.333290,1999.9000,0.17469537,-797.2712,594992.5625,38.353,604780.1250,1999.9000,
	2026/04/30 11:56:21	,	552286	,	1083	,10.334577,1999.9000,0.17249900,-797.3721,594992.5625,38.351,604756.8750,1999.9000,
	2026/04/30 11:56:21	,	553286	,	1084	,10.339591,1999.9000,0.16806212,-797.4561,595075.8125,38.349,604743.5625,1999.9000,
	2026/04/30 11:56:21	,	554286	,	1085	,10.341110,1999.9000,0.16271137,-797.5261,595320.6875,38.348,604736.8125,1999.9000,
	2026/04/30 11:56:21	,	555286	,	1086	,10.345667,1999.9000,0.15450570,-797.6840,595583.5000,38.346,604732.7500,1999.9000,
	2026/04/30 11:56:21	,	556286	,	1087	,10.347142,1999.9000,0.14568236,-797.8156,595583.5000,38.342,604730.0625,1999.9000,
	2026/04/30 11:56:21	,	557286	,	1088	,10.352072,1999.9000,0.13765945,-797.9251,595583.5000,38.342,604727.8125,1999.9000,
	2026/04/30 11:56:21	,	558286	,	1089	,10.353696,1999.9000,0.13061966,-798.3149,595583.5000,38.342,604733.6875,1999.9000,
	2026/04/30 11:56:21	,	559286	,	1090	,10.358745,1999.9000,0.12558404,-798.3413,595583.5000,38.343,604830.3125,1999.9000,
	2026/04/30 11:56:21	,	560286	,	1091	,10.360621,1999.9000,0.12085728,-798.3633,595455.9375,38.344,604865.0625,1999.9000,
	2026/04/30 11:56:21	,	561286	,	1092	,10.366311,1999.9000,0.11339526,-798.3816,595425.5625,38.345,604954.0625,1999.9000,
	2026/04/30 11:56:21	,	562286	,	1093	,10.368277,1999.9000,0.10174217,-798.2974,595409.3125,38.346,604977.3125,1999.9000,
	2026/04/30 11:56:21	,	563286	,	1094	,10.374234,1999.9000,0.08453036,-798.4262,595390.8750,38.347,605068.2500,1999.9000,
	2026/04/30 11:56:21	,	564286	,	1095	,10.378405,1999.9000,0.06355604,-798.5335,594864.8750,38.347,605107.5000,1999.9000,
	2026/04/30 11:56:21	,	565286	,	1096	,10.380267,1999.9000,0.04519093,-798.5335,594864.8750,38.351,605120.6250,1999.9000,
	2026/04/30 11:56:21	,	566286	,	1097	,10.385912,1999.9000,0.03068283,-798.6229,594864.8750,38.354,605127.1875,1999.9000,
	2026/04/30 11:56:21	,	567286	,	1098	,10.390141,1999.9000,0.02005070,-798.6974,594864.8750,38.356,605131.1250,1999.9000,
	2026/04/30 11:56:21	,	568286	,	1099	,10.394521,1999.9000,0.01370420,-798.7596,594864.8750,38.358,605133.8125,1999.9000,
	2026/04/30 11:56:21	,	569286	,	1100	,10.398929,1999.9000,0.00846064,-798.8113,594875.9375,38.360,605122.8750,1999.9000,
	2026/04/30 11:56:21	,	570286	,	1101	,10.403218,1999.9000,0.00160365,-799.0534,594875.9375,38.361,605001.8125,1999.9000,
	2026/04/30 11:56:21	,	571286	,	1102	,10.407657,1999.9000,-0.00812091,-799.7525,594987.0625,38.362,604973.4375,1999.9000,
	2026/04/30 11:56:21	,	572286	,	1103	,10.412036,1999.9000,-0.02070046,-800.3351,594993.5625,38.363,604868.3750,1999.9000,
	2026/04/30 11:56:21	,	573286	,	1104	,10.416386,1999.9000,-0.03343758,-800.8206,595007.3125,38.364,604837.8750,1999.9000,
	2026/04/30 11:56:21	,	574286	,	1105	,10.421062,1999.9000,-0.04558226,-801.0262,595224.1875,38.360,604746.9375,1999.9000,
	2026/04/30 11:56:21	,	575286	,	1106	,10.425173,1999.9000,-0.06225837,-800.8991,595525.6250,38.357,604746.9375,1999.9000,
	2026/04/30 11:56:21	,	576286	,	1107	,10.429254,1999.9000,-0.08374318,-800.5942,595525.6250,38.354,604746.9375,1999.9000,
	2026/04/30 11:56:21	,	577286	,	1108	,10.433305,1999.9000,-0.10826575,-798.4502,595525.6250,38.352,604746.9375,1999.9000,
	2026/04/30 11:56:21	,	578286	,	1109	,10.435211,1999.9000,-0.13754658,-795.8677,595525.6250,38.358,604746.9375,1999.9000,
	2026/04/30 11:56:21	,	579286	,	1110	,10.441050,1999.9000,-0.17290293,-793.7156,595525.6250,38.366,604756.0625,1999.9000,
	2026/04/30 11:56:21	,	580286	,	1111	,10.442867,1999.9000,-0.21461840,-790.6292,595516.0000,38.362,604878.0000,1999.9000,
	2026/04/30 11:56:21	,	581286	,	1112	,10.448438,1999.9000,-0.26623487,-788.0570,595381.4375,38.358,604903.0625,1999.9000,
	2026/04/30 11:56:21	,	582286	,	1113	,10.450433,1999.9000,-0.33206955,-785.8140,595363.3125,38.361,604984.3125,1999.9000,
	2026/04/30 11:56:21	,	583286	,	1114	,10.456450,1999.9000,-0.41524205,-783.9449,595348.6875,38.365,605020.8125,1999.9000,
	2026/04/30 11:56:21	,	584286	,	1115	,10.458282,1999.9000,-0.51674187,-782.3874,595192.5625,38.375,605140.1250,1999.9000,
	2026/04/30 11:56:21	,	585286	,	1116	,10.463719,1999.9000,-0.63065737,-781.1888,594916.1250,38.383,605140.1250,1999.9000,
	2026/04/30 11:56:21	,	586286	,	1117	,10.465536,1999.9000,-0.75672382,-780.1901,594886.0625,38.390,605140.1250,1999.9000,
	2026/04/30 11:56:21	,	587286	,	1118	,10.470839,1999.9000,-0.89810520,-780.3525,594876.0000,38.389,605140.1250,1999.9000,
	2026/04/30 11:56:21	,	588286	,	1119	,10.472492,1999.9000,-1.05643988,-781.4826,594871.0000,38.387,605140.1250,1999.9000,
	2026/04/30 11:56:21	,	589286	,	1120	,10.477303,1999.9000,-1.23336029,-783.2092,594866.0000,38.386,605045.9375,1999.9000,
	2026/04/30 11:56:21	,	590286	,	1121	,10.477303,1999.9000,-1.42836845,-783.2092,594866.0000,38.384,605045.9375,1999.9000,
	2026/04/30 11:56:21	,	591286	,	1122	,10.483767,1999.9000,-1.63724196,-783.8632,594876.6250,38.385,605026.0000,1999.9000,
	2026/04/30 11:56:21	,	592286	,	1123	,10.485003,1999.9000,-1.85630012,-784.4082,594965.0000,38.379,605003.2500,1999.9000,
	2026/04/30 11:56:21	,	593286	,	1124	,10.489307,1999.9000,-2.08217096,-783.6687,594974.5000,38.374,604916.0000,1999.9000,
	2026/04/30 11:56:21	,	594286	,	1125	,10.490811,1999.9000,-2.31150842,-782.3561,595109.1875,38.368,604899.6875,1999.9000,
	2026/04/30 11:56:21	,	595286	,	1126	,10.495027,1999.9000,-2.54679513,-781.0634,595380.3125,38.361,604876.3750,1999.9000,
	2026/04/30 11:56:21	,	596286	,	1127	,10.496248,1999.9000,-2.78702927,-779.8866,595466.6875,38.354,604864.6875,1999.9000,
	2026/04/30 11:56:21	,	597286	,	1128	,10.497371,1999.9000,-3.02841043,-778.9059,595466.6875,38.352,604857.6875,1999.9000,
	2026/04/30 11:56:21	,	598286	,	1129	,10.501819,1999.9000,-3.26836085,-778.0887,595466.6875,38.350,604853.0000,1999.9000,
	2026/04/30 11:56:21	,	599286	,	1130	,10.502980,1999.9000,-3.50439119,-777.4077,595466.6875,38.350,604849.1250,1999.9000,
	2026/04/30 11:56:21	,	600286	,	1131	,10.504162,1999.9000,-3.73292208,-776.9397,595466.6875,38.350,604852.9375,1999.9000,
	2026/04/30 11:56:21	,	601286	,	1132	,10.505103,1999.9000,-3.95094657,-776.5497,595371.9375,38.350,604866.3125,1999.9000,
	2026/04/30 11:56:21	,	602286	,	1133	,10.509503,1999.9000,-4.15053654,-776.7221,595356.4375,38.350,605008.4375,1999.9000,
	2026/04/30 11:56:21	,	603286	,	1134	,10.510383,1999.9000,-4.31684351,-777.7609,595345.8750,38.348,605090.0000,1999.9000,
	2026/04/30 11:56:21	,	604286	,	1135	,10.511182,1999.9000,-4.43980312,-779.6214,595243.8125,38.347,605190.2500,1999.9000,
	2026/04/30 11:56:21	,	605286	,	1136	,10.511813,1999.9000,-4.43980312,-781.7686,595005.5000,38.355,605190.2500,1999.9000,
	2026/04/30 11:56:21	,	606286	,	1137	,10.512275,1999.9000,-4.43980312,-783.8564,594825.0000,38.362,605190.2500,1999.9000,
	2026/04/30 11:56:21	,	607286	,	1138	,10.512721,1999.9000,-4.43980312,-786.4915,594825.0000,38.368,605190.2500,1999.9000,
	2026/04/30 11:56:21	,	608286	,	1139	,10.513193,1999.9000,-4.43980312,-790.0800,594825.0000,38.372,605190.2500,1999.9000,
	2026/04/30 11:56:21	,	609286	,	1140	,10.513640,1999.9000,-4.40854979,-793.2695,594825.0000,38.370,605103.3125,1999.9000,
	2026/04/30 11:56:21	,	610286	,	1141	,10.514048,1999.9000,-4.31516123,-796.6236,594825.0000,38.365,604996.3750,1999.9000,
	2026/04/30 11:56:21	,	611286	,	1142	,10.514388,1999.9000,-4.21875334,-799.5182,594928.1250,38.361,604911.1875,1999.9000,
	2026/04/30 11:56:21	,	612286	,	1143	,10.514716,1999.9000,-4.13096762,-801.9304,594952.1875,38.358,604876.8125,1999.9000,
	2026/04/30 11:56:21	,	613286	,	1144	,10.514990,1999.9000,-4.05701542,-803.9406,594968.3750,38.355,604765.0625,1999.9000,
	2026/04/30 11:56:21	,	614286	,	1145	,10.515218,1999.9000,-3.99293280,-805.6157,595068.6875,38.353,604682.3125,1999.9000,
	2026/04/30 11:56:21	,	615286	,	1146	,10.515388,1999.9000,-3.93646359,-807.0115,595311.8125,38.351,604652.0625,1999.9000,
	2026/04/30 11:56:21	,	616286	,	1147	,10.515505,1999.9000,-3.88620210,-807.8764,595571.5000,38.349,604642.0000,1999.9000,
	2026/04/30 11:56:21	,	617286	,	1148	,10.515587,1999.9000,-3.83944464,-808.2987,595571.5000,38.348,604636.9375,1999.9000,
	2026/04/30 11:56:21	,	618286	,	1149	,10.515587,1999.9000,-3.79639316,-808.3522,595571.5000,38.346,604633.9375,1999.9000,
	2026/04/30 11:56:21	,	619286	,	1150	,10.515551,1999.9000,-3.75775933,-807.6010,595571.5000,38.345,604631.9375,1999.9000,
	2026/04/30 11:56:21	,	620286	,	1151	,10.515437,1999.9000,-3.72168469,-806.9750,595571.5000,38.345,604640.7500,1999.9000,
	2026/04/30 11:56:21	,	621286	,	1152	,10.515169,1999.9000,-3.68686390,-806.3538,595448.1875,38.349,604738.4375,1999.9000,
	2026/04/30 11:56:21	,	622286	,	1153	,10.514688,1999.9000,-3.65305829,-805.3388,595412.4375,38.352,604774.6875,1999.9000,
	2026/04/30 11:56:21	,	623286	,	1154	,10.510666,1999.9000,-3.62094760,-804.1946,595395.8125,38.359,604884.6250,1999.9000,
	2026/04/30 11:56:21	,	624286	,	1155	,10.509847,1999.9000,-3.59472966,-803.1415,595377.9375,38.365,604913.9375,1999.9000,
	2026/04/30 11:56:21	,	625286	,	1156	,10.509058,1999.9000,-3.57437944,-802.2640,595139.5625,38.370,604940.5625,1999.9000,
	2026/04/30 11:56:21	,	626286	,	1157	,10.502563,1999.9000,-3.55563617,-801.4333,594864.3125,38.372,604953.9375,1999.9000,
	2026/04/30 11:56:21	,	627286	,	1158	,10.502563,1999.9000,-3.55563617,-800.4426,594864.3125,38.369,604961.9375,1999.9000,
	2026/04/30 11:56:21	,	628286	,	1159	,10.501416,1999.9000,-3.53668451,-799.0201,594864.3125,38.369,604967.3125,1999.9000,
	2026/04/30 11:56:21	,	629286	,	1160	,10.500179,1999.9000,-3.51440573,-797.8348,594864.3125,38.368,604971.7500,1999.9000,
	2026/04/30 11:56:21	,	630286	,	1161	,10.495087,1999.9000,-3.48725533,-796.8470,594864.3125,38.363,604965.0625,1999.9000,
	2026/04/30 11:56:21	,	631286	,	1162	,10.493582,1999.9000,-3.45873690,-796.0238,594873.3125,38.362,604859.8750,1999.9000,
	2026/04/30 11:56:21	,	632286	,	1163	,10.489039,1999.9000,-3.43073535,-795.5368,594972.1250,38.362,604825.7500,1999.9000,
	2026/04/30 11:56:21	,	633286	,	1164	,10.487445,1999.9000,-3.40258908,-795.2305,594981.7500,38.361,604733.0000,1999.9000,
	2026/04/30 11:56:21	,	634286	,	1165	,10.482545,1999.9000,-3.37286687,-794.9751,594995.5625,38.363,604708.5625,1999.9000,
	2026/04/30 11:56:21	,	635286	,	1166	,10.480877,1999.9000,-3.33697486,-794.7623,595209.3125,38.368,604700.4375,1999.9000,
	2026/04/30 11:56:21	,	636286	,	1167	,10.475872,1999.9000,-3.29211450,-795.2814,595507.1875,38.373,604696.3125,1999.9000,
	2026/04/30 11:56:21	,	637286	,	1168	,10.473996,1999.9000,-3.23874593,-795.8133,595507.1875,38.377,604693.8750,1999.9000,
	2026/04/30 11:56:21	,	638286	,	1169	,10.467978,1999.9000,-3.17246389,-796.3561,595507.1875,38.380,604692.1875,1999.9000,
	2026/04/30 11:56:21	,	639286	,	1170	,10.466058,1999.9000,-3.08964419,-796.8085,595507.1875,38.382,604690.9375,1999.9000,
	2026/04/30 11:56:21	,	640286	,	1171	,10.460502,1999.9000,-2.98969507,-797.3844,595507.1875,38.385,604701.1250,1999.9000,
	2026/04/30 11:56:21	,	641286	,	1172	,10.458580,1999.9000,-2.87126684,-798.1627,595506.4375,38.383,604806.7500,1999.9000,
	2026/04/30 11:56:21	,	642286	,	1173	,10.452488,1999.9000,-2.73408937,-798.9108,595421.3750,38.382,604834.5000,1999.9000,
	2026/04/30 11:56:21	,	643286	,	1174	,10.448348,1999.9000,-2.57976294,-799.5342,595405.6250,38.382,604926.3125,1999.9000,
	2026/04/30 11:56:21	,	644286	,	1175	,10.443761,1999.9000,-2.41072679,-800.0537,595393.0000,38.381,604958.3125,1999.9000,
	2026/04/30 11:56:21	,	645286	,	1176	,10.439560,1999.9000,-2.23258376,-799.8898,595256.3125,38.380,604981.1250,1999.9000,
	2026/04/30 11:56:21	,	646286	,	1177	,10.435510,1999.9000,-2.05043221,-799.7532,594991.2500,38.380,604992.5000,1999.9000,
	2026/04/30 11:56:21	,	647286	,	1178	,10.431190,1999.9000,-1.86294913,-799.2413,594882.7500,38.381,604999.2500,1999.9000,
	2026/04/30 11:56:21	,	648286	,	1179	,10.426960,1999.9000,-1.67202485,-798.7154,594882.7500,38.380,605003.8125,1999.9000,
	2026/04/30 11:56:21	,	649286	,	1180	,10.422879,1999.9000,-1.48043883,-796.3872,594882.7500,38.380,605007.6250,1999.9000,
	2026/04/30 11:56:21	,	650286	,	1181	,10.418798,1999.9000,-1.29019511,-792.3580,594882.7500,38.381,604996.6875,1999.9000,
	2026/04/30 11:56:21	,	651286	,	1182	,10.414746,1999.9000,-1.10404170,-788.7019,594882.7500,38.382,604860.5000,1999.9000,
	2026/04/30 11:56:21	,	652286	,	1183	,10.412869,1999.9000,-0.92649740,-785.6552,594895.7500,38.381,604828.7500,1999.9000,
	2026/04/30 11:56:21	,	653286	,	1184	,10.407091,1999.9000,-0.76677620,-783.1163,594991.8125,38.381,604722.1250,1999.9000,
	2026/04/30 11:56:21	,	654286	,	1185	,10.402742,1999.9000,-0.63230234,-781.0005,594997.1875,38.382,604691.9375,1999.9000,
	2026/04/30 11:56:21	,	655286	,	1186	,10.398691,1999.9000,-0.51890361,-779.5358,595112.7500,38.384,604669.0000,1999.9000,
	2026/04/30 11:56:21	,	656286	,	1187	,10.396740,1999.9000,-0.41768736,-778.3152,595397.5625,38.389,604657.5000,1999.9000,
	2026/04/30 11:56:21	,	657286	,	1188	,10.390945,1999.9000,-0.32656127,-777.2980,595491.1250,38.393,604650.6250,1999.9000,
	2026/04/30 11:56:21	,	658286	,	1189	,10.386865,1999.9000,-0.24038881,-775.9530,595491.1250,38.397,604646.0625,1999.9000,
	2026/04/30 11:56:21	,	659286	,	1190	,10.384884,1999.9000,-0.15550838,-774.8321,595491.1250,38.397,604642.2500,1999.9000,
	2026/04/30 11:56:21	,	660286	,	1191	,10.378583,1999.9000,-0.07210267,-773.5997,595491.1250,38.393,604650.6875,1999.9000,
	2026/04/30 11:56:21	,	661286	,	1192	,10.374354,1999.9000,0.00549223,-772.5726,595491.1250,38.388,604751.1250,1999.9000,
	2026/04/30 11:56:21	,	662286	,	1193	,10.370332,1999.9000,0.06813788,-771.7167,595382.6875,38.383,604763.8125,1999.9000,
	2026/04/30 11:56:21	,	663286	,	1194	,10.368560,1999.9000,0.11183856,-771.0035,595366.5625,38.377,604778.3125,1999.9000,
	2026/04/30 11:56:21	,	664286	,	1195	,10.363511,1999.9000,0.14109422,-770.4091,595358.2500,38.373,604794.3125,1999.9000,
	2026/04/30 11:56:21	,	665286	,	1196	,10.361813,1999.9000,0.16025975,-770.4113,595271.3125,38.369,604908.8125,1999.9000,
	2026/04/30 11:56:21	,	666286	,	1197	,10.356897,1999.9000,0.17124481,-771.3083,595041.2500,38.366,604938.6875,1999.9000,
	2026/04/30 11:56:21	,	667286	,	1198	,10.355527,1999.9000,0.18281598,-773.9458,594829.7500,38.365,604948.6250,1999.9000,
	2026/04/30 11:56:21	,	668286	,	1199	,10.351477,1999.9000,0.19806774,-776.3426,594829.7500,38.368,604953.6250,1999.9000,
	2026/04/30 11:56:21	,	669286	,	1200	,10.349986,1999.9000,0.21326908,-778.7379,594829.7500,38.374,604956.6250,1999.9000,
	2026/04/30 11:56:21	,	670286	,	1201	,10.348656,1999.9000,0.22429822,-781.9276,594829.7500,38.380,604958.5625,1999.9000,
	2026/04/30 11:56:21	,	671286	,	1202	,10.343135,1999.9000,0.22434235,-784.7847,594829.7500,38.384,604954.9375,1999.9000,
	2026/04/30 11:56:21	,	672286	,	1203	,10.341720,1999.9000,0.22444114,-787.6630,594932.2500,38.387,604943.3125,1999.9000,
	2026/04/30 11:56:21	,	673286	,	1204	,10.340474,1999.9000,0.22746204,-787.6630,594955.7500,38.387,604836.9375,1999.9000,
	2026/04/30 11:56:21	,	674286	,	1205	,10.335629,1999.9000,0.22842315,-792.9059,594969.5625,38.386,604813.0625,1999.9000,
	2026/04/30 11:56:21	,	675286	,	1206	,10.334557,1999.9000,0.22877079,-795.1270,595066.3125,38.384,604786.8125,1999.9000,
	2026/04/30 11:56:21	,	676286	,	1207	,10.330535,1999.9000,0.24222852,-796.9778,595323.0625,38.382,604691.9375,1999.9000,
	2026/04/30 11:56:21	,	677286	,	1208	,10.329627,1999.9000,0.25732270,-798.6197,595607.8750,38.376,604678.6250,1999.9000,
	2026/04/30 11:56:21	,	678286	,	1209	,10.328728,1999.9000,0.25732270,-799.9879,595607.8750,38.372,604674.2500,1999.9000,
	2026/04/30 11:56:21	,	679286	,	1210	,10.327854,1999.9000,0.25732273,-801.1281,595607.8750,38.371,604672.0625,1999.9000,
	2026/04/30 11:56:21	,	680286	,	1211	,10.327073,1999.9000,0.25732270,-801.9787,595607.8750,38.368,604670.7500,1999.9000,
	2026/04/30 11:56:21	,	681286	,	1212	,10.322880,1999.9000,0.25732270,-802.6876,595607.8750,38.363,604669.8125,1999.9000,
	2026/04/30 11:56:21	,	682286	,	1213	,10.322180,1999.9000,0.25709477,-802.7811,595494.6875,38.359,604669.8125,1999.9000,
	2026/04/30 11:56:21	,	683286	,	1214	,10.321728,1999.9000,0.25678083,-802.5605,595469.0625,38.356,604670.9375,1999.9000,
	2026/04/30 11:56:21	,	684286	,	1215	,10.321316,1999.9000,0.25432909,-802.3766,595456.1875,38.355,604681.1875,1999.9000,
	2026/04/30 11:56:21	,	685286	,	1216	,10.320931,1999.9000,0.25178289,-802.2234,595439.6250,38.362,604791.0625,1999.9000,
	2026/04/30 11:56:21	,	686286	,	1217	,10.320604,1999.9000,0.25102031,-801.9963,595204.5625,38.368,604813.1250,1999.9000,
	2026/04/30 11:56:21	,	687286	,	1218	,10.320254,1999.9000,0.25066945,-801.6081,594929.8750,38.372,604837.8125,1999.9000,
	2026/04/30 11:56:21	,	688286	,	1219	,10.319881,1999.9000,0.24509607,-801.1851,594929.8750,38.369,604850.1250,1999.9000,
	2026/04/30 11:56:21	,	689286	,	1220	,10.319537,1999.9000,0.23943023,-800.8326,594929.8750,38.373,604857.5000,1999.9000,
	2026/04/30 11:56:21	,	690286	,	1221	,10.319250,1999.9000,0.23319089,-800.2405,594929.8750,38.377,604862.4375,1999.9000,
	2026/04/30 11:56:21	,	691286	,	1222	,10.319012,1999.9000,0.22713432,-799.7470,594929.8750,38.386,604866.6250,1999.9000,
	2026/04/30 11:56:21	,	692286	,	1223	,10.318812,1999.9000,0.22713432,-799.3358,594936.6250,38.388,604864.6250,1999.9000,
	2026/04/30 11:56:21	,	693286	,	1224	,10.318646,1999.9000,0.22713432,-798.9930,595029.3750,38.389,604781.3125,1999.9000,
	2026/04/30 11:56:21	,	694286	,	1225	,10.318508,1999.9000,0.22713432,-799.0059,595031.1250,38.389,604742.3750,1999.9000,
	2026/04/30 11:56:21	,	695286	,	1226	,10.318462,1999.9000,0.22713432,-799.0167,595043.3750,38.381,604629.7500,1999.9000,
	2026/04/30 11:56:21	,	696286	,	1227	,10.318522,1999.9000,0.22725193,-799.0255,595261.6875,38.380,604601.6250,1999.9000,
	2026/04/30 11:56:21	,	697286	,	1228	,10.318664,1999.9000,0.22735000,-798.8340,595562.6250,38.380,604589.4375,1999.9000,
	2026/04/30 11:56:21	,	698286	,	1229	,10.318963,1999.9000,0.22743167,-798.6745,595562.6250,38.379,604583.3750,1999.9000,
	2026/04/30 11:56:21	,	699286	,	1230	,10.319451,1999.9000,0.22749975,-798.5415,595562.6250,38.379,604579.7500,1999.9000,
	2026/04/30 11:56:21	,	700286	,	1231	,10.320092,1999.9000,0.22755651,-798.3312,595562.6250,38.379,604577.3125,1999.9000,
	2026/04/30 11:56:21	,	701286	,	1232	,10.324994,1999.9000,0.21862608,-798.1559,595562.6250,38.379,604575.3125,1999.9000,
	2026/04/30 11:56:21	,	702286	,	1233	,10.325962,1999.9000,0.20684065,-797.9104,595558.0000,38.378,604585.0625,1999.9000,
	2026/04/30 11:56:21	,	703286	,	1234	,10.326970,1999.9000,0.19847110,-797.6064,595458.3125,38.378,604682.3125,1999.9000,
	2026/04/30 11:56:21	,	704286	,	1235	,10.331459,1999.9000,0.19369388,-797.4525,595445.5000,38.378,604710.6875,1999.9000,
	2026/04/30 11:56:21	,	705286	,	1236	,10.332635,1999.9000,0.19006999,-797.4236,595431.9375,38.378,604819.4375,1999.9000,
	2026/04/30 11:56:21	,	706286	,	1237	,10.333881,1999.9000,0.18185802,-797.3996,595261.6875,38.378,604908.1875,1999.9000,
	2026/04/30 11:56:21	,	707286	,	1238	,10.339054,1999.9000,0.16704741,-797.3796,594983.5000,38.378,605016.8750,1999.9000,
	2026/04/30 11:56:21	,	708286	,	1239	,10.340410,1999.9000,0.15040283,-797.3630,594946.1875,38.370,605016.8750,1999.9000,
	2026/04/30 11:56:21	,	709286	,	1240	,10.344804,1999.9000,0.13399144,-797.3491,594933.8125,38.364,605016.8750,1999.9000,
	2026/04/30 11:56:21	,	710286	,	1241	,10.346233,1999.9000,0.12010729,-797.3375,594927.6875,38.358,605016.8750,1999.9000,
	2026/04/30 11:56:21	,	711286	,	1242	,10.350463,1999.9000,0.11196461,-797.3279,594923.9375,38.354,605016.8750,1999.9000,
	2026/04/30 11:56:21	,	712286	,	1243	,10.352131,1999.9000,0.11097515,-797.5188,594921.5000,38.350,605005.5000,1999.9000,
	2026/04/30 11:56:21	,	713286	,	1244	,10.357553,1999.9000,0.11042054,-797.6779,595002.5000,38.352,604894.3125,1999.9000,
	2026/04/30 11:56:21	,	714286	,	1245	,10.359356,1999.9000,0.11000299,-797.8104,595015.9375,38.353,604871.0625,1999.9000,
	2026/04/30 11:56:21	,	715286	,	1246	,10.365149,1999.9000,0.10974367,-798.1198,595022.4375,38.357,604770.5000,1999.9000,
	2026/04/30 11:56:21	,	716286	,	1247	,10.367041,1999.9000,0.10616013,-798.4771,595161.6250,38.360,604669.6250,1999.9000,
	2026/04/30 11:56:21	,	717286	,	1248	,10.373043,1999.9000,0.10155941,-799.0733,595457.1250,38.363,604577.7500,1999.9000,
	2026/04/30 11:56:21	,	718286	,	1249	,10.375039,1999.9000,0.09301335,-799.5701,595571.5000,38.366,604577.7500,1999.9000,
	2026/04/30 11:56:21	,	719286	,	1250	,10.380817,1999.9000,0.08250730,-800.0836,595571.5000,38.366,604577.7500,1999.9000,
	2026/04/30 11:56:21	,	720286	,	1251	,10.382769,1999.9000,0.07133949,-800.5115,595571.5000,38.366,604577.7500,1999.9000,
	2026/04/30 11:56:21	,	721286	,	1252	,10.388682,1999.9000,0.05874731,-800.8681,595571.5000,38.373,604577.7500,1999.9000,
	2026/04/30 11:56:21	,	722286	,	1253	,10.390677,1999.9000,0.04588417,-800.8669,595571.5000,38.378,604585.1250,1999.9000,
	2026/04/30 11:56:21	,	723286	,	1254	,10.396904,1999.9000,0.03399157,-801.1642,595463.1250,38.377,604720.9375,1999.9000,
	2026/04/30 11:56:21	,	724286	,	1255	,10.401223,1999.9000,0.02182166,-801.4121,595440.7500,38.374,604820.6250,1999.9000,
	2026/04/30 11:56:21	,	725286	,	1256	,10.405691,1999.9000,0.00829048,-801.6187,595426.1875,38.371,604931.1250,1999.9000,
	2026/04/30 11:56:21	,	726286	,	1257	,10.410130,1999.9000,-0.00881420,-801.4924,595312.9375,38.369,605026.0000,1999.9000,
	2026/04/30 11:56:21	,	727286	,	1258	,10.414658,1999.9000,-0.03182418,-801.3871,595081.8125,38.366,605056.8125,1999.9000,
	2026/04/30 11:56:21	,	728286	,	1259	,10.419126,1999.9000,-0.05634672,-800.7025,594883.3750,38.366,605067.0625,1999.9000,
	2026/04/30 11:56:21	,	729286	,	1260	,10.423415,1999.9000,-0.08191549,-800.0325,594883.3750,38.363,605072.1875,1999.9000,
	2026/04/30 11:56:21	,	730286	,	1261	,10.427615,1999.9000,-0.10868169,-799.2753,594883.3750,38.361,605075.2500,1999.9000,
	2026/04/30 11:56:21	,	731286	,	1262	,10.429507,1999.9000,-0.13388491,-798.2463,594883.3750,38.359,605077.3125,1999.9000,
	2026/04/30 11:56:21	,	732286	,	1263	,10.435390,1999.9000,-0.15845159,-796.2946,594883.3750,38.358,605067.7500,1999.9000,
	2026/04/30 11:56:21	,	733286	,	1264	,10.439590,1999.9000,-0.18667996,-793.8725,594971.5625,38.355,604946.8125,1999.9000,
	2026/04/30 11:56:21	,	734286	,	1265	,10.441452,1999.9000,-0.22060566,-790.9588,594980.1875,38.352,604908.8125,1999.9000,
	2026/04/30 11:56:21	,	735286	,	1266	,10.447454,1999.9000,-0.26340511,-788.5306,594984.5000,38.350,604803.0625,1999.9000,
	2026/04/30 11:56:21	,	736286	,	1267	,10.449331,1999.9000,-0.31904250,-786.4077,595065.6875,38.350,604781.6875,1999.9000,
	2026/04/30 11:56:21	,	737286	,	1268	,10.454634,1999.9000,-0.38814810,-784.6386,595314.7500,38.356,604758.0000,1999.9000,
	2026/04/30 11:56:21	,	738286	,	1269	,10.456450,1999.9000,-0.47413781,-783.1644,595580.5000,38.361,604746.1875,1999.9000,
	2026/04/30 11:56:21	,	739286	,	1270	,10.462111,1999.9000,-0.57641906,-782.0354,595580.5000,38.366,604739.0625,1999.9000,
	2026/04/30 11:56:21	,	740286	,	1271	,10.464077,1999.9000,-0.69343537,-781.3930,595580.5000,38.369,604734.3750,1999.9000,
	2026/04/30 11:56:21	,	741286	,	1272	,10.469796,1999.9000,-0.82798493,-781.1560,595580.5000,38.371,604730.4375,1999.9000,
	2026/04/30 11:56:21	,	742286	,	1273	,10.471345,1999.9000,-0.98230499,-782.4506,595580.5000,38.372,604732.6250,1999.9000,
	2026/04/30 11:56:21	,	743286	,	1274	,10.475723,1999.9000,-1.15533042,-783.5295,595462.5000,38.373,604745.0625,1999.9000,
	2026/04/30 11:56:21	,	744286	,	1275	,10.477377,1999.9000,-1.34537876,-784.4285,595430.3125,38.373,604872.5625,1999.9000,
	2026/04/30 11:56:21	,	745286	,	1276	,10.482188,1999.9000,-1.54984057,-785.1777,595413.0625,38.374,604909.4375,1999.9000,
	2026/04/30 11:56:21	,	746286	,	1277	,10.483737,1999.9000,-1.76604998,-785.8021,595394.8750,38.375,605022.9375,1999.9000,
	2026/04/30 11:56:21	,	747286	,	1278	,10.488027,1999.9000,-1.99464357,-786.3223,595158.6250,38.375,605122.0000,1999.9000,
	2026/04/30 11:56:21	,	748286	,	1279	,10.489322,1999.9000,-2.23119712,-785.1643,594872.6250,38.376,605122.0000,1999.9000,
	2026/04/30 11:56:21	,	749286	,	1280	,10.490599,1999.9000,-2.47197962,-783.7019,594872.6250,38.376,605122.0000,1999.9000,
	2026/04/30 11:56:21	,	750286	,	1281	,10.495890,1999.9000,-2.71571779,-782.4833,594872.6250,38.376,605122.0000,1999.9000,
	2026/04/30 11:56:21	,	751286	,	1282	,10.497142,1999.9000,-2.95926070,-781.4678,594872.6250,38.378,605122.0000,1999.9000,
	2026/04/30 11:56:21	,	752286	,	1283	,10.498363,1999.9000,-3.19956398,-780.0246,594872.6250,38.381,605121.6875,1999.9000,
	2026/04/30 11:56:21	,	753286	,	1284	,10.503160,1999.9000,-3.43495798,-778.8220,594877.8750,38.383,605032.6250,1999.9000,
	2026/04/30 11:56:21	,	754286	,	1285	,10.504097,1999.9000,-3.66283941,-778.4167,594961.4375,38.384,604995.1875,1999.9000,
	2026/04/30 11:56:21	,	755286	,	1286	,10.505184,1999.9000,-3.88087654,-778.6757,594969.1250,38.386,604865.3125,1999.9000,
	2026/04/30 11:56:21	,	756286	,	1287	,10.509295,1999.9000,-4.08453178,-778.8916,594982.0625,38.389,604781.9375,1999.9000,
	2026/04/30 11:56:21	,	757286	,	1288	,10.510056,1999.9000,-4.25884914,-779.2705,595198.5625,38.390,604759.0000,1999.9000,
	2026/04/30 11:56:21	,	758286	,	1289	,10.510784,1999.9000,-4.39023495,-780.3820,595508.3750,38.391,604751.3125,1999.9000,
	2026/04/30 11:56:21	,	759286	,	1290	,10.511418,1999.9000,-4.40996122,-781.9051,595508.3750,38.393,604747.5625,1999.9000,
	2026/04/30 11:56:21	,	760286	,	1291	,10.511966,1999.9000,-4.40996122,-785.2632,595508.3750,38.400,604745.1875,1999.9000,
	2026/04/30 11:56:21	,	761286	,	1292	,10.512479,1999.9000,-4.40996122,-789.3549,595508.3750,38.405,604743.6250,1999.9000,
	2026/04/30 11:56:21	,	762286	,	1293	,10.512991,1999.9000,-4.40996122,-792.9636,595508.3750,38.410,604756.3750,1999.9000,
	2026/04/30 11:56:21	,	763286	,	1294	,10.512991,1999.9000,-4.40996122,-796.5677,595500.0000,38.414,604899.7500,1999.9000,
	2026/04/30 11:56:21	,	764286	,	1295	,10.513914,1999.9000,-4.32891893,-799.5710,595388.0625,38.417,604928.1250,1999.9000,
	2026/04/30 11:56:21	,	765286	,	1296	,10.514335,1999.9000,-4.24094439,-802.0739,595376.4375,38.419,605041.6250,1999.9000,
	2026/04/30 11:56:21	,	766286	,	1297	,10.514691,1999.9000,-4.15619612,-804.1596,595365.8125,38.422,605133.5000,1999.9000,
	2026/04/30 11:56:21	,	767286	,	1298	,10.514988,1999.9000,-4.08427954,-805.8977,595204.5625,38.423,605143.1250,1999.9000,
	2026/04/30 11:56:21	,	768286	,	1299	,10.515235,1999.9000,-4.02635431,-807.0477,594925.1250,38.422,605146.3750,1999.9000,
	2026/04/30 11:56:21	,	769286	,	1300	,10.515441,1999.9000,-3.97671676,-807.3098,594925.1250,38.421,605147.9375,1999.9000,
	2026/04/30 11:56:21	,	770286	,	1301	,10.515613,1999.9000,-3.93161082,-807.5281,594925.1250,38.418,605148.9375,1999.9000,
	2026/04/30 11:56:21	,	771286	,	1302	,10.515742,1999.9000,-3.88718510,-807.6105,594925.1250,38.413,605149.6250,1999.9000,
	2026/04/30 11:56:21	,	772286	,	1303	,10.515771,1999.9000,-3.84161282,-807.1819,594925.1250,38.407,605136.9375,1999.9000,
	2026/04/30 11:56:21	,	773286	,	1304	,10.515660,1999.9000,-3.79764104,-806.6257,594925.2500,38.399,604998.1875,1999.9000,
	2026/04/30 11:56:21	,	774286	,	1305	,10.515409,1999.9000,-3.75682044,-805.5654,594936.1250,38.392,604969.2500,1999.9000,
	2026/04/30 11:56:21	,	775286	,	1306	,10.514990,1999.9000,-3.71881080,-804.4828,594948.0000,38.385,604944.6875,1999.9000,
	2026/04/30 11:56:21	,	776286	,	1307	,10.514443,1999.9000,-3.68304467,-803.5806,594960.1250,38.379,604833.2500,1999.9000,
	2026/04/30 11:56:21	,	777286	,	1308	,10.510159,1999.9000,-3.64648485,-802.6299,595141.9375,38.374,604802.8125,1999.9000,
	2026/04/30 11:56:21	,	778286	,	1309	,10.509192,1999.9000,-3.60879016,-801.7383,595419.0000,38.370,604789.6250,1999.9000,
	2026/04/30 11:56:21	,	779286	,	1310	,10.508144,1999.9000,-3.57458711,-800.7962,595504.2500,38.367,604783.0625,1999.9000,
	2026/04/30 11:56:21	,	780286	,	1311	,10.503844,1999.9000,-3.54375577,-799.8122,595504.2500,38.361,604779.1250,1999.9000,
	2026/04/30 11:56:21	,	781286	,	1312	,10.502578,1999.9000,-3.51585531,-798.9921,595504.2500,38.356,604776.4375,1999.9000,
	2026/04/30 11:56:21	,	782286	,	1313	,10.501302,1999.9000,-3.49076533,-798.3088,595504.2500,38.355,604774.2500,1999.9000,
	2026/04/30 11:56:21	,	783286	,	1314	,10.496010,1999.9000,-3.46605372,-797.7394,595504.2500,38.354,604777.0625,1999.9000,
	2026/04/30 11:56:21	,	784286	,	1315	,10.494580,1999.9000,-3.44005013,-797.7394,595418.4375,38.350,604783.6250,1999.9000,
	2026/04/30 11:56:21	,	785286	,	1316	,10.490320,1999.9000,-3.41316438,-797.2648,595397.5625,38.350,604795.0000,1999.9000,
	2026/04/30 11:56:21	,	786286	,	1317	,10.488801,1999.9000,-3.38638568,-796.6705,595385.6875,38.352,604897.3750,1999.9000,
	2026/04/30 11:56:21	,	787286	,	1318	,10.484035,1999.9000,-3.36178732,-796.1752,595287.3125,38.353,604929.0000,1999.9000,
	2026/04/30 11:56:21	,	788286	,	1319	,10.482277,1999.9000,-3.33938241,-795.8619,595045.4375,38.354,605047.6875,1999.9000,
	2026/04/30 11:56:21	,	789286	,	1320	,10.476796,1999.9000,-3.31249619,-795.7997,594844.6250,38.356,605047.6875,1999.9000,
	2026/04/30 11:56:21	,	790286	,	1321	,10.475098,1999.9000,-3.27606225,-795.7479,594844.6250,38.358,605047.6875,1999.9000,
	2026/04/30 11:56:21	,	791286	,	1322	,10.469945,1999.9000,-3.22511411,-795.7047,594844.6250,38.360,605047.6875,1999.9000,
	2026/04/30 11:56:21	,	792286	,	1323	,10.465864,1999.9000,-3.15371418,-795.6688,594844.6250,38.364,605047.6875,1999.9000,
	2026/04/30 11:56:21	,	793286	,	1324	,10.463958,1999.9000,-3.06044531,-795.6388,594844.6250,38.370,605042.4375,1999.9000,
	2026/04/30 11:56:21	,	794286	,	1325	,10.458387,1999.9000,-2.94675660,-796.1112,594940.6250,38.374,604939.6250,1999.9000,
	2026/04/30 11:56:21	,	795286	,	1326	,10.454216,1999.9000,-2.81379533,-797.0023,594961.6875,38.378,604904.2500,1999.9000,
	2026/04/30 11:56:21	,	796286	,	1327	,10.450046,1999.9000,-2.66336393,-797.9438,594972.7500,38.384,604803.0625,1999.9000,
	2026/04/30 11:56:21	,	797286	,	1328	,10.445607,1999.9000,-2.49635077,-798.7283,595065.1250,38.389,604768.9375,1999.9000,
	2026/04/30 11:56:21	,	798286	,	1329	,10.441319,1999.9000,-2.31375217,-799.3821,595313.5625,38.393,604682.9375,1999.9000,
	2026/04/30 11:56:21	,	799286	,	1330	,10.439352,1999.9000,-2.12342024,-799.9269,595576.8750,38.397,604674.4375,1999.9000,
	2026/04/30 11:56:21	,	800286	,	1331	,10.433514,1999.9000,-1.92873323,-800.3810,595576.8750,38.400,604671.6250,1999.9000,
	2026/04/30 11:56:21	,	801286	,	1332	,10.428926,1999.9000,-1.73133647,-800.5604,595576.8750,38.402,604670.1875,1999.9000,
	2026/04/30 11:56:21	,	802286	,	1333	,10.424666,1999.9000,-1.53530729,-800.4115,595576.8750,38.398,604669.3125,1999.9000,
	2026/04/30 11:56:21	,	803286	,	1334	,10.422700,1999.9000,-1.53530729,-798.7953,595576.8750,38.398,604668.7500,1999.9000,
	2026/04/30 11:56:21	,	804286	,	1335	,10.416415,1999.9000,-1.15821695,-796.2548,595473.8125,38.392,604675.6250,1999.9000,
	2026/04/30 11:56:21	,	805286	,	1336	,10.412304,1999.9000,-0.97859287,-793.5408,595442.8750,38.389,604769.2500,1999.9000,
	2026/04/30 11:56:21	,	806286	,	1337	,10.412304,1999.9000,-0.81241173,-790.1849,595418.8125,38.387,604865.9375,1999.9000,
	2026/04/30 11:56:21	,	807286	,	1338	,10.410323,1999.9000,-0.67086661,-786.8911,595317.1250,38.386,604903.4375,1999.9000,
	2026/04/30 11:56:21	,	808286	,	1339	,10.404470,1999.9000,-0.55789012,-784.1462,595122.8750,38.384,605033.8750,1999.9000,
	2026/04/30 11:56:21	,	809286	,	1340	,10.402608,1999.9000,-0.55789012,-781.8588,594838.6875,38.385,605034.1875,1999.9000,
	2026/04/30 11:56:21	,	810286	,	1341	,10.396367,1999.9000,-0.46382079,-779.9526,594838.6875,38.388,605034.2500,1999.9000,
	2026/04/30 11:56:21	,	811286	,	1342	,10.392108,1999.9000,-0.37974703,-778.2646,594838.6875,38.391,605034.3125,1999.9000,
	2026/04/30 11:56:21	,	812286	,	1343	,10.390187,1999.9000,-0.29885599,-776.8580,594838.6875,38.393,605034.3125,1999.9000,
	2026/04/30 11:56:21	,	813286	,	1344	,10.384006,1999.9000,-0.21505325,-775.6858,594838.6875,38.395,605034.3125,1999.9000,
	2026/04/30 11:56:21	,	814286	,	1345	,10.382084,1999.9000,-0.04164957,-773.7125,594845.2500,38.397,605024.6250,1999.9000,
	2026/04/30 11:56:21	,	815286	,	1346	,10.376141,1999.9000,-0.04164957,-773.7125,594935.2500,38.398,604906.3750,1999.9000,
	2026/04/30 11:56:21	,	816286	,	1347	,10.374175,1999.9000,0.03115552,-773.2635,594944.1250,38.399,604872.0000,1999.9000,
	2026/04/30 11:56:21	,	817286	,	1348	,10.368396,1999.9000,0.08434127,-772.8894,594953.8125,38.400,604778.9375,1999.9000,
	2026/04/30 11:56:21	,	818286	,	1349	,10.366713,1999.9000,0.12164506,-772.5776,595157.4375,38.401,604746.0000,1999.9000,
	2026/04/30 11:56:21	,	819286	,	1350	,10.361306,1999.9000,0.15149942,-772.3177,595461.3125,38.402,604735.0000,1999.9000,
	2026/04/30 11:56:21	,	820286	,	1351	,10.355140,1999.9000,0.17545481,-772.9965,595461.3125,38.405,604729.5625,1999.9000,
	2026/04/30 11:56:21	,	821286	,	1352	,10.355140,1999.9000,0.19667488,-774.7557,595461.3125,38.410,604726.2500,1999.9000,
	2026/04/30 11:56:21	,	822286	,	1353	,10.353933,1999.9000,0.21881518,-777.1171,595461.3125,38.414,604724.1250,1999.9000,
	2026/04/30 11:56:21	,	823286	,	1354	,10.352717,1999.9000,0.23879370,-779.7811,595461.3125,38.415,604729.6250,1999.9000,
	2026/04/30 11:56:21	,	824286	,	1355	,10.347306,1999.9000,0.23879370,-782.4986,595460.5625,38.417,604741.8750,1999.9000,
	2026/04/30 11:56:21	,	825286	,	1356	,10.345921,1999.9000,0.23879370,-784.7631,595374.9375,38.421,604839.9375,1999.9000,
	2026/04/30 11:56:21	,	826286	,	1357	,10.344625,1999.9000,0.23879370,-786.9487,595365.1250,38.424,604858.0625,1999.9000,
	2026/04/30 11:56:21	,	827286	,	1358	,10.339263,1999.9000,0.23879370,-788.9689,595358.6250,38.429,604879.8750,1999.9000,
	2026/04/30 11:56:21	,	828286	,	1359	,10.337878,1999.9000,0.23549125,-791.4482,595222.4375,38.432,605004.8750,1999.9000,
	2026/04/30 11:56:21	,	829286	,	1360	,10.336631,1999.9000,0.23549125,-794.1111,594955.5000,38.434,605039.0000,1999.9000,
	2026/04/30 11:56:21	,	830286	,	1361	,10.331965,1999.9000,0.23549125,-796.3302,594922.7500,38.428,605050.3750,1999.9000,
	2026/04/30 11:56:21	,	831286	,	1362	,10.330818,1999.9000,0.23549125,-798.3784,594911.8125,38.425,605056.0625,1999.9000,
	2026/04/30 11:56:21	,	832286	,	1363	,10.329741,1999.9000,0.23549125,-800.1848,594906.3125,38.423,605059.4375,1999.9000,
	2026/04/30 11:56:21	,	833286	,	1364	,10.325649,1999.9000,0.23549125,-801.7896,594903.0625,38.419,605061.7500,1999.9000,
	2026/04/30 11:56:21	,	834286	,	1365	,10.324965,1999.9000,0.23577695,-803.1268,594900.8750,38.415,605051.0625,1999.9000,
	2026/04/30 11:56:21	,	835286	,	1366	,10.324299,1999.9000,0.23829584,-804.0422,594912.3750,38.412,605051.0625,1999.9000,
	2026/04/30 11:56:21	,	836286	,	1367	,10.323735,1999.9000,0.24162349,-804.6062,594925.6250,38.405,604932.3750,1999.9000,
	2026/04/30 11:56:21	,	837286	,	1368	,10.323200,1999.9000,0.24382931,-805.0761,595009.1250,38.397,604895.5000,1999.9000,
	2026/04/30 11:56:21	,	838286	,	1369	,10.322764,1999.9000,0.24475577,-805.4678,595134.8125,38.391,604795.8750,1999.9000,
	2026/04/30 11:56:21	,	839286	,	1370	,10.322283,1999.9000,0.24525787,-805.7941,595438.0625,38.388,604713.1250,1999.9000,
	2026/04/30 11:56:21	,	840286	,	1371	,10.321697,1999.9000,0.25731641,-805.8672,595537.0000,38.387,604612.8750,1999.9000,
	2026/04/30 11:56:21	,	841286	,	1372	,10.321184,1999.9000,0.25731641,-805.1322,595537.0000,38.385,604612.8750,1999.9000,
	2026/04/30 11:56:21	,	842286	,	1373	,10.320726,1999.9000,0.25731635,-804.4202,595537.0000,38.384,604612.8750,1999.9000,
	2026/04/30 11:56:21	,	843286	,	1374	,10.320306,1999.9000,0.25731641,-803.8270,595537.0000,38.383,604612.8750,1999.9000,
	2026/04/30 11:56:21	,	844286	,	1375	,10.319946,1999.9000,0.25731641,-803.3325,595537.0000,38.382,604612.8750,1999.9000,
	2026/04/30 11:56:21	,	845286	,	1376	,10.319606,1999.9000,0.24745949,-802.7216,595435.1250,38.381,604622.0625,1999.9000,
	2026/04/30 11:56:21	,	846286	,	1377	,10.319323,1999.9000,0.23621604,-802.2126,595414.2500,38.382,604835.6875,1999.9000,
	2026/04/30 11:56:21	,	847286	,	1378	,10.319087,1999.9000,0.22734229,-801.9872,595414.2500,38.381,604835.6875,1999.9000,
	2026/04/30 11:56:21	,	848286	,	1379	,10.318890,1999.9000,0.22288020,-801.7996,595401.3750,38.381,604873.7500,1999.9000,
	2026/04/30 11:56:21	,	849286	,	1380	,10.318725,1999.9000,0.21984248,-802.1404,595299.3125,38.380,604965.5625,1999.9000,
	2026/04/30 11:56:21	,	850286	,	1381	,10.318677,1999.9000,0.21547489,-802.4246,594873.8750,38.381,604965.5625,1999.9000,
	2026/04/30 11:56:21	,	851286	,	1382	,10.318707,1999.9000,0.21209052,-802.6613,594873.8750,38.384,604965.5625,1999.9000,
	2026/04/30 11:56:21	,	852286	,	1383	,10.318912,1999.9000,0.20837843,-802.3612,594873.8750,38.384,604965.5625,1999.9000,
	2026/04/30 11:56:21	,	853286	,	1384	,10.319325,1999.9000,0.20381550,-802.1111,594873.8750,38.383,604965.5625,1999.9000,
	2026/04/30 11:56:21	,	854286	,	1385	,10.319858,1999.9000,0.19906983,-801.9027,594873.8750,38.382,604965.3125,1999.9000,
	2026/04/30 11:56:21	,	855286	,	1386	,10.324368,1999.9000,0.19245860,-801.5301,594969.1250,38.378,604954.4375,1999.9000,
	2026/04/30 11:56:21	,	856286	,	1387	,10.325367,1999.9000,0.18467516,-801.2195,594991.5000,38.375,604840.5625,1999.9000,
	2026/04/30 11:56:21	,	857286	,	1388	,10.326385,1999.9000,0.18393779,-800.9608,595002.8750,38.377,604802.5000,1999.9000,
	2026/04/30 11:56:21	,	858286	,	1389	,10.330773,1999.9000,0.18367520,-800.7451,595093.6875,38.379,604694.3750,1999.9000,
	2026/04/30 11:56:21	,	859286	,	1390	,10.332009,1999.9000,0.17893371,-800.0681,595343.3125,38.379,604662.6875,1999.9000,
	2026/04/30 11:56:21	,	860286	,	1391	,10.333217,1999.9000,0.17873518,-799.5038,595578.6875,38.371,604652.1250,1999.9000,
	2026/04/30 11:56:21	,	861286	,	1392	,10.338191,1999.9000,0.17817114,-799.0336,595578.6875,38.371,604646.8750,1999.9000,
	2026/04/30 11:56:21	,	862286	,	1393	,10.339472,1999.9000,0.17778037,-798.6418,595578.6875,38.368,604643.6875,1999.9000,
	2026/04/30 11:56:21	,	863286	,	1394	,10.343523,1999.9000,0.16625333,-798.1164,595578.6875,38.366,604641.6250,1999.9000,
	2026/04/30 11:56:21	,	864286	,	1395	,10.345072,1999.9000,0.15199104,-797.6785,595578.6875,38.366,604645.4375,1999.9000,
	2026/04/30 11:56:21	,	865286	,	1396	,10.349600,1999.9000,0.13798083,-797.3135,595578.6875,38.367,604742.7500,1999.9000,
	2026/04/30 11:56:21	,	866286	,	1397	,10.351149,1999.9000,0.12774576,-796.9100,595456.5625,38.364,604781.0625,1999.9000,
	2026/04/30 11:56:21	,	867286	,	1398	,10.356212,1999.9000,0.12185936,-796.5737,595432.1250,38.362,604897.3750,1999.9000,
	2026/04/30 11:56:21	,	868286	,	1399	,10.357910,1999.9000,0.11889093,-796.2934,595419.6250,38.360,604934.1875,1999.9000,
	2026/04/30 11:56:21	,	869286	,	1400	,10.363272,1999.9000,0.11436585,-796.0599,595403.5000,38.358,605032.6250,1999.9000,
	2026/04/30 11:56:21	,	870286	,	1401	,10.365238,1999.9000,0.10293331,-796.1638,595178.9375,38.360,605032.6250,1999.9000,
	2026/04/30 11:56:21	,	871286	,	1402	,10.371285,1999.9000,0.08758071,-796.2502,594903.6250,38.361,605032.6250,1999.9000,
	2026/04/30 11:56:21	,	872286	,	1403	,10.373133,1999.9000,0.07092351,-796.4218,594903.6250,38.362,605032.6250,1999.9000,
	2026/04/30 11:56:21	,	873286	,	1404	,10.378822,1999.9000,0.05533774,-796.8632,594903.6250,38.363,605032.6250,1999.9000,
	2026/04/30 11:56:21	,	874286	,	1405	,10.380817,1999.9000,0.04397454,-797.2311,594903.6250,38.364,605027.1875,1999.9000,
	2026/04/30 11:56:21	,	875286	,	1406	,10.387253,1999.9000,0.03624151,-797.8360,594903.6250,38.366,604929.9375,1999.9000,
	2026/04/30 11:56:21	,	876286	,	1407	,10.391631,1999.9000,0.02960511,-798.5391,594913.1875,38.367,604906.6875,1999.9000,
	2026/04/30 11:56:21	,	877286	,	1408	,10.395891,1999.9000,0.02290571,-799.2245,595015.0625,38.364,604889.5000,1999.9000,
	2026/04/30 11:56:21	,	878286	,	1409	,10.399941,1999.9000,0.01503401,-799.7957,595019.8125,38.365,604873.6250,1999.9000,
	2026/04/30 11:56:21	,	879286	,	1410	,10.404470,1999.9000,0.00614767,-800.3710,595026.1875,38.362,604861.2500,1999.9000,
	2026/04/30 11:56:21	,	880286	,	1411	,10.408759,1999.9000,-0.00127024,-800.8506,595224.1875,38.359,604848.5000,1999.9000,
	2026/04/30 11:56:21	,	881286	,	1412	,10.412959,1999.9000,-0.01092548,-801.1506,595522.1250,38.356,604837.9375,1999.9000,
	2026/04/30 11:56:21	,	882286	,	1413	,10.417279,1999.9000,-0.02459535,-801.4008,595522.1250,38.353,604829.0625,1999.9000,
	2026/04/30 11:56:21	,	883286	,	1414	,10.421866,1999.9000,-0.04275250,-801.6091,595522.1250,38.351,604821.6875,1999.9000,
	2026/04/30 11:56:21	,	884286	,	1415	,10.426007,1999.9000,-0.06707340,-801.3849,595522.1250,38.349,604815.5625,1999.9000,
	2026/04/30 11:56:21	,	885286	,	1416	,10.427779,1999.9000,-0.09609585,-798.5123,595522.1250,38.349,604812.6875,1999.9000,
	2026/04/30 11:56:21	,	886286	,	1417	,10.433543,1999.9000,-0.12642290,-795.3226,595517.1875,38.356,604819.7500,1999.9000,
	2026/04/30 11:56:21	,	887286	,	1418	,10.437743,1999.9000,-0.15872258,-792.5651,595405.9375,38.364,604832.9375,1999.9000,
	2026/04/30 11:56:21	,	888286	,	1419	,10.439709,1999.9000,-0.19469027,-789.6702,595386.8125,38.371,604960.1250,1999.9000,
	2026/04/30 11:56:21	,	889286	,	1420	,10.445459,1999.9000,-0.23738888,-787.1585,595370.9375,38.376,604993.6250,1999.9000,
	2026/04/30 11:56:21	,	890286	,	1421	,10.447395,1999.9000,-0.29465231,-784.6674,595210.4375,38.380,605106.2500,1999.9000,
	2026/04/30 11:56:21	,	891286	,	1422	,10.453352,1999.9000,-0.36832082,-782.5915,594939.3750,38.382,605106.2500,1999.9000,
	2026/04/30 11:56:21	,	892286	,	1423	,10.455319,1999.9000,-0.45678103,-780.8616,594905.4375,38.385,605106.2500,1999.9000,
	2026/04/30 11:56:21	,	893286	,	1424	,10.460830,1999.9000,-0.55872202,-779.4200,594894.1875,38.382,605106.2500,1999.9000,
	2026/04/30 11:56:21	,	894286	,	1425	,10.462631,1999.9000,-0.67210186,-778.6167,594888.5000,38.380,605106.2500,1999.9000,
	2026/04/30 11:56:21	,	895286	,	1426	,10.467949,1999.9000,-0.79794145,-778.1461,594885.0625,38.378,605105.8750,1999.9000,
	2026/04/30 11:56:21	,	896286	,	1427	,10.469646,1999.9000,-0.94133949,-779.4451,594882.8125,38.376,605096.1250,1999.9000,
	2026/04/30 11:56:21	,	897286	,	1428	,10.474771,1999.9000,-1.10423708,-780.7265,594894.7500,38.375,605007.8750,1999.9000,
	2026/04/30 11:56:21	,	898286	,	1429	,10.476394,1999.9000,-1.28572035,-781.7943,594978.7500,38.374,604987.6250,1999.9000,
	2026/04/30 11:56:21	,	899286	,	1430	,10.481055,1999.9000,-1.48263836,-782.6841,594987.9375,38.373,604970.8125,1999.9000,
	2026/04/30 11:56:21	,	900286	,	1431	,10.482410,1999.9000,-1.68848038,-783.4257,595111.0000,38.374,604962.4375,1999.9000,
	2026/04/30 11:56:21	,	901286	,	1432	,10.486835,1999.9000,-1.90282416,-784.0436,595389.8125,38.376,604957.4375,1999.9000,
	2026/04/30 11:56:21	,	902286	,	1433	,10.488355,1999.9000,-2.12738419,-784.0612,595413.9375,38.379,604954.0625,1999.9000,
	2026/04/30 11:56:21	,	903286	,	1434	,10.489635,1999.9000,-2.36053443,-782.5837,595422.0000,38.380,604951.2500,1999.9000,
	2026/04/30 11:56:21	,	904286	,	1435	,10.494669,1999.9000,-2.60102701,-781.1535,595426.0000,38.380,604952.8750,1999.9000,
	2026/04/30 11:56:21	,	905286	,	1436	,10.495935,1999.9000,-2.84627175,-779.4644,595428.4375,38.378,604964.6875,1999.9000,
	2026/04/30 11:56:21	,	906286	,	1437	,10.497231,1999.9000,-3.09068418,-778.0567,595430.1250,38.378,605066.4375,1999.9000,
	2026/04/30 11:56:21	,	907286	,	1438	,10.502295,1999.9000,-3.33023763,-776.8836,595417.5000,38.379,605068.5625,1999.9000,
	2026/04/30 11:56:21	,	908286	,	1439	,10.503397,1999.9000,-3.56275129,-775.9061,595333.1875,38.379,605073.0625,1999.9000,
	2026/04/30 11:56:21	,	909286	,	1440	,10.504490,1999.9000,-3.78630948,-775.5889,595328.1250,38.376,605081.0625,1999.9000,
	2026/04/30 11:56:21	,	910286	,	1441	,10.508580,1999.9000,-4.00089264,-775.9213,595304.6250,38.370,605090.5625,1999.9000,
	2026/04/30 11:56:21	,	911286	,	1442	,10.509474,1999.9000,-4.19760895,-776.4968,595028.1250,38.363,605096.9375,1999.9000,
	2026/04/30 11:56:21	,	912286	,	1443	,10.510338,1999.9000,-4.35846472,-777.1753,594832.1250,38.358,605102.2500,1999.9000,
	2026/04/30 11:56:21	,	913286	,	1444	,10.511023,1999.9000,-4.46721220,-778.4371,594832.1250,38.355,605106.6875,1999.9000,
	2026/04/30 11:56:21	,	914286	,	1445	,10.511559,1999.9000,-4.46721220,-780.6823,594832.1250,38.356,605110.4375,1999.9000,
	2026/04/30 11:56:21	,	915286	,	1446	,10.512050,1999.9000,-4.46721172,-783.5479,594832.1250,38.356,605102.6875,1999.9000,
	2026/04/30 11:56:21	,	916286	,	1447	,10.512639,1999.9000,-4.46721220,-786.6324,594832.1250,38.357,604987.3125,1999.9000,
	2026/04/30 11:56:21	,	917286	,	1448	,10.513203,1999.9000,-4.46721220,-789.5011,594938.7500,38.357,604955.0000,1999.9000,
	2026/04/30 11:56:21	,	918286	,	1449	,10.513754,1999.9000,-4.37839270,-792.9860,594959.9375,38.357,604862.8750,1999.9000,
	2026/04/30 11:56:21	,	919286	,	1450	,10.514212,1999.9000,-4.27769327,-796.0889,594970.5625,38.361,604824.5625,1999.9000,
	2026/04/30 11:56:21	,	920286	,	1451	,10.514600,1999.9000,-4.17653370,-798.7743,595059.1250,38.364,604702.1875,1999.9000,
	2026/04/30 11:56:21	,	921286	,	1452	,10.514922,1999.9000,-4.08406544,-801.0120,595312.3125,38.366,604675.9375,1999.9000,
	2026/04/30 11:56:21	,	922286	,	1453	,10.515190,1999.9000,-4.00736523,-802.8768,595572.1250,38.368,604667.1875,1999.9000,
	2026/04/30 11:56:21	,	923286	,	1454	,10.515409,1999.9000,-3.94444871,-804.4307,595572.1250,38.369,604662.8125,1999.9000,
	2026/04/30 11:56:21	,	924286	,	1455	,10.515581,1999.9000,-3.89094758,-805.7257,595572.1250,38.368,604660.2500,1999.9000,
	2026/04/30 11:56:21	,	925286	,	1456	,10.515721,1999.9000,-3.84429765,-806.7054,595572.1250,38.369,604658.5000,1999.9000,
	2026/04/30 11:56:21	,	926286	,	1457	,10.515777,1999.9000,-3.80132151,-806.8255,595572.1250,38.369,604665.2500,1999.9000,
	2026/04/30 11:56:21	,	927286	,	1458	,10.515679,1999.9000,-3.76097369,-806.8260,595453.0000,38.367,604748.7500,1999.9000,
	2026/04/30 11:56:21	,	928286	,	1459	,10.515505,1999.9000,-3.72423077,-806.7271,595425.8750,38.363,604775.6250,1999.9000,
	2026/04/30 11:56:21	,	929286	,	1460	,10.515185,1999.9000,-3.69173574,-806.0478,595408.5000,38.359,604873.8125,1999.9000,
	2026/04/30 11:56:21	,	930286	,	1461	,10.514680,1999.9000,-3.66518402,-805.0837,595323.6875,38.359,604963.7500,1999.9000,
	2026/04/30 11:56:21	,	931286	,	1462	,10.514016,1999.9000,-3.64481473,-803.5841,595137.8125,38.361,605004.2500,1999.9000,
	2026/04/30 11:56:21	,	932286	,	1463	,10.508938,1999.9000,-3.62464714,-802.2350,594856.5625,38.362,605017.6875,1999.9000,
	2026/04/30 11:56:21	,	933286	,	1464	,10.507970,1999.9000,-3.62464714,-802.2350,594856.5625,38.363,605024.4375,1999.9000,
	2026/04/30 11:56:21	,	934286	,	1465	,10.506803,1999.9000,-3.58303857,-799.8090,594856.5625,38.359,605028.5000,1999.9000,
	2026/04/30 11:56:21	,	935286	,	1466	,10.502265,1999.9000,-3.56012321,-798.7906,594856.5625,38.356,605031.1250,1999.9000,
	2026/04/30 11:56:21	,	936286	,	1467	,10.501015,1999.9000,-3.53555012,-797.8425,594856.5625,38.358,605024.4375,1999.9000,
	2026/04/30 11:56:21	,	937286	,	1468	,10.499753,1999.9000,-3.50911784,-796.9528,594864.4375,38.366,605011.8750,1999.9000,
	2026/04/30 11:56:21	,	938286	,	1469	,10.494401,1999.9000,-3.48008919,-796.2115,594956.1250,38.372,604896.7500,1999.9000,
	2026/04/30 11:56:21	,	939286	,	1470	,10.492987,1999.9000,-3.44918871,-795.6932,594958.8125,38.375,604812.7500,1999.9000,
	2026/04/30 11:56:21	,	940286	,	1471	,10.488145,1999.9000,-3.41581130,-795.2613,594973.0000,38.375,604722.1250,1999.9000,
	2026/04/30 11:56:21	,	941286	,	1472	,10.486611,1999.9000,-3.37806010,-795.0009,595200.9375,38.376,604692.5000,1999.9000,
	2026/04/30 11:56:21	,	942286	,	1473	,10.481919,1999.9000,-3.33947706,-795.1818,595508.3750,38.376,604682.6875,1999.9000,
	2026/04/30 11:56:21	,	943286	,	1474	,10.480118,1999.9000,-3.29941273,-795.3325,595508.3750,38.376,604677.7500,1999.9000,
	2026/04/30 11:56:21	,	944286	,	1475	,10.474830,1999.9000,-3.25488615,-795.4580,595508.3750,38.376,604674.7500,1999.9000,
	2026/04/30 11:56:21	,	945286	,	1476	,10.473058,1999.9000,-3.20289183,-795.6622,595508.3750,38.377,604672.7500,1999.9000,
	2026/04/30 11:56:21	,	946286	,	1477	,10.467800,1999.9000,-3.13826108,-795.9317,595508.3750,38.377,604685.1250,1999.9000,
	2026/04/30 11:56:21	,	947286	,	1478	,10.463719,1999.9000,-3.05566835,-796.6537,595502.8125,38.377,604821.1875,1999.9000,
	2026/04/30 11:56:21	,	948286	,	1479	,10.459400,1999.9000,-2.95336771,-797.2554,595395.8125,38.375,604850.5000,1999.9000,
	2026/04/30 11:56:21	,	949286	,	1480	,10.457539,1999.9000,-2.83181381,-798.0552,595380.0000,38.370,604952.8750,1999.9000,
	2026/04/30 11:56:21	,	950286	,	1481	,10.451803,1999.9000,-2.69325614,-799.1196,595366.0000,38.365,604985.8125,1999.9000,
	2026/04/30 11:56:21	,	951286	,	1482	,10.449808,1999.9000,-2.54216909,-800.1061,595217.6250,38.361,605009.6250,1999.9000,
	2026/04/30 11:56:21	,	952286	,	1483	,10.443194,1999.9000,-2.54216909,-800.9282,594953.1250,38.356,605021.5625,1999.9000,
	2026/04/30 11:56:21	,	953286	,	1484	,10.439024,1999.9000,-2.20029020,-801.6132,594930.7500,38.352,605028.7500,1999.9000,
	2026/04/30 11:56:21	,	954286	,	1485	,10.434883,1999.9000,-2.01429439,-802.1840,594923.2500,38.348,605033.5000,1999.9000,
	2026/04/30 11:56:21	,	955286	,	1486	,10.430564,1999.9000,-1.82009292,-802.5603,594919.5625,38.346,605037.4375,1999.9000,
	2026/04/30 11:56:21	,	956286	,	1487	,10.426483,1999.9000,-1.62108898,-800.9838,594917.3125,38.345,605026.8750,1999.9000,
	2026/04/30 11:56:21	,	957286	,	1488	,10.422194,1999.9000,-1.42410183,-797.6807,594915.8125,38.347,604881.0000,1999.9000,
	2026/04/30 11:56:21	,	958286	,	1489	,10.420198,1999.9000,-1.23337913,-793.8338,594925.5625,38.351,604798.2500,1999.9000,
	2026/04/30 11:56:21	,	959286	,	1490	,10.414509,1999.9000,-1.04913545,-790.6281,594936.8750,38.361,604710.0625,1999.9000,
	2026/04/30 11:56:21	,	960286	,	1491	,10.410457,1999.9000,-0.87450910,-787.9567,594946.6250,38.373,604671.4375,1999.9000,
	2026/04/30 11:56:21	,	961286	,	1492	,10.406019,1999.9000,-0.71655256,-785.7305,595110.3750,38.383,604656.9375,1999.9000,
	2026/04/30 11:56:21	,	962286	,	1493	,10.401908,1999.9000,-0.58388108,-783.8752,595386.8125,38.391,604649.6875,1999.9000,
	2026/04/30 11:56:21	,	963286	,	1494	,10.400046,1999.9000,-0.47502011,-782.8267,595497.6250,38.398,604645.3750,1999.9000,
	2026/04/30 11:56:21	,	964286	,	1495	,10.394282,1999.9000,-0.38168189,-781.9528,595497.6250,38.404,604642.5000,1999.9000,
	2026/04/30 11:56:21	,	965286	,	1496	,10.392316,1999.9000,-0.29743797,-781.2247,595497.6250,38.406,604640.0000,1999.9000,
	2026/04/30 11:56:21	,	966286	,	1497	,10.385912,1999.9000,-0.21716456,-780.6179,595497.6250,38.404,604649.6250,1999.9000,
	2026/04/30 11:56:21	,	967286	,	1498	,10.381593,1999.9000,-0.13642478,-780.1121,595497.6250,38.401,604760.2500,1999.9000,
	2026/04/30 11:56:21	,	968286	,	1499	,10.379611,1999.9000,-0.05536987,-778.7955,595408.8750,38.396,604790.1250,1999.9000,
	2026/04/30 11:56:21	,	969286	,	1500	,10.374115,1999.9000,0.01831125,-777.6984,595382.9375,38.391,604899.1250,1999.9000,
	2026/04/30 11:56:21	,	970286	,	1501	,10.370094,1999.9000,0.07481840,-776.7840,595369.1250,38.387,604933.2500,1999.9000,
	2026/04/30 11:56:21	,	971286	,	1502	,10.368247,1999.9000,0.11069784,-776.0220,595266.4375,38.389,604944.6250,1999.9000,
	2026/04/30 11:56:21	,	972286	,	1503	,10.363272,1999.9000,0.13324773,-775.3871,595023.3750,38.390,604950.3125,1999.9000,
	2026/04/30 11:56:21	,	973286	,	1504	,10.361678,1999.9000,0.14999320,-774.8579,594872.6250,38.388,604953.7500,1999.9000,
	2026/04/30 11:56:21	,	974286	,	1505	,10.356809,1999.9000,0.16523232,-776.5059,594872.6250,38.385,604956.0625,1999.9000,
	2026/04/30 11:56:21	,	975286	,	1506	,10.355170,1999.9000,0.18427180,-778.2771,594872.6250,38.382,604956.2500,1999.9000,
	2026/04/30 11:56:21	,	976286	,	1507	,10.350553,1999.9000,0.20794988,-779.9520,594872.6250,38.381,604944.5000,1999.9000,
	2026/04/30 11:56:21	,	977286	,	1508	,10.349153,1999.9000,0.22853972,-782.3425,594872.6250,38.382,604826.6875,1999.9000,
	2026/04/30 11:56:21	,	978286	,	1509	,10.347931,1999.9000,0.23501228,-784.7325,594962.6250,38.382,604811.8750,1999.9000,
	2026/04/30 11:56:21	,	979286	,	1510	,10.342867,1999.9000,0.23551965,-787.2216,594979.0625,38.383,604800.0625,1999.9000,
	2026/04/30 11:56:21	,	980286	,	1511	,10.341526,1999.9000,0.23965715,-789.5942,594985.0625,38.383,604788.3125,1999.9000,
	2026/04/30 11:56:21	,	981286	,	1512	,10.340265,1999.9000,0.23993127,-792.1682,595002.6875,38.382,604779.1250,1999.9000,
	2026/04/30 11:56:21	,	982286	,	1513	,10.335212,1999.9000,0.24016550,-794.7112,595314.1875,38.382,604772.9375,1999.9000,
	2026/04/30 11:56:21	,	983286	,	1514	,10.334050,1999.9000,0.24755403,-797.2282,595581.6250,38.381,604767.7500,1999.9000,
	2026/04/30 11:56:21	,	984286	,	1515	,10.332869,1999.9000,0.25619459,-799.3257,595581.6250,38.382,604763.5000,1999.9000,
	2026/04/30 11:56:21	,	985286	,	1516	,10.328449,1999.9000,0.25840670,-801.0737,595581.6250,38.383,604760.0000,1999.9000,
	2026/04/30 11:56:21	,	986286	,	1517	,10.327497,1999.9000,0.25840670,-802.5302,595581.6250,38.383,604767.9375,1999.9000,
	2026/04/30 11:56:21	,	987286	,	1518	,10.326702,1999.9000,0.25840670,-803.7441,595581.6250,38.382,604774.9375,1999.9000,
	2026/04/30 11:56:21	,	988286	,	1519	,10.325933,1999.9000,0.25840670,-804.3577,595466.0625,38.381,604781.3750,1999.9000,
	2026/04/30 11:56:21	,	989286	,	1520	,10.325267,1999.9000,0.25840670,-804.2722,595446.1250,38.381,604788.8125,1999.9000,
	2026/04/30 11:56:21	,	990286	,	1521	,10.324640,1999.9000,0.25031444,-804.1015,595435.3125,38.380,604798.6250,1999.9000,
	2026/04/30 11:56:21	,	991286	,	1522	,10.320258,1999.9000,0.24423896,-803.4619,595420.3750,38.380,604809.4375,1999.9000,
	2026/04/30 11:56:21	,	992286	,	1523	,10.319752,1999.9000,0.24423896,-802.8295,595192.5625,38.382,604809.4375,1999.9000,
	2026/04/30 11:56:21	,	993286	,	1524	,10.319433,1999.9000,0.24043861,-802.3024,594909.6250,38.385,604818.5000,1999.9000,
	2026/04/30 11:56:21	,	994286	,	1525	,10.319193,1999.9000,0.24041973,-801.6642,594909.6250,38.387,604826.0625,1999.9000,
	2026/04/30 11:56:21	,	995286	,	1526	,10.319001,1999.9000,0.24028739,-801.1324,594909.6250,38.390,604832.3125,1999.9000,
	2026/04/30 11:56:21	,	996286	,	1527	,10.318858,1999.9000,0.24021177,-800.6893,594909.6250,38.392,604837.5625,1999.9000,
	2026/04/30 11:56:21	,	997286	,	1528	,10.318709,1999.9000,0.24015756,-800.3199,594909.6250,38.394,604840.8750,1999.9000,
	2026/04/30 11:56:21	,	998286	,	1529	,10.318584,1999.9000,0.24006677,-799.9127,594918.6875,38.396,604834.3750,1999.9000,
	2026/04/30 11:56:21	,	999286	,	1530	,10.318481,1999.9000,0.23568034,-799.5733,595019.2500,38.401,604823.4375,1999.9000,
	2026/04/30 11:56:22	,	000286	,	1531	,10.318395,1999.9000,0.23533370,-799.2905,595021.6250,38.401,604726.3750,1999.9000,
	2026/04/30 11:56:22	,	001286	,	1532	,10.318322,1999.9000,0.23521814,-798.7564,595032.5625,38.394,604698.3125,1999.9000,
	2026/04/30 11:56:22	,	002286	,	1533	,10.318262,1999.9000,0.23516038,-798.3113,595243.8125,38.388,604612.8750,1999.9000,
	2026/04/30 11:56:22	,	003286	,	1534	,10.318233,1999.9000,0.23512574,-798.0399,595545.3750,38.380,604598.6250,1999.9000,
	2026/04/30 11:56:22	,	004286	,	1535	,10.318357,1999.9000,0.22972460,-798.0399,595545.3750,38.374,604593.9375,1999.9000,
	2026/04/30 11:56:22	,	005286	,	1536	,10.318357,1999.9000,0.22972460,-798.0127,595545.3750,38.368,604591.5625,1999.9000,
	2026/04/30 11:56:22	,	006286	,	1537	,10.318575,1999.9000,0.22972460,-797.9900,595545.3750,38.364,604590.1250,1999.9000,
	2026/04/30 11:56:22	,	007286	,	1538	,10.318930,1999.9000,0.22972460,-797.7722,595545.3750,38.360,604589.1875,1999.9000,
	2026/04/30 11:56:22	,	008286	,	1539	,10.319405,1999.9000,0.22972460,-797.4393,595539.4375,38.357,604601.0625,1999.9000,
	2026/04/30 11:56:22	,	009286	,	1540	,10.320068,1999.9000,0.21866392,-797.4393,595440.4375,38.354,604713.7500,1999.9000,
	2026/04/30 11:56:22	,	010286	,	1541	,10.325262,1999.9000,0.20622933,-797.5121,595423.4375,38.352,604741.1875,1999.9000,
	2026/04/30 11:56:22	,	011286	,	1542	,10.326112,1999.9000,0.19589344,-797.5728,595411.6875,38.350,604833.8750,1999.9000,
	2026/04/30 11:56:22	,	012286	,	1543	,10.327188,1999.9000,0.18826124,-797.6234,595276.5625,38.348,604867.7500,1999.9000,
	2026/04/30 11:56:22	,	013286	,	1544	,10.331845,1999.9000,0.18026982,-797.6656,595014.5000,38.347,604984.3125,1999.9000,
	2026/04/30 11:56:22	,	014286	,	1545	,10.333157,1999.9000,0.17290235,-797.7007,594920.3750,38.346,604984.3125,1999.9000,
	2026/04/30 11:56:22	,	015286	,	1546	,10.334467,1999.9000,0.16410419,-797.7300,594920.3750,38.348,604984.3125,1999.9000,
	2026/04/30 11:56:22	,	016286	,	1547	,10.339740,1999.9000,0.15290487,-797.7545,594920.3750,38.350,604984.3125,1999.9000,
	2026/04/30 11:56:22	,	017286	,	1548	,10.341095,1999.9000,0.14167404,-797.7747,594920.3750,38.351,604984.3125,1999.9000,
	2026/04/30 11:56:22	,	018286	,	1549	,10.345250,1999.9000,0.13126881,-797.4933,594920.3750,38.353,604973.7500,1999.9000,
	2026/04/30 11:56:22	,	019286	,	1550	,10.346829,1999.9000,0.12153164,-797.8591,594933.1875,38.354,604870.7500,1999.9000,
	2026/04/30 11:56:22	,	020286	,	1551	,10.351297,1999.9000,0.11848129,-797.8591,595024.0000,38.355,604844.5000,1999.9000,
	2026/04/30 11:56:22	,	021286	,	1552	,10.352921,1999.9000,0.11559478,-798.0609,595031.7500,38.355,604751.7500,1999.9000,
	2026/04/30 11:56:22	,	022286	,	1553	,10.357821,1999.9000,0.11555380,-797.7318,595168.8125,38.359,604716.7500,1999.9000,
	2026/04/30 11:56:22	,	023286	,	1554	,10.359728,1999.9000,0.11507377,-797.4575,595454.1875,38.362,604625.5000,1999.9000,
	2026/04/30 11:56:22	,	024286	,	1555	,10.365477,1999.9000,0.11056550,-797.2288,595578.1250,38.363,604625.5000,1999.9000,
	2026/04/30 11:56:22	,	025286	,	1556	,10.367369,1999.9000,0.11043316,-797.4362,595578.1250,38.366,604625.5000,1999.9000,
	2026/04/30 11:56:22	,	026286	,	1557	,10.373221,1999.9000,0.10702354,-797.6091,595578.1250,38.367,604625.5000,1999.9000,
	2026/04/30 11:56:22	,	027286	,	1558	,10.377481,1999.9000,0.09377597,-797.7531,595578.1250,38.369,604625.5000,1999.9000,
	2026/04/30 11:56:22	,	028286	,	1559	,10.379478,1999.9000,0.07841074,-797.8731,595578.1250,38.371,604627.8750,1999.9000,
	2026/04/30 11:56:22	,	029286	,	1560	,10.385494,1999.9000,0.06392156,-797.9731,595476.1875,38.376,604639.1250,1999.9000,
	2026/04/30 11:56:22	,	030286	,	1561	,10.389516,1999.9000,0.05106470,-798.0565,595452.1250,38.381,604766.8750,1999.9000,
	2026/04/30 11:56:22	,	031286	,	1562	,10.393597,1999.9000,0.03953766,-798.1259,595437.5625,38.382,604867.1250,1999.9000,
	2026/04/30 11:56:22	,	032286	,	1563	,10.398035,1999.9000,0.02798541,-798.1838,595330.8125,38.383,604971.6250,1999.9000,
	2026/04/30 11:56:22	,	033286	,	1564	,10.402504,1999.9000,0.01211604,-798.2320,595084.1875,38.383,605071.2500,1999.9000,
	2026/04/30 11:56:22	,	034286	,	1565	,10.404455,1999.9000,-0.00643188,-798.2722,594879.2500,38.384,605071.2500,1999.9000,
	2026/04/30 11:56:22	,	035286	,	1566	,10.410845,1999.9000,-0.02556590,-798.3057,594879.2500,38.384,605071.2500,1999.9000,
	2026/04/30 11:56:22	,	036286	,	1567	,10.415134,1999.9000,-0.04545621,-798.2341,594879.2500,38.385,605071.2500,1999.9000,
	2026/04/30 11:56:22	,	037286	,	1568	,10.419394,1999.9000,-0.06518897,-797.9756,594879.2500,38.384,605071.2500,1999.9000,
	2026/04/30 11:56:22	,	038286	,	1569	,10.423594,1999.9000,-0.08557087,-797.7601,594879.2500,38.379,605065.5000,1999.9000,
	2026/04/30 11:56:22	,	039286	,	1570	,10.428122,1999.9000,-0.10871952,-797.0832,594892.4375,38.375,604952.8750,1999.9000,
	2026/04/30 11:56:22	,	040286	,	1571	,10.432292,1999.9000,-0.13363281,-795.4249,594988.2500,38.370,604917.2500,1999.9000,
	2026/04/30 11:56:22	,	041286	,	1572	,10.434258,1999.9000,-0.16058810,-793.8440,594995.0625,38.367,604811.5625,1999.9000,
	2026/04/30 11:56:22	,	042286	,	1573	,10.440394,1999.9000,-0.19112942,-791.8302,595085.3750,38.369,604778.6250,1999.9000,
	2026/04/30 11:56:22	,	043286	,	1574	,10.442346,1999.9000,-0.22402784,-789.5553,595333.1875,38.375,604685.3125,1999.9000,
	2026/04/30 11:56:22	,	044286	,	1575	,10.448110,1999.9000,-0.26545340,-787.5601,595554.2500,38.380,604685.3125,1999.9000,
	2026/04/30 11:56:22	,	045286	,	1576	,10.450016,1999.9000,-0.32373780,-785.8973,595554.2500,38.384,604685.3125,1999.9000,
	2026/04/30 11:56:22	,	046286	,	1577	,10.455647,1999.9000,-0.40097979,-784.3128,595554.2500,38.392,604685.3125,1999.9000,
	2026/04/30 11:56:22	,	047286	,	1578	,10.457567,1999.9000,-0.49625915,-782.9924,595554.2500,38.399,604685.3125,1999.9000,
	2026/04/30 11:56:22	,	048286	,	1579	,10.463004,1999.9000,-0.60787427,-782.0909,595554.2500,38.404,604696.8125,1999.9000,
	2026/04/30 11:56:22	,	049286	,	1580	,10.464866,1999.9000,-0.73367608,-781.3397,595438.0625,38.411,604825.4375,1999.9000,
	2026/04/30 11:56:22	,	050286	,	1581	,10.470094,1999.9000,-0.87518972,-780.8132,595407.3750,38.417,604852.9375,1999.9000,
	2026/04/30 11:56:22	,	051286	,	1582	,10.471687,1999.9000,-1.03488564,-780.5734,595389.6250,38.423,604954.6875,1999.9000,
	2026/04/30 11:56:22	,	052286	,	1583	,10.476558,1999.9000,-1.21304774,-781.0698,595370.3125,38.428,604987.6250,1999.9000,
	2026/04/30 11:56:22	,	053286	,	1584	,10.478211,1999.9000,-1.41091084,-781.6826,595124.0625,38.431,605099.6875,1999.9000,
	2026/04/30 11:56:22	,	054286	,	1585	,10.482754,1999.9000,-1.62424016,-782.1931,594853.0000,38.435,605099.6875,1999.9000,
	2026/04/30 11:56:22	,	055286	,	1586	,10.484199,1999.9000,-1.84602714,-782.6185,594853.0000,38.437,605099.6875,1999.9000,
	2026/04/30 11:56:22	,	056286	,	1587	,10.488414,1999.9000,-2.07471538,-782.9731,594853.0000,38.437,605099.6875,1999.9000,
	2026/04/30 11:56:22	,	057286	,	1588	,10.489724,1999.9000,-2.30885506,-783.0696,594853.0000,38.433,605099.6875,1999.9000,
	2026/04/30 11:56:22	,	058286	,	1589	,10.490847,1999.9000,-2.54616475,-782.6526,594853.0000,38.424,605090.1875,1999.9000,
	2026/04/30 11:56:22	,	059286	,	1590	,10.496129,1999.9000,-2.78554821,-781.9073,594863.9375,38.410,604971.0000,1999.9000,
	2026/04/30 11:56:22	,	060286	,	1591	,10.497588,1999.9000,-3.02423191,-781.2861,594979.8750,38.401,604941.3750,1999.9000,
	2026/04/30 11:56:22	,	061286	,	1592	,10.498859,1999.9000,-3.25897050,-780.7685,594987.6250,38.397,604849.6250,1999.9000,
	2026/04/30 11:56:22	,	062286	,	1593	,10.503456,1999.9000,-3.48786640,-780.3372,594998.3750,38.394,604827.5625,1999.9000,
	2026/04/30 11:56:22	,	063286	,	1594	,10.504484,1999.9000,-3.70717025,-779.9777,595212.8125,38.391,604820.2500,1999.9000,
	2026/04/30 11:56:22	,	064286	,	1595	,10.505571,1999.9000,-3.91466999,-779.7777,595504.8125,38.389,604816.5000,1999.9000,
	2026/04/30 11:56:22	,	065286	,	1596	,10.506517,1999.9000,-4.10781908,-779.9095,595504.8125,38.393,604814.3125,1999.9000,
	2026/04/30 11:56:22	,	066286	,	1597	,10.510844,1999.9000,-4.27183819,-780.2181,595504.8125,38.403,604812.8125,1999.9000,
	2026/04/30 11:56:22	,	067286	,	1598	,10.511515,1999.9000,-4.39284420,-781.1718,595504.8125,38.411,604815.6250,1999.9000,
	2026/04/30 11:56:22	,	068286	,	1599	,10.512055,1999.9000,-4.39284420,-782.8616,595504.8125,38.417,604821.8125,1999.9000,
	2026/04/30 11:56:22	,	069286	,	1600	,10.512625,1999.9000,-4.39284420,-784.9662,595497.5625,38.423,604829.5625,1999.9000,
	2026/04/30 11:56:22	,	070286	,	1601	,10.513121,1999.9000,-4.39284420,-788.0132,595396.3750,38.422,604839.0000,1999.9000,
	2026/04/30 11:56:22	,	071286	,	1602	,10.513531,1999.9000,-4.39284420,-790.5522,595388.3125,38.420,604937.1875,1999.9000,
	2026/04/30 11:56:22	,	072286	,	1603	,10.513971,1999.9000,-4.38956690,-794.3593,595377.6875,38.419,604969.4375,1999.9000,
	2026/04/30 11:56:22	,	073286	,	1604	,10.514339,1999.9000,-4.30839205,-797.8303,595233.6875,38.418,605072.5000,1999.9000,
	2026/04/30 11:56:22	,	074286	,	1605	,10.514686,1999.9000,-4.22563553,-800.7227,594960.2500,38.416,605074.6250,1999.9000,
	2026/04/30 11:56:22	,	075286	,	1606	,10.514975,1999.9000,-4.14656591,-803.1331,594934.6250,38.414,605075.3125,1999.9000,
	2026/04/30 11:56:22	,	076286	,	1607	,10.515215,1999.9000,-4.07592249,-805.1418,594926.0625,38.408,605075.6250,1999.9000,
	2026/04/30 11:56:22	,	077286	,	1608	,10.515414,1999.9000,-4.01372433,-806.5172,594921.8125,38.403,605075.8750,1999.9000,
	2026/04/30 11:56:22	,	078286	,	1609	,10.515581,1999.9000,-3.95546532,-807.4644,594919.2500,38.400,605076.0625,1999.9000,
	2026/04/30 11:56:22	,	079286	,	1610	,10.515696,1999.9000,-3.89943719,-807.3585,594917.6250,38.401,605062.6875,1999.9000,
	2026/04/30 11:56:22	,	080286	,	1611	,10.515765,1999.9000,-3.84637713,-807.1707,594929.0625,38.399,604911.1875,1999.9000,
	2026/04/30 11:56:22	,	081286	,	1612	,10.515825,1999.9000,-3.79796886,-807.0143,595013.2500,38.395,604873.7500,1999.9000,
	2026/04/30 11:56:22	,	082286	,	1613	,10.515704,1999.9000,-3.75610828,-806.8840,595019.1875,38.392,604765.0625,1999.9000,
	2026/04/30 11:56:22	,	083286	,	1614	,10.515387,1999.9000,-3.71853971,-806.3774,595144.3125,38.390,604733.6250,1999.9000,
	2026/04/30 11:56:22	,	084286	,	1615	,10.514913,1999.9000,-3.68049240,-805.8558,595439.8750,38.388,604723.1250,1999.9000,
	2026/04/30 11:56:22	,	085286	,	1616	,10.514299,1999.9000,-3.64502883,-805.3217,595474.0625,38.388,604717.9375,1999.9000,
	2026/04/30 11:56:22	,	086286	,	1617	,10.509593,1999.9000,-3.61320829,-803.9814,595485.5000,38.389,604714.7500,1999.9000,
	2026/04/30 11:56:22	,	087286	,	1618	,10.508715,1999.9000,-3.58586192,-802.8644,595491.1875,38.390,604712.6875,1999.9000,
	2026/04/30 11:56:22	,	088286	,	1619	,10.507746,1999.9000,-3.56401181,-801.9336,595494.6250,38.391,604725.0625,1999.9000,
	2026/04/30 11:56:22	,	089286	,	1620	,10.503606,1999.9000,-3.54552054,-801.1580,595496.9375,38.392,604883.4375,1999.9000,
	2026/04/30 11:56:22	,	090286	,	1621	,10.502384,1999.9000,-3.52665114,-800.0142,595394.0000,38.392,604966.1875,1999.9000,
	2026/04/30 11:56:22	,	091286	,	1622	,10.497975,1999.9000,-3.50562048,-799.0610,595371.0625,38.393,605048.3125,1999.9000,
	2026/04/30 11:56:22	,	092286	,	1623	,10.496471,1999.9000,-3.48192978,-798.2668,595358.2500,38.398,605083.9375,1999.9000,
	2026/04/30 11:56:22	,	093286	,	1624	,10.495205,1999.9000,-3.45733786,-797.6049,595246.1875,38.398,605203.5625,1999.9000,
	2026/04/30 11:56:22	,	094286	,	1625	,10.489605,1999.9000,-3.43497682,-797.2523,595003.1250,38.391,605306.2500,1999.9000,
	2026/04/30 11:56:22	,	095286	,	1626	,10.487982,1999.9000,-3.41090798,-797.0579,594808.8750,38.383,605306.2500,1999.9000,
	2026/04/30 11:56:22	,	096286	,	1627	,10.483023,1999.9000,-3.38266706,-796.7964,594808.8750,38.376,605306.2500,1999.9000,
	2026/04/30 11:56:22	,	097286	,	1628	,10.481547,1999.9000,-3.34959197,-796.5785,594808.8750,38.370,605306.2500,1999.9000,
	2026/04/30 11:56:22	,	098286	,	1629	,10.476499,1999.9000,-3.30842495,-796.4963,594808.8750,38.365,605306.2500,1999.9000,
	2026/04/30 11:56:22	,	099286	,	1630	,10.474651,1999.9000,-3.25627923,-796.4280,594808.8750,38.361,605202.3125,1999.9000,
	2026/04/30 11:56:22	,	100286	,	1631	,10.469260,1999.9000,-3.19131446,-796.5699,594917.9375,38.358,605090.5625,1999.9000,
	2026/04/30 11:56:22	,	101286	,	1632	,10.467264,1999.9000,-3.10996318,-797.3845,594949.2500,38.355,605003.0000,1999.9000,
	2026/04/30 11:56:22	,	102286	,	1633	,10.461485,1999.9000,-3.01006436,-798.7596,594962.8750,38.355,604917.8750,1999.9000,
	2026/04/30 11:56:22	,	103286	,	1634	,10.457463,1999.9000,-2.89071584,-800.5024,595053.1875,38.359,604882.2500,1999.9000,
	2026/04/30 11:56:22	,	104286	,	1635	,10.452965,1999.9000,-2.74940419,-802.0541,595296.8750,38.362,604781.3125,1999.9000,
	2026/04/30 11:56:22	,	105286	,	1636	,10.448884,1999.9000,-2.59076047,-803.3474,595559.6250,38.365,604781.3125,1999.9000,
	2026/04/30 11:56:22	,	106286	,	1637	,10.444714,1999.9000,-2.41972637,-804.4250,595559.6250,38.367,604781.3125,1999.9000,
	2026/04/30 11:56:22	,	107286	,	1638	,10.440306,1999.9000,-2.23867798,-805.3231,595559.6250,38.369,604781.3125,1999.9000,
	2026/04/30 11:56:22	,	108286	,	1639	,10.436254,1999.9000,-2.05162978,-806.0715,595559.6250,38.370,604781.3125,1999.9000,
	2026/04/30 11:56:22	,	109286	,	1640	,10.434274,1999.9000,-1.86135459,-806.2972,595559.6250,38.371,604788.6250,1999.9000,
	2026/04/30 11:56:22	,	110286	,	1641	,10.428032,1999.9000,-1.66852069,-803.6006,595448.1875,38.371,604898.5000,1999.9000,
	2026/04/30 11:56:22	,	111286	,	1642	,10.423594,1999.9000,-1.47581911,-800.0602,595417.5000,38.377,604917.5000,1999.9000,
	2026/04/30 11:56:22	,	112286	,	1643	,10.419305,1999.9000,-1.28727710,-795.8168,595397.7500,38.377,604930.9375,1999.9000,
	2026/04/30 11:56:22	,	113286	,	1644	,10.417502,1999.9000,-1.10488629,-791.9822,595304.0625,38.377,604937.9375,1999.9000,
	2026/04/30 11:56:22	,	114286	,	1645	,10.412036,1999.9000,-0.93309599,-788.7867,595119.3125,38.377,604951.6250,1999.9000,
	2026/04/30 11:56:22	,	115286	,	1646	,10.408014,1999.9000,-0.77877593,-786.1237,594835.7500,38.376,605067.6250,1999.9000,
	2026/04/30 11:56:22	,	116286	,	1647	,10.403636,1999.9000,-0.64793223,-783.9045,594835.7500,38.371,605067.6250,1999.9000,
	2026/04/30 11:56:22	,	117286	,	1648	,10.401759,1999.9000,-0.53919095,-781.9558,594835.7500,38.369,605067.6250,1999.9000,
	2026/04/30 11:56:22	,	118286	,	1649	,10.396009,1999.9000,-0.44457963,-780.4313,594835.7500,38.368,605067.6250,1999.9000,
	2026/04/30 11:56:22	,	119286	,	1650	,10.391602,1999.9000,-0.35617614,-779.0615,594835.7500,38.365,605067.6250,1999.9000,
	2026/04/30 11:56:22	,	120286	,	1651	,10.387549,1999.9000,-0.27075371,-777.8205,594839.8750,38.362,604986.1250,1999.9000,
	2026/04/30 11:56:22	,	121286	,	1652	,10.383470,1999.9000,-0.18561484,-776.2890,594930.5000,38.360,604958.5625,1999.9000,
	2026/04/30 11:56:22	,	122286	,	1653	,10.379329,1999.9000,-0.09942979,-774.7143,594939.3750,38.360,604931.9375,1999.9000,
	2026/04/30 11:56:22	,	123286	,	1654	,10.375157,1999.9000,-0.01684341,-774.1978,594949.3125,38.360,604837.5625,1999.9000,
	2026/04/30 11:56:22	,	124286	,	1655	,10.373251,1999.9000,0.05431677,-773.7673,595155.0625,38.361,604807.0625,1999.9000,
	2026/04/30 11:56:22	,	125286	,	1656	,10.367919,1999.9000,0.10800042,-773.4087,595454.7500,38.362,604718.5625,1999.9000,
	2026/04/30 11:56:22	,	126286	,	1657	,10.366117,1999.9000,0.14480002,-773.1098,595454.7500,38.365,604718.5625,1999.9000,
	2026/04/30 11:56:22	,	127286	,	1658	,10.361277,1999.9000,0.17005363,-772.8607,595454.7500,38.370,604718.5625,1999.9000,
	2026/04/30 11:56:22	,	128286	,	1659	,10.359564,1999.9000,0.18831795,-774.3442,595454.7500,38.377,604718.5625,1999.9000,
	2026/04/30 11:56:22	,	129286	,	1660	,10.354574,1999.9000,0.20412432,-776.4758,595454.7500,38.385,604718.5625,1999.9000,
	2026/04/30 11:56:22	,	130286	,	1661	,10.353383,1999.9000,0.22194116,-779.6447,595452.5625,38.391,604724.8125,1999.9000,
	2026/04/30 11:56:22	,	131286	,	1662	,10.352053,1999.9000,0.22688222,-782.7828,595358.8125,38.397,604807.3125,1999.9000,
	2026/04/30 11:56:22	,	132286	,	1663	,10.346650,1999.9000,0.22688222,-785.7958,595345.1250,38.404,604844.5000,1999.9000,
	2026/04/30 11:56:22	,	133286	,	1664	,10.345414,1999.9000,0.22688222,-788.3066,595335.1875,38.411,604973.4375,1999.9000,
	2026/04/30 11:56:22	,	134286	,	1665	,10.341348,1999.9000,0.22688222,-790.4984,595190.1875,38.416,605093.6250,1999.9000,
	2026/04/30 11:56:22	,	135286	,	1666	,10.339993,1999.9000,0.23337995,-792.4244,594924.5000,38.420,605193.3125,1999.9000,
	2026/04/30 11:56:22	,	136286	,	1667	,10.338667,1999.9000,0.23337995,-794.1289,594894.1250,38.425,605193.3125,1999.9000,
	2026/04/30 11:56:22	,	137286	,	1668	,10.333395,1999.9000,0.23337995,-795.7483,594884.0000,38.428,605193.3125,1999.9000,
	2026/04/30 11:56:22	,	138286	,	1669	,10.332277,1999.9000,0.23337995,-797.0977,594878.9375,38.427,605193.3125,1999.9000,
	2026/04/30 11:56:22	,	139286	,	1670	,10.331170,1999.9000,0.23337995,-798.3217,594875.8750,38.420,605193.3125,1999.9000,
	2026/04/30 11:56:22	,	140286	,	1671	,10.327109,1999.9000,0.24854349,-799.4411,594873.8750,38.415,605182.6875,1999.9000,
	2026/04/30 11:56:22	,	141286	,	1672	,10.326171,1999.9000,0.25962940,-800.3740,594885.0000,38.405,605182.6875,1999.9000,
	2026/04/30 11:56:22	,	142286	,	1673	,10.325372,1999.9000,0.26015565,-801.1514,594967.3750,38.398,605071.8750,1999.9000,
	2026/04/30 11:56:22	,	143286	,	1674	,10.324652,1999.9000,0.26058733,-801.7993,594974.8125,38.396,605033.8125,1999.9000,
	2026/04/30 11:56:22	,	144286	,	1675	,10.324022,1999.9000,0.26317132,-802.1403,595115.7500,38.391,604882.8125,1999.9000,
	2026/04/30 11:56:22	,	145286	,	1676	,10.323500,1999.9000,0.26558512,-802.1260,595423.1875,38.386,604739.6875,1999.9000,
	2026/04/30 11:56:22	,	146286	,	1677	,10.322940,1999.9000,0.26613030,-802.1140,595563.2500,38.381,604611.6250,1999.9000,
	2026/04/30 11:56:22	,	147286	,	1678	,10.322349,1999.9000,0.26631200,-802.1041,595563.2500,38.379,604611.6250,1999.9000,
	2026/04/30 11:56:22	,	148286	,	1679	,10.321781,1999.9000,0.26631200,-802.1041,595563.2500,38.377,604611.6250,1999.9000,
	2026/04/30 11:56:22	,	149286	,	1680	,10.321255,1999.9000,0.26645735,-801.5914,595563.2500,38.377,604611.6250,1999.9000,
	2026/04/30 11:56:22	,	150286	,	1681	,10.320806,1999.9000,0.26649371,-801.0717,595563.2500,38.377,604611.6250,1999.9000,
	2026/04/30 11:56:22	,	151286	,	1682	,10.320317,1999.9000,0.26196754,-800.4397,595458.3125,38.376,604724.0000,1999.9000,
	2026/04/30 11:56:22	,	152286	,	1683	,10.319885,1999.9000,0.25269043,-799.9130,595435.1250,38.373,604724.0000,1999.9000,
	2026/04/30 11:56:22	,	153286	,	1684	,10.319525,1999.9000,0.24149741,-799.4741,595420.5625,38.369,604760.8125,1999.9000,
	2026/04/30 11:56:22	,	154286	,	1685	,10.319225,1999.9000,0.22911957,-799.0089,595295.0625,38.364,604890.0625,1999.9000,
	2026/04/30 11:56:22	,	155286	,	1686	,10.318975,1999.9000,0.21636356,-798.6211,595044.2500,38.360,604986.1250,1999.9000,
	2026/04/30 11:56:22	,	156286	,	1687	,10.318767,1999.9000,0.21386778,-798.2980,594849.3750,38.349,605008.2500,1999.9000,
	2026/04/30 11:56:22	,	157286	,	1688	,10.318603,1999.9000,0.21386778,-798.0288,594849.3750,38.340,605008.2500,1999.9000,
	2026/04/30 11:56:22	,	158286	,	1689	,10.318576,1999.9000,0.21080483,-797.8045,594849.3750,38.333,605011.0000,1999.9000,
	2026/04/30 11:56:22	,	159286	,	1690	,10.318643,1999.9000,0.21062209,-797.8165,594849.3750,38.326,605012.6875,1999.9000,
	2026/04/30 11:56:22	,	160286	,	1691	,10.318871,1999.9000,0.21005695,-797.8265,594849.3750,38.329,605013.8125,1999.9000,
	2026/04/30 11:56:22	,	161286	,	1692	,10.319301,1999.9000,0.20953961,-797.8348,594951.2500,38.332,604909.4375,1999.9000,
	2026/04/30 11:56:22	,	162286	,	1693	,10.319937,1999.9000,0.20922923,-798.2396,594975.1250,38.337,604824.2500,1999.9000,
	2026/04/30 11:56:22	,	163286	,	1694	,10.324607,1999.9000,0.20380288,-798.7759,594992.8125,38.353,604789.5000,1999.9000,
	2026/04/30 11:56:22	,	164286	,	1695	,10.325456,1999.9000,0.20009708,-799.2229,595094.8750,38.366,604675.6875,1999.9000,
	2026/04/30 11:56:22	,	165286	,	1696	,10.326404,1999.9000,0.19941014,-799.5953,595340.9375,38.377,604637.0000,1999.9000,
	2026/04/30 11:56:22	,	166286	,	1697	,10.330773,1999.9000,0.19902566,-799.9057,595595.3750,38.386,604624.1875,1999.9000,
	2026/04/30 11:56:22	,	167286	,	1698	,10.331920,1999.9000,0.19855773,-799.5674,595595.3750,38.389,604617.7500,1999.9000,
	2026/04/30 11:56:22	,	168286	,	1699	,10.333057,1999.9000,0.19618332,-798.9872,595595.3750,38.387,604613.8125,1999.9000,
	2026/04/30 11:56:22	,	169286	,	1700	,10.338309,1999.9000,0.19106579,-798.8021,595595.3750,38.386,604611.2500,1999.9000,
	2026/04/30 11:56:22	,	170286	,	1701	,10.339844,1999.9000,0.17764804,-798.6478,595595.3750,38.389,604609.3750,1999.9000,
	2026/04/30 11:56:22	,	171286	,	1702	,10.343969,1999.9000,0.16211897,-798.4198,595454.7500,38.392,604720.9375,1999.9000,
	2026/04/30 11:56:22	,	172286	,	1703	,10.345445,1999.9000,0.14679158,-798.2297,595417.5000,38.394,604830.8750,1999.9000,
	2026/04/30 11:56:22	,	173286	,	1704	,10.350255,1999.9000,0.13353138,-798.1708,595398.7500,38.400,604928.1250,1999.9000,
	2026/04/30 11:56:22	,	174286	,	1705	,10.351699,1999.9000,0.12315135,-798.0223,595381.5625,38.406,605014.5000,1999.9000,
	2026/04/30 11:56:22	,	175286	,	1706	,10.356779,1999.9000,0.11313054,-797.8986,595144.3125,38.407,605047.3750,1999.9000,
	2026/04/30 11:56:22	,	176286	,	1707	,10.358715,1999.9000,0.11313054,-797.8949,594868.5000,38.408,605058.3750,1999.9000,
	2026/04/30 11:56:22	,	177286	,	1708	,10.364315,1999.9000,0.10525259,-797.8918,594868.5000,38.409,605063.8750,1999.9000,
	2026/04/30 11:56:22	,	178286	,	1709	,10.366236,1999.9000,0.09901321,-797.9886,594868.5000,38.410,605067.1250,1999.9000,
	2026/04/30 11:56:22	,	179286	,	1710	,10.371584,1999.9000,0.09134951,-798.3678,594868.5000,38.409,605069.3750,1999.9000,
	2026/04/30 11:56:22	,	180286	,	1711	,10.375634,1999.9000,0.08218587,-798.6838,594868.5000,38.407,605065.1250,1999.9000,
	2026/04/30 11:56:22	,	181286	,	1712	,10.379924,1999.9000,0.07271339,-798.9471,594868.5000,38.401,604949.2500,1999.9000,
	2026/04/30 11:56:22	,	182286	,	1713	,10.381921,1999.9000,0.06262329,-799.4650,594969.7500,38.394,604865.9375,1999.9000,
	2026/04/30 11:56:22	,	183286	,	1714	,10.387729,1999.9000,0.05294913,-799.9960,594998.0625,38.385,604833.0000,1999.9000,
	2026/04/30 11:56:22	,	184286	,	1715	,10.389650,1999.9000,0.04443464,-800.4385,595012.0625,38.377,604741.5000,1999.9000,
	2026/04/30 11:56:22	,	185286	,	1716	,10.395921,1999.9000,0.03689696,-800.8074,595028.4375,38.371,604741.5000,1999.9000,
	2026/04/30 11:56:22	,	186286	,	1717	,10.400477,1999.9000,0.03289497,-801.1147,595257.5625,38.366,604741.5000,1999.9000,
	2026/04/30 11:56:22	,	187286	,	1718	,10.404887,1999.9000,0.02950427,-801.3708,595544.1250,38.363,604741.5000,1999.9000,
	2026/04/30 11:56:22	,	188286	,	1719	,10.409296,1999.9000,0.02222501,-801.5842,595544.1250,38.363,604741.5000,1999.9000,
	2026/04/30 11:56:22	,	189286	,	1720	,10.409296,1999.9000,0.01069168,-801.7621,595544.1250,38.362,604743.3125,1999.9000,
	2026/04/30 11:56:22	,	190286	,	1721	,10.413882,1999.9000,-0.02728646,-801.9103,595544.1250,38.362,604866.1875,1999.9000,
	2026/04/30 11:56:22	,	191286	,	1722	,10.418232,1999.9000,-0.02728646,-802.0338,595544.1250,38.372,604866.1875,1999.9000,
	2026/04/30 11:56:22	,	192286	,	1723	,10.426782,1999.9000,-0.05236362,-801.8383,595536.0625,38.382,604889.6250,1999.9000,
	2026/04/30 11:56:22	,	193286	,	1724	,10.428762,1999.9000,-0.08022645,-800.1833,595422.0000,38.392,604973.4375,1999.9000,
	2026/04/30 11:56:22	,	194286	,	1725	,10.434586,1999.9000,-0.10940647,-798.0083,595402.5625,38.403,604993.6250,1999.9000,
	2026/04/30 11:56:22	,	195286	,	1726	,10.436448,1999.9000,-0.13957597,-794.8031,595385.6250,38.413,605018.9375,1999.9000,
	2026/04/30 11:56:22	,	196286	,	1727	,10.442003,1999.9000,-0.17548062,-791.7343,595206.3125,38.421,605143.1250,1999.9000,
	2026/04/30 11:56:22	,	197286	,	1728	,10.442003,1999.9000,-0.21778218,-789.1768,594928.1250,38.427,605143.1250,1999.9000,
	2026/04/30 11:56:22	,	198286	,	1729	,10.450225,1999.9000,-0.26552901,-787.0457,594896.8125,38.433,605143.1250,1999.9000,
	2026/04/30 11:56:22	,	199286	,	1730	,10.450225,1999.9000,-0.32400879,-785.2697,594886.3750,38.437,605143.1250,1999.9000,
	2026/04/30 11:56:22	,	200286	,	1731	,10.452086,1999.9000,-0.39688951,-783.7898,594881.1250,38.433,605143.1250,1999.9000,
	2026/04/30 11:56:22	,	201286	,	1732	,10.457463,1999.9000,-0.48336449,-782.5565,594878.0000,38.430,605131.9375,1999.9000,
	2026/04/30 11:56:22	,	202286	,	1733	,10.459326,1999.9000,-0.58390003,-782.3245,594875.8750,38.428,605000.5625,1999.9000,
	2026/04/30 11:56:22	,	203286	,	1734	,10.465119,1999.9000,-0.69902557,-782.3301,594886.6875,38.425,604968.2500,1999.9000,
	2026/04/30 11:56:22	,	204286	,	1735	,10.466832,1999.9000,-0.83003312,-782.4343,594982.2500,38.416,604861.1250,1999.9000,
	2026/04/30 11:56:22	,	205286	,	1736	,10.471791,1999.9000,-0.97941214,-783.0186,594995.3750,38.408,604824.2500,1999.9000,
	2026/04/30 11:56:22	,	206286	,	1737	,10.473326,1999.9000,-1.14573193,-784.0027,595126.4375,38.401,604738.4375,1999.9000,
	2026/04/30 11:56:22	,	207286	,	1738	,10.478047,1999.9000,-1.32759976,-784.8229,595416.6250,38.396,604738.4375,1999.9000,
	2026/04/30 11:56:22	,	208286	,	1739	,10.479775,1999.9000,-1.52613103,-785.5064,595499.4375,38.397,604738.4375,1999.9000,
	2026/04/30 11:56:22	,	209286	,	1740	,10.484482,1999.9000,-1.73790359,-786.0759,595499.4375,38.399,604738.4375,1999.9000,
	2026/04/30 11:56:22	,	210286	,	1741	,10.485688,1999.9000,-1.96025777,-786.5505,595499.4375,38.394,604738.4375,1999.9000,
	2026/04/30 11:56:22	,	211286	,	1742	,10.489933,1999.9000,-2.19287229,-785.2551,595499.4375,38.389,604747.6250,1999.9000,
	2026/04/30 11:56:22	,	212286	,	1743	,10.491527,1999.9000,-2.43295527,-783.9765,595499.4375,38.386,604865.9375,1999.9000,
	2026/04/30 11:56:22	,	213286	,	1744	,10.495711,1999.9000,-2.67705894,-782.9110,595413.6875,38.383,604900.3125,1999.9000,
	2026/04/30 11:56:22	,	214286	,	1745	,10.496784,1999.9000,-2.92176795,-782.0231,595390.1250,38.382,605003.0000,1999.9000,
	2026/04/30 11:56:22	,	215286	,	1746	,10.497827,1999.9000,-3.16314888,-781.2832,595373.9375,38.383,605041.6250,1999.9000,
	2026/04/30 11:56:22	,	216286	,	1747	,10.502563,1999.9000,-3.40018773,-780.6666,595261.1250,38.382,605182.4375,1999.9000,
	2026/04/30 11:56:22	,	217286	,	1748	,10.503769,1999.9000,-3.63252497,-780.1528,595007.3125,38.381,605182.4375,1999.9000,
	2026/04/30 11:56:22	,	218286	,	1749	,10.504896,1999.9000,-3.85355568,-779.7245,594823.8125,38.381,605182.4375,1999.9000,
	2026/04/30 11:56:22	,	219286	,	1750	,10.509027,1999.9000,-4.05927181,-781.3572,594823.8125,38.380,605182.4375,1999.9000,
	2026/04/30 11:56:22	,	220286	,	1751	,10.509801,1999.9000,-4.24099445,-783.2151,594823.8125,38.380,605182.4375,1999.9000,
	2026/04/30 11:56:22	,	221286	,	1752	,10.510397,1999.9000,-4.38424730,-785.0618,594823.8125,38.381,605086.3750,1999.9000,
	2026/04/30 11:56:22	,	222286	,	1753	,10.510956,1999.9000,-4.43237877,-786.6007,594823.8125,38.382,604977.6250,1999.9000,
	2026/04/30 11:56:22	,	223286	,	1754	,10.511553,1999.9000,-4.43237877,-788.2810,594932.8750,38.383,604895.5000,1999.9000,
	2026/04/30 11:56:22	,	224286	,	1755	,10.512095,1999.9000,-4.43237877,-790.5766,594955.1875,38.382,604855.0625,1999.9000,
	2026/04/30 11:56:22	,	225286	,	1756	,10.512675,1999.9000,-4.43237877,-794.2801,594971.6250,38.381,604741.5000,1999.9000,
	2026/04/30 11:56:22	,	226286	,	1757	,10.513205,1999.9000,-4.43237877,-794.2801,595070.5000,38.380,604710.6875,1999.9000,
	2026/04/30 11:56:22	,	227286	,	1758	,10.513690,1999.9000,-4.33801937,-799.9382,595311.8125,38.378,604698.3750,1999.9000,
	2026/04/30 11:56:22	,	228286	,	1759	,10.514135,1999.9000,-4.23650742,-802.0814,595595.3750,38.378,604692.2500,1999.9000,
	2026/04/30 11:56:22	,	229286	,	1760	,10.514504,1999.9000,-4.14018154,-802.0814,595595.3750,38.377,604688.5625,1999.9000,
	2026/04/30 11:56:22	,	230286	,	1761	,10.514813,1999.9000,-4.05512476,-803.9669,595595.3750,38.375,604686.0625,1999.9000,
	2026/04/30 11:56:22	,	231286	,	1762	,10.515072,1999.9000,-3.98377538,-805.4387,595595.3750,38.374,604684.0625,1999.9000,
	2026/04/30 11:56:22	,	232286	,	1763	,10.515285,1999.9000,-3.92383981,-806.6652,595595.3750,38.373,604688.7500,1999.9000,
	2026/04/30 11:56:22	,	233286	,	1764	,10.515465,1999.9000,-3.87127805,-807.5878,595489.3125,38.375,604698.5000,1999.9000,
	2026/04/30 11:56:22	,	234286	,	1765	,10.515597,1999.9000,-3.82415509,-808.1576,595458.3125,38.380,604795.8750,1999.9000,
	2026/04/30 11:56:22	,	235286	,	1766	,10.515630,1999.9000,-3.78152585,-808.1352,595443.6250,38.387,604820.8750,1999.9000,
	2026/04/30 11:56:22	,	236286	,	1767	,10.515497,1999.9000,-3.74372411,-807.7186,595426.0000,38.395,604845.9375,1999.9000,
	2026/04/30 11:56:22	,	237286	,	1768	,10.515304,1999.9000,-3.71376896,-807.1724,595184.2500,38.395,604975.8125,1999.9000,
	2026/04/30 11:56:22	,	238286	,	1769	,10.515007,1999.9000,-3.68813086,-806.4189,594897.1250,38.409,604975.8125,1999.9000,
	2026/04/30 11:56:22	,	239286	,	1770	,10.514523,1999.9000,-3.66390443,-805.7909,594897.1250,38.409,604975.8125,1999.9000,
	2026/04/30 11:56:22	,	240286	,	1771	,10.513861,1999.9000,-3.64071798,-804.6707,594897.1250,38.415,604975.8125,1999.9000,
	2026/04/30 11:56:22	,	241286	,	1772	,10.508849,1999.9000,-3.61678791,-803.6378,594897.1250,38.419,604975.8125,1999.9000,
	2026/04/30 11:56:22	,	242286	,	1773	,10.507851,1999.9000,-3.59175491,-802.7770,594897.1250,38.417,604974.0625,1999.9000,
	2026/04/30 11:56:22	,	243286	,	1774	,10.506783,1999.9000,-3.56678462,-801.9603,594902.6875,38.415,604963.7500,1999.9000,
	2026/04/30 11:56:22	,	244286	,	1775	,10.502206,1999.9000,-3.54151225,-800.9812,594916.0000,38.410,604836.9375,1999.9000,
	2026/04/30 11:56:22	,	245286	,	1776	,10.500747,1999.9000,-3.51538253,-799.4690,595007.8750,38.406,604798.8750,1999.9000,
	2026/04/30 11:56:22	,	246286	,	1777	,10.496457,1999.9000,-3.48788548,-798.2088,595022.2500,38.397,604698.0000,1999.9000,
	2026/04/30 11:56:22	,	247286	,	1778	,10.494997,1999.9000,-3.45588803,-797.1586,595230.1875,38.389,604674.1250,1999.9000,
	2026/04/30 11:56:22	,	248286	,	1779	,10.490499,1999.9000,-3.42233419,-796.2835,595524.5000,38.382,604666.1875,1999.9000,
	2026/04/30 11:56:22	,	249286	,	1780	,10.488964,1999.9000,-3.38974476,-795.5543,595524.5000,38.377,604662.1875,1999.9000,
	2026/04/30 11:56:22	,	250286	,	1781	,10.484243,1999.9000,-3.35730648,-795.2450,595524.5000,38.372,604659.8750,1999.9000,
	2026/04/30 11:56:22	,	251286	,	1782	,10.482619,1999.9000,-3.32532811,-795.4846,595524.5000,38.370,604658.2500,1999.9000,
	2026/04/30 11:56:22	,	252286	,	1783	,10.477987,1999.9000,-3.29215240,-795.9827,595524.5000,38.371,604665.3750,1999.9000,
	2026/04/30 11:56:22	,	253286	,	1784	,10.476215,1999.9000,-3.25265527,-796.3979,595517.1875,38.377,604757.1875,1999.9000,
	2026/04/30 11:56:22	,	254286	,	1785	,10.470779,1999.9000,-3.20183921,-797.2411,595413.6875,38.382,604787.3750,1999.9000,
	2026/04/30 11:56:22	,	255286	,	1786	,10.468813,1999.9000,-3.13482594,-798.0434,595403.8125,38.386,604893.0625,1999.9000,
	2026/04/30 11:56:22	,	256286	,	1787	,10.462855,1999.9000,-3.04808617,-798.9108,595394.5625,38.389,604931.4375,1999.9000,
	2026/04/30 11:56:22	,	257286	,	1788	,10.460889,1999.9000,-2.94352984,-799.8326,595243.2500,38.384,605032.6250,1999.9000,
	2026/04/30 11:56:22	,	258286	,	1789	,10.454991,1999.9000,-2.82026792,-800.6008,594973.3750,38.380,605032.6250,1999.9000,
	2026/04/30 11:56:22	,	259286	,	1790	,10.450791,1999.9000,-2.67704010,-801.2410,594956.9375,38.381,605032.6250,1999.9000,
	2026/04/30 11:56:22	,	260286	,	1791	,10.446114,1999.9000,-2.51677680,-801.7745,594951.5000,38.382,605032.6250,1999.9000,
	2026/04/30 11:56:22	,	261286	,	1792	,10.441973,1999.9000,-2.34171557,-802.2191,594948.7500,38.378,605032.6250,1999.9000,
	2026/04/30 11:56:22	,	262286	,	1793	,10.437893,1999.9000,-2.15408111,-802.5895,594947.1250,38.375,605021.5625,1999.9000,
	2026/04/30 11:56:22	,	263286	,	1794	,10.433811,1999.9000,-1.95974100,-802.8982,594946.0625,38.372,604893.6875,1999.9000,
	2026/04/30 11:56:22	,	264286	,	1795	,10.429701,1999.9000,-1.76240098,-802.2602,594957.7500,38.373,604855.6875,1999.9000,
	2026/04/30 11:56:22	,	265286	,	1796	,10.425530,1999.9000,-1.56480241,-800.9327,595043.0625,38.374,604729.4375,1999.9000,
	2026/04/30 11:56:22	,	266286	,	1797	,10.421360,1999.9000,-1.37064505,-798.2350,595051.6250,38.376,604690.4375,1999.9000,
	2026/04/30 11:56:22	,	267286	,	1798	,10.417190,1999.9000,-1.18001068,-794.6936,595175.9375,38.378,604584.4375,1999.9000,
	2026/04/30 11:56:22	,	268286	,	1799	,10.415194,1999.9000,-0.99386352,-791.2451,595449.3750,38.379,604584.4375,1999.9000,
	2026/04/30 11:56:22	,	269286	,	1800	,10.409683,1999.9000,-0.82129174,-788.2719,595488.1250,38.382,604584.4375,1999.9000,
	2026/04/30 11:56:22	,	270286	,	1801	,10.405572,1999.9000,-0.67235392,-785.7942,595501.0000,38.387,604584.4375,1999.9000,
	2026/04/30 11:56:22	,	271286	,	1802	,10.401402,1999.9000,-0.54987347,-783.7295,595507.4375,38.392,604584.4375,1999.9000,
	2026/04/30 11:56:22	,	272286	,	1803	,10.399420,1999.9000,-0.44969717,-782.0089,595511.3125,38.392,604597.7500,1999.9000,
	2026/04/30 11:56:22	,	273286	,	1804	,10.393627,1999.9000,-0.36295751,-780.4756,595513.9375,38.396,604736.0625,1999.9000,
	2026/04/30 11:56:22	,	274286	,	1805	,10.389426,1999.9000,-0.28167573,-778.8994,595429.1250,38.402,604764.4375,1999.9000,
	2026/04/30 11:56:22	,	275286	,	1806	,10.385048,1999.9000,-0.20101155,-777.4865,595405.8750,38.412,604865.3125,1999.9000,
	2026/04/30 11:56:22	,	276286	,	1807	,10.380699,1999.9000,-0.11862054,-775.9111,595391.7500,38.420,604905.5000,1999.9000,
	2026/04/30 11:56:22	,	277286	,	1808	,10.378777,1999.9000,-0.03940593,-774.8967,595276.5625,38.427,604926.9375,1999.9000,
	2026/04/30 11:56:22	,	278286	,	1809	,10.373043,1999.9000,0.02617662,-774.0514,595028.1250,38.432,604937.6250,1999.9000,
	2026/04/30 11:56:22	,	279286	,	1810	,10.371092,1999.9000,0.07422596,-773.3469,594864.8750,38.432,604944.0625,1999.9000,
	2026/04/30 11:56:22	,	280286	,	1811	,10.365328,1999.9000,0.10727564,-772.7599,594864.8750,38.432,604948.3125,1999.9000,
	2026/04/30 11:56:22	,	281286	,	1812	,10.363660,1999.9000,0.13097259,-772.2707,594864.8750,38.432,604951.8125,1999.9000,
	2026/04/30 11:56:22	,	282286	,	1813	,10.358953,1999.9000,0.15113391,-773.2557,594864.8750,38.429,604938.8750,1999.9000,
	2026/04/30 11:56:22	,	283286	,	1814	,10.358953,1999.9000,0.17073433,-775.2702,594864.8750,38.427,604770.5000,1999.9000,
	2026/04/30 11:56:22	,	284286	,	1815	,10.353323,1999.9000,0.19206159,-776.9489,594968.0000,38.425,604735.1875,1999.9000,
	2026/04/30 11:56:22	,	285286	,	1816	,10.351908,1999.9000,0.21465561,-778.6463,594992.6875,38.421,604723.3750,1999.9000,
	2026/04/30 11:56:22	,	286286	,	1817	,10.350583,1999.9000,0.23271191,-780.5582,595002.7500,38.419,604717.5000,1999.9000,
	2026/04/30 11:56:22	,	287286	,	1818	,10.345131,1999.9000,0.24306040,-783.1461,595087.1250,38.416,604713.9375,1999.9000,
	2026/04/30 11:56:22	,	288286	,	1819	,10.343836,1999.9000,0.24306984,-786.7949,595333.8125,38.411,604711.6250,1999.9000,
	2026/04/30 11:56:22	,	289286	,	1820	,10.342540,1999.9000,0.24342597,-790.0344,595578.1250,38.407,604711.0000,1999.9000,
	2026/04/30 11:56:22	,	290286	,	1821	,10.337237,1999.9000,0.24387340,-792.7340,595578.1250,38.407,604717.8125,1999.9000,
	2026/04/30 11:56:22	,	291286	,	1822	,10.336135,1999.9000,0.24698050,-794.9837,595578.1250,38.407,604730.1250,1999.9000,
	2026/04/30 11:56:22	,	292286	,	1823	,10.334993,1999.9000,0.24708448,-796.8585,595578.1250,38.403,604852.0000,1999.9000,
	2026/04/30 11:56:22	,	293286	,	1824	,10.330267,1999.9000,0.25256443,-798.2218,595578.1250,38.396,604881.8750,1999.9000,
	2026/04/30 11:56:22	,	294286	,	1825	,10.329194,1999.9000,0.25256443,-799.3580,595461.9375,38.390,604970.3750,1999.9000,
	2026/04/30 11:56:22	,	295286	,	1826	,10.328241,1999.9000,0.25256446,-800.3047,595435.6875,38.382,604970.3750,1999.9000,
	2026/04/30 11:56:22	,	296286	,	1827	,10.327354,1999.9000,0.25256443,-801.0937,595421.1875,38.375,605003.0000,1999.9000,
	2026/04/30 11:56:22	,	297286	,	1828	,10.323236,1999.9000,0.25256443,-801.7512,595402.8125,38.371,605013.8750,1999.9000,
	2026/04/30 11:56:22	,	298286	,	1829	,10.322804,1999.9000,0.24868846,-802.1001,595171.7500,38.369,605019.3125,1999.9000,
	2026/04/30 11:56:22	,	299286	,	1830	,10.322253,1999.9000,0.24655195,-801.8936,594922.1250,38.366,605022.6250,1999.9000,
	2026/04/30 11:56:22	,	300286	,	1831	,10.321739,1999.9000,0.24655195,-801.7215,594922.1250,38.363,605024.8125,1999.9000,
	2026/04/30 11:56:22	,	301286	,	1832	,10.321324,1999.9000,0.24655195,-801.4785,594922.1250,38.361,605020.0000,1999.9000,
	2026/04/30 11:56:22	,	302286	,	1833	,10.320972,1999.9000,0.24655195,-801.1766,594922.1250,38.359,605007.8750,1999.9000,
	2026/04/30 11:56:22	,	303286	,	1834	,10.320601,1999.9000,0.24286506,-800.8255,594922.1250,38.359,604902.7500,1999.9000,
	2026/04/30 11:56:22	,	304286	,	1835	,10.320220,1999.9000,0.24286506,-800.5329,594932.4375,38.359,604766.2500,1999.9000,
	2026/04/30 11:56:22	,	305286	,	1836	,10.319900,1999.9000,0.24286506,-800.2891,595042.5000,38.360,604766.2500,1999.9000,
	2026/04/30 11:56:22	,	306286	,	1837	,10.319621,1999.9000,0.24286506,-800.0859,595056.1875,38.360,604732.4375,1999.9000,
	2026/04/30 11:56:22	,	307286	,	1838	,10.319345,1999.9000,0.24286506,-799.9167,595071.1250,38.360,604635.8125,1999.9000,
	2026/04/30 11:56:22	,	308286	,	1839	,10.319115,1999.9000,0.24263188,-799.7756,595281.9375,38.360,604614.6250,1999.9000,
	2026/04/30 11:56:22	,	309286	,	1840	,10.318922,1999.9000,0.24028106,-799.5586,595568.5625,38.357,604605.1875,1999.9000,
	2026/04/30 11:56:22	,	310286	,	1841	,10.318763,1999.9000,0.24001324,-799.0792,595568.5625,38.357,604600.5000,1999.9000,
	2026/04/30 11:56:22	,	311286	,	1842	,10.318629,1999.9000,0.23990506,-798.6799,595568.5625,38.354,604597.6250,1999.9000,
	2026/04/30 11:56:22	,	312286	,	1843	,10.318603,1999.9000,0.23945075,-798.5459,595568.5625,38.351,604595.6875,1999.9000,
	2026/04/30 11:56:22	,	313286	,	1844	,10.318675,1999.9000,0.23917188,-798.4343,595568.5625,38.340,604594.1250,1999.9000,
	2026/04/30 11:56:22	,	314286	,	1845	,10.318889,1999.9000,0.23558579,-798.2419,595562.8750,38.331,604603.2500,1999.9000,
	2026/04/30 11:56:22	,	315286	,	1846	,10.319281,1999.9000,0.22952293,-797.9820,595460.1250,38.323,604711.3125,1999.9000,
	2026/04/30 11:56:22	,	316286	,	1847	,10.319796,1999.9000,0.22100841,-797.6661,595447.3125,38.323,604743.5625,1999.9000,
	2026/04/30 11:56:22	,	317286	,	1848	,10.323981,1999.9000,0.20941202,-797.4027,595433.0625,38.323,604834.5000,1999.9000,
	2026/04/30 11:56:22	,	318286	,	1849	,10.325024,1999.9000,0.19338506,-797.1833,595279.0000,38.323,604865.3125,1999.9000,
	2026/04/30 11:56:22	,	319286	,	1850	,10.325948,1999.9000,0.17847994,-797.0004,595019.8125,38.323,604948.6875,1999.9000,
	2026/04/30 11:56:22	,	320286	,	1851	,10.326922,1999.9000,0.16923435,-796.9475,594983.8125,38.323,604948.6875,1999.9000,
	2026/04/30 11:56:22	,	321286	,	1852	,10.332381,1999.9000,0.16487940,-796.9033,594971.7500,38.326,604948.6875,1999.9000,
	2026/04/30 11:56:22	,	322286	,	1853	,10.333588,1999.9000,0.16421446,-796.5682,594965.7500,38.331,604948.6875,1999.9000,
	2026/04/30 11:56:22	,	323286	,	1854	,10.334864,1999.9000,0.16188575,-796.1893,594962.1250,38.336,604948.6875,1999.9000,
	2026/04/30 11:56:22	,	324286	,	1855	,10.340157,1999.9000,0.15661067,-795.8737,594959.6875,38.340,604940.0000,1999.9000,
	2026/04/30 11:56:22	,	325286	,	1856	,10.341482,1999.9000,0.14776842,-796.0085,594969.8750,38.343,604927.5000,1999.9000,
	2026/04/30 11:56:22	,	326286	,	1857	,10.345489,1999.9000,0.13729389,-796.1209,594981.3125,38.343,604821.8125,1999.9000,
	2026/04/30 11:56:22	,	327286	,	1858	,10.347113,1999.9000,0.13109863,-796.3141,594993.1875,38.338,604789.2500,1999.9000,
	2026/04/30 11:56:22	,	328286	,	1859	,10.352250,1999.9000,0.12889282,-796.5745,595180.6875,38.338,604698.6250,1999.9000,
	2026/04/30 11:56:22	,	329286	,	1860	,10.353755,1999.9000,0.12872265,-796.7916,595465.5000,38.339,604672.6250,1999.9000,
	2026/04/30 11:56:22	,	330286	,	1861	,10.358953,1999.9000,0.12833817,-796.8730,595566.7500,38.339,604664.0000,1999.9000,
	2026/04/30 11:56:22	,	331286	,	1862	,10.360815,1999.9000,0.12568489,-796.9407,595566.7500,38.339,604659.6875,1999.9000,
	2026/04/30 11:56:22	,	332286	,	1863	,10.366251,1999.9000,0.12483090,-797.0967,595566.7500,38.347,604657.0625,1999.9000,
	2026/04/30 11:56:22	,	333286	,	1864	,10.368217,1999.9000,0.11875230,-797.3262,595566.7500,38.354,604655.3125,1999.9000,
	2026/04/30 11:56:22	,	334286	,	1865	,10.374234,1999.9000,0.10408665,-797.5174,595566.7500,38.359,604663.6250,1999.9000,
	2026/04/30 11:56:22	,	335286	,	1866	,10.376216,1999.9000,0.08776976,-797.6767,595464.3125,38.364,604749.3750,1999.9000,
	2026/04/30 11:56:22	,	336286	,	1867	,10.382158,1999.9000,0.07191302,-797.8094,595444.3125,38.374,604769.2500,1999.9000,
	2026/04/30 11:56:22	,	337286	,	1868	,10.384049,1999.9000,0.05758768,-797.9200,595431.9375,38.384,604792.6250,1999.9000,
	2026/04/30 11:56:22	,	338286	,	1869	,10.390261,1999.9000,0.04216579,-798.0123,595328.4375,38.390,604912.4375,1999.9000,
	2026/04/30 11:56:22	,	339286	,	1870	,10.394729,1999.9000,0.02581739,-798.0891,595083.5625,38.390,605027.8125,1999.9000,
	2026/04/30 11:56:22	,	340286	,	1871	,10.396710,1999.9000,0.01130300,-798.2526,594887.5000,38.389,605027.8125,1999.9000,
	2026/04/30 11:56:22	,	341286	,	1872	,10.402861,1999.9000,-0.00274499,-798.3889,594887.5000,38.386,605027.8125,1999.9000,
	2026/04/30 11:56:22	,	342286	,	1873	,10.407419,1999.9000,-0.01709550,-798.6019,594887.5000,38.383,605027.8125,1999.9000,
	2026/04/30 11:56:22	,	343286	,	1874	,10.411768,1999.9000,-0.03098595,-798.6801,594887.5000,38.380,605027.8125,1999.9000,
	2026/04/30 11:56:22	,	344286	,	1875	,10.415968,1999.9000,-0.04683644,-798.7450,594887.5000,38.378,605026.0000,1999.9000,
	2026/04/30 11:56:22	,	345286	,	1876	,10.420555,1999.9000,-0.06589484,-798.7992,594999.5625,38.377,605013.5000,1999.9000,
	2026/04/30 11:56:22	,	346286	,	1877	,10.425054,1999.9000,-0.08795317,-798.8444,595018.3125,38.375,604883.4375,1999.9000,
	2026/04/30 11:56:22	,	347286	,	1878	,10.429194,1999.9000,-0.11219212,-797.7878,595026.1875,38.371,604844.7500,1999.9000,
	2026/04/30 11:56:22	,	348286	,	1879	,10.431175,1999.9000,-0.13528404,-795.7136,595109.8125,38.367,604743.3125,1999.9000,
	2026/04/30 11:56:22	,	349286	,	1880	,10.436998,1999.9000,-0.15833186,-793.8857,595358.2500,38.365,604715.8125,1999.9000,
	2026/04/30 11:56:22	,	350286	,	1881	,10.438771,1999.9000,-0.15833186,-791.8651,595581.6250,38.370,604706.6875,1999.9000,
	2026/04/30 11:56:22	,	351286	,	1882	,10.438771,1999.9000,-0.22454466,-790.0817,595581.6250,38.376,604702.0625,1999.9000,
	2026/04/30 11:56:22	,	352286	,	1883	,10.448675,1999.9000,-0.27407503,-788.5955,595581.6250,38.381,604699.3750,1999.9000,
	2026/04/30 11:56:22	,	353286	,	1884	,10.452876,1999.9000,-0.34217227,-787.3570,595581.6250,38.385,604697.5000,1999.9000,
	2026/04/30 11:56:22	,	354286	,	1885	,10.454693,1999.9000,-0.42847073,-786.3250,595581.6250,38.388,604703.0000,1999.9000,
	2026/04/30 11:56:22	,	355286	,	1886	,10.460263,1999.9000,-0.52986342,-785.4650,595454.7500,38.391,604814.0000,1999.9000,
	2026/04/30 11:56:22	,	356286	,	1887	,10.462021,1999.9000,-0.64495122,-784.8478,595425.8750,38.393,604848.3750,1999.9000,
	2026/04/30 11:56:22	,	357286	,	1888	,10.467263,1999.9000,-0.64495122,-784.9302,595408.6875,38.398,604952.2500,1999.9000,
	2026/04/30 11:56:22	,	358286	,	1889	,10.468857,1999.9000,-0.77447772,-785.0984,595390.7500,38.404,604990.6250,1999.9000,
	2026/04/30 11:56:22	,	359286	,	1890	,10.473728,1999.9000,-0.92279160,-785.8354,595155.0625,38.407,605098.4375,1999.9000,
	2026/04/30 11:56:22	,	360286	,	1891	,10.475471,1999.9000,-1.09248316,-786.4497,594870.8750,38.408,605098.4375,1999.9000,
	2026/04/30 11:56:22	,	361286	,	1892	,10.480490,1999.9000,-1.27845371,-786.9615,594870.8750,38.409,605098.4375,1999.9000,
	2026/04/30 11:56:22	,	362286	,	1893	,10.481816,1999.9000,-1.47750187,-787.3881,594870.8750,38.412,605098.4375,1999.9000,
	2026/04/30 11:56:22	,	363286	,	1894	,10.486090,1999.9000,-1.68710005,-787.0471,594870.8750,38.415,605098.4375,1999.9000,
	2026/04/30 11:56:22	,	364286	,	1895	,10.487520,1999.9000,-1.90449440,-786.4646,594870.8750,38.415,605090.6875,1999.9000,
	2026/04/30 11:56:22	,	365286	,	1896	,10.491959,1999.9000,-2.12998080,-785.9792,594879.1875,38.418,604993.9375,1999.9000,
	2026/04/30 11:56:22	,	366286	,	1897	,10.493195,1999.9000,-2.36337709,-784.6794,594981.1250,38.423,604963.7500,1999.9000,
	2026/04/30 11:56:22	,	367286	,	1898	,10.494381,1999.9000,-2.60212994,-783.4968,594990.3125,38.428,604853.8125,1999.9000,
	2026/04/30 11:56:22	,	368286	,	1899	,10.499048,1999.9000,-2.84314561,-782.1133,595002.7500,38.429,604819.6875,1999.9000,
	2026/04/30 11:56:22	,	369286	,	1900	,10.500240,1999.9000,-3.08151412,-780.9605,595212.8125,38.429,604808.3750,1999.9000,
	2026/04/30 11:56:22	,	370286	,	1901	,10.501560,1999.9000,-3.31295037,-779.9998,595509.5625,38.430,604802.6875,1999.9000,
	2026/04/30 11:56:22	,	371286	,	1902	,10.506555,1999.9000,-3.53916144,-779.1992,595509.5625,38.430,604799.2500,1999.9000,
	2026/04/30 11:56:22	,	372286	,	1903	,10.507360,1999.9000,-3.75878692,-778.5320,595509.5625,38.431,604797.0000,1999.9000,
	2026/04/30 11:56:22	,	373286	,	1904	,10.508074,1999.9000,-3.96784925,-778.5729,595509.5625,38.426,604802.7500,1999.9000,
	2026/04/30 11:56:22	,	374286	,	1905	,10.508871,1999.9000,-4.15792274,-780.0991,595509.5625,38.423,604908.1875,1999.9000,
	2026/04/30 11:56:22	,	375286	,	1906	,10.509605,1999.9000,-4.31304979,-782.7635,595497.3125,38.418,604925.4375,1999.9000,
	2026/04/30 11:56:22	,	376286	,	1907	,10.513704,1999.9000,-4.42185402,-785.2823,595371.3125,38.410,604939.2500,1999.9000,
	2026/04/30 11:56:22	,	377286	,	1908	,10.514166,1999.9000,-4.42185402,-788.8735,595368.3750,38.408,604951.6250,1999.9000,
	2026/04/30 11:56:22	,	378286	,	1909	,10.514588,1999.9000,-4.42185402,-791.9655,595364.1875,38.406,604966.8750,1999.9000,
	2026/04/30 11:56:22	,	379286	,	1910	,10.514866,1999.9000,-4.42185402,-795.0396,595233.1250,38.404,605091.1875,1999.9000,
	2026/04/30 11:56:22	,	380286	,	1911	,10.515128,1999.9000,-4.42185402,-797.8003,594955.5000,38.403,605127.4375,1999.9000,
	2026/04/30 11:56:22	,	381286	,	1912	,10.515317,1999.9000,-4.37122059,-800.4987,594928.3750,38.402,605139.5000,1999.9000,
	2026/04/30 11:56:22	,	382286	,	1913	,10.515491,1999.9000,-4.28110313,-802.7474,594919.3750,38.401,605145.5625,1999.9000,
	2026/04/30 11:56:22	,	383286	,	1914	,10.515635,1999.9000,-4.19022226,-804.6214,594914.8750,38.400,605149.1875,1999.9000,
	2026/04/30 11:56:22	,	384286	,	1915	,10.515755,1999.9000,-4.10815287,-806.1830,594912.1875,38.399,605151.6250,1999.9000,
	2026/04/30 11:56:22	,	385286	,	1916	,10.515856,1999.9000,-4.03856182,-807.4844,594910.3125,38.402,605142.1250,1999.9000,
	2026/04/30 11:56:22	,	386286	,	1917	,10.515924,1999.9000,-3.98107815,-808.2704,594923.0000,38.401,605034.4375,1999.9000,
	2026/04/30 11:56:22	,	387286	,	1918	,10.515975,1999.9000,-3.93113804,-808.9255,595007.3125,38.400,605002.3750,1999.9000,
	2026/04/30 11:56:22	,	388286	,	1919	,10.515993,1999.9000,-3.88445640,-808.2776,595012.3750,38.396,604916.6250,1999.9000,
	2026/04/30 11:56:22	,	389286	,	1920	,10.515905,1999.9000,-3.83895302,-807.6382,595131.2500,38.393,604907.0000,1999.9000,
	2026/04/30 11:56:22	,	390286	,	1921	,10.515648,1999.9000,-3.79156542,-807.0060,595411.8750,38.389,604887.0625,1999.9000,
	2026/04/30 11:56:22	,	391286	,	1922	,10.515288,1999.9000,-3.74615669,-806.0812,595528.0625,38.385,604869.6875,1999.9000,
	2026/04/30 11:56:22	,	392286	,	1923	,10.514816,1999.9000,-3.70567012,-805.2111,595528.0625,38.383,604859.2500,1999.9000,
	2026/04/30 11:56:22	,	393286	,	1924	,10.514816,1999.9000,-3.66865015,-803.9886,595528.0625,38.380,604852.2500,1999.9000,
	2026/04/30 11:56:22	,	394286	,	1925	,10.514223,1999.9000,-3.63500190,-802.4726,595528.0625,38.378,604846.4375,1999.9000,
	2026/04/30 11:56:22	,	395286	,	1926	,10.509325,1999.9000,-3.60505939,-801.2092,595528.0625,38.384,604841.6250,1999.9000,
	2026/04/30 11:56:22	,	396286	,	1927	,10.508388,1999.9000,-3.57817316,-800.1564,595427.3750,38.389,604847.0625,1999.9000,
	2026/04/30 11:56:22	,	397286	,	1928	,10.507409,1999.9000,-3.55416751,-799.0801,595403.5625,38.393,604938.4375,1999.9000,
	2026/04/30 11:56:22	,	398286	,	1929	,10.503189,1999.9000,-3.53205252,-798.0837,595389.6250,38.397,605022.9375,1999.9000,
	2026/04/30 11:56:22	,	399286	,	1930	,10.501893,1999.9000,-3.51031542,-797.2534,595283.1875,38.400,605056.8125,1999.9000,
	2026/04/30 11:56:22	,	400286	,	1931	,10.497797,1999.9000,-3.49075270,-796.5614,595052.6250,38.402,605078.7500,1999.9000,
	2026/04/30 11:56:22	,	401286	,	1932	,10.496278,1999.9000,-3.47173238,-795.9849,594838.1250,38.398,605089.6875,1999.9000,
	2026/04/30 11:56:22	,	402286	,	1933	,10.491541,1999.9000,-3.45002675,-795.5043,594838.1250,38.395,605096.2500,1999.9000,
	2026/04/30 11:56:22	,	403286	,	1934	,10.490007,1999.9000,-3.42572498,-795.3029,594838.1250,38.390,605100.6250,1999.9000,
	2026/04/30 11:56:22	,	404286	,	1935	,10.485465,1999.9000,-3.39729476,-795.2344,594838.1250,38.387,605104.3125,1999.9000,
	2026/04/30 11:56:22	,	405286	,	1936	,10.483975,1999.9000,-3.36328745,-795.5753,594838.1250,38.383,605093.6875,1999.9000,
	2026/04/30 11:56:22	,	406286	,	1937	,10.479269,1999.9000,-3.32546687,-796.0582,594941.7500,38.381,604956.5625,1999.9000,
	2026/04/30 11:56:22	,	407286	,	1938	,10.477586,1999.9000,-3.28283739,-796.7592,594965.0000,38.379,604923.5625,1999.9000,
	2026/04/30 11:56:22	,	408286	,	1939	,10.472179,1999.9000,-3.23173118,-797.5422,594974.5000,38.377,604833.2500,1999.9000,
	2026/04/30 11:56:22	,	409286	,	1940	,10.470303,1999.9000,-3.16706896,-798.3937,595057.9375,38.377,604807.0625,1999.9000,
	2026/04/30 11:56:22	,	410286	,	1941	,10.464702,1999.9000,-3.08201194,-799.2028,595299.8125,38.382,604782.0000,1999.9000,
	2026/04/30 11:56:22	,	411286	,	1942	,10.462795,1999.9000,-2.97543240,-799.9766,595545.3750,38.386,604769.4375,1999.9000,
	2026/04/30 11:56:22	,	412286	,	1943	,10.452429,1999.9000,-2.85161591,-800.7208,595545.3750,38.389,604761.9375,1999.9000,
	2026/04/30 11:56:22	,	413286	,	1944	,10.448199,1999.9000,-2.71125579,-801.8383,595545.3750,38.392,604756.9375,1999.9000,
	2026/04/30 11:56:22	,	414286	,	1945	,10.448199,1999.9000,-2.55571294,-802.7696,595545.3750,38.394,604752.7500,1999.9000,
	2026/04/30 11:56:22	,	415286	,	1946	,10.446233,1999.9000,-2.38745832,-803.5457,595545.3750,38.400,604757.0000,1999.9000,
	2026/04/30 11:56:22	,	416286	,	1947	,10.440066,1999.9000,-2.20767045,-804.1924,595429.1250,38.404,604769.0000,1999.9000,
	2026/04/30 11:56:22	,	417286	,	1948	,10.435837,1999.9000,-2.01880693,-804.7314,595403.5625,38.404,604874.3125,1999.9000,
	2026/04/30 11:56:22	,	418286	,	1949	,10.431578,1999.9000,-1.82421470,-802.6936,595390.6250,38.404,604894.8750,1999.9000,
	2026/04/30 11:56:22	,	419286	,	1950	,10.427020,1999.9000,-1.62712669,-800.7965,595375.5000,38.403,604912.0000,1999.9000,
	2026/04/30 11:56:22	,	420286	,	1951	,10.422998,1999.9000,-1.43438101,-798.5193,595144.3125,38.400,604929.0000,1999.9000,
	2026/04/30 11:56:22	,	421286	,	1952	,10.421092,1999.9000,-1.25042713,-794.9306,594850.0000,38.396,604939.2500,1999.9000,
	2026/04/30 11:56:22	,	422286	,	1953	,10.414865,1999.9000,-1.07193744,-791.3431,594850.0000,38.392,604946.0000,1999.9000,
	2026/04/30 11:56:22	,	423286	,	1954	,10.412915,1999.9000,-0.90118706,-788.3536,594850.0000,38.392,604951.6875,1999.9000,
	2026/04/30 11:56:22	,	424286	,	1955	,10.407210,1999.9000,-0.74761069,-785.8624,594850.0000,38.393,604956.4375,1999.9000,
	2026/04/30 11:56:22	,	425286	,	1956	,10.405230,1999.9000,-0.61573333,-783.7863,594850.0000,38.393,604958.3125,1999.9000,
	2026/04/30 11:56:22	,	426286	,	1957	,10.399048,1999.9000,-0.50476104,-782.0563,594855.5000,38.395,604958.6250,1999.9000,
	2026/04/30 11:56:22	,	427286	,	1958	,10.397067,1999.9000,-0.40992284,-780.6145,594938.7500,38.392,604951.4375,1999.9000,
	2026/04/30 11:56:22	,	428286	,	1959	,10.390857,1999.9000,-0.32349202,-779.4131,594949.8125,38.394,604833.8750,1999.9000,
	2026/04/30 11:56:22	,	429286	,	1960	,10.388994,1999.9000,-0.23928592,-778.4119,594967.6250,38.398,604798.5625,1999.9000,
	2026/04/30 11:56:22	,	430286	,	1961	,10.382843,1999.9000,-0.15211768,-777.5775,595190.8125,38.401,604696.7500,1999.9000,
	2026/04/30 11:56:22	,	431286	,	1962	,10.378583,1999.9000,-0.06132562,-776.8823,595478.6250,38.403,604696.7500,1999.9000,
	2026/04/30 11:56:22	,	432286	,	1963	,10.376633,1999.9000,0.02024609,-776.3029,595478.6250,38.409,604696.7500,1999.9000,
	2026/04/30 11:56:22	,	433286	,	1964	,10.370362,1999.9000,0.08234975,-775.8200,595478.6250,38.415,604696.7500,1999.9000,
	2026/04/30 11:56:22	,	434286	,	1965	,10.368456,1999.9000,0.12487818,-775.4176,595478.6250,38.421,604696.7500,1999.9000,
	2026/04/30 11:56:22	,	435286	,	1966	,10.363451,1999.9000,0.15225571,-775.7786,595478.6250,38.424,604700.3125,1999.9000,
	2026/04/30 11:56:22	,	436286	,	1967	,10.361857,1999.9000,0.17035615,-777.0743,595473.5625,38.427,604708.0000,1999.9000,
	2026/04/30 11:56:22	,	437286	,	1968	,10.356957,1999.9000,0.18533693,-778.6513,595375.5625,38.430,604720.7500,1999.9000,
	2026/04/30 11:56:22	,	438286	,	1969	,10.355424,1999.9000,0.20206973,-780.0650,595363.8750,38.427,604845.3750,1999.9000,
	2026/04/30 11:56:22	,	439286	,	1970	,10.351178,1999.9000,0.22103991,-782.0388,595357.6250,38.425,604877.0625,1999.9000,
	2026/04/30 11:56:22	,	440286	,	1971	,10.349957,1999.9000,0.22103991,-783.9821,595230.6875,38.420,604989.7500,1999.9000,
	2026/04/30 11:56:22	,	441286	,	1972	,10.348746,1999.9000,0.22103991,-785.6015,594965.6250,38.413,605028.1250,1999.9000,
	2026/04/30 11:56:22	,	442286	,	1973	,10.343433,1999.9000,0.22144008,-785.6015,594928.6250,38.404,605040.8750,1999.9000,
	2026/04/30 11:56:22	,	443286	,	1974	,10.342108,1999.9000,0.22449990,-787.7468,594916.3750,38.396,605047.2500,1999.9000,
	2026/04/30 11:56:22	,	444286	,	1975	,10.340891,1999.9000,0.23215730,-790.1313,594910.2500,38.390,605051.1250,1999.9000,
	2026/04/30 11:56:22	,	445286	,	1976	,10.335837,1999.9000,0.23215730,-792.1186,594906.5625,38.385,605053.6250,1999.9000,
	2026/04/30 11:56:22	,	446286	,	1977	,10.334526,1999.9000,0.23215730,-793.7745,594904.1250,38.381,605053.2500,1999.9000,
	2026/04/30 11:56:22	,	447286	,	1978	,10.333335,1999.9000,0.23215730,-795.1545,594914.0625,38.377,605044.4375,1999.9000,
	2026/04/30 11:56:22	,	448286	,	1979	,10.328658,1999.9000,0.24334404,-796.3045,594926.3750,38.374,605044.4375,1999.9000,
	2026/04/30 11:56:22	,	449286	,	1980	,10.327586,1999.9000,0.25366732,-797.5613,595012.6875,38.372,604923.8750,1999.9000,
	2026/04/30 11:56:22	,	450286	,	1981	,10.326751,1999.9000,0.25963569,-799.0064,595156.8750,38.371,604890.0625,1999.9000,
	2026/04/30 11:56:22	,	451286	,	1982	,10.325962,1999.9000,0.25987834,-800.2108,595440.4375,38.374,604864.0625,1999.9000,
	2026/04/30 11:56:22	,	452286	,	1983	,10.325226,1999.9000,0.26016298,-802.0506,595569.7500,38.377,604748.8125,1999.9000,
	2026/04/30 11:56:22	,	453286	,	1984	,10.321181,1999.9000,0.26067713,-802.7474,595569.7500,38.383,604726.5625,1999.9000,
	2026/04/30 11:56:22	,	454286	,	1985	,10.320808,1999.9000,0.26377004,-802.7474,595569.7500,38.386,604726.5625,1999.9000,
	2026/04/30 11:56:22	,	455286	,	1986	,10.320556,1999.9000,0.26386145,-803.3282,595569.7500,38.387,604715.5000,1999.9000,
	2026/04/30 11:56:22	,	456286	,	1987	,10.320310,1999.9000,0.26383099,-803.7128,595569.7500,38.389,604708.8125,1999.9000,
	2026/04/30 11:56:22	,	457286	,	1988	,10.319996,1999.9000,0.26342815,-804.0333,595470.2500,38.393,604704.3750,1999.9000,
	2026/04/30 11:56:22	,	458286	,	1989	,10.319732,1999.9000,0.26318648,-804.3002,595448.8125,38.396,604700.6875,1999.9000,
	2026/04/30 11:56:22	,	459286	,	1990	,10.319476,1999.9000,0.26302534,-804.2243,595434.9375,38.396,604710.1875,1999.9000,
	2026/04/30 11:56:22	,	460286	,	1991	,10.319189,1999.9000,0.25918192,-803.4647,595321.9375,38.396,604832.6875,1999.9000,
	2026/04/30 11:56:22	,	461286	,	1992	,10.318945,1999.9000,0.24776828,-802.7324,595081.1875,38.396,604862.5625,1999.9000,
	2026/04/30 11:56:22	,	462286	,	1993	,10.318743,1999.9000,0.23295142,-801.7241,594878.0000,38.396,604962.5625,1999.9000,
	2026/04/30 11:56:22	,	463286	,	1994	,10.318572,1999.9000,0.22251469,-800.6849,594878.0000,38.396,604962.5625,1999.9000,
	2026/04/30 11:56:22	,	464286	,	1995	,10.318432,1999.9000,0.22251469,-799.6200,594878.0000,38.394,604962.5625,1999.9000,
	2026/04/30 11:56:22	,	465286	,	1996	,10.318314,1999.9000,0.22251472,-798.7325,594878.0000,38.393,604962.5625,1999.9000,
	2026/04/30 11:56:22	,	466286	,	1997	,10.318270,1999.9000,0.22251469,-797.9930,594878.0000,38.392,604962.5625,1999.9000,
	2026/04/30 11:56:22	,	467286	,	1998	,10.318314,1999.9000,0.22251469,-797.4761,594973.9375,38.391,604873.1875,1999.9000,
	2026/04/30 11:56:22	,	468286	,	1999	,10.318512,1999.9000,0.22251464,-797.0455,594995.0625,38.393,604836.0000,1999.9000,
	2026/04/30 11:56:22	,	469286	,	2000	,10.318869,1999.9000,0.22251464,-796.6866,595007.6875,38.395,604732.3750,1999.9000,
	2026/04/30 11:56:22	,	470286	,	2001	,10.319339,1999.9000,0.22251464,-797.0838,595102.6250,38.400,604701.6250,1999.9000,
	2026/04/30 11:56:22	,	471286	,	2002	,10.319984,1999.9000,0.22251464,-797.6138,595351.0625,38.404,604613.4375,1999.9000,
	2026/04/30 11:56:22	,	472286	,	2003	,10.324816,1999.9000,0.21959038,-798.0555,595594.7500,38.407,604602.8750,1999.9000,
	2026/04/30 11:56:22	,	473286	,	2004	,10.325724,1999.9000,0.21349597,-798.4236,595594.7500,38.410,604599.3750,1999.9000,
	2026/04/30 11:56:22	,	474286	,	2005	,10.326722,1999.9000,0.20778599,-798.9293,595594.7500,38.412,604597.6250,1999.9000,
	2026/04/30 11:56:22	,	475286	,	2006	,10.331071,1999.9000,0.20307182,-799.4501,595594.7500,38.414,604596.5625,1999.9000,
	2026/04/30 11:56:22	,	476286	,	2007	,10.332412,1999.9000,0.19706565,-799.8842,595594.7500,38.417,604595.8750,1999.9000,
	2026/04/30 11:56:22	,	477286	,	2008	,10.333644,1999.9000,0.18856375,-800.2459,595472.0625,38.421,604606.6250,1999.9000,
	2026/04/30 11:56:22	,	478286	,	2009	,10.338935,1999.9000,0.17669007,-800.6467,595439.3125,38.420,604740.8750,1999.9000,
	2026/04/30 11:56:22	,	479286	,	2010	,10.340305,1999.9000,0.16190466,-800.8813,595425.7500,38.419,604834.5000,1999.9000,
	2026/04/30 11:56:22	,	480286	,	2011	,10.344505,1999.9000,0.14589033,-801.0769,595409.0625,38.418,604931.1250,1999.9000,
	2026/04/30 11:56:22	,	481286	,	2012	,10.345936,1999.9000,0.12791595,-801.2397,595163.4375,38.419,605030.8125,1999.9000,
	2026/04/30 11:56:22	,	482286	,	2013	,10.350672,1999.9000,0.11074197,-801.3755,594879.2500,38.420,605061.6250,1999.9000,
	2026/04/30 11:56:22	,	483286	,	2014	,10.352236,1999.9000,0.09925901,-801.2897,594879.2500,38.420,605071.8750,1999.9000,
	2026/04/30 11:56:22	,	484286	,	2015	,10.357345,1999.9000,0.09340411,-801.2182,594879.2500,38.419,605077.0000,1999.9000,
	2026/04/30 11:56:22	,	485286	,	2016	,10.359161,1999.9000,0.09239887,-800.9597,594879.2500,38.419,605080.1250,1999.9000,
	2026/04/30 11:56:22	,	486286	,	2017	,10.365030,1999.9000,0.09192724,-800.7442,594879.2500,38.418,605082.1875,1999.9000,
	2026/04/30 11:56:22	,	487286	,	2018	,10.366847,1999.9000,0.08749879,-800.5646,594879.2500,38.417,605070.3750,1999.9000,
	2026/04/30 11:56:22	,	488286	,	2019	,10.372745,1999.9000,0.07955146,-800.4150,594960.8750,38.417,604935.3750,1999.9000,
	2026/04/30 11:56:22	,	489286	,	2020	,10.377034,1999.9000,0.06932273,-800.2903,594992.1250,38.412,604852.0000,1999.9000,
	2026/04/30 11:56:22	,	490286	,	2021	,10.378881,1999.9000,0.05886707,-800.3854,595025.6250,38.408,604768.6250,1999.9000,
	2026/04/30 11:56:22	,	491286	,	2022	,10.384184,1999.9000,0.05189666,-800.8625,595256.9375,38.404,604736.6875,1999.9000,
	2026/04/30 11:56:22	,	492286	,	2023	,10.388592,1999.9000,0.04884627,-801.4591,595256.9375,38.404,604725.9375,1999.9000,
	2026/04/30 11:56:22	,	493286	,	2024	,10.393239,1999.9000,0.04491358,-801.9562,595550.6875,38.398,604720.5625,1999.9000,
	2026/04/30 11:56:22	,	494286	,	2025	,10.397648,1999.9000,0.03927927,-802.3704,595550.6875,38.393,604717.4375,1999.9000,
	2026/04/30 11:56:22	,	495286	,	2026	,10.401908,1999.9000,0.03079625,-802.7156,595550.6875,38.395,604715.3125,1999.9000,
	2026/04/30 11:56:22	,	496286	,	2027	,10.406317,1999.9000,0.01729657,-802.9038,595550.6875,38.391,604725.9375,1999.9000,
	2026/04/30 11:56:22	,	497286	,	2028	,10.410814,1999.9000,-0.00014841,-803.0607,595550.6875,38.387,604864.6875,1999.9000,
	2026/04/30 11:56:22	,	498286	,	2029	,10.414955,1999.9000,-0.01976771,-803.1914,595404.1250,38.373,604904.2500,1999.9000,
	2026/04/30 11:56:22	,	499286	,	2030	,10.419126,1999.9000,-0.04182604,-802.8030,595404.1250,38.373,604995.7500,1999.9000,
	2026/04/30 11:56:22	,	500286	,	2031	,10.421032,1999.9000,-0.06667005,-801.9819,595388.6250,38.372,605027.1875,1999.9000,
	2026/04/30 11:56:22	,	501286	,	2032	,10.427168,1999.9000,-0.09586266,-800.9993,595376.1250,38.371,605114.1250,1999.9000,
	2026/04/30 11:56:22	,	502286	,	2033	,10.431369,1999.9000,-0.12937871,-797.9920,595224.1875,38.368,605153.6875,1999.9000,
	2026/04/30 11:56:22	,	503286	,	2034	,10.433156,1999.9000,-0.16330442,-793.8943,594948.3750,38.365,605166.8750,1999.9000,
	2026/04/30 11:56:22	,	504286	,	2035	,10.439114,1999.9000,-0.19898221,-790.4796,594910.4375,38.361,605173.5000,1999.9000,
	2026/04/30 11:56:22	,	505286	,	2036	,10.441094,1999.9000,-0.23836577,-787.2361,594897.8125,38.359,605177.4375,1999.9000,
	2026/04/30 11:56:22	,	506286	,	2037	,10.446799,1999.9000,-0.28331435,-784.5331,594891.5625,38.357,605180.1250,1999.9000,
	2026/04/30 11:56:22	,	507286	,	2038	,10.448661,1999.9000,-0.34053993,-782.2806,594887.7500,38.359,605174.8125,1999.9000,
	2026/04/30 11:56:22	,	508286	,	2039	,10.454365,1999.9000,-0.41476935,-780.4036,594885.1875,38.361,605085.1875,1999.9000,
	2026/04/30 11:56:22	,	509286	,	2040	,10.456317,1999.9000,-0.50519592,-779.2374,594894.4375,38.362,605061.6250,1999.9000,
	2026/04/30 11:56:22	,	510286	,	2041	,10.462140,1999.9000,-0.61023766,-778.7629,594903.9375,38.365,604969.7500,1999.9000,
	2026/04/30 11:56:22	,	511286	,	2042	,10.463972,1999.9000,-0.72886735,-778.9643,594914.6250,38.367,604887.0000,1999.9000,
	2026/04/30 11:56:22	,	512286	,	2043	,10.469051,1999.9000,-0.86131191,-779.7290,595094.8750,38.373,604802.5000,1999.9000,
	2026/04/30 11:56:22	,	513286	,	2044	,10.470645,1999.9000,-1.01359630,-780.6646,595377.9375,38.380,604802.5000,1999.9000,
	2026/04/30 11:56:22	,	514286	,	2045	,10.475574,1999.9000,-1.18619955,-781.4443,595491.6875,38.384,604802.5000,1999.9000,
	2026/04/30 11:56:22	,	515286	,	2046	,10.477094,1999.9000,-1.37636137,-782.0941,595491.6875,38.388,604802.5000,1999.9000,
	2026/04/30 11:56:22	,	516286	,	2047	,10.481741,1999.9000,-1.58219695,-782.6354,595491.6875,38.392,604802.5000,1999.9000,
	2026/04/30 11:56:22	,	517286	,	2048	,10.483319,1999.9000,-1.80039167,-783.0867,595491.6875,38.396,604804.2500,1999.9000,
	2026/04/30 11:56:22	,	518286	,	2049	,10.487758,1999.9000,-2.02805257,-783.4626,595491.6875,38.399,604816.9375,1999.9000,
	2026/04/30 11:56:22	,	519286	,	2050	,10.489009,1999.9000,-2.26435399,-783.7759,595388.0625,38.401,604943.8125,1999.9000,
	2026/04/30 11:56:22	,	520286	,	2051	,10.490280,1999.9000,-2.50742412,-783.8381,595368.6250,38.403,604981.8125,1999.9000,
	2026/04/30 11:56:22	,	521286	,	2052	,10.495563,1999.9000,-2.75484943,-783.6909,595354.2500,38.408,605090.5625,1999.9000,
	2026/04/30 11:56:22	,	522286	,	2053	,10.496933,1999.9000,-3.00524926,-782.0762,595237.9375,38.409,605178.7500,1999.9000,
	2026/04/30 11:56:22	,	523286	,	2054	,10.498243,1999.9000,-3.25032353,-780.7306,594996.6250,38.410,605203.2500,1999.9000,
	2026/04/30 11:56:22	,	524286	,	2055	,10.503070,1999.9000,-3.48538327,-779.6093,594810.6875,38.414,605211.4375,1999.9000,
	2026/04/30 11:56:22	,	525286	,	2056	,10.504128,1999.9000,-3.70959663,-778.6747,594810.6875,38.417,605215.5000,1999.9000,
	2026/04/30 11:56:22	,	526286	,	2057	,10.505116,1999.9000,-3.92114234,-777.8961,594810.6875,38.420,605218.0000,1999.9000,
	2026/04/30 11:56:22	,	527286	,	2058	,10.509116,1999.9000,-4.11554575,-778.6397,594810.6875,38.420,605219.5625,1999.9000,
	2026/04/30 11:56:22	,	528286	,	2059	,10.509831,1999.9000,-4.28180885,-780.0554,594810.6875,38.419,605112.3125,1999.9000,
	2026/04/30 11:56:22	,	529286	,	2060	,10.510517,1999.9000,-4.40721321,-781.9313,594922.7500,38.420,605006.6250,1999.9000,
	2026/04/30 11:56:22	,	530286	,	2061	,10.511194,1999.9000,-4.40721321,-783.7931,594948.3125,38.420,604893.0625,1999.9000,
	2026/04/30 11:56:22	,	531286	,	2062	,10.511738,1999.9000,-4.40721321,-785.9413,594965.5625,38.422,604798.8750,1999.9000,
	2026/04/30 11:56:22	,	532286	,	2063	,10.512199,1999.9000,-4.40721321,-789.4225,595077.6250,38.424,604715.5000,1999.9000,
	2026/04/30 11:56:22	,	533286	,	2064	,10.512708,1999.9000,-4.40721321,-792.7216,595318.9375,38.424,604707.3750,1999.9000,
	2026/04/30 11:56:22	,	534286	,	2065	,10.513227,1999.9000,-4.38924503,-795.4708,595570.9375,38.424,604704.6250,1999.9000,
	2026/04/30 11:56:22	,	535286	,	2066	,10.513743,1999.9000,-4.29583120,-798.0601,595570.9375,38.424,604703.2500,1999.9000,
	2026/04/30 11:56:22	,	536286	,	2067	,10.514178,1999.9000,-4.20098686,-800.2179,595570.9375,38.422,604702.4375,1999.9000,
	2026/04/30 11:56:22	,	537286	,	2068	,10.514542,1999.9000,-4.11531258,-802.5135,595570.9375,38.421,604702.0000,1999.9000,
	2026/04/30 11:56:22	,	538286	,	2069	,10.514844,1999.9000,-4.04166889,-804.5259,595570.9375,38.420,604712.3750,1999.9000,
	2026/04/30 11:56:22	,	539286	,	2070	,10.515097,1999.9000,-4.04166889,-806.2029,595456.5625,38.419,604807.3125,1999.9000,
	2026/04/30 11:56:22	,	540286	,	2071	,10.515306,1999.9000,-3.92477894,-807.6005,595422.8750,38.409,604820.8750,1999.9000,
	2026/04/30 11:56:22	,	541286	,	2072	,10.515475,1999.9000,-3.87608051,-808.7651,595406.7500,38.400,604836.9375,1999.9000,
	2026/04/30 11:56:22	,	542286	,	2073	,10.515588,1999.9000,-3.87608051,-809.7355,595390.4375,38.394,604922.6875,1999.9000,
	2026/04/30 11:56:22	,	543286	,	2074	,10.515596,1999.9000,-3.83441544,-809.5496,595166.3750,38.397,604940.5000,1999.9000,
	2026/04/30 11:56:22	,	544286	,	2075	,10.515490,1999.9000,-3.79816413,-808.6982,594888.7500,38.400,604946.4375,1999.9000,
	2026/04/30 11:56:22	,	545286	,	2076	,10.515246,1999.9000,-3.73048282,-807.8893,594888.7500,38.402,604949.4375,1999.9000,
	2026/04/30 11:56:22	,	546286	,	2077	,10.514846,1999.9000,-3.69634914,-807.0162,594888.7500,38.400,604951.2500,1999.9000,
	2026/04/30 11:56:22	,	547286	,	2078	,10.514288,1999.9000,-3.66067767,-805.7914,594888.7500,38.397,604952.3750,1999.9000,
	2026/04/30 11:56:22	,	548286	,	2079	,10.510129,1999.9000,-3.66067767,-804.5717,594888.7500,38.399,604943.4375,1999.9000,
	2026/04/30 11:56:22	,	549286	,	2080	,10.509235,1999.9000,-3.62707973,-803.4557,594896.0000,38.400,604851.3750,1999.9000,
	2026/04/30 11:56:22	,	550286	,	2081	,10.509235,1999.9000,-3.59756565,-802.1279,594977.5000,38.401,604831.1875,1999.9000,
	2026/04/30 11:56:22	,	551286	,	2082	,10.504261,1999.9000,-3.57183909,-800.7230,594981.9375,38.398,604745.6875,1999.9000,
	2026/04/30 11:56:22	,	552286	,	2083	,10.502831,1999.9000,-3.54872847,-799.4528,594994.3750,38.395,604714.2500,1999.9000,
	2026/04/30 11:56:22	,	553286	,	2084	,10.498601,1999.9000,-3.52351880,-798.3942,595213.4375,38.390,604703.8125,1999.9000,
	2026/04/30 11:56:22	,	554286	,	2085	,10.497380,1999.9000,-3.49544191,-797.5121,595515.5000,38.382,604698.6250,1999.9000,
	2026/04/30 11:56:22	,	555286	,	2086	,10.493329,1999.9000,-3.46782494,-796.7770,595515.5000,38.375,604695.5000,1999.9000,
	2026/04/30 11:56:22	,	556286	,	2087	,10.491750,1999.9000,-3.44068670,-796.1645,595515.5000,38.369,604693.3750,1999.9000,
	2026/04/30 11:56:22	,	557286	,	2088	,10.487163,1999.9000,-3.41427374,-795.7535,595515.5000,38.363,604698.0000,1999.9000,
	2026/04/30 11:56:22	,	558286	,	2089	,10.485658,1999.9000,-3.38835812,-796.5053,595515.5000,38.358,604710.8125,1999.9000,
	2026/04/30 11:56:22	,	559286	,	2090	,10.480996,1999.9000,-3.36030650,-797.1318,595510.9375,38.353,604826.6875,1999.9000,
	2026/04/30 11:56:22	,	560286	,	2091	,10.479119,1999.9000,-3.32878804,-797.6537,595404.1250,38.350,604845.0625,1999.9000,
	2026/04/30 11:56:22	,	561286	,	2092	,10.473846,1999.9000,-3.29312277,-798.0887,595390.1250,38.347,604869.3125,1999.9000,
	2026/04/30 11:56:22	,	562286	,	2093	,10.472015,1999.9000,-3.25039911,-798.4512,595379.0625,38.347,604988.5000,1999.9000,
	2026/04/30 11:56:22	,	563286	,	2094	,10.466519,1999.9000,-3.19789386,-799.0518,595232.5625,38.349,605026.2500,1999.9000,
	2026/04/30 11:56:22	,	564286	,	2095	,10.464807,1999.9000,-3.13047099,-799.5522,594972.1250,38.354,605038.8125,1999.9000,
	2026/04/30 11:56:22	,	565286	,	2096	,10.458714,1999.9000,-3.04058647,-799.9692,594948.8750,38.362,605045.1250,1999.9000,
	2026/04/30 11:56:22	,	566286	,	2097	,10.454216,1999.9000,-2.92807674,-800.6152,594941.1250,38.376,605048.8750,1999.9000,
	2026/04/30 11:56:22	,	567286	,	2098	,10.449986,1999.9000,-2.79457974,-801.6509,594937.3125,38.381,605051.4375,1999.9000,
	2026/04/30 11:56:22	,	568286	,	2099	,10.447990,1999.9000,-2.64083910,-802.5139,594935.0000,38.380,605043.0000,1999.9000,
	2026/04/30 11:56:22	,	569286	,	2100	,10.442034,1999.9000,-2.47122312,-803.2330,594933.4375,38.384,604926.3125,1999.9000,
	2026/04/30 11:56:22	,	570286	,	2101	,10.437684,1999.9000,-2.29040170,-803.8324,594945.0625,38.389,604890.0625,1999.9000,
	2026/04/30 11:56:22	,	571286	,	2102	,10.433246,1999.9000,-2.10117269,-804.3319,595034.1250,38.393,604775.3125,1999.9000,
	2026/04/30 11:56:22	,	572286	,	2103	,10.429164,1999.9000,-1.90592504,-804.0518,595045.4375,38.395,604690.7500,1999.9000,
	2026/04/30 11:56:22	,	573286	,	2104	,10.424726,1999.9000,-1.70528233,-802.9231,595184.8750,38.397,604603.7500,1999.9000,
	2026/04/30 11:56:22	,	574286	,	2105	,10.420258,1999.9000,-1.50134373,-800.3910,595464.8750,38.394,604599.8750,1999.9000,
	2026/04/30 11:56:22	,	575286	,	2106	,10.416058,1999.9000,-1.30332923,-796.1919,595494.3125,38.391,604598.5625,1999.9000,
	2026/04/30 11:56:22	,	576286	,	2107	,10.414210,1999.9000,-1.11427045,-792.4937,595504.1875,38.389,604597.8750,1999.9000,
	2026/04/30 11:56:22	,	577286	,	2108	,10.408491,1999.9000,-0.93406028,-789.3124,595509.1250,38.385,604597.5000,1999.9000,
	2026/04/30 11:56:22	,	578286	,	2109	,10.404202,1999.9000,-0.77151561,-786.6613,595512.0625,38.383,604597.1875,1999.9000,
	2026/04/30 11:56:22	,	579286	,	2110	,10.402295,1999.9000,-0.63479805,-784.4520,595514.0000,38.380,604609.8125,1999.9000,
	2026/04/30 11:56:22	,	580286	,	2111	,10.396367,1999.9000,-0.52208000,-782.3126,595422.5625,38.378,604740.2500,1999.9000,
	2026/04/30 11:56:22	,	581286	,	2112	,10.394386,1999.9000,-0.42706531,-780.5298,595406.5000,38.378,604779.2500,1999.9000,
	2026/04/30 11:56:22	,	582286	,	2113	,10.388086,1999.9000,-0.34233612,-779.0441,595393.0000,38.378,604896.7500,1999.9000,
	2026/04/30 11:56:22	,	583286	,	2114	,10.386090,1999.9000,-0.26237151,-777.8060,595279.0000,38.378,604987.8750,1999.9000,
	2026/04/30 11:56:22	,	584286	,	2115	,10.380133,1999.9000,-0.18541317,-776.7742,595035.3125,38.378,604987.8750,1999.9000,
	2026/04/30 11:56:22	,	585286	,	2116	,10.380133,1999.9000,-0.10634352,-775.9143,594835.7500,38.381,604987.8750,1999.9000,
	2026/04/30 11:56:22	,	586286	,	2117	,10.372179,1999.9000,-0.02924649,-775.1978,594835.7500,38.385,604987.8750,1999.9000,
	2026/04/30 11:56:22	,	587286	,	2118	,10.372179,1999.9000,0.03481090,-774.6007,594835.7500,38.387,604987.8750,1999.9000,
	2026/04/30 11:56:22	,	588286	,	2119	,10.370183,1999.9000,0.08335814,-774.1031,594835.7500,38.388,604976.5000,1999.9000,
	2026/04/30 11:56:22	,	589286	,	2120	,10.364851,1999.9000,0.11959680,-774.1859,594835.7500,38.389,604834.5000,1999.9000,
	2026/04/30 11:56:22	,	590286	,	2121	,10.363332,1999.9000,0.14521596,-775.3490,594948.8750,38.389,604806.6875,1999.9000,
	2026/04/30 11:56:22	,	591286	,	2122	,10.358834,1999.9000,0.16460209,-777.0146,594975.7500,38.389,604720.9375,1999.9000,
	2026/04/30 11:56:22	,	592286	,	2123	,10.357196,1999.9000,0.18338318,-778.7010,594985.0625,38.388,604683.2500,1999.9000,
	2026/04/30 11:56:22	,	593286	,	2124	,10.351923,1999.9000,0.20560539,-780.8027,595074.0625,38.388,604670.6250,1999.9000,
	2026/04/30 11:56:22	,	594286	,	2125	,10.350686,1999.9000,0.23134431,-783.5488,595327.3125,38.388,604664.3125,1999.9000,
	2026/04/30 11:56:22	,	595286	,	2126	,10.349440,1999.9000,0.23936723,-786.6331,595556.6250,38.386,604660.5000,1999.9000,
	2026/04/30 11:56:22	,	596286	,	2127	,10.344029,1999.9000,0.23936723,-789.6011,595556.6250,38.385,604658.0000,1999.9000,
	2026/04/30 11:56:22	,	597286	,	2128	,10.342778,1999.9000,0.24237978,-792.1740,595556.6250,38.383,604663.6250,1999.9000,
	2026/04/30 11:56:22	,	598286	,	2129	,10.341666,1999.9000,0.24590911,-794.3181,595556.6250,38.382,604782.5625,1999.9000,
	2026/04/30 11:56:22	,	599286	,	2130	,10.336731,1999.9000,0.24937540,-796.2043,595556.6250,38.382,604782.5625,1999.9000,
	2026/04/30 11:56:22	,	600286	,	2131	,10.335465,1999.9000,0.24937540,-797.7762,595433.3125,38.382,604872.5625,1999.9000,
	2026/04/30 11:56:22	,	601286	,	2132	,10.334208,1999.9000,0.24937540,-798.9866,595404.1875,38.386,604904.8750,1999.9000,
	2026/04/30 11:56:22	,	602286	,	2133	,10.329671,1999.9000,0.24590911,-800.0947,595390.0625,38.389,605010.3125,1999.9000,
	2026/04/30 11:56:22	,	603286	,	2134	,10.328748,1999.9000,0.24237978,-800.9187,595372.8750,38.392,605042.3125,1999.9000,
	2026/04/30 11:56:22	,	604286	,	2135	,10.327864,1999.9000,0.24237978,-801.6053,595131.2500,38.394,605053.0000,1999.9000,
	2026/04/30 11:56:22	,	605286	,	2136	,10.327005,1999.9000,0.24237974,-802.2770,594882.7500,38.396,605058.3750,1999.9000,
	2026/04/30 11:56:22	,	606286	,	2137	,10.322880,1999.9000,0.24284615,-802.7373,594882.7500,38.397,605061.5625,1999.9000,
	2026/04/30 11:56:22	,	607286	,	2138	,10.322283,1999.9000,0.24312599,-803.1208,594882.7500,38.399,605063.6875,1999.9000,
	2026/04/30 11:56:22	,	608286	,	2139	,10.321826,1999.9000,0.24331254,-803.1420,594882.7500,38.391,605050.4375,1999.9000,
	2026/04/30 11:56:22	,	609286	,	2140	,10.321426,1999.9000,0.24346799,-803.3586,594882.7500,38.384,604879.2500,1999.9000,
	2026/04/30 11:56:22	,	610286	,	2141	,10.321027,1999.9000,0.24359754,-803.5391,595009.1250,38.378,604792.8125,1999.9000,
	2026/04/30 11:56:22	,	611286	,	2142	,10.320680,1999.9000,0.25214845,-803.1921,595031.1250,38.373,604766.5625,1999.9000,
	2026/04/30 11:56:22	,	612286	,	2143	,10.320327,1999.9000,0.25613156,-802.9031,595039.5000,38.362,604743.1250,1999.9000,
	2026/04/30 11:56:22	,	613286	,	2144	,10.319967,1999.9000,0.25613156,-802.6622,595049.3125,38.354,604624.8750,1999.9000,
	2026/04/30 11:56:22	,	614286	,	2145	,10.319654,1999.9000,0.25613156,-802.4614,595262.3125,38.347,604590.8125,1999.9000,
	2026/04/30 11:56:22	,	615286	,	2146	,10.319382,1999.9000,0.25613156,-802.0951,595564.3750,38.341,604579.4375,1999.9000,
	2026/04/30 11:56:22	,	616286	,	2147	,10.319150,1999.9000,0.25613153,-801.9889,595564.3750,38.337,604573.7500,1999.9000,
	2026/04/30 11:56:22	,	617286	,	2148	,10.318956,1999.9000,0.24889642,-801.7013,595564.3750,38.333,604570.3750,1999.9000,
	2026/04/30 11:56:22	,	618286	,	2149	,10.318796,1999.9000,0.24162349,-801.3622,595564.3750,38.337,604568.1250,1999.9000,
	2026/04/30 11:56:22	,	619286	,	2150	,10.318662,1999.9000,0.23583160,-801.1791,595564.3750,38.335,604577.1875,1999.9000,
	2026/04/30 11:56:22	,	620286	,	2151	,10.318550,1999.9000,0.23278753,-801.3250,595554.8750,38.335,604682.3125,1999.9000,
	2026/04/30 11:56:22	,	621286	,	2152	,10.318487,1999.9000,0.23189892,-801.1481,595436.8750,38.334,604704.0000,1999.9000,
	2026/04/30 11:56:22	,	622286	,	2153	,10.318579,1999.9000,0.22867839,-800.7023,595425.5000,38.338,604789.8125,1999.9000,
	2026/04/30 11:56:22	,	623286	,	2154	,10.318805,1999.9000,0.22525619,-800.3308,595413.6250,38.342,604827.8125,1999.9000,
	2026/04/30 11:56:22	,	624286	,	2155	,10.319185,1999.9000,0.21705051,-800.0212,595258.1875,38.346,604933.0000,1999.9000,
	2026/04/30 11:56:22	,	625286	,	2156	,10.319801,1999.9000,0.20400456,-799.7632,594994.7500,38.350,604933.0000,1999.9000,
	2026/04/30 11:56:22	,	626286	,	2157	,10.324488,1999.9000,0.19068764,-799.5483,594973.0625,38.351,604933.0000,1999.9000,
	2026/04/30 11:56:22	,	627286	,	2158	,10.325352,1999.9000,0.17893371,-799.4686,594965.8125,38.353,604933.0000,1999.9000,
	2026/04/30 11:56:22	,	628286	,	2159	,10.326374,1999.9000,0.17418799,-799.4022,594962.1875,38.354,604933.0000,1999.9000,
	2026/04/30 11:56:22	,	629286	,	2160	,10.327354,1999.9000,0.17394219,-799.2473,594960.0000,38.358,604928.3750,1999.9000,
	2026/04/30 11:56:22	,	630286	,	2161	,10.332680,1999.9000,0.17169859,-799.1183,594958.5625,38.361,604819.4375,1999.9000,
	2026/04/30 11:56:22	,	631286	,	2162	,10.333975,1999.9000,0.17147170,-799.1103,594970.8125,38.361,604789.5000,1999.9000,
	2026/04/30 11:56:22	,	632286	,	2163	,10.335300,1999.9000,0.17107044,-799.1035,595052.0000,38.360,604762.6250,1999.9000,
	2026/04/30 11:56:22	,	633286	,	2164	,10.340574,1999.9000,0.16163999,-798.9985,595055.3125,38.360,604666.0000,1999.9000,
	2026/04/30 11:56:22	,	634286	,	2165	,10.342019,1999.9000,0.15236917,-798.8115,595177.6875,38.363,604658.7500,1999.9000,
	2026/04/30 11:56:22	,	635286	,	2166	,10.346412,1999.9000,0.14493866,-798.6557,595450.0000,38.376,604656.3125,1999.9000,
	2026/04/30 11:56:22	,	636286	,	2167	,10.347961,1999.9000,0.13719934,-798.5258,595555.5000,38.387,604655.1250,1999.9000,
	2026/04/30 11:56:22	,	637286	,	2168	,10.352608,1999.9000,0.13085288,-798.3181,595555.5000,38.385,604654.4375,1999.9000,
	2026/04/30 11:56:22	,	638286	,	2169	,10.354218,1999.9000,0.12661767,-798.0455,595555.5000,38.384,604653.9375,1999.9000,
	2026/04/30 11:56:22	,	639286	,	2170	,10.359429,1999.9000,0.12233205,-797.7189,595555.5000,38.383,604662.0000,1999.9000,
	2026/04/30 11:56:22	,	640286	,	2171	,10.361350,1999.9000,0.11671029,-797.4467,595555.5000,38.382,604751.7500,1999.9000,
	2026/04/30 11:56:22	,	641286	,	2172	,10.367174,1999.9000,0.10831556,-797.2199,595456.5625,38.380,604770.1875,1999.9000,
	2026/04/30 11:56:22	,	642286	,	2173	,10.371196,1999.9000,0.09584943,-797.0309,595438.3750,38.376,604784.6250,1999.9000,
	2026/04/30 11:56:22	,	643286	,	2174	,10.373029,1999.9000,0.08092540,-797.1719,595426.3750,38.372,604801.1250,1999.9000,
	2026/04/30 11:56:22	,	644286	,	2175	,10.378971,1999.9000,0.06421778,-797.2893,595317.1250,38.368,604894.8750,1999.9000,
	2026/04/30 11:56:22	,	645286	,	2176	,10.383052,1999.9000,0.04592830,-796.6909,595096.6875,38.365,604928.1250,1999.9000,
	2026/04/30 11:56:22	,	646286	,	2177	,10.385034,1999.9000,0.03059457,-796.6895,594886.3750,38.364,604953.3125,1999.9000,
	2026/04/30 11:56:22	,	647286	,	2178	,10.391184,1999.9000,0.01841209,-796.8873,594886.3750,38.362,604965.8750,1999.9000,
	2026/04/30 11:56:22	,	648286	,	2179	,10.395473,1999.9000,0.00859300,-797.1516,594886.3750,38.361,604973.4375,1999.9000,
	2026/04/30 11:56:22	,	649286	,	2180	,10.397470,1999.9000,0.00142718,-797.9688,594886.3750,38.367,604978.4375,1999.9000,
	2026/04/30 11:56:22	,	650286	,	2181	,10.403606,1999.9000,-0.00566301,-797.9534,594886.3750,38.373,604982.6250,1999.9000,
	2026/04/30 11:56:22	,	651286	,	2182	,10.408401,1999.9000,-0.01540017,-797.8411,594975.7500,38.379,604980.5000,1999.9000,
	2026/04/30 11:56:22	,	652286	,	2183	,10.412781,1999.9000,-0.02814358,-797.6480,594997.4375,38.383,604970.3750,1999.9000,
	2026/04/30 11:56:22	,	653286	,	2184	,10.417250,1999.9000,-0.04402558,-797.4871,595007.8750,38.385,604851.3750,1999.9000,
	2026/04/30 11:56:22	,	654286	,	2185	,10.421538,1999.9000,-0.06214491,-797.3531,595100.8750,38.387,604827.5625,1999.9000,
	2026/04/30 11:56:22	,	655286	,	2186	,10.425619,1999.9000,-0.08059199,-796.6445,595355.8125,38.385,604801.9375,1999.9000,
	2026/04/30 11:56:22	,	656286	,	2187	,10.429701,1999.9000,-0.10212092,-794.5620,595546.5000,38.384,604789.0625,1999.9000,
	2026/04/30 11:56:22	,	657286	,	2188	,10.431578,1999.9000,-0.12687667,-792.1302,595546.5000,38.383,604781.3125,1999.9000,
	2026/04/30 11:56:22	,	658286	,	2189	,10.437387,1999.9000,-0.15597475,-789.5068,595546.5000,38.380,604776.1875,1999.9000,
	2026/04/30 11:56:22	,	659286	,	2190	,10.439322,1999.9000,-0.19204327,-786.6245,595546.5000,38.378,604771.9375,1999.9000,
	2026/04/30 11:56:22	,	660286	,	2191	,10.445131,1999.9000,-0.23682798,-784.1229,595546.5000,38.378,604768.5000,1999.9000,
	2026/04/30 11:56:22	,	661286	,	2192	,10.449152,1999.9000,-0.29384562,-782.0383,595421.3750,38.381,604775.1875,1999.9000,
	2026/04/30 11:56:22	,	662286	,	2193	,10.451044,1999.9000,-0.36734396,-780.3012,595396.0625,38.381,604786.8125,1999.9000,
	2026/04/30 11:56:22	,	663286	,	2194	,10.456839,1999.9000,-0.45812345,-778.8536,595385.2500,38.380,604910.5625,1999.9000,
	2026/04/30 11:56:22	,	664286	,	2195	,10.458654,1999.9000,-0.56482905,-777.7468,595371.9375,38.383,604948.6875,1999.9000,
	2026/04/30 11:56:22	,	665286	,	2196	,10.464077,1999.9000,-0.68866450,-777.0233,595146.1250,38.385,605073.0625,1999.9000,
	2026/04/30 11:56:22	,	666286	,	2197	,10.466043,1999.9000,-0.82693869,-777.3156,594867.2500,38.384,605073.0625,1999.9000,
	2026/04/30 11:56:22	,	667286	,	2198	,10.471523,1999.9000,-0.97985333,-779.3497,594867.2500,38.384,605073.0625,1999.9000,
	2026/04/30 11:56:22	,	668286	,	2199	,10.473131,1999.9000,-1.14930546,-781.0449,594867.2500,38.385,605073.0625,1999.9000,
	2026/04/30 11:56:22	,	669286	,	2200	,10.477481,1999.9000,-1.33414793,-781.0449,594867.2500,38.383,605073.0625,1999.9000,
	2026/04/30 11:56:22	,	670286	,	2201	,10.479000,1999.9000,-1.53250265,-782.4575,594867.2500,38.382,605072.1875,1999.9000,
	2026/04/30 11:56:22	,	671286	,	2202	,10.483707,1999.9000,-1.74343705,-783.6347,594878.6875,38.383,604989.7500,1999.9000,
	2026/04/30 11:56:22	,	672286	,	2203	,10.485123,1999.9000,-1.96451187,-784.6157,595001.3750,38.384,604958.6250,1999.9000,
	2026/04/30 11:56:22	,	673286	,	2204	,10.489367,1999.9000,-2.19394994,-784.9359,595012.1250,38.381,604856.2500,1999.9000,
	2026/04/30 11:56:22	,	674286	,	2205	,10.490663,1999.9000,-2.42956448,-783.5116,595025.5625,38.382,604822.6875,1999.9000,
	2026/04/30 11:56:22	,	675286	,	2206	,10.494729,1999.9000,-2.66606760,-781.9268,595225.3750,38.383,604734.8750,1999.9000,
	2026/04/30 11:56:22	,	676286	,	2207	,10.496129,1999.9000,-2.90315056,-780.4072,595515.5000,38.380,604734.8750,1999.9000,
	2026/04/30 11:56:22	,	677286	,	2208	,10.497359,1999.9000,-3.13940167,-779.1409,595515.5000,38.378,604734.8750,1999.9000,
	2026/04/30 11:56:22	,	678286	,	2209	,10.502414,1999.9000,-3.37163162,-778.0856,595515.5000,38.377,604734.8750,1999.9000,
	2026/04/30 11:56:22	,	679286	,	2210	,10.503516,1999.9000,-3.59900904,-777.2061,595515.5000,38.375,604734.8750,1999.9000,
	2026/04/30 11:56:22	,	680286	,	2211	,10.504419,1999.9000,-3.81973076,-776.4733,595515.5000,38.374,604741.0625,1999.9000,
	2026/04/30 11:56:22	,	681286	,	2212	,10.508461,1999.9000,-4.02760220,-775.8626,595506.0000,38.373,604881.0000,1999.9000,
	2026/04/30 11:56:22	,	682286	,	2213	,10.509325,1999.9000,-4.21130371,-776.2490,595377.3125,38.372,604993.3125,1999.9000,
	2026/04/30 11:56:22	,	683286	,	2214	,10.510070,1999.9000,-4.35593081,-776.8693,595358.3125,38.372,605112.9375,1999.9000,
	2026/04/30 11:56:22	,	684286	,	2215	,10.510807,1999.9000,-4.42917109,-778.5800,595343.0000,38.371,605195.1250,1999.9000,
	2026/04/30 11:56:22	,	685286	,	2216	,10.511463,1999.9000,-4.42917109,-781.3981,595177.6875,38.378,605195.1250,1999.9000,
	2026/04/30 11:56:22	,	686286	,	2217	,10.512050,1999.9000,-4.42917109,-783.8461,594909.0000,38.384,605195.1250,1999.9000,
	2026/04/30 11:56:22	,	687286	,	2218	,10.512634,1999.9000,-4.42917109,-786.8809,594909.0000,38.392,605195.1250,1999.9000,
	2026/04/30 11:56:22	,	688286	,	2219	,10.513144,1999.9000,-4.42917109,-789.5092,594909.0000,38.399,605195.1250,1999.9000,
	2026/04/30 11:56:22	,	689286	,	2220	,10.513679,1999.9000,-4.34157419,-792.1968,594909.0000,38.405,605194.3125,1999.9000,
	2026/04/30 11:56:22	,	690286	,	2221	,10.514175,1999.9000,-4.24454260,-795.6303,594909.0000,38.409,605186.0625,1999.9000,
	2026/04/30 11:56:22	,	691286	,	2222	,10.514593,1999.9000,-4.15205526,-798.6906,594909.1875,38.413,605089.3750,1999.9000,
	2026/04/30 11:56:22	,	692286	,	2223	,10.514941,1999.9000,-4.07161808,-801.7380,594921.2500,38.415,605064.3750,1999.9000,
	2026/04/30 11:56:22	,	693286	,	2224	,10.515231,1999.9000,-4.00402498,-804.2776,594933.6875,38.415,605038.8750,1999.9000,
	2026/04/30 11:56:22	,	694286	,	2225	,10.515474,1999.9000,-3.94599271,-806.3939,594946.3750,38.410,604941.3750,1999.9000,
	2026/04/30 11:56:22	,	695286	,	2226	,10.515671,1999.9000,-3.89113069,-808.1575,595128.2500,38.406,604930.8750,1999.9000,
	2026/04/30 11:56:22	,	696286	,	2227	,10.515835,1999.9000,-3.83875132,-809.2292,595398.7500,38.403,604924.7500,1999.9000,
	2026/04/30 11:56:22	,	697286	,	2228	,10.515887,1999.9000,-3.79164743,-810.0229,595533.3750,38.400,604910.6250,1999.9000,
	2026/04/30 11:56:22	,	698286	,	2229	,10.515777,1999.9000,-3.74974918,-809.7889,595533.3750,38.399,604826.0625,1999.9000,
	2026/04/30 11:56:22	,	699286	,	2230	,10.515536,1999.9000,-3.71326494,-808.4998,595533.3750,38.402,604826.0625,1999.9000,
	2026/04/30 11:56:22	,	700286	,	2231	,10.515220,1999.9000,-3.68261003,-806.3314,595533.3750,38.404,604826.0625,1999.9000,
	2026/04/30 11:56:22	,	701286	,	2232	,10.514699,1999.9000,-3.65498042,-804.5243,595533.3750,38.403,604826.0625,1999.9000,
	2026/04/30 11:56:22	,	702286	,	2233	,10.510516,1999.9000,-3.62788010,-802.9190,595439.2500,38.401,604826.0625,1999.9000,
	2026/04/30 11:56:22	,	703286	,	2234	,10.509861,1999.9000,-3.60110140,-801.3823,595415.3750,38.405,604834.4375,1999.9000,
	2026/04/30 11:56:22	,	704286	,	2235	,10.508928,1999.9000,-3.57521725,-800.0021,595401.3125,38.410,604946.2500,1999.9000,
	2026/04/30 11:56:22	,	705286	,	2236	,10.504351,1999.9000,-3.55320954,-798.7526,595287.3125,38.413,604984.0000,1999.9000,
	2026/04/30 11:56:22	,	706286	,	2237	,10.503174,1999.9000,-3.53510284,-797.7113,595049.0000,38.417,605106.2500,1999.9000,
	2026/04/30 11:56:22	,	707286	,	2238	,10.501927,1999.9000,-3.51524401,-796.9430,594847.0000,38.419,605106.2500,1999.9000,
	2026/04/30 11:56:22	,	708286	,	2239	,10.496993,1999.9000,-3.49162889,-796.3027,594847.0000,38.422,605106.2500,1999.9000,
	2026/04/30 11:56:22	,	709286	,	2240	,10.495623,1999.9000,-3.46403694,-795.6697,594847.0000,38.423,605106.2500,1999.9000,
	2026/04/30 11:56:22	,	710286	,	2241	,10.491452,1999.9000,-3.46403694,-794.7444,594847.0000,38.425,605106.2500,1999.9000,
	2026/04/30 11:56:22	,	711286	,	2242	,10.489903,1999.9000,-3.39718771,-793.9733,594847.0000,38.426,605007.8750,1999.9000,
	2026/04/30 11:56:22	,	712286	,	2243	,10.485226,1999.9000,-3.36212158,-793.3306,594942.3750,38.427,604916.6250,1999.9000,
	2026/04/30 11:56:22	,	713286	,	2244	,10.483677,1999.9000,-3.32609057,-793.8893,594965.8750,38.428,604834.5000,1999.9000,
	2026/04/30 11:56:22	,	714286	,	2245	,10.478435,1999.9000,-3.28813767,-794.5538,594979.6250,38.429,604804.9375,1999.9000,
	2026/04/30 11:56:22	,	715286	,	2246	,10.476722,1999.9000,-3.24387598,-795.2071,595068.6875,38.426,604787.0000,1999.9000,
	2026/04/30 11:56:22	,	716286	,	2247	,10.471226,1999.9000,-3.18734384,-795.7515,595307.0000,38.424,604778.0625,1999.9000,
	2026/04/30 11:56:22	,	717286	,	2248	,10.469453,1999.9000,-3.11757636,-796.6030,595544.7500,38.421,604772.6875,1999.9000,
	2026/04/30 11:56:22	,	718286	,	2249	,10.463838,1999.9000,-3.03118348,-797.4121,595544.7500,38.414,604769.0625,1999.9000,
	2026/04/30 11:56:22	,	719286	,	2250	,10.459400,1999.9000,-2.92608500,-798.1859,595544.7500,38.408,604766.1250,1999.9000,
	2026/04/30 11:56:22	,	720286	,	2251	,10.457479,1999.9000,-2.80379987,-799.0295,595544.7500,38.403,604769.6250,1999.9000,
	2026/04/30 11:56:22	,	721286	,	2252	,10.451715,1999.9000,-2.66411400,-799.7326,595544.7500,38.398,604782.2500,1999.9000,
	2026/04/30 11:56:22	,	722286	,	2253	,10.447126,1999.9000,-2.50719094,-800.4180,595437.5000,38.395,604891.3125,1999.9000,
	2026/04/30 11:56:22	,	723286	,	2254	,10.442867,1999.9000,-2.33589864,-800.9891,595413.9375,38.392,604913.0625,1999.9000,
	2026/04/30 11:56:22	,	724286	,	2255	,10.441006,1999.9000,-2.15352011,-801.4651,595399.9375,38.388,604938.4375,1999.9000,
	2026/04/30 11:56:22	,	725286	,	2256	,10.434974,1999.9000,-1.96470726,-801.7623,595382.6875,38.385,604956.6875,1999.9000,
	2026/04/30 11:56:22	,	726286	,	2257	,10.430534,1999.9000,-1.96470726,-801.8110,595136.0000,38.382,604967.6250,1999.9000,
	2026/04/30 11:56:22	,	727286	,	2258	,10.428583,1999.9000,-1.77444470,-801.4537,594854.1875,38.380,604974.9375,1999.9000,
	2026/04/30 11:56:22	,	728286	,	2259	,10.422313,1999.9000,-1.58210242,-798.2711,594854.1875,38.378,604981.0625,1999.9000,
	2026/04/30 11:56:22	,	729286	,	2260	,10.420332,1999.9000,-1.39118457,-794.4253,594854.1875,38.376,604986.1250,1999.9000,
	2026/04/30 11:56:22	,	730286	,	2261	,10.414390,1999.9000,-1.20549738,-791.0215,594854.1875,38.375,604978.3125,1999.9000,
	2026/04/30 11:56:22	,	731286	,	2262	,10.410278,1999.9000,-1.02316964,-787.6876,594854.1875,38.374,604871.3750,1999.9000,
	2026/04/30 11:56:22	,	732286	,	2263	,10.406168,1999.9000,-0.85006213,-784.5116,594861.5000,38.370,604849.3750,1999.9000,
	2026/04/30 11:56:22	,	733286	,	2264	,10.404186,1999.9000,-0.69935334,-781.8649,594942.3750,38.362,604838.7500,1999.9000,
	2026/04/30 11:56:22	,	734286	,	2265	,10.398244,1999.9000,-0.57457882,-779.6591,594949.2500,38.358,604828.9375,1999.9000,
	2026/04/30 11:56:22	,	735286	,	2266	,10.394222,1999.9000,-0.47042567,-777.8211,594963.2500,38.357,604737.3125,1999.9000,
	2026/04/30 11:56:22	,	736286	,	2267	,10.389874,1999.9000,-0.37859374,-776.2895,595187.2500,38.356,604700.7500,1999.9000,
	2026/04/30 11:56:22	,	737286	,	2268	,10.385762,1999.9000,-0.28869656,-774.9136,595483.9375,38.355,604688.5625,1999.9000,
	2026/04/30 11:56:22	,	738286	,	2269	,10.381742,1999.9000,-0.19990864,-773.5682,595483.9375,38.354,604682.5000,1999.9000,
	2026/04/30 11:56:22	,	739286	,	2270	,10.379761,1999.9000,-0.11213539,-772.4469,595483.9375,38.353,604678.8125,1999.9000,
	2026/04/30 11:56:22	,	740286	,	2271	,10.373847,1999.9000,-0.02702805,-772.1093,595483.9375,38.357,604676.3750,1999.9000,
	2026/04/30 11:56:22	,	741286	,	2272	,10.372105,1999.9000,0.04482537,-772.0269,595483.9375,38.362,604679.1250,1999.9000,
	2026/04/30 11:56:22	,	742286	,	2273	,10.366788,1999.9000,0.09613303,-771.9583,595474.9375,38.366,604690.1250,1999.9000,
	2026/04/30 11:56:22	,	743286	,	2274	,10.365060,1999.9000,0.13085917,-771.9011,595354.0625,38.370,604786.7500,1999.9000,
	2026/04/30 11:56:22	,	744286	,	2275	,10.359728,1999.9000,0.15435444,-772.8482,595340.1250,38.372,604816.3125,1999.9000,
	2026/04/30 11:56:22	,	745286	,	2276	,10.358209,1999.9000,0.17085405,-775.0300,595330.6250,38.375,604917.8750,1999.9000,
	2026/04/30 11:56:22	,	746286	,	2277	,10.353710,1999.9000,0.18499029,-777.2462,595187.8125,38.375,604949.3125,1999.9000,
	2026/04/30 11:56:22	,	747286	,	2278	,10.352236,1999.9000,0.19816229,-779.2919,594925.1250,38.377,605040.5000,1999.9000,
	2026/04/30 11:56:22	,	748286	,	2279	,10.348050,1999.9000,0.21241824,-781.8920,594906.9375,38.378,605040.5000,1999.9000,
	2026/04/30 11:56:22	,	749286	,	2280	,10.346396,1999.9000,0.22219326,-784.3571,594900.8750,38.377,605040.5000,1999.9000,
	2026/04/30 11:56:22	,	750286	,	2281	,10.342331,1999.9000,0.22316070,-786.5109,594897.8750,38.374,605040.5000,1999.9000,
	2026/04/30 11:56:22	,	751286	,	2282	,10.341228,1999.9000,0.22351044,-788.3057,594896.0625,38.370,605040.5000,1999.9000,
	2026/04/30 11:56:22	,	752286	,	2283	,10.339968,1999.9000,0.22382557,-789.9009,594894.8125,38.366,605035.6250,1999.9000,
	2026/04/30 11:56:22	,	753286	,	2284	,10.335003,1999.9000,0.22786540,-793.7305,594906.1875,38.363,605023.1875,1999.9000,
	2026/04/30 11:56:22	,	754286	,	2285	,10.333916,1999.9000,0.22877923,-793.7305,594988.2500,38.363,605023.1875,1999.9000,
	2026/04/30 11:56:22	,	755286	,	2286	,10.332799,1999.9000,0.22914894,-795.3168,594995.0625,38.361,604902.7500,1999.9000,
	2026/04/30 11:56:22	,	756286	,	2287	,10.328331,1999.9000,0.23851639,-796.6386,595146.1250,38.359,604869.8125,1999.9000,
	2026/04/30 11:56:22	,	757286	,	2288	,10.327362,1999.9000,0.25180182,-797.8397,595435.1250,38.357,604775.9375,1999.9000,
	2026/04/30 11:56:22	,	758286	,	2289	,10.326464,1999.9000,0.25408959,-799.0395,595562.0000,38.356,604758.6875,1999.9000,
	2026/04/30 11:56:22	,	759286	,	2290	,10.325724,1999.9000,0.25408959,-799.8405,595562.0000,38.355,604745.8750,1999.9000,
	2026/04/30 11:56:22	,	760286	,	2291	,10.325001,1999.9000,0.25408953,-800.2094,595562.0000,38.359,604731.5625,1999.9000,
	2026/04/30 11:56:22	,	761286	,	2292	,10.320973,1999.9000,0.25408959,-800.5168,595562.0000,38.362,604722.9375,1999.9000,
	2026/04/30 11:56:22	,	762286	,	2293	,10.320645,1999.9000,0.25425979,-800.7731,595562.0000,38.364,604717.1875,1999.9000,
	2026/04/30 11:56:22	,	763286	,	2294	,10.320427,1999.9000,0.25423145,-800.9866,595470.8750,38.370,604712.3750,1999.9000,
	2026/04/30 11:56:22	,	764286	,	2295	,10.320162,1999.9000,0.25416684,-801.1646,595451.7500,38.374,604708.3750,1999.9000,
	2026/04/30 11:56:22	,	765286	,	2296	,10.319864,1999.9000,0.25122198,-801.3129,595438.6250,38.378,604711.4375,1999.9000,
	2026/04/30 11:56:22	,	766286	,	2297	,10.319618,1999.9000,0.25115898,-801.3370,595318.9375,38.378,604804.8750,1999.9000,
	2026/04/30 11:56:22	,	767286	,	2298	,10.319397,1999.9000,0.25074720,-801.3571,595080.0000,38.378,604842.6875,1999.9000,
	2026/04/30 11:56:22	,	768286	,	2299	,10.319198,1999.9000,0.24351417,-801.3738,594877.3750,38.378,604944.4375,1999.9000,
	2026/04/30 11:56:22	,	769286	,	2300	,10.319033,1999.9000,0.23516986,-801.3878,594877.3750,38.376,604944.4375,1999.9000,
	2026/04/30 11:56:22	,	770286	,	2301	,10.318854,1999.9000,0.22584234,-801.3994,594877.3750,38.375,604944.4375,1999.9000,
	2026/04/30 11:56:22	,	771286	,	2302	,10.318706,1999.9000,0.22295582,-801.2101,594877.3750,38.374,604944.4375,1999.9000,
	2026/04/30 11:56:22	,	772286	,	2303	,10.318582,1999.9000,0.22295582,-800.9530,594877.3750,38.373,604944.4375,1999.9000,
	2026/04/30 11:56:22	,	773286	,	2304	,10.318478,1999.9000,0.22295582,-800.8381,594975.1250,38.372,604932.3125,1999.9000,
	2026/04/30 11:56:22	,	774286	,	2305	,10.318432,1999.9000,0.22295582,-800.9413,594999.5625,38.373,604804.8750,1999.9000,
	2026/04/30 11:56:22	,	775286	,	2306	,10.318433,1999.9000,0.22295582,-800.7289,595012.3125,38.374,604773.7500,1999.9000,
	2026/04/30 11:56:22	,	776286	,	2307	,10.318633,1999.9000,0.22685072,-800.5519,595102.6250,38.374,604691.9375,1999.9000,
	2026/04/30 11:56:22	,	777286	,	2308	,10.318994,1999.9000,0.22685072,-800.0065,595345.1250,38.375,604662.9375,1999.9000,
	2026/04/30 11:56:22	,	778286	,	2309	,10.319517,1999.9000,0.22685067,-799.4526,595610.8750,38.375,604643.3750,1999.9000,
	2026/04/30 11:56:22	,	779286	,	2310	,10.323653,1999.9000,0.22685072,-798.9909,595610.8750,38.377,604633.6250,1999.9000,
	2026/04/30 11:56:22	,	780286	,	2311	,10.323653,1999.9000,0.22685072,-798.6062,595610.8750,38.379,604627.7500,1999.9000,
	2026/04/30 11:56:22	,	781286	,	2312	,10.324517,1999.9000,0.21679208,-798.2856,595610.8750,38.380,604623.8750,1999.9000,
	2026/04/30 11:56:22	,	782286	,	2313	,10.325381,1999.9000,0.20527138,-798.0185,595610.8750,38.380,604620.5625,1999.9000,
	2026/04/30 11:56:22	,	783286	,	2314	,10.326357,1999.9000,0.19605099,-797.7959,595499.4375,38.379,604629.2500,1999.9000,
	2026/04/30 11:56:22	,	784286	,	2315	,10.331756,1999.9000,0.19005111,-797.7098,595470.3125,38.380,604719.1875,1999.9000,
	2026/04/30 11:56:22	,	785286	,	2316	,10.332888,1999.9000,0.18453023,-797.9366,595454.0000,38.381,604751.7500,1999.9000,
	2026/04/30 11:56:22	,	786286	,	2317	,10.337058,1999.9000,0.17675307,-798.1255,595368.9375,38.381,604873.8125,1999.9000,
	2026/04/30 11:56:22	,	787286	,	2318	,10.338518,1999.9000,0.16348657,-798.2830,595164.5625,38.382,604964.9375,1999.9000,
	2026/04/30 11:56:22	,	788286	,	2319	,10.342689,1999.9000,0.14405632,-798.1157,594879.8125,38.384,605065.8125,1999.9000,
	2026/04/30 11:56:22	,	789286	,	2320	,10.344014,1999.9000,0.12484038,-798.0759,594879.8125,38.383,605065.8125,1999.9000,
	2026/04/30 11:56:22	,	790286	,	2321	,10.348200,1999.9000,0.10910964,-798.2415,594879.8125,38.381,605065.8125,1999.9000,
	2026/04/30 11:56:22	,	791286	,	2322	,10.349898,1999.9000,0.09810567,-798.3796,594879.8125,38.383,605065.8125,1999.9000,
	2026/04/30 11:56:22	,	792286	,	2323	,10.354961,1999.9000,0.09716662,-798.2958,594879.8125,38.387,605065.8125,1999.9000,
	2026/04/30 11:56:22	,	793286	,	2324	,10.356600,1999.9000,0.09650278,-798.1265,594892.9375,38.390,605059.9375,1999.9000,
	2026/04/30 11:56:22	,	794286	,	2325	,10.361723,1999.9000,0.09609681,-797.9853,595019.8125,38.394,604943.2500,1999.9000,
	2026/04/30 11:56:22	,	795286	,	2326	,10.363719,1999.9000,0.09569818,-797.8677,595026.3750,38.397,604856.2500,1999.9000,
	2026/04/30 11:56:22	,	796286	,	2327	,10.369885,1999.9000,0.09001974,-797.7697,595037.6875,38.399,604768.0625,1999.9000,
	2026/04/30 11:56:22	,	797286	,	2328	,10.374056,1999.9000,0.08221108,-797.7874,595262.3125,38.400,604679.2500,1999.9000,
	2026/04/30 11:56:22	,	798286	,	2329	,10.375962,1999.9000,0.07595912,-797.7028,595568.5625,38.402,604679.2500,1999.9000,
	2026/04/30 11:56:22	,	799286	,	2330	,10.381324,1999.9000,0.06897609,-797.6323,595568.5625,38.404,604679.2500,1999.9000,
	2026/04/30 11:56:22	,	800286	,	2331	,10.385613,1999.9000,0.06121156,-797.5735,595568.5625,38.406,604679.2500,1999.9000,
	2026/04/30 11:56:22	,	801286	,	2332	,10.387594,1999.9000,0.05299954,-797.6240,595568.5625,38.407,604679.2500,1999.9000,
	2026/04/30 11:56:22	,	802286	,	2333	,10.393686,1999.9000,0.04285903,-797.6661,595568.5625,38.408,604679.8750,1999.9000,
	2026/04/30 11:56:22	,	803286	,	2334	,10.398065,1999.9000,0.03105468,-797.8007,595558.5000,38.406,604785.5625,1999.9000,
	2026/04/30 11:56:22	,	804286	,	2335	,10.402414,1999.9000,0.01827974,-797.9128,595558.5000,38.405,604888.2500,1999.9000,
	2026/04/30 11:56:22	,	805286	,	2336	,10.406734,1999.9000,0.00367083,-798.0061,595427.9375,38.403,604927.2500,1999.9000,
	2026/04/30 11:56:22	,	806286	,	2337	,10.410845,1999.9000,-0.01291072,-798.0840,595414.8125,38.402,605032.6250,1999.9000,
	2026/04/30 11:56:22	,	807286	,	2338	,10.415074,1999.9000,-0.03242289,-798.1488,595402.3125,38.401,605064.0625,1999.9000,
	2026/04/30 11:56:22	,	808286	,	2339	,10.419483,1999.9000,-0.05835090,-798.2028,595239.0625,38.398,605087.1875,1999.9000,
	2026/04/30 11:56:22	,	809286	,	2340	,10.423743,1999.9000,-0.08739856,-797.6511,594982.8750,38.395,605098.7500,1999.9000,
	2026/04/30 11:56:22	,	810286	,	2341	,10.427765,1999.9000,-0.11704496,-795.3012,594948.3125,38.386,605105.6875,1999.9000,
	2026/04/30 11:56:22	,	811286	,	2342	,10.429701,1999.9000,-0.14628170,-793.2435,594936.7500,38.378,605110.3125,1999.9000,
	2026/04/30 11:56:22	,	812286	,	2343	,10.435361,1999.9000,-0.17466131,-791.1310,594931.0000,38.378,605114.1250,1999.9000,
	2026/04/30 11:56:22	,	813286	,	2344	,10.439590,1999.9000,-0.20484340,-789.1715,594927.5625,38.378,605106.6875,1999.9000,
	2026/04/30 11:56:22	,	814286	,	2345	,10.441542,1999.9000,-0.24117032,-787.4391,594925.3125,38.383,604987.3125,1999.9000,
	2026/04/30 11:56:22	,	815286	,	2346	,10.447306,1999.9000,-0.28811044,-785.8961,594936.5625,38.386,604949.5625,1999.9000,
	2026/04/30 11:56:22	,	816286	,	2347	,10.449257,1999.9000,-0.35080650,-784.6101,595022.2500,38.389,604841.7500,1999.9000,
	2026/04/30 11:56:22	,	817286	,	2348	,10.455408,1999.9000,-0.43046859,-783.5385,595029.9375,38.394,604812.1250,1999.9000,
	2026/04/30 11:56:22	,	818286	,	2349	,10.457300,1999.9000,-0.52257156,-782.6455,595151.5000,38.397,604724.0000,1999.9000,
	2026/04/30 11:56:22	,	819286	,	2350	,10.462885,1999.9000,-0.62847048,-782.0009,595430.3125,38.400,604724.0000,1999.9000,
	2026/04/30 11:56:22	,	820286	,	2351	,10.464746,1999.9000,-0.75103915,-781.5630,595523.8750,38.402,604724.0000,1999.9000,
	2026/04/30 11:56:22	,	821286	,	2352	,10.470094,1999.9000,-0.89204228,-781.8946,595523.8750,38.406,604724.0000,1999.9000,
	2026/04/30 11:56:22	,	822286	,	2353	,10.471776,1999.9000,-1.05416477,-782.1708,595523.8750,38.412,604724.0000,1999.9000,
	2026/04/30 11:56:22	,	823286	,	2354	,10.476826,1999.9000,-1.23725510,-782.4011,595523.8750,38.418,604735.0625,1999.9000,
	2026/04/30 11:56:22	,	824286	,	2355	,10.478182,1999.9000,-1.43706584,-782.5930,595523.8750,38.419,604876.1875,1999.9000,
	2026/04/30 11:56:22	,	825286	,	2356	,10.482307,1999.9000,-1.64990342,-782.7528,595422.0000,38.420,604911.5000,1999.9000,
	2026/04/30 11:56:22	,	826286	,	2357	,10.483723,1999.9000,-1.87315261,-782.8861,595400.8750,38.419,605027.8125,1999.9000,
	2026/04/30 11:56:22	,	827286	,	2358	,10.488145,1999.9000,-2.10548353,-781.9029,595388.2500,38.418,605111.7500,1999.9000,
	2026/04/30 11:56:22	,	828286	,	2359	,10.489635,1999.9000,-2.34876800,-780.8847,595263.5625,38.417,605202.3125,1999.9000,
	2026/04/30 11:56:22	,	829286	,	2360	,10.493924,1999.9000,-2.59906697,-779.8372,595010.8750,38.417,605287.5000,1999.9000,
	2026/04/30 11:56:22	,	830286	,	2361	,10.495101,1999.9000,-2.84930301,-778.8648,594794.0000,38.416,605303.5000,1999.9000,
	2026/04/30 11:56:22	,	831286	,	2362	,10.496307,1999.9000,-3.09583306,-778.0544,594794.0000,38.408,605308.8125,1999.9000,
	2026/04/30 11:56:22	,	832286	,	2363	,10.501103,1999.9000,-3.33473754,-777.3792,594794.0000,38.402,605311.5000,1999.9000,
	2026/04/30 11:56:22	,	833286	,	2364	,10.502250,1999.9000,-3.56351399,-776.8165,594794.0000,38.396,605313.1250,1999.9000,
	2026/04/30 11:56:22	,	834286	,	2365	,10.503338,1999.9000,-3.78281784,-776.6459,594794.0000,38.396,605314.1250,1999.9000,
	2026/04/30 11:56:22	,	835286	,	2366	,10.507627,1999.9000,-3.99067020,-777.2996,594887.5000,38.391,605308.3750,1999.9000,
	2026/04/30 11:56:22	,	836286	,	2367	,10.508580,1999.9000,-4.17790174,-778.2422,594905.3750,38.392,605204.7500,1999.9000,
	2026/04/30 11:56:22	,	837286	,	2368	,10.509474,1999.9000,-4.32841492,-779.3262,594914.9375,38.396,605058.0000,1999.9000,
	2026/04/30 11:56:22	,	838286	,	2369	,10.510241,1999.9000,-4.39687777,-781.1248,595022.2500,38.399,604906.3750,1999.9000,
	2026/04/30 11:56:22	,	839286	,	2370	,10.510921,1999.9000,-4.39687777,-784.4140,595292.0625,38.403,604796.5000,1999.9000,
	2026/04/30 11:56:22	,	840286	,	2371	,10.511528,1999.9000,-4.39687777,-784.4140,595547.7500,38.406,604796.5000,1999.9000,
	2026/04/30 11:56:22	,	841286	,	2372	,10.512119,1999.9000,-4.39687777,-790.9977,595547.7500,38.409,604796.5000,1999.9000,
	2026/04/30 11:56:22	,	842286	,	2373	,10.512720,1999.9000,-4.39687777,-794.5316,595547.7500,38.410,604796.5000,1999.9000,
	2026/04/30 11:56:22	,	843286	,	2374	,10.513282,1999.9000,-4.32446957,-797.5759,595547.7500,38.411,604796.5000,1999.9000,
	2026/04/30 11:56:22	,	844286	,	2375	,10.513794,1999.9000,-4.24265814,-800.7096,595547.7500,38.411,604805.4375,1999.9000,
	2026/04/30 11:56:22	,	845286	,	2376	,10.514227,1999.9000,-4.15955496,-803.3211,595409.5000,38.404,604903.3750,1999.9000,
	2026/04/30 11:56:22	,	846286	,	2377	,10.514600,1999.9000,-4.08259058,-805.4974,595409.5000,38.397,604935.3125,1999.9000,
	2026/04/30 11:56:22	,	847286	,	2378	,10.514913,1999.9000,-4.01579762,-807.3109,595394.9375,38.389,605020.5625,1999.9000,
	2026/04/30 11:56:22	,	848286	,	2379	,10.515173,1999.9000,-3.96148396,-808.8221,595378.3125,38.382,605020.5625,1999.9000,
	2026/04/30 11:56:22	,	849286	,	2380	,10.515389,1999.9000,-3.91787767,-808.8878,595147.3125,38.377,605020.5625,1999.9000,
	2026/04/30 11:56:22	,	850286	,	2381	,10.515554,1999.9000,-3.87831783,-808.8431,594870.2500,38.374,605020.5625,1999.9000,
	2026/04/30 11:56:22	,	851286	,	2382	,10.515683,1999.9000,-3.84034610,-808.5074,594870.2500,38.373,605020.5625,1999.9000,
	2026/04/30 11:56:22	,	852286	,	2383	,10.515681,1999.9000,-3.80298567,-807.7303,594870.2500,38.372,605019.4375,1999.9000,
	2026/04/30 11:56:22	,	853286	,	2384	,10.515546,1999.9000,-3.76518369,-806.9833,594870.2500,38.376,605009.2500,1999.9000,
	2026/04/30 11:56:22	,	854286	,	2385	,10.515273,1999.9000,-3.72919726,-805.7639,594870.2500,38.379,604896.7500,1999.9000,
	2026/04/30 11:56:22	,	855286	,	2386	,10.514789,1999.9000,-3.69612861,-804.5488,594881.6250,38.382,604872.5625,1999.9000,
	2026/04/30 11:56:22	,	856286	,	2387	,10.510785,1999.9000,-3.66505790,-803.5363,594985.8750,38.384,604847.0000,1999.9000,
	2026/04/30 11:56:22	,	857286	,	2388	,10.510040,1999.9000,-3.63546824,-802.6924,594990.6250,38.388,604746.3125,1999.9000,
	2026/04/30 11:56:22	,	858286	,	2389	,10.509157,1999.9000,-3.60497093,-801.9892,595001.1875,38.391,604725.5000,1999.9000,
	2026/04/30 11:56:22	,	859286	,	2390	,10.508238,1999.9000,-3.57137942,-801.4033,595207.5000,38.392,604718.5625,1999.9000,
	2026/04/30 11:56:22	,	860286	,	2391	,10.503516,1999.9000,-3.53875184,-801.1139,595514.9375,38.392,604715.0000,1999.9000,
	2026/04/30 11:56:22	,	861286	,	2392	,10.502280,1999.9000,-3.50781322,-800.8727,595514.9375,38.387,604713.0000,1999.9000,
	2026/04/30 11:56:22	,	862286	,	2393	,10.500985,1999.9000,-3.47834992,-800.6718,595514.9375,38.382,604711.6250,1999.9000,
	2026/04/30 11:56:22	,	863286	,	2394	,10.495324,1999.9000,-3.45100379,-800.5043,595514.9375,38.384,604712.5000,1999.9000,
	2026/04/30 11:56:22	,	864286	,	2395	,10.493820,1999.9000,-3.42460299,-800.3647,595514.9375,38.386,604725.3750,1999.9000,
	2026/04/30 11:56:22	,	865286	,	2396	,10.489337,1999.9000,-3.39772367,-800.2485,595506.5000,38.389,604854.4375,1999.9000,
	2026/04/30 11:56:22	,	866286	,	2397	,10.487818,1999.9000,-3.37003064,-800.1516,595391.6250,38.392,604882.2500,1999.9000,
	2026/04/30 11:56:22	,	867286	,	2398	,10.483201,1999.9000,-3.34119105,-800.0709,595380.2500,38.394,604966.1875,1999.9000,
	2026/04/30 11:56:22	,	868286	,	2399	,10.481606,1999.9000,-3.31163311,-799.9041,595366.7500,38.396,604992.1875,1999.9000,
	2026/04/30 11:56:22	,	869286	,	2400	,10.476707,1999.9000,-3.28143191,-799.6656,595212.3125,38.399,605092.4375,1999.9000,
	2026/04/30 11:56:22	,	870286	,	2401	,10.475053,1999.9000,-3.24168921,-799.4669,594954.2500,38.402,605092.4375,1999.9000,
	2026/04/30 11:56:22	,	871286	,	2402	,10.469677,1999.9000,-3.18550348,-799.3013,594915.5625,38.404,605092.4375,1999.9000,
	2026/04/30 11:56:22	,	872286	,	2403	,10.467681,1999.9000,-3.10904312,-799.3622,594902.6875,38.405,605092.4375,1999.9000,
	2026/04/30 11:56:22	,	873286	,	2404	,10.461843,1999.9000,-3.00933957,-800.0098,594896.2500,38.407,605092.4375,1999.9000,
	2026/04/30 11:56:22	,	874286	,	2405	,10.457523,1999.9000,-2.88787365,-800.7485,594892.3750,38.407,605080.0625,1999.9000,
	2026/04/30 11:56:22	,	875286	,	2406	,10.453263,1999.9000,-2.74804902,-801.6624,594889.8125,38.408,604950.5000,1999.9000,
	2026/04/30 11:56:22	,	876286	,	2407	,10.451267,1999.9000,-2.59091806,-802.7225,594902.7500,38.401,604917.8750,1999.9000,
	2026/04/30 11:56:22	,	877286	,	2408	,10.445339,1999.9000,-2.41832733,-803.6059,595001.9375,38.396,604814.6250,1999.9000,
	2026/04/30 11:56:22	,	878286	,	2409	,10.440930,1999.9000,-2.23241353,-804.3421,595010.5625,38.387,604781.3125,1999.9000,
	2026/04/30 11:56:22	,	879286	,	2410	,10.436641,1999.9000,-2.03424788,-804.9556,595146.1250,38.373,604679.8750,1999.9000,
	2026/04/30 11:56:22	,	880286	,	2411	,10.434675,1999.9000,-1.83163249,-805.4667,595441.0625,38.361,604667.7500,1999.9000,
	2026/04/30 11:56:22	,	881286	,	2412	,10.428151,1999.9000,-1.62969172,-803.6047,595521.5000,38.358,604663.7500,1999.9000,
	2026/04/30 11:56:22	,	882286	,	2413	,10.423773,1999.9000,-1.43126762,-800.4617,595521.5000,38.355,604661.7500,1999.9000,
	2026/04/30 11:56:22	,	883286	,	2414	,10.419513,1999.9000,-1.24076557,-796.9471,595521.5000,38.357,604660.5625,1999.9000,
	2026/04/30 11:56:22	,	884286	,	2415	,10.417547,1999.9000,-1.05866456,-793.4214,595521.5000,38.359,604659.8125,1999.9000,
	2026/04/30 11:56:22	,	885286	,	2416	,10.411619,1999.9000,-0.88500255,-789.5881,595521.5000,38.362,604667.6250,1999.9000,
	2026/04/30 11:56:22	,	886286	,	2417	,10.409623,1999.9000,-0.72964251,-786.3937,595410.6875,38.365,604751.7500,1999.9000,
	2026/04/30 11:56:22	,	887286	,	2418	,10.403517,1999.9000,-0.60012233,-783.7317,595387.7500,38.368,604786.7500,1999.9000,
	2026/04/30 11:56:22	,	888286	,	2419	,10.399435,1999.9000,-0.49407849,-781.5134,595373.7500,38.371,604900.9375,1999.9000,
	2026/04/30 11:56:22	,	889286	,	2420	,10.397499,1999.9000,-0.40735146,-779.4658,595260.5625,38.374,604994.5625,1999.9000,
	2026/04/30 11:56:22	,	890286	,	2421	,10.391572,1999.9000,-0.32986370,-779.4658,595009.1250,38.375,604994.5625,1999.9000,
	2026/04/30 11:56:22	,	891286	,	2422	,10.387490,1999.9000,-0.25296208,-777.5605,594825.6250,38.375,604994.5625,1999.9000,
	2026/04/30 11:56:22	,	892286	,	2423	,10.383349,1999.9000,-0.17353317,-776.1718,594825.6250,38.375,604994.5625,1999.9000,
	2026/04/30 11:56:22	,	893286	,	2424	,10.381488,1999.9000,-0.09032916,-775.4124,594825.6250,38.376,604994.5625,1999.9000,
	2026/04/30 11:56:22	,	894286	,	2425	,10.375515,1999.9000,-0.01016920,-774.7795,594825.6250,38.374,604991.8125,1999.9000,
	2026/04/30 11:56:22	,	895286	,	2426	,10.373683,1999.9000,0.05370541,-774.2521,594825.6250,38.373,604902.1875,1999.9000,
	2026/04/30 11:56:22	,	896286	,	2427	,10.368396,1999.9000,0.09922121,-773.8126,594925.6250,38.371,604868.3750,1999.9000,
	2026/04/30 11:56:22	,	897286	,	2428	,10.366475,1999.9000,0.13133815,-773.4464,594949.5000,38.371,604732.3750,1999.9000,
	2026/04/30 11:56:22	,	898286	,	2429	,10.361455,1999.9000,0.15466323,-773.1412,594960.8750,38.370,604637.5625,1999.9000,
	2026/04/30 11:56:22	,	899286	,	2430	,10.359847,1999.9000,0.17680979,-772.9865,595057.9375,38.370,604604.3750,1999.9000,
	2026/04/30 11:56:22	,	900286	,	2431	,10.355021,1999.9000,0.20107396,-774.0511,595315.3125,38.370,604593.3125,1999.9000,
	2026/04/30 11:56:22	,	901286	,	2432	,10.353487,1999.9000,0.22602510,-776.5299,595565.0000,38.369,604587.7500,1999.9000,
	2026/04/30 11:56:22	,	902286	,	2433	,10.349004,1999.9000,0.23809417,-779.7892,595565.0000,38.369,604584.3750,1999.9000,
	2026/04/30 11:56:22	,	903286	,	2434	,10.347708,1999.9000,0.23809417,-783.5001,595565.0000,38.377,604582.2500,1999.9000,
	2026/04/30 11:56:22	,	904286	,	2435	,10.346422,1999.9000,0.23809417,-786.5925,595565.0000,38.389,604592.8750,1999.9000,
	2026/04/30 11:56:22	,	905286	,	2436	,10.340812,1999.9000,0.23809417,-789.1694,595565.0000,38.399,604765.0625,1999.9000,
	2026/04/30 11:56:22	,	906286	,	2437	,10.339412,1999.9000,0.23809421,-791.6153,595452.3750,38.411,604863.5000,1999.9000,
	2026/04/30 11:56:22	,	907286	,	2438	,10.338180,1999.9000,0.23809421,-793.7530,595424.0625,38.421,604955.3125,1999.9000,
	2026/04/30 11:56:22	,	908286	,	2439	,10.333216,1999.9000,0.23809421,-795.7333,595409.6250,38.429,604993.1250,1999.9000,
	2026/04/30 11:56:22	,	909286	,	2440	,10.332262,1999.9000,0.23809421,-797.3837,595390.3750,38.436,605103.3125,1999.9000,
	2026/04/30 11:56:22	,	910286	,	2441	,10.331270,1999.9000,0.23809421,-798.7590,595155.0625,38.438,605103.3125,1999.9000,
	2026/04/30 11:56:22	,	911286	,	2442	,10.330356,1999.9000,0.23809421,-799.6066,594891.1250,38.440,605103.3125,1999.9000,
	2026/04/30 11:56:22	,	912286	,	2443	,10.325441,1999.9000,0.23808578,-800.6114,594891.1250,38.441,605103.3125,1999.9000,
	2026/04/30 11:56:22	,	913286	,	2444	,10.324488,1999.9000,0.23831306,-801.4487,594891.1250,38.439,605103.3125,1999.9000,
	2026/04/30 11:56:22	,	914286	,	2445	,10.323833,1999.9000,0.23851188,-801.8481,594891.1250,38.433,605103.3125,1999.9000,
	2026/04/30 11:56:22	,	915286	,	2446	,10.323400,1999.9000,0.23875211,-802.1808,594891.1250,38.429,605089.8750,1999.9000,
	2026/04/30 11:56:22	,	916286	,	2447	,10.323004,1999.9000,0.24199530,-802.3587,594996.0000,38.425,604870.7500,1999.9000,
	2026/04/30 11:56:22	,	917286	,	2448	,10.322566,1999.9000,0.24217811,-802.4075,595025.5000,38.421,604724.6250,1999.9000,
	2026/04/30 11:56:22	,	918286	,	2449	,10.322067,1999.9000,0.24594061,-802.2491,595042.6875,38.416,604614.6250,1999.9000,
	2026/04/30 11:56:22	,	919286	,	2450	,10.321492,1999.9000,0.25396982,-801.9183,595058.6250,38.409,604592.0000,1999.9000,
	2026/04/30 11:56:22	,	920286	,	2451	,10.320925,1999.9000,0.26221964,-801.6425,595288.5625,38.404,604582.0625,1999.9000,
	2026/04/30 11:56:22	,	921286	,	2452	,10.320445,1999.9000,0.26221964,-801.3133,595568.0000,38.398,604577.1250,1999.9000,
	2026/04/30 11:56:22	,	922286	,	2453	,10.320031,1999.9000,0.26221964,-800.9395,595568.0000,38.395,604574.1250,1999.9000,
	2026/04/30 11:56:22	,	923286	,	2454	,10.319687,1999.9000,0.26221964,-800.6279,595568.0000,38.392,604572.1250,1999.9000,
	2026/04/30 11:56:22	,	924286	,	2455	,10.319390,1999.9000,0.26221964,-800.3682,595568.0000,38.389,604570.5000,1999.9000,
	2026/04/30 11:56:22	,	925286	,	2456	,10.319142,1999.9000,0.25691935,-800.1519,595568.0000,38.387,604575.4375,1999.9000,
	2026/04/30 11:56:22	,	926286	,	2457	,10.318945,1999.9000,0.24444696,-799.9716,595559.1875,38.386,604682.3125,1999.9000,
	2026/04/30 11:56:22	,	927286	,	2458	,10.318782,1999.9000,0.23039892,-799.5137,595433.9375,38.392,604817.0000,1999.9000,
	2026/04/30 11:56:22	,	928286	,	2459	,10.318645,1999.9000,0.23039892,-799.5137,595417.5000,38.397,604817.0000,1999.9000,
	2026/04/30 11:56:22	,	929286	,	2460	,10.318587,1999.9000,0.22979076,-798.8430,595406.7500,38.402,604845.6250,1999.9000,
	2026/04/30 11:56:22	,	930286	,	2461	,10.318587,1999.9000,0.22690114,-798.1846,595255.8125,38.405,604939.0000,1999.9000,
	2026/04/30 11:56:22	,	931286	,	2462	,10.318890,1999.9000,0.22036554,-797.7354,594993.6250,38.408,604948.6875,1999.9000,
	2026/04/30 11:56:22	,	932286	,	2463	,10.319346,1999.9000,0.21294765,-797.8583,594968.5625,38.411,604951.8750,1999.9000,
	2026/04/30 11:56:22	,	933286	,	2464	,10.319984,1999.9000,0.20479235,-797.9608,594960.1875,38.413,604953.5000,1999.9000,
	2026/04/30 11:56:22	,	934286	,	2465	,10.324636,1999.9000,0.19511190,-798.0462,594956.0625,38.412,604954.5000,1999.9000,
	2026/04/30 11:56:22	,	935286	,	2466	,10.325352,1999.9000,0.18636423,-798.1174,594953.5625,38.410,604955.1875,1999.9000,
	2026/04/30 11:56:22	,	936286	,	2467	,10.326404,1999.9000,0.18005551,-798.1767,594951.8750,38.410,604942.0625,1999.9000,
	2026/04/30 11:56:22	,	937286	,	2468	,10.330803,1999.9000,0.17940955,-798.3256,594962.0000,38.409,604807.3125,1999.9000,
	2026/04/30 11:56:22	,	938286	,	2469	,10.332113,1999.9000,0.17917742,-798.4496,594975.0000,38.408,604724.0000,1999.9000,
	2026/04/30 11:56:22	,	939286	,	2470	,10.333434,1999.9000,0.17880610,-798.5530,595063.8750,38.406,604690.1250,1999.9000,
	2026/04/30 11:56:22	,	940286	,	2471	,10.338428,1999.9000,0.17853162,-798.6392,595192.0000,38.403,604673.3750,1999.9000,
	2026/04/30 11:56:22	,	941286	,	2472	,10.339680,1999.9000,0.17827512,-798.7111,595458.9375,38.399,604665.0625,1999.9000,
	2026/04/30 11:56:22	,	942286	,	2473	,10.343969,1999.9000,0.17173009,-799.0693,595539.3750,38.397,604660.0625,1999.9000,
	2026/04/30 11:56:22	,	943286	,	2474	,10.343969,1999.9000,0.16188575,-799.3679,595539.3750,38.397,604656.6875,1999.9000,
	2026/04/30 11:56:22	,	944286	,	2475	,10.350106,1999.9000,0.15080619,-799.6166,595539.3750,38.396,604653.9375,1999.9000,
	2026/04/30 11:56:22	,	945286	,	2476	,10.351611,1999.9000,0.13962579,-799.6250,595539.3750,38.395,604660.3750,1999.9000,
	2026/04/30 11:56:22	,	946286	,	2477	,10.356421,1999.9000,0.13026042,-799.5325,595539.3750,38.393,604757.8125,1999.9000,
	2026/04/30 11:56:22	,	947286	,	2478	,10.358372,1999.9000,0.12427948,-799.5549,595455.3750,38.391,604788.0000,1999.9000,
	2026/04/30 11:56:22	,	948286	,	2479	,10.364196,1999.9000,0.12044130,-799.5736,595437.8125,38.379,604813.5625,1999.9000,
	2026/04/30 11:56:22	,	949286	,	2480	,10.366161,1999.9000,0.11595400,-799.5891,595428.7500,38.370,604926.3125,1999.9000,
	2026/04/30 11:56:22	,	950286	,	2481	,10.372179,1999.9000,0.10742060,-799.6021,595332.6250,38.362,604955.3125,1999.9000,
	2026/04/30 11:56:22	,	951286	,	2482	,10.374085,1999.9000,0.09119196,-799.2150,595091.3125,38.355,604969.7500,1999.9000,
	2026/04/30 11:56:22	,	952286	,	2483	,10.379745,1999.9000,0.07249913,-798.8925,594901.8750,38.350,604977.0000,1999.9000,
	2026/04/30 11:56:22	,	953286	,	2484	,10.383766,1999.9000,0.05561504,-798.6237,594901.8750,38.345,604981.3125,1999.9000,
	2026/04/30 11:56:22	,	954286	,	2485	,10.387967,1999.9000,0.04147879,-799.0959,594901.8750,38.341,604984.2500,1999.9000,
	2026/04/30 11:56:22	,	955286	,	2486	,10.389947,1999.9000,0.03148953,-799.5889,594901.8750,38.338,604986.7500,1999.9000,
	2026/04/30 11:56:22	,	956286	,	2487	,10.396129,1999.9000,0.02471446,-800.1988,594901.8750,38.336,604982.0000,1999.9000,
	2026/04/30 11:56:22	,	957286	,	2488	,10.400895,1999.9000,0.01805286,-800.8065,594990.0000,38.335,604973.0625,1999.9000,
	2026/04/30 11:56:22	,	958286	,	2489	,10.405244,1999.9000,0.01001731,-801.3129,595005.5000,38.334,604885.8750,1999.9000,
	2026/04/30 11:56:22	,	959286	,	2490	,10.407195,1999.9000,-0.00020512,-801.7349,595014.2500,38.334,604856.8125,1999.9000,
	2026/04/30 11:56:22	,	960286	,	2491	,10.413585,1999.9000,-0.01250737,-802.0865,595115.1250,38.333,604766.8750,1999.9000,
	2026/04/30 11:56:22	,	961286	,	2492	,10.418083,1999.9000,-0.02368150,-802.2802,595370.7500,38.333,604735.4375,1999.9000,
	2026/04/30 11:56:22	,	962286	,	2493	,10.422283,1999.9000,-0.03672113,-802.4415,595584.6250,38.333,604725.0000,1999.9000,
	2026/04/30 11:56:22	,	963286	,	2494	,10.426514,1999.9000,-0.05525013,-802.5759,595584.6250,38.333,604719.7500,1999.9000,
	2026/04/30 11:56:22	,	964286	,	2495	,10.430743,1999.9000,-0.07851221,-801.4943,595584.6250,38.340,604716.5625,1999.9000,
	2026/04/30 11:56:22	,	965286	,	2496	,10.432694,1999.9000,-0.10562504,-799.3992,595584.6250,38.346,604714.4375,1999.9000,
	2026/04/30 11:56:22	,	966286	,	2497	,10.438280,1999.9000,-0.13671467,-796.7580,595584.6250,38.353,604721.2500,1999.9000,
	2026/04/30 11:56:22	,	967286	,	2498	,10.440171,1999.9000,-0.17140928,-794.4575,595457.1250,38.362,604815.1250,1999.9000,
	2026/04/30 11:56:22	,	968286	,	2499	,10.445935,1999.9000,-0.21071091,-790.8494,595423.1875,38.369,604842.0625,1999.9000,
	2026/04/30 11:56:22	,	969286	,	2500	,10.449986,1999.9000,-0.25785273,-787.8427,595402.5000,38.375,604945.0625,1999.9000,
	2026/04/30 11:56:22	,	970286	,	2501	,10.451774,1999.9000,-0.31834927,-785.3372,595314.1875,38.380,604981.2500,1999.9000,
	2026/04/30 11:56:22	,	971286	,	2502	,10.457404,1999.9000,-0.39896303,-783.2491,595117.5625,38.384,605088.7500,1999.9000,
	2026/04/30 11:56:22	,	972286	,	2503	,10.459354,1999.9000,-0.49743769,-781.5091,594845.2500,38.383,605088.7500,1999.9000,
	2026/04/30 11:56:22	,	973286	,	2504	,10.459354,1999.9000,-0.60856128,-780.0591,594845.2500,38.382,605088.7500,1999.9000,
	2026/04/30 11:56:22	,	974286	,	2505	,10.465000,1999.9000,-0.73221391,-779.2487,594845.2500,38.381,605088.7500,1999.9000,
	2026/04/30 11:56:22	,	975286	,	2506	,10.466713,1999.9000,-0.86964363,-779.8665,594845.2500,38.381,605088.7500,1999.9000,
	2026/04/30 11:56:22	,	976286	,	2507	,10.471971,1999.9000,-1.02258348,-780.3813,594845.2500,38.377,605077.5000,1999.9000,
	2026/04/30 11:56:22	,	977286	,	2508	,10.473772,1999.9000,-1.19349134,-782.0040,594927.5000,38.374,604946.2500,1999.9000,
	2026/04/30 11:56:22	,	978286	,	2509	,10.478642,1999.9000,-1.38156700,-783.3563,594960.2500,38.375,604914.8750,1999.9000,
	2026/04/30 11:56:22	,	979286	,	2510	,10.480147,1999.9000,-1.58425152,-784.4831,594980.3125,38.377,604828.4375,1999.9000,
	2026/04/30 11:56:22	,	980286	,	2511	,10.484451,1999.9000,-1.79870892,-785.4222,594999.4375,38.378,604802.2500,1999.9000,
	2026/04/30 11:56:22	,	981286	,	2512	,10.485732,1999.9000,-2.02040768,-785.0110,595248.0625,38.380,604777.3125,1999.9000,
	2026/04/30 11:56:22	,	982286	,	2513	,10.489784,1999.9000,-2.24890041,-784.1710,595540.5625,38.385,604764.8750,1999.9000,
	2026/04/30 11:56:22	,	983286	,	2514	,10.491184,1999.9000,-2.48548555,-782.4763,595540.5625,38.389,604757.3750,1999.9000,
	2026/04/30 11:56:22	,	984286	,	2515	,10.495205,1999.9000,-2.72680998,-781.0640,595540.5625,38.388,604752.4375,1999.9000,
	2026/04/30 11:56:22	,	985286	,	2516	,10.496516,1999.9000,-2.96972919,-779.6882,595540.5625,38.388,604748.3125,1999.9000,
	2026/04/30 11:56:22	,	986286	,	2517	,10.497758,1999.9000,-3.21174026,-778.5416,595540.5625,38.388,604756.8125,1999.9000,
	2026/04/30 11:56:22	,	987286	,	2518	,10.502414,1999.9000,-3.44860888,-777.5861,595458.3125,38.386,604888.2500,1999.9000,
	2026/04/30 11:56:22	,	988286	,	2519	,10.503516,1999.9000,-3.67767525,-776.9889,595369.5625,38.383,604978.8750,1999.9000,
	2026/04/30 11:56:22	,	989286	,	2520	,10.504628,1999.9000,-3.89668918,-776.6901,595353.1875,38.379,605090.5625,1999.9000,
	2026/04/30 11:56:22	,	990286	,	2521	,10.508908,1999.9000,-4.09922886,-776.9385,595337.0000,38.377,605126.8125,1999.9000,
	2026/04/30 11:56:22	,	991286	,	2522	,10.509757,1999.9000,-4.27338886,-777.6429,595169.9375,38.376,605138.8750,1999.9000,
	2026/04/30 11:56:22	,	992286	,	2523	,10.510636,1999.9000,-4.40575123,-779.2247,594905.3750,38.375,605144.8750,1999.9000,
	2026/04/30 11:56:22	,	993286	,	2524	,10.511380,1999.9000,-4.40575123,-781.5375,594905.3750,38.373,605148.4375,1999.9000,
	2026/04/30 11:56:22	,	994286	,	2525	,10.511976,1999.9000,-4.40575123,-783.8627,594905.3750,38.373,605150.8750,1999.9000,
	2026/04/30 11:56:22	,	995286	,	2526	,10.512492,1999.9000,-4.40575123,-787.1931,594905.3750,38.373,605151.5000,1999.9000,
	2026/04/30 11:56:22	,	996286	,	2527	,10.512998,1999.9000,-4.40575123,-791.3610,594905.3750,38.374,605141.6250,1999.9000,
	2026/04/30 11:56:22	,	997286	,	2528	,10.513477,1999.9000,-4.40139008,-794.8343,594908.3750,38.379,605042.8750,1999.9000,
	2026/04/30 11:56:22	,	998286	,	2529	,10.513968,1999.9000,-4.30993605,-798.3255,595001.3750,38.387,605025.0625,1999.9000,
	2026/04/30 11:56:22	,	999286	,	2530	,10.514401,1999.9000,-4.21376848,-801.7322,595010.2500,38.393,605001.6250,1999.9000,
	2026/04/30 11:56:23	,	000286	,	2531	,10.514767,1999.9000,-4.12414217,-804.5712,595015.8125,38.398,604899.7500,1999.9000,
	2026/04/30 11:56:23	,	001286	,	2532	,10.515072,1999.9000,-4.04505348,-806.9370,595162.1875,38.398,604880.1875,1999.9000,
	2026/04/30 11:56:23	,	002286	,	2533	,10.515326,1999.9000,-3.97505927,-808.9085,595441.6250,38.399,604873.6250,1999.9000,
	2026/04/30 11:56:23	,	003286	,	2534	,10.515536,1999.9000,-3.91483998,-810.5515,595459.5000,38.400,604870.3125,1999.9000,
	2026/04/30 11:56:23	,	004286	,	2535	,10.515713,1999.9000,-3.86080337,-810.5279,595465.5000,38.398,604868.3750,1999.9000,
	2026/04/30 11:56:23	,	005286	,	2536	,10.515856,1999.9000,-3.81044102,-810.3093,595468.5000,38.393,604867.0625,1999.9000,
	2026/04/30 11:56:23	,	006286	,	2537	,10.515864,1999.9000,-3.76605988,-810.0277,595470.2500,38.390,604879.2500,1999.9000,
	2026/04/30 11:56:23	,	007286	,	2538	,10.515722,1999.9000,-3.72815728,-809.4946,595471.3750,38.388,604964.3125,1999.9000,
	2026/04/30 11:56:23	,	008286	,	2539	,10.515471,1999.9000,-3.69525242,-808.7519,595458.2500,38.386,604971.9375,1999.9000,
	2026/04/30 11:56:23	,	009286	,	2540	,10.515057,1999.9000,-3.66633725,-807.4367,595365.3750,38.385,604975.1250,1999.9000,
	2026/04/30 11:56:23	,	010286	,	2541	,10.514489,1999.9000,-3.64007521,-806.2411,595360.9375,38.384,604986.3125,1999.9000,
	2026/04/30 11:56:23	,	011286	,	2542	,10.510457,1999.9000,-3.61692667,-805.1454,595266.4375,38.383,605076.1250,1999.9000,
	2026/04/30 11:56:23	,	012286	,	2543	,10.509593,1999.9000,-3.59876919,-803.7350,595031.7500,38.382,605094.5000,1999.9000,
	2026/04/30 11:56:23	,	013286	,	2544	,10.508630,1999.9000,-3.58147573,-802.5597,594833.9375,38.379,605100.6250,1999.9000,
	2026/04/30 11:56:23	,	014286	,	2545	,10.504202,1999.9000,-3.56325555,-801.4807,594833.9375,38.380,605103.7500,1999.9000,
	2026/04/30 11:56:23	,	015286	,	2546	,10.502921,1999.9000,-3.54351640,-800.5815,594833.9375,38.380,605105.6250,1999.9000,
	2026/04/30 11:56:23	,	016286	,	2547	,10.501709,1999.9000,-3.51985097,-799.5339,594833.9375,38.378,605106.8125,1999.9000,
	2026/04/30 11:56:23	,	017286	,	2548	,10.496546,1999.9000,-3.49340630,-798.6609,594833.9375,38.377,605025.3750,1999.9000,
	2026/04/30 11:56:23	,	018286	,	2549	,10.495087,1999.9000,-3.46734571,-797.9332,594940.0000,38.378,604989.4375,1999.9000,
	2026/04/30 11:56:23	,	019286	,	2550	,10.490410,1999.9000,-3.44189072,-797.3269,594959.3750,38.381,604905.7500,1999.9000,
	2026/04/30 11:56:23	,	020286	,	2551	,10.489069,1999.9000,-3.41575456,-796.8217,594968.2500,38.384,604882.8125,1999.9000,
	2026/04/30 11:56:23	,	021286	,	2552	,10.484690,1999.9000,-3.38632870,-796.4006,595055.5625,38.386,604856.2500,1999.9000,
	2026/04/30 11:56:23	,	022286	,	2553	,10.482977,1999.9000,-3.34886742,-796.0498,595303.4375,38.387,604766.8750,1999.9000,
	2026/04/30 11:56:23	,	023286	,	2554	,10.477749,1999.9000,-3.30546308,-796.1553,595510.7500,38.384,604766.8750,1999.9000,
	2026/04/30 11:56:23	,	024286	,	2555	,10.475903,1999.9000,-3.25564909,-796.2432,595510.7500,38.380,604766.8750,1999.9000,
	2026/04/30 11:56:23	,	025286	,	2556	,10.470153,1999.9000,-3.19508290,-796.7144,595510.7500,38.375,604766.8750,1999.9000,
	2026/04/30 11:56:23	,	026286	,	2557	,10.468455,1999.9000,-3.12062049,-797.3060,595510.7500,38.371,604766.8750,1999.9000,
	2026/04/30 11:56:23	,	027286	,	2558	,10.463182,1999.9000,-3.02923608,-797.8984,595510.7500,38.367,604776.6875,1999.9000,
	2026/04/30 11:56:23	,	028286	,	2559	,10.459161,1999.9000,-2.91804934,-798.4916,595406.5000,38.363,604876.1875,1999.9000,
	2026/04/30 11:56:23	,	029286	,	2560	,10.454753,1999.9000,-2.78745770,-799.5828,595383.5625,38.358,604906.6875,1999.9000,
	2026/04/30 11:56:23	,	030286	,	2561	,10.450552,1999.9000,-2.63867116,-800.6910,595372.5000,38.355,604995.1875,1999.9000,
	2026/04/30 11:56:23	,	031286	,	2562	,10.448586,1999.9000,-2.47423577,-801.6145,595355.3750,38.354,605027.8125,1999.9000,
	2026/04/30 11:56:23	,	032286	,	2563	,10.442390,1999.9000,-2.30073762,-802.3841,595112.1875,38.361,605038.6875,1999.9000,
	2026/04/30 11:56:23	,	033286	,	2564	,10.438369,1999.9000,-2.11876893,-803.0255,594839.2500,38.367,605044.0625,1999.9000,
	2026/04/30 11:56:23	,	034286	,	2565	,10.433930,1999.9000,-1.92879009,-802.6647,594839.2500,38.372,605047.3125,1999.9000,
	2026/04/30 11:56:23	,	035286	,	2566	,10.429462,1999.9000,-1.73398352,-801.8667,594839.2500,38.376,605049.5625,1999.9000,
	2026/04/30 11:56:23	,	036286	,	2567	,10.425351,1999.9000,-1.53607631,-799.8090,594839.2500,38.379,605051.0000,1999.9000,
	2026/04/30 11:56:23	,	037286	,	2568	,10.423355,1999.9000,-1.33895028,-795.3090,594839.2500,38.382,604943.8125,1999.9000,
	2026/04/30 11:56:23	,	038286	,	2569	,10.417547,1999.9000,-1.14848602,-791.0616,594926.2500,38.384,604841.7500,1999.9000,
	2026/04/30 11:56:23	,	039286	,	2570	,10.413526,1999.9000,-0.96602595,-787.5222,594948.8750,38.386,604801.2500,1999.9000,
	2026/04/30 11:56:23	,	040286	,	2571	,10.409355,1999.9000,-0.79866618,-784.5726,594957.8750,38.388,604698.6250,1999.9000,
	2026/04/30 11:56:23	,	041286	,	2572	,10.405334,1999.9000,-0.65581018,-782.1147,594965.4375,38.395,604680.7500,1999.9000,
	2026/04/30 11:56:23	,	042286	,	2573	,10.401163,1999.9000,-0.53449571,-780.0663,595165.8125,38.403,604674.3750,1999.9000,
	2026/04/30 11:56:23	,	043286	,	2574	,10.397112,1999.9000,-0.43063876,-778.3594,595463.1250,38.409,604671.2500,1999.9000,
	2026/04/30 11:56:23	,	044286	,	2575	,10.395161,1999.9000,-0.34030044,-776.9370,595463.1250,38.415,604669.3125,1999.9000,
	2026/04/30 11:56:23	,	045286	,	2576	,10.388861,1999.9000,-0.25574774,-775.7516,595463.1250,38.419,604668.0625,1999.9000,
	2026/04/30 11:56:23	,	046286	,	2577	,10.386895,1999.9000,-0.17292814,-774.7639,595463.1250,38.423,604667.0000,1999.9000,
	2026/04/30 11:56:23	,	047286	,	2578	,10.381205,1999.9000,-0.09090268,-773.9406,595463.1250,38.426,604677.1250,1999.9000,
	2026/04/30 11:56:23	,	048286	,	2579	,10.379224,1999.9000,-0.01193386,-773.2546,595457.4375,38.429,604798.8750,1999.9000,
	2026/04/30 11:56:23	,	049286	,	2580	,10.373281,1999.9000,0.05440499,-772.6830,595338.5625,38.429,604816.0625,1999.9000,
	2026/04/30 11:56:23	,	050286	,	2581	,10.371315,1999.9000,0.10218332,-772.6044,595321.9375,38.427,604833.6875,1999.9000,
	2026/04/30 11:56:23	,	051286	,	2582	,10.365625,1999.9000,0.13491790,-772.5391,595311.0000,38.419,604852.0625,1999.9000,
	2026/04/30 11:56:23	,	052286	,	2583	,10.363869,1999.9000,0.15478300,-772.8824,595166.3750,38.409,604976.4375,1999.9000,
	2026/04/30 11:56:23	,	053286	,	2584	,10.359310,1999.9000,0.16663148,-773.2681,594903.6250,38.400,604976.4375,1999.9000,
	2026/04/30 11:56:23	,	054286	,	2585	,10.357865,1999.9000,0.17950724,-774.7831,594892.8750,38.394,604976.4375,1999.9000,
	2026/04/30 11:56:23	,	055286	,	2586	,10.353740,1999.9000,0.19646062,-776.7420,594889.3750,38.388,604976.4375,1999.9000,
	2026/04/30 11:56:23	,	056286	,	2587	,10.352340,1999.9000,0.21517238,-779.0708,594887.5625,38.383,604976.4375,1999.9000,
	2026/04/30 11:56:23	,	057286	,	2588	,10.348021,1999.9000,0.22700827,-782.3046,594886.5625,38.379,604970.7500,1999.9000,
	2026/04/30 11:56:23	,	058286	,	2589	,10.346531,1999.9000,0.22991996,-785.3972,594885.8750,38.376,604959.8125,1999.9000,
	2026/04/30 11:56:23	,	059286	,	2590	,10.342360,1999.9000,0.23059431,-788.0739,594896.6250,38.373,604948.3750,1999.9000,
	2026/04/30 11:56:23	,	060286	,	2591	,10.341035,1999.9000,0.23084222,-790.3044,594909.3125,38.375,604948.3750,1999.9000,
	2026/04/30 11:56:23	,	061286	,	2592	,10.336909,1999.9000,0.23568663,-792.2628,594994.2500,38.379,604864.6875,1999.9000,
	2026/04/30 11:56:23	,	062286	,	2593	,10.335569,1999.9000,0.23818238,-794.2925,595118.1250,38.388,604846.8750,1999.9000,
	2026/04/30 11:56:23	,	063286	,	2594	,10.334337,1999.9000,0.24235453,-796.0835,595413.6875,38.397,604762.6250,1999.9000,
	2026/04/30 11:56:23	,	064286	,	2595	,10.329582,1999.9000,0.25439209,-797.5760,595528.6250,38.404,604762.6250,1999.9000,
	2026/04/30 11:56:23	,	065286	,	2596	,10.328643,1999.9000,0.25513265,-798.7203,595528.6250,38.410,604762.6250,1999.9000,
	2026/04/30 11:56:23	,	066286	,	2597	,10.327794,1999.9000,0.25537947,-799.6739,595528.6250,38.416,604762.6250,1999.9000,
	2026/04/30 11:56:23	,	067286	,	2598	,10.326968,1999.9000,0.25550288,-800.2695,595528.6250,38.420,604761.6250,1999.9000,
	2026/04/30 11:56:23	,	068286	,	2599	,10.326245,1999.9000,0.25557700,-800.5670,595528.6250,38.424,604761.0000,1999.9000,
	2026/04/30 11:56:23	,	069286	,	2600	,10.322135,1999.9000,0.25562632,-801.0139,595428.5625,38.425,604762.1250,1999.9000,
	2026/04/30 11:56:23	,	070286	,	2601	,10.321568,1999.9000,0.24882080,-801.3862,595416.0625,38.426,604767.0000,1999.9000,
	2026/04/30 11:56:23	,	071286	,	2602	,10.321161,1999.9000,0.24852462,-801.4976,595411.9375,38.424,604771.6250,1999.9000,
	2026/04/30 11:56:23	,	072286	,	2603	,10.320824,1999.9000,0.24810234,-801.2920,595326.6875,38.423,604776.1875,1999.9000,
	2026/04/30 11:56:23	,	073286	,	2604	,10.320497,1999.9000,0.24770533,-801.1207,595083.0000,38.421,604859.8750,1999.9000,
	2026/04/30 11:56:23	,	074286	,	2605	,10.320219,1999.9000,0.24382302,-800.9778,594881.6250,38.417,604872.5625,1999.9000,
	2026/04/30 11:56:23	,	075286	,	2606	,10.319942,1999.9000,0.24057099,-800.7593,594881.6250,38.416,604876.7500,1999.9000,
	2026/04/30 11:56:23	,	076286	,	2607	,10.319643,1999.9000,0.23725592,-800.2789,594881.6250,38.416,604878.9375,1999.9000,
	2026/04/30 11:56:23	,	077286	,	2608	,10.319393,1999.9000,0.23415515,-799.8785,594881.6250,38.419,604880.2500,1999.9000,
	2026/04/30 11:56:23	,	078286	,	2609	,10.319180,1999.9000,0.22945359,-799.5448,594881.6250,38.424,604881.0625,1999.9000,
	2026/04/30 11:56:23	,	079286	,	2610	,10.319002,1999.9000,0.22883908,-799.1672,594977.5000,38.426,604872.1250,1999.9000,
	2026/04/30 11:56:23	,	080286	,	2611	,10.318855,1999.9000,0.22863427,-798.8527,594999.3125,38.427,604786.1875,1999.9000,
	2026/04/30 11:56:23	,	081286	,	2612	,10.318732,1999.9000,0.22853185,-798.6899,595009.3750,38.425,604761.1875,1999.9000,
	2026/04/30 11:56:23	,	082286	,	2613	,10.318644,1999.9000,0.22847041,-798.5543,595105.6250,38.423,604673.8125,1999.9000,
	2026/04/30 11:56:23	,	083286	,	2614	,10.318580,1999.9000,0.22842948,-798.4413,595352.8750,38.421,604646.0625,1999.9000,
	2026/04/30 11:56:23	,	084286	,	2615	,10.318645,1999.9000,0.22839536,-798.3472,595593.0000,38.417,604621.8750,1999.9000,
	2026/04/30 11:56:23	,	085286	,	2616	,10.318890,1999.9000,0.22836688,-798.3682,595593.0000,38.412,604609.8125,1999.9000,
	2026/04/30 11:56:23	,	086286	,	2617	,10.319281,1999.9000,0.22834320,-798.5847,595593.0000,38.408,604602.5625,1999.9000,
	2026/04/30 11:56:23	,	087286	,	2618	,10.319807,1999.9000,0.22832340,-798.8646,595593.0000,38.404,604597.7500,1999.9000,
	2026/04/30 11:56:23	,	088286	,	2619	,10.323862,1999.9000,0.21976681,-799.2968,595593.0000,38.403,604593.7500,1999.9000,
	2026/04/30 11:56:23	,	089286	,	2620	,10.324726,1999.9000,0.20673981,-799.9553,595482.7500,38.402,604602.1250,1999.9000,
	2026/04/30 11:56:23	,	090286	,	2621	,10.325749,1999.9000,0.19577996,-800.7031,595456.8750,38.398,604706.5000,1999.9000,
	2026/04/30 11:56:23	,	091286	,	2622	,10.330089,1999.9000,0.18906161,-801.2267,595443.2500,38.394,604733.0625,1999.9000,
	2026/04/30 11:56:23	,	092286	,	2623	,10.331444,1999.9000,0.18466257,-801.5635,595423.9375,38.391,604821.1875,1999.9000,
	2026/04/30 11:56:23	,	093286	,	2624	,10.332660,1999.9000,0.17670265,-801.5458,595169.9375,38.389,604855.0625,1999.9000,
	2026/04/30 11:56:23	,	094286	,	2625	,10.337476,1999.9000,0.17670265,-801.5311,594888.7500,38.387,604981.8750,1999.9000,
	2026/04/30 11:56:23	,	095286	,	2626	,10.338891,1999.9000,0.16566718,-801.7177,594888.7500,38.379,605001.8125,1999.9000,
	2026/04/30 11:56:23	,	096286	,	2627	,10.343135,1999.9000,0.15294270,-801.8733,594888.7500,38.373,605008.5000,1999.9000,
	2026/04/30 11:56:23	,	097286	,	2628	,10.344417,1999.9000,0.13929802,-802.0029,594888.7500,38.368,605011.7500,1999.9000,
	2026/04/30 11:56:23	,	098286	,	2629	,10.348467,1999.9000,0.12784031,-801.4147,594888.7500,38.358,605013.7500,1999.9000,
	2026/04/30 11:56:23	,	099286	,	2630	,10.350164,1999.9000,0.11994974,-800.7255,594897.8125,38.354,605015.0625,1999.9000,
	2026/04/30 11:56:23	,	100286	,	2631	,10.355497,1999.9000,0.11504646,-800.1512,595003.1250,38.347,605010.7500,1999.9000,
	2026/04/30 11:56:23	,	101286	,	2632	,10.357270,1999.9000,0.11289736,-799.7720,595011.5000,38.340,604924.5000,1999.9000,
	2026/04/30 11:56:23	,	102286	,	2633	,10.362528,1999.9000,0.11280915,-799.5555,595024.8125,38.335,604838.6875,1999.9000,
	2026/04/30 11:56:23	,	103286	,	2634	,10.364464,1999.9000,0.11274400,-799.3752,595246.8125,38.335,604798.8750,1999.9000,
	2026/04/30 11:56:23	,	104286	,	2635	,10.370153,1999.9000,0.11269411,-799.2249,595553.0625,38.334,604673.8125,1999.9000,
	2026/04/30 11:56:23	,	105286	,	2636	,10.374293,1999.9000,0.10885755,-799.2249,595553.0625,38.334,604673.8125,1999.9000,
	2026/04/30 11:56:23	,	106286	,	2637	,10.378316,1999.9000,0.09950481,-799.0995,595553.0625,38.333,604673.8125,1999.9000,
	2026/04/30 11:56:23	,	107286	,	2638	,10.380177,1999.9000,0.08741683,-799.2936,595553.0625,38.333,604673.8125,1999.9000,
	2026/04/30 11:56:23	,	108286	,	2639	,10.386299,1999.9000,0.07381631,-799.4553,595553.0625,38.333,604673.8125,1999.9000,
	2026/04/30 11:56:23	,	109286	,	2640	,10.390409,1999.9000,0.05945951,-799.5900,595546.0000,38.337,604674.0000,1999.9000,
	2026/04/30 11:56:23	,	110286	,	2641	,10.394550,1999.9000,0.04664045,-799.7023,595438.6875,38.341,604766.8750,1999.9000,
	2026/04/30 11:56:23	,	111286	,	2642	,10.398870,1999.9000,0.03538438,-800.0943,595418.4375,38.344,604860.5000,1999.9000,
	2026/04/30 11:56:23	,	112286	,	2643	,10.403367,1999.9000,0.02434261,-800.5204,595398.7500,38.346,604981.8750,1999.9000,
	2026/04/30 11:56:23	,	113286	,	2644	,10.407836,1999.9000,0.01191436,-800.8756,595219.4375,38.348,605098.4375,1999.9000,
	2026/04/30 11:56:23	,	114286	,	2645	,10.412453,1999.9000,-0.00607265,-800.7737,594945.3750,38.350,605131.3750,1999.9000,
	2026/04/30 11:56:23	,	115286	,	2646	,10.416713,1999.9000,-0.02828853,-800.1537,594933.1875,38.352,605142.3125,1999.9000,
	2026/04/30 11:56:23	,	116286	,	2647	,10.418604,1999.9000,-0.05152541,-799.5753,594929.0625,38.353,605147.8125,1999.9000,
	2026/04/30 11:56:23	,	117286	,	2648	,10.424905,1999.9000,-0.07600386,-799.0932,594927.0000,38.354,605151.1875,1999.9000,
	2026/04/30 11:56:23	,	118286	,	2649	,10.429105,1999.9000,-0.10137092,-799.0932,594925.7500,38.355,605153.3750,1999.9000,
	2026/04/30 11:56:23	,	119286	,	2650	,10.431011,1999.9000,-0.12533259,-797.5973,594925.7500,38.355,605141.1250,1999.9000,
	2026/04/30 11:56:23	,	120286	,	2651	,10.436790,1999.9000,-0.14965346,-795.7538,594924.9375,38.358,604995.7500,1999.9000,
	2026/04/30 11:56:23	,	121286	,	2652	,10.438726,1999.9000,-0.17735873,-793.1234,594935.1875,38.359,604963.1875,1999.9000,
	2026/04/30 11:56:23	,	122286	,	2653	,10.444326,1999.9000,-0.20996092,-790.8318,594946.6250,38.361,604860.5000,1999.9000,
	2026/04/30 11:56:23	,	123286	,	2654	,10.446322,1999.9000,-0.24976046,-788.6237,594958.1875,38.361,604823.6250,1999.9000,
	2026/04/30 11:56:23	,	124286	,	2655	,10.452131,1999.9000,-0.29883081,-786.7838,595139.5625,38.359,604739.6875,1999.9000,
	2026/04/30 11:56:23	,	125286	,	2656	,10.454082,1999.9000,-0.36192390,-785.2504,595420.1875,38.360,604739.6875,1999.9000,
	2026/04/30 11:56:23	,	126286	,	2657	,10.459995,1999.9000,-0.44349563,-784.2710,595459.8125,38.362,604739.6875,1999.9000,
	2026/04/30 11:56:23	,	127286	,	2658	,10.461902,1999.9000,-0.54126441,-783.4550,595473.0625,38.363,604739.6875,1999.9000,
	2026/04/30 11:56:23	,	128286	,	2659	,10.467263,1999.9000,-0.65452451,-782.7748,595479.6250,38.364,604739.6875,1999.9000,
	2026/04/30 11:56:23	,	129286	,	2660	,10.468931,1999.9000,-0.78574002,-783.0038,595483.6250,38.364,604750.9375,1999.9000,
	2026/04/30 11:56:23	,	130286	,	2661	,10.473936,1999.9000,-0.93580598,-783.4932,595486.2500,38.369,604869.5000,1999.9000,
	2026/04/30 11:56:23	,	131286	,	2662	,10.475709,1999.9000,-1.10487366,-784.2988,595398.1875,38.374,604896.1250,1999.9000,
	2026/04/30 11:56:23	,	132286	,	2663	,10.480400,1999.9000,-1.29177701,-784.9701,595378.5625,38.377,605015.1250,1999.9000,
	2026/04/30 11:56:23	,	133286	,	2664	,10.481935,1999.9000,-1.49368632,-785.5296,595365.4375,38.383,605110.5625,1999.9000,
	2026/04/30 11:56:23	,	134286	,	2665	,10.486507,1999.9000,-1.70985174,-785.9958,595255.1875,38.389,605208.3750,1999.9000,
	2026/04/30 11:56:23	,	135286	,	2666	,10.488101,1999.9000,-1.93866587,-785.9865,595021.0000,38.393,605248.8125,1999.9000,
	2026/04/30 11:56:23	,	136286	,	2667	,10.492286,1999.9000,-2.17436862,-785.6803,594785.6875,38.396,605262.3125,1999.9000,
	2026/04/30 11:56:23	,	137286	,	2668	,10.493463,1999.9000,-2.41561747,-784.0325,594785.6875,38.399,605269.0625,1999.9000,
	2026/04/30 11:56:23	,	138286	,	2669	,10.494669,1999.9000,-2.66088700,-782.4604,594785.6875,38.396,605273.1250,1999.9000,
	2026/04/30 11:56:23	,	139286	,	2670	,10.499525,1999.9000,-2.90613174,-781.1503,594785.6875,38.393,605275.8750,1999.9000,
	2026/04/30 11:56:23	,	140286	,	2671	,10.500747,1999.9000,-3.14865971,-780.0585,594785.6875,38.390,605269.0000,1999.9000,
	2026/04/30 11:56:23	,	141286	,	2672	,10.501907,1999.9000,-3.38573027,-779.1487,594870.2500,38.388,605149.8125,1999.9000,
	2026/04/30 11:56:23	,	142286	,	2673	,10.506079,1999.9000,-3.61452556,-778.3905,594891.6875,38.385,605066.4375,1999.9000,
	2026/04/30 11:56:23	,	143286	,	2674	,10.507031,1999.9000,-3.83279562,-777.7587,594904.0000,38.380,605038.0625,1999.9000,
	2026/04/30 11:56:23	,	144286	,	2675	,10.507965,1999.9000,-4.03444052,-778.3264,595007.8750,38.377,604935.9375,1999.9000,
	2026/04/30 11:56:23	,	145286	,	2676	,10.508863,1999.9000,-4.20730209,-780.2916,595272.4375,38.374,604836.9375,1999.9000,
	2026/04/30 11:56:23	,	146286	,	2677	,10.509635,1999.9000,-4.34078026,-782.4266,595534.6250,38.374,604832.6875,1999.9000,
	2026/04/30 11:56:23	,	147286	,	2678	,10.510293,1999.9000,-4.41291094,-785.3000,595534.6250,38.375,604831.2500,1999.9000,
	2026/04/30 11:56:23	,	148286	,	2679	,10.514389,1999.9000,-4.41291094,-787.6945,595534.6250,38.375,604830.5625,1999.9000,
	2026/04/30 11:56:23	,	149286	,	2680	,10.514389,1999.9000,-4.41291094,-790.0878,595534.6250,38.376,604830.1250,1999.9000,
	2026/04/30 11:56:23	,	150286	,	2681	,10.515243,1999.9000,-4.41291094,-792.8781,595534.6250,38.376,604829.8750,1999.9000,
	2026/04/30 11:56:23	,	151286	,	2682	,10.515521,1999.9000,-4.41291094,-796.0985,595417.2500,38.381,604838.5625,1999.9000,
	2026/04/30 11:56:23	,	152286	,	2683	,10.515694,1999.9000,-4.33066511,-799.3790,595389.8125,38.391,604949.8750,1999.9000,
	2026/04/30 11:56:23	,	153286	,	2684	,10.515829,1999.9000,-4.23473597,-802.2123,595377.1250,38.399,604980.6875,1999.9000,
	2026/04/30 11:56:23	,	154286	,	2685	,10.515941,1999.9000,-4.14111471,-804.5733,595360.8125,38.406,605072.5000,1999.9000,
	2026/04/30 11:56:23	,	155286	,	2686	,10.516034,1999.9000,-4.06190634,-806.5409,595116.3125,38.412,605072.5000,1999.9000,
	2026/04/30 11:56:23	,	156286	,	2687	,10.516112,1999.9000,-3.99543500,-808.0811,594834.5000,38.417,605072.5000,1999.9000,
	2026/04/30 11:56:23	,	157286	,	2688	,10.516164,1999.9000,-3.93775558,-808.7676,594834.5000,38.421,605072.5000,1999.9000,
	2026/04/30 11:56:23	,	158286	,	2689	,10.516206,1999.9000,-3.88521886,-808.8424,594834.5000,38.425,605072.5000,1999.9000,
	2026/04/30 11:56:23	,	159286	,	2690	,10.516187,1999.9000,-3.83406878,-808.8053,594834.5000,38.425,605067.1250,1999.9000,
	2026/04/30 11:56:23	,	160286	,	2691	,10.516076,1999.9000,-3.78590608,-808.3764,594834.5000,38.424,604939.0000,1999.9000,
	2026/04/30 11:56:23	,	161286	,	2692	,10.515889,1999.9000,-3.74407721,-807.3228,594950.7500,38.424,604848.3750,1999.9000,
	2026/04/30 11:56:23	,	162286	,	2693	,10.515511,1999.9000,-3.70877743,-806.0468,594975.4375,38.421,604765.6875,1999.9000,
	2026/04/30 11:56:23	,	163286	,	2694	,10.514961,1999.9000,-3.67848802,-804.7845,594983.6875,38.418,604728.2500,1999.9000,
	2026/04/30 11:56:23	,	164286	,	2695	,10.514300,1999.9000,-3.65050554,-803.7327,594994.7500,38.419,604646.6875,1999.9000,
	2026/04/30 11:56:23	,	165286	,	2696	,10.509266,1999.9000,-3.62090325,-802.8561,595231.3125,38.420,604646.6875,1999.9000,
	2026/04/30 11:56:23	,	166286	,	2697	,10.508297,1999.9000,-3.59347534,-802.1257,595532.2500,38.419,604646.6875,1999.9000,
	2026/04/30 11:56:23	,	167286	,	2698	,10.508297,1999.9000,-3.57017541,-801.3180,595532.2500,38.417,604646.6875,1999.9000,
	2026/04/30 11:56:23	,	168286	,	2699	,10.507220,1999.9000,-3.54939675,-800.4460,595532.2500,38.413,604646.6875,1999.9000,
	2026/04/30 11:56:23	,	169286	,	2700	,10.502771,1999.9000,-3.53002310,-799.6199,595532.2500,38.410,604651.8750,1999.9000,
	2026/04/30 11:56:23	,	170286	,	2701	,10.501550,1999.9000,-3.51021481,-798.8319,595532.2500,38.406,604745.6875,1999.9000,
	2026/04/30 11:56:23	,	171286	,	2702	,10.497470,1999.9000,-3.48753238,-798.0759,595443.4375,38.401,604780.4375,1999.9000,
	2026/04/30 11:56:23	,	172286	,	2703	,10.495965,1999.9000,-3.46292138,-797.3463,595410.6875,38.397,604887.0000,1999.9000,
	2026/04/30 11:56:23	,	173286	,	2704	,10.494649,1999.9000,-3.43730855,-796.4399,595393.6250,38.394,604924.8125,1999.9000,
	2026/04/30 11:56:23	,	174286	,	2705	,10.489158,1999.9000,-3.41080713,-795.4857,595378.5625,38.391,605036.8125,1999.9000,
	2026/04/30 11:56:23	,	175286	,	2706	,10.487579,1999.9000,-3.38575530,-794.6904,595189.6250,38.392,605058.3125,1999.9000,
	2026/04/30 11:56:23	,	176286	,	2707	,10.482635,1999.9000,-3.35887575,-794.0278,594916.1250,38.390,605065.4375,1999.9000,
	2026/04/30 11:56:23	,	177286	,	2708	,10.480922,1999.9000,-3.32632375,-793.6745,594903.3125,38.388,605069.0625,1999.9000,
	2026/04/30 11:56:23	,	178286	,	2709	,10.475813,1999.9000,-3.28587508,-793.6785,594899.0625,38.389,605071.1875,1999.9000,
	2026/04/30 11:56:23	,	179286	,	2710	,10.474056,1999.9000,-3.23239303,-793.6818,594896.9375,38.392,605072.6250,1999.9000,
	2026/04/30 11:56:23	,	180286	,	2711	,10.468426,1999.9000,-3.16083574,-793.9830,594895.6250,38.394,605064.3750,1999.9000,
	2026/04/30 11:56:23	,	181286	,	2712	,10.466534,1999.9000,-3.07043457,-795.3283,594894.8125,38.394,604943.8125,1999.9000,
	2026/04/30 11:56:23	,	182286	,	2713	,10.460531,1999.9000,-2.96076703,-796.8472,594907.3750,38.391,604907.8750,1999.9000,
	2026/04/30 11:56:23	,	183286	,	2714	,10.458551,1999.9000,-2.83208489,-798.1130,594996.6250,38.386,604802.5000,1999.9000,
	2026/04/30 11:56:23	,	184286	,	2715	,10.452458,1999.9000,-2.68476677,-799.3667,595004.9375,38.378,604775.2500,1999.9000,
	2026/04/30 11:56:23	,	185286	,	2716	,10.448169,1999.9000,-2.51732516,-800.5110,595144.3125,38.372,604749.8750,1999.9000,
	2026/04/30 11:56:23	,	186286	,	2717	,10.443552,1999.9000,-2.33497834,-801.4645,595438.6875,38.370,604737.2500,1999.9000,
	2026/04/30 11:56:23	,	187286	,	2718	,10.439471,1999.9000,-2.14530826,-802.2591,595478.3125,38.368,604729.6250,1999.9000,
	2026/04/30 11:56:23	,	188286	,	2719	,10.437550,1999.9000,-1.95146608,-802.9213,595498.1250,38.367,604724.5625,1999.9000,
	2026/04/30 11:56:23	,	189286	,	2720	,10.431666,1999.9000,-1.75631917,-803.4731,595498.1250,38.365,604720.3125,1999.9000,
	2026/04/30 11:56:23	,	190286	,	2721	,10.427496,1999.9000,-1.56270385,-802.2419,595502.0000,38.361,604723.0000,1999.9000,
	2026/04/30 11:56:23	,	191286	,	2722	,10.423326,1999.9000,-1.37227106,-799.5248,595504.6250,38.358,604730.2500,1999.9000,
	2026/04/30 11:56:23	,	192286	,	2723	,10.419186,1999.9000,-1.18756711,-794.6743,595492.0625,38.355,604740.1875,1999.9000,
	2026/04/30 11:56:23	,	193286	,	2724	,10.415104,1999.9000,-1.00927281,-789.8364,595385.6875,38.363,604842.3750,1999.9000,
	2026/04/30 11:56:23	,	194286	,	2725	,10.410874,1999.9000,-0.84125143,-785.8049,595374.9375,38.370,604869.8750,1999.9000,
	2026/04/30 11:56:23	,	195286	,	2726	,10.409072,1999.9000,-0.69693327,-782.4452,595271.8125,38.376,604975.2500,1999.9000,
	2026/04/30 11:56:23	,	196286	,	2727	,10.403397,1999.9000,-0.58023202,-779.6455,595014.5000,38.381,604975.2500,1999.9000,
	2026/04/30 11:56:23	,	197286	,	2728	,10.398959,1999.9000,-0.48284137,-777.3124,594849.3750,38.385,604975.2500,1999.9000,
	2026/04/30 11:56:23	,	198286	,	2729	,10.397022,1999.9000,-0.39745674,-775.3681,594849.3750,38.388,604975.2500,1999.9000,
	2026/04/30 11:56:23	,	199286	,	2730	,10.390945,1999.9000,-0.31581569,-773.9468,594849.3750,38.391,604975.2500,1999.9000,
	2026/04/30 11:56:23	,	200286	,	2731	,10.386685,1999.9000,-0.23126929,-773.0609,594849.3750,38.393,604970.4375,1999.9000,
	2026/04/30 11:56:23	,	201286	,	2732	,10.382635,1999.9000,-0.14427124,-772.3226,594849.3750,38.392,604877.3750,1999.9000,
	2026/04/30 11:56:23	,	202286	,	2733	,10.378405,1999.9000,-0.05816181,-771.7074,594951.2500,38.391,604846.0000,1999.9000,
	2026/04/30 11:56:23	,	203286	,	2734	,10.376469,1999.9000,0.01842471,-771.1946,594968.3125,38.392,604742.7500,1999.9000,
	2026/04/30 11:56:23	,	204286	,	2735	,10.370630,1999.9000,0.07643181,-770.7674,594974.3125,38.393,604703.4375,1999.9000,
	2026/04/30 11:56:23	,	205286	,	2736	,10.368932,1999.9000,0.11956530,-770.4113,594993.1875,38.392,604577.2500,1999.9000,
	2026/04/30 11:56:23	,	206286	,	2737	,10.363838,1999.9000,0.15357295,-770.1146,595307.0000,38.389,604577.2500,1999.9000,
	2026/04/30 11:56:23	,	207286	,	2738	,10.362155,1999.9000,0.17784342,-771.0610,595560.8125,38.387,604577.2500,1999.9000,
	2026/04/30 11:56:23	,	208286	,	2739	,10.357433,1999.9000,0.19750051,-773.4413,595560.8125,38.383,604577.2500,1999.9000,
	2026/04/30 11:56:23	,	209286	,	2740	,10.356018,1999.9000,0.21775638,-775.7233,595560.8125,38.379,604577.2500,1999.9000,
	2026/04/30 11:56:23	,	210286	,	2741	,10.351506,1999.9000,0.23752692,-778.0228,595560.8125,38.380,604584.5625,1999.9000,
	2026/04/30 11:56:23	,	211286	,	2742	,10.350032,1999.9000,0.23756473,-780.3370,595560.8125,38.381,604710.6875,1999.9000,
	2026/04/30 11:56:23	,	212286	,	2743	,10.345727,1999.9000,0.23757735,-782.7629,595447.0000,38.382,604804.3125,1999.9000,
	2026/04/30 11:56:23	,	213286	,	2744	,10.344372,1999.9000,0.23758364,-785.2819,595413.3125,38.383,604913.6250,1999.9000,
	2026/04/30 11:56:23	,	214286	,	2745	,10.340127,1999.9000,0.23758747,-787.6793,595393.1250,38.383,604913.6250,1999.9000,
	2026/04/30 11:56:23	,	215286	,	2746	,10.338965,1999.9000,0.23758997,-789.7767,595305.1875,38.384,605021.7500,1999.9000,
	2026/04/30 11:56:23	,	216286	,	2747	,10.337852,1999.9000,0.23759207,-791.7235,595119.9375,38.392,605132.8750,1999.9000,
	2026/04/30 11:56:23	,	217286	,	2748	,10.333157,1999.9000,0.23759384,-793.3458,594854.1875,38.400,605132.8750,1999.9000,
	2026/04/30 11:56:23	,	218286	,	2749	,10.331786,1999.9000,0.23759530,-795.0957,594854.1875,38.407,605132.8750,1999.9000,
	2026/04/30 11:56:23	,	219286	,	2750	,10.330535,1999.9000,0.23759656,-796.6533,594854.1875,38.411,605132.8750,1999.9000,
	2026/04/30 11:56:23	,	220286	,	2751	,10.326513,1999.9000,0.23778346,-797.9514,594854.1875,38.412,605132.8750,1999.9000,
	2026/04/30 11:56:23	,	221286	,	2752	,10.325754,1999.9000,0.24046385,-798.9336,594854.1875,38.412,605127.9375,1999.9000,
	2026/04/30 11:56:23	,	222286	,	2753	,10.325043,1999.9000,0.24150689,-799.7521,594941.7500,38.413,605001.8125,1999.9000,
	2026/04/30 11:56:23	,	223286	,	2754	,10.324346,1999.9000,0.24206884,-800.4343,594975.1250,38.413,604874.9375,1999.9000,
	2026/04/30 11:56:23	,	224286	,	2755	,10.323713,1999.9000,0.24832924,-801.1022,594999.0000,38.413,604724.0000,1999.9000,
	2026/04/30 11:56:23	,	225286	,	2756	,10.323166,1999.9000,0.24849936,-801.6588,595099.0625,38.412,604579.0000,1999.9000,
	2026/04/30 11:56:23	,	226286	,	2757	,10.322587,1999.9000,0.25062326,-802.0231,595297.4375,38.408,604546.6875,1999.9000,
	2026/04/30 11:56:23	,	227286	,	2758	,10.322010,1999.9000,0.26133102,-802.2272,595584.0000,38.404,604535.8750,1999.9000,
	2026/04/30 11:56:23	,	228286	,	2759	,10.321454,1999.9000,0.26133102,-802.1984,595584.0000,38.401,604530.5000,1999.9000,
	2026/04/30 11:56:23	,	229286	,	2760	,10.320903,1999.9000,0.26133102,-801.2791,595584.0000,38.399,604527.3125,1999.9000,
	2026/04/30 11:56:23	,	230286	,	2761	,10.320408,1999.9000,0.26133102,-800.5131,595584.0000,38.397,604532.0000,1999.9000,
	2026/04/30 11:56:23	,	231286	,	2762	,10.319970,1999.9000,0.26133105,-799.7751,595584.0000,38.395,604532.0000,1999.9000,
	2026/04/30 11:56:23	,	232286	,	2763	,10.319581,1999.9000,0.25439841,-799.1603,595571.2500,38.394,604630.9375,1999.9000,
	2026/04/30 11:56:23	,	233286	,	2764	,10.319258,1999.9000,0.24386081,-798.6478,595425.5625,38.392,604663.5625,1999.9000,
	2026/04/30 11:56:23	,	234286	,	2765	,10.318987,1999.9000,0.23424970,-798.3203,595416.3750,38.396,604780.7500,1999.9000,
	2026/04/30 11:56:23	,	235286	,	2766	,10.318762,1999.9000,0.22750616,-798.0474,595406.3125,38.399,604812.7500,1999.9000,
	2026/04/30 11:56:23	,	236286	,	2767	,10.318575,1999.9000,0.22088236,-797.7205,595248.5625,38.402,604917.2500,1999.9000,
	2026/04/30 11:56:23	,	237286	,	2768	,10.318462,1999.9000,0.21626273,-797.4481,594967.3750,38.404,604930.8750,1999.9000,
	2026/04/30 11:56:23	,	238286	,	2769	,10.318500,1999.9000,0.21377957,-797.6189,594947.7500,38.405,604935.3750,1999.9000,
	2026/04/30 11:56:23	,	239286	,	2770	,10.318679,1999.9000,0.21149808,-797.9602,594941.1250,38.407,604937.6875,1999.9000,
	2026/04/30 11:56:23	,	240286	,	2771	,10.318981,1999.9000,0.21082690,-798.5432,594937.9375,38.408,604939.0625,1999.9000,
	2026/04/30 11:56:23	,	241286	,	2772	,10.319427,1999.9000,0.20823348,-799.1284,594935.9375,38.409,604939.9375,1999.9000,
	2026/04/30 11:56:23	,	242286	,	2773	,10.320038,1999.9000,0.20267475,-799.7155,594934.6875,38.408,604849.6250,1999.9000,
	2026/04/30 11:56:23	,	243286	,	2774	,10.325113,1999.9000,0.19451949,-800.2048,594947.2500,38.408,604814.2500,1999.9000,
	2026/04/30 11:56:23	,	244286	,	2775	,10.325993,1999.9000,0.19451949,-800.6125,595033.5000,38.407,604713.1250,1999.9000,
	2026/04/30 11:56:23	,	245286	,	2776	,10.327030,1999.9000,0.19449852,-800.9523,595043.6250,38.407,604679.5625,1999.9000,
	2026/04/30 11:56:23	,	246286	,	2777	,10.331459,1999.9000,0.18918137,-801.2355,595198.5625,38.408,604580.8125,1999.9000,
	2026/04/30 11:56:23	,	247286	,	2778	,10.332531,1999.9000,0.18897969,-801.0735,595488.7500,38.408,604580.8125,1999.9000,
	2026/04/30 11:56:23	,	248286	,	2779	,10.333683,1999.9000,0.18851748,-800.9387,595516.1250,38.403,604580.8125,1999.9000,
	2026/04/30 11:56:23	,	249286	,	2780	,10.338905,1999.9000,0.18495250,-800.8262,595525.2500,38.400,604580.8125,1999.9000,
	2026/04/30 11:56:23	,	250286	,	2781	,10.340425,1999.9000,0.17650098,-800.4341,595529.8750,38.398,604580.8125,1999.9000,
	2026/04/30 11:56:23	,	251286	,	2782	,10.344923,1999.9000,0.15975556,-799.9083,595532.5625,38.393,604664.1875,1999.9000,
	2026/04/30 11:56:23	,	252286	,	2783	,10.346382,1999.9000,0.14326854,-799.4703,595534.4375,38.389,604757.1875,1999.9000,
	2026/04/30 11:56:23	,	253286	,	2784	,10.351029,1999.9000,0.13005246,-799.1052,595452.3750,38.385,604850.8125,1999.9000,
	2026/04/30 11:56:23	,	254286	,	2785	,10.352698,1999.9000,0.12136776,-798.8009,595430.8750,38.382,604888.8750,1999.9000,
	2026/04/30 11:56:23	,	255286	,	2786	,10.357821,1999.9000,0.11666621,-798.5473,595418.7500,38.380,604980.6875,1999.9000,
	2026/04/30 11:56:23	,	256286	,	2787	,10.359564,1999.9000,0.11034491,-798.3360,595320.0625,38.381,605001.8125,1999.9000,
	2026/04/30 11:56:23	,	257286	,	2788	,10.365417,1999.9000,0.10046907,-798.1599,595083.5625,38.382,605008.8750,1999.9000,
	2026/04/30 11:56:23	,	258286	,	2789	,10.367279,1999.9000,0.08852605,-798.0132,594913.1250,38.383,605012.3750,1999.9000,
	2026/04/30 11:56:23	,	259286	,	2790	,10.372805,1999.9000,0.07454739,-797.8909,594913.1250,38.383,605014.5000,1999.9000,
	2026/04/30 11:56:23	,	260286	,	2791	,10.374741,1999.9000,0.06141952,-798.1870,594913.1250,38.383,605015.9375,1999.9000,
	2026/04/30 11:56:23	,	261286	,	2792	,10.380758,1999.9000,0.05156260,-798.4337,594913.1250,38.384,605007.7500,1999.9000,
	2026/04/30 11:56:23	,	262286	,	2793	,10.382754,1999.9000,0.04361531,-798.6392,594913.1250,38.384,604882.1875,1999.9000,
	2026/04/30 11:56:23	,	263286	,	2794	,10.388533,1999.9000,0.03672053,-799.0095,595006.7500,38.385,604847.1875,1999.9000,
	2026/04/30 11:56:23	,	264286	,	2795	,10.392941,1999.9000,0.03036773,-799.3180,595021.3125,38.384,604765.0625,1999.9000,
	2026/04/30 11:56:23	,	265286	,	2796	,10.397321,1999.9000,0.02371242,-799.5751,595026.5625,38.376,604753.2500,1999.9000,
	2026/04/30 11:56:23	,	266286	,	2797	,10.401937,1999.9000,0.01832387,-800.0878,595045.4375,38.370,604748.3125,1999.9000,
	2026/04/30 11:56:23	,	267286	,	2798	,10.406466,1999.9000,0.01266431,-800.5150,595348.6875,38.365,604745.8125,1999.9000,
	2026/04/30 11:56:23	,	268286	,	2799	,10.410487,1999.9000,0.00247967,-800.8710,595573.8750,38.360,604744.3125,1999.9000,
	2026/04/30 11:56:23	,	269286	,	2800	,10.414986,1999.9000,-0.01246958,-801.1677,595573.8750,38.354,604743.3750,1999.9000,
	2026/04/30 11:56:23	,	270286	,	2801	,10.416965,1999.9000,-0.03269390,-801.4149,595573.8750,38.348,604742.5625,1999.9000,
	2026/04/30 11:56:23	,	271286	,	2802	,10.423118,1999.9000,-0.05923953,-801.6210,595573.8750,38.344,604748.2500,1999.9000,
	2026/04/30 11:56:23	,	272286	,	2803	,10.427765,1999.9000,-0.08943424,-799.5048,595573.8750,38.342,604760.8750,1999.9000,
	2026/04/30 11:56:23	,	273286	,	2804	,10.429566,1999.9000,-0.12030327,-797.2440,595461.9375,38.340,604882.8125,1999.9000,
	2026/04/30 11:56:23	,	274286	,	2805	,10.434794,1999.9000,-0.12030327,-795.2604,595441.3750,38.342,604899.4375,1999.9000,
	2026/04/30 11:56:23	,	275286	,	2806	,10.439054,1999.9000,-0.18782067,-792.5132,595429.6250,38.340,604919.0625,1999.9000,
	2026/04/30 11:56:23	,	276286	,	2807	,10.440797,1999.9000,-0.23048148,-790.2239,595346.9375,38.339,605022.3750,1999.9000,
	2026/04/30 11:56:23	,	277286	,	2808	,10.440797,1999.9000,-0.28528696,-788.0178,595136.0000,38.337,605061.3125,1999.9000,
	2026/04/30 11:56:23	,	278286	,	2809	,10.450315,1999.9000,-0.28528696,-786.1793,594842.2500,38.338,605074.3125,1999.9000,
	2026/04/30 11:56:23	,	279286	,	2810	,10.454365,1999.9000,-0.35336530,-784.6472,594842.2500,38.341,605080.8125,1999.9000,
	2026/04/30 11:56:23	,	280286	,	2811	,10.458417,1999.9000,-0.43663234,-783.3705,594842.2500,38.347,605084.6875,1999.9000,
	2026/04/30 11:56:23	,	281286	,	2812	,10.460308,1999.9000,-0.53402299,-782.6050,594842.2500,38.352,605087.3125,1999.9000,
	2026/04/30 11:56:23	,	282286	,	2813	,10.465954,1999.9000,-0.64276421,-781.9672,594842.2500,38.357,605085.8125,1999.9000,
	2026/04/30 11:56:23	,	283286	,	2814	,10.467726,1999.9000,-0.76494217,-781.5350,594853.8125,38.360,604996.3750,1999.9000,
	2026/04/30 11:56:23	,	284286	,	2815	,10.472982,1999.9000,-0.90402943,-782.1697,594975.7500,38.363,604962.5625,1999.9000,
	2026/04/30 11:56:23	,	285286	,	2816	,10.474383,1999.9000,-1.06168342,-783.1958,594985.0000,38.365,604865.3125,1999.9000,
	2026/04/30 11:56:23	,	286286	,	2817	,10.478971,1999.9000,-1.23778450,-784.4489,595002.0000,38.367,604834.8125,1999.9000,
	2026/04/30 11:56:23	,	287286	,	2818	,10.480460,1999.9000,-1.42894197,-785.4931,595229.5625,38.369,604745.1250,1999.9000,
	2026/04/30 11:56:23	,	288286	,	2819	,10.484720,1999.9000,-1.63138711,-786.3633,595522.1250,38.370,604745.1250,1999.9000,
	2026/04/30 11:56:23	,	289286	,	2820	,10.486195,1999.9000,-1.84687805,-787.0886,595522.1250,38.369,604745.1250,1999.9000,
	2026/04/30 11:56:23	,	290286	,	2821	,10.490618,1999.9000,-2.07425523,-787.6929,595522.1250,38.367,604745.1250,1999.9000,
	2026/04/30 11:56:23	,	291286	,	2822	,10.491928,1999.9000,-2.31137609,-786.6049,595522.1250,38.366,604745.1250,1999.9000,
	2026/04/30 11:56:23	,	292286	,	2823	,10.495980,1999.9000,-2.55694818,-785.6982,595522.1250,38.365,604752.4375,1999.9000,
	2026/04/30 11:56:23	,	293286	,	2824	,10.497321,1999.9000,-2.80640912,-784.2463,595512.2500,38.367,604849.6250,1999.9000,
	2026/04/30 11:56:23	,	294286	,	2825	,10.498482,1999.9000,-3.05423117,-782.9369,595384.4375,38.368,604877.3750,1999.9000,
	2026/04/30 11:56:23	,	295286	,	2826	,10.503129,1999.9000,-3.29730773,-781.8458,595369.5625,38.370,604995.1875,1999.9000,
	2026/04/30 11:56:23	,	296286	,	2827	,10.504112,1999.9000,-3.53297901,-780.9364,595354.2500,38.371,605088.7500,1999.9000,
	2026/04/30 11:56:23	,	297286	,	2828	,10.505015,1999.9000,-3.76058292,-780.2781,595185.4375,38.372,605213.1875,1999.9000,
	2026/04/30 11:56:23	,	298286	,	2829	,10.509027,1999.9000,-3.97917461,-780.5254,594900.0625,38.373,605213.1875,1999.9000,
	2026/04/30 11:56:23	,	299286	,	2830	,10.509847,1999.9000,-4.17568302,-781.0298,594891.4375,38.377,605213.1875,1999.9000,
	2026/04/30 11:56:23	,	300286	,	2831	,10.510507,1999.9000,-4.33304071,-781.7487,594888.5625,38.380,605213.1875,1999.9000,
	2026/04/30 11:56:23	,	301286	,	2832	,10.511165,1999.9000,-4.42692757,-783.2430,594887.1250,38.384,605213.1875,1999.9000,
	2026/04/30 11:56:23	,	302286	,	2833	,10.511804,1999.9000,-4.42692757,-786.0798,594886.2500,38.388,605206.5000,1999.9000,
	2026/04/30 11:56:23	,	303286	,	2834	,10.512354,1999.9000,-4.42692757,-789.0406,594885.6250,38.391,605076.1250,1999.9000,
	2026/04/30 11:56:23	,	304286	,	2835	,10.512892,1999.9000,-4.42692757,-792.8011,594898.5625,38.385,605042.5625,1999.9000,
	2026/04/30 11:56:23	,	305286	,	2836	,10.513405,1999.9000,-4.42692757,-797.1285,594990.0000,38.389,605016.8750,1999.9000,
	2026/04/30 11:56:23	,	306286	,	2837	,10.513867,1999.9000,-4.34573984,-800.7348,594995.6875,38.393,604999.1875,1999.9000,
	2026/04/30 11:56:23	,	307286	,	2838	,10.514257,1999.9000,-4.25189114,-803.7400,595128.8750,38.395,604988.3750,1999.9000,
	2026/04/30 11:56:23	,	308286	,	2839	,10.514581,1999.9000,-4.15525723,-806.2444,595411.8750,38.397,604979.6250,1999.9000,
	2026/04/30 11:56:23	,	309286	,	2840	,10.514852,1999.9000,-4.06885767,-808.3313,595525.6250,38.393,604971.4375,1999.9000,
	2026/04/30 11:56:23	,	310286	,	2841	,10.515078,1999.9000,-3.99774790,-809.9709,595525.6250,38.388,604962.7500,1999.9000,
	2026/04/30 11:56:23	,	311286	,	2842	,10.515265,1999.9000,-3.93957686,-810.7404,595525.6250,38.383,604951.9375,1999.9000,
	2026/04/30 11:56:23	,	312286	,	2843	,10.515417,1999.9000,-3.89099193,-811.0832,595525.6250,38.380,604942.9375,1999.9000,
	2026/04/30 11:56:23	,	313286	,	2844	,10.515498,1999.9000,-3.84806013,-810.4736,595525.6250,38.380,604935.4375,1999.9000,
	2026/04/30 11:56:23	,	314286	,	2845	,10.515523,1999.9000,-3.80756092,-809.8663,595437.5000,38.380,604929.1875,1999.9000,
	2026/04/30 11:56:23	,	315286	,	2846	,10.515429,1999.9000,-3.76899028,-809.1611,595415.1250,38.379,604924.0000,1999.9000,
	2026/04/30 11:56:23	,	316286	,	2847	,10.515161,1999.9000,-3.73312974,-808.2751,595401.5625,38.385,604926.1875,1999.9000,
	2026/04/30 11:56:23	,	317286	,	2848	,10.514744,1999.9000,-3.70122719,-808.2751,595401.5625,38.384,604937.3750,1999.9000,
	2026/04/30 11:56:23	,	318286	,	2849	,10.514227,1999.9000,-3.67612481,-805.7609,595045.4375,38.393,605073.0625,1999.9000,
	2026/04/30 11:56:23	,	319286	,	2850	,10.514227,1999.9000,-3.65467167,-804.3474,594844.6250,38.401,605073.0625,1999.9000,
	2026/04/30 11:56:23	,	320286	,	2851	,10.509207,1999.9000,-3.63415098,-802.9705,594844.6250,38.408,605073.0625,1999.9000,
	2026/04/30 11:56:23	,	321286	,	2852	,10.508293,1999.9000,-3.61486554,-801.7235,594844.6250,38.414,605073.0625,1999.9000,
	2026/04/30 11:56:23	,	322286	,	2853	,10.503903,1999.9000,-3.59468532,-800.4855,594844.6250,38.418,605073.0625,1999.9000,
	2026/04/30 11:56:23	,	323286	,	2854	,10.502519,1999.9000,-3.57187080,-799.5533,594844.6250,38.419,605063.0625,1999.9000,
	2026/04/30 11:56:23	,	324286	,	2855	,10.501193,1999.9000,-3.54781461,-798.7765,594934.6250,38.420,604933.5625,1999.9000,
	2026/04/30 11:56:23	,	325286	,	2856	,10.495623,1999.9000,-3.52256727,-798.1291,594953.4375,38.419,604898.5000,1999.9000,
	2026/04/30 11:56:23	,	326286	,	2857	,10.494416,1999.9000,-3.49558043,-797.5897,594962.6250,38.418,604794.0625,1999.9000,
	2026/04/30 11:56:23	,	327286	,	2858	,10.490111,1999.9000,-3.46635008,-797.0406,595058.5625,38.413,604768.3750,1999.9000,
	2026/04/30 11:56:23	,	328286	,	2859	,10.488533,1999.9000,-3.43203998,-796.5831,595315.9375,38.407,604759.8750,1999.9000,
	2026/04/30 11:56:23	,	329286	,	2860	,10.483707,1999.9000,-3.39437056,-796.2018,595515.5000,38.401,604755.5625,1999.9000,
	2026/04/30 11:56:23	,	330286	,	2861	,10.482038,1999.9000,-3.35624123,-795.9835,595515.5000,38.397,604753.0625,1999.9000,
	2026/04/30 11:56:23	,	331286	,	2862	,10.476915,1999.9000,-3.31641006,-795.8016,595515.5000,38.395,604751.3125,1999.9000,
	2026/04/30 11:56:23	,	332286	,	2863	,10.475278,1999.9000,-3.27274084,-795.8016,595515.5000,38.392,604754.1875,1999.9000,
	2026/04/30 11:56:23	,	333286	,	2864	,10.470213,1999.9000,-3.22217083,-796.0479,595515.5000,38.388,604767.5625,1999.9000,
	2026/04/30 11:56:23	,	334286	,	2865	,10.466013,1999.9000,-3.15810084,-796.6511,595409.5000,38.385,604885.8750,1999.9000,
	2026/04/30 11:56:23	,	335286	,	2866	,10.461902,1999.9000,-3.07573485,-797.6721,595385.3750,38.384,604910.8750,1999.9000,
	2026/04/30 11:56:23	,	336286	,	2867	,10.459980,1999.9000,-2.97407150,-797.6721,595377.1250,38.387,604995.1875,1999.9000,
	2026/04/30 11:56:23	,	337286	,	2868	,10.459980,1999.9000,-2.85372114,-799.3972,595363.1875,38.390,605029.9375,1999.9000,
	2026/04/30 11:56:23	,	338286	,	2869	,10.449897,1999.9000,-2.71874285,-800.9343,595116.3125,38.397,605147.9375,1999.9000,
	2026/04/30 11:56:23	,	339286	,	2870	,10.445489,1999.9000,-2.57045412,-802.3146,594836.8750,38.402,605147.9375,1999.9000,
	2026/04/30 11:56:23	,	340286	,	2871	,10.441288,1999.9000,-2.40714073,-803.4648,594836.8750,38.405,605147.9375,1999.9000,
	2026/04/30 11:56:23	,	341286	,	2872	,10.441288,1999.9000,-2.23172021,-804.4234,594836.8750,38.408,605147.9375,1999.9000,
	2026/04/30 11:56:23	,	342286	,	2873	,10.435211,1999.9000,-2.04673290,-805.1228,594836.8750,38.411,605147.9375,1999.9000,
	2026/04/30 11:56:23	,	343286	,	2874	,10.429075,1999.9000,-1.85316777,-805.6061,594836.8750,38.413,605051.3750,1999.9000,
	2026/04/30 11:56:23	,	344286	,	2875	,10.424755,1999.9000,-1.65602934,-804.3178,594929.2500,38.415,604946.2500,1999.9000,
	2026/04/30 11:56:23	,	345286	,	2876	,10.422910,1999.9000,-1.46040976,-801.9510,594954.5625,38.416,604850.2500,1999.9000,
	2026/04/30 11:56:23	,	346286	,	2877	,10.417130,1999.9000,-1.27019131,-798.3871,594969.5625,38.417,604750.5000,1999.9000,
	2026/04/30 11:56:23	,	347286	,	2878	,10.413019,1999.9000,-1.08679843,-793.2289,594986.7500,38.417,604655.6875,1999.9000,
	2026/04/30 11:56:23	,	348286	,	2879	,10.411068,1999.9000,-0.90867424,-788.9303,595231.9375,38.413,604639.6875,1999.9000,
	2026/04/30 11:56:23	,	349286	,	2880	,10.405304,1999.9000,-0.74442798,-785.3481,595513.1250,38.410,604634.3750,1999.9000,
	2026/04/30 11:56:23	,	350286	,	2881	,10.401074,1999.9000,-0.60709912,-782.3630,595513.1250,38.408,604631.6875,1999.9000,
	2026/04/30 11:56:23	,	351286	,	2882	,10.396963,1999.9000,-0.49454489,-779.8754,595513.1250,38.410,604630.1875,1999.9000,
	2026/04/30 11:56:23	,	352286	,	2883	,10.392644,1999.9000,-0.39980122,-778.0013,595513.1250,38.408,604629.0625,1999.9000,
	2026/04/30 11:56:23	,	353286	,	2884	,10.388384,1999.9000,-0.31636402,-776.4396,595513.1250,38.403,604639.3750,1999.9000,
	2026/04/30 11:56:23	,	354286	,	2885	,10.384273,1999.9000,-0.23618513,-775.1383,595500.6250,38.399,604744.5000,1999.9000,
	2026/04/30 11:56:23	,	355286	,	2886	,10.380162,1999.9000,-0.15460713,-774.0538,595371.9375,38.395,604772.6250,1999.9000,
	2026/04/30 11:56:23	,	356286	,	2887	,10.378167,1999.9000,-0.07184429,-773.1500,595354.3750,38.392,604879.2500,1999.9000,
	2026/04/30 11:56:23	,	357286	,	2888	,10.378167,1999.9000,0.00535355,-772.3967,595340.5625,38.390,604914.2500,1999.9000,
	2026/04/30 11:56:23	,	358286	,	2889	,10.372238,1999.9000,0.06448250,-771.7691,595168.8125,38.388,604936.3750,1999.9000,
	2026/04/30 11:56:23	,	359286	,	2890	,10.370466,1999.9000,0.10179888,-770.8102,594887.5000,38.386,604947.4375,1999.9000,
	2026/04/30 11:56:23	,	360286	,	2891	,10.365357,1999.9000,0.12697689,-770.8102,594885.1250,38.385,604954.0625,1999.9000,
	2026/04/30 11:56:23	,	361286	,	2892	,10.363600,1999.9000,0.14490716,-770.4471,594884.3750,38.391,604958.5000,1999.9000,
	2026/04/30 11:56:23	,	362286	,	2893	,10.358715,1999.9000,0.16005808,-772.0345,594884.0000,38.396,604962.2500,1999.9000,
	2026/04/30 11:56:23	,	363286	,	2894	,10.357359,1999.9000,0.17914797,-774.5510,594883.7500,38.401,604956.3125,1999.9000,
	2026/04/30 11:56:23	,	364286	,	2895	,10.352876,1999.9000,0.20266846,-777.5433,594883.5625,38.405,604853.8125,1999.9000,
	2026/04/30 11:56:23	,	365286	,	2896	,10.351477,1999.9000,0.22485913,-780.2359,594895.5000,38.408,604825.4375,1999.9000,
	2026/04/30 11:56:23	,	366286	,	2897	,10.347395,1999.9000,0.23947436,-782.5791,594983.5000,38.412,604739.6875,1999.9000,
	2026/04/30 11:56:23	,	367286	,	2898	,10.345965,1999.9000,0.23957519,-785.5266,594993.9375,38.414,604720.3125,1999.9000,
	2026/04/30 11:56:23	,	368286	,	2899	,10.341735,1999.9000,0.23989663,-788.3807,595140.7500,38.414,604720.3125,1999.9000,
	2026/04/30 11:56:23	,	369286	,	2900	,10.340395,1999.9000,0.24012193,-790.8585,595424.3750,38.412,604713.8750,1999.9000,
	2026/04/30 11:56:23	,	370286	,	2901	,10.336135,1999.9000,0.24365914,-792.9234,595508.3750,38.411,604710.6875,1999.9000,
	2026/04/30 11:56:23	,	371286	,	2902	,10.335018,1999.9000,0.24419168,-794.6442,595508.3750,38.412,604707.5000,1999.9000,
	2026/04/30 11:56:23	,	372286	,	2903	,10.333841,1999.9000,0.25220516,-795.9786,595508.3750,38.411,604707.5000,1999.9000,
	2026/04/30 11:56:23	,	373286	,	2904	,10.329225,1999.9000,0.25942141,-797.0908,595508.3750,38.411,604711.8750,1999.9000,
	2026/04/30 11:56:23	,	374286	,	2905	,10.328271,1999.9000,0.25942141,-798.1169,595508.3750,38.401,604724.2500,1999.9000,
	2026/04/30 11:56:23	,	375286	,	2906	,10.327368,1999.9000,0.25942147,-798.9720,595418.4375,38.392,604857.4375,1999.9000,
	2026/04/30 11:56:23	,	376286	,	2907	,10.326550,1999.9000,0.25942141,-799.3863,595407.6875,38.395,604908.0000,1999.9000,
	2026/04/30 11:56:23	,	377286	,	2908	,10.325788,1999.9000,0.25942141,-799.6320,595402.5000,38.396,604908.0000,1999.9000,
	2026/04/30 11:56:23	,	378286	,	2909	,10.325129,1999.9000,0.24937540,-799.6378,595318.3125,38.398,604917.3750,1999.9000,
	2026/04/30 11:56:23	,	379286	,	2910	,10.320883,1999.9000,0.24109405,-799.5431,595096.0625,38.394,604923.0625,1999.9000,
	2026/04/30 11:56:23	,	380286	,	2911	,10.320689,1999.9000,0.24109405,-799.4643,594894.1250,38.387,604926.8750,1999.9000,
	2026/04/30 11:56:23	,	381286	,	2912	,10.320387,1999.9000,0.24109410,-799.3986,594894.1250,38.376,604931.8750,1999.9000,
	2026/04/30 11:56:23	,	382286	,	2913	,10.320026,1999.9000,0.24109405,-799.1449,594894.1250,38.367,604931.8750,1999.9000,
	2026/04/30 11:56:23	,	383286	,	2914	,10.319697,1999.9000,0.24085079,-798.9335,594894.1250,38.363,604932.9375,1999.9000,
	2026/04/30 11:56:23	,	384286	,	2915	,10.319443,1999.9000,0.24056362,-798.9563,594894.1250,38.363,604927.1875,1999.9000,
	2026/04/30 11:56:23	,	385286	,	2916	,10.319221,1999.9000,0.24032426,-798.9753,594993.6250,38.359,604827.8125,1999.9000,
	2026/04/30 11:56:23	,	386286	,	2917	,10.319036,1999.9000,0.24012484,-798.7922,595016.8750,38.356,604797.9375,1999.9000,
	2026/04/30 11:56:23	,	387286	,	2918	,10.318884,1999.9000,0.24017821,-798.6396,595028.1250,38.353,604713.7500,1999.9000,
	2026/04/30 11:56:23	,	388286	,	2919	,10.318755,1999.9000,0.24022269,-798.5125,595127.6875,38.354,604688.6875,1999.9000,
	2026/04/30 11:56:23	,	389286	,	2920	,10.318648,1999.9000,0.24025972,-798.4064,595386.8125,38.355,604666.3750,1999.9000,
	2026/04/30 11:56:23	,	390286	,	2921	,10.318561,1999.9000,0.24029063,-798.3181,595611.5000,38.357,604648.6250,1999.9000,
	2026/04/30 11:56:23	,	391286	,	2922	,10.318491,1999.9000,0.23791766,-798.2445,595611.5000,38.361,604638.0000,1999.9000,
	2026/04/30 11:56:23	,	392286	,	2923	,10.318478,1999.9000,0.23701012,-798.1832,595611.5000,38.370,604630.8750,1999.9000,
	2026/04/30 11:56:23	,	393286	,	2924	,10.318530,1999.9000,0.23670760,-798.1321,595611.5000,38.377,604625.0000,1999.9000,
	2026/04/30 11:56:23	,	394286	,	2925	,10.318755,1999.9000,0.23655635,-798.0895,595611.5000,38.383,604620.0625,1999.9000,
	2026/04/30 11:56:23	,	395286	,	2926	,10.319189,1999.9000,0.23629795,-798.1534,595497.6250,38.388,604627.1250,1999.9000,
	2026/04/30 11:56:23	,	396286	,	2927	,10.319775,1999.9000,0.22611961,-798.3062,595467.0000,38.393,604718.5625,1999.9000,
	2026/04/30 11:56:23	,	397286	,	2928	,10.324011,1999.9000,0.21473752,-798.4335,595450.0000,38.398,604754.5000,1999.9000,
	2026/04/30 11:56:23	,	398286	,	2929	,10.324921,1999.9000,0.20280713,-798.5396,595431.0625,38.402,604850.2500,1999.9000,
	2026/04/30 11:56:23	,	399286	,	2930	,10.325948,1999.9000,0.18976748,-798.7275,595171.7500,38.406,604875.2500,1999.9000,
	2026/04/30 11:56:23	,	400286	,	2931	,10.330445,1999.9000,0.17854294,-798.8841,594882.7500,38.407,604975.2500,1999.9000,
	2026/04/30 11:56:23	,	401286	,	2932	,10.331740,1999.9000,0.17084776,-798.8156,594882.7500,38.411,604975.2500,1999.9000,
	2026/04/30 11:56:23	,	402286	,	2933	,10.333007,1999.9000,0.16339202,-798.6591,594882.7500,38.415,604975.2500,1999.9000,
	2026/04/30 11:56:23	,	403286	,	2934	,10.337952,1999.9000,0.15466323,-798.5287,594882.7500,38.418,604975.2500,1999.9000,
	2026/04/30 11:56:23	,	404286	,	2935	,10.339472,1999.9000,0.14541765,-798.2210,594882.7500,38.414,604975.2500,1999.9000,
	2026/04/30 11:56:23	,	405286	,	2936	,10.343553,1999.9000,0.13462168,-797.9646,594968.0000,38.408,604974.1250,1999.9000,
	2026/04/30 11:56:23	,	406286	,	2937	,10.345132,1999.9000,0.12345386,-797.7509,594994.5625,38.400,604966.9375,1999.9000,
	2026/04/30 11:56:23	,	407286	,	2938	,10.349986,1999.9000,0.11574604,-797.7719,595005.1250,38.396,604881.6250,1999.9000,
	2026/04/30 11:56:23	,	408286	,	2939	,10.351477,1999.9000,0.11488262,-797.7893,595020.3125,38.394,604843.9375,1999.9000,
	2026/04/30 11:56:23	,	409286	,	2940	,10.356093,1999.9000,0.11433221,-798.5996,595265.3125,38.395,604735.4375,1999.9000,
	2026/04/30 11:56:23	,	410286	,	2941	,10.357881,1999.9000,0.11399557,-799.2749,595565.0000,38.395,604703.1250,1999.9000,
	2026/04/30 11:56:23	,	411286	,	2942	,10.363213,1999.9000,0.10829031,-799.8376,595565.0000,38.395,604692.3750,1999.9000,
	2026/04/30 11:56:23	,	412286	,	2943	,10.365194,1999.9000,0.10806661,-800.5055,595565.0000,38.395,604687.0000,1999.9000,
	2026/04/30 11:56:23	,	413286	,	2944	,10.371285,1999.9000,0.10400470,-801.1614,595565.0000,38.395,604683.8125,1999.9000,
	2026/04/30 11:56:23	,	414286	,	2945	,10.373177,1999.9000,0.08907437,-801.8077,595565.0000,38.395,604681.6250,1999.9000,
	2026/04/30 11:56:23	,	415286	,	2946	,10.378852,1999.9000,0.07251171,-802.2467,595561.7500,38.395,604682.2500,1999.9000,
	2026/04/30 11:56:23	,	416286	,	2947	,10.382993,1999.9000,0.05767593,-802.5130,595476.8125,38.396,604691.5000,1999.9000,
	2026/04/30 11:56:23	,	417286	,	2948	,10.387074,1999.9000,0.04500183,-802.5361,595462.8750,38.394,604797.0625,1999.9000,
	2026/04/30 11:56:23	,	418286	,	2949	,10.391273,1999.9000,0.03425629,-802.5552,595444.5000,38.391,604881.6250,1999.9000,
	2026/04/30 11:56:23	,	419286	,	2950	,10.395682,1999.9000,0.02242669,-802.5712,595258.6875,38.389,604983.6875,1999.9000,
	2026/04/30 11:56:23	,	420286	,	2951	,10.397589,1999.9000,0.00716235,-802.5845,594978.1250,38.382,605102.0625,1999.9000,
	2026/04/30 11:56:23	,	421286	,	2952	,10.403576,1999.9000,-0.00853058,-802.5956,594958.8125,38.377,605102.0625,1999.9000,
	2026/04/30 11:56:23	,	422286	,	2953	,10.408342,1999.9000,-0.02490416,-802.4059,594952.3125,38.372,605102.0625,1999.9000,
	2026/04/30 11:56:23	,	423286	,	2954	,10.412722,1999.9000,-0.04227981,-802.1484,594949.0625,38.370,605102.0625,1999.9000,
	2026/04/30 11:56:23	,	424286	,	2955	,10.414687,1999.9000,-0.05925844,-801.9338,594947.1250,38.368,605102.0625,1999.9000,
	2026/04/30 11:56:23	,	425286	,	2956	,10.420824,1999.9000,-0.07812775,-800.7602,594945.8750,38.367,605091.6250,1999.9000,
	2026/04/30 11:56:23	,	426286	,	2957	,10.424994,1999.9000,-0.10048230,-799.3843,594956.8750,38.366,604962.5625,1999.9000,
	2026/04/30 11:56:23	,	427286	,	2958	,10.429462,1999.9000,-0.12471494,-797.9393,594969.1250,38.364,604935.0625,1999.9000,
	2026/04/30 11:56:23	,	428286	,	2959	,10.433514,1999.9000,-0.15081942,-795.0441,594980.7500,38.365,604839.3125,1999.9000,
	2026/04/30 11:56:23	,	429286	,	2960	,10.437684,1999.9000,-0.17901626,-791.5372,595171.7500,38.376,604809.3750,1999.9000,
	2026/04/30 11:56:23	,	430286	,	2961	,10.439560,1999.9000,-0.20950086,-788.6148,595466.0625,38.386,604782.9375,1999.9000,
	2026/04/30 11:56:23	,	431286	,	2962	,10.445459,1999.9000,-0.24948946,-786.1794,595491.4375,38.393,604769.6875,1999.9000,
	2026/04/30 11:56:23	,	432286	,	2963	,10.449599,1999.9000,-0.30480546,-783.9510,595499.8750,38.397,604761.7500,1999.9000,
	2026/04/30 11:56:23	,	433286	,	2964	,10.451446,1999.9000,-0.37851807,-782.0941,595499.8750,38.400,604756.4375,1999.9000,
	2026/04/30 11:56:23	,	434286	,	2965	,10.456868,1999.9000,-0.47112525,-780.7454,595504.1250,38.402,604752.0625,1999.9000,
	2026/04/30 11:56:23	,	435286	,	2966	,10.458730,1999.9000,-0.57959551,-779.9200,595506.6875,38.404,604749.3125,1999.9000,
	2026/04/30 11:56:23	,	436286	,	2967	,10.464136,1999.9000,-0.70206332,-779.4312,595508.3125,38.406,604758.0625,1999.9000,
	2026/04/30 11:56:23	,	437286	,	2968	,10.466086,1999.9000,-0.84070939,-779.2227,595425.0000,38.407,604864.0625,1999.9000,
	2026/04/30 11:56:23	,	438286	,	2969	,10.471523,1999.9000,-0.99798530,-780.2427,595401.5000,38.408,604952.8750,1999.9000,
	2026/04/30 11:56:23	,	439286	,	2970	,10.473207,1999.9000,-1.17554224,-781.0927,595390.6250,38.411,604990.0000,1999.9000,
	2026/04/30 11:56:23	,	440286	,	2971	,10.477809,1999.9000,-1.37338650,-781.8010,595287.9375,38.414,605113.5625,1999.9000,
	2026/04/30 11:56:23	,	441286	,	2972	,10.479299,1999.9000,-1.58376634,-782.3912,595044.8750,38.419,605125.6250,1999.9000,
	2026/04/30 11:56:23	,	442286	,	2973	,10.483915,1999.9000,-1.80185378,-782.8832,594842.8750,38.421,605129.6875,1999.9000,
	2026/04/30 11:56:23	,	443286	,	2974	,10.485390,1999.9000,-2.02672911,-782.6962,594842.8750,38.423,605131.6250,1999.9000,
	2026/04/30 11:56:23	,	444286	,	2975	,10.489575,1999.9000,-2.25692344,-782.0431,594842.8750,38.425,605132.8750,1999.9000,
	2026/04/30 11:56:23	,	445286	,	2976	,10.490886,1999.9000,-2.25692344,-780.7031,594842.8750,38.432,605133.6875,1999.9000,
	2026/04/30 11:56:23	,	446286	,	2977	,10.494997,1999.9000,-2.73107028,-779.5863,594842.8750,38.438,605126.1875,1999.9000,
	2026/04/30 11:56:23	,	447286	,	2978	,10.496233,1999.9000,-2.96996212,-778.6557,594937.0000,38.439,605035.0000,1999.9000,
	2026/04/30 11:56:23	,	448286	,	2979	,10.497399,1999.9000,-3.20579076,-777.8802,594955.5000,38.439,605009.3750,1999.9000,
	2026/04/30 11:56:23	,	449286	,	2980	,10.501997,1999.9000,-3.43592858,-777.2339,594961.8125,38.437,604993.9375,1999.9000,
	2026/04/30 11:56:23	,	450286	,	2981	,10.503160,1999.9000,-3.65702248,-777.0933,594980.1875,38.431,604981.2500,1999.9000,
	2026/04/30 11:56:23	,	451286	,	2982	,10.504271,1999.9000,-3.87074876,-777.5729,595289.6875,38.430,604973.6875,1999.9000,
	2026/04/30 11:56:23	,	452286	,	2983	,10.508461,1999.9000,-4.07244349,-778.4700,595530.4375,38.429,604968.6250,1999.9000,
	2026/04/30 11:56:23	,	453286	,	2984	,10.509280,1999.9000,-4.24631357,-779.2175,595530.4375,38.426,604964.3125,1999.9000,
	2026/04/30 11:56:23	,	454286	,	2985	,10.510060,1999.9000,-4.37651443,-780.0394,595530.4375,38.424,604960.8125,1999.9000,
	2026/04/30 11:56:23	,	455286	,	2986	,10.510844,1999.9000,-4.37651443,-781.1223,595530.4375,38.421,604958.8750,1999.9000,
	2026/04/30 11:56:23	,	456286	,	2987	,10.511523,1999.9000,-4.37651443,-782.9198,595530.4375,38.419,605068.8750,1999.9000,
	2026/04/30 11:56:23	,	457286	,	2988	,10.512086,1999.9000,-4.37651443,-785.9100,595404.6875,38.418,605164.3125,1999.9000,
	2026/04/30 11:56:23	,	458286	,	2989	,10.512669,1999.9000,-4.37651443,-788.9985,595372.2500,38.417,605178.1250,1999.9000,
	2026/04/30 11:56:23	,	459286	,	2990	,10.513193,1999.9000,-4.34849405,-792.9651,595360.0625,38.417,605187.2500,1999.9000,
	2026/04/30 11:56:23	,	460286	,	2991	,10.513690,1999.9000,-4.26140785,-796.7679,595344.5625,38.416,605191.7500,1999.9000,
	2026/04/30 11:56:23	,	461286	,	2992	,10.514164,1999.9000,-4.17273331,-800.0364,595122.8750,38.422,605194.5000,1999.9000,
	2026/04/30 11:56:23	,	462286	,	2993	,10.514574,1999.9000,-4.17273331,-802.7601,594857.7500,38.428,605196.3125,1999.9000,
	2026/04/30 11:56:23	,	463286	,	2994	,10.514915,1999.9000,-4.09135675,-805.0298,594857.7500,38.434,605197.8125,1999.9000,
	2026/04/30 11:56:23	,	464286	,	2995	,10.515201,1999.9000,-4.02450752,-806.9213,594857.7500,38.438,605194.0625,1999.9000,
	2026/04/30 11:56:23	,	465286	,	2996	,10.515438,1999.9000,-3.97179461,-808.4974,594857.7500,38.442,605077.8750,1999.9000,
	2026/04/30 11:56:23	,	466286	,	2997	,10.515635,1999.9000,-3.92911482,-809.4130,594857.7500,38.443,604971.0000,1999.9000,
	2026/04/30 11:56:23	,	467286	,	2998	,10.515795,1999.9000,-3.89314747,-809.8776,594960.8750,38.445,604883.4375,1999.9000,
	2026/04/30 11:56:23	,	468286	,	2999	,10.515874,1999.9000,-3.85954309,-809.4690,594988.5625,38.441,604786.1875,1999.9000,
	2026/04/30 11:56:23	,	469286	,	3000	,10.515829,1999.9000,-3.82607126,-808.5316,595000.3750,38.437,604746.6250,1999.9000,
	2026/04/30 11:56:23	,	470286	,	3001	,10.515638,1999.9000,-3.79293299,-807.4520,595014.0625,38.424,604721.7500,1999.9000,
	2026/04/30 11:56:23	,	471286	,	3002	,10.515222,1999.9000,-3.75709796,-805.9556,595248.0625,38.413,604709.3125,1999.9000,
	2026/04/30 11:56:23	,	472286	,	3003	,10.514651,1999.9000,-3.71991372,-804.7084,595537.6250,38.402,604701.9375,1999.9000,
	2026/04/30 11:56:23	,	473286	,	3004	,10.510516,1999.9000,-3.68430543,-803.6693,595537.6250,38.394,604696.8750,1999.9000,
	2026/04/30 11:56:23	,	474286	,	3005	,10.509607,1999.9000,-3.64999509,-802.8032,595537.6250,38.386,604692.7500,1999.9000,
	2026/04/30 11:56:23	,	475286	,	3006	,10.508620,1999.9000,-3.61819339,-802.0815,595537.6250,38.380,604699.8750,1999.9000,
	2026/04/30 11:56:23	,	476286	,	3007	,10.504619,1999.9000,-3.59028625,-801.4802,595537.6250,38.374,604806.7500,1999.9000,
	2026/04/30 11:56:23	,	477286	,	3008	,10.503442,1999.9000,-3.56395507,-800.8796,595443.4375,38.368,604838.1250,1999.9000,
	2026/04/30 11:56:23	,	478286	,	3009	,10.502206,1999.9000,-3.53713226,-800.3791,595357.0625,38.364,604929.9375,1999.9000,
	2026/04/30 11:56:23	,	479286	,	3010	,10.497023,1999.9000,-3.50867057,-799.9620,595351.3750,38.352,604969.4375,1999.9000,
	2026/04/30 11:56:23	,	480286	,	3011	,10.495637,1999.9000,-3.47823024,-799.0176,595344.1875,38.343,605078.5000,1999.9000,
	2026/04/30 11:56:23	,	481286	,	3012	,10.494311,1999.9000,-3.44947863,-798.2305,595192.5625,38.336,605078.5000,1999.9000,
	2026/04/30 11:56:23	,	482286	,	3013	,10.488563,1999.9000,-3.42263699,-797.5746,594924.5000,38.331,605078.5000,1999.9000,
	2026/04/30 11:56:23	,	483286	,	3014	,10.486715,1999.9000,-3.39421320,-797.0281,594909.8750,38.326,605078.5000,1999.9000,
	2026/04/30 11:56:23	,	484286	,	3015	,10.481771,1999.9000,-3.36454773,-797.0701,594905.0000,38.330,605078.5000,1999.9000,
	2026/04/30 11:56:23	,	485286	,	3016	,10.480013,1999.9000,-3.33200240,-797.3040,594902.5625,38.333,605076.3750,1999.9000,
	2026/04/30 11:56:23	,	486286	,	3017	,10.474741,1999.9000,-3.29282045,-797.7972,594901.0625,38.341,604989.1250,1999.9000,
	2026/04/30 11:56:23	,	487286	,	3018	,10.472968,1999.9000,-3.24579215,-798.3078,594900.0625,38.348,604958.3125,1999.9000,
	2026/04/30 11:56:23	,	488286	,	3019	,10.467650,1999.9000,-3.18733120,-798.7333,594911.8750,38.355,604933.3750,1999.9000,
	2026/04/30 11:56:23	,	489286	,	3020	,10.465849,1999.9000,-3.11218786,-799.2867,594999.0000,38.360,604825.4375,1999.9000,
	2026/04/30 11:56:23	,	490286	,	3021	,10.459936,1999.9000,-3.01758289,-799.8475,595009.1250,38.365,604798.2500,1999.9000,
	2026/04/30 11:56:23	,	491286	,	3022	,10.455914,1999.9000,-2.90132928,-800.6132,595157.4375,38.368,604716.7500,1999.9000,
	2026/04/30 11:56:23	,	492286	,	3023	,10.453963,1999.9000,-2.76447320,-801.4501,595438.6875,38.371,604716.7500,1999.9000,
	2026/04/30 11:56:23	,	493286	,	3024	,10.447961,1999.9000,-2.61303949,-802.2472,595528.0625,38.375,604716.7500,1999.9000,
	2026/04/30 11:56:23	,	494286	,	3025	,10.443552,1999.9000,-2.44849062,-802.9114,595528.0625,38.383,604716.7500,1999.9000,
	2026/04/30 11:56:23	,	495286	,	3026	,10.439352,1999.9000,-2.27305746,-803.4648,595528.0625,38.390,604716.7500,1999.9000,
	2026/04/30 11:56:23	,	496286	,	3027	,10.435033,1999.9000,-2.09112048,-803.9260,595528.0625,38.391,604727.9375,1999.9000,
	2026/04/30 11:56:23	,	497286	,	3028	,10.430743,1999.9000,-1.90386415,-804.2109,595528.0625,38.396,604842.3750,1999.9000,
	2026/04/30 11:56:23	,	498286	,	3029	,10.426602,1999.9000,-1.71249235,-800.8672,595423.8125,38.401,604860.8125,1999.9000,
	2026/04/30 11:56:23	,	499286	,	3030	,10.422491,1999.9000,-1.52025092,-796.9867,595401.1250,38.405,604881.0000,1999.9000,
	2026/04/30 11:56:23	,	500286	,	3031	,10.418083,1999.9000,-1.33105338,-793.6534,595390.1875,38.408,604966.8125,1999.9000,
	2026/04/30 11:56:23	,	501286	,	3032	,10.414032,1999.9000,-1.14965832,-790.7762,595275.4375,38.398,604988.5000,1999.9000,
	2026/04/30 11:56:23	,	502286	,	3033	,10.412140,1999.9000,-0.97793114,-787.8812,595027.0000,38.385,604995.7500,1999.9000,
	2026/04/30 11:56:23	,	503286	,	3034	,10.406168,1999.9000,-0.81782544,-785.4686,594836.8750,38.373,604999.3750,1999.9000,
	2026/04/30 11:56:23	,	504286	,	3035	,10.402117,1999.9000,-0.67934960,-783.4581,594836.8750,38.363,605001.5625,1999.9000,
	2026/04/30 11:56:23	,	505286	,	3036	,10.400135,1999.9000,-0.56395930,-781.7827,594836.8750,38.361,605003.0625,1999.9000,
	2026/04/30 11:56:23	,	506286	,	3037	,10.394282,1999.9000,-0.46370736,-780.3865,594836.8750,38.359,604993.6875,1999.9000,
	2026/04/30 11:56:23	,	507286	,	3038	,10.392316,1999.9000,-0.37290266,-779.2231,594836.8750,38.358,604871.3750,1999.9000,
	2026/04/30 11:56:23	,	508286	,	3039	,10.386061,1999.9000,-0.28717768,-778.2536,594942.3750,38.358,604841.4375,1999.9000,
	2026/04/30 11:56:23	,	509286	,	3040	,10.381711,1999.9000,-0.20178045,-777.3461,594962.3125,38.364,604749.3750,1999.9000,
	2026/04/30 11:56:23	,	510286	,	3041	,10.379761,1999.9000,-0.11518574,-776.6895,594969.7500,38.371,604724.0000,1999.9000,
	2026/04/30 11:56:23	,	511286	,	3042	,10.373877,1999.9000,-0.03016666,-776.3411,595055.0000,38.381,604701.5000,1999.9000,
	2026/04/30 11:56:23	,	512286	,	3043	,10.371955,1999.9000,0.04537369,-776.0508,595307.0000,38.381,604683.3750,1999.9000,
	2026/04/30 11:56:23	,	513286	,	3044	,10.366430,1999.9000,0.10104889,-775.8090,595548.8750,38.390,604672.4375,1999.9000,
	2026/04/30 11:56:23	,	514286	,	3045	,10.364851,1999.9000,0.13941778,-775.6074,595548.8750,38.397,604665.2500,1999.9000,
	2026/04/30 11:56:23	,	515286	,	3046	,10.360056,1999.9000,0.16637304,-776.2352,595548.8750,38.403,604659.2500,1999.9000,
	2026/04/30 11:56:23	,	516286	,	3047	,10.358297,1999.9000,0.18446718,-777.7531,595548.8750,38.408,604654.2500,1999.9000,
	2026/04/30 11:56:23	,	517286	,	3048	,10.353799,1999.9000,0.19922738,-779.2169,595548.8750,38.412,604660.8750,1999.9000,
	2026/04/30 11:56:23	,	518286	,	3049	,10.352549,1999.9000,0.21645807,-780.5363,595436.8750,38.415,604673.8125,1999.9000,
	2026/04/30 11:56:23	,	519286	,	3050	,10.348170,1999.9000,0.22631499,-782.5311,595412.1875,38.418,604791.6250,1999.9000,
	2026/04/30 11:56:23	,	520286	,	3051	,10.346800,1999.9000,0.22631499,-784.6907,595399.5625,38.421,604832.1250,1999.9000,
	2026/04/30 11:56:23	,	521286	,	3052	,10.342748,1999.9000,0.22631499,-786.9878,595381.7500,38.421,604832.1250,1999.9000,
	2026/04/30 11:56:23	,	522286	,	3053	,10.341423,1999.9000,0.22631499,-789.4989,595121.6875,38.421,604979.5000,1999.9000,
	2026/04/30 11:56:23	,	523286	,	3054	,10.340107,1999.9000,0.22631502,-791.6909,594844.6250,38.426,605093.6250,1999.9000,
	2026/04/30 11:56:23	,	524286	,	3055	,10.334914,1999.9000,0.22631502,-793.5176,594844.6250,38.430,605093.6250,1999.9000,
	2026/04/30 11:56:23	,	525286	,	3056	,10.333826,1999.9000,0.22631502,-795.4378,594844.6250,38.429,605093.6250,1999.9000,
	2026/04/30 11:56:23	,	526286	,	3057	,10.332689,1999.9000,0.22631502,-797.0379,594844.6250,38.433,605093.6250,1999.9000,
	2026/04/30 11:56:23	,	527286	,	3058	,10.328629,1999.9000,0.22631502,-797.9735,594844.6250,38.430,605093.6250,1999.9000,
	2026/04/30 11:56:23	,	528286	,	3059	,10.327735,1999.9000,0.23494926,-798.7531,594956.6250,38.424,605003.0000,1999.9000,
	2026/04/30 11:56:23	,	529286	,	3060	,10.326821,1999.9000,0.24477465,-799.4028,594988.1875,38.422,604861.1250,1999.9000,
	2026/04/30 11:56:23	,	530286	,	3061	,10.325933,1999.9000,0.24871367,-799.9442,595005.4375,38.421,604861.1250,1999.9000,
	2026/04/30 11:56:23	,	531286	,	3062	,10.325179,1999.9000,0.24882080,-800.3953,595022.7500,38.417,604778.9375,1999.9000,
	2026/04/30 11:56:23	,	532286	,	3063	,10.320973,1999.9000,0.24912122,-800.7713,595275.4375,38.410,604545.8125,1999.9000,
	2026/04/30 11:56:23	,	533286	,	3064	,10.320407,1999.9000,0.25155604,-801.0846,595588.8750,38.403,604545.8125,1999.9000,
	2026/04/30 11:56:23	,	534286	,	3065	,10.320129,1999.9000,0.25753701,-801.3457,595588.8750,38.397,604545.8125,1999.9000,
	2026/04/30 11:56:23	,	535286	,	3066	,10.319931,1999.9000,0.26334777,-801.3644,595588.8750,38.393,604545.8125,1999.9000,
	2026/04/30 11:56:23	,	536286	,	3067	,10.319722,1999.9000,0.26334777,-801.4794,595588.8750,38.393,604545.8125,1999.9000,
	2026/04/30 11:56:23	,	537286	,	3068	,10.319473,1999.9000,0.26334777,-801.5753,595588.8750,38.389,604545.8125,1999.9000,
	2026/04/30 11:56:23	,	538286	,	3069	,10.319256,1999.9000,0.26334777,-801.6551,595580.3125,38.386,604558.4375,1999.9000,
	2026/04/30 11:56:23	,	539286	,	3070	,10.319066,1999.9000,0.26334780,-801.7217,595464.3125,38.383,604679.8750,1999.9000,
	2026/04/30 11:56:23	,	540286	,	3071	,10.318887,1999.9000,0.25654119,-801.7772,595451.5000,38.380,604710.6875,1999.9000,
	2026/04/30 11:56:23	,	541286	,	3072	,10.318727,1999.9000,0.24654564,-801.8234,595438.6875,38.383,604818.8125,1999.9000,
	2026/04/30 11:56:23	,	542286	,	3073	,10.318595,1999.9000,0.23167832,-801.2651,595271.3125,38.390,604914.8750,1999.9000,
	2026/04/30 11:56:23	,	543286	,	3074	,10.318494,1999.9000,0.21638873,-800.7998,594985.2500,38.395,604914.8750,1999.9000,
	2026/04/30 11:56:23	,	544286	,	3075	,10.318432,1999.9000,0.21264513,-800.8099,594963.1875,38.400,604914.8750,1999.9000,
	2026/04/30 11:56:23	,	545286	,	3076	,10.318387,1999.9000,0.21264513,-800.4204,594955.8125,38.405,604914.8750,1999.9000,
	2026/04/30 11:56:23	,	546286	,	3077	,10.318405,1999.9000,0.21210316,-799.8969,594952.1250,38.410,604914.8750,1999.9000,
	2026/04/30 11:56:23	,	547286	,	3078	,10.318584,1999.9000,0.20934269,-799.4607,594949.9375,38.414,604914.7500,1999.9000,
	2026/04/30 11:56:23	,	548286	,	3079	,10.318913,1999.9000,0.20845722,-799.0972,594948.5000,38.417,604901.7500,1999.9000,
	2026/04/30 11:56:23	,	549286	,	3080	,10.319435,1999.9000,0.20537850,-798.9932,595029.9375,38.419,604783.1875,1999.9000,
	2026/04/30 11:56:23	,	550286	,	3081	,10.323653,1999.9000,0.20537850,-799.0060,595043.6250,38.414,604755.3750,1999.9000,
	2026/04/30 11:56:23	,	551286	,	3082	,10.324548,1999.9000,0.20515791,-799.0167,595056.1875,38.406,604652.1250,1999.9000,
	2026/04/30 11:56:23	,	552286	,	3083	,10.325549,1999.9000,0.19922738,-799.0167,595209.8750,38.398,604616.8125,1999.9000,
	2026/04/30 11:56:23	,	553286	,	3084	,10.326512,1999.9000,0.19827886,-799.1251,595505.3750,38.392,604602.8125,1999.9000,
	2026/04/30 11:56:23	,	554286	,	3085	,10.326512,1999.9000,0.19792064,-799.2153,595536.3750,38.386,604595.8125,1999.9000,
	2026/04/30 11:56:23	,	555286	,	3086	,10.331756,1999.9000,0.19761078,-799.2905,595546.7500,38.383,604591.6250,1999.9000,
	2026/04/30 11:56:23	,	556286	,	3087	,10.332977,1999.9000,0.19723707,-799.3533,595551.8750,38.378,604588.8750,1999.9000,
	2026/04/30 11:56:23	,	557286	,	3088	,10.334249,1999.9000,0.18821082,-799.4055,595555.0000,38.376,604586.5625,1999.9000,
	2026/04/30 11:56:23	,	558286	,	3089	,10.339591,1999.9000,0.17580140,-799.4490,595557.0000,38.379,604676.8750,1999.9000,
	2026/04/30 11:56:23	,	559286	,	3090	,10.341005,1999.9000,0.16094671,-799.1870,595461.9375,38.382,604771.6875,1999.9000,
	2026/04/30 11:56:23	,	560286	,	3091	,10.345221,1999.9000,0.14558153,-798.8690,595441.3750,38.386,604869.5000,1999.9000,
	2026/04/30 11:56:23	,	561286	,	3092	,10.346799,1999.9000,0.13226460,-798.6041,595428.9375,38.392,604969.2500,1999.9000,
	2026/04/30 11:56:23	,	562286	,	3093	,10.351536,1999.9000,0.12011362,-798.2839,595320.6875,38.399,605050.7500,1999.9000,
	2026/04/30 11:56:23	,	563286	,	3094	,10.353145,1999.9000,0.10887647,-798.0170,595077.0000,38.403,605050.7500,1999.9000,
	2026/04/30 11:56:23	,	564286	,	3095	,10.358506,1999.9000,0.10200685,-797.7946,594917.9375,38.406,605050.7500,1999.9000,
	2026/04/30 11:56:23	,	565286	,	3096	,10.360250,1999.9000,0.09756368,-797.6093,594917.9375,38.411,605050.7500,1999.9000,
	2026/04/30 11:56:23	,	566286	,	3097	,10.365655,1999.9000,0.09193566,-797.3553,594917.9375,38.414,605050.7500,1999.9000,
	2026/04/30 11:56:23	,	567286	,	3098	,10.369766,1999.9000,0.08487071,-797.1437,594917.9375,38.417,605047.3750,1999.9000,
	2026/04/30 11:56:23	,	568286	,	3099	,10.371688,1999.9000,0.07561249,-797.0670,594917.9375,38.414,604928.1250,1999.9000,
	2026/04/30 11:56:23	,	569286	,	3100	,10.377689,1999.9000,0.06477869,-797.0029,595022.2500,38.411,604823.0000,1999.9000,
	2026/04/30 11:56:23	,	570286	,	3101	,10.379656,1999.9000,0.05457516,-797.0490,595041.5625,38.408,604786.5000,1999.9000,
	2026/04/30 11:56:23	,	571286	,	3102	,10.385554,1999.9000,0.04558795,-797.1869,595048.2500,38.406,604693.1875,1999.9000,
	2026/04/30 11:56:23	,	572286	,	3103	,10.389695,1999.9000,0.03933598,-797.3019,595134.1875,38.405,604693.1875,1999.9000,
	2026/04/30 11:56:23	,	573286	,	3104	,10.394134,1999.9000,0.03694737,-797.6960,595392.8125,38.403,604693.1875,1999.9000,
	2026/04/30 11:56:23	,	574286	,	3105	,10.398214,1999.9000,0.03290756,-798.2485,595613.2500,38.402,604693.1875,1999.9000,
	2026/04/30 11:56:23	,	575286	,	3106	,10.402236,1999.9000,0.02552117,-798.6838,595613.2500,38.402,604693.1875,1999.9000,
	2026/04/30 11:56:23	,	576286	,	3107	,10.407001,1999.9000,0.01459915,-798.6838,595613.2500,38.403,604694.6875,1999.9000,
	2026/04/30 11:56:23	,	577286	,	3108	,10.411440,1999.9000,-0.00177443,-799.0467,595613.2500,38.403,604701.5625,1999.9000,
	2026/04/30 11:56:23	,	578286	,	3109	,10.413437,1999.9000,-0.02236429,-799.3489,595613.2500,38.405,604792.8125,1999.9000,
	2026/04/30 11:56:23	,	579286	,	3110	,10.419632,1999.9000,-0.04573983,-799.6009,595497.6250,38.410,604823.9375,1999.9000,
	2026/04/30 11:56:23	,	580286	,	3111	,10.423683,1999.9000,-0.07259428,-799.3135,595471.3750,38.410,604848.0000,1999.9000,
	2026/04/30 11:56:23	,	581286	,	3112	,10.427824,1999.9000,-0.10148439,-798.4771,595455.9375,38.411,604947.4375,1999.9000,
	2026/04/30 11:56:23	,	582286	,	3113	,10.432114,1999.9000,-0.13217066,-796.4870,595368.3750,38.412,604982.8125,1999.9000,
	2026/04/30 11:56:23	,	583286	,	3114	,10.434064,1999.9000,-0.16890094,-793.5354,595158.0625,38.412,605088.7500,1999.9000,
	2026/04/30 11:56:23	,	584286	,	3115	,10.439858,1999.9000,-0.20937482,-789.7826,594866.6875,38.412,605088.7500,1999.9000,
	2026/04/30 11:56:23	,	585286	,	3116	,10.441824,1999.9000,-0.25397044,-786.6552,594866.6875,38.416,605088.7500,1999.9000,
	2026/04/30 11:56:23	,	586286	,	3117	,10.447515,1999.9000,-0.30816463,-784.0491,594866.6875,38.419,605088.7500,1999.9000,
	2026/04/30 11:56:23	,	587286	,	3118	,10.449272,1999.9000,-0.37522823,-781.8773,594866.6875,38.418,605088.7500,1999.9000,
	2026/04/30 11:56:23	,	588286	,	3119	,10.454931,1999.9000,-0.45718437,-780.0674,594866.6875,38.417,605077.7500,1999.9000,
	2026/04/30 11:56:23	,	589286	,	3120	,10.459012,1999.9000,-0.55473262,-779.6534,594878.1875,38.417,604941.3750,1999.9000,
	2026/04/30 11:56:23	,	590286	,	3121	,10.460993,1999.9000,-0.66676998,-779.8058,594991.8125,38.416,604910.8750,1999.9000,
	2026/04/30 11:56:23	,	591286	,	3122	,10.466668,1999.9000,-0.79451925,-780.0324,595002.8125,38.419,604821.1875,1999.9000,
	2026/04/30 11:56:23	,	592286	,	3123	,10.468381,1999.9000,-0.93947399,-780.3206,595019.4375,38.421,604786.1250,1999.9000,
	2026/04/30 11:56:23	,	593286	,	3124	,10.473341,1999.9000,-1.10007119,-780.6603,595240.8125,38.420,604690.7500,1999.9000,
	2026/04/30 11:56:23	,	594286	,	3125	,10.474830,1999.9000,-1.27854204,-781.4407,595536.3750,38.419,604690.7500,1999.9000,
	2026/04/30 11:56:23	,	595286	,	3126	,10.479596,1999.9000,-1.47438228,-782.0911,595536.3750,38.420,604690.7500,1999.9000,
	2026/04/30 11:56:23	,	596286	,	3127	,10.481219,1999.9000,-1.68333757,-782.6331,595536.3750,38.420,604690.7500,1999.9000,
	2026/04/30 11:56:23	,	597286	,	3128	,10.485614,1999.9000,-1.90476537,-783.0847,595536.3750,38.421,604690.7500,1999.9000,
	2026/04/30 11:56:23	,	598286	,	3129	,10.487282,1999.9000,-2.13756895,-783.4610,595536.3750,38.423,604701.6875,1999.9000,
	2026/04/30 11:56:23	,	599286	,	3130	,10.491750,1999.9000,-2.37840819,-783.7746,595525.4375,38.423,604826.0625,1999.9000,
	2026/04/30 11:56:23	,	600286	,	3131	,10.492852,1999.9000,-2.62421346,-783.5386,595394.5625,38.415,604855.0625,1999.9000,
	2026/04/30 11:56:23	,	601286	,	3132	,10.494034,1999.9000,-2.87113452,-781.6509,595380.6250,38.409,604943.8125,1999.9000,
	2026/04/30 11:56:23	,	602286	,	3133	,10.499346,1999.9000,-3.11534548,-780.0778,595363.8125,38.399,604982.7500,1999.9000,
	2026/04/30 11:56:23	,	603286	,	3134	,10.500537,1999.9000,-3.35758996,-778.7668,595182.4375,38.391,605109.9375,1999.9000,
	2026/04/30 11:56:23	,	604286	,	3135	,10.501520,1999.9000,-3.59404898,-777.6744,594897.6250,38.384,605195.6875,1999.9000,
	2026/04/30 11:56:23	,	605286	,	3136	,10.505751,1999.9000,-3.82010889,-776.7641,594887.5000,38.380,605195.6875,1999.9000,
	2026/04/30 11:56:23	,	606286	,	3137	,10.506719,1999.9000,-4.03338766,-776.9007,594884.1875,38.379,605195.6875,1999.9000,
	2026/04/30 11:56:23	,	607286	,	3138	,10.507638,1999.9000,-4.22094679,-777.1141,594882.4375,38.378,605195.6875,1999.9000,
	2026/04/30 11:56:23	,	608286	,	3139	,10.508514,1999.9000,-4.36448336,-777.8887,594881.4375,38.378,605195.6875,1999.9000,
	2026/04/30 11:56:23	,	609286	,	3140	,10.509302,1999.9000,-4.37885284,-780.1257,594880.7500,38.382,605090.5625,1999.9000,
	2026/04/30 11:56:23	,	610286	,	3141	,10.513526,1999.9000,-4.37885284,-782.2885,594893.5000,38.391,604987.8750,1999.9000,
	2026/04/30 11:56:23	,	611286	,	3142	,10.513868,1999.9000,-4.37885284,-785.5828,594987.6250,38.398,604891.3125,1999.9000,
	2026/04/30 11:56:23	,	612286	,	3143	,10.514310,1999.9000,-4.37885284,-789.5217,595000.1250,38.400,604854.4375,1999.9000,
	2026/04/30 11:56:23	,	613286	,	3144	,10.514665,1999.9000,-4.37885284,-793.0032,595151.5000,38.403,604839.3125,1999.9000,
	2026/04/30 11:56:23	,	614286	,	3145	,10.514961,1999.9000,-4.28849554,-796.5011,595453.5625,38.408,604831.8125,1999.9000,
	2026/04/30 11:56:23	,	615286	,	3146	,10.515219,1999.9000,-4.19179821,-799.5156,595485.1875,38.410,604827.2500,1999.9000,
	2026/04/30 11:56:23	,	616286	,	3147	,10.515442,1999.9000,-4.09934855,-802.7240,595495.7500,38.412,604824.2500,1999.9000,
	2026/04/30 11:56:23	,	617286	,	3148	,10.515658,1999.9000,-4.09934855,-805.3976,595501.0000,38.414,604821.6875,1999.9000,
	2026/04/30 11:56:23	,	618286	,	3149	,10.515839,1999.9000,-3.95762062,-807.6257,595504.1875,38.416,604830.5000,1999.9000,
	2026/04/30 11:56:23	,	619286	,	3150	,10.515989,1999.9000,-3.90786982,-808.7861,595506.2500,38.417,604964.3125,1999.9000,
	2026/04/30 11:56:23	,	620286	,	3151	,10.516114,1999.9000,-3.86486840,-809.6536,595424.3750,38.418,604994.8125,1999.9000,
	2026/04/30 11:56:23	,	621286	,	3152	,10.516219,1999.9000,-3.82472849,-810.1776,595398.7500,38.419,605104.5000,1999.9000,
	2026/04/30 11:56:23	,	622286	,	3153	,10.516266,1999.9000,-3.78608871,-810.5148,595380.6875,38.410,605211.4375,1999.9000,
	2026/04/30 11:56:23	,	623286	,	3154	,10.516202,1999.9000,-3.75249076,-810.0995,595246.1875,38.403,605211.4375,1999.9000,
	2026/04/30 11:56:23	,	624286	,	3155	,10.516008,1999.9000,-3.72518253,-808.9576,595008.5000,38.396,605211.4375,1999.9000,
	2026/04/30 11:56:23	,	625286	,	3156	,10.515674,1999.9000,-3.69970179,-807.1108,594854.1875,38.391,605211.4375,1999.9000,
	2026/04/30 11:56:23	,	626286	,	3157	,10.515246,1999.9000,-3.67551970,-805.4723,594854.1875,38.388,605211.4375,1999.9000,
	2026/04/30 11:56:23	,	627286	,	3158	,10.514647,1999.9000,-3.65136909,-804.0074,594854.1875,38.384,605203.7500,1999.9000,
	2026/04/30 11:56:23	,	628286	,	3159	,10.510159,1999.9000,-3.62499356,-802.6872,594854.1875,38.382,605109.3125,1999.9000,
	2026/04/30 11:56:23	,	629286	,	3160	,10.509131,1999.9000,-3.59880733,-801.1891,594854.1875,38.383,605072.1250,1999.9000,
	2026/04/30 11:56:23	,	630286	,	3161	,10.508004,1999.9000,-3.57472587,-799.9407,594943.0000,38.383,604972.8125,1999.9000,
	2026/04/30 11:56:23	,	631286	,	3162	,10.503665,1999.9000,-3.55162120,-798.9004,594956.9375,38.384,604939.3125,1999.9000,
	2026/04/30 11:56:23	,	632286	,	3163	,10.502548,1999.9000,-3.52782989,-798.0333,594966.9375,38.390,604826.6875,1999.9000,
	2026/04/30 11:56:23	,	633286	,	3164	,10.498512,1999.9000,-3.49992275,-797.3109,595062.7500,38.404,604791.3125,1999.9000,
	2026/04/30 11:56:23	,	634286	,	3165	,10.496933,1999.9000,-3.46728897,-796.7088,595321.3125,38.415,604779.5000,1999.9000,
	2026/04/30 11:56:23	,	635286	,	3166	,10.492643,1999.9000,-3.43517208,-796.3066,595527.4375,38.424,604773.6250,1999.9000,
	2026/04/30 11:56:23	,	636286	,	3167	,10.491020,1999.9000,-3.40356588,-795.9713,595527.4375,38.428,604770.1250,1999.9000,
	2026/04/30 11:56:23	,	637286	,	3168	,10.486507,1999.9000,-3.37164426,-795.6920,595527.4375,38.429,604767.7500,1999.9000,
	2026/04/30 11:56:23	,	638286	,	3169	,10.484899,1999.9000,-3.34009457,-795.6581,595527.4375,38.419,604766.9375,1999.9000,
	2026/04/30 11:56:23	,	639286	,	3170	,10.479895,1999.9000,-3.30632615,-795.8289,595527.4375,38.418,604777.0625,1999.9000,
	2026/04/30 11:56:23	,	640286	,	3171	,10.478106,1999.9000,-3.26627469,-796.0706,595419.0000,38.418,604891.9375,1999.9000,
	2026/04/30 11:56:23	,	641286	,	3172	,10.472953,1999.9000,-3.21611404,-796.4711,595392.8125,38.417,604924.5000,1999.9000,
	2026/04/30 11:56:23	,	642286	,	3173	,10.471225,1999.9000,-3.15085292,-797.1031,595375.5625,38.417,605024.7500,1999.9000,
	2026/04/30 11:56:23	,	643286	,	3174	,10.465477,1999.9000,-3.06836104,-798.1273,595287.9375,38.416,605059.7500,1999.9000,
	2026/04/30 11:56:23	,	644286	,	3175	,10.463555,1999.9000,-2.96894121,-799.0802,595087.7500,38.414,605080.3125,1999.9000,
	2026/04/30 11:56:23	,	645286	,	3176	,10.457195,1999.9000,-2.96894121,-800.1728,594804.1250,38.413,605090.5625,1999.9000,
	2026/04/30 11:56:23	,	646286	,	3177	,10.453055,1999.9000,-2.84879255,-801.1827,594804.1250,38.413,605096.7500,1999.9000,
	2026/04/30 11:56:23	,	647286	,	3178	,10.448915,1999.9000,-2.70827484,-802.5216,594804.1250,38.413,605100.8125,1999.9000,
	2026/04/30 11:56:23	,	648286	,	3179	,10.444684,1999.9000,-2.54975080,-803.6374,594804.1250,38.413,605104.2500,1999.9000,
	2026/04/30 11:56:23	,	649286	,	3180	,10.440424,1999.9000,-2.37378860,-804.5673,594804.1250,38.418,605092.6250,1999.9000,
	2026/04/30 11:56:23	,	650286	,	3181	,10.436374,1999.9000,-2.18496275,-804.7454,594935.8125,38.422,604957.1250,1999.9000,
	2026/04/30 11:56:23	,	651286	,	3182	,10.434377,1999.9000,-1.98932433,-804.8937,594964.3750,38.425,604922.0625,1999.9000,
	2026/04/30 11:56:23	,	652286	,	3183	,10.428301,1999.9000,-1.79017544,-803.4257,594977.2500,38.428,604786.7500,1999.9000,
	2026/04/30 11:56:23	,	653286	,	3184	,10.424070,1999.9000,-1.59069884,-800.4118,594992.1875,38.430,604688.9375,1999.9000,
	2026/04/30 11:56:23	,	654286	,	3185	,10.419751,1999.9000,-1.39351010,-797.1046,595235.5000,38.429,604655.1250,1999.9000,
	2026/04/30 11:56:23	,	655286	,	3186	,10.417815,1999.9000,-1.19960463,-793.7516,595530.4375,38.427,604643.8750,1999.9000,
	2026/04/30 11:56:23	,	656286	,	3187	,10.412333,1999.9000,-1.01359630,-789.8633,595530.4375,38.426,604638.2500,1999.9000,
	2026/04/30 11:56:23	,	657286	,	3188	,10.410338,1999.9000,-0.84036905,-786.6230,595530.4375,38.424,604634.8750,1999.9000,
	2026/04/30 11:56:23	,	658286	,	3189	,10.404023,1999.9000,-0.68860775,-783.9228,595530.4375,38.422,604632.6250,1999.9000,
	2026/04/30 11:56:23	,	659286	,	3190	,10.402042,1999.9000,-0.46353719,-781.6725,595530.4375,38.420,604746.9375,1999.9000,
	2026/04/30 11:56:23	,	660286	,	3191	,10.395921,1999.9000,-0.46353719,-779.5984,595420.8125,38.420,604838.6875,1999.9000,
	2026/04/30 11:56:23	,	661286	,	3192	,10.391422,1999.9000,-0.37652022,-777.4722,595382.0625,38.417,604857.7500,1999.9000,
	2026/04/30 11:56:23	,	662286	,	3193	,10.387192,1999.9000,-0.29619011,-775.5013,595364.0000,38.417,604879.4375,1999.9000,
	2026/04/30 11:56:23	,	663286	,	3194	,10.385197,1999.9000,-0.21707632,-773.8589,595350.6875,38.416,604974.6875,1999.9000,
	2026/04/30 11:56:23	,	664286	,	3195	,10.379478,1999.9000,-0.13709281,-772.5897,595166.3750,38.415,604993.9375,1999.9000,
	2026/04/30 11:56:23	,	665286	,	3196	,10.377615,1999.9000,-0.06023530,-771.6315,594887.0000,38.413,605000.3750,1999.9000,
	2026/04/30 11:56:23	,	666286	,	3197	,10.371733,1999.9000,0.00819594,-770.8330,594866.1250,38.409,605003.6250,1999.9000,
	2026/04/30 11:56:23	,	667286	,	3198	,10.369766,1999.9000,0.06129348,-770.1676,594859.1250,38.402,605005.5000,1999.9000,
	2026/04/30 11:56:23	,	668286	,	3199	,10.364375,1999.9000,0.09837668,-769.6131,594855.6875,38.396,605006.8125,1999.9000,
	2026/04/30 11:56:23	,	669286	,	3200	,10.362721,1999.9000,0.12628990,-770.6431,594853.6250,38.390,604994.2500,1999.9000,
	2026/04/30 11:56:23	,	670286	,	3201	,10.358209,1999.9000,0.14917386,-771.8994,594852.1875,38.386,604856.8125,1999.9000,
	2026/04/30 11:56:23	,	671286	,	3202	,10.356630,1999.9000,0.16896966,-773.2447,594864.4375,38.383,604832.4375,1999.9000,
	2026/04/30 11:56:23	,	672286	,	3203	,10.351983,1999.9000,0.18993136,-775.6589,594960.2500,38.381,604727.5625,1999.9000,
	2026/04/30 11:56:23	,	673286	,	3204	,10.350627,1999.9000,0.21254429,-779.1628,594974.8125,38.379,604697.9375,1999.9000,
	2026/04/30 11:56:23	,	674286	,	3205	,10.349380,1999.9000,0.23244724,-782.0828,595134.1875,38.382,604688.1250,1999.9000,
	2026/04/30 11:56:23	,	675286	,	3206	,10.344118,1999.9000,0.24188818,-784.8146,595431.5000,38.386,604683.1875,1999.9000,
	2026/04/30 11:56:23	,	676286	,	3207	,10.342882,1999.9000,0.24211192,-787.2900,595469.9375,38.390,604683.1875,1999.9000,
	2026/04/30 11:56:23	,	677286	,	3208	,10.341646,1999.9000,0.24267596,-789.4523,595482.7500,38.394,604678.2500,1999.9000,
	2026/04/30 11:56:23	,	678286	,	3209	,10.336254,1999.9000,0.24623680,-791.3537,595489.1250,38.398,604678.2500,1999.9000,
	2026/04/30 11:56:23	,	679286	,	3210	,10.334959,1999.9000,0.24667169,-792.9382,595493.0000,38.402,604686.2500,1999.9000,
	2026/04/30 11:56:23	,	680286	,	3211	,10.330922,1999.9000,0.24719267,-794.2586,595495.5625,38.404,604791.0625,1999.9000,
	2026/04/30 11:56:23	,	681286	,	3212	,10.329894,1999.9000,0.24745315,-795.6573,595485.1875,38.406,604823.6250,1999.9000,
	2026/04/30 11:56:23	,	682286	,	3213	,10.329005,1999.9000,0.24720989,-796.8229,595400.5625,38.407,604845.1875,1999.9000,
	2026/04/30 11:56:23	,	683286	,	3214	,10.328107,1999.9000,0.24704774,-797.7943,595384.1250,38.407,604948.6875,1999.9000,
	2026/04/30 11:56:23	,	684286	,	3215	,10.323922,1999.9000,0.24691257,-798.6038,595280.8125,38.402,604956.5000,1999.9000,
	2026/04/30 11:56:23	,	685286	,	3216	,10.323430,1999.9000,0.24679996,-799.2784,595041.2500,38.395,604959.0625,1999.9000,
	2026/04/30 11:56:23	,	686286	,	3217	,10.322830,1999.9000,0.24299739,-799.8405,594897.1250,38.389,604960.3750,1999.9000,
	2026/04/30 11:56:23	,	687286	,	3218	,10.322283,1999.9000,0.24299739,-800.3090,594897.1250,38.384,604961.1875,1999.9000,
	2026/04/30 11:56:23	,	688286	,	3219	,10.321777,1999.9000,0.24299736,-800.6993,594897.1250,38.380,604961.6875,1999.9000,
	2026/04/30 11:56:23	,	689286	,	3220	,10.321330,1999.9000,0.24299739,-801.0246,594897.1250,38.379,604951.4375,1999.9000,
	2026/04/30 11:56:23	,	690286	,	3221	,10.320909,1999.9000,0.24299739,-800.5994,594897.1250,38.384,604841.1250,1999.9000,
	2026/04/30 11:56:23	,	691286	,	3222	,10.320517,1999.9000,0.24560660,-800.0461,594979.3125,38.387,604808.8125,1999.9000,
	2026/04/30 11:56:23	,	692286	,	3223	,10.320116,1999.9000,0.24560660,-799.7839,595002.5000,38.390,604785.5625,1999.9000,
	2026/04/30 11:56:23	,	693286	,	3224	,10.319733,1999.9000,0.24560656,-799.3666,595017.0625,38.393,604674.4375,1999.9000,
	2026/04/30 11:56:23	,	694286	,	3225	,10.319374,1999.9000,0.24560660,-799.0187,595127.6875,38.395,604639.6875,1999.9000,
	2026/04/30 11:56:23	,	695286	,	3226	,10.319075,1999.9000,0.24560660,-798.7289,595392.1875,38.390,604613.1875,1999.9000,
	2026/04/30 11:56:23	,	696286	,	3227	,10.318826,1999.9000,0.24538286,-798.4874,595581.6250,38.387,604600.0000,1999.9000,
	2026/04/30 11:56:23	,	697286	,	3228	,10.318618,1999.9000,0.24076638,-798.2861,595581.6250,38.384,604592.0625,1999.9000,
	2026/04/30 11:56:23	,	698286	,	3229	,10.318444,1999.9000,0.24016449,-797.9194,595581.6250,38.381,604586.7500,1999.9000,
	2026/04/30 11:56:23	,	699286	,	3230	,10.318344,1999.9000,0.23981470,-797.8127,595581.6250,38.379,604582.3750,1999.9000,
	2026/04/30 11:56:23	,	700286	,	3231	,10.318396,1999.9000,0.23959726,-797.7239,595581.6250,38.377,604580.5625,1999.9000,
	2026/04/30 11:56:23	,	701286	,	3232	,10.318557,1999.9000,0.23712358,-797.6498,595468.5000,38.376,604662.3750,1999.9000,
	2026/04/30 11:56:23	,	702286	,	3233	,10.318816,1999.9000,0.23444508,-797.6876,595445.8125,38.377,604696.1875,1999.9000,
	2026/04/30 11:56:23	,	703286	,	3234	,10.319210,1999.9000,0.23051868,-797.7191,595430.3125,38.381,604819.4375,1999.9000,
	2026/04/30 11:56:23	,	704286	,	3235	,10.319793,1999.9000,0.22443061,-797.9442,595348.6875,38.385,604819.4375,1999.9000,
	2026/04/30 11:56:23	,	705286	,	3236	,10.324666,1999.9000,0.21316192,-798.1319,595158.0625,38.386,604900.9375,1999.9000,
	2026/04/30 11:56:23	,	706286	,	3237	,10.325620,1999.9000,0.19668122,-798.2883,594871.5000,38.386,604912.0625,1999.9000,
	2026/04/30 11:56:23	,	707286	,	3238	,10.325620,1999.9000,0.18258910,-798.4185,594871.5000,38.386,604915.8125,1999.9000,
	2026/04/30 11:56:23	,	708286	,	3239	,10.330773,1999.9000,0.17364600,-798.5272,594871.5000,38.388,604917.6250,1999.9000,
	2026/04/30 11:56:23	,	709286	,	3240	,10.331920,1999.9000,0.16919021,-798.6177,594871.5000,38.389,604918.7500,1999.9000,
	2026/04/30 11:56:23	,	710286	,	3241	,10.333157,1999.9000,0.16879630,-798.6931,594871.5000,38.389,604919.5000,1999.9000,
	2026/04/30 11:56:23	,	711286	,	3242	,10.338607,1999.9000,0.16644871,-798.7559,594975.7500,38.389,604910.4375,1999.9000,
	2026/04/30 11:56:23	,	712286	,	3243	,10.340067,1999.9000,0.15992574,-798.8083,594998.6875,38.387,604823.6250,1999.9000,
	2026/04/30 11:56:23	,	713286	,	3244	,10.344714,1999.9000,0.15009403,-798.9514,595013.2500,38.385,604809.7500,1999.9000,
	2026/04/30 11:56:23	,	714286	,	3245	,10.345980,1999.9000,0.13854173,-799.0707,595027.4375,38.384,604792.8125,1999.9000,
	2026/04/30 11:56:23	,	715286	,	3246	,10.350195,1999.9000,0.12900624,-799.1701,595253.9375,38.387,604773.5000,1999.9000,
	2026/04/30 11:56:23	,	716286	,	3247	,10.351805,1999.9000,0.12547691,-799.2529,595551.2500,38.390,604685.9375,1999.9000,
	2026/04/30 11:56:23	,	717286	,	3248	,10.356570,1999.9000,0.12543279,-799.3220,595551.2500,38.394,604685.9375,1999.9000,
	2026/04/30 11:56:23	,	718286	,	3249	,10.358461,1999.9000,0.12528153,-799.3795,595551.2500,38.398,604685.9375,1999.9000,
	2026/04/30 11:56:23	,	719286	,	3250	,10.364077,1999.9000,0.12508775,-799.4274,595551.2500,38.400,604685.9375,1999.9000,
	2026/04/30 11:56:23	,	720286	,	3251	,10.365910,1999.9000,0.12103374,-799.6663,595551.2500,38.403,604685.9375,1999.9000,
	2026/04/30 11:56:23	,	721286	,	3252	,10.371702,1999.9000,0.11086801,-800.2632,595544.3125,38.405,604695.0625,1999.9000,
	2026/04/30 11:56:23	,	722286	,	3253	,10.373669,1999.9000,0.09697757,-800.8602,595441.6250,38.406,604708.1250,1999.9000,
	2026/04/30 11:56:23	,	723286	,	3254	,10.379656,1999.9000,0.08169431,-801.3577,595429.4375,38.408,604803.0625,1999.9000,
	2026/04/30 11:56:23	,	724286	,	3255	,10.384154,1999.9000,0.06699712,-801.6727,595416.2500,38.409,604824.2500,1999.9000,
	2026/04/30 11:56:23	,	725286	,	3256	,10.388384,1999.9000,0.05263403,-801.9352,595248.5625,38.414,604907.0000,1999.9000,
	2026/04/30 11:56:23	,	726286	,	3257	,10.390261,1999.9000,0.03619109,-802.1539,594978.7500,38.414,604995.7500,1999.9000,
	2026/04/30 11:56:23	,	727286	,	3258	,10.396278,1999.9000,0.02145614,-802.3363,594888.1250,38.414,605033.8125,1999.9000,
	2026/04/30 11:56:23	,	728286	,	3259	,10.400567,1999.9000,0.00924844,-802.4882,594888.1250,38.414,605046.5000,1999.9000,
	2026/04/30 11:56:23	,	729286	,	3260	,10.405006,1999.9000,-0.00246769,-802.4158,594888.1250,38.417,605052.8125,1999.9000,
	2026/04/30 11:56:23	,	730286	,	3261	,10.409296,1999.9000,-0.01317544,-802.3557,594888.1250,38.420,605056.6875,1999.9000,
	2026/04/30 11:56:23	,	731286	,	3262	,10.413496,1999.9000,-0.02414158,-802.2059,594888.1250,38.422,605059.1875,1999.9000,
	2026/04/30 11:56:23	,	732286	,	3263	,10.417756,1999.9000,-0.03797530,-801.8823,594900.4375,38.424,605051.6875,1999.9000,
	2026/04/30 11:56:23	,	733286	,	3264	,10.422015,1999.9000,-0.05542028,-801.6125,594990.6250,38.425,604940.1875,1999.9000,
	2026/04/30 11:56:23	,	734286	,	3265	,10.422015,1999.9000,-0.07710047,-800.5919,595006.1250,38.425,604904.8750,1999.9000,
	2026/04/30 11:56:23	,	735286	,	3266	,10.429879,1999.9000,-0.10120077,-798.8462,595173.5625,38.425,604795.8750,1999.9000,
	2026/04/30 11:56:23	,	736286	,	3267	,10.434020,1999.9000,-0.12302590,-797.1924,595460.7500,38.424,604762.3125,1999.9000,
	2026/04/30 11:56:23	,	737286	,	3268	,10.436016,1999.9000,-0.14682369,-793.7255,595486.3750,38.424,604751.1875,1999.9000,
	2026/04/30 11:56:23	,	738286	,	3269	,10.441943,1999.9000,-0.17664026,-790.7368,595494.8750,38.424,604745.5625,1999.9000,
	2026/04/30 11:56:23	,	739286	,	3270	,10.443925,1999.9000,-0.21326968,-788.1467,595499.1875,38.425,604742.2500,1999.9000,
	2026/04/30 11:56:23	,	740286	,	3271	,10.450106,1999.9000,-0.26154593,-785.9883,595501.7500,38.421,604740.0000,1999.9000,
	2026/04/30 11:56:23	,	741286	,	3272	,10.454276,1999.9000,-0.32691419,-784.1896,595503.4375,38.416,604748.0000,1999.9000,
	2026/04/30 11:56:23	,	742286	,	3273	,10.456034,1999.9000,-0.40958881,-782.7902,595416.0625,38.413,604855.6875,1999.9000,
	2026/04/30 11:56:23	,	743286	,	3274	,10.461485,1999.9000,-0.50784290,-781.7234,595416.0625,38.410,604876.5000,1999.9000,
	2026/04/30 11:56:23	,	744286	,	3275	,10.463227,1999.9000,-0.62015134,-781.4314,595380.3125,38.411,604959.5000,1999.9000,
	2026/04/30 11:56:23	,	745286	,	3276	,10.468694,1999.9000,-0.74715060,-781.6854,595380.3125,38.414,604995.1875,1999.9000,
	2026/04/30 11:56:23	,	746286	,	3277	,10.470437,1999.9000,-0.89395189,-782.3945,595259.9375,38.417,605105.7500,1999.9000,
	2026/04/30 11:56:23	,	747286	,	3278	,10.475574,1999.9000,-1.05933261,-782.3945,594817.8750,38.420,605105.7500,1999.9000,
	2026/04/30 11:56:23	,	748286	,	3279	,10.475574,1999.9000,-1.23971939,-783.7596,594817.8750,38.421,605105.7500,1999.9000,
	2026/04/30 11:56:23	,	749286	,	3280	,10.477050,1999.9000,-1.43415415,-784.3219,594817.8750,38.423,605105.7500,1999.9000,
	2026/04/30 11:56:23	,	750286	,	3281	,10.481413,1999.9000,-1.63927770,-784.7905,594817.8750,38.424,605105.7500,1999.9000,
	2026/04/30 11:56:23	,	751286	,	3282	,10.482858,1999.9000,-1.85302269,-785.0815,594817.8750,38.424,605105.5625,1999.9000,
	2026/04/30 11:56:23	,	752286	,	3283	,10.486865,1999.9000,-2.07629108,-784.7271,594817.8750,38.424,605096.8125,1999.9000,
	2026/04/30 11:56:23	,	753286	,	3284	,10.488458,1999.9000,-2.30803585,-783.7355,594909.6250,38.425,605006.6250,1999.9000,
	2026/04/30 11:56:23	,	754286	,	3285	,10.493120,1999.9000,-2.54592538,-782.9092,594929.8750,38.425,604977.0000,1999.9000,
	2026/04/30 11:56:23	,	755286	,	3286	,10.494356,1999.9000,-2.78626680,-782.2206,594940.0000,38.423,604966.5625,1999.9000,
	2026/04/30 11:56:23	,	756286	,	3287	,10.495563,1999.9000,-3.02227807,-781.6467,595033.5000,38.419,604961.3750,1999.9000,
	2026/04/30 11:56:23	,	757286	,	3288	,10.500240,1999.9000,-3.25251675,-781.1686,595289.1250,38.418,604958.1875,1999.9000,
	2026/04/30 11:56:23	,	758286	,	3289	,10.501431,1999.9000,-3.47785807,-780.8696,595493.5000,38.417,604956.1250,1999.9000,
	2026/04/30 11:56:23	,	759286	,	3290	,10.502584,1999.9000,-3.69728184,-780.9187,595493.5000,38.421,604954.3750,1999.9000,
	2026/04/30 11:56:23	,	760286	,	3291	,10.506853,1999.9000,-3.91016364,-781.0592,595493.5000,38.425,604964.5000,1999.9000,
	2026/04/30 11:56:23	,	761286	,	3292	,10.507895,1999.9000,-4.11038399,-782.5689,595493.5000,38.428,605071.8750,1999.9000,
	2026/04/30 11:56:23	,	762286	,	3293	,10.508829,1999.9000,-4.27950191,-784.6227,595493.5000,38.430,605072.1875,1999.9000,
	2026/04/30 11:56:23	,	763286	,	3294	,10.509683,1999.9000,-4.40105581,-786.6327,595398.7500,38.432,605079.7500,1999.9000,
	2026/04/30 11:56:23	,	764286	,	3295	,10.510416,1999.9000,-4.40105581,-788.5067,595383.5625,38.434,605085.6250,1999.9000,
	2026/04/30 11:56:23	,	765286	,	3296	,10.511013,1999.9000,-4.40105629,-791.4609,595375.7500,38.435,605091.4375,1999.9000,
	2026/04/30 11:56:23	,	766286	,	3297	,10.511665,1999.9000,-4.40105581,-794.5196,595361.3750,38.435,605099.3750,1999.9000,
	2026/04/30 11:56:23	,	767286	,	3298	,10.512308,1999.9000,-4.40105581,-797.3669,595116.3125,38.427,605101.8750,1999.9000,
	2026/04/30 11:56:23	,	768286	,	3299	,10.512903,1999.9000,-4.34872103,-799.8393,594833.9375,38.419,605104.0000,1999.9000,
	2026/04/30 11:56:23	,	769286	,	3300	,10.513453,1999.9000,-4.25597525,-801.8995,594833.9375,38.412,605105.8125,1999.9000,
	2026/04/30 11:56:23	,	770286	,	3301	,10.513983,1999.9000,-4.16151524,-803.9147,594833.9375,38.406,605107.2500,1999.9000,
	2026/04/30 11:56:23	,	771286	,	3302	,10.514422,1999.9000,-4.07522917,-805.5942,594833.9375,38.401,605103.3750,1999.9000,
	2026/04/30 11:56:23	,	772286	,	3303	,10.514790,1999.9000,-4.00400591,-806.6952,594833.9375,38.396,605008.4375,1999.9000,
	2026/04/30 11:56:23	,	773286	,	3304	,10.515096,1999.9000,-3.94748640,-807.6128,594845.6250,38.390,604974.6875,1999.9000,
	2026/04/30 11:56:23	,	774286	,	3305	,10.515350,1999.9000,-3.89995360,-807.6128,594973.9375,38.388,604858.0625,1999.9000,
	2026/04/30 11:56:23	,	775286	,	3306	,10.515563,1999.9000,-3.85611439,-808.2780,594986.5000,38.392,604765.6875,1999.9000,
	2026/04/30 11:56:23	,	776286	,	3307	,10.515725,1999.9000,-3.81114721,-808.8323,595004.7500,38.396,604678.6250,1999.9000,
	2026/04/30 11:56:23	,	777286	,	3308	,10.515760,1999.9000,-3.76494431,-808.5979,595246.8125,38.400,604668.3750,1999.9000,
	2026/04/30 11:56:23	,	778286	,	3309	,10.515657,1999.9000,-3.72364497,-807.8057,595549.5000,38.406,604665.0000,1999.9000,
	2026/04/30 11:56:23	,	779286	,	3310	,10.515387,1999.9000,-3.68786621,-806.6482,595549.5000,38.410,604663.3125,1999.9000,
	2026/04/30 11:56:23	,	780286	,	3311	,10.514987,1999.9000,-3.65672612,-805.1863,595549.5000,38.412,604662.3125,1999.9000,
	2026/04/30 11:56:23	,	781286	,	3312	,10.514465,1999.9000,-3.62945557,-803.9680,595549.5000,38.414,604661.6250,1999.9000,
	2026/04/30 11:56:23	,	782286	,	3313	,10.513843,1999.9000,-3.60417056,-802.6544,595549.5000,38.417,604745.6875,1999.9000,
	2026/04/30 11:56:23	,	783286	,	3314	,10.508789,1999.9000,-3.58131790,-801.4601,595536.6250,38.418,604784.3750,1999.9000,
	2026/04/30 11:56:23	,	784286	,	3315	,10.507612,1999.9000,-3.56140280,-800.4650,595400.5625,38.418,604886.4375,1999.9000,
	2026/04/30 11:56:23	,	785286	,	3316	,10.506356,1999.9000,-3.54259610,-799.5362,595386.2500,38.419,604915.1875,1999.9000,
	2026/04/30 11:56:23	,	786286	,	3317	,10.501610,1999.9000,-3.52425003,-798.7621,595373.3750,38.418,605015.7500,1999.9000,
	2026/04/30 11:56:23	,	787286	,	3318	,10.500493,1999.9000,-3.50656557,-798.0177,595203.3125,38.417,605055.3125,1999.9000,
	2026/04/30 11:56:23	,	788286	,	3319	,10.499237,1999.9000,-3.48561025,-797.2979,594915.0000,38.417,605068.5000,1999.9000,
	2026/04/30 11:56:23	,	789286	,	3320	,10.493805,1999.9000,-3.46224737,-796.5985,594883.3750,38.416,605075.1250,1999.9000,
	2026/04/30 11:56:23	,	790286	,	3321	,10.492316,1999.9000,-3.43734670,-796.0157,594872.8125,38.416,605079.0625,1999.9000,
	2026/04/30 11:56:23	,	791286	,	3322	,10.487788,1999.9000,-3.40822339,-795.6295,594867.5625,38.416,605081.7500,1999.9000,
	2026/04/30 11:56:23	,	792286	,	3323	,10.486238,1999.9000,-3.37439203,-795.4071,594864.3750,38.415,605071.4375,1999.9000,
	2026/04/30 11:56:23	,	793286	,	3324	,10.481264,1999.9000,-3.33683610,-795.2219,594862.3125,38.415,604954.6875,1999.9000,
	2026/04/30 11:56:23	,	794286	,	3325	,10.479506,1999.9000,-3.29412508,-795.3658,594872.4375,38.415,604921.5000,1999.9000,
	2026/04/30 11:56:23	,	795286	,	3326	,10.474145,1999.9000,-3.24371862,-795.4859,594964.3750,38.415,604808.5625,1999.9000,
	2026/04/30 11:56:23	,	796286	,	3327	,10.472209,1999.9000,-3.18002653,-796.2822,594976.8750,38.415,604776.2500,1999.9000,
	2026/04/30 11:56:23	,	797286	,	3328	,10.466698,1999.9000,-3.09565043,-797.5427,595136.5625,38.415,604760.4375,1999.9000,
	2026/04/30 11:56:23	,	798286	,	3329	,10.464985,1999.9000,-2.99237967,-798.5931,595432.6875,38.413,604752.5000,1999.9000,
	2026/04/30 11:56:23	,	799286	,	3330	,10.459311,1999.9000,-2.87126040,-799.6672,595516.1250,38.410,604747.7500,1999.9000,
	2026/04/30 11:56:23	,	800286	,	3331	,10.455080,1999.9000,-2.73301172,-800.9604,595516.1250,38.408,604744.5625,1999.9000,
	2026/04/30 11:56:23	,	801286	,	3332	,10.453144,1999.9000,-2.57973123,-802.2369,595516.1250,38.406,604741.9375,1999.9000,
	2026/04/30 11:56:23	,	802286	,	3333	,10.447216,1999.9000,-2.41284418,-803.1017,595516.1250,38.404,604750.8125,1999.9000,
	2026/04/30 11:56:23	,	803286	,	3334	,10.442629,1999.9000,-2.23384404,-803.8224,595516.1250,38.403,604855.0625,1999.9000,
	2026/04/30 11:56:23	,	804286	,	3335	,10.438339,1999.9000,-2.04636097,-804.4230,595422.5625,38.406,604876.4375,1999.9000,
	2026/04/30 11:56:23	,	805286	,	3336	,10.434110,1999.9000,-1.85328746,-804.9235,595399.9375,38.409,604900.9375,1999.9000,
	2026/04/30 11:56:23	,	806286	,	3337	,10.429879,1999.9000,-1.65870798,-805.0421,595387.4375,38.407,605001.8125,1999.9000,
	2026/04/30 11:56:23	,	807286	,	3338	,10.425709,1999.9000,-1.46919525,-803.4500,595278.4375,38.410,605001.8125,1999.9000,
	2026/04/30 11:56:23	,	808286	,	3339	,10.423743,1999.9000,-1.28519106,-800.1337,595023.3750,38.413,605001.8125,1999.9000,
	2026/04/30 11:56:23	,	809286	,	3340	,10.417756,1999.9000,-1.10655010,-796.0770,594814.8750,38.418,605001.8125,1999.9000,
	2026/04/30 11:56:23	,	810286	,	3341	,10.413526,1999.9000,-0.93407917,-792.0001,594814.8750,38.422,605001.8125,1999.9000,
	2026/04/30 11:56:23	,	811286	,	3342	,10.409326,1999.9000,-0.77462262,-788.6026,594814.8750,38.422,604998.2500,1999.9000,
	2026/04/30 11:56:23	,	812286	,	3343	,10.405244,1999.9000,-0.63701648,-785.7714,594814.8750,38.422,604906.3750,1999.9000,
	2026/04/30 11:56:23	,	813286	,	3344	,10.401134,1999.9000,-0.52331525,-783.4121,594814.8750,38.420,604878.9375,1999.9000,
	2026/04/30 11:56:23	,	814286	,	3345	,10.399213,1999.9000,-0.42712834,-781.4460,594907.2500,38.417,604854.2500,1999.9000,
	2026/04/30 11:56:23	,	815286	,	3346	,10.393209,1999.9000,-0.34067228,-779.6085,594927.1875,38.421,604743.3125,1999.9000,
	2026/04/30 11:56:23	,	816286	,	3347	,10.391333,1999.9000,-0.25661746,-778.0774,594937.1875,38.419,604710.9375,1999.9000,
	2026/04/30 11:56:23	,	817286	,	3348	,10.385018,1999.9000,-0.16808163,-776.8015,595029.9375,38.416,604620.6875,1999.9000,
	2026/04/30 11:56:23	,	818286	,	3349	,10.380966,1999.9000,-0.07774960,-775.7381,595286.1875,38.414,604620.6875,1999.9000,
	2026/04/30 11:56:23	,	819286	,	3350	,10.379001,1999.9000,0.00539139,-775.3494,595538.7500,38.414,604620.6875,1999.9000,
	2026/04/30 11:56:23	,	820286	,	3351	,10.373311,1999.9000,0.07158525,-775.1249,595538.7500,38.414,604620.6875,1999.9000,
	2026/04/30 11:56:23	,	821286	,	3352	,10.371389,1999.9000,0.11720819,-774.9379,595538.7500,38.414,604620.6875,1999.9000,
	2026/04/30 11:56:23	,	822286	,	3353	,10.366161,1999.9000,0.14661512,-774.7820,595538.7500,38.414,604626.8750,1999.9000,
	2026/04/30 11:56:23	,	823286	,	3354	,10.364330,1999.9000,0.16636045,-774.6520,595538.7500,38.414,604637.2500,1999.9000,
	2026/04/30 11:56:23	,	824286	,	3355	,10.359132,1999.9000,0.18109541,-775.1407,595436.3125,38.414,604728.1875,1999.9000,
	2026/04/30 11:56:23	,	825286	,	3356	,10.357509,1999.9000,0.19583668,-776.3437,595412.1875,38.414,604763.2500,1999.9000,
	2026/04/30 11:56:23	,	826286	,	3357	,10.352905,1999.9000,0.21342663,-777.8435,595397.7500,38.414,604866.5000,1999.9000,
	2026/04/30 11:56:23	,	827286	,	3358	,10.351596,1999.9000,0.21596649,-779.7897,595382.0625,38.413,604901.5625,1999.9000,
	2026/04/30 11:56:23	,	828286	,	3359	,10.350314,1999.9000,0.21596649,-782.1078,595143.1875,38.411,605011.4375,1999.9000,
	2026/04/30 11:56:23	,	829286	,	3360	,10.345369,1999.9000,0.21622698,-784.2385,594862.5000,38.410,605011.4375,1999.9000,
	2026/04/30 11:56:23	,	830286	,	3361	,10.343954,1999.9000,0.22351673,-788.2233,594862.5000,38.410,605011.4375,1999.9000,
	2026/04/30 11:56:23	,	831286	,	3362	,10.339828,1999.9000,0.22351673,-788.2233,594862.5000,38.410,605011.4375,1999.9000,
	2026/04/30 11:56:23	,	832286	,	3363	,10.338444,1999.9000,0.22394529,-790.5285,594862.5000,38.411,605011.4375,1999.9000,
	2026/04/30 11:56:23	,	833286	,	3364	,10.337137,1999.9000,0.22408816,-792.8474,594862.5000,38.411,605011.4375,1999.9000,
	2026/04/30 11:56:23	,	834286	,	3365	,10.332293,1999.9000,0.22415960,-794.8793,594870.7500,38.412,605010.5000,1999.9000,
	2026/04/30 11:56:23	,	835286	,	3366	,10.331234,1999.9000,0.22420242,-797.0698,594960.8750,38.412,604998.5000,1999.9000,
	2026/04/30 11:56:23	,	836286	,	3367	,10.330207,1999.9000,0.23322868,-798.9948,594976.0625,38.413,604859.2500,1999.9000,
	2026/04/30 11:56:23	,	837286	,	3368	,10.325888,1999.9000,0.24400578,-800.5988,594998.7500,38.413,604827.5625,1999.9000,
	2026/04/30 11:56:23	,	838286	,	3369	,10.325336,1999.9000,0.25521138,-801.9356,595258.1875,38.415,604742.1250,1999.9000,
	2026/04/30 11:56:23	,	839286	,	3370	,10.324716,1999.9000,0.25527757,-803.0496,595567.3750,38.418,604709.8125,1999.9000,
	2026/04/30 11:56:23	,	840286	,	3371	,10.324085,1999.9000,0.25562316,-803.9779,595567.3750,38.425,604600.8125,1999.9000,
	2026/04/30 11:56:23	,	841286	,	3372	,10.323523,1999.9000,0.25782061,-804.5526,595567.3750,38.434,604600.8125,1999.9000,
	2026/04/30 11:56:23	,	842286	,	3373	,10.323083,1999.9000,0.25876284,-804.9319,595567.3750,38.440,604600.8125,1999.9000,
	2026/04/30 11:56:23	,	843286	,	3374	,10.322618,1999.9000,0.25919873,-804.7507,595567.3750,38.445,604600.8125,1999.9000,
	2026/04/30 11:56:23	,	844286	,	3375	,10.322095,1999.9000,0.25932530,-804.5997,595563.2500,38.450,604600.8125,1999.9000,
	2026/04/30 11:56:23	,	845286	,	3376	,10.321546,1999.9000,0.25902435,-803.8771,595470.8750,38.455,604611.1875,1999.9000,
	2026/04/30 11:56:23	,	846286	,	3377	,10.320993,1999.9000,0.25631431,-803.2750,595455.6875,38.459,604751.7500,1999.9000,
	2026/04/30 11:56:23	,	847286	,	3378	,10.320464,1999.9000,0.25631431,-802.7731,595437.5000,38.461,604788.3125,1999.9000,
	2026/04/30 11:56:23	,	848286	,	3379	,10.319973,1999.9000,0.25389421,-802.3549,595246.1875,38.462,604887.6250,1999.9000,
	2026/04/30 11:56:23	,	849286	,	3380	,10.319563,1999.9000,0.24219698,-802.0064,594966.7500,38.459,604904.0000,1999.9000,
	2026/04/30 11:56:23	,	850286	,	3381	,10.319222,1999.9000,0.22916366,-801.7160,594948.0625,38.453,604909.4375,1999.9000,
	2026/04/30 11:56:23	,	851286	,	3382	,10.318938,1999.9000,0.21711351,-801.3745,594941.7500,38.445,604912.1250,1999.9000,
	2026/04/30 11:56:23	,	852286	,	3383	,10.318702,1999.9000,0.21711351,-801.0898,594938.6250,38.438,604913.7500,1999.9000,
	2026/04/30 11:56:23	,	853286	,	3384	,10.318534,1999.9000,0.21711351,-800.5543,594936.7500,38.433,604914.8750,1999.9000,
	2026/04/30 11:56:23	,	854286	,	3385	,10.318499,1999.9000,0.21711351,-800.3069,594935.5000,38.428,604902.3750,1999.9000,
	2026/04/30 11:56:23	,	855286	,	3386	,10.318603,1999.9000,0.21711347,-800.2003,594947.6250,38.427,604785.5625,1999.9000,
	2026/04/30 11:56:23	,	856286	,	3387	,10.318820,1999.9000,0.21703680,-800.2109,595030.5625,38.428,604755.3750,1999.9000,
	2026/04/30 11:56:23	,	857286	,	3388	,10.319199,1999.9000,0.21697290,-800.3192,595036.5000,38.429,604666.0000,1999.9000,
	2026/04/30 11:56:23	,	858286	,	3389	,10.319728,1999.9000,0.21691966,-800.4094,595187.2500,38.429,604634.0000,1999.9000,
	2026/04/30 11:56:23	,	859286	,	3390	,10.323743,1999.9000,0.21687530,-800.5841,595489.3125,38.430,604607.1875,1999.9000,
	2026/04/30 11:56:23	,	860286	,	3391	,10.324621,1999.9000,0.21683830,-800.7297,595579.8750,38.430,604593.8125,1999.9000,
	2026/04/30 11:56:23	,	861286	,	3392	,10.325589,1999.9000,0.21096238,-800.8510,595579.8750,38.431,604585.7500,1999.9000,
	2026/04/30 11:56:23	,	862286	,	3393	,10.330028,1999.9000,0.20590156,-801.0515,595579.8750,38.430,604580.3750,1999.9000,
	2026/04/30 11:56:23	,	863286	,	3394	,10.331294,1999.9000,0.20136386,-801.3181,595579.8750,38.428,604575.9375,1999.9000,
	2026/04/30 11:56:23	,	864286	,	3395	,10.332561,1999.9000,0.19698372,-801.5403,595579.8750,38.426,604584.5625,1999.9000,
	2026/04/30 11:56:23	,	865286	,	3396	,10.337773,1999.9000,0.19167711,-801.7254,595486.3750,38.423,604694.3750,1999.9000,
	2026/04/30 11:56:23	,	866286	,	3397	,10.339069,1999.9000,0.18293574,-801.6808,595465.8125,38.418,604779.5000,1999.9000,
	2026/04/30 11:56:23	,	867286	,	3398	,10.343254,1999.9000,0.17076583,-801.6436,595448.6250,38.414,604885.8750,1999.9000,
	2026/04/30 11:56:23	,	868286	,	3399	,10.344654,1999.9000,0.15550779,-801.6125,595309.4375,38.408,604996.3750,1999.9000,
	2026/04/30 11:56:23	,	869286	,	3400	,10.348855,1999.9000,0.13660693,-801.0893,595048.4375,38.402,605029.3125,1999.9000,
	2026/04/30 11:56:23	,	870286	,	3401	,10.350404,1999.9000,0.11972285,-800.6533,594881.6250,38.398,605040.3125,1999.9000,
	2026/04/30 11:56:23	,	871286	,	3402	,10.355409,1999.9000,0.10790588,-800.2899,594881.6250,38.390,605045.8125,1999.9000,
	2026/04/30 11:56:23	,	872286	,	3403	,10.357077,1999.9000,0.10277576,-799.9871,594881.6250,38.380,605049.0625,1999.9000,
	2026/04/30 11:56:23	,	873286	,	3404	,10.362260,1999.9000,0.10219909,-799.7347,594881.6250,38.372,605051.3125,1999.9000,
	2026/04/30 11:56:23	,	874286	,	3405	,10.364225,1999.9000,0.10186402,-799.8229,594881.6250,38.365,604964.9375,1999.9000,
	2026/04/30 11:56:23	,	875286	,	3406	,10.369945,1999.9000,0.10160039,-799.8964,594976.8750,38.363,604872.5625,1999.9000,
	2026/04/30 11:56:23	,	876286	,	3407	,10.369945,1999.9000,0.09402806,-799.9576,595000.1250,38.365,604785.5625,1999.9000,
	2026/04/30 11:56:23	,	877286	,	3408	,10.378524,1999.9000,0.08349677,-800.0086,595016.4375,38.367,604698.6250,1999.9000,
	2026/04/30 11:56:23	,	878286	,	3409	,10.380401,1999.9000,0.07232266,-800.0511,595146.7500,38.375,604667.5000,1999.9000,
	2026/04/30 11:56:23	,	879286	,	3410	,10.386239,1999.9000,0.06554759,-800.0866,595420.8125,38.383,604657.1875,1999.9000,
	2026/04/30 11:56:23	,	880286	,	3411	,10.388041,1999.9000,0.06056240,-800.1161,595579.8750,38.390,604652.0000,1999.9000,
	2026/04/30 11:56:23	,	881286	,	3412	,10.394163,1999.9000,0.05503522,-800.1407,595579.8750,38.397,604648.8750,1999.9000,
	2026/04/30 11:56:23	,	882286	,	3413	,10.398631,1999.9000,0.04872655,-800.0616,595579.8750,38.403,604646.8125,1999.9000,
	2026/04/30 11:56:23	,	883286	,	3414	,10.403218,1999.9000,0.03938011,-799.9959,595579.8750,38.408,604657.7500,1999.9000,
	2026/04/30 11:56:23	,	884286	,	3415	,10.407747,1999.9000,0.02603169,-799.8416,595579.8750,38.410,604804.8750,1999.9000,
	2026/04/30 11:56:23	,	885286	,	3416	,10.412155,1999.9000,0.00967067,-799.6135,595447.0000,38.405,604892.4375,1999.9000,
	2026/04/30 11:56:23	,	886286	,	3417	,10.416265,1999.9000,-0.00921124,-799.4235,595416.3750,38.405,604926.0000,1999.9000,
	2026/04/30 11:56:23	,	887286	,	3418	,10.420406,1999.9000,-0.03066454,-798.6683,595404.3750,38.400,605015.1250,1999.9000,
	2026/04/30 11:56:23	,	888286	,	3419	,10.424637,1999.9000,-0.05577322,-797.9395,595388.8125,38.395,605042.3125,1999.9000,
	2026/04/30 11:56:23	,	889286	,	3420	,10.428778,1999.9000,-0.08783972,-796.2379,595154.4375,38.391,605061.2500,1999.9000,
	2026/04/30 11:56:23	,	890286	,	3421	,10.432858,1999.9000,-0.12261625,-794.4221,594870.8750,38.387,605070.6875,1999.9000,
	2026/04/30 11:56:23	,	891286	,	3422	,10.434839,1999.9000,-0.15601258,-792.6104,594870.8750,38.381,605076.3750,1999.9000,
	2026/04/30 11:56:23	,	892286	,	3423	,10.440782,1999.9000,-0.19070086,-790.5039,594870.8750,38.374,605080.1875,1999.9000,
	2026/04/30 11:56:23	,	893286	,	3424	,10.442658,1999.9000,-0.22729878,-788.1516,594870.8750,38.374,605083.3125,1999.9000,
	2026/04/30 11:56:23	,	894286	,	3425	,10.448616,1999.9000,-0.26840922,-785.8929,594870.8750,38.370,605074.4375,1999.9000,
	2026/04/30 11:56:23	,	895286	,	3426	,10.450538,1999.9000,-0.32187861,-784.0107,594881.8750,38.367,604960.1250,1999.9000,
	2026/04/30 11:56:23	,	896286	,	3427	,10.455885,1999.9000,-0.39248413,-782.4422,594985.2500,38.364,604929.9375,1999.9000,
	2026/04/30 11:56:23	,	897286	,	3428	,10.457807,1999.9000,-0.48001793,-781.1351,594991.2500,38.363,604833.8750,1999.9000,
	2026/04/30 11:56:23	,	898286	,	3429	,10.463243,1999.9000,-0.58245677,-780.3443,595005.7500,38.365,604801.6250,1999.9000,
	2026/04/30 11:56:23	,	899286	,	3430	,10.465075,1999.9000,-0.69656134,-780.4811,595245.0625,38.380,604776.3125,1999.9000,
	2026/04/30 11:56:23	,	900286	,	3431	,10.470243,1999.9000,-0.82530642,-780.6945,595550.1250,38.392,604763.6875,1999.9000,
	2026/04/30 11:56:23	,	901286	,	3432	,10.471940,1999.9000,-0.97450262,-781.2703,595550.1250,38.401,604756.0625,1999.9000,
	2026/04/30 11:56:23	,	902286	,	3433	,10.476975,1999.9000,-1.14359546,-781.7500,595550.1250,38.410,604751.0625,1999.9000,
	2026/04/30 11:56:23	,	903286	,	3434	,10.478658,1999.9000,-1.33135593,-782.1498,595550.1250,38.416,604746.8750,1999.9000,
	2026/04/30 11:56:23	,	904286	,	3435	,10.483082,1999.9000,-1.53560984,-782.4830,595550.1250,38.422,604754.4375,1999.9000,
	2026/04/30 11:56:23	,	905286	,	3436	,10.484497,1999.9000,-1.75181293,-782.5617,595467.2500,38.427,604869.5000,1999.9000,
	2026/04/30 11:56:23	,	906286	,	3437	,10.488771,1999.9000,-1.97721124,-782.5278,595432.6875,38.428,604901.8125,1999.9000,
	2026/04/30 11:56:23	,	907286	,	3438	,10.490111,1999.9000,-2.21099162,-782.4996,595414.6250,38.427,605003.0000,1999.9000,
	2026/04/30 11:56:23	,	908286	,	3439	,10.494223,1999.9000,-2.45132661,-780.8845,595395.7500,38.427,605034.1250,1999.9000,
	2026/04/30 11:56:23	,	909286	,	3440	,10.495667,1999.9000,-2.69776225,-779.5386,595180.6875,38.426,605137.6875,1999.9000,
	2026/04/30 11:56:23	,	910286	,	3441	,10.499734,1999.9000,-2.94652367,-778.4169,594896.5000,38.426,605172.1250,1999.9000,
	2026/04/30 11:56:23	,	911286	,	3442	,10.500821,1999.9000,-3.18952441,-777.4823,594864.9375,38.425,605184.0000,1999.9000,
	2026/04/30 11:56:23	,	912286	,	3443	,10.501868,1999.9000,-3.42447066,-776.7034,594854.3750,38.425,605189.9375,1999.9000,
	2026/04/30 11:56:23	,	913286	,	3444	,10.506138,1999.9000,-3.64986920,-776.8502,594849.0625,38.425,605193.5000,1999.9000,
	2026/04/30 11:56:23	,	914286	,	3445	,10.507329,1999.9000,-3.86351347,-777.0719,594846.0000,38.424,605195.8750,1999.9000,
	2026/04/30 11:56:23	,	915286	,	3446	,10.508292,1999.9000,-4.06220865,-777.2567,594843.8750,38.427,605197.8750,1999.9000,
	2026/04/30 11:56:23	,	916286	,	3447	,10.509072,1999.9000,-4.23433256,-777.2567,594928.1250,38.430,605188.5000,1999.9000,
	2026/04/30 11:56:23	,	917286	,	3448	,10.509760,1999.9000,-4.36471033,-780.2579,594944.7500,38.432,605053.1250,1999.9000,
	2026/04/30 11:56:23	,	918286	,	3449	,10.513971,1999.9000,-4.37412596,-782.1001,594955.0625,38.433,605014.5000,1999.9000,
	2026/04/30 11:56:23	,	919286	,	3450	,10.513971,1999.9000,-4.37412596,-784.4310,595114.5625,38.435,604921.5000,1999.9000,
	2026/04/30 11:56:23	,	920286	,	3451	,10.514578,1999.9000,-4.37412596,-787.5672,595408.3125,38.439,604919.3750,1999.9000,
	2026/04/30 11:56:23	,	921286	,	3452	,10.514956,1999.9000,-4.37412596,-791.6728,595504.8125,38.443,604918.6875,1999.9000,
	2026/04/30 11:56:23	,	922286	,	3453	,10.515247,1999.9000,-4.37412596,-795.7904,595504.8125,38.445,604918.3125,1999.9000,
	2026/04/30 11:56:23	,	923286	,	3454	,10.515247,1999.9000,-4.28726625,-799.2218,595504.8125,38.445,604918.1250,1999.9000,
	2026/04/30 11:56:23	,	924286	,	3455	,10.515634,1999.9000,-4.19528341,-802.0812,595504.8125,38.444,604918.6875,1999.9000,
	2026/04/30 11:56:23	,	925286	,	3456	,10.515807,1999.9000,-4.10889006,-804.4642,595504.8125,38.442,604921.3125,1999.9000,
	2026/04/30 11:56:23	,	926286	,	3457	,10.515963,1999.9000,-4.03355789,-806.4499,595417.2500,38.439,604928.1250,1999.9000,
	2026/04/30 11:56:23	,	927286	,	3458	,10.516112,1999.9000,-3.96980309,-808.1047,595400.2500,38.437,604939.3750,1999.9000,
	2026/04/30 11:56:23	,	928286	,	3459	,10.516112,1999.9000,-3.91403341,-809.1852,595387.6250,38.434,605039.8750,1999.9000,
	2026/04/30 11:56:23	,	929286	,	3460	,10.516342,1999.9000,-3.86336231,-809.7873,595277.8125,38.433,605057.0625,1999.9000,
	2026/04/30 11:56:23	,	930286	,	3461	,10.516429,1999.9000,-3.81808567,-810.2891,595030.5625,38.433,605062.8125,1999.9000,
	2026/04/30 11:56:23	,	931286	,	3462	,10.516480,1999.9000,-3.77478862,-810.4088,594863.7500,38.433,605065.6875,1999.9000,
	2026/04/30 11:56:23	,	932286	,	3463	,10.516515,1999.9000,-3.73546171,-809.7126,594863.7500,38.433,605067.4375,1999.9000,
	2026/04/30 11:56:23	,	933286	,	3464	,10.516515,1999.9000,-3.70270181,-808.6352,594863.7500,38.433,605068.6250,1999.9000,
	2026/04/30 11:56:23	,	934286	,	3465	,10.516383,1999.9000,-3.67352200,-807.0410,594863.7500,38.433,605061.6875,1999.9000,
	2026/04/30 11:56:23	,	935286	,	3466	,10.516284,1999.9000,-3.64676809,-805.7126,594863.7500,38.433,604961.3750,1999.9000,
	2026/04/30 11:56:23	,	936286	,	3467	,10.516143,1999.9000,-3.62295771,-804.6055,594951.8750,38.429,604935.0625,1999.9000,
	2026/04/30 11:56:23	,	937286	,	3468	,10.516143,1999.9000,-3.60103202,-803.6829,594967.0625,38.427,604910.0000,1999.9000,
	2026/04/30 11:56:23	,	938286	,	3469	,10.516005,1999.9000,-3.58058715,-802.7151,594974.3125,38.425,604797.6250,1999.9000,
	2026/04/30 11:56:23	,	939286	,	3470	,10.515890,1999.9000,-3.55975127,-801.6103,595065.6875,38.421,604774.3750,1999.9000,
	2026/04/30 11:56:23	,	940286	,	3471	,10.515793,1999.9000,-3.53463006,-800.4906,595315.9375,38.417,604766.6875,1999.9000,
	2026/04/30 11:56:23	,	941286	,	3472	,10.515713,1999.9000,-3.50829244,-799.5576,595528.6250,38.414,604762.7500,1999.9000,
	2026/04/30 11:56:23	,	942286	,	3473	,10.515646,1999.9000,-3.48208714,-798.4816,595528.6250,38.412,604760.5000,1999.9000,
	2026/04/30 11:56:23	,	943286	,	3474	,10.515591,1999.9000,-3.45539665,-797.4854,595528.6250,38.413,604758.9375,1999.9000,
	2026/04/30 11:56:23	,	944286	,	3475	,10.515539,1999.9000,-3.42948747,-796.6553,595528.6250,38.416,604760.7500,1999.9000,
	2026/04/30 11:56:23	,	945286	,	3476	,10.515497,1999.9000,-3.40339565,-795.9636,595528.6250,38.419,604849.0000,1999.9000,
	2026/04/30 11:56:23	,	946286	,	3477	,10.515467,1999.9000,-3.37417793,-795.3872,595411.2500,38.413,604872.5625,1999.9000,
	2026/04/30 11:56:23	,	947286	,	3478	,10.515462,1999.9000,-3.34126043,-795.0063,595388.0625,38.409,604893.5000,1999.9000,
	2026/04/30 11:56:23	,	948286	,	3479	,10.515448,1999.9000,-3.30418372,-794.7883,595375.5625,38.414,604978.8750,1999.9000,
	2026/04/30 11:56:23	,	949286	,	3480	,10.515426,1999.9000,-3.26144099,-795.1040,595356.5000,38.419,605012.0625,1999.9000,
	2026/04/30 11:56:23	,	950286	,	3481	,10.515407,1999.9000,-3.21148825,-796.2624,595098.5000,38.423,605140.7500,1999.9000,
	2026/04/30 11:56:23	,	951286	,	3482	,10.515402,1999.9000,-3.14550233,-797.3271,594809.5000,38.417,605140.7500,1999.9000,
	2026/04/30 11:56:23	,	952286	,	3483	,10.515416,1999.9000,-3.05730033,-798.3140,594809.5000,38.412,605140.7500,1999.9000,
	2026/04/30 11:56:23	,	953286	,	3484	,10.515429,1999.9000,-2.94765806,-799.3353,594809.5000,38.407,605140.7500,1999.9000,
	2026/04/30 11:56:23	,	954286	,	3485	,10.515444,1999.9000,-2.81656241,-801.2806,594809.5000,38.404,605140.7500,1999.9000,
	2026/04/30 11:56:23	,	955286	,	3486	,10.515456,1999.9000,-2.66510344,-802.9017,594809.5000,38.400,605131.6875,1999.9000,
	2026/04/30 11:56:23	,	956286	,	3487	,10.515463,1999.9000,-2.49790764,-804.2526,594921.5000,38.396,605009.0625,1999.9000,
	2026/04/30 11:56:23	,	957286	,	3488	,10.515471,1999.9000,-2.31815743,-805.3784,594947.4375,38.393,604978.5625,1999.9000,
	2026/04/30 11:56:23	,	958286	,	3489	,10.515480,1999.9000,-2.12892222,-806.3165,594962.0000,38.389,604867.7500,1999.9000,
	2026/04/30 11:56:23	,	959286	,	3490	,10.515487,1999.9000,-2.12892222,-806.3165,594962.0000,38.385,604781.9375,1999.9000,
	2026/04/30 11:56:23	,	960286	,	3491	,10.515492,1999.9000,-1.72962856,-805.2628,595246.1875,38.384,604742.1250,1999.9000,
	2026/04/30 11:56:23	,	961286	,	3492	,10.515502,1999.9000,-1.52574027,-802.6391,595540.5625,38.381,604716.6875,1999.9000,
	2026/04/30 11:56:23	,	962286	,	3493	,10.515502,1999.9000,-1.32905555,-800.1542,595540.5625,38.376,604704.0000,1999.9000,
	2026/04/30 11:56:23	,	963286	,	3494	,10.515505,1999.9000,-1.14193797,-796.0940,595540.5625,38.375,604696.3750,1999.9000,
	2026/04/30 11:56:23	,	964286	,	3495	,10.515508,1999.9000,-0.96543348,-792.1137,595540.5625,38.375,604691.3125,1999.9000,
	2026/04/30 11:56:23	,	965286	,	3496	,10.515510,1999.9000,-0.80523962,-788.6973,595540.5625,38.376,604687.1250,1999.9000,
	2026/04/30 11:56:23	,	966286	,	3497	,10.515492,1999.9000,-0.66990227,-785.8503,595442.8750,38.377,604695.9375,1999.9000,
	2026/04/30 11:56:23	,	967286	,	3498	,10.515497,1999.9000,-0.56247199,-783.4778,595355.8125,38.379,604797.6250,1999.9000,
	2026/04/30 11:56:23	,	968286	,	3499	,10.515502,1999.9000,-0.47803265,-781.5007,595337.0625,38.380,604832.6875,1999.9000,
	2026/04/30 11:56:23	,	969286	,	3500	,10.515505,1999.9000,-0.40923589,-779.8531,595326.8750,38.381,604945.6250,1999.9000,
	2026/04/30 11:56:23	,	970286	,	3501	,10.515508,1999.9000,-0.35362369,-778.4802,595175.3125,38.382,604986.1250,1999.9000,
	2026/04/30 11:56:23	,	971286	,	3502	,10.515510,1999.9000,-0.30887678,-777.9329,594892.3125,38.384,604999.5625,1999.9000,
	2026/04/30 11:56:23	,	972286	,	3503	,10.515512,1999.9000,-0.27284610,-779.3668,594889.9375,38.388,605006.3125,1999.9000,
	2026/04/30 11:56:23	,	973286	,	3504	,10.515512,1999.9000,-0.24761766,-781.3575,594889.1875,38.391,605010.4375,1999.9000,
	2026/04/30 11:56:23	,	974286	,	3505	,10.515513,1999.9000,-0.23123147,-783.5138,594888.7500,38.393,605013.1250,1999.9000,
	2026/04/30 11:56:23	,	975286	,	3506	,10.515514,1999.9000,-0.21949644,-785.6091,594888.5000,38.395,605008.3125,1999.9000,
	2026/04/30 11:56:23	,	976286	,	3507	,10.515515,1999.9000,-0.21305540,-787.3553,594888.3750,38.397,604887.6250,1999.9000,
	2026/04/30 11:56:23	,	977286	,	3508	,10.515512,1999.9000,-0.21208799,-789.3077,594900.5000,38.398,604852.9375,1999.9000,
	2026/04/30 11:56:23	,	978286	,	3509	,10.515502,1999.9000,-0.20969625,-790.9347,594994.2500,38.399,604745.6875,1999.9000,
	2026/04/30 11:56:23	,	979286	,	3510	,10.515495,1999.9000,-0.20485602,-792.7880,595009.6875,38.400,604663.5625,1999.9000,
	2026/04/30 11:56:23	,	980286	,	3511	,10.515454,1999.9000,-0.19222605,-794.3324,595169.9375,38.396,604627.6250,1999.9000,
	2026/04/30 11:56:23	,	981286	,	3512	,10.515421,1999.9000,-0.19222605,-795.6194,595470.8750,38.393,604615.6250,1999.9000,
	2026/04/30 11:56:23	,	982286	,	3513	,10.515383,1999.9000,-0.19222605,-796.6919,595497.0000,38.391,604609.6250,1999.9000,
	2026/04/30 11:56:23	,	983286	,	3514	,10.515346,1999.9000,-0.19222605,-797.0883,595505.7500,38.388,604609.6250,1999.9000,
	2026/04/30 11:56:23	,	984286	,	3515	,10.515315,1999.9000,-0.19222605,-797.4186,595510.0625,38.385,604606.0625,1999.9000,
	2026/04/30 11:56:23	,	985286	,	3516	,10.515295,1999.9000,-0.19834565,-797.1965,595512.6875,38.381,604603.6250,1999.9000,
	2026/04/30 11:56:23	,	986286	,	3517	,10.515288,1999.9000,-0.21255751,-796.8124,595514.4375,38.376,604610.4375,1999.9000,
	2026/04/30 11:56:23	,	987286	,	3518	,10.515286,1999.9000,-0.22033466,-796.1940,595422.5625,38.373,604742.7500,1999.9000,
	2026/04/30 11:56:23	,	988286	,	3519	,10.515285,1999.9000,-0.22087981,-795.6786,595401.7500,38.375,604777.7500,1999.9000,
	2026/04/30 11:56:23	,	989286	,	3520	,10.515311,1999.9000,-0.22122119,-795.2491,595388.2500,38.377,604890.6875,1999.9000,
	2026/04/30 11:56:23	,	990286	,	3521	,10.515335,1999.9000,-0.22164242,-794.9908,595273.6875,38.379,604973.4375,1999.9000,
	2026/04/30 11:56:23	,	991286	,	3522	,10.515366,1999.9000,-0.22609502,-794.7754,595032.3750,38.382,605013.8750,1999.9000,
	2026/04/30 11:56:23	,	992286	,	3523	,10.515391,1999.9000,-0.23378392,-794.4965,594867.2500,38.381,605027.3750,1999.9000,
	2026/04/30 11:56:23	,	993286	,	3524	,10.515413,1999.9000,-0.24386773,-794.2640,594867.2500,38.380,605034.1250,1999.9000,
	2026/04/30 11:56:23	,	994286	,	3525	,10.515396,1999.9000,-0.24386773,-794.0703,594867.2500,38.383,605038.1250,1999.9000,
	2026/04/30 11:56:23	,	995286	,	3526	,10.515377,1999.9000,-0.24386773,-794.0703,594867.2500,38.385,605040.8125,1999.9000,
	2026/04/30 11:56:23	,	996286	,	3527	,10.515361,1999.9000,-0.24386773,-793.9089,594867.2500,38.387,605036.1875,1999.9000,
	2026/04/30 11:56:23	,	997286	,	3528	,10.515347,1999.9000,-0.24386773,-793.8738,594964.3750,38.388,604920.3125,1999.9000,
	2026/04/30 11:56:23	,	998286	,	3529	,10.515337,1999.9000,-0.23758426,-793.7451,594982.2500,38.390,604885.8750,1999.9000,
	2026/04/30 11:56:23	,	999286	,	3530	,10.515327,1999.9000,-0.23298353,-793.6379,594990.1875,38.391,604795.2500,1999.9000,
	2026/04/30 11:56:24	,	000286	,	3531	,10.515305,1999.9000,-0.22923362,-793.5485,595090.1250,38.393,604762.0000,1999.9000,
	2026/04/30 11:56:24	,	001286	,	3532	,10.515285,1999.9000,-0.22923362,-793.6939,595358.8125,38.397,604679.8750,1999.9000,
	2026/04/30 11:56:24	,	002286	,	3533	,10.515285,1999.9000,-0.22923362,-793.6939,595569.1250,38.400,604679.8750,1999.9000,
	2026/04/30 11:56:24	,	003286	,	3534	,10.515291,1999.9000,-0.22923362,-793.7942,595569.1250,38.400,604679.8750,1999.9000,
	2026/04/30 11:56:24	,	004286	,	3535	,10.515309,1999.9000,-0.22923362,-793.8777,595569.1250,38.401,604679.8750,1999.9000,
	2026/04/30 11:56:24	,	005286	,	3536	,10.515326,1999.9000,-0.22627780,-793.9473,595569.1250,38.402,604679.8750,1999.9000,
	2026/04/30 11:56:24	,	006286	,	3537	,10.515338,1999.9000,-0.22627780,-794.1049,595569.1250,38.402,604688.1875,1999.9000,
	2026/04/30 11:56:24	,	007286	,	3538	,10.515347,1999.9000,-0.22916429,-794.3355,595442.8750,38.404,604795.8750,1999.9000,
	2026/04/30 11:56:24	,	008286	,	3539	,10.515352,1999.9000,-0.22920211,-794.4283,595420.5000,38.406,604820.8750,1999.9000,
	2026/04/30 11:56:24	,	009286	,	3540	,10.515356,1999.9000,-0.22930925,-794.5056,595408.6875,38.406,604906.3750,1999.9000,
	2026/04/30 11:56:24	,	010286	,	3541	,10.515359,1999.9000,-0.22983551,-794.5701,595388.8125,38.403,604939.0625,1999.9000,
	2026/04/30 11:56:24	,	011286	,	3542	,10.515362,1999.9000,-0.23015125,-794.5243,595128.2500,38.400,605027.8125,1999.9000,
	2026/04/30 11:56:24	,	012286	,	3543	,10.515365,1999.9000,-0.23571247,-794.4862,594842.8750,38.398,605027.8125,1999.9000,
	2026/04/30 11:56:24	,	013286	,	3544	,10.515366,1999.9000,-0.23571247,-794.4543,594842.8750,38.399,605027.8125,1999.9000,
	2026/04/30 11:56:24	,	014286	,	3545	,10.515368,1999.9000,-0.23571247,-794.4279,594842.8750,38.397,605027.8125,1999.9000,
	2026/04/30 11:56:24	,	015286	,	3546	,10.515368,1999.9000,-0.23571247,-794.4058,594842.8750,38.395,605027.8125,1999.9000,
	2026/04/30 11:56:24	,	016286	,	3547	,10.515384,1999.9000,-0.23571247,-794.3875,594842.8750,38.394,605026.3750,1999.9000,
	2026/04/30 11:56:24	,	017286	,	3548	,10.515396,1999.9000,-0.23571247,-794.3721,594953.6875,38.391,605013.0000,1999.9000,
	2026/04/30 11:56:24	,	018286	,	3549	,10.515407,1999.9000,-0.23160961,-794.3593,594976.8750,38.390,604877.3750,1999.9000,
	2026/04/30 11:56:24	,	019286	,	3550	,10.515416,1999.9000,-0.22521900,-794.0502,594986.4375,38.391,604848.3750,1999.9000,
	2026/04/30 11:56:24	,	020286	,	3551	,10.515423,1999.9000,-0.22184724,-793.7927,594998.0000,38.391,604822.1875,1999.9000,
	2026/04/30 11:56:24	,	021286	,	3552	,10.515405,1999.9000,-0.22172748,-793.7770,595238.4375,38.398,604714.8750,1999.9000,
	2026/04/30 11:56:24	,	022286	,	3553	,10.515384,1999.9000,-0.22137664,-793.5650,595542.9375,38.404,604709.1875,1999.9000,
	2026/04/30 11:56:24	,	023286	,	3554	,10.515362,1999.9000,-0.22118075,-793.2889,595542.9375,38.409,604707.3125,1999.9000,
	2026/04/30 11:56:24	,	024286	,	3555	,10.515344,1999.9000,-0.22100019,-793.0587,595542.9375,38.414,604706.3750,1999.9000,
	2026/04/30 11:56:24	,	025286	,	3556	,10.515328,1999.9000,-0.21866453,-792.8669,595542.9375,38.417,604705.8125,1999.9000,
	2026/04/30 11:56:24	,	026286	,	3557	,10.515315,1999.9000,-0.21578433,-792.7071,595542.9375,38.417,604705.4375,1999.9000,
	2026/04/30 11:56:24	,	027286	,	3558	,10.515310,1999.9000,-0.21578433,-792.4745,595531.5000,38.419,604718.1875,1999.9000,
	2026/04/30 11:56:24	,	028286	,	3559	,10.515316,1999.9000,-0.21578433,-792.1811,595405.3125,38.423,604833.2500,1999.9000,
	2026/04/30 11:56:24	,	029286	,	3560	,10.515320,1999.9000,-0.21578433,-791.9366,595388.9375,38.425,604855.9375,1999.9000,
	2026/04/30 11:56:24	,	030286	,	3561	,10.515325,1999.9000,-0.21578433,-791.6334,595373.5625,38.427,604938.4375,1999.9000,
	2026/04/30 11:56:24	,	031286	,	3562	,10.515327,1999.9000,-0.22053634,-791.3808,595212.8125,38.430,604968.6250,1999.9000,
	2026/04/30 11:56:24	,	032286	,	3563	,10.515330,1999.9000,-0.22930925,-791.1703,594941.1250,38.432,605062.2500,1999.9000,
	2026/04/30 11:56:24	,	033286	,	3564	,10.515332,1999.9000,-0.23696032,-790.9948,594922.4375,38.435,605062.2500,1999.9000,
	2026/04/30 11:56:24	,	034286	,	3565	,10.515325,1999.9000,-0.23696032,-790.8486,594916.1250,38.438,605062.2500,1999.9000,
	2026/04/30 11:56:24	,	035286	,	3566	,10.515317,1999.9000,-0.23696032,-790.7268,594913.0000,38.440,605062.2500,1999.9000,
	2026/04/30 11:56:24	,	036286	,	3567	,10.515311,1999.9000,-0.23696032,-790.7246,594911.1875,38.440,605062.2500,1999.9000,
	2026/04/30 11:56:24	,	037286	,	3568	,10.515306,1999.9000,-0.23711789,-790.7229,594909.9375,38.439,605050.9375,1999.9000,
	2026/04/30 11:56:24	,	038286	,	3569	,10.515297,1999.9000,-0.23709163,-790.7215,594918.8750,38.436,604930.5625,1999.9000,
	2026/04/30 11:56:24	,	039286	,	3570	,10.515285,1999.9000,-0.23705715,-790.9192,594930.6875,38.433,604907.6250,1999.9000,
	2026/04/30 11:56:24	,	040286	,	3571	,10.515265,1999.9000,-0.23681727,-791.0840,595019.2500,38.426,604880.8125,1999.9000,
	2026/04/30 11:56:24	,	041286	,	3572	,10.515258,1999.9000,-0.23653336,-791.2214,595148.5000,38.421,604771.0625,1999.9000,
	2026/04/30 11:56:24	,	042286	,	3573	,10.515277,1999.9000,-0.23620327,-791.5348,595438.6875,38.414,604750.5000,1999.9000,
	2026/04/30 11:56:24	,	043286	,	3574	,10.515292,1999.9000,-0.22828196,-791.7960,595473.5625,38.408,604743.6250,1999.9000,
	2026/04/30 11:56:24	,	044286	,	3575	,10.515306,1999.9000,-0.22293754,-792.2126,595485.1250,38.406,604740.2500,1999.9000,
	2026/04/30 11:56:24	,	045286	,	3576	,10.515317,1999.9000,-0.22012667,-792.5598,595485.1250,38.400,604738.1875,1999.9000,
	2026/04/30 11:56:24	,	046286	,	3577	,10.515326,1999.9000,-0.22012667,-792.8491,595494.4375,38.399,604736.8750,1999.9000,
	2026/04/30 11:56:24	,	047286	,	3578	,10.515344,1999.9000,-0.22012667,-793.0900,595496.7500,38.398,604745.5000,1999.9000,
	2026/04/30 11:56:24	,	048286	,	3579	,10.515358,1999.9000,-0.22012667,-793.2910,595407.0625,38.393,604837.5625,1999.9000,
	2026/04/30 11:56:24	,	049286	,	3580	,10.515380,1999.9000,-0.22012667,-793.4584,595386.8125,38.394,604857.1250,1999.9000,
	2026/04/30 11:56:24	,	050286	,	3581	,10.515399,1999.9000,-0.22362448,-793.3989,595373.5625,38.400,604951.1250,1999.9000,
	2026/04/30 11:56:24	,	051286	,	3582	,10.515414,1999.9000,-0.22738071,-793.1504,595262.9375,38.407,605040.5000,1999.9000,
	2026/04/30 11:56:24	,	052286	,	3583	,10.515421,1999.9000,-0.23318520,-792.9434,595014.5000,38.413,605122.6250,1999.9000,
	2026/04/30 11:56:24	,	053286	,	3584	,10.515423,1999.9000,-0.24056529,-792.7708,594844.0625,38.416,605128.6875,1999.9000,
	2026/04/30 11:56:24	,	054286	,	3585	,10.515410,1999.9000,-0.24325640,-792.6270,594844.0625,38.419,605130.6875,1999.9000,
	2026/04/30 11:56:24	,	055286	,	3586	,10.515388,1999.9000,-0.24325640,-792.3083,594844.0625,38.423,605131.6875,1999.9000,
	2026/04/30 11:56:24	,	056286	,	3587	,10.515371,1999.9000,-0.24325640,-792.0427,594844.0625,38.426,605132.3125,1999.9000,
	2026/04/30 11:56:24	,	057286	,	3588	,10.515368,1999.9000,-0.24325640,-792.0202,594844.0625,38.429,605132.6875,1999.9000,
	2026/04/30 11:56:24	,	058286	,	3589	,10.515363,1999.9000,-0.24325640,-792.2004,594844.0625,38.432,605120.3125,1999.9000,
	2026/04/30 11:56:24	,	059286	,	3590	,10.515345,1999.9000,-0.24319339,-792.3506,594933.3750,38.435,604999.3750,1999.9000,
	2026/04/30 11:56:24	,	060286	,	3591	,10.515329,1999.9000,-0.24306208,-792.4758,594955.1250,38.436,604972.1875,1999.9000,
	2026/04/30 11:56:24	,	061286	,	3592	,10.515331,1999.9000,-0.24091822,-792.5801,594966.5625,38.437,604888.2500,1999.9000,
	2026/04/30 11:56:24	,	062286	,	3593	,10.515334,1999.9000,-0.23596457,-792.2692,595059.7500,38.440,604861.7500,1999.9000,
	2026/04/30 11:56:24	,	063286	,	3594	,10.515349,1999.9000,-0.22654250,-792.0100,595312.3125,38.443,604852.8750,1999.9000,
	2026/04/30 11:56:24	,	064286	,	3595	,10.515365,1999.9000,-0.21839353,-791.8935,595546.5000,38.444,604848.4375,1999.9000,
	2026/04/30 11:56:24	,	065286	,	3596	,10.515376,1999.9000,-0.21839353,-792.0948,595546.5000,38.445,604845.7500,1999.9000,
	2026/04/30 11:56:24	,	066286	,	3597	,10.515380,1999.9000,-0.21839353,-792.3621,595546.5000,38.442,604844.0000,1999.9000,
	2026/04/30 11:56:24	,	067286	,	3598	,10.515384,1999.9000,-0.21839353,-792.1870,595546.5000,38.439,604850.9375,1999.9000,
	2026/04/30 11:56:24	,	068286	,	3599	,10.515396,1999.9000,-0.21839353,-791.9416,595546.5000,38.442,604964.9375,1999.9000,
	2026/04/30 11:56:24	,	069286	,	3600	,10.515407,1999.9000,-0.22240184,-791.8365,595420.8125,38.447,605005.4375,1999.9000,
	2026/04/30 11:56:24	,	070286	,	3601	,10.515407,1999.9000,-0.22558454,-791.8485,595364.4375,38.451,605152.2500,1999.9000,
	2026/04/30 11:56:24	,	071286	,	3602	,10.515407,1999.9000,-0.22651415,-791.9579,595364.4375,38.454,605286.8750,1999.9000,
	2026/04/30 11:56:24	,	072286	,	3603	,10.515402,1999.9000,-0.23013486,-792.0490,595258.6875,38.456,605286.8750,1999.9000,
	2026/04/30 11:56:24	,	073286	,	3604	,10.515396,1999.9000,-0.23638682,-792.0255,595064.5000,38.458,605286.8750,1999.9000,
	2026/04/30 11:56:24	,	074286	,	3605	,10.515392,1999.9000,-0.24249384,-792.0059,594798.1875,38.460,605286.8750,1999.9000,
	2026/04/30 11:56:24	,	075286	,	3606	,10.515384,1999.9000,-0.24757352,-791.9896,594798.1875,38.463,605286.8750,1999.9000,
	2026/04/30 11:56:24	,	076286	,	3607	,10.515362,1999.9000,-0.24757352,-791.9760,594798.1875,38.467,605284.1875,1999.9000,
	2026/04/30 11:56:24	,	077286	,	3608	,10.515344,1999.9000,-0.24757352,-792.0641,594798.1875,38.471,605184.8125,1999.9000,
	2026/04/30 11:56:24	,	078286	,	3609	,10.515328,1999.9000,-0.24757352,-792.0381,594798.1875,38.475,605083.3125,1999.9000,
	2026/04/30 11:56:24	,	079286	,	3610	,10.515320,1999.9000,-0.24757352,-792.0164,594901.2500,38.479,605048.8750,1999.9000,
	2026/04/30 11:56:24	,	080286	,	3611	,10.515314,1999.9000,-0.24338874,-791.9983,594924.5000,38.480,604945.0625,1999.9000,
	2026/04/30 11:56:24	,	081286	,	3612	,10.515314,1999.9000,-0.23898971,-792.9780,594935.4375,38.480,604856.2500,1999.9000,
	2026/04/30 11:56:24	,	082286	,	3613	,10.515314,1999.9000,-0.23382805,-793.7944,594951.0000,38.478,604825.7500,1999.9000,
	2026/04/30 11:56:24	,	083286	,	3614	,10.515309,1999.9000,-0.22567908,-794.4747,595208.6875,38.480,604808.3750,1999.9000,
	2026/04/30 11:56:24	,	084286	,	3615	,10.515305,1999.9000,-0.21871494,-795.0417,595503.0000,38.481,604799.6250,1999.9000,
	2026/04/30 11:56:24	,	085286	,	3616	,10.515301,1999.9000,-0.21846285,-794.8178,595503.0000,38.481,604794.4375,1999.9000,
	2026/04/30 11:56:24	,	086286	,	3617	,10.515292,1999.9000,-0.21837881,-794.4323,595503.0000,38.480,604790.9375,1999.9000,
	2026/04/30 11:56:24	,	087286	,	3618	,10.515285,1999.9000,-0.21833681,-794.3099,595503.0000,38.480,604788.0000,1999.9000,
	2026/04/30 11:56:24	,	088286	,	3619	,10.515281,1999.9000,-0.21831159,-794.2080,595503.0000,38.480,604796.3750,1999.9000,
	2026/04/30 11:56:24	,	089286	,	3620	,10.515276,1999.9000,-0.21829478,-793.9241,595493.0000,38.480,604889.5000,1999.9000,
	2026/04/30 11:56:24	,	090286	,	3621	,10.515271,1999.9000,-0.21854338,-793.6876,595368.3750,38.479,604920.8750,1999.9000,
	2026/04/30 11:56:24	,	091286	,	3622	,10.515271,1999.9000,-0.21888393,-793.4904,595357.3125,38.479,605020.5625,1999.9000,
	2026/04/30 11:56:24	,	092286	,	3623	,10.515299,1999.9000,-0.22185981,-793.3261,595344.9375,38.476,605054.0625,1999.9000,
	2026/04/30 11:56:24	,	093286	,	3624	,10.515311,1999.9000,-0.22721687,-793.1893,595167.0000,38.473,605066.8750,1999.9000,
	2026/04/30 11:56:24	,	094286	,	3625	,10.515322,1999.9000,-0.23389739,-793.0752,594897.1250,38.470,605073.2500,1999.9000,
	2026/04/30 11:56:24	,	095286	,	3626	,10.515330,1999.9000,-0.23449925,-792.9801,594890.8125,38.466,605077.0625,1999.9000,
	2026/04/30 11:56:24	,	096286	,	3627	,10.515332,1999.9000,-0.23469988,-792.9009,594888.7500,38.464,605079.6250,1999.9000,
	2026/04/30 11:56:24	,	097286	,	3628	,10.515334,1999.9000,-0.23480019,-792.8350,594887.6875,38.463,605081.7500,1999.9000,
	2026/04/30 11:56:24	,	098286	,	3629	,10.515346,1999.9000,-0.23486039,-793.2773,594887.0625,38.463,605070.5000,1999.9000,
	2026/04/30 11:56:24	,	099286	,	3630	,10.515335,1999.9000,-0.23490050,-793.6460,594886.6875,38.462,604931.7500,1999.9000,
	2026/04/30 11:56:24	,	100286	,	3631	,10.515326,1999.9000,-0.23078398,-793.9532,594969.1250,38.462,604894.8750,1999.9000,
	2026/04/30 11:56:24	,	101286	,	3632	,10.515319,1999.9000,-0.22743744,-794.2092,594980.1875,38.452,604783.1875,1999.9000,
	2026/04/30 11:56:24	,	102286	,	3633	,10.515334,1999.9000,-0.22521900,-794.4225,594988.0000,38.443,604754.8125,1999.9000,
	2026/04/30 11:56:24	,	103286	,	3634	,10.515355,1999.9000,-0.22091448,-794.6003,595129.4375,38.437,604745.3125,1999.9000,
	2026/04/30 11:56:24	,	104286	,	3635	,10.515377,1999.9000,-0.21657214,-794.7484,595410.0625,38.431,604740.6250,1999.9000,
	2026/04/30 11:56:24	,	105286	,	3636	,10.515395,1999.9000,-0.21657214,-794.8719,595445.8125,38.427,604737.7500,1999.9000,
	2026/04/30 11:56:24	,	106286	,	3637	,10.515411,1999.9000,-0.21657214,-794.9747,595457.7500,38.423,604735.9375,1999.9000,
	2026/04/30 11:56:24	,	107286	,	3638	,10.515426,1999.9000,-0.21657214,-794.4636,595463.6875,38.423,604734.8750,1999.9000,
	2026/04/30 11:56:24	,	108286	,	3639	,10.515436,1999.9000,-0.21657214,-793.5403,595467.3125,38.425,604746.2500,1999.9000,
	2026/04/30 11:56:24	,	109286	,	3640	,10.515435,1999.9000,-0.21945862,-792.7709,595469.6875,38.426,604859.2500,1999.9000,
	2026/04/30 11:56:24	,	110286	,	3641	,10.515435,1999.9000,-0.22185981,-792.1297,595456.8750,38.427,604878.9375,1999.9000,
	2026/04/30 11:56:24	,	111286	,	3642	,10.515435,1999.9000,-0.22407196,-791.5954,595364.8125,38.428,604903.8125,1999.9000,
	2026/04/30 11:56:24	,	112286	,	3643	,10.515420,1999.9000,-0.22636603,-791.6475,595354.6875,38.432,605021.1250,1999.9000,
	2026/04/30 11:56:24	,	113286	,	3644	,10.515403,1999.9000,-0.23149617,-791.6909,595253.9375,38.432,605042.2500,1999.9000,
	2026/04/30 11:56:24	,	114286	,	3645	,10.515377,1999.9000,-0.23830906,-791.7271,595007.8750,38.426,605049.3125,1999.9000,
	2026/04/30 11:56:24	,	115286	,	3646	,10.515366,1999.9000,-0.23830906,-791.7573,594830.3750,38.421,605052.8125,1999.9000,
	2026/04/30 11:56:24	,	116286	,	3647	,10.515362,1999.9000,-0.23830906,-791.7824,594830.3750,38.414,605054.9375,1999.9000,
	2026/04/30 11:56:24	,	117286	,	3648	,10.515359,1999.9000,-0.23830906,-791.9028,594830.3750,38.408,605056.3750,1999.9000,
	2026/04/30 11:56:24	,	118286	,	3649	,10.515357,1999.9000,-0.23830906,-792.0032,594830.3750,38.403,605045.0625,1999.9000,
	2026/04/30 11:56:24	,	119286	,	3650	,10.515355,1999.9000,-0.23469147,-791.9873,594830.3750,38.398,604914.8750,1999.9000,
	2026/04/30 11:56:24	,	120286	,	3651	,10.515353,1999.9000,-0.23097937,-791.9741,594919.7500,38.395,604882.2500,1999.9000,
	2026/04/30 11:56:24	,	121286	,	3652	,10.515350,1999.9000,-0.22809920,-792.5599,594942.6875,38.392,604781.3125,1999.9000,
	2026/04/30 11:56:24	,	122286	,	3653	,10.515374,1999.9000,-0.22582403,-792.9487,594957.4375,38.390,604750.8125,1999.9000,
	2026/04/30 11:56:24	,	123286	,	3654	,10.515409,1999.9000,-0.22146279,-792.5763,595073.4375,38.388,604724.8125,1999.9000,
	2026/04/30 11:56:24	,	124286	,	3655	,10.515422,1999.9000,-0.21504067,-792.3654,595329.0625,38.386,604711.7500,1999.9000,
	2026/04/30 11:56:24	,	125286	,	3656	,10.515409,1999.9000,-0.21399130,-792.7866,595547.7500,38.388,604703.8750,1999.9000,
	2026/04/30 11:56:24	,	126286	,	3657	,10.515392,1999.9000,-0.21364151,-793.1375,595547.7500,38.389,604698.6250,1999.9000,
	2026/04/30 11:56:24	,	127286	,	3658	,10.515392,1999.9000,-0.21346663,-793.5294,595547.7500,38.392,604694.3125,1999.9000,
	2026/04/30 11:56:24	,	128286	,	3659	,10.515384,1999.9000,-0.21336171,-793.8561,595547.7500,38.394,604698.9375,1999.9000,
	2026/04/30 11:56:24	,	129286	,	3660	,10.515368,1999.9000,-0.21329175,-794.0287,595547.7500,38.394,604792.1875,1999.9000,
	2026/04/30 11:56:24	,	130286	,	3661	,10.515368,1999.9000,-0.21628852,-793.5758,595426.1875,38.394,604813.6875,1999.9000,
	2026/04/30 11:56:24	,	131286	,	3662	,10.515353,1999.9000,-0.21628852,-793.5758,595396.9375,38.394,604839.1250,1999.9000,
	2026/04/30 11:56:24	,	132286	,	3663	,10.515341,1999.9000,-0.22228210,-792.8838,595381.1250,38.401,604937.8125,1999.9000,
	2026/04/30 11:56:24	,	133286	,	3664	,10.515330,1999.9000,-0.22637232,-792.6216,595363.0625,38.408,604951.4375,1999.9000,
	2026/04/30 11:56:24	,	134286	,	3665	,10.515342,1999.9000,-0.23309068,-792.3038,595119.9375,38.413,604955.9375,1999.9000,
	2026/04/30 11:56:24	,	135286	,	3666	,10.515342,1999.9000,-0.23726915,-791.7404,594847.6250,38.418,604958.1875,1999.9000,
	2026/04/30 11:56:24	,	136286	,	3667	,10.515356,1999.9000,-0.23726915,-791.2710,594847.6250,38.419,604958.1875,1999.9000,
	2026/04/30 11:56:24	,	137286	,	3668	,10.515359,1999.9000,-0.23726915,-790.8798,594847.6250,38.423,604959.5625,1999.9000,
	2026/04/30 11:56:24	,	138286	,	3669	,10.515362,1999.9000,-0.23726915,-790.5538,594847.6250,38.426,604960.5000,1999.9000,
	2026/04/30 11:56:24	,	139286	,	3670	,10.515365,1999.9000,-0.23726915,-790.2822,594847.6250,38.425,604947.2500,1999.9000,
	2026/04/30 11:56:24	,	140286	,	3671	,10.515366,1999.9000,-0.23479861,-790.2548,594969.7500,38.424,604792.8125,1999.9000,
	2026/04/30 11:56:24	,	141286	,	3672	,10.515362,1999.9000,-0.23391943,-790.3314,594996.6250,38.420,604757.8125,1999.9000,
	2026/04/30 11:56:24	,	142286	,	3673	,10.515359,1999.9000,-0.23172306,-790.4947,595007.8750,38.418,604660.5000,1999.9000,
	2026/04/30 11:56:24	,	143286	,	3674	,10.515357,1999.9000,-0.22938488,-790.7302,595021.2500,38.416,604633.0625,1999.9000,
	2026/04/30 11:56:24	,	144286	,	3675	,10.515355,1999.9000,-0.22347954,-791.2250,595245.6875,38.414,604611.8125,1999.9000,
	2026/04/30 11:56:24	,	145286	,	3676	,10.515353,1999.9000,-0.21800907,-791.6373,595535.7500,38.414,604601.1875,1999.9000,
	2026/04/30 11:56:24	,	146286	,	3677	,10.515350,1999.9000,-0.21800907,-792.1797,595535.7500,38.412,604594.8750,1999.9000,
	2026/04/30 11:56:24	,	147286	,	3678	,10.515349,1999.9000,-0.21800907,-792.6318,595535.7500,38.412,604590.6250,1999.9000,
	2026/04/30 11:56:24	,	148286	,	3679	,10.515349,1999.9000,-0.21800907,-793.6054,595535.7500,38.413,604587.1250,1999.9000,
	2026/04/30 11:56:24	,	149286	,	3680	,10.515338,1999.9000,-0.21800907,-794.4167,595535.7500,38.413,604596.0000,1999.9000,
	2026/04/30 11:56:24	,	150286	,	3681	,10.515328,1999.9000,-0.22049850,-795.0928,595522.9375,38.415,604708.8750,1999.9000,
	2026/04/30 11:56:24	,	151286	,	3682	,10.515320,1999.9000,-0.22148484,-795.6562,595380.8750,38.416,604733.0625,1999.9000,
	2026/04/30 11:56:24	,	152286	,	3683	,10.515299,1999.9000,-0.22216445,-796.0262,595372.8125,38.416,604817.5625,1999.9000,
	2026/04/30 11:56:24	,	153286	,	3684	,10.515281,1999.9000,-0.22463287,-796.3346,595365.5625,38.416,604851.0625,1999.9000,
	2026/04/30 11:56:24	,	154286	,	3685	,10.515265,1999.9000,-0.22892480,-796.5916,595230.1875,38.415,604958.3125,1999.9000,
	2026/04/30 11:56:24	,	155286	,	3686	,10.515253,1999.9000,-0.23304026,-796.7062,594958.5000,38.417,604971.9375,1999.9000,
	2026/04/30 11:56:24	,	156286	,	3687	,10.515243,1999.9000,-0.23304026,-796.8018,594935.2500,38.418,604976.4375,1999.9000,
	2026/04/30 11:56:24	,	157286	,	3688	,10.515249,1999.9000,-0.23304026,-796.4836,594927.5000,38.419,604978.7500,1999.9000,
	2026/04/30 11:56:24	,	158286	,	3689	,10.515255,1999.9000,-0.23304026,-795.8204,594923.6250,38.419,604980.1250,1999.9000,
	2026/04/30 11:56:24	,	159286	,	3690	,10.515259,1999.9000,-0.23304026,-795.4668,594921.3125,38.420,604981.0625,1999.9000,
	2026/04/30 11:56:24	,	160286	,	3691	,10.515264,1999.9000,-0.23038694,-795.7689,594919.8125,38.421,604971.3750,1999.9000,
	2026/04/30 11:56:24	,	161286	,	3692	,10.515271,1999.9000,-0.22813699,-795.5233,594929.4375,38.421,604867.1250,1999.9000,
	2026/04/30 11:56:24	,	162286	,	3693	,10.515279,1999.9000,-0.22729249,-795.2191,595012.6875,38.421,604840.1875,1999.9000,
	2026/04/30 11:56:24	,	163286	,	3694	,10.515285,1999.9000,-0.22417909,-794.9657,595022.5000,38.422,604755.9375,1999.9000,
	2026/04/30 11:56:24	,	164286	,	3695	,10.515295,1999.9000,-0.21856369,-794.7545,595176.5625,38.422,604728.7500,1999.9000,
	2026/04/30 11:56:24	,	165286	,	3696	,10.515304,1999.9000,-0.21287894,-794.5785,595476.8125,38.424,604711.8750,1999.9000,
	2026/04/30 11:56:24	,	166286	,	3697	,10.515310,1999.9000,-0.21287894,-794.5313,595511.0625,38.425,604703.3750,1999.9000,
	2026/04/30 11:56:24	,	167286	,	3698	,10.515316,1999.9000,-0.21287894,-795.0887,595522.4375,38.426,604698.3125,1999.9000,
	2026/04/30 11:56:24	,	168286	,	3699	,10.515315,1999.9000,-0.21287894,-795.5533,595528.1875,38.427,604694.9375,1999.9000,
	2026/04/30 11:56:24	,	169286	,	3700	,10.515315,1999.9000,-0.21287894,-795.7416,595531.6250,38.428,604692.0625,1999.9000,
	2026/04/30 11:56:24	,	170286	,	3701	,10.515315,1999.9000,-0.21296507,-795.8984,595533.9375,38.429,604701.7500,1999.9000,
	2026/04/30 11:56:24	,	171286	,	3702	,10.515315,1999.9000,-0.21562049,-796.0291,595452.3750,38.430,604807.9375,1999.9000,
	2026/04/30 11:56:24	,	172286	,	3703	,10.515320,1999.9000,-0.21642719,-796.1381,595431.5000,38.430,604836.0000,1999.9000,
	2026/04/30 11:56:24	,	173286	,	3704	,10.515325,1999.9000,-0.21879688,-795.7316,595418.0000,38.430,604934.1250,1999.9000,
	2026/04/30 11:56:24	,	174286	,	3705	,10.515323,1999.9000,-0.22375053,-794.8954,595047.2500,38.431,605050.7500,1999.9000,
	2026/04/30 11:56:24	,	175286	,	3706	,10.515306,1999.9000,-0.23002142,-794.1985,595047.2500,38.431,605050.7500,1999.9000,
	2026/04/30 11:56:24	,	176286	,	3707	,10.515292,1999.9000,-0.23442678,-793.3194,594878.0000,38.431,605050.7500,1999.9000,
	2026/04/30 11:56:24	,	177286	,	3708	,10.515280,1999.9000,-0.23442678,-792.5868,594878.0000,38.436,605050.7500,1999.9000,
	2026/04/30 11:56:24	,	178286	,	3709	,10.515280,1999.9000,-0.23442678,-792.2747,594878.0000,38.443,605050.7500,1999.9000,
	2026/04/30 11:56:24	,	179286	,	3710	,10.515269,1999.9000,-0.23442678,-792.0146,594878.0000,38.451,605050.7500,1999.9000,
	2026/04/30 11:56:24	,	180286	,	3711	,10.515271,1999.9000,-0.23442678,-791.7979,594878.0000,38.457,605037.6250,1999.9000,
	2026/04/30 11:56:24	,	181286	,	3712	,10.515264,1999.9000,-0.23176716,-791.7168,594965.6250,38.462,604901.5625,1999.9000,
	2026/04/30 11:56:24	,	182286	,	3713	,10.515256,1999.9000,-0.22960545,-791.6492,594982.3125,38.466,604875.2500,1999.9000,
	2026/04/30 11:56:24	,	183286	,	3714	,10.515255,1999.9000,-0.22866955,-791.8913,594990.0625,38.470,604782.5625,1999.9000,
	2026/04/30 11:56:24	,	184286	,	3715	,10.515259,1999.9000,-0.22305728,-792.0930,595088.9375,38.473,604751.7500,1999.9000,
	2026/04/30 11:56:24	,	185286	,	3716	,10.515268,1999.9000,-0.21686834,-792.2612,595349.3125,38.475,604659.3750,1999.9000,
	2026/04/30 11:56:24	,	186286	,	3717	,10.515276,1999.9000,-0.21240625,-792.5007,595579.2500,38.479,604659.3750,1999.9000,
	2026/04/30 11:56:24	,	187286	,	3718	,10.515286,1999.9000,-0.21240625,-792.7004,595579.2500,38.482,604659.3750,1999.9000,
	2026/04/30 11:56:24	,	188286	,	3719	,10.515301,1999.9000,-0.21240625,-792.9662,595579.2500,38.483,604659.3750,1999.9000,
	2026/04/30 11:56:24	,	189286	,	3720	,10.515313,1999.9000,-0.21240625,-793.2872,595579.2500,38.478,604659.3750,1999.9000,
	2026/04/30 11:56:24	,	190286	,	3721	,10.515338,1999.9000,-0.21240625,-793.8531,595579.2500,38.470,604670.1875,1999.9000,
	2026/04/30 11:56:24	,	191286	,	3722	,10.515358,1999.9000,-0.21268146,-794.0264,595464.8750,38.467,604794.0625,1999.9000,
	2026/04/30 11:56:24	,	192286	,	3723	,10.515370,1999.9000,-0.21586627,-794.1707,595440.1875,38.461,604819.1250,1999.9000,
	2026/04/30 11:56:24	,	193286	,	3724	,10.515380,1999.9000,-0.21659735,-794.2909,595425.7500,38.456,604908.1875,1999.9000,
	2026/04/30 11:56:24	,	194286	,	3725	,10.515384,1999.9000,-0.22154473,-794.3911,595335.5625,38.448,604942.8750,1999.9000,
	2026/04/30 11:56:24	,	195286	,	3726	,10.515387,1999.9000,-0.22862229,-794.6735,595127.6875,38.441,605058.5625,1999.9000,
	2026/04/30 11:56:24	,	196286	,	3727	,10.515388,1999.9000,-0.22862229,-794.9089,594844.6250,38.432,605058.5625,1999.9000,
	2026/04/30 11:56:24	,	197286	,	3728	,10.515396,1999.9000,-0.23441416,-794.9061,594844.6250,38.423,605058.5625,1999.9000,
	2026/04/30 11:56:24	,	198286	,	3729	,10.515403,1999.9000,-0.23441416,-794.7049,594844.6250,38.415,605058.5625,1999.9000,
	2026/04/30 11:56:24	,	199286	,	3730	,10.515403,1999.9000,-0.23441416,-794.5372,594844.6250,38.410,605058.5625,1999.9000,
	2026/04/30 11:56:24	,	200286	,	3731	,10.515403,1999.9000,-0.23441416,-794.3974,594844.6250,38.406,605050.9375,1999.9000,
	2026/04/30 11:56:24	,	201286	,	3732	,10.515392,1999.9000,-0.23441416,-794.4799,594857.3125,38.403,604935.9375,1999.9000,
	2026/04/30 11:56:24	,	202286	,	3733	,10.515384,1999.9000,-0.23411374,-794.7476,594976.8750,38.400,604907.0000,1999.9000,
	2026/04/30 11:56:24	,	203286	,	3734	,10.515387,1999.9000,-0.23036174,-794.9706,594991.8750,38.401,604814.0000,1999.9000,
	2026/04/30 11:56:24	,	204286	,	3735	,10.515388,1999.9000,-0.22962120,-795.6538,595013.0625,38.403,604784.6875,1999.9000,
	2026/04/30 11:56:24	,	205286	,	3736	,10.515376,1999.9000,-0.22568537,-795.8253,595259.3125,38.411,604757.7500,1999.9000,
	2026/04/30 11:56:24	,	206286	,	3737	,10.515366,1999.9000,-0.21952164,-795.9681,595547.7500,38.419,604744.3125,1999.9000,
	2026/04/30 11:56:24	,	207286	,	3738	,10.515357,1999.9000,-0.21451756,-796.0873,595547.7500,38.426,604736.3125,1999.9000,
	2026/04/30 11:56:24	,	208286	,	3739	,10.515374,1999.9000,-0.21451756,-796.1865,595547.7500,38.432,604730.9375,1999.9000,
	2026/04/30 11:56:24	,	209286	,	3740	,10.515388,1999.9000,-0.21451756,-796.1697,595547.7500,38.437,604726.4375,1999.9000,
	2026/04/30 11:56:24	,	210286	,	3741	,10.515401,1999.9000,-0.21451756,-796.1558,595547.7500,38.440,604730.9375,1999.9000,
	2026/04/30 11:56:24	,	211286	,	3742	,10.515410,1999.9000,-0.21451756,-796.1442,595539.8125,38.441,604819.4375,1999.9000,
	2026/04/30 11:56:24	,	212286	,	3743	,10.515414,1999.9000,-0.21454906,-796.1344,595422.5625,38.432,604847.5000,1999.9000,
	2026/04/30 11:56:24	,	213286	,	3744	,10.515417,1999.9000,-0.21705112,-796.1263,595405.8750,38.424,604950.5000,1999.9000,
	2026/04/30 11:56:24	,	214286	,	3745	,10.515419,1999.9000,-0.21810676,-796.0201,595389.0000,38.416,604981.8125,1999.9000,
	2026/04/30 11:56:24	,	215286	,	3746	,10.515421,1999.9000,-0.22255310,-796.0201,595210.4375,38.410,605096.6250,1999.9000,
	2026/04/30 11:56:24	,	216286	,	3747	,10.515423,1999.9000,-0.22909495,-795.9315,594935.8125,38.404,605096.6250,1999.9000,
	2026/04/30 11:56:24	,	217286	,	3748	,10.515426,1999.9000,-0.23463476,-795.8577,594912.8750,38.401,605096.6250,1999.9000,
	2026/04/30 11:56:24	,	218286	,	3749	,10.515427,1999.9000,-0.23463476,-795.6968,594905.2500,38.399,605096.6250,1999.9000,
	2026/04/30 11:56:24	,	219286	,	3750	,10.515408,1999.9000,-0.23463476,-795.5626,594901.4375,38.397,605096.6250,1999.9000,
	2026/04/30 11:56:24	,	220286	,	3751	,10.515392,1999.9000,-0.23463476,-795.4509,594899.1875,38.400,605094.5000,1999.9000,
	2026/04/30 11:56:24	,	221286	,	3752	,10.515380,1999.9000,-0.23463476,-795.3577,594897.6250,38.404,605012.0625,1999.9000,
	2026/04/30 11:56:24	,	222286	,	3753	,10.515353,1999.9000,-0.23435745,-794.9818,594910.1875,38.407,604980.6875,1999.9000,
	2026/04/30 11:56:24	,	223286	,	3754	,10.515330,1999.9000,-0.23009075,-794.6685,595000.1250,38.410,604884.6250,1999.9000,
	2026/04/30 11:56:24	,	224286	,	3755	,10.515307,1999.9000,-0.22733660,-794.7057,595005.1875,38.412,604850.8125,1999.9000,
	2026/04/30 11:56:24	,	225286	,	3756	,10.515279,1999.9000,-0.22363710,-794.7369,595144.3125,38.412,604765.0625,1999.9000,
	2026/04/30 11:56:24	,	226286	,	3757	,10.515255,1999.9000,-0.21659735,-794.7628,595439.8750,38.413,604765.0625,1999.9000,
	2026/04/30 11:56:24	,	227286	,	3758	,10.515244,1999.9000,-0.21069200,-794.7843,595467.2500,38.411,604765.0625,1999.9000,
	2026/04/30 11:56:24	,	228286	,	3759	,10.515240,1999.9000,-0.21069200,-794.8022,595476.3750,38.410,604765.0625,1999.9000,
	2026/04/30 11:56:24	,	229286	,	3760	,10.515237,1999.9000,-0.21069200,-794.8173,595481.0000,38.409,604765.0625,1999.9000,
	2026/04/30 11:56:24	,	230286	,	3761	,10.515245,1999.9000,-0.21069200,-794.8297,595483.7500,38.409,604772.0000,1999.9000,
	2026/04/30 11:56:24	,	231286	,	3762	,10.515251,1999.9000,-0.21069200,-794.8401,595485.5625,38.411,604876.1875,1999.9000,
	2026/04/30 11:56:24	,	232286	,	3763	,10.515256,1999.9000,-0.21095358,-794.8488,595398.7500,38.410,604901.2500,1999.9000,
	2026/04/30 11:56:24	,	233286	,	3764	,10.515265,1999.9000,-0.21502805,-794.6571,595374.3125,38.409,604992.7500,1999.9000,
	2026/04/30 11:56:24	,	234286	,	3765	,10.515284,1999.9000,-0.21758051,-794.0994,595360.2500,38.407,605024.4375,1999.9000,
	2026/04/30 11:56:24	,	235286	,	3766	,10.515347,1999.9000,-0.22059934,-793.6347,595241.4375,38.405,605114.7500,1999.9000,
	2026/04/30 11:56:24	,	236286	,	3767	,10.515401,1999.9000,-0.22703408,-793.2475,595008.5000,38.408,605114.7500,1999.9000,
	2026/04/30 11:56:24	,	237286	,	3768	,10.515445,1999.9000,-0.23357596,-792.9248,594857.7500,38.411,605114.7500,1999.9000,
	2026/04/30 11:56:24	,	238286	,	3769	,10.515468,1999.9000,-0.23357596,-792.6559,594857.7500,38.408,605114.7500,1999.9000,
	2026/04/30 11:56:24	,	239286	,	3770	,10.515477,1999.9000,-0.23357596,-792.4318,594857.7500,38.405,605114.7500,1999.9000,
	2026/04/30 11:56:24	,	240286	,	3771	,10.515484,1999.9000,-0.23357596,-792.6429,594857.7500,38.402,605110.3125,1999.9000,
	2026/04/30 11:56:24	,	241286	,	3772	,10.515491,1999.9000,-0.23357596,-793.1172,594857.7500,38.399,605012.6875,1999.9000,
	2026/04/30 11:56:24	,	242286	,	3773	,10.515491,1999.9000,-0.23081551,-793.5126,594956.6250,38.403,604978.0000,1999.9000,
	2026/04/30 11:56:24	,	243286	,	3774	,10.515491,1999.9000,-0.22778405,-793.8419,594977.5000,38.406,604875.5625,1999.9000,
	2026/04/30 11:56:24	,	244286	,	3775	,10.515491,1999.9000,-0.22504884,-794.1165,594984.6875,38.409,604842.3750,1999.9000,
	2026/04/30 11:56:24	,	245286	,	3776	,10.515491,1999.9000,-0.22232622,-794.2458,595081.1875,38.410,604744.5000,1999.9000,
	2026/04/30 11:56:24	,	246286	,	3777	,10.515491,1999.9000,-0.21633264,-794.3535,595342.1875,38.412,604742.1250,1999.9000,
	2026/04/30 11:56:24	,	247286	,	3778	,10.515491,1999.9000,-0.20951977,-794.5427,595555.5000,38.414,604741.3125,1999.9000,
	2026/04/30 11:56:24	,	248286	,	3779	,10.515491,1999.9000,-0.20848618,-794.6010,595555.5000,38.420,604740.8750,1999.9000,
	2026/04/30 11:56:24	,	249286	,	3780	,10.515491,1999.9000,-0.20814164,-794.5500,595555.5000,38.427,604740.6250,1999.9000,
	2026/04/30 11:56:24	,	250286	,	3781	,10.515491,1999.9000,-0.20796938,-794.5076,595555.5000,38.435,604740.4375,1999.9000,
	2026/04/30 11:56:24	,	251286	,	3782	,10.515491,1999.9000,-0.20786604,-794.4722,595555.5000,38.443,604752.1875,1999.9000,
	2026/04/30 11:56:24	,	252286	,	3783	,10.515491,1999.9000,-0.20779712,-794.2438,595444.6250,38.449,604865.9375,1999.9000,
	2026/04/30 11:56:24	,	253286	,	3784	,10.515491,1999.9000,-0.20995463,-794.0535,595417.8125,38.454,604890.6875,1999.9000,
	2026/04/30 11:56:24	,	254286	,	3785	,10.515471,1999.9000,-0.21216679,-793.6959,595404.3750,38.458,604974.0625,1999.9000,
	2026/04/30 11:56:24	,	255286	,	3786	,10.515454,1999.9000,-0.21432218,-793.1989,595386.5625,38.461,605011.7500,1999.9000,
	2026/04/30 11:56:24	,	256286	,	3787	,10.515460,1999.9000,-0.21976744,-792.5858,595130.0625,38.464,605109.9375,1999.9000,
	2026/04/30 11:56:24	,	257286	,	3788	,10.515466,1999.9000,-0.22738071,-792.0750,594853.6250,38.463,605109.9375,1999.9000,
	2026/04/30 11:56:24	,	258286	,	3789	,10.515470,1999.9000,-0.23334907,-791.5497,594853.6250,38.458,605109.9375,1999.9000,
	2026/04/30 11:56:24	,	259286	,	3790	,10.515478,1999.9000,-0.23334907,-791.1121,594853.6250,38.451,605109.9375,1999.9000,
	2026/04/30 11:56:24	,	260286	,	3791	,10.515491,1999.9000,-0.23334907,-790.7473,594853.6250,38.445,605109.9375,1999.9000,
	2026/04/30 11:56:24	,	261286	,	3792	,10.515495,1999.9000,-0.23334907,-790.5429,594853.6250,38.441,605028.4375,1999.9000,
	2026/04/30 11:56:24	,	262286	,	3793	,10.515494,1999.9000,-0.23334907,-790.3725,594863.5000,38.438,604990.0000,1999.9000,
	2026/04/30 11:56:24	,	263286	,	3794	,10.515498,1999.9000,-0.23307282,-790.3300,594975.7500,38.436,604881.0000,1999.9000,
	2026/04/30 11:56:24	,	264286	,	3795	,10.515502,1999.9000,-0.22968109,-790.7919,594985.5625,38.436,604846.8750,1999.9000,
	2026/04/30 11:56:24	,	265286	,	3796	,10.515506,1999.9000,-0.22900358,-791.2763,595002.7500,38.435,604760.8125,1999.9000,
	2026/04/30 11:56:24	,	266286	,	3797	,10.515498,1999.9000,-0.22469591,-791.7795,595237.9375,38.434,604745.6875,1999.9000,
	2026/04/30 11:56:24	,	267286	,	3798	,10.515492,1999.9000,-0.21868342,-792.3977,595531.6250,38.434,604740.6875,1999.9000,
	2026/04/30 11:56:24	,	268286	,	3799	,10.515487,1999.9000,-0.21424654,-792.9129,595531.6250,38.434,604738.1250,1999.9000,
	2026/04/30 11:56:24	,	269286	,	3800	,10.515478,1999.9000,-0.21424654,-793.3423,595531.6250,38.434,604736.6250,1999.9000,
	2026/04/30 11:56:24	,	270286	,	3801	,10.515470,1999.9000,-0.21424654,-793.7001,595531.6250,38.433,604735.6250,1999.9000,
	2026/04/30 11:56:24	,	271286	,	3802	,10.515464,1999.9000,-0.21424654,-793.9983,595531.6250,38.427,604745.3750,1999.9000,
	2026/04/30 11:56:24	,	272286	,	3803	,10.515457,1999.9000,-0.21424654,-794.2468,595521.9375,38.422,604859.8750,1999.9000,
	2026/04/30 11:56:24	,	273286	,	3804	,10.515453,1999.9000,-0.21652803,-794.4539,595407.0625,38.422,604884.3750,1999.9000,
	2026/04/30 11:56:24	,	274286	,	3805	,10.515435,1999.9000,-0.21882209,-794.5269,595395.5000,38.413,604976.4375,1999.9000,
	2026/04/30 11:56:24	,	275286	,	3806	,10.515420,1999.9000,-0.21968865,-794.5878,595382.0625,38.406,605010.5625,1999.9000,
	2026/04/30 11:56:24	,	276286	,	3807	,10.515413,1999.9000,-0.22380096,-794.5391,595213.4375,38.399,605115.3750,1999.9000,
	2026/04/30 11:56:24	,	277286	,	3808	,10.515402,1999.9000,-0.22985755,-794.4985,594940.0000,38.394,605115.3750,1999.9000,
	2026/04/30 11:56:24	,	278286	,	3809	,10.515391,1999.9000,-0.23279446,-794.3651,594917.9375,38.385,605115.3750,1999.9000,
	2026/04/30 11:56:24	,	279286	,	3810	,10.515388,1999.9000,-0.23279446,-793.6572,594910.5625,38.382,605115.3750,1999.9000,
	2026/04/30 11:56:24	,	280286	,	3811	,10.515387,1999.9000,-0.23279446,-792.9678,594906.9375,38.380,605115.3750,1999.9000,
	2026/04/30 11:56:24	,	281286	,	3812	,10.515384,1999.9000,-0.23279446,-792.3933,594904.7500,38.378,605102.6250,1999.9000,
	2026/04/30 11:56:24	,	282286	,	3813	,10.515377,1999.9000,-0.23279446,-791.9145,594903.2500,38.376,604957.6875,1999.9000,
	2026/04/30 11:56:24	,	283286	,	3814	,10.515371,1999.9000,-0.22951093,-791.5155,594913.1250,38.381,604928.1250,1999.9000,
	2026/04/30 11:56:24	,	284286	,	3815	,10.515368,1999.9000,-0.22676939,-791.2825,594925.5625,38.388,604832.1250,1999.9000,
	2026/04/30 11:56:24	,	285286	,	3816	,10.515338,1999.9000,-0.22578306,-791.5857,595007.8750,38.399,604799.5000,1999.9000,
	2026/04/30 11:56:24	,	286286	,	3817	,10.515313,1999.9000,-0.22162664,-791.9379,595147.3125,38.409,604702.8125,1999.9000,
	2026/04/30 11:56:24	,	287286	,	3818	,10.515292,1999.9000,-0.21525493,-792.3307,595445.2500,38.419,604702.8125,1999.9000,
	2026/04/30 11:56:24	,	288286	,	3819	,10.515276,1999.9000,-0.21061638,-792.6581,595534.6250,38.427,604702.8125,1999.9000,
	2026/04/30 11:56:24	,	289286	,	3820	,10.515262,1999.9000,-0.21061638,-792.9310,595534.6250,38.434,604702.8125,1999.9000,
	2026/04/30 11:56:24	,	290286	,	3821	,10.515270,1999.9000,-0.21061638,-793.5563,595534.6250,38.440,604702.8125,1999.9000,
	2026/04/30 11:56:24	,	291286	,	3822	,10.515277,1999.9000,-0.21061638,-794.0773,595534.6250,38.442,604702.8125,1999.9000,
	2026/04/30 11:56:24	,	292286	,	3823	,10.515284,1999.9000,-0.21061638,-794.5116,595534.6250,38.443,604710.8750,1999.9000,
	2026/04/30 11:56:24	,	293286	,	3824	,10.515288,1999.9000,-0.21390624,-794.4756,595436.8750,38.443,604804.8750,1999.9000,
	2026/04/30 11:56:24	,	294286	,	3825	,10.515298,1999.9000,-0.21707632,-794.4456,595410.3750,38.437,604824.2500,1999.9000,
	2026/04/30 11:56:24	,	295286	,	3826	,10.515311,1999.9000,-0.21978006,-794.4205,595396.1875,38.432,604913.6250,1999.9000,
	2026/04/30 11:56:24	,	296286	,	3827	,10.515322,1999.9000,-0.22307619,-794.3002,595279.0000,38.427,604949.5625,1999.9000,
	2026/04/30 11:56:24	,	297286	,	3828	,10.515326,1999.9000,-0.22959915,-794.2994,595025.1875,38.423,605065.8125,1999.9000,
	2026/04/30 11:56:24	,	298286	,	3829	,10.515328,1999.9000,-0.23580068,-794.6967,594848.2500,38.420,605065.8125,1999.9000,
	2026/04/30 11:56:24	,	299286	,	3830	,10.515335,1999.9000,-0.23611265,-794.6298,594848.2500,38.418,605065.8125,1999.9000,
	2026/04/30 11:56:24	,	300286	,	3831	,10.515342,1999.9000,-0.23621666,-794.5740,594848.2500,38.416,605065.8125,1999.9000,
	2026/04/30 11:56:24	,	301286	,	3832	,10.515361,1999.9000,-0.23626865,-794.5276,594848.2500,38.414,605065.8125,1999.9000,
	2026/04/30 11:56:24	,	302286	,	3833	,10.515383,1999.9000,-0.23629986,-794.4890,594848.2500,38.416,605063.6875,1999.9000,
	2026/04/30 11:56:24	,	303286	,	3834	,10.515401,1999.9000,-0.23632064,-794.5562,594942.3750,38.418,604964.3125,1999.9000,
	2026/04/30 11:56:24	,	304286	,	3835	,10.515410,1999.9000,-0.23353814,-794.6121,594958.8125,38.421,604930.5000,1999.9000,
	2026/04/30 11:56:24	,	305286	,	3836	,10.515414,1999.9000,-0.23106761,-794.6588,594970.1875,38.430,604805.5625,1999.9000,
	2026/04/30 11:56:24	,	306286	,	3837	,10.515417,1999.9000,-0.22843951,-794.5983,595080.6250,38.430,604805.5625,1999.9000,
	2026/04/30 11:56:24	,	307286	,	3838	,10.515419,1999.9000,-0.22249638,-794.5478,595349.9375,38.430,604698.6250,1999.9000,
	2026/04/30 11:56:24	,	308286	,	3839	,10.515421,1999.9000,-0.21674229,-794.2073,595552.5000,38.434,604698.6250,1999.9000,
	2026/04/30 11:56:24	,	309286	,	3840	,10.515421,1999.9000,-0.21333900,-793.9236,595552.5000,38.437,604698.6250,1999.9000,
	2026/04/30 11:56:24	,	310286	,	3841	,10.515426,1999.9000,-0.21333900,-793.6871,595552.5000,38.439,604698.6250,1999.9000,
	2026/04/30 11:56:24	,	311286	,	3842	,10.515426,1999.9000,-0.21333900,-793.4901,595552.5000,38.441,604698.6250,1999.9000,
	2026/04/30 11:56:24	,	312286	,	3843	,10.515395,1999.9000,-0.21333900,-793.3259,595552.5000,38.440,604705.4375,1999.9000,
	2026/04/30 11:56:24	,	313286	,	3844	,10.515376,1999.9000,-0.21333900,-793.0895,595445.8125,38.435,604809.1250,1999.9000,
	2026/04/30 11:56:24	,	314286	,	3845	,10.515376,1999.9000,-0.21563306,-792.8926,595421.1250,38.432,604841.1875,1999.9000,
	2026/04/30 11:56:24	,	315286	,	3846	,10.515376,1999.9000,-0.21783893,-792.7285,595408.1250,38.429,604928.1250,1999.9000,
	2026/04/30 11:56:24	,	316286	,	3847	,10.515390,1999.9000,-0.22025272,-792.5917,595390.5625,38.426,604954.3750,1999.9000,
	2026/04/30 11:56:24	,	317286	,	3848	,10.515392,1999.9000,-0.22571687,-792.4778,595132.4375,38.424,605044.1250,1999.9000,
	2026/04/30 11:56:24	,	318286	,	3849	,10.515395,1999.9000,-0.23193733,-792.3829,594850.0000,38.423,605064.9375,1999.9000,
	2026/04/30 11:56:24	,	319286	,	3850	,10.515395,1999.9000,-0.23197201,-792.3036,594850.0000,38.420,605071.8750,1999.9000,
	2026/04/30 11:56:24	,	320286	,	3851	,10.515391,1999.9000,-0.23198356,-792.3372,594850.0000,38.414,605075.3750,1999.9000,
	2026/04/30 11:56:24	,	321286	,	3852	,10.515388,1999.9000,-0.23198932,-792.4645,594850.0000,38.413,605077.4375,1999.9000,
	2026/04/30 11:56:24	,	322286	,	3853	,10.515390,1999.9000,-0.23199280,-792.5707,594850.0000,38.413,605078.8125,1999.9000,
	2026/04/30 11:56:24	,	323286	,	3854	,10.515392,1999.9000,-0.23199509,-792.6592,594863.1250,38.412,605067.1875,1999.9000,
	2026/04/30 11:56:24	,	324286	,	3855	,10.515389,1999.9000,-0.22911386,-792.7330,594981.6875,38.407,604943.2500,1999.9000,
	2026/04/30 11:56:24	,	325286	,	3856	,10.515387,1999.9000,-0.22635342,-793.1924,594988.8125,38.404,604911.8125,1999.9000,
	2026/04/30 11:56:24	,	326286	,	3857	,10.515384,1999.9000,-0.22375053,-793.7742,595005.6875,38.401,604812.1875,1999.9000,
	2026/04/30 11:56:24	,	327286	,	3858	,10.515383,1999.9000,-0.21823595,-794.3584,595249.8125,38.393,604775.6250,1999.9000,
	2026/04/30 11:56:24	,	328286	,	3859	,10.515381,1999.9000,-0.21135376,-794.9448,595539.3750,38.385,604756.1875,1999.9000,
	2026/04/30 11:56:24	,	329286	,	3860	,10.515380,1999.9000,-0.21094410,-795.4333,595539.3750,38.387,604746.5000,1999.9000,
	2026/04/30 11:56:24	,	330286	,	3861	,10.515380,1999.9000,-0.21080756,-795.8405,595539.3750,38.389,604740.6875,1999.9000,
	2026/04/30 11:56:24	,	331286	,	3862	,10.515358,1999.9000,-0.21073927,-796.1798,595539.3750,38.390,604736.8125,1999.9000,
	2026/04/30 11:56:24	,	332286	,	3863	,10.515341,1999.9000,-0.21069829,-796.4626,595539.3750,38.391,604733.5625,1999.9000,
	2026/04/30 11:56:24	,	333286	,	3864	,10.515326,1999.9000,-0.21067099,-796.0019,595529.2500,38.398,604740.5000,1999.9000,
	2026/04/30 11:56:24	,	334286	,	3865	,10.515313,1999.9000,-0.21334532,-795.5185,595404.1250,38.404,604844.7500,1999.9000,
	2026/04/30 11:56:24	,	335286	,	3866	,10.515304,1999.9000,-0.21551333,-795.1157,595391.6250,38.408,604874.3125,1999.9000,
	2026/04/30 11:56:24	,	336286	,	3867	,10.515295,1999.9000,-0.21633579,-794.7800,595380.3125,38.412,604900.9375,1999.9000,
	2026/04/30 11:56:24	,	337286	,	3868	,10.515292,1999.9000,-0.22133042,-794.5002,595202.6875,38.416,605030.8125,1999.9000,
	2026/04/30 11:56:24	,	338286	,	3869	,10.515291,1999.9000,-0.22820632,-794.2672,594925.1250,38.419,605059.5000,1999.9000,
	2026/04/30 11:56:24	,	339286	,	3870	,10.515295,1999.9000,-0.23305915,-794.0729,594904.2500,38.421,605069.1250,1999.9000,
	2026/04/30 11:56:24	,	340286	,	3871	,10.515304,1999.9000,-0.23305915,-793.9110,594897.3125,38.423,605073.8750,1999.9000,
	2026/04/30 11:56:24	,	341286	,	3872	,10.515319,1999.9000,-0.23305915,-793.7761,594893.8125,38.424,605076.6875,1999.9000,
	2026/04/30 11:56:24	,	342286	,	3873	,10.515338,1999.9000,-0.23305915,-793.6637,594891.7500,38.424,605078.6250,1999.9000,
	2026/04/30 11:56:24	,	343286	,	3874	,10.515358,1999.9000,-0.23305915,-793.5700,594890.3125,38.426,605068.4375,1999.9000,
	2026/04/30 11:56:24	,	344286	,	3875	,10.515375,1999.9000,-0.23032393,-793.4919,594901.0625,38.427,604948.0625,1999.9000,
	2026/04/30 11:56:24	,	345286	,	3876	,10.515389,1999.9000,-0.22813070,-793.4269,594914.0625,38.428,604918.1250,1999.9000,
	2026/04/30 11:56:24	,	346286	,	3877	,10.515406,1999.9000,-0.22735865,-793.3727,595002.5000,38.429,604819.4375,1999.9000,
	2026/04/30 11:56:24	,	347286	,	3878	,10.515414,1999.9000,-0.22334088,-793.3275,595150.3125,38.429,604787.1250,1999.9000,
	2026/04/30 11:56:24	,	348286	,	3879	,10.515417,1999.9000,-0.21697548,-793.2899,595442.8750,38.431,604702.8125,1999.9000,
	2026/04/30 11:56:24	,	349286	,	3880	,10.515419,1999.9000,-0.21697548,-793.2899,595442.8750,38.433,604702.8125,1999.9000,
	2026/04/30 11:56:24	,	350286	,	3881	,10.515441,1999.9000,-0.21207853,-793.2324,595488.9375,38.435,604702.8125,1999.9000,
	2026/04/30 11:56:24	,	351286	,	3882	,10.515441,1999.9000,-0.21207853,-793.7079,595494.6250,38.436,604702.8125,1999.9000,
	2026/04/30 11:56:24	,	352286	,	3883	,10.515439,1999.9000,-0.21207853,-793.6069,595498.1250,38.437,604702.8125,1999.9000,
	2026/04/30 11:56:24	,	353286	,	3884	,10.515448,1999.9000,-0.21207853,-793.5226,595500.4375,38.438,604711.6250,1999.9000,
	2026/04/30 11:56:24	,	354286	,	3885	,10.515450,1999.9000,-0.21500914,-793.4525,595487.8750,38.438,604812.1875,1999.9000,
	2026/04/30 11:56:24	,	355286	,	3886	,10.515448,1999.9000,-0.21734731,-793.6924,595391.6250,38.439,604839.6250,1999.9000,
	2026/04/30 11:56:24	,	356286	,	3887	,10.515450,1999.9000,-0.21812882,-794.1908,595382.6875,38.436,604932.3750,1999.9000,
	2026/04/30 11:56:24	,	357286	,	3888	,10.515451,1999.9000,-0.22162664,-794.7056,595284.3125,38.434,604963.1875,1999.9000,
	2026/04/30 11:56:24	,	358286	,	3889	,10.515448,1999.9000,-0.22805507,-794.7368,595035.8750,38.432,605071.8750,1999.9000,
	2026/04/30 11:56:24	,	359286	,	3890	,10.515435,1999.9000,-0.23408015,-794.7626,594851.8125,38.431,605071.8750,1999.9000,
	2026/04/30 11:56:24	,	360286	,	3891	,10.515435,1999.9000,-0.23408015,-794.4858,594851.8125,38.430,605071.8750,1999.9000,
	2026/04/30 11:56:24	,	361286	,	3892	,10.515439,1999.9000,-0.23408015,-794.2551,594851.8125,38.432,605071.8750,1999.9000,
	2026/04/30 11:56:24	,	362286	,	3893	,10.515423,1999.9000,-0.23408015,-794.2618,594851.8125,38.433,605071.8750,1999.9000,
	2026/04/30 11:56:24	,	363286	,	3894	,10.515399,1999.9000,-0.23408015,-794.3668,594851.8125,38.433,605064.3750,1999.9000,
	2026/04/30 11:56:24	,	364286	,	3895	,10.515380,1999.9000,-0.23407491,-794.4543,594942.3750,38.433,604955.9375,1999.9000,
	2026/04/30 11:56:24	,	365286	,	3896	,10.515365,1999.9000,-0.23162852,-794.5273,594963.5625,38.439,604930.8750,1999.9000,
	2026/04/30 11:56:24	,	366286	,	3897	,10.515346,1999.9000,-0.23075879,-794.5883,594971.7500,38.438,604847.8125,1999.9000,
	2026/04/30 11:56:24	,	367286	,	3898	,10.515335,1999.9000,-0.22748786,-794.5394,594971.7500,38.436,604817.5625,1999.9000,
	2026/04/30 11:56:24	,	368286	,	3899	,10.515326,1999.9000,-0.22159514,-794.4988,595072.8750,38.432,604724.0000,1999.9000,
	2026/04/30 11:56:24	,	369286	,	3900	,10.515319,1999.9000,-0.21604905,-794.5644,595342.7500,38.428,604724.0000,1999.9000,
	2026/04/30 11:56:24	,	370286	,	3901	,10.515313,1999.9000,-0.21604905,-794.6190,595564.3750,38.424,604724.0000,1999.9000,
	2026/04/30 11:56:24	,	371286	,	3902	,10.515313,1999.9000,-0.21604905,-794.6646,595564.3750,38.421,604724.0000,1999.9000,
	2026/04/30 11:56:24	,	372286	,	3903	,10.515313,1999.9000,-0.21604905,-794.6031,595564.3750,38.420,604724.0000,1999.9000,
	2026/04/30 11:56:24	,	373286	,	3904	,10.515313,1999.9000,-0.21604905,-794.5518,595564.3750,38.422,604727.5625,1999.9000,
	2026/04/30 11:56:24	,	374286	,	3905	,10.515313,1999.9000,-0.21632740,-794.5090,595564.3750,38.424,604814.0000,1999.9000,
	2026/04/30 11:56:24	,	375286	,	3906	,10.515319,1999.9000,-0.22055523,-794.2745,595455.3750,38.425,604839.6250,1999.9000,
	2026/04/30 11:56:24	,	376286	,	3907	,10.515327,1999.9000,-0.22284299,-794.0791,595425.2500,38.426,604930.5625,1999.9000,
	2026/04/30 11:56:24	,	377286	,	3908	,10.515346,1999.9000,-0.22519378,-793.9162,595318.9375,38.432,604961.3750,1999.9000,
	2026/04/30 11:56:24	,	378286	,	3909	,10.515360,1999.9000,-0.23085962,-793.7805,595318.9375,38.440,605063.4375,1999.9000,
	2026/04/30 11:56:24	,	379286	,	3910	,10.515347,1999.9000,-0.23085962,-793.6673,595125.8750,38.448,605064.9375,1999.9000,
	2026/04/30 11:56:24	,	380286	,	3911	,10.515326,1999.9000,-0.23667672,-793.5730,594846.4375,38.454,605065.4375,1999.9000,
	2026/04/30 11:56:24	,	381286	,	3912	,10.515309,1999.9000,-0.23667672,-793.5939,594846.4375,38.460,605065.6875,1999.9000,
	2026/04/30 11:56:24	,	382286	,	3913	,10.515329,1999.9000,-0.23667672,-793.5119,594846.4375,38.465,605065.8125,1999.9000,
	2026/04/30 11:56:24	,	383286	,	3914	,10.515361,1999.9000,-0.23667672,-793.5430,594846.4375,38.471,605065.9375,1999.9000,
	2026/04/30 11:56:24	,	384286	,	3915	,10.515388,1999.9000,-0.23667672,-793.6685,594846.4375,38.477,604982.4375,1999.9000,
	2026/04/30 11:56:24	,	385286	,	3916	,10.515386,1999.9000,-0.23448350,-793.7729,594858.1875,38.482,604947.6875,1999.9000,
	2026/04/30 11:56:24	,	386286	,	3917	,10.515353,1999.9000,-0.23123147,-793.8601,594977.5000,38.486,604846.5625,1999.9000,
	2026/04/30 11:56:24	,	387286	,	3918	,10.515326,1999.9000,-0.22857818,-793.9327,594986.1250,38.489,604812.7500,1999.9000,
	2026/04/30 11:56:24	,	388286	,	3919	,10.515304,1999.9000,-0.22644795,-794.1921,595001.3125,38.484,604727.0000,1999.9000,
	2026/04/30 11:56:24	,	389286	,	3920	,10.515315,1999.9000,-0.22149430,-794.4082,595242.6875,38.480,604727.0000,1999.9000,
	2026/04/30 11:56:24	,	390286	,	3921	,10.515326,1999.9000,-0.21539043,-794.5884,595536.3750,38.477,604727.0000,1999.9000,
	2026/04/30 11:56:24	,	391286	,	3922	,10.515334,1999.9000,-0.21539043,-794.7385,595536.3750,38.474,604727.0000,1999.9000,
	2026/04/30 11:56:24	,	392286	,	3923	,10.515341,1999.9000,-0.21524023,-794.8636,595536.3750,38.463,604727.0000,1999.9000,
	2026/04/30 11:56:24	,	393286	,	3924	,10.515360,1999.9000,-0.21516512,-794.8683,595536.3750,38.453,604731.9375,1999.9000,
	2026/04/30 11:56:24	,	394286	,	3925	,10.515376,1999.9000,-0.21512005,-794.8723,595536.3750,38.445,604814.6250,1999.9000,
	2026/04/30 11:56:24	,	395286	,	3926	,10.515390,1999.9000,-0.21509002,-794.6767,595527.6875,38.438,604838.1250,1999.9000,
	2026/04/30 11:56:24	,	396286	,	3927	,10.515402,1999.9000,-0.21726540,-794.5136,595414.2500,38.444,604920.3125,1999.9000,
	2026/04/30 11:56:24	,	397286	,	3928	,10.515410,1999.9000,-0.21825802,-794.3778,595399.3750,38.448,604950.8125,1999.9000,
	2026/04/30 11:56:24	,	398286	,	3929	,10.515399,1999.9000,-0.22093338,-794.2646,595389.3750,38.451,605037.4375,1999.9000,
	2026/04/30 11:56:24	,	399286	,	3930	,10.515390,1999.9000,-0.22522531,-794.1703,595220.5625,38.450,605053.1250,1999.9000,
	2026/04/30 11:56:24	,	400286	,	3931	,10.515383,1999.9000,-0.23111802,-794.0917,594943.5000,38.447,605058.3750,1999.9000,
	2026/04/30 11:56:24	,	401286	,	3932	,10.515376,1999.9000,-0.23111802,-794.0261,594921.1875,38.445,605061.0000,1999.9000,
	2026/04/30 11:56:24	,	402286	,	3933	,10.515366,1999.9000,-0.23111802,-793.9714,594913.7500,38.445,605062.6250,1999.9000,
	2026/04/30 11:56:24	,	403286	,	3934	,10.515362,1999.9000,-0.23111802,-793.9260,594910.0625,38.443,605063.6875,1999.9000,
	2026/04/30 11:56:24	,	404286	,	3935	,10.515359,1999.9000,-0.23111802,-793.8881,594907.7500,38.441,605052.1875,1999.9000,
	2026/04/30 11:56:24	,	405286	,	3936	,10.515352,1999.9000,-0.23106655,-794.1549,594906.2500,38.436,604923.2500,1999.9000,
	2026/04/30 11:56:24	,	406286	,	3937	,10.515366,1999.9000,-0.22763281,-794.7752,594916.0000,38.430,604887.9375,1999.9000,
	2026/04/30 11:56:24	,	407286	,	3938	,10.515376,1999.9000,-0.22482195,-795.2921,594928.1875,38.424,604787.3750,1999.9000,
	2026/04/30 11:56:24	,	408286	,	3939	,10.515387,1999.9000,-0.22250268,-795.7228,595009.6875,38.422,604758.6875,1999.9000,
	2026/04/30 11:56:24	,	409286	,	3940	,10.515395,1999.9000,-0.21799017,-795.7834,595150.9375,38.421,604743.1250,1999.9000,
	2026/04/30 11:56:24	,	410286	,	3941	,10.515401,1999.9000,-0.21136008,-795.8338,595433.9375,38.421,604735.3125,1999.9000,
	2026/04/30 11:56:24	,	411286	,	3942	,10.515410,1999.9000,-0.21067625,-795.8758,595520.3125,38.423,604730.6250,1999.9000,
	2026/04/30 11:56:24	,	412286	,	3943	,10.515414,1999.9000,-0.21044832,-795.9108,595520.3125,38.425,604727.4375,1999.9000,
	2026/04/30 11:56:24	,	413286	,	3944	,10.515417,1999.9000,-0.21033435,-795.6416,595520.3125,38.426,604724.8750,1999.9000,
	2026/04/30 11:56:24	,	414286	,	3945	,10.515419,1999.9000,-0.21026598,-795.3178,595520.3125,38.427,604733.6250,1999.9000,
	2026/04/30 11:56:24	,	415286	,	3946	,10.515417,1999.9000,-0.21022038,-795.0479,595520.3125,38.428,604842.3750,1999.9000,
	2026/04/30 11:56:24	,	416286	,	3947	,10.515424,1999.9000,-0.21329489,-794.8230,595431.5000,38.429,604867.1875,1999.9000,
	2026/04/30 11:56:24	,	417286	,	3948	,10.515441,1999.9000,-0.21616247,-794.6356,595414.5625,38.431,604952.2500,1999.9000,
	2026/04/30 11:56:24	,	418286	,	3949	,10.515444,1999.9000,-0.21865192,-794.5788,595401.5625,38.433,604980.1250,1999.9000,
	2026/04/30 11:56:24	,	419286	,	3950	,10.515417,1999.9000,-0.22307619,-794.1337,595273.0625,38.434,605083.9375,1999.9000,
	2026/04/30 11:56:24	,	420286	,	3951	,10.515389,1999.9000,-0.23037435,-793.8622,595018.6250,38.435,605083.9375,1999.9000,
	2026/04/30 11:56:24	,	421286	,	3952	,10.515366,1999.9000,-0.23505703,-793.6360,594848.2500,38.433,605083.9375,1999.9000,
	2026/04/30 11:56:24	,	422286	,	3953	,10.515342,1999.9000,-0.23505703,-793.8453,594848.2500,38.426,605083.9375,1999.9000,
	2026/04/30 11:56:24	,	423286	,	3954	,10.515331,1999.9000,-0.23505703,-794.1194,594848.2500,38.427,605083.9375,1999.9000,
	2026/04/30 11:56:24	,	424286	,	3955	,10.515323,1999.9000,-0.23505703,-794.2482,594848.2500,38.428,605070.7500,1999.9000,
	2026/04/30 11:56:24	,	425286	,	3956	,10.515316,1999.9000,-0.23505703,-794.2560,594848.2500,38.426,604930.5625,1999.9000,
	2026/04/30 11:56:24	,	426286	,	3957	,10.515300,1999.9000,-0.23204446,-794.0636,594941.1250,38.424,604906.6875,1999.9000,
	2026/04/30 11:56:24	,	427286	,	3958	,10.515286,1999.9000,-0.22961806,-793.8038,594961.6875,38.422,604821.1875,1999.9000,
	2026/04/30 11:56:24	,	428286	,	3959	,10.515276,1999.9000,-0.22873259,-793.6868,594974.0000,38.415,604792.1875,1999.9000,
	2026/04/30 11:56:24	,	429286	,	3960	,10.515266,1999.9000,-0.22483455,-793.7882,595082.3750,38.408,604695.6250,1999.9000,
	2026/04/30 11:56:24	,	430286	,	3961	,10.515259,1999.9000,-0.21858259,-793.9723,595351.0625,38.409,604695.6250,1999.9000,
	2026/04/30 11:56:24	,	431286	,	3962	,10.515264,1999.9000,-0.21330750,-794.0261,595590.0000,38.410,604695.6250,1999.9000,
	2026/04/30 11:56:24	,	432286	,	3963	,10.515277,1999.9000,-0.21330750,-794.0710,595590.0000,38.411,604695.6250,1999.9000,
	2026/04/30 11:56:24	,	433286	,	3964	,10.515288,1999.9000,-0.21330750,-794.2078,595590.0000,38.414,604695.6250,1999.9000,
	2026/04/30 11:56:24	,	434286	,	3965	,10.515297,1999.9000,-0.21330750,-794.3219,595590.0000,38.422,604702.0000,1999.9000,
	2026/04/30 11:56:24	,	435286	,	3966	,10.515310,1999.9000,-0.21330750,-794.3219,595590.0000,38.428,604800.0625,1999.9000,
	2026/04/30 11:56:24	,	436286	,	3967	,10.515350,1999.9000,-0.21563938,-794.4169,595476.8125,38.434,604832.4375,1999.9000,
	2026/04/30 11:56:24	,	437286	,	3968	,10.515350,1999.9000,-0.21817923,-794.4962,595445.5000,38.438,604929.9375,1999.9000,
	2026/04/30 11:56:24	,	438286	,	3969	,10.515411,1999.9000,-0.22035356,-794.3632,595425.3125,38.442,604960.1250,1999.9000,
	2026/04/30 11:56:24	,	439286	,	3970	,10.515435,1999.9000,-0.22323376,-794.0535,595329.6875,38.445,605068.2500,1999.9000,
	2026/04/30 11:56:24	,	440286	,	3971	,10.515454,1999.9000,-0.22969368,-793.7954,595136.5625,38.444,605068.2500,1999.9000,
	2026/04/30 11:56:24	,	441286	,	3972	,10.515466,1999.9000,-0.23593935,-793.6797,594851.8125,38.442,605068.2500,1999.9000,
	2026/04/30 11:56:24	,	442286	,	3973	,10.515441,1999.9000,-0.23600553,-793.4839,594851.8125,38.438,605068.2500,1999.9000,
	2026/04/30 11:56:24	,	443286	,	3974	,10.515414,1999.9000,-0.23602757,-793.3207,594851.8125,38.431,605068.2500,1999.9000,
	2026/04/30 11:56:24	,	444286	,	3975	,10.515391,1999.9000,-0.23603860,-793.2841,594851.8125,38.420,605068.2500,1999.9000,
	2026/04/30 11:56:24	,	445286	,	3976	,10.515373,1999.9000,-0.23604524,-793.3531,594851.8125,38.412,605062.1875,1999.9000,
	2026/04/30 11:56:24	,	446286	,	3977	,10.515358,1999.9000,-0.23604964,-793.7091,594865.1250,38.406,604949.8750,1999.9000,
	2026/04/30 11:56:24	,	447286	,	3978	,10.515350,1999.9000,-0.23343098,-794.0057,594995.3750,38.401,604916.3125,1999.9000,
	2026/04/30 11:56:24	,	448286	,	3979	,10.515345,1999.9000,-0.23239425,-794.2529,595002.5000,38.397,604806.1250,1999.9000,
	2026/04/30 11:56:24	,	449286	,	3980	,10.515334,1999.9000,-0.22911386,-794.4590,595017.4375,38.394,604775.8750,1999.9000,
	2026/04/30 11:56:24	,	450286	,	3981	,10.515331,1999.9000,-0.22368121,-794.4317,595249.8125,38.394,604693.7500,1999.9000,
	2026/04/30 11:56:24	,	451286	,	3982	,10.515328,1999.9000,-0.21800907,-794.4090,595554.2500,38.394,604693.7500,1999.9000,
	2026/04/30 11:56:24	,	452286	,	3983	,10.515335,1999.9000,-0.21800907,-793.9922,595554.2500,38.395,604693.7500,1999.9000,
	2026/04/30 11:56:24	,	453286	,	3984	,10.515346,1999.9000,-0.21800907,-793.6448,595554.2500,38.395,604693.7500,1999.9000,
	2026/04/30 11:56:24	,	454286	,	3985	,10.515356,1999.9000,-0.21800907,-793.0570,595554.2500,38.397,604693.7500,1999.9000,
	2026/04/30 11:56:24	,	455286	,	3986	,10.515365,1999.9000,-0.21800907,-792.5671,595554.2500,38.398,604695.8125,1999.9000,
	2026/04/30 11:56:24	,	456286	,	3987	,10.515366,1999.9000,-0.21803534,-792.1589,595542.5000,38.399,604777.1250,1999.9000,
	2026/04/30 11:56:24	,	457286	,	3988	,10.515368,1999.9000,-0.22099011,-791.6197,595404.6875,38.399,604803.6875,1999.9000,
	2026/04/30 11:56:24	,	458286	,	3989	,10.515368,1999.9000,-0.22319593,-791.0708,595393.4375,38.397,604896.7500,1999.9000,
	2026/04/30 11:56:24	,	459286	,	3990	,10.515368,1999.9000,-0.22408772,-790.6135,595379.5000,38.395,604929.3125,1999.9000,
	2026/04/30 11:56:24	,	460286	,	3991	,10.515370,1999.9000,-0.22971261,-790.2324,595207.5000,38.395,605032.6250,1999.9000,
	2026/04/30 11:56:24	,	461286	,	3992	,10.515371,1999.9000,-0.23525238,-790.0143,594934.0000,38.397,605036.5000,1999.9000,
	2026/04/30 11:56:24	,	462286	,	3993	,10.515372,1999.9000,-0.23525238,-789.8326,594918.5000,38.398,605037.8125,1999.9000,
	2026/04/30 11:56:24	,	463286	,	3994	,10.515352,1999.9000,-0.23525238,-790.3774,594913.3125,38.399,605038.5000,1999.9000,
	2026/04/30 11:56:24	,	464286	,	3995	,10.515335,1999.9000,-0.23525238,-790.8315,594910.7500,38.397,605038.8750,1999.9000,
	2026/04/30 11:56:24	,	465286	,	3996	,10.515326,1999.9000,-0.23525238,-791.2098,594909.2500,38.398,605039.1250,1999.9000,
	2026/04/30 11:56:24	,	466286	,	3997	,10.515319,1999.9000,-0.23262428,-791.8237,594908.1875,38.400,605027.0625,1999.9000,
	2026/04/30 11:56:24	,	467286	,	3998	,10.515304,1999.9000,-0.22939117,-792.6335,594918.7500,38.400,604899.1250,1999.9000,
	2026/04/30 11:56:24	,	468286	,	3999	,10.515289,1999.9000,-0.22663073,-793.3084,594931.9375,38.406,604869.8750,1999.9000,
	2026/04/30 11:56:24	,	469286	,	4000	,10.515279,1999.9000,-0.22421692,-793.8708,595019.2500,38.412,604779.5000,1999.9000,
	2026/04/30 11:56:24	,	470286	,	4001	,10.515269,1999.9000,-0.21903007,-794.3395,595162.8125,38.415,604750.2500,1999.9000,
	2026/04/30 11:56:24	,	471286	,	4002	,10.515262,1999.9000,-0.21237475,-794.7300,595458.3125,38.414,604734.6875,1999.9000,
	2026/04/30 11:56:24	,	472286	,	4003	,10.515265,1999.9000,-0.21170355,-795.0555,595497.0000,38.412,604726.8750,1999.9000,
	2026/04/30 11:56:24	,	473286	,	4004	,10.515268,1999.9000,-0.21147981,-795.3267,595509.9375,38.417,604722.1875,1999.9000,
	2026/04/30 11:56:24	,	474286	,	4005	,10.515295,1999.9000,-0.21136793,-795.5527,595516.4375,38.421,604719.0625,1999.9000,
	2026/04/30 11:56:24	,	475286	,	4006	,10.515313,1999.9000,-0.21130082,-795.2437,595520.3125,38.423,604716.4375,1999.9000,
	2026/04/30 11:56:24	,	476286	,	4007	,10.515353,1999.9000,-0.21125607,-794.9861,595522.8750,38.420,604726.3125,1999.9000,
	2026/04/30 11:56:24	,	477286	,	4008	,10.515386,1999.9000,-0.21125607,-794.7715,595510.6250,38.416,604842.3750,1999.9000,
	2026/04/30 11:56:24	,	478286	,	4009	,10.515413,1999.9000,-0.21812251,-794.4932,595410.0625,38.413,604874.1250,1999.9000,
	2026/04/30 11:56:24	,	479286	,	4010	,10.515436,1999.9000,-0.22141236,-793.9629,595398.4375,38.411,604975.2500,1999.9000,
	2026/04/30 11:56:24	,	480286	,	4011	,10.515441,1999.9000,-0.22665595,-793.5209,595293.9375,38.415,605006.3125,1999.9000,
	2026/04/30 11:56:24	,	481286	,	4012	,10.515444,1999.9000,-0.23421879,-793.4510,595036.5000,38.427,605024.5625,1999.9000,
	2026/04/30 11:56:24	,	482286	,	4013	,10.515447,1999.9000,-0.23984052,-793.3928,594845.2500,38.437,605033.6875,1999.9000,
	2026/04/30 11:56:24	,	483286	,	4014	,10.515439,1999.9000,-0.23984052,-793.3442,594845.2500,38.449,605039.1250,1999.9000,
	2026/04/30 11:56:24	,	484286	,	4015	,10.515433,1999.9000,-0.23984052,-793.3038,594845.2500,38.458,605042.7500,1999.9000,
	2026/04/30 11:56:24	,	485286	,	4016	,10.515427,1999.9000,-0.23984052,-793.2701,594845.2500,38.466,605045.8125,1999.9000,
	2026/04/30 11:56:24	,	486286	,	4017	,10.515408,1999.9000,-0.23984052,-793.0432,594845.2500,38.473,605037.1250,1999.9000,
	2026/04/30 11:56:24	,	487286	,	4018	,10.515392,1999.9000,-0.23954642,-792.6550,594941.1250,38.475,604925.1250,1999.9000,
	2026/04/30 11:56:24	,	488286	,	4019	,10.515395,1999.9000,-0.23551080,-792.5305,594962.3125,38.474,604889.8125,1999.9000,
	2026/04/30 11:56:24	,	489286	,	4020	,10.515396,1999.9000,-0.23298353,-792.4267,594974.9375,38.470,604801.9375,1999.9000,
	2026/04/30 11:56:24	,	490286	,	4021	,10.515396,1999.9000,-0.22833237,-792.3403,595077.0000,38.467,604776.2500,1999.9000,
	2026/04/30 11:56:24	,	491286	,	4022	,10.515396,1999.9000,-0.22071910,-792.1688,595337.4375,38.464,604751.1875,1999.9000,
	2026/04/30 11:56:24	,	492286	,	4023	,10.515396,1999.9000,-0.21472552,-792.0258,595572.7500,38.462,604738.6250,1999.9000,
	2026/04/30 11:56:24	,	493286	,	4024	,10.515396,1999.9000,-0.21430013,-792.0061,595572.7500,38.460,604731.1250,1999.9000,
	2026/04/30 11:56:24	,	494286	,	4025	,10.515388,1999.9000,-0.21415833,-792.0892,595572.7500,38.462,604726.0625,1999.9000,
	2026/04/30 11:56:24	,	495286	,	4026	,10.515390,1999.9000,-0.21408743,-792.7553,595572.7500,38.463,604721.8750,1999.9000,
	2026/04/30 11:56:24	,	496286	,	4027	,10.515392,1999.9000,-0.21404487,-793.3104,595572.7500,38.466,604729.5625,1999.9000,
	2026/04/30 11:56:24	,	497286	,	4028	,10.515384,1999.9000,-0.21401651,-793.2756,595455.9375,38.468,604823.6250,1999.9000,
	2026/04/30 11:56:24	,	498286	,	4029	,10.515368,1999.9000,-0.21433428,-793.2466,595430.9375,38.470,604847.1875,1999.9000,
	2026/04/30 11:56:24	,	499286	,	4030	,10.515347,1999.9000,-0.21781372,-793.4214,595417.6250,38.471,604935.3750,1999.9000,
	2026/04/30 11:56:24	,	500286	,	4031	,10.515331,1999.9000,-0.22133674,-793.6666,595398.9375,38.472,604970.0625,1999.9000,
	2026/04/30 11:56:24	,	501286	,	4032	,10.515319,1999.9000,-0.22842692,-793.8708,595138.3750,38.469,605082.1875,1999.9000,
	2026/04/30 11:56:24	,	502286	,	4033	,10.515312,1999.9000,-0.23482382,-794.0411,594854.1875,38.466,605082.1875,1999.9000,
	2026/04/30 11:56:24	,	503286	,	4034	,10.515307,1999.9000,-0.23487739,-794.1829,594854.1875,38.463,605082.1875,1999.9000,
	2026/04/30 11:56:24	,	504286	,	4035	,10.515304,1999.9000,-0.23489524,-794.3011,594854.1875,38.461,605082.1875,1999.9000,
	2026/04/30 11:56:24	,	505286	,	4036	,10.515289,1999.9000,-0.23490417,-794.3997,594854.1875,38.460,605082.1875,1999.9000,
	2026/04/30 11:56:24	,	506286	,	4037	,10.515288,1999.9000,-0.23490952,-794.4818,594854.1875,38.458,605072.0000,1999.9000,
	2026/04/30 11:56:24	,	507286	,	4038	,10.515288,1999.9000,-0.23491311,-794.9481,594864.3750,38.457,604942.6250,1999.9000,
	2026/04/30 11:56:24	,	508286	,	4039	,10.515286,1999.9000,-0.23274404,-795.3367,594967.3750,38.456,604913.6250,1999.9000,
	2026/04/30 11:56:24	,	509286	,	4040	,10.515285,1999.9000,-0.23189637,-795.6605,594979.3125,38.458,604815.1250,1999.9000,
	2026/04/30 11:56:24	,	510286	,	4041	,10.515281,1999.9000,-0.22865380,-795.7314,595000.1250,38.466,604786.1250,1999.9000,
	2026/04/30 11:56:24	,	511286	,	4042	,10.515270,1999.9000,-0.22253418,-795.4921,595251.5625,38.473,604759.1875,1999.9000,
	2026/04/30 11:56:24	,	512286	,	4043	,10.515267,1999.9000,-0.21687464,-795.2927,595542.9375,38.472,604745.6875,1999.9000,
	2026/04/30 11:56:24	,	513286	,	4044	,10.515267,1999.9000,-0.21687464,-795.0269,595542.9375,38.466,604737.6250,1999.9000,
	2026/04/30 11:56:24	,	514286	,	4045	,10.515273,1999.9000,-0.21687464,-794.8055,595542.9375,38.457,604732.1875,1999.9000,
	2026/04/30 11:56:24	,	515286	,	4046	,10.515273,1999.9000,-0.21687464,-794.7205,595542.9375,38.453,604727.6875,1999.9000,
	2026/04/30 11:56:24	,	516286	,	4047	,10.515269,1999.9000,-0.21687464,-794.6497,595542.9375,38.450,604732.3125,1999.9000,
	2026/04/30 11:56:24	,	517286	,	4048	,10.515256,1999.9000,-0.21716665,-794.5906,595534.6250,38.447,604827.8125,1999.9000,
	2026/04/30 11:56:24	,	518286	,	4049	,10.515255,1999.9000,-0.22110353,-794.6409,595419.0000,38.444,604853.8125,1999.9000,
	2026/04/30 11:56:24	,	519286	,	4050	,10.515254,1999.9000,-0.22201425,-794.8817,595400.8750,38.442,604879.4375,1999.9000,
	2026/04/30 11:56:24	,	520286	,	4051	,10.515265,1999.9000,-0.22484717,-795.0825,595387.6250,38.441,604988.5000,1999.9000,
	2026/04/30 11:56:24	,	521286	,	4052	,10.515273,1999.9000,-0.23050039,-795.2496,595221.8125,38.435,605028.7500,1999.9000,
	2026/04/30 11:56:24	,	522286	,	4053	,10.515280,1999.9000,-0.23687840,-795.3890,594942.3750,38.430,605042.1250,1999.9000,
	2026/04/30 11:56:24	,	523286	,	4054	,10.515285,1999.9000,-0.23687840,-795.5051,594908.3750,38.426,605048.8125,1999.9000,
	2026/04/30 11:56:24	,	524286	,	4055	,10.515289,1999.9000,-0.23687840,-795.5024,594897.1250,38.421,605052.8125,1999.9000,
	2026/04/30 11:56:24	,	525286	,	4056	,10.515299,1999.9000,-0.23687840,-795.5997,594891.4375,38.417,605055.5000,1999.9000,
	2026/04/30 11:56:24	,	526286	,	4057	,10.515311,1999.9000,-0.23687840,-795.5812,594888.0000,38.413,605053.1875,1999.9000,
	2026/04/30 11:56:24	,	527286	,	4058	,10.515326,1999.9000,-0.23665361,-795.5659,594885.7500,38.410,604971.0000,1999.9000,
	2026/04/30 11:56:24	,	528286	,	4059	,10.515338,1999.9000,-0.23194994,-795.5530,594896.7500,38.410,604942.9375,1999.9000,
	2026/04/30 11:56:24	,	529286	,	4060	,10.515353,1999.9000,-0.22892480,-795.5424,594976.8750,38.408,604845.3750,1999.9000,
	2026/04/30 11:56:24	,	530286	,	4061	,10.515371,1999.9000,-0.22613914,-795.5334,594989.6875,38.406,604817.3125,1999.9000,
	2026/04/30 11:56:24	,	531286	,	4062	,10.515387,1999.9000,-0.22056155,-795.5261,595144.9375,38.412,604734.8750,1999.9000,
	2026/04/30 11:56:24	,	532286	,	4063	,10.515395,1999.9000,-0.21423396,-795.5199,595429.1250,38.421,604734.8750,1999.9000,
	2026/04/30 11:56:24	,	533286	,	4064	,10.515396,1999.9000,-0.21365097,-795.7137,595522.1250,38.429,604734.8750,1999.9000,
	2026/04/30 11:56:24	,	534286	,	4065	,10.515396,1999.9000,-0.21345666,-795.8752,595522.1250,38.436,604734.8750,1999.9000,
	2026/04/30 11:56:24	,	535286	,	4066	,10.515396,1999.9000,-0.21335949,-796.0098,595522.1250,38.442,604734.8750,1999.9000,
	2026/04/30 11:56:24	,	536286	,	4067	,10.515388,1999.9000,-0.21330121,-796.1219,595522.1250,38.446,604738.1875,1999.9000,
	2026/04/30 11:56:24	,	537286	,	4068	,10.515380,1999.9000,-0.21326232,-796.2153,595522.1250,38.450,604751.5000,1999.9000,
	2026/04/30 11:56:24	,	538286	,	4069	,10.515374,1999.9000,-0.21634525,-795.9949,595427.9375,38.452,604874.9375,1999.9000,
	2026/04/30 11:56:24	,	539286	,	4070	,10.515368,1999.9000,-0.21944602,-795.7116,595411.2500,38.453,604903.0625,1999.9000,
	2026/04/30 11:56:24	,	540286	,	4071	,10.515365,1999.9000,-0.22241443,-795.4755,595402.0625,38.454,604990.9375,1999.9000,
	2026/04/30 11:56:24	,	541286	,	4072	,10.515361,1999.9000,-0.22796683,-795.1794,595300.4375,38.452,605028.1250,1999.9000,
	2026/04/30 11:56:24	,	542286	,	4073	,10.515358,1999.9000,-0.23496248,-794.8331,595047.8125,38.453,605041.2500,1999.9000,
	2026/04/30 11:56:24	,	543286	,	4074	,10.515356,1999.9000,-0.23759687,-794.5444,594842.2500,38.455,605047.8750,1999.9000,
	2026/04/30 11:56:24	,	544286	,	4075	,10.515353,1999.9000,-0.23759687,-794.3040,594842.2500,38.456,605051.8750,1999.9000,
	2026/04/30 11:56:24	,	545286	,	4076	,10.515362,1999.9000,-0.23759687,-793.9046,594842.2500,38.450,605054.5000,1999.9000,
	2026/04/30 11:56:24	,	546286	,	4077	,10.515359,1999.9000,-0.23759687,-793.4724,594842.2500,38.446,605056.7500,1999.9000,
	2026/04/30 11:56:24	,	547286	,	4078	,10.515357,1999.9000,-0.23759687,-793.1122,594842.2500,38.439,605046.9375,1999.9000,
	2026/04/30 11:56:24	,	548286	,	4079	,10.515355,1999.9000,-0.23425032,-792.9114,594935.8125,38.432,604933.0000,1999.9000,
	2026/04/30 11:56:24	,	549286	,	4080	,10.515338,1999.9000,-0.23109913,-793.1421,594956.9375,38.424,604897.6250,1999.9000,
	2026/04/30 11:56:24	,	550286	,	4081	,10.515323,1999.9000,-0.22864118,-793.7322,594968.7500,38.419,604789.1875,1999.9000,
	2026/04/30 11:56:24	,	551286	,	4082	,10.515311,1999.9000,-0.22422323,-794.2239,595078.1875,38.416,604762.2500,1999.9000,
	2026/04/30 11:56:24	,	552286	,	4083	,10.515301,1999.9000,-0.21785150,-794.2358,595335.0000,38.412,604750.3125,1999.9000,
	2026/04/30 11:56:24	,	553286	,	4084	,10.515292,1999.9000,-0.21432848,-794.2458,595583.5000,38.410,604744.3125,1999.9000,
	2026/04/30 11:56:24	,	554286	,	4085	,10.515285,1999.9000,-0.21432848,-794.4529,595583.5000,38.415,604740.7500,1999.9000,
	2026/04/30 11:56:24	,	555286	,	4086	,10.515281,1999.9000,-0.21432848,-794.6256,595583.5000,38.419,604738.3750,1999.9000,
	2026/04/30 11:56:24	,	556286	,	4087	,10.515285,1999.9000,-0.21432848,-794.8690,595583.5000,38.423,604736.4375,1999.9000,
	2026/04/30 11:56:24	,	557286	,	4088	,10.515291,1999.9000,-0.21432848,-794.9724,595583.5000,38.428,604745.8125,1999.9000,
	2026/04/30 11:56:24	,	558286	,	4089	,10.515305,1999.9000,-0.21746078,-794.4617,595462.5000,38.432,604845.9375,1999.9000,
	2026/04/30 11:56:24	,	559286	,	4090	,10.515316,1999.9000,-0.22068128,-794.0361,595435.1250,38.433,604877.3750,1999.9000,
	2026/04/30 11:56:24	,	560286	,	4091	,10.515340,1999.9000,-0.22068128,-793.7809,595421.0000,38.435,604970.3750,1999.9000,
	2026/04/30 11:56:24	,	561286	,	4092	,10.515365,1999.9000,-0.22780927,-793.5682,595334.4375,38.437,605001.8125,1999.9000,
	2026/04/30 11:56:24	,	562286	,	4093	,10.515386,1999.9000,-0.22780927,-793.2915,595130.6250,38.440,605085.7500,1999.9000,
	2026/04/30 11:56:24	,	563286	,	4094	,10.515403,1999.9000,-0.23508224,-793.0609,594851.2500,38.443,605085.7500,1999.9000,
	2026/04/30 11:56:24	,	564286	,	4095	,10.515417,1999.9000,-0.24096863,-792.8687,594851.2500,38.446,605085.7500,1999.9000,
	2026/04/30 11:56:24	,	565286	,	4096	,10.515410,1999.9000,-0.24096863,-792.7086,594851.2500,38.447,605085.7500,1999.9000,
	2026/04/30 11:56:24	,	566286	,	4097	,10.515404,1999.9000,-0.24096863,-792.5751,594851.2500,38.441,605085.7500,1999.9000,
	2026/04/30 11:56:24	,	567286	,	4098	,10.515399,1999.9000,-0.24096863,-792.4639,594851.2500,38.443,605074.3125,1999.9000,
	2026/04/30 11:56:24	,	568286	,	4099	,10.515399,1999.9000,-0.24096863,-792.3713,594934.0000,38.446,604952.8750,1999.9000,
	2026/04/30 11:56:24	,	569286	,	4100	,10.515384,1999.9000,-0.24077539,-792.1946,594963.8125,38.447,604919.6875,1999.9000,
	2026/04/30 11:56:24	,	570286	,	4101	,10.515368,1999.9000,-0.23743930,-792.1469,594976.7500,38.443,604818.1875,1999.9000,
	2026/04/30 11:56:24	,	571286	,	4102	,10.515358,1999.9000,-0.23518936,-792.1071,594993.0000,38.439,604789.5000,1999.9000,
	2026/04/30 11:56:24	,	572286	,	4103	,10.515366,1999.9000,-0.23166633,-792.0739,595253.9375,38.435,604769.6250,1999.9000,
	2026/04/30 11:56:24	,	573286	,	4104	,10.515372,1999.9000,-0.22468960,-792.0463,595551.2500,38.433,604759.7500,1999.9000,
	2026/04/30 11:56:24	,	574286	,	4105	,10.515376,1999.9000,-0.21888509,-792.0233,595551.2500,38.433,604753.8125,1999.9000,
	2026/04/30 11:56:24	,	575286	,	4106	,10.515380,1999.9000,-0.21888509,-792.0040,595551.2500,38.436,604749.8125,1999.9000,
	2026/04/30 11:56:24	,	576286	,	4107	,10.515384,1999.9000,-0.21888509,-791.9880,595551.2500,38.435,604746.5000,1999.9000,
	2026/04/30 11:56:24	,	577286	,	4108	,10.515387,1999.9000,-0.21888509,-792.1736,595551.2500,38.433,604753.9375,1999.9000,
	2026/04/30 11:56:24	,	578286	,	4109	,10.515388,1999.9000,-0.21888509,-792.4278,595541.6250,38.433,604856.2500,1999.9000,
	2026/04/30 11:56:24	,	579286	,	4110	,10.515390,1999.9000,-0.21915402,-792.7390,595424.3750,38.433,604883.7500,1999.9000,
	2026/04/30 11:56:24	,	580286	,	4111	,10.515392,1999.9000,-0.22244595,-792.9984,595411.0000,38.435,604965.5625,1999.9000,
	2026/04/30 11:56:24	,	581286	,	4112	,10.515395,1999.9000,-0.22328418,-793.0156,595395.0000,38.439,604996.3750,1999.9000,
	2026/04/30 11:56:24	,	582286	,	4113	,10.515396,1999.9000,-0.22668746,-793.0299,595214.6875,38.439,605100.2500,1999.9000,
	2026/04/30 11:56:24	,	583286	,	4114	,10.515396,1999.9000,-0.23288901,-793.0418,594937.0000,38.438,605100.2500,1999.9000,
	2026/04/30 11:56:24	,	584286	,	4115	,10.515388,1999.9000,-0.23821451,-793.0518,594910.2500,38.433,605100.2500,1999.9000,
	2026/04/30 11:56:24	,	585286	,	4116	,10.515380,1999.9000,-0.23821451,-793.1596,594901.2500,38.433,605100.2500,1999.9000,
	2026/04/30 11:56:24	,	586286	,	4117	,10.515384,1999.9000,-0.23821451,-793.3489,594896.8125,38.434,605100.2500,1999.9000,
	2026/04/30 11:56:24	,	587286	,	4118	,10.515387,1999.9000,-0.23821451,-793.5068,594894.1250,38.434,605089.2500,1999.9000,
	2026/04/30 11:56:24	,	588286	,	4119	,10.515388,1999.9000,-0.23821451,-793.8372,594892.3125,38.429,604963.1875,1999.9000,
	2026/04/30 11:56:24	,	589286	,	4120	,10.515396,1999.9000,-0.23471667,-794.1125,594902.1250,38.420,604931.5000,1999.9000,
	2026/04/30 11:56:24	,	590286	,	4121	,10.515403,1999.9000,-0.23188062,-794.3419,594985.2500,38.413,604823.6250,1999.9000,
	2026/04/30 11:56:24	,	591286	,	4122	,10.515411,1999.9000,-0.23085648,-794.5331,594996.8750,38.404,604790.1250,1999.9000,
	2026/04/30 11:56:24	,	592286	,	4123	,10.515420,1999.9000,-0.22760130,-794.6924,595143.1875,38.400,604705.2500,1999.9000,
	2026/04/30 11:56:24	,	593286	,	4124	,10.515427,1999.9000,-0.22211191,-794.8252,595436.8750,38.401,604705.2500,1999.9000,
	2026/04/30 11:56:24	,	594286	,	4125	,10.515452,1999.9000,-0.21645240,-794.9359,595536.3750,38.401,604705.2500,1999.9000,
	2026/04/30 11:56:24	,	595286	,	4126	,10.515474,1999.9000,-0.21645240,-795.0281,595536.3750,38.399,604705.2500,1999.9000,
	2026/04/30 11:56:24	,	596286	,	4127	,10.515471,1999.9000,-0.21645240,-794.8065,595536.3750,38.400,604705.2500,1999.9000,
	2026/04/30 11:56:24	,	597286	,	4128	,10.515470,1999.9000,-0.21645240,-794.6218,595536.3750,38.402,604705.2500,1999.9000,
	2026/04/30 11:56:24	,	598286	,	4129	,10.515464,1999.9000,-0.21645240,-794.4679,595536.3750,38.406,604713.0000,1999.9000,
	2026/04/30 11:56:24	,	599286	,	4130	,10.515457,1999.9000,-0.21916240,-794.3397,595438.6875,38.409,604818.8125,1999.9000,
	2026/04/30 11:56:24	,	600286	,	4131	,10.515448,1999.9000,-0.22257832,-794.2328,595419.3125,38.411,604842.6875,1999.9000,
	2026/04/30 11:56:24	,	601286	,	4132	,10.515439,1999.9000,-0.22574840,-794.1438,595407.6875,38.413,604931.1250,1999.9000,
	2026/04/30 11:56:24	,	602286	,	4133	,10.515413,1999.9000,-0.22883657,-794.0695,595298.0625,38.418,604967.6875,1999.9000,
	2026/04/30 11:56:24	,	603286	,	4134	,10.515391,1999.9000,-0.23501919,-794.0077,595043.6250,38.422,605079.7500,1999.9000,
	2026/04/30 11:56:24	,	604286	,	4135	,10.515388,1999.9000,-0.24230474,-793.9562,594848.2500,38.425,605079.7500,1999.9000,
	2026/04/30 11:56:24	,	605286	,	4136	,10.515387,1999.9000,-0.24271441,-793.5154,594848.2500,38.428,605079.7500,1999.9000,
	2026/04/30 11:56:24	,	606286	,	4137	,10.515384,1999.9000,-0.24285096,-793.1480,594848.2500,38.432,605079.7500,1999.9000,
	2026/04/30 11:56:24	,	607286	,	4138	,10.515372,1999.9000,-0.24291922,-792.8419,594848.2500,38.435,605079.7500,1999.9000,
	2026/04/30 11:56:24	,	608286	,	4139	,10.515357,1999.9000,-0.24296018,-792.3879,594848.2500,38.439,605077.7500,1999.9000,
	2026/04/30 11:56:24	,	609286	,	4140	,10.515345,1999.9000,-0.24298750,-792.0095,594937.6250,38.443,605064.6250,1999.9000,
	2026/04/30 11:56:24	,	610286	,	4141	,10.515334,1999.9000,-0.23944348,-791.8930,594959.3750,38.446,604919.0625,1999.9000,
	2026/04/30 11:56:24	,	611286	,	4142	,10.515326,1999.9000,-0.23599607,-792.4924,594973.0000,38.448,604784.3750,1999.9000,
	2026/04/30 11:56:24	,	612286	,	4143	,10.515309,1999.9000,-0.23314109,-792.9919,595081.8125,38.450,604784.3750,1999.9000,
	2026/04/30 11:56:24	,	613286	,	4144	,10.515276,1999.9000,-0.22768953,-793.4080,595336.8125,38.452,604758.6875,1999.9000,
	2026/04/30 11:56:24	,	614286	,	4145	,10.515246,1999.9000,-0.22047961,-793.7549,595589.3750,38.453,604749.5625,1999.9000,
	2026/04/30 11:56:24	,	615286	,	4146	,10.515224,1999.9000,-0.21549444,-793.8449,595589.3750,38.457,604744.9375,1999.9000,
	2026/04/30 11:56:24	,	616286	,	4147	,10.515200,1999.9000,-0.21549444,-793.9200,595589.3750,38.458,604742.2500,1999.9000,
	2026/04/30 11:56:24	,	617286	,	4148	,10.515179,1999.9000,-0.21549444,-793.9826,595589.3750,38.458,604740.4375,1999.9000,
	2026/04/30 11:56:24	,	618286	,	4149	,10.515166,1999.9000,-0.21549444,-794.0347,595589.3750,38.463,604738.8750,1999.9000,
	2026/04/30 11:56:24	,	619286	,	4150	,10.515157,1999.9000,-0.21549444,-794.0781,595468.5000,38.472,604747.0000,1999.9000,
	2026/04/30 11:56:24	,	620286	,	4151	,10.515148,1999.9000,-0.21880947,-793.9153,595428.5625,38.479,604843.0000,1999.9000,
	2026/04/30 11:56:24	,	621286	,	4152	,10.515141,1999.9000,-0.22218125,-793.5807,595409.6875,38.485,604879.1875,1999.9000,
	2026/04/30 11:56:24	,	622286	,	4153	,10.515140,1999.9000,-0.22497950,-793.3020,595327.3125,38.490,604977.0625,1999.9000,
	2026/04/30 11:56:24	,	623286	,	4154	,10.515140,1999.9000,-0.22964327,-792.7712,595125.3125,38.494,605010.9375,1999.9000,
	2026/04/30 11:56:24	,	624286	,	4155	,10.515144,1999.9000,-0.23636161,-792.3289,594841.0625,38.498,605029.1875,1999.9000,
	2026/04/30 11:56:24	,	625286	,	4156	,10.515148,1999.9000,-0.24122073,-791.9603,594841.0625,38.505,605038.3750,1999.9000,
	2026/04/30 11:56:24	,	626286	,	4157	,10.515151,1999.9000,-0.24122073,-791.6532,594841.0625,38.512,605043.8750,1999.9000,
	2026/04/30 11:56:24	,	627286	,	4158	,10.515152,1999.9000,-0.24122073,-791.3973,594841.0625,38.517,605047.5625,1999.9000,
	2026/04/30 11:56:24	,	628286	,	4159	,10.515155,1999.9000,-0.24122073,-791.2834,594841.0625,38.521,605050.6250,1999.9000,
