#BeginHeader,,
#FormatType,M-M20X\NORMAL,
#FormatVersion,V_1.1.9.7,
测量模式,正常模式,
采集开始时间,	2026/04/30 11:49:24.161462	,
采样周期,1ms,
保存选项,Standard,
,
通道条件,
通道编号,,,(M-1)M208,(M-1)M208,(M-1)M208,(M-1)M208,(M-1)M208,(M-1)M208,(M-1)M208,(M-1)M208,
波形名,,,CH1,CH2,CH3,CH4,CH5,CH6,CH7,CH8,
输入,,,20mA,PT100(3线),20V,0~1A,0~1A,PT100(3线),0~1A,PT100(4线),
单位,,,mA,℃,V,mA,℃,℃,mA,mA,
#EndHeader,
时间,μs,运行时间ms,(M-1)CH1,(M-1)CH2,(M-1)CH3,(M-1)CH4,(M-1)CH5,(M-1)CH6,(M-1)CH7,(M-1)CH8,
	2026/04/30 11:49:24	,	161462	,	0	,10.514587,1999.9000,-0.24720801,-199.1505,594840.5000,34.898,605048.1875,1999.9000,
	2026/04/30 11:49:24	,	162462	,	1	,10.514594,1999.9000,-0.24720801,-199.2652,594940.0000,34.899,604958.3125,1999.9000,
	2026/04/30 11:49:24	,	163462	,	2	,10.514600,1999.9000,-0.24495174,-199.2614,594965.8750,34.900,604958.3125,1999.9000,
	2026/04/30 11:49:24	,	164462	,	3	,10.514606,1999.9000,-0.24405050,-199.2581,594979.1250,34.901,604958.3125,1999.9000,
	2026/04/30 11:49:24	,	165462	,	4	,10.514619,1999.9000,-0.23811367,-199.4544,595195.0000,34.902,604958.3125,1999.9000,
	2026/04/30 11:49:24	,	166462	,	5	,10.514640,1999.9000,-0.23811367,-199.6180,595195.0000,34.903,604958.3125,1999.9000,
	2026/04/30 11:49:24	,	167462	,	6	,10.514657,1999.9000,-0.23811367,-199.7542,595195.0000,34.900,604958.3125,1999.9000,
	2026/04/30 11:49:24	,	168462	,	7	,10.514672,1999.9000,-0.23811367,-199.8678,595195.0000,34.901,604974.4375,1999.9000,
	2026/04/30 11:49:24	,	169462	,	8	,10.514679,1999.9000,-0.23811367,-199.9625,595195.0000,34.902,604974.4375,1999.9000,
	2026/04/30 11:49:24	,	170462	,	9	,10.514680,1999.9000,-0.24498957,-200.0413,594903.6250,34.903,604986.0625,1999.9000,
	2026/04/30 11:49:24	,	171462	,	10	,10.514681,1999.9000,-0.24868906,-199.8086,594895.8750,34.905,604995.7500,1999.9000,
	2026/04/30 11:49:24	,	172462	,	11	,10.514682,1999.9000,-0.24868906,-199.6147,594893.3125,34.907,605003.8125,1999.9000,
	2026/04/30 11:49:24	,	173462	,	12	,10.514682,1999.9000,-0.24868906,-198.9557,594892.0625,34.908,605010.5625,1999.9000,
	2026/04/30 11:49:24	,	174462	,	13	,10.514676,1999.9000,-0.24868906,-198.3071,594891.2500,34.909,605016.1875,1999.9000,
	2026/04/30 11:49:24	,	175462	,	14	,10.514672,1999.9000,-0.24868906,-197.5677,594890.7500,34.910,605010.1875,1999.9000,
	2026/04/30 11:49:24	,	176462	,	15	,10.514672,1999.9000,-0.24550635,-196.9515,594901.2500,34.911,604911.1875,1999.9000,
	2026/04/30 11:49:24	,	177462	,	16	,10.514661,1999.9000,-0.24269551,-196.4379,594913.5625,34.910,604875.8750,1999.9000,
	2026/04/30 11:49:24	,	178462	,	17	,10.514650,1999.9000,-0.24050857,-196.0100,594993.6250,34.910,604771.0625,1999.9000,
	2026/04/30 11:49:24	,	179462	,	18	,10.514647,1999.9000,-0.23703595,-196.0100,595143.7500,34.911,604738.4375,1999.9000,
	2026/04/30 11:49:24	,	180462	,	19	,10.514645,1999.9000,-0.23073988,-195.3562,595454.7500,34.914,604726.5625,1999.9000,
	2026/04/30 11:49:24	,	181462	,	20	,10.514642,1999.9000,-0.22780298,-195.5065,595478.8125,34.912,604720.6250,1999.9000,
	2026/04/30 11:49:24	,	182462	,	21	,10.514635,1999.9000,-0.22780298,-195.5065,595486.8750,34.909,604717.0625,1999.9000,
	2026/04/30 11:49:24	,	183462	,	22	,10.514629,1999.9000,-0.22780298,-196.0296,595490.9375,34.910,604714.6875,1999.9000,
	2026/04/30 11:49:24	,	184462	,	23	,10.514624,1999.9000,-0.22780298,-196.4655,595493.3750,34.911,604712.7500,1999.9000,
	2026/04/30 11:49:24	,	185462	,	24	,10.514625,1999.9000,-0.22780298,-197.0277,595495.0000,34.912,604721.8125,1999.9000,
	2026/04/30 11:49:24	,	186462	,	25	,10.514627,1999.9000,-0.23113063,-197.4963,595407.6875,34.912,604821.1875,1999.9000,
	2026/04/30 11:49:24	,	187462	,	26	,10.514642,1999.9000,-0.23401712,-197.8867,595390.3750,34.912,604846.5625,1999.9000,
	2026/04/30 11:49:24	,	188462	,	27	,10.514639,1999.9000,-0.23647505,-198.2120,595379.4375,34.911,604936.5625,1999.9000,
	2026/04/30 11:49:24	,	189462	,	28	,10.514638,1999.9000,-0.23977749,-198.4832,595271.8125,34.909,604970.0625,1999.9000,
	2026/04/30 11:49:24	,	190462	,	29	,10.514637,1999.9000,-0.24656515,-198.7091,595018.0000,34.907,605068.8750,1999.9000,
	2026/04/30 11:49:24	,	191462	,	30	,10.514636,1999.9000,-0.25232553,-198.4000,594881.0000,34.907,605068.8750,1999.9000,
	2026/04/30 11:49:24	,	192462	,	31	,10.514649,1999.9000,-0.25232553,-197.9435,594881.0000,34.907,605068.8750,1999.9000,
	2026/04/30 11:49:24	,	193462	,	32	,10.514661,1999.9000,-0.25232553,-197.5631,594881.0000,34.907,605068.8750,1999.9000,
	2026/04/30 11:49:24	,	194462	,	33	,10.514675,1999.9000,-0.25232553,-197.2460,594881.0000,34.907,605068.8750,1999.9000,
	2026/04/30 11:49:24	,	195462	,	34	,10.514682,1999.9000,-0.25232553,-197.1808,594881.0000,34.907,605056.6250,1999.9000,
	2026/04/30 11:49:24	,	196462	,	35	,10.514672,1999.9000,-0.25198099,-197.2259,594967.3750,34.906,604919.6875,1999.9000,
	2026/04/30 11:49:24	,	197462	,	36	,10.514670,1999.9000,-0.24772479,-197.2635,594983.4375,34.913,604885.0000,1999.9000,
	2026/04/30 11:49:24	,	198462	,	37	,10.514668,1999.9000,-0.24558829,-196.9964,594993.8125,34.918,604780.1250,1999.9000,
	2026/04/30 11:49:24	,	199462	,	38	,10.514642,1999.9000,-0.24276483,-196.7738,595100.2500,34.922,604750.5000,1999.9000,
	2026/04/30 11:49:24	,	200462	,	39	,10.514620,1999.9000,-0.23619145,-196.8868,595375.5625,34.925,604733.1875,1999.9000,
	2026/04/30 11:49:24	,	201462	,	40	,10.514602,1999.9000,-0.22980082,-196.9809,595556.0625,34.928,604724.5625,1999.9000,
	2026/04/30 11:49:24	,	202462	,	41	,10.514586,1999.9000,-0.22971575,-197.0593,595556.0625,34.931,604719.3750,1999.9000,
	2026/04/30 11:49:24	,	203462	,	42	,10.514573,1999.9000,-0.22968739,-196.8262,595556.0625,34.933,604715.8750,1999.9000,
	2026/04/30 11:49:24	,	204462	,	43	,10.514566,1999.9000,-0.22967319,-196.6320,595556.0625,34.935,604713.0000,1999.9000,
	2026/04/30 11:49:24	,	205462	,	44	,10.514562,1999.9000,-0.22966468,-196.4702,595556.0625,34.936,604720.8125,1999.9000,
	2026/04/30 11:49:24	,	206462	,	45	,10.514553,1999.9000,-0.22965904,-196.3353,595455.3750,34.939,604820.6250,1999.9000,
	2026/04/30 11:49:24	,	207462	,	46	,10.514550,1999.9000,-0.23236589,-196.6208,595427.3750,34.941,604847.5000,1999.9000,
	2026/04/30 11:49:24	,	208462	,	47	,10.514548,1999.9000,-0.23341841,-196.8587,595406.6875,34.943,604931.7500,1999.9000,
	2026/04/30 11:49:24	,	209462	,	48	,10.514562,1999.9000,-0.23670822,-197.1565,595312.9375,34.943,604958.3125,1999.9000,
	2026/04/30 11:49:24	,	210462	,	49	,10.514573,1999.9000,-0.24239929,-197.4046,595110.3750,34.940,605073.0625,1999.9000,
	2026/04/30 11:49:24	,	211462	,	50	,10.514582,1999.9000,-0.24887183,-197.5119,594834.5000,34.937,605073.0625,1999.9000,
	2026/04/30 11:49:24	,	212462	,	51	,10.514590,1999.9000,-0.24887183,-197.6013,594834.5000,34.935,605073.0625,1999.9000,
	2026/04/30 11:49:24	,	213462	,	52	,10.514602,1999.9000,-0.24887183,-197.6758,594834.5000,34.933,605073.0625,1999.9000,
	2026/04/30 11:49:24	,	214462	,	53	,10.514615,1999.9000,-0.24887183,-197.5389,594834.5000,34.932,605073.0625,1999.9000,
	2026/04/30 11:49:24	,	215462	,	54	,10.514627,1999.9000,-0.24887183,-197.2259,594834.5000,34.926,605064.3125,1999.9000,
	2026/04/30 11:49:24	,	216462	,	55	,10.514632,1999.9000,-0.24863233,-196.9651,594937.0000,34.921,604943.2500,1999.9000,
	2026/04/30 11:49:24	,	217462	,	56	,10.514636,1999.9000,-0.24359673,-196.7477,594962.6250,34.917,604909.7500,1999.9000,
	2026/04/30 11:49:24	,	218462	,	57	,10.514640,1999.9000,-0.24027540,-196.5666,594975.9375,34.914,604814.0000,1999.9000,
	2026/04/30 11:49:24	,	219462	,	58	,10.514642,1999.9000,-0.23724394,-196.4156,594993.0000,34.911,604785.0000,1999.9000,
	2026/04/30 11:49:24	,	220462	,	59	,10.514630,1999.9000,-0.23133861,-196.2899,595251.5625,34.909,604693.7500,1999.9000,
	2026/04/30 11:49:24	,	221462	,	60	,10.514634,1999.9000,-0.22447532,-195.8866,595548.8750,34.907,604693.7500,1999.9000,
	2026/04/30 11:49:24	,	222462	,	61	,10.514623,1999.9000,-0.22199218,-195.5506,595548.8750,34.905,604693.7500,1999.9000,
	2026/04/30 11:49:24	,	223462	,	62	,10.514614,1999.9000,-0.22199218,-195.4695,595548.8750,34.901,604693.7500,1999.9000,
	2026/04/30 11:49:24	,	224462	,	63	,10.514606,1999.9000,-0.22199218,-195.6009,595548.8750,34.897,604693.7500,1999.9000,
	2026/04/30 11:49:24	,	225462	,	64	,10.514600,1999.9000,-0.22199218,-196.1082,595548.8750,34.894,604701.5625,1999.9000,
	2026/04/30 11:49:24	,	226462	,	65	,10.514600,1999.9000,-0.22199218,-196.1332,595536.1875,34.892,604802.5000,1999.9000,
	2026/04/30 11:49:24	,	227462	,	66	,10.514600,1999.9000,-0.22535136,-195.9550,595402.9375,34.888,604829.3125,1999.9000,
	2026/04/30 11:49:24	,	228462	,	67	,10.514600,1999.9000,-0.22842692,-195.7070,595389.5000,34.885,604914.2500,1999.9000,
	2026/04/30 11:49:24	,	229462	,	68	,10.514600,1999.9000,-0.23133230,-195.5999,595377.1250,34.882,604943.5000,1999.9000,
	2026/04/30 11:49:24	,	230462	,	69	,10.514600,1999.9000,-0.23692253,-196.1074,595199.7500,34.880,605050.7500,1999.9000,
	2026/04/30 11:49:24	,	231462	,	70	,10.514600,1999.9000,-0.24468075,-196.7293,594923.2500,34.880,605050.7500,1999.9000,
	2026/04/30 11:49:24	,	232462	,	71	,10.514600,1999.9000,-0.25043482,-197.5460,594911.9375,34.880,605050.7500,1999.9000,
	2026/04/30 11:49:24	,	233462	,	72	,10.514600,1999.9000,-0.25043482,-197.9281,594908.1250,34.881,605050.7500,1999.9000,
	2026/04/30 11:49:24	,	234462	,	73	,10.514600,1999.9000,-0.25043482,-197.9482,594906.2500,34.884,605050.7500,1999.9000,
	2026/04/30 11:49:24	,	235462	,	74	,10.514596,1999.9000,-0.25043482,-197.9648,594905.1250,34.886,605050.4375,1999.9000,
	2026/04/30 11:49:24	,	236462	,	75	,10.514591,1999.9000,-0.25043482,-198.1777,594904.3750,34.889,604967.3750,1999.9000,
	2026/04/30 11:49:24	,	237462	,	76	,10.514582,1999.9000,-0.25036758,-198.3551,594913.9375,34.894,604931.7500,1999.9000,
	2026/04/30 11:49:24	,	238462	,	77	,10.514560,1999.9000,-0.25003636,-198.5029,594925.3750,34.897,604831.5000,1999.9000,
	2026/04/30 11:49:24	,	239462	,	78	,10.514541,1999.9000,-0.24693699,-198.6261,594937.9375,34.900,604798.8750,1999.9000,
	2026/04/30 11:49:24	,	240462	,	79	,10.514516,1999.9000,-0.24304844,-198.7287,595156.8750,34.903,604702.1875,1999.9000,
	2026/04/30 11:49:24	,	241462	,	80	,10.514496,1999.9000,-0.23627967,-198.8143,595458.3125,34.905,604702.1875,1999.9000,
	2026/04/30 11:49:24	,	242462	,	81	,10.514487,1999.9000,-0.23173566,-198.9850,595479.1875,34.910,604702.1875,1999.9000,
	2026/04/30 11:49:24	,	243462	,	82	,10.514481,1999.9000,-0.23173566,-199.1273,595486.1875,34.914,604702.1875,1999.9000,
	2026/04/30 11:49:24	,	244462	,	83	,10.514505,1999.9000,-0.23173566,-199.2459,595489.6250,34.919,604702.1875,1999.9000,
	2026/04/30 11:49:24	,	245462	,	84	,10.514496,1999.9000,-0.23173566,-199.3447,595491.6875,34.923,604704.9375,1999.9000,
	2026/04/30 11:49:24	,	246462	,	85	,10.514498,1999.9000,-0.23173566,-199.5266,595493.1250,34.926,604786.1875,1999.9000,
	2026/04/30 11:49:24	,	247462	,	86	,10.514520,1999.9000,-0.23433854,-199.5786,595480.7500,34.927,604812.7500,1999.9000,
	2026/04/30 11:49:24	,	248462	,	87	,10.514543,1999.9000,-0.23661371,-199.5225,595377.3125,34.930,604908.1875,1999.9000,
	2026/04/30 11:49:24	,	249462	,	88	,10.514561,1999.9000,-0.23751178,-199.2768,595367.1875,34.932,604944.7500,1999.9000,
	2026/04/30 11:49:24	,	250462	,	89	,10.514572,1999.9000,-0.24151066,-198.8731,595269.4375,34.934,605043.5000,1999.9000,
	2026/04/30 11:49:24	,	251462	,	90	,10.514565,1999.9000,-0.24768700,-198.5367,595011.5000,34.935,605044.4375,1999.9000,
	2026/04/30 11:49:24	,	252462	,	91	,10.514562,1999.9000,-0.24858822,-198.2563,594847.6250,34.935,605044.7500,1999.9000,
	2026/04/30 11:49:24	,	253462	,	92	,10.514558,1999.9000,-0.24888864,-198.1222,594847.6250,34.933,605044.9375,1999.9000,
	2026/04/30 11:49:24	,	254462	,	93	,10.514560,1999.9000,-0.24903885,-198.0104,594847.6250,34.927,605045.0000,1999.9000,
	2026/04/30 11:49:24	,	255462	,	94	,10.514561,1999.9000,-0.24912898,-197.8178,594847.6250,34.919,605045.0000,1999.9000,
	2026/04/30 11:49:24	,	256462	,	95	,10.514557,1999.9000,-0.24918905,-197.4583,594847.6250,34.913,605033.0625,1999.9000,
	2026/04/30 11:49:24	,	257462	,	96	,10.514548,1999.9000,-0.24600425,-197.2582,594940.6250,34.907,604902.1875,1999.9000,
	2026/04/30 11:49:24	,	258462	,	97	,10.514546,1999.9000,-0.24295390,-197.2904,594955.1875,34.902,604870.1250,1999.9000,
	2026/04/30 11:49:24	,	259462	,	98	,10.514550,1999.9000,-0.24053378,-197.3172,594964.0000,34.892,604774.0625,1999.9000,
	2026/04/30 11:49:24	,	260462	,	99	,10.514559,1999.9000,-0.23727547,-197.3396,595073.4375,34.884,604744.1875,1999.9000,
	2026/04/30 11:49:24	,	261462	,	100	,10.514565,1999.9000,-0.23062643,-197.3582,595338.5625,34.877,604726.3750,1999.9000,
	2026/04/30 11:49:24	,	262462	,	101	,10.514572,1999.9000,-0.22492909,-197.4733,595550.1250,34.871,604717.5000,1999.9000,
	2026/04/30 11:49:24	,	263462	,	102	,10.514565,1999.9000,-0.22492909,-197.5691,595550.1250,34.872,604712.1875,1999.9000,
	2026/04/30 11:49:24	,	264462	,	103	,10.514562,1999.9000,-0.22492909,-197.6490,595550.1250,34.875,604708.6250,1999.9000,
	2026/04/30 11:49:24	,	265462	,	104	,10.514558,1999.9000,-0.22492909,-197.9145,595550.1250,34.877,604705.6875,1999.9000,
	2026/04/30 11:49:24	,	266462	,	105	,10.514554,1999.9000,-0.22492909,-198.1357,595550.1250,34.879,604715.4375,1999.9000,
	2026/04/30 11:49:24	,	267462	,	106	,10.514536,1999.9000,-0.22513077,-198.5190,595439.2500,34.885,604824.8750,1999.9000,
	2026/04/30 11:49:24	,	268462	,	107	,10.514521,1999.9000,-0.22886178,-198.8385,595413.0625,34.890,604851.0625,1999.9000,
	2026/04/30 11:49:24	,	269462	,	108	,10.514508,1999.9000,-0.23115584,-199.1047,595396.5625,34.894,604877.7500,1999.9000,
	2026/04/30 11:49:24	,	270462	,	109	,10.514514,1999.9000,-0.23370829,-199.3265,595315.3125,34.898,605000.0000,1999.9000,
	2026/04/30 11:49:24	,	271462	,	110	,10.514518,1999.9000,-0.23962624,-199.5114,595111.5625,34.901,605034.1875,1999.9000,
	2026/04/30 11:49:24	,	272462	,	111	,10.514526,1999.9000,-0.24534880,-199.6654,594826.7500,34.903,605045.5000,1999.9000,
	2026/04/30 11:49:24	,	273462	,	112	,10.514533,1999.9000,-0.24534880,-199.7938,594826.7500,34.896,605051.1875,1999.9000,
	2026/04/30 11:49:24	,	274462	,	113	,10.514539,1999.9000,-0.24534880,-199.8013,594826.7500,34.890,605054.5625,1999.9000,
	2026/04/30 11:49:24	,	275462	,	114	,10.514559,1999.9000,-0.24534880,-199.8075,594826.7500,34.885,605056.8750,1999.9000,
	2026/04/30 11:49:24	,	276462	,	115	,10.514581,1999.9000,-0.24534880,-199.6138,594826.7500,34.881,605048.3125,1999.9000,
	2026/04/30 11:49:24	,	277462	,	116	,10.514597,1999.9000,-0.24529208,-199.4523,594930.5000,34.878,604931.7500,1999.9000,
	2026/04/30 11:49:24	,	278462	,	117	,10.514607,1999.9000,-0.24267030,-199.2183,594958.1875,34.879,604899.0625,1999.9000,
	2026/04/30 11:49:24	,	279462	,	118	,10.514615,1999.9000,-0.24169657,-199.0233,594973.0000,34.890,604799.4375,1999.9000,
	2026/04/30 11:49:24	,	280462	,	119	,10.514618,1999.9000,-0.23883845,-199.0598,594991.2500,34.899,604765.6250,1999.9000,
	2026/04/30 11:49:24	,	281462	,	120	,10.514609,1999.9000,-0.23380284,-199.1896,595262.3125,34.906,604742.5000,1999.9000,
	2026/04/30 11:49:24	,	282462	,	121	,10.514603,1999.9000,-0.22840171,-199.2978,595556.0625,34.912,604730.9375,1999.9000,
	2026/04/30 11:49:24	,	283462	,	122	,10.514597,1999.9000,-0.22840171,-199.3880,595556.0625,34.917,604723.9375,1999.9000,
	2026/04/30 11:49:24	,	284462	,	123	,10.514592,1999.9000,-0.22840171,-199.4631,595556.0625,34.916,604719.3750,1999.9000,
	2026/04/30 11:49:24	,	285462	,	124	,10.514588,1999.9000,-0.22840171,-199.6252,595556.0625,34.912,604715.4375,1999.9000,
	2026/04/30 11:49:24	,	286462	,	125	,10.514596,1999.9000,-0.22840171,-199.7603,595556.0625,34.911,604723.1250,1999.9000,
	2026/04/30 11:49:24	,	287462	,	126	,10.514606,1999.9000,-0.23080291,-199.8729,595467.8750,34.911,604824.8750,1999.9000,
	2026/04/30 11:49:24	,	288462	,	127	,10.514594,1999.9000,-0.23416206,-199.8672,595435.3750,34.908,604848.1250,1999.9000,
	2026/04/30 11:49:24	,	289462	,	128	,10.514585,1999.9000,-0.23713049,-199.8625,595413.8750,34.908,604874.9375,1999.9000,
	2026/04/30 11:49:24	,	290462	,	129	,10.514597,1999.9000,-0.23986574,-199.7590,595395.1875,34.917,604998.8125,1999.9000,
	2026/04/30 11:49:24	,	291462	,	130	,10.514607,1999.9000,-0.24552527,-199.4739,595198.5625,34.926,605083.9375,1999.9000,
	2026/04/30 11:49:24	,	292462	,	131	,10.514621,1999.9000,-0.25249571,-199.1368,594922.7500,34.935,605083.9375,1999.9000,
	2026/04/30 11:49:24	,	293462	,	132	,10.514627,1999.9000,-0.25532547,-198.8559,594912.0000,34.942,605083.9375,1999.9000,
	2026/04/30 11:49:24	,	294462	,	133	,10.514632,1999.9000,-0.25532547,-198.6218,594908.3750,34.948,605083.9375,1999.9000,
	2026/04/30 11:49:24	,	295462	,	134	,10.514622,1999.9000,-0.25532547,-198.4268,594906.6250,34.954,605083.9375,1999.9000,
	2026/04/30 11:49:24	,	296462	,	135	,10.514612,1999.9000,-0.25532547,-198.2642,594905.5625,34.956,605073.5625,1999.9000,
	2026/04/30 11:49:24	,	297462	,	136	,10.514611,1999.9000,-0.25532547,-198.3277,594904.9375,34.959,604954.6875,1999.9000,
	2026/04/30 11:49:24	,	298462	,	137	,10.514614,1999.9000,-0.25192219,-198.5796,594917.4375,34.956,604924.1875,1999.9000,
	2026/04/30 11:49:24	,	299462	,	138	,10.514617,1999.9000,-0.24870166,-198.9884,595004.3750,34.945,604824.8750,1999.9000,
	2026/04/30 11:49:24	,	300462	,	139	,10.514614,1999.9000,-0.24577107,-199.3291,595015.6250,34.935,604794.9375,1999.9000,
	2026/04/30 11:49:24	,	301462	,	140	,10.514606,1999.9000,-0.24040774,-199.6130,595175.3125,34.927,604702.8125,1999.9000,
	2026/04/30 11:49:24	,	302462	,	141	,10.514606,1999.9000,-0.23315369,-199.7501,595468.5000,34.919,604702.8125,1999.9000,
	2026/04/30 11:49:24	,	303462	,	142	,10.514609,1999.9000,-0.22808658,-199.7649,595488.1250,34.913,604702.8125,1999.9000,
	2026/04/30 11:49:24	,	304462	,	143	,10.514612,1999.9000,-0.22808658,-199.7772,595494.6250,34.907,604702.8125,1999.9000,
	2026/04/30 11:49:24	,	305462	,	144	,10.514615,1999.9000,-0.22808658,-199.8869,595497.9375,34.902,604702.8125,1999.9000,
	2026/04/30 11:49:24	,	306462	,	145	,10.514618,1999.9000,-0.22808658,-200.2768,595499.8750,34.898,604709.6250,1999.9000,
	2026/04/30 11:49:24	,	307462	,	146	,10.514639,1999.9000,-0.22808658,-200.3033,595501.2500,34.895,604809.1250,1999.9000,
	2026/04/30 11:49:24	,	308462	,	147	,10.514657,1999.9000,-0.22843006,-199.5296,595413.0625,34.892,604840.8125,1999.9000,
	2026/04/30 11:49:24	,	309462	,	148	,10.514672,1999.9000,-0.23218943,-198.8848,595392.8125,34.890,604924.5000,1999.9000,
	2026/04/30 11:49:24	,	310462	,	149	,10.514684,1999.9000,-0.23292996,-198.3475,595381.3125,34.884,604957.1250,1999.9000,
	2026/04/30 11:49:24	,	311462	,	150	,10.514694,1999.9000,-0.23692882,-197.8002,595265.3125,34.884,605065.8125,1999.9000,
	2026/04/30 11:49:24	,	312462	,	151	,10.514703,1999.9000,-0.24306734,-197.4437,595004.3750,34.886,605065.8125,1999.9000,
	2026/04/30 11:49:24	,	313462	,	152	,10.514709,1999.9000,-0.24654625,-197.0471,594875.0000,34.888,605065.8125,1999.9000,
	2026/04/30 11:49:24	,	314462	,	153	,10.514715,1999.9000,-0.24654625,-196.7166,594875.0000,34.886,605065.8125,1999.9000,
	2026/04/30 11:49:24	,	315462	,	154	,10.514721,1999.9000,-0.24654625,-196.4412,594875.0000,34.885,605065.8125,1999.9000,
	2026/04/30 11:49:24	,	316462	,	155	,10.514709,1999.9000,-0.24654625,-196.1122,594875.0000,34.883,605061.0000,1999.9000,
	2026/04/30 11:49:24	,	317462	,	156	,10.514691,1999.9000,-0.24654625,-195.8380,594875.0000,34.883,604964.9375,1999.9000,
	2026/04/30 11:49:24	,	318462	,	157	,10.514670,1999.9000,-0.24376689,-195.6095,594967.3750,34.876,604964.9375,1999.9000,
	2026/04/30 11:49:24	,	319462	,	158	,10.514653,1999.9000,-0.24158628,-195.4191,594980.1875,34.877,604929.3125,1999.9000,
	2026/04/30 11:49:24	,	320462	,	159	,10.514639,1999.9000,-0.24079849,-195.4594,594986.6875,34.880,604832.6875,1999.9000,
	2026/04/30 11:49:24	,	321462	,	160	,10.514627,1999.9000,-0.23704858,-196.2888,595093.6875,34.880,604799.1875,1999.9000,
	2026/04/30 11:49:24	,	322462	,	161	,10.514618,1999.9000,-0.23084073,-196.9799,595374.9375,34.880,604701.0625,1999.9000,
	2026/04/30 11:49:24	,	323462	,	162	,10.514609,1999.9000,-0.22683872,-197.0585,595553.6250,34.883,604701.0625,1999.9000,
	2026/04/30 11:49:24	,	324462	,	163	,10.514622,1999.9000,-0.22683872,-197.1240,595553.6250,34.885,604701.0625,1999.9000,
	2026/04/30 11:49:24	,	325462	,	164	,10.514632,1999.9000,-0.22683872,-197.3775,595553.6250,34.887,604701.0625,1999.9000,
	2026/04/30 11:49:24	,	326462	,	165	,10.514642,1999.9000,-0.22683872,-197.6883,595553.6250,34.889,604701.0625,1999.9000,
	2026/04/30 11:49:24	,	327462	,	166	,10.514664,1999.9000,-0.22683872,-198.0467,595553.6250,34.890,604702.8125,1999.9000,
	2026/04/30 11:49:24	,	328462	,	167	,10.514683,1999.9000,-0.23001511,-198.2459,595454.1875,34.891,604716.0000,1999.9000,
	2026/04/30 11:49:24	,	329462	,	168	,10.514698,1999.9000,-0.23269363,-198.3125,595425.8750,34.892,604832.6875,1999.9000,
	2026/04/30 11:49:24	,	330462	,	169	,10.514711,1999.9000,-0.23492466,-198.2684,595409.5000,34.895,604862.8750,1999.9000,
	2026/04/30 11:49:24	,	331462	,	170	,10.514722,1999.9000,-0.23792459,-198.2317,595317.6875,34.896,604959.5000,1999.9000,
	2026/04/30 11:49:24	,	332462	,	171	,10.514727,1999.9000,-0.24447908,-198.2012,595114.5625,34.898,604998.1875,1999.9000,
	2026/04/30 11:49:24	,	333462	,	172	,10.514727,1999.9000,-0.25014490,-197.9767,594839.8750,34.899,605021.3750,1999.9000,
	2026/04/30 11:49:24	,	334462	,	173	,10.514724,1999.9000,-0.25014490,-197.7897,594839.8750,34.901,605032.9375,1999.9000,
	2026/04/30 11:49:24	,	335462	,	174	,10.514728,1999.9000,-0.25014490,-197.5344,594839.8750,34.902,605039.8750,1999.9000,
	2026/04/30 11:49:24	,	336462	,	175	,10.514725,1999.9000,-0.25014490,-197.2222,594839.8750,34.904,605044.5000,1999.9000,
	2026/04/30 11:49:24	,	337462	,	176	,10.514713,1999.9000,-0.25014490,-196.9619,594839.8750,34.906,605048.3125,1999.9000,
	2026/04/30 11:49:24	,	338462	,	177	,10.514703,1999.9000,-0.24678575,-196.8446,594853.0625,34.906,605039.4375,1999.9000,
	2026/04/30 11:49:24	,	339462	,	178	,10.514695,1999.9000,-0.24370389,-196.8463,594969.1250,34.906,604920.3125,1999.9000,
	2026/04/30 11:49:24	,	340462	,	179	,10.514688,1999.9000,-0.24110731,-196.8476,594981.7500,34.907,604891.3125,1999.9000,
	2026/04/30 11:49:24	,	341462	,	180	,10.514698,1999.9000,-0.23811367,-196.8488,595004.1250,34.910,604788.0000,1999.9000,
	2026/04/30 11:49:24	,	342462	,	181	,10.514707,1999.9000,-0.23172306,-196.8498,595275.4375,34.913,604759.9375,1999.9000,
	2026/04/30 11:49:24	,	343462	,	182	,10.514722,1999.9000,-0.23172306,-196.8506,595570.3750,34.915,604743.1250,1999.9000,
	2026/04/30 11:49:24	,	344462	,	183	,10.514736,1999.9000,-0.22579882,-196.8512,595570.3750,34.916,604734.6875,1999.9000,
	2026/04/30 11:49:24	,	345462	,	184	,10.514749,1999.9000,-0.22579882,-196.8518,595570.3750,34.918,604729.6250,1999.9000,
	2026/04/30 11:49:24	,	346462	,	185	,10.514759,1999.9000,-0.22579882,-196.8523,595570.3750,34.922,604726.1875,1999.9000,
	2026/04/30 11:49:24	,	347462	,	186	,10.514777,1999.9000,-0.22579882,-196.8527,595570.3750,34.930,604723.4375,1999.9000,
	2026/04/30 11:49:24	,	348462	,	187	,10.514792,1999.9000,-0.22579882,-196.7535,595461.9375,34.937,604732.5000,1999.9000,
	2026/04/30 11:49:24	,	349462	,	188	,10.514794,1999.9000,-0.22595848,-196.6709,595427.3750,34.938,604832.6875,1999.9000,
	2026/04/30 11:49:24	,	350462	,	189	,10.514782,1999.9000,-0.22944160,-196.6020,595405.6875,34.939,604856.5000,1999.9000,
	2026/04/30 11:49:24	,	351462	,	190	,10.514791,1999.9000,-0.23172937,-196.5446,595389.1875,34.939,604944.4375,1999.9000,
	2026/04/30 11:49:24	,	352462	,	191	,10.514778,1999.9000,-0.23413685,-196.4968,595189.0625,34.940,604978.2500,1999.9000,
	2026/04/30 11:49:24	,	353462	,	192	,10.514754,1999.9000,-0.23969558,-196.4570,594926.8750,34.939,605085.7500,1999.9000,
	2026/04/30 11:49:24	,	354462	,	193	,10.514733,1999.9000,-0.24589711,-196.7222,594908.1250,34.932,605085.7500,1999.9000,
	2026/04/30 11:49:24	,	355462	,	194	,10.514701,1999.9000,-0.24618071,-196.9432,594901.8750,34.926,605085.7500,1999.9000,
	2026/04/30 11:49:24	,	356462	,	195	,10.514673,1999.9000,-0.24627526,-197.2269,594898.7500,34.921,605085.7500,1999.9000,
	2026/04/30 11:49:24	,	357462	,	196	,10.514651,1999.9000,-0.24632253,-197.8611,594896.8750,34.920,605085.7500,1999.9000,
	2026/04/30 11:49:24	,	358462	,	197	,10.514643,1999.9000,-0.24635088,-198.4892,594895.6250,34.920,605075.4375,1999.9000,
	2026/04/30 11:49:24	,	359462	,	198	,10.514636,1999.9000,-0.24636978,-199.0125,594905.8750,34.920,604950.5000,1999.9000,
	2026/04/30 11:49:24	,	360462	,	199	,10.514630,1999.9000,-0.24323119,-198.9513,594918.9375,34.921,604916.9375,1999.9000,
	2026/04/30 11:49:24	,	361462	,	200	,10.514625,1999.9000,-0.24032581,-198.9003,594999.5625,34.920,604810.3125,1999.9000,
	2026/04/30 11:49:24	,	362462	,	201	,10.514646,1999.9000,-0.23769771,-198.7583,594999.5625,34.919,604779.0000,1999.9000,
	2026/04/30 11:49:24	,	363462	,	202	,10.514661,1999.9000,-0.23217051,-198.5405,595442.8750,34.919,604695.0000,1999.9000,
	2026/04/30 11:49:24	,	364462	,	203	,10.514676,1999.9000,-0.22555932,-198.3590,595470.8750,34.918,604695.0000,1999.9000,
	2026/04/30 11:49:24	,	365462	,	204	,10.514688,1999.9000,-0.22262242,-198.2077,595480.1875,34.918,604695.0000,1999.9000,
	2026/04/30 11:49:24	,	366462	,	205	,10.514688,1999.9000,-0.22262242,-198.0817,595484.8125,34.917,604695.0000,1999.9000,
	2026/04/30 11:49:24	,	367462	,	206	,10.514698,1999.9000,-0.22262242,-197.9766,595487.6250,34.917,604695.0000,1999.9000,
	2026/04/30 11:49:24	,	368462	,	207	,10.514696,1999.9000,-0.22262242,-197.8891,595489.4375,34.917,604705.0625,1999.9000,
	2026/04/30 11:49:24	,	369462	,	208	,10.514694,1999.9000,-0.22262242,-198.0151,595477.1250,34.917,604823.0000,1999.9000,
	2026/04/30 11:49:24	,	370462	,	209	,10.514691,1999.9000,-0.22565387,-198.1201,595379.6875,34.915,604846.0000,1999.9000,
	2026/04/30 11:49:24	,	371462	,	210	,10.514691,1999.9000,-0.22860339,-198.3071,595369.5625,34.913,604932.3750,1999.9000,
	2026/04/30 11:49:24	,	372462	,	211	,10.514690,1999.9000,-0.23142685,-198.5624,595268.3125,34.914,604965.2500,1999.9000,
	2026/04/30 11:49:24	,	373462	,	212	,10.514688,1999.9000,-0.23673975,-198.5624,595268.3125,34.914,605079.7500,1999.9000,
	2026/04/30 11:49:24	,	374462	,	213	,10.514688,1999.9000,-0.24409461,-198.8529,594858.3750,34.914,605079.7500,1999.9000,
	2026/04/30 11:49:24	,	375462	,	214	,10.514688,1999.9000,-0.24936341,-198.8183,594858.3750,34.914,605079.7500,1999.9000,
	2026/04/30 11:49:24	,	376462	,	215	,10.514688,1999.9000,-0.24936341,-198.8889,594858.3750,34.915,605079.7500,1999.9000,
	2026/04/30 11:49:24	,	377462	,	216	,10.514688,1999.9000,-0.24936341,-198.9478,594858.3750,34.913,605079.7500,1999.9000,
	2026/04/30 11:49:24	,	378462	,	217	,10.514698,1999.9000,-0.24936341,-198.8973,594858.3750,34.912,605069.6875,1999.9000,
	2026/04/30 11:49:24	,	379462	,	218	,10.514707,1999.9000,-0.24936341,-198.8553,594948.3750,34.914,604947.4375,1999.9000,
	2026/04/30 11:49:24	,	380462	,	219	,10.514712,1999.9000,-0.24908717,-198.7208,594961.6875,34.916,604920.0000,1999.9000,
	2026/04/30 11:49:24	,	381462	,	220	,10.514684,1999.9000,-0.24524167,-198.5092,594969.7500,34.917,604827.2500,1999.9000,
	2026/04/30 11:49:24	,	382462	,	221	,10.514660,1999.9000,-0.24427739,-198.3329,595085.9375,34.919,604798.2500,1999.9000,
	2026/04/30 11:49:24	,	383462	,	222	,10.514654,1999.9000,-0.23934893,-198.1860,595355.8125,34.924,604771.7500,1999.9000,
	2026/04/30 11:49:24	,	384462	,	223	,10.514650,1999.9000,-0.23263060,-198.0636,595554.2500,34.929,604758.4375,1999.9000,
	2026/04/30 11:49:24	,	385462	,	224	,10.514657,1999.9000,-0.22801094,-197.9616,595554.2500,34.933,604750.4375,1999.9000,
	2026/04/30 11:49:24	,	386462	,	225	,10.514661,1999.9000,-0.22801094,-197.7771,595554.2500,34.936,604745.1250,1999.9000,
	2026/04/30 11:49:24	,	387462	,	226	,10.514666,1999.9000,-0.22801094,-197.7228,595554.2500,34.939,604740.6875,1999.9000,
	2026/04/30 11:49:24	,	388462	,	227	,10.514660,1999.9000,-0.22801094,-197.6776,595554.2500,34.941,604742.1250,1999.9000,
	2026/04/30 11:49:24	,	389462	,	228	,10.514654,1999.9000,-0.22801094,-197.6399,595447.0000,34.940,604754.0000,1999.9000,
	2026/04/30 11:49:24	,	390462	,	229	,10.514650,1999.9000,-0.23067057,-197.6085,595420.5000,34.934,604862.3125,1999.9000,
	2026/04/30 11:49:24	,	391462	,	230	,10.514647,1999.9000,-0.23344991,-197.5823,595402.7500,34.929,604888.2500,1999.9000,
	2026/04/30 11:49:24	,	392462	,	231	,10.514645,1999.9000,-0.23582590,-197.5605,595320.0625,34.926,604915.2500,1999.9000,
	2026/04/30 11:49:24	,	393462	,	232	,10.514646,1999.9000,-0.23960103,-197.6418,595320.0625,34.927,605049.5000,1999.9000,
	2026/04/30 11:49:24	,	394462	,	233	,10.514648,1999.9000,-0.24686137,-197.7095,594820.8125,34.928,605052.5000,1999.9000,
	2026/04/30 11:49:24	,	395462	,	234	,10.514650,1999.9000,-0.25295579,-197.7660,594820.8125,34.929,605053.5000,1999.9000,
	2026/04/30 11:49:24	,	396462	,	235	,10.514647,1999.9000,-0.25295579,-197.7136,594820.8125,34.930,605054.0000,1999.9000,
	2026/04/30 11:49:24	,	397462	,	236	,10.514645,1999.9000,-0.25295579,-197.4709,594820.8125,34.932,605054.3125,1999.9000,
	2026/04/30 11:49:24	,	398462	,	237	,10.514642,1999.9000,-0.25295579,-197.0698,594820.8125,34.935,605054.5000,1999.9000,
	2026/04/30 11:49:24	,	399462	,	238	,10.514640,1999.9000,-0.25295579,-196.7355,594820.8125,34.938,605041.6875,1999.9000,
	2026/04/30 11:49:24	,	400462	,	239	,10.514633,1999.9000,-0.25291374,-196.6559,594909.0000,34.941,604906.3750,1999.9000,
	2026/04/30 11:49:24	,	401462	,	240	,10.514627,1999.9000,-0.24984869,-196.7885,594935.8125,34.941,604874.1250,1999.9000,
	2026/04/30 11:49:24	,	402462	,	241	,10.514623,1999.9000,-0.24744748,-196.8990,594952.3125,34.937,604775.3125,1999.9000,
	2026/04/30 11:49:24	,	403462	,	242	,10.514619,1999.9000,-0.24423958,-196.9910,595261.1250,34.933,604748.7500,1999.9000,
	2026/04/30 11:49:24	,	404462	,	243	,10.514615,1999.9000,-0.23748972,-196.8688,595261.1250,34.938,604739.4375,1999.9000,
	2026/04/30 11:49:24	,	405462	,	244	,10.514622,1999.9000,-0.23160332,-196.8665,595551.2500,34.934,604734.8125,1999.9000,
	2026/04/30 11:49:24	,	406462	,	245	,10.514632,1999.9000,-0.23076823,-196.9639,595551.2500,34.931,604732.0625,1999.9000,
	2026/04/30 11:49:24	,	407462	,	246	,10.514661,1999.9000,-0.23048988,-197.0452,595551.2500,34.928,604730.2500,1999.9000,
	2026/04/30 11:49:24	,	408462	,	247	,10.514686,1999.9000,-0.23035070,-197.0134,595551.2500,34.926,604728.6875,1999.9000,
	2026/04/30 11:49:24	,	409462	,	248	,10.514707,1999.9000,-0.23026721,-197.0864,595551.2500,34.924,604739.8750,1999.9000,
	2026/04/30 11:49:24	,	410462	,	249	,10.514722,1999.9000,-0.23021153,-197.1473,595454.1875,34.923,604852.6250,1999.9000,
	2026/04/30 11:49:24	,	411462	,	250	,10.514716,1999.9000,-0.23039833,-197.0985,595419.0625,34.929,604880.3750,1999.9000,
	2026/04/30 11:49:24	,	412462	,	251	,10.514697,1999.9000,-0.23073991,-197.0578,595397.6250,34.929,604969.2500,1999.9000,
	2026/04/30 11:49:24	,	413462	,	252	,10.514681,1999.9000,-0.23416838,-197.0240,595172.3125,34.926,605001.2500,1999.9000,
	2026/04/30 11:49:24	,	414462	,	253	,10.514668,1999.9000,-0.23989093,-196.9957,595172.3125,34.925,605022.1875,1999.9000,
	2026/04/30 11:49:24	,	415462	,	254	,10.514657,1999.9000,-0.24572694,-196.9722,594887.0000,34.925,605032.6250,1999.9000,
	2026/04/30 11:49:24	,	416462	,	255	,10.514647,1999.9000,-0.24572694,-197.5495,594885.4375,34.925,605038.8750,1999.9000,
	2026/04/30 11:49:24	,	417462	,	256	,10.514653,1999.9000,-0.24572694,-197.5495,594884.9375,34.931,605043.0000,1999.9000,
	2026/04/30 11:49:24	,	418462	,	257	,10.514658,1999.9000,-0.24572694,-198.6137,594884.6250,34.936,605046.5000,1999.9000,
	2026/04/30 11:49:24	,	419462	,	258	,10.514668,1999.9000,-0.24572694,-198.8179,594884.6250,34.934,605038.1875,1999.9000,
	2026/04/30 11:49:24	,	420462	,	259	,10.514676,1999.9000,-0.24541916,-199.0875,594884.5625,34.925,604918.4375,1999.9000,
	2026/04/30 11:49:24	,	421462	,	260	,10.514683,1999.9000,-0.24137831,-199.0875,594895.1250,34.917,604885.5625,1999.9000,
	2026/04/30 11:49:24	,	422462	,	261	,10.514688,1999.9000,-0.24042664,-199.4995,594907.8750,34.911,604780.7500,1999.9000,
	2026/04/30 11:49:24	,	423462	,	262	,10.514673,1999.9000,-0.23745821,-199.4995,594920.5625,34.905,604752.0625,1999.9000,
	2026/04/30 11:49:24	,	424462	,	263	,10.514657,1999.9000,-0.23188062,-199.5560,595131.8125,34.901,604734.2500,1999.9000,
	2026/04/30 11:49:24	,	425462	,	264	,10.514642,1999.9000,-0.22589335,-199.5037,595438.0625,34.897,604725.3750,1999.9000,
	2026/04/30 11:49:24	,	426462	,	265	,10.514630,1999.9000,-0.22589335,-199.2611,595471.4375,34.894,604719.9375,1999.9000,
	2026/04/30 11:49:24	,	427462	,	266	,10.514620,1999.9000,-0.22589335,-198.8600,595482.5625,34.892,604716.4375,1999.9000,
	2026/04/30 11:49:24	,	428462	,	267	,10.514611,1999.9000,-0.22589335,-198.4263,595488.1250,34.897,604713.5000,1999.9000,
	2026/04/30 11:49:24	,	429462	,	268	,10.514605,1999.9000,-0.22589335,-197.7665,595491.5000,34.902,604720.7500,1999.9000,
	2026/04/30 11:49:24	,	430462	,	269	,10.514599,1999.9000,-0.22621687,-197.1171,595493.6875,34.899,604822.4375,1999.9000,
	2026/04/30 11:49:24	,	431462	,	270	,10.514612,1999.9000,-0.23058231,-196.5760,595406.5000,34.897,604850.2500,1999.9000,
	2026/04/30 11:49:24	,	432462	,	271	,10.514630,1999.9000,-0.23293310,-196.1251,595382.6875,34.896,604940.1875,1999.9000,
	2026/04/30 11:49:24	,	433462	,	272	,10.514660,1999.9000,-0.23523979,-195.7493,595369.8125,34.895,604972.1875,1999.9000,
	2026/04/30 11:49:24	,	434462	,	273	,10.514684,1999.9000,-0.24069764,-195.5356,595256.9375,34.892,605072.5000,1999.9000,
	2026/04/30 11:49:24	,	435462	,	274	,10.514704,1999.9000,-0.24778783,-195.4570,595011.5000,34.888,605072.5000,1999.9000,
	2026/04/30 11:49:24	,	436462	,	275	,10.514701,1999.9000,-0.24849370,-195.3915,594853.0000,34.885,605072.5000,1999.9000,
	2026/04/30 11:49:24	,	437462	,	276	,10.514688,1999.9000,-0.24872898,-195.5359,594853.0000,34.882,605072.5000,1999.9000,
	2026/04/30 11:49:24	,	438462	,	277	,10.514679,1999.9000,-0.24884664,-195.7557,594853.0000,34.880,605072.5000,1999.9000,
	2026/04/30 11:49:24	,	439462	,	278	,10.514655,1999.9000,-0.24891722,-196.0383,594853.0000,34.880,605061.0000,1999.9000,
	2026/04/30 11:49:24	,	440462	,	279	,10.514636,1999.9000,-0.24896426,-196.5723,594853.0000,34.883,604927.5625,1999.9000,
	2026/04/30 11:49:24	,	441462	,	280	,10.514620,1999.9000,-0.24599165,-197.0172,594942.3750,34.887,604896.4375,1999.9000,
	2026/04/30 11:49:24	,	442462	,	281	,10.514606,1999.9000,-0.24319969,-197.3880,594961.6875,34.890,604798.2500,1999.9000,
	2026/04/30 11:49:24	,	443462	,	282	,10.514590,1999.9000,-0.24096863,-197.6970,594972.7500,34.893,604767.4375,1999.9000,
	2026/04/30 11:49:24	,	444462	,	283	,10.514577,1999.9000,-0.23636791,-197.9545,595076.4375,34.893,604684.6875,1999.9000,
	2026/04/30 11:49:24	,	445462	,	284	,10.514565,1999.9000,-0.22968739,-198.1691,595342.7500,34.895,604684.6875,1999.9000,
	2026/04/30 11:49:24	,	446462	,	285	,10.514562,1999.9000,-0.22528832,-198.3479,595540.5625,34.897,604684.6875,1999.9000,
	2026/04/30 11:49:24	,	447462	,	286	,10.514558,1999.9000,-0.22528832,-198.3974,595540.5625,34.898,604684.6875,1999.9000,
	2026/04/30 11:49:24	,	448462	,	287	,10.514569,1999.9000,-0.22528832,-198.3392,595540.5625,34.900,604684.6875,1999.9000,
	2026/04/30 11:49:24	,	449462	,	288	,10.514581,1999.9000,-0.22528832,-198.0918,595540.5625,34.901,604694.8125,1999.9000,
	2026/04/30 11:49:24	,	450462	,	289	,10.514568,1999.9000,-0.22528832,-197.8856,595540.5625,34.902,604807.9375,1999.9000,
	2026/04/30 11:49:24	,	451462	,	290	,10.514558,1999.9000,-0.22797315,-197.7138,595431.5000,34.902,604835.1250,1999.9000,
	2026/04/30 11:49:24	,	452462	,	291	,10.514554,1999.9000,-0.23035543,-197.3716,595405.0000,34.900,604917.2500,1999.9000,
	2026/04/30 11:49:24	,	453462	,	292	,10.514557,1999.9000,-0.23125982,-197.0865,595388.4375,34.898,604954.1250,1999.9000,
	2026/04/30 11:49:24	,	454462	,	293	,10.514559,1999.9000,-0.23588894,-196.7495,595369.2500,34.896,605077.8750,1999.9000,
	2026/04/30 11:49:24	,	455462	,	294	,10.514561,1999.9000,-0.24252534,-196.4686,595112.7500,34.904,605077.8750,1999.9000,
	2026/04/30 11:49:24	,	456462	,	295	,10.514566,1999.9000,-0.24721430,-196.2345,594841.0625,34.912,605077.8750,1999.9000,
	2026/04/30 11:49:24	,	457462	,	296	,10.514572,1999.9000,-0.24721430,-196.0394,594841.0625,34.919,605077.8750,1999.9000,
	2026/04/30 11:49:24	,	458462	,	297	,10.514581,1999.9000,-0.24721430,-195.9763,594841.0625,34.923,605077.8750,1999.9000,
	2026/04/30 11:49:24	,	459462	,	298	,10.514593,1999.9000,-0.24721430,-195.9238,594841.0625,34.925,605071.4375,1999.9000,
	2026/04/30 11:49:24	,	460462	,	299	,10.514614,1999.9000,-0.24721430,-196.0789,594841.0625,34.923,604965.5625,1999.9000,
	2026/04/30 11:49:24	,	461462	,	300	,10.514630,1999.9000,-0.24484462,-196.2082,594939.3750,34.922,604929.9375,1999.9000,
	2026/04/30 11:49:24	,	462462	,	301	,10.514650,1999.9000,-0.24380787,-196.5149,594962.0000,34.921,604829.0625,1999.9000,
	2026/04/30 11:49:24	,	463462	,	302	,10.514667,1999.9000,-0.24120815,-196.7704,594972.9375,34.917,604794.9375,1999.9000,
	2026/04/30 11:49:24	,	464462	,	303	,10.514680,1999.9000,-0.23832163,-196.9834,594988.2500,34.914,604699.8125,1999.9000,
	2026/04/30 11:49:24	,	465462	,	304	,10.514691,1999.9000,-0.23225245,-197.1609,595245.6875,34.911,604699.8125,1999.9000,
	2026/04/30 11:49:24	,	466462	,	305	,10.514695,1999.9000,-0.22866009,-197.2093,595541.1250,34.910,604699.8125,1999.9000,
	2026/04/30 11:49:24	,	467462	,	306	,10.514703,1999.9000,-0.22866009,-197.2497,595541.1250,34.909,604699.8125,1999.9000,
	2026/04/30 11:49:24	,	468462	,	307	,10.514710,1999.9000,-0.22866009,-197.1838,595541.1250,34.909,604699.8125,1999.9000,
	2026/04/30 11:49:24	,	469462	,	308	,10.514711,1999.9000,-0.22866009,-197.1290,595541.1250,34.912,604702.5625,1999.9000,
	2026/04/30 11:49:24	,	470462	,	309	,10.514688,1999.9000,-0.22866009,-197.1827,595541.1250,34.918,604790.4375,1999.9000,
	2026/04/30 11:49:24	,	471462	,	310	,10.514664,1999.9000,-0.23101087,-196.9291,595530.6875,34.924,604816.9375,1999.9000,
	2026/04/30 11:49:24	,	472462	,	311	,10.514643,1999.9000,-0.23193733,-197.0161,595414.2500,34.929,604900.9375,1999.9000,
	2026/04/30 11:49:24	,	473462	,	312	,10.514627,1999.9000,-0.23431963,-197.0887,595400.8750,34.933,604929.3125,1999.9000,
	2026/04/30 11:49:24	,	474462	,	313	,10.514611,1999.9000,-0.23682798,-197.1491,595387.8750,34.937,604929.3125,1999.9000,
	2026/04/30 11:49:24	,	475462	,	314	,10.514600,1999.9000,-0.24296018,-197.1001,595211.6875,34.941,605037.4375,1999.9000,
	2026/04/30 11:49:24	,	476462	,	315	,10.514589,1999.9000,-0.24842437,-197.0591,594917.9375,34.943,605037.4375,1999.9000,
	2026/04/30 11:49:24	,	477462	,	316	,10.514581,1999.9000,-0.24842437,-197.2240,594907.5625,34.940,605037.4375,1999.9000,
	2026/04/30 11:49:24	,	478462	,	317	,10.514569,1999.9000,-0.24842437,-197.1624,594904.0625,34.937,605037.4375,1999.9000,
	2026/04/30 11:49:24	,	479462	,	318	,10.514564,1999.9000,-0.24842437,-196.9122,594902.3750,34.932,605037.4375,1999.9000,
	2026/04/30 11:49:24	,	480462	,	319	,10.514569,1999.9000,-0.24842437,-196.9026,594901.3125,34.929,605037.2500,1999.9000,
	2026/04/30 11:49:24	,	481462	,	320	,10.514575,1999.9000,-0.24494545,-196.8946,594900.6250,34.929,605025.1875,1999.9000,
	2026/04/30 11:49:24	,	482462	,	321	,10.514579,1999.9000,-0.24159259,-196.8879,594911.8750,34.936,604893.6875,1999.9000,
	2026/04/30 11:49:24	,	483462	,	322	,10.514572,1999.9000,-0.23874390,-196.8824,594924.6875,34.934,604857.1250,1999.9000,
	2026/04/30 11:49:24	,	484462	,	323	,10.514561,1999.9000,-0.23546037,-196.8777,595004.9375,34.931,604757.1875,1999.9000,
	2026/04/30 11:49:24	,	485462	,	324	,10.514542,1999.9000,-0.22881764,-196.6749,595150.9375,34.928,604727.8750,1999.9000,
	2026/04/30 11:49:24	,	486462	,	325	,10.514526,1999.9000,-0.22249006,-196.5059,595447.6250,34.926,604718.1250,1999.9000,
	2026/04/30 11:49:24	,	487462	,	326	,10.514539,1999.9000,-0.22249006,-196.3651,595483.6875,34.923,604713.2500,1999.9000,
	2026/04/30 11:49:24	,	488462	,	327	,10.514568,1999.9000,-0.22249006,-196.4467,595495.6875,34.920,604710.3125,1999.9000,
	2026/04/30 11:49:24	,	489462	,	328	,10.514592,1999.9000,-0.22249006,-196.5147,595501.6875,34.910,604708.3125,1999.9000,
	2026/04/30 11:49:24	,	490462	,	329	,10.514584,1999.9000,-0.22249006,-196.5713,595505.2500,34.900,604710.9375,1999.9000,
	2026/04/30 11:49:24	,	491462	,	330	,10.514586,1999.9000,-0.22256885,-196.9170,595507.6875,34.889,604724.1875,1999.9000,
	2026/04/30 11:49:24	,	492462	,	331	,10.514588,1999.9000,-0.22591855,-197.2050,595425.0000,34.878,604845.9375,1999.9000,
	2026/04/30 11:49:24	,	493462	,	332	,10.514600,1999.9000,-0.22859076,-197.4450,595400.5000,34.869,604868.0625,1999.9000,
	2026/04/30 11:49:24	,	494462	,	333	,10.514609,1999.9000,-0.23147728,-197.6450,595385.6250,34.861,604891.8750,1999.9000,
	2026/04/30 11:49:24	,	495462	,	334	,10.514607,1999.9000,-0.23796870,-197.8117,595262.3125,34.855,605017.5000,1999.9000,
	2026/04/30 11:49:24	,	496462	,	335	,10.514606,1999.9000,-0.24531730,-197.6522,595018.6250,34.850,605038.6250,1999.9000,
	2026/04/30 11:49:24	,	497462	,	336	,10.514600,1999.9000,-0.24945165,-197.3203,594850.0000,34.850,605045.6875,1999.9000,
	2026/04/30 11:49:24	,	498462	,	337	,10.514590,1999.9000,-0.24945165,-197.0438,594850.0000,34.850,605049.1875,1999.9000,
	2026/04/30 11:49:24	,	499462	,	338	,10.514587,1999.9000,-0.24945165,-196.8133,594850.0000,34.857,605051.3125,1999.9000,
	2026/04/30 11:49:24	,	500462	,	339	,10.514585,1999.9000,-0.24945165,-196.6212,594850.0000,34.871,605052.6875,1999.9000,
	2026/04/30 11:49:24	,	501462	,	340	,10.514571,1999.9000,-0.24945165,-196.5606,594850.0000,34.886,605043.0000,1999.9000,
	2026/04/30 11:49:24	,	502462	,	341	,10.514550,1999.9000,-0.24682987,-196.6096,594964.1250,34.899,604886.6875,1999.9000,
	2026/04/30 11:49:24	,	503462	,	342	,10.514544,1999.9000,-0.24460512,-196.9489,594964.1250,34.909,604886.6875,1999.9000,
	2026/04/30 11:49:24	,	504462	,	343	,10.514538,1999.9000,-0.24362509,-197.2316,594974.9375,34.918,604779.5000,1999.9000,
	2026/04/30 11:49:24	,	505462	,	344	,10.514532,1999.9000,-0.23759687,-197.6661,595080.6250,34.925,604753.0000,1999.9000,
	2026/04/30 11:49:24	,	506462	,	345	,10.514533,1999.9000,-0.23078398,-198.0283,595342.7500,34.922,604731.0625,1999.9000,
	2026/04/30 11:49:24	,	507462	,	346	,10.514550,1999.9000,-0.22599418,-198.1311,595548.3125,34.919,604720.0625,1999.9000,
	2026/04/30 11:49:24	,	508462	,	347	,10.514563,1999.9000,-0.22599418,-198.2167,595548.3125,34.917,604713.5625,1999.9000,
	2026/04/30 11:49:24	,	509462	,	348	,10.514574,1999.9000,-0.22599418,-198.0892,595548.3125,34.915,604709.1250,1999.9000,
	2026/04/30 11:49:24	,	510462	,	349	,10.514584,1999.9000,-0.22599418,-197.9829,595548.3125,34.914,604705.5000,1999.9000,
	2026/04/30 11:49:24	,	511462	,	350	,10.514591,1999.9000,-0.22599418,-197.3969,595548.3125,34.914,604713.0000,1999.9000,
	2026/04/30 11:49:24	,	512462	,	351	,10.514611,1999.9000,-0.22840801,-196.9087,595438.0625,34.914,604818.1875,1999.9000,
	2026/04/30 11:49:24	,	513462	,	352	,10.514649,1999.9000,-0.23072729,-196.5018,595408.9375,34.914,604847.5000,1999.9000,
	2026/04/30 11:49:24	,	514462	,	353	,10.514695,1999.9000,-0.23290791,-195.9637,595392.0000,34.916,604933.0000,1999.9000,
	2026/04/30 11:49:24	,	515462	,	354	,10.514732,1999.9000,-0.23774181,-195.5154,595306.4375,34.918,604970.0625,1999.9000,
	2026/04/30 11:49:24	,	516462	,	355	,10.514760,1999.9000,-0.24507779,-195.1417,595104.4375,34.925,605079.7500,1999.9000,
	2026/04/30 11:49:24	,	517462	,	356	,10.514773,1999.9000,-0.24727733,-194.7309,594825.6250,34.931,605079.7500,1999.9000,
	2026/04/30 11:49:24	,	518462	,	357	,10.514785,1999.9000,-0.24727733,-194.3885,594825.6250,34.936,605079.7500,1999.9000,
	2026/04/30 11:49:24	,	519462	,	358	,10.514793,1999.9000,-0.24727733,-194.2027,594825.6250,34.939,605079.7500,1999.9000,
	2026/04/30 11:49:24	,	520462	,	359	,10.514801,1999.9000,-0.24727733,-194.2468,594825.6250,34.941,605079.7500,1999.9000,
	2026/04/30 11:49:24	,	521462	,	360	,10.514807,1999.9000,-0.24727733,-194.2835,594825.6250,34.943,605070.6875,1999.9000,
	2026/04/30 11:49:24	,	522462	,	361	,10.514807,1999.9000,-0.24372910,-194.4136,594915.5000,34.944,604945.6250,1999.9000,
	2026/04/30 11:49:24	,	523462	,	362	,10.514767,1999.9000,-0.24088041,-194.6215,594935.8125,34.946,604913.9375,1999.9000,
	2026/04/30 11:49:24	,	524462	,	363	,10.514733,1999.9000,-0.23851702,-195.1926,594947.7500,34.950,604823.0000,1999.9000,
	2026/04/30 11:49:24	,	525462	,	364	,10.514707,1999.9000,-0.23425661,-196.3649,594964.5625,34.950,604790.1250,1999.9000,
	2026/04/30 11:49:24	,	526462	,	365	,10.514717,1999.9000,-0.22724207,-197.3418,595233.1250,34.944,604693.7500,1999.9000,
	2026/04/30 11:49:24	,	527462	,	366	,10.514728,1999.9000,-0.22288711,-198.1558,595541.7500,34.932,604693.7500,1999.9000,
	2026/04/30 11:49:24	,	528462	,	367	,10.514736,1999.9000,-0.22288711,-198.9337,595541.7500,34.922,604693.7500,1999.9000,
	2026/04/30 11:49:24	,	529462	,	368	,10.514743,1999.9000,-0.22288711,-199.5819,595541.7500,34.913,604693.7500,1999.9000,
	2026/04/30 11:49:24	,	530462	,	369	,10.514748,1999.9000,-0.22288711,-200.0226,595541.7500,34.913,604693.7500,1999.9000,
	2026/04/30 11:49:24	,	531462	,	370	,10.514752,1999.9000,-0.22288711,-200.2904,595541.7500,34.914,604699.6250,1999.9000,
	2026/04/30 11:49:24	,	532462	,	371	,10.514757,1999.9000,-0.22288711,-200.5136,595528.8125,34.912,604803.6875,1999.9000,
	2026/04/30 11:49:24	,	533462	,	372	,10.514760,1999.9000,-0.22623369,-200.6995,595394.0000,34.911,604832.1250,1999.9000,
	2026/04/30 11:49:24	,	534462	,	373	,10.514763,1999.9000,-0.22900042,-200.7550,595380.2500,34.911,604917.8750,1999.9000,
	2026/04/30 11:49:24	,	535462	,	374	,10.514746,1999.9000,-0.22998992,-200.8013,595368.1875,34.910,604942.3750,1999.9000,
	2026/04/30 11:49:24	,	536462	,	375	,10.514731,1999.9000,-0.23421879,-200.6409,595198.5625,34.911,605044.6875,1999.9000,
	2026/04/30 11:49:24	,	537462	,	376	,10.514719,1999.9000,-0.24079217,-200.1093,594922.1250,34.912,605044.6875,1999.9000,
	2026/04/30 11:49:24	,	538462	,	377	,10.514709,1999.9000,-0.24646431,-199.4674,594915.8125,34.911,605044.6875,1999.9000,
	2026/04/30 11:49:24	,	539462	,	378	,10.514701,1999.9000,-0.24646431,-198.9324,594913.7500,34.910,605044.6875,1999.9000,
	2026/04/30 11:49:24	,	540462	,	379	,10.514693,1999.9000,-0.24646431,-198.3872,594912.7500,34.911,605044.6875,1999.9000,
	2026/04/30 11:49:24	,	541462	,	380	,10.514688,1999.9000,-0.24646431,-197.9328,594912.1250,34.918,605042.9375,1999.9000,
	2026/04/30 11:49:24	,	542462	,	381	,10.514683,1999.9000,-0.24646431,-197.5542,594911.6875,34.923,604956.5625,1999.9000,
	2026/04/30 11:49:24	,	543462	,	382	,10.514679,1999.9000,-0.24625109,-197.3381,594921.5625,34.928,604923.0000,1999.9000,
	2026/04/30 11:49:24	,	544462	,	383	,10.514666,1999.9000,-0.24268289,-197.2575,594933.2500,34.932,604827.8125,1999.9000,
	2026/04/30 11:49:24	,	545462	,	384	,10.514654,1999.9000,-0.24164928,-197.1904,594945.7500,34.926,604796.8125,1999.9000,
	2026/04/30 11:49:24	,	546462	,	385	,10.514654,1999.9000,-0.23779224,-197.3334,595147.9375,34.922,604701.0625,1999.9000,
	2026/04/30 11:49:24	,	547462	,	386	,10.514654,1999.9000,-0.23151506,-197.5520,595434.5000,34.927,604701.0625,1999.9000,
	2026/04/30 11:49:24	,	548462	,	387	,10.514675,1999.9000,-0.22598159,-197.7342,595469.0625,34.931,604701.0625,1999.9000,
	2026/04/30 11:49:24	,	549462	,	388	,10.514672,1999.9000,-0.22598159,-197.8860,595480.6250,34.934,604701.0625,1999.9000,
	2026/04/30 11:49:24	,	550462	,	389	,10.514670,1999.9000,-0.22598159,-198.0125,595486.3750,34.936,604701.0625,1999.9000,
	2026/04/30 11:49:24	,	551462	,	390	,10.514668,1999.9000,-0.22598159,-198.0185,595489.8125,34.929,604702.6250,1999.9000,
	2026/04/30 11:49:24	,	552462	,	391	,10.514667,1999.9000,-0.22598159,-198.0235,595492.1250,34.921,604713.1250,1999.9000,
	2026/04/30 11:49:24	,	553462	,	392	,10.514675,1999.9000,-0.22835129,-197.6297,595478.8750,34.914,604820.6250,1999.9000,
	2026/04/30 11:49:24	,	554462	,	393	,10.514703,1999.9000,-0.23149617,-197.3016,595370.1875,34.908,604846.8750,1999.9000,
	2026/04/30 11:49:24	,	555462	,	394	,10.514725,1999.9000,-0.23425032,-196.9286,595360.3750,34.914,604934.1250,1999.9000,
	2026/04/30 11:49:24	,	556462	,	395	,10.514744,1999.9000,-0.23714942,-196.5184,595260.5625,34.919,604972.1875,1999.9000,
	2026/04/30 11:49:24	,	557462	,	396	,10.514759,1999.9000,-0.24335724,-196.2760,595010.2500,34.923,604997.0000,1999.9000,
	2026/04/30 11:49:24	,	558462	,	397	,10.514772,1999.9000,-0.24936971,-196.1735,594846.4375,34.917,605009.4375,1999.9000,
	2026/04/30 11:49:24	,	559462	,	398	,10.514792,1999.9000,-0.24936971,-196.0881,594846.4375,34.912,605016.8750,1999.9000,
	2026/04/30 11:49:24	,	560462	,	399	,10.514809,1999.9000,-0.24936971,-196.5142,594846.4375,34.913,605021.8750,1999.9000,
	2026/04/30 11:49:24	,	561462	,	400	,10.514823,1999.9000,-0.24936971,-196.3720,594846.4375,34.921,605025.9375,1999.9000,
	2026/04/30 11:49:24	,	562462	,	401	,10.514835,1999.9000,-0.24936971,-196.3530,594846.4375,34.928,605017.9375,1999.9000,
	2026/04/30 11:49:24	,	563462	,	402	,10.514835,1999.9000,-0.24906301,-196.7350,594937.6250,34.938,604913.6250,1999.9000,
	2026/04/30 11:49:24	,	564462	,	403	,10.514846,1999.9000,-0.24463664,-197.1528,594953.1250,34.942,604881.0000,1999.9000,
	2026/04/30 11:49:24	,	565462	,	404	,10.514834,1999.9000,-0.24209677,-197.5010,594962.2500,34.945,604781.3125,1999.9000,
	2026/04/30 11:49:24	,	566462	,	405	,10.514820,1999.9000,-0.23960103,-197.6917,595061.5000,34.945,604750.5000,1999.9000,
	2026/04/30 11:49:24	,	567462	,	406	,10.514803,1999.9000,-0.23419990,-197.9501,595334.4375,34.947,604731.4375,1999.9000,
	2026/04/30 11:49:24	,	568462	,	407	,10.514770,1999.9000,-0.22828825,-198.2649,595551.2500,34.950,604721.8125,1999.9000,
	2026/04/30 11:49:24	,	569462	,	408	,10.514740,1999.9000,-0.22828825,-198.2288,595551.2500,34.949,604716.0625,1999.9000,
	2026/04/30 11:49:24	,	570462	,	409	,10.514742,1999.9000,-0.22828825,-198.1987,595551.2500,34.948,604712.2500,1999.9000,
	2026/04/30 11:49:24	,	571462	,	410	,10.514724,1999.9000,-0.22828825,-198.4721,595551.2500,34.947,604709.0000,1999.9000,
	2026/04/30 11:49:24	,	572462	,	411	,10.514709,1999.9000,-0.22828825,-198.6998,595551.2500,34.947,604717.6250,1999.9000,
	2026/04/30 11:49:24	,	573462	,	412	,10.514714,1999.9000,-0.22838280,-198.5913,595440.4375,34.945,604822.4375,1999.9000,
	2026/04/30 11:49:24	,	574462	,	413	,10.514719,1999.9000,-0.23178607,-198.5008,595413.6875,34.943,604848.7500,1999.9000,
	2026/04/30 11:49:24	,	575462	,	414	,10.514704,1999.9000,-0.23433854,-198.4254,595397.7500,34.941,604932.3750,1999.9000,
	2026/04/30 11:49:24	,	576462	,	415	,10.514691,1999.9000,-0.23673975,-198.3625,595378.2500,34.940,604970.0625,1999.9000,
	2026/04/30 11:49:24	,	577462	,	416	,10.514682,1999.9000,-0.24202114,-198.3101,595120.5000,34.938,605070.6250,1999.9000,
	2026/04/30 11:49:24	,	578462	,	417	,10.514668,1999.9000,-0.24894115,-198.0676,594835.7500,34.935,605070.6250,1999.9000,
	2026/04/30 11:49:24	,	579462	,	418	,10.514657,1999.9000,-0.24932244,-197.8654,594835.7500,34.934,605070.6250,1999.9000,
	2026/04/30 11:49:24	,	580462	,	419	,10.514647,1999.9000,-0.24944954,-197.5975,594835.7500,34.932,605070.6250,1999.9000,
	2026/04/30 11:49:24	,	581462	,	420	,10.514664,1999.9000,-0.24951309,-197.3742,594835.7500,34.931,605070.6250,1999.9000,
	2026/04/30 11:49:24	,	582462	,	421	,10.514678,1999.9000,-0.24955122,-197.1881,594835.7500,34.930,605058.6875,1999.9000,
	2026/04/30 11:49:24	,	583462	,	422	,10.514688,1999.9000,-0.24957664,-197.5304,594919.7500,34.926,604935.3750,1999.9000,
	2026/04/30 11:49:24	,	584462	,	423	,10.514698,1999.9000,-0.24652104,-197.8157,594944.4375,34.923,604910.5625,1999.9000,
	2026/04/30 11:49:24	,	585462	,	424	,10.514707,1999.9000,-0.24382994,-197.9539,594961.4375,34.918,604817.5625,1999.9000,
	2026/04/30 11:49:24	,	586462	,	425	,10.514712,1999.9000,-0.24168082,-197.6712,595043.6250,34.915,604783.1875,1999.9000,
	2026/04/30 11:49:24	,	587462	,	426	,10.514718,1999.9000,-0.23721242,-197.7341,595252.1875,34.912,604685.3125,1999.9000,
	2026/04/30 11:49:24	,	588462	,	427	,10.514707,1999.9000,-0.23056974,-197.7864,595541.1250,34.909,604685.3125,1999.9000,
	2026/04/30 11:49:24	,	589462	,	428	,10.514679,1999.9000,-0.22582403,-197.8301,595541.1250,34.907,604685.3125,1999.9000,
	2026/04/30 11:49:24	,	590462	,	429	,10.514646,1999.9000,-0.22582403,-197.4686,595541.1250,34.906,604685.3125,1999.9000,
	2026/04/30 11:49:24	,	591462	,	430	,10.514611,1999.9000,-0.22582403,-196.9684,595541.1250,34.909,604685.3125,1999.9000,
	2026/04/30 11:49:24	,	592462	,	431	,10.514585,1999.9000,-0.22582403,-196.5515,595541.1250,34.911,604695.6250,1999.9000,
	2026/04/30 11:49:24	,	593462	,	432	,10.514561,1999.9000,-0.22582403,-196.2041,595528.5625,34.918,604808.5625,1999.9000,
	2026/04/30 11:49:24	,	594462	,	433	,10.514542,1999.9000,-0.22613075,-196.1136,595398.7500,34.924,604835.7500,1999.9000,
	2026/04/30 11:49:24	,	595462	,	434	,10.514542,1999.9000,-0.22986387,-196.0381,595387.1250,34.926,604922.0625,1999.9000,
	2026/04/30 11:49:24	,	596462	,	435	,10.514546,1999.9000,-0.23085018,-195.9753,595374.7500,34.925,604961.3125,1999.9000,
	2026/04/30 11:49:24	,	597462	,	436	,10.514550,1999.9000,-0.23571876,-195.9229,595202.1875,34.925,605085.1875,1999.9000,
	2026/04/30 11:49:24	,	598462	,	437	,10.514554,1999.9000,-0.24233626,-195.8792,594929.8750,34.925,605085.1875,1999.9000,
	2026/04/30 11:49:24	,	599462	,	438	,10.514571,1999.9000,-0.24552527,-195.8428,594909.9375,34.925,605085.1875,1999.9000,
	2026/04/30 11:49:24	,	600462	,	439	,10.514585,1999.9000,-0.24552527,-195.8125,594903.2500,34.927,605085.1875,1999.9000,
	2026/04/30 11:49:24	,	601462	,	440	,10.514611,1999.9000,-0.24552527,-195.7872,594900.0000,34.928,605085.1875,1999.9000,
	2026/04/30 11:49:24	,	602462	,	441	,10.514634,1999.9000,-0.24552527,-195.7662,594898.0000,34.929,605075.8750,1999.9000,
	2026/04/30 11:49:24	,	603462	,	442	,10.514652,1999.9000,-0.24552527,-195.7487,594896.6875,34.930,604945.0625,1999.9000,
	2026/04/30 11:49:24	,	604462	,	443	,10.514668,1999.9000,-0.24183208,-195.7340,594906.8750,34.930,604914.2500,1999.9000,
	2026/04/30 11:49:24	,	605462	,	444	,10.514681,1999.9000,-0.23877540,-195.7218,594990.0000,34.931,604825.4375,1999.9000,
	2026/04/30 11:49:24	,	606462	,	445	,10.514691,1999.9000,-0.23636161,-196.0101,595004.3125,34.931,604795.2500,1999.9000,
	2026/04/30 11:49:24	,	607462	,	446	,10.514701,1999.9000,-0.23287009,-196.4493,595157.4375,34.930,604692.5625,1999.9000,
	2026/04/30 11:49:24	,	608462	,	447	,10.514698,1999.9000,-0.22622737,-197.0142,595464.8750,34.926,604692.5625,1999.9000,
	2026/04/30 11:49:24	,	609462	,	448	,10.514696,1999.9000,-0.22115396,-197.4850,595490.8125,34.923,604692.5625,1999.9000,
	2026/04/30 11:49:24	,	610462	,	449	,10.514694,1999.9000,-0.22115396,-197.8773,595499.4375,34.920,604692.5625,1999.9000,
	2026/04/30 11:49:24	,	611462	,	450	,10.514691,1999.9000,-0.22115396,-198.0053,595503.8125,34.918,604692.5625,1999.9000,
	2026/04/30 11:49:24	,	612462	,	451	,10.514691,1999.9000,-0.22115396,-198.1119,595506.4375,34.917,604697.3125,1999.9000,
	2026/04/30 11:49:24	,	613462	,	452	,10.514685,1999.9000,-0.22115396,-198.2008,595508.1875,34.916,604785.5625,1999.9000,
	2026/04/30 11:49:24	,	614462	,	453	,10.514685,1999.9000,-0.22344172,-198.2748,595418.4375,34.914,604807.6875,1999.9000,
	2026/04/30 11:49:24	,	615462	,	454	,10.514685,1999.9000,-0.22580513,-198.3365,595392.1875,34.913,604834.5625,1999.9000,
	2026/04/30 11:49:24	,	616462	,	455	,10.514700,1999.9000,-0.22684501,-198.0896,595378.7500,34.912,604956.5625,1999.9000,
	2026/04/30 11:49:24	,	617462	,	456	,10.514718,1999.9000,-0.23098567,-197.7843,595280.1875,34.912,604991.5625,1999.9000,
	2026/04/30 11:49:24	,	618462	,	457	,10.514728,1999.9000,-0.23786157,-197.6293,595038.8750,34.905,605003.1875,1999.9000,
	2026/04/30 11:49:24	,	619462	,	458	,10.514721,1999.9000,-0.24449168,-197.7986,594861.3750,34.896,605009.0625,1999.9000,
	2026/04/30 11:49:24	,	620462	,	459	,10.514714,1999.9000,-0.24721430,-197.9397,594861.3750,34.889,605012.5625,1999.9000,
	2026/04/30 11:49:24	,	621462	,	460	,10.514706,1999.9000,-0.24721430,-197.9578,594861.3750,34.882,605014.9375,1999.9000,
	2026/04/30 11:49:24	,	622462	,	461	,10.514697,1999.9000,-0.24721430,-198.0724,594861.3750,34.880,605015.5625,1999.9000,
	2026/04/30 11:49:24	,	623462	,	462	,10.514691,1999.9000,-0.24721430,-198.0683,594861.3750,34.878,605004.6875,1999.9000,
	2026/04/30 11:49:24	,	624462	,	463	,10.514685,1999.9000,-0.24721430,-197.8661,594942.3750,34.880,604897.3750,1999.9000,
	2026/04/30 11:49:24	,	625462	,	464	,10.514676,1999.9000,-0.24483201,-197.6975,594965.0000,34.883,604868.6250,1999.9000,
	2026/04/30 11:49:24	,	626462	,	465	,10.514664,1999.9000,-0.24380156,-197.5570,594974.5000,34.885,604766.8750,1999.9000,
	2026/04/30 11:49:24	,	627462	,	466	,10.514653,1999.9000,-0.24042034,-197.4399,595070.5000,34.887,604736.3750,1999.9000,
	2026/04/30 11:49:24	,	628462	,	467	,10.514649,1999.9000,-0.23460954,-197.2429,595337.4375,34.893,604724.0000,1999.9000,
	2026/04/30 11:49:24	,	629462	,	468	,10.514646,1999.9000,-0.22874202,-197.1782,595547.1250,34.899,604717.7500,1999.9000,
	2026/04/30 11:49:24	,	630462	,	469	,10.514643,1999.9000,-0.22874202,-197.0248,595547.1250,34.903,604714.0000,1999.9000,
	2026/04/30 11:49:24	,	631462	,	470	,10.514642,1999.9000,-0.22874202,-197.0248,595547.1250,34.905,604711.6250,1999.9000,
	2026/04/30 11:49:24	,	632462	,	471	,10.514639,1999.9000,-0.22874202,-196.4091,595547.1250,34.904,604711.6250,1999.9000,
	2026/04/30 11:49:24	,	633462	,	472	,10.514638,1999.9000,-0.22874202,-196.0855,595547.1250,34.906,604709.5000,1999.9000,
	2026/04/30 11:49:24	,	634462	,	473	,10.514657,1999.9000,-0.22901198,-195.8158,595436.8750,34.909,604719.1875,1999.9000,
	2026/04/30 11:49:24	,	635462	,	474	,10.514676,1999.9000,-0.23354445,-195.5910,595407.3750,34.910,604827.8125,1999.9000,
	2026/04/30 11:49:24	,	636462	,	475	,10.514688,1999.9000,-0.23615994,-195.4037,595392.3750,34.906,604855.9375,1999.9000,
	2026/04/30 11:49:24	,	637462	,	476	,10.514688,1999.9000,-0.23866199,-195.2476,595374.3125,34.903,604948.6875,1999.9000,
	2026/04/30 11:49:24	,	638462	,	477	,10.514688,1999.9000,-0.24423958,-195.1176,595120.5000,34.905,604982.1875,1999.9000,
	2026/04/30 11:49:24	,	639462	,	478	,10.514698,1999.9000,-0.25086340,-195.5065,594840.5000,34.907,605007.8750,1999.9000,
	2026/04/30 11:49:24	,	640462	,	479	,10.514707,1999.9000,-0.25086340,-195.8307,594840.5000,34.913,605020.7500,1999.9000,
	2026/04/30 11:49:24	,	641462	,	480	,10.514712,1999.9000,-0.25086340,-196.2997,594840.5000,34.918,605028.5000,1999.9000,
	2026/04/30 11:49:24	,	642462	,	481	,10.514709,1999.9000,-0.25086340,-196.6906,594840.5000,34.922,605033.6250,1999.9000,
	2026/04/30 11:49:24	,	643462	,	482	,10.514704,1999.9000,-0.25086340,-197.0164,594840.5000,34.921,605037.8750,1999.9000,
	2026/04/30 11:49:24	,	644462	,	483	,10.514697,1999.9000,-0.25083816,-197.4868,594935.2500,34.920,605029.1875,1999.9000,
	2026/04/30 11:49:24	,	645462	,	484	,10.514691,1999.9000,-0.24716389,-197.4868,594959.3750,34.919,604914.2500,1999.9000,
	2026/04/30 11:49:24	,	646462	,	485	,10.514685,1999.9000,-0.24417025,-197.8788,594971.4375,34.917,604880.3750,1999.9000,
	2026/04/30 11:49:24	,	647462	,	486	,10.514681,1999.9000,-0.24159887,-198.2055,594987.8125,34.915,604775.3125,1999.9000,
	2026/04/30 11:49:24	,	648462	,	487	,10.514676,1999.9000,-0.23634271,-198.2787,595248.0625,34.914,604747.8125,1999.9000,
	2026/04/30 11:49:24	,	649462	,	488	,10.514672,1999.9000,-0.22946680,-198.1409,595546.5000,34.913,604725.7500,1999.9000,
	2026/04/30 11:49:24	,	650462	,	489	,10.514670,1999.9000,-0.22517489,-198.0260,595546.5000,34.910,604714.7500,1999.9000,
	2026/04/30 11:49:24	,	651462	,	490	,10.514664,1999.9000,-0.22517489,-197.9302,595546.5000,34.908,604708.1250,1999.9000,
	2026/04/30 11:49:24	,	652462	,	491	,10.514653,1999.9000,-0.22517489,-197.7509,595546.5000,34.906,604703.7500,1999.9000,
	2026/04/30 11:49:24	,	653462	,	492	,10.514649,1999.9000,-0.22517489,-197.4026,595546.5000,34.906,604700.1250,1999.9000,
	2026/04/30 11:49:24	,	654462	,	493	,10.514646,1999.9000,-0.22517489,-197.1123,595464.3125,34.906,604707.0000,1999.9000,
	2026/04/30 11:49:24	,	655462	,	494	,10.514657,1999.9000,-0.22769584,-196.8704,595430.0625,34.909,604810.3125,1999.9000,
	2026/04/30 11:49:24	,	656462	,	495	,10.514667,1999.9000,-0.22985755,-196.6689,595409.1250,34.913,604834.7500,1999.9000,
	2026/04/30 11:49:24	,	657462	,	496	,10.514661,1999.9000,-0.23086593,-196.5009,595392.8125,34.920,604924.5000,1999.9000,
	2026/04/30 11:49:24	,	658462	,	497	,10.514655,1999.9000,-0.23657589,-196.3609,595206.9375,34.925,604958.9375,1999.9000,
	2026/04/30 11:49:24	,	659462	,	498	,10.514651,1999.9000,-0.24385515,-196.5426,594935.2500,34.930,605062.8125,1999.9000,
	2026/04/30 11:49:24	,	660462	,	499	,10.514648,1999.9000,-0.24763657,-196.5946,594912.0000,34.933,605062.8125,1999.9000,
	2026/04/30 11:49:24	,	661462	,	500	,10.514654,1999.9000,-0.24763657,-196.7374,594904.2500,34.941,605062.8125,1999.9000,
	2026/04/30 11:49:24	,	662462	,	501	,10.514665,1999.9000,-0.24763657,-196.9559,594900.3125,34.944,605062.8125,1999.9000,
	2026/04/30 11:49:24	,	663462	,	502	,10.514678,1999.9000,-0.24763657,-197.0385,594898.0000,34.946,605062.8125,1999.9000,
	2026/04/30 11:49:24	,	664462	,	503	,10.514684,1999.9000,-0.24763657,-197.1073,594896.4375,34.947,605051.1875,1999.9000,
	2026/04/30 11:49:24	,	665462	,	504	,10.514684,1999.9000,-0.24405050,-197.1647,594906.1875,34.948,604918.4375,1999.9000,
	2026/04/30 11:49:24	,	666462	,	505	,10.514688,1999.9000,-0.24093084,-197.3120,594987.0625,34.948,604886.6875,1999.9000,
	2026/04/30 11:49:24	,	667462	,	506	,10.514688,1999.9000,-0.23855484,-197.4347,594998.6875,34.949,604794.6250,1999.9000,
	2026/04/30 11:49:24	,	668462	,	507	,10.514688,1999.9000,-0.23477341,-197.5369,595155.0625,34.950,604765.0000,1999.9000,
	2026/04/30 11:49:24	,	669462	,	508	,10.514688,1999.9000,-0.22830087,-197.6222,595453.5625,34.950,604667.1875,1999.9000,
	2026/04/30 11:49:24	,	670462	,	509	,10.514693,1999.9000,-0.22502993,-197.5937,595488.1250,34.940,604667.1875,1999.9000,
	2026/04/30 11:49:24	,	671462	,	510	,10.514697,1999.9000,-0.22502993,-197.4705,595499.6250,34.930,604667.1875,1999.9000,
	2026/04/30 11:49:24	,	672462	,	511	,10.514700,1999.9000,-0.22502993,-197.3679,595505.3750,34.923,604667.1875,1999.9000,
	2026/04/30 11:49:24	,	673462	,	512	,10.514713,1999.9000,-0.22502993,-197.2823,595508.8750,34.917,604667.1875,1999.9000,
	2026/04/30 11:49:24	,	674462	,	513	,10.514724,1999.9000,-0.22502993,-197.2110,595511.1875,34.910,604674.8750,1999.9000,
	2026/04/30 11:49:24	,	675462	,	514	,10.514732,1999.9000,-0.22799836,-197.1516,595498.6875,34.905,604789.1875,1999.9000,
	2026/04/30 11:49:24	,	676462	,	515	,10.514740,1999.9000,-0.23071468,-197.0027,595392.8125,34.902,604820.3125,1999.9000,
	2026/04/30 11:49:24	,	677462	,	516	,10.514746,1999.9000,-0.23290791,-196.8785,595392.8125,34.901,604954.6875,1999.9000,
	2026/04/30 11:49:24	,	678462	,	517	,10.514755,1999.9000,-0.23648766,-196.7751,595279.5625,34.901,604954.6875,1999.9000,
	2026/04/30 11:49:24	,	679462	,	518	,10.514759,1999.9000,-0.24360305,-196.6888,595021.6250,34.900,605065.1875,1999.9000,
	2026/04/30 11:49:24	,	680462	,	519	,10.514767,1999.9000,-0.24983609,-196.6170,594863.1250,34.903,605065.1875,1999.9000,
	2026/04/30 11:49:24	,	681462	,	520	,10.514778,1999.9000,-0.25067431,-196.5571,594863.1250,34.902,605065.1875,1999.9000,
	2026/04/30 11:49:24	,	682462	,	521	,10.514778,1999.9000,-0.25095373,-196.5072,594863.1250,34.901,605065.1875,1999.9000,
	2026/04/30 11:49:24	,	683462	,	522	,10.514778,1999.9000,-0.25109342,-196.4657,594863.1250,34.900,605065.1875,1999.9000,
	2026/04/30 11:49:24	,	684462	,	523	,10.514768,1999.9000,-0.25117725,-196.5305,594863.1250,34.903,605058.5625,1999.9000,
	2026/04/30 11:49:24	,	685462	,	524	,10.514745,1999.9000,-0.25123313,-196.5845,594953.1250,34.905,604948.6875,1999.9000,
	2026/04/30 11:49:24	,	686462	,	525	,10.514750,1999.9000,-0.25094882,-196.6295,594965.9375,34.907,604913.3125,1999.9000,
	2026/04/30 11:49:24	,	687462	,	526	,10.514754,1999.9000,-0.24792017,-196.7665,594972.7500,34.908,604807.9375,1999.9000,
	2026/04/30 11:49:24	,	688462	,	527	,10.514743,1999.9000,-0.24543703,-196.9801,595076.4375,34.909,604771.6875,1999.9000,
	2026/04/30 11:49:24	,	689462	,	528	,10.514732,1999.9000,-0.23938675,-197.1582,595343.9375,34.910,604688.3750,1999.9000,
	2026/04/30 11:49:24	,	690462	,	529	,10.514715,1999.9000,-0.23411165,-197.3065,595549.5000,34.911,604688.3750,1999.9000,
	2026/04/30 11:49:24	,	691462	,	530	,10.514701,1999.9000,-0.23411165,-197.4302,595549.5000,34.912,604688.3750,1999.9000,
	2026/04/30 11:49:24	,	692462	,	531	,10.514673,1999.9000,-0.23411165,-197.3342,595549.5000,34.912,604688.3750,1999.9000,
	2026/04/30 11:49:24	,	693462	,	532	,10.514651,1999.9000,-0.23411165,-197.2543,595549.5000,34.911,604688.3750,1999.9000,
	2026/04/30 11:49:24	,	694462	,	533	,10.514657,1999.9000,-0.23411165,-197.1877,595549.5000,34.911,604694.4375,1999.9000,
	2026/04/30 11:49:24	,	695462	,	534	,10.514652,1999.9000,-0.23421459,-196.9332,595444.0625,34.908,604794.0625,1999.9000,
	2026/04/30 11:49:24	,	696462	,	535	,10.514648,1999.9000,-0.23648134,-196.6217,595413.9375,34.906,604820.0625,1999.9000,
	2026/04/30 11:49:24	,	697462	,	536	,10.514630,1999.9000,-0.23716199,-196.2626,595396.8125,34.905,604903.3750,1999.9000,
	2026/04/30 11:49:24	,	698462	,	537	,10.514615,1999.9000,-0.23961994,-195.8639,595309.9375,34.904,604938.4375,1999.9000,
	2026/04/30 11:49:24	,	699462	,	538	,10.514603,1999.9000,-0.24506520,-195.5317,595105.0000,34.902,605054.3750,1999.9000,
	2026/04/30 11:49:24	,	700462	,	539	,10.514607,1999.9000,-0.25086969,-195.3542,594824.3750,34.903,605054.3750,1999.9000,
	2026/04/30 11:49:24	,	701462	,	540	,10.514611,1999.9000,-0.25086969,-195.3059,594824.3750,34.903,605054.3750,1999.9000,
	2026/04/30 11:49:24	,	702462	,	541	,10.514615,1999.9000,-0.25086969,-195.1661,594824.3750,34.906,605054.3750,1999.9000,
	2026/04/30 11:49:24	,	703462	,	542	,10.514618,1999.9000,-0.25086969,-195.0496,594824.3750,34.906,605054.3750,1999.9000,
	2026/04/30 11:49:24	,	704462	,	543	,10.514620,1999.9000,-0.25086969,-194.8531,594824.3750,34.906,605054.0000,1999.9000,
	2026/04/30 11:49:24	,	705462	,	544	,10.514622,1999.9000,-0.24769957,-194.7888,594914.3750,34.906,604968.6250,1999.9000,
	2026/04/30 11:49:24	,	706462	,	545	,10.514623,1999.9000,-0.24440344,-194.9342,594940.3125,34.909,604930.8750,1999.9000,
	2026/04/30 11:49:24	,	707462	,	546	,10.514624,1999.9000,-0.24158628,-195.3537,594959.1875,34.912,604835.1250,1999.9000,
	2026/04/30 11:49:24	,	708462	,	547	,10.514615,1999.9000,-0.23858635,-195.7033,595046.6250,34.914,604800.1250,1999.9000,
	2026/04/30 11:49:24	,	709462	,	548	,10.514607,1999.9000,-0.23214531,-195.6963,595256.9375,34.915,604708.8750,1999.9000,
	2026/04/30 11:49:24	,	710462	,	549	,10.514615,1999.9000,-0.22475891,-195.9888,595548.8750,34.915,604705.0000,1999.9000,
	2026/04/30 11:49:24	,	711462	,	550	,10.514622,1999.9000,-0.22068128,-196.2326,595548.8750,34.914,604703.6875,1999.9000,
	2026/04/30 11:49:24	,	712462	,	551	,10.514623,1999.9000,-0.22068128,-196.5352,595548.8750,34.911,604703.0000,1999.9000,
	2026/04/30 11:49:24	,	713462	,	552	,10.514614,1999.9000,-0.22068128,-196.8868,595548.8750,34.911,604702.6250,1999.9000,
	2026/04/30 11:49:24	,	714462	,	553	,10.514606,1999.9000,-0.22068128,-197.2794,595548.8750,34.911,604702.3750,1999.9000,
	2026/04/30 11:49:24	,	715462	,	554	,10.514611,1999.9000,-0.22068128,-197.6065,595548.8750,34.910,604712.8750,1999.9000,
	2026/04/30 11:49:24	,	716462	,	555	,10.514614,1999.9000,-0.22068128,-197.8790,595538.1875,34.909,604827.8125,1999.9000,
	2026/04/30 11:49:24	,	717462	,	556	,10.514622,1999.9000,-0.22339760,-198.1062,595407.0625,34.910,604853.5625,1999.9000,
	2026/04/30 11:49:24	,	718462	,	557	,10.514627,1999.9000,-0.22568537,-198.2955,595389.8125,34.910,604940.1875,1999.9000,
	2026/04/30 11:49:24	,	719462	,	558	,10.514627,1999.9000,-0.22665280,-198.4532,595374.0625,34.911,604976.1250,1999.9000,
	2026/04/30 11:49:24	,	720462	,	559	,10.514618,1999.9000,-0.23218943,-198.5847,595205.6875,34.910,605063.4375,1999.9000,
	2026/04/30 11:49:24	,	721462	,	560	,10.514624,1999.9000,-0.23881324,-198.6942,594930.5000,34.900,605063.4375,1999.9000,
	2026/04/30 11:49:24	,	722462	,	561	,10.514624,1999.9000,-0.24103168,-198.7855,594916.1875,34.892,605063.4375,1999.9000,
	2026/04/30 11:49:24	,	723462	,	562	,10.514638,1999.9000,-0.24103168,-198.9611,594911.3750,34.885,605063.4375,1999.9000,
	2026/04/30 11:49:24	,	724462	,	563	,10.514622,1999.9000,-0.24103168,-199.0079,594909.0000,34.879,605063.4375,1999.9000,
	2026/04/30 11:49:24	,	725462	,	564	,10.514597,1999.9000,-0.24103168,-198.8480,594907.5625,34.875,605052.0625,1999.9000,
	2026/04/30 11:49:24	,	726462	,	565	,10.514577,1999.9000,-0.24103168,-198.7147,594906.6250,34.871,604926.3125,1999.9000,
	2026/04/30 11:49:24	,	727462	,	566	,10.514561,1999.9000,-0.23803174,-198.8026,594917.3750,34.868,604891.9375,1999.9000,
	2026/04/30 11:49:24	,	728462	,	567	,10.514546,1999.9000,-0.23562422,-198.9753,595001.3750,34.865,604782.5625,1999.9000,
	2026/04/30 11:49:24	,	729462	,	568	,10.514541,1999.9000,-0.23479231,-199.1192,595011.1875,34.866,604745.6875,1999.9000,
	2026/04/30 11:49:24	,	730462	,	569	,10.514535,1999.9000,-0.23015375,-199.1397,595152.6875,34.871,604721.9375,1999.9000,
	2026/04/30 11:49:24	,	731462	,	570	,10.514530,1999.9000,-0.22414759,-199.1567,595452.3750,34.875,604710.0625,1999.9000,
	2026/04/30 11:49:24	,	732462	,	571	,10.514531,1999.9000,-0.22330308,-198.8725,595544.1250,34.879,604702.9375,1999.9000,
	2026/04/30 11:49:24	,	733462	,	572	,10.514532,1999.9000,-0.22302155,-198.6357,595544.1250,34.883,604698.2500,1999.9000,
	2026/04/30 11:49:24	,	734462	,	573	,10.514539,1999.9000,-0.22288081,-198.7367,595544.1250,34.887,604694.3125,1999.9000,
	2026/04/30 11:49:24	,	735462	,	574	,10.514554,1999.9000,-0.22279637,-198.8210,595544.1250,34.890,604701.8125,1999.9000,
	2026/04/30 11:49:24	,	736462	,	575	,10.514586,1999.9000,-0.22274005,-198.8911,595544.1250,34.893,604809.1250,1999.9000,
	2026/04/30 11:49:24	,	737462	,	576	,10.514612,1999.9000,-0.22557825,-198.9496,595446.4375,34.894,604840.5625,1999.9000,
	2026/04/30 11:49:24	,	738462	,	577	,10.514635,1999.9000,-0.22847103,-198.9983,595423.8125,34.893,604935.3750,1999.9000,
	2026/04/30 11:49:24	,	739462	,	578	,10.514673,1999.9000,-0.23105501,-199.0390,595410.8750,34.892,604968.9375,1999.9000,
	2026/04/30 11:49:24	,	740462	,	579	,10.514707,1999.9000,-0.23532802,-199.0728,595280.1875,34.888,605077.3125,1999.9000,
	2026/04/30 11:49:24	,	741462	,	580	,10.514712,1999.9000,-0.24277742,-199.1010,595018.0000,34.885,605077.3125,1999.9000,
	2026/04/30 11:49:24	,	742462	,	581	,10.514718,1999.9000,-0.24843065,-199.2240,594838.1250,34.883,605077.3125,1999.9000,
	2026/04/30 11:49:24	,	743462	,	582	,10.514722,1999.9000,-0.24843065,-199.4259,594838.1250,34.880,605077.3125,1999.9000,
	2026/04/30 11:49:24	,	744462	,	583	,10.514727,1999.9000,-0.24843065,-199.5942,594838.1250,34.875,605077.3125,1999.9000,
	2026/04/30 11:49:24	,	745462	,	584	,10.514740,1999.9000,-0.24843065,-199.5355,594838.1250,34.867,605066.9375,1999.9000,
	2026/04/30 11:49:24	,	746462	,	585	,10.514725,1999.9000,-0.24843065,-199.4866,594838.1250,34.860,604938.4375,1999.9000,
	2026/04/30 11:49:24	,	747462	,	586	,10.514704,1999.9000,-0.24828465,-199.4458,594928.6250,34.854,604905.7500,1999.9000,
	2026/04/30 11:49:24	,	748462	,	587	,10.514688,1999.9000,-0.24516603,-199.4118,594955.1250,34.849,604803.6875,1999.9000,
	2026/04/30 11:49:24	,	749462	,	588	,10.514678,1999.9000,-0.24423644,-199.1846,594972.5000,34.849,604773.7500,1999.9000,
	2026/04/30 11:49:24	,	750462	,	589	,10.514675,1999.9000,-0.24008630,-199.1941,595081.8125,34.851,604680.5000,1999.9000,
	2026/04/30 11:49:24	,	751462	,	590	,10.514682,1999.9000,-0.23361377,-199.0032,595349.3125,34.857,604680.5000,1999.9000,
	2026/04/30 11:49:24	,	752462	,	591	,10.514688,1999.9000,-0.22847734,-198.7446,595570.3750,34.867,604680.5000,1999.9000,
	2026/04/30 11:49:24	,	753462	,	592	,10.514678,1999.9000,-0.22847734,-198.5290,595570.3750,34.875,604680.5000,1999.9000,
	2026/04/30 11:49:24	,	754462	,	593	,10.514665,1999.9000,-0.22847734,-198.3494,595570.3750,34.885,604680.5000,1999.9000,
	2026/04/30 11:49:24	,	755462	,	594	,10.514658,1999.9000,-0.22847734,-198.1998,595570.3750,34.896,604689.6250,1999.9000,
	2026/04/30 11:49:24	,	756462	,	595	,10.514668,1999.9000,-0.22847734,-198.0751,595570.3750,34.905,604800.0625,1999.9000,
	2026/04/30 11:49:24	,	757462	,	596	,10.514668,1999.9000,-0.23073357,-197.8716,595459.5000,34.913,604827.1875,1999.9000,
	2026/04/30 11:49:24	,	758462	,	597	,10.514676,1999.9000,-0.23298353,-197.7021,595431.5000,34.920,604926.3125,1999.9000,
	2026/04/30 11:49:24	,	759462	,	598	,10.514683,1999.9000,-0.23382175,-197.5609,595414.0625,34.924,604958.0000,1999.9000,
	2026/04/30 11:49:24	,	760462	,	599	,10.514688,1999.9000,-0.23681538,-197.2442,595320.0625,34.925,605063.4375,1999.9000,
	2026/04/30 11:49:24	,	761462	,	600	,10.514683,1999.9000,-0.24242449,-196.9803,595112.1875,34.924,605063.4375,1999.9000,
	2026/04/30 11:49:24	,	762462	,	601	,10.514679,1999.9000,-0.24780673,-196.7604,594838.6875,34.922,605063.4375,1999.9000,
	2026/04/30 11:49:24	,	763462	,	602	,10.514685,1999.9000,-0.24780673,-196.4777,594838.6875,34.921,605063.4375,1999.9000,
	2026/04/30 11:49:24	,	764462	,	603	,10.514700,1999.9000,-0.24780673,-196.1426,594838.6875,34.917,605063.4375,1999.9000,
	2026/04/30 11:49:24	,	765462	,	604	,10.514713,1999.9000,-0.24780673,-195.7639,594838.6875,34.917,605058.0000,1999.9000,
	2026/04/30 11:49:24	,	766462	,	605	,10.514703,1999.9000,-0.24780673,-195.4483,594838.6875,34.921,604960.7500,1999.9000,
	2026/04/30 11:49:24	,	767462	,	606	,10.514686,1999.9000,-0.24759769,-195.1853,594851.3125,34.928,604924.5000,1999.9000,
	2026/04/30 11:49:24	,	768462	,	607	,10.514672,1999.9000,-0.24354632,-194.9662,594967.3750,34.935,604809.6875,1999.9000,
	2026/04/30 11:49:24	,	769462	,	608	,10.514660,1999.9000,-0.24085522,-194.8830,594976.6250,34.944,604777.4375,1999.9000,
	2026/04/30 11:49:24	,	770462	,	609	,10.514634,1999.9000,-0.23772292,-194.8137,594993.3750,34.951,604693.1875,1999.9000,
	2026/04/30 11:49:24	,	771462	,	610	,10.514612,1999.9000,-0.23116845,-195.6512,595238.4375,34.958,604693.1875,1999.9000,
	2026/04/30 11:49:24	,	772462	,	611	,10.514596,1999.9000,-0.22470850,-196.5481,595536.3750,34.963,604693.1875,1999.9000,
	2026/04/30 11:49:24	,	773462	,	612	,10.514581,1999.9000,-0.22432721,-197.2955,595536.3750,34.967,604693.1875,1999.9000,
	2026/04/30 11:49:24	,	774462	,	613	,10.514569,1999.9000,-0.22420011,-197.9184,595536.3750,34.971,604693.1875,1999.9000,
	2026/04/30 11:49:24	,	775462	,	614	,10.514559,1999.9000,-0.22413656,-198.4374,595536.3750,34.968,604693.6875,1999.9000,
	2026/04/30 11:49:24	,	776462	,	615	,10.514550,1999.9000,-0.22409843,-198.8699,595536.3750,34.965,604706.3750,1999.9000,
	2026/04/30 11:49:24	,	777462	,	616	,10.514548,1999.9000,-0.22407301,-198.8324,595528.9375,34.963,604831.5000,1999.9000,
	2026/04/30 11:49:24	,	778462	,	617	,10.514562,1999.9000,-0.22698998,-198.7018,595414.8125,34.960,604861.3750,1999.9000,
	2026/04/30 11:49:24	,	779462	,	618	,10.514582,1999.9000,-0.22972520,-198.4934,595395.5000,34.957,604962.5625,1999.9000,
	2026/04/30 11:49:24	,	780462	,	619	,10.514609,1999.9000,-0.23264320,-198.3197,595381.6250,34.947,605000.8750,1999.9000,
	2026/04/30 11:49:24	,	781462	,	620	,10.514632,1999.9000,-0.23896450,-197.8766,595216.4375,34.939,605014.5000,1999.9000,
	2026/04/30 11:49:24	,	782462	,	621	,10.514651,1999.9000,-0.24628155,-197.5073,594940.6250,34.930,605021.3125,1999.9000,
	2026/04/30 11:49:24	,	783462	,	622	,10.514668,1999.9000,-0.25137389,-197.1001,594921.5625,34.925,605025.3750,1999.9000,
	2026/04/30 11:49:24	,	784462	,	623	,10.514681,1999.9000,-0.25137389,-196.7608,594915.2500,34.920,605028.1250,1999.9000,
	2026/04/30 11:49:24	,	785462	,	624	,10.514691,1999.9000,-0.25137389,-196.4780,594912.0625,34.916,605030.3750,1999.9000,
	2026/04/30 11:49:24	,	786462	,	625	,10.514691,1999.9000,-0.25137389,-196.2423,594910.1875,34.913,605021.1250,1999.9000,
	2026/04/30 11:49:24	,	787462	,	626	,10.514690,1999.9000,-0.25137389,-196.0460,594908.8750,34.920,605021.1250,1999.9000,
	2026/04/30 11:49:24	,	788462	,	627	,10.514645,1999.9000,-0.25110495,-195.8823,594918.6875,34.925,604917.2500,1999.9000,
	2026/04/30 11:49:24	,	789462	,	628	,10.514602,1999.9000,-0.24802101,-195.7459,594930.1875,34.930,604878.3125,1999.9000,
	2026/04/30 11:49:24	,	790462	,	629	,10.514566,1999.9000,-0.24709140,-195.6323,594942.4375,34.933,604756.5625,1999.9000,
	2026/04/30 11:49:24	,	791462	,	630	,10.514536,1999.9000,-0.24119551,-195.7365,595148.5000,34.936,604725.1875,1999.9000,
	2026/04/30 11:49:24	,	792462	,	631	,10.514507,1999.9000,-0.23438266,-195.8234,595435.1250,34.933,604714.6875,1999.9000,
	2026/04/30 11:49:24	,	793462	,	632	,10.514482,1999.9000,-0.22963698,-195.8958,595465.5000,34.930,604709.4375,1999.9000,
	2026/04/30 11:49:24	,	794462	,	633	,10.514462,1999.9000,-0.22963698,-195.9561,595475.6250,34.926,604706.3750,1999.9000,
	2026/04/30 11:49:24	,	795462	,	634	,10.514444,1999.9000,-0.22963698,-196.0064,595480.6875,34.921,604704.2500,1999.9000,
	2026/04/30 11:49:24	,	796462	,	635	,10.514450,1999.9000,-0.22963698,-196.0483,595483.7500,34.917,604703.1875,1999.9000,
	2026/04/30 11:49:24	,	797462	,	636	,10.514459,1999.9000,-0.22963698,-196.0832,595485.7500,34.909,604713.1250,1999.9000,
	2026/04/30 11:49:24	,	798462	,	637	,10.514487,1999.9000,-0.22992791,-196.1123,595405.3125,34.907,604823.6250,1999.9000,
	2026/04/30 11:49:24	,	799462	,	638	,10.514516,1999.9000,-0.23331125,-196.2360,595384.1250,34.906,604853.1875,1999.9000,
	2026/04/30 11:49:24	,	800462	,	639	,10.514541,1999.9000,-0.23402658,-196.3391,595368.9375,34.904,604937.8125,1999.9000,
	2026/04/30 11:49:24	,	801462	,	640	,10.514565,1999.9000,-0.23821451,-196.3256,595246.8125,34.906,604967.7500,1999.9000,
	2026/04/30 11:49:24	,	802462	,	641	,10.514585,1999.9000,-0.24437824,-196.3143,595000.1250,34.908,605068.8750,1999.9000,
	2026/04/30 11:49:24	,	803462	,	642	,10.514602,1999.9000,-0.24740337,-196.4043,594840.5000,34.912,605068.8750,1999.9000,
	2026/04/30 11:49:24	,	804462	,	643	,10.514615,1999.9000,-0.24740337,-196.6783,594840.5000,34.916,605068.8750,1999.9000,
	2026/04/30 11:49:24	,	805462	,	644	,10.514637,1999.9000,-0.24740337,-196.7077,594840.5000,34.919,605068.8750,1999.9000,
	2026/04/30 11:49:24	,	806462	,	645	,10.514655,1999.9000,-0.24740337,-196.7077,594840.5000,34.919,605068.8750,1999.9000,
	2026/04/30 11:49:24	,	807462	,	646	,10.514666,1999.9000,-0.24740337,-196.7526,594840.5000,34.929,605056.3750,1999.9000,
	2026/04/30 11:49:24	,	808462	,	647	,10.514668,1999.9000,-0.24442235,-196.7696,594930.5000,34.933,604922.6875,1999.9000,
	2026/04/30 11:49:24	,	809462	,	648	,10.514672,1999.9000,-0.24194552,-196.9827,594948.0625,34.936,604891.3125,1999.9000,
	2026/04/30 11:49:24	,	810462	,	649	,10.514667,1999.9000,-0.24100330,-197.2598,594959.8750,34.939,604789.8125,1999.9000,
	2026/04/30 11:49:24	,	811462	,	650	,10.514667,1999.9000,-0.23641834,-197.5901,595066.8750,34.938,604755.3750,1999.9000,
	2026/04/30 11:49:24	,	812462	,	651	,10.514665,1999.9000,-0.22958024,-197.8655,595335.5625,34.940,604736.4375,1999.9000,
	2026/04/30 11:49:24	,	813462	,	652	,10.514663,1999.9000,-0.22436818,-198.1944,595565.6250,34.942,604726.9375,1999.9000,
	2026/04/30 11:49:24	,	814462	,	653	,10.514663,1999.9000,-0.22436818,-198.4684,595565.6250,34.945,604721.2500,1999.9000,
	2026/04/30 11:49:24	,	815462	,	654	,10.514663,1999.9000,-0.22436818,-198.6968,595565.6250,34.947,604717.5000,1999.9000,
	2026/04/30 11:49:24	,	816462	,	655	,10.514676,1999.9000,-0.22436818,-199.0861,595565.6250,34.944,604714.3125,1999.9000,
	2026/04/30 11:49:24	,	817462	,	656	,10.514688,1999.9000,-0.22436818,-199.6094,595565.6250,34.944,604722.3750,1999.9000,
	2026/04/30 11:49:24	,	818462	,	657	,10.514703,1999.9000,-0.22729249,-200.1451,595448.8125,34.946,604823.6250,1999.9000,
	2026/04/30 11:49:24	,	819462	,	658	,10.514736,1999.9000,-0.22992058,-200.2930,595419.8750,34.948,604852.0000,1999.9000,
	2026/04/30 11:49:24	,	820462	,	659	,10.514762,1999.9000,-0.23229656,-200.4162,595403.3125,34.952,604943.2500,1999.9000,
	2026/04/30 11:49:24	,	821462	,	660	,10.514764,1999.9000,-0.23602128,-200.2205,595314.1875,34.953,604971.9375,1999.9000,
	2026/04/30 11:49:24	,	822462	,	661	,10.514761,1999.9000,-0.24336354,-199.6595,595106.1875,34.955,605074.3125,1999.9000,
	2026/04/30 11:49:24	,	823462	,	662	,10.514759,1999.9000,-0.24990544,-199.0926,594833.9375,34.953,605074.3125,1999.9000,
	2026/04/30 11:49:24	,	824462	,	663	,10.514757,1999.9000,-0.25043482,-198.6201,594833.9375,34.951,605074.3125,1999.9000,
	2026/04/30 11:49:24	,	825462	,	664	,10.514745,1999.9000,-0.25061131,-198.2264,594833.9375,34.950,605074.3125,1999.9000,
	2026/04/30 11:49:24	,	826462	,	665	,10.514734,1999.9000,-0.25069952,-197.8983,594833.9375,34.947,605074.3125,1999.9000,
	2026/04/30 11:49:24	,	827462	,	666	,10.514727,1999.9000,-0.25075248,-197.4259,594833.9375,34.942,605064.7500,1999.9000,
	2026/04/30 11:49:24	,	828462	,	667	,10.514706,1999.9000,-0.25078773,-197.0323,594925.6250,34.937,604939.0000,1999.9000,
	2026/04/30 11:49:24	,	829462	,	668	,10.514697,1999.9000,-0.24815334,-197.1021,594953.4375,34.937,604902.7500,1999.9000,
	2026/04/30 11:49:24	,	830462	,	669	,10.514691,1999.9000,-0.24593490,-197.1604,594966.4375,34.934,604786.7500,1999.9000,
	2026/04/30 11:49:24	,	831462	,	670	,10.514685,1999.9000,-0.24335724,-197.2089,594981.1250,34.931,604755.3750,1999.9000,
	2026/04/30 11:49:24	,	832462	,	671	,10.514670,1999.9000,-0.23740780,-197.2493,595237.3125,34.928,604730.0000,1999.9000,
	2026/04/30 11:49:24	,	833462	,	672	,10.514658,1999.9000,-0.23200037,-197.5814,595541.1250,34.926,604717.3125,1999.9000,
	2026/04/30 11:49:24	,	834462	,	673	,10.514648,1999.9000,-0.23200037,-197.5598,595541.1250,34.924,604709.6875,1999.9000,
	2026/04/30 11:49:24	,	835462	,	674	,10.514635,1999.9000,-0.23200037,-197.2433,595541.1250,34.923,604704.6250,1999.9000,
	2026/04/30 11:49:24	,	836462	,	675	,10.514624,1999.9000,-0.23200037,-197.2780,595541.1250,34.922,604700.4375,1999.9000,
	2026/04/30 11:49:24	,	837462	,	676	,10.514620,1999.9000,-0.23200037,-197.1080,595541.1250,34.925,604706.9375,1999.9000,
	2026/04/30 11:49:24	,	838462	,	677	,10.514617,1999.9000,-0.23215057,-196.9663,595528.9375,34.924,604804.8750,1999.9000,
	2026/04/30 11:49:24	,	839462	,	678	,10.514608,1999.9000,-0.23510113,-196.7487,595382.6875,34.922,604828.4375,1999.9000,
	2026/04/30 11:49:24	,	840462	,	679	,10.514602,1999.9000,-0.23591098,-196.5674,595367.1875,34.921,604855.2500,1999.9000,
	2026/04/30 11:49:24	,	841462	,	680	,10.514606,1999.9000,-0.23855484,-196.5158,595352.8750,34.920,604966.1875,1999.9000,
	2026/04/30 11:49:24	,	842462	,	681	,10.514600,1999.9000,-0.24384883,-196.4728,595179.5000,34.918,605006.3125,1999.9000,
	2026/04/30 11:49:24	,	843462	,	682	,10.514596,1999.9000,-0.24950208,-196.6359,594906.6250,34.916,605019.7500,1999.9000,
	2026/04/30 11:49:24	,	844462	,	683	,10.514602,1999.9000,-0.24950208,-196.9708,594894.4375,34.914,605026.5000,1999.9000,
	2026/04/30 11:49:24	,	845462	,	684	,10.514606,1999.9000,-0.24950208,-197.2498,594890.3125,34.913,605030.5000,1999.9000,
	2026/04/30 11:49:24	,	846462	,	685	,10.514611,1999.9000,-0.24950208,-197.4824,594888.3125,34.912,605033.2500,1999.9000,
	2026/04/30 11:49:24	,	847462	,	686	,10.514618,1999.9000,-0.24950208,-197.5767,594887.1250,34.915,605032.0625,1999.9000,
	2026/04/30 11:49:24	,	848462	,	687	,10.514624,1999.9000,-0.24679835,-197.6553,594886.3125,34.922,605019.5625,1999.9000,
	2026/04/30 11:49:24	,	849462	,	688	,10.514630,1999.9000,-0.24433413,-197.8203,594897.0000,34.927,604882.1875,1999.9000,
	2026/04/30 11:49:24	,	850462	,	689	,10.514634,1999.9000,-0.24337299,-197.9577,594921.1250,34.934,604754.1875,1999.9000,
	2026/04/30 11:49:24	,	851462	,	690	,10.514638,1999.9000,-0.24033211,-198.2713,594921.1250,34.934,604754.1875,1999.9000,
	2026/04/30 11:49:24	,	852462	,	691	,10.514642,1999.9000,-0.23472930,-198.5325,595139.5625,34.937,604727.8750,1999.9000,
	2026/04/30 11:49:24	,	853462	,	692	,10.514645,1999.9000,-0.22808658,-198.5513,595448.8125,34.940,604719.1250,1999.9000,
	2026/04/30 11:49:24	,	854462	,	693	,10.514646,1999.9000,-0.22808658,-198.4675,595475.0625,34.942,604714.6875,1999.9000,
	2026/04/30 11:49:24	,	855462	,	694	,10.514643,1999.9000,-0.22808658,-198.6960,595483.8125,34.942,604712.0625,1999.9000,
	2026/04/30 11:49:24	,	856462	,	695	,10.514642,1999.9000,-0.22808658,-198.8865,595488.1250,34.941,604710.3125,1999.9000,
	2026/04/30 11:49:24	,	857462	,	696	,10.514645,1999.9000,-0.22808658,-199.0452,595490.7500,34.938,604709.8750,1999.9000,
	2026/04/30 11:49:24	,	858462	,	697	,10.514651,1999.9000,-0.22823049,-198.8791,595492.4375,34.936,604718.8125,1999.9000,
	2026/04/30 11:49:24	,	859462	,	698	,10.514648,1999.9000,-0.23194994,-198.7406,595405.3125,34.935,604831.5000,1999.9000,
	2026/04/30 11:49:24	,	860462	,	699	,10.514646,1999.9000,-0.23446459,-198.6252,595386.0000,34.935,604865.6250,1999.9000,
	2026/04/30 11:49:24	,	861462	,	700	,10.514642,1999.9000,-0.23673975,-198.3301,595373.0000,34.933,604971.0000,1999.9000,
	2026/04/30 11:49:24	,	862462	,	701	,10.514640,1999.9000,-0.24179426,-198.0842,595258.1875,34.932,605009.3750,1999.9000,
	2026/04/30 11:49:24	,	863462	,	702	,10.514647,1999.9000,-0.24873948,-197.8793,595023.3750,34.931,605024.9375,1999.9000,
	2026/04/30 11:49:24	,	864462	,	703	,10.514664,1999.9000,-0.25207344,-197.5095,594852.3750,34.931,605032.8125,1999.9000,
	2026/04/30 11:49:24	,	865462	,	704	,10.514683,1999.9000,-0.25207344,-197.1019,594852.3750,34.932,605037.4375,1999.9000,
	2026/04/30 11:49:24	,	866462	,	705	,10.514698,1999.9000,-0.25207344,-196.3644,594852.3750,34.935,605040.5625,1999.9000,
	2026/04/30 11:49:24	,	867462	,	706	,10.514711,1999.9000,-0.25207344,-195.7498,594852.3750,34.938,605043.1250,1999.9000,
	2026/04/30 11:49:24	,	868462	,	707	,10.514722,1999.9000,-0.25207344,-195.2376,594852.3750,34.939,605032.1250,1999.9000,
	2026/04/30 11:49:24	,	869462	,	708	,10.514731,1999.9000,-0.24887183,-194.8108,594947.1250,34.939,604906.3750,1999.9000,
	2026/04/30 11:49:24	,	870462	,	709	,10.514724,1999.9000,-0.24611138,-194.4551,594968.5625,34.943,604874.1250,1999.9000,
	2026/04/30 11:49:24	,	871462	,	710	,10.514717,1999.9000,-0.24386773,-194.4551,594981.0625,34.946,604778.3750,1999.9000,
	2026/04/30 11:49:24	,	872462	,	711	,10.514712,1999.9000,-0.23938043,-194.2582,595082.3750,34.946,604746.9375,1999.9000,
	2026/04/30 11:49:24	,	873462	,	712	,10.514688,1999.9000,-0.23224615,-194.3925,595346.9375,34.942,604724.1875,1999.9000,
	2026/04/30 11:49:24	,	874462	,	713	,10.514664,1999.9000,-0.22701518,-194.5044,595538.1875,34.939,604712.8125,1999.9000,
	2026/04/30 11:49:24	,	875462	,	714	,10.514638,1999.9000,-0.22701518,-194.5977,595538.1875,34.937,604705.9375,1999.9000,
	2026/04/30 11:49:24	,	876462	,	715	,10.514617,1999.9000,-0.22701518,-194.6754,595538.1875,34.935,604701.3750,1999.9000,
	2026/04/30 11:49:24	,	877462	,	716	,10.514604,1999.9000,-0.22701518,-195.0386,595538.1875,34.935,604697.5625,1999.9000,
	2026/04/30 11:49:24	,	878462	,	717	,10.514597,1999.9000,-0.22701518,-195.0429,595538.1875,34.933,604706.1875,1999.9000,
	2026/04/30 11:49:24	,	879462	,	718	,10.514592,1999.9000,-0.22734396,-194.8475,595423.8125,34.932,604822.4375,1999.9000,
	2026/04/30 11:49:24	,	880462	,	719	,10.514588,1999.9000,-0.23098567,-194.5851,595396.3750,34.921,604850.2500,1999.9000,
	2026/04/30 11:49:24	,	881462	,	720	,10.514585,1999.9000,-0.23180500,-194.3666,595381.3125,34.913,604948.6875,1999.9000,
	2026/04/30 11:49:24	,	882462	,	721	,10.514606,1999.9000,-0.23603389,-194.1844,595366.8750,34.908,604979.1875,1999.9000,
	2026/04/30 11:49:24	,	883462	,	722	,10.514630,1999.9000,-0.24288456,-194.0326,595121.6875,34.907,605081.5625,1999.9000,
	2026/04/30 11:49:24	,	884462	,	723	,10.514649,1999.9000,-0.24863864,-193.9061,594822.0000,34.903,605081.5625,1999.9000,
	2026/04/30 11:49:24	,	885462	,	724	,10.514670,1999.9000,-0.24863864,-194.1985,594822.0000,34.898,605081.5625,1999.9000,
	2026/04/30 11:49:24	,	886462	,	725	,10.514698,1999.9000,-0.24863864,-194.2433,594822.0000,34.893,605081.5625,1999.9000,
	2026/04/30 11:49:24	,	887462	,	726	,10.514727,1999.9000,-0.24863864,-194.4796,594822.0000,34.889,605081.5625,1999.9000,
	2026/04/30 11:49:24	,	888462	,	727	,10.514750,1999.9000,-0.24863864,-194.6765,594822.0000,34.886,605070.2500,1999.9000,
	2026/04/30 11:49:24	,	889462	,	728	,10.514770,1999.9000,-0.24843802,-195.0395,594916.7500,34.883,604945.0625,1999.9000,
	2026/04/30 11:49:24	,	890462	,	729	,10.514786,1999.9000,-0.24478790,-195.3420,594940.6250,34.881,604909.1250,1999.9000,
	2026/04/30 11:49:24	,	891462	,	730	,10.514794,1999.9000,-0.24258204,-195.6936,594955.3125,34.879,604803.6875,1999.9000,
	2026/04/30 11:49:24	,	892462	,	731	,10.514782,1999.9000,-0.23924810,-196.0860,594971.8750,34.877,604767.1875,1999.9000,
	2026/04/30 11:49:24	,	893462	,	732	,10.514771,1999.9000,-0.23264320,-196.6120,595230.6875,34.873,604683.5000,1999.9000,
	2026/04/30 11:49:24	,	894462	,	733	,10.514751,1999.9000,-0.22716644,-197.1498,595533.3750,34.866,604683.5000,1999.9000,
	2026/04/30 11:49:24	,	895462	,	734	,10.514716,1999.9000,-0.22648579,-197.5980,595533.3750,34.859,604683.5000,1999.9000,
	2026/04/30 11:49:24	,	896462	,	735	,10.514667,1999.9000,-0.22625890,-197.9715,595533.3750,34.853,604683.5000,1999.9000,
	2026/04/30 11:49:24	,	897462	,	736	,10.514625,1999.9000,-0.22614543,-198.2827,595533.3750,34.848,604683.5000,1999.9000,
	2026/04/30 11:49:24	,	898462	,	737	,10.514590,1999.9000,-0.22607739,-198.4426,595533.3750,34.844,604694.9375,1999.9000,
	2026/04/30 11:49:24	,	899462	,	738	,10.514562,1999.9000,-0.22607739,-198.5758,595524.8750,34.845,604812.7500,1999.9000,
	2026/04/30 11:49:24	,	900462	,	739	,10.514558,1999.9000,-0.22603202,-198.6868,595408.8750,34.849,604841.7500,1999.9000,
	2026/04/30 11:49:24	,	901462	,	740	,10.514554,1999.9000,-0.22629879,-198.5804,595398.4375,34.845,604927.5625,1999.9000,
	2026/04/30 11:49:24	,	902462	,	741	,10.514551,1999.9000,-0.22897522,-198.0938,595383.5000,34.842,604954.3750,1999.9000,
	2026/04/30 11:49:24	,	903462	,	742	,10.514554,1999.9000,-0.23113692,-197.5889,595208.6875,34.848,605061.6250,1999.9000,
	2026/04/30 11:49:24	,	904462	,	743	,10.514557,1999.9000,-0.23718721,-197.1680,594932.2500,34.854,605061.6250,1999.9000,
	2026/04/30 11:49:24	,	905462	,	744	,10.514559,1999.9000,-0.24299172,-196.8174,594908.3750,34.860,605061.6250,1999.9000,
	2026/04/30 11:49:24	,	906462	,	745	,10.514561,1999.9000,-0.24299172,-197.2215,594900.4375,34.866,605061.6250,1999.9000,
	2026/04/30 11:49:24	,	907462	,	746	,10.514557,1999.9000,-0.24299172,-197.5582,594896.5000,34.874,605061.6250,1999.9000,
	2026/04/30 11:49:24	,	908462	,	747	,10.514564,1999.9000,-0.24299172,-197.8389,594894.1250,34.884,605056.8750,1999.9000,
	2026/04/30 11:49:24	,	909462	,	748	,10.514554,1999.9000,-0.24299172,-198.0727,594892.5000,34.893,604957.6875,1999.9000,
	2026/04/30 11:49:24	,	910462	,	749	,10.514551,1999.9000,-0.24296650,-198.2676,594904.6250,34.899,604917.2500,1999.9000,
	2026/04/30 11:49:24	,	911462	,	750	,10.514550,1999.9000,-0.24063462,-198.4300,594987.0625,34.905,604804.3125,1999.9000,
	2026/04/30 11:49:24	,	912462	,	751	,10.514547,1999.9000,-0.23994136,-198.7643,594996.2500,34.910,604776.5000,1999.9000,
	2026/04/30 11:49:24	,	913462	,	752	,10.514545,1999.9000,-0.23925020,-199.1423,595147.9375,34.914,604751.7500,1999.9000,
	2026/04/30 11:49:24	,	914462	,	753	,10.514544,1999.9000,-0.23305285,-199.4573,595444.0625,34.917,604739.3750,1999.9000,
	2026/04/30 11:49:24	,	915462	,	754	,10.514544,1999.9000,-0.22793531,-199.4214,595480.4375,34.918,604731.9375,1999.9000,
	2026/04/30 11:49:24	,	916462	,	755	,10.514543,1999.9000,-0.22793531,-199.0931,595492.5625,34.919,604727.0000,1999.9000,
	2026/04/30 11:49:24	,	917462	,	756	,10.514542,1999.9000,-0.22793531,-198.8195,595498.6250,34.914,604722.8750,1999.9000,
	2026/04/30 11:49:24	,	918462	,	757	,10.514557,1999.9000,-0.22793531,-198.3925,595502.2500,34.907,604724.1250,1999.9000,
	2026/04/30 11:49:24	,	919462	,	758	,10.514573,1999.9000,-0.22793531,-198.2357,595504.6250,34.901,604736.5000,1999.9000,
	2026/04/30 11:49:24	,	920462	,	759	,10.514596,1999.9000,-0.23059493,-198.1050,595422.0000,34.895,604849.0000,1999.9000,
	2026/04/30 11:49:24	,	921462	,	760	,10.514602,1999.9000,-0.23407385,-197.9961,595399.3750,34.894,604868.8750,1999.9000,
	2026/04/30 11:49:24	,	922462	,	761	,10.514606,1999.9000,-0.23693511,-197.9053,595385.4375,34.898,604895.5000,1999.9000,
	2026/04/30 11:49:24	,	923462	,	762	,10.514620,1999.9000,-0.23929222,-198.3270,595283.1875,34.896,605033.2500,1999.9000,
	2026/04/30 11:49:24	,	924462	,	763	,10.514630,1999.9000,-0.24427739,-198.6785,595038.8750,34.893,605033.2500,1999.9000,
	2026/04/30 11:49:24	,	925462	,	764	,10.514640,1999.9000,-0.25029615,-198.9713,594850.0000,34.892,605033.2500,1999.9000,
	2026/04/30 11:49:24	,	926462	,	765	,10.514647,1999.9000,-0.25029615,-199.2154,594850.0000,34.892,605033.2500,1999.9000,
	2026/04/30 11:49:24	,	927462	,	766	,10.514653,1999.9000,-0.25029615,-199.4187,594850.0000,34.896,605033.2500,1999.9000,
	2026/04/30 11:49:24	,	928462	,	767	,10.514658,1999.9000,-0.25029615,-199.5882,594850.0000,34.899,605032.5625,1999.9000,
	2026/04/30 11:49:24	,	929462	,	768	,10.514653,1999.9000,-0.25029615,-199.7295,594850.0000,34.902,605020.1250,1999.9000,
	2026/04/30 11:49:24	,	930462	,	769	,10.514658,1999.9000,-0.25024468,-199.8472,594937.6250,34.904,604896.7500,1999.9000,
	2026/04/30 11:49:24	,	931462	,	770	,10.514653,1999.9000,-0.24643281,-199.9453,594962.0625,34.903,604865.0000,1999.9000,
	2026/04/30 11:49:24	,	932462	,	771	,10.514649,1999.9000,-0.24339506,-200.0270,594976.0000,34.905,604760.2500,1999.9000,
	2026/04/30 11:49:24	,	933462	,	772	,10.514646,1999.9000,-0.24059680,-200.0951,595084.7500,34.907,604731.2500,1999.9000,
	2026/04/30 11:49:24	,	934462	,	773	,10.514643,1999.9000,-0.23530281,-200.1519,595351.0625,34.908,604721.5625,1999.9000,
	2026/04/30 11:49:24	,	935462	,	774	,10.514655,1999.9000,-0.22837019,-200.1992,595556.6250,34.915,604716.7500,1999.9000,
	2026/04/30 11:49:24	,	936462	,	775	,10.514651,1999.9000,-0.22347954,-200.2386,595556.6250,34.922,604713.8750,1999.9000,
	2026/04/30 11:49:24	,	937462	,	776	,10.514648,1999.9000,-0.22347954,-200.3709,595556.6250,34.927,604711.9375,1999.9000,
	2026/04/30 11:49:24	,	938462	,	777	,10.514640,1999.9000,-0.22347954,-200.4812,595556.6250,34.931,604715.9375,1999.9000,
	2026/04/30 11:49:24	,	939462	,	778	,10.514623,1999.9000,-0.22347954,-200.4736,595556.6250,34.934,604797.6250,1999.9000,
	2026/04/30 11:49:24	,	940462	,	779	,10.514608,1999.9000,-0.22347954,-200.4673,595443.4375,34.937,604822.3750,1999.9000,
	2026/04/30 11:49:24	,	941462	,	780	,10.514596,1999.9000,-0.22615175,-199.9646,595411.8750,34.938,604848.8125,1999.9000,
	2026/04/30 11:49:24	,	942462	,	781	,10.514596,1999.9000,-0.22867902,-199.5458,595391.4375,34.935,604848.8125,1999.9000,
	2026/04/30 11:49:24	,	943462	,	782	,10.514581,1999.9000,-0.23089114,-199.1967,595300.4375,34.934,604956.5625,1999.9000,
	2026/04/30 11:49:24	,	944462	,	783	,10.514559,1999.9000,-0.23520827,-198.9058,595106.1875,34.931,604991.2500,1999.9000,
	2026/04/30 11:49:24	,	945462	,	784	,10.514530,1999.9000,-0.24201486,-198.6634,594834.5000,34.926,605082.7500,1999.9000,
	2026/04/30 11:49:24	,	946462	,	785	,10.514505,1999.9000,-0.24672271,-198.2625,594834.5000,34.921,605082.7500,1999.9000,
	2026/04/30 11:49:24	,	947462	,	786	,10.514462,1999.9000,-0.24672271,-197.9284,594834.5000,34.917,605082.7500,1999.9000,
	2026/04/30 11:49:24	,	948462	,	787	,10.514370,1999.9000,-0.24672271,-197.6499,594834.5000,34.915,605082.7500,1999.9000,
	2026/04/30 11:49:24	,	949462	,	788	,10.514284,1999.9000,-0.24672271,-197.6169,594834.5000,34.914,605082.7500,1999.9000,
	2026/04/30 11:49:24	,	950462	,	789	,10.514284,1999.9000,-0.24672271,-197.6888,594924.5000,34.912,605070.1250,1999.9000,
	2026/04/30 11:49:24	,	951462	,	790	,10.514213,1999.9000,-0.24376689,-198.0471,594951.8750,34.910,604879.5625,1999.9000,
	2026/04/30 11:49:24	,	952462	,	791	,10.514128,1999.9000,-0.24139090,-198.0473,594965.1875,34.908,604879.5625,1999.9000,
	2026/04/30 11:49:24	,	953462	,	792	,10.514042,1999.9000,-0.24047390,-197.9480,594981.9375,34.907,604775.9375,1999.9000,
	2026/04/30 11:49:24	,	954462	,	793	,10.513926,1999.9000,-0.23621035,-197.7658,595243.2500,34.907,604743.0000,1999.9000,
	2026/04/30 11:49:24	,	955462	,	794	,10.513800,1999.9000,-0.23007183,-197.6139,595540.0000,34.904,604729.4375,1999.9000,
	2026/04/30 11:49:24	,	956462	,	795	,10.513679,1999.9000,-0.22932816,-197.2884,595540.0000,34.898,604722.6250,1999.9000,
	2026/04/30 11:49:24	,	957462	,	796	,10.513461,1999.9000,-0.22908027,-197.1166,595540.0000,34.893,604718.5625,1999.9000,
	2026/04/30 11:49:24	,	958462	,	797	,10.513264,1999.9000,-0.22895633,-196.6751,595540.0000,34.893,604715.8125,1999.9000,
	2026/04/30 11:49:24	,	959462	,	798	,10.513064,1999.9000,-0.22888194,-196.3071,595540.0000,34.890,604713.6250,1999.9000,
	2026/04/30 11:49:24	,	960462	,	799	,10.512878,1999.9000,-0.22883236,-196.0004,595526.7500,34.886,604721.5625,1999.9000,
	2026/04/30 11:49:24	,	961462	,	800	,10.512683,1999.9000,-0.23187432,-195.7449,595387.4375,34.885,604833.8750,1999.9000,
	2026/04/30 11:49:24	,	962462	,	801	,10.512465,1999.9000,-0.23459062,-195.5320,595376.6875,34.883,604887.8750,1999.9000,
	2026/04/30 11:49:24	,	963462	,	802	,10.512279,1999.9000,-0.23707378,-195.5534,595367.3750,34.883,604887.8750,1999.9000,
	2026/04/30 11:49:24	,	964462	,	803	,10.512104,1999.9000,-0.24053378,-195.6708,595210.4375,34.885,605003.6250,1999.9000,
	2026/04/30 11:49:24	,	965462	,	804	,10.511939,1999.9000,-0.24732143,-196.1665,594944.1250,34.889,605034.6875,1999.9000,
	2026/04/30 11:49:24	,	966462	,	805	,10.511746,1999.9000,-0.25044113,-196.5797,594913.7500,34.895,605045.1250,1999.9000,
	2026/04/30 11:49:24	,	967462	,	806	,10.511487,1999.9000,-0.25044113,-197.0234,594903.6250,34.900,605050.2500,1999.9000,
	2026/04/30 11:49:24	,	968462	,	807	,10.511196,1999.9000,-0.25044113,-197.3932,594898.5625,34.901,605053.3750,1999.9000,
	2026/04/30 11:49:24	,	969462	,	808	,10.510915,1999.9000,-0.25044113,-197.8008,594895.5625,34.905,605055.5000,1999.9000,
	2026/04/30 11:49:24	,	970462	,	809	,10.510619,1999.9000,-0.25044113,-198.2399,594893.5000,34.910,605046.1250,1999.9000,
	2026/04/30 11:49:24	,	971462	,	810	,10.510310,1999.9000,-0.24613659,-198.5064,594903.8125,34.912,604922.0625,1999.9000,
	2026/04/30 11:49:24	,	972462	,	811	,10.509967,1999.9000,-0.24207786,-198.7285,594993.0000,34.914,604893.0625,1999.9000,
	2026/04/30 11:49:24	,	973462	,	812	,10.509562,1999.9000,-0.23818301,-198.9135,595005.5000,34.916,604796.5000,1999.9000,
	2026/04/30 11:49:24	,	974462	,	813	,10.509176,1999.9000,-0.23305285,-198.9683,595153.3125,34.917,604768.9375,1999.9000,
	2026/04/30 11:49:24	,	975462	,	814	,10.508764,1999.9000,-0.22349215,-199.0139,595449.3750,34.917,604682.3125,1999.9000,
	2026/04/30 11:49:24	,	976462	,	815	,10.508321,1999.9000,-0.21372977,-199.1514,595478.3125,34.917,604682.3125,1999.9000,
	2026/04/30 11:49:24	,	977462	,	816	,10.507947,1999.9000,-0.20526567,-199.2660,595487.9375,34.917,604682.3125,1999.9000,
	2026/04/30 11:49:24	,	978462	,	817	,10.507620,1999.9000,-0.19718601,-199.0630,595492.7500,34.916,604682.3125,1999.9000,
	2026/04/30 11:49:24	,	979462	,	818	,10.507274,1999.9000,-0.19078910,-198.7944,595495.6875,34.916,604682.3125,1999.9000,
	2026/04/30 11:49:24	,	980462	,	819	,10.506910,1999.9000,-0.18521780,-198.5706,595497.6250,34.916,604689.0625,1999.9000,
	2026/04/30 11:49:24	,	981462	,	820	,10.506498,1999.9000,-0.17844903,-198.0856,595404.6875,34.916,604788.0000,1999.9000,
	2026/04/30 11:49:24	,	982462	,	821	,10.506086,1999.9000,-0.17026225,-197.6815,595385.6250,34.914,604819.6875,1999.9000,
	2026/04/30 11:49:24	,	983462	,	822	,10.505648,1999.9000,-0.16067003,-197.3447,595371.7500,34.913,604919.6875,1999.9000,
	2026/04/30 11:49:24	,	984462	,	823	,10.505207,1999.9000,-0.15079421,-197.0641,595247.4375,34.920,604950.1875,1999.9000,
	2026/04/30 11:49:24	,	985462	,	824	,10.504772,1999.9000,-0.14476913,-196.8302,595007.3125,34.926,605071.8750,1999.9000,
	2026/04/30 11:49:24	,	986462	,	825	,10.504354,1999.9000,-0.14059064,-196.6354,594853.6250,34.932,605071.8750,1999.9000,
	2026/04/30 11:49:24	,	987462	,	826	,10.503871,1999.9000,-0.13624200,-196.0751,594853.6250,34.937,605071.8750,1999.9000,
	2026/04/30 11:49:24	,	988462	,	827	,10.502713,1999.9000,-0.13267486,-195.9066,594853.6250,34.941,605071.8750,1999.9000,
	2026/04/30 11:49:24	,	989462	,	828	,10.502713,1999.9000,-0.12855941,-195.7662,594853.6250,34.944,605071.8750,1999.9000,
	2026/04/30 11:49:24	,	990462	,	829	,10.502181,1999.9000,-0.12399018,-195.6491,594853.6250,34.946,605063.2500,1999.9000,
	2026/04/30 11:49:24	,	991462	,	830	,10.501639,1999.9000,-0.12064362,-195.5516,594938.2500,34.947,604935.3750,1999.9000,
	2026/04/30 11:49:24	,	992462	,	831	,10.501089,1999.9000,-0.11822351,-195.6693,594958.8125,34.948,604900.6875,1999.9000,
	2026/04/30 11:49:24	,	993462	,	832	,10.500541,1999.9000,-0.11610591,-195.7674,594972.0000,34.948,604812.1875,1999.9000,
	2026/04/30 11:49:24	,	994462	,	833	,10.500018,1999.9000,-0.11354712,-195.8491,595072.2500,34.946,604787.3750,1999.9000,
	2026/04/30 11:49:24	,	995462	,	834	,10.499469,1999.9000,-0.10723216,-195.9172,595335.0000,34.944,604761.8125,1999.9000,
	2026/04/30 11:49:24	,	996462	,	835	,10.498932,1999.9000,-0.09917770,-196.0734,595565.0000,34.942,604749.0625,1999.9000,
	2026/04/30 11:49:24	,	997462	,	836	,10.498400,1999.9000,-0.09254760,-196.3031,595565.0000,34.941,604741.3750,1999.9000,
	2026/04/30 11:49:24	,	998462	,	837	,10.497838,1999.9000,-0.08687545,-196.4945,595565.0000,34.940,604736.2500,1999.9000,
	2026/04/30 11:49:24	,	999462	,	838	,10.497252,1999.9000,-0.08344696,-196.6540,595565.0000,34.937,604731.9375,1999.9000,
	2026/04/30 11:49:25	,	000462	,	839	,10.496663,1999.9000,-0.08312555,-196.7869,595565.0000,34.932,604729.2500,1999.9000,
	2026/04/30 11:49:25	,	001462	,	840	,10.496032,1999.9000,-0.08296378,-196.7982,595457.7500,34.926,604738.8125,1999.9000,
	2026/04/30 11:49:25	,	002462	,	841	,10.495403,1999.9000,-0.08267809,-196.8076,595429.1875,34.918,604845.9375,1999.9000,
	2026/04/30 11:49:25	,	003462	,	842	,10.494763,1999.9000,-0.08245625,-196.7159,595411.5000,34.909,604872.8750,1999.9000,
	2026/04/30 11:49:25	,	004462	,	843	,10.494157,1999.9000,-0.08220749,-196.4406,595321.9375,34.901,604954.6875,1999.9000,
	2026/04/30 11:49:25	,	005462	,	844	,10.493552,1999.9000,-0.08195191,-196.1117,595115.1250,34.894,604989.3750,1999.9000,
	2026/04/30 11:49:25	,	006462	,	845	,10.492945,1999.9000,-0.08167483,-195.8376,594829.7500,34.888,605005.5625,1999.9000,
	2026/04/30 11:49:25	,	007462	,	846	,10.488831,1999.9000,-0.07837355,-195.6092,594829.7500,34.884,605013.6875,1999.9000,
	2026/04/30 11:49:25	,	008462	,	847	,10.488384,1999.9000,-0.07820654,-195.4189,594829.7500,34.883,605018.5625,1999.9000,
	2026/04/30 11:49:25	,	009462	,	848	,10.488016,1999.9000,-0.07788826,-195.2603,594829.7500,34.882,605021.8125,1999.9000,
	2026/04/30 11:49:25	,	010462	,	849	,10.487751,1999.9000,-0.07014264,-195.0287,594829.7500,34.882,605024.5000,1999.9000,
	2026/04/30 11:49:25	,	011462	,	850	,10.487460,1999.9000,-0.06192434,-194.8356,594912.0000,34.881,605013.9375,1999.9000,
	2026/04/30 11:49:25	,	012462	,	851	,10.487152,1999.9000,-0.05410308,-194.6747,594939.1250,34.887,604903.3750,1999.9000,
	2026/04/30 11:49:25	,	013462	,	852	,10.486768,1999.9000,-0.04663477,-194.7396,594952.7500,34.892,604875.2500,1999.9000,
	2026/04/30 11:49:25	,	014462	,	853	,10.486267,1999.9000,-0.03937443,-194.8932,594971.0000,34.897,604769.2500,1999.9000,
	2026/04/30 11:49:25	,	015462	,	854	,10.485750,1999.9000,-0.02968136,-195.0211,595234.9375,34.903,604736.0625,1999.9000,
	2026/04/30 11:49:25	,	016462	,	855	,10.485162,1999.9000,-0.01750517,-195.2272,595534.6250,34.908,604725.0000,1999.9000,
	2026/04/30 11:49:25	,	017462	,	856	,10.484507,1999.9000,-0.00735204,-195.5979,595534.6250,34.913,604719.4375,1999.9000,
	2026/04/30 11:49:25	,	018462	,	857	,10.480252,1999.9000,0.00100493,-196.1058,595534.6250,34.916,604716.0625,1999.9000,
	2026/04/30 11:49:25	,	019462	,	858	,10.479879,1999.9000,0.00743336,-196.9269,595534.6250,34.919,604713.8750,1999.9000,
	2026/04/30 11:49:25	,	020462	,	859	,10.479438,1999.9000,0.01136604,-198.0091,595534.6250,34.922,604712.1250,1999.9000,
	2026/04/30 11:49:25	,	021462	,	860	,10.479015,1999.9000,0.01447940,-198.9109,595526.0625,34.924,604724.2500,1999.9000,
	2026/04/30 11:49:25	,	022462	,	861	,10.478601,1999.9000,0.01785748,-199.4635,595408.3125,34.925,604844.7500,1999.9000,
	2026/04/30 11:49:25	,	023462	,	862	,10.478201,1999.9000,0.02152548,-199.7250,595393.4375,34.927,604869.8125,1999.9000,
	2026/04/30 11:49:25	,	024462	,	863	,10.477763,1999.9000,0.02543296,-199.8434,595376.9375,34.928,604956.5625,1999.9000,
	2026/04/30 11:49:25	,	025462	,	864	,10.477299,1999.9000,0.02616089,-199.9421,595197.9375,34.929,604987.3125,1999.9000,
	2026/04/30 11:49:25	,	026462	,	865	,10.476758,1999.9000,0.02664092,-200.0244,594918.5000,34.927,605004.0625,1999.9000,
	2026/04/30 11:49:25	,	027462	,	866	,10.476193,1999.9000,0.02689511,-200.0929,594918.5000,34.925,605012.3750,1999.9000,
	2026/04/30 11:49:25	,	028462	,	867	,10.475570,1999.9000,0.03005259,-200.0506,594902.6250,34.923,605017.3750,1999.9000,
	2026/04/30 11:49:25	,	029462	,	868	,10.474911,1999.9000,0.03418695,-199.8163,594902.6250,34.922,605020.7500,1999.9000,
	2026/04/30 11:49:25	,	030462	,	869	,10.470868,1999.9000,0.04176873,-199.4222,594900.6875,34.921,605023.5000,1999.9000,
	2026/04/30 11:49:25	,	031462	,	870	,10.470273,1999.9000,0.05102062,-198.8948,594899.5000,34.918,605015.5625,1999.9000,
	2026/04/30 11:49:25	,	032462	,	871	,10.469767,1999.9000,0.06010863,-198.4553,594898.6875,34.916,604911.8125,1999.9000,
	2026/04/30 11:49:25	,	033462	,	872	,10.469357,1999.9000,0.06882483,-198.2880,594909.5625,34.915,604883.4375,1999.9000,
	2026/04/30 11:49:25	,	034462	,	873	,10.468903,1999.9000,0.07716918,-198.1485,594921.7500,34.912,604785.0000,1999.9000,
	2026/04/30 11:49:25	,	035462	,	874	,10.468356,1999.9000,0.08652192,-198.2313,595002.5000,34.908,604757.4375,1999.9000,
	2026/04/30 11:49:25	,	036462	,	875	,10.467782,1999.9000,0.09899433,-198.3003,595149.1250,34.904,604671.4375,1999.9000,
	2026/04/30 11:49:25	,	037462	,	876	,10.467199,1999.9000,0.11003610,-198.1588,595445.8125,34.902,604671.4375,1999.9000,
	2026/04/30 11:49:25	,	038462	,	877	,10.463153,1999.9000,0.11899807,-198.0409,595475.9375,34.899,604671.4375,1999.9000,
	2026/04/30 11:49:25	,	039462	,	878	,10.462721,1999.9000,0.12648529,-197.9427,595486.0000,34.899,604671.4375,1999.9000,
	2026/04/30 11:49:25	,	040462	,	879	,10.462338,1999.9000,0.13138856,-197.9603,595491.0000,34.900,604671.4375,1999.9000,
	2026/04/30 11:49:25	,	041462	,	880	,10.462059,1999.9000,0.13483597,-197.8755,595494.0000,34.900,604682.5625,1999.9000,
	2026/04/30 11:49:25	,	042462	,	881	,10.461664,1999.9000,0.13854173,-197.8048,595496.0000,34.898,604804.8750,1999.9000,
	2026/04/30 11:49:25	,	043462	,	882	,10.461237,1999.9000,0.14278327,-197.7459,595484.7500,34.892,604832.6875,1999.9000,
	2026/04/30 11:49:25	,	044462	,	883	,10.460691,1999.9000,0.14753523,-197.5974,595391.6250,34.885,604917.8750,1999.9000,
	2026/04/30 11:49:25	,	045462	,	884	,10.460044,1999.9000,0.15169480,-197.3741,595374.6250,34.881,604948.6875,1999.9000,
	2026/04/30 11:49:25	,	046462	,	885	,10.455944,1999.9000,0.15201624,-197.2875,595270.6875,34.885,605062.2500,1999.9000,
	2026/04/30 11:49:25	,	047462	,	886	,10.455422,1999.9000,0.15232085,-197.1159,595016.2500,34.889,605062.2500,1999.9000,
	2026/04/30 11:49:25	,	048462	,	887	,10.454892,1999.9000,0.15523043,-196.9729,594847.0000,34.890,605062.2500,1999.9000,
	2026/04/30 11:49:25	,	049462	,	888	,10.454433,1999.9000,0.15869047,-196.8537,594847.0000,34.891,605062.2500,1999.9000,
	2026/04/30 11:49:25	,	050462	,	889	,10.453967,1999.9000,0.16486681,-196.7544,594847.0000,34.894,605062.2500,1999.9000,
	2026/04/30 11:49:25	,	051462	,	890	,10.453428,1999.9000,0.17327416,-196.6716,594847.0000,34.896,605052.6250,1999.9000,
	2026/04/30 11:49:25	,	052462	,	891	,10.452809,1999.9000,0.18170676,-196.6026,594847.0000,34.898,604927.5625,1999.9000,
	2026/04/30 11:49:25	,	053462	,	892	,10.452165,1999.9000,0.18976748,-196.5452,594943.0000,34.899,604892.1250,1999.9000,
	2026/04/30 11:49:25	,	054462	,	893	,10.448139,1999.9000,0.19767068,-196.3978,594961.1250,34.900,604786.1875,1999.9000,
	2026/04/30 11:49:25	,	055462	,	894	,10.447603,1999.9000,0.20587640,-195.8771,594968.6250,34.900,604756.5625,1999.9000,
	2026/04/30 11:49:25	,	056462	,	895	,10.447098,1999.9000,0.21744123,-195.4432,595064.5000,34.899,604667.8125,1999.9000,
	2026/04/30 11:49:25	,	057462	,	896	,10.446584,1999.9000,0.22911957,-195.0816,595333.8125,34.899,604667.8125,1999.9000,
	2026/04/30 11:49:25	,	058462	,	897	,10.446036,1999.9000,0.23838405,-194.7802,595566.7500,34.894,604667.8125,1999.9000,
	2026/04/30 11:49:25	,	059462	,	898	,10.445607,1999.9000,0.24607296,-194.5291,595566.7500,34.890,604667.8125,1999.9000,
	2026/04/30 11:49:25	,	060462	,	899	,10.445080,1999.9000,0.25104553,-195.3146,595566.7500,34.891,604667.8125,1999.9000,
	2026/04/30 11:49:25	,	061462	,	900	,10.441080,1999.9000,0.25336480,-195.9691,595566.7500,34.895,604674.5000,1999.9000,
	2026/04/30 11:49:25	,	062462	,	901	,10.440588,1999.9000,0.25336480,-196.5146,595566.7500,34.899,604779.5000,1999.9000,
	2026/04/30 11:49:25	,	063462	,	902	,10.440245,1999.9000,0.25336480,-196.9692,595458.3125,34.901,604806.4375,1999.9000,
	2026/04/30 11:49:25	,	064462	,	903	,10.439799,1999.9000,0.25336480,-197.4475,595431.8750,34.904,604893.0625,1999.9000,
	2026/04/30 11:49:25	,	065462	,	904	,10.439286,1999.9000,0.25336480,-197.8460,595413.6875,34.901,604928.3750,1999.9000,
	2026/04/30 11:49:25	,	066462	,	905	,10.438781,1999.9000,0.25021362,-198.0787,595317.1250,34.899,605049.5000,1999.9000,
	2026/04/30 11:49:25	,	067462	,	906	,10.438142,1999.9000,0.24326842,-198.2726,595114.5625,34.897,605049.5000,1999.9000,
	2026/04/30 11:49:25	,	068462	,	907	,10.433930,1999.9000,0.23889454,-198.2352,594833.3750,34.896,605049.5000,1999.9000,
	2026/04/30 11:49:25	,	069462	,	908	,10.433543,1999.9000,0.23889454,-198.2041,594833.3750,34.894,605049.5000,1999.9000,
	2026/04/30 11:49:25	,	070462	,	909	,10.433186,1999.9000,0.23889454,-198.1781,594833.3750,34.893,605049.5000,1999.9000,
	2026/04/30 11:49:25	,	071462	,	910	,10.432755,1999.9000,0.23889454,-198.2559,594833.3750,34.892,605045.3125,1999.9000,
	2026/04/30 11:49:25	,	072462	,	911	,10.432233,1999.9000,0.23889454,-198.3208,594833.3750,34.892,604951.1250,1999.9000,
	2026/04/30 11:49:25	,	073462	,	912	,10.431736,1999.9000,0.24175584,-198.3748,594846.4375,34.891,604918.7500,1999.9000,
	2026/04/30 11:49:25	,	074462	,	913	,10.431173,1999.9000,0.24427046,-198.4199,594963.2500,34.890,604823.6250,1999.9000,
	2026/04/30 11:49:25	,	075462	,	914	,10.430511,1999.9000,0.24647631,-198.4574,594975.4375,34.893,604789.8125,1999.9000,
	2026/04/30 11:49:25	,	076462	,	915	,10.426304,1999.9000,0.25120312,-198.4887,594992.3750,34.895,604702.1875,1999.9000,
	2026/04/30 11:49:25	,	077462	,	916	,10.425902,1999.9000,0.25120312,-198.5148,595225.9375,34.902,604695.0000,1999.9000,
	2026/04/30 11:49:25	,	078462	,	917	,10.425302,1999.9000,0.25756222,-198.5365,595522.1250,34.907,604692.5625,1999.9000,
	2026/04/30 11:49:25	,	079462	,	918	,10.424726,1999.9000,0.26196125,-198.4551,595522.1250,34.912,604691.3125,1999.9000,
	2026/04/30 11:49:25	,	080462	,	919	,10.424159,1999.9000,0.26196125,-198.3873,595522.1250,34.915,604690.5625,1999.9000,
	2026/04/30 11:49:25	,	081462	,	920	,10.423614,1999.9000,0.26196128,-198.3308,595522.1250,34.918,604690.1250,1999.9000,
	2026/04/30 11:49:25	,	082462	,	921	,10.422974,1999.9000,0.26196125,-198.2838,595522.1250,34.921,604702.3750,1999.9000,
	2026/04/30 11:49:25	,	083462	,	922	,10.418887,1999.9000,0.26196125,-198.2445,595512.0625,34.923,604826.0625,1999.9000,
	2026/04/30 11:49:25	,	084462	,	923	,10.418351,1999.9000,0.26169759,-198.2118,595393.3750,34.925,604856.5000,1999.9000,
	2026/04/30 11:49:25	,	085462	,	924	,10.417815,1999.9000,0.25806010,-198.1846,595381.7500,34.920,604943.2500,1999.9000,
	2026/04/30 11:49:25	,	086462	,	925	,10.417346,1999.9000,0.25710842,-198.0624,595366.7500,34.920,604979.7500,1999.9000,
	2026/04/30 11:49:25	,	087462	,	926	,10.416850,1999.9000,0.25224301,-197.9606,595203.9375,34.912,604992.1875,1999.9000,
	2026/04/30 11:49:25	,	088462	,	927	,10.416346,1999.9000,0.24597842,-197.8757,594929.2500,34.906,604998.3750,1999.9000,
	2026/04/30 11:49:25	,	089462	,	928	,10.415716,1999.9000,0.24256255,-197.9045,594912.0000,34.906,605002.0625,1999.9000,
	2026/04/30 11:49:25	,	090462	,	929	,10.415063,1999.9000,0.24256255,-197.9045,594906.2500,34.902,605004.5625,1999.9000,
	2026/04/30 11:49:25	,	091462	,	930	,10.410904,1999.9000,0.24256255,-197.9484,594903.3750,34.898,605006.6250,1999.9000,
	2026/04/30 11:49:25	,	092462	,	931	,10.410338,1999.9000,0.24256255,-197.8656,594901.6875,34.896,604996.7500,1999.9000,
	2026/04/30 11:49:25	,	093462	,	932	,10.409812,1999.9000,0.24256258,-197.7966,594900.5000,34.896,604870.1250,1999.9000,
	2026/04/30 11:49:25	,	094462	,	933	,10.409326,1999.9000,0.24528517,-197.7390,594911.0625,34.896,604842.3750,1999.9000,
	2026/04/30 11:49:25	,	095462	,	934	,10.408854,1999.9000,0.24782504,-197.7906,595001.3750,34.898,604755.9375,1999.9000,
	2026/04/30 11:49:25	,	096462	,	935	,10.408362,1999.9000,0.25020102,-197.8335,595008.5000,34.901,604725.7500,1999.9000,
	2026/04/30 11:49:25	,	097462	,	936	,10.407783,1999.9000,0.25430384,-197.8693,595158.0625,34.903,604711.2500,1999.9000,
	2026/04/30 11:49:25	,	098462	,	937	,10.407122,1999.9000,0.26125538,-197.8693,595456.5625,34.905,604711.2500,1999.9000,
	2026/04/30 11:49:25	,	099462	,	938	,10.402831,1999.9000,0.26623428,-197.8992,595488.5000,34.909,604704.0000,1999.9000,
	2026/04/30 11:49:25	,	100462	,	939	,10.402280,1999.9000,0.26623428,-198.0235,595499.1250,34.911,604699.6875,1999.9000,
	2026/04/30 11:49:25	,	101462	,	940	,10.401739,1999.9000,0.26623428,-198.3260,595504.3750,34.914,604696.7500,1999.9000,
	2026/04/30 11:49:25	,	102462	,	941	,10.401267,1999.9000,0.26623428,-198.7883,595507.6250,34.914,604704.5625,1999.9000,
	2026/04/30 11:49:25	,	103462	,	942	,10.400811,1999.9000,0.26623425,-198.7883,595509.6875,34.914,604704.5625,1999.9000,
	2026/04/30 11:49:25	,	104462	,	943	,10.400329,1999.9000,0.26352423,-199.1623,595416.6250,34.914,604812.1875,1999.9000,
	2026/04/30 11:49:25	,	105462	,	944	,10.399728,1999.9000,0.26114196,-199.4740,595396.3750,34.915,604839.0625,1999.9000,
	2026/04/30 11:49:25	,	106462	,	945	,10.399108,1999.9000,0.25901806,-199.5348,595385.0625,34.918,604928.1250,1999.9000,
	2026/04/30 11:49:25	,	107462	,	946	,10.395057,1999.9000,0.25589839,-199.3865,595264.0625,34.920,604964.0625,1999.9000,
	2026/04/30 11:49:25	,	108462	,	947	,10.394640,1999.9000,0.24928086,-198.8651,595014.5000,34.920,605051.3750,1999.9000,
	2026/04/30 11:49:25	,	109462	,	948	,10.394073,1999.9000,0.24399319,-198.4305,594856.0000,34.919,605051.3750,1999.9000,
	2026/04/30 11:49:25	,	110462	,	949	,10.393500,1999.9000,0.24399319,-198.0684,594856.0000,34.918,605051.3750,1999.9000,
	2026/04/30 11:49:25	,	111462	,	950	,10.392942,1999.9000,0.24399315,-197.7666,594856.0000,34.918,605051.3750,1999.9000,
	2026/04/30 11:49:25	,	112462	,	951	,10.392451,1999.9000,0.24399319,-197.6146,594856.0000,34.921,605051.3750,1999.9000,
	2026/04/30 11:49:25	,	113462	,	952	,10.391842,1999.9000,0.24399319,-197.2890,594856.0000,34.923,605040.6250,1999.9000,
	2026/04/30 11:49:25	,	114462	,	953	,10.387818,1999.9000,0.24919264,-197.4547,594972.4375,34.926,604888.8750,1999.9000,
	2026/04/30 11:49:25	,	115462	,	954	,10.387446,1999.9000,0.24919264,-197.4547,594972.4375,34.926,604888.8750,1999.9000,
	2026/04/30 11:49:25	,	116462	,	955	,10.387053,1999.9000,0.25002143,-197.7526,594985.4375,34.927,604776.5000,1999.9000,
	2026/04/30 11:49:25	,	117462	,	956	,10.386620,1999.9000,0.25310013,-198.5976,595087.1250,34.928,604745.0625,1999.9000,
	2026/04/30 11:49:25	,	118462	,	957	,10.386127,1999.9000,0.25881004,-199.3019,595346.9375,34.929,604719.8750,1999.9000,
	2026/04/30 11:49:25	,	119462	,	958	,10.385605,1999.9000,0.26414818,-199.8887,595566.7500,34.930,604707.3750,1999.9000,
	2026/04/30 11:49:25	,	120462	,	959	,10.385025,1999.9000,0.26414818,-199.8804,595566.7500,34.931,604699.8125,1999.9000,
	2026/04/30 11:49:25	,	121462	,	960	,10.384398,1999.9000,0.26414818,-199.7740,595566.7500,34.931,604694.8125,1999.9000,
	2026/04/30 11:49:25	,	122462	,	961	,10.380311,1999.9000,0.26414818,-199.6853,595566.7500,34.935,604690.5625,1999.9000,
	2026/04/30 11:49:25	,	123462	,	962	,10.379924,1999.9000,0.26414818,-199.6114,595566.7500,34.938,604698.0625,1999.9000,
	2026/04/30 11:49:25	,	124462	,	963	,10.379527,1999.9000,0.26409462,-199.2514,595444.6250,34.940,604801.9375,1999.9000,
	2026/04/30 11:49:25	,	125462	,	964	,10.379038,1999.9000,0.26147598,-198.9514,595415.7500,34.939,604827.2500,1999.9000,
	2026/04/30 11:49:25	,	126462	,	965	,10.378549,1999.9000,0.25934574,-198.6020,595400.3750,34.930,604914.8750,1999.9000,
	2026/04/30 11:49:25	,	127462	,	966	,10.378141,1999.9000,0.25683114,-197.8134,595380.9375,34.931,604948.3750,1999.9000,
	2026/04/30 11:49:25	,	128462	,	967	,10.377700,1999.9000,0.25077450,-196.7583,595131.2500,34.928,605050.1250,1999.9000,
	2026/04/30 11:49:25	,	129462	,	968	,10.377146,1999.9000,0.24401836,-195.8791,594859.5000,34.922,605050.1250,1999.9000,
	2026/04/30 11:49:25	,	130462	,	969	,10.376516,1999.9000,0.24306670,-195.1464,594859.5000,34.916,605050.1250,1999.9000,
	2026/04/30 11:49:25	,	131462	,	970	,10.372298,1999.9000,0.24274950,-194.9337,594859.5000,34.911,605050.1250,1999.9000,
	2026/04/30 11:49:25	,	132462	,	971	,10.371866,1999.9000,0.24259090,-195.1544,594859.5000,34.912,605050.1250,1999.9000,
	2026/04/30 11:49:25	,	133462	,	972	,10.371465,1999.9000,0.24249570,-195.4378,594859.5000,34.913,605040.0000,1999.9000,
	2026/04/30 11:49:25	,	134462	,	973	,10.371107,1999.9000,0.24243227,-195.5744,594870.2500,34.913,604920.3125,1999.9000,
	2026/04/30 11:49:25	,	135462	,	974	,10.370667,1999.9000,0.24270082,-195.7878,594985.2500,34.914,604887.6875,1999.9000,
	2026/04/30 11:49:25	,	136462	,	975	,10.370223,1999.9000,0.24570110,-195.9656,594994.1875,34.912,604790.4375,1999.9000,
	2026/04/30 11:49:25	,	137462	,	976	,10.369696,1999.9000,0.24654876,-196.3127,595007.3125,34.902,604760.8125,1999.9000,
	2026/04/30 11:49:25	,	138462	,	977	,10.369110,1999.9000,0.25223666,-196.6020,595236.0625,34.903,604668.3750,1999.9000,
	2026/04/30 11:49:25	,	139462	,	978	,10.364882,1999.9000,0.25812310,-196.7435,595542.9375,34.903,604668.3750,1999.9000,
	2026/04/30 11:49:25	,	140462	,	979	,10.364553,1999.9000,0.25812310,-196.7621,595542.9375,34.901,604668.3750,1999.9000,
	2026/04/30 11:49:25	,	141462	,	980	,10.364285,1999.9000,0.25812307,-196.8769,595542.9375,34.899,604668.3750,1999.9000,
	2026/04/30 11:49:25	,	142462	,	981	,10.363979,1999.9000,0.25812310,-197.1716,595542.9375,34.897,604668.3750,1999.9000,
	2026/04/30 11:49:25	,	143462	,	982	,10.363665,1999.9000,0.25812310,-197.6162,595542.9375,34.895,604672.2500,1999.9000,
	2026/04/30 11:49:25	,	144462	,	983	,10.363297,1999.9000,0.25591096,-198.1855,595534.1875,34.894,604753.5625,1999.9000,
	2026/04/30 11:49:25	,	145462	,	984	,10.362796,1999.9000,0.25252658,-198.2622,595410.0625,34.893,604786.7500,1999.9000,
	2026/04/30 11:49:25	,	146462	,	985	,10.362796,1999.9000,0.24975984,-198.1270,595395.7500,34.895,604898.5000,1999.9000,
	2026/04/30 11:49:25	,	147462	,	986	,10.362226,1999.9000,0.24761704,-198.2134,595384.8125,34.897,604934.1250,1999.9000,
	2026/04/30 11:49:25	,	148462	,	987	,10.361670,1999.9000,0.24288398,-198.4843,595213.4375,34.896,605034.4375,1999.9000,
	2026/04/30 11:49:25	,	149462	,	988	,10.361058,1999.9000,0.23603956,-198.7100,594934.6250,34.897,605034.4375,1999.9000,
	2026/04/30 11:49:25	,	150462	,	989	,10.360435,1999.9000,0.23114893,-198.8982,594916.4375,34.899,605034.4375,1999.9000,
	2026/04/30 11:49:25	,	151462	,	990	,10.359796,1999.9000,0.23114893,-199.0550,594910.3750,34.900,605034.4375,1999.9000,
	2026/04/30 11:49:25	,	152462	,	991	,10.355706,1999.9000,0.23114893,-199.1856,594907.4375,34.901,605034.4375,1999.9000,
	2026/04/30 11:49:25	,	153462	,	992	,10.355155,1999.9000,0.23114893,-198.9960,594905.5625,34.900,605029.8750,1999.9000,
	2026/04/30 11:49:25	,	154462	,	993	,10.354664,1999.9000,0.23114893,-198.8381,594904.4375,34.900,604929.9375,1999.9000,
	2026/04/30 11:49:25	,	155462	,	994	,10.354269,1999.9000,0.23360054,-199.0049,594916.7500,34.898,604896.1250,1999.9000,
	2026/04/30 11:49:25	,	156462	,	995	,10.353925,1999.9000,0.23462154,-199.2433,595015.0625,34.893,604791.0625,1999.9000,
	2026/04/30 11:49:25	,	157462	,	996	,10.353605,1999.9000,0.23723070,-199.0442,595022.5000,34.888,604761.6875,1999.9000,
	2026/04/30 11:49:25	,	158462	,	997	,10.353191,1999.9000,0.24092393,-198.8782,595155.0625,34.883,604736.0625,1999.9000,
	2026/04/30 11:49:25	,	159462	,	998	,10.352688,1999.9000,0.24716960,-198.4415,595436.3125,34.879,604723.1875,1999.9000,
	2026/04/30 11:49:25	,	160462	,	999	,10.352153,1999.9000,0.24812755,-198.0775,595519.1250,34.876,604715.5000,1999.9000,
	2026/04/30 11:49:25	,	161462	,	1000	,10.351559,1999.9000,0.24844688,-197.7742,595519.1250,34.874,604710.3750,1999.9000,
	2026/04/30 11:49:25	,	162462	,	1001	,10.350945,1999.9000,0.24860653,-197.6209,595519.1250,34.874,604706.1250,1999.9000,
	2026/04/30 11:49:25	,	163462	,	1002	,10.350363,1999.9000,0.24870229,-198.1895,595519.1250,34.880,604703.0625,1999.9000,
	2026/04/30 11:49:25	,	164462	,	1003	,10.349769,1999.9000,0.24876618,-198.6634,595519.1250,34.890,604711.6250,1999.9000,
	2026/04/30 11:49:25	,	165462	,	1004	,10.349125,1999.9000,0.24564439,-198.3619,595429.7500,34.901,604819.4375,1999.9000,
	2026/04/30 11:49:25	,	166462	,	1005	,10.348503,1999.9000,0.24229783,-198.1107,595406.5000,34.909,604847.8125,1999.9000,
	2026/04/30 11:49:25	,	167462	,	1006	,10.344446,1999.9000,0.23931052,-197.9013,595390.3750,34.916,604934.1250,1999.9000,
	2026/04/30 11:49:25	,	168462	,	1007	,10.344029,1999.9000,0.23494293,-198.3237,595269.4375,34.922,604966.1250,1999.9000,
	2026/04/30 11:49:25	,	169462	,	1008	,10.343632,1999.9000,0.22761959,-198.6757,595022.8125,34.930,604991.1250,1999.9000,
	2026/04/30 11:49:25	,	170462	,	1009	,10.343307,1999.9000,0.22164494,-198.7701,594865.5000,34.937,605003.6250,1999.9000,
	2026/04/30 11:49:25	,	171462	,	1010	,10.343052,1999.9000,0.22130463,-198.8487,594865.5000,34.943,605011.1250,1999.9000,
	2026/04/30 11:49:25	,	172462	,	1011	,10.342817,1999.9000,0.22119117,-198.9143,594865.5000,34.947,605016.1875,1999.9000,
	2026/04/30 11:49:25	,	173462	,	1012	,10.342508,1999.9000,0.22113445,-198.9689,594865.5000,34.948,605020.3750,1999.9000,
	2026/04/30 11:49:25	,	174462	,	1013	,10.342112,1999.9000,0.22110040,-199.0144,594865.5000,34.947,605011.1250,1999.9000,
	2026/04/30 11:49:25	,	175462	,	1014	,10.341691,1999.9000,0.22107770,-199.0523,594959.0000,34.947,604893.6875,1999.9000,
	2026/04/30 11:49:25	,	176462	,	1015	,10.341240,1999.9000,0.22140019,-199.0839,594982.5625,34.943,604858.0625,1999.9000,
	2026/04/30 11:49:25	,	177462	,	1016	,10.340742,1999.9000,0.22462595,-199.1103,594995.3750,34.940,604748.7500,1999.9000,
	2026/04/30 11:49:25	,	178462	,	1017	,10.340227,1999.9000,0.22722882,-199.1322,595096.6875,34.937,604716.7500,1999.9000,
	2026/04/30 11:49:25	,	179462	,	1018	,10.339684,1999.9000,0.23325394,-199.1505,595362.4375,34.935,604697.3750,1999.9000,
	2026/04/30 11:49:25	,	180462	,	1019	,10.339148,1999.9000,0.23815717,-199.1658,595572.1250,34.933,604687.7500,1999.9000,
	2026/04/30 11:49:25	,	181462	,	1020	,10.338620,1999.9000,0.23815717,-199.1785,595572.1250,34.932,604681.9375,1999.9000,
	2026/04/30 11:49:25	,	182462	,	1021	,10.338137,1999.9000,0.23815712,-199.0896,595572.1250,34.931,604678.1250,1999.9000,
	2026/04/30 11:49:25	,	183462	,	1022	,10.337679,1999.9000,0.23815717,-199.0155,595572.1250,34.930,604674.8750,1999.9000,
	2026/04/30 11:49:25	,	184462	,	1023	,10.337168,1999.9000,0.23815717,-199.0532,595572.1250,34.927,604684.2500,1999.9000,
	2026/04/30 11:49:25	,	185462	,	1024	,10.336679,1999.9000,0.23482323,-199.0847,595448.1875,34.925,604796.5000,1999.9000,
	2026/04/30 11:49:25	,	186462	,	1025	,10.336235,1999.9000,0.23155227,-199.0114,595418.1250,34.924,604825.1250,1999.9000,
	2026/04/30 11:49:25	,	187462	,	1026	,10.335742,1999.9000,0.22831286,-198.9504,595402.3125,34.921,604917.8750,1999.9000,
	2026/04/30 11:49:25	,	188462	,	1027	,10.335252,1999.9000,0.22452511,-198.8995,595321.3125,34.918,604953.1875,1999.9000,
	2026/04/30 11:49:25	,	189462	,	1028	,10.334729,1999.9000,0.21730261,-198.8571,595120.5000,34.916,605042.8750,1999.9000,
	2026/04/30 11:49:25	,	190462	,	1029	,10.334205,1999.9000,0.21042670,-198.8218,594838.1250,34.915,605042.8750,1999.9000,
	2026/04/30 11:49:25	,	191462	,	1030	,10.333613,1999.9000,0.20571251,-198.6929,594838.1250,34.915,605042.8750,1999.9000,
	2026/04/30 11:49:25	,	192462	,	1031	,10.332951,1999.9000,0.20571251,-198.4860,594838.1250,34.915,605042.8750,1999.9000,
	2026/04/30 11:49:25	,	193462	,	1032	,10.332309,1999.9000,0.20571251,-198.1146,594838.1250,34.915,605042.8750,1999.9000,
	2026/04/30 11:49:25	,	194462	,	1033	,10.331729,1999.9000,0.20571251,-197.8051,594838.1250,34.915,605033.5625,1999.9000,
	2026/04/30 11:49:25	,	195462	,	1034	,10.331243,1999.9000,0.20571251,-197.2488,594850.9375,34.915,604917.2500,1999.9000,
	2026/04/30 11:49:25	,	196462	,	1035	,10.330827,1999.9000,0.20590161,-196.7852,594965.6250,34.915,604887.3125,1999.9000,
	2026/04/30 11:49:25	,	197462	,	1036	,10.330475,1999.9000,0.20606755,-196.3989,594975.1250,34.920,604788.6250,1999.9000,
	2026/04/30 11:49:25	,	198462	,	1037	,10.330127,1999.9000,0.20623316,-196.0769,594989.2500,34.924,604760.2500,1999.9000,
	2026/04/30 11:49:25	,	199462	,	1038	,10.329763,1999.9000,0.20637116,-196.1071,595220.5625,34.927,604670.8125,1999.9000,
	2026/04/30 11:49:25	,	200462	,	1039	,10.329405,1999.9000,0.20648615,-196.4306,595517.3125,34.930,604670.8125,1999.9000,
	2026/04/30 11:49:25	,	201462	,	1040	,10.329042,1999.9000,0.20658198,-196.7997,595517.3125,34.927,604670.8125,1999.9000,
	2026/04/30 11:49:25	,	202462	,	1041	,10.328630,1999.9000,0.20662619,-197.3062,595517.3125,34.922,604670.8125,1999.9000,
	2026/04/30 11:49:25	,	203462	,	1042	,10.328183,1999.9000,0.20664302,-197.7283,595517.3125,34.920,604670.8125,1999.9000,
	2026/04/30 11:49:25	,	204462	,	1043	,10.327737,1999.9000,0.19959919,-198.0801,595517.3125,34.917,604678.9375,1999.9000,
	2026/04/30 11:49:25	,	205462	,	1044	,10.327260,1999.9000,0.19158256,-198.1742,595510.0625,34.916,604792.8125,1999.9000,
	2026/04/30 11:49:25	,	206462	,	1045	,10.326783,1999.9000,0.18366048,-198.2527,595396.3750,34.914,604821.1875,1999.9000,
	2026/04/30 11:49:25	,	207462	,	1046	,10.326262,1999.9000,0.17568798,-198.2186,595382.6875,34.913,604909.4375,1999.9000,
	2026/04/30 11:49:25	,	208462	,	1047	,10.325757,1999.9000,0.16740035,-198.0908,595370.1875,34.912,604939.3125,1999.9000,
	2026/04/30 11:49:25	,	209462	,	1048	,10.325327,1999.9000,0.15581030,-197.4869,595209.8750,34.911,605040.5000,1999.9000,
	2026/04/30 11:49:25	,	210462	,	1049	,10.324948,1999.9000,0.14282735,-196.9836,594930.5000,34.910,605040.5000,1999.9000,
	2026/04/30 11:49:25	,	211462	,	1050	,10.324615,1999.9000,0.13247886,-196.5642,594908.1250,34.909,605040.5000,1999.9000,
	2026/04/30 11:49:25	,	212462	,	1051	,10.324330,1999.9000,0.12395176,-196.1152,594900.6250,34.906,605040.5000,1999.9000,
	2026/04/30 11:49:25	,	213462	,	1052	,10.324049,1999.9000,0.11817878,-195.7411,594896.9375,34.906,605040.5000,1999.9000,
	2026/04/30 11:49:25	,	214462	,	1053	,10.323785,1999.9000,0.11527968,-195.5288,594894.6875,34.903,605033.9375,1999.9000,
	2026/04/30 11:49:25	,	215462	,	1054	,10.323481,1999.9000,0.11287844,-195.3519,594893.1875,34.900,604928.6875,1999.9000,
	2026/04/30 11:49:25	,	216462	,	1055	,10.323167,1999.9000,0.10987855,-195.4034,594902.9375,34.895,604892.7500,1999.9000,
	2026/04/30 11:49:25	,	217462	,	1056	,10.322882,1999.9000,0.10653198,-195.4463,594916.1875,34.891,604795.2500,1999.9000,
	2026/04/30 11:49:25	,	218462	,	1057	,10.322608,1999.9000,0.10270642,-195.5815,595014.5000,34.887,604761.6875,1999.9000,
	2026/04/30 11:49:25	,	219462	,	1058	,10.322355,1999.9000,0.10239443,-195.8932,595149.6875,34.887,604670.2500,1999.9000,
	2026/04/30 11:49:25	,	220462	,	1059	,10.322089,1999.9000,0.10207405,-196.8492,595445.8125,34.889,604670.2500,1999.9000,
	2026/04/30 11:49:25	,	221462	,	1060	,10.321785,1999.9000,0.10168380,-197.6459,595480.4375,34.893,604670.2500,1999.9000,
	2026/04/30 11:49:25	,	222462	,	1061	,10.321507,1999.9000,0.09726746,-197.6135,595491.9375,34.902,604670.2500,1999.9000,
	2026/04/30 11:49:25	,	223462	,	1062	,10.321223,1999.9000,0.09218776,-197.3875,595497.7500,34.904,604670.2500,1999.9000,
	2026/04/30 11:49:25	,	224462	,	1063	,10.320989,1999.9000,0.08456186,-197.3982,595501.1875,34.906,604675.6250,1999.9000,
	2026/04/30 11:49:25	,	225462	,	1064	,10.320792,1999.9000,0.07605996,-197.3076,595503.4375,34.907,604776.5000,1999.9000,
	2026/04/30 11:49:25	,	226462	,	1065	,10.320623,1999.9000,0.06797400,-197.2321,595422.5625,34.912,604802.8125,1999.9000,
	2026/04/30 11:49:25	,	227462	,	1066	,10.320454,1999.9000,0.06039856,-196.9702,595399.6250,34.912,604894.3125,1999.9000,
	2026/04/30 11:49:25	,	228462	,	1067	,10.320312,1999.9000,0.05296175,-196.7520,595386.5000,34.911,604932.0625,1999.9000,
	2026/04/30 11:49:25	,	229462	,	1068	,10.320179,1999.9000,0.04307333,-196.5702,595280.1875,34.909,605036.8125,1999.9000,
	2026/04/30 11:49:25	,	230462	,	1069	,10.320053,1999.9000,0.03003997,-196.6176,595035.8750,34.907,605036.8125,1999.9000,
	2026/04/30 11:49:25	,	231462	,	1070	,10.319939,1999.9000,0.01881544,-196.8560,594842.2500,34.905,605036.8125,1999.9000,
	2026/04/30 11:49:25	,	232462	,	1071	,10.319838,1999.9000,0.00945641,-197.3532,594842.2500,34.906,605036.8125,1999.9000,
	2026/04/30 11:49:25	,	233462	,	1072	,10.319695,1999.9000,0.00241667,-197.7674,594842.2500,34.910,605036.8125,1999.9000,
	2026/04/30 11:49:25	,	234462	,	1073	,10.319545,1999.9000,-0.00094251,-198.1127,594842.2500,34.917,605033.7500,1999.9000,
	2026/04/30 11:49:25	,	235462	,	1074	,10.319421,1999.9000,-0.00192252,-198.4004,594842.2500,34.923,604945.6250,1999.9000,
	2026/04/30 11:49:25	,	236462	,	1075	,10.319317,1999.9000,-0.00521553,-198.6401,594942.3750,34.928,604910.9375,1999.9000,
	2026/04/30 11:49:25	,	237462	,	1076	,10.319225,1999.9000,-0.00801378,-198.8399,594960.8750,34.932,604805.5000,1999.9000,
	2026/04/30 11:49:25	,	238462	,	1077	,10.319149,1999.9000,-0.01124060,-198.9069,594973.1250,34.935,604777.1250,1999.9000,
	2026/04/30 11:49:25	,	239462	,	1078	,10.319081,1999.9000,-0.01126581,-198.8633,595084.7500,34.938,604752.9375,1999.9000,
	2026/04/30 11:49:25	,	240462	,	1079	,10.319018,1999.9000,-0.01129733,-198.8269,595339.1875,34.937,604740.5625,1999.9000,
	2026/04/30 11:49:25	,	241462	,	1080	,10.318967,1999.9000,-0.01172587,-198.7966,595565.6250,34.937,604733.1250,1999.9000,
	2026/04/30 11:49:25	,	242462	,	1081	,10.318923,1999.9000,-0.01200824,-198.7714,595565.6250,34.933,604728.1875,1999.9000,
	2026/04/30 11:49:25	,	243462	,	1082	,10.318887,1999.9000,-0.01669846,-198.7504,595565.6250,34.933,604724.1250,1999.9000,
	2026/04/30 11:49:25	,	244462	,	1083	,10.318837,1999.9000,-0.02303866,-198.7328,595565.6250,34.930,604720.6250,1999.9000,
	2026/04/30 11:49:25	,	245462	,	1084	,10.318796,1999.9000,-0.02303866,-198.7182,595565.6250,34.931,604728.7500,1999.9000,
	2026/04/30 11:49:25	,	246462	,	1085	,10.318796,1999.9000,-0.03844796,-198.8055,595449.3750,34.931,604832.1250,1999.9000,
	2026/04/30 11:49:25	,	247462	,	1086	,10.318733,1999.9000,-0.04546252,-198.8783,595424.3750,34.932,604860.8125,1999.9000,
	2026/04/30 11:49:25	,	248462	,	1087	,10.318725,1999.9000,-0.05200439,-198.9389,595411.8750,34.938,604947.4375,1999.9000,
	2026/04/30 11:49:25	,	249462	,	1088	,10.318717,1999.9000,-0.05945381,-198.9894,595393.0625,34.943,604980.3750,1999.9000,
	2026/04/30 11:49:25	,	250462	,	1089	,10.318710,1999.9000,-0.07048297,-198.9320,595130.0625,34.948,605071.2500,1999.9000,
	2026/04/30 11:49:25	,	251462	,	1090	,10.318705,1999.9000,-0.08075585,-198.8842,594841.6875,34.946,605071.2500,1999.9000,
	2026/04/30 11:49:25	,	252462	,	1091	,10.318701,1999.9000,-0.08902457,-198.6454,594841.6875,34.950,605071.2500,1999.9000,
	2026/04/30 11:49:25	,	253462	,	1092	,10.318707,1999.9000,-0.09551603,-198.2475,594841.6875,34.955,605071.2500,1999.9000,
	2026/04/30 11:49:25	,	254462	,	1093	,10.318712,1999.9000,-0.09876176,-197.9158,594841.6875,34.957,605071.2500,1999.9000,
	2026/04/30 11:49:25	,	255462	,	1094	,10.318736,1999.9000,-0.09929116,-197.6395,594841.6875,34.960,605071.2500,1999.9000,
	2026/04/30 11:49:25	,	256462	,	1095	,10.318770,1999.9000,-0.09986676,-197.4092,594855.0000,34.961,604987.3125,1999.9000,
	2026/04/30 11:49:25	,	257462	,	1096	,10.318816,1999.9000,-0.10031055,-197.2173,594982.2500,34.951,604952.2500,1999.9000,
	2026/04/30 11:49:25	,	258462	,	1097	,10.318881,1999.9000,-0.10061339,-197.0574,594995.3750,34.942,604849.6250,1999.9000,
	2026/04/30 11:49:25	,	259462	,	1098	,10.318967,1999.9000,-0.10094343,-197.1230,595008.5000,34.934,604816.3750,1999.9000,
	2026/04/30 11:49:25	,	260462	,	1099	,10.319057,1999.9000,-0.10339400,-196.9788,595234.3125,34.931,604719.7500,1999.9000,
	2026/04/30 11:49:25	,	261462	,	1100	,10.319133,1999.9000,-0.10353579,-197.0576,595542.3750,34.929,604697.3750,1999.9000,
	2026/04/30 11:49:25	,	262462	,	1101	,10.319275,1999.9000,-0.10390238,-197.2227,595542.3750,34.926,604690.0000,1999.9000,
	2026/04/30 11:49:25	,	263462	,	1102	,10.319425,1999.9000,-0.10441813,-197.3603,595542.3750,34.921,604686.2500,1999.9000,
	2026/04/30 11:49:25	,	264462	,	1103	,10.319552,1999.9000,-0.10745273,-197.4750,595542.3750,34.920,604684.0625,1999.9000,
	2026/04/30 11:49:25	,	265462	,	1104	,10.319749,1999.9000,-0.11352191,-197.2721,595542.3750,34.920,604682.5625,1999.9000,
	2026/04/30 11:49:25	,	266462	,	1105	,10.319963,1999.9000,-0.11962262,-197.1031,595533.3125,34.919,604691.4375,1999.9000,
	2026/04/30 11:49:25	,	267462	,	1106	,10.320150,1999.9000,-0.12525065,-196.8627,595411.8750,34.918,604794.6250,1999.9000,
	2026/04/30 11:49:25	,	268462	,	1107	,10.320312,1999.9000,-0.12525065,-196.0656,595395.5000,34.921,604823.3125,1999.9000,
	2026/04/30 11:49:25	,	269462	,	1108	,10.320521,1999.9000,-0.13042492,-195.2023,595379.5000,34.926,604928.1250,1999.9000,
	2026/04/30 11:49:25	,	270462	,	1109	,10.320756,1999.9000,-0.13569370,-194.4830,595208.6875,34.927,604962.5625,1999.9000,
	2026/04/30 11:49:25	,	271462	,	1110	,10.321046,1999.9000,-0.14467458,-193.8835,594947.7500,34.924,605058.0000,1999.9000,
	2026/04/30 11:49:25	,	272462	,	1111	,10.321346,1999.9000,-0.15436134,-193.3839,594917.0625,34.921,605058.0000,1999.9000,
	2026/04/30 11:49:25	,	273462	,	1112	,10.321662,1999.9000,-0.16182336,-193.1666,594906.8750,34.917,605058.0000,1999.9000,
	2026/04/30 11:49:25	,	274462	,	1113	,10.321974,1999.9000,-0.16765307,-193.6818,594901.7500,34.914,605058.0000,1999.9000,
	2026/04/30 11:49:25	,	275462	,	1114	,10.322283,1999.9000,-0.17062150,-194.4095,594898.6875,34.912,605058.0000,1999.9000,
	2026/04/30 11:49:25	,	276462	,	1115	,10.322561,1999.9000,-0.17062464,-195.0160,594896.6250,34.911,605047.6875,1999.9000,
	2026/04/30 11:49:25	,	277462	,	1116	,10.322833,1999.9000,-0.17068240,-195.7204,594908.1250,34.911,604913.6250,1999.9000,
	2026/04/30 11:49:25	,	278462	,	1117	,10.323133,1999.9000,-0.17071128,-196.3073,594996.0000,34.910,604879.1875,1999.9000,
	2026/04/30 11:49:25	,	279462	,	1118	,10.323478,1999.9000,-0.17072862,-196.7964,595004.0625,34.914,604768.6250,1999.9000,
	2026/04/30 11:49:25	,	280462	,	1119	,10.323791,1999.9000,-0.17075488,-197.3035,595141.9375,34.919,604737.3125,1999.9000,
	2026/04/30 11:49:25	,	281462	,	1120	,10.324161,1999.9000,-0.17085555,-197.6266,595433.9375,34.923,604711.1250,1999.9000,
	2026/04/30 11:49:25	,	282462	,	1121	,10.324597,1999.9000,-0.17099196,-197.6969,595526.8750,34.926,604698.0000,1999.9000,
	2026/04/30 11:49:25	,	283462	,	1122	,10.325036,1999.9000,-0.17114238,-197.7554,595526.8750,34.927,604690.1250,1999.9000,
	2026/04/30 11:49:25	,	284462	,	1123	,10.325470,1999.9000,-0.17146838,-197.8042,595526.8750,34.928,604684.8750,1999.9000,
	2026/04/30 11:49:25	,	285462	,	1124	,10.325897,1999.9000,-0.17779358,-197.8449,595526.8750,34.929,604680.5625,1999.9000,
	2026/04/30 11:49:25	,	286462	,	1125	,10.326323,1999.9000,-0.18776396,-197.8449,595526.8750,34.930,604687.8750,1999.9000,
	2026/04/30 11:49:25	,	287462	,	1126	,10.326766,1999.9000,-0.19927840,-197.5257,595427.3750,34.931,604798.2500,1999.9000,
	2026/04/30 11:49:25	,	288462	,	1127	,10.327152,1999.9000,-0.21070462,-197.3144,595405.6250,34.931,604826.9375,1999.9000,
	2026/04/30 11:49:25	,	289462	,	1128	,10.327497,1999.9000,-0.22152580,-197.0388,595395.4375,34.932,604915.4375,1999.9000,
	2026/04/30 11:49:25	,	290462	,	1129	,10.327890,1999.9000,-0.23149617,-196.8092,595287.9375,34.932,604948.6875,1999.9000,
	2026/04/30 11:49:25	,	291462	,	1130	,10.328351,1999.9000,-0.24307366,-196.6178,595044.2500,34.932,605067.0625,1999.9000,
	2026/04/30 11:49:25	,	292462	,	1131	,10.328863,1999.9000,-0.25607544,-196.4583,594851.8125,34.933,605067.0625,1999.9000,
	2026/04/30 11:49:25	,	293462	,	1132	,10.329310,1999.9000,-0.26632312,-196.2259,594851.8125,34.931,605067.0625,1999.9000,
	2026/04/30 11:49:25	,	294462	,	1133	,10.329803,1999.9000,-0.27428934,-196.0323,594851.8125,34.929,605067.0625,1999.9000,
	2026/04/30 11:49:25	,	295462	,	1134	,10.330377,1999.9000,-0.27969044,-195.9704,594851.8125,34.926,605067.0625,1999.9000,
	2026/04/30 11:49:25	,	296462	,	1135	,10.330880,1999.9000,-0.28070515,-195.9188,594851.8125,34.925,605060.5625,1999.9000,
	2026/04/30 11:49:25	,	297462	,	1136	,10.331348,1999.9000,-0.28139213,-195.8758,594943.0000,34.923,604955.3125,1999.9000,
	2026/04/30 11:49:25	,	298462	,	1137	,10.331888,1999.9000,-0.28434163,-195.8400,594968.0000,34.922,604924.5000,1999.9000,
	2026/04/30 11:49:25	,	299462	,	1138	,10.332491,1999.9000,-0.28651595,-196.1086,594982.2500,34.921,604829.6875,1999.9000,
	2026/04/30 11:49:25	,	300462	,	1139	,10.333093,1999.9000,-0.28658527,-196.0340,595093.1250,34.918,604791.5625,1999.9000,
	2026/04/30 11:49:25	,	301462	,	1140	,10.333700,1999.9000,-0.28677645,-196.4692,595350.5000,34.916,604688.9375,1999.9000,
	2026/04/30 11:49:25	,	302462	,	1141	,10.334294,1999.9000,-0.28703430,-196.8318,595558.4375,34.916,604688.9375,1999.9000,
	2026/04/30 11:49:25	,	303462	,	1142	,10.334884,1999.9000,-0.28744239,-197.2335,595558.4375,34.915,604688.9375,1999.9000,
	2026/04/30 11:49:25	,	304462	,	1143	,10.335424,1999.9000,-0.28779006,-197.7672,595558.4375,34.910,604688.9375,1999.9000,
	2026/04/30 11:49:25	,	305462	,	1144	,10.335950,1999.9000,-0.29084569,-198.2120,595558.4375,34.906,604688.9375,1999.9000,
	2026/04/30 11:49:25	,	306462	,	1145	,10.336508,1999.9000,-0.29664388,-198.3836,595558.4375,34.899,604691.0000,1999.9000,
	2026/04/30 11:49:25	,	307462	,	1146	,10.337115,1999.9000,-0.30396724,-198.4272,595441.6250,34.891,604772.9375,1999.9000,
	2026/04/30 11:49:25	,	308462	,	1147	,10.337741,1999.9000,-0.31121498,-198.4635,595413.9375,34.886,604804.0000,1999.9000,
	2026/04/30 11:49:25	,	309462	,	1148	,10.338378,1999.9000,-0.31834295,-198.4938,595397.5000,34.886,604890.6875,1999.9000,
	2026/04/30 11:49:25	,	310462	,	1149	,10.339032,1999.9000,-0.32504237,-198.0216,595311.1875,34.894,604919.0625,1999.9000,
	2026/04/30 11:49:25	,	311462	,	1150	,10.343076,1999.9000,-0.33329222,-197.6282,595112.7500,34.895,605026.5625,1999.9000,
	2026/04/30 11:49:25	,	312462	,	1151	,10.343463,1999.9000,-0.34492010,-197.3003,594837.5000,34.895,605037.7500,1999.9000,
	2026/04/30 11:49:25	,	313462	,	1152	,10.343761,1999.9000,-0.35538834,-197.0271,594837.5000,34.895,605041.4375,1999.9000,
	2026/04/30 11:49:25	,	314462	,	1153	,10.344133,1999.9000,-0.36403522,-196.7994,594837.5000,34.896,605043.3125,1999.9000,
	2026/04/30 11:49:25	,	315462	,	1154	,10.344501,1999.9000,-0.37096155,-196.6096,594837.5000,34.896,605044.4375,1999.9000,
	2026/04/30 11:49:25	,	316462	,	1155	,10.344813,1999.9000,-0.37468621,-196.5510,594837.5000,34.896,605045.1875,1999.9000,
	2026/04/30 11:49:25	,	317462	,	1156	,10.345235,1999.9000,-0.37566942,-196.7011,594917.9375,34.896,605035.0000,1999.9000,
	2026/04/30 11:49:25	,	318462	,	1157	,10.345689,1999.9000,-0.37889624,-197.3235,594948.3750,34.895,604913.0000,1999.9000,
	2026/04/30 11:49:25	,	319462	,	1158	,10.346151,1999.9000,-0.38168818,-197.8422,594967.8125,34.894,604880.6250,1999.9000,
	2026/04/30 11:49:25	,	320462	,	1159	,10.346682,1999.9000,-0.38511038,-198.2744,594985.0000,34.893,604793.4375,1999.9000,
	2026/04/30 11:49:25	,	321462	,	1160	,10.347286,1999.9000,-0.38601476,-198.6346,595217.6250,34.892,604759.3125,1999.9000,
	2026/04/30 11:49:25	,	322462	,	1161	,10.347935,1999.9000,-0.38639185,-198.9348,595512.5625,34.893,604738.0625,1999.9000,
	2026/04/30 11:49:25	,	323462	,	1162	,10.348545,1999.9000,-0.38671905,-198.7871,595512.5625,34.892,604727.4375,1999.9000,
	2026/04/30 11:49:25	,	324462	,	1163	,10.349168,1999.9000,-0.38933927,-198.6639,595512.5625,34.890,604721.0625,1999.9000,
	2026/04/30 11:49:25	,	325462	,	1164	,10.353293,1999.9000,-0.39306399,-198.1634,595512.5625,34.888,604716.8125,1999.9000,
	2026/04/30 11:49:25	,	326462	,	1165	,10.353784,1999.9000,-0.39947352,-197.7464,595512.5625,34.886,604713.3125,1999.9000,
	2026/04/30 11:49:25	,	327462	,	1166	,10.354246,1999.9000,-0.40760356,-197.7464,595507.0000,34.885,604722.1875,1999.9000,
	2026/04/30 11:49:25	,	328462	,	1167	,10.354655,1999.9000,-0.41556346,-197.3988,595410.6875,34.883,604826.6875,1999.9000,
	2026/04/30 11:49:25	,	329462	,	1168	,10.355039,1999.9000,-0.42320195,-197.1091,595410.6875,34.877,604858.6250,1999.9000,
	2026/04/30 11:49:25	,	330462	,	1169	,10.355453,1999.9000,-0.43067661,-196.8678,595381.1250,34.873,604957.1250,1999.9000,
	2026/04/30 11:49:25	,	331462	,	1170	,10.355942,1999.9000,-0.43892640,-196.6666,595207.5000,34.869,604986.4375,1999.9000,
	2026/04/30 11:49:25	,	332462	,	1171	,10.356518,1999.9000,-0.45103326,-196.3996,594928.1250,34.866,605010.3125,1999.9000,
	2026/04/30 11:49:25	,	333462	,	1172	,10.357077,1999.9000,-0.46335444,-196.3759,594908.1250,34.867,605022.2500,1999.9000,
	2026/04/30 11:49:25	,	334462	,	1173	,10.357697,1999.9000,-0.47346973,-196.3562,594901.5000,34.878,605029.3750,1999.9000,
	2026/04/30 11:49:25	,	335462	,	1174	,10.361842,1999.9000,-0.48180151,-196.4393,594898.1250,34.889,605034.1875,1999.9000,
	2026/04/30 11:49:25	,	336462	,	1175	,10.362363,1999.9000,-0.48699465,-196.5085,594898.1250,34.898,605038.1875,1999.9000,
	2026/04/30 11:49:25	,	337462	,	1176	,10.362717,1999.9000,-0.48986220,-196.5662,594896.1250,34.905,605027.8125,1999.9000,
	2026/04/30 11:49:25	,	338462	,	1177	,10.363101,1999.9000,-0.49296299,-196.6143,594894.8125,34.912,604899.1250,1999.9000,
	2026/04/30 11:49:25	,	339462	,	1178	,10.363535,1999.9000,-0.49683267,-196.6543,594917.5000,34.917,604869.2500,1999.9000,
	2026/04/30 11:49:25	,	340462	,	1179	,10.363535,1999.9000,-0.50111198,-196.8866,595006.1250,34.914,604781.9375,1999.9000,
	2026/04/30 11:49:25	,	341462	,	1180	,10.363947,1999.9000,-0.50516438,-197.0803,595149.6875,34.911,604756.2500,1999.9000,
	2026/04/30 11:49:25	,	342462	,	1181	,10.364465,1999.9000,-0.50540704,-197.1421,595447.6250,34.909,604732.0000,1999.9000,
	2026/04/30 11:49:25	,	343462	,	1182	,10.365056,1999.9000,-0.50550473,-197.1937,595447.6250,34.909,604719.8750,1999.9000,
	2026/04/30 11:49:25	,	344462	,	1183	,10.365658,1999.9000,-0.50834709,-197.3361,595485.1875,34.907,604712.6250,1999.9000,
	2026/04/30 11:49:25	,	345462	,	1184	,10.366262,1999.9000,-0.51275879,-197.4548,595503.9375,34.902,604707.8125,1999.9000,
	2026/04/30 11:49:25	,	346462	,	1185	,10.370689,1999.9000,-0.51975441,-197.5537,595503.9375,34.902,604703.6875,1999.9000,
	2026/04/30 11:49:25	,	347462	,	1186	,10.371211,1999.9000,-0.52911341,-197.5367,595507.6250,34.900,604709.6250,1999.9000,
	2026/04/30 11:49:25	,	348462	,	1187	,10.371713,1999.9000,-0.53871828,-197.5225,595510.1250,34.899,604807.9375,1999.9000,
	2026/04/30 11:49:25	,	349462	,	1188	,10.372216,1999.9000,-0.54790086,-197.5106,595429.7500,34.899,604836.0000,1999.9000,
	2026/04/30 11:49:25	,	350462	,	1189	,10.372673,1999.9000,-0.55681241,-197.3018,595393.8125,34.898,604925.6875,1999.9000,
	2026/04/30 11:49:25	,	351462	,	1190	,10.373048,1999.9000,-0.56560421,-197.2273,595393.8125,34.898,604963.4375,1999.9000,
	2026/04/30 11:49:25	,	352462	,	1191	,10.373524,1999.9000,-0.57729518,-197.2646,595270.6875,34.897,605088.7500,1999.9000,
	2026/04/30 11:49:25	,	353462	,	1192	,10.374109,1999.9000,-0.59009528,-197.2958,595016.8750,34.894,605088.7500,1999.9000,
	2026/04/30 11:49:25	,	354462	,	1193	,10.374765,1999.9000,-0.60012233,-197.3217,594854.7500,34.891,605088.7500,1999.9000,
	2026/04/30 11:49:25	,	355462	,	1194	,10.378881,1999.9000,-0.60836589,-197.3433,594854.7500,34.889,605088.7500,1999.9000,
	2026/04/30 11:49:25	,	356462	,	1195	,10.379388,1999.9000,-0.61415148,-197.3614,594854.7500,34.887,605088.7500,1999.9000,
	2026/04/30 11:49:25	,	357462	,	1196	,10.379905,1999.9000,-0.61713880,-197.3764,594854.7500,34.886,605077.7500,1999.9000,
	2026/04/30 11:49:25	,	358462	,	1197	,10.380416,1999.9000,-0.61998749,-197.2894,594854.7500,34.883,604960.1250,1999.9000,
	2026/04/30 11:49:25	,	359462	,	1198	,10.380896,1999.9000,-0.62372482,-197.5154,594950.1250,34.881,604928.1250,1999.9000,
	2026/04/30 11:49:25	,	360462	,	1199	,10.381350,1999.9000,-0.62823725,-197.7037,594970.0625,34.879,604820.6250,1999.9000,
	2026/04/30 11:49:25	,	361462	,	1200	,10.381886,1999.9000,-0.63302708,-197.8606,594977.6875,34.884,604781.3125,1999.9000,
	2026/04/30 11:49:25	,	362462	,	1201	,10.382478,1999.9000,-0.63363212,-197.9913,595057.9375,34.887,604684.6875,1999.9000,
	2026/04/30 11:49:25	,	363462	,	1202	,10.383116,1999.9000,-0.63405228,-198.1998,595315.9375,34.890,604684.6875,1999.9000,
	2026/04/30 11:49:25	,	364462	,	1203	,10.387312,1999.9000,-0.63439780,-198.6719,595571.5000,34.890,604684.6875,1999.9000,
	2026/04/30 11:49:25	,	365462	,	1204	,10.387848,1999.9000,-0.63815093,-199.0653,595571.5000,34.890,604684.6875,1999.9000,
	2026/04/30 11:49:25	,	366462	,	1205	,10.388404,1999.9000,-0.64312983,-199.4927,595571.5000,34.889,604684.6875,1999.9000,
	2026/04/30 11:49:25	,	367462	,	1206	,10.388898,1999.9000,-0.65090698,-199.8488,595571.5000,34.889,604690.6875,1999.9000,
	2026/04/30 11:49:25	,	368462	,	1207	,10.389415,1999.9000,-0.65969247,-200.1455,595571.5000,34.889,604790.4375,1999.9000,
	2026/04/30 11:49:25	,	369462	,	1208	,10.389938,1999.9000,-0.66809982,-200.3928,595447.6250,34.889,604820.3125,1999.9000,
	2026/04/30 11:49:25	,	370462	,	1209	,10.390543,1999.9000,-0.67578244,-200.4995,595413.6875,34.889,604915.4375,1999.9000,
	2026/04/30 11:49:25	,	371462	,	1210	,10.391191,1999.9000,-0.68277180,-200.2899,595393.8125,34.889,604945.9375,1999.9000,
	2026/04/30 11:49:25	,	372462	,	1211	,10.395205,1999.9000,-0.69187236,-199.9163,595311.1875,34.890,605054.3750,1999.9000,
	2026/04/30 11:49:25	,	373462	,	1212	,10.395786,1999.9000,-0.70413053,-199.6049,595112.7500,34.896,605054.3750,1999.9000,
	2026/04/30 11:49:25	,	374462	,	1213	,10.396378,1999.9000,-0.71493912,-199.3455,594836.3125,34.896,605054.3750,1999.9000,
	2026/04/30 11:49:25	,	375462	,	1214	,10.396896,1999.9000,-0.72393262,-198.7314,594836.3125,34.896,605054.3750,1999.9000,
	2026/04/30 11:49:25	,	376462	,	1215	,10.397404,1999.9000,-0.73065090,-198.2197,594836.3125,34.901,605054.3750,1999.9000,
	2026/04/30 11:49:25	,	377462	,	1216	,10.397862,1999.9000,-0.73403525,-197.7932,594836.3125,34.908,605052.5000,1999.9000,
	2026/04/30 11:49:25	,	378462	,	1217	,10.398457,1999.9000,-0.73498696,-197.8357,594836.3125,34.915,604968.6250,1999.9000,
	2026/04/30 11:49:25	,	379462	,	1218	,10.402504,1999.9000,-0.73828316,-197.8712,594940.0000,34.921,604933.0000,1999.9000,
	2026/04/30 11:49:25	,	380462	,	1219	,10.403040,1999.9000,-0.74110663,-197.9007,594961.6875,34.927,604836.9375,1999.9000,
	2026/04/30 11:49:25	,	381462	,	1220	,10.403516,1999.9000,-0.74393010,-198.0248,594973.1250,34.934,604803.3750,1999.9000,
	2026/04/30 11:49:25	,	382462	,	1221	,10.403971,1999.9000,-0.74410337,-198.1282,594985.1250,34.940,604705.2500,1999.9000,
	2026/04/30 11:49:25	,	383462	,	1222	,10.404428,1999.9000,-0.74416322,-198.2143,595217.0625,34.945,604705.2500,1999.9000,
	2026/04/30 11:49:25	,	384462	,	1223	,10.404891,1999.9000,-0.74451613,-198.2861,595516.1250,34.949,604705.2500,1999.9000,
	2026/04/30 11:49:25	,	385462	,	1224	,10.405471,1999.9000,-0.74480361,-198.2465,595516.1250,34.950,604705.2500,1999.9000,
	2026/04/30 11:49:25	,	386462	,	1225	,10.409742,1999.9000,-0.74911058,-198.2135,595516.1250,34.949,604705.2500,1999.9000,
	2026/04/30 11:49:25	,	387462	,	1226	,10.410190,1999.9000,-0.75540036,-198.1859,595516.1250,34.948,604708.1250,1999.9000,
	2026/04/30 11:49:25	,	388462	,	1227	,10.410656,1999.9000,-0.76315230,-198.1630,595516.1250,34.947,604798.8750,1999.9000,
	2026/04/30 11:49:25	,	389462	,	1228	,10.411083,1999.9000,-0.77058280,-198.1439,595508.0625,34.946,604831.8125,1999.9000,
	2026/04/30 11:49:25	,	390462	,	1229	,10.411602,1999.9000,-0.77764148,-198.1280,595394.5625,34.940,604927.5625,1999.9000,
	2026/04/30 11:49:25	,	391462	,	1230	,10.412111,1999.9000,-0.78404468,-198.0152,595388.6875,34.934,604956.2500,1999.9000,
	2026/04/30 11:49:25	,	392462	,	1231	,10.412645,1999.9000,-0.79133654,-197.9212,595378.8750,34.926,605042.2500,1999.9000,
	2026/04/30 11:49:25	,	393462	,	1232	,10.413294,1999.9000,-0.80229634,-197.9424,595218.1875,34.920,605054.9375,1999.9000,
	2026/04/30 11:49:25	,	394462	,	1233	,10.417606,1999.9000,-0.81256300,-197.8606,594941.1250,34.915,605059.1875,1999.9000,
	2026/04/30 11:49:25	,	395462	,	1234	,10.418128,1999.9000,-0.82087582,-197.7924,594907.1875,34.910,605061.3125,1999.9000,
	2026/04/30 11:49:25	,	396462	,	1235	,10.418659,1999.9000,-0.82749957,-197.7356,594895.8750,34.906,605062.6250,1999.9000,
	2026/04/30 11:49:25	,	397462	,	1236	,10.419111,1999.9000,-0.83062559,-197.6882,594890.1875,34.903,605063.4375,1999.9000,
	2026/04/30 11:49:25	,	398462	,	1237	,10.419573,1999.9000,-0.83095646,-197.6488,594886.8125,34.901,605051.5625,1999.9000,
	2026/04/30 11:49:25	,	399462	,	1238	,10.420044,1999.9000,-0.83106679,-197.6159,594884.5625,34.900,604920.8750,1999.9000,
	2026/04/30 11:49:25	,	400462	,	1239	,10.420570,1999.9000,-0.83112192,-197.8869,594895.3750,34.900,604889.1875,1999.9000,
	2026/04/30 11:49:25	,	401462	,	1240	,10.421155,1999.9000,-0.83115500,-197.9138,594982.8750,34.899,604783.8125,1999.9000,
	2026/04/30 11:49:25	,	402462	,	1241	,10.425322,1999.9000,-0.83117706,-197.9362,594990.6250,34.899,604751.5000,1999.9000,
	2026/04/30 11:49:25	,	403462	,	1242	,10.425798,1999.9000,-0.83084249,-198.1538,595123.5000,34.899,604731.0625,1999.9000,
	2026/04/30 11:49:25	,	404462	,	1243	,10.426294,1999.9000,-0.83056372,-198.3352,595415.4375,34.898,604720.8125,1999.9000,
	2026/04/30 11:49:25	,	405462	,	1244	,10.426826,1999.9000,-0.83033139,-198.5858,595512.5625,34.897,604714.6875,1999.9000,
	2026/04/30 11:49:25	,	406462	,	1245	,10.427407,1999.9000,-0.83013779,-198.7946,595512.5625,34.895,604710.6250,1999.9000,
	2026/04/30 11:49:25	,	407462	,	1246	,10.427928,1999.9000,-0.82997644,-198.8692,595512.5625,34.894,604707.2500,1999.9000,
	2026/04/30 11:49:25	,	408462	,	1247	,10.428516,1999.9000,-0.83014548,-198.9313,595512.5625,34.890,604707.2500,1999.9000,
	2026/04/30 11:49:25	,	409462	,	1248	,10.429175,1999.9000,-0.83610868,-198.7841,595512.5625,34.883,604716.3750,1999.9000,
	2026/04/30 11:49:25	,	410462	,	1249	,10.433455,1999.9000,-0.84102446,-198.4626,595417.8125,34.878,604825.4375,1999.9000,
	2026/04/30 11:49:25	,	411462	,	1250	,10.433961,1999.9000,-0.84568828,-197.9956,595396.1250,34.874,604854.7500,1999.9000,
	2026/04/30 11:49:25	,	412462	,	1251	,10.434446,1999.9000,-0.85061049,-197.4076,595382.6875,34.870,604952.2500,1999.9000,
	2026/04/30 11:49:25	,	413462	,	1252	,10.434928,1999.9000,-0.85915017,-196.9175,595273.6875,34.870,604990.9375,1999.9000,
	2026/04/30 11:49:25	,	414462	,	1253	,10.435390,1999.9000,-0.86890620,-196.5091,595035.8750,34.870,605080.9375,1999.9000,
	2026/04/30 11:49:25	,	415462	,	1254	,10.435871,1999.9000,-0.87658256,-196.3678,594862.5000,34.874,605080.9375,1999.9000,
	2026/04/30 11:49:25	,	416462	,	1255	,10.436477,1999.9000,-0.88234293,-196.2500,594862.5000,34.880,605080.9375,1999.9000,
	2026/04/30 11:49:25	,	417462	,	1256	,10.440871,1999.9000,-0.88234293,-196.1518,594862.5000,34.884,605080.9375,1999.9000,
	2026/04/30 11:49:25	,	418462	,	1257	,10.441214,1999.9000,-0.88234299,-196.0700,594862.5000,34.888,605080.9375,1999.9000,
	2026/04/30 11:49:25	,	419462	,	1258	,10.441635,1999.9000,-0.88234293,-196.2007,594862.5000,34.891,605068.7500,1999.9000,
	2026/04/30 11:49:25	,	420462	,	1259	,10.442047,1999.9000,-0.88234293,-196.3097,594957.2500,34.893,604937.1875,1999.9000,
	2026/04/30 11:49:25	,	421462	,	1260	,10.442479,1999.9000,-0.88214439,-196.4005,594974.5000,34.896,604902.1875,1999.9000,
	2026/04/30 11:49:25	,	422462	,	1261	,10.442941,1999.9000,-0.87965184,-196.5757,594984.8125,34.899,604804.3125,1999.9000,
	2026/04/30 11:49:25	,	423462	,	1262	,10.443480,1999.9000,-0.87500691,-196.7216,595075.8125,34.900,604780.4375,1999.9000,
	2026/04/30 11:49:25	,	424462	,	1263	,10.444074,1999.9000,-0.86895031,-196.8433,595335.5625,34.901,604755.5625,1999.9000,
	2026/04/30 11:49:25	,	425462	,	1264	,10.444736,1999.9000,-0.86895031,-196.8452,595552.5000,34.902,604743.1875,1999.9000,
	2026/04/30 11:49:25	,	426462	,	1265	,10.449063,1999.9000,-0.86895043,-196.8467,595552.5000,34.898,604735.7500,1999.9000,
	2026/04/30 11:49:25	,	427462	,	1266	,10.449748,1999.9000,-0.86895031,-196.8481,595552.5000,34.890,604730.7500,1999.9000,
	2026/04/30 11:49:25	,	428462	,	1267	,10.450254,1999.9000,-0.86895031,-196.7497,595552.5000,34.884,604726.5625,1999.9000,
	2026/04/30 11:49:25	,	429462	,	1268	,10.450701,1999.9000,-0.87258053,-196.6677,595552.5000,34.878,604732.7500,1999.9000,
	2026/04/30 11:49:25	,	430462	,	1269	,10.451154,1999.9000,-0.87626737,-196.5994,595436.8750,34.874,604826.6875,1999.9000,
	2026/04/30 11:49:25	,	431462	,	1270	,10.451590,1999.9000,-0.87927997,-196.5424,595407.9375,34.870,604855.3750,1999.9000,
	2026/04/30 11:49:25	,	432462	,	1271	,10.452097,1999.9000,-0.88164335,-196.4950,595388.6250,34.867,604944.4375,1999.9000,
	2026/04/30 11:49:25	,	433462	,	1272	,10.452718,1999.9000,-0.88633233,-196.4554,595303.4375,34.866,604976.7500,1999.9000,
	2026/04/30 11:49:25	,	434462	,	1273	,10.456748,1999.9000,-0.89308220,-196.2235,595109.8125,34.876,605090.5625,1999.9000,
	2026/04/30 11:49:25	,	435462	,	1274	,10.457017,1999.9000,-0.89354539,-196.1298,594825.6250,34.884,605090.5625,1999.9000,
	2026/04/30 11:49:25	,	436462	,	1275	,10.457364,1999.9000,-0.89369977,-196.0516,594825.6250,34.891,605090.5625,1999.9000,
	2026/04/30 11:49:25	,	437462	,	1276	,10.457828,1999.9000,-0.89377701,-195.9865,594825.6250,34.896,605090.5625,1999.9000,
	2026/04/30 11:49:25	,	438462	,	1277	,10.458345,1999.9000,-0.89382339,-195.8328,594825.6250,34.901,605090.5625,1999.9000,
	2026/04/30 11:49:25	,	439462	,	1278	,10.458784,1999.9000,-0.89385420,-195.7047,594825.6250,34.905,605080.5625,1999.9000,
	2026/04/30 11:49:25	,	440462	,	1279	,10.459279,1999.9000,-0.89097089,-195.5979,594937.6250,34.908,604963.7500,1999.9000,
	2026/04/30 11:49:25	,	441462	,	1280	,10.459856,1999.9000,-0.88813484,-195.5089,594959.3750,34.911,604932.3750,1999.9000,
	2026/04/30 11:49:25	,	442462	,	1281	,10.460495,1999.9000,-0.88555717,-195.5343,594972.3750,34.913,604835.1250,1999.9000,
	2026/04/30 11:49:25	,	443462	,	1282	,10.464494,1999.9000,-0.88088709,-196.1522,594986.8125,34.914,604803.6875,1999.9000,
	2026/04/30 11:49:25	,	444462	,	1283	,10.464955,1999.9000,-0.87338722,-196.6672,595226.5625,34.914,604717.9375,1999.9000,
	2026/04/30 11:49:25	,	445462	,	1284	,10.465318,1999.9000,-0.86780965,-197.0963,595527.4375,34.914,604717.9375,1999.9000,
	2026/04/30 11:49:25	,	446462	,	1285	,10.465722,1999.9000,-0.86780965,-197.4539,595527.4375,34.916,604717.9375,1999.9000,
	2026/04/30 11:49:25	,	447462	,	1286	,10.466203,1999.9000,-0.86522561,-197.7519,595527.4375,34.917,604717.9375,1999.9000,
	2026/04/30 11:49:25	,	448462	,	1287	,10.466693,1999.9000,-0.86522567,-197.9008,595527.4375,34.920,604717.9375,1999.9000,
	2026/04/30 11:49:25	,	449462	,	1288	,10.467245,1999.9000,-0.86522561,-197.8259,595527.4375,34.919,604722.0625,1999.9000,
	2026/04/30 11:49:25	,	450462	,	1289	,10.467863,1999.9000,-0.86522561,-197.7635,595517.1875,34.914,604820.0625,1999.9000,
	2026/04/30 11:49:25	,	451462	,	1290	,10.468503,1999.9000,-0.86539477,-197.7115,595383.2500,34.910,604847.5000,1999.9000,
	2026/04/30 11:49:25	,	452462	,	1291	,10.469121,1999.9000,-0.86539477,-197.5687,595368.0625,34.914,604934.7500,1999.9000,
	2026/04/30 11:49:25	,	453462	,	1292	,10.469785,1999.9000,-0.86567646,-197.4497,595355.6875,34.917,604964.0000,1999.9000,
	2026/04/30 11:49:25	,	454462	,	1293	,10.473996,1999.9000,-0.86929071,-197.6489,595205.6875,34.920,605064.0625,1999.9000,
	2026/04/30 11:49:25	,	455462	,	1294	,10.474487,1999.9000,-0.87485564,-197.8149,594934.6250,34.915,605070.3750,1999.9000,
	2026/04/30 11:49:25	,	456462	,	1295	,10.474949,1999.9000,-0.87485564,-197.9533,594901.2500,34.907,605072.5000,1999.9000,
	2026/04/30 11:49:25	,	457462	,	1296	,10.475389,1999.9000,-0.87485564,-198.0686,594890.1250,34.901,605073.5625,1999.9000,
	2026/04/30 11:49:25	,	458462	,	1297	,10.475807,1999.9000,-0.87485564,-198.1647,594884.6250,34.896,605074.1875,1999.9000,
	2026/04/30 11:49:25	,	459462	,	1298	,10.476146,1999.9000,-0.87485564,-197.9463,594881.2500,34.891,605074.6250,1999.9000,
	2026/04/30 11:49:25	,	460462	,	1299	,10.476611,1999.9000,-0.87466347,-197.7644,594879.0625,34.888,605062.8125,1999.9000,
	2026/04/30 11:49:25	,	461462	,	1300	,10.477150,1999.9000,-0.86941040,-197.8117,594891.1250,34.885,604944.4375,1999.9000,
	2026/04/30 11:49:25	,	462462	,	1301	,10.477712,1999.9000,-0.86560380,-197.8511,594980.5000,34.884,604907.2500,1999.9000,
	2026/04/30 11:49:25	,	463462	,	1302	,10.478239,1999.9000,-0.86195475,-197.8840,594986.7500,34.886,604795.8750,1999.9000,
	2026/04/30 11:49:25	,	464462	,	1303	,10.478832,1999.9000,-0.85703254,-197.9114,595130.0625,34.889,604773.1875,1999.9000,
	2026/04/30 11:49:25	,	465462	,	1304	,10.479383,1999.9000,-0.84825337,-198.1331,595436.3125,34.892,604764.0000,1999.9000,
	2026/04/30 11:49:25	,	466462	,	1305	,10.479989,1999.9000,-0.84022415,-198.3180,595469.9375,34.894,604759.4375,1999.9000,
	2026/04/30 11:49:25	,	467462	,	1306	,10.480618,1999.9000,-0.83392805,-198.4720,595481.1875,34.896,604756.6875,1999.9000,
	2026/04/30 11:49:25	,	468462	,	1307	,10.484868,1999.9000,-0.82884204,-198.6003,595486.7500,34.898,604754.9375,1999.9000,
	2026/04/30 11:49:25	,	469462	,	1308	,10.485360,1999.9000,-0.82599330,-198.7072,595490.1250,34.898,604753.4375,1999.9000,
	2026/04/30 11:49:25	,	470462	,	1309	,10.485744,1999.9000,-0.82541037,-198.7964,595492.3750,34.898,604765.2500,1999.9000,
	2026/04/30 11:49:25	,	471462	,	1310	,10.486001,1999.9000,-0.82480013,-198.8706,595402.9375,34.896,604885.2500,1999.9000,
	2026/04/30 11:49:25	,	472462	,	1311	,10.486329,1999.9000,-0.82227498,-198.9325,595386.2500,34.896,604907.6250,1999.9000,
	2026/04/30 11:49:25	,	473462	,	1312	,10.486676,1999.9000,-0.82227498,-198.9841,595374.5000,34.900,604929.5625,1999.9000,
	2026/04/30 11:49:25	,	474462	,	1313	,10.487061,1999.9000,-0.82218045,-199.2260,595273.0625,34.898,605047.6875,1999.9000,
	2026/04/30 11:49:25	,	475462	,	1314	,10.487549,1999.9000,-0.82186371,-199.4276,595049.0000,34.896,605064.5625,1999.9000,
	2026/04/30 11:49:25	,	476462	,	1315	,10.488021,1999.9000,-0.82155395,-199.5957,594835.7500,34.895,605070.2500,1999.9000,
	2026/04/30 11:49:25	,	477462	,	1316	,10.488544,1999.9000,-0.82129073,-199.8351,594835.7500,34.895,605073.0625,1999.9000,
	2026/04/30 11:49:25	,	478462	,	1317	,10.489118,1999.9000,-0.81840527,-200.0347,594835.7500,34.894,605074.7500,1999.9000,
	2026/04/30 11:49:25	,	479462	,	1318	,10.489632,1999.9000,-0.81742209,-200.1015,594835.7500,34.893,605075.9375,1999.9000,
	2026/04/30 11:49:25	,	480462	,	1319	,10.490199,1999.9000,-0.80905253,-200.2567,594835.7500,34.891,605065.0000,1999.9000,
	2026/04/30 11:49:25	,	481462	,	1320	,10.490730,1999.9000,-0.80128801,-200.3860,594936.3750,34.889,604945.6250,1999.9000,
	2026/04/30 11:49:25	,	482462	,	1321	,10.490730,1999.9000,-0.79397094,-200.3943,594954.5625,34.887,604912.1250,1999.9000,
	2026/04/30 11:49:25	,	483462	,	1322	,10.491887,1999.9000,-0.78731561,-200.2022,594964.8125,34.889,604818.1875,1999.9000,
	2026/04/30 11:49:25	,	484462	,	1323	,10.492485,1999.9000,-0.78100067,-200.3406,595063.3125,34.890,604792.1875,1999.9000,
	2026/04/30 11:49:25	,	485462	,	1324	,10.493103,1999.9000,-0.77159119,-200.4559,595327.8125,34.893,604765.2500,1999.9000,
	2026/04/30 11:49:25	,	486462	,	1325	,10.493677,1999.9000,-0.76174688,-200.5520,595548.8750,34.895,604751.7500,1999.9000,
	2026/04/30 11:49:25	,	487462	,	1326	,10.494249,1999.9000,-0.75422817,-200.6321,595548.8750,34.897,604743.6250,1999.9000,
	2026/04/30 11:49:25	,	488462	,	1327	,10.494826,1999.9000,-0.74803919,-200.6988,595548.8750,34.900,604738.1875,1999.9000,
	2026/04/30 11:49:25	,	489462	,	1328	,10.495391,1999.9000,-0.74420732,-200.7544,595548.8750,34.904,604733.6875,1999.9000,
	2026/04/30 11:49:25	,	490462	,	1329	,10.495990,1999.9000,-0.74344790,-200.9003,595548.8750,34.917,604741.3125,1999.9000,
	2026/04/30 11:49:25	,	491462	,	1330	,10.496539,1999.9000,-0.74128932,-201.0218,595436.3125,34.916,604844.7500,1999.9000,
	2026/04/30 11:49:25	,	492462	,	1331	,10.497106,1999.9000,-0.73907089,-201.1230,595405.0000,34.916,604870.1250,1999.9000,
	2026/04/30 11:49:25	,	493462	,	1332	,10.497698,1999.9000,-0.73605841,-200.7101,595386.6250,34.922,604957.6875,1999.9000,
	2026/04/30 11:49:25	,	494462	,	1333	,10.498246,1999.9000,-0.73368233,-199.8685,595367.1875,34.927,604992.7500,1999.9000,
	2026/04/30 11:49:25	,	495462	,	1334	,10.498816,1999.9000,-0.73357838,-199.1673,595120.5000,34.935,605113.5625,1999.9000,
	2026/04/30 11:49:25	,	496462	,	1335	,10.499357,1999.9000,-0.73325592,-198.5829,594836.8750,34.940,605113.5625,1999.9000,
	2026/04/30 11:49:25	,	497462	,	1336	,10.499826,1999.9000,-0.73297018,-198.5933,594836.8750,34.946,605113.5625,1999.9000,
	2026/04/30 11:49:25	,	498462	,	1337	,10.500313,1999.9000,-0.73273069,-198.3035,594836.8750,34.950,605113.5625,1999.9000,
	2026/04/30 11:49:25	,	499462	,	1338	,10.500836,1999.9000,-0.72741783,-198.0620,594836.8750,34.950,605113.5625,1999.9000,
	2026/04/30 11:49:25	,	500462	,	1339	,10.501357,1999.9000,-0.71952724,-197.8608,594836.8750,34.950,605101.7500,1999.9000,
	2026/04/30 11:49:25	,	501462	,	1340	,10.501882,1999.9000,-0.71050227,-197.9915,594846.5625,34.954,604972.8125,1999.9000,
	2026/04/30 11:49:25	,	502462	,	1341	,10.502337,1999.9000,-0.70180494,-198.1004,594948.8750,34.954,604946.8125,1999.9000,
	2026/04/30 11:49:25	,	503462	,	1342	,10.502743,1999.9000,-0.69366229,-198.1912,594962.3125,34.950,604862.3125,1999.9000,
	2026/04/30 11:49:25	,	504462	,	1343	,10.503180,1999.9000,-0.68606162,-198.2669,594980.5000,34.940,604827.8125,1999.9000,
	2026/04/30 11:49:25	,	505462	,	1344	,10.503544,1999.9000,-0.67595255,-198.3299,595209.3125,34.931,604719.7500,1999.9000,
	2026/04/30 11:49:25	,	506462	,	1345	,10.503936,1999.9000,-0.66384572,-198.0840,595505.3750,34.932,604719.7500,1999.9000,
	2026/04/30 11:49:25	,	507462	,	1346	,10.504408,1999.9000,-0.65390682,-197.7796,595505.3750,34.930,604719.7500,1999.9000,
	2026/04/30 11:49:25	,	508462	,	1347	,10.504889,1999.9000,-0.64569485,-197.3271,595505.3750,34.929,604719.7500,1999.9000,
	2026/04/30 11:49:25	,	509462	,	1348	,10.505375,1999.9000,-0.63937986,-196.9499,595505.3750,34.930,604719.7500,1999.9000,
	2026/04/30 11:49:25	,	510462	,	1349	,10.505805,1999.9000,-0.63546610,-196.6356,595505.3750,34.929,604730.5000,1999.9000,
	2026/04/30 11:49:25	,	511462	,	1350	,10.506204,1999.9000,-0.63238418,-196.3737,595497.4375,34.927,604845.9375,1999.9000,
	2026/04/30 11:49:25	,	512462	,	1351	,10.506664,1999.9000,-0.62901878,-196.3543,595382.0625,34.925,604869.8125,1999.9000,
	2026/04/30 11:49:25	,	513462	,	1352	,10.507104,1999.9000,-0.62540120,-196.0398,595367.8125,34.923,604954.0625,1999.9000,
	2026/04/30 11:49:25	,	514462	,	1353	,10.507474,1999.9000,-0.62156308,-195.7777,595355.5000,34.924,604986.1250,1999.9000,
	2026/04/30 11:49:25	,	515462	,	1354	,10.507821,1999.9000,-0.62097377,-195.8577,595198.5625,34.922,605088.1875,1999.9000,
	2026/04/30 11:49:25	,	516462	,	1355	,10.508152,1999.9000,-0.62049794,-196.3223,594924.5000,34.920,605088.1875,1999.9000,
	2026/04/30 11:49:25	,	517462	,	1356	,10.508472,1999.9000,-0.62023169,-196.7094,594897.4375,34.917,605088.1875,1999.9000,
	2026/04/30 11:49:25	,	518462	,	1357	,10.508819,1999.9000,-0.61663461,-197.0321,594888.3750,34.912,605088.1875,1999.9000,
	2026/04/30 11:49:25	,	519462	,	1358	,10.509181,1999.9000,-0.61189520,-197.4004,594883.8750,34.908,605088.1875,1999.9000,
	2026/04/30 11:49:25	,	520462	,	1359	,10.509533,1999.9000,-0.60357606,-197.7073,594881.1875,34.903,605079.3125,1999.9000,
	2026/04/30 11:49:25	,	521462	,	1360	,10.509834,1999.9000,-0.59395862,-197.9631,594879.4375,34.899,604956.5625,1999.9000,
	2026/04/30 11:49:25	,	522462	,	1361	,10.509834,1999.9000,-0.58500928,-197.9631,594889.4375,34.896,604922.3750,1999.9000,
	2026/04/30 11:49:25	,	523462	,	1362	,10.510453,1999.9000,-0.57689810,-198.3539,594901.5000,34.890,604829.0625,1999.9000,
	2026/04/30 11:49:25	,	524462	,	1363	,10.510717,1999.9000,-0.56977010,-198.5019,594987.6250,34.888,604804.3125,1999.9000,
	2026/04/30 11:49:25	,	525462	,	1364	,10.510972,1999.9000,-0.56138790,-198.6252,595121.6875,34.887,604711.3125,1999.9000,
	2026/04/30 11:49:25	,	526462	,	1365	,10.511194,1999.9000,-0.54954571,-198.7280,595411.8750,34.885,604711.3125,1999.9000,
	2026/04/30 11:49:25	,	527462	,	1366	,10.511399,1999.9000,-0.53877503,-198.8137,595508.3750,34.884,604711.3125,1999.9000,
	2026/04/30 11:49:25	,	528462	,	1367	,10.511609,1999.9000,-0.52935922,-198.6861,595508.3750,34.886,604711.3125,1999.9000,
	2026/04/30 11:49:25	,	529462	,	1368	,10.511859,1999.9000,-0.52113461,-198.5798,595508.3750,34.891,604711.3125,1999.9000,
	2026/04/30 11:49:25	,	530462	,	1369	,10.512116,1999.9000,-0.51565152,-198.1928,595508.3750,34.897,604713.8750,1999.9000,
	2026/04/30 11:49:25	,	531462	,	1370	,10.512331,1999.9000,-0.51212853,-197.8703,595508.3750,34.901,604800.6875,1999.9000,
	2026/04/30 11:49:25	,	532462	,	1371	,10.512526,1999.9000,-0.50882608,-197.6015,595407.0625,34.905,604831.1875,1999.9000,
	2026/04/30 11:49:25	,	533462	,	1372	,10.512526,1999.9000,-0.50513923,-197.3776,595386.8125,34.907,604916.0000,1999.9000,
	2026/04/30 11:49:25	,	534462	,	1373	,10.512727,1999.9000,-0.50077164,-197.2904,595375.7500,34.908,604950.8125,1999.9000,
	2026/04/30 11:49:25	,	535462	,	1374	,10.512924,1999.9000,-0.49696502,-197.2178,595270.0625,34.908,605054.9375,1999.9000,
	2026/04/30 11:49:25	,	536462	,	1375	,10.513114,1999.9000,-0.49680746,-197.4557,595037.1250,34.906,605054.9375,1999.9000,
	2026/04/30 11:49:25	,	537462	,	1376	,10.513288,1999.9000,-0.49656165,-197.6539,594844.6250,34.905,605054.9375,1999.9000,
	2026/04/30 11:49:25	,	538462	,	1377	,10.513432,1999.9000,-0.49358064,-197.8191,594844.6250,34.900,605054.9375,1999.9000,
	2026/04/30 11:49:25	,	539462	,	1378	,10.513553,1999.9000,-0.48989370,-197.9568,594844.6250,34.894,605054.9375,1999.9000,
	2026/04/30 11:49:25	,	540462	,	1379	,10.513652,1999.9000,-0.48329514,-198.0715,594844.6250,34.888,605052.3125,1999.9000,
	2026/04/30 11:49:25	,	541462	,	1380	,10.513736,1999.9000,-0.47471130,-198.1671,594844.6250,34.882,604969.2500,1999.9000,
	2026/04/30 11:49:25	,	542462	,	1381	,10.513804,1999.9000,-0.46625352,-198.1473,594932.2500,34.877,604937.5000,1999.9000,
	2026/04/30 11:49:25	,	543462	,	1382	,10.513862,1999.9000,-0.45824319,-198.3297,594953.6875,34.873,604845.3750,1999.9000,
	2026/04/30 11:49:25	,	544462	,	1383	,10.513910,1999.9000,-0.45054170,-198.8797,594966.0000,34.871,604814.8750,1999.9000,
	2026/04/30 11:49:25	,	545462	,	1384	,10.513994,1999.9000,-0.44236749,-199.4374,595065.1250,34.869,604716.1250,1999.9000,
	2026/04/30 11:49:25	,	546462	,	1385	,10.514080,1999.9000,-0.43080261,-199.9022,595314.1875,34.867,604716.1250,1999.9000,
	2026/04/30 11:49:25	,	547462	,	1386	,10.514172,1999.9000,-0.41923147,-200.2896,595547.1250,34.866,604716.1250,1999.9000,
	2026/04/30 11:49:25	,	548462	,	1387	,10.514248,1999.9000,-0.40996695,-200.6123,595547.1250,34.874,604716.1250,1999.9000,
	2026/04/30 11:49:25	,	549462	,	1388	,10.514312,1999.9000,-0.40247345,-200.8813,595547.1250,34.881,604716.1250,1999.9000,
	2026/04/30 11:49:25	,	550462	,	1389	,10.514374,1999.9000,-0.39778447,-201.1054,595547.1250,34.887,604718.1875,1999.9000,
	2026/04/30 11:49:25	,	551462	,	1390	,10.514425,1999.9000,-0.39547148,-201.2922,595547.1250,34.892,604729.5625,1999.9000,
	2026/04/30 11:49:25	,	552462	,	1391	,10.514468,1999.9000,-0.39443475,-201.4479,595430.3125,34.897,604835.1250,1999.9000,
	2026/04/30 11:49:25	,	553462	,	1392	,10.514496,1999.9000,-0.39102200,-201.4479,595398.4375,34.902,604866.5625,1999.9000,
	2026/04/30 11:49:25	,	554462	,	1393	,10.514518,1999.9000,-0.38824895,-201.5776,595380.0625,34.904,604959.5000,1999.9000,
	2026/04/30 11:49:25	,	555462	,	1394	,10.514536,1999.9000,-0.38805044,-201.4868,595361.1875,34.904,604990.9375,1999.9000,
	2026/04/30 11:49:25	,	556462	,	1395	,10.514551,1999.9000,-0.38786873,-201.3116,595115.1250,34.905,605014.0625,1999.9000,
	2026/04/30 11:49:25	,	557462	,	1396	,10.514565,1999.9000,-0.38745958,-200.8672,594832.7500,34.900,605025.6250,1999.9000,
	2026/04/30 11:49:25	,	558462	,	1397	,10.514576,1999.9000,-0.38719523,-200.4968,594832.7500,34.897,605032.6250,1999.9000,
	2026/04/30 11:49:25	,	559462	,	1398	,10.514565,1999.9000,-0.38692862,-199.6909,594832.7500,34.894,605037.2500,1999.9000,
	2026/04/30 11:49:25	,	560462	,	1399	,10.514556,1999.9000,-0.38209152,-199.5166,594832.7500,34.891,605041.1250,1999.9000,
	2026/04/30 11:49:25	,	561462	,	1400	,10.514547,1999.9000,-0.37496355,-199.3713,594832.7500,34.889,605033.3125,1999.9000,
	2026/04/30 11:49:25	,	562462	,	1401	,10.514516,1999.9000,-0.36729985,-199.1494,594845.7500,34.887,604923.8750,1999.9000,
	2026/04/30 11:49:25	,	563462	,	1402	,10.514465,1999.9000,-0.36013404,-199.1494,594962.0000,34.886,604888.5625,1999.9000,
	2026/04/30 11:49:25	,	564462	,	1403	,10.514422,1999.9000,-0.35336530,-199.2643,594971.2500,34.885,604784.3750,1999.9000,
	2026/04/30 11:49:25	,	565462	,	1404	,10.514386,1999.9000,-0.34681082,-199.3601,594986.2500,34.884,604756.2500,1999.9000,
	2026/04/30 11:49:25	,	566462	,	1405	,10.514338,1999.9000,-0.33744547,-199.4398,595213.4375,34.880,604756.2500,1999.9000,
	2026/04/30 11:49:25	,	567462	,	1406	,10.514237,1999.9000,-0.32681337,-199.5063,595528.0625,34.877,604732.1875,1999.9000,
	2026/04/30 11:49:25	,	568462	,	1407	,10.514124,1999.9000,-0.31893539,-199.5618,595528.0625,34.877,604720.1875,1999.9000,
	2026/04/30 11:49:25	,	569462	,	1408	,10.513940,1999.9000,-0.31279054,-199.3095,595528.0625,34.877,604713.0000,1999.9000,
	2026/04/30 11:49:25	,	570462	,	1409	,10.513782,1999.9000,-0.30889571,-199.0993,595528.0625,34.878,604708.1250,1999.9000,
	2026/04/30 11:49:25	,	571462	,	1410	,10.513619,1999.9000,-0.30817091,-198.7252,595528.0625,34.878,604704.1875,1999.9000,
	2026/04/30 11:49:25	,	572462	,	1411	,10.513480,1999.9000,-0.30759951,-197.9161,595518.7500,34.878,604710.8125,1999.9000,
	2026/04/30 11:49:25	,	573462	,	1412	,10.513314,1999.9000,-0.30708063,-197.2418,595398.7500,34.878,604803.0625,1999.9000,
	2026/04/30 11:49:25	,	574462	,	1413	,10.513165,1999.9000,-0.30676928,-196.6799,595386.5625,34.880,604829.6875,1999.9000,
	2026/04/30 11:49:25	,	575462	,	1414	,10.512986,1999.9000,-0.30656171,-196.2116,595376.8750,34.883,604930.5625,1999.9000,
	2026/04/30 11:49:25	,	576462	,	1415	,10.512813,1999.9000,-0.30627951,-196.2193,595224.1875,34.885,604965.2500,1999.9000,
	2026/04/30 11:49:25	,	577462	,	1416	,10.512663,1999.9000,-0.30603385,-196.3252,594953.1250,34.890,605077.8750,1999.9000,
	2026/04/30 11:49:25	,	578462	,	1417	,10.512519,1999.9000,-0.30295256,-196.4134,594920.5625,34.894,605077.8750,1999.9000,
	2026/04/30 11:49:25	,	579462	,	1418	,10.512304,1999.9000,-0.30242944,-196.5864,594909.8125,34.895,605077.8750,1999.9000,
	2026/04/30 11:49:25	,	580462	,	1419	,10.512071,1999.9000,-0.30225509,-197.3274,594904.3750,34.898,605077.8750,1999.9000,
	2026/04/30 11:49:25	,	581462	,	1420	,10.511841,1999.9000,-0.29942322,-197.9449,594901.1250,34.903,605077.8750,1999.9000,
	2026/04/30 11:49:25	,	582462	,	1421	,10.511616,1999.9000,-0.29298219,-197.8627,594898.9375,34.906,605069.9375,1999.9000,
	2026/04/30 11:49:25	,	583462	,	1422	,10.511353,1999.9000,-0.28712726,-197.7941,594907.6875,34.909,604948.6875,1999.9000,
	2026/04/30 11:49:25	,	584462	,	1423	,10.511059,1999.9000,-0.28177655,-197.7370,594919.3125,34.912,604913.6875,1999.9000,
	2026/04/30 11:49:25	,	585462	,	1424	,10.510744,1999.9000,-0.27673465,-197.6894,594931.0000,34.912,604806.7500,1999.9000,
	2026/04/30 11:49:25	,	586462	,	1425	,10.510405,1999.9000,-0.26973268,-197.6498,595109.8125,34.910,604768.9375,1999.9000,
	2026/04/30 11:49:25	,	587462	,	1426	,10.510036,1999.9000,-0.25968671,-197.6167,595404.1250,34.906,604673.1875,1999.9000,
	2026/04/30 11:49:25	,	588462	,	1427	,10.509640,1999.9000,-0.25132975,-197.4897,595492.3125,34.903,604673.1875,1999.9000,
	2026/04/30 11:49:25	,	589462	,	1428	,10.509234,1999.9000,-0.24413875,-197.3838,595492.3125,34.901,604673.1875,1999.9000,
	2026/04/30 11:49:25	,	590462	,	1429	,10.508822,1999.9000,-0.23782375,-197.1962,595492.3125,34.899,604673.1875,1999.9000,
	2026/04/30 11:49:25	,	591462	,	1430	,10.508474,1999.9000,-0.23297721,-197.0398,595492.3125,34.897,604673.1875,1999.9000,
	2026/04/30 11:49:25	,	592462	,	1431	,10.508090,1999.9000,-0.22831346,-196.9094,595492.3125,34.895,604680.8125,1999.9000,
	2026/04/30 11:49:25	,	593462	,	1432	,10.507666,1999.9000,-0.22249638,-196.8008,595400.5625,34.896,604786.1875,1999.9000,
	2026/04/30 11:49:25	,	594462	,	1433	,10.507257,1999.9000,-0.21562049,-196.7103,595380.3125,34.903,604817.0000,1999.9000,
	2026/04/30 11:49:25	,	595462	,	1434	,10.506847,1999.9000,-0.20791267,-196.5354,595365.1875,34.912,604911.1875,1999.9000,
	2026/04/30 11:49:25	,	596462	,	1435	,10.506482,1999.9000,-0.20126995,-196.3896,595261.1250,34.918,604943.8750,1999.9000,
	2026/04/30 11:49:25	,	597462	,	1436	,10.506083,1999.9000,-0.19813137,-196.2682,595035.8750,34.924,605054.9375,1999.9000,
	2026/04/30 11:49:25	,	598462	,	1437	,10.505625,1999.9000,-0.19431844,-196.1670,594840.5000,34.929,605054.9375,1999.9000,
	2026/04/30 11:49:25	,	599462	,	1438	,10.505164,1999.9000,-0.18946558,-196.0826,594840.5000,34.933,605054.9375,1999.9000,
	2026/04/30 11:49:25	,	600462	,	1439	,10.504676,1999.9000,-0.18361069,-196.1118,594840.5000,34.933,605054.9375,1999.9000,
	2026/04/30 11:49:25	,	601462	,	1440	,10.504205,1999.9000,-0.17527895,-196.1361,594840.5000,34.934,605054.9375,1999.9000,
	2026/04/30 11:49:25	,	602462	,	1441	,10.503813,1999.9000,-0.16581906,-196.1564,594840.5000,34.933,605049.7500,1999.9000,
	2026/04/30 11:49:25	,	603462	,	1442	,10.503371,1999.9000,-0.15736127,-196.2728,594937.6250,34.931,604944.4375,1999.9000,
	2026/04/30 11:49:25	,	604462	,	1443	,10.502804,1999.9000,-0.15015134,-196.3697,594956.6875,34.923,604913.9375,1999.9000,
	2026/04/30 11:49:25	,	605462	,	1444	,10.502257,1999.9000,-0.14396872,-196.8484,594964.1875,34.915,604818.8125,1999.9000,
	2026/04/30 11:49:25	,	606462	,	1445	,10.501698,1999.9000,-0.13735753,-197.2474,595053.1875,34.908,604782.2500,1999.9000,
	2026/04/30 11:49:25	,	607462	,	1446	,10.501168,1999.9000,-0.12755732,-197.5798,595307.5625,34.901,604688.3750,1999.9000,
	2026/04/30 11:49:25	,	608462	,	1447	,10.500651,1999.9000,-0.11863945,-197.9563,595569.7500,34.896,604688.3750,1999.9000,
	2026/04/30 11:49:25	,	609462	,	1448	,10.500095,1999.9000,-0.11193372,-198.2701,595569.7500,34.892,604688.3750,1999.9000,
	2026/04/30 11:49:25	,	610462	,	1449	,10.499534,1999.9000,-0.10663342,-198.7305,595569.7500,34.888,604688.3750,1999.9000,
	2026/04/30 11:49:25	,	611462	,	1450	,10.498987,1999.9000,-0.10367762,-199.1142,595569.7500,34.885,604688.3750,1999.9000,
	2026/04/30 11:49:25	,	612462	,	1451	,10.498430,1999.9000,-0.10311040,-199.5333,595569.7500,34.882,604689.5000,1999.9000,
	2026/04/30 11:49:25	,	613462	,	1452	,10.497843,1999.9000,-0.10251798,-199.7832,595450.6250,34.885,604702.3125,1999.9000,
	2026/04/30 11:49:25	,	614462	,	1453	,10.497230,1999.9000,-0.10201536,-199.7925,595419.6250,34.885,604824.2500,1999.9000,
	2026/04/30 11:49:25	,	615462	,	1454	,10.496610,1999.9000,-0.10166590,-199.8002,595401.7500,34.886,604852.0000,1999.9000,
	2026/04/30 11:49:25	,	616462	,	1455	,10.496019,1999.9000,-0.10131948,-199.8066,595383.4375,34.883,604942.6250,1999.9000,
	2026/04/30 11:49:25	,	617462	,	1456	,10.495392,1999.9000,-0.09828907,-199.6131,595152.6875,34.881,604978.2500,1999.9000,
	2026/04/30 11:49:25	,	618462	,	1457	,10.494745,1999.9000,-0.09823550,-199.4517,594866.6875,34.882,604994.9375,1999.9000,
	2026/04/30 11:49:25	,	619462	,	1458	,10.494102,1999.9000,-0.09799495,-198.9194,594866.6875,34.883,605003.3125,1999.9000,
	2026/04/30 11:49:25	,	620462	,	1459	,10.489963,1999.9000,-0.09751544,-198.3763,594866.6875,34.884,605008.3125,1999.9000,
	2026/04/30 11:49:25	,	621462	,	1460	,10.489605,1999.9000,-0.09332909,-197.9238,594866.6875,34.883,605011.6250,1999.9000,
	2026/04/30 11:49:25	,	622462	,	1461	,10.489257,1999.9000,-0.08562760,-197.3477,594866.6875,34.882,605014.4375,1999.9000,
	2026/04/30 11:49:25	,	623462	,	1462	,10.488897,1999.9000,-0.07788828,-196.8676,594872.3125,34.882,605004.3125,1999.9000,
	2026/04/30 11:49:25	,	624462	,	1463	,10.488633,1999.9000,-0.07067835,-196.4675,594960.8750,34.881,604882.8125,1999.9000,
	2026/04/30 11:49:25	,	625462	,	1464	,10.488419,1999.9000,-0.06380245,-196.1342,594971.8125,34.881,604852.0000,1999.9000,
	2026/04/30 11:49:25	,	626462	,	1465	,10.488081,1999.9000,-0.05671228,-196.0553,594989.0000,34.882,604756.5625,1999.9000,
	2026/04/30 11:49:25	,	627462	,	1466	,10.487591,1999.9000,-0.04610537,-195.9895,595215.8125,34.883,604727.8750,1999.9000,
	2026/04/30 11:49:25	,	628462	,	1467	,10.487033,1999.9000,-0.03448378,-195.9348,595513.1250,34.882,604718.3125,1999.9000,
	2026/04/30 11:49:25	,	629462	,	1468	,10.486493,1999.9000,-0.02515626,-195.8891,595513.1250,34.882,604713.5625,1999.9000,
	2026/04/30 11:49:25	,	630462	,	1469	,10.485905,1999.9000,-0.01734760,-196.1495,595513.1250,34.881,604710.6875,1999.9000,
	2026/04/30 11:49:25	,	631462	,	1470	,10.485246,1999.9000,-0.01190234,-196.4660,595513.1250,34.881,604708.7500,1999.9000,
	2026/04/30 11:49:25	,	632462	,	1471	,10.481026,1999.9000,-0.00875746,-196.7297,595513.1250,34.877,604707.1875,1999.9000,
	2026/04/30 11:49:25	,	633462	,	1472	,10.480742,1999.9000,-0.00600963,-196.8500,595510.5000,34.875,604714.6875,1999.9000,
	2026/04/30 11:49:25	,	634462	,	1473	,10.480320,1999.9000,-0.00275129,-196.9502,595416.6250,34.874,604805.5000,1999.9000,
	2026/04/30 11:49:25	,	635462	,	1474	,10.479841,1999.9000,0.00111206,-197.0338,595397.5625,34.871,604837.2500,1999.9000,
	2026/04/30 11:49:25	,	636462	,	1475	,10.479404,1999.9000,0.00111206,-197.1034,595382.2500,34.870,604936.5625,1999.9000,
	2026/04/30 11:49:25	,	637462	,	1476	,10.479054,1999.9000,0.00561827,-197.1614,595218.8125,34.870,604971.5625,1999.9000,
	2026/04/30 11:49:25	,	638462	,	1477	,10.478623,1999.9000,0.00653526,-197.2097,594947.7500,34.871,604996.3750,1999.9000,
	2026/04/30 11:49:25	,	639462	,	1478	,10.478106,1999.9000,0.00691237,-197.2500,594908.1250,34.872,605008.7500,1999.9000,
	2026/04/30 11:49:25	,	640462	,	1479	,10.477530,1999.9000,0.00993539,-197.1841,594894.8750,34.878,605016.1875,1999.9000,
	2026/04/30 11:49:25	,	641462	,	1480	,10.476871,1999.9000,0.01355294,-196.9303,594888.2500,34.884,605021.1250,1999.9000,
	2026/04/30 11:49:25	,	642462	,	1481	,10.472775,1999.9000,0.01943938,-196.7187,594884.3750,34.889,605025.2500,1999.9000,
	2026/04/30 11:49:25	,	643462	,	1482	,10.472387,1999.9000,0.02858415,-196.3434,594884.3750,34.894,605017.2500,1999.9000,
	2026/04/30 11:49:25	,	644462	,	1483	,10.471931,1999.9000,0.03810701,-196.6276,594894.5625,34.897,604905.1250,1999.9000,
	2026/04/30 11:49:25	,	645462	,	1484	,10.471441,1999.9000,0.04684842,-196.8644,595000.1250,34.900,604878.0000,1999.9000,
	2026/04/30 11:49:25	,	646462	,	1485	,10.470976,1999.9000,0.05504151,-197.0617,595011.5000,34.903,604783.1875,1999.9000,
	2026/04/30 11:49:25	,	647462	,	1486	,10.470536,1999.9000,0.06291951,-197.2261,595147.3125,34.907,604749.6250,1999.9000,
	2026/04/30 11:49:25	,	648462	,	1487	,10.469992,1999.9000,0.07328063,-197.3632,595438.6875,34.908,604656.9375,1999.9000,
	2026/04/30 11:49:25	,	649462	,	1488	,10.469423,1999.9000,0.08603035,-197.4774,595536.3750,34.909,604656.9375,1999.9000,
	2026/04/30 11:49:25	,	650462	,	1489	,10.468810,1999.9000,0.09659943,-197.5725,595536.3750,34.907,604656.9375,1999.9000,
	2026/04/30 11:49:25	,	651462	,	1490	,10.468161,1999.9000,0.10532192,-197.6518,595536.3750,34.906,604656.9375,1999.9000,
	2026/04/30 11:49:25	,	652462	,	1491	,10.464107,1999.9000,0.11195832,-197.7179,595536.3750,34.904,604656.9375,1999.9000,
	2026/04/30 11:49:25	,	653462	,	1492	,10.463571,1999.9000,0.11574604,-197.7729,595536.3750,34.903,604666.1250,1999.9000,
	2026/04/30 11:49:25	,	654462	,	1493	,10.463083,1999.9000,0.11833633,-197.8188,595438.6875,34.902,604779.5000,1999.9000,
	2026/04/30 11:49:25	,	655462	,	1494	,10.462699,1999.9000,0.12138038,-197.6582,595413.3750,34.901,604805.8125,1999.9000,
	2026/04/30 11:49:25	,	656462	,	1495	,10.462300,1999.9000,0.12496643,-197.5242,595397.1875,34.900,604899.7500,1999.9000,
	2026/04/30 11:49:25	,	657462	,	1496	,10.461847,1999.9000,0.12920792,-197.0147,595283.8125,34.900,604933.3125,1999.9000,
	2026/04/30 11:49:25	,	658462	,	1497	,10.461300,1999.9000,0.13142006,-196.4907,595040.6875,34.901,605036.2500,1999.9000,
	2026/04/30 11:49:25	,	659462	,	1498	,10.460666,1999.9000,0.13167530,-196.0540,595040.6875,34.903,605036.2500,1999.9000,
	2026/04/30 11:49:25	,	660462	,	1499	,10.460038,1999.9000,0.13191797,-195.6900,594850.0000,34.915,605036.2500,1999.9000,
	2026/04/30 11:49:25	,	661462	,	1500	,10.455885,1999.9000,0.13506915,-195.3867,594850.0000,34.924,605036.2500,1999.9000,
	2026/04/30 11:49:25	,	662462	,	1501	,10.455200,1999.9000,0.13937998,-195.1340,594850.0000,34.932,605036.2500,1999.9000,
	2026/04/30 11:49:25	,	663462	,	1502	,10.454644,1999.9000,0.14693022,-194.9234,594850.0000,34.938,605029.6250,1999.9000,
	2026/04/30 11:49:25	,	664462	,	1503	,10.454172,1999.9000,0.15618840,-194.8474,594850.0000,34.944,604914.2500,1999.9000,
	2026/04/30 11:49:25	,	665462	,	1504	,10.453674,1999.9000,0.16525124,-194.7840,594944.1250,34.951,604883.1250,1999.9000,
	2026/04/30 11:49:25	,	666462	,	1505	,10.453174,1999.9000,0.17382877,-194.8307,594966.7500,34.956,604783.8125,1999.9000,
	2026/04/30 11:49:25	,	667462	,	1506	,10.452568,1999.9000,0.18173827,-195.0685,594978.3125,34.952,604752.3750,1999.9000,
	2026/04/30 11:49:25	,	668462	,	1507	,10.448467,1999.9000,0.19058681,-195.4657,595075.2500,34.949,604669.6250,1999.9000,
	2026/04/30 11:49:25	,	669462	,	1508	,10.448066,1999.9000,0.20259283,-196.0951,595337.4375,34.944,604669.6250,1999.9000,
	2026/04/30 11:49:25	,	670462	,	1509	,10.447712,1999.9000,0.21319975,-196.6196,595568.0000,34.939,604669.6250,1999.9000,
	2026/04/30 11:49:25	,	671462	,	1510	,10.447247,1999.9000,0.22208609,-197.0566,595568.0000,34.935,604669.6250,1999.9000,
	2026/04/30 11:49:25	,	672462	,	1511	,10.446740,1999.9000,0.22981282,-197.4208,595568.0000,34.935,604669.6250,1999.9000,
	2026/04/30 11:49:25	,	673462	,	1512	,10.446190,1999.9000,0.23527700,-197.7244,595568.0000,34.942,604676.3750,1999.9000,
	2026/04/30 11:49:25	,	674462	,	1513	,10.445581,1999.9000,0.23919705,-197.9773,595568.0000,34.947,604775.9375,1999.9000,
	2026/04/30 11:49:25	,	675462	,	1514	,10.441497,1999.9000,0.24304153,-197.8897,595444.0625,34.942,604799.1875,1999.9000,
	2026/04/30 11:49:25	,	676462	,	1515	,10.440990,1999.9000,0.24304153,-197.6177,595410.6875,34.937,604825.5000,1999.9000,
	2026/04/30 11:49:25	,	677462	,	1516	,10.440405,1999.9000,0.24304153,-197.3910,595391.8125,34.934,604950.5000,1999.9000,
	2026/04/30 11:49:25	,	678462	,	1517	,10.439896,1999.9000,0.24304153,-197.2022,595311.1875,34.934,605033.2500,1999.9000,
	2026/04/30 11:49:25	,	679462	,	1518	,10.439502,1999.9000,0.24304156,-197.1442,595122.8750,34.938,605033.2500,1999.9000,
	2026/04/30 11:49:25	,	680462	,	1519	,10.439074,1999.9000,0.24277471,-197.0960,594842.8750,34.942,605033.2500,1999.9000,
	2026/04/30 11:49:25	,	681462	,	1520	,10.438510,1999.9000,0.23859203,-196.6578,594842.8750,34.941,605033.2500,1999.9000,
	2026/04/30 11:49:25	,	682462	,	1521	,10.437870,1999.9000,0.23859203,-196.2927,594842.8750,34.940,605033.2500,1999.9000,
	2026/04/30 11:49:25	,	683462	,	1522	,10.437219,1999.9000,0.23859203,-196.1874,594842.8750,34.939,605032.4375,1999.9000,
	2026/04/30 11:49:25	,	684462	,	1523	,10.433186,1999.9000,0.23859203,-196.0997,594842.8750,34.938,604951.1250,1999.9000,
	2026/04/30 11:49:25	,	685462	,	1524	,10.432769,1999.9000,0.23859203,-196.1260,594852.2500,34.937,604863.5000,1999.9000,
	2026/04/30 11:49:25	,	686462	,	1525	,10.432232,1999.9000,0.24079788,-196.1480,594965.6250,34.937,604826.1250,1999.9000,
	2026/04/30 11:49:25	,	687462	,	1526	,10.431688,1999.9000,0.24324320,-196.1663,594979.3125,34.936,604719.1875,1999.9000,
	2026/04/30 11:49:25	,	688462	,	1527	,10.431153,1999.9000,0.24637547,-196.0820,594992.7500,34.934,604696.4375,1999.9000,
	2026/04/30 11:49:25	,	689462	,	1528	,10.430563,1999.9000,0.25318834,-196.0119,595203.3125,34.933,604688.9375,1999.9000,
	2026/04/30 11:49:25	,	690462	,	1529	,10.429934,1999.9000,0.26003274,-196.0528,595505.3750,34.933,604685.1250,1999.9000,
	2026/04/30 11:49:25	,	691462	,	1530	,10.425709,1999.9000,0.26003274,-196.0870,595505.3750,34.933,604682.8750,1999.9000,
	2026/04/30 11:49:25	,	692462	,	1531	,10.425069,1999.9000,0.26003271,-196.4139,595505.3750,34.933,604681.3750,1999.9000,
	2026/04/30 11:49:25	,	693462	,	1532	,10.424468,1999.9000,0.26003274,-196.6863,595505.3750,34.933,604682.4375,1999.9000,
	2026/04/30 11:49:25	,	694462	,	1533	,10.423892,1999.9000,0.26003274,-196.9133,595505.3750,34.933,604694.4375,1999.9000,
	2026/04/30 11:49:25	,	695462	,	1534	,10.423415,1999.9000,0.25993195,-196.8040,595499.2500,34.933,604808.5625,1999.9000,
	2026/04/30 11:49:25	,	696462	,	1535	,10.422924,1999.9000,0.25667986,-196.6135,595399.3750,34.933,604836.9375,1999.9000,
	2026/04/30 11:49:25	,	697462	,	1536	,10.422320,1999.9000,0.25570613,-196.8526,595388.3125,34.933,604925.6875,1999.9000,
	2026/04/30 11:49:25	,	698462	,	1537	,10.418202,1999.9000,0.25308120,-197.1514,595375.0625,34.934,604964.3125,1999.9000,
	2026/04/30 11:49:25	,	699462	,	1538	,10.417830,1999.9000,0.24820314,-197.4004,595225.9375,34.937,604985.7500,1999.9000,
	2026/04/30 11:49:25	,	700462	,	1539	,10.417379,1999.9000,0.24202685,-197.1105,594962.0000,34.939,604996.3750,1999.9000,
	2026/04/30 11:49:25	,	701462	,	1540	,10.416929,1999.9000,0.24201423,-196.8689,594876.8750,34.938,605002.7500,1999.9000,
	2026/04/30 11:49:25	,	702462	,	1541	,10.416492,1999.9000,0.24201003,-197.0654,594876.8750,34.936,605007.0000,1999.9000,
	2026/04/30 11:49:25	,	703462	,	1542	,10.416052,1999.9000,0.24200790,-197.2292,594876.8750,34.934,605010.6250,1999.9000,
	2026/04/30 11:49:25	,	704462	,	1543	,10.415473,1999.9000,0.24200664,-197.6642,594876.8750,34.934,605001.4375,1999.9000,
	2026/04/30 11:49:25	,	705462	,	1544	,10.414835,1999.9000,0.24200584,-198.0266,594876.8750,34.934,604878.6250,1999.9000,
	2026/04/30 11:49:25	,	706462	,	1545	,10.410696,1999.9000,0.24549314,-198.6271,594957.2500,34.934,604843.3125,1999.9000,
	2026/04/30 11:49:25	,	707462	,	1546	,10.410308,1999.9000,0.24836703,-199.1274,594973.0625,34.935,604740.8750,1999.9000,
	2026/04/30 11:49:25	,	708462	,	1547	,10.409753,1999.9000,0.25067368,-199.7434,594982.5000,34.937,604710.9375,1999.9000,
	2026/04/30 11:49:25	,	709462	,	1548	,10.409072,1999.9000,0.25569671,-200.2567,595129.4375,34.938,604695.5625,1999.9000,
	2026/04/30 11:49:25	,	710462	,	1549	,10.408474,1999.9000,0.26234573,-200.6844,595422.5625,34.940,604687.8125,1999.9000,
	2026/04/30 11:49:25	,	711462	,	1550	,10.407969,1999.9000,0.26471540,-200.8419,595536.3750,34.942,604683.1875,1999.9000,
	2026/04/30 11:49:25	,	712462	,	1551	,10.407351,1999.9000,0.26471540,-200.5752,595536.3750,34.944,604680.0625,1999.9000,
	2026/04/30 11:49:25	,	713462	,	1552	,10.406733,1999.9000,0.26471540,-200.0546,595536.3750,34.945,604677.5625,1999.9000,
	2026/04/30 11:49:25	,	714462	,	1553	,10.402653,1999.9000,0.26471540,-199.6207,595536.3750,34.946,604687.6875,1999.9000,
	2026/04/30 11:49:25	,	715462	,	1554	,10.402102,1999.9000,0.26471546,-199.1597,595536.3750,34.947,604811.5625,1999.9000,
	2026/04/30 11:49:25	,	716462	,	1555	,10.401490,1999.9000,0.26199907,-198.7755,595434.5000,34.948,604839.0000,1999.9000,
	2026/04/30 11:49:25	,	717462	,	1556	,10.400970,1999.9000,0.25965458,-198.4554,595409.7500,34.940,604922.0625,1999.9000,
	2026/04/30 11:49:25	,	718462	,	1557	,10.400520,1999.9000,0.25864303,-198.1886,595394.3125,34.929,604953.5000,1999.9000,
	2026/04/30 11:49:25	,	719462	,	1558	,10.400092,1999.9000,0.25340894,-197.9663,595280.1875,34.921,605057.3750,1999.9000,
	2026/04/30 11:49:25	,	720462	,	1559	,10.399511,1999.9000,0.24671581,-197.7810,595047.2500,34.914,605057.3750,1999.9000,
	2026/04/30 11:49:25	,	721462	,	1560	,10.395145,1999.9000,0.24386710,-197.7261,594847.0000,34.907,605057.3750,1999.9000,
	2026/04/30 11:49:25	,	722462	,	1561	,10.394520,1999.9000,0.24386710,-197.7798,594847.0000,34.900,605057.3750,1999.9000,
	2026/04/30 11:49:25	,	723462	,	1562	,10.394053,1999.9000,0.24386710,-197.8245,594847.0000,34.895,605057.3750,1999.9000,
	2026/04/30 11:49:25	,	724462	,	1563	,10.393671,1999.9000,0.24386710,-197.8618,594847.0000,34.888,605057.3750,1999.9000,
	2026/04/30 11:49:25	,	725462	,	1564	,10.393245,1999.9000,0.24386710,-197.8929,594847.0000,34.882,605047.2500,1999.9000,
	2026/04/30 11:49:25	,	726462	,	1565	,10.393245,1999.9000,0.24732713,-197.9188,594948.3750,34.878,604926.9375,1999.9000,
	2026/04/30 11:49:25	,	727462	,	1566	,10.392812,1999.9000,0.25042158,-197.7414,594965.9375,34.875,604893.6875,1999.9000,
	2026/04/30 11:49:25	,	728462	,	1567	,10.392307,1999.9000,0.25301188,-197.5936,594977.7500,34.875,604791.6250,1999.9000,
	2026/04/30 11:49:25	,	729462	,	1568	,10.391713,1999.9000,0.25705802,-197.4704,595077.0000,34.873,604755.4375,1999.9000,
	2026/04/30 11:49:25	,	730462	,	1569	,10.391060,1999.9000,0.26384568,-197.2683,595323.6875,34.877,604656.9375,1999.9000,
	2026/04/30 11:49:25	,	731462	,	1570	,10.386984,1999.9000,0.26667541,-197.0004,595570.3750,34.880,604656.9375,1999.9000,
	2026/04/30 11:49:25	,	732462	,	1571	,10.386389,1999.9000,0.26667541,-196.7772,595570.3750,34.883,604656.9375,1999.9000,
	2026/04/30 11:49:25	,	733462	,	1572	,10.385862,1999.9000,0.26667541,-196.7901,595570.3750,34.884,604656.9375,1999.9000,
	2026/04/30 11:49:25	,	734462	,	1573	,10.385368,1999.9000,0.26667541,-196.6019,595570.3750,34.886,604656.9375,1999.9000,
	2026/04/30 11:49:25	,	735462	,	1574	,10.384851,1999.9000,0.26667541,-196.4451,595570.3750,34.891,604666.6875,1999.9000,
	2026/04/30 11:49:25	,	736462	,	1575	,10.384398,1999.9000,0.26416081,-196.3144,595450.0000,34.895,604777.7500,1999.9000,
	2026/04/30 11:49:25	,	737462	,	1576	,10.383910,1999.9000,0.26170287,-196.5039,595411.3125,34.907,604904.0000,1999.9000,
	2026/04/30 11:49:25	,	738462	,	1577	,10.383294,1999.9000,0.25924492,-196.6618,595411.3125,34.907,604904.0000,1999.9000,
	2026/04/30 11:49:25	,	739462	,	1578	,10.382653,1999.9000,0.25547612,-196.7934,595392.9375,34.913,604935.0625,1999.9000,
	2026/04/30 11:49:25	,	740462	,	1579	,10.381999,1999.9000,0.24812755,-197.1020,595140.7500,34.918,605039.8750,1999.9000,
	2026/04/30 11:49:25	,	741462	,	1580	,10.381346,1999.9000,0.24200793,-197.2598,594854.7500,34.922,605039.8750,1999.9000,
	2026/04/30 11:49:25	,	742462	,	1581	,10.376856,1999.9000,0.24200793,-197.3912,594854.7500,34.926,605039.8750,1999.9000,
	2026/04/30 11:49:25	,	743462	,	1582	,10.376185,1999.9000,0.24200793,-197.8986,594854.7500,34.929,605039.8750,1999.9000,
	2026/04/30 11:49:25	,	744462	,	1583	,10.375595,1999.9000,0.24200793,-198.3214,594854.7500,34.931,605039.8750,1999.9000,
	2026/04/30 11:49:25	,	745462	,	1584	,10.375121,1999.9000,0.24200793,-198.2759,594854.7500,34.933,605034.6875,1999.9000,
	2026/04/30 11:49:25	,	746462	,	1585	,10.374723,1999.9000,0.24433979,-198.2380,594865.8750,34.935,604929.9375,1999.9000,
	2026/04/30 11:49:25	,	747462	,	1586	,10.374324,1999.9000,0.24520954,-198.2064,594976.3750,34.936,604896.4375,1999.9000,
	2026/04/30 11:49:25	,	748462	,	1587	,10.373842,1999.9000,0.24739644,-198.1800,594986.5000,34.939,604801.3125,1999.9000,
	2026/04/30 11:49:25	,	749462	,	1588	,10.373257,1999.9000,0.24970312,-198.0586,595000.5625,34.939,604764.1250,1999.9000,
	2026/04/30 11:49:25	,	750462	,	1589	,10.369201,1999.9000,0.25586054,-197.8579,595226.5625,34.940,604668.3750,1999.9000,
	2026/04/30 11:49:25	,	751462	,	1590	,10.368888,1999.9000,0.26152009,-197.5912,595526.8750,34.941,604668.3750,1999.9000,
	2026/04/30 11:49:25	,	752462	,	1591	,10.368516,1999.9000,0.26152009,-197.2695,595526.8750,34.933,604668.3750,1999.9000,
	2026/04/30 11:49:25	,	753462	,	1592	,10.368113,1999.9000,0.26152009,-197.0014,595526.8750,34.927,604668.3750,1999.9000,
	2026/04/30 11:49:25	,	754462	,	1593	,10.367686,1999.9000,0.26152009,-196.7780,595526.8750,34.925,604668.3750,1999.9000,
	2026/04/30 11:49:25	,	755462	,	1594	,10.367313,1999.9000,0.26152015,-196.5918,595526.8750,34.924,604673.6250,1999.9000,
	2026/04/30 11:49:25	,	756462	,	1595	,10.366823,1999.9000,0.25886682,-196.2377,595522.0000,34.919,604767.4375,1999.9000,
	2026/04/30 11:49:25	,	757462	,	1596	,10.366232,1999.9000,0.25614417,-195.9426,595415.4375,34.915,604793.1250,1999.9000,
	2026/04/30 11:49:25	,	758462	,	1597	,10.365605,1999.9000,0.25384378,-195.4978,595399.3750,34.915,604880.3750,1999.9000,
	2026/04/30 11:49:25	,	759462	,	1598	,10.364944,1999.9000,0.25089428,-195.1271,595387.1875,34.917,604912.6875,1999.9000,
	2026/04/30 11:49:25	,	760462	,	1599	,10.364312,1999.9000,0.24415074,-194.8182,595232.5625,34.918,605019.9375,1999.9000,
	2026/04/30 11:49:25	,	761462	,	1600	,10.360234,1999.9000,0.23675174,-194.7597,594947.7500,34.919,605019.9375,1999.9000,
	2026/04/30 11:49:25	,	762462	,	1601	,10.359787,1999.9000,0.23218881,-194.8104,594923.8750,34.920,605019.9375,1999.9000,
	2026/04/30 11:49:25	,	763462	,	1602	,10.359370,1999.9000,0.23218881,-194.8527,594915.9375,34.918,605019.9375,1999.9000,
	2026/04/30 11:49:25	,	764462	,	1603	,10.358960,1999.9000,0.23218881,-194.8879,594912.0000,34.913,605019.9375,1999.9000,
	2026/04/30 11:49:25	,	765462	,	1604	,10.358500,1999.9000,0.23218881,-195.1162,594909.6250,34.912,605018.5000,1999.9000,
	2026/04/30 11:49:25	,	766462	,	1605	,10.358074,1999.9000,0.23218881,-195.3065,594908.0000,34.911,605005.6250,1999.9000,
	2026/04/30 11:49:25	,	767462	,	1606	,10.357650,1999.9000,0.23442616,-195.5645,594920.2500,34.904,604868.9375,1999.9000,
	2026/04/30 11:49:25	,	768462	,	1607	,10.357157,1999.9000,0.23530850,-195.7795,595006.1250,34.898,604836.6250,1999.9000,
	2026/04/30 11:49:25	,	769462	,	1608	,10.356588,1999.9000,0.23781683,-196.3566,595012.6875,34.893,604741.5000,1999.9000,
	2026/04/30 11:49:25	,	770462	,	1609	,10.356014,1999.9000,0.24283355,-196.8375,595136.0000,34.886,604718.5625,1999.9000,
	2026/04/30 11:49:25	,	771462	,	1610	,10.351983,1999.9000,0.24895313,-197.2382,595426.7500,34.881,604708.6250,1999.9000,
	2026/04/30 11:49:25	,	772462	,	1611	,10.351625,1999.9000,0.24895313,-197.5722,595515.5000,34.876,604703.6875,1999.9000,
	2026/04/30 11:49:25	,	773462	,	1612	,10.351317,1999.9000,0.24895309,-197.8505,595515.5000,34.872,604700.7500,1999.9000,
	2026/04/30 11:49:25	,	774462	,	1613	,10.350999,1999.9000,0.24895313,-198.4803,595515.5000,34.868,604698.7500,1999.9000,
	2026/04/30 11:49:25	,	775462	,	1614	,10.350672,1999.9000,0.24895313,-199.0051,595515.5000,34.865,604697.1250,1999.9000,
	2026/04/30 11:49:25	,	776462	,	1615	,10.350325,1999.9000,0.24894160,-199.9399,595515.5000,34.863,604708.5000,1999.9000,
	2026/04/30 11:49:25	,	777462	,	1616	,10.349930,1999.9000,0.24548051,-200.2215,595414.8125,34.863,604820.6250,1999.9000,
	2026/04/30 11:49:25	,	778462	,	1617	,10.349427,1999.9000,0.24246800,-200.4561,595393.0625,34.861,604843.8750,1999.9000,
	2026/04/30 11:49:25	,	779462	,	1618	,10.348895,1999.9000,0.23987141,-200.1543,595381.3125,34.861,604928.1250,1999.9000,
	2026/04/30 11:49:25	,	780462	,	1619	,10.348357,1999.9000,0.23472868,-200.1543,595281.4375,34.861,604960.7500,1999.9000,
	2026/04/30 11:49:25	,	781462	,	1620	,10.347805,1999.9000,0.22759438,-200.4226,595045.4375,34.861,605044.1250,1999.9000,
	2026/04/30 11:49:25	,	782462	,	1621	,10.347239,1999.9000,0.22259660,-200.4226,594845.2500,34.861,605044.1250,1999.9000,
	2026/04/30 11:49:25	,	783462	,	1622	,10.346665,1999.9000,0.22259660,-200.0269,594845.2500,34.861,605044.1250,1999.9000,
	2026/04/30 11:49:25	,	784462	,	1623	,10.346121,1999.9000,0.22259660,-199.4982,594845.2500,34.864,605044.1250,1999.9000,
	2026/04/30 11:49:25	,	785462	,	1624	,10.345530,1999.9000,0.22259660,-198.9581,594845.2500,34.866,605044.1250,1999.9000,
	2026/04/30 11:49:25	,	786462	,	1625	,10.344872,1999.9000,0.22259665,-198.4086,594845.2500,34.868,605031.7500,1999.9000,
	2026/04/30 11:49:25	,	787462	,	1626	,10.344225,1999.9000,0.22280985,-197.9507,594943.0000,34.870,604899.1250,1999.9000,
	2026/04/30 11:49:25	,	788462	,	1627	,10.343596,1999.9000,0.22552720,-197.6685,594966.5000,34.870,604863.8125,1999.9000,
	2026/04/30 11:49:25	,	789462	,	1628	,10.342968,1999.9000,0.22621416,-197.4334,594976.1250,34.871,604755.9375,1999.9000,
	2026/04/30 11:49:25	,	790462	,	1629	,10.342325,1999.9000,0.23055647,-197.2374,595066.3125,34.880,604723.0625,1999.9000,
	2026/04/30 11:49:25	,	791462	,	1630	,10.338309,1999.9000,0.23682736,-197.0742,595311.8125,34.889,604700.6250,1999.9000,
	2026/04/30 11:49:25	,	792462	,	1631	,10.337997,1999.9000,0.23771283,-197.2365,595570.3750,34.898,604689.4375,1999.9000,
	2026/04/30 11:49:25	,	793462	,	1632	,10.337754,1999.9000,0.23800801,-197.3718,595570.3750,34.916,604682.6875,1999.9000,
	2026/04/30 11:49:25	,	794462	,	1633	,10.337528,1999.9000,0.23815559,-197.4846,595570.3750,34.932,604678.2500,1999.9000,
	2026/04/30 11:49:25	,	795462	,	1634	,10.337334,1999.9000,0.23824418,-197.5785,595570.3750,34.933,604674.5000,1999.9000,
	2026/04/30 11:49:25	,	796462	,	1635	,10.337143,1999.9000,0.23830323,-197.6568,595570.3750,34.935,604682.0625,1999.9000,
	2026/04/30 11:49:25	,	797462	,	1636	,10.336881,1999.9000,0.23503119,-197.7221,595457.1250,34.936,604786.1875,1999.9000,
	2026/04/30 11:49:25	,	798462	,	1637	,10.336593,1999.9000,0.23153970,-197.7764,595427.0625,34.937,604820.6875,1999.9000,
	2026/04/30 11:49:25	,	799462	,	1638	,10.336298,1999.9000,0.22853972,-197.8217,595406.9375,34.938,604927.5625,1999.9000,
	2026/04/30 11:49:25	,	800462	,	1639	,10.335923,1999.9000,0.22424781,-197.8595,595319.5625,34.936,604961.0625,1999.9000,
	2026/04/30 11:49:25	,	801462	,	1640	,10.335536,1999.9000,0.21697488,-198.0899,595127.0625,34.931,605055.5625,1999.9000,
	2026/04/30 11:49:25	,	802462	,	1641	,10.335124,1999.9000,0.21122082,-198.2819,594851.2500,34.927,605055.5625,1999.9000,
	2026/04/30 11:49:25	,	803462	,	1642	,10.334668,1999.9000,0.21056223,-198.4419,594851.2500,34.923,605055.5625,1999.9000,
	2026/04/30 11:49:25	,	804462	,	1643	,10.334133,1999.9000,0.21034268,-198.7742,594851.2500,34.921,605055.5625,1999.9000,
	2026/04/30 11:49:25	,	805462	,	1644	,10.333558,1999.9000,0.21023288,-199.0511,594851.2500,34.918,605055.5625,1999.9000,
	2026/04/30 11:49:25	,	806462	,	1645	,10.333010,1999.9000,0.21016702,-199.0829,594851.2500,34.918,605045.6250,1999.9000,
	2026/04/30 11:49:25	,	807462	,	1646	,10.332434,1999.9000,0.21012314,-199.1094,594863.0625,34.917,604918.4375,1999.9000,
	2026/04/30 11:49:25	,	808462	,	1647	,10.331870,1999.9000,0.21033549,-199.3305,594979.3125,34.917,604885.8750,1999.9000,
	2026/04/30 11:49:25	,	809462	,	1648	,10.331349,1999.9000,0.21066266,-199.6142,594995.6250,34.918,604786.7500,1999.9000,
	2026/04/30 11:49:25	,	810462	,	1649	,10.330872,1999.9000,0.21398124,-199.8506,595011.2500,34.922,604756.5625,1999.9000,
	2026/04/30 11:49:25	,	811462	,	1650	,10.330443,1999.9000,0.21614297,-200.0475,595220.0625,34.927,604672.0625,1999.9000,
	2026/04/30 11:49:25	,	812462	,	1651	,10.330081,1999.9000,0.21614297,-200.2117,595513.1250,34.933,604672.0625,1999.9000,
	2026/04/30 11:49:25	,	813462	,	1652	,10.329770,1999.9000,0.21614297,-200.3485,595513.1250,34.941,604672.0625,1999.9000,
	2026/04/30 11:49:25	,	814462	,	1653	,10.329505,1999.9000,0.21614297,-200.4625,595513.1250,34.947,604672.0625,1999.9000,
	2026/04/30 11:49:25	,	815462	,	1654	,10.329200,1999.9000,0.21614301,-200.5575,595513.1250,34.953,604672.0625,1999.9000,
	2026/04/30 11:49:25	,	816462	,	1655	,10.328846,1999.9000,0.20934898,-200.5372,595513.1250,34.957,604682.0000,1999.9000,
	2026/04/30 11:49:25	,	817462	,	1656	,10.328471,1999.9000,0.20240378,-200.0229,595510.5000,34.961,604803.6875,1999.9000,
	2026/04/30 11:49:25	,	818462	,	1657	,10.328016,1999.9000,0.19552787,-199.5943,595423.8125,34.961,604833.2500,1999.9000,
	2026/04/30 11:49:25	,	819462	,	1658	,10.327553,1999.9000,0.18862675,-199.0382,595407.3750,34.961,604920.3125,1999.9000,
	2026/04/30 11:49:25	,	820462	,	1659	,10.327131,1999.9000,0.18862675,-198.4753,595394.5625,34.957,604951.1250,1999.9000,
	2026/04/30 11:49:25	,	821462	,	1660	,10.326726,1999.9000,0.18075509,-198.0063,595235.5000,34.953,605050.1250,1999.9000,
	2026/04/30 11:49:25	,	822462	,	1661	,10.326269,1999.9000,0.16907680,-197.6154,594959.0000,34.950,605050.1250,1999.9000,
	2026/04/30 11:49:25	,	823462	,	1662	,10.325793,1999.9000,0.15766947,-197.2896,594866.1250,34.945,605050.1250,1999.9000,
	2026/04/30 11:49:25	,	824462	,	1663	,10.325323,1999.9000,0.14831674,-197.0182,594866.1250,34.942,605050.1250,1999.9000,
	2026/04/30 11:49:25	,	825462	,	1664	,10.324896,1999.9000,0.14036316,-196.8914,594866.1250,34.939,605050.1250,1999.9000,
	2026/04/30 11:49:25	,	826462	,	1665	,10.324540,1999.9000,0.13534017,-196.7858,594866.1250,34.934,605044.2500,1999.9000,
	2026/04/30 11:49:25	,	827462	,	1666	,10.324228,1999.9000,0.13251670,-196.6978,594866.1250,34.932,604939.6250,1999.9000,
	2026/04/30 11:49:25	,	828462	,	1667	,10.323935,1999.9000,0.12954198,-196.9229,594878.7500,34.928,604904.2500,1999.9000,
	2026/04/30 11:49:25	,	829462	,	1668	,10.323646,1999.9000,0.12610085,-197.1105,594972.7500,34.923,604799.4375,1999.9000,
	2026/04/30 11:49:25	,	830462	,	1669	,10.323383,1999.9000,0.12232572,-197.7641,594983.5000,34.914,604770.8125,1999.9000,
	2026/04/30 11:49:25	,	831462	,	1670	,10.323141,1999.9000,0.11938883,-198.3089,595116.3125,34.906,604684.1250,1999.9000,
	2026/04/30 11:49:25	,	832462	,	1671	,10.322888,1999.9000,0.11925964,-198.6633,595411.8750,34.896,604684.1250,1999.9000,
	2026/04/30 11:49:25	,	833462	,	1672	,10.322663,1999.9000,0.11917876,-198.5608,595538.7500,34.882,604684.1250,1999.9000,
	2026/04/30 11:49:25	,	834462	,	1673	,10.322416,1999.9000,0.11866881,-198.3759,595538.7500,34.876,604684.1250,1999.9000,
	2026/04/30 11:49:25	,	835462	,	1674	,10.322102,1999.9000,0.11342047,-198.3213,595538.7500,34.875,604684.1250,1999.9000,
	2026/04/30 11:49:25	,	836462	,	1675	,10.321830,1999.9000,0.10709918,-198.3753,595538.7500,34.869,604685.8750,1999.9000,
	2026/04/30 11:49:25	,	837462	,	1676	,10.321587,1999.9000,0.09859727,-198.7187,595538.7500,34.862,604699.0000,1999.9000,
	2026/04/30 11:49:25	,	838462	,	1677	,10.321326,1999.9000,0.09011429,-198.7064,595440.4375,34.854,604822.4375,1999.9000,
	2026/04/30 11:49:25	,	839462	,	1678	,10.321079,1999.9000,0.08215437,-198.6962,595413.0625,34.849,604849.3750,1999.9000,
	2026/04/30 11:49:25	,	840462	,	1679	,10.320868,1999.9000,0.07452847,-198.4888,595396.1875,34.845,604941.3750,1999.9000,
	2026/04/30 11:49:25	,	841462	,	1680	,10.320681,1999.9000,0.06679545,-198.5148,595288.5625,34.841,604979.7500,1999.9000,
	2026/04/30 11:49:25	,	842462	,	1681	,10.320517,1999.9000,0.05589864,-198.5365,595050.1875,34.843,604997.7500,1999.9000,
	2026/04/30 11:49:25	,	843462	,	1682	,10.320338,1999.9000,0.04362160,-198.5546,594842.8750,34.844,605006.7500,1999.9000,
	2026/04/30 11:49:25	,	844462	,	1683	,10.320181,1999.9000,0.03350629,-198.6692,594842.8750,34.845,605012.1250,1999.9000,
	2026/04/30 11:49:25	,	845462	,	1684	,10.320045,1999.9000,0.02467038,-198.6652,594842.8750,34.849,605015.7500,1999.9000,
	2026/04/30 11:49:25	,	846462	,	1685	,10.319893,1999.9000,0.01855076,-198.5624,594842.8750,34.853,605018.7500,1999.9000,
	2026/04/30 11:49:25	,	847462	,	1686	,10.319750,1999.9000,0.01548149,-198.3772,594842.8750,34.862,605009.3125,1999.9000,
	2026/04/30 11:49:25	,	848462	,	1687	,10.319607,1999.9000,0.01285341,-198.2229,594949.5000,34.869,604887.6250,1999.9000,
	2026/04/30 11:49:25	,	849462	,	1688	,10.319487,1999.9000,0.00958875,-198.1938,594971.0000,34.875,604852.3125,1999.9000,
	2026/04/30 11:49:25	,	850462	,	1689	,10.319382,1999.9000,0.00602792,-198.1696,594979.1250,34.880,604749.9375,1999.9000,
	2026/04/30 11:49:25	,	851462	,	1690	,10.319295,1999.9000,0.00232841,-198.1494,595059.1250,34.885,604727.0000,1999.9000,
	2026/04/30 11:49:25	,	852462	,	1691	,10.319207,1999.9000,0.00230951,-198.3315,595317.6875,34.888,604717.3750,1999.9000,
	2026/04/30 11:49:25	,	853462	,	1692	,10.319119,1999.9000,0.00201958,-198.4832,595562.0000,34.885,604712.5625,1999.9000,
	2026/04/30 11:49:25	,	854462	,	1693	,10.319046,1999.9000,0.00184157,-198.7091,595562.0000,34.883,604709.6250,1999.9000,
	2026/04/30 11:49:25	,	855462	,	1694	,10.318995,1999.9000,-0.00068411,-198.8974,595562.0000,34.880,604707.7500,1999.9000,
	2026/04/30 11:49:25	,	856462	,	1695	,10.318952,1999.9000,-0.00477436,-199.0543,595562.0000,34.880,604706.1250,1999.9000,
	2026/04/30 11:49:25	,	857462	,	1696	,10.318906,1999.9000,-0.01168808,-199.1851,595562.0000,34.879,604716.4375,1999.9000,
	2026/04/30 11:49:25	,	858462	,	1697	,10.318868,1999.9000,-0.01957235,-199.2940,595447.6250,34.877,604819.4375,1999.9000,
	2026/04/30 11:49:25	,	859462	,	1698	,10.318837,1999.9000,-0.02712260,-199.2854,595423.4375,34.876,604844.5000,1999.9000,
	2026/04/30 11:49:25	,	860462	,	1699	,10.318816,1999.9000,-0.03426950,-199.0792,595407.4375,34.876,604929.9375,1999.9000,
	2026/04/30 11:49:25	,	861462	,	1700	,10.318797,1999.9000,-0.04098154,-198.5095,595321.3125,34.877,604968.9375,1999.9000,
	2026/04/30 11:49:25	,	862462	,	1701	,10.318782,1999.9000,-0.04960949,-198.0347,595130.6250,34.877,605062.2500,1999.9000,
	2026/04/30 11:49:25	,	863462	,	1702	,10.318761,1999.9000,-0.06080252,-197.6391,594853.0000,34.877,605062.2500,1999.9000,
	2026/04/30 11:49:25	,	864462	,	1703	,10.318743,1999.9000,-0.07019306,-197.3094,594853.0000,34.878,605062.2500,1999.9000,
	2026/04/30 11:49:25	,	865462	,	1704	,10.318736,1999.9000,-0.07802062,-197.0346,594853.0000,34.878,605062.2500,1999.9000,
	2026/04/30 11:49:25	,	866462	,	1705	,10.318731,1999.9000,-0.08369276,-196.8057,594853.0000,34.875,605062.2500,1999.9000,
	2026/04/30 11:49:25	,	867462	,	1706	,10.318748,1999.9000,-0.08666433,-196.4559,594853.0000,34.873,605049.6875,1999.9000,
	2026/04/30 11:49:25	,	868462	,	1707	,10.318776,1999.9000,-0.08666433,-196.4559,594863.0000,34.873,604909.4375,1999.9000,
	2026/04/30 11:49:25	,	869462	,	1708	,10.318801,1999.9000,-0.08725990,-196.3234,594977.5000,34.873,604876.4375,1999.9000,
	2026/04/30 11:49:25	,	870462	,	1709	,10.318835,1999.9000,-0.08775621,-196.2130,594987.9375,34.874,604783.8125,1999.9000,
	2026/04/30 11:49:25	,	871462	,	1710	,10.318869,1999.9000,-0.09002664,-195.7231,594999.6250,34.875,604750.2500,1999.9000,
	2026/04/30 11:49:25	,	872462	,	1711	,10.318902,1999.9000,-0.09005185,-195.3148,595205.6875,34.877,604726.8125,1999.9000,
	2026/04/30 11:49:25	,	873462	,	1712	,10.318930,1999.9000,-0.09018841,-194.9746,595510.7500,34.880,604715.1250,1999.9000,
	2026/04/30 11:49:25	,	874462	,	1713	,10.318997,1999.9000,-0.09067895,-194.8900,595510.7500,34.884,604708.0625,1999.9000,
	2026/04/30 11:49:25	,	875462	,	1714	,10.319088,1999.9000,-0.09107788,-194.8196,595510.7500,34.888,604708.0625,1999.9000,
	2026/04/30 11:49:25	,	876462	,	1715	,10.319189,1999.9000,-0.09324087,-194.8603,595510.7500,34.896,604703.4375,1999.9000,
	2026/04/30 11:49:25	,	877462	,	1716	,10.319332,1999.9000,-0.09868613,-194.7948,595510.7500,34.902,604699.5625,1999.9000,
	2026/04/30 11:49:25	,	878462	,	1717	,10.319478,1999.9000,-0.10566917,-194.7402,595506.0000,34.904,604705.4375,1999.9000,
	2026/04/30 11:49:25	,	879462	,	1718	,10.319628,1999.9000,-0.11243161,-194.7942,595406.5000,34.906,604792.1875,1999.9000,
	2026/04/30 11:49:25	,	880462	,	1719	,10.319777,1999.9000,-0.11863315,-194.8392,595386.5625,34.911,604823.3125,1999.9000,
	2026/04/30 11:49:25	,	881462	,	1720	,10.319962,1999.9000,-0.12419816,-194.7772,595374.0625,34.918,604923.2500,1999.9000,
	2026/04/30 11:49:25	,	882462	,	1721	,10.320194,1999.9000,-0.13074632,-194.8250,595225.3750,34.925,604952.2500,1999.9000,
	2026/04/30 11:49:25	,	883462	,	1722	,10.320428,1999.9000,-0.14067256,-194.8648,594956.6250,34.931,605062.8125,1999.9000,
	2026/04/30 11:49:25	,	884462	,	1723	,10.320662,1999.9000,-0.14950852,-194.8980,594925.3750,34.936,605062.8125,1999.9000,
	2026/04/30 11:49:25	,	885462	,	1724	,10.320873,1999.9000,-0.15626468,-195.3236,594914.9375,34.940,605062.8125,1999.9000,
	2026/04/30 11:49:25	,	886462	,	1725	,10.321098,1999.9000,-0.16114271,-195.6782,594909.7500,34.947,605062.8125,1999.9000,
	2026/04/30 11:49:25	,	887462	,	1726	,10.321345,1999.9000,-0.16198722,-195.9738,594906.5625,34.952,605062.8125,1999.9000,
	2026/04/30 11:49:25	,	888462	,	1727	,10.321617,1999.9000,-0.16228345,-196.5185,594904.5000,34.957,605054.1250,1999.9000,
	2026/04/30 11:49:25	,	889462	,	1728	,10.321971,1999.9000,-0.16243154,-196.9724,594915.3125,34.953,604929.9375,1999.9000,
	2026/04/30 11:49:25	,	890462	,	1729	,10.322306,1999.9000,-0.16252041,-197.3507,594927.4375,34.948,604892.1250,1999.9000,
	2026/04/30 11:49:25	,	891462	,	1730	,10.322615,1999.9000,-0.16257964,-197.6659,595007.8750,34.941,604792.1875,1999.9000,
	2026/04/30 11:49:25	,	892462	,	1731	,10.322942,1999.9000,-0.16262166,-197.9286,595131.2500,34.935,604759.9375,1999.9000,
	2026/04/30 11:49:25	,	893462	,	1732	,10.323230,1999.9000,-0.16268294,-198.1475,595418.4375,34.926,604675.0625,1999.9000,
	2026/04/30 11:49:25	,	894462	,	1733	,10.323588,1999.9000,-0.16274031,-198.3299,595525.0625,34.918,604675.0625,1999.9000,
	2026/04/30 11:49:25	,	895462	,	1734	,10.323937,1999.9000,-0.16278809,-198.4819,595525.0625,34.912,604675.0625,1999.9000,
	2026/04/30 11:49:25	,	896462	,	1735	,10.324267,1999.9000,-0.16282794,-198.6086,595525.0625,34.906,604675.0625,1999.9000,
	2026/04/30 11:49:25	,	897462	,	1736	,10.324642,1999.9000,-0.16286114,-198.8136,595525.0625,34.902,604675.0625,1999.9000,
	2026/04/30 11:49:25	,	898462	,	1737	,10.324993,1999.9000,-0.17044502,-198.9845,595525.0625,34.896,604681.8125,1999.9000,
	2026/04/30 11:49:25	,	899462	,	1738	,10.325431,1999.9000,-0.17880197,-199.0274,595431.5000,34.892,604778.3750,1999.9000,
	2026/04/30 11:49:25	,	900462	,	1739	,10.325913,1999.9000,-0.18773244,-198.9637,595412.4375,34.885,604806.1250,1999.9000,
	2026/04/30 11:49:25	,	901462	,	1740	,10.326382,1999.9000,-0.19744442,-198.9106,595398.5625,34.882,604899.7500,1999.9000,
	2026/04/30 11:49:25	,	902462	,	1741	,10.326811,1999.9000,-0.20836644,-198.8664,595295.0625,34.882,604933.0000,1999.9000,
	2026/04/30 11:49:25	,	903462	,	1742	,10.327218,1999.9000,-0.22317703,-198.7300,595057.3750,34.881,605049.5000,1999.9000,
	2026/04/30 11:49:25	,	904462	,	1743	,10.327613,1999.9000,-0.23824601,-198.6164,594846.4375,34.879,605049.5000,1999.9000,
	2026/04/30 11:49:25	,	905462	,	1744	,10.328015,1999.9000,-0.25040963,-198.3228,594846.4375,34.878,605049.5000,1999.9000,
	2026/04/30 11:49:25	,	906462	,	1745	,10.328490,1999.9000,-0.26011530,-198.0781,594846.4375,34.876,605049.5000,1999.9000,
	2026/04/30 11:49:25	,	907462	,	1746	,10.328944,1999.9000,-0.26629162,-197.8742,594846.4375,34.877,605049.5000,1999.9000,
	2026/04/30 11:49:25	,	908462	,	1747	,10.329448,1999.9000,-0.26929784,-197.7042,594846.4375,34.877,605045.4375,1999.9000,
	2026/04/30 11:49:25	,	909462	,	1748	,10.329951,1999.9000,-0.27154779,-197.5626,594942.3750,34.879,604949.8750,1999.9000,
	2026/04/30 11:49:25	,	910462	,	1749	,10.330465,1999.9000,-0.27397421,-197.4446,594967.3750,34.880,604917.2500,1999.9000,
	2026/04/30 11:49:25	,	911462	,	1750	,10.331002,1999.9000,-0.27495107,-197.3463,594982.0625,34.883,604814.6250,1999.9000,
	2026/04/30 11:49:25	,	912462	,	1751	,10.331554,1999.9000,-0.27533972,-197.6622,595077.6250,34.887,604783.8125,1999.9000,
	2026/04/30 11:49:25	,	913462	,	1752	,10.332109,1999.9000,-0.27563173,-197.9255,595309.9375,34.890,604692.5625,1999.9000,
	2026/04/30 11:49:25	,	914462	,	1753	,10.332667,1999.9000,-0.27604011,-198.1449,595563.7500,34.893,604692.5625,1999.9000,
	2026/04/30 11:49:25	,	915462	,	1754	,10.333241,1999.9000,-0.27637225,-198.3278,595563.7500,34.895,604692.5625,1999.9000,
	2026/04/30 11:49:25	,	916462	,	1755	,10.333827,1999.9000,-0.27895308,-198.5796,595563.7500,34.897,604692.5625,1999.9000,
	2026/04/30 11:49:25	,	917462	,	1756	,10.333827,1999.9000,-0.28139213,-198.7895,595563.7500,34.899,604692.5625,1999.9000,
	2026/04/30 11:49:25	,	918462	,	1757	,10.334920,1999.9000,-0.28778902,-198.9644,595563.7500,34.900,604696.0625,1999.9000,
	2026/04/30 11:49:25	,	919462	,	1758	,10.335450,1999.9000,-0.29484770,-199.3091,595451.1875,34.902,604783.1875,1999.9000,
	2026/04/30 11:49:25	,	920462	,	1759	,10.335450,1999.9000,-0.30179292,-199.5963,595424.0625,34.908,604815.1875,1999.9000,
	2026/04/30 11:49:25	,	921462	,	1760	,10.336002,1999.9000,-0.30847344,-199.8357,595405.3125,34.912,604904.0000,1999.9000,
	2026/04/30 11:49:25	,	922462	,	1761	,10.336585,1999.9000,-0.31501532,-199.9357,595387.0000,34.916,604931.1250,1999.9000,
	2026/04/30 11:49:25	,	923462	,	1762	,10.337161,1999.9000,-0.32432392,-200.0190,595150.9375,34.919,605030.8125,1999.9000,
	2026/04/30 11:49:25	,	924462	,	1763	,10.337819,1999.9000,-0.33569971,-200.0885,594873.2500,34.921,605038.3750,1999.9000,
	2026/04/30 11:49:25	,	925462	,	1764	,10.341944,1999.9000,-0.34519109,-200.1463,594873.2500,34.919,605040.8750,1999.9000,
	2026/04/30 11:49:25	,	926462	,	1765	,10.342153,1999.9000,-0.35318884,-200.1945,594873.2500,34.915,605042.1250,1999.9000,
	2026/04/30 11:49:25	,	927462	,	1766	,10.342411,1999.9000,-0.35889876,-200.2347,594873.2500,34.914,605042.8750,1999.9000,
	2026/04/30 11:49:25	,	928462	,	1767	,10.342748,1999.9000,-0.36162138,-200.2682,594873.2500,34.912,605043.3750,1999.9000,
	2026/04/30 11:49:25	,	929462	,	1768	,10.343118,1999.9000,-0.36253208,-200.2961,594882.0625,34.911,605032.2500,1999.9000,
	2026/04/30 11:49:25	,	930462	,	1769	,10.343469,1999.9000,-0.36571163,-200.3194,594978.1250,34.909,604907.0000,1999.9000,
	2026/04/30 11:49:25	,	931462	,	1770	,10.343889,1999.9000,-0.36844060,-200.3388,594981.7500,34.907,604873.5000,1999.9000,
	2026/04/30 11:49:25	,	932462	,	1771	,10.344369,1999.9000,-0.37120101,-200.3549,594991.0625,34.908,604781.3125,1999.9000,
	2026/04/30 11:49:25	,	933462	,	1772	,10.344909,1999.9000,-0.37138382,-200.3684,595196.1875,34.910,604753.2500,1999.9000,
	2026/04/30 11:49:25	,	934462	,	1773	,10.345468,1999.9000,-0.37147412,-200.3796,595502.4375,34.911,604734.0000,1999.9000,
	2026/04/30 11:49:25	,	935462	,	1774	,10.346072,1999.9000,-0.37178239,-200.3889,595502.4375,34.911,604724.4375,1999.9000,
	2026/04/30 11:49:25	,	936462	,	1775	,10.346655,1999.9000,-0.37391105,-200.3967,595502.4375,34.912,604718.6875,1999.9000,
	2026/04/30 11:49:25	,	937462	,	1776	,10.347264,1999.9000,-0.37798870,-200.0053,595502.4375,34.913,604714.8125,1999.9000,
	2026/04/30 11:49:25	,	938462	,	1777	,10.347902,1999.9000,-0.38517970,-199.5797,595502.4375,34.913,604711.6250,1999.9000,
	2026/04/30 11:49:25	,	939462	,	1778	,10.351983,1999.9000,-0.39384544,-199.2250,595500.3750,34.918,604721.0000,1999.9000,
	2026/04/30 11:49:25	,	940462	,	1779	,10.352355,1999.9000,-0.40229696,-198.9294,595414.8125,34.922,604824.2500,1999.9000,
	2026/04/30 11:49:25	,	941462	,	1780	,10.352748,1999.9000,-0.41030732,-198.3846,595397.5625,34.921,604850.8125,1999.9000,
	2026/04/30 11:49:25	,	942462	,	1781	,10.353145,1999.9000,-0.41764325,-197.9307,595382.0625,34.920,604941.3750,1999.9000,
	2026/04/30 11:49:25	,	943462	,	1782	,10.353521,1999.9000,-0.42652962,-197.8508,595222.4375,34.921,604972.8125,1999.9000,
	2026/04/30 11:49:25	,	944462	,	1783	,10.353920,1999.9000,-0.43867430,-197.7842,594944.7500,34.922,605074.3125,1999.9000,
	2026/04/30 11:49:25	,	945462	,	1784	,10.354445,1999.9000,-0.44952700,-197.7288,594859.0000,34.921,605074.3125,1999.9000,
	2026/04/30 11:49:25	,	946462	,	1785	,10.354999,1999.9000,-0.45877260,-197.7820,594859.0000,34.918,605074.3125,1999.9000,
	2026/04/30 11:49:25	,	947462	,	1786	,10.355603,1999.9000,-0.46643627,-197.8264,594859.0000,34.916,605074.3125,1999.9000,
	2026/04/30 11:49:25	,	948462	,	1787	,10.356265,1999.9000,-0.47122610,-197.8634,594859.0000,34.915,605074.3125,1999.9000,
	2026/04/30 11:49:25	,	949462	,	1788	,10.360264,1999.9000,-0.47469240,-197.8942,594859.0000,34.915,605063.0625,1999.9000,
	2026/04/30 11:49:25	,	950462	,	1789	,10.360651,1999.9000,-0.47856835,-197.9199,594945.3750,34.913,604940.8125,1999.9000,
	2026/04/30 11:49:25	,	951462	,	1790	,10.361038,1999.9000,-0.48286030,-197.9413,594966.5000,34.915,604910.0000,1999.9000,
	2026/04/30 11:49:25	,	952462	,	1791	,10.361425,1999.9000,-0.48735389,-198.1581,594977.8750,34.917,604810.9375,1999.9000,
	2026/04/30 11:49:25	,	953462	,	1792	,10.361877,1999.9000,-0.48966053,-198.4382,595114.5625,34.924,604779.2500,1999.9000,
	2026/04/30 11:49:25	,	954462	,	1793	,10.362353,1999.9000,-0.48966053,-198.7711,595399.3750,34.930,604681.6875,1999.9000,
	2026/04/30 11:49:25	,	955462	,	1794	,10.362873,1999.9000,-0.48990634,-199.0485,595512.5625,34.936,604681.6875,1999.9000,
	2026/04/30 11:49:25	,	956462	,	1795	,10.363461,1999.9000,-0.49037904,-199.2797,595512.5625,34.940,604681.6875,1999.9000,
	2026/04/30 11:49:25	,	957462	,	1796	,10.364071,1999.9000,-0.49596927,-199.4724,595512.5625,34.937,604681.6875,1999.9000,
	2026/04/30 11:49:25	,	958462	,	1797	,10.364731,1999.9000,-0.50342500,-199.6329,595512.5625,34.935,604681.6875,1999.9000,
	2026/04/30 11:49:25	,	959462	,	1798	,10.369201,1999.9000,-0.51291007,-199.6673,595512.5625,34.933,604691.1250,1999.9000,
	2026/04/30 11:49:25	,	960462	,	1799	,10.369588,1999.9000,-0.52232575,-198.9995,595419.0000,34.926,604815.1250,1999.9000,
	2026/04/30 11:49:25	,	961462	,	1800	,10.370104,1999.9000,-0.53122473,-198.2441,595399.3750,34.916,604845.0000,1999.9000,
	2026/04/30 11:49:25	,	962462	,	1801	,10.370564,1999.9000,-0.53974557,-197.3163,595388.2500,34.909,604939.0000,1999.9000,
	2026/04/30 11:49:25	,	963462	,	1802	,10.371024,1999.9000,-0.54899746,-196.5430,595289.6875,34.901,604973.6875,1999.9000,
	2026/04/30 11:49:25	,	964462	,	1803	,10.371480,1999.9000,-0.56219465,-195.8986,595047.8125,34.894,605091.8125,1999.9000,
	2026/04/30 11:49:25	,	965462	,	1804	,10.372014,1999.9000,-0.57502627,-195.3616,594830.3750,34.888,605091.8125,1999.9000,
	2026/04/30 11:49:25	,	966462	,	1805	,10.372597,1999.9000,-0.58561432,-194.9141,594830.3750,34.885,605091.8125,1999.9000,
	2026/04/30 11:49:25	,	967462	,	1806	,10.376617,1999.9000,-0.59428006,-194.5412,594830.3750,34.889,605091.8125,1999.9000,
	2026/04/30 11:49:25	,	968462	,	1807	,10.377049,1999.9000,-0.59964967,-194.7278,594830.3750,34.892,605091.8125,1999.9000,
	2026/04/30 11:49:25	,	969462	,	1808	,10.377481,1999.9000,-0.60267484,-195.2813,594830.3750,34.894,605082.4375,1999.9000,
	2026/04/30 11:49:25	,	970462	,	1809	,10.377943,1999.9000,-0.60598987,-195.8419,594924.5000,34.898,604959.5000,1999.9000,
	2026/04/30 11:49:25	,	971462	,	1810	,10.378434,1999.9000,-0.61010534,-196.4086,594944.1250,34.901,604930.2500,1999.9000,
	2026/04/30 11:49:25	,	972462	,	1811	,10.378906,1999.9000,-0.61479431,-196.9803,594944.1250,34.903,604832.1250,1999.9000,
	2026/04/30 11:49:25	,	973462	,	1812	,10.379443,1999.9000,-0.61816603,-197.4567,595044.2500,34.910,604798.2500,1999.9000,
	2026/04/30 11:49:25	,	974462	,	1813	,10.380019,1999.9000,-0.61848754,-197.8537,595299.3125,34.911,604715.5000,1999.9000,
	2026/04/30 11:49:25	,	975462	,	1814	,10.380659,1999.9000,-0.61859882,-198.1846,595299.3125,34.912,604715.5000,1999.9000,
	2026/04/30 11:49:25	,	976462	,	1815	,10.385018,1999.9000,-0.61893499,-198.5598,595551.2500,34.917,604715.5000,1999.9000,
	2026/04/30 11:49:25	,	977462	,	1816	,10.385480,1999.9000,-0.62351048,-198.7729,595551.2500,34.923,604715.5000,1999.9000,
	2026/04/30 11:49:25	,	978462	,	1817	,10.386061,1999.9000,-0.62966794,-198.3538,595551.2500,34.928,604715.5000,1999.9000,
	2026/04/30 11:49:25	,	979462	,	1818	,10.386597,1999.9000,-0.63801229,-197.9049,595551.2500,34.932,604721.7500,1999.9000,
	2026/04/30 11:49:25	,	980462	,	1819	,10.387134,1999.9000,-0.64635664,-197.5309,595551.2500,34.927,604814.0000,1999.9000,
	2026/04/30 11:49:25	,	981462	,	1820	,10.387580,1999.9000,-0.65401399,-197.2193,595433.3125,34.922,604841.4375,1999.9000,
	2026/04/30 11:49:25	,	982462	,	1821	,10.388066,1999.9000,-0.66126174,-197.0590,595402.9375,34.917,604930.5625,1999.9000,
	2026/04/30 11:49:25	,	983462	,	1822	,10.388651,1999.9000,-0.66858506,-196.9255,595365.3750,34.913,604957.1250,1999.9000,
	2026/04/30 11:49:25	,	984462	,	1823	,10.392763,1999.9000,-0.67910379,-196.8142,595365.3750,34.911,605061.6250,1999.9000,
	2026/04/30 11:49:25	,	985462	,	1824	,10.393344,1999.9000,-0.69110978,-196.6220,594845.8750,34.908,605073.3750,1999.9000,
	2026/04/30 11:49:25	,	986462	,	1825	,10.393905,1999.9000,-0.70075870,-196.4618,594845.8750,34.906,605077.3125,1999.9000,
	2026/04/30 11:49:25	,	987462	,	1826	,10.394423,1999.9000,-0.70862406,-196.4278,594845.8750,34.903,605079.3125,1999.9000,
	2026/04/30 11:49:25	,	988462	,	1827	,10.394902,1999.9000,-0.71394962,-196.4989,594845.8750,34.903,605080.5000,1999.9000,
	2026/04/30 11:49:25	,	989462	,	1828	,10.395410,1999.9000,-0.71673524,-196.8566,594845.8750,34.901,605081.3125,1999.9000,
	2026/04/30 11:49:25	,	990462	,	1829	,10.395971,1999.9000,-0.71922475,-196.7568,594856.3125,34.898,605070.0000,1999.9000,
	2026/04/30 11:49:25	,	991462	,	1830	,10.396588,1999.9000,-0.72236961,-196.5742,594856.3125,34.898,604944.4375,1999.9000,
	2026/04/30 11:49:25	,	992462	,	1831	,10.400866,1999.9000,-0.72585481,-196.4220,594962.6250,34.896,604905.1250,1999.9000,
	2026/04/30 11:49:25	,	993462	,	1832	,10.401386,1999.9000,-0.72819304,-196.2951,594974.8125,34.895,604795.2500,1999.9000,
	2026/04/30 11:49:25	,	994462	,	1833	,10.401838,1999.9000,-0.72853017,-196.1894,594990.8125,34.895,604763.5000,1999.9000,
	2026/04/30 11:49:25	,	995462	,	1834	,10.402310,1999.9000,-0.72879601,-196.3003,595202.6875,34.894,604750.6875,1999.9000,
	2026/04/30 11:49:25	,	996462	,	1835	,10.402754,1999.9000,-0.72905016,-196.3927,595495.2500,34.892,604744.3125,1999.9000,
	2026/04/30 11:49:25	,	997462	,	1836	,10.403180,1999.9000,-0.73120552,-196.4697,595495.2500,34.891,604740.5000,1999.9000,
	2026/04/30 11:49:25	,	998462	,	1837	,10.403728,1999.9000,-0.73560464,-196.5338,595495.2500,34.892,604737.8750,1999.9000,
	2026/04/30 11:49:25	,	999462	,	1838	,10.404387,1999.9000,-0.73560464,-197.1841,595495.2500,34.893,604735.7500,1999.9000,
	2026/04/30 11:49:26	,	000462	,	1839	,10.408610,1999.9000,-0.74248677,-197.7260,595495.2500,34.894,604745.4375,1999.9000,
	2026/04/30 11:49:26	,	001462	,	1840	,10.409101,1999.9000,-0.75035220,-198.1776,595491.6875,34.894,604851.3750,1999.9000,
	2026/04/30 11:49:26	,	002462	,	1841	,10.409604,1999.9000,-0.75035220,-198.5540,595491.6875,34.894,604883.3750,1999.9000,
	2026/04/30 11:49:26	,	003462	,	1842	,10.410063,1999.9000,-0.75824910,-198.8676,595402.3125,34.892,604978.2500,1999.9000,
	2026/04/30 11:49:26	,	004462	,	1843	,10.410505,1999.9000,-0.76599467,-199.1289,595388.3125,34.888,605016.6250,1999.9000,
	2026/04/30 11:49:26	,	005462	,	1844	,10.411028,1999.9000,-0.77341890,-199.1478,595372.7500,34.885,605042.4375,1999.9000,
	2026/04/30 11:49:26	,	006462	,	1845	,10.411663,1999.9000,-0.79473352,-198.6661,594951.8750,34.882,605055.3750,1999.9000,
	2026/04/30 11:49:26	,	007462	,	1846	,10.412301,1999.9000,-0.80405474,-198.0658,594867.2500,34.879,605063.1250,1999.9000,
	2026/04/30 11:49:26	,	008462	,	1847	,10.416623,1999.9000,-0.81104410,-198.0658,594867.2500,34.874,605068.2500,1999.9000,
	2026/04/30 11:49:26	,	009462	,	1848	,10.417159,1999.9000,-0.81546843,-197.5655,594867.2500,34.870,605072.5625,1999.9000,
	2026/04/30 11:49:26	,	010462	,	1849	,10.417686,1999.9000,-0.81574249,-197.1486,594867.2500,34.867,605061.8125,1999.9000,
	2026/04/30 11:49:26	,	011462	,	1850	,10.418172,1999.9000,-0.81585282,-197.0001,594867.2500,34.864,604929.3125,1999.9000,
	2026/04/30 11:49:26	,	012462	,	1851	,10.418703,1999.9000,-0.81590796,-196.8764,594880.1250,34.862,604900.9375,1999.9000,
	2026/04/30 11:49:26	,	013462	,	1852	,10.419221,1999.9000,-0.81594104,-196.7733,594981.1250,34.863,604810.9375,1999.9000,
	2026/04/30 11:49:26	,	014462	,	1853	,10.419795,1999.9000,-0.81596315,-196.6874,594989.7500,34.864,604784.4375,1999.9000,
	2026/04/30 11:49:26	,	015462	,	1854	,10.420424,1999.9000,-0.81597203,-196.6158,595113.9375,34.868,604765.8750,1999.9000,
	2026/04/30 11:49:26	,	016462	,	1855	,10.424637,1999.9000,-0.81598896,-196.5561,595404.1250,34.879,604756.5625,1999.9000,
	2026/04/30 11:49:26	,	017462	,	1856	,10.425158,1999.9000,-0.81613642,-196.5064,595501.2500,34.888,604751.0000,1999.9000,
	2026/04/30 11:49:26	,	018462	,	1857	,10.425658,1999.9000,-0.81648725,-196.4650,595501.2500,34.896,604747.3125,1999.9000,
	2026/04/30 11:49:26	,	019462	,	1858	,10.426178,1999.9000,-0.81677961,-196.8283,595501.2500,34.895,604744.1875,1999.9000,
	2026/04/30 11:49:26	,	020462	,	1859	,10.426668,1999.9000,-0.82072455,-196.9322,595501.2500,34.900,604751.6250,1999.9000,
	2026/04/30 11:49:26	,	021462	,	1860	,10.427164,1999.9000,-0.82737988,-197.0187,595501.2500,34.907,604850.2500,1999.9000,
	2026/04/30 11:49:26	,	022462	,	1861	,10.427735,1999.9000,-0.83402890,-197.0909,595403.5625,34.911,604881.3125,1999.9000,
	2026/04/30 11:49:26	,	023462	,	1862	,10.428379,1999.9000,-0.84011066,-197.3499,595382.3750,34.914,604985.5000,1999.9000,
	2026/04/30 11:49:26	,	024462	,	1863	,10.432620,1999.9000,-0.84531009,-197.5658,595366.3750,34.915,605020.5625,1999.9000,
	2026/04/30 11:49:26	,	025462	,	1864	,10.433290,1999.9000,-0.85099488,-197.8451,595258.1875,34.917,605113.5625,1999.9000,
	2026/04/30 11:49:26	,	026462	,	1865	,10.433901,1999.9000,-0.85959136,-198.0779,595016.8750,34.918,605113.5625,1999.9000,
	2026/04/30 11:49:26	,	027462	,	1866	,10.434377,1999.9000,-0.86719197,-198.2719,594820.2500,34.919,605113.5625,1999.9000,
	2026/04/30 11:49:26	,	028462	,	1867	,10.434854,1999.9000,-0.87283891,-198.4336,594820.2500,34.920,605113.5625,1999.9000,
	2026/04/30 11:49:26	,	029462	,	1868	,10.435306,1999.9000,-0.87330848,-198.5683,594820.2500,34.922,605113.5625,1999.9000,
	2026/04/30 11:49:26	,	030462	,	1869	,10.435837,1999.9000,-0.87346500,-198.6806,594820.2500,34.921,605103.5000,1999.9000,
	2026/04/30 11:49:26	,	031462	,	1870	,10.436428,1999.9000,-0.87354320,-198.7742,594820.2500,34.917,604983.6875,1999.9000,
	2026/04/30 11:49:26	,	032462	,	1871	,10.437069,1999.9000,-0.87359017,-198.8521,594930.5000,34.914,604983.6875,1999.9000,
	2026/04/30 11:49:26	,	033462	,	1872	,10.441497,1999.9000,-0.87362146,-198.9171,594954.0000,34.908,604948.3125,1999.9000,
	2026/04/30 11:49:26	,	034462	,	1873	,10.442137,1999.9000,-0.87352574,-198.9713,594962.0625,34.903,604839.3125,1999.9000,
	2026/04/30 11:49:26	,	035462	,	1874	,10.442738,1999.9000,-0.87325799,-199.0164,594978.6250,34.899,604810.0000,1999.9000,
	2026/04/30 11:49:26	,	036462	,	1875	,10.443194,1999.9000,-0.86723608,-198.9545,595267.6875,34.896,604728.1875,1999.9000,
	2026/04/30 11:49:26	,	037462	,	1876	,10.443695,1999.9000,-0.86640424,-198.9029,595546.5000,34.893,604728.1875,1999.9000,
	2026/04/30 11:49:26	,	038462	,	1877	,10.444207,1999.9000,-0.86612695,-198.8600,595546.5000,34.891,604728.1875,1999.9000,
	2026/04/30 11:49:26	,	039462	,	1878	,10.444749,1999.9000,-0.86598825,-199.0231,595546.5000,34.889,604728.1875,1999.9000,
	2026/04/30 11:49:26	,	040462	,	1879	,10.445359,1999.9000,-0.86590505,-199.1591,595546.5000,34.887,604728.1875,1999.9000,
	2026/04/30 11:49:26	,	041462	,	1880	,10.446022,1999.9000,-0.86584961,-199.2724,595546.5000,34.889,604738.1250,1999.9000,
	2026/04/30 11:49:26	,	042462	,	1881	,10.450285,1999.9000,-0.87336206,-199.4454,595398.1875,34.894,604890.3750,1999.9000,
	2026/04/30 11:49:26	,	043462	,	1882	,10.450672,1999.9000,-0.87336206,-199.4454,595398.1875,34.894,604890.3750,1999.9000,
	2026/04/30 11:49:26	,	044462	,	1883	,10.451069,1999.9000,-0.87648171,-199.5110,595379.3125,34.896,604993.3125,1999.9000,
	2026/04/30 11:49:26	,	045462	,	1884	,10.451573,1999.9000,-0.87967700,-199.5656,595299.3125,34.899,605026.0000,1999.9000,
	2026/04/30 11:49:26	,	046462	,	1885	,10.452031,1999.9000,-0.88620633,-199.6112,595119.9375,34.905,605140.7500,1999.9000,
	2026/04/30 11:49:26	,	047462	,	1886	,10.452539,1999.9000,-0.89347297,-199.6491,594842.8750,34.910,605140.7500,1999.9000,
	2026/04/30 11:49:26	,	048462	,	1887	,10.453151,1999.9000,-0.89717871,-199.6807,594842.8750,34.914,605140.7500,1999.9000,
	2026/04/30 11:49:26	,	049462	,	1888	,10.453771,1999.9000,-0.89717871,-199.5081,594842.8750,34.914,605140.7500,1999.9000,
	2026/04/30 11:49:26	,	050462	,	1889	,10.454376,1999.9000,-0.89717871,-199.3643,594842.8750,34.908,605140.7500,1999.9000,
	2026/04/30 11:49:26	,	051462	,	1890	,10.458804,1999.9000,-0.89717871,-199.0455,594842.8750,34.903,605128.0625,1999.9000,
	2026/04/30 11:49:26	,	052462	,	1891	,10.459311,1999.9000,-0.89717871,-198.7798,594854.1250,34.899,604983.6875,1999.9000,
	2026/04/30 11:49:26	,	053462	,	1892	,10.459837,1999.9000,-0.89682788,-198.5584,594973.3750,34.896,604953.7500,1999.9000,
	2026/04/30 11:49:26	,	054462	,	1893	,10.460234,1999.9000,-0.89297503,-198.3739,594975.1250,34.893,604859.2500,1999.9000,
	2026/04/30 11:49:26	,	055462	,	1894	,10.460610,1999.9000,-0.89041626,-198.3196,594983.0625,34.889,604824.2500,1999.9000,
	2026/04/30 11:49:26	,	056462	,	1895	,10.461023,1999.9000,-0.88440382,-198.2744,595185.4375,34.887,604731.8125,1999.9000,
	2026/04/30 11:49:26	,	057462	,	1896	,10.461523,1999.9000,-0.87691027,-198.1373,595488.7500,34.886,604731.8125,1999.9000,
	2026/04/30 11:49:26	,	058462	,	1897	,10.462132,1999.9000,-0.87167299,-198.1224,595488.7500,34.885,604731.8125,1999.9000,
	2026/04/30 11:49:26	,	059462	,	1898	,10.466162,1999.9000,-0.87069929,-198.1101,595488.7500,34.885,604731.8125,1999.9000,
	2026/04/30 11:49:26	,	060462	,	1899	,10.466608,1999.9000,-0.87037474,-198.0998,595488.7500,34.889,604731.8125,1999.9000,
	2026/04/30 11:49:26	,	061462	,	1900	,10.466935,1999.9000,-0.87021244,-197.9917,595488.7500,34.892,604733.3750,1999.9000,
	2026/04/30 11:49:26	,	062462	,	1901	,10.467293,1999.9000,-0.87011504,-197.9017,595488.2500,34.896,604744.0000,1999.9000,
	2026/04/30 11:49:26	,	063462	,	1902	,10.467674,1999.9000,-0.87005013,-197.8266,595475.8125,34.899,604851.3750,1999.9000,
	2026/04/30 11:49:26	,	064462	,	1903	,10.468062,1999.9000,-0.87008852,-197.7641,595372.5625,34.902,604885.2500,1999.9000,
	2026/04/30 11:49:26	,	065462	,	1904	,10.468495,1999.9000,-0.87014771,-197.7120,595355.8125,34.904,604984.3125,1999.9000,
	2026/04/30 11:49:26	,	066462	,	1905	,10.469040,1999.9000,-0.87322968,-197.6686,595211.6875,34.906,605020.5625,1999.9000,
	2026/04/30 11:49:26	,	067462	,	1906	,10.469687,1999.9000,-0.87846696,-197.4334,594935.8125,34.907,605035.4375,1999.9000,
	2026/04/30 11:49:26	,	068462	,	1907	,10.470311,1999.9000,-0.87846696,-197.2375,594842.8750,34.909,605042.8750,1999.9000,
	2026/04/30 11:49:26	,	069462	,	1908	,10.470946,1999.9000,-0.87846696,-197.2732,594842.8750,34.908,605047.3125,1999.9000,
	2026/04/30 11:49:26	,	070462	,	1909	,10.474979,1999.9000,-0.87846696,-197.1039,594842.8750,34.905,605050.3125,1999.9000,
	2026/04/30 11:49:26	,	071462	,	1910	,10.475351,1999.9000,-0.87846696,-196.7639,594842.8750,34.902,605052.7500,1999.9000,
	2026/04/30 11:49:26	,	072462	,	1911	,10.475922,1999.9000,-0.87467921,-196.5801,594842.8750,34.903,605042.1875,1999.9000,
	2026/04/30 11:49:26	,	073462	,	1912	,10.476364,1999.9000,-0.87106794,-196.5264,594854.5000,34.906,604914.2500,1999.9000,
	2026/04/30 11:49:26	,	074462	,	1913	,10.476694,1999.9000,-0.86779702,-196.4816,594954.2500,34.913,604887.6875,1999.9000,
	2026/04/30 11:49:26	,	075462	,	1914	,10.477089,1999.9000,-0.86492312,-196.3448,594970.3750,34.918,604796.5000,1999.9000,
	2026/04/30 11:49:26	,	076462	,	1915	,10.477566,1999.9000,-0.85996318,-196.2309,595113.3750,34.922,604762.9375,1999.9000,
	2026/04/30 11:49:26	,	077462	,	1916	,10.478103,1999.9000,-0.85233730,-196.3348,595388.0625,34.924,604748.1250,1999.9000,
	2026/04/30 11:49:26	,	078462	,	1917	,10.478640,1999.9000,-0.84636259,-196.4214,595504.8125,34.926,604740.7500,1999.9000,
	2026/04/30 11:49:26	,	079462	,	1918	,10.479217,1999.9000,-0.84169257,-196.5931,595504.8125,34.927,604736.3125,1999.9000,
	2026/04/30 11:49:26	,	080462	,	1919	,10.479795,1999.9000,-0.83841538,-196.8356,595504.8125,34.919,604733.3750,1999.9000,
	2026/04/30 11:49:26	,	081462	,	1920	,10.480403,1999.9000,-0.83791119,-197.0378,595504.8125,34.912,604730.9375,1999.9000,
	2026/04/30 11:49:26	,	082462	,	1921	,10.481048,1999.9000,-0.83758765,-197.2062,595504.8125,34.907,604738.6875,1999.9000,
	2026/04/30 11:49:26	,	083462	,	1922	,10.485226,1999.9000,-0.83713275,-197.3465,595399.9375,34.902,604836.9375,1999.9000,
	2026/04/30 11:49:26	,	084462	,	1923	,10.485569,1999.9000,-0.83388394,-197.4635,595375.8750,34.898,604864.0625,1999.9000,
	2026/04/30 11:49:26	,	085462	,	1924	,10.485923,1999.9000,-0.83370745,-197.5610,595360.6875,34.901,604953.5000,1999.9000,
	2026/04/30 11:49:26	,	086462	,	1925	,10.486269,1999.9000,-0.83348268,-197.6422,595256.3125,34.903,604986.7500,1999.9000,
	2026/04/30 11:49:26	,	087462	,	1926	,10.486614,1999.9000,-0.83324420,-197.6104,595025.1875,34.905,605076.6875,1999.9000,
	2026/04/30 11:49:26	,	088462	,	1927	,10.486934,1999.9000,-0.83287424,-197.5839,594846.4375,34.910,605076.6875,1999.9000,
	2026/04/30 11:49:26	,	089462	,	1928	,10.487354,1999.9000,-0.83254999,-197.5618,594846.4375,34.917,605076.6875,1999.9000,
	2026/04/30 11:49:26	,	090462	,	1929	,10.487354,1999.9000,-0.83032304,-197.5434,594846.4375,34.923,605076.6875,1999.9000,
	2026/04/30 11:49:26	,	091462	,	1930	,10.488397,1999.9000,-0.82526857,-197.5281,594846.4375,34.925,605076.6875,1999.9000,
	2026/04/30 11:49:26	,	092462	,	1931	,10.488912,1999.9000,-0.81770569,-197.5153,594846.4375,34.922,605064.3125,1999.9000,
	2026/04/30 11:49:26	,	093462	,	1932	,10.489430,1999.9000,-0.81036973,-197.5047,594941.1250,34.919,604934.1250,1999.9000,
	2026/04/30 11:49:26	,	094462	,	1933	,10.489926,1999.9000,-0.80334258,-197.5953,594964.0625,34.917,604902.4375,1999.9000,
	2026/04/30 11:49:26	,	095462	,	1934	,10.490483,1999.9000,-0.79668725,-197.6708,594975.5000,34.915,604810.9375,1999.9000,
	2026/04/30 11:49:26	,	096462	,	1935	,10.491036,1999.9000,-0.78914964,-197.7337,594993.8750,34.912,604782.5625,1999.9000,
	2026/04/30 11:49:26	,	097462	,	1936	,10.491563,1999.9000,-0.77835363,-197.7861,595301.6875,34.908,604695.0000,1999.9000,
	2026/04/30 11:49:26	,	098462	,	1937	,10.492085,1999.9000,-0.76866686,-197.8298,595551.2500,34.903,604695.0000,1999.9000,
	2026/04/30 11:49:26	,	099462	,	1938	,10.492664,1999.9000,-0.76120484,-197.8662,595551.2500,34.899,604695.0000,1999.9000,
	2026/04/30 11:49:26	,	100462	,	1939	,10.493281,1999.9000,-0.75533736,-197.7971,595551.2500,34.896,604695.0000,1999.9000,
	2026/04/30 11:49:26	,	101462	,	1940	,10.493910,1999.9000,-0.75228697,-197.8390,595551.2500,34.893,604695.0000,1999.9000,
	2026/04/30 11:49:26	,	102462	,	1941	,10.494497,1999.9000,-0.75168508,-197.8739,595551.2500,34.891,604704.6875,1999.9000,
	2026/04/30 11:49:26	,	103462	,	1942	,10.495098,1999.9000,-0.75108749,-197.9029,595445.8125,34.889,604816.3750,1999.9000,
	2026/04/30 11:49:26	,	104462	,	1943	,10.495667,1999.9000,-0.75063580,-197.6288,595422.5625,34.889,604850.5000,1999.9000,
	2026/04/30 11:49:26	,	105462	,	1944	,10.496170,1999.9000,-0.74844253,-197.3008,595408.2500,34.891,604950.5000,1999.9000,
	2026/04/30 11:49:26	,	106462	,	1945	,10.496724,1999.9000,-0.74837637,-197.0275,595392.4375,34.894,604981.5625,1999.9000,
	2026/04/30 11:49:26	,	107462	,	1946	,10.497340,1999.9000,-0.74815059,-196.7997,595144.3125,34.898,605098.4375,1999.9000,
	2026/04/30 11:49:26	,	108462	,	1947	,10.497968,1999.9000,-0.74778557,-196.7094,594854.7500,34.901,605098.4375,1999.9000,
	2026/04/30 11:49:26	,	109462	,	1948	,10.498506,1999.9000,-0.74737239,-197.0320,594854.7500,34.903,605098.4375,1999.9000,
	2026/04/30 11:49:26	,	110462	,	1949	,10.499008,1999.9000,-0.74706757,-197.3008,594854.7500,34.905,605098.4375,1999.9000,
	2026/04/30 11:49:26	,	111462	,	1950	,10.499527,1999.9000,-0.74006039,-197.5249,594854.7500,34.907,605098.4375,1999.9000,
	2026/04/30 11:49:26	,	112462	,	1951	,10.499527,1999.9000,-0.73187995,-197.3137,594854.7500,34.908,605087.4375,1999.9000,
	2026/04/30 11:49:26	,	113462	,	1952	,10.500072,1999.9000,-0.72361749,-197.5356,594862.6875,34.908,604958.9375,1999.9000,
	2026/04/30 11:49:26	,	114462	,	1953	,10.500611,1999.9000,-0.71566385,-197.7205,594956.6250,34.909,604928.1250,1999.9000,
	2026/04/30 11:49:26	,	115462	,	1954	,10.501165,1999.9000,-0.70814514,-197.8746,594963.5625,34.910,604824.2500,1999.9000,
	2026/04/30 11:49:26	,	116462	,	1955	,10.501697,1999.9000,-0.70027977,-198.0030,594977.1250,34.911,604789.8750,1999.9000,
	2026/04/30 11:49:26	,	117462	,	1956	,10.502193,1999.9000,-0.68913716,-198.1100,595196.1875,34.910,604698.6250,1999.9000,
	2026/04/30 11:49:26	,	118462	,	1957	,10.502672,1999.9000,-0.67772990,-198.1992,595506.0000,34.911,604698.6250,1999.9000,
	2026/04/30 11:49:26	,	119462	,	1958	,10.503160,1999.9000,-0.66896957,-198.2736,595506.0000,34.912,604698.6250,1999.9000,
	2026/04/30 11:49:26	,	120462	,	1959	,10.503636,1999.9000,-0.66194874,-198.3355,595506.0000,34.913,604698.6250,1999.9000,
	2026/04/30 11:49:26	,	121462	,	1960	,10.504118,1999.9000,-0.65715891,-198.3871,595506.0000,34.915,604698.6250,1999.9000,
	2026/04/30 11:49:26	,	122462	,	1961	,10.504609,1999.9000,-0.65429759,-198.4301,595506.0000,34.916,604705.6875,1999.9000,
	2026/04/30 11:49:26	,	123462	,	1962	,10.505037,1999.9000,-0.65151197,-198.3665,595500.0000,34.916,604814.0000,1999.9000,
	2026/04/30 11:49:26	,	124462	,	1963	,10.505394,1999.9000,-0.64798892,-198.3134,595388.0625,34.916,604842.6875,1999.9000,
	2026/04/30 11:49:26	,	125462	,	1964	,10.505781,1999.9000,-0.64358360,-198.2692,595371.9375,34.916,604934.1250,1999.9000,
	2026/04/30 11:49:26	,	126462	,	1965	,10.506149,1999.9000,-0.63893867,-198.2324,595361.2500,34.916,604966.7500,1999.9000,
	2026/04/30 11:49:26	,	127462	,	1966	,10.506514,1999.9000,-0.63819820,-198.1022,595223.5625,34.913,605074.9375,1999.9000,
	2026/04/30 11:49:26	,	128462	,	1967	,10.506863,1999.9000,-0.63793033,-197.9938,594962.0000,34.913,605074.9375,1999.9000,
	2026/04/30 11:49:26	,	129462	,	1968	,10.507198,1999.9000,-0.63743401,-198.0029,594868.5000,34.912,605074.9375,1999.9000,
	2026/04/30 11:49:26	,	130462	,	1969	,10.507547,1999.9000,-0.63743401,-198.0029,594868.5000,34.911,605074.9375,1999.9000,
	2026/04/30 11:49:26	,	131462	,	1970	,10.507894,1999.9000,-0.62826252,-198.0168,594868.5000,34.912,605074.9375,1999.9000,
	2026/04/30 11:49:26	,	132462	,	1971	,10.508197,1999.9000,-0.61967230,-198.1215,594868.5000,34.914,605070.3125,1999.9000,
	2026/04/30 11:49:26	,	133462	,	1972	,10.508564,1999.9000,-0.61018097,-198.4077,594868.5000,34.919,604965.5625,1999.9000,
	2026/04/30 11:49:26	,	134462	,	1973	,10.508945,1999.9000,-0.60090387,-198.4473,594955.5000,34.923,604929.3125,1999.9000,
	2026/04/30 11:49:26	,	135462	,	1974	,10.509275,1999.9000,-0.59203011,-198.7787,594973.3750,34.926,604825.4375,1999.9000,
	2026/04/30 11:49:26	,	136462	,	1975	,10.509576,1999.9000,-0.58381808,-199.0548,594983.8750,34.929,604796.4375,1999.9000,
	2026/04/30 11:49:26	,	137462	,	1976	,10.509847,1999.9000,-0.57338762,-199.2850,595122.3125,34.930,604703.4375,1999.9000,
	2026/04/30 11:49:26	,	138462	,	1977	,10.510113,1999.9000,-0.56111693,-199.4767,595410.0625,34.933,604703.4375,1999.9000,
	2026/04/30 11:49:26	,	139462	,	1978	,10.510408,1999.9000,-0.55082518,-199.6366,595540.0000,34.937,604703.4375,1999.9000,
	2026/04/30 11:49:26	,	140462	,	1979	,10.510659,1999.9000,-0.54185057,-199.7698,595540.0000,34.936,604703.4375,1999.9000,
	2026/04/30 11:49:26	,	141462	,	1980	,10.510889,1999.9000,-0.53486121,-199.8807,595540.0000,34.934,604703.4375,1999.9000,
	2026/04/30 11:49:26	,	142462	,	1981	,10.511125,1999.9000,-0.53082138,-199.6748,595540.0000,34.933,604706.4375,1999.9000,
	2026/04/30 11:49:26	,	143462	,	1982	,10.511373,1999.9000,-0.52782780,-199.0058,595540.0000,34.928,604801.3125,1999.9000,
	2026/04/30 11:49:26	,	144462	,	1983	,10.511631,1999.9000,-0.52450013,-198.4483,595432.6875,34.920,604828.4375,1999.9000,
	2026/04/30 11:49:26	,	145462	,	1984	,10.511872,1999.9000,-0.52073127,-197.9838,595408.5625,34.913,604852.6250,1999.9000,
	2026/04/30 11:49:26	,	146462	,	1985	,10.512079,1999.9000,-0.51637000,-197.5966,595396.1875,34.907,604957.6875,1999.9000,
	2026/04/30 11:49:26	,	147462	,	1986	,10.512290,1999.9000,-0.51417053,-197.2740,595293.3125,34.901,604993.3125,1999.9000,
	2026/04/30 11:49:26	,	148462	,	1987	,10.512491,1999.9000,-0.51400352,-197.0052,595045.4375,34.896,605005.1875,1999.9000,
	2026/04/30 11:49:26	,	149462	,	1988	,10.512738,1999.9000,-0.51366001,-197.1790,594838.1250,34.891,605011.1250,1999.9000,
	2026/04/30 11:49:26	,	150462	,	1989	,10.512953,1999.9000,-0.51023781,-197.3239,594838.1250,34.888,605014.6875,1999.9000,
	2026/04/30 11:49:26	,	151462	,	1990	,10.513148,1999.9000,-0.50554889,-197.5441,594838.1250,34.889,605017.0000,1999.9000,
	2026/04/30 11:49:26	,	152462	,	1991	,10.513316,1999.9000,-0.49762046,-197.9265,594838.1250,34.892,605017.7500,1999.9000,
	2026/04/30 11:49:26	,	153462	,	1992	,10.513454,1999.9000,-0.48834336,-198.0463,594838.1250,34.895,605005.5000,1999.9000,
	2026/04/30 11:49:26	,	154462	,	1993	,10.513571,1999.9000,-0.47968391,-198.1461,594932.8750,34.895,604889.5000,1999.9000,
	2026/04/30 11:49:26	,	155462	,	1994	,10.513663,1999.9000,-0.47172397,-198.2293,594950.1250,34.895,604861.3750,1999.9000,
	2026/04/30 11:49:26	,	156462	,	1995	,10.513740,1999.9000,-0.46447623,-198.1991,594962.8125,34.897,604760.2500,1999.9000,
	2026/04/30 11:49:26	,	157462	,	1996	,10.513808,1999.9000,-0.45603737,-198.2735,595057.9375,34.899,604732.0625,1999.9000,
	2026/04/30 11:49:26	,	158462	,	1997	,10.513876,1999.9000,-0.44435903,-198.5343,595290.9375,34.900,604716.6875,1999.9000,
	2026/04/30 11:49:26	,	159462	,	1998	,10.513931,1999.9000,-0.43391600,-198.7518,595561.3750,34.901,604709.0000,1999.9000,
	2026/04/30 11:49:26	,	160462	,	1999	,10.514038,1999.9000,-0.42519981,-198.9329,595561.3750,34.900,604704.3750,1999.9000,
	2026/04/30 11:49:26	,	161462	,	2000	,10.514136,1999.9000,-0.41817898,-198.8850,595561.3750,34.900,604701.3125,1999.9000,
	2026/04/30 11:49:26	,	162462	,	2001	,10.514223,1999.9000,-0.41390595,-199.0439,595561.3750,34.905,604698.7500,1999.9000,
	2026/04/30 11:49:26	,	163462	,	2002	,10.514321,1999.9000,-0.41125894,-199.3754,595561.3750,34.910,604707.1875,1999.9000,
	2026/04/30 11:49:26	,	164462	,	2003	,10.514417,1999.9000,-0.40866235,-199.6516,595446.4375,34.908,604807.3125,1999.9000,
	2026/04/30 11:49:26	,	165462	,	2004	,10.514496,1999.9000,-0.40555528,-199.8817,595415.7500,34.906,604834.1875,1999.9000,
	2026/04/30 11:49:26	,	166462	,	2005	,10.514563,1999.9000,-0.40189990,-199.8746,595397.7500,34.900,604926.9375,1999.9000,
	2026/04/30 11:49:26	,	167462	,	2006	,10.514618,1999.9000,-0.40149340,-199.6697,595379.5000,34.895,604964.0000,1999.9000,
	2026/04/30 11:49:26	,	168462	,	2007	,10.514668,1999.9000,-0.40113524,-199.4989,595143.7500,34.889,604989.6875,1999.9000,
	2026/04/30 11:49:26	,	169462	,	2008	,10.514707,1999.9000,-0.40083483,-199.3566,594866.6875,34.884,605002.5000,1999.9000,
	2026/04/30 11:49:26	,	170462	,	2009	,10.514737,1999.9000,-0.40052223,-199.0391,594866.6875,34.880,605010.2500,1999.9000,
	2026/04/30 11:49:26	,	171462	,	2010	,10.514754,1999.9000,-0.39742520,-198.7745,594866.6875,34.877,605015.4375,1999.9000,
	2026/04/30 11:49:26	,	172462	,	2011	,10.514763,1999.9000,-0.39199886,-198.5540,594866.6875,34.874,605019.6875,1999.9000,
	2026/04/30 11:49:26	,	173462	,	2012	,10.514771,1999.9000,-0.38468811,-198.2708,594866.6875,34.878,605011.0625,1999.9000,
	2026/04/30 11:49:26	,	174462	,	2013	,10.514776,1999.9000,-0.38468811,-198.2708,594866.6875,34.884,604890.6875,1999.9000,
	2026/04/30 11:49:26	,	175462	,	2014	,10.514782,1999.9000,-0.37069052,-197.8380,594978.7500,34.889,604859.5625,1999.9000,
	2026/04/30 11:49:26	,	176462	,	2015	,10.514715,1999.9000,-0.36429989,-197.7736,594989.4375,34.894,604775.3125,1999.9000,
	2026/04/30 11:49:26	,	177462	,	2016	,10.514622,1999.9000,-0.35744923,-197.7199,595003.1250,34.897,604744.5000,1999.9000,
	2026/04/30 11:49:26	,	178462	,	2017	,10.514508,1999.9000,-0.34727088,-197.6752,595206.3125,34.900,604717.7500,1999.9000,
	2026/04/30 11:49:26	,	179462	,	2018	,10.514413,1999.9000,-0.33759043,-197.8368,595501.8125,34.903,604704.3750,1999.9000,
	2026/04/30 11:49:26	,	180462	,	2019	,10.514329,1999.9000,-0.32992044,-197.5737,595501.8125,34.905,604696.3125,1999.9000,
	2026/04/30 11:49:26	,	181462	,	2020	,10.514245,1999.9000,-0.32356134,-197.2549,595501.8125,34.907,604690.9375,1999.9000,
	2026/04/30 11:49:26	,	182462	,	2021	,10.514170,1999.9000,-0.31986815,-196.9892,595501.8125,34.908,604686.5000,1999.9000,
	2026/04/30 11:49:26	,	183462	,	2022	,10.514071,1999.9000,-0.31920639,-196.7678,595501.8125,34.912,604692.9375,1999.9000,
	2026/04/30 11:49:26	,	184462	,	2023	,10.513926,1999.9000,-0.31920639,-196.5833,595498.3750,34.921,604788.6250,1999.9000,
	2026/04/30 11:49:26	,	185462	,	2024	,10.513769,1999.9000,-0.31616235,-196.1312,595401.7500,34.927,604815.8125,1999.9000,
	2026/04/30 11:49:26	,	186462	,	2025	,10.513578,1999.9000,-0.31589133,-195.8539,595383.5625,34.933,604909.4375,1999.9000,
	2026/04/30 11:49:26	,	187462	,	2026	,10.513395,1999.9000,-0.31568965,-195.5233,595369.5625,34.939,604942.6250,1999.9000,
	2026/04/30 11:49:26	,	188462	,	2027	,10.513199,1999.9000,-0.31568965,-195.2478,595220.0625,34.944,604942.6250,1999.9000,
	2026/04/30 11:49:26	,	189462	,	2028	,10.513016,1999.9000,-0.31548011,-195.0182,594954.8750,34.949,605059.7500,1999.9000,
	2026/04/30 11:49:26	,	190462	,	2029	,10.512833,1999.9000,-0.31520689,-194.8269,594921.1875,34.952,605059.7500,1999.9000,
	2026/04/30 11:49:26	,	191462	,	2030	,10.512674,1999.9000,-0.31485772,-194.6675,594910.0000,34.954,605059.7500,1999.9000,
	2026/04/30 11:49:26	,	192462	,	2031	,10.512459,1999.9000,-0.31201538,-194.5346,594904.3750,34.954,605059.7500,1999.9000,
	2026/04/30 11:49:26	,	193462	,	2032	,10.512190,1999.9000,-0.31171286,-194.5234,594901.0000,34.953,605059.7500,1999.9000,
	2026/04/30 11:49:26	,	194462	,	2033	,10.511940,1999.9000,-0.30506384,-194.5140,594898.8125,34.956,605050.1875,1999.9000,
	2026/04/30 11:49:26	,	195462	,	2034	,10.511699,1999.9000,-0.29824466,-194.7052,594908.5625,34.951,604926.9375,1999.9000,
	2026/04/30 11:49:26	,	196462	,	2035	,10.511497,1999.9000,-0.29206833,-194.8645,594921.6250,34.947,604895.2500,1999.9000,
	2026/04/30 11:49:26	,	197462	,	2036	,10.511250,1999.9000,-0.28656006,-195.0967,594934.5000,34.943,604800.6875,1999.9000,
	2026/04/30 11:49:26	,	198462	,	2037	,10.511023,1999.9000,-0.28137949,-195.3897,595118.1250,34.944,604768.6875,1999.9000,
	2026/04/30 11:49:26	,	199462	,	2038	,10.510775,1999.9000,-0.27338809,-195.7333,595410.6875,34.941,604682.3125,1999.9000,
	2026/04/30 11:49:26	,	200462	,	2039	,10.510528,1999.9000,-0.26395342,-196.1191,595513.1250,34.943,604682.3125,1999.9000,
	2026/04/30 11:49:26	,	201462	,	2040	,10.510273,1999.9000,-0.25692627,-196.9380,595513.1250,34.948,604682.3125,1999.9000,
	2026/04/30 11:49:26	,	202462	,	2041	,10.509947,1999.9000,-0.25123522,-197.6204,595513.1250,34.950,604682.3125,1999.9000,
	2026/04/30 11:49:26	,	203462	,	2042	,10.509605,1999.9000,-0.24751052,-198.1891,595513.1250,34.952,604682.3125,1999.9000,
	2026/04/30 11:49:26	,	204462	,	2043	,10.509252,1999.9000,-0.24665970,-198.6630,595513.1250,34.953,604689.0625,1999.9000,
	2026/04/30 11:49:26	,	205462	,	2044	,10.508896,1999.9000,-0.24392447,-199.0579,595413.6875,34.955,604792.1875,1999.9000,
	2026/04/30 11:49:26	,	206462	,	2045	,10.508516,1999.9000,-0.24062833,-199.2876,595391.3750,34.956,604822.1250,1999.9000,
	2026/04/30 11:49:26	,	207462	,	2046	,10.508120,1999.9000,-0.23611583,-199.0810,595376.9375,34.954,604925.1250,1999.9000,
	2026/04/30 11:49:26	,	208462	,	2047	,10.507734,1999.9000,-0.23048779,-198.9089,595292.6875,34.952,604954.3750,1999.9000,
	2026/04/30 11:49:26	,	209462	,	2048	,10.507294,1999.9000,-0.22647947,-198.7655,595070.5000,34.949,605044.1250,1999.9000,
	2026/04/30 11:49:26	,	210462	,	2049	,10.506888,1999.9000,-0.22404675,-198.6459,594842.8750,34.946,605044.1250,1999.9000,
	2026/04/30 11:49:26	,	211462	,	2050	,10.506480,1999.9000,-0.21918131,-198.6458,594842.8750,34.944,605044.1250,1999.9000,
	2026/04/30 11:49:26	,	212462	,	2051	,10.506102,1999.9000,-0.21272768,-198.7451,594842.8750,34.941,605044.1250,1999.9000,
	2026/04/30 11:49:26	,	213462	,	2052	,10.505705,1999.9000,-0.20427620,-198.8280,594842.8750,34.935,605044.1250,1999.9000,
	2026/04/30 11:49:26	,	214462	,	2053	,10.505220,1999.9000,-0.19328485,-198.9964,594842.8750,34.933,605042.8750,1999.9000,
	2026/04/30 11:49:26	,	215462	,	2054	,10.504727,1999.9000,-0.18203509,-199.1368,594946.0000,34.932,604951.1250,1999.9000,
	2026/04/30 11:49:26	,	216462	,	2055	,10.504252,1999.9000,-0.17224748,-199.2538,594967.4375,34.931,604914.8750,1999.9000,
	2026/04/30 11:49:26	,	217462	,	2056	,10.503768,1999.9000,-0.16374558,-199.3513,594977.3750,34.930,604820.0625,1999.9000,
	2026/04/30 11:49:26	,	218462	,	2057	,10.503215,1999.9000,-0.15649156,-199.3513,594977.3750,34.930,604791.0625,1999.9000,
	2026/04/30 11:49:26	,	219462	,	2058	,10.502629,1999.9000,-0.14798963,-199.5003,595299.3125,34.928,604704.6250,1999.9000,
	2026/04/30 11:49:26	,	220462	,	2059	,10.502017,1999.9000,-0.13711803,-199.5567,595582.8750,34.928,604703.7500,1999.9000,
	2026/04/30 11:49:26	,	221462	,	2060	,10.502017,1999.9000,-0.12844595,-199.6037,595582.8750,34.927,604703.4375,1999.9000,
	2026/04/30 11:49:26	,	222462	,	2061	,10.500974,1999.9000,-0.12172132,-199.7424,595582.8750,34.927,604703.2500,1999.9000,
	2026/04/30 11:49:26	,	223462	,	2062	,10.500375,1999.9000,-0.11684957,-200.2558,595582.8750,34.925,604703.1250,1999.9000,
	2026/04/30 11:49:26	,	224462	,	2063	,10.499811,1999.9000,-0.11593259,-200.6837,595582.8750,34.928,604703.0625,1999.9000,
	2026/04/30 11:49:26	,	225462	,	2064	,10.499302,1999.9000,-0.11546726,-200.6837,595464.8750,34.930,604714.8125,1999.9000,
	2026/04/30 11:49:26	,	226462	,	2065	,10.498823,1999.9000,-0.11503291,-201.3374,595432.9375,34.932,604834.5000,1999.9000,
	2026/04/30 11:49:26	,	227462	,	2066	,10.498304,1999.9000,-0.11474585,-201.5850,595410.0625,34.927,604862.0000,1999.9000,
	2026/04/30 11:49:26	,	228462	,	2067	,10.497773,1999.9000,-0.11445047,-201.2940,595321.9375,34.922,604960.1250,1999.9000,
	2026/04/30 11:49:26	,	229462	,	2068	,10.497250,1999.9000,-0.11412136,-201.2504,595136.5625,34.918,604993.1250,1999.9000,
	2026/04/30 11:49:26	,	230462	,	2069	,10.496746,1999.9000,-0.11384393,-201.2504,594844.0625,34.914,605016.1875,1999.9000,
	2026/04/30 11:49:26	,	231462	,	2070	,10.496136,1999.9000,-0.11064803,-201.3662,594844.0625,34.911,605027.6875,1999.9000,
	2026/04/30 11:49:26	,	232462	,	2071	,10.492077,1999.9000,-0.11061653,-201.3106,594844.0625,34.910,605034.6250,1999.9000,
	2026/04/30 11:49:26	,	233462	,	2072	,10.491631,1999.9000,-0.11041485,-201.3106,594844.0625,34.910,605039.1875,1999.9000,
	2026/04/30 11:49:26	,	234462	,	2073	,10.491124,1999.9000,-0.10501372,-200.9438,594844.0625,34.909,605043.0000,1999.9000,
	2026/04/30 11:49:26	,	235462	,	2074	,10.490811,1999.9000,-0.09747607,-200.9438,594928.6250,34.910,605034.0625,1999.9000,
	2026/04/30 11:49:26	,	236462	,	2075	,10.490522,1999.9000,-0.08992580,-200.8591,594958.1875,34.911,604914.2500,1999.9000,
	2026/04/30 11:49:26	,	237462	,	2076	,10.490150,1999.9000,-0.08282934,-200.8880,594974.3125,34.910,604880.6875,1999.9000,
	2026/04/30 11:49:26	,	238462	,	2077	,10.489708,1999.9000,-0.07599756,-200.9121,594989.1875,34.910,604781.9375,1999.9000,
	2026/04/30 11:49:26	,	239462	,	2078	,10.489194,1999.9000,-0.06824562,-201.0316,595208.6875,34.909,604751.4375,1999.9000,
	2026/04/30 11:49:26	,	240462	,	2079	,10.488716,1999.9000,-0.05676899,-201.0318,595515.5000,34.909,604730.6250,1999.9000,
	2026/04/30 11:49:26	,	241462	,	2080	,10.488179,1999.9000,-0.04620621,-200.9324,595515.5000,34.908,604720.1875,1999.9000,
	2026/04/30 11:49:26	,	242462	,	2081	,10.487597,1999.9000,-0.03779883,-200.8496,595515.5000,34.908,604713.9375,1999.9000,
	2026/04/30 11:49:26	,	243462	,	2082	,10.486994,1999.9000,-0.03076538,-200.7806,595515.5000,34.909,604709.7500,1999.9000,
	2026/04/30 11:49:26	,	244462	,	2083	,10.486402,1999.9000,-0.02626548,-200.7231,595515.5000,34.910,604706.3125,1999.9000,
	2026/04/30 11:49:26	,	245462	,	2084	,10.485788,1999.9000,-0.02333488,-200.4763,595511.8750,34.907,604714.9375,1999.9000,
	2026/04/30 11:49:26	,	246462	,	2085	,10.485173,1999.9000,-0.02041057,-199.9721,595402.9375,34.902,604820.6250,1999.9000,
	2026/04/30 11:49:26	,	247462	,	2086	,10.480758,1999.9000,-0.01678670,-199.2536,595388.6875,34.906,604850.5000,1999.9000,
	2026/04/30 11:49:26	,	248462	,	2087	,10.480341,1999.9000,-0.01269015,-198.6548,595379.6875,34.909,604949.8750,1999.9000,
	2026/04/30 11:49:26	,	249462	,	2088	,10.480023,1999.9000,-0.00900325,-198.0564,595242.0625,34.905,604983.6875,1999.9000,
	2026/04/30 11:49:26	,	250462	,	2089	,10.479648,1999.9000,-0.00898435,-197.5576,594964.3750,34.909,605009.5000,1999.9000,
	2026/04/30 11:49:26	,	251462	,	2090	,10.479220,1999.9000,-0.00895073,-197.1420,594928.3750,34.911,605022.3750,1999.9000,
	2026/04/30 11:49:26	,	252462	,	2091	,10.478802,1999.9000,-0.00845336,-196.7957,594916.3750,34.914,605030.0625,1999.9000,
	2026/04/30 11:49:26	,	253462	,	2092	,10.478349,1999.9000,-0.00349499,-196.5071,594910.3125,34.909,605035.1875,1999.9000,
	2026/04/30 11:49:26	,	254462	,	2093	,10.477821,1999.9000,0.00310361,-196.4655,594906.7500,34.906,605039.5625,1999.9000,
	2026/04/30 11:49:26	,	255462	,	2094	,10.477253,1999.9000,0.01222946,-196.4309,594904.3125,34.903,605031.2500,1999.9000,
	2026/04/30 11:49:26	,	256462	,	2095	,10.476606,1999.9000,0.02148135,-196.7005,594915.5000,34.899,604921.5000,1999.9000,
	2026/04/30 11:49:26	,	257462	,	2096	,10.472477,1999.9000,0.02998955,-197.2235,594997.7500,34.892,604893.0625,1999.9000,
	2026/04/30 11:49:26	,	258462	,	2097	,10.472045,1999.9000,0.03791796,-197.6594,595005.1875,34.887,604801.9375,1999.9000,
	2026/04/30 11:49:26	,	259462	,	2098	,10.471602,1999.9000,0.04603542,-198.0227,595119.9375,34.883,604769.5625,1999.9000,
	2026/04/30 11:49:26	,	260462	,	2099	,10.471196,1999.9000,0.05769485,-198.3254,595404.1250,34.879,604675.0625,1999.9000,
	2026/04/30 11:49:26	,	261462	,	2100	,10.470802,1999.9000,0.07011681,-198.3787,595404.1250,34.876,604675.0625,1999.9000,
	2026/04/30 11:49:26	,	262462	,	2101	,10.470352,1999.9000,0.08035816,-198.1246,595517.8750,34.878,604675.0625,1999.9000,
	2026/04/30 11:49:26	,	263462	,	2102	,10.469853,1999.9000,0.08912478,-198.2114,595517.8750,34.879,604675.0625,1999.9000,
	2026/04/30 11:49:26	,	264462	,	2103	,10.469308,1999.9000,0.09526332,-198.2837,595517.8750,34.881,604675.0625,1999.9000,
	2026/04/30 11:49:26	,	265462	,	2104	,10.468685,1999.9000,0.09874853,-198.3439,595517.8750,34.885,604684.8750,1999.9000,
	2026/04/30 11:49:26	,	266462	,	2105	,10.464672,1999.9000,0.10138290,-198.0957,595427.3750,34.889,604794.0625,1999.9000,
	2026/04/30 11:49:26	,	267462	,	2106	,10.464271,1999.9000,0.10428204,-197.8888,595410.6250,34.892,604822.4375,1999.9000,
	2026/04/30 11:49:26	,	268462	,	2107	,10.463758,1999.9000,0.10762228,-197.7165,595399.5000,34.891,604916.6250,1999.9000,
	2026/04/30 11:49:26	,	269462	,	2108	,10.463302,1999.9000,0.11142263,-197.8712,595295.6875,34.892,604948.3125,1999.9000,
	2026/04/30 11:49:26	,	270462	,	2109	,10.462909,1999.9000,0.11167154,-198.0997,595052.0000,34.890,605050.1250,1999.9000,
	2026/04/30 11:49:26	,	271462	,	2110	,10.462493,1999.9000,0.11191629,-198.2901,594838.6875,34.888,605050.1250,1999.9000,
	2026/04/30 11:49:26	,	272462	,	2111	,10.461982,1999.9000,0.11237111,-198.3492,594838.6875,34.886,605050.1250,1999.9000,
	2026/04/30 11:49:26	,	273462	,	2112	,10.461413,1999.9000,0.11715148,-198.1996,594838.6875,34.885,605050.1250,1999.9000,
	2026/04/30 11:49:26	,	274462	,	2113	,10.457314,1999.9000,0.12291183,-198.0749,594838.6875,34.884,605050.1250,1999.9000,
	2026/04/30 11:49:26	,	275462	,	2114	,10.456898,1999.9000,0.13155873,-197.9710,594838.6875,34.886,605041.3750,1999.9000,
	2026/04/30 11:49:26	,	276462	,	2115	,10.456390,1999.9000,0.14091776,-197.8844,594945.3750,34.897,604931.7500,1999.9000,
	2026/04/30 11:49:26	,	277462	,	2116	,10.455884,1999.9000,0.14957091,-197.8123,594965.9375,34.911,604898.1875,1999.9000,
	2026/04/30 11:49:26	,	278462	,	2117	,10.455390,1999.9000,0.15773880,-197.7521,594977.7500,34.922,604801.3125,1999.9000,
	2026/04/30 11:49:26	,	279462	,	2118	,10.454916,1999.9000,0.16549075,-197.7020,595066.8750,34.932,604765.6250,1999.9000,
	2026/04/30 11:49:26	,	280462	,	2119	,10.454323,1999.9000,0.17581403,-197.7597,595301.6875,34.940,604663.5625,1999.9000,
	2026/04/30 11:49:26	,	281462	,	2120	,10.450195,1999.9000,0.18826753,-197.8078,595595.3750,34.947,604663.5625,1999.9000,
	2026/04/30 11:49:26	,	282462	,	2121	,10.449912,1999.9000,0.19857194,-197.8479,595595.3750,34.944,604663.5625,1999.9000,
	2026/04/30 11:49:26	,	283462	,	2122	,10.449520,1999.9000,0.20758432,-197.8813,595595.3750,34.943,604663.5625,1999.9000,
	2026/04/30 11:49:26	,	284462	,	2123	,10.449048,1999.9000,0.21500854,-197.9091,595595.3750,34.938,604663.5625,1999.9000,
	2026/04/30 11:49:26	,	285462	,	2124	,10.448564,1999.9000,0.22005673,-197.9323,595595.3750,34.933,604671.0625,1999.9000,
	2026/04/30 11:49:26	,	286462	,	2125	,10.448041,1999.9000,0.22402093,-197.8522,595474.4375,34.928,604772.3125,1999.9000,
	2026/04/30 11:49:26	,	287462	,	2126	,10.447447,1999.9000,0.22809857,-197.6859,595440.7500,34.925,604803.0625,1999.9000,
	2026/04/30 11:49:26	,	288462	,	2127	,10.446782,1999.9000,0.23229598,-197.5473,595418.4375,34.923,604896.7500,1999.9000,
	2026/04/30 11:49:26	,	289462	,	2128	,10.442420,1999.9000,0.23314996,-197.3324,595335.5625,34.925,604930.5000,1999.9000,
	2026/04/30 11:49:26	,	290462	,	2129	,10.442137,1999.9000,0.23356065,-197.0538,595151.5000,34.928,605039.2500,1999.9000,
	2026/04/30 11:49:26	,	291462	,	2130	,10.441725,1999.9000,0.23384319,-196.8217,594876.2500,34.930,605039.2500,1999.9000,
	2026/04/30 11:49:26	,	292462	,	2131	,10.441198,1999.9000,0.23613411,-196.6282,594876.2500,34.928,605039.2500,1999.9000,
	2026/04/30 11:49:26	,	293462	,	2132	,10.440644,1999.9000,0.23630111,-196.4670,594876.2500,34.926,605039.2500,1999.9000,
	2026/04/30 11:49:26	,	294462	,	2133	,10.440186,1999.9000,0.23661096,-196.5316,594876.2500,34.924,605039.2500,1999.9000,
	2026/04/30 11:49:26	,	295462	,	2134	,10.439615,1999.9000,0.23676589,-196.5854,594876.2500,34.923,605033.5000,1999.9000,
	2026/04/30 11:49:26	,	296462	,	2135	,10.438954,1999.9000,0.24095543,-196.6303,594876.2500,34.920,604926.3125,1999.9000,
	2026/04/30 11:49:26	,	297462	,	2136	,10.434675,1999.9000,0.24377260,-196.6677,594881.8125,34.918,604890.0625,1999.9000,
	2026/04/30 11:49:26	,	298462	,	2137	,10.434198,1999.9000,0.24470535,-196.6988,594978.1250,34.916,604789.1875,1999.9000,
	2026/04/30 11:49:26	,	299462	,	2138	,10.433692,1999.9000,0.24538392,-196.7248,594993.9375,34.914,604759.9375,1999.9000,
	2026/04/30 11:49:26	,	300462	,	2139	,10.433178,1999.9000,0.24899097,-196.7464,595010.8750,34.914,604676.2500,1999.9000,
	2026/04/30 11:49:26	,	301462	,	2140	,10.432692,1999.9000,0.25470090,-196.7645,595225.9375,34.915,604673.8125,1999.9000,
	2026/04/30 11:49:26	,	302462	,	2141	,10.432168,1999.9000,0.25945920,-196.4811,595525.6250,34.916,604673.0000,1999.9000,
	2026/04/30 11:49:26	,	303462	,	2142	,10.431523,1999.9000,0.25956321,-196.2449,595525.6250,34.924,604672.5625,1999.9000,
	2026/04/30 11:49:26	,	304462	,	2143	,10.427258,1999.9000,0.25959784,-196.0481,595525.6250,34.930,604672.3125,1999.9000,
	2026/04/30 11:49:26	,	305462	,	2144	,10.427258,1999.9000,0.25961518,-195.8841,595525.6250,34.935,604672.1875,1999.9000,
	2026/04/30 11:49:26	,	306462	,	2145	,10.426751,1999.9000,0.25962558,-195.7474,595525.6250,34.940,604682.5000,1999.9000,
	2026/04/30 11:49:26	,	307462	,	2146	,10.426284,1999.9000,0.25963253,-195.8325,595522.6250,34.942,604784.3750,1999.9000,
	2026/04/30 11:49:26	,	308462	,	2147	,10.425813,1999.9000,0.25929382,-195.9033,595425.0000,34.943,604816.0625,1999.9000,
	2026/04/30 11:49:26	,	309462	,	2148	,10.425292,1999.9000,0.25596768,-196.1614,595409.7500,34.943,604923.8750,1999.9000,
	2026/04/30 11:49:26	,	310462	,	2149	,10.424801,1999.9000,0.25354755,-196.6748,595400.3125,34.943,604958.9375,1999.9000,
	2026/04/30 11:49:26	,	311462	,	2150	,10.424228,1999.9000,0.24731451,-197.1026,595262.3125,34.940,604982.6875,1999.9000,
	2026/04/30 11:49:26	,	312462	,	2151	,10.420169,1999.9000,0.24130836,-197.4592,594988.2500,34.932,604994.5625,1999.9000,
	2026/04/30 11:49:26	,	313462	,	2152	,10.419558,1999.9000,0.24130836,-198.0547,594895.2500,34.924,605001.7500,1999.9000,
	2026/04/30 11:49:26	,	314462	,	2153	,10.418978,1999.9000,0.24130836,-198.3521,594895.2500,34.918,605006.5000,1999.9000,
	2026/04/30 11:49:26	,	315462	,	2154	,10.418568,1999.9000,0.24130836,-198.5004,594895.2500,34.902,605010.5000,1999.9000,
	2026/04/30 11:49:26	,	316462	,	2155	,10.418125,1999.9000,0.24130836,-198.6240,594895.2500,34.885,605001.3750,1999.9000,
	2026/04/30 11:49:26	,	317462	,	2156	,10.417662,1999.9000,0.24394277,-198.7270,594895.2500,34.868,604881.6250,1999.9000,
	2026/04/30 11:49:26	,	318462	,	2157	,10.417117,1999.9000,0.24703722,-198.8128,594907.8750,34.855,604853.2500,1999.9000,
	2026/04/30 11:49:26	,	319462	,	2158	,10.416493,1999.9000,0.24936911,-198.8844,594993.0000,34.844,604766.2500,1999.9000,
	2026/04/30 11:49:26	,	320462	,	2159	,10.415860,1999.9000,0.25183332,-198.9440,594998.3750,34.834,604736.3750,1999.9000,
	2026/04/30 11:49:26	,	321462	,	2160	,10.411709,1999.9000,0.25777018,-198.9936,595124.6875,34.828,604714.6875,1999.9000,
	2026/04/30 11:49:26	,	322462	,	2161	,10.411024,1999.9000,0.26370069,-198.8361,595417.2500,34.826,604703.8750,1999.9000,
	2026/04/30 11:49:26	,	323462	,	2162	,10.410477,1999.9000,0.26433724,-198.7048,595538.7500,34.830,604697.3750,1999.9000,
	2026/04/30 11:49:26	,	324462	,	2163	,10.410004,1999.9000,0.26454940,-198.5954,595538.7500,34.838,604693.0625,1999.9000,
	2026/04/30 11:49:26	,	325462	,	2164	,10.409486,1999.9000,0.26465547,-198.4047,595538.7500,34.846,604689.5000,1999.9000,
	2026/04/30 11:49:26	,	326462	,	2165	,10.408927,1999.9000,0.26471913,-198.2458,595538.7500,34.856,604698.6250,1999.9000,
	2026/04/30 11:49:26	,	327462	,	2166	,10.404887,1999.9000,0.26476157,-197.9145,595538.7500,34.865,604819.4375,1999.9000,
	2026/04/30 11:49:26	,	328462	,	2167	,10.404336,1999.9000,0.26204950,-197.8373,595435.6875,34.873,604848.3750,1999.9000,
	2026/04/30 11:49:26	,	329462	,	2168	,10.403934,1999.9000,0.25946552,-197.7730,595418.1250,34.880,604932.3750,1999.9000,
	2026/04/30 11:49:26	,	330462	,	2169	,10.403516,1999.9000,0.25697607,-197.5205,595405.5000,34.884,604959.8125,1999.9000,
	2026/04/30 11:49:26	,	331462	,	2170	,10.403034,1999.9000,0.25167575,-197.1111,595303.4375,34.890,605062.8125,1999.9000,
	2026/04/30 11:49:26	,	332462	,	2171	,10.402573,1999.9000,0.24588387,-196.7699,595075.2500,34.897,605062.8125,1999.9000,
	2026/04/30 11:49:26	,	333462	,	2172	,10.402024,1999.9000,0.24535131,-196.4856,594847.0000,34.902,605062.8125,1999.9000,
	2026/04/30 11:49:26	,	334462	,	2173	,10.401420,1999.9000,0.24517381,-196.2487,594847.0000,34.906,605062.8125,1999.9000,
	2026/04/30 11:49:26	,	335462	,	2174	,10.397380,1999.9000,0.24508506,-196.0512,594847.0000,34.909,605062.8125,1999.9000,
	2026/04/30 11:49:26	,	336462	,	2175	,10.396666,1999.9000,0.24503179,-195.2899,594847.0000,34.911,605052.1250,1999.9000,
	2026/04/30 11:49:26	,	337462	,	2176	,10.396110,1999.9000,0.24499629,-194.6554,594847.0000,34.911,604919.6875,1999.9000,
	2026/04/30 11:49:26	,	338462	,	2177	,10.395690,1999.9000,0.24737127,-194.1267,594957.2500,34.910,604883.1250,1999.9000,
	2026/04/30 11:49:26	,	339462	,	2178	,10.395266,1999.9000,0.24989222,-193.6861,594979.0625,34.909,604781.3125,1999.9000,
	2026/04/30 11:49:26	,	340462	,	2179	,10.394794,1999.9000,0.25266528,-193.5178,594989.1250,34.909,604746.0000,1999.9000,
	2026/04/30 11:49:26	,	341462	,	2180	,10.394217,1999.9000,0.25836262,-193.3776,595006.8750,34.908,604650.2500,1999.9000,
	2026/04/30 11:49:26	,	342462	,	2181	,10.393582,1999.9000,0.26518178,-194.2556,595309.9375,34.908,604650.2500,1999.9000,
	2026/04/30 11:49:26	,	343462	,	2182	,10.389277,1999.9000,0.26558512,-194.9872,595581.1250,34.908,604650.2500,1999.9000,
	2026/04/30 11:49:26	,	344462	,	2183	,10.388950,1999.9000,0.26571956,-195.5968,595581.1250,34.909,604650.2500,1999.9000,
	2026/04/30 11:49:26	,	345462	,	2184	,10.388464,1999.9000,0.26578680,-196.1049,595581.1250,34.910,604650.2500,1999.9000,
	2026/04/30 11:49:26	,	346462	,	2185	,10.387930,1999.9000,0.26582715,-196.5282,595581.1250,34.914,604650.2500,1999.9000,
	2026/04/30 11:49:26	,	347462	,	2186	,10.387462,1999.9000,0.26585403,-196.8811,595581.1250,34.917,604660.4375,1999.9000,
	2026/04/30 11:49:26	,	348462	,	2187	,10.386960,1999.9000,0.26550674,-196.6777,595473.2500,34.920,604790.4375,1999.9000,
	2026/04/30 11:49:26	,	349462	,	2188	,10.386433,1999.9000,0.26170915,-196.5082,595443.6875,34.922,604820.8750,1999.9000,
	2026/04/30 11:49:26	,	350462	,	2189	,10.385869,1999.9000,0.26069763,-196.3670,595422.1875,34.921,604910.5625,1999.9000,
	2026/04/30 11:49:26	,	351462	,	2190	,10.385256,1999.9000,0.25513580,-196.1499,595340.3750,34.917,604944.4375,1999.9000,
	2026/04/30 11:49:26	,	352462	,	2191	,10.381205,1999.9000,0.24832290,-196.0684,595153.8750,34.914,605050.7500,1999.9000,
	2026/04/30 11:49:26	,	353462	,	2192	,10.380774,1999.9000,0.24423267,-196.0005,594869.1250,34.905,605050.7500,1999.9000,
	2026/04/30 11:49:26	,	354462	,	2193	,10.380351,1999.9000,0.24423267,-196.1428,594869.1250,34.897,605050.7500,1999.9000,
	2026/04/30 11:49:26	,	355462	,	2194	,10.379909,1999.9000,0.24423267,-196.2614,594869.1250,34.891,605050.7500,1999.9000,
	2026/04/30 11:49:26	,	356462	,	2195	,10.379441,1999.9000,0.24423267,-196.3603,594869.1250,34.885,605050.7500,1999.9000,
	2026/04/30 11:49:26	,	357462	,	2196	,10.378981,1999.9000,0.24423262,-196.5422,594869.1250,34.879,605045.3750,1999.9000,
	2026/04/30 11:49:26	,	358462	,	2197	,10.378448,1999.9000,0.24454147,-196.6937,594874.5000,34.876,604933.5625,1999.9000,
	2026/04/30 11:49:26	,	359462	,	2198	,10.377820,1999.9000,0.24750361,-196.8200,594970.3750,34.873,604896.3750,1999.9000,
	2026/04/30 11:49:26	,	360462	,	2199	,10.373698,1999.9000,0.24805188,-197.1242,594983.5000,34.871,604796.5000,1999.9000,
	2026/04/30 11:49:26	,	361462	,	2200	,10.373236,1999.9000,0.25175771,-197.3777,594999.3750,34.872,604766.8750,1999.9000,
	2026/04/30 11:49:26	,	362462	,	2201	,10.372765,1999.9000,0.25802857,-197.5889,595209.3125,34.877,604675.0625,1999.9000,
	2026/04/30 11:49:26	,	363462	,	2202	,10.372306,1999.9000,0.26141292,-197.7650,595503.0000,34.880,604675.0625,1999.9000,
	2026/04/30 11:49:26	,	364462	,	2203	,10.371881,1999.9000,0.26141292,-197.9117,595503.0000,34.883,604675.0625,1999.9000,
	2026/04/30 11:49:26	,	365462	,	2204	,10.371449,1999.9000,0.26141292,-197.7355,595503.0000,34.885,604675.0625,1999.9000,
	2026/04/30 11:49:26	,	366462	,	2205	,10.370926,1999.9000,0.26141292,-197.5887,595503.0000,34.892,604675.0625,1999.9000,
	2026/04/30 11:49:26	,	367462	,	2206	,10.370358,1999.9000,0.26141292,-197.4663,595503.0000,34.897,604676.6875,1999.9000,
	2026/04/30 11:49:26	,	368462	,	2207	,10.369749,1999.9000,0.25834370,-197.6628,595502.5625,34.899,604687.7500,1999.9000,
	2026/04/30 11:49:26	,	369462	,	2208	,10.369106,1999.9000,0.25574082,-197.5281,595411.2500,34.900,604809.1250,1999.9000,
	2026/04/30 11:49:26	,	370462	,	2209	,10.365060,1999.9000,0.25358540,-197.4158,595396.3750,34.901,604843.9375,1999.9000,
	2026/04/30 11:49:26	,	371462	,	2210	,10.364538,1999.9000,0.25004977,-197.3223,595385.4375,34.900,604943.2500,1999.9000,
	2026/04/30 11:49:26	,	372462	,	2211	,10.363987,1999.9000,0.24285872,-197.4433,595242.0625,34.900,604979.7500,1999.9000,
	2026/04/30 11:49:26	,	373462	,	2212	,10.363592,1999.9000,0.23672652,-197.5441,594957.2500,34.899,605004.0625,1999.9000,
	2026/04/30 11:49:26	,	374462	,	2213	,10.363225,1999.9000,0.23672652,-197.8271,594874.4375,34.899,605016.1875,1999.9000,
	2026/04/30 11:49:26	,	375462	,	2214	,10.362895,1999.9000,0.23637044,-198.0629,594874.4375,34.899,605023.4375,1999.9000,
	2026/04/30 11:49:26	,	376462	,	2215	,10.362486,1999.9000,0.23625177,-198.2594,594874.4375,34.894,605028.3125,1999.9000,
	2026/04/30 11:49:26	,	377462	,	2216	,10.361966,1999.9000,0.23619241,-198.3237,594874.4375,34.889,605032.3750,1999.9000,
	2026/04/30 11:49:26	,	378462	,	2217	,10.361369,1999.9000,0.23615682,-198.4768,594874.4375,34.884,605024.0625,1999.9000,
	2026/04/30 11:49:26	,	379462	,	2218	,10.360729,1999.9000,0.23613307,-198.6043,594956.1250,34.880,604906.3750,1999.9000,
	2026/04/30 11:49:26	,	380462	,	2219	,10.360066,1999.9000,0.23640528,-198.7106,594969.5000,34.877,604866.1875,1999.9000,
	2026/04/30 11:49:26	,	381462	,	2220	,10.355796,1999.9000,0.23891975,-198.7991,594981.7500,34.875,604756.5625,1999.9000,
	2026/04/30 11:49:26	,	382462	,	2221	,10.355497,1999.9000,0.23987772,-198.8729,595124.0625,34.874,604727.2500,1999.9000,
	2026/04/30 11:49:26	,	383462	,	2222	,10.355161,1999.9000,0.24635656,-198.9344,595411.2500,34.875,604714.8750,1999.9000,
	2026/04/30 11:49:26	,	384462	,	2223	,10.354783,1999.9000,0.25122827,-198.8862,595556.6250,34.876,604708.6875,1999.9000,
	2026/04/30 11:49:26	,	385462	,	2224	,10.354361,1999.9000,0.25122827,-198.8460,595556.6250,34.882,604705.0000,1999.9000,
	2026/04/30 11:49:26	,	386462	,	2225	,10.353978,1999.9000,0.25122827,-198.8125,595556.6250,34.888,604702.5000,1999.9000,
	2026/04/30 11:49:26	,	387462	,	2226	,10.353532,1999.9000,0.25122827,-198.5857,595556.6250,34.892,604700.5000,1999.9000,
	2026/04/30 11:49:26	,	388462	,	2227	,10.353015,1999.9000,0.25122824,-198.3967,595556.6250,34.901,604710.2500,1999.9000,
	2026/04/30 11:49:26	,	389462	,	2228	,10.352465,1999.9000,0.24818426,-198.3967,595451.1875,34.911,604815.7500,1999.9000,
	2026/04/30 11:49:26	,	390462	,	2229	,10.351912,1999.9000,0.24537338,-197.9255,595428.2500,34.922,604847.1875,1999.9000,
	2026/04/30 11:49:26	,	391462	,	2230	,10.351348,1999.9000,0.24299739,-197.7470,595413.8750,34.932,604948.0625,1999.9000,
	2026/04/30 11:49:26	,	392462	,	2231	,10.350729,1999.9000,0.24014872,-197.5983,595312.3125,34.940,604983.0625,1999.9000,
	2026/04/30 11:49:26	,	393462	,	2232	,10.350124,1999.9000,0.23393455,-197.4743,595087.7500,34.947,605009.5000,1999.9000,
	2026/04/30 11:49:26	,	394462	,	2233	,10.349485,1999.9000,0.22758175,-197.3710,594860.1250,34.952,605022.6875,1999.9000,
	2026/04/30 11:49:26	,	395462	,	2234	,10.345160,1999.9000,0.22468270,-197.2850,594860.1250,34.954,605030.5625,1999.9000,
	2026/04/30 11:49:26	,	396462	,	2235	,10.344893,1999.9000,0.22468270,-197.4122,594860.1250,34.949,605035.8125,1999.9000,
	2026/04/30 11:49:26	,	397462	,	2236	,10.344693,1999.9000,0.22468270,-197.1203,594860.1250,34.945,605040.2500,1999.9000,
	2026/04/30 11:49:26	,	398462	,	2237	,10.344453,1999.9000,0.22468270,-196.8771,594860.1250,34.941,605031.1250,1999.9000,
	2026/04/30 11:49:26	,	399462	,	2238	,10.344167,1999.9000,0.22468270,-197.0723,594957.8750,34.937,604919.0625,1999.9000,
	2026/04/30 11:49:26	,	400462	,	2239	,10.343881,1999.9000,0.22698936,-197.2349,594978.1250,34.933,604891.3125,1999.9000,
	2026/04/30 11:49:26	,	401462	,	2240	,10.343513,1999.9000,0.22914475,-197.3705,594986.9375,34.932,604794.6250,1999.9000,
	2026/04/30 11:49:26	,	402462	,	2241	,10.343059,1999.9000,0.23010901,-197.4835,595004.6875,34.929,604762.6250,1999.9000,
	2026/04/30 11:49:26	,	403462	,	2242	,10.342554,1999.9000,0.23588832,-197.5776,595304.6250,34.928,604673.8125,1999.9000,
	2026/04/30 11:49:26	,	404462	,	2243	,10.342046,1999.9000,0.24127057,-197.6561,595588.8750,34.926,604673.8125,1999.9000,
	2026/04/30 11:49:26	,	405462	,	2244	,10.341522,1999.9000,0.24127057,-197.5225,595588.8750,34.924,604673.8125,1999.9000,
	2026/04/30 11:49:26	,	406462	,	2245	,10.340972,1999.9000,0.24127060,-197.4112,595588.8750,34.923,604673.8125,1999.9000,
	2026/04/30 11:49:26	,	407462	,	2246	,10.340419,1999.9000,0.24127057,-197.3184,595588.8750,34.920,604673.8125,1999.9000,
	2026/04/30 11:49:26	,	408462	,	2247	,10.339885,1999.9000,0.24127057,-197.2411,595588.8750,34.919,604683.9375,1999.9000,
	2026/04/30 11:49:26	,	409462	,	2248	,10.339318,1999.9000,0.23826429,-197.1767,595476.8125,34.919,604789.8125,1999.9000,
	2026/04/30 11:49:26	,	410462	,	2249	,10.338802,1999.9000,0.23532112,-197.1230,595442.2500,34.918,604815.4375,1999.9000,
	2026/04/30 11:49:26	,	411462	,	2250	,10.338347,1999.9000,0.23269933,-197.0783,595425.7500,34.918,604910.5625,1999.9000,
	2026/04/30 11:49:26	,	412462	,	2251	,10.337850,1999.9000,0.23003970,-197.0410,595408.8750,34.917,604947.7500,1999.9000,
	2026/04/30 11:49:26	,	413462	,	2252	,10.337365,1999.9000,0.22431715,-197.0099,595174.7500,34.917,605054.9375,1999.9000,
	2026/04/30 11:49:26	,	414462	,	2253	,10.336942,1999.9000,0.21668495,-197.3819,594889.9375,34.918,605054.9375,1999.9000,
	2026/04/30 11:49:26	,	415462	,	2254	,10.336499,1999.9000,0.21155484,-197.8909,594889.9375,34.919,605054.9375,1999.9000,
	2026/04/30 11:49:26	,	416462	,	2255	,10.336018,1999.9000,0.21155484,-198.3150,594889.9375,34.923,605054.9375,1999.9000,
	2026/04/30 11:49:26	,	417462	,	2256	,10.335485,1999.9000,0.21155484,-198.6685,594889.9375,34.923,605054.9375,1999.9000,
	2026/04/30 11:49:26	,	418462	,	2257	,10.334925,1999.9000,0.21155484,-198.9630,594889.9375,34.924,605048.0000,1999.9000,
	2026/04/30 11:49:26	,	419462	,	2258	,10.334317,1999.9000,0.21155484,-199.3079,594895.1250,34.924,604926.9375,1999.9000,
	2026/04/30 11:49:26	,	420462	,	2259	,10.333716,1999.9000,0.21182060,-199.5954,594980.5000,34.922,604892.1250,1999.9000,
	2026/04/30 11:49:26	,	421462	,	2260	,10.333132,1999.9000,0.21396862,-199.8349,594993.6250,34.921,604784.3750,1999.9000,
	2026/04/30 11:49:26	,	422462	,	2261	,10.332570,1999.9000,0.21408208,-199.7361,595009.7500,34.920,604751.1250,1999.9000,
	2026/04/30 11:49:26	,	423462	,	2262	,10.331998,1999.9000,0.21690555,-199.3553,595220.0625,34.920,604660.0000,1999.9000,
	2026/04/30 11:49:26	,	424462	,	2263	,10.331451,1999.9000,0.22226259,-198.7396,595518.5000,34.917,604660.0000,1999.9000,
	2026/04/30 11:49:26	,	425462	,	2264	,10.330960,1999.9000,0.22226259,-198.2265,595518.5000,34.911,604660.0000,1999.9000,
	2026/04/30 11:49:26	,	426462	,	2265	,10.330532,1999.9000,0.22226259,-197.7989,595518.5000,34.906,604660.0000,1999.9000,
	2026/04/30 11:49:26	,	427462	,	2266	,10.330170,1999.9000,0.22226259,-197.6415,595518.5000,34.901,604660.0000,1999.9000,
	2026/04/30 11:49:26	,	428462	,	2267	,10.329859,1999.9000,0.22226259,-197.3114,595518.5000,34.897,604669.5625,1999.9000,
	2026/04/30 11:49:26	,	429462	,	2268	,10.329515,1999.9000,0.21627530,-197.0363,595517.3750,34.894,604786.1875,1999.9000,
	2026/04/30 11:49:26	,	430462	,	2269	,10.329074,1999.9000,0.21014939,-196.8071,595427.9375,34.893,604809.1250,1999.9000,
	2026/04/30 11:49:26	,	431462	,	2270	,10.328662,1999.9000,0.20389743,-196.6160,595405.8750,34.892,604835.3125,1999.9000,
	2026/04/30 11:49:26	,	432462	,	2271	,10.328224,1999.9000,0.19757614,-196.4568,595388.1875,34.892,604952.2500,1999.9000,
	2026/04/30 11:49:26	,	433462	,	2272	,10.327744,1999.9000,0.18926328,-196.0258,595230.6875,34.888,605036.8125,1999.9000,
	2026/04/30 11:49:26	,	434462	,	2273	,10.327291,1999.9000,0.17773624,-195.6665,594971.0000,34.888,605036.8125,1999.9000,
	2026/04/30 11:49:26	,	435462	,	2274	,10.327291,1999.9000,0.16767135,-195.3672,594882.7500,34.889,605036.8125,1999.9000,
	2026/04/30 11:49:26	,	436462	,	2275	,10.326469,1999.9000,0.15915683,-195.1177,594882.7500,34.892,605036.8125,1999.9000,
	2026/04/30 11:49:26	,	437462	,	2276	,10.325994,1999.9000,0.15240698,-195.2083,594882.7500,34.895,605036.8125,1999.9000,
	2026/04/30 11:49:26	,	438462	,	2277	,10.325525,1999.9000,0.14870121,-195.2837,594882.7500,34.898,605032.8750,1999.9000,
	2026/04/30 11:49:26	,	439462	,	2278	,10.325129,1999.9000,0.14645123,-195.5455,594882.7500,34.901,604927.5625,1999.9000,
	2026/04/30 11:49:26	,	440462	,	2279	,10.324778,1999.9000,0.14377274,-195.8632,594895.1250,34.903,604894.6250,1999.9000,
	2026/04/30 11:49:26	,	441462	,	2280	,10.324447,1999.9000,0.14065304,-196.1279,594990.0000,34.904,604801.9375,1999.9000,
	2026/04/30 11:49:26	,	442462	,	2281	,10.324141,1999.9000,0.13706070,-196.3485,594994.1875,34.904,604770.5000,1999.9000,
	2026/04/30 11:49:26	,	443462	,	2282	,10.323821,1999.9000,0.13491157,-196.4328,595103.2500,34.906,604677.5000,1999.9000,
	2026/04/30 11:49:26	,	444462	,	2283	,10.323535,1999.9000,0.13469416,-196.4036,595385.0625,34.908,604677.5000,1999.9000,
	2026/04/30 11:49:26	,	445462	,	2284	,10.323252,1999.9000,0.13444941,-196.4788,595550.1250,34.909,604677.5000,1999.9000,
	2026/04/30 11:49:26	,	446462	,	2285	,10.323016,1999.9000,0.13116796,-196.5414,595550.1250,34.910,604677.5000,1999.9000,
	2026/04/30 11:49:26	,	447462	,	2286	,10.322764,1999.9000,0.12693277,-196.4942,595550.1250,34.908,604677.5000,1999.9000,
	2026/04/30 11:49:26	,	448462	,	2287	,10.322467,1999.9000,0.11999386,-196.3553,595550.1250,34.906,604680.0625,1999.9000,
	2026/04/30 11:49:26	,	449462	,	2288	,10.322139,1999.9000,0.11126503,-196.2396,595550.1250,34.905,604766.2500,1999.9000,
	2026/04/30 11:49:26	,	450462	,	2289	,10.321851,1999.9000,0.10230936,-196.1431,595447.0000,34.903,604797.3125,1999.9000,
	2026/04/30 11:49:26	,	451462	,	2290	,10.321590,1999.9000,0.09356166,-196.1622,595419.0000,34.902,604888.8750,1999.9000,
	2026/04/30 11:49:26	,	452462	,	2291	,10.321373,1999.9000,0.08526143,-196.1781,595404.1250,34.900,604919.3750,1999.9000,
	2026/04/30 11:49:26	,	453462	,	2292	,10.321137,1999.9000,0.07636877,-196.6888,595299.8125,34.896,605020.5625,1999.9000,
	2026/04/30 11:49:26	,	454462	,	2293	,10.320887,1999.9000,0.06436274,-197.1143,595073.4375,34.895,605022.0625,1999.9000,
	2026/04/30 11:49:26	,	455462	,	2294	,10.320678,1999.9000,0.05325797,-197.4689,594834.5000,34.895,605022.6250,1999.9000,
	2026/04/30 11:49:26	,	456462	,	2295	,10.320489,1999.9000,0.04423926,-197.7645,594834.5000,34.894,605022.8125,1999.9000,
	2026/04/30 11:49:26	,	457462	,	2296	,10.320308,1999.9000,0.03668270,-198.0107,594834.5000,34.899,605023.0000,1999.9000,
	2026/04/30 11:49:26	,	458462	,	2297	,10.320130,1999.9000,0.03205043,-198.2159,594834.5000,34.903,605023.0625,1999.9000,
	2026/04/30 11:49:26	,	459462	,	2298	,10.319983,1999.9000,0.02971857,-198.3869,594834.5000,34.907,605011.3750,1999.9000,
	2026/04/30 11:49:26	,	460462	,	2299	,10.319836,1999.9000,0.02742451,-198.5294,594941.1250,34.911,604886.4375,1999.9000,
	2026/04/30 11:49:26	,	461462	,	2300	,10.319697,1999.9000,0.02467038,-198.6482,594966.2500,34.915,604851.4375,1999.9000,
	2026/04/30 11:49:26	,	462462	,	2301	,10.319582,1999.9000,0.02148135,-198.4487,594979.1250,34.918,604754.8125,1999.9000,
	2026/04/30 11:49:26	,	463462	,	2302	,10.319456,1999.9000,0.02065573,-198.2825,595066.3125,34.925,604724.0000,1999.9000,
	2026/04/30 11:49:26	,	464462	,	2303	,10.319336,1999.9000,0.02022927,-198.1440,595302.1875,34.931,604703.8125,1999.9000,
	2026/04/30 11:49:26	,	465462	,	2304	,10.319212,1999.9000,0.01984903,-198.1440,595593.0000,34.936,604693.7500,1999.9000,
	2026/04/30 11:49:26	,	466462	,	2305	,10.319109,1999.9000,0.01948601,-198.0286,595593.0000,34.933,604687.7500,1999.9000,
	2026/04/30 11:49:26	,	467462	,	2306	,10.319012,1999.9000,0.01478825,-197.9324,595593.0000,34.928,604683.7500,1999.9000,
	2026/04/30 11:49:26	,	468462	,	2307	,10.318926,1999.9000,0.00902156,-198.2501,595593.0000,34.925,604680.3125,1999.9000,
	2026/04/30 11:49:26	,	469462	,	2308	,10.318855,1999.9000,0.00120030,-198.1170,595593.0000,34.922,604689.9375,1999.9000,
	2026/04/30 11:49:26	,	470462	,	2309	,10.318796,1999.9000,-0.00666507,-198.0061,595483.9375,34.910,604811.5625,1999.9000,
	2026/04/30 11:49:26	,	471462	,	2310	,10.318751,1999.9000,-0.01407667,-197.9137,595453.8750,34.899,604843.3125,1999.9000,
	2026/04/30 11:49:26	,	472462	,	2311	,10.318720,1999.9000,-0.02113534,-198.2345,595434.1250,34.888,604937.1875,1999.9000,
	2026/04/30 11:49:26	,	473462	,	2312	,10.318694,1999.9000,-0.02849020,-198.6014,595345.6875,34.879,604970.0625,1999.9000,
	2026/04/30 11:49:26	,	474462	,	2313	,10.318661,1999.9000,-0.03929880,-198.9071,595163.4375,34.872,604994.9375,1999.9000,
	2026/04/30 11:49:26	,	475462	,	2314	,10.318634,1999.9000,-0.05112206,-199.3742,594875.6250,34.867,605007.3750,1999.9000,
	2026/04/30 11:49:26	,	476462	,	2315	,10.318612,1999.9000,-0.06036135,-199.3742,594875.6250,34.863,605014.8750,1999.9000,
	2026/04/30 11:49:26	,	477462	,	2316	,10.318604,1999.9000,-0.06780447,-199.5511,594875.6250,34.867,605019.8750,1999.9000,
	2026/04/30 11:49:26	,	478462	,	2317	,10.318604,1999.9000,-0.07228545,-199.6985,594875.6250,34.871,605024.0000,1999.9000,
	2026/04/30 11:49:26	,	479462	,	2318	,10.318627,1999.9000,-0.07302599,-199.8214,594875.6250,34.874,605016.0000,1999.9000,
	2026/04/30 11:49:26	,	480462	,	2319	,10.318636,1999.9000,-0.07368878,-199.9238,594879.1250,34.876,604915.4375,1999.9000,
	2026/04/30 11:49:26	,	481462	,	2320	,10.318636,1999.9000,-0.07681685,-200.0091,594891.7500,34.878,604885.5625,1999.9000,
	2026/04/30 11:49:26	,	482462	,	2321	,10.318658,1999.9000,-0.07711308,-200.0802,594978.7500,34.877,604782.5625,1999.9000,
	2026/04/30 11:49:26	,	483462	,	2322	,10.318671,1999.9000,-0.07730005,-200.1394,594995.3750,34.875,604750.8750,1999.9000,
	2026/04/30 11:49:26	,	484462	,	2323	,10.318687,1999.9000,-0.07768029,-200.2883,595193.1875,34.874,604724.2500,1999.9000,
	2026/04/30 11:49:26	,	485462	,	2324	,10.318701,1999.9000,-0.07792355,-200.4123,595498.8750,34.869,604710.8750,1999.9000,
	2026/04/30 11:49:26	,	486462	,	2325	,10.318771,1999.9000,-0.08022645,-200.5157,595498.8750,34.864,604702.8750,1999.9000,
	2026/04/30 11:49:26	,	487462	,	2326	,10.318831,1999.9000,-0.08062980,-200.6018,595498.8750,34.861,604697.5000,1999.9000,
	2026/04/30 11:49:26	,	488462	,	2327	,10.318890,1999.9000,-0.08123063,-200.6736,595498.8750,34.858,604693.0625,1999.9000,
	2026/04/30 11:49:26	,	489462	,	2328	,10.318964,1999.9000,-0.08884811,-200.5345,595498.8750,34.855,604699.4375,1999.9000,
	2026/04/30 11:49:26	,	490462	,	2329	,10.319060,1999.9000,-0.09613997,-200.4185,595495.0625,34.859,604806.1250,1999.9000,
	2026/04/30 11:49:26	,	491462	,	2330	,10.319191,1999.9000,-0.10288981,-200.2225,595394.0000,34.862,604837.8750,1999.9000,
	2026/04/30 11:49:26	,	492462	,	2331	,10.319334,1999.9000,-0.10916067,-199.7606,595378.8125,34.865,604937.1875,1999.9000,
	2026/04/30 11:49:26	,	493462	,	2332	,10.319463,1999.9000,-0.11485802,-199.3758,595366.0000,34.867,604961.9375,1999.9000,
	2026/04/30 11:49:26	,	494462	,	2333	,10.319585,1999.9000,-0.12266038,-199.0551,595218.1875,34.871,605062.2500,1999.9000,
	2026/04/30 11:49:26	,	495462	,	2334	,10.319728,1999.9000,-0.13277569,-199.0862,594958.5000,34.874,605062.2500,1999.9000,
	2026/04/30 11:49:26	,	496462	,	2335	,10.319916,1999.9000,-0.14088055,-199.1122,594877.3750,34.879,605062.2500,1999.9000,
	2026/04/30 11:49:26	,	497462	,	2336	,10.320097,1999.9000,-0.14740981,-199.1338,594877.3750,34.879,605062.2500,1999.9000,
	2026/04/30 11:49:26	,	498462	,	2337	,10.320336,1999.9000,-0.15192232,-199.1518,594877.3750,34.885,605062.2500,1999.9000,
	2026/04/30 11:49:26	,	499462	,	2338	,10.320336,1999.9000,-0.15259981,-199.1669,594877.3750,34.890,605062.2500,1999.9000,
	2026/04/30 11:49:26	,	500462	,	2339	,10.320626,1999.9000,-0.15293071,-199.1794,594877.3750,34.893,605055.5000,1999.9000,
	2026/04/30 11:49:26	,	501462	,	2340	,10.320932,1999.9000,-0.15309614,-199.2893,594890.3750,34.895,604948.0625,1999.9000,
	2026/04/30 11:49:26	,	502462	,	2341	,10.321233,1999.9000,-0.15319540,-199.3809,594990.0000,34.897,604920.6250,1999.9000,
	2026/04/30 11:49:26	,	503462	,	2342	,10.321486,1999.9000,-0.15326157,-199.4572,594997.4375,34.894,604829.0625,1999.9000,
	2026/04/30 11:49:26	,	504462	,	2343	,10.321813,1999.9000,-0.15331671,-199.7198,595115.1250,34.891,604793.4375,1999.9000,
	2026/04/30 11:49:26	,	505462	,	2344	,10.322130,1999.9000,-0.15347402,-199.9385,595399.9375,34.889,604689.5625,1999.9000,
	2026/04/30 11:49:26	,	506462	,	2345	,10.322419,1999.9000,-0.15375951,-200.1209,595542.3750,34.888,604689.5625,1999.9000,
	2026/04/30 11:49:26	,	507462	,	2346	,10.322675,1999.9000,-0.15401319,-199.9744,595542.3750,34.886,604689.5625,1999.9000,
	2026/04/30 11:49:26	,	508462	,	2347	,10.322978,1999.9000,-0.15422457,-199.6534,595542.3750,34.885,604689.5625,1999.9000,
	2026/04/30 11:49:26	,	509462	,	2348	,10.323315,1999.9000,-0.15442595,-199.0874,595542.3750,34.888,604689.5625,1999.9000,
	2026/04/30 11:49:26	,	510462	,	2349	,10.323694,1999.9000,-0.16177924,-198.5164,595542.3750,34.893,604695.3125,1999.9000,
	2026/04/30 11:49:26	,	511462	,	2350	,10.324054,1999.9000,-0.16835262,-198.0404,595449.3750,34.897,604796.5000,1999.9000,
	2026/04/30 11:49:26	,	512462	,	2351	,10.324454,1999.9000,-0.17513400,-197.6439,595424.3750,34.900,604829.3750,1999.9000,
	2026/04/30 11:49:26	,	513462	,	2352	,10.324838,1999.9000,-0.18235651,-197.2139,595405.6875,34.907,604923.2500,1999.9000,
	2026/04/30 11:49:26	,	514462	,	2353	,10.325236,1999.9000,-0.19193612,-196.9551,595289.1250,34.910,604948.9375,1999.9000,
	2026/04/30 11:49:26	,	515462	,	2354	,10.325644,1999.9000,-0.20605977,-196.7394,595056.1875,34.912,605045.9375,1999.9000,
	2026/04/30 11:49:26	,	516462	,	2355	,10.326032,1999.9000,-0.21976744,-196.5596,594836.8750,34.914,605045.9375,1999.9000,
	2026/04/30 11:49:26	,	517462	,	2356	,10.326439,1999.9000,-0.23191842,-196.4099,594836.8750,34.919,605045.9375,1999.9000,
	2026/04/30 11:49:26	,	518462	,	2357	,10.326869,1999.9000,-0.23191842,-196.2850,594836.8750,34.929,605045.9375,1999.9000,
	2026/04/30 11:49:26	,	519462	,	2358	,10.327266,1999.9000,-0.24897268,-196.1810,594836.8750,34.929,605045.9375,1999.9000,
	2026/04/30 11:49:26	,	520462	,	2359	,10.327692,1999.9000,-0.25299358,-196.0943,594836.8750,34.933,605043.6250,1999.9000,
	2026/04/30 11:49:26	,	521462	,	2360	,10.328145,1999.9000,-0.25655442,-196.0221,594934.0000,34.936,604954.0625,1999.9000,
	2026/04/30 11:49:26	,	522462	,	2361	,10.328629,1999.9000,-0.25981906,-195.9619,594955.7500,34.939,604921.5000,1999.9000,
	2026/04/30 11:49:26	,	523462	,	2362	,10.329105,1999.9000,-0.26268035,-196.3096,594968.7500,34.941,604823.0000,1999.9000,
	2026/04/30 11:49:26	,	524462	,	2363	,10.329568,1999.9000,-0.26285681,-196.5994,595056.1875,34.946,604792.5000,1999.9000,
	2026/04/30 11:49:26	,	525462	,	2364	,10.330051,1999.9000,-0.26307738,-196.8409,595295.6875,34.950,604702.8125,1999.9000,
	2026/04/30 11:49:26	,	526462	,	2365	,10.330504,1999.9000,-0.26326331,-197.0421,595575.7500,34.950,604702.8125,1999.9000,
	2026/04/30 11:49:26	,	527462	,	2366	,10.331006,1999.9000,-0.26361942,-197.4088,595575.7500,34.951,604702.8125,1999.9000,
	2026/04/30 11:49:26	,	528462	,	2367	,10.331537,1999.9000,-0.26633573,-197.8138,595575.7500,34.951,604702.8125,1999.9000,
	2026/04/30 11:49:26	,	529462	,	2368	,10.332080,1999.9000,-0.27131459,-198.2508,595575.7500,34.951,604702.8125,1999.9000,
	2026/04/30 11:49:26	,	530462	,	2369	,10.332677,1999.9000,-0.27814639,-198.9133,595575.7500,34.951,604704.3125,1999.9000,
	2026/04/30 11:49:26	,	531462	,	2370	,10.333283,1999.9000,-0.28502229,-199.4655,595458.9375,34.947,604715.3125,1999.9000,
	2026/04/30 11:49:26	,	532462	,	2371	,10.333868,1999.9000,-0.29134357,-199.9256,595430.3125,34.943,604836.9375,1999.9000,
	2026/04/30 11:49:26	,	533462	,	2372	,10.334450,1999.9000,-0.29744428,-200.3090,595412.1250,34.940,604866.1875,1999.9000,
	2026/04/30 11:49:26	,	534462	,	2373	,10.335083,1999.9000,-0.30435169,-200.6286,595392.8125,34.944,604959.5000,1999.9000,
	2026/04/30 11:49:26	,	535462	,	2374	,10.335721,1999.9000,-0.31502792,-199.9001,595158.6250,34.947,604994.5625,1999.9000,
	2026/04/30 11:49:26	,	536462	,	2375	,10.336320,1999.9000,-0.32612011,-198.8951,594871.5000,34.949,605015.5000,1999.9000,
	2026/04/30 11:49:26	,	537462	,	2376	,10.336895,1999.9000,-0.33503166,-198.0577,594871.5000,34.951,605025.9375,1999.9000,
	2026/04/30 11:49:26	,	538462	,	2377	,10.337518,1999.9000,-0.34228569,-197.3598,594871.5000,34.954,605032.1875,1999.9000,
	2026/04/30 11:49:26	,	539462	,	2378	,10.338126,1999.9000,-0.34648311,-196.7782,594871.5000,34.955,605036.3750,1999.9000,
	2026/04/30 11:49:26	,	540462	,	2379	,10.338742,1999.9000,-0.34725511,-196.2936,594871.5000,34.956,605039.8750,1999.9000,
	2026/04/30 11:49:26	,	541462	,	2380	,10.339395,1999.9000,-0.34955865,-195.9892,594876.7500,34.957,605030.6250,1999.9000,
	2026/04/30 11:49:26	,	542462	,	2381	,10.340029,1999.9000,-0.35189050,-195.7355,594889.5625,34.953,604910.5625,1999.9000,
	2026/04/30 11:49:26	,	543462	,	2382	,10.340656,1999.9000,-0.35468876,-195.6236,594971.0000,34.947,604881.2500,1999.9000,
	2026/04/30 11:49:26	,	544462	,	2383	,10.341292,1999.9000,-0.35564044,-195.6298,594985.2500,34.940,604792.1875,1999.9000,
	2026/04/30 11:49:26	,	545462	,	2384	,10.341917,1999.9000,-0.35623074,-195.7345,595174.1250,34.935,604761.4375,1999.9000,
	2026/04/30 11:49:26	,	546462	,	2385	,10.342563,1999.9000,-0.35657635,-195.8217,595485.7500,34.930,604738.8125,1999.9000,
	2026/04/30 11:49:26	,	547462	,	2386	,10.346680,1999.9000,-0.35685679,-195.8944,595492.2500,34.926,604727.5000,1999.9000,
	2026/04/30 11:49:26	,	548462	,	2387	,10.347127,1999.9000,-0.36069497,-196.2534,595494.4375,34.923,604720.7500,1999.9000,
	2026/04/30 11:49:26	,	549462	,	2388	,10.347535,1999.9000,-0.36581245,-196.5525,595495.5625,34.914,604716.3125,1999.9000,
	2026/04/30 11:49:26	,	550462	,	2389	,10.347894,1999.9000,-0.37355813,-196.8018,595496.1875,34.906,604712.6250,1999.9000,
	2026/04/30 11:49:26	,	551462	,	2390	,10.348252,1999.9000,-0.38200331,-197.0096,595496.6250,34.900,604719.6875,1999.9000,
	2026/04/30 11:49:26	,	552462	,	2391	,10.348661,1999.9000,-0.39026570,-197.3816,595483.3750,34.897,604822.4375,1999.9000,
	2026/04/30 11:49:26	,	553462	,	2392	,10.349121,1999.9000,-0.39813739,-197.4927,595374.3125,34.898,604852.3125,1999.9000,
	2026/04/30 11:49:26	,	554462	,	2393	,10.349628,1999.9000,-0.40553010,-197.1874,595360.0000,34.895,604955.3125,1999.9000,
	2026/04/30 11:49:26	,	555462	,	2394	,10.350204,1999.9000,-0.41536179,-196.9330,595221.1875,34.891,604991.8750,1999.9000,
	2026/04/30 11:49:26	,	556462	,	2395	,10.350803,1999.9000,-0.42651698,-196.7210,594950.7500,34.884,605082.7500,1999.9000,
	2026/04/30 11:49:26	,	557462	,	2396	,10.351466,1999.9000,-0.43545377,-196.5443,594863.7500,34.879,605082.7500,1999.9000,
	2026/04/30 11:49:26	,	558462	,	2397	,10.352118,1999.9000,-0.43545377,-196.3971,594863.7500,34.874,605082.7500,1999.9000,
	2026/04/30 11:49:26	,	559462	,	2398	,10.356153,1999.9000,-0.44280866,-196.2744,594863.7500,34.870,605082.7500,1999.9000,
	2026/04/30 11:49:26	,	560462	,	2399	,10.356421,1999.9000,-0.44848081,-196.1721,594863.7500,34.867,605082.7500,1999.9000,
	2026/04/30 11:49:26	,	561462	,	2400	,10.356738,1999.9000,-0.45165092,-196.0869,594863.7500,34.864,605070.3125,1999.9000,
	2026/04/30 11:49:26	,	562462	,	2401	,10.357195,1999.9000,-0.45471385,-196.4138,594944.7500,34.862,604930.5625,1999.9000,
	2026/04/30 11:49:26	,	563462	,	2402	,10.357659,1999.9000,-0.45858982,-196.7857,594965.0000,34.862,604903.0625,1999.9000,
	2026/04/30 11:49:26	,	564462	,	2403	,10.358068,1999.9000,-0.46319056,-197.1951,594975.5625,34.862,604809.6875,1999.9000,
	2026/04/30 11:49:26	,	565462	,	2404	,10.358663,1999.9000,-0.46816310,-197.6357,595105.0000,34.861,604775.8750,1999.9000,
	2026/04/30 11:49:26	,	566462	,	2405	,10.359306,1999.9000,-0.47065255,-198.0029,595388.6250,34.863,604692.5625,1999.9000,
	2026/04/30 11:49:26	,	567462	,	2406	,10.359918,1999.9000,-0.47066835,-198.3089,595524.5000,34.865,604692.5625,1999.9000,
	2026/04/30 11:49:26	,	568462	,	2407	,10.360537,1999.9000,-0.47129753,-198.5639,595524.5000,34.868,604692.5625,1999.9000,
	2026/04/30 11:49:26	,	569462	,	2408	,10.364583,1999.9000,-0.47583315,-198.7764,595524.5000,34.873,604692.5625,1999.9000,
	2026/04/30 11:49:26	,	570462	,	2409	,10.365134,1999.9000,-0.48106408,-198.8540,595524.5000,34.877,604692.5625,1999.9000,
	2026/04/30 11:49:26	,	571462	,	2410	,10.365626,1999.9000,-0.48923826,-198.9186,595524.5000,34.875,604702.6250,1999.9000,
	2026/04/30 11:49:26	,	572462	,	2411	,10.366073,1999.9000,-0.49901956,-198.7736,595428.5625,34.874,604814.0000,1999.9000,
	2026/04/30 11:49:26	,	573462	,	2412	,10.366597,1999.9000,-0.50877571,-198.2548,595406.8750,34.874,604836.9375,1999.9000,
	2026/04/30 11:49:26	,	574462	,	2413	,10.367085,1999.9000,-0.51795822,-197.8225,595391.8125,34.878,604931.1250,1999.9000,
	2026/04/30 11:49:26	,	575462	,	2414	,10.367646,1999.9000,-0.52643496,-197.4622,595286.6875,34.881,604967.3750,1999.9000,
	2026/04/30 11:49:26	,	576462	,	2415	,10.368243,1999.9000,-0.53641158,-197.1620,595061.5000,34.880,605092.4375,1999.9000,
	2026/04/30 11:49:26	,	577462	,	2416	,10.372269,1999.9000,-0.54933149,-196.9118,594833.3750,34.883,605092.4375,1999.9000,
	2026/04/30 11:49:26	,	578462	,	2417	,10.372642,1999.9000,-0.56051189,-196.7033,594833.3750,34.886,605092.4375,1999.9000,
	2026/04/30 11:49:26	,	579462	,	2418	,10.373094,1999.9000,-0.56981421,-196.5296,594833.3750,34.887,605092.4375,1999.9000,
	2026/04/30 11:49:26	,	580462	,	2419	,10.373557,1999.9000,-0.57728255,-196.3848,594833.3750,34.889,605092.4375,1999.9000,
	2026/04/30 11:49:26	,	581462	,	2420	,10.374068,1999.9000,-0.58136648,-196.7615,594833.3750,34.890,605083.0625,1999.9000,
	2026/04/30 11:49:26	,	582462	,	2421	,10.374513,1999.9000,-0.58390003,-197.0755,594925.6250,34.892,604963.7500,1999.9000,
	2026/04/30 11:49:26	,	583462	,	2422	,10.374957,1999.9000,-0.58700079,-197.3371,594948.3125,34.889,604932.3750,1999.9000,
	2026/04/30 11:49:26	,	584462	,	2423	,10.375523,1999.9000,-0.59056795,-197.5551,594962.6250,34.888,604835.1250,1999.9000,
	2026/04/30 11:49:26	,	585462	,	2424	,10.379626,1999.9000,-0.59482205,-197.7368,594982.3125,34.883,604801.6250,1999.9000,
	2026/04/30 11:49:26	,	586462	,	2425	,10.380043,1999.9000,-0.59712243,-197.8881,595268.8125,34.879,604717.9375,1999.9000,
	2026/04/30 11:49:26	,	587462	,	2426	,10.380401,1999.9000,-0.59718543,-198.3127,595558.4375,34.876,604717.9375,1999.9000,
	2026/04/30 11:49:26	,	588462	,	2427	,10.380825,1999.9000,-0.59739554,-198.6666,595558.4375,34.872,604717.9375,1999.9000,
	2026/04/30 11:49:26	,	589462	,	2428	,10.381270,1999.9000,-0.59788817,-199.1604,595558.4375,34.867,604717.9375,1999.9000,
	2026/04/30 11:49:26	,	590462	,	2429	,10.381730,1999.9000,-0.60319793,-199.5719,595558.4375,34.863,604717.9375,1999.9000,
	2026/04/30 11:49:26	,	591462	,	2430	,10.382263,1999.9000,-0.61015576,-199.9148,595558.4375,34.861,604723.6250,1999.9000,
	2026/04/30 11:49:26	,	592462	,	2431	,10.386329,1999.9000,-0.61894757,-200.2005,595449.3750,34.862,604812.1875,1999.9000,
	2026/04/30 11:49:26	,	593462	,	2432	,10.386731,1999.9000,-0.62778980,-200.4387,595418.0625,34.864,604833.6250,1999.9000,
	2026/04/30 11:49:26	,	594462	,	2433	,10.387104,1999.9000,-0.63617200,-199.8413,595396.3125,34.869,604860.1250,1999.9000,
	2026/04/30 11:49:26	,	595462	,	2434	,10.387572,1999.9000,-0.64401841,-199.3435,595314.7500,34.875,604973.4375,1999.9000,
	2026/04/30 11:49:26	,	596462	,	2435	,10.388063,1999.9000,-0.65245098,-198.9287,595139.0000,34.880,605012.0625,1999.9000,
	2026/04/30 11:49:26	,	597462	,	2436	,10.388577,1999.9000,-0.66456419,-198.5830,594858.3750,34.892,605031.6250,1999.9000,
	2026/04/30 11:49:26	,	598462	,	2437	,10.389152,1999.9000,-0.67653871,-197.9965,594858.3750,34.904,605041.3750,1999.9000,
	2026/04/30 11:49:26	,	599462	,	2438	,10.389813,1999.9000,-0.68676120,-197.8062,594858.3750,34.913,605047.2500,1999.9000,
	2026/04/30 11:49:26	,	600462	,	2439	,10.394163,1999.9000,-0.69565380,-197.6476,594858.3750,34.920,605051.1875,1999.9000,
	2026/04/30 11:49:26	,	601462	,	2440	,10.394491,1999.9000,-0.70129442,-197.6149,594858.3750,34.925,605054.3750,1999.9000,
	2026/04/30 11:49:26	,	602462	,	2441	,10.394898,1999.9000,-0.70754641,-197.5877,594865.7500,34.931,605042.7500,1999.9000,
	2026/04/30 11:49:26	,	603462	,	2442	,10.395362,1999.9000,-0.70754641,-197.6644,594980.5000,34.936,604923.8750,1999.9000,
	2026/04/30 11:49:26	,	604462	,	2443	,10.395908,1999.9000,-0.71125853,-197.7284,594990.3125,34.939,604896.1250,1999.9000,
	2026/04/30 11:49:26	,	605462	,	2444	,10.396432,1999.9000,-0.71569544,-197.7817,594999.3750,34.938,604806.7500,1999.9000,
	2026/04/30 11:49:26	,	606462	,	2445	,10.396957,1999.9000,-0.71970999,-197.8262,595181.3125,34.937,604773.2500,1999.9000,
	2026/04/30 11:49:26	,	607462	,	2446	,10.397494,1999.9000,-0.71978563,-197.8632,595474.4375,34.935,604762.0625,1999.9000,
	2026/04/30 11:49:26	,	608462	,	2447	,10.398161,1999.9000,-0.71986544,-197.8940,595478.8750,34.935,604756.4375,1999.9000,
	2026/04/30 11:49:26	,	609462	,	2448	,10.402772,1999.9000,-0.72025514,-197.9197,595480.3750,34.935,604753.1250,1999.9000,
	2026/04/30 11:49:26	,	610462	,	2449	,10.403486,1999.9000,-0.72378761,-197.8417,595481.1250,34.933,604750.8750,1999.9000,
	2026/04/30 11:49:26	,	611462	,	2450	,10.403983,1999.9000,-0.72852701,-197.7766,595481.5000,34.929,604750.1875,1999.9000,
	2026/04/30 11:49:26	,	612462	,	2451	,10.404448,1999.9000,-0.73551637,-197.5235,595481.8125,34.925,604759.5625,1999.9000,
	2026/04/30 11:49:26	,	613462	,	2452	,10.404970,1999.9000,-0.74266958,-197.2131,595386.8125,34.922,604864.0625,1999.9000,
	2026/04/30 11:49:26	,	614462	,	2453	,10.405467,1999.9000,-0.74941945,-196.8549,595386.8125,34.919,604892.1250,1999.9000,
	2026/04/30 11:49:26	,	615462	,	2454	,10.406040,1999.9000,-0.75606841,-196.5564,595370.1250,34.917,604989.7500,1999.9000,
	2026/04/30 11:49:26	,	616462	,	2455	,10.406672,1999.9000,-0.76280570,-196.2082,595361.3750,34.920,605028.7500,1999.9000,
	2026/04/30 11:49:26	,	617462	,	2456	,10.410994,1999.9000,-0.77249873,-195.9180,595224.1875,34.921,605051.1875,1999.9000,
	2026/04/30 11:49:26	,	618462	,	2457	,10.411649,1999.9000,-0.78321278,-195.6762,594956.6250,34.923,605062.3750,1999.9000,
	2026/04/30 11:49:26	,	619462	,	2458	,10.412146,1999.9000,-0.79159492,-195.4747,594861.9375,34.925,605069.1250,1999.9000,
	2026/04/30 11:49:26	,	620462	,	2459	,10.412618,1999.9000,-0.79857165,-195.1079,594861.9375,34.926,605073.6250,1999.9000,
	2026/04/30 11:49:26	,	621462	,	2460	,10.413037,1999.9000,-0.80296451,-194.9016,594861.9375,34.927,605077.3125,1999.9000,
	2026/04/30 11:49:26	,	622462	,	2461	,10.413521,1999.9000,-0.80390662,-194.8292,594861.9375,34.929,605067.5000,1999.9000,
	2026/04/30 11:49:26	,	623462	,	2462	,10.414098,1999.9000,-0.80651897,-194.8684,594861.9375,34.928,604943.8125,1999.9000,
	2026/04/30 11:49:26	,	624462	,	2463	,10.414678,1999.9000,-0.80756521,-195.1994,594948.8750,34.924,604910.8750,1999.9000,
	2026/04/30 11:49:26	,	625462	,	2464	,10.418798,1999.9000,-0.80820596,-195.5748,594963.1875,34.924,604817.5625,1999.9000,
	2026/04/30 11:49:26	,	626462	,	2465	,10.419438,1999.9000,-0.80853105,-195.7881,594971.8750,34.921,604790.1250,1999.9000,
	2026/04/30 11:49:26	,	627462	,	2466	,10.419950,1999.9000,-0.80889118,-195.9658,595096.6875,34.917,604772.5000,1999.9000,
	2026/04/30 11:49:26	,	628462	,	2467	,10.420421,1999.9000,-0.81101257,-196.2134,595379.0625,34.906,604763.6250,1999.9000,
	2026/04/30 11:49:26	,	629462	,	2468	,10.420954,1999.9000,-0.81116384,-196.4198,595520.8750,34.906,604758.3750,1999.9000,
	2026/04/30 11:49:26	,	630462	,	2469	,10.421458,1999.9000,-0.81175834,-196.5917,595520.8750,34.901,604754.9375,1999.9000,
	2026/04/30 11:49:26	,	631462	,	2470	,10.422091,1999.9000,-0.81205565,-197.0334,595520.8750,34.897,604752.0000,1999.9000,
	2026/04/30 11:49:26	,	632462	,	2471	,10.422735,1999.9000,-0.81571412,-197.5010,595520.8750,34.894,604759.8750,1999.9000,
	2026/04/30 11:49:26	,	633462	,	2472	,10.426990,1999.9000,-0.82113421,-197.7912,595520.8750,34.892,604866.5000,1999.9000,
	2026/04/30 11:49:26	,	634462	,	2473	,10.427601,1999.9000,-0.82639039,-197.8340,595408.8750,34.888,604896.7500,1999.9000,
	2026/04/30 11:49:26	,	635462	,	2474	,10.428062,1999.9000,-0.83129996,-197.8697,595386.8125,34.882,604997.0000,1999.9000,
	2026/04/30 11:49:26	,	636462	,	2475	,10.428531,1999.9000,-0.83542794,-197.8000,595375.9375,34.877,605033.5625,1999.9000,
	2026/04/30 11:49:26	,	637462	,	2476	,10.428991,1999.9000,-0.84124511,-197.7419,595281.4375,34.876,605134.1250,1999.9000,
	2026/04/30 11:49:26	,	638462	,	2477	,10.429482,1999.9000,-0.84941930,-197.7930,595049.6250,34.875,605134.1250,1999.9000,
	2026/04/30 11:49:26	,	639462	,	2478	,10.430059,1999.9000,-0.85591078,-197.7361,594804.1250,34.874,605134.1250,1999.9000,
	2026/04/30 11:49:26	,	640462	,	2479	,10.430666,1999.9000,-0.86140013,-197.6886,594804.1250,34.878,605134.1250,1999.9000,
	2026/04/30 11:49:26	,	641462	,	2480	,10.434883,1999.9000,-0.86476558,-197.6491,594804.1250,34.881,605134.1250,1999.9000,
	2026/04/30 11:49:26	,	642462	,	2481	,10.435554,1999.9000,-0.86486638,-197.7156,594804.1250,34.884,605122.8750,1999.9000,
	2026/04/30 11:49:26	,	643462	,	2482	,10.436035,1999.9000,-0.86493158,-197.7711,594804.1250,34.886,604990.3125,1999.9000,
	2026/04/30 11:49:26	,	644462	,	2483	,10.436470,1999.9000,-0.86496407,-197.9167,594900.6250,34.888,604956.2500,1999.9000,
	2026/04/30 11:49:26	,	645462	,	2484	,10.436975,1999.9000,-0.86498362,-198.1376,594934.0000,34.891,604845.3750,1999.9000,
	2026/04/30 11:49:26	,	646462	,	2485	,10.437520,1999.9000,-0.86498088,-198.3217,594934.0000,34.891,604814.0000,1999.9000,
	2026/04/30 11:49:26	,	647462	,	2486	,10.438108,1999.9000,-0.86494499,-198.4751,594953.6875,34.892,604795.0625,1999.9000,
	2026/04/30 11:49:26	,	648462	,	2487	,10.438752,1999.9000,-0.86472070,-198.6029,595262.9375,34.886,604785.5625,1999.9000,
	2026/04/30 11:49:26	,	649462	,	2488	,10.442897,1999.9000,-0.86453384,-198.6099,595528.6250,34.881,604779.8750,1999.9000,
	2026/04/30 11:49:26	,	650462	,	2489	,10.442897,1999.9000,-0.86437815,-198.6158,595528.6250,34.876,604776.1250,1999.9000,
	2026/04/30 11:49:26	,	651462	,	2490	,10.443899,1999.9000,-0.86424845,-198.6207,595528.6250,34.873,604773.0000,1999.9000,
	2026/04/30 11:49:26	,	652462	,	2491	,10.444379,1999.9000,-0.86414033,-198.5253,595528.6250,34.883,604781.8125,1999.9000,
	2026/04/30 11:49:26	,	653462	,	2492	,10.444774,1999.9000,-0.86828858,-198.0479,595528.6250,34.892,604781.8125,1999.9000,
	2026/04/30 11:49:26	,	654462	,	2493	,10.445181,1999.9000,-0.87237883,-197.6501,595401.7500,34.899,604891.3125,1999.9000,
	2026/04/30 11:49:26	,	655462	,	2494	,10.445719,1999.9000,-0.87571913,-197.3185,595375.2500,34.905,604918.1250,1999.9000,
	2026/04/30 11:49:26	,	656462	,	2495	,10.446357,1999.9000,-0.87842280,-197.4402,595358.8125,34.909,605027.1875,1999.9000,
	2026/04/30 11:49:26	,	657462	,	2496	,10.450463,1999.9000,-0.88193327,-197.5415,595340.6250,34.913,605109.3125,1999.9000,
	2026/04/30 11:49:26	,	658462	,	2497	,10.450925,1999.9000,-0.88875246,-197.6260,595115.1250,34.917,605129.8125,1999.9000,
	2026/04/30 11:49:26	,	659462	,	2498	,10.451446,1999.9000,-0.89431113,-197.6964,594839.2500,34.920,605136.6875,1999.9000,
	2026/04/30 11:49:26	,	660462	,	2499	,10.451922,1999.9000,-0.89431113,-197.7550,594839.2500,34.922,605140.1250,1999.9000,
	2026/04/30 11:49:26	,	661462	,	2500	,10.452346,1999.9000,-0.89431113,-197.8039,594839.2500,34.913,605142.1250,1999.9000,
	2026/04/30 11:49:26	,	662462	,	2501	,10.452816,1999.9000,-0.89431113,-197.8446,594839.2500,34.906,605143.5000,1999.9000,
	2026/04/30 11:49:26	,	663462	,	2502	,10.453367,1999.9000,-0.89431113,-197.8786,594839.2500,34.909,605133.1875,1999.9000,
	2026/04/30 11:49:26	,	664462	,	2503	,10.453990,1999.9000,-0.89409053,-197.8074,594844.7500,34.909,605005.4375,1999.9000,
	2026/04/30 11:49:26	,	665462	,	2504	,10.458179,1999.9000,-0.89095831,-197.7481,594942.3750,34.908,604971.6250,1999.9000,
	2026/04/30 11:49:26	,	666462	,	2505	,10.458789,1999.9000,-0.89011377,-197.6986,594954.8750,34.908,604867.1250,1999.9000,
	2026/04/30 11:49:26	,	667462	,	2506	,10.459241,1999.9000,-0.88659698,-197.5580,594969.3750,34.908,604830.5625,1999.9000,
	2026/04/30 11:49:26	,	668462	,	2507	,10.459556,1999.9000,-0.87995434,-197.4408,595175.3125,34.907,604732.3750,1999.9000,
	2026/04/30 11:49:26	,	669462	,	2508	,10.459929,1999.9000,-0.87363303,-197.3431,595474.4375,34.907,604732.3750,1999.9000,
	2026/04/30 11:49:26	,	670462	,	2509	,10.460382,1999.9000,-0.86993986,-197.2617,595474.4375,34.907,604732.3750,1999.9000,
	2026/04/30 11:49:26	,	671462	,	2510	,10.460923,1999.9000,-0.86993986,-197.1938,595474.4375,34.908,604732.3750,1999.9000,
	2026/04/30 11:49:26	,	672462	,	2511	,10.461463,1999.9000,-0.86993986,-196.6399,595474.4375,34.910,604732.3750,1999.9000,
	2026/04/30 11:49:26	,	673462	,	2512	,10.462053,1999.9000,-0.86993986,-196.0788,595474.4375,34.911,604735.6250,1999.9000,
	2026/04/30 11:49:26	,	674462	,	2513	,10.462718,1999.9000,-0.86993986,-195.6113,595471.9375,34.914,604748.8125,1999.9000,
	2026/04/30 11:49:26	,	675462	,	2514	,10.466996,1999.9000,-0.87022138,-195.2216,595382.0625,34.921,604864.0625,1999.9000,
	2026/04/30 11:49:26	,	676462	,	2515	,10.467308,1999.9000,-0.87274444,-194.8970,595365.3750,34.929,604894.6250,1999.9000,
	2026/04/30 11:49:26	,	677462	,	2516	,10.467731,1999.9000,-0.87341249,-194.6264,595350.1250,34.936,604986.7500,1999.9000,
	2026/04/30 11:49:26	,	678462	,	2517	,10.468127,1999.9000,-0.87904042,-194.5004,595205.1250,34.949,605022.3750,1999.9000,
	2026/04/30 11:49:26	,	679462	,	2518	,10.468527,1999.9000,-0.88457394,-194.6938,594936.3750,34.961,605034.2500,1999.9000,
	2026/04/30 11:49:26	,	680462	,	2519	,10.468942,1999.9000,-0.88457394,-194.8550,594830.9375,34.962,605040.1875,1999.9000,
	2026/04/30 11:49:26	,	681462	,	2520	,10.469417,1999.9000,-0.88457406,-195.0888,594830.9375,34.962,605043.7500,1999.9000,
	2026/04/30 11:49:26	,	682462	,	2521	,10.469971,1999.9000,-0.88457394,-195.2836,594830.9375,34.962,605046.1250,1999.9000,
	2026/04/30 11:49:26	,	683462	,	2522	,10.470607,1999.9000,-0.88457394,-195.4460,594830.9375,34.962,605047.9375,1999.9000,
	2026/04/30 11:49:26	,	684462	,	2523	,10.474771,1999.9000,-0.88222319,-195.5813,594830.9375,34.962,605036.8125,1999.9000,
	2026/04/30 11:49:26	,	685462	,	2524	,10.474771,1999.9000,-0.87756568,-195.8930,594919.1250,34.960,604920.3125,1999.9000,
	2026/04/30 11:49:26	,	686462	,	2525	,10.475317,1999.9000,-0.87315404,-196.2522,594941.7500,34.959,604889.4375,1999.9000,
	2026/04/30 11:49:26	,	687462	,	2526	,10.475701,1999.9000,-0.86884952,-196.8500,594957.8750,34.956,604803.0625,1999.9000,
	2026/04/30 11:49:26	,	688462	,	2527	,10.476039,1999.9000,-0.86146313,-197.3481,595094.3125,34.954,604776.2500,1999.9000,
	2026/04/30 11:49:26	,	689462	,	2528	,10.476355,1999.9000,-0.85311878,-197.5643,595364.8125,34.951,604757.3750,1999.9000,
	2026/04/30 11:49:26	,	690462	,	2529	,10.476806,1999.9000,-0.84668410,-197.5643,595518.5000,34.948,604747.9375,1999.9000,
	2026/04/30 11:49:26	,	691462	,	2530	,10.477321,1999.9000,-0.84151608,-197.8945,595518.5000,34.947,604742.2500,1999.9000,
	2026/04/30 11:49:26	,	692462	,	2531	,10.477863,1999.9000,-0.83888799,-197.8945,595518.5000,34.946,604738.4375,1999.9000,
	2026/04/30 11:49:26	,	693462	,	2532	,10.477863,1999.9000,-0.83886600,-198.0196,595518.5000,34.944,604735.3750,1999.9000,
	2026/04/30 11:49:26	,	694462	,	2533	,10.478406,1999.9000,-0.83885854,-198.0244,595518.5000,34.944,604743.1875,1999.9000,
	2026/04/30 11:49:26	,	695462	,	2534	,10.479052,1999.9000,-0.83885491,-198.0284,595416.6250,34.944,604843.5625,1999.9000,
	2026/04/30 11:49:26	,	696462	,	2535	,10.483111,1999.9000,-0.83885264,-197.9322,595394.5625,34.944,604872.8750,1999.9000,
	2026/04/30 11:49:26	,	697462	,	2536	,10.483499,1999.9000,-0.83885854,-197.7526,595379.0625,34.941,604969.2500,1999.9000,
	2026/04/30 11:49:26	,	698462	,	2537	,10.483796,1999.9000,-0.83897269,-197.4040,595279.0000,34.938,605007.2500,1999.9000,
	2026/04/30 11:49:26	,	699462	,	2538	,10.484123,1999.9000,-0.83906782,-197.1135,595056.1875,34.939,605089.3750,1999.9000,
	2026/04/30 11:49:26	,	700462	,	2539	,10.484517,1999.9000,-0.83914703,-196.8714,594809.5000,34.936,605089.3750,1999.9000,
	2026/04/30 11:49:26	,	701462	,	2540	,10.484849,1999.9000,-0.83921313,-196.6696,594809.5000,34.928,605089.3750,1999.9000,
	2026/04/30 11:49:26	,	702462	,	2541	,10.485259,1999.9000,-0.83926821,-196.5015,594809.5000,34.922,605089.3750,1999.9000,
	2026/04/30 11:49:26	,	703462	,	2542	,10.485730,1999.9000,-0.83896643,-196.4609,594809.5000,34.916,605089.3750,1999.9000,
	2026/04/30 11:49:26	,	704462	,	2543	,10.486277,1999.9000,-0.83061302,-196.6260,594809.5000,34.911,605078.3125,1999.9000,
	2026/04/30 11:49:26	,	705462	,	2544	,10.486852,1999.9000,-0.82378757,-197.4599,594906.6250,34.907,604960.1250,1999.9000,
	2026/04/30 11:49:26	,	706462	,	2545	,10.487405,1999.9000,-0.81700617,-198.2543,594931.3125,34.906,604926.9375,1999.9000,
	2026/04/30 11:49:26	,	707462	,	2546	,10.488046,1999.9000,-0.81064707,-199.0157,594944.9375,34.904,604821.1875,1999.9000,
	2026/04/30 11:49:26	,	708462	,	2547	,10.488672,1999.9000,-0.80194342,-199.6503,594964.8125,34.902,604788.6250,1999.9000,
	2026/04/30 11:49:26	,	709462	,	2548	,10.489250,1999.9000,-0.79105920,-200.1791,595258.6875,34.901,604763.6250,1999.9000,
	2026/04/30 11:49:26	,	710462	,	2549	,10.489816,1999.9000,-0.78246909,-200.6197,595546.5000,34.902,604751.1250,1999.9000,
	2026/04/30 11:49:26	,	711462	,	2550	,10.490420,1999.9000,-0.77530962,-200.8875,595546.5000,34.907,604743.6250,1999.9000,
	2026/04/30 11:49:26	,	712462	,	2551	,10.491024,1999.9000,-0.76982653,-201.1106,595546.5000,34.915,604738.6250,1999.9000,
	2026/04/30 11:49:26	,	713462	,	2552	,10.491647,1999.9000,-0.76690221,-201.1971,595546.5000,34.921,604734.5000,1999.9000,
	2026/04/30 11:49:26	,	714462	,	2553	,10.492200,1999.9000,-0.76602620,-200.7717,595546.5000,34.923,604741.4375,1999.9000,
	2026/04/30 11:49:26	,	715462	,	2554	,10.492762,1999.9000,-0.76334769,-200.2184,595440.4375,34.925,604838.1250,1999.9000,
	2026/04/30 11:49:26	,	716462	,	2555	,10.493333,1999.9000,-0.76334769,-199.6577,595410.3750,34.929,604862.3125,1999.9000,
	2026/04/30 11:49:26	,	717462	,	2556	,10.493918,1999.9000,-0.76334769,-199.1906,595392.0000,34.933,604952.2500,1999.9000,
	2026/04/30 11:49:26	,	718462	,	2557	,10.494471,1999.9000,-0.76328939,-198.9007,595372.8125,34.935,604985.8125,1999.9000,
	2026/04/30 11:49:26	,	719462	,	2558	,10.495035,1999.9000,-0.76297081,-198.6591,595134.8125,34.935,605097.8750,1999.9000,
	2026/04/30 11:49:26	,	720462	,	2559	,10.495596,1999.9000,-0.76035404,-198.4579,594863.7500,34.936,605097.8750,1999.9000,
	2026/04/30 11:49:26	,	721462	,	2560	,10.496172,1999.9000,-0.76024061,-198.2901,594863.7500,34.937,605097.8750,1999.9000,
	2026/04/30 11:49:26	,	722462	,	2561	,10.496740,1999.9000,-0.76019859,-198.1503,594863.7500,34.949,605097.8750,1999.9000,
	2026/04/30 11:49:26	,	723462	,	2562	,10.497329,1999.9000,-0.75366098,-198.0339,594863.7500,34.959,605097.8750,1999.9000,
	2026/04/30 11:49:26	,	724462	,	2563	,10.497888,1999.9000,-0.74520314,-197.8373,594863.7500,34.956,605088.0625,1999.9000,
	2026/04/30 11:49:26	,	725462	,	2564	,10.498458,1999.9000,-0.73661929,-197.7730,594869.0000,34.951,604967.3750,1999.9000,
	2026/04/30 11:49:26	,	726462	,	2565	,10.499003,1999.9000,-0.72803539,-197.7194,594966.2500,34.945,604938.0625,1999.9000,
	2026/04/30 11:49:26	,	727462	,	2566	,10.499591,1999.9000,-0.71970367,-197.6748,594975.4375,34.937,604841.7500,1999.9000,
	2026/04/30 11:49:26	,	728462	,	2567	,10.500115,1999.9000,-0.71023750,-197.6375,594987.2500,34.930,604809.3750,1999.9000,
	2026/04/30 11:49:26	,	729462	,	2568	,10.500598,1999.9000,-0.69747519,-197.4076,595177.6875,34.925,604715.5000,1999.9000,
	2026/04/30 11:49:26	,	730462	,	2569	,10.501093,1999.9000,-0.68628216,-197.1165,595478.0000,34.920,604715.5000,1999.9000,
	2026/04/30 11:49:26	,	731462	,	2570	,10.501562,1999.9000,-0.67720675,-196.8739,595478.0000,34.916,604715.5000,1999.9000,
	2026/04/30 11:49:26	,	732462	,	2571	,10.501992,1999.9000,-0.66999680,-196.6717,595478.0000,34.913,604715.5000,1999.9000,
	2026/04/30 11:49:26	,	733462	,	2572	,10.502489,1999.9000,-0.66566080,-196.5033,595478.0000,34.910,604715.5000,1999.9000,
	2026/04/30 11:49:26	,	734462	,	2573	,10.502934,1999.9000,-0.66307682,-196.3629,595478.0000,34.908,604723.5000,1999.9000,
	2026/04/30 11:49:26	,	735462	,	2574	,10.503403,1999.9000,-0.66073865,-196.2459,595477.5625,34.902,604830.8750,1999.9000,
	2026/04/30 11:49:26	,	736462	,	2575	,10.503863,1999.9000,-0.65816098,-196.1484,595394.0000,34.904,604860.1875,1999.9000,
	2026/04/30 11:49:26	,	737462	,	2576	,10.504337,1999.9000,-0.65550137,-196.0671,595374.0000,34.906,604949.8750,1999.9000,
	2026/04/30 11:49:26	,	738462	,	2577	,10.504781,1999.9000,-0.65546352,-195.9994,595364.3750,34.909,604981.0000,1999.9000,
	2026/04/30 11:49:26	,	739462	,	2578	,10.505196,1999.9000,-0.65527236,-195.9430,595233.6875,34.912,605088.7500,1999.9000,
	2026/04/30 11:49:26	,	740462	,	2579	,10.505601,1999.9000,-0.65492940,-196.0949,594963.8125,34.914,605088.7500,1999.9000,
	2026/04/30 11:49:26	,	741462	,	2580	,10.506018,1999.9000,-0.65463036,-196.2215,594852.3750,34.916,605088.7500,1999.9000,
	2026/04/30 11:49:26	,	742462	,	2581	,10.506425,1999.9000,-0.65038383,-196.3271,594852.3750,34.916,605088.7500,1999.9000,
	2026/04/30 11:49:26	,	743462	,	2582	,10.506800,1999.9000,-0.65038383,-196.3155,594852.3750,34.917,605088.7500,1999.9000,
	2026/04/30 11:49:26	,	744462	,	2583	,10.507180,1999.9000,-0.64376003,-196.3059,594852.3750,34.921,605081.7500,1999.9000,
	2026/04/30 11:49:26	,	745462	,	2584	,10.507532,1999.9000,-0.63501233,-196.3973,594852.3750,34.927,604974.0625,1999.9000,
	2026/04/30 11:49:26	,	746462	,	2585	,10.507861,1999.9000,-0.62642217,-196.4735,594943.0000,34.931,604944.1250,1999.9000,
	2026/04/30 11:49:26	,	747462	,	2586	,10.508194,1999.9000,-0.61822915,-196.5370,594958.1875,34.930,604849.0000,1999.9000,
	2026/04/30 11:49:26	,	748462	,	2587	,10.508590,1999.9000,-0.61035740,-196.5900,594967.7500,34.918,604814.8750,1999.9000,
	2026/04/30 11:49:26	,	749462	,	2588	,10.508931,1999.9000,-0.60198152,-196.6341,595091.9375,34.909,604719.1875,1999.9000,
	2026/04/30 11:49:26	,	750462	,	2589	,10.509240,1999.9000,-0.59000707,-196.9692,595373.1250,34.905,604719.1875,1999.9000,
	2026/04/30 11:49:26	,	751462	,	2590	,10.509502,1999.9000,-0.57760400,-197.2486,595521.5000,34.902,604719.1875,1999.9000,
	2026/04/30 11:49:26	,	752462	,	2591	,10.509815,1999.9000,-0.56714833,-197.5808,595521.5000,34.900,604719.1875,1999.9000,
	2026/04/30 11:49:26	,	753462	,	2592	,10.510170,1999.9000,-0.55790901,-197.8577,595521.5000,34.900,604719.1875,1999.9000,
	2026/04/30 11:49:26	,	754462	,	2593	,10.510471,1999.9000,-0.55107099,-198.0884,595521.5000,34.895,604719.3125,1999.9000,
	2026/04/30 11:49:26	,	755462	,	2594	,10.510748,1999.9000,-0.54658997,-198.2807,595521.5000,34.891,604730.5625,1999.9000,
	2026/04/30 11:49:26	,	756462	,	2595	,10.511003,1999.9000,-0.54256272,-198.3414,595414.8125,34.890,604849.6250,1999.9000,
	2026/04/30 11:49:26	,	757462	,	2596	,10.511274,1999.9000,-0.53854179,-198.0936,595389.8125,34.890,604879.8125,1999.9000,
	2026/04/30 11:49:26	,	758462	,	2597	,10.511531,1999.9000,-0.53435075,-197.6882,595378.5000,34.889,604973.4375,1999.9000,
	2026/04/30 11:49:26	,	759462	,	2598	,10.511764,1999.9000,-0.53011554,-197.3503,595359.8750,34.889,605007.2500,1999.9000,
	2026/04/30 11:49:26	,	760462	,	2599	,10.511968,1999.9000,-0.52979100,-196.6708,595075.2500,34.889,605029.8125,1999.9000,
	2026/04/30 11:49:26	,	761462	,	2600	,10.512233,1999.9000,-0.52957356,-196.1046,594817.2500,34.893,605041.0625,1999.9000,
	2026/04/30 11:49:26	,	762462	,	2601	,10.512472,1999.9000,-0.52911341,-195.6328,594817.2500,34.897,605047.8125,1999.9000,
	2026/04/30 11:49:26	,	763462	,	2602	,10.512672,1999.9000,-0.52486563,-195.1401,594817.2500,34.900,605052.3750,1999.9000,
	2026/04/30 11:49:26	,	764462	,	2603	,10.512845,1999.9000,-0.51937628,-194.8290,594817.2500,34.903,605056.1250,1999.9000,
	2026/04/30 11:49:26	,	765462	,	2604	,10.513013,1999.9000,-0.51099414,-194.5697,594817.2500,34.905,605047.0625,1999.9000,
	2026/04/30 11:49:26	,	766462	,	2605	,10.513153,1999.9000,-0.50233465,-194.3537,594917.3750,34.904,604935.9375,1999.9000,
	2026/04/30 11:49:26	,	767462	,	2606	,10.513275,1999.9000,-0.49469614,-194.7705,594940.6250,34.906,604898.5000,1999.9000,
	2026/04/30 11:49:26	,	768462	,	2607	,10.513412,1999.9000,-0.48773831,-195.1179,594955.3125,34.909,604791.0625,1999.9000,
	2026/04/30 11:49:26	,	769462	,	2608	,10.513531,1999.9000,-0.48124689,-195.6063,595039.5000,34.911,604759.6250,1999.9000,
	2026/04/30 11:49:26	,	770462	,	2609	,10.513648,1999.9000,-0.47188154,-196.4112,595267.0625,34.915,604738.0625,1999.9000,
	2026/04/30 11:49:26	,	771462	,	2610	,10.513758,1999.9000,-0.46013391,-197.0819,595552.5000,34.918,604727.2500,1999.9000,
	2026/04/30 11:49:26	,	772462	,	2611	,10.513848,1999.9000,-0.45016986,-197.6409,595552.5000,34.921,604720.7500,1999.9000,
	2026/04/30 11:49:26	,	773462	,	2612	,10.513923,1999.9000,-0.44140953,-198.1067,595552.5000,34.921,604716.4375,1999.9000,
	2026/04/30 11:49:26	,	774462	,	2613	,10.513996,1999.9000,-0.43477312,-198.4949,595552.5000,34.919,604712.8750,1999.9000,
	2026/04/30 11:49:26	,	775462	,	2614	,10.514057,1999.9000,-0.43053794,-198.8183,595552.5000,34.917,604721.1250,1999.9000,
	2026/04/30 11:49:26	,	776462	,	2615	,10.514128,1999.9000,-0.42733631,-199.0879,595441.6250,34.914,604821.8125,1999.9000,
	2026/04/30 11:49:26	,	777462	,	2616	,10.514191,1999.9000,-0.42386371,-199.3125,595412.4375,34.909,604848.7500,1999.9000,
	2026/04/30 11:49:26	,	778462	,	2617	,10.514264,1999.9000,-0.42003185,-199.4002,595395.1875,34.906,604936.5625,1999.9000,
	2026/04/30 11:49:26	,	779462	,	2618	,10.514325,1999.9000,-0.41585970,-198.7770,595378.8125,34.903,604970.3750,1999.9000,
	2026/04/30 11:49:26	,	780462	,	2619	,10.514376,1999.9000,-0.41558868,-198.2577,595162.8125,34.902,605054.9375,1999.9000,
	2026/04/30 11:49:26	,	781462	,	2620	,10.514438,1999.9000,-0.41541222,-197.8249,594875.6250,34.901,605054.9375,1999.9000,
	2026/04/30 11:49:26	,	782462	,	2621	,10.514499,1999.9000,-0.41506872,-197.3647,594875.6250,34.900,605054.9375,1999.9000,
	2026/04/30 11:49:26	,	783462	,	2622	,10.514560,1999.9000,-0.41479710,-196.9813,594875.6250,34.900,605054.9375,1999.9000,
	2026/04/30 11:49:26	,	784462	,	2623	,10.514611,1999.9000,-0.41028205,-196.6618,594875.6250,34.899,605054.9375,1999.9000,
	2026/04/30 11:49:26	,	785462	,	2624	,10.514633,1999.9000,-0.40363309,-196.3955,594875.6250,34.900,605043.0000,1999.9000,
	2026/04/30 11:49:26	,	786462	,	2625	,10.514651,1999.9000,-0.39564794,-196.2731,594879.8750,34.901,604923.2500,1999.9000,
	2026/04/30 11:49:26	,	787462	,	2626	,10.514648,1999.9000,-0.38812292,-196.6684,594973.3750,34.902,604890.6875,1999.9000,
	2026/04/30 11:49:26	,	788462	,	2627	,10.514646,1999.9000,-0.38119662,-197.0973,594981.1250,34.900,604782.5625,1999.9000,
	2026/04/30 11:49:26	,	789462	,	2628	,10.514642,1999.9000,-0.37494466,-197.4548,594989.2500,34.896,604752.0625,1999.9000,
	2026/04/30 11:49:26	,	790462	,	2629	,10.514640,1999.9000,-0.36719269,-197.9516,595170.5625,34.893,604729.0000,1999.9000,
	2026/04/30 11:49:26	,	791462	,	2630	,10.514612,1999.9000,-0.35611314,-198.4651,595467.2500,34.891,604717.5000,1999.9000,
	2026/04/30 11:49:26	,	792462	,	2631	,10.514571,1999.9000,-0.34689903,-198.8930,595482.7500,34.890,604710.5625,1999.9000,
	2026/04/30 11:49:26	,	793462	,	2632	,10.514511,1999.9000,-0.33930469,-199.2496,595487.9375,34.895,604706.0000,1999.9000,
	2026/04/30 11:49:26	,	794462	,	2633	,10.514425,1999.9000,-0.33370188,-199.5467,595490.5000,34.903,604702.1250,1999.9000,
	2026/04/30 11:49:26	,	795462	,	2634	,10.514339,1999.9000,-0.33092883,-199.7944,595492.0000,34.912,604709.3125,1999.9000,
	2026/04/30 11:49:26	,	796462	,	2635	,10.514243,1999.9000,-0.33030802,-199.7023,595493.0625,34.921,604803.0625,1999.9000,
	2026/04/30 11:49:26	,	797462	,	2636	,10.514113,1999.9000,-0.32964733,-199.6256,595411.2500,34.927,604828.1875,1999.9000,
	2026/04/30 11:49:26	,	798462	,	2637	,10.513966,1999.9000,-0.32734275,-199.5616,595393.6875,34.933,604918.4375,1999.9000,
	2026/04/30 11:49:26	,	799462	,	2638	,10.513843,1999.9000,-0.32728288,-199.5084,595381.3125,34.938,604945.9375,1999.9000,
	2026/04/30 11:49:26	,	800462	,	2639	,10.513671,1999.9000,-0.32701713,-199.4640,595243.8125,34.939,605054.3750,1999.9000,
	2026/04/30 11:49:26	,	801462	,	2640	,10.513489,1999.9000,-0.32664636,-199.5264,594973.9375,34.938,605054.3750,1999.9000,
	2026/04/30 11:49:26	,	802462	,	2641	,10.513306,1999.9000,-0.32639992,-199.7775,594879.8125,34.937,605054.3750,1999.9000,
	2026/04/30 11:49:26	,	803462	,	2642	,10.513133,1999.9000,-0.32416004,-200.0861,594879.8125,34.934,605054.3750,1999.9000,
	2026/04/30 11:49:26	,	804462	,	2643	,10.512960,1999.9000,-0.32354245,-200.4428,594879.8125,34.931,605054.3750,1999.9000,
	2026/04/30 11:49:26	,	805462	,	2644	,10.512773,1999.9000,-0.32044166,-200.7400,594879.8125,34.928,605045.3750,1999.9000,
	2026/04/30 11:49:26	,	806462	,	2645	,10.512571,1999.9000,-0.31327584,-200.9877,594879.8125,34.920,604939.0000,1999.9000,
	2026/04/30 11:49:26	,	807462	,	2646	,10.512397,1999.9000,-0.30638734,-201.0946,594962.0000,34.919,604909.9375,1999.9000,
	2026/04/30 11:49:26	,	808462	,	2647	,10.512208,1999.9000,-0.29999045,-201.0843,594979.0625,34.918,604909.9375,1999.9000,
	2026/04/30 11:49:26	,	809462	,	2648	,10.511991,1999.9000,-0.29429939,-201.0757,594986.3125,34.916,604806.1250,1999.9000,
	2026/04/30 11:49:26	,	810462	,	2649	,10.511745,1999.9000,-0.28818607,-201.0685,595096.6875,34.913,604769.8750,1999.9000,
	2026/04/30 11:49:26	,	811462	,	2650	,10.511471,1999.9000,-0.27886486,-201.0625,595378.5000,34.910,604669.6250,1999.9000,
	2026/04/30 11:49:26	,	812462	,	2651	,10.511148,1999.9000,-0.27038184,-200.8585,595526.2500,34.908,604669.6250,1999.9000,
	2026/04/30 11:49:26	,	813462	,	2652	,10.510840,1999.9000,-0.26414248,-200.3902,595526.2500,34.908,604669.6250,1999.9000,
	2026/04/30 11:49:26	,	814462	,	2653	,10.510583,1999.9000,-0.25941572,-199.7014,595526.2500,34.909,604669.6250,1999.9000,
	2026/04/30 11:49:26	,	815462	,	2654	,10.510319,1999.9000,-0.25720358,-199.1275,595526.2500,34.912,604669.6250,1999.9000,
	2026/04/30 11:49:26	,	816462	,	2655	,10.509990,1999.9000,-0.25685063,-198.6492,595526.2500,34.914,604677.6875,1999.9000,
	2026/04/30 11:49:26	,	817462	,	2656	,10.509656,1999.9000,-0.25634435,-198.1512,595420.1875,34.916,604778.9375,1999.9000,
	2026/04/30 11:49:26	,	818462	,	2657	,10.509313,1999.9000,-0.25333393,-197.7361,595401.1250,34.917,604809.1250,1999.9000,
	2026/04/30 11:49:26	,	819462	,	2658	,10.508937,1999.9000,-0.25032768,-197.0918,595391.4375,34.918,604896.7500,1999.9000,
	2026/04/30 11:49:26	,	820462	,	2659	,10.508554,1999.9000,-0.24689919,-196.5549,595371.9375,34.918,604928.3750,1999.9000,
	2026/04/30 11:49:26	,	821462	,	2660	,10.508186,1999.9000,-0.24658407,-196.1075,595099.0625,34.916,605037.4375,1999.9000,
	2026/04/30 11:49:26	,	822462	,	2661	,10.507806,1999.9000,-0.24618492,-195.7346,594848.2500,34.911,605037.4375,1999.9000,
	2026/04/30 11:49:26	,	823462	,	2662	,10.507419,1999.9000,-0.24170603,-195.4239,594848.2500,34.907,605037.4375,1999.9000,
	2026/04/30 11:49:26	,	824462	,	2663	,10.506991,1999.9000,-0.23566206,-195.1650,594848.2500,34.904,605037.4375,1999.9000,
	2026/04/30 11:49:26	,	825462	,	2664	,10.506532,1999.9000,-0.22603202,-195.2477,594848.2500,34.900,605037.4375,1999.9000,
	2026/04/30 11:49:26	,	826462	,	2665	,10.506119,1999.9000,-0.21319406,-195.6149,594848.2500,34.898,605035.9375,1999.9000,
	2026/04/30 11:49:26	,	827462	,	2666	,10.505724,1999.9000,-0.20064603,-195.9210,594942.3750,34.899,605022.5625,1999.9000,
	2026/04/30 11:49:26	,	828462	,	2667	,10.505281,1999.9000,-0.18928283,-196.2756,594957.8750,34.900,604880.3750,1999.9000,
	2026/04/30 11:49:26	,	829462	,	2668	,10.504844,1999.9000,-0.17918642,-196.8694,594968.8125,34.898,604847.5000,1999.9000,
	2026/04/30 11:49:26	,	830462	,	2669	,10.504374,1999.9000,-0.17020552,-197.5633,595049.6250,34.895,604753.5625,1999.9000,
	2026/04/30 11:49:26	,	831462	,	2670	,10.503874,1999.9000,-0.15887384,-198.1415,595277.1875,34.892,604723.0625,1999.9000,
	2026/04/30 11:49:26	,	832462	,	2671	,10.503367,1999.9000,-0.14722075,-198.6233,595559.0000,34.890,604712.9375,1999.9000,
	2026/04/30 11:49:26	,	833462	,	2672	,10.502880,1999.9000,-0.13831550,-199.0249,595559.0000,34.888,604707.8750,1999.9000,
	2026/04/30 11:49:26	,	834462	,	2673	,10.502376,1999.9000,-0.13114968,-199.3595,595559.0000,34.887,604704.8125,1999.9000,
	2026/04/30 11:49:26	,	835462	,	2674	,10.501797,1999.9000,-0.12660566,-199.6383,595559.0000,34.885,604702.7500,1999.9000,
	2026/04/30 11:49:26	,	836462	,	2675	,10.501189,1999.9000,-0.12585883,-199.8707,595559.0000,34.884,604702.2500,1999.9000,
	2026/04/30 11:49:26	,	837462	,	2676	,10.500574,1999.9000,-0.12540400,-199.9648,595459.5000,34.883,604713.2500,1999.9000,
	2026/04/30 11:49:26	,	838462	,	2677	,10.500001,1999.9000,-0.12517659,-200.0433,595430.8750,34.883,604826.0625,1999.9000,
	2026/04/30 11:49:26	,	839462	,	2678	,10.499510,1999.9000,-0.12504016,-200.1087,595415.0000,34.882,604855.9375,1999.9000,
	2026/04/30 11:49:26	,	840462	,	2679	,10.498977,1999.9000,-0.12494921,-199.7653,595398.4375,34.884,604943.8125,1999.9000,
	2026/04/30 11:49:26	,	841462	,	2680	,10.498453,1999.9000,-0.12474735,-199.1807,595182.4375,34.887,604978.8750,1999.9000,
	2026/04/30 11:49:26	,	842462	,	2681	,10.497877,1999.9000,-0.12249021,-198.9920,594906.0000,34.888,604996.1875,1999.9000,
	2026/04/30 11:49:26	,	843462	,	2682	,10.497264,1999.9000,-0.12222865,-199.0336,594906.0000,34.888,605004.8750,1999.9000,
	2026/04/30 11:49:26	,	844462	,	2683	,10.496673,1999.9000,-0.12211417,-199.0684,594906.0000,34.887,605010.0625,1999.9000,
	2026/04/30 11:49:26	,	845462	,	2684	,10.496075,1999.9000,-0.12205693,-199.2962,594906.0000,34.885,605013.5000,1999.9000,
	2026/04/30 11:49:26	,	846462	,	2685	,10.495447,1999.9000,-0.11531810,-199.4861,594906.0000,34.886,605016.4375,1999.9000,
	2026/04/30 11:49:26	,	847462	,	2686	,10.494801,1999.9000,-0.10774264,-199.6444,594908.4375,34.888,605007.5625,1999.9000,
	2026/04/30 11:49:26	,	848462	,	2687	,10.490588,1999.9000,-0.10083523,-199.5773,594920.8125,34.889,604893.6875,1999.9000,
	2026/04/30 11:49:26	,	849462	,	2688	,10.490186,1999.9000,-0.09433747,-199.7204,595012.0625,34.889,604859.8750,1999.9000,
	2026/04/30 11:49:26	,	850462	,	2689	,10.489932,1999.9000,-0.08812963,-199.8396,595024.5625,34.889,604766.8750,1999.9000,
	2026/04/30 11:49:26	,	851462	,	2690	,10.489672,1999.9000,-0.07950169,-199.9390,595204.5625,34.893,604735.7500,1999.9000,
	2026/04/30 11:49:26	,	852462	,	2691	,10.489302,1999.9000,-0.06805025,-200.0217,595492.8750,34.899,604716.3125,1999.9000,
	2026/04/30 11:49:26	,	853462	,	2692	,10.488959,1999.9000,-0.05807360,-200.0907,595497.3750,34.903,604706.6250,1999.9000,
	2026/04/30 11:49:26	,	854462	,	2693	,10.488585,1999.9000,-0.04955907,-199.7503,595498.9375,34.905,604700.8125,1999.9000,
	2026/04/30 11:49:26	,	855462	,	2694	,10.488169,1999.9000,-0.04302351,-199.4666,595499.6250,34.907,604696.8750,1999.9000,
	2026/04/30 11:49:26	,	856462	,	2695	,10.487688,1999.9000,-0.03945005,-199.2303,595500.0625,34.908,604693.6875,1999.9000,
	2026/04/30 11:49:26	,	857462	,	2696	,10.487188,1999.9000,-0.03721901,-199.0333,595500.3750,34.909,604703.6250,1999.9000,
	2026/04/30 11:49:26	,	858462	,	2697	,10.486657,1999.9000,-0.03484932,-198.7696,595419.0000,34.910,604820.0625,1999.9000,
	2026/04/30 11:49:26	,	859462	,	2698	,10.486086,1999.9000,-0.03205106,-198.5499,595404.1250,34.911,604855.6875,1999.9000,
	2026/04/30 11:49:26	,	860462	,	2699	,10.485456,1999.9000,-0.02874230,-198.2674,595390.3750,34.912,604963.1875,1999.9000,
	2026/04/30 11:49:26	,	861462	,	2700	,10.481086,1999.9000,-0.02828224,-198.0319,595234.3125,34.911,604993.6250,1999.9000,
	2026/04/30 11:49:26	,	862462	,	2701	,10.480654,1999.9000,-0.02804065,-197.8357,594975.7500,34.909,605017.2500,1999.9000,
	2026/04/30 11:49:26	,	863462	,	2702	,10.480311,1999.9000,-0.02770399,-197.4733,594866.6875,34.907,605029.1250,1999.9000,
	2026/04/30 11:49:26	,	864462	,	2703	,10.479917,1999.9000,-0.02540206,-197.1712,594866.6875,34.905,605036.2500,1999.9000,
	2026/04/30 11:49:26	,	865462	,	2704	,10.479506,1999.9000,-0.02127399,-196.8200,594866.6875,34.901,605041.0000,1999.9000,
	2026/04/30 11:49:26	,	866462	,	2705	,10.479105,1999.9000,-0.01352206,-196.4279,594866.6875,34.897,605045.0000,1999.9000,
	2026/04/30 11:49:26	,	867462	,	2706	,10.478675,1999.9000,-0.00385421,-196.1011,594866.6875,34.894,605037.2500,1999.9000,
	2026/04/30 11:49:26	,	868462	,	2707	,10.478203,1999.9000,0.00568759,-195.8288,594962.0000,34.891,604929.9375,1999.9000,
	2026/04/30 11:49:26	,	869462	,	2708	,10.477656,1999.9000,0.01455503,-195.7013,594981.3750,34.889,604899.6875,1999.9000,
	2026/04/30 11:49:26	,	870462	,	2709	,10.477006,1999.9000,0.02267249,-195.5951,594989.6250,34.888,604800.0625,1999.9000,
	2026/04/30 11:49:26	,	871462	,	2710	,10.472894,1999.9000,0.03152103,-195.6061,595105.6250,34.898,604762.3125,1999.9000,
	2026/04/30 11:49:26	,	872462	,	2711	,10.472507,1999.9000,0.04377919,-195.8142,595391.6250,34.907,604672.0625,1999.9000,
	2026/04/30 11:49:26	,	873462	,	2712	,10.472070,1999.9000,0.05495960,-195.9876,595544.1250,34.915,604672.0625,1999.9000,
	2026/04/30 11:49:26	,	874462	,	2713	,10.471665,1999.9000,0.06447617,-196.2316,595544.1250,34.921,604672.0625,1999.9000,
	2026/04/30 11:49:26	,	875462	,	2714	,10.471268,1999.9000,0.07257476,-196.4349,595544.1250,34.926,604672.0625,1999.9000,
	2026/04/30 11:49:26	,	876462	,	2715	,10.470863,1999.9000,0.07807043,-196.6043,595544.1250,34.931,604672.0625,1999.9000,
	2026/04/30 11:49:26	,	877462	,	2716	,10.470364,1999.9000,0.08181403,-196.6460,595544.1250,34.936,604681.9375,1999.9000,
	2026/04/30 11:49:26	,	878462	,	2717	,10.469823,1999.9000,0.08565850,-196.7803,595443.4375,34.929,604792.8125,1999.9000,
	2026/04/30 11:49:26	,	879462	,	2718	,10.469189,1999.9000,0.08959118,-196.6932,595420.1875,34.916,604822.7500,1999.9000,
	2026/04/30 11:49:26	,	880462	,	2719	,10.464971,1999.9000,0.09375704,-196.6206,595406.1250,34.916,604918.4375,1999.9000,
	2026/04/30 11:49:26	,	881462	,	2720	,10.464523,1999.9000,0.09748176,-196.5601,595318.3125,34.905,604952.2500,1999.9000,
	2026/04/30 11:49:26	,	882462	,	2721	,10.464523,1999.9000,0.09755424,-196.6092,595082.3750,34.901,605058.0000,1999.9000,
	2026/04/30 11:49:26	,	883462	,	2722	,10.463674,1999.9000,0.09767291,-196.6501,594836.3125,34.897,605058.0000,1999.9000,
	2026/04/30 11:49:26	,	884462	,	2723	,10.463278,1999.9000,0.10021698,-196.7837,594836.3125,34.894,605058.0000,1999.9000,
	2026/04/30 11:49:26	,	885462	,	2724	,10.462830,1999.9000,0.10379043,-196.8949,594836.3125,34.893,605058.0000,1999.9000,
	2026/04/30 11:49:26	,	886462	,	2725	,10.462830,1999.9000,0.11030708,-196.9877,594836.3125,34.891,605058.0000,1999.9000,
	2026/04/30 11:49:26	,	887462	,	2726	,10.462308,1999.9000,0.11907998,-197.0650,594836.3125,34.884,605048.5000,1999.9000,
	2026/04/30 11:49:26	,	888462	,	2727	,10.461749,1999.9000,0.12767647,-197.1294,594943.0000,34.879,604923.2500,1999.9000,
	2026/04/30 11:49:26	,	889462	,	2728	,10.461100,1999.9000,0.13576868,-197.1831,594972.1875,34.874,604890.9375,1999.9000,
	2026/04/30 11:49:26	,	890462	,	2729	,10.457047,1999.9000,0.14357735,-197.0289,594987.0625,34.869,604796.5000,1999.9000,
	2026/04/30 11:49:26	,	891462	,	2730	,10.456689,1999.9000,0.15182719,-196.9003,595069.8750,34.864,604758.6875,1999.9000,
	2026/04/30 11:49:26	,	892462	,	2731	,10.456133,1999.9000,0.16361891,-196.7932,595302.8125,34.862,604671.4375,1999.9000,
	2026/04/30 11:49:26	,	893462	,	2732	,10.455557,1999.9000,0.17576990,-196.7040,595579.2500,34.865,604671.4375,1999.9000,
	2026/04/30 11:49:26	,	894462	,	2733	,10.454997,1999.9000,0.18584113,-196.6296,595579.2500,34.867,604671.4375,1999.9000,
	2026/04/30 11:49:26	,	895462	,	2734	,10.454465,1999.9000,0.19445015,-197.0650,595579.2500,34.874,604671.4375,1999.9000,
	2026/04/30 11:49:26	,	896462	,	2735	,10.453908,1999.9000,0.20061390,-197.4279,595579.2500,34.881,604671.4375,1999.9000,
	2026/04/30 11:49:26	,	897462	,	2736	,10.453303,1999.9000,0.20452137,-197.7302,595579.2500,34.886,604678.2500,1999.9000,
	2026/04/30 11:49:26	,	898462	,	2737	,10.449003,1999.9000,0.20797509,-197.9822,595464.8750,34.894,604783.1875,1999.9000,
	2026/04/30 11:49:26	,	899462	,	2738	,10.448542,1999.9000,0.21161154,-198.1921,595430.3125,34.901,604810.9375,1999.9000,
	2026/04/30 11:49:26	,	900462	,	2739	,10.448090,1999.9000,0.21537405,-197.7703,595408.6875,34.906,604903.3750,1999.9000,
	2026/04/30 11:49:26	,	901462	,	2740	,10.447588,1999.9000,0.21800214,-197.0208,595388.8125,34.908,604932.6250,1999.9000,
	2026/04/30 11:49:26	,	902462	,	2741	,10.447031,1999.9000,0.21818179,-196.3963,595160.4375,34.909,605038.0625,1999.9000,
	2026/04/30 11:49:26	,	903462	,	2742	,10.446506,1999.9000,0.21844752,-195.8758,594887.0000,34.910,605038.0625,1999.9000,
	2026/04/30 11:49:26	,	904462	,	2743	,10.445914,1999.9000,0.21865919,-195.4421,594887.0000,34.910,605038.0625,1999.9000,
	2026/04/30 11:49:26	,	905462	,	2744	,10.445288,1999.9000,0.21890467,-195.0807,594887.0000,34.909,605038.0625,1999.9000,
	2026/04/30 11:49:26	,	906462	,	2745	,10.441110,1999.9000,0.22359236,-194.8790,594887.0000,34.909,605038.0625,1999.9000,
	2026/04/30 11:49:26	,	907462	,	2746	,10.440588,1999.9000,0.23015313,-194.7109,594887.0000,34.908,605035.3125,1999.9000,
	2026/04/30 11:49:26	,	908462	,	2747	,10.440126,1999.9000,0.23680215,-194.9687,594891.2500,34.909,604940.1875,1999.9000,
	2026/04/30 11:49:26	,	909462	,	2748	,10.439613,1999.9000,0.24234195,-195.5814,594987.0625,34.912,604909.9375,1999.9000,
	2026/04/30 11:49:26	,	910462	,	2749	,10.439072,1999.9000,0.24647631,-196.0920,595000.1250,34.914,604822.4375,1999.9000,
	2026/04/30 11:49:26	,	911462	,	2750	,10.438513,1999.9000,0.24925564,-196.1197,595012.3125,34.916,604791.3125,1999.9000,
	2026/04/30 11:49:26	,	912462	,	2751	,10.437918,1999.9000,0.25383750,-196.2422,595201.5625,34.917,604695.6250,1999.9000,
	2026/04/30 11:49:26	,	913462	,	2752	,10.433870,1999.9000,0.25956634,-196.4437,595500.6250,34.920,604683.2500,1999.9000,
	2026/04/30 11:49:26	,	914462	,	2753	,10.433290,1999.9000,0.25956634,-196.6116,595502.7500,34.922,604679.0625,1999.9000,
	2026/04/30 11:49:26	,	915462	,	2754	,10.432838,1999.9000,0.25956634,-196.7516,595503.4375,34.924,604677.0625,1999.9000,
	2026/04/30 11:49:26	,	916462	,	2755	,10.432419,1999.9000,0.25956634,-197.1667,595503.8125,34.926,604675.8125,1999.9000,
	2026/04/30 11:49:26	,	917462	,	2756	,10.431964,1999.9000,0.25956634,-197.5125,595504.0000,34.926,604675.0000,1999.9000,
	2026/04/30 11:49:26	,	918462	,	2757	,10.431488,1999.9000,0.25933841,-197.7013,595504.1875,34.922,604684.7500,1999.9000,
	2026/04/30 11:49:26	,	919462	,	2758	,10.430842,1999.9000,0.25580382,-197.9581,595422.0000,34.923,604794.6250,1999.9000,
	2026/04/30 11:49:26	,	920462	,	2759	,10.430194,1999.9000,0.25480175,-198.1721,595405.8750,34.923,604822.7500,1999.9000,
	2026/04/30 11:49:26	,	921462	,	2760	,10.429565,1999.9000,0.25218624,-198.4499,595392.1250,34.926,604910.5625,1999.9000,
	2026/04/30 11:49:26	,	922462	,	2761	,10.424845,1999.9000,0.25218624,-198.4499,595392.1250,34.929,604947.1250,1999.9000,
	2026/04/30 11:49:26	,	923462	,	2762	,10.424413,1999.9000,0.24181885,-198.8743,594985.8750,34.925,604972.0000,1999.9000,
	2026/04/30 11:49:26	,	924462	,	2763	,10.423952,1999.9000,0.23922226,-199.0350,594873.8750,34.922,604984.4375,1999.9000,
	2026/04/30 11:49:26	,	925462	,	2764	,10.423348,1999.9000,0.23922226,-199.0695,594873.8750,34.920,604991.8750,1999.9000,
	2026/04/30 11:49:26	,	926462	,	2765	,10.422772,1999.9000,0.23922226,-199.0695,594873.8750,34.917,604996.8125,1999.9000,
	2026/04/30 11:49:26	,	927462	,	2766	,10.422274,1999.9000,0.23922226,-198.9988,594873.8750,34.915,605000.9375,1999.9000,
	2026/04/30 11:49:26	,	928462	,	2767	,10.421685,1999.9000,0.23922226,-198.9398,594873.8750,34.914,604992.9375,1999.9000,
	2026/04/30 11:49:26	,	929462	,	2768	,10.421044,1999.9000,0.23922230,-198.8907,594959.6250,34.913,604884.0625,1999.9000,
	2026/04/30 11:49:26	,	930462	,	2769	,10.416951,1999.9000,0.24223481,-198.8498,594959.6250,34.912,604854.1875,1999.9000,
	2026/04/30 11:49:26	,	931462	,	2770	,10.416474,1999.9000,0.24487549,-198.8157,594988.4375,34.911,604759.6250,1999.9000,
	2026/04/30 11:49:26	,	932462	,	2771	,10.416038,1999.9000,0.24729560,-198.7873,594988.4375,34.913,604729.7500,1999.9000,
	2026/04/30 11:49:26	,	933462	,	2772	,10.415618,1999.9000,0.25137955,-198.8630,595117.5625,34.915,604645.4375,1999.9000,
	2026/04/30 11:49:26	,	934462	,	2773	,10.415099,1999.9000,0.25863987,-198.9262,595386.2500,34.918,604645.4375,1999.9000,
	2026/04/30 11:49:26	,	935462	,	2774	,10.414558,1999.9000,0.26434985,-199.0783,595550.1250,34.927,604645.4375,1999.9000,
	2026/04/30 11:49:26	,	936462	,	2775	,10.413935,1999.9000,0.26434985,-199.2051,595550.1250,34.934,604645.4375,1999.9000,
	2026/04/30 11:49:26	,	937462	,	2776	,10.409862,1999.9000,0.26434985,-199.3107,595550.1250,34.940,604645.4375,1999.9000,
	2026/04/30 11:49:26	,	938462	,	2777	,10.409430,1999.9000,0.26434985,-199.2992,595550.1250,34.945,604655.5000,1999.9000,
	2026/04/30 11:49:26	,	939462	,	2778	,10.408948,1999.9000,0.26434985,-199.2897,595550.1250,34.946,604768.6250,1999.9000,
	2026/04/30 11:49:26	,	940462	,	2779	,10.408469,1999.9000,0.26404420,-199.2817,595447.6250,34.944,604797.6250,1999.9000,
	2026/04/30 11:49:26	,	941462	,	2780	,10.407973,1999.9000,0.26015878,-199.1756,595425.5625,34.943,604888.2500,1999.9000,
	2026/04/30 11:49:26	,	942462	,	2781	,10.407458,1999.9000,0.25932059,-199.0872,595412.1250,34.941,604924.5000,1999.9000,
	2026/04/30 11:49:26	,	943462	,	2782	,10.406846,1999.9000,0.25599921,-198.8146,595312.3125,34.938,605033.2500,1999.9000,
	2026/04/30 11:49:26	,	944462	,	2783	,10.402563,1999.9000,0.25010020,-198.2890,595093.1250,34.936,605033.2500,1999.9000,
	2026/04/30 11:49:26	,	945462	,	2784	,10.402132,1999.9000,0.24494483,-197.8510,594840.5000,34.934,605033.2500,1999.9000,
	2026/04/30 11:49:26	,	946462	,	2785	,10.401719,1999.9000,0.24494483,-197.3865,594840.5000,34.933,605033.2500,1999.9000,
	2026/04/30 11:49:26	,	947462	,	2786	,10.401209,1999.9000,0.24494483,-196.9994,594840.5000,34.931,605033.2500,1999.9000,
	2026/04/30 11:49:26	,	948462	,	2787	,10.400735,1999.9000,0.24494483,-196.5774,594840.5000,34.930,605022.9375,1999.9000,
	2026/04/30 11:49:26	,	949462	,	2788	,10.400255,1999.9000,0.24494478,-196.3252,594840.5000,34.928,604902.7500,1999.9000,
	2026/04/30 11:49:26	,	950462	,	2789	,10.399672,1999.9000,0.24507506,-196.1150,594944.7500,34.926,604871.3750,1999.9000,
	2026/04/30 11:49:26	,	951462	,	2790	,10.399032,1999.9000,0.24794476,-195.9398,594969.7500,34.924,604774.0625,1999.9000,
	2026/04/30 11:49:26	,	952462	,	2791	,10.398370,1999.9000,0.24877982,-195.8933,594983.8750,34.920,604739.3750,1999.9000,
	2026/04/30 11:49:26	,	953462	,	2792	,10.393954,1999.9000,0.25197199,-196.0535,595003.4375,34.914,604656.9375,1999.9000,
	2026/04/30 11:49:26	,	954462	,	2793	,10.393508,1999.9000,0.25779539,-195.8886,595289.1250,34.910,604656.9375,1999.9000,
	2026/04/30 11:49:26	,	955462	,	2794	,10.393110,1999.9000,0.26325956,-195.7512,595573.3750,34.906,604656.9375,1999.9000,
	2026/04/30 11:49:26	,	956462	,	2795	,10.392673,1999.9000,0.26408198,-195.6367,595573.3750,34.903,604656.9375,1999.9000,
	2026/04/30 11:49:26	,	957462	,	2796	,10.392161,1999.9000,0.26435617,-195.5412,595573.3750,34.901,604656.9375,1999.9000,
	2026/04/30 11:49:26	,	958462	,	2797	,10.391616,1999.9000,0.26449326,-195.5612,595573.3750,34.899,604666.0000,1999.9000,
	2026/04/30 11:49:26	,	959462	,	2798	,10.391067,1999.9000,0.26457545,-195.5778,595573.3750,34.897,604772.9375,1999.9000,
	2026/04/30 11:49:26	,	960462	,	2799	,10.390456,1999.9000,0.26463026,-195.5917,595481.0000,34.895,604796.8125,1999.9000,
	2026/04/30 11:49:26	,	961462	,	2800	,10.386031,1999.9000,0.26436821,-195.6032,595449.4375,34.894,604821.6250,1999.9000,
	2026/04/30 11:49:26	,	962462	,	2801	,10.385540,1999.9000,0.26096550,-195.6128,595426.8125,34.893,604940.1875,1999.9000,
	2026/04/30 11:49:26	,	963462	,	2802	,10.385068,1999.9000,0.25822395,-195.7203,595407.4375,34.894,605028.4375,1999.9000,
	2026/04/30 11:49:26	,	964462	,	2803	,10.384623,1999.9000,0.25186485,-196.0088,595188.4375,34.894,605028.4375,1999.9000,
	2026/04/30 11:49:26	,	965462	,	2804	,10.384238,1999.9000,0.24493223,-196.2493,594912.6250,34.898,605028.4375,1999.9000,
	2026/04/30 11:49:26	,	966462	,	2805	,10.383812,1999.9000,0.24455725,-196.4496,594912.6250,34.902,605028.4375,1999.9000,
	2026/04/30 11:49:26	,	967462	,	2806	,10.383279,1999.9000,0.24443224,-196.6166,594912.6250,34.906,605028.4375,1999.9000,
	2026/04/30 11:49:26	,	968462	,	2807	,10.382675,1999.9000,0.24436972,-196.7557,594912.6250,34.904,605028.4375,1999.9000,
	2026/04/30 11:49:26	,	969462	,	2808	,10.378674,1999.9000,0.24433221,-196.8717,594912.6250,34.905,605024.4375,1999.9000,
	2026/04/30 11:49:26	,	970462	,	2809	,10.378211,1999.9000,0.24430725,-196.9683,594912.6250,34.907,604919.6875,1999.9000,
	2026/04/30 11:49:26	,	971462	,	2810	,10.377810,1999.9000,0.24685445,-197.0488,594924.5625,34.911,604884.3750,1999.9000,
	2026/04/30 11:49:26	,	972462	,	2811	,10.377422,1999.9000,0.24909180,-197.1159,594937.6250,34.915,604784.3750,1999.9000,
	2026/04/30 11:49:26	,	973462	,	2812	,10.377017,1999.9000,0.25009704,-197.1718,595025.1875,34.918,604748.1250,1999.9000,
	2026/04/30 11:49:26	,	974462	,	2813	,10.376593,1999.9000,0.25625131,-197.4174,595196.8125,34.918,604642.4375,1999.9000,
	2026/04/30 11:49:26	,	975462	,	2814	,10.376066,1999.9000,0.26246545,-197.6220,595497.0625,34.916,604642.4375,1999.9000,
	2026/04/30 11:49:26	,	976462	,	2815	,10.375523,1999.9000,0.26303264,-197.7925,595502.1250,34.914,604642.4375,1999.9000,
	2026/04/30 11:49:26	,	977462	,	2816	,10.374906,1999.9000,0.26322171,-197.9346,595503.8750,34.914,604642.4375,1999.9000,
	2026/04/30 11:49:26	,	978462	,	2817	,10.370571,1999.9000,0.26331627,-198.0531,595504.6875,34.915,604642.4375,1999.9000,
	2026/04/30 11:49:26	,	979462	,	2818	,10.369901,1999.9000,0.26337299,-197.8533,595505.1875,34.915,604647.8125,1999.9000,
	2026/04/30 11:49:26	,	980462	,	2819	,10.369439,1999.9000,0.26341078,-197.4879,595505.5000,34.907,604737.3125,1999.9000,
	2026/04/30 11:49:26	,	981462	,	2820	,10.369037,1999.9000,0.26082683,-197.1834,595420.1875,34.901,604762.0000,1999.9000,
	2026/04/30 11:49:26	,	982462	,	2821	,10.368616,1999.9000,0.25831848,-196.6313,595402.6250,34.896,604853.8125,1999.9000,
	2026/04/30 11:49:26	,	983462	,	2822	,10.368202,1999.9000,0.25582904,-196.1711,595389.6250,34.899,604887.6250,1999.9000,
	2026/04/30 11:49:26	,	984462	,	2823	,10.367747,1999.9000,0.25045940,-195.7877,595261.1250,34.905,604998.1875,1999.9000,
	2026/04/30 11:49:26	,	985462	,	2824	,10.367186,1999.9000,0.24278313,-195.7665,595013.2500,34.911,605001.5000,1999.9000,
	2026/04/30 11:49:26	,	986462	,	2825	,10.366558,1999.9000,0.23719920,-195.7489,594880.3750,34.915,605002.6250,1999.9000,
	2026/04/30 11:49:26	,	987462	,	2826	,10.365926,1999.9000,0.23713620,-196.0327,594880.3750,34.918,605003.1875,1999.9000,
	2026/04/30 11:49:26	,	988462	,	2827	,10.365300,1999.9000,0.23711519,-196.2691,594880.3750,34.922,605003.5000,1999.9000,
	2026/04/30 11:49:26	,	989462	,	2828	,10.361038,1999.9000,0.23710470,-196.7646,594880.3750,34.927,605003.7500,1999.9000,
	2026/04/30 11:49:26	,	990462	,	2829	,10.360621,1999.9000,0.23709841,-197.5754,594880.3750,34.936,604992.0625,1999.9000,
	2026/04/30 11:49:26	,	991462	,	2830	,10.360344,1999.9000,0.23709418,-198.3505,594972.1250,34.943,604870.1250,1999.9000,
	2026/04/30 11:49:26	,	992462	,	2831	,10.360085,1999.9000,0.23742674,-198.9965,594989.1875,34.949,604836.3125,1999.9000,
	2026/04/30 11:49:26	,	993462	,	2832	,10.359710,1999.9000,0.24093650,-199.6342,594999.6250,34.948,604730.0000,1999.9000,
	2026/04/30 11:49:26	,	994462	,	2833	,10.359276,1999.9000,0.24469273,-200.2652,595121.1250,34.947,604699.8125,1999.9000,
	2026/04/30 11:49:26	,	995462	,	2834	,10.358730,1999.9000,0.25078085,-200.6915,595553.0625,34.947,604684.3750,1999.9000,
	2026/04/30 11:49:26	,	996462	,	2835	,10.358148,1999.9000,0.25132596,-200.9473,595553.0625,34.951,604684.3750,1999.9000,
	2026/04/30 11:49:26	,	997462	,	2836	,10.357562,1999.9000,0.25150770,-201.1604,595553.0625,34.954,604681.3125,1999.9000,
	2026/04/30 11:49:26	,	998462	,	2837	,10.356945,1999.9000,0.25159857,-201.2386,595553.0625,34.952,604679.2500,1999.9000,
	2026/04/30 11:49:26	,	999462	,	2838	,10.356291,1999.9000,0.25165311,-201.1048,595553.0625,34.946,604677.5625,1999.9000,
	2026/04/30 11:49:27	,	000462	,	2839	,10.352101,1999.9000,0.25168943,-200.9933,595553.0625,34.936,604686.7500,1999.9000,
	2026/04/30 11:49:27	,	001462	,	2840	,10.351744,1999.9000,0.24849936,-200.9003,595449.3750,34.928,604791.0625,1999.9000,
	2026/04/30 11:49:27	,	002462	,	2841	,10.351496,1999.9000,0.24536709,-200.7234,595428.8125,34.926,604822.7500,1999.9000,
	2026/04/30 11:49:27	,	003462	,	2842	,10.351215,1999.9000,0.24275789,-200.2775,595413.2500,34.924,604910.0000,1999.9000,
	2026/04/30 11:49:27	,	004462	,	2843	,10.350934,1999.9000,0.23891346,-200.1049,595308.8125,34.920,604939.3125,1999.9000,
	2026/04/30 11:49:27	,	005462	,	2844	,10.350622,1999.9000,0.23196821,-199.9611,595088.3125,34.916,605025.3750,1999.9000,
	2026/04/30 11:49:27	,	006462	,	2845	,10.350213,1999.9000,0.22655450,-199.8413,594854.1875,34.913,605025.3750,1999.9000,
	2026/04/30 11:49:27	,	007462	,	2846	,10.349698,1999.9000,0.22655450,-199.9403,594854.1875,34.915,605025.3750,1999.9000,
	2026/04/30 11:49:27	,	008462	,	2847	,10.349175,1999.9000,0.22655445,-199.8239,594854.1875,34.916,605025.3750,1999.9000,
	2026/04/30 11:49:27	,	009462	,	2848	,10.348551,1999.9000,0.22655450,-199.7270,594854.1875,34.916,605025.3750,1999.9000,
	2026/04/30 11:49:27	,	010462	,	2849	,10.347966,1999.9000,0.22655450,-199.6461,594854.1875,34.918,605013.1875,1999.9000,
	2026/04/30 11:49:27	,	011462	,	2850	,10.347404,1999.9000,0.22665957,-199.5788,594956.1250,34.914,604871.3750,1999.9000,
	2026/04/30 11:49:27	,	012462	,	2851	,10.346792,1999.9000,0.22923928,-199.5226,594977.8125,34.910,604839.9375,1999.9000,
	2026/04/30 11:49:27	,	013462	,	2852	,10.346203,1999.9000,0.22996093,-199.3764,594988.0000,34.908,604749.9375,1999.9000,
	2026/04/30 11:49:27	,	014462	,	2853	,10.345672,1999.9000,0.23281905,-198.7571,595006.7500,34.911,604717.3750,1999.9000,
	2026/04/30 11:49:27	,	015462	,	2854	,10.345075,1999.9000,0.23854160,-198.0422,595284.3125,34.913,604635.8125,1999.9000,
	2026/04/30 11:49:27	,	016462	,	2855	,10.344443,1999.9000,0.24333775,-197.4463,595573.8750,34.909,604635.8125,1999.9000,
	2026/04/30 11:49:27	,	017462	,	2856	,10.343818,1999.9000,0.24333775,-196.9498,595573.8750,34.904,604635.8125,1999.9000,
	2026/04/30 11:49:27	,	018462	,	2857	,10.343223,1999.9000,0.24333775,-196.5361,595573.8750,34.900,604635.8125,1999.9000,
	2026/04/30 11:49:27	,	019462	,	2858	,10.342622,1999.9000,0.24333775,-196.1913,595573.8750,34.895,604635.8125,1999.9000,
	2026/04/30 11:49:27	,	020462	,	2859	,10.341983,1999.9000,0.24333778,-196.4013,595573.8750,34.890,604646.5625,1999.9000,
	2026/04/30 11:49:27	,	021462	,	2860	,10.341352,1999.9000,0.24037561,-196.5763,595476.8125,34.887,604763.2500,1999.9000,
	2026/04/30 11:49:27	,	022462	,	2861	,10.340691,1999.9000,0.23711729,-196.8216,595442.8750,34.884,604789.2500,1999.9000,
	2026/04/30 11:49:27	,	023462	,	2862	,10.340031,1999.9000,0.23390305,-197.0261,595421.3750,34.882,604884.6250,1999.9000,
	2026/04/30 11:49:27	,	024462	,	2863	,10.339412,1999.9000,0.23017837,-197.1965,595402.9375,34.880,604923.5625,1999.9000,
	2026/04/30 11:49:27	,	025462	,	2864	,10.338850,1999.9000,0.22315121,-197.3384,595180.6875,34.878,605052.5000,1999.9000,
	2026/04/30 11:49:27	,	026462	,	2865	,10.338332,1999.9000,0.21660303,-197.3573,594898.2500,34.877,605052.5000,1999.9000,
	2026/04/30 11:49:27	,	027462	,	2866	,10.337792,1999.9000,0.21437196,-197.3730,594898.2500,34.877,605052.5000,1999.9000,
	2026/04/30 11:49:27	,	028462	,	2867	,10.337278,1999.9000,0.21437196,-197.5850,594898.2500,34.879,605052.5000,1999.9000,
	2026/04/30 11:49:27	,	029462	,	2868	,10.336795,1999.9000,0.21437193,-197.4633,594898.2500,34.880,605052.5000,1999.9000,
	2026/04/30 11:49:27	,	030462	,	2869	,10.336362,1999.9000,0.21437196,-197.3618,594898.2500,34.883,605043.0625,1999.9000,
	2026/04/30 11:49:27	,	031462	,	2870	,10.335872,1999.9000,0.21437196,-197.2773,594901.8750,34.885,604922.0625,1999.9000,
	2026/04/30 11:49:27	,	032462	,	2871	,10.335276,1999.9000,0.21462935,-197.2068,594986.5000,34.901,604886.1875,1999.9000,
	2026/04/30 11:49:27	,	033462	,	2872	,10.334694,1999.9000,0.21720806,-197.1481,594997.2500,34.914,604771.6875,1999.9000,
	2026/04/30 11:49:27	,	034462	,	2873	,10.334115,1999.9000,0.21803683,-197.2982,595006.9375,34.925,604739.3750,1999.9000,
	2026/04/30 11:49:27	,	035462	,	2874	,10.333503,1999.9000,0.22418480,-198.0200,595183.6875,34.933,604712.7500,1999.9000,
	2026/04/30 11:49:27	,	036462	,	2875	,10.332879,1999.9000,0.22947881,-198.5221,595486.3750,34.937,604699.4375,1999.9000,
	2026/04/30 11:49:27	,	037462	,	2876	,10.332275,1999.9000,0.22947881,-198.4431,595500.6875,34.941,604691.3750,1999.9000,
	2026/04/30 11:49:27	,	038462	,	2877	,10.331752,1999.9000,0.22947884,-198.3773,595505.4375,34.945,604686.0000,1999.9000,
	2026/04/30 11:49:27	,	039462	,	2878	,10.331306,1999.9000,0.22947881,-198.3225,595507.8125,34.948,604681.5625,1999.9000,
	2026/04/30 11:49:27	,	040462	,	2879	,10.330871,1999.9000,0.22947881,-198.2768,595509.3125,34.950,604683.9375,1999.9000,
	2026/04/30 11:49:27	,	041462	,	2880	,10.330432,1999.9000,0.22455661,-198.2387,595510.1875,34.952,604697.3125,1999.9000,
	2026/04/30 11:49:27	,	042462	,	2881	,10.330067,1999.9000,0.21979205,-198.0080,595421.3750,34.953,604825.4375,1999.9000,
	2026/04/30 11:49:27	,	043462	,	2882	,10.329728,1999.9000,0.21514088,-197.8158,595403.8125,34.955,604855.0625,1999.9000,
	2026/04/30 11:49:27	,	044462	,	2883	,10.329347,1999.9000,0.21041411,-197.4566,595393.3750,34.948,604944.4375,1999.9000,
	2026/04/30 11:49:27	,	045462	,	2884	,10.328914,1999.9000,0.20226511,-196.8589,595258.1875,34.943,604982.7500,1999.9000,
	2026/04/30 11:49:27	,	046462	,	2885	,10.328494,1999.9000,0.19236410,-196.3608,594996.6250,34.938,604995.5000,1999.9000,
	2026/04/30 11:49:27	,	047462	,	2886	,10.328105,1999.9000,0.18399453,-195.9457,594875.0000,34.934,605001.9375,1999.9000,
	2026/04/30 11:49:27	,	048462	,	2887	,10.327681,1999.9000,0.17652619,-195.7988,594875.0000,34.931,605005.7500,1999.9000,
	2026/04/30 11:49:27	,	049462	,	2888	,10.327188,1999.9000,0.17116919,-195.6763,594875.0000,34.929,605008.3750,1999.9000,
	2026/04/30 11:49:27	,	050462	,	2889	,10.326694,1999.9000,0.16853477,-196.0717,594875.0000,34.926,605009.8750,1999.9000,
	2026/04/30 11:49:27	,	051462	,	2890	,10.326222,1999.9000,0.16748856,-196.7990,594875.0000,34.928,604999.1875,1999.9000,
	2026/04/30 11:49:27	,	052462	,	2891	,10.325735,1999.9000,0.16378279,-197.4051,594965.0000,34.929,604879.8125,1999.9000,
	2026/04/30 11:49:27	,	053462	,	2892	,10.325304,1999.9000,0.16056228,-198.0097,594979.8750,34.930,604849.6250,1999.9000,
	2026/04/30 11:49:27	,	054462	,	2893	,10.324905,1999.9000,0.15662329,-198.5135,594991.6250,34.924,604745.1250,1999.9000,
	2026/04/30 11:49:27	,	055462	,	2894	,10.324552,1999.9000,0.15572204,-198.9333,595119.9375,34.918,604716.1250,1999.9000,
	2026/04/30 11:49:27	,	056462	,	2895	,10.324164,1999.9000,0.15540485,-199.1837,595406.5000,34.913,604706.5000,1999.9000,
	2026/04/30 11:49:27	,	057462	,	2896	,10.323836,1999.9000,0.15254565,-199.3924,595560.8125,34.909,604701.6875,1999.9000,
	2026/04/30 11:49:27	,	058462	,	2897	,10.323563,1999.9000,0.14920540,-199.3673,595560.8125,34.910,604698.7500,1999.9000,
	2026/04/30 11:49:27	,	059462	,	2898	,10.323325,1999.9000,0.14396812,-199.1475,595560.8125,34.909,604696.8125,1999.9000,
	2026/04/30 11:49:27	,	060462	,	2899	,10.323092,1999.9000,0.13617837,-198.9643,595560.8125,34.906,604695.9375,1999.9000,
	2026/04/30 11:49:27	,	061462	,	2900	,10.322858,1999.9000,0.12766385,-198.7121,595560.8125,34.903,604707.1875,1999.9000,
	2026/04/30 11:49:27	,	062462	,	2901	,10.322614,1999.9000,0.11915565,-198.5020,595451.1875,34.900,604821.8125,1999.9000,
	2026/04/30 11:49:27	,	063462	,	2902	,10.322306,1999.9000,0.11078610,-198.3269,595423.5000,34.898,604849.9375,1999.9000,
	2026/04/30 11:49:27	,	064462	,	2903	,10.321985,1999.9000,0.10254254,-198.1810,595407.2500,34.897,604942.6250,1999.9000,
	2026/04/30 11:49:27	,	065462	,	2904	,10.321717,1999.9000,0.09230748,-198.0594,595314.7500,34.895,604976.4375,1999.9000,
	2026/04/30 11:49:27	,	066462	,	2905	,10.321465,1999.9000,0.07934349,-197.9581,595097.8750,34.894,604999.1875,1999.9000,
	2026/04/30 11:49:27	,	067462	,	2906	,10.321198,1999.9000,0.06834585,-197.8736,594833.3750,34.893,605010.6250,1999.9000,
	2026/04/30 11:49:27	,	068462	,	2907	,10.320958,1999.9000,0.05902462,-197.8033,594833.3750,34.892,605017.3750,1999.9000,
	2026/04/30 11:49:27	,	069462	,	2908	,10.320751,1999.9000,0.05185882,-197.7446,594833.3750,34.896,605022.0000,1999.9000,
	2026/04/30 11:49:27	,	070462	,	2909	,10.320570,1999.9000,0.04809631,-197.5963,594833.3750,34.899,605025.7500,1999.9000,
	2026/04/30 11:49:27	,	071462	,	2910	,10.320415,1999.9000,0.04574554,-197.3732,594833.3750,34.906,605015.8750,1999.9000,
	2026/04/30 11:49:27	,	072462	,	2911	,10.320284,1999.9000,0.04308591,-197.0878,594941.7500,34.917,604899.7500,1999.9000,
	2026/04/30 11:49:27	,	073462	,	2912	,10.320284,1999.9000,0.04007969,-196.8500,594965.0000,34.926,604868.6250,1999.9000,
	2026/04/30 11:49:27	,	074462	,	2913	,10.319993,1999.9000,0.03663857,-196.6518,594978.5000,34.932,604776.5000,1999.9000,
	2026/04/30 11:49:27	,	075462	,	2914	,10.319775,1999.9000,0.03597998,-196.4867,594997.1875,34.937,604743.3125,1999.9000,
	2026/04/30 11:49:27	,	076462	,	2915	,10.319592,1999.9000,0.03548736,-196.3490,595281.9375,34.941,604729.0000,1999.9000,
	2026/04/30 11:49:27	,	077462	,	2916	,10.319439,1999.9000,0.03520481,-196.2343,595566.7500,34.944,604721.8125,1999.9000,
	2026/04/30 11:49:27	,	078462	,	2917	,10.319439,1999.9000,0.03187397,-196.1388,595566.7500,34.947,604717.5000,1999.9000,
	2026/04/30 11:49:27	,	079462	,	2918	,10.319207,1999.9000,0.02787828,-196.0591,595566.7500,34.949,604714.6250,1999.9000,
	2026/04/30 11:49:27	,	080462	,	2919	,10.319119,1999.9000,0.02121034,-196.0922,595566.7500,34.948,604712.2500,1999.9000,
	2026/04/30 11:49:27	,	081462	,	2920	,10.319046,1999.9000,0.01310550,-196.1198,595566.7500,34.944,604720.3750,1999.9000,
	2026/04/30 11:49:27	,	082462	,	2921	,10.319046,1999.9000,0.00532205,-196.1428,595468.5000,34.940,604818.8125,1999.9000,
	2026/04/30 11:49:27	,	083462	,	2922	,10.318985,1999.9000,-0.00192568,-196.2614,595432.4375,34.936,604844.7500,1999.9000,
	2026/04/30 11:49:27	,	084462	,	2923	,10.318934,1999.9000,-0.00892762,-196.3603,595413.6250,34.932,604940.1875,1999.9000,
	2026/04/30 11:49:27	,	085462	,	2924	,10.318892,1999.9000,-0.01702619,-196.5422,595397.8125,34.926,604974.3125,1999.9000,
	2026/04/30 11:49:27	,	086462	,	2925	,10.318857,1999.9000,-0.02884314,-196.7932,595175.3125,34.921,605093.0625,1999.9000,
	2026/04/30 11:49:27	,	087462	,	2926	,10.318808,1999.9000,-0.03976517,-197.3008,594887.5000,34.920,605093.0625,1999.9000,
	2026/04/30 11:49:27	,	088462	,	2927	,10.318762,1999.9000,-0.04846246,-197.4254,594887.5000,34.921,605093.0625,1999.9000,
	2026/04/30 11:49:27	,	089462	,	2928	,10.318723,1999.9000,-0.05542028,-197.5292,594887.5000,34.920,605093.0625,1999.9000,
	2026/04/30 11:49:27	,	090462	,	2929	,10.318661,1999.9000,-0.05888659,-197.6157,594887.5000,34.918,605093.0625,1999.9000,
	2026/04/30 11:49:27	,	091462	,	2930	,10.318600,1999.9000,-0.05955779,-197.5883,594887.5000,34.916,605079.6875,1999.9000,
	2026/04/30 11:49:27	,	092462	,	2931	,10.318534,1999.9000,-0.06175419,-197.4660,594889.3750,34.914,604945.0625,1999.9000,
	2026/04/30 11:49:27	,	093462	,	2932	,10.318478,1999.9000,-0.06394742,-197.3642,594902.1875,34.913,604913.9375,1999.9000,
	2026/04/30 11:49:27	,	094462	,	2933	,10.318432,1999.9000,-0.06471630,-197.0803,594985.2500,34.913,604814.6250,1999.9000,
	2026/04/30 11:49:27	,	095462	,	2934	,10.318394,1999.9000,-0.06518266,-196.6448,594999.5625,34.917,604779.2500,1999.9000,
	2026/04/30 11:49:27	,	096462	,	2935	,10.318361,1999.9000,-0.06551827,-196.2818,595186.6875,34.920,604762.8125,1999.9000,
	2026/04/30 11:49:27	,	097462	,	2936	,10.318350,1999.9000,-0.06578642,-195.9794,595482.7500,34.919,604754.6250,1999.9000,
	2026/04/30 11:49:27	,	098462	,	2937	,10.318350,1999.9000,-0.06805657,-196.1253,595485.7500,34.924,604749.6250,1999.9000,
	2026/04/30 11:49:27	,	099462	,	2938	,10.318356,1999.9000,-0.06828974,-196.2468,595486.6875,34.932,604746.3750,1999.9000,
	2026/04/30 11:49:27	,	100462	,	2939	,10.318395,1999.9000,-0.07265099,-196.4476,595487.1875,34.939,604743.6250,1999.9000,
	2026/04/30 11:49:27	,	101462	,	2940	,10.318486,1999.9000,-0.07952058,-196.9133,595487.5000,34.944,604751.1250,1999.9000,
	2026/04/30 11:49:27	,	102462	,	2941	,10.318563,1999.9000,-0.08682504,-197.4009,595487.6875,34.945,604859.8750,1999.9000,
	2026/04/30 11:49:27	,	103462	,	2942	,10.318646,1999.9000,-0.09370723,-198.0062,595401.7500,34.946,604887.9375,1999.9000,
	2026/04/30 11:49:27	,	104462	,	2943	,10.318722,1999.9000,-0.10008524,-198.5106,595379.0625,34.947,604980.6875,1999.9000,
	2026/04/30 11:49:27	,	105462	,	2944	,10.318835,1999.9000,-0.10645696,-198.7319,595362.8125,34.941,605015.7500,1999.9000,
	2026/04/30 11:49:27	,	106462	,	2945	,10.318968,1999.9000,-0.11609960,-198.8169,595214.0625,34.932,605097.8750,1999.9000,
	2026/04/30 11:49:27	,	107462	,	2946	,10.319159,1999.9000,-0.12635987,-198.7883,594956.1250,34.924,605097.8750,1999.9000,
	2026/04/30 11:49:27	,	108462	,	2947	,10.319341,1999.9000,-0.13440801,-198.5655,594850.0000,34.918,605097.8750,1999.9000,
	2026/04/30 11:49:27	,	109462	,	2948	,10.319514,1999.9000,-0.13440801,-198.3798,594850.0000,34.913,605097.8750,1999.9000,
	2026/04/30 11:49:27	,	110462	,	2949	,10.319669,1999.9000,-0.14437836,-198.1256,594850.0000,34.909,605097.8750,1999.9000,
	2026/04/30 11:49:27	,	111462	,	2950	,10.319817,1999.9000,-0.14465567,-197.9138,594850.0000,34.906,605087.4375,1999.9000,
	2026/04/30 11:49:27	,	112462	,	2951	,10.319960,1999.9000,-0.14478171,-197.7373,594850.0000,34.903,604955.9375,1999.9000,
	2026/04/30 11:49:27	,	113462	,	2952	,10.320109,1999.9000,-0.14478171,-197.5901,594933.3750,34.900,604924.1875,1999.9000,
	2026/04/30 11:49:27	,	114462	,	2953	,10.320317,1999.9000,-0.14484474,-197.5670,594950.1250,34.900,604826.6875,1999.9000,
	2026/04/30 11:49:27	,	115462	,	2954	,10.320604,1999.9000,-0.14488256,-197.6473,594964.0000,34.901,604793.4375,1999.9000,
	2026/04/30 11:49:27	,	116462	,	2955	,10.320875,1999.9000,-0.14490776,-197.8136,595096.0625,34.903,604698.6250,1999.9000,
	2026/04/30 11:49:27	,	117462	,	2956	,10.321115,1999.9000,-0.14492875,-198.2506,595366.0000,34.905,604698.6250,1999.9000,
	2026/04/30 11:49:27	,	118462	,	2957	,10.321404,1999.9000,-0.14502820,-198.6148,595537.0000,34.907,604698.6250,1999.9000,
	2026/04/30 11:49:27	,	119462	,	2958	,10.321733,1999.9000,-0.14512473,-198.9182,595537.0000,34.908,604698.6250,1999.9000,
	2026/04/30 11:49:27	,	120462	,	2959	,10.322064,1999.9000,-0.14520516,-199.1711,595537.0000,34.910,604698.6250,1999.9000,
	2026/04/30 11:49:27	,	121462	,	2960	,10.322370,1999.9000,-0.14867030,-199.3819,595537.0000,34.910,604705.0625,1999.9000,
	2026/04/30 11:49:27	,	122462	,	2961	,10.322702,1999.9000,-0.14867030,-199.5575,595537.0000,34.911,604811.5625,1999.9000,
	2026/04/30 11:49:27	,	123462	,	2962	,10.323020,1999.9000,-0.15462606,-199.7039,595435.1250,34.914,604811.5625,1999.9000,
	2026/04/30 11:49:27	,	124462	,	2963	,10.323304,1999.9000,-0.16041163,-199.7264,595412.4375,34.917,604840.5625,1999.9000,
	2026/04/30 11:49:27	,	125462	,	2964	,10.323640,1999.9000,-0.16620982,-199.4467,595397.7500,34.921,604928.6875,1999.9000,
	2026/04/30 11:49:27	,	126462	,	2965	,10.324015,1999.9000,-0.17205213,-199.2136,595296.8750,34.923,604956.8750,1999.9000,
	2026/04/30 11:49:27	,	127462	,	2966	,10.324387,1999.9000,-0.18077461,-199.0194,595068.0625,34.922,605056.1875,1999.9000,
	2026/04/30 11:49:27	,	128462	,	2967	,10.324800,1999.9000,-0.19221343,-198.8576,594806.5000,34.918,605056.1875,1999.9000,
	2026/04/30 11:49:27	,	129462	,	2968	,10.325205,1999.9000,-0.20210817,-198.5237,594806.5000,34.919,605056.1875,1999.9000,
	2026/04/30 11:49:27	,	130462	,	2969	,10.325602,1999.9000,-0.21147349,-198.2455,594806.5000,34.920,605056.1875,1999.9000,
	2026/04/30 11:49:27	,	131462	,	2970	,10.325987,1999.9000,-0.21961617,-198.2127,594806.5000,34.924,605056.1875,1999.9000,
	2026/04/30 11:49:27	,	132462	,	2971	,10.326358,1999.9000,-0.22545849,-198.3842,594806.5000,34.927,605054.2500,1999.9000,
	2026/04/30 11:49:27	,	133462	,	2972	,10.326766,1999.9000,-0.23087224,-198.6266,594920.3750,34.927,604958.9375,1999.9000,
	2026/04/30 11:49:27	,	134462	,	2973	,10.327166,1999.9000,-0.23633640,-198.8287,594949.2500,34.920,604926.3125,1999.9000,
	2026/04/30 11:49:27	,	135462	,	2974	,10.327622,1999.9000,-0.24155477,-198.9970,594964.8125,34.921,604825.4375,1999.9000,
	2026/04/30 11:49:27	,	136462	,	2975	,10.328127,1999.9000,-0.24656515,-199.1373,594984.1250,34.922,604790.4375,1999.9000,
	2026/04/30 11:49:27	,	137462	,	2976	,10.328574,1999.9000,-0.24730568,-199.2543,595259.3125,34.922,604684.1250,1999.9000,
	2026/04/30 11:49:27	,	138462	,	2977	,10.329035,1999.9000,-0.24783613,-199.3517,595553.6250,34.922,604684.1250,1999.9000,
	2026/04/30 11:49:27	,	139462	,	2978	,10.329568,1999.9000,-0.24810450,-199.4329,595553.6250,34.922,604684.1250,1999.9000,
	2026/04/30 11:49:27	,	140462	,	2979	,10.330112,1999.9000,-0.25125411,-199.0032,595553.6250,34.923,604684.1250,1999.9000,
	2026/04/30 11:49:27	,	141462	,	2980	,10.330673,1999.9000,-0.25523093,-198.6451,595553.6250,34.923,604684.1250,1999.9000,
	2026/04/30 11:49:27	,	142462	,	2981	,10.331225,1999.9000,-0.26181692,-198.2472,595553.6250,34.923,604688.4375,1999.9000,
	2026/04/30 11:49:27	,	143462	,	2982	,10.331771,1999.9000,-0.26916552,-197.9156,595455.3750,34.928,604779.5000,1999.9000,
	2026/04/30 11:49:27	,	144462	,	2983	,10.332319,1999.9000,-0.27602878,-197.6393,595424.0625,34.932,604807.9375,1999.9000,
	2026/04/30 11:49:27	,	145462	,	2984	,10.332851,1999.9000,-0.28233117,-197.4091,595404.1250,34.936,604833.3125,1999.9000,
	2026/04/30 11:49:27	,	146462	,	2985	,10.333400,1999.9000,-0.28834364,-197.1177,595384.7500,34.938,604949.8750,1999.9000,
	2026/04/30 11:49:27	,	147462	,	2986	,10.333960,1999.9000,-0.29602623,-197.1177,595157.4375,34.941,604987.2500,1999.9000,
	2026/04/30 11:49:27	,	148462	,	2987	,10.334505,1999.9000,-0.30730119,-196.8749,594884.6250,34.939,605013.0625,1999.9000,
	2026/04/30 11:49:27	,	149462	,	2988	,10.335040,1999.9000,-0.31706360,-196.6726,594884.6250,34.939,605026.0000,1999.9000,
	2026/04/30 11:49:27	,	150462	,	2989	,10.335571,1999.9000,-0.32487223,-196.7029,594884.6250,34.935,605033.7500,1999.9000,
	2026/04/30 11:49:27	,	151462	,	2990	,10.336137,1999.9000,-0.33082798,-197.2256,594884.6250,34.931,605038.9375,1999.9000,
	2026/04/30 11:49:27	,	152462	,	2991	,10.336747,1999.9000,-0.33347499,-197.7606,594884.6250,34.929,605043.2500,1999.9000,
	2026/04/30 11:49:27	,	153462	,	2992	,10.337360,1999.9000,-0.33408001,-198.2064,594887.4375,34.927,605032.7500,1999.9000,
	2026/04/30 11:49:27	,	154462	,	2993	,10.338000,1999.9000,-0.33650643,-198.5779,594971.5625,34.925,604903.3750,1999.9000,
	2026/04/30 11:49:27	,	155462	,	2994	,10.338658,1999.9000,-0.33902737,-198.9870,594982.5625,34.923,604871.3750,1999.9000,
	2026/04/30 11:49:27	,	156462	,	2995	,10.339311,1999.9000,-0.34217227,-199.3279,594991.0625,34.922,604772.3125,1999.9000,
	2026/04/30 11:49:27	,	157462	,	2996	,10.343404,1999.9000,-0.34287181,-199.5126,595164.5625,34.918,604744.5000,1999.9000,
	2026/04/30 11:49:27	,	158462	,	2997	,10.343641,1999.9000,-0.34313023,-199.6664,595458.9375,34.913,604723.3750,1999.9000,
	2026/04/30 11:49:27	,	159462	,	2998	,10.343988,1999.9000,-0.34349576,-199.3967,595475.9375,34.907,604712.8125,1999.9000,
	2026/04/30 11:49:27	,	160462	,	2999	,10.344386,1999.9000,-0.34391803,-199.1720,595481.5625,34.902,604706.4375,1999.9000,
	2026/04/30 11:49:27	,	161462	,	3000	,10.344707,1999.9000,-0.34899774,-198.8852,595484.3750,34.898,604702.1875,1999.9000,
	2026/04/30 11:49:27	,	162462	,	3001	,10.344996,1999.9000,-0.35507953,-198.6463,595486.1250,34.897,604698.6875,1999.9000,
	2026/04/30 11:49:27	,	163462	,	3002	,10.345352,1999.9000,-0.36278102,-198.4471,595487.1875,34.895,604707.3125,1999.9000,
	2026/04/30 11:49:27	,	164462	,	3003	,10.345802,1999.9000,-0.37001616,-198.2812,595402.3125,34.894,604815.1250,1999.9000,
	2026/04/30 11:49:27	,	165462	,	3004	,10.346325,1999.9000,-0.37677231,-197.9440,595384.7500,34.892,604935.9375,1999.9000,
	2026/04/30 11:49:27	,	166462	,	3005	,10.346916,1999.9000,-0.38321966,-197.6629,595373.1250,34.892,604935.9375,1999.9000,
	2026/04/30 11:49:27	,	167462	,	3006	,10.347572,1999.9000,-0.39042330,-197.4287,595252.1875,34.891,604965.8750,1999.9000,
	2026/04/30 11:49:27	,	168462	,	3007	,10.348203,1999.9000,-0.40154070,-197.2336,594985.8750,34.891,605082.7500,1999.9000,
	2026/04/30 11:49:27	,	169462	,	3008	,10.352429,1999.9000,-0.41279042,-197.5683,594850.0000,34.890,605082.7500,1999.9000,
	2026/04/30 11:49:27	,	170462	,	3009	,10.352787,1999.9000,-0.42202339,-197.8472,594850.0000,34.890,605082.7500,1999.9000,
	2026/04/30 11:49:27	,	171462	,	3010	,10.353125,1999.9000,-0.42983836,-198.0797,594850.0000,34.890,605082.7500,1999.9000,
	2026/04/30 11:49:27	,	172462	,	3011	,10.353457,1999.9000,-0.43482354,-198.2734,594850.0000,34.889,605082.7500,1999.9000,
	2026/04/30 11:49:27	,	173462	,	3012	,10.353842,1999.9000,-0.43751466,-197.7385,594850.0000,34.889,605070.9375,1999.9000,
	2026/04/30 11:49:27	,	174462	,	3013	,10.354217,1999.9000,-0.44050199,-197.6907,594937.0000,34.884,604930.5625,1999.9000,
	2026/04/30 11:49:27	,	175462	,	3014	,10.354703,1999.9000,-0.44434017,-197.7503,594952.1875,34.879,604895.5000,1999.9000,
	2026/04/30 11:49:27	,	176462	,	3015	,10.355272,1999.9000,-0.44887787,-197.7999,594963.2500,34.873,604795.8750,1999.9000,
	2026/04/30 11:49:27	,	177462	,	3016	,10.355896,1999.9000,-0.45332733,-197.7419,595088.9375,34.869,604766.0000,1999.9000,
	2026/04/30 11:49:27	,	178462	,	3017	,10.356540,1999.9000,-0.45380947,-197.5940,595371.9375,34.868,604684.1250,1999.9000,
	2026/04/30 11:49:27	,	179462	,	3018	,10.360651,1999.9000,-0.45407942,-197.1723,595536.3750,34.866,604684.1250,1999.9000,
	2026/04/30 11:49:27	,	180462	,	3019	,10.361291,1999.9000,-0.45714027,-196.8210,595536.3750,34.868,604684.1250,1999.9000,
	2026/04/30 11:49:27	,	181462	,	3020	,10.361763,1999.9000,-0.46099102,-196.6276,595536.3750,34.870,604684.1250,1999.9000,
	2026/04/30 11:49:27	,	182462	,	3021	,10.362178,1999.9000,-0.46745095,-196.6655,595536.3750,34.872,604684.1250,1999.9000,
	2026/04/30 11:49:27	,	183462	,	3022	,10.362563,1999.9000,-0.47631213,-196.4980,595536.3750,34.873,604694.1875,1999.9000,
	2026/04/30 11:49:27	,	184462	,	3023	,10.362929,1999.9000,-0.48560810,-196.3585,595426.7500,34.874,604806.7500,1999.9000,
	2026/04/30 11:49:27	,	185462	,	3024	,10.363438,1999.9000,-0.49433059,-196.2423,595402.5625,34.878,604834.1875,1999.9000,
	2026/04/30 11:49:27	,	186462	,	3025	,10.364031,1999.9000,-0.50251746,-196.1454,595387.3750,34.881,604934.7500,1999.9000,
	2026/04/30 11:49:27	,	187462	,	3026	,10.364654,1999.9000,-0.51042056,-196.0646,595296.3125,34.887,604965.5625,1999.9000,
	2026/04/30 11:49:27	,	188462	,	3027	,10.368724,1999.9000,-0.52107161,-196.1963,595075.8125,34.891,605074.3125,1999.9000,
	2026/04/30 11:49:27	,	189462	,	3028	,10.369066,1999.9000,-0.53291380,-196.3060,594819.6250,34.895,605074.3125,1999.9000,
	2026/04/30 11:49:27	,	190462	,	3029	,10.369479,1999.9000,-0.54247451,-196.3974,594819.6250,34.900,605074.3125,1999.9000,
	2026/04/30 11:49:27	,	191462	,	3030	,10.369848,1999.9000,-0.55091339,-196.4736,594819.6250,34.904,605074.3125,1999.9000,
	2026/04/30 11:49:27	,	192462	,	3031	,10.370214,1999.9000,-0.55725354,-196.5371,594819.6250,34.908,605074.3125,1999.9000,
	2026/04/30 11:49:27	,	193462	,	3032	,10.370690,1999.9000,-0.56082070,-196.7890,594819.6250,34.912,605068.6250,1999.9000,
	2026/04/30 11:49:27	,	194462	,	3033	,10.371226,1999.9000,-0.56387109,-197.1978,594927.5000,34.917,604949.8750,1999.9000,
	2026/04/30 11:49:27	,	195462	,	3034	,10.371797,1999.9000,-0.56745714,-197.5385,594960.2500,34.922,604919.3750,1999.9000,
	2026/04/30 11:49:27	,	196462	,	3035	,10.375873,1999.9000,-0.57135201,-197.8224,594977.5000,34.924,604824.8750,1999.9000,
	2026/04/30 11:49:27	,	197462	,	3036	,10.376364,1999.9000,-0.57578260,-198.0590,594996.1250,34.924,604791.9375,1999.9000,
	2026/04/30 11:49:27	,	198462	,	3037	,10.376805,1999.9000,-0.57793796,-198.2562,595275.4375,34.922,604699.1875,1999.9000,
	2026/04/30 11:49:27	,	199462	,	3038	,10.377235,1999.9000,-0.57803565,-198.4205,595566.7500,34.921,604699.1875,1999.9000,
	2026/04/30 11:49:27	,	200462	,	3039	,10.377672,1999.9000,-0.58045262,-198.4579,595566.7500,34.923,604699.1875,1999.9000,
	2026/04/30 11:49:27	,	201462	,	3040	,10.378131,1999.9000,-0.58411431,-198.4891,595566.7500,34.925,604699.1875,1999.9000,
	2026/04/30 11:49:27	,	202462	,	3041	,10.378708,1999.9000,-0.58978015,-198.4156,595566.7500,34.926,604699.1875,1999.9000,
	2026/04/30 11:49:27	,	203462	,	3042	,10.379323,1999.9000,-0.59825051,-198.3544,595566.7500,34.926,604703.3125,1999.9000,
	2026/04/30 11:49:27	,	204462	,	3043	,10.379950,1999.9000,-0.60762846,-198.3034,595475.6250,34.921,604799.4375,1999.9000,
	2026/04/30 11:49:27	,	205462	,	3044	,10.384094,1999.9000,-0.61658418,-198.2609,595441.3750,34.917,604829.3125,1999.9000,
	2026/04/30 11:49:27	,	206462	,	3045	,10.384556,1999.9000,-0.62516171,-198.3249,595417.6250,34.918,604922.6875,1999.9000,
	2026/04/30 11:49:27	,	207462	,	3046	,10.385106,1999.9000,-0.63360059,-198.3783,595398.9375,34.921,604955.3125,1999.9000,
	2026/04/30 11:49:27	,	208462	,	3047	,10.385695,1999.9000,-0.64399326,-198.4228,595184.8750,34.922,605063.4375,1999.9000,
	2026/04/30 11:49:27	,	209462	,	3048	,10.386286,1999.9000,-0.65712738,-198.4598,594909.6250,34.918,605063.4375,1999.9000,
	2026/04/30 11:49:27	,	210462	,	3049	,10.386835,1999.9000,-0.66837710,-198.3912,594905.6875,34.919,605063.4375,1999.9000,
	2026/04/30 11:49:27	,	211462	,	3050	,10.387412,1999.9000,-0.67762905,-198.3341,594904.4375,34.915,605063.4375,1999.9000,
	2026/04/30 11:49:27	,	212462	,	3051	,10.388035,1999.9000,-0.68467504,-198.3859,594903.7500,34.912,605063.4375,1999.9000,
	2026/04/30 11:49:27	,	213462	,	3052	,10.392108,1999.9000,-0.68802798,-198.4291,594903.3750,34.910,605063.2500,1999.9000,
	2026/04/30 11:49:27	,	214462	,	3053	,10.392585,1999.9000,-0.68900794,-198.4651,594903.0625,34.908,605051.3125,1999.9000,
	2026/04/30 11:49:27	,	215462	,	3054	,10.393150,1999.9000,-0.69241440,-198.5946,594914.3125,34.906,604930.5625,1999.9000,
	2026/04/30 11:49:27	,	216462	,	3055	,10.393641,1999.9000,-0.69533241,-198.8020,594926.6250,34.904,604894.6250,1999.9000,
	2026/04/30 11:49:27	,	217462	,	3056	,10.394044,1999.9000,-0.69845212,-199.5716,595007.3125,34.911,604791.0625,1999.9000,
	2026/04/30 11:49:27	,	218462	,	3057	,10.394471,1999.9000,-0.69858128,-200.2130,595171.7500,34.916,604760.2500,1999.9000,
	2026/04/30 11:49:27	,	219462	,	3058	,10.395045,1999.9000,-0.69865799,-200.7475,595469.6250,34.921,604749.0000,1999.9000,
	2026/04/30 11:49:27	,	220462	,	3059	,10.399257,1999.9000,-0.69902557,-201.1929,595489.5625,34.924,604743.3750,1999.9000,
	2026/04/30 11:49:27	,	221462	,	3060	,10.399763,1999.9000,-0.69931304,-201.5640,595496.2500,34.927,604740.0000,1999.9000,
	2026/04/30 11:49:27	,	222462	,	3061	,10.400240,1999.9000,-0.70362633,-201.7739,595499.5625,34.930,604737.6875,1999.9000,
	2026/04/30 11:49:27	,	223462	,	3062	,10.400724,1999.9000,-0.71019346,-201.8493,595501.5625,34.932,604735.8750,1999.9000,
	2026/04/30 11:49:27	,	224462	,	3063	,10.401211,1999.9000,-0.71848106,-201.7132,595502.8750,34.931,604746.2500,1999.9000,
	2026/04/30 11:49:27	,	225462	,	3064	,10.401690,1999.9000,-0.72656065,-201.1023,595415.4375,34.925,604851.3750,1999.9000,
	2026/04/30 11:49:27	,	226462	,	3065	,10.402253,1999.9000,-0.73431265,-200.5933,595399.9375,34.921,604880.1250,1999.9000,
	2026/04/30 11:49:27	,	227462	,	3066	,10.402900,1999.9000,-0.74166751,-200.0697,595386.5000,34.917,604992.7500,1999.9000,
	2026/04/30 11:49:27	,	228462	,	3067	,10.407210,1999.9000,-0.74998039,-199.0365,595244.4375,34.913,605027.1875,1999.9000,
	2026/04/30 11:49:27	,	229462	,	3068	,10.407791,1999.9000,-0.76186031,-198.1755,594984.6250,34.911,605119.5625,1999.9000,
	2026/04/30 11:49:27	,	230462	,	3069	,10.408332,1999.9000,-0.77280122,-197.4579,594851.2500,34.908,605119.5625,1999.9000,
	2026/04/30 11:49:27	,	231462	,	3070	,10.408855,1999.9000,-0.78151113,-196.8600,594851.2500,34.906,605119.5625,1999.9000,
	2026/04/30 11:49:27	,	232462	,	3071	,10.409372,1999.9000,-0.78831142,-196.3617,594851.2500,34.905,605119.5625,1999.9000,
	2026/04/30 11:49:27	,	233462	,	3072	,10.409916,1999.9000,-0.79187226,-196.3444,594851.2500,34.904,605119.5625,1999.9000,
	2026/04/30 11:49:27	,	234462	,	3073	,10.410512,1999.9000,-0.79255921,-196.5289,594851.2500,34.903,605108.5000,1999.9000,
	2026/04/30 11:49:27	,	235462	,	3074	,10.411123,1999.9000,-0.79488474,-196.6827,594945.3750,34.902,604967.3750,1999.9000,
	2026/04/30 11:49:27	,	236462	,	3075	,10.411757,1999.9000,-0.79707801,-196.8108,594963.2500,34.899,604936.2500,1999.9000,
	2026/04/30 11:49:27	,	237462	,	3076	,10.415938,1999.9000,-0.79806119,-196.9176,594972.5625,34.897,604834.5000,1999.9000,
	2026/04/30 11:49:27	,	238462	,	3077	,10.416578,1999.9000,-0.79851705,-197.0065,595092.5000,34.897,604796.8125,1999.9000,
	2026/04/30 11:49:27	,	239462	,	3078	,10.417099,1999.9000,-0.79884899,-196.9812,595361.8125,34.897,604778.5625,1999.9000,
	2026/04/30 11:49:27	,	240462	,	3079	,10.417621,1999.9000,-0.79919314,-196.8606,595508.3750,34.894,604769.4375,1999.9000,
	2026/04/30 11:49:27	,	241462	,	3080	,10.418071,1999.9000,-0.79948032,-196.8596,595508.3750,34.892,604764.0000,1999.9000,
	2026/04/30 11:49:27	,	242462	,	3081	,10.418514,1999.9000,-0.80211997,-196.6598,595508.3750,34.889,604760.3750,1999.9000,
	2026/04/30 11:49:27	,	243462	,	3082	,10.419078,1999.9000,-0.80463463,-196.3939,595508.3750,34.888,604757.3125,1999.9000,
	2026/04/30 11:49:27	,	244462	,	3083	,10.419722,1999.9000,-0.81019330,-196.0728,595508.3750,34.886,604765.5625,1999.9000,
	2026/04/30 11:49:27	,	245462	,	3084	,10.423922,1999.9000,-0.81549358,-195.6062,595410.6875,34.885,604873.1875,1999.9000,
	2026/04/30 11:49:27	,	246462	,	3085	,10.424473,1999.9000,-0.82017624,-195.2175,595390.1250,34.884,604902.8125,1999.9000,
	2026/04/30 11:49:27	,	247462	,	3086	,10.425094,1999.9000,-0.82462573,-195.0924,595378.7500,34.883,604999.3750,1999.9000,
	2026/04/30 11:49:27	,	248462	,	3087	,10.425634,1999.9000,-0.82942808,-194.9882,595378.7500,34.882,605030.5000,1999.9000,
	2026/04/30 11:49:27	,	249462	,	3088	,10.426167,1999.9000,-0.83808130,-194.9014,595295.6875,34.885,605141.9375,1999.9000,
	2026/04/30 11:49:27	,	250462	,	3089	,10.426677,1999.9000,-0.84786260,-194.5306,595078.1875,34.887,605141.9375,1999.9000,
	2026/04/30 11:49:27	,	251462	,	3090	,10.427240,1999.9000,-0.85552627,-194.2216,594805.9375,34.889,605141.9375,1999.9000,
	2026/04/30 11:49:27	,	252462	,	3091	,10.427865,1999.9000,-0.86157656,-194.2626,594805.9375,34.890,605141.9375,1999.9000,
	2026/04/30 11:49:27	,	253462	,	3092	,10.432173,1999.9000,-0.86230457,-194.3961,594805.9375,34.891,605141.9375,1999.9000,
	2026/04/30 11:49:27	,	254462	,	3093	,10.432605,1999.9000,-0.86254722,-194.5075,594805.9375,34.892,605136.5000,1999.9000,
	2026/04/30 11:49:27	,	255462	,	3094	,10.433046,1999.9000,-0.86266851,-194.6002,594805.9375,34.896,605027.8125,1999.9000,
	2026/04/30 11:49:27	,	256462	,	3095	,10.433566,1999.9000,-0.86274129,-194.6775,594909.0000,34.899,604996.0625,1999.9000,
	2026/04/30 11:49:27	,	257462	,	3096	,10.433566,1999.9000,-0.86278987,-195.0404,594935.5000,34.902,604899.7500,1999.9000,
	2026/04/30 11:49:27	,	258462	,	3097	,10.434586,1999.9000,-0.86281872,-195.3428,594948.3125,34.904,604866.8125,1999.9000,
	2026/04/30 11:49:27	,	259462	,	3098	,10.435197,1999.9000,-0.86007029,-196.2910,594965.8750,34.905,604844.7500,1999.9000,
	2026/04/30 11:49:27	,	260462	,	3099	,10.439293,1999.9000,-0.86000413,-197.0813,595243.8125,34.905,604833.7500,1999.9000,
	2026/04/30 11:49:27	,	261462	,	3100	,10.439799,1999.9000,-0.85998213,-197.7398,595525.6250,34.905,604827.1250,1999.9000,
	2026/04/30 11:49:27	,	262462	,	3101	,10.440266,1999.9000,-0.85997105,-198.2886,595525.6250,34.905,604822.7500,1999.9000,
	2026/04/30 11:49:27	,	263462	,	3102	,10.440767,1999.9000,-0.85996443,-198.0496,595525.6250,34.899,604819.1250,1999.9000,
	2026/04/30 11:49:27	,	264462	,	3103	,10.441254,1999.9000,-0.85996002,-197.8504,595525.6250,34.899,604821.6875,1999.9000,
	2026/04/30 11:49:27	,	265462	,	3104	,10.441696,1999.9000,-0.86407864,-197.6845,595525.6250,34.888,604830.5000,1999.9000,
	2026/04/30 11:49:27	,	266462	,	3105	,10.442194,1999.9000,-0.86735588,-197.2477,595445.2500,34.879,604913.6250,1999.9000,
	2026/04/30 11:49:27	,	267462	,	3106	,10.442739,1999.9000,-0.86987686,-196.8838,595411.2500,34.871,604942.6250,1999.9000,
	2026/04/30 11:49:27	,	268462	,	3107	,10.443400,1999.9000,-0.87081897,-196.4810,595389.8125,34.865,605028.4375,1999.9000,
	2026/04/30 11:49:27	,	269462	,	3108	,10.447783,1999.9000,-0.87611616,-196.1454,595372.6875,34.858,605109.9375,1999.9000,
	2026/04/30 11:49:27	,	270462	,	3109	,10.448348,1999.9000,-0.88308662,-195.8657,595158.0625,34.854,605109.9375,1999.9000,
	2026/04/30 11:49:27	,	271462	,	3110	,10.448815,1999.9000,-0.88848776,-195.7321,594883.3750,34.853,605109.9375,1999.9000,
	2026/04/30 11:49:27	,	272462	,	3111	,10.449331,1999.9000,-0.88848776,-195.6207,594883.3750,34.855,605109.9375,1999.9000,
	2026/04/30 11:49:27	,	273462	,	3112	,10.449808,1999.9000,-0.88848776,-195.5280,594883.3750,34.856,605109.9375,1999.9000,
	2026/04/30 11:49:27	,	274462	,	3113	,10.449808,1999.9000,-0.88848776,-195.4507,594883.3750,34.856,605101.5625,1999.9000,
	2026/04/30 11:49:27	,	275462	,	3114	,10.450254,1999.9000,-0.88848776,-195.3862,594883.3750,34.857,605101.5625,1999.9000,
	2026/04/30 11:49:27	,	276462	,	3115	,10.450780,1999.9000,-0.88833964,-195.3325,594883.4375,34.858,604977.0625,1999.9000,
	2026/04/30 11:49:27	,	277462	,	3116	,10.452013,1999.9000,-0.88562018,-195.2878,594895.0000,34.858,604940.8125,1999.9000,
	2026/04/30 11:49:27	,	278462	,	3117	,10.452013,1999.9000,-0.88477874,-195.2505,594981.1250,34.860,604835.1250,1999.9000,
	2026/04/30 11:49:27	,	279462	,	3118	,10.456748,1999.9000,-0.88025689,-195.2194,594992.4375,34.862,604803.0625,1999.9000,
	2026/04/30 11:49:27	,	280462	,	3119	,10.457150,1999.9000,-0.87389767,-195.2930,595162.8125,34.863,604707.6875,1999.9000,
	2026/04/30 11:49:27	,	281462	,	3120	,10.457523,1999.9000,-0.87384725,-195.3543,595446.4375,34.864,604707.6875,1999.9000,
	2026/04/30 11:49:27	,	282462	,	3121	,10.457813,1999.9000,-0.87383050,-195.5049,595467.8750,34.866,604707.6875,1999.9000,
	2026/04/30 11:49:27	,	283462	,	3122	,10.458179,1999.9000,-0.87382209,-195.6304,595475.0000,34.870,604707.6875,1999.9000,
	2026/04/30 11:49:27	,	284462	,	3123	,10.458630,1999.9000,-0.87381709,-195.7349,595478.6250,34.875,604707.6875,1999.9000,
	2026/04/30 11:49:27	,	285462	,	3124	,10.459129,1999.9000,-0.87381369,-196.3194,595480.8125,34.881,604713.6250,1999.9000,
	2026/04/30 11:49:27	,	286462	,	3125	,10.459682,1999.9000,-0.87723172,-196.8065,595482.1875,34.889,604815.1250,1999.9000,
	2026/04/30 11:49:27	,	287462	,	3126	,10.460299,1999.9000,-0.88001108,-197.3119,595399.9375,34.895,604844.5000,1999.9000,
	2026/04/30 11:49:27	,	288462	,	3127	,10.464434,1999.9000,-0.88217908,-197.7331,595381.4375,34.898,604871.1875,1999.9000,
	2026/04/30 11:49:27	,	289462	,	3128	,10.464940,1999.9000,-0.88521051,-198.0840,595369.1250,34.901,604996.3750,1999.9000,
	2026/04/30 11:49:27	,	290462	,	3129	,10.465337,1999.9000,-0.89100873,-198.3765,595220.5625,34.905,605081.5625,1999.9000,
	2026/04/30 11:49:27	,	291462	,	3130	,10.465782,1999.9000,-0.89100873,-198.5207,594953.6875,34.913,605081.5625,1999.9000,
	2026/04/30 11:49:27	,	292462	,	3131	,10.466228,1999.9000,-0.89100873,-198.6409,594848.2500,34.918,605081.5625,1999.9000,
	2026/04/30 11:49:27	,	293462	,	3132	,10.466669,1999.9000,-0.89100873,-198.6416,594848.2500,34.924,605081.5625,1999.9000,
	2026/04/30 11:49:27	,	294462	,	3133	,10.467191,1999.9000,-0.89100873,-198.3438,594848.2500,34.930,605081.5625,1999.9000,
	2026/04/30 11:49:27	,	295462	,	3134	,10.467749,1999.9000,-0.89100873,-197.9961,594848.2500,34.935,605081.3750,1999.9000,
	2026/04/30 11:49:27	,	296462	,	3135	,10.468388,1999.9000,-0.89083642,-197.5074,594848.2500,34.938,605070.5625,1999.9000,
	2026/04/30 11:49:27	,	297462	,	3136	,10.469034,1999.9000,-0.88604242,-197.1002,594937.0000,34.940,604958.9375,1999.9000,
	2026/04/30 11:49:27	,	298462	,	3137	,10.469673,1999.9000,-0.88234919,-196.7608,594952.5000,34.942,604922.3750,1999.9000,
	2026/04/30 11:49:27	,	299462	,	3138	,10.470289,1999.9000,-0.87876946,-196.4781,594961.8125,34.944,604814.0000,1999.9000,
	2026/04/30 11:49:27	,	300462	,	3139	,10.470946,1999.9000,-0.87423176,-196.2424,595074.6250,34.945,604781.0625,1999.9000,
	2026/04/30 11:49:27	,	301462	,	3140	,10.475396,1999.9000,-0.86625296,-196.2449,595342.7500,34.946,604761.0625,1999.9000,
	2026/04/30 11:49:27	,	302462	,	3141	,10.476022,1999.9000,-0.85909343,-196.2471,595517.8750,34.946,604751.0000,1999.9000,
	2026/04/30 11:49:27	,	303462	,	3142	,10.476419,1999.9000,-0.85373008,-195.5526,595517.8750,34.942,604745.0000,1999.9000,
	2026/04/30 11:49:27	,	304462	,	3143	,10.476737,1999.9000,-0.84977221,-195.5706,595517.8750,34.939,604741.0625,1999.9000,
	2026/04/30 11:49:27	,	305462	,	3144	,10.477095,1999.9000,-0.84916717,-195.5856,595517.8750,34.935,604737.6875,1999.9000,
	2026/04/30 11:49:27	,	306462	,	3145	,10.477447,1999.9000,-0.84891093,-195.7971,595517.8750,34.932,604747.0000,1999.9000,
	2026/04/30 11:49:27	,	307462	,	3146	,10.477855,1999.9000,-0.84878278,-195.8739,595405.3125,34.931,604861.6875,1999.9000,
	2026/04/30 11:49:27	,	308462	,	3147	,10.478329,1999.9000,-0.84870595,-195.8384,595378.1875,34.930,604884.9375,1999.9000,
	2026/04/30 11:49:27	,	309462	,	3148	,10.478863,1999.9000,-0.84865463,-195.8088,595364.7500,34.929,604969.2500,1999.9000,
	2026/04/30 11:49:27	,	310462	,	3149	,10.479411,1999.9000,-0.84863919,-195.7842,595273.6875,34.931,605000.8750,1999.9000,
	2026/04/30 11:49:27	,	311462	,	3150	,10.480029,1999.9000,-0.84862638,-195.7636,595056.1875,34.933,605106.2500,1999.9000,
	2026/04/30 11:49:27	,	312462	,	3151	,10.480647,1999.9000,-0.84854847,-195.7465,594798.7500,34.935,605106.2500,1999.9000,
	2026/04/30 11:49:27	,	313462	,	3152	,10.481286,1999.9000,-0.84838372,-195.8317,594798.7500,34.936,605106.2500,1999.9000,
	2026/04/30 11:49:27	,	314462	,	3153	,10.481888,1999.9000,-0.84824640,-196.0022,594798.7500,34.937,605106.2500,1999.9000,
	2026/04/30 11:49:27	,	315462	,	3154	,10.482518,1999.9000,-0.84813201,-196.1443,594798.7500,34.938,605106.2500,1999.9000,
	2026/04/30 11:49:27	,	316462	,	3155	,10.486537,1999.9000,-0.84082282,-196.6606,594798.7500,34.939,605095.0625,1999.9000,
	2026/04/30 11:49:27	,	317462	,	3156	,10.486909,1999.9000,-0.83392805,-197.0908,594909.0000,34.940,604957.6875,1999.9000,
	2026/04/30 11:49:27	,	318462	,	3157	,10.487263,1999.9000,-0.82774538,-197.4493,594928.9375,34.940,604924.5000,1999.9000,
	2026/04/30 11:49:27	,	319462	,	3158	,10.487647,1999.9000,-0.82206690,-197.3502,594942.5625,34.939,604823.0000,1999.9000,
	2026/04/30 11:49:27	,	320462	,	3159	,10.488008,1999.9000,-0.81670994,-197.6655,594960.8750,34.938,604792.8125,1999.9000,
	2026/04/30 11:49:27	,	321462	,	3160	,10.488339,1999.9000,-0.80819541,-198.0277,595236.6875,34.933,604769.8750,1999.9000,
	2026/04/30 11:49:27	,	322462	,	3161	,10.488754,1999.9000,-0.79901284,-198.2301,595538.1875,34.933,604758.4375,1999.9000,
	2026/04/30 11:49:27	,	323462	,	3162	,10.489193,1999.9000,-0.79183447,-198.0008,595538.1875,34.933,604751.5625,1999.9000,
	2026/04/30 11:49:27	,	324462	,	3163	,10.489703,1999.9000,-0.78597325,-197.7103,595538.1875,34.933,604747.0000,1999.9000,
	2026/04/30 11:49:27	,	325462	,	3164	,10.490253,1999.9000,-0.78229898,-197.3688,595538.1875,34.932,604743.1875,1999.9000,
	2026/04/30 11:49:27	,	326462	,	3165	,10.490797,1999.9000,-0.78161830,-196.9846,595538.1875,34.931,604748.4375,1999.9000,
	2026/04/30 11:49:27	,	327462	,	3166	,10.491319,1999.9000,-0.78106576,-196.6646,595434.5000,34.927,604834.5000,1999.9000,
	2026/04/30 11:49:27	,	328462	,	3167	,10.491871,1999.9000,-0.77870023,-196.3978,595398.4375,34.920,604862.5625,1999.9000,
	2026/04/30 11:49:27	,	329462	,	3168	,10.492408,1999.9000,-0.77829689,-196.1755,595378.6875,34.915,604958.3125,1999.9000,
	2026/04/30 11:49:27	,	330462	,	3169	,10.492938,1999.9000,-0.77805746,-195.9903,595363.6875,34.912,604991.5625,1999.9000,
	2026/04/30 11:49:27	,	331462	,	3170	,10.493580,1999.9000,-0.77776438,-195.5375,595152.6875,34.909,605090.5625,1999.9000,
	2026/04/30 11:49:27	,	332462	,	3171	,10.494189,1999.9000,-0.77757096,-195.4586,594873.8750,34.907,605090.5625,1999.9000,
	2026/04/30 11:49:27	,	333462	,	3172	,10.494775,1999.9000,-0.77522767,-195.3928,594871.8125,34.907,605090.5625,1999.9000,
	2026/04/30 11:49:27	,	334462	,	3173	,10.495349,1999.9000,-0.77495980,-195.3380,594871.1250,34.907,605090.5625,1999.9000,
	2026/04/30 11:49:27	,	335462	,	3174	,10.495911,1999.9000,-0.77431589,-195.2924,594870.8125,34.907,605090.5625,1999.9000,
	2026/04/30 11:49:27	,	336462	,	3175	,10.496484,1999.9000,-0.76576781,-195.2543,594870.5625,34.908,605083.3125,1999.9000,
	2026/04/30 11:49:27	,	337462	,	3176	,10.497051,1999.9000,-0.75743610,-195.0237,594870.3750,34.909,604964.9375,1999.9000,
	2026/04/30 11:49:27	,	338462	,	3177	,10.497606,1999.9000,-0.74924296,-194.8315,594881.0000,34.910,604931.1250,1999.9000,
	2026/04/30 11:49:27	,	339462	,	3178	,10.498116,1999.9000,-0.74120748,-194.6713,594962.0000,34.911,604834.5000,1999.9000,
	2026/04/30 11:49:27	,	340462	,	3179	,10.498638,1999.9000,-0.73342395,-194.7368,594976.3750,34.917,604802.2500,1999.9000,
	2026/04/30 11:49:27	,	341462	,	3180	,10.499187,1999.9000,-0.72328347,-194.7913,595152.6875,34.921,604703.4375,1999.9000,
	2026/04/30 11:49:27	,	342462	,	3181	,10.499710,1999.9000,-0.71093076,-194.8368,595458.3125,34.925,604703.4375,1999.9000,
	2026/04/30 11:49:27	,	343462	,	3182	,10.500225,1999.9000,-0.70078397,-194.8746,595469.3125,34.928,604703.4375,1999.9000,
	2026/04/30 11:49:27	,	344462	,	3183	,10.500784,1999.9000,-0.69240183,-195.3041,595473.0625,34.930,604703.4375,1999.9000,
	2026/04/30 11:49:27	,	345462	,	3184	,10.501304,1999.9000,-0.68628848,-195.7615,595474.8750,34.929,604703.4375,1999.9000,
	2026/04/30 11:49:27	,	346462	,	3185	,10.501772,1999.9000,-0.68301123,-196.1426,595476.0000,34.929,604710.0000,1999.9000,
	2026/04/30 11:49:27	,	347462	,	3186	,10.502296,1999.9000,-0.68078017,-196.4602,595476.6875,34.928,604827.8125,1999.9000,
	2026/04/30 11:49:27	,	348462	,	3187	,10.502823,1999.9000,-0.67796934,-196.7249,595463.8125,34.933,604855.9375,1999.9000,
	2026/04/30 11:49:27	,	349462	,	3188	,10.503281,1999.9000,-0.67464167,-196.9455,595363.5625,34.935,604947.4375,1999.9000,
	2026/04/30 11:49:27	,	350462	,	3189	,10.503707,1999.9000,-0.67077833,-197.1293,595353.4375,34.936,604975.2500,1999.9000,
	2026/04/30 11:49:27	,	351462	,	3190	,10.504103,1999.9000,-0.67009765,-196.8845,595240.3125,34.937,605073.0625,1999.9000,
	2026/04/30 11:49:27	,	352462	,	3191	,10.504516,1999.9000,-0.66959983,-196.6806,594981.1250,34.938,605073.0625,1999.9000,
	2026/04/30 11:49:27	,	353462	,	3192	,10.504895,1999.9000,-0.66934764,-196.4112,594838.1250,34.939,605073.0625,1999.9000,
	2026/04/30 11:49:27	,	354462	,	3193	,10.505301,1999.9000,-0.66616499,-196.1867,594838.1250,34.940,605073.0625,1999.9000,
	2026/04/30 11:49:27	,	355462	,	3194	,10.505733,1999.9000,-0.66189200,-196.0990,594838.1250,34.939,605073.0625,1999.9000,
	2026/04/30 11:49:27	,	356462	,	3195	,10.506153,1999.9000,-0.65423459,-196.2250,594838.1250,34.929,605071.2500,1999.9000,
	2026/04/30 11:49:27	,	357462	,	3196	,10.506561,1999.9000,-0.64531672,-196.5289,594838.1250,34.920,604978.2500,1999.9000,
	2026/04/30 11:49:27	,	358462	,	3197	,10.506973,1999.9000,-0.63713628,-196.7821,594926.8750,34.909,604948.3125,1999.9000,
	2026/04/30 11:49:27	,	359462	,	3198	,10.507321,1999.9000,-0.62969941,-196.7942,594947.7500,34.899,604859.2500,1999.9000,
	2026/04/30 11:49:27	,	360462	,	3199	,10.507710,1999.9000,-0.62282985,-196.8043,594959.4375,34.890,604820.8750,1999.9000,
	2026/04/30 11:49:27	,	361462	,	3200	,10.508127,1999.9000,-0.61444771,-197.2105,595077.0000,34.880,604721.5625,1999.9000,
	2026/04/30 11:49:27	,	362462	,	3201	,10.508481,1999.9000,-0.60242903,-197.5491,595352.3125,34.872,604721.5625,1999.9000,
	2026/04/30 11:49:27	,	363462	,	3202	,10.508796,1999.9000,-0.59159523,-198.0302,595528.6250,34.867,604721.5625,1999.9000,
	2026/04/30 11:49:27	,	364462	,	3203	,10.509107,1999.9000,-0.58249462,-198.4311,595528.6250,34.865,604721.5625,1999.9000,
	2026/04/30 11:49:27	,	365462	,	3204	,10.509426,1999.9000,-0.57483089,-198.5663,595528.6250,34.861,604721.5625,1999.9000,
	2026/04/30 11:49:27	,	366462	,	3205	,10.509727,1999.9000,-0.57000959,-198.3804,595528.6250,34.858,604724.5000,1999.9000,
	2026/04/30 11:49:27	,	367462	,	3206	,10.509997,1999.9000,-0.56661260,-198.2256,595528.6250,34.857,604813.3750,1999.9000,
	2026/04/30 11:49:27	,	368462	,	3207	,10.510247,1999.9000,-0.56300759,-198.2955,595425.5625,34.856,604842.9375,1999.9000,
	2026/04/30 11:49:27	,	369462	,	3208	,10.510456,1999.9000,-0.55875355,-198.4533,595399.0625,34.863,604931.7500,1999.9000,
	2026/04/30 11:49:27	,	370462	,	3209	,10.510698,1999.9000,-0.55410242,-198.7837,595383.6250,34.874,604965.2500,1999.9000,
	2026/04/30 11:49:27	,	371462	,	3210	,10.510972,1999.9000,-0.55038399,-199.1585,595295.0625,34.884,605069.5000,1999.9000,
	2026/04/30 11:49:27	,	372462	,	3211	,10.511239,1999.9000,-0.55036193,-199.4708,595081.8125,34.893,605072.7500,1999.9000,
	2026/04/30 11:49:27	,	373462	,	3212	,10.511501,1999.9000,-0.55013609,-199.8306,594816.0625,34.903,605073.8750,1999.9000,
	2026/04/30 11:49:27	,	374462	,	3213	,10.511725,1999.9000,-0.54694289,-200.1304,594816.0625,34.911,605074.4375,1999.9000,
	2026/04/30 11:49:27	,	375462	,	3214	,10.511940,1999.9000,-0.54270768,-200.3802,594816.0625,34.918,605074.7500,1999.9000,
	2026/04/30 11:49:27	,	376462	,	3215	,10.512131,1999.9000,-0.53547251,-200.3802,594816.0625,34.923,605075.0000,1999.9000,
	2026/04/30 11:49:27	,	377462	,	3216	,10.512329,1999.9000,-0.52635932,-200.5795,594816.0625,34.928,605063.1875,1999.9000,
	2026/04/30 11:49:27	,	378462	,	3217	,10.512528,1999.9000,-0.51752335,-200.5795,594896.5000,34.931,604931.7500,1999.9000,
	2026/04/30 11:49:27	,	379462	,	3218	,10.512714,1999.9000,-0.50916010,-200.6550,594921.5000,34.930,604896.7500,1999.9000,
	2026/04/30 11:49:27	,	380462	,	3219	,10.512889,1999.9000,-0.50141454,-200.7179,594937.0000,34.929,604798.2500,1999.9000,
	2026/04/30 11:49:27	,	381462	,	3220	,10.513044,1999.9000,-0.49342304,-200.7704,595022.2500,34.928,604769.5625,1999.9000,
	2026/04/30 11:49:27	,	382462	,	3221	,10.513209,1999.9000,-0.48187709,-200.8141,595250.4375,34.926,604746.3125,1999.9000,
	2026/04/30 11:49:27	,	383462	,	3222	,10.513362,1999.9000,-0.47043830,-200.8505,595539.3750,34.924,604734.6875,1999.9000,
	2026/04/30 11:49:27	,	384462	,	3223	,10.513489,1999.9000,-0.46138179,-200.8808,595539.3750,34.921,604727.6875,1999.9000,
	2026/04/30 11:49:27	,	385462	,	3224	,10.513595,1999.9000,-0.45394495,-200.9272,595539.3750,34.919,604723.0625,1999.9000,
	2026/04/30 11:49:27	,	386462	,	3225	,10.513683,1999.9000,-0.44927490,-200.9272,595539.3750,34.917,604719.1875,1999.9000,
	2026/04/30 11:49:27	,	387462	,	3226	,10.513762,1999.9000,-0.44691151,-200.9447,595539.3750,34.904,604726.8125,1999.9000,
	2026/04/30 11:49:27	,	388462	,	3227	,10.513762,1999.9000,-0.44451657,-200.6609,595444.6250,34.894,604824.2500,1999.9000,
	2026/04/30 11:49:27	,	389462	,	3228	,10.513922,1999.9000,-0.44115743,-200.1260,595416.3750,34.885,604849.0000,1999.9000,
	2026/04/30 11:49:27	,	390462	,	3229	,10.513990,1999.9000,-0.43682772,-199.6803,595398.1875,34.878,604933.5625,1999.9000,
	2026/04/30 11:49:27	,	391462	,	3230	,10.514017,1999.9000,-0.43251684,-199.0104,595381.6250,34.872,604965.8750,1999.9000,
	2026/04/30 11:49:27	,	392462	,	3231	,10.514035,1999.9000,-0.43251684,-198.2532,595171.1875,34.872,605067.0625,1999.9000,
	2026/04/30 11:49:27	,	393462	,	3232	,10.514050,1999.9000,-0.43227738,-197.8211,594886.3750,34.870,605067.0625,1999.9000,
	2026/04/30 11:49:27	,	394462	,	3233	,10.514067,1999.9000,-0.43213874,-197.7595,594886.3750,34.876,605067.0625,1999.9000,
	2026/04/30 11:49:27	,	395462	,	3234	,10.514085,1999.9000,-0.42984465,-197.7082,594886.3750,34.881,605067.0625,1999.9000,
	2026/04/30 11:49:27	,	396462	,	3235	,10.514095,1999.9000,-0.42518720,-197.3670,594886.3750,34.885,605067.0625,1999.9000,
	2026/04/30 11:49:27	,	397462	,	3236	,10.514095,1999.9000,-0.41710755,-197.0826,594886.3750,34.889,605056.8750,1999.9000,
	2026/04/30 11:49:27	,	398462	,	3237	,10.514095,1999.9000,-0.40821487,-196.8457,594887.2500,34.893,604927.5625,1999.9000,
	2026/04/30 11:49:27	,	399462	,	3238	,10.514095,1999.9000,-0.39964998,-196.6482,594897.8125,34.897,604889.4375,1999.9000,
	2026/04/30 11:49:27	,	400462	,	3239	,10.514100,1999.9000,-0.39174676,-196.4837,594909.4375,34.900,604788.6250,1999.9000,
	2026/04/30 11:49:27	,	401462	,	3240	,10.514113,1999.9000,-0.38437930,-196.6450,594997.1875,34.903,604758.4375,1999.9000,
	2026/04/30 11:49:27	,	402462	,	3241	,10.514130,1999.9000,-0.37450978,-196.7794,595165.1875,34.903,604731.5000,1999.9000,
	2026/04/30 11:49:27	,	403462	,	3242	,10.514148,1999.9000,-0.36357516,-196.8914,595456.5625,34.904,604718.0000,1999.9000,
	2026/04/30 11:49:27	,	404462	,	3243	,10.514158,1999.9000,-0.35497871,-197.0842,595471.7500,34.909,604709.8750,1999.9000,
	2026/04/30 11:49:27	,	405462	,	3244	,10.514166,1999.9000,-0.34775615,-197.4438,595476.8125,34.913,604704.5000,1999.9000,
	2026/04/30 11:49:27	,	406462	,	3245	,10.514174,1999.9000,-0.34256929,-197.9425,595479.3750,34.916,604700.0000,1999.9000,
	2026/04/30 11:49:27	,	407462	,	3246	,10.514166,1999.9000,-0.34014916,-198.3580,595480.9375,34.915,604706.4375,1999.9000,
	2026/04/30 11:49:27	,	408462	,	3247	,10.514177,1999.9000,-0.33945277,-198.7043,595481.9375,34.909,604802.5000,1999.9000,
	2026/04/30 11:49:27	,	409462	,	3248	,10.514188,1999.9000,-0.33890763,-198.9928,595469.0625,34.904,604823.6250,1999.9000,
	2026/04/30 11:49:27	,	410462	,	3249	,10.514192,1999.9000,-0.33863503,-199.2333,595367.1875,34.904,604905.7500,1999.9000,
	2026/04/30 11:49:27	,	411462	,	3250	,10.514170,1999.9000,-0.33847150,-199.4337,595356.1250,34.898,604934.1250,1999.9000,
	2026/04/30 11:49:27	,	412462	,	3251	,10.514152,1999.9000,-0.33828056,-199.6007,595237.9375,34.892,605033.2500,1999.9000,
	2026/04/30 11:49:27	,	413462	,	3252	,10.514136,1999.9000,-0.33801004,-199.6404,594971.5625,34.887,605033.2500,1999.9000,
	2026/04/30 11:49:27	,	414462	,	3253	,10.514124,1999.9000,-0.33573121,-199.5740,594861.9375,34.884,605033.2500,1999.9000,
	2026/04/30 11:49:27	,	415462	,	3254	,10.514139,1999.9000,-0.33516717,-199.4192,594861.9375,34.886,605033.2500,1999.9000,
	2026/04/30 11:49:27	,	416462	,	3255	,10.514156,1999.9000,-0.33497915,-199.2902,594861.9375,34.891,605033.2500,1999.9000,
	2026/04/30 11:49:27	,	417462	,	3256	,10.514170,1999.9000,-0.33065781,-199.0832,594861.9375,34.897,605024.0625,1999.9000,
	2026/04/30 11:49:27	,	418462	,	3257	,10.514176,1999.9000,-0.32358024,-199.0102,594861.9375,34.900,604909.4375,1999.9000,
	2026/04/30 11:49:27	,	419462	,	3258	,10.514173,1999.9000,-0.31701317,-198.8499,594954.8750,34.899,604874.9375,1999.9000,
	2026/04/30 11:49:27	,	420462	,	3259	,10.514169,1999.9000,-0.31086835,-198.7163,594975.4375,34.902,604771.6875,1999.9000,
	2026/04/30 11:49:27	,	421462	,	3260	,10.514181,1999.9000,-0.30510166,-198.6049,594985.2500,34.904,604740.8750,1999.9000,
	2026/04/30 11:49:27	,	422462	,	3261	,10.514196,1999.9000,-0.29745686,-198.5122,595091.3125,34.906,604650.8750,1999.9000,
	2026/04/30 11:49:27	,	423462	,	3262	,10.514203,1999.9000,-0.28676176,-198.2359,595360.0625,34.906,604650.8750,1999.9000,
	2026/04/30 11:49:27	,	424462	,	3263	,10.514194,1999.9000,-0.27779976,-197.7073,595553.6250,34.906,604650.8750,1999.9000,
	2026/04/30 11:49:27	,	425462	,	3264	,10.514187,1999.9000,-0.27074108,-197.2667,595553.6250,34.906,604650.8750,1999.9000,
	2026/04/30 11:49:27	,	426462	,	3265	,10.514181,1999.9000,-0.26580000,-196.8996,595553.6250,34.906,604650.8750,1999.9000,
	2026/04/30 11:49:27	,	427462	,	3266	,10.514176,1999.9000,-0.26491138,-196.4942,595553.6250,34.909,604656.8125,1999.9000,
	2026/04/30 11:49:27	,	428462	,	3267	,10.514173,1999.9000,-0.26491138,-196.1564,595553.6250,34.915,604759.0000,1999.9000,
	2026/04/30 11:49:27	,	429462	,	3268	,10.514169,1999.9000,-0.26440406,-195.9743,595437.5000,34.916,604785.5625,1999.9000,
	2026/04/30 11:49:27	,	430462	,	3269	,10.514161,1999.9000,-0.26430255,-195.8226,595408.5625,34.918,604872.5625,1999.9000,
	2026/04/30 11:49:27	,	431462	,	3270	,10.514154,1999.9000,-0.26423493,-195.8951,595390.3750,34.919,604872.5625,1999.9000,
	2026/04/30 11:49:27	,	432462	,	3271	,10.514154,1999.9000,-0.26417854,-196.1545,595302.1875,34.920,604908.8125,1999.9000,
	2026/04/30 11:49:27	,	433462	,	3272	,10.514158,1999.9000,-0.26771593,-196.3707,595090.7500,34.918,605025.3750,1999.9000,
	2026/04/30 11:49:27	,	434462	,	3273	,10.514176,1999.9000,-0.26771593,-196.7498,594811.8750,34.916,605025.3750,1999.9000,
	2026/04/30 11:49:27	,	435462	,	3274	,10.514192,1999.9000,-0.26771593,-196.7672,594811.8750,34.914,605025.3750,1999.9000,
	2026/04/30 11:49:27	,	436462	,	3275	,10.514205,1999.9000,-0.26771593,-196.7818,594811.8750,34.911,605025.3750,1999.9000,
	2026/04/30 11:49:27	,	437462	,	3276	,10.514215,1999.9000,-0.26771593,-196.9929,594811.8750,34.909,605025.3750,1999.9000,
	2026/04/30 11:49:27	,	438462	,	3277	,10.514225,1999.9000,-0.26476014,-196.9698,594811.8750,34.907,605019.2500,1999.9000,
	2026/04/30 11:49:27	,	439462	,	3278	,10.514233,1999.9000,-0.26094088,-197.1496,594918.5000,34.908,604914.8750,1999.9000,
	2026/04/30 11:49:27	,	440462	,	3279	,10.514238,1999.9000,-0.25732961,-197.1004,594945.0000,34.914,604887.3125,1999.9000,
	2026/04/30 11:49:27	,	441462	,	3280	,10.514243,1999.9000,-0.25392005,-197.0594,594958.6250,34.922,604801.9375,1999.9000,
	2026/04/30 11:49:27	,	442462	,	3281	,10.514248,1999.9000,-0.24952097,-196.8264,594978.1875,34.929,604767.4375,1999.9000,
	2026/04/30 11:49:27	,	443462	,	3282	,10.514246,1999.9000,-0.24171233,-196.6321,595264.6875,34.934,604674.4375,1999.9000,
	2026/04/30 11:49:27	,	444462	,	3283	,10.514256,1999.9000,-0.23472930,-196.6692,595560.2500,34.939,604674.4375,1999.9000,
	2026/04/30 11:49:27	,	445462	,	3284	,10.514268,1999.9000,-0.23007812,-196.8990,595560.2500,34.942,604674.4375,1999.9000,
	2026/04/30 11:49:27	,	446462	,	3285	,10.514278,1999.9000,-0.23007812,-196.6927,595560.2500,34.946,604674.4375,1999.9000,
	2026/04/30 11:49:27	,	447462	,	3286	,10.514288,1999.9000,-0.23007812,-196.5207,595560.2500,34.948,604674.4375,1999.9000,
	2026/04/30 11:49:27	,	448462	,	3287	,10.514295,1999.9000,-0.23007812,-196.3774,595560.2500,34.950,604677.0000,1999.9000,
	2026/04/30 11:49:27	,	449462	,	3288	,10.514300,1999.9000,-0.23007812,-196.2580,595472.0625,34.943,604688.6875,1999.9000,
	2026/04/30 11:49:27	,	450462	,	3289	,10.514306,1999.9000,-0.23038168,-196.4569,595435.1875,34.937,604807.9375,1999.9000,
	2026/04/30 11:49:27	,	451462	,	3290	,10.514318,1999.9000,-0.23348773,-196.6227,595412.8750,34.932,604839.9375,1999.9000,
	2026/04/30 11:49:27	,	452462	,	3291	,10.514331,1999.9000,-0.23453392,-196.4624,595393.3125,34.926,604943.8125,1999.9000,
	2026/04/30 11:49:27	,	453462	,	3292	,10.514331,1999.9000,-0.24117662,-196.3288,595164.0000,34.921,604979.1250,1999.9000,
	2026/04/30 11:49:27	,	454462	,	3293	,10.514321,1999.9000,-0.24694960,-196.2175,594891.1250,34.917,604995.9375,1999.9000,
	2026/04/30 11:49:27	,	455462	,	3294	,10.514303,1999.9000,-0.24725842,-196.4231,594890.5625,34.914,605004.3750,1999.9000,
	2026/04/30 11:49:27	,	456462	,	3295	,10.514288,1999.9000,-0.24736136,-196.5945,594890.3750,34.916,605009.4375,1999.9000,
	2026/04/30 11:49:27	,	457462	,	3296	,10.514274,1999.9000,-0.24741283,-196.8368,594890.3125,34.919,605012.8125,1999.9000,
	2026/04/30 11:49:27	,	458462	,	3297	,10.514263,1999.9000,-0.24744371,-197.0387,594890.2500,34.921,605015.6250,1999.9000,
	2026/04/30 11:49:27	,	459462	,	3298	,10.514254,1999.9000,-0.24746430,-197.1075,594890.2500,34.923,605005.8750,1999.9000,
	2026/04/30 11:49:27	,	460462	,	3299	,10.514242,1999.9000,-0.24718735,-197.1648,594901.6250,34.923,604900.3125,1999.9000,
	2026/04/30 11:49:27	,	461462	,	3300	,10.514236,1999.9000,-0.24451059,-197.5110,594988.2500,34.924,604871.6250,1999.9000,
	2026/04/30 11:49:27	,	462462	,	3301	,10.514237,1999.9000,-0.24387719,-197.5011,594997.2500,34.925,604779.5000,1999.9000,
	2026/04/30 11:49:27	,	463462	,	3302	,10.514237,1999.9000,-0.23868719,-197.3933,595167.0000,34.927,604742.7500,1999.9000,
	2026/04/30 11:49:27	,	464462	,	3303	,10.514242,1999.9000,-0.23396039,-197.3035,595469.6250,34.926,604719.5625,1999.9000,
	2026/04/30 11:49:27	,	465462	,	3304	,10.514252,1999.9000,-0.23396039,-197.1293,595491.4375,34.922,604707.9375,1999.9000,
	2026/04/30 11:49:27	,	466462	,	3305	,10.514265,1999.9000,-0.23396039,-196.8845,595498.6875,34.917,604701.0000,1999.9000,
	2026/04/30 11:49:27	,	467462	,	3306	,10.514277,1999.9000,-0.23396039,-196.6806,595502.2500,34.914,604696.3125,1999.9000,
	2026/04/30 11:49:27	,	468462	,	3307	,10.514291,1999.9000,-0.23396039,-196.5107,595504.4375,34.913,604692.4375,1999.9000,
	2026/04/30 11:49:27	,	469462	,	3308	,10.514291,1999.9000,-0.23866828,-196.3690,595505.9375,34.912,604701.0000,1999.9000,
	2026/04/30 11:49:27	,	470462	,	3309	,10.514321,1999.9000,-0.24265139,-196.2510,595412.4375,34.915,604804.8750,1999.9000,
	2026/04/30 11:49:27	,	471462	,	3310	,10.514363,1999.9000,-0.24563871,-195.7548,595391.3750,34.918,604833.2500,1999.9000,
	2026/04/30 11:49:27	,	472462	,	3311	,10.514408,1999.9000,-0.24661557,-195.3412,595379.3125,34.921,604934.1250,1999.9000,
	2026/04/30 11:49:27	,	473462	,	3312	,10.514444,1999.9000,-0.25148100,-195.3945,595245.6875,34.931,604971.0000,1999.9000,
	2026/04/30 11:49:27	,	474462	,	3313	,10.514475,1999.9000,-0.25696409,-195.5384,594990.6250,34.939,605056.1875,1999.9000,
	2026/04/30 11:49:27	,	475462	,	3314	,10.514501,1999.9000,-0.25696725,-195.6583,594879.8125,34.946,605056.1875,1999.9000,
	2026/04/30 11:49:27	,	476462	,	3315	,10.514523,1999.9000,-0.25696829,-195.5592,594879.8125,34.951,605056.1875,1999.9000,
	2026/04/30 11:49:27	,	477462	,	3316	,10.514541,1999.9000,-0.25696883,-195.6757,594879.8125,34.958,605056.1875,1999.9000,
	2026/04/30 11:49:27	,	478462	,	3317	,10.514556,1999.9000,-0.25696912,-195.8721,594879.8125,34.961,605056.1875,1999.9000,
	2026/04/30 11:49:27	,	479462	,	3318	,10.514568,1999.9000,-0.25696933,-196.1354,594879.8125,34.963,605044.1875,1999.9000,
	2026/04/30 11:49:27	,	480462	,	3319	,10.514578,1999.9000,-0.25347885,-196.3547,594892.3125,34.960,604913.6250,1999.9000,
	2026/04/30 11:49:27	,	481462	,	3320	,10.514566,1999.9000,-0.25347885,-196.5375,594993.6250,34.951,604884.3750,1999.9000,
	2026/04/30 11:49:27	,	482462	,	3321	,10.514557,1999.9000,-0.25016382,-196.6898,595002.5625,34.942,604783.8125,1999.9000,
	2026/04/30 11:49:27	,	483462	,	3322	,10.514548,1999.9000,-0.24722691,-196.8167,595105.0000,34.934,604748.4375,1999.9000,
	2026/04/30 11:49:27	,	484462	,	3323	,10.514562,1999.9000,-0.24230474,-196.9225,595377.3125,34.928,604664.1875,1999.9000,
	2026/04/30 11:49:27	,	485462	,	3324	,10.514573,1999.9000,-0.23523349,-197.1102,595522.6875,34.921,604664.1875,1999.9000,
	2026/04/30 11:49:27	,	486462	,	3325	,10.514582,1999.9000,-0.23208231,-197.3660,595522.6875,34.916,604664.1875,1999.9000,
	2026/04/30 11:49:27	,	487462	,	3326	,10.514605,1999.9000,-0.23208231,-197.4797,595522.6875,34.911,604664.1875,1999.9000,
	2026/04/30 11:49:27	,	488462	,	3327	,10.514623,1999.9000,-0.23208231,-197.6740,595522.6875,34.904,604664.1875,1999.9000,
	2026/04/30 11:49:27	,	489462	,	3328	,10.514624,1999.9000,-0.23208231,-198.0348,595522.6875,34.902,604673.3125,1999.9000,
	2026/04/30 11:49:27	,	490462	,	3329	,10.514630,1999.9000,-0.23208231,-198.3354,595423.8125,34.899,604786.1875,1999.9000,
	2026/04/30 11:49:27	,	491462	,	3330	,10.514634,1999.9000,-0.23585111,-198.5860,595399.9375,34.897,604815.1875,1999.9000,
	2026/04/30 11:49:27	,	492462	,	3331	,10.514638,1999.9000,-0.23948759,-198.7948,595387.0000,34.900,604914.2500,1999.9000,
	2026/04/30 11:49:27	,	493462	,	3332	,10.514676,1999.9000,-0.24266398,-198.9688,595367.8125,34.903,604944.1250,1999.9000,
	2026/04/30 11:49:27	,	494462	,	3333	,10.514709,1999.9000,-0.24741597,-199.1138,595090.1250,34.905,605035.0000,1999.9000,
	2026/04/30 11:49:27	,	495462	,	3334	,10.514734,1999.9000,-0.25504819,-198.9362,594811.8750,34.907,605035.0000,1999.9000,
	2026/04/30 11:49:27	,	496462	,	3335	,10.514721,1999.9000,-0.26095349,-199.0867,594811.8750,34.905,605035.0000,1999.9000,
	2026/04/30 11:49:27	,	497462	,	3336	,10.514696,1999.9000,-0.26114255,-198.9136,594811.8750,34.904,605035.0000,1999.9000,
	2026/04/30 11:49:27	,	498462	,	3337	,10.514688,1999.9000,-0.26120558,-198.5704,594811.8750,34.903,605035.0000,1999.9000,
	2026/04/30 11:49:27	,	499462	,	3338	,10.514718,1999.9000,-0.26123708,-198.2845,594811.8750,34.897,605029.0625,1999.9000,
	2026/04/30 11:49:27	,	500462	,	3339	,10.514722,1999.9000,-0.26125601,-198.2451,594926.2500,34.893,604923.8750,1999.9000,
	2026/04/30 11:49:27	,	501462	,	3340	,10.514707,1999.9000,-0.26126862,-198.5107,594955.7500,34.889,604891.0000,1999.9000,
	2026/04/30 11:49:27	,	502462	,	3341	,10.514694,1999.9000,-0.26097557,-198.7321,594968.6250,34.890,604795.2500,1999.9000,
	2026/04/30 11:49:27	,	503462	,	3342	,10.514683,1999.9000,-0.25798506,-198.9165,594984.5000,34.894,604764.4375,1999.9000,
	2026/04/30 11:49:27	,	504462	,	3343	,10.514693,1999.9000,-0.25499144,-199.0703,595263.5625,34.893,604678.1250,1999.9000,
	2026/04/30 11:49:27	,	505462	,	3344	,10.514703,1999.9000,-0.24836765,-199.1983,595558.4375,34.892,604678.1250,1999.9000,
	2026/04/30 11:49:27	,	506462	,	3345	,10.514709,1999.9000,-0.24285935,-199.4046,595558.4375,34.892,604678.1250,1999.9000,
	2026/04/30 11:49:27	,	507462	,	3346	,10.514715,1999.9000,-0.24285935,-199.5764,595558.4375,34.891,604678.1250,1999.9000,
	2026/04/30 11:49:27	,	508462	,	3347	,10.514715,1999.9000,-0.24285935,-199.7196,595558.4375,34.890,604678.1250,1999.9000,
	2026/04/30 11:49:27	,	509462	,	3348	,10.514715,1999.9000,-0.24285935,-199.7395,595558.4375,34.890,604681.0000,1999.9000,
	2026/04/30 11:49:27	,	510462	,	3349	,10.514715,1999.9000,-0.24285935,-199.7561,595465.5000,34.890,604694.1250,1999.9000,
	2026/04/30 11:49:27	,	511462	,	3350	,10.514715,1999.9000,-0.24297176,-199.3720,595431.5000,34.889,604827.2500,1999.9000,
	2026/04/30 11:49:27	,	512462	,	3351	,10.514706,1999.9000,-0.24594122,-199.0519,595409.6250,34.888,604856.3125,1999.9000,
	2026/04/30 11:49:27	,	513462	,	3352	,10.514683,1999.9000,-0.24812815,-198.7851,595390.5625,34.886,604946.2500,1999.9000,
	2026/04/30 11:49:27	,	514462	,	3353	,10.514664,1999.9000,-0.25105876,-198.6623,595175.9375,34.886,604981.0000,1999.9000,
	2026/04/30 11:49:27	,	515462	,	3354	,10.514648,1999.9000,-0.25760692,-198.5600,594895.8750,34.887,604992.5625,1999.9000,
	2026/04/30 11:49:27	,	516462	,	3355	,10.514635,1999.9000,-0.26392192,-198.4747,594889.3750,34.887,604998.3750,1999.9000,
	2026/04/30 11:49:27	,	517462	,	3356	,10.514624,1999.9000,-0.26480108,-198.4037,594887.1875,34.887,605001.8125,1999.9000,
	2026/04/30 11:49:27	,	518462	,	3357	,10.514605,1999.9000,-0.26509413,-198.5434,594886.0625,34.887,605004.1875,1999.9000,
	2026/04/30 11:49:27	,	519462	,	3358	,10.514593,1999.9000,-0.26524067,-198.6598,594885.3750,34.887,605005.3750,1999.9000,
	2026/04/30 11:49:27	,	520462	,	3359	,10.514589,1999.9000,-0.26532862,-198.7568,594884.9375,34.887,604995.0000,1999.9000,
	2026/04/30 11:49:27	,	521462	,	3360	,10.514591,1999.9000,-0.26538721,-198.8377,594895.8125,34.887,604877.3750,1999.9000,
	2026/04/30 11:49:27	,	522462	,	3361	,10.514597,1999.9000,-0.26326647,-198.9051,594978.1250,34.888,604843.3125,1999.9000,
	2026/04/30 11:49:27	,	523462	,	3362	,10.514617,1999.9000,-0.26090938,-198.7623,594993.3125,34.894,604751.1250,1999.9000,
	2026/04/30 11:49:27	,	524462	,	3363	,10.514633,1999.9000,-0.25806701,-198.3449,595167.0000,34.900,604721.1875,1999.9000,
	2026/04/30 11:49:27	,	525462	,	3364	,10.514646,1999.9000,-0.25165749,-197.9970,595460.7500,34.906,604706.2500,1999.9000,
	2026/04/30 11:49:27	,	526462	,	3365	,10.514657,1999.9000,-0.24510300,-198.0056,595486.8750,34.912,604698.7500,1999.9000,
	2026/04/30 11:49:27	,	527462	,	3366	,10.514667,1999.9000,-0.24510300,-197.6148,595495.6250,34.917,604694.2500,1999.9000,
	2026/04/30 11:49:27	,	528462	,	3367	,10.514690,1999.9000,-0.24510300,-197.2892,595500.0000,34.922,604691.2500,1999.9000,
	2026/04/30 11:49:27	,	529462	,	3368	,10.514709,1999.9000,-0.24510300,-196.9183,595502.6250,34.925,604688.8125,1999.9000,
	2026/04/30 11:49:27	,	530462	,	3369	,10.514710,1999.9000,-0.24510300,-196.7087,595504.3750,34.928,604699.0000,1999.9000,
	2026/04/30 11:49:27	,	531462	,	3370	,10.514711,1999.9000,-0.24511667,-196.5341,595423.8125,34.931,604811.5625,1999.9000,
	2026/04/30 11:49:27	,	532462	,	3371	,10.514728,1999.9000,-0.24787605,-196.8859,595406.8750,34.933,604840.8125,1999.9000,
	2026/04/30 11:49:27	,	533462	,	3372	,10.514736,1999.9000,-0.24888128,-197.1791,595392.3750,34.931,604934.7500,1999.9000,
	2026/04/30 11:49:27	,	534462	,	3373	,10.514743,1999.9000,-0.25181505,-197.1250,595261.1250,34.930,604970.3750,1999.9000,
	2026/04/30 11:49:27	,	535462	,	3374	,10.514763,1999.9000,-0.25687584,-197.0800,595007.3125,34.929,604994.1250,1999.9000,
	2026/04/30 11:49:27	,	536462	,	3375	,10.514780,1999.9000,-0.26310891,-197.0424,594869.6875,34.936,605006.0000,1999.9000,
	2026/04/30 11:49:27	,	537462	,	3376	,10.514779,1999.9000,-0.26554790,-197.0111,594869.6875,34.942,605013.1250,1999.9000,
	2026/04/30 11:49:27	,	538462	,	3377	,10.514778,1999.9000,-0.26554790,-197.2834,594869.6875,34.937,605017.8750,1999.9000,
	2026/04/30 11:49:27	,	539462	,	3378	,10.514778,1999.9000,-0.26554790,-197.2120,594869.6875,34.934,605021.8750,1999.9000,
	2026/04/30 11:49:27	,	540462	,	3379	,10.514778,1999.9000,-0.26554790,-197.1524,594869.6875,34.926,605013.3750,1999.9000,
	2026/04/30 11:49:27	,	541462	,	3380	,10.514763,1999.9000,-0.26554790,-197.1028,594955.5000,34.921,604902.7500,1999.9000,
	2026/04/30 11:49:27	,	542462	,	3381	,10.514750,1999.9000,-0.26254797,-197.0614,594978.4375,34.917,604870.7500,1999.9000,
	2026/04/30 11:49:27	,	543462	,	3382	,10.514739,1999.9000,-0.25975603,-197.0270,594990.1875,34.914,604779.5000,1999.9000,
	2026/04/30 11:49:27	,	544462	,	3383	,10.514729,1999.9000,-0.25717208,-197.0977,595102.6250,34.911,604748.1875,1999.9000,
	2026/04/30 11:49:27	,	545462	,	3384	,10.514737,1999.9000,-0.25177094,-197.3556,595380.3125,34.909,604664.1875,1999.9000,
	2026/04/30 11:49:27	,	546462	,	3385	,10.514764,1999.9000,-0.24470596,-197.4711,595548.8750,34.907,604664.1875,1999.9000,
	2026/04/30 11:49:27	,	547462	,	3386	,10.514786,1999.9000,-0.23988463,-197.5672,595548.8750,34.908,604664.1875,1999.9000,
	2026/04/30 11:49:27	,	548462	,	3387	,10.514805,1999.9000,-0.23960418,-197.7469,595548.8750,34.912,604664.1875,1999.9000,
	2026/04/30 11:49:27	,	549462	,	3388	,10.514819,1999.9000,-0.23951069,-197.8966,595548.8750,34.916,604664.1875,1999.9000,
	2026/04/30 11:49:27	,	550462	,	3389	,10.514836,1999.9000,-0.23946396,-198.0214,595548.8750,34.919,604676.2500,1999.9000,
	2026/04/30 11:49:27	,	551462	,	3390	,10.514851,1999.9000,-0.23943590,-198.0258,595444.6250,34.923,604803.6875,1999.9000,
	2026/04/30 11:49:27	,	552462	,	3391	,10.514862,1999.9000,-0.23941720,-198.1291,595416.9375,34.926,604833.2500,1999.9000,
	2026/04/30 11:49:27	,	553462	,	3392	,10.514874,1999.9000,-0.23961277,-198.2151,595401.1250,34.929,604934.7500,1999.9000,
	2026/04/30 11:49:27	,	554462	,	3393	,10.514876,1999.9000,-0.24204005,-198.2867,595308.1875,34.931,604963.1875,1999.9000,
	2026/04/30 11:49:27	,	555462	,	3394	,10.514874,1999.9000,-0.24627526,-198.3465,595087.7500,34.935,604988.0625,1999.9000,
	2026/04/30 11:49:27	,	556462	,	3395	,10.514877,1999.9000,-0.25315747,-198.3963,594832.1250,34.936,605000.5625,1999.9000,
	2026/04/30 11:49:27	,	557462	,	3396	,10.514880,1999.9000,-0.25564688,-198.4377,594832.1250,34.937,605008.0625,1999.9000,
	2026/04/30 11:49:27	,	558462	,	3397	,10.514882,1999.9000,-0.25564688,-198.5718,594832.1250,34.935,605013.0625,1999.9000,
	2026/04/30 11:49:27	,	559462	,	3398	,10.514884,1999.9000,-0.25564688,-198.6835,594832.1250,34.933,605017.1875,1999.9000,
	2026/04/30 11:49:27	,	560462	,	3399	,10.514871,1999.9000,-0.25564688,-198.7766,594832.1250,34.929,605010.6250,1999.9000,
	2026/04/30 11:49:27	,	561462	,	3400	,10.514861,1999.9000,-0.25564688,-198.9536,594935.8125,34.921,604896.1250,1999.9000,
	2026/04/30 11:49:27	,	562462	,	3401	,10.514852,1999.9000,-0.25226250,-199.1011,594962.0000,34.914,604868.8750,1999.9000,
	2026/04/30 11:49:27	,	563462	,	3402	,10.514819,1999.9000,-0.24940753,-199.2241,594975.7500,34.908,604774.6875,1999.9000,
	2026/04/30 11:49:27	,	564462	,	3403	,10.514801,1999.9000,-0.24727102,-199.6250,594994.2500,34.903,604739.3750,1999.9000,
	2026/04/30 11:49:27	,	565462	,	3404	,10.514773,1999.9000,-0.24375431,-199.9590,595272.4375,34.899,604646.6875,1999.9000,
	2026/04/30 11:49:27	,	566462	,	3405	,10.514750,1999.9000,-0.23757797,-199.8395,595569.7500,34.896,604646.6875,1999.9000,
	2026/04/30 11:49:27	,	567462	,	3406	,10.514729,1999.9000,-0.23533432,-199.6405,595569.7500,34.893,604646.6875,1999.9000,
	2026/04/30 11:49:27	,	568462	,	3407	,10.514713,1999.9000,-0.23533432,-199.4746,595569.7500,34.898,604646.6875,1999.9000,
	2026/04/30 11:49:27	,	569462	,	3408	,10.514699,1999.9000,-0.23533432,-199.3363,595569.7500,34.904,604646.6875,1999.9000,
	2026/04/30 11:49:27	,	570462	,	3409	,10.514688,1999.9000,-0.23533432,-199.2211,595569.7500,34.909,604655.0000,1999.9000,
	2026/04/30 11:49:27	,	571462	,	3410	,10.514679,1999.9000,-0.23533432,-198.9262,595569.7500,34.913,604760.8125,1999.9000,
	2026/04/30 11:49:27	,	572462	,	3411	,10.514666,1999.9000,-0.23928592,-198.6804,595466.0625,34.917,604787.0625,1999.9000,
	2026/04/30 11:49:27	,	573462	,	3412	,10.514654,1999.9000,-0.24281524,-198.4756,595432.4375,34.918,604870.7500,1999.9000,
	2026/04/30 11:49:27	,	574462	,	3413	,10.514650,1999.9000,-0.24562611,-198.3049,595409.6250,34.917,604904.0000,1999.9000,
	2026/04/30 11:49:27	,	575462	,	3414	,10.514642,1999.9000,-0.24935082,-198.1626,595390.6875,34.917,605023.5625,1999.9000,
	2026/04/30 11:49:27	,	576462	,	3415	,10.514635,1999.9000,-0.25648510,-198.0441,595171.7500,34.917,605023.5625,1999.9000,
	2026/04/30 11:49:27	,	577462	,	3416	,10.514638,1999.9000,-0.26276857,-198.0448,594897.1250,34.917,605023.5625,1999.9000,
	2026/04/30 11:49:27	,	578462	,	3417	,10.514642,1999.9000,-0.26276857,-198.0454,594897.1250,34.915,605023.5625,1999.9000,
	2026/04/30 11:49:27	,	579462	,	3418	,10.514645,1999.9000,-0.26276857,-198.0459,594897.1250,34.915,605023.5625,1999.9000,
	2026/04/30 11:49:27	,	580462	,	3419	,10.514651,1999.9000,-0.26276857,-198.0463,594897.1250,34.915,605018.0000,1999.9000,
	2026/04/30 11:49:27	,	581462	,	3420	,10.514657,1999.9000,-0.26276857,-198.0466,594897.1250,34.915,604912.4375,1999.9000,
	2026/04/30 11:49:27	,	582462	,	3421	,10.514657,1999.9000,-0.26268980,-198.3453,594899.4375,34.918,604877.0625,1999.9000,
	2026/04/30 11:49:27	,	583462	,	3422	,10.514657,1999.9000,-0.25911319,-198.5942,594983.5000,34.921,604774.6875,1999.9000,
	2026/04/30 11:49:27	,	584462	,	3423	,10.514657,1999.9000,-0.25648510,-198.8017,594991.8750,34.923,604744.5000,1999.9000,
	2026/04/30 11:49:27	,	585462	,	3424	,10.514657,1999.9000,-0.25345367,-199.2729,594997.7500,34.925,604649.0625,1999.9000,
	2026/04/30 11:49:27	,	586462	,	3425	,10.514647,1999.9000,-0.24742228,-199.6657,595168.8125,34.929,604649.0625,1999.9000,
	2026/04/30 11:49:27	,	587462	,	3426	,10.514639,1999.9000,-0.24215348,-199.5951,595481.5625,34.933,604649.0625,1999.9000,
	2026/04/30 11:49:27	,	588462	,	3427	,10.514633,1999.9000,-0.24184783,-199.1383,595495.9375,34.936,604649.0625,1999.9000,
	2026/04/30 11:49:27	,	589462	,	3428	,10.514627,1999.9000,-0.24174593,-198.9566,595500.6875,34.939,604649.0625,1999.9000,
	2026/04/30 11:49:27	,	590462	,	3429	,10.514623,1999.9000,-0.24169499,-199.0042,595503.0625,34.941,604649.0625,1999.9000,
	2026/04/30 11:49:27	,	591462	,	3430	,10.514619,1999.9000,-0.24166442,-199.0438,595504.4375,34.935,604651.8125,1999.9000,
	2026/04/30 11:49:27	,	592462	,	3431	,10.514615,1999.9000,-0.24164405,-198.8779,595505.4375,34.931,604734.2500,1999.9000,
	2026/04/30 11:49:27	,	593462	,	3432	,10.514612,1999.9000,-0.24434042,-198.7396,595423.1875,34.928,604759.3125,1999.9000,
	2026/04/30 11:49:27	,	594462	,	3433	,10.514620,1999.9000,-0.24659036,-198.5249,595405.6250,34.926,604785.3750,1999.9000,
	2026/04/30 11:49:27	,	595462	,	3434	,10.514636,1999.9000,-0.24760506,-198.3460,595391.8125,34.923,604902.1875,1999.9000,
	2026/04/30 11:49:27	,	596462	,	3435	,10.514649,1999.9000,-0.25384441,-198.1969,595260.5625,34.920,604937.1875,1999.9000,
	2026/04/30 11:49:27	,	597462	,	3436	,10.514661,1999.9000,-0.25956067,-198.0727,594998.3750,34.918,604954.3125,1999.9000,
	2026/04/30 11:49:27	,	598462	,	3437	,10.514665,1999.9000,-0.25956067,-197.9691,594862.5000,34.917,604962.8750,1999.9000,
	2026/04/30 11:49:27	,	599462	,	3438	,10.514658,1999.9000,-0.25956067,-197.8829,594862.5000,34.917,604968.0000,1999.9000,
	2026/04/30 11:49:27	,	600462	,	3439	,10.514648,1999.9000,-0.25956067,-197.5125,594862.5000,34.917,604974.2500,1999.9000,
	2026/04/30 11:49:27	,	601462	,	3440	,10.514646,1999.9000,-0.25956067,-197.0050,594862.5000,34.918,604974.2500,1999.9000,
	2026/04/30 11:49:27	,	602462	,	3441	,10.514651,1999.9000,-0.25947663,-196.7810,594862.5000,34.921,604964.8125,1999.9000,
	2026/04/30 11:49:27	,	603462	,	3442	,10.514648,1999.9000,-0.25572252,-196.9922,594949.5000,34.921,604853.8125,1999.9000,
	2026/04/30 11:49:27	,	604462	,	3443	,10.514635,1999.9000,-0.25295579,-197.2677,594971.6250,34.922,604826.6250,1999.9000,
	2026/04/30 11:49:27	,	605462	,	3444	,10.514624,1999.9000,-0.25037810,-197.4973,594983.1250,34.922,604740.2500,1999.9000,
	2026/04/30 11:49:27	,	606462	,	3445	,10.514615,1999.9000,-0.24483201,-197.4973,595103.2500,34.921,604710.9375,1999.9000,
	2026/04/30 11:49:27	,	607462	,	3446	,10.514627,1999.9000,-0.23846030,-197.6886,595374.9375,34.923,604692.9375,1999.9000,
	2026/04/30 11:49:27	,	608462	,	3447	,10.514637,1999.9000,-0.23388477,-197.8480,595566.7500,34.925,604684.0000,1999.9000,
	2026/04/30 11:49:27	,	609462	,	3448	,10.514646,1999.9000,-0.23388477,-198.0803,595566.7500,34.931,604678.5625,1999.9000,
	2026/04/30 11:49:27	,	610462	,	3449	,10.514651,1999.9000,-0.23388477,-198.5724,595566.7500,34.936,604675.0000,1999.9000,
	2026/04/30 11:49:27	,	611462	,	3450	,10.514657,1999.9000,-0.23388477,-198.9824,595566.7500,34.940,604672.0625,1999.9000,
	2026/04/30 11:49:27	,	612462	,	3451	,10.514661,1999.9000,-0.23388477,-199.1251,595566.7500,34.944,604679.5625,1999.9000,
	2026/04/30 11:49:27	,	613462	,	3452	,10.514670,1999.9000,-0.23684689,-199.1608,595433.9375,34.947,604801.0000,1999.9000,
	2026/04/30 11:49:27	,	614462	,	3453	,10.514688,1999.9000,-0.23978379,-199.1608,595433.9375,34.949,604801.0000,1999.9000,
	2026/04/30 11:49:27	,	615462	,	3454	,10.514693,1999.9000,-0.24249384,-199.1743,595418.4375,34.951,604892.4375,1999.9000,
	2026/04/30 11:49:27	,	616462	,	3455	,10.514703,1999.9000,-0.24754833,-199.1856,595323.0625,34.953,604930.8750,1999.9000,
	2026/04/30 11:49:27	,	617462	,	3456	,10.514729,1999.9000,-0.25414062,-199.1950,595106.8125,34.957,605019.3125,1999.9000,
	2026/04/30 11:49:27	,	618462	,	3457	,10.514752,1999.9000,-0.25473619,-199.2028,594839.2500,34.961,605019.3125,1999.9000,
	2026/04/30 11:49:27	,	619462	,	3458	,10.514772,1999.9000,-0.25493470,-199.2094,594839.2500,34.961,605019.3125,1999.9000,
	2026/04/30 11:49:27	,	620462	,	3459	,10.514773,1999.9000,-0.25503397,-199.2148,594839.2500,34.955,605019.3125,1999.9000,
	2026/04/30 11:49:27	,	621462	,	3460	,10.514770,1999.9000,-0.25509354,-199.3188,594839.2500,34.956,605019.3125,1999.9000,
	2026/04/30 11:49:27	,	622462	,	3461	,10.514746,1999.9000,-0.25513324,-199.4055,594839.2500,34.957,605008.3750,1999.9000,
	2026/04/30 11:49:27	,	623462	,	3462	,10.514711,1999.9000,-0.25201672,-199.4777,594950.7500,34.955,604880.3750,1999.9000,
	2026/04/30 11:49:27	,	624462	,	3463	,10.514683,1999.9000,-0.24904831,-199.5379,594973.6875,34.950,604849.0000,1999.9000,
	2026/04/30 11:49:27	,	625462	,	3464	,10.514658,1999.9000,-0.24645802,-199.5880,594985.0625,34.944,604749.3750,1999.9000,
	2026/04/30 11:49:27	,	626462	,	3465	,10.514638,1999.9000,-0.24169971,-199.5304,595003.7500,34.939,604721.2500,1999.9000,
	2026/04/30 11:49:27	,	627462	,	3466	,10.514617,1999.9000,-0.23457804,-199.1839,595287.3125,34.935,604697.0000,1999.9000,
	2026/04/30 11:49:27	,	628462	,	3467	,10.514604,1999.9000,-0.23108651,-198.8951,595577.5000,34.932,604684.8125,1999.9000,
	2026/04/30 11:49:27	,	629462	,	3468	,10.514597,1999.9000,-0.23108651,-198.6545,595577.5000,34.928,604677.5625,1999.9000,
	2026/04/30 11:49:27	,	630462	,	3469	,10.514632,1999.9000,-0.23108651,-198.3545,595577.5000,34.919,604672.6250,1999.9000,
	2026/04/30 11:49:27	,	631462	,	3470	,10.514661,1999.9000,-0.23108651,-198.1045,595577.5000,34.913,604668.6250,1999.9000,
	2026/04/30 11:49:27	,	632462	,	3471	,10.514686,1999.9000,-0.23108651,-197.8962,595577.5000,34.907,604677.3750,1999.9000,
	2026/04/30 11:49:27	,	633462	,	3472	,10.514707,1999.9000,-0.23436373,-197.7226,595470.8750,34.902,604793.4375,1999.9000,
	2026/04/30 11:49:27	,	634462	,	3473	,10.514722,1999.9000,-0.23733847,-197.5779,595439.3125,34.898,604818.1875,1999.9000,
	2026/04/30 11:49:27	,	635462	,	3474	,10.514736,1999.9000,-0.23997918,-197.1590,595418.2500,34.895,604844.5625,1999.9000,
	2026/04/30 11:49:27	,	636462	,	3475	,10.514749,1999.9000,-0.24432781,-196.8098,595401.9375,34.897,604967.3750,1999.9000,
	2026/04/30 11:49:27	,	637462	,	3476	,10.514764,1999.9000,-0.25177094,-196.5188,595209.3125,34.899,605007.5625,1999.9000,
	2026/04/30 11:49:27	,	638462	,	3477	,10.514771,1999.9000,-0.25665528,-196.1769,594923.2500,34.897,605020.9375,1999.9000,
	2026/04/30 11:49:27	,	639462	,	3478	,10.514777,1999.9000,-0.25665528,-195.9914,594915.8125,34.898,605027.6250,1999.9000,
	2026/04/30 11:49:27	,	640462	,	3479	,10.514782,1999.9000,-0.25665528,-195.9363,594913.3125,34.900,605031.6250,1999.9000,
	2026/04/30 11:49:27	,	641462	,	3480	,10.514786,1999.9000,-0.25665528,-195.8904,594912.1250,34.902,605034.3125,1999.9000,
	2026/04/30 11:49:27	,	642462	,	3481	,10.514785,1999.9000,-0.25665528,-196.3177,594910.8750,34.904,604907.0000,1999.9000,
	2026/04/30 11:49:27	,	643462	,	3482	,10.514783,1999.9000,-0.25308812,-196.3177,594910.8750,34.906,604907.0000,1999.9000,
	2026/04/30 11:49:27	,	644462	,	3483	,10.514782,1999.9000,-0.25021425,-196.7056,594919.6875,34.908,604879.8125,1999.9000,
	2026/04/30 11:49:27	,	645462	,	3484	,10.514782,1999.9000,-0.24920586,-197.0288,594929.1875,34.908,604783.8125,1999.9000,
	2026/04/30 11:49:27	,	646462	,	3485	,10.514775,1999.9000,-0.24556939,-197.2982,594941.0625,34.908,604753.8750,1999.9000,
	2026/04/30 11:49:27	,	647462	,	3486	,10.514771,1999.9000,-0.23970187,-197.5227,595162.8125,34.907,604662.9375,1999.9000,
	2026/04/30 11:49:27	,	648462	,	3487	,10.514767,1999.9000,-0.23733847,-197.6103,595460.7500,34.907,604662.9375,1999.9000,
	2026/04/30 11:49:27	,	649462	,	3488	,10.514763,1999.9000,-0.23733847,-197.3849,595481.3125,34.907,604662.9375,1999.9000,
	2026/04/30 11:49:27	,	650462	,	3489	,10.514771,1999.9000,-0.23733847,-196.9981,595488.1875,34.905,604662.9375,1999.9000,
	2026/04/30 11:49:27	,	651462	,	3490	,10.514776,1999.9000,-0.23733847,-196.6758,595491.5625,34.904,604662.9375,1999.9000,
	2026/04/30 11:49:27	,	652462	,	3491	,10.514782,1999.9000,-0.23733847,-196.4071,595493.6875,34.904,604669.8125,1999.9000,
	2026/04/30 11:49:27	,	653462	,	3492	,10.514786,1999.9000,-0.24089301,-196.1833,595495.0000,34.905,604774.0625,1999.9000,
	2026/04/30 11:49:27	,	654462	,	3493	,10.514790,1999.9000,-0.24397488,-196.1957,595481.8125,34.894,604797.9375,1999.9000,
	2026/04/30 11:49:27	,	655462	,	3494	,10.514792,1999.9000,-0.24685508,-196.2060,595383.2500,34.886,604824.4375,1999.9000,
	2026/04/30 11:49:27	,	656462	,	3495	,10.514774,1999.9000,-0.25043482,-196.2147,595374.6250,34.886,604935.3750,1999.9000,
	2026/04/30 11:49:27	,	657462	,	3496	,10.514759,1999.9000,-0.25760064,-196.2218,595256.9375,34.888,604970.6875,1999.9000,
	2026/04/30 11:49:27	,	658462	,	3497	,10.514732,1999.9000,-0.26438829,-196.3273,595007.8750,34.889,604986.7500,1999.9000,
	2026/04/30 11:49:27	,	659462	,	3498	,10.514706,1999.9000,-0.26454270,-196.8131,594879.8125,34.894,604994.6875,1999.9000,
	2026/04/30 11:49:27	,	660462	,	3499	,10.514678,1999.9000,-0.26459417,-197.4168,594879.8125,34.894,604999.5000,1999.9000,
	2026/04/30 11:49:27	,	661462	,	3500	,10.514649,1999.9000,-0.26461992,-197.4226,594879.8125,34.895,605002.7500,1999.9000,
	2026/04/30 11:49:27	,	662462	,	3501	,10.514649,1999.9000,-0.26463532,-197.4274,594879.8125,34.895,605005.3750,1999.9000,
	2026/04/30 11:49:27	,	663462	,	3502	,10.514627,1999.9000,-0.26464564,-197.4314,594879.8125,34.895,604993.6250,1999.9000,
	2026/04/30 11:49:27	,	664462	,	3503	,10.514606,1999.9000,-0.26239043,-197.2358,594962.6250,34.896,604865.3125,1999.9000,
	2026/04/30 11:49:27	,	665462	,	3504	,10.514590,1999.9000,-0.26158059,-197.1723,594978.6875,34.899,604836.6250,1999.9000,
	2026/04/30 11:49:27	,	666462	,	3505	,10.514577,1999.9000,-0.25872877,-197.2188,594989.4375,34.902,604753.0000,1999.9000,
	2026/04/30 11:49:27	,	667462	,	3506	,10.514565,1999.9000,-0.25872877,-197.2576,595097.8750,34.901,604721.5625,1999.9000,
	2026/04/30 11:49:27	,	668462	,	3507	,10.514562,1999.9000,-0.25263435,-197.1904,595374.3125,34.896,604708.6875,1999.9000,
	2026/04/30 11:49:27	,	669462	,	3508	,10.514558,1999.9000,-0.24578996,-197.0350,595548.3125,34.891,604702.2500,1999.9000,
	2026/04/30 11:49:27	,	670462	,	3509	,10.514554,1999.9000,-0.24077958,-196.8059,595548.3125,34.889,604698.4375,1999.9000,
	2026/04/30 11:49:27	,	671462	,	3510	,10.514551,1999.9000,-0.24077958,-196.7146,595548.3125,34.895,604695.8750,1999.9000,
	2026/04/30 11:49:27	,	672462	,	3511	,10.514569,1999.9000,-0.24077958,-196.7379,595548.3125,34.900,604693.6875,1999.9000,
	2026/04/30 11:49:27	,	673462	,	3512	,10.514584,1999.9000,-0.24077958,-196.7574,595548.3125,34.901,604703.5625,1999.9000,
	2026/04/30 11:49:27	,	674462	,	3513	,10.514596,1999.9000,-0.24077958,-196.6741,595444.0625,34.902,604812.7500,1999.9000,
	2026/04/30 11:49:27	,	675462	,	3514	,10.514602,1999.9000,-0.24101695,-196.6047,595419.3125,34.903,604839.5625,1999.9000,
	2026/04/30 11:49:27	,	676462	,	3515	,10.514591,1999.9000,-0.24346438,-196.5469,595401.7500,34.906,604934.1250,1999.9000,
	2026/04/30 11:49:27	,	677462	,	3516	,10.514582,1999.9000,-0.24400324,-196.2997,595302.8125,34.912,605017.5000,1999.9000,
	2026/04/30 11:49:27	,	678462	,	3517	,10.514575,1999.9000,-0.24887814,-196.2928,595090.1250,34.918,605029.8750,1999.9000,
	2026/04/30 11:49:27	,	679462	,	3518	,10.514569,1999.9000,-0.25436750,-196.2869,594825.0000,34.925,605034.0625,1999.9000,
	2026/04/30 11:49:27	,	680462	,	3519	,10.514574,1999.9000,-0.25436750,-196.0831,594825.0000,34.931,605036.0625,1999.9000,
	2026/04/30 11:49:27	,	681462	,	3520	,10.514578,1999.9000,-0.25436750,-195.9133,594825.0000,34.936,605037.3125,1999.9000,
	2026/04/30 11:49:27	,	682462	,	3521	,10.514582,1999.9000,-0.25436750,-195.7717,594825.0000,34.940,605038.1250,1999.9000,
	2026/04/30 11:49:27	,	683462	,	3522	,10.514600,1999.9000,-0.25436750,-195.6538,594825.0000,34.942,605027.4375,1999.9000,
	2026/04/30 11:49:27	,	684462	,	3523	,10.514614,1999.9000,-0.25187805,-195.5555,594931.0000,34.938,604896.1250,1999.9000,
	2026/04/30 11:49:27	,	685462	,	3524	,10.514627,1999.9000,-0.24896637,-195.4736,594958.1875,34.934,604864.4375,1999.9000,
	2026/04/30 11:49:27	,	686462	,	3525	,10.514636,1999.9000,-0.24663448,-195.8033,594971.3750,34.931,604757.8125,1999.9000,
	2026/04/30 11:49:27	,	687462	,	3526	,10.514645,1999.9000,-0.24558198,-195.9785,595051.3750,34.934,604727.0000,1999.9000,
	2026/04/30 11:49:27	,	688462	,	3527	,10.514651,1999.9000,-0.23995396,-196.4229,595267.6875,34.931,604715.3125,1999.9000,
	2026/04/30 11:49:27	,	689462	,	3528	,10.514663,1999.9000,-0.23388477,-197.0917,595551.8750,34.929,604709.4375,1999.9000,
	2026/04/30 11:49:27	,	690462	,	3529	,10.514672,1999.9000,-0.23298667,-197.6490,595551.8750,34.923,604705.9375,1999.9000,
	2026/04/30 11:49:27	,	691462	,	3530	,10.514668,1999.9000,-0.23268732,-198.1135,595551.8750,34.919,604703.5625,1999.9000,
	2026/04/30 11:49:27	,	692462	,	3531	,10.514663,1999.9000,-0.23253764,-198.3016,595551.8750,34.926,604701.6250,1999.9000,
	2026/04/30 11:49:27	,	693462	,	3532	,10.514657,1999.9000,-0.23244783,-198.3588,595551.8750,34.935,604709.3125,1999.9000,
	2026/04/30 11:49:27	,	694462	,	3533	,10.514632,1999.9000,-0.23238796,-198.3071,595539.0625,34.944,604802.5000,1999.9000,
	2026/04/30 11:49:27	,	695462	,	3534	,10.514611,1999.9000,-0.23552969,-198.0650,595397.5625,34.950,604835.3750,1999.9000,
	2026/04/30 11:49:27	,	696462	,	3535	,10.514594,1999.9000,-0.23880693,-197.8633,595380.8750,34.943,604929.9375,1999.9000,
	2026/04/30 11:49:27	,	697462	,	3536	,10.514575,1999.9000,-0.24193291,-197.4962,595364.5625,34.937,604958.6250,1999.9000,
	2026/04/30 11:49:27	,	698462	,	3537	,10.514548,1999.9000,-0.24726473,-197.1903,595179.5000,34.932,605052.0000,1999.9000,
	2026/04/30 11:49:27	,	699462	,	3538	,10.514536,1999.9000,-0.25510487,-196.9354,594901.2500,34.935,605052.0000,1999.9000,
	2026/04/30 11:49:27	,	700462	,	3539	,10.514531,1999.9000,-0.26088417,-196.7230,594898.8750,34.938,605052.0000,1999.9000,
	2026/04/30 11:49:27	,	701462	,	3540	,10.514543,1999.9000,-0.26088417,-196.5460,594898.0625,34.933,605052.0000,1999.9000,
	2026/04/30 11:49:27	,	702462	,	3541	,10.514551,1999.9000,-0.26088417,-196.7964,594897.6250,34.928,605052.0000,1999.9000,
	2026/04/30 11:49:27	,	703462	,	3542	,10.514569,1999.9000,-0.26088417,-197.3035,594897.4375,34.925,605040.8750,1999.9000,
	2026/04/30 11:49:27	,	704462	,	3543	,10.514584,1999.9000,-0.26088417,-198.1239,594897.2500,34.921,604918.4375,1999.9000,
	2026/04/30 11:49:27	,	705462	,	3544	,10.514596,1999.9000,-0.25855228,-198.8076,594909.1250,34.917,604887.9375,1999.9000,
	2026/04/30 11:49:27	,	706462	,	3545	,10.514606,1999.9000,-0.25625190,-199.4769,595004.9375,34.912,604794.6250,1999.9000,
	2026/04/30 11:49:27	,	707462	,	3546	,10.514619,1999.9000,-0.25542632,-200.0345,595014.1875,34.907,604762.2500,1999.9000,
	2026/04/30 11:49:27	,	708462	,	3547	,10.514630,1999.9000,-0.25157556,-200.3998,595174.1250,34.902,604739.4375,1999.9000,
	2026/04/30 11:49:27	,	709462	,	3548	,10.514645,1999.9000,-0.24573323,-200.6047,595473.2500,34.898,604728.0000,1999.9000,
	2026/04/30 11:49:27	,	710462	,	3549	,10.514657,1999.9000,-0.24573323,-200.4771,595487.8750,34.895,604721.1875,1999.9000,
	2026/04/30 11:49:27	,	711462	,	3550	,10.514667,1999.9000,-0.24573323,-200.3707,595492.6875,34.892,604716.6250,1999.9000,
	2026/04/30 11:49:27	,	712462	,	3551	,10.514675,1999.9000,-0.24573323,-199.9836,595495.1250,34.890,604712.8750,1999.9000,
	2026/04/30 11:49:27	,	713462	,	3552	,10.514682,1999.9000,-0.24573323,-199.4621,595496.6250,34.888,604719.9375,1999.9000,
	2026/04/30 11:49:27	,	714462	,	3553	,10.514688,1999.9000,-0.24587505,-198.8286,595497.5625,34.888,604813.3750,1999.9000,
	2026/04/30 11:49:27	,	715462	,	3554	,10.514697,1999.9000,-0.24959660,-198.1017,595485.0000,34.888,604834.7500,1999.9000,
	2026/04/30 11:49:27	,	716462	,	3555	,10.514710,1999.9000,-0.25060183,-197.4960,595380.3125,34.888,604861.3125,1999.9000,
	2026/04/30 11:49:27	,	717462	,	3556	,10.514721,1999.9000,-0.25122890,-197.1901,595369.2500,34.883,604982.4375,1999.9000,
	2026/04/30 11:49:27	,	718462	,	3557	,10.514721,1999.9000,-0.25399566,-196.9353,595258.6875,34.880,605065.8125,1999.9000,
	2026/04/30 11:49:27	,	719462	,	3558	,10.514714,1999.9000,-0.25881067,-196.7229,595005.5000,34.876,605065.8125,1999.9000,
	2026/04/30 11:49:27	,	720462	,	3559	,10.514709,1999.9000,-0.25881067,-196.5459,594856.5625,34.874,605065.8125,1999.9000,
	2026/04/30 11:49:27	,	721462	,	3560	,10.514721,1999.9000,-0.25881067,-196.3984,594856.5625,34.873,605065.8125,1999.9000,
	2026/04/30 11:49:27	,	722462	,	3561	,10.514734,1999.9000,-0.25881067,-196.6734,594856.5625,34.875,605065.8125,1999.9000,
	2026/04/30 11:49:27	,	723462	,	3562	,10.514747,1999.9000,-0.25881067,-197.0020,594856.5625,34.879,605056.3125,1999.9000,
	2026/04/30 11:49:27	,	724462	,	3563	,10.514736,1999.9000,-0.25867623,-197.2758,594856.5625,34.884,604936.5625,1999.9000,
	2026/04/30 11:49:27	,	725462	,	3564	,10.514704,1999.9000,-0.25364274,-197.5041,594940.0000,34.892,604903.3750,1999.9000,
	2026/04/30 11:49:27	,	726462	,	3565	,10.514676,1999.9000,-0.25002515,-197.6942,594961.1250,34.899,604801.9375,1999.9000,
	2026/04/30 11:49:27	,	727462	,	3566	,10.514648,1999.9000,-0.24721430,-197.8527,594976.7500,34.905,604769.3125,1999.9000,
	2026/04/30 11:49:27	,	728462	,	3567	,10.514630,1999.9000,-0.24405050,-197.9848,595107.4375,34.910,604687.7500,1999.9000,
	2026/04/30 11:49:27	,	729462	,	3568	,10.514620,1999.9000,-0.23741409,-198.0948,595376.1250,34.915,604687.7500,1999.9000,
	2026/04/30 11:49:27	,	730462	,	3569	,10.514611,1999.9000,-0.23129450,-198.1866,595559.0000,34.918,604687.7500,1999.9000,
	2026/04/30 11:49:27	,	731462	,	3570	,10.514605,1999.9000,-0.23110856,-198.1635,595559.0000,34.921,604687.7500,1999.9000,
	2026/04/30 11:49:27	,	732462	,	3571	,10.514614,1999.9000,-0.23104659,-197.7464,595559.0000,34.920,604687.7500,1999.9000,
	2026/04/30 11:49:27	,	733462	,	3572	,10.514642,1999.9000,-0.23101559,-197.3988,595559.0000,34.919,604694.0625,1999.9000,
	2026/04/30 11:49:27	,	734462	,	3573	,10.514664,1999.9000,-0.23099700,-197.5071,595559.0000,34.915,604802.5000,1999.9000,
	2026/04/30 11:49:27	,	735462	,	3574	,10.514683,1999.9000,-0.23098461,-197.5973,595458.3125,34.912,604832.6875,1999.9000,
	2026/04/30 11:49:27	,	736462	,	3575	,10.514698,1999.9000,-0.23361377,-197.3740,595430.0625,34.905,604924.5000,1999.9000,
	2026/04/30 11:49:27	,	737462	,	3576	,10.514701,1999.9000,-0.23602128,-197.1880,595414.5000,34.899,604956.8750,1999.9000,
	2026/04/30 11:49:27	,	738462	,	3577	,10.514698,1999.9000,-0.23890777,-197.0330,595324.3125,34.894,605058.0000,1999.9000,
	2026/04/30 11:49:27	,	739462	,	3578	,10.514691,1999.9000,-0.24554418,-196.8043,595113.9375,34.890,605058.0000,1999.9000,
	2026/04/30 11:49:27	,	740462	,	3579	,10.514676,1999.9000,-0.25267848,-196.6137,594838.1250,34.888,605058.0000,1999.9000,
	2026/04/30 11:49:27	,	741462	,	3580	,10.514664,1999.9000,-0.25652289,-196.5544,594838.1250,34.890,605058.0000,1999.9000,
	2026/04/30 11:49:27	,	742462	,	3581	,10.514653,1999.9000,-0.25652289,-197.0023,594838.1250,34.891,605058.0000,1999.9000,
	2026/04/30 11:49:27	,	743462	,	3582	,10.514658,1999.9000,-0.25652289,-197.3756,594838.1250,34.894,605057.1250,1999.9000,
	2026/04/30 11:49:27	,	744462	,	3583	,10.514663,1999.9000,-0.25652289,-197.6867,594838.1250,34.896,605057.1250,1999.9000,
	2026/04/30 11:49:27	,	745462	,	3584	,10.514652,1999.9000,-0.25652289,-197.9459,594946.5000,34.897,605044.7500,1999.9000,
	2026/04/30 11:49:27	,	746462	,	3585	,10.514633,1999.9000,-0.25407130,-197.8635,594970.0625,34.899,604913.6250,1999.9000,
	2026/04/30 11:49:27	,	747462	,	3586	,10.514617,1999.9000,-0.25314799,-198.0932,594983.2500,34.900,604882.2500,1999.9000,
	2026/04/30 11:49:27	,	748462	,	3587	,10.514614,1999.9000,-0.25027093,-198.3842,595002.8125,34.901,604793.4375,1999.9000,
	2026/04/30 11:49:27	,	749462	,	3588	,10.514630,1999.9000,-0.24472485,-198.7261,595275.4375,34.902,604768.6875,1999.9000,
	2026/04/30 11:49:27	,	750462	,	3589	,10.514650,1999.9000,-0.23776703,-198.8121,595565.0000,34.903,604759.8750,1999.9000,
	2026/04/30 11:49:27	,	751462	,	3590	,10.514632,1999.9000,-0.23339948,-198.8837,595565.0000,34.905,604755.4375,1999.9000,
	2026/04/30 11:49:27	,	752462	,	3591	,10.514611,1999.9000,-0.23339948,-198.7445,595565.0000,34.907,604752.7500,1999.9000,
	2026/04/30 11:49:27	,	753462	,	3592	,10.514594,1999.9000,-0.23339948,-198.8274,595565.0000,34.908,604750.9375,1999.9000,
	2026/04/30 11:49:27	,	754462	,	3593	,10.514600,1999.9000,-0.23339948,-199.0954,595565.0000,34.909,604749.5000,1999.9000,
	2026/04/30 11:49:27	,	755462	,	3594	,10.514630,1999.9000,-0.23339948,-199.4183,595461.3125,34.910,604759.0000,1999.9000,
	2026/04/30 11:49:27	,	756462	,	3595	,10.514675,1999.9000,-0.23575026,-199.5878,595431.8750,34.911,604865.9375,1999.9000,
	2026/04/30 11:49:27	,	757462	,	3596	,10.514691,1999.9000,-0.23680277,-199.5302,595412.6250,34.912,604898.0000,1999.9000,
	2026/04/30 11:49:27	,	758462	,	3597	,10.514696,1999.9000,-0.23980270,-199.4822,595395.0000,34.914,604993.9375,1999.9000,
	2026/04/30 11:49:27	,	759462	,	3598	,10.514699,1999.9000,-0.24463032,-199.6411,595191.4375,34.914,605027.8125,1999.9000,
	2026/04/30 11:49:27	,	760462	,	3599	,10.514703,1999.9000,-0.25167009,-199.7735,594911.3750,34.913,605054.5625,1999.9000,
	2026/04/30 11:49:27	,	761462	,	3600	,10.514714,1999.9000,-0.25685063,-199.8839,594899.7500,34.912,605067.9375,1999.9000,
	2026/04/30 11:49:27	,	762462	,	3601	,10.514725,1999.9000,-0.25699875,-199.9758,594895.8750,34.911,605076.0000,1999.9000,
	2026/04/30 11:49:27	,	763462	,	3602	,10.514729,1999.9000,-0.25704810,-200.0525,594893.9375,34.910,605081.3125,1999.9000,
	2026/04/30 11:49:27	,	764462	,	3603	,10.514727,1999.9000,-0.25707281,-200.1163,594892.7500,34.909,605085.7500,1999.9000,
	2026/04/30 11:49:27	,	765462	,	3604	,10.514725,1999.9000,-0.25708759,-200.2690,594892.0000,34.909,605077.6875,1999.9000,
	2026/04/30 11:49:27	,	766462	,	3605	,10.514724,1999.9000,-0.25709748,-200.3963,594903.8750,34.908,604961.3750,1999.9000,
	2026/04/30 11:49:27	,	767462	,	3606	,10.514722,1999.9000,-0.25687253,-200.5023,594991.8125,34.908,604928.7500,1999.9000,
	2026/04/30 11:49:27	,	768462	,	3607	,10.514721,1999.9000,-0.25451878,-200.5907,594998.9375,34.908,604830.8750,1999.9000,
	2026/04/30 11:49:27	,	769462	,	3608	,10.514711,1999.9000,-0.25090751,-200.6643,595140.1875,34.908,604794.9375,1999.9000,
	2026/04/30 11:49:27	,	770462	,	3609	,10.514703,1999.9000,-0.24472485,-200.6262,595435.1250,34.904,604782.5625,1999.9000,
	2026/04/30 11:49:27	,	771462	,	3610	,10.514695,1999.9000,-0.24428055,-200.3955,595472.9375,34.905,604776.3750,1999.9000,
	2026/04/30 11:49:27	,	772462	,	3611	,10.514684,1999.9000,-0.24413244,-200.0043,595485.5625,34.906,604772.6875,1999.9000,
	2026/04/30 11:49:27	,	773462	,	3612	,10.514675,1999.9000,-0.24405840,-199.6783,595491.8125,34.914,604770.1250,1999.9000,
	2026/04/30 11:49:27	,	774462	,	3613	,10.514672,1999.9000,-0.24401397,-199.4066,595495.6250,34.914,604768.0625,1999.9000,
	2026/04/30 11:49:27	,	775462	,	3614	,10.514670,1999.9000,-0.24398434,-199.0807,595498.1250,34.920,604778.5000,1999.9000,
	2026/04/30 11:49:27	,	776462	,	3615	,10.514668,1999.9000,-0.24721430,-198.8092,595416.0625,34.921,604893.6875,1999.9000,
	2026/04/30 11:49:27	,	777462	,	3616	,10.514667,1999.9000,-0.25026464,-198.6824,595394.5625,34.921,604918.7500,1999.9000,
	2026/04/30 11:49:27	,	778462	,	3617	,10.514661,1999.9000,-0.25272259,-198.5767,595382.8750,34.919,605020.5625,1999.9000,
	2026/04/30 11:49:27	,	779462	,	3618	,10.514655,1999.9000,-0.25669938,-198.4886,595255.1875,34.917,605057.6875,1999.9000,
	2026/04/30 11:49:27	,	780462	,	3619	,10.514642,1999.9000,-0.26402277,-198.6142,594993.6250,34.915,605185.4375,1999.9000,
	2026/04/30 11:49:27	,	781462	,	3620	,10.514624,1999.9000,-0.27023059,-198.7188,594842.8750,34.913,605185.4375,1999.9000,
	2026/04/30 11:49:27	,	782462	,	3621	,10.514615,1999.9000,-0.27077574,-198.8060,594842.8750,34.912,605185.4375,1999.9000,
	2026/04/30 11:49:27	,	783462	,	3622	,10.514607,1999.9000,-0.27095747,-198.8787,594842.8750,34.911,605185.4375,1999.9000,
	2026/04/30 11:49:27	,	784462	,	3623	,10.514602,1999.9000,-0.27104834,-198.9392,594842.8750,34.910,605185.4375,1999.9000,
	2026/04/30 11:49:27	,	785462	,	3624	,10.514596,1999.9000,-0.27110285,-198.9897,594842.8750,34.910,605181.8125,1999.9000,
	2026/04/30 11:49:27	,	786462	,	3625	,10.514591,1999.9000,-0.27113917,-199.0318,594925.6250,34.909,605091.1875,1999.9000,
	2026/04/30 11:49:27	,	787462	,	3626	,10.514587,1999.9000,-0.26855415,-199.1663,594945.6250,34.909,605006.6250,1999.9000,
	2026/04/30 11:49:27	,	788462	,	3627	,10.514589,1999.9000,-0.26604581,-199.1789,594957.6250,34.908,604920.8750,1999.9000,
	2026/04/30 11:49:27	,	789462	,	3628	,10.514596,1999.9000,-0.26221398,-199.0899,595076.4375,34.908,604837.5625,1999.9000,
	2026/04/30 11:49:27	,	790462	,	3629	,10.514602,1999.9000,-0.25470152,-198.9163,595351.0625,34.908,604800.3750,1999.9000,
	2026/04/30 11:49:27	,	791462	,	3630	,10.514615,1999.9000,-0.24823529,-198.7717,595542.9375,34.907,604788.0000,1999.9000,
	2026/04/30 11:49:27	,	792462	,	3631	,10.514627,1999.9000,-0.24410725,-198.6511,595542.9375,34.909,604781.8125,1999.9000,
	2026/04/30 11:49:27	,	793462	,	3632	,10.514637,1999.9000,-0.24410725,-198.5506,595542.9375,34.910,604778.1250,1999.9000,
	2026/04/30 11:49:27	,	794462	,	3633	,10.514650,1999.9000,-0.24410725,-198.4669,595542.9375,34.911,604775.5625,1999.9000,
	2026/04/30 11:49:27	,	795462	,	3634	,10.514667,1999.9000,-0.24410725,-198.3971,595542.9375,34.909,604774.0000,1999.9000,
	2026/04/30 11:49:27	,	796462	,	3635	,10.514700,1999.9000,-0.24410725,-198.3390,595438.0625,34.907,604783.8125,1999.9000,
	2026/04/30 11:49:27	,	797462	,	3636	,10.514733,1999.9000,-0.24430156,-198.3900,595407.6875,34.905,604884.6250,1999.9000,
	2026/04/30 11:49:27	,	798462	,	3637	,10.514760,1999.9000,-0.24459480,-198.4326,595391.6250,34.904,604913.3125,1999.9000,
	2026/04/30 11:49:27	,	799462	,	3638	,10.514768,1999.9000,-0.24768068,-198.4680,595302.1875,34.903,605004.2500,1999.9000,
	2026/04/30 11:49:27	,	800462	,	3639	,10.514774,1999.9000,-0.25299358,-198.4975,595087.7500,34.902,605039.8750,1999.9000,
	2026/04/30 11:49:27	,	801462	,	3640	,10.514779,1999.9000,-0.25811741,-198.3232,594802.3750,34.898,605051.7500,1999.9000,
	2026/04/30 11:49:27	,	802462	,	3641	,10.514783,1999.9000,-0.25811741,-198.4763,594802.3750,34.892,605057.6875,1999.9000,
	2026/04/30 11:49:27	,	803462	,	3642	,10.514772,1999.9000,-0.25811741,-198.4050,594802.3750,34.885,605061.1875,1999.9000,
	2026/04/30 11:49:27	,	804462	,	3643	,10.514758,1999.9000,-0.25811741,-198.3455,594802.3750,34.879,605063.5625,1999.9000,
	2026/04/30 11:49:27	,	805462	,	3644	,10.514731,1999.9000,-0.25811741,-198.2960,594802.3750,34.879,605058.3750,1999.9000,
	2026/04/30 11:49:27	,	806462	,	3645	,10.514709,1999.9000,-0.25566578,-198.2547,594907.7500,34.879,604959.5000,1999.9000,
	2026/04/30 11:49:27	,	807462	,	3646	,10.514691,1999.9000,-0.25318268,-198.2203,594934.3125,34.876,604928.1250,1999.9000,
	2026/04/30 11:49:27	,	808462	,	3647	,10.514676,1999.9000,-0.25104615,-198.1916,594949.5000,34.873,604828.4375,1999.9000,
	2026/04/30 11:49:27	,	809462	,	3648	,10.514664,1999.9000,-0.24839915,-198.1677,594968.4375,34.874,604796.1875,1999.9000,
	2026/04/30 11:49:27	,	810462	,	3649	,10.514653,1999.9000,-0.24217241,-198.4463,595251.0000,34.875,604771.5000,1999.9000,
	2026/04/30 11:49:27	,	811462	,	3650	,10.514629,1999.9000,-0.23573136,-198.6783,595543.5000,34.877,604759.1250,1999.9000,
	2026/04/30 11:49:27	,	812462	,	3651	,10.514608,1999.9000,-0.23471038,-198.9712,595543.5000,34.880,604751.6875,1999.9000,
	2026/04/30 11:49:27	,	813462	,	3652	,10.514606,1999.9000,-0.23437005,-199.2153,595543.5000,34.883,604746.7500,1999.9000,
	2026/04/30 11:49:27	,	814462	,	3653	,10.514615,1999.9000,-0.23419990,-199.3192,595543.5000,34.890,604742.6875,1999.9000,
	2026/04/30 11:49:27	,	815462	,	3654	,10.514622,1999.9000,-0.23409779,-199.4058,595543.5000,34.896,604743.6250,1999.9000,
	2026/04/30 11:49:27	,	816462	,	3655	,10.514627,1999.9000,-0.23402973,-199.4780,595455.3750,34.901,604756.9375,1999.9000,
	2026/04/30 11:49:27	,	817462	,	3656	,10.514647,1999.9000,-0.23437846,-199.5381,595426.1250,34.909,604877.3750,1999.9000,
	2026/04/30 11:49:27	,	818462	,	3657	,10.514673,1999.9000,-0.23825863,-199.5882,595406.9375,34.916,604900.9375,1999.9000,
	2026/04/30 11:49:27	,	819462	,	3658	,10.514707,1999.9000,-0.23923863,-199.6300,595391.5000,34.922,604925.3125,1999.9000,
	2026/04/30 11:49:27	,	820462	,	3659	,10.514732,1999.9000,-0.24532989,-199.6648,595190.8125,34.923,605043.5000,1999.9000,
	2026/04/30 11:49:27	,	821462	,	3660	,10.514745,1999.9000,-0.25170159,-199.5943,594911.3750,34.923,605050.4375,1999.9000,
	2026/04/30 11:49:27	,	822462	,	3661	,10.514745,1999.9000,-0.25239486,-199.4361,594899.7500,34.920,605052.7500,1999.9000,
	2026/04/30 11:49:27	,	823462	,	3662	,10.514729,1999.9000,-0.25262594,-199.3043,594895.8750,34.916,605053.8750,1999.9000,
	2026/04/30 11:49:27	,	824462	,	3663	,10.514728,1999.9000,-0.25274149,-199.0950,594893.9375,34.912,605054.5625,1999.9000,
	2026/04/30 11:49:27	,	825462	,	3664	,10.514721,1999.9000,-0.25281081,-199.1195,594892.7500,34.908,605055.0000,1999.9000,
	2026/04/30 11:49:27	,	826462	,	3665	,10.514714,1999.9000,-0.25285703,-199.1399,594892.0000,34.904,605044.0000,1999.9000,
	2026/04/30 11:49:27	,	827462	,	3666	,10.514709,1999.9000,-0.25018275,-199.0574,594903.1875,34.896,604918.4375,1999.9000,
	2026/04/30 11:49:27	,	828462	,	3667	,10.514701,1999.9000,-0.24788867,-199.0882,594916.3750,34.894,604884.3750,1999.9000,
	2026/04/30 11:49:27	,	829462	,	3668	,10.514693,1999.9000,-0.24702838,-199.1138,595007.3125,34.893,604780.1250,1999.9000,
	2026/04/30 11:49:27	,	830462	,	3669	,10.514688,1999.9000,-0.24180055,-199.1352,595161.6250,34.892,604748.1875,1999.9000,
	2026/04/30 11:49:27	,	831462	,	3670	,10.514683,1999.9000,-0.23576918,-199.1530,595464.8750,34.892,604734.8750,1999.9000,
	2026/04/30 11:49:27	,	832462	,	3671	,10.514683,1999.9000,-0.23576918,-199.0683,595473.2500,34.891,604728.1875,1999.9000,
	2026/04/30 11:49:27	,	833462	,	3672	,10.514683,1999.9000,-0.23576918,-199.0973,595476.0625,34.890,604724.1875,1999.9000,
	2026/04/30 11:49:27	,	834462	,	3673	,10.514679,1999.9000,-0.23576918,-199.0219,595477.4375,34.890,604721.5000,1999.9000,
	2026/04/30 11:49:27	,	835462	,	3674	,10.514675,1999.9000,-0.23576918,-199.0219,595478.3125,34.890,604719.3125,1999.9000,
	2026/04/30 11:49:27	,	836462	,	3675	,10.514668,1999.9000,-0.23592778,-198.9591,595478.8125,34.889,604729.8125,1999.9000,
	2026/04/30 11:49:27	,	837462	,	3676	,10.514661,1999.9000,-0.24026908,-199.0063,595394.0000,34.885,604850.8125,1999.9000,
	2026/04/30 11:49:27	,	838462	,	3677	,10.514651,1999.9000,-0.24341395,-198.9461,595378.5000,34.881,604879.5625,1999.9000,
	2026/04/30 11:49:27	,	839462	,	3678	,10.514623,1999.9000,-0.24615550,-198.8959,595366.9375,34.877,604976.4375,1999.9000,
	2026/04/30 11:49:27	,	840462	,	3679	,10.514619,1999.9000,-0.25086340,-198.8541,595256.9375,34.874,605015.1250,1999.9000,
	2026/04/30 11:49:27	,	841462	,	3680	,10.514596,1999.9000,-0.25832540,-198.8193,595001.3750,34.872,605033.0625,1999.9000,
	2026/04/30 11:49:27	,	842462	,	3681	,10.514565,1999.9000,-0.26199338,-198.7903,594855.3750,34.870,605042.0000,1999.9000,
	2026/04/30 11:49:27	,	843462	,	3682	,10.514542,1999.9000,-0.26199338,-198.4677,594855.3750,34.868,605047.3750,1999.9000,
	2026/04/30 11:49:27	,	844462	,	3683	,10.514521,1999.9000,-0.26199338,-198.4972,594855.3750,34.869,605051.0000,1999.9000,
	2026/04/30 11:49:27	,	845462	,	3684	,10.514529,1999.9000,-0.26199338,-198.5219,594855.3750,34.869,605054.0000,1999.9000,
	2026/04/30 11:49:27	,	846462	,	3685	,10.514536,1999.9000,-0.26199338,-198.3435,594855.3750,34.872,605046.6250,1999.9000,
	2026/04/30 11:49:27	,	847462	,	3686	,10.514546,1999.9000,-0.25763214,-198.0953,594943.0000,34.875,604938.4375,1999.9000,
	2026/04/30 11:49:27	,	848462	,	3687	,10.514561,1999.9000,-0.25378138,-197.8885,594961.1250,34.875,604907.6250,1999.9000,
	2026/04/30 11:49:27	,	849462	,	3688	,10.514561,1999.9000,-0.25069323,-197.8157,594970.9375,34.876,604807.3125,1999.9000,
	2026/04/30 11:49:27	,	850462	,	3689	,10.514585,1999.9000,-0.24611770,-198.0534,595076.4375,34.878,604776.2500,1999.9000,
	2026/04/30 11:49:27	,	851462	,	3690	,10.514585,1999.9000,-0.23858635,-198.3510,595349.9375,34.880,604749.9375,1999.9000,
	2026/04/30 11:49:27	,	852462	,	3691	,10.514606,1999.9000,-0.23264949,-198.5990,595531.0000,34.881,604736.8125,1999.9000,
	2026/04/30 11:49:27	,	853462	,	3692	,10.514630,1999.9000,-0.23252344,-199.1040,595531.0000,34.884,604728.8750,1999.9000,
	2026/04/30 11:49:27	,	854462	,	3693	,10.514649,1999.9000,-0.23248143,-199.5249,595531.0000,34.884,604723.6250,1999.9000,
	2026/04/30 11:49:27	,	855462	,	3694	,10.514666,1999.9000,-0.23246044,-199.8756,595531.0000,34.883,604719.2500,1999.9000,
	2026/04/30 11:49:27	,	856462	,	3695	,10.514673,1999.9000,-0.23244782,-200.1679,595531.0000,34.884,604725.5000,1999.9000,
	2026/04/30 11:49:27	,	857462	,	3696	,10.514670,1999.9000,-0.23243943,-200.4115,595425.5625,34.886,604823.6250,1999.9000,
	2026/04/30 11:49:27	,	858462	,	3697	,10.514668,1999.9000,-0.23272444,-200.2365,595402.3125,34.887,604852.0000,1999.9000,
	2026/04/30 11:49:27	,	859462	,	3698	,10.514676,1999.9000,-0.23272444,-200.2365,595392.3750,34.885,604946.2500,1999.9000,
	2026/04/30 11:49:27	,	860462	,	3699	,10.514683,1999.9000,-0.23522086,-199.5734,595372.8750,34.884,604983.4375,1999.9000,
	2026/04/30 11:49:27	,	861462	,	3700	,10.514688,1999.9000,-0.23737630,-199.0208,595085.9375,34.883,605091.8125,1999.9000,
	2026/04/30 11:49:27	,	862462	,	3701	,10.514688,1999.9000,-0.24317449,-198.5603,594808.8750,34.881,605091.8125,1999.9000,
	2026/04/30 11:49:27	,	863462	,	3702	,10.514693,1999.9000,-0.24785084,-198.1765,594808.8750,34.878,605091.8125,1999.9000,
	2026/04/30 11:49:27	,	864462	,	3703	,10.514707,1999.9000,-0.24785084,-197.8567,594808.8750,34.870,605091.8125,1999.9000,
	2026/04/30 11:49:27	,	865462	,	3704	,10.514733,1999.9000,-0.24785084,-197.9881,594808.8750,34.864,605091.8125,1999.9000,
	2026/04/30 11:49:27	,	866462	,	3705	,10.514755,1999.9000,-0.24785084,-198.1971,594808.8750,34.859,605082.2500,1999.9000,
	2026/04/30 11:49:27	,	867462	,	3706	,10.514774,1999.9000,-0.24785084,-198.3712,594906.6250,34.857,604957.6875,1999.9000,
	2026/04/30 11:49:27	,	868462	,	3707	,10.514790,1999.9000,-0.24459881,-198.5164,594937.3125,34.858,604918.5000,1999.9000,
	2026/04/30 11:49:27	,	869462	,	3708	,10.514803,1999.9000,-0.24202114,-198.6373,594954.2500,34.857,604807.9375,1999.9000,
	2026/04/30 11:49:27	,	870462	,	3709	,10.514804,1999.9000,-0.24104427,-198.7381,595041.2500,34.856,604771.6875,1999.9000,
	2026/04/30 11:49:27	,	871462	,	3710	,10.514804,1999.9000,-0.23765990,-198.8221,595261.6875,34.857,604667.1875,1999.9000,
	2026/04/30 11:49:27	,	872462	,	3711	,10.514804,1999.9000,-0.23163483,-198.7926,595550.1250,34.859,604667.1875,1999.9000,
	2026/04/30 11:49:27	,	873462	,	3712	,10.514804,1999.9000,-0.22750676,-198.0717,595550.1250,34.867,604667.1875,1999.9000,
	2026/04/30 11:49:27	,	874462	,	3713	,10.514804,1999.9000,-0.22750676,-197.4709,595550.1250,34.873,604667.1875,1999.9000,
	2026/04/30 11:49:27	,	875462	,	3714	,10.514804,1999.9000,-0.22750676,-196.9703,595550.1250,34.879,604667.1875,1999.9000,
	2026/04/30 11:49:27	,	876462	,	3715	,10.514804,1999.9000,-0.22750676,-196.7521,595550.1250,34.883,604677.1875,1999.9000,
	2026/04/30 11:49:27	,	877462	,	3716	,10.514804,1999.9000,-0.22750676,-196.7692,595458.3125,34.889,604802.5000,1999.9000,
	2026/04/30 11:49:27	,	878462	,	3717	,10.514804,1999.9000,-0.23161590,-197.1813,595427.9375,34.895,604830.3125,1999.9000,
	2026/04/30 11:49:27	,	879462	,	3718	,10.514804,1999.9000,-0.23525870,-197.3258,595411.6875,34.901,604920.8750,1999.9000,
	2026/04/30 11:49:27	,	880462	,	3719	,10.514804,1999.9000,-0.23854852,-197.2473,595394.7500,34.905,604956.5000,1999.9000,
	2026/04/30 11:49:27	,	881462	,	3720	,10.514789,1999.9000,-0.24213459,-197.1818,595180.6875,34.908,605070.6250,1999.9000,
	2026/04/30 11:49:27	,	882462	,	3721	,10.514771,1999.9000,-0.24915543,-197.1273,594901.2500,34.911,605070.6250,1999.9000,
	2026/04/30 11:49:27	,	883462	,	3722	,10.514743,1999.9000,-0.25640950,-197.0818,594890.1875,34.913,605070.6250,1999.9000,
	2026/04/30 11:49:27	,	884462	,	3723	,10.514713,1999.9000,-0.26034218,-196.9445,594886.5625,34.914,605070.6250,1999.9000,
	2026/04/30 11:49:27	,	885462	,	3724	,10.514688,1999.9000,-0.26034218,-196.8300,594884.6875,34.906,605070.6250,1999.9000,
	2026/04/30 11:49:27	,	886462	,	3725	,10.514668,1999.9000,-0.26034218,-196.7346,594883.6250,34.900,605068.5625,1999.9000,
	2026/04/30 11:49:27	,	887462	,	3726	,10.514652,1999.9000,-0.26034218,-196.5557,594882.9375,34.895,604979.5000,1999.9000,
	2026/04/30 11:49:27	,	888462	,	3727	,10.514638,1999.9000,-0.26034218,-196.4066,594893.9375,34.889,604948.6875,1999.9000,
	2026/04/30 11:49:27	,	889462	,	3728	,10.514627,1999.9000,-0.25802919,-196.3818,594893.9375,34.883,604859.2500,1999.9000,
	2026/04/30 11:49:27	,	890462	,	3729	,10.514618,1999.9000,-0.25702080,-196.5600,594985.5625,34.876,604828.7500,1999.9000,
	2026/04/30 11:49:27	,	891462	,	3730	,10.514609,1999.9000,-0.25374985,-196.8081,594985.5625,34.872,604745.6875,1999.9000,
	2026/04/30 11:49:27	,	892462	,	3731	,10.514603,1999.9000,-0.24816598,-197.0148,595155.0625,34.870,604743.8750,1999.9000,
	2026/04/30 11:49:27	,	893462	,	3732	,10.514603,1999.9000,-0.24099384,-197.2865,595452.3750,34.878,604743.3125,1999.9000,
	2026/04/30 11:49:27	,	894462	,	3733	,10.514603,1999.9000,-0.23581330,-197.5130,595465.1875,34.885,604743.0000,1999.9000,
	2026/04/30 11:49:27	,	895462	,	3734	,10.514603,1999.9000,-0.23543517,-197.7017,595469.4375,34.892,604742.8125,1999.9000,
	2026/04/30 11:49:27	,	896462	,	3735	,10.514597,1999.9000,-0.23530912,-197.8589,595471.5625,34.897,604742.6875,1999.9000,
	2026/04/30 11:49:27	,	897462	,	3736	,10.514587,1999.9000,-0.23524608,-197.9899,595472.8750,34.902,604753.9375,1999.9000,
	2026/04/30 11:49:27	,	898462	,	3737	,10.514569,1999.9000,-0.23520827,-198.0991,595473.6875,34.906,604865.3125,1999.9000,
	2026/04/30 11:49:27	,	899462	,	3738	,10.514554,1999.9000,-0.23518308,-198.0907,595460.5000,34.909,604893.6875,1999.9000,
	2026/04/30 11:49:27	,	900462	,	3739	,10.514542,1999.9000,-0.23537107,-197.9841,595367.1875,34.910,604992.7500,1999.9000,
	2026/04/30 11:49:27	,	901462	,	3740	,10.514531,1999.9000,-0.23570739,-197.6964,595358.3125,34.909,605028.3750,1999.9000,
	2026/04/30 11:49:27	,	902462	,	3741	,10.514523,1999.9000,-0.24146654,-197.4566,595255.8125,34.909,605028.3750,1999.9000,
	2026/04/30 11:49:27	,	903462	,	3742	,10.514530,1999.9000,-0.24776891,-197.2568,595002.5000,34.909,605044.5000,1999.9000,
	2026/04/30 11:49:27	,	904462	,	3743	,10.514536,1999.9000,-0.24854726,-196.9908,594838.1250,34.908,605052.5625,1999.9000,
	2026/04/30 11:49:27	,	905462	,	3744	,10.514546,1999.9000,-0.24880670,-196.4708,594838.1250,34.905,605057.4375,1999.9000,
	2026/04/30 11:49:27	,	906462	,	3745	,10.514561,1999.9000,-0.24893641,-196.0374,594838.1250,34.902,605060.6875,1999.9000,
	2026/04/30 11:49:27	,	907462	,	3746	,10.514572,1999.9000,-0.24901426,-195.6762,594838.1250,34.903,605063.4375,1999.9000,
	2026/04/30 11:49:27	,	908462	,	3747	,10.514590,1999.9000,-0.24906616,-195.4747,594838.1250,34.903,605055.1250,1999.9000,
	2026/04/30 11:49:27	,	909462	,	3748	,10.514606,1999.9000,-0.24665970,-195.5057,594925.6250,34.904,604939.0000,1999.9000,
	2026/04/30 11:49:27	,	910462	,	3749	,10.514635,1999.9000,-0.24572694,-195.4321,594942.9375,34.904,604903.3750,1999.9000,
	2026/04/30 11:49:27	,	911462	,	3750	,10.514658,1999.9000,-0.24328791,-195.2713,594956.4375,34.911,604804.3125,1999.9000,
	2026/04/30 11:49:27	,	912462	,	3751	,10.514683,1999.9000,-0.23975229,-195.2368,595071.6250,34.916,604782.3125,1999.9000,
	2026/04/30 11:49:27	,	913462	,	3752	,10.514709,1999.9000,-0.23380913,-195.3075,595346.9375,34.919,604762.0625,1999.9000,
	2026/04/30 11:49:27	,	914462	,	3753	,10.514729,1999.9000,-0.23311272,-195.3664,595529.2500,34.922,604751.9375,1999.9000,
	2026/04/30 11:49:27	,	915462	,	3754	,10.514743,1999.9000,-0.23288058,-195.7139,595529.2500,34.922,604745.8750,1999.9000,
	2026/04/30 11:49:27	,	916462	,	3755	,10.514748,1999.9000,-0.23276451,-196.0035,595529.2500,34.924,604741.8125,1999.9000,
	2026/04/30 11:49:27	,	917462	,	3756	,10.514748,1999.9000,-0.23269486,-195.8469,595529.2500,34.926,604738.4375,1999.9000,
	2026/04/30 11:49:27	,	918462	,	3757	,10.514748,1999.9000,-0.23264845,-195.7164,595529.2500,34.925,604746.8125,1999.9000,
	2026/04/30 11:49:27	,	919462	,	3758	,10.514748,1999.9000,-0.23505703,-196.0056,595424.3750,34.925,604852.0000,1999.9000,
	2026/04/30 11:49:27	,	920462	,	3759	,10.514748,1999.9000,-0.23607799,-196.2466,595397.8125,34.924,604880.1250,1999.9000,
