#BeginHeader,,
#FormatType,M-M20X\NORMAL,
#FormatVersion,V_1.1.9.7,
测量模式,正常模式,
采集开始时间,	2026/03/30 16:27:04.092838	,
采样周期,1ms,
保存选项,Standard,
,
通道条件,
通道编号,,,(M-1)M208,(M-1)M208,(M-1)M208,(M-1)M208,(M-1)M208,(M-1)M208,(M-1)M208,(M-1)M208,
波形名,,,CH1,CH2,CH3,CH4,CH5,CH6,CH7,CH8,
输入,,,20mA,PT100(3线),20V,0~1A,0~1A,PT100(3线),0~1A,PT100(4线),
单位,,,mA,℃,V,mA,℃,℃,mA,mA,
#EndHeader,
时间,μs,运行时间ms,(M-1)CH1,(M-1)CH2,(M-1)CH3,(M-1)CH4,(M-1)CH5,(M-1)CH6,(M-1)CH7,(M-1)CH8,
	2026/03/30 16:27:04	,	092838	,	0	,10.5388,1999.9000,-0.1795,1592.2133,594631.9375,31.7916,605317.6875,1999.9000,
	2026/03/30 16:27:04	,	093838	,	1	,10.5388,1999.9000,-0.1795,1592.0593,594631.9375,31.7909,605317.6875,1999.9000,
	2026/03/30 16:27:04	,	094838	,	2	,10.5388,1999.9000,-0.1795,1591.6326,594631.9375,31.7918,605317.6875,1999.9000,
	2026/03/30 16:27:04	,	095838	,	3	,10.5388,1999.9000,-0.1795,1591.5756,594631.9375,31.7941,605317.6875,1999.9000,
	2026/03/30 16:27:04	,	096838	,	4	,10.5388,1999.9000,-0.1795,1591.8263,595391.6250,31.7975,605199.9375,1999.9000,
	2026/03/30 16:27:04	,	097838	,	5	,10.5388,1999.9000,-0.1713,1592.1348,595391.6250,31.8003,604789.1875,1999.9000,
	2026/03/30 16:27:04	,	098838	,	6	,10.5388,1999.9000,-0.1713,1591.9939,595391.6250,31.8012,604789.1875,1999.9000,
	2026/03/30 16:27:04	,	099838	,	7	,10.5388,1999.9000,-0.1713,1591.8765,595391.6250,31.8004,604789.1875,1999.9000,
	2026/03/30 16:27:04	,	100838	,	8	,10.5388,1999.9000,-0.1713,1591.4803,595391.6250,31.7997,604789.1875,1999.9000,
	2026/03/30 16:27:04	,	101838	,	9	,10.5388,1999.9000,-0.1713,1591.1501,595382.7500,31.7992,604789.1875,1999.9000,
	2026/03/30 16:27:04	,	102838	,	10	,10.5388,1999.9000,-0.1740,1591.1733,595298.0625,31.7941,604876.1875,1999.9000,
	2026/03/30 16:27:04	,	103838	,	11	,10.5389,1999.9000,-0.1763,1591.4912,595113.3750,31.7899,604973.4375,1999.9000,
	2026/03/30 16:27:04	,	104838	,	12	,10.5389,1999.9000,-0.1817,1591.4576,594754.6875,31.7864,605230.7500,1999.9000,
	2026/03/30 16:27:04	,	105838	,	13	,10.5389,1999.9000,-0.1846,1591.4296,594742.8125,31.7819,605244.5625,1999.9000,
	2026/03/30 16:27:04	,	106838	,	14	,10.5389,1999.9000,-0.1846,1591.1079,594738.8125,31.7751,605249.1875,1999.9000,
	2026/03/30 16:27:04	,	107838	,	15	,10.5389,1999.9000,-0.1846,1590.8397,594736.8125,31.7695,605251.5000,1999.9000,
	2026/03/30 16:27:04	,	108838	,	16	,10.5389,1999.9000,-0.1846,1590.6163,594735.6875,31.7633,605252.8750,1999.9000,
	2026/03/30 16:27:04	,	109838	,	17	,10.5389,1999.9000,-0.1846,1590.4301,594734.8750,31.7581,605253.8125,1999.9000,
	2026/03/30 16:27:04	,	110838	,	18	,10.5389,1999.9000,-0.1794,1590.2749,594857.1250,31.7537,605071.2500,1999.9000,
	2026/03/30 16:27:04	,	111838	,	19	,10.5389,1999.9000,-0.1745,1590.1456,594885.4375,31.7501,604960.7500,1999.9000,
	2026/03/30 16:27:04	,	112838	,	20	,10.5388,1999.9000,-0.1705,1590.0378,594906.0000,31.7517,604852.6250,1999.9000,
	2026/03/30 16:27:04	,	113838	,	21	,10.5388,1999.9000,-0.1669,1589.9481,595121.6875,31.7530,604740.8750,1999.9000,
	2026/03/30 16:27:04	,	114838	,	22	,10.5388,1999.9000,-0.1602,1589.8734,595493.5000,31.7542,604526.4375,1999.9000,
	2026/03/30 16:27:04	,	115838	,	23	,10.5387,1999.9000,-0.1528,1589.8109,595515.5625,31.7566,604490.2500,1999.9000,
	2026/03/30 16:27:04	,	116838	,	24	,10.5387,1999.9000,-0.1501,1589.5599,595522.8750,31.7586,604478.1875,1999.9000,
	2026/03/30 16:27:04	,	117838	,	25	,10.5387,1999.9000,-0.1501,1589.3507,595526.5625,31.7603,604472.1875,1999.9000,
	2026/03/30 16:27:04	,	118838	,	26	,10.5387,1999.9000,-0.1501,1589.1765,595528.7500,31.7617,604468.5625,1999.9000,
	2026/03/30 16:27:04	,	119838	,	27	,10.5386,1999.9000,-0.1501,1589.0314,595530.1875,31.7644,604466.0625,1999.9000,
	2026/03/30 16:27:04	,	120838	,	28	,10.5386,1999.9000,-0.1501,1588.9104,595399.9375,31.7666,604646.6875,1999.9000,
	2026/03/30 16:27:04	,	121838	,	29	,10.5386,1999.9000,-0.1543,1588.7102,595364.1875,31.7670,604757.1875,1999.9000,
	2026/03/30 16:27:04	,	122838	,	30	,10.5386,1999.9000,-0.1583,1588.2448,595343.5000,31.7642,604855.6875,1999.9000,
	2026/03/30 16:27:04	,	123838	,	31	,10.5387,1999.9000,-0.1619,1588.1554,595195.5625,31.7620,604953.5000,1999.9000,
	2026/03/30 16:27:04	,	124838	,	32	,10.5386,1999.9000,-0.1683,1588.1803,594866.1250,31.7585,605160.0625,1999.9000,
	2026/03/30 16:27:04	,	125838	,	33	,10.5386,1999.9000,-0.1768,1588.3007,594679.0000,31.7556,605326.7500,1999.9000,
	2026/03/30 16:27:04	,	126838	,	34	,10.5387,1999.9000,-0.1829,1588.3015,594679.0000,31.7532,605326.7500,1999.9000,
	2026/03/30 16:27:04	,	127838	,	35	,10.5387,1999.9000,-0.1829,1588.3021,594679.0000,31.7528,605326.7500,1999.9000,
	2026/03/30 16:27:04	,	128838	,	36	,10.5387,1999.9000,-0.1829,1588.4020,594679.0000,31.7524,605326.7500,1999.9000,
	2026/03/30 16:27:04	,	129838	,	37	,10.5387,1999.9000,-0.1829,1588.4855,594679.0000,31.7524,605326.7500,1999.9000,
	2026/03/30 16:27:04	,	130838	,	38	,10.5387,1999.9000,-0.1829,1588.6544,594816.0625,31.7505,605108.1250,1999.9000,
	2026/03/30 16:27:04	,	131838	,	39	,10.5388,1999.9000,-0.1829,1588.8947,594897.1250,31.7505,604964.9375,1999.9000,
	2026/03/30 16:27:04	,	132838	,	40	,10.5388,1999.9000,-0.1805,1589.0948,594909.0000,31.7505,604862.3125,1999.9000,
	2026/03/30 16:27:04	,	133838	,	41	,10.5388,1999.9000,-0.1795,1589.2617,595026.3750,31.7505,604777.7500,1999.9000,
	2026/03/30 16:27:04	,	134838	,	42	,10.5388,1999.9000,-0.1742,1589.3014,595358.2500,31.7505,604617.0625,1999.9000,
	2026/03/30 16:27:04	,	135838	,	43	,10.5388,1999.9000,-0.1673,1589.3342,595621.0000,31.7551,604357.3750,1999.9000,
	2026/03/30 16:27:04	,	136838	,	44	,10.5388,1999.9000,-0.1632,1589.2623,595621.0000,31.7589,604357.3750,1999.9000,
	2026/03/30 16:27:04	,	137838	,	45	,10.5388,1999.9000,-0.1632,1589.0034,595621.0000,31.7621,604357.3750,1999.9000,
	2026/03/30 16:27:04	,	138838	,	46	,10.5387,1999.9000,-0.1632,1588.6880,595621.0000,31.7647,604357.3750,1999.9000,
	2026/03/30 16:27:04	,	139838	,	47	,10.5387,1999.9000,-0.1632,1588.4253,595621.0000,31.7669,604357.3750,1999.9000,
	2026/03/30 16:27:04	,	140838	,	48	,10.5387,1999.9000,-0.1632,1588.2065,595453.5625,31.7688,604568.7500,1999.9000,
	2026/03/30 16:27:04	,	141838	,	49	,10.5387,1999.9000,-0.1660,1588.0240,595356.4375,31.7688,604705.8750,1999.9000,
	2026/03/30 16:27:04	,	142838	,	50	,10.5387,1999.9000,-0.1684,1587.9716,595336.5000,31.7657,604816.3750,1999.9000,
	2026/03/30 16:27:04	,	143838	,	51	,10.5387,1999.9000,-0.1695,1588.1267,595310.1250,31.7662,604913.0000,1999.9000,
	2026/03/30 16:27:04	,	144838	,	52	,10.5387,1999.9000,-0.1744,1588.4550,595006.1250,31.7666,605072.5000,1999.9000,
	2026/03/30 16:27:04	,	145838	,	53	,10.5387,1999.9000,-0.1821,1588.7284,595006.1250,31.7685,605384.1875,1999.9000,
	2026/03/30 16:27:04	,	146838	,	54	,10.5387,1999.9000,-0.1884,1589.3541,594641.4375,31.7701,605384.1875,1999.9000,
	2026/03/30 16:27:04	,	147838	,	55	,10.5387,1999.9000,-0.1884,1589.9752,594641.4375,31.7714,605384.1875,1999.9000,
	2026/03/30 16:27:04	,	148838	,	56	,10.5387,1999.9000,-0.1884,1590.4927,594641.4375,31.7725,605384.1875,1999.9000,
	2026/03/30 16:27:04	,	149838	,	57	,10.5388,1999.9000,-0.1884,1590.8245,594641.4375,31.7734,605384.1875,1999.9000,
	2026/03/30 16:27:04	,	150838	,	58	,10.5388,1999.9000,-0.1884,1590.8245,594641.4375,31.7757,605188.5000,1999.9000,
	2026/03/30 16:27:04	,	151838	,	59	,10.5388,1999.9000,-0.1881,1590.7030,594807.1250,31.7852,605022.9375,1999.9000,
	2026/03/30 16:27:04	,	152838	,	60	,10.5388,1999.9000,-0.1845,1590.7013,594914.3750,31.7932,604894.3125,1999.9000,
	2026/03/30 16:27:04	,	153838	,	61	,10.5389,1999.9000,-0.1837,1590.6998,594933.3750,31.7999,604790.4375,1999.9000,
	2026/03/30 16:27:04	,	154838	,	62	,10.5389,1999.9000,-0.1802,1590.6987,594952.8750,31.7993,604664.8125,1999.9000,
	2026/03/30 16:27:04	,	155838	,	63	,10.5389,1999.9000,-0.1731,1590.5983,595229.5625,31.7988,604391.1875,1999.9000,
	2026/03/30 16:27:04	,	156838	,	64	,10.5389,1999.9000,-0.1670,1590.2162,595609.6250,31.7984,604391.1875,1999.9000,
	2026/03/30 16:27:04	,	157838	,	65	,10.5389,1999.9000,-0.1666,1589.8977,595609.6250,31.7981,604391.1875,1999.9000,
	2026/03/30 16:27:04	,	158838	,	66	,10.5389,1999.9000,-0.1665,1589.4333,595609.6250,31.7978,604391.1875,1999.9000,
	2026/03/30 16:27:04	,	159838	,	67	,10.5388,1999.9000,-0.1664,1589.0465,595609.6250,31.7975,604391.1875,1999.9000,
	2026/03/30 16:27:04	,	160838	,	68	,10.5388,1999.9000,-0.1664,1588.9230,595609.6250,31.7973,604516.8125,1999.9000,
	2026/03/30 16:27:04	,	161838	,	69	,10.5388,1999.9000,-0.1664,1588.8201,595517.3125,31.8048,604681.6875,1999.9000,
	2026/03/30 16:27:04	,	162838	,	70	,10.5388,1999.9000,-0.1667,1588.7343,595411.8750,31.8110,604785.5625,1999.9000,
	2026/03/30 16:27:04	,	163838	,	71	,10.5388,1999.9000,-0.1694,1588.6627,595385.6250,31.8162,604879.2500,1999.9000,
	2026/03/30 16:27:04	,	164838	,	72	,10.5388,1999.9000,-0.1705,1588.6033,595361.0000,31.8205,604988.5000,1999.9000,
	2026/03/30 16:27:04	,	165838	,	73	,10.5388,1999.9000,-0.1775,1589.0509,595138.3750,31.8165,605262.1250,1999.9000,
	2026/03/30 16:27:04	,	166838	,	74	,10.5388,1999.9000,-0.1834,1589.4241,594777.3125,31.8116,605262.1250,1999.9000,
	2026/03/30 16:27:04	,	167838	,	75	,10.5388,1999.9000,-0.1834,1589.7350,594756.5000,31.8075,605262.1250,1999.9000,
	2026/03/30 16:27:04	,	168838	,	76	,10.5388,1999.9000,-0.1834,1590.1930,594749.5000,31.8026,605262.1250,1999.9000,
	2026/03/30 16:27:04	,	169838	,	77	,10.5388,1999.9000,-0.1834,1590.5748,594746.0625,31.7955,605262.1250,1999.9000,
	2026/03/30 16:27:04	,	170838	,	78	,10.5388,1999.9000,-0.1834,1590.5945,594743.9375,31.7895,605259.2500,1999.9000,
	2026/03/30 16:27:04	,	171838	,	79	,10.5388,1999.9000,-0.1810,1590.6108,594742.5625,31.7846,605055.5625,1999.9000,
	2026/03/30 16:27:04	,	172838	,	80	,10.5388,1999.9000,-0.1800,1590.6245,594854.1875,31.7804,604923.2500,1999.9000,
	2026/03/30 16:27:04	,	173838	,	81	,10.5388,1999.9000,-0.1793,1590.4369,594882.5000,31.7754,604818.8125,1999.9000,
	2026/03/30 16:27:04	,	174838	,	82	,10.5388,1999.9000,-0.1768,1590.2806,594903.2500,31.7712,604724.6250,1999.9000,
	2026/03/30 16:27:04	,	175838	,	83	,10.5388,1999.9000,-0.1721,1590.1504,595093.6875,31.7678,604499.3125,1999.9000,
	2026/03/30 16:27:04	,	176838	,	84	,10.5388,1999.9000,-0.1667,1590.0419,595467.2500,31.7664,604479.3750,1999.9000,
	2026/03/30 16:27:04	,	177838	,	85	,10.5388,1999.9000,-0.1667,1589.9514,595563.7500,31.7653,604472.6875,1999.9000,
	2026/03/30 16:27:04	,	178838	,	86	,10.5388,1999.9000,-0.1667,1589.8760,595563.7500,31.7644,604469.3750,1999.9000,
	2026/03/30 16:27:04	,	179838	,	87	,10.5388,1999.9000,-0.1667,1589.8132,595563.7500,31.7636,604467.3750,1999.9000,
	2026/03/30 16:27:04	,	180838	,	88	,10.5388,1999.9000,-0.1667,1589.5618,595563.7500,31.7629,604466.0000,1999.9000,
	2026/03/30 16:27:04	,	181838	,	89	,10.5388,1999.9000,-0.1671,1589.3524,595563.7500,31.7624,604633.3750,1999.9000,
	2026/03/30 16:27:04	,	182838	,	90	,10.5388,1999.9000,-0.1711,1589.3770,595424.3750,31.7635,604749.9375,1999.9000,
	2026/03/30 16:27:04	,	183838	,	91	,10.5389,1999.9000,-0.1721,1589.3973,595387.6875,31.7644,604850.2500,1999.9000,
	2026/03/30 16:27:04	,	184838	,	92	,10.5389,1999.9000,-0.1750,1589.3148,595301.6875,31.7728,604943.2500,1999.9000,
	2026/03/30 16:27:04	,	185838	,	93	,10.5389,1999.9000,-0.1801,1589.1466,595206.9375,31.7767,605174.5625,1999.9000,
	2026/03/30 16:27:04	,	186838	,	94	,10.5389,1999.9000,-0.1861,1589.0063,594903.0000,31.7754,605294.1875,1999.9000,
	2026/03/30 16:27:04	,	187838	,	95	,10.5389,1999.9000,-0.1861,1588.8895,594668.8750,31.7789,605294.1875,1999.9000,
	2026/03/30 16:27:04	,	188838	,	96	,10.5389,1999.9000,-0.1861,1588.8917,594668.8750,31.7818,605294.1875,1999.9000,
	2026/03/30 16:27:04	,	189838	,	97	,10.5389,1999.9000,-0.1861,1589.1918,594668.8750,31.7842,605294.1875,1999.9000,
	2026/03/30 16:27:04	,	190838	,	98	,10.5389,1999.9000,-0.1861,1589.5415,594668.8750,31.7862,605294.1875,1999.9000,
	2026/03/30 16:27:04	,	191838	,	99	,10.5389,1999.9000,-0.1805,1589.8329,594668.8750,31.7864,605091.1875,1999.9000,
	2026/03/30 16:27:04	,	192838	,	100	,10.5388,1999.9000,-0.1754,1590.0758,594815.5000,31.7834,604953.5000,1999.9000,
	2026/03/30 16:27:04	,	193838	,	101	,10.5388,1999.9000,-0.1707,1590.2781,594854.1875,31.7810,604840.5625,1999.9000,
	2026/03/30 16:27:04	,	194838	,	102	,10.5388,1999.9000,-0.1668,1590.4465,594879.8125,31.7789,604801.3125,1999.9000,
	2026/03/30 16:27:04	,	195838	,	103	,10.5388,1999.9000,-0.1607,1590.5872,595023.3750,31.7773,604588.1250,1999.9000,
	2026/03/30 16:27:04	,	196838	,	104	,10.5388,1999.9000,-0.1526,1590.7042,595335.5625,31.7759,604402.6250,1999.9000,
	2026/03/30 16:27:04	,	197838	,	105	,10.5388,1999.9000,-0.1471,1590.6029,595637.6250,31.7747,604402.6250,1999.9000,
	2026/03/30 16:27:04	,	198838	,	106	,10.5388,1999.9000,-0.1471,1590.5184,595637.6250,31.7737,604402.6250,1999.9000,
	2026/03/30 16:27:04	,	199838	,	107	,10.5388,1999.9000,-0.1471,1590.4480,595637.6250,31.7729,604402.6250,1999.9000,
	2026/03/30 16:27:04	,	200838	,	108	,10.5388,1999.9000,-0.1471,1590.3893,595637.6250,31.7722,604402.6250,1999.9000,
	2026/03/30 16:27:04	,	201838	,	109	,10.5388,1999.9000,-0.1471,1590.3405,595637.6250,31.7747,604598.3750,1999.9000,
	2026/03/30 16:27:04	,	202838	,	110	,10.5388,1999.9000,-0.1472,1590.7970,595460.7500,31.7828,604732.3750,1999.9000,
	2026/03/30 16:27:04	,	203838	,	111	,10.5388,1999.9000,-0.1515,1591.1776,595374.3125,31.7897,604837.5625,1999.9000,
	2026/03/30 16:27:04	,	204838	,	112	,10.5388,1999.9000,-0.1546,1591.4946,595354.0625,31.7954,604874.1250,1999.9000,
	2026/03/30 16:27:04	,	205838	,	113	,10.5388,1999.9000,-0.1590,1591.7589,595329.8750,31.8001,605088.7500,1999.9000,
	2026/03/30 16:27:04	,	206838	,	114	,10.5388,1999.9000,-0.1664,1592.0786,595053.1875,31.8040,605371.5000,1999.9000,
	2026/03/30 16:27:04	,	207838	,	115	,10.5388,1999.9000,-0.1718,1592.3450,594683.8125,31.7982,605371.5000,1999.9000,
	2026/03/30 16:27:04	,	208838	,	116	,10.5388,1999.9000,-0.1763,1592.4677,594683.8125,31.8025,605371.5000,1999.9000,
	2026/03/30 16:27:04	,	209838	,	117	,10.5388,1999.9000,-0.1763,1592.5697,594683.8125,31.8060,605371.5000,1999.9000,
	2026/03/30 16:27:04	,	210838	,	118	,10.5388,1999.9000,-0.1763,1592.5553,594683.8125,31.8044,605371.5000,1999.9000,
	2026/03/30 16:27:04	,	211838	,	119	,10.5388,1999.9000,-0.1763,1592.1454,594683.8125,31.8030,605132.2500,1999.9000,
	2026/03/30 16:27:04	,	212838	,	120	,10.5388,1999.9000,-0.1763,1591.8040,594696.9375,31.8004,604988.5000,1999.9000,
	2026/03/30 16:27:04	,	213838	,	121	,10.5388,1999.9000,-0.1761,1591.9172,594874.4375,31.7921,604884.6250,1999.9000,
	2026/03/30 16:27:04	,	214838	,	122	,10.5388,1999.9000,-0.1757,1592.0116,594899.5000,31.7912,604786.1875,1999.9000,
	2026/03/30 16:27:04	,	215838	,	123	,10.5388,1999.9000,-0.1719,1591.3939,594922.5625,31.7921,604643.0000,1999.9000,
	2026/03/30 16:27:04	,	216838	,	124	,10.5388,1999.9000,-0.1662,1590.7798,595190.8125,31.7928,604356.7500,1999.9000,
	2026/03/30 16:27:04	,	217838	,	125	,10.5388,1999.9000,-0.1652,1590.2678,595579.8750,31.7919,604356.7500,1999.9000,
	2026/03/30 16:27:04	,	218838	,	126	,10.5388,1999.9000,-0.1648,1589.8413,595579.8750,31.7911,604356.7500,1999.9000,
	2026/03/30 16:27:04	,	219838	,	127	,10.5388,1999.9000,-0.1647,1589.5854,595579.8750,31.7904,604356.7500,1999.9000,
	2026/03/30 16:27:04	,	220838	,	128	,10.5388,1999.9000,-0.1646,1589.8695,595579.8750,31.7868,604356.7500,1999.9000,
	2026/03/30 16:27:04	,	221838	,	129	,10.5388,1999.9000,-0.1645,1589.6089,595579.8750,31.7823,604557.8750,1999.9000,
	2026/03/30 16:27:04	,	222838	,	130	,10.5388,1999.9000,-0.1679,1589.2920,595570.6875,31.7785,604707.6875,1999.9000,
	2026/03/30 16:27:04	,	223838	,	131	,10.5388,1999.9000,-0.1712,1589.0282,595398.7500,31.7723,604811.5625,1999.9000,
	2026/03/30 16:27:04	,	224838	,	132	,10.5388,1999.9000,-0.1737,1589.0072,595366.8125,31.7671,604898.5000,1999.9000,
	2026/03/30 16:27:04	,	225838	,	133	,10.5388,1999.9000,-0.1766,1589.2881,595342.3125,31.7628,605022.9375,1999.9000,
	2026/03/30 16:27:04	,	226838	,	134	,10.5388,1999.9000,-0.1834,1589.6217,595139.5625,31.7623,605320.0625,1999.9000,
	2026/03/30 16:27:04	,	227838	,	135	,10.5388,1999.9000,-0.1898,1589.8998,594783.2500,31.7634,605320.0625,1999.9000,
	2026/03/30 16:27:04	,	228838	,	136	,10.5388,1999.9000,-0.1898,1590.0320,594751.9375,31.7612,605320.0625,1999.9000,
	2026/03/30 16:27:04	,	229838	,	137	,10.5388,1999.9000,-0.1898,1590.1422,594741.5000,31.7594,605320.0625,1999.9000,
	2026/03/30 16:27:04	,	230838	,	138	,10.5388,1999.9000,-0.1898,1590.2340,594736.3125,31.7579,605320.0625,1999.9000,
	2026/03/30 16:27:04	,	231838	,	139	,10.5388,1999.9000,-0.1898,1590.3105,594733.2500,31.7597,605201.1250,1999.9000,
	2026/03/30 16:27:04	,	232838	,	140	,10.5388,1999.9000,-0.1896,1590.2747,594731.1250,31.7627,605026.0000,1999.9000,
	2026/03/30 16:27:04	,	233838	,	141	,10.5388,1999.9000,-0.1840,1590.3444,594836.8750,31.7653,604906.3750,1999.9000,
	2026/03/30 16:27:04	,	234838	,	142	,10.5388,1999.9000,-0.1802,1590.3031,594867.0000,31.7674,604800.6875,1999.9000,
	2026/03/30 16:27:04	,	235838	,	143	,10.5388,1999.9000,-0.1761,1589.9701,594886.7500,31.7692,604684.6875,1999.9000,
	2026/03/30 16:27:04	,	236838	,	144	,10.5388,1999.9000,-0.1684,1589.6926,595067.5000,31.7752,604426.1875,1999.9000,
	2026/03/30 16:27:04	,	237838	,	145	,10.5389,1999.9000,-0.1603,1589.4614,595430.3125,31.7879,604426.1875,1999.9000,
	2026/03/30 16:27:04	,	238838	,	146	,10.5389,1999.9000,-0.1543,1589.2687,595590.6250,31.7984,604426.1875,1999.9000,
	2026/03/30 16:27:04	,	239838	,	147	,10.5389,1999.9000,-0.1543,1589.1080,595590.6250,31.8073,604426.1875,1999.9000,
	2026/03/30 16:27:04	,	240838	,	148	,10.5390,1999.9000,-0.1543,1588.9742,595590.6250,31.8146,604426.1875,1999.9000,
	2026/03/30 16:27:04	,	241838	,	149	,10.5390,1999.9000,-0.1543,1588.8628,595590.6250,31.8131,604432.6250,1999.9000,
	2026/03/30 16:27:04	,	242838	,	150	,10.5390,1999.9000,-0.1543,1588.7699,595590.6250,31.8088,604640.6250,1999.9000,
	2026/03/30 16:27:04	,	243838	,	151	,10.5390,1999.9000,-0.1543,1588.9910,595448.1875,31.8021,604762.0000,1999.9000,
	2026/03/30 16:27:04	,	244838	,	152	,10.5390,1999.9000,-0.1545,1589.1750,595411.0000,31.7966,604855.0625,1999.9000,
	2026/03/30 16:27:04	,	245838	,	153	,10.5390,1999.9000,-0.1585,1589.3286,595324.3125,31.7919,604955.9375,1999.9000,
	2026/03/30 16:27:04	,	246838	,	154	,10.5390,1999.9000,-0.1617,1589.4565,595239.0625,31.7881,605218.0625,1999.9000,
	2026/03/30 16:27:04	,	247838	,	155	,10.5390,1999.9000,-0.1688,1589.5631,594938.7500,31.7849,605243.3750,1999.9000,
	2026/03/30 16:27:04	,	248838	,	156	,10.5390,1999.9000,-0.1778,1589.5525,594663.5625,31.7807,605251.8125,1999.9000,
	2026/03/30 16:27:04	,	249838	,	157	,10.5390,1999.9000,-0.1848,1589.5436,594663.5625,31.7757,605256.0625,1999.9000,
	2026/03/30 16:27:04	,	250838	,	158	,10.5390,1999.9000,-0.1848,1589.5360,594663.5625,31.7745,605258.6250,1999.9000,
	2026/03/30 16:27:04	,	251838	,	159	,10.5390,1999.9000,-0.1848,1589.5298,594663.5625,31.7751,605260.3750,1999.9000,
	2026/03/30 16:27:04	,	252838	,	160	,10.5390,1999.9000,-0.1848,1589.4253,594663.5625,31.7756,605062.8125,1999.9000,
	2026/03/30 16:27:04	,	253838	,	161	,10.5390,1999.9000,-0.1848,1589.1392,594819.6250,31.7775,604935.3750,1999.9000,
	2026/03/30 16:27:04	,	254838	,	162	,10.5390,1999.9000,-0.1848,1588.9008,594900.6250,31.7775,604935.3750,1999.9000,
	2026/03/30 16:27:04	,	255838	,	163	,10.5389,1999.9000,-0.1813,1588.5032,594911.9375,31.7760,604833.2500,1999.9000,
	2026/03/30 16:27:04	,	256838	,	164	,10.5389,1999.9000,-0.1781,1587.8733,594997.7500,31.7748,604735.4375,1999.9000,
	2026/03/30 16:27:04	,	257838	,	165	,10.5388,1999.9000,-0.1721,1587.3486,595292.6875,31.7830,604527.6875,1999.9000,
	2026/03/30 16:27:04	,	258838	,	166	,10.5388,1999.9000,-0.1638,1586.9113,595650.1875,31.7898,604415.3750,1999.9000,
	2026/03/30 16:27:04	,	259838	,	167	,10.5388,1999.9000,-0.1577,1586.5468,595650.1875,31.7954,604415.3750,1999.9000,
	2026/03/30 16:27:04	,	260838	,	168	,10.5388,1999.9000,-0.1575,1586.2432,595650.1875,31.8002,604415.3750,1999.9000,
	2026/03/30 16:27:04	,	261838	,	169	,10.5387,1999.9000,-0.1574,1586.0895,595650.1875,31.7921,604415.3750,1999.9000,
	2026/03/30 16:27:04	,	262838	,	170	,10.5387,1999.9000,-0.1574,1586.2599,595650.1875,31.7921,604415.3750,1999.9000,
	2026/03/30 16:27:04	,	263838	,	171	,10.5387,1999.9000,-0.1574,1586.5015,595479.1875,31.7867,604606.1875,1999.9000,
	2026/03/30 16:27:04	,	264838	,	172	,10.5387,1999.9000,-0.1574,1586.8020,595375.5625,31.7852,604731.8125,1999.9000,
	2026/03/30 16:27:04	,	265838	,	173	,10.5387,1999.9000,-0.1596,1587.1520,595356.4375,31.7795,604833.8750,1999.9000,
	2026/03/30 16:27:04	,	266838	,	174	,10.5387,1999.9000,-0.1606,1587.4437,595334.8125,31.7716,604923.2500,1999.9000,
	2026/03/30 16:27:04	,	267838	,	175	,10.5387,1999.9000,-0.1662,1587.6868,595063.8750,31.7650,605121.4375,1999.9000,
	2026/03/30 16:27:04	,	268838	,	176	,10.5387,1999.9000,-0.1738,1587.8894,594695.6875,31.7595,605329.1875,1999.9000,
	2026/03/30 16:27:04	,	269838	,	177	,10.5388,1999.9000,-0.1796,1588.0582,594695.6875,31.7580,605329.1875,1999.9000,
	2026/03/30 16:27:04	,	270838	,	178	,10.5388,1999.9000,-0.1796,1588.1990,594695.6875,31.7582,605329.1875,1999.9000,
	2026/03/30 16:27:04	,	271838	,	179	,10.5388,1999.9000,-0.1796,1588.3160,594695.6875,31.7585,605329.1875,1999.9000,
	2026/03/30 16:27:04	,	272838	,	180	,10.5388,1999.9000,-0.1796,1588.5133,594695.6875,31.7602,605329.1875,1999.9000,
	2026/03/30 16:27:04	,	273838	,	181	,10.5388,1999.9000,-0.1796,1588.6775,594706.2500,31.7616,605113.5625,1999.9000,
	2026/03/30 16:27:04	,	274838	,	182	,10.5388,1999.9000,-0.1759,1588.8145,594874.4375,31.7628,604984.9375,1999.9000,
	2026/03/30 16:27:04	,	275838	,	183	,10.5388,1999.9000,-0.1727,1588.9286,594894.9375,31.7638,604878.6250,1999.9000,
	2026/03/30 16:27:04	,	276838	,	184	,10.5388,1999.9000,-0.1703,1589.1230,594915.5000,31.7662,604780.1250,1999.9000,
	2026/03/30 16:27:04	,	277838	,	185	,10.5388,1999.9000,-0.1666,1589.2853,595159.2500,31.7681,604609.1875,1999.9000,
	2026/03/30 16:27:04	,	278838	,	186	,10.5388,1999.9000,-0.1593,1589.3209,595546.5000,31.7728,604371.8125,1999.9000,
	2026/03/30 16:27:04	,	279838	,	187	,10.5388,1999.9000,-0.1534,1589.3506,595547.4375,31.7783,604371.8125,1999.9000,
	2026/03/30 16:27:04	,	280838	,	188	,10.5388,1999.9000,-0.1534,1589.2758,595547.7500,31.7782,604371.8125,1999.9000,
	2026/03/30 16:27:04	,	281838	,	189	,10.5388,1999.9000,-0.1534,1589.2136,595547.8750,31.7782,604371.8125,1999.9000,
	2026/03/30 16:27:04	,	282838	,	190	,10.5388,1999.9000,-0.1534,1589.0623,595547.9375,31.7781,604371.8125,1999.9000,
	2026/03/30 16:27:04	,	283838	,	191	,10.5388,1999.9000,-0.1534,1589.0355,595547.9375,31.7781,604576.0000,1999.9000,
	2026/03/30 16:27:04	,	284838	,	192	,10.5388,1999.9000,-0.1567,1589.2122,595428.5625,31.7827,604713.7500,1999.9000,
	2026/03/30 16:27:04	,	285838	,	193	,10.5388,1999.9000,-0.1611,1589.4590,595396.7500,31.7865,604807.3125,1999.9000,
	2026/03/30 16:27:04	,	286838	,	194	,10.5388,1999.9000,-0.1648,1589.6647,595373.1875,31.7897,604894.8750,1999.9000,
	2026/03/30 16:27:04	,	287838	,	195	,10.5389,1999.9000,-0.1688,1589.8361,595172.9375,31.7923,605028.4375,1999.9000,
	2026/03/30 16:27:04	,	288838	,	196	,10.5389,1999.9000,-0.1765,1590.3767,594823.1875,31.7884,605327.9375,1999.9000,
	2026/03/30 16:27:04	,	289838	,	197	,10.5389,1999.9000,-0.1832,1591.0262,594711.1875,31.7851,605327.9375,1999.9000,
	2026/03/30 16:27:04	,	290838	,	198	,10.5389,1999.9000,-0.1832,1591.6670,594711.1875,31.7823,605327.9375,1999.9000,
	2026/03/30 16:27:04	,	291838	,	199	,10.5390,1999.9000,-0.1832,1592.2010,594711.1875,31.7801,605327.9375,1999.9000,
	2026/03/30 16:27:04	,	292838	,	200	,10.5390,1999.9000,-0.1832,1592.6460,594711.1875,31.7782,605327.9375,1999.9000,
	2026/03/30 16:27:04	,	293838	,	201	,10.5389,1999.9000,-0.1832,1593.0168,594711.1875,31.7766,605184.8125,1999.9000,
	2026/03/30 16:27:04	,	294838	,	202	,10.5389,1999.9000,-0.1830,1593.2263,594852.3750,31.7753,605030.8125,1999.9000,
	2026/03/30 16:27:04	,	295838	,	203	,10.5389,1999.9000,-0.1770,1593.4010,594884.2500,31.7757,604912.4375,1999.9000,
	2026/03/30 16:27:04	,	296838	,	204	,10.5389,1999.9000,-0.1729,1593.5464,594903.1875,31.7761,604800.0625,1999.9000,
	2026/03/30 16:27:04	,	297838	,	205	,10.5388,1999.9000,-0.1688,1593.0708,595060.9375,31.7765,604670.8125,1999.9000,
	2026/03/30 16:27:04	,	298838	,	206	,10.5388,1999.9000,-0.1615,1592.6744,595402.9375,31.7767,604410.5000,1999.9000,
	2026/03/30 16:27:04	,	299838	,	207	,10.5388,1999.9000,-0.1545,1592.3442,595594.7500,31.7769,604410.5000,1999.9000,
	2026/03/30 16:27:04	,	300838	,	208	,10.5388,1999.9000,-0.1540,1591.5718,595594.7500,31.7771,604410.5000,1999.9000,
	2026/03/30 16:27:04	,	301838	,	209	,10.5388,1999.9000,-0.1539,1590.9279,595594.7500,31.7788,604410.5000,1999.9000,
	2026/03/30 16:27:04	,	302838	,	210	,10.5388,1999.9000,-0.1538,1590.3915,595594.7500,31.7801,604410.5000,1999.9000,
	2026/03/30 16:27:04	,	303838	,	211	,10.5388,1999.9000,-0.1538,1589.9442,595594.7500,31.7798,604508.9375,1999.9000,
	2026/03/30 16:27:04	,	304838	,	212	,10.5387,1999.9000,-0.1538,1589.5717,595447.0000,31.7795,604661.7500,1999.9000,
	2026/03/30 16:27:04	,	305838	,	213	,10.5388,1999.9000,-0.1579,1589.5597,595411.5625,31.7807,604775.3125,1999.9000,
	2026/03/30 16:27:04	,	306838	,	214	,10.5388,1999.9000,-0.1618,1589.6490,595385.6875,31.7849,604873.8125,1999.9000,
	2026/03/30 16:27:04	,	307838	,	215	,10.5388,1999.9000,-0.1658,1589.7235,595249.1875,31.7898,604983.0625,1999.9000,
	2026/03/30 16:27:04	,	308838	,	216	,10.5388,1999.9000,-0.1732,1589.6862,594970.3750,31.7955,605257.9375,1999.9000,
	2026/03/30 16:27:04	,	309838	,	217	,10.5388,1999.9000,-0.1815,1589.6549,594624.1875,31.8002,605257.9375,1999.9000,
	2026/03/30 16:27:04	,	310838	,	218	,10.5388,1999.9000,-0.1881,1589.5295,594624.1875,31.8026,605257.9375,1999.9000,
	2026/03/30 16:27:04	,	311838	,	219	,10.5388,1999.9000,-0.1881,1589.4250,594624.1875,31.8062,605257.9375,1999.9000,
	2026/03/30 16:27:04	,	312838	,	220	,10.5388,1999.9000,-0.1881,1589.9347,594624.1875,31.8091,605257.9375,1999.9000,
	2026/03/30 16:27:04	,	313838	,	221	,10.5388,1999.9000,-0.1881,1590.3595,594624.1875,31.8116,605256.1875,1999.9000,
	2026/03/30 16:27:04	,	314838	,	222	,10.5388,1999.9000,-0.1881,1590.1166,594789.2500,31.8136,605049.5000,1999.9000,
	2026/03/30 16:27:04	,	315838	,	223	,10.5388,1999.9000,-0.1859,1589.8147,594879.8125,31.8138,604922.6875,1999.9000,
	2026/03/30 16:27:04	,	316838	,	224	,10.5388,1999.9000,-0.1826,1589.5631,594898.8750,31.8124,604814.0000,1999.9000,
	2026/03/30 16:27:04	,	317838	,	225	,10.5388,1999.9000,-0.1794,1589.4529,594923.5000,31.8097,604706.5000,1999.9000,
	2026/03/30 16:27:04	,	318838	,	226	,10.5388,1999.9000,-0.1729,1589.3612,595251.5625,31.8075,604486.0000,1999.9000,
	2026/03/30 16:27:04	,	319838	,	227	,10.5388,1999.9000,-0.1647,1589.4838,595644.2500,31.8056,604468.7500,1999.9000,
	2026/03/30 16:27:04	,	320838	,	228	,10.5388,1999.9000,-0.1586,1589.5857,595644.2500,31.8041,604463.0000,1999.9000,
	2026/03/30 16:27:04	,	321838	,	229	,10.5388,1999.9000,-0.1584,1589.6707,595644.2500,31.8028,604460.0625,1999.9000,
	2026/03/30 16:27:04	,	322838	,	230	,10.5388,1999.9000,-0.1583,1589.7416,595644.2500,31.7971,604458.3750,1999.9000,
	2026/03/30 16:27:04	,	323838	,	231	,10.5388,1999.9000,-0.1583,1590.1985,595644.2500,31.7878,604457.1875,1999.9000,
	2026/03/30 16:27:04	,	324838	,	232	,10.5388,1999.9000,-0.1583,1590.6788,595491.6875,31.7801,604635.1875,1999.9000,
	2026/03/30 16:27:04	,	325838	,	233	,10.5389,1999.9000,-0.1583,1590.9796,595385.6875,31.7736,604755.9375,1999.9000,
	2026/03/30 16:27:04	,	326838	,	234	,10.5389,1999.9000,-0.1610,1591.1307,595360.3750,31.7728,604852.6250,1999.9000,
	2026/03/30 16:27:04	,	327838	,	235	,10.5389,1999.9000,-0.1637,1591.2567,595338.5625,31.7752,604936.5625,1999.9000,
	2026/03/30 16:27:04	,	328838	,	236	,10.5389,1999.9000,-0.1687,1591.4611,595096.0625,31.7803,605159.4375,1999.9000,
	2026/03/30 16:27:04	,	329838	,	237	,10.5389,1999.9000,-0.1761,1591.7308,594722.5000,31.7845,605308.6250,1999.9000,
	2026/03/30 16:27:04	,	330838	,	238	,10.5389,1999.9000,-0.1813,1591.8563,594722.5000,31.7849,605308.6250,1999.9000,
	2026/03/30 16:27:04	,	331838	,	239	,10.5389,1999.9000,-0.1813,1591.8613,594722.5000,31.7853,605308.6250,1999.9000,
	2026/03/30 16:27:04	,	332838	,	240	,10.5389,1999.9000,-0.1813,1591.8655,594722.5000,31.7871,605308.6250,1999.9000,
	2026/03/30 16:27:04	,	333838	,	241	,10.5389,1999.9000,-0.1813,1591.6700,594722.5000,31.7887,605308.6250,1999.9000,
	2026/03/30 16:27:04	,	334838	,	242	,10.5388,1999.9000,-0.1813,1591.4077,594725.5625,31.7869,605102.0625,1999.9000,
	2026/03/30 16:27:04	,	335838	,	243	,10.5388,1999.9000,-0.1813,1590.9901,594860.7500,31.7854,604962.5625,1999.9000,
	2026/03/30 16:27:04	,	336838	,	244	,10.5388,1999.9000,-0.1785,1590.4432,594890.1875,31.7841,604850.2500,1999.9000,
	2026/03/30 16:27:04	,	337838	,	245	,10.5388,1999.9000,-0.1757,1589.8879,594911.5625,31.7831,604760.8125,1999.9000,
	2026/03/30 16:27:04	,	338838	,	246	,10.5388,1999.9000,-0.1707,1589.4253,595131.2500,31.7822,604583.1875,1999.9000,
	2026/03/30 16:27:04	,	339838	,	247	,10.5388,1999.9000,-0.1624,1589.1392,595512.0000,31.7815,604387.5000,1999.9000,
	2026/03/30 16:27:04	,	340838	,	248	,10.5388,1999.9000,-0.1563,1589.0996,595527.1875,31.7810,604387.5000,1999.9000,
	2026/03/30 16:27:04	,	341838	,	249	,10.5388,1999.9000,-0.1561,1589.0667,595532.2500,31.7789,604387.5000,1999.9000,
	2026/03/30 16:27:04	,	342838	,	250	,10.5388,1999.9000,-0.1560,1589.0393,595534.8125,31.7787,604387.5000,1999.9000,
	2026/03/30 16:27:04	,	343838	,	251	,10.5388,1999.9000,-0.1559,1589.0164,595536.3125,31.7801,604387.5000,1999.9000,
	2026/03/30 16:27:04	,	344838	,	252	,10.5388,1999.9000,-0.1559,1589.2958,595537.3750,31.7813,604603.1875,1999.9000,
	2026/03/30 16:27:04	,	345838	,	253	,10.5389,1999.9000,-0.1559,1589.7275,595403.5625,31.7823,604732.3750,1999.9000,
	2026/03/30 16:27:04	,	346838	,	254	,10.5389,1999.9000,-0.1581,1590.0874,595369.8750,31.7861,604821.8125,1999.9000,
	2026/03/30 16:27:04	,	347838	,	255	,10.5389,1999.9000,-0.1581,1590.0874,595349.3125,31.7833,604859.2500,1999.9000,
	2026/03/30 16:27:04	,	348838	,	256	,10.5389,1999.9000,-0.1632,1590.4382,595187.2500,31.7824,605063.4375,1999.9000,
	2026/03/30 16:27:04	,	349838	,	257	,10.5389,1999.9000,-0.1703,1590.1823,594853.0000,31.7862,605376.3125,1999.9000,
	2026/03/30 16:27:04	,	350838	,	258	,10.5389,1999.9000,-0.1768,1589.9690,594707.0000,31.7894,605376.3125,1999.9000,
	2026/03/30 16:27:04	,	351838	,	259	,10.5389,1999.9000,-0.1793,1589.9901,594707.0000,31.7875,605376.3125,1999.9000,
	2026/03/30 16:27:04	,	352838	,	260	,10.5389,1999.9000,-0.1793,1590.0078,594707.0000,31.7813,605376.3125,1999.9000,
	2026/03/30 16:27:04	,	353838	,	261	,10.5388,1999.9000,-0.1793,1590.0225,594707.0000,31.7762,605376.3125,1999.9000,
	2026/03/30 16:27:04	,	354838	,	262	,10.5388,1999.9000,-0.1793,1590.0348,594707.0000,31.7719,605135.3125,1999.9000,
	2026/03/30 16:27:04	,	355838	,	263	,10.5388,1999.9000,-0.1793,1590.0449,594848.2500,31.7683,604982.4375,1999.9000,
	2026/03/30 16:27:04	,	356838	,	264	,10.5388,1999.9000,-0.1790,1590.0535,594875.0625,31.7638,604880.3750,1999.9000,
	2026/03/30 16:27:04	,	357838	,	265	,10.5388,1999.9000,-0.1764,1590.0605,594893.3125,31.7600,604793.4375,1999.9000,
	2026/03/30 16:27:04	,	358838	,	266	,10.5388,1999.9000,-0.1756,1590.0664,595022.2500,31.7569,604648.5000,1999.9000,
	2026/03/30 16:27:04	,	359838	,	267	,10.5388,1999.9000,-0.1689,1590.0713,595356.4375,31.7528,604361.0000,1999.9000,
	2026/03/30 16:27:04	,	360838	,	268	,10.5388,1999.9000,-0.1629,1590.0754,595612.0000,31.7509,604361.0000,1999.9000,
	2026/03/30 16:27:04	,	361838	,	269	,10.5388,1999.9000,-0.1626,1590.0789,595612.0000,31.7493,604361.0000,1999.9000,
	2026/03/30 16:27:04	,	362838	,	270	,10.5388,1999.9000,-0.1625,1589.9823,595612.0000,31.7479,604361.0000,1999.9000,
	2026/03/30 16:27:04	,	363838	,	271	,10.5388,1999.9000,-0.1624,1589.7029,595612.0000,31.7468,604361.0000,1999.9000,
	2026/03/30 16:27:04	,	364838	,	272	,10.5388,1999.9000,-0.1624,1589.6689,595612.0000,31.7459,604517.4375,1999.9000,
	2026/03/30 16:27:04	,	365838	,	273	,10.5388,1999.9000,-0.1624,1589.8396,595454.7500,31.7466,604659.3750,1999.9000,
	2026/03/30 16:27:04	,	366838	,	274	,10.5388,1999.9000,-0.1653,1590.0812,595371.3125,31.7488,604769.2500,1999.9000,
	2026/03/30 16:27:04	,	367838	,	275	,10.5388,1999.9000,-0.1678,1590.2827,595350.2500,31.7506,604861.6875,1999.9000,
	2026/03/30 16:27:04	,	368838	,	276	,10.5388,1999.9000,-0.1703,1590.4504,595252.1875,31.7537,604989.7500,1999.9000,
	2026/03/30 16:27:04	,	369838	,	277	,10.5388,1999.9000,-0.1766,1590.4504,594988.8750,31.7562,605283.3125,1999.9000,
	2026/03/30 16:27:04	,	370838	,	278	,10.5388,1999.9000,-0.1837,1590.2919,594635.5625,31.7583,605283.3125,1999.9000,
	2026/03/30 16:27:04	,	371838	,	279	,10.5388,1999.9000,-0.1873,1590.0603,594635.5625,31.7600,605283.3125,1999.9000,
	2026/03/30 16:27:04	,	372838	,	280	,10.5388,1999.9000,-0.1873,1589.9667,594635.5625,31.7722,605283.3125,1999.9000,
	2026/03/30 16:27:04	,	373838	,	281	,10.5388,1999.9000,-0.1873,1589.8888,594635.5625,31.7823,605283.3125,1999.9000,
	2026/03/30 16:27:04	,	374838	,	282	,10.5388,1999.9000,-0.1873,1589.8239,594635.5625,31.7862,605271.7500,1999.9000,
	2026/03/30 16:27:04	,	375838	,	283	,10.5388,1999.9000,-0.1873,1589.7246,594776.1250,31.7879,605039.2500,1999.9000,
	2026/03/30 16:27:04	,	376838	,	284	,10.5388,1999.9000,-0.1845,1589.7246,594876.8750,31.7878,604923.8750,1999.9000,
	2026/03/30 16:27:04	,	377838	,	285	,10.5388,1999.9000,-0.1817,1589.6871,594900.9375,31.7831,604826.6875,1999.9000,
	2026/03/30 16:27:04	,	378838	,	286	,10.5388,1999.9000,-0.1784,1589.6558,594990.0000,31.7837,604728.8125,1999.9000,
	2026/03/30 16:27:04	,	379838	,	287	,10.5388,1999.9000,-0.1715,1589.6296,595248.0625,31.7837,604481.1875,1999.9000,
	2026/03/30 16:27:04	,	380838	,	288	,10.5387,1999.9000,-0.1629,1589.6079,595621.0000,31.7843,604478.4375,1999.9000,
	2026/03/30 16:27:04	,	381838	,	289	,10.5387,1999.9000,-0.1567,1589.9875,595621.0000,31.7863,604477.5625,1999.9000,
	2026/03/30 16:27:04	,	382838	,	290	,10.5387,1999.9000,-0.1567,1589.9063,595621.0000,31.7880,604477.0625,1999.9000,
	2026/03/30 16:27:04	,	383838	,	291	,10.5388,1999.9000,-0.1567,1589.8385,595621.0000,31.7878,604476.7500,1999.9000,
	2026/03/30 16:27:04	,	384838	,	292	,10.5388,1999.9000,-0.1567,1589.7820,595621.0000,31.7862,604476.5625,1999.9000,
	2026/03/30 16:27:04	,	385838	,	293	,10.5388,1999.9000,-0.1567,1589.7349,595510.1875,31.7848,604652.1250,1999.9000,
	2026/03/30 16:27:04	,	386838	,	294	,10.5388,1999.9000,-0.1569,1589.6956,595402.3125,31.7852,604767.4375,1999.9000,
	2026/03/30 16:27:04	,	387838	,	295	,10.5388,1999.9000,-0.1594,1589.8617,595376.1250,31.7855,604871.3750,1999.9000,
	2026/03/30 16:27:04	,	388838	,	296	,10.5388,1999.9000,-0.1602,1590.0001,595353.0625,31.7843,604961.9375,1999.9000,
	2026/03/30 16:27:04	,	389838	,	297	,10.5388,1999.9000,-0.1655,1589.9166,595116.3125,31.7847,605210.8125,1999.9000,
	2026/03/30 16:27:04	,	390838	,	298	,10.5388,1999.9000,-0.1727,1589.8470,594761.2500,31.7851,605244.6250,1999.9000,
	2026/03/30 16:27:04	,	391838	,	299	,10.5388,1999.9000,-0.1768,1589.7891,594756.1875,31.7824,605255.8750,1999.9000,
	2026/03/30 16:27:04	,	392838	,	300	,10.5388,1999.9000,-0.1768,1589.7407,594754.4375,31.7801,605261.5000,1999.9000,
	2026/03/30 16:27:04	,	393838	,	301	,10.5388,1999.9000,-0.1768,1589.7006,594753.6875,31.7782,605264.9375,1999.9000,
	2026/03/30 16:27:04	,	394838	,	302	,10.5388,1999.9000,-0.1768,1589.6669,594753.1250,31.7767,605267.1250,1999.9000,
	2026/03/30 16:27:04	,	395838	,	303	,10.5388,1999.9000,-0.1768,1589.7384,594752.7500,31.7754,605080.3125,1999.9000,
	2026/03/30 16:27:04	,	396838	,	304	,10.5388,1999.9000,-0.1730,1589.7980,594867.2500,31.7758,604955.9375,1999.9000,
	2026/03/30 16:27:04	,	397838	,	305	,10.5388,1999.9000,-0.1698,1590.0464,594889.6250,31.7823,604849.0000,1999.9000,
	2026/03/30 16:27:04	,	398838	,	306	,10.5388,1999.9000,-0.1675,1590.2537,594904.8125,31.7876,604755.4375,1999.9000,
	2026/03/30 16:27:04	,	399838	,	307	,10.5389,1999.9000,-0.1637,1590.2274,595103.2500,31.7921,604560.2500,1999.9000,
	2026/03/30 16:27:04	,	400838	,	308	,10.5389,1999.9000,-0.1573,1590.4044,595479.8125,31.7959,604414.1250,1999.9000,
	2026/03/30 16:27:04	,	401838	,	309	,10.5389,1999.9000,-0.1545,1590.5520,595513.1250,31.7990,604414.1250,1999.9000,
	2026/03/30 16:27:04	,	402838	,	310	,10.5389,1999.9000,-0.1545,1590.6748,595524.3125,31.8016,604414.1250,1999.9000,
	2026/03/30 16:27:04	,	403838	,	311	,10.5389,1999.9000,-0.1545,1590.5784,595529.8750,31.8038,604414.1250,1999.9000,
	2026/03/30 16:27:04	,	404838	,	312	,10.5388,1999.9000,-0.1545,1590.4980,595533.1875,31.8010,604414.1250,1999.9000,
	2026/03/30 16:27:04	,	405838	,	313	,10.5388,1999.9000,-0.1545,1590.4310,595535.3750,31.7957,604414.1250,1999.9000,
	2026/03/30 16:27:04	,	406838	,	314	,10.5388,1999.9000,-0.1587,1590.3752,595402.3125,31.7881,604614.6250,1999.9000,
	2026/03/30 16:27:04	,	407838	,	315	,10.5388,1999.9000,-0.1627,1590.5276,595371.1250,31.7818,604735.4375,1999.9000,
	2026/03/30 16:27:04	,	408838	,	316	,10.5388,1999.9000,-0.1659,1590.8536,595350.6875,31.7766,604834.5000,1999.9000,
	2026/03/30 16:27:04	,	409838	,	317	,10.5388,1999.9000,-0.1703,1591.0258,595213.4375,31.7722,604924.5000,1999.9000,
	2026/03/30 16:27:04	,	410838	,	318	,10.5388,1999.9000,-0.1784,1591.2687,594887.0000,31.7686,605116.5625,1999.9000,
	2026/03/30 16:27:04	,	411838	,	319	,10.5388,1999.9000,-0.1855,1591.4711,594661.1875,31.7702,605365.4375,1999.9000,
	2026/03/30 16:27:04	,	412838	,	320	,10.5388,1999.9000,-0.1890,1591.6398,594661.1875,31.7714,605365.4375,1999.9000,
	2026/03/30 16:27:04	,	413838	,	321	,10.5387,1999.9000,-0.1890,1591.6808,594661.1875,31.7725,605365.4375,1999.9000,
	2026/03/30 16:27:04	,	414838	,	322	,10.5387,1999.9000,-0.1890,1591.6157,594661.1875,31.7734,605365.4375,1999.9000,
	2026/03/30 16:27:04	,	415838	,	323	,10.5387,1999.9000,-0.1890,1591.5614,594661.1875,31.7742,605365.4375,1999.9000,
	2026/03/30 16:27:04	,	416838	,	324	,10.5387,1999.9000,-0.1890,1591.5161,594804.1250,31.7687,605132.8750,1999.9000,
	2026/03/30 16:27:04	,	417838	,	325	,10.5387,1999.9000,-0.1861,1591.0806,594842.8750,31.7641,604984.3125,1999.9000,
	2026/03/30 16:27:04	,	418838	,	326	,10.5387,1999.9000,-0.1837,1590.5186,594869.5000,31.7603,604882.1875,1999.9000,
	2026/03/30 16:27:04	,	419838	,	327	,10.5387,1999.9000,-0.1806,1590.0503,595010.8750,31.7571,604791.6250,1999.9000,
	2026/03/30 16:27:04	,	420838	,	328	,10.5387,1999.9000,-0.1738,1589.6600,595330.8125,31.7545,604632.7500,1999.9000,
	2026/03/30 16:27:04	,	421838	,	329	,10.5386,1999.9000,-0.1676,1589.3347,595627.5000,31.7569,604350.7500,1999.9000,
	2026/03/30 16:27:04	,	422838	,	330	,10.5386,1999.9000,-0.1645,1589.0637,595627.5000,31.7589,604350.7500,1999.9000,
	2026/03/30 16:27:04	,	423838	,	331	,10.5386,1999.9000,-0.1645,1589.0369,595627.5000,31.7605,604350.7500,1999.9000,
	2026/03/30 16:27:04	,	424838	,	332	,10.5386,1999.9000,-0.1645,1589.1138,595627.5000,31.7665,604350.7500,1999.9000,
	2026/03/30 16:27:04	,	425838	,	333	,10.5387,1999.9000,-0.1645,1589.1779,595627.5000,31.7715,604350.7500,1999.9000,
	2026/03/30 16:27:04	,	426838	,	334	,10.5387,1999.9000,-0.1645,1589.3309,595455.9375,31.7771,604567.5000,1999.9000,
	2026/03/30 16:27:04	,	427838	,	335	,10.5387,1999.9000,-0.1671,1590.1547,595367.8125,31.7819,604705.2500,1999.9000,
	2026/03/30 16:27:04	,	428838	,	336	,10.5387,1999.9000,-0.1680,1590.8412,595351.6875,31.7858,604810.3125,1999.9000,
	2026/03/30 16:27:04	,	429838	,	337	,10.5387,1999.9000,-0.1706,1591.5128,595327.2500,31.7876,604905.7500,1999.9000,
	2026/03/30 16:27:04	,	430838	,	338	,10.5388,1999.9000,-0.1758,1592.0724,595034.1250,31.7905,605044.6875,1999.9000,
	2026/03/30 16:27:04	,	431838	,	339	,10.5388,1999.9000,-0.1813,1592.5387,594664.6875,31.7945,605346.6875,1999.9000,
	2026/03/30 16:27:04	,	432838	,	340	,10.5388,1999.9000,-0.1813,1592.8280,594664.6875,31.7979,605346.6875,1999.9000,
	2026/03/30 16:27:04	,	433838	,	341	,10.5388,1999.9000,-0.1813,1592.9695,594664.6875,31.7992,605346.6875,1999.9000,
	2026/03/30 16:27:04	,	434838	,	342	,10.5388,1999.9000,-0.1813,1592.9879,594664.6875,31.8017,605346.6875,1999.9000,
	2026/03/30 16:27:04	,	435838	,	343	,10.5388,1999.9000,-0.1813,1593.0033,594664.6875,31.8039,605346.6875,1999.9000,
	2026/03/30 16:27:04	,	436838	,	344	,10.5388,1999.9000,-0.1813,1593.0162,594790.4375,31.8057,605187.2500,1999.9000,
	2026/03/30 16:27:04	,	437838	,	345	,10.5387,1999.9000,-0.1810,1593.0269,594882.1875,31.8072,605020.5625,1999.9000,
	2026/03/30 16:27:04	,	438838	,	346	,10.5387,1999.9000,-0.1755,1592.7374,594900.0625,31.8099,604902.7500,1999.9000,
	2026/03/30 16:27:04	,	439838	,	347	,10.5387,1999.9000,-0.1721,1592.1978,594920.1875,31.8107,604797.0625,1999.9000,
	2026/03/30 16:27:04	,	440838	,	348	,10.5387,1999.9000,-0.1689,1591.7479,595196.1875,31.8129,604676.2500,1999.9000,
	2026/03/30 16:27:04	,	441838	,	349	,10.5387,1999.9000,-0.1623,1590.7762,595579.8750,31.8147,604412.3125,1999.9000,
	2026/03/30 16:27:04	,	442838	,	350	,10.5387,1999.9000,-0.1549,1589.7676,595579.8750,31.8178,604412.3125,1999.9000,
	2026/03/30 16:27:04	,	443838	,	351	,10.5387,1999.9000,-0.1497,1588.9271,595579.8750,31.8203,604412.3125,1999.9000,
	2026/03/30 16:27:04	,	444838	,	352	,10.5387,1999.9000,-0.1497,1588.2267,595579.8750,31.8224,604412.3125,1999.9000,
	2026/03/30 16:27:04	,	445838	,	353	,10.5387,1999.9000,-0.1497,1587.6431,595579.8750,31.8242,604412.3125,1999.9000,
	2026/03/30 16:27:04	,	446838	,	354	,10.5387,1999.9000,-0.1497,1587.3556,595567.8750,31.8256,604502.9375,1999.9000,
	2026/03/30 16:27:04	,	447838	,	355	,10.5388,1999.9000,-0.1497,1587.1161,595392.1875,31.8269,604667.8125,1999.9000,
	2026/03/30 16:27:04	,	448838	,	356	,10.5388,1999.9000,-0.1497,1587.3142,595363.0625,31.8279,604769.2500,1999.9000,
	2026/03/30 16:27:04	,	449838	,	357	,10.5388,1999.9000,-0.1519,1587.5789,595338.8125,31.8287,604858.0625,1999.9000,
	2026/03/30 16:27:04	,	450838	,	358	,10.5388,1999.9000,-0.1529,1587.7994,595117.5625,31.8279,604967.3750,1999.9000,
	2026/03/30 16:27:04	,	451838	,	359	,10.5388,1999.9000,-0.1590,1588.0829,594761.2500,31.8242,605242.2500,1999.9000,
	2026/03/30 16:27:04	,	452838	,	360	,10.5389,1999.9000,-0.1661,1588.3188,594739.1875,31.8180,605250.6250,1999.9000,
	2026/03/30 16:27:04	,	453838	,	361	,10.5389,1999.9000,-0.1710,1588.8140,594731.8750,31.8129,605253.5000,1999.9000,
	2026/03/30 16:27:04	,	454838	,	362	,10.5389,1999.9000,-0.1710,1589.6244,594731.8750,31.8086,605254.8750,1999.9000,
	2026/03/30 16:27:04	,	455838	,	363	,10.5389,1999.9000,-0.1710,1590.2998,594728.1875,31.8050,605255.7500,1999.9000,
	2026/03/30 16:27:04	,	456838	,	364	,10.5389,1999.9000,-0.1710,1590.8627,594725.9375,31.8020,605256.3125,1999.9000,
	2026/03/30 16:27:04	,	457838	,	365	,10.5389,1999.9000,-0.1710,1591.3317,594724.5625,31.7919,605071.2500,1999.9000,
	2026/03/30 16:27:04	,	458838	,	366	,10.5389,1999.9000,-0.1688,1591.7227,594839.2500,31.7804,604949.8750,1999.9000,
	2026/03/30 16:27:04	,	459838	,	367	,10.5388,1999.9000,-0.1665,1592.0483,594871.8125,31.7693,604839.3125,1999.9000,
	2026/03/30 16:27:04	,	460838	,	368	,10.5388,1999.9000,-0.1655,1592.2203,594894.7500,31.7600,604739.6875,1999.9000,
	2026/03/30 16:27:04	,	461838	,	369	,10.5388,1999.9000,-0.1600,1591.9658,595084.7500,31.7539,604529.5000,1999.9000,
	2026/03/30 16:27:04	,	462838	,	370	,10.5388,1999.9000,-0.1530,1591.5547,595455.9375,31.7517,604425.0000,1999.9000,
	2026/03/30 16:27:04	,	463838	,	371	,10.5388,1999.9000,-0.1529,1591.2119,595560.8125,31.7500,604425.0000,1999.9000,
	2026/03/30 16:27:04	,	464838	,	372	,10.5388,1999.9000,-0.1528,1590.9264,595560.8125,31.7485,604425.0000,1999.9000,
	2026/03/30 16:27:04	,	465838	,	373	,10.5388,1999.9000,-0.1528,1591.2854,595560.8125,31.7565,604425.0000,1999.9000,
	2026/03/30 16:27:04	,	466838	,	374	,10.5388,1999.9000,-0.1528,1591.5844,595560.8125,31.7631,604425.0000,1999.9000,
	2026/03/30 16:27:04	,	467838	,	375	,10.5388,1999.9000,-0.1528,1591.9332,595560.8125,31.7717,604618.3125,1999.9000,
	2026/03/30 16:27:04	,	468838	,	376	,10.5388,1999.9000,-0.1572,1592.3232,595416.6250,31.7789,604749.3750,1999.9000,
	2026/03/30 16:27:04	,	469838	,	377	,10.5388,1999.9000,-0.1614,1592.6484,595382.0625,31.7848,604847.8125,1999.9000,
	2026/03/30 16:27:04	,	470838	,	378	,10.5388,1999.9000,-0.1650,1592.9193,595361.3750,31.7928,604937.8125,1999.9000,
	2026/03/30 16:27:04	,	471838	,	379	,10.5388,1999.9000,-0.1700,1593.1451,595228.3125,31.7995,605151.0000,1999.9000,
	2026/03/30 16:27:04	,	472838	,	380	,10.5388,1999.9000,-0.1782,1593.3333,594927.5000,31.8020,605323.7500,1999.9000,
	2026/03/30 16:27:04	,	473838	,	381	,10.5388,1999.9000,-0.1842,1593.3905,594673.6875,31.8041,605323.7500,1999.9000,
	2026/03/30 16:27:04	,	474838	,	382	,10.5388,1999.9000,-0.1842,1593.3389,594673.6875,31.8059,605323.7500,1999.9000,
	2026/03/30 16:27:04	,	475838	,	383	,10.5388,1999.9000,-0.1842,1593.1962,594673.6875,31.8074,605323.7500,1999.9000,
	2026/03/30 16:27:04	,	476838	,	384	,10.5388,1999.9000,-0.1842,1592.9780,594673.6875,31.8025,605323.7500,1999.9000,
	2026/03/30 16:27:04	,	477838	,	385	,10.5388,1999.9000,-0.1842,1592.6967,594673.6875,31.7999,605109.9375,1999.9000,
	2026/03/30 16:27:04	,	478838	,	386	,10.5388,1999.9000,-0.1797,1592.3627,594832.7500,31.7962,604969.2500,1999.9000,
	2026/03/30 16:27:04	,	479838	,	387	,10.5388,1999.9000,-0.1757,1591.9849,594865.5000,31.7932,604856.8125,1999.9000,
	2026/03/30 16:27:04	,	480838	,	388	,10.5388,1999.9000,-0.1723,1591.6700,594886.3750,31.7906,604768.6250,1999.9000,
	2026/03/30 16:27:04	,	481838	,	389	,10.5388,1999.9000,-0.1680,1591.2089,595009.1250,31.7885,604602.5625,1999.9000,
	2026/03/30 16:27:04	,	482838	,	390	,10.5388,1999.9000,-0.1603,1590.7250,595312.9375,31.7883,604349.5000,1999.9000,
	2026/03/30 16:27:04	,	483838	,	391	,10.5388,1999.9000,-0.1563,1590.3217,595636.5000,31.7881,604349.5000,1999.9000,
	2026/03/30 16:27:04	,	484838	,	392	,10.5388,1999.9000,-0.1563,1589.9857,595636.5000,31.7880,604349.5000,1999.9000,
	2026/03/30 16:27:04	,	485838	,	393	,10.5388,1999.9000,-0.1563,1589.7058,595636.5000,31.7894,604349.5000,1999.9000,
	2026/03/30 16:27:04	,	486838	,	394	,10.5388,1999.9000,-0.1563,1589.4724,595636.5000,31.7905,604349.5000,1999.9000,
	2026/03/30 16:27:04	,	487838	,	395	,10.5388,1999.9000,-0.1563,1589.2780,595636.5000,31.7915,604561.5000,1999.9000,
	2026/03/30 16:27:04	,	488838	,	396	,10.5388,1999.9000,-0.1610,1589.9116,595451.8125,31.7892,604701.6250,1999.9000,
	2026/03/30 16:27:04	,	489838	,	397	,10.5388,1999.9000,-0.1652,1590.4398,595360.0625,31.7874,604806.7500,1999.9000,
	2026/03/30 16:27:04	,	490838	,	398	,10.5388,1999.9000,-0.1688,1590.8799,595343.9375,31.7858,604901.5625,1999.9000,
	2026/03/30 16:27:04	,	491838	,	399	,10.5389,1999.9000,-0.1726,1591.2466,595321.3125,31.7845,605053.1250,1999.9000,
	2026/03/30 16:27:04	,	492838	,	400	,10.5389,1999.9000,-0.1801,1591.5521,595042.5000,31.7880,605362.3750,1999.9000,
	2026/03/30 16:27:04	,	493838	,	401	,10.5389,1999.9000,-0.1872,1591.5083,594682.5625,31.7909,605362.3750,1999.9000,
	2026/03/30 16:27:04	,	494838	,	402	,10.5389,1999.9000,-0.1872,1591.4719,594682.5625,31.7872,605362.3750,1999.9000,
	2026/03/30 16:27:04	,	495838	,	403	,10.5389,1999.9000,-0.1872,1591.3420,594682.5625,31.7856,605362.3750,1999.9000,
	2026/03/30 16:27:04	,	496838	,	404	,10.5389,1999.9000,-0.1872,1591.2338,594682.5625,31.7874,605362.3750,1999.9000,
	2026/03/30 16:27:04	,	497838	,	405	,10.5389,1999.9000,-0.1872,1591.1436,594682.5625,31.7935,605158.8750,1999.9000,
	2026/03/30 16:27:04	,	498838	,	406	,10.5389,1999.9000,-0.1870,1591.0685,594770.1875,31.7985,605009.6875,1999.9000,
	2026/03/30 16:27:04	,	499838	,	407	,10.5389,1999.9000,-0.1822,1591.0060,594864.3125,31.8027,604890.6875,1999.9000,
	2026/03/30 16:27:04	,	500838	,	408	,10.5389,1999.9000,-0.1786,1590.9536,594884.0000,31.8063,604781.9375,1999.9000,
	2026/03/30 16:27:04	,	501838	,	409	,10.5389,1999.9000,-0.1746,1590.9102,594904.4375,31.8092,604652.1250,1999.9000,
	2026/03/30 16:27:04	,	502838	,	410	,10.5389,1999.9000,-0.1670,1590.5754,595171.1875,31.8116,604387.5000,1999.9000,
	2026/03/30 16:27:04	,	503838	,	411	,10.5388,1999.9000,-0.1589,1590.2966,595566.1875,31.8116,604387.5000,1999.9000,
	2026/03/30 16:27:04	,	504838	,	412	,10.5388,1999.9000,-0.1531,1590.3628,595566.1875,31.8137,604387.5000,1999.9000,
	2026/03/30 16:27:04	,	505838	,	413	,10.5389,1999.9000,-0.1531,1590.4178,595566.1875,31.8154,604387.5000,1999.9000,
	2026/03/30 16:27:04	,	506838	,	414	,10.5389,1999.9000,-0.1531,1590.4636,595566.1875,31.8168,604387.5000,1999.9000,
	2026/03/30 16:27:04	,	507838	,	415	,10.5389,1999.9000,-0.1531,1590.5018,595566.1875,31.8179,604521.6250,1999.9000,
	2026/03/30 16:27:04	,	508838	,	416	,10.5389,1999.9000,-0.1531,1590.4342,595559.3125,31.8189,604685.9375,1999.9000,
	2026/03/30 16:27:04	,	509838	,	417	,10.5389,1999.9000,-0.1533,1590.5768,595410.6875,31.8197,604789.8125,1999.9000,
	2026/03/30 16:27:04	,	510838	,	418	,10.5389,1999.9000,-0.1566,1591.0934,595384.4375,31.8188,604884.0625,1999.9000,
	2026/03/30 16:27:04	,	511838	,	419	,10.5389,1999.9000,-0.1590,1591.5242,595362.0000,31.8136,605002.4375,1999.9000,
	2026/03/30 16:27:04	,	512838	,	420	,10.5389,1999.9000,-0.1643,1591.9824,595167.0000,31.8092,605280.8750,1999.9000,
	2026/03/30 16:27:04	,	513838	,	421	,10.5389,1999.9000,-0.1716,1592.3644,594810.6875,31.8055,605280.8750,1999.9000,
	2026/03/30 16:27:04	,	514838	,	422	,10.5389,1999.9000,-0.1773,1592.6826,594693.3125,31.7978,605280.8750,1999.9000,
	2026/03/30 16:27:04	,	515838	,	423	,10.5389,1999.9000,-0.1782,1592.8483,594693.3125,31.7915,605280.8750,1999.9000,
	2026/03/30 16:27:04	,	516838	,	424	,10.5389,1999.9000,-0.1785,1592.9865,594693.3125,31.7816,605280.8750,1999.9000,
	2026/03/30 16:27:04	,	517838	,	425	,10.5389,1999.9000,-0.1786,1593.1016,594693.3125,31.7733,605270.9375,1999.9000,
	2026/03/30 16:27:04	,	518838	,	426	,10.5389,1999.9000,-0.1787,1592.7001,594829.7500,31.7653,605056.1875,1999.9000,
	2026/03/30 16:27:04	,	519838	,	427	,10.5389,1999.9000,-0.1788,1592.2661,594829.7500,31.7653,604930.5625,1999.9000,
	2026/03/30 16:27:04	,	520838	,	428	,10.5389,1999.9000,-0.1785,1591.8049,594863.1250,31.7613,604803.0625,1999.9000,
	2026/03/30 16:27:04	,	521838	,	429	,10.5389,1999.9000,-0.1758,1591.4207,594886.1875,31.7580,604690.7500,1999.9000,
	2026/03/30 16:27:04	,	522838	,	430	,10.5388,1999.9000,-0.1720,1591.1005,595072.8750,31.7552,604452.7500,1999.9000,
	2026/03/30 16:27:04	,	523838	,	431	,10.5388,1999.9000,-0.1656,1590.8336,595430.9375,31.7559,604438.9375,1999.9000,
	2026/03/30 16:27:04	,	524838	,	432	,10.5388,1999.9000,-0.1609,1590.6112,595599.5000,31.7535,604434.3125,1999.9000,
	2026/03/30 16:27:04	,	525838	,	433	,10.5388,1999.9000,-0.1609,1590.4258,595599.5000,31.7514,604431.9375,1999.9000,
	2026/03/30 16:27:04	,	526838	,	434	,10.5388,1999.9000,-0.1609,1590.1719,595599.5000,31.7498,604430.5000,1999.9000,
	2026/03/30 16:27:04	,	527838	,	435	,10.5388,1999.9000,-0.1609,1589.9602,595599.5000,31.7483,604429.5625,1999.9000,
	2026/03/30 16:27:04	,	528838	,	436	,10.5387,1999.9000,-0.1609,1589.8834,595599.5000,31.7472,604615.8750,1999.9000,
	2026/03/30 16:27:04	,	529838	,	437	,10.5387,1999.9000,-0.1610,1589.8195,595433.3125,31.7462,604745.1250,1999.9000,
	2026/03/30 16:27:04	,	530838	,	438	,10.5388,1999.9000,-0.1634,1589.8655,595346.9375,31.7500,604862.8750,1999.9000,
	2026/03/30 16:27:04	,	531838	,	439	,10.5388,1999.9000,-0.1641,1589.8043,595332.0625,31.7607,604950.5000,1999.9000,
	2026/03/30 16:27:04	,	532838	,	440	,10.5388,1999.9000,-0.1682,1589.7535,595228.9375,31.7697,605171.5000,1999.9000,
	2026/03/30 16:27:04	,	533838	,	441	,10.5388,1999.9000,-0.1752,1589.8105,594946.0000,31.7772,605282.0625,1999.9000,
	2026/03/30 16:27:04	,	534838	,	442	,10.5388,1999.9000,-0.1810,1589.8582,594653.4375,31.7865,605282.0625,1999.9000,
	2026/03/30 16:27:04	,	535838	,	443	,10.5388,1999.9000,-0.1810,1589.8978,594653.4375,31.7942,605282.0625,1999.9000,
	2026/03/30 16:27:04	,	536838	,	444	,10.5388,1999.9000,-0.1810,1590.0304,594653.4375,31.8007,605282.0625,1999.9000,
	2026/03/30 16:27:04	,	537838	,	445	,10.5389,1999.9000,-0.1810,1590.0414,594653.4375,31.8030,605282.0625,1999.9000,
	2026/03/30 16:27:04	,	538838	,	446	,10.5389,1999.9000,-0.1810,1590.0505,594653.4375,31.8050,605067.0625,1999.9000,
	2026/03/30 16:27:04	,	539838	,	447	,10.5389,1999.9000,-0.1776,1589.7598,594812.5000,31.8035,604931.1250,1999.9000,
	2026/03/30 16:27:04	,	540838	,	448	,10.5389,1999.9000,-0.1736,1589.8157,594895.8750,31.8023,604832.6875,1999.9000,
	2026/03/30 16:27:04	,	541838	,	449	,10.5389,1999.9000,-0.1706,1589.5641,594908.1250,31.8044,604796.1875,1999.9000,
	2026/03/30 16:27:04	,	542838	,	450	,10.5389,1999.9000,-0.1671,1589.3544,594934.0625,31.8091,604574.8125,1999.9000,
	2026/03/30 16:27:04	,	543838	,	451	,10.5389,1999.9000,-0.1606,1589.1796,595261.6875,31.8070,604432.8750,1999.9000,
	2026/03/30 16:27:04	,	544838	,	452	,10.5389,1999.9000,-0.1570,1589.0339,595636.5000,31.8037,604432.8750,1999.9000,
	2026/03/30 16:27:04	,	545838	,	453	,10.5389,1999.9000,-0.1570,1588.9125,595636.5000,31.8009,604432.8750,1999.9000,
	2026/03/30 16:27:04	,	546838	,	454	,10.5389,1999.9000,-0.1570,1588.9108,595636.5000,31.8002,604432.8750,1999.9000,
	2026/03/30 16:27:04	,	547838	,	455	,10.5388,1999.9000,-0.1570,1589.0088,595636.5000,31.7995,604432.8750,1999.9000,
	2026/03/30 16:27:04	,	548838	,	456	,10.5388,1999.9000,-0.1570,1589.0905,595636.5000,31.7990,604649.0625,1999.9000,
	2026/03/30 16:27:04	,	549838	,	457	,10.5388,1999.9000,-0.1605,1589.1586,595481.0000,31.7985,604760.2500,1999.9000,
	2026/03/30 16:27:04	,	550838	,	458	,10.5388,1999.9000,-0.1640,1589.2155,595373.7500,31.7936,604796.5000,1999.9000,
	2026/03/30 16:27:04	,	551838	,	459	,10.5387,1999.9000,-0.1674,1589.2627,595351.6875,31.7864,604899.7500,1999.9000,
	2026/03/30 16:27:04	,	552838	,	460	,10.5387,1999.9000,-0.1715,1589.3020,595332.0625,31.7804,605083.3125,1999.9000,
	2026/03/30 16:27:04	,	553838	,	461	,10.5387,1999.9000,-0.1790,1589.4343,595083.0000,31.7785,605343.1250,1999.9000,
	2026/03/30 16:27:04	,	554838	,	462	,10.5387,1999.9000,-0.1857,1589.5446,594706.4375,31.7830,605343.1250,1999.9000,
	2026/03/30 16:27:04	,	555838	,	463	,10.5387,1999.9000,-0.1865,1589.7360,594706.4375,31.7806,605343.1250,1999.9000,
	2026/03/30 16:27:04	,	556838	,	464	,10.5387,1999.9000,-0.1868,1589.7960,594706.4375,31.7817,605343.1250,1999.9000,
	2026/03/30 16:27:04	,	557838	,	465	,10.5387,1999.9000,-0.1869,1589.7465,594706.4375,31.7856,605343.1250,1999.9000,
	2026/03/30 16:27:04	,	558838	,	466	,10.5388,1999.9000,-0.1870,1589.7053,594706.4375,31.7920,605125.6250,1999.9000,
	2026/03/30 16:27:04	,	559838	,	467	,10.5388,1999.9000,-0.1871,1589.6709,594713.3750,31.7973,604991.5625,1999.9000,
	2026/03/30 16:27:04	,	560838	,	468	,10.5388,1999.9000,-0.1849,1589.6422,594861.9375,31.8017,604991.5625,1999.9000,
	2026/03/30 16:27:04	,	561838	,	469	,10.5387,1999.9000,-0.1826,1589.6184,594888.1250,31.7993,604870.7500,1999.9000,
	2026/03/30 16:27:04	,	562838	,	470	,10.5387,1999.9000,-0.1798,1589.5985,594912.8125,31.7973,604642.4375,1999.9000,
	2026/03/30 16:27:04	,	563838	,	471	,10.5387,1999.9000,-0.1733,1589.5819,595161.6250,31.7956,604642.4375,1999.9000,
	2026/03/30 16:27:04	,	564838	,	472	,10.5387,1999.9000,-0.1668,1589.5680,595542.9375,31.8003,604347.0625,1999.9000,
	2026/03/30 16:27:04	,	565838	,	473	,10.5387,1999.9000,-0.1643,1589.7555,595542.9375,31.8057,604347.0625,1999.9000,
	2026/03/30 16:27:04	,	566838	,	474	,10.5387,1999.9000,-0.1643,1589.9116,595542.9375,31.8087,604347.0625,1999.9000,
	2026/03/30 16:27:04	,	567838	,	475	,10.5387,1999.9000,-0.1643,1589.8429,595542.9375,31.8005,604347.0625,1999.9000,
	2026/03/30 16:27:04	,	568838	,	476	,10.5387,1999.9000,-0.1643,1589.7856,595542.9375,31.7937,604347.0625,1999.9000,
	2026/03/30 16:27:04	,	569838	,	477	,10.5387,1999.9000,-0.1643,1589.7379,595542.6875,31.8003,604548.8125,1999.9000,
	2026/03/30 16:27:04	,	570838	,	478	,10.5388,1999.9000,-0.1671,1589.6981,595416.0625,31.8057,604704.0000,1999.9000,
	2026/03/30 16:27:04	,	571838	,	479	,10.5388,1999.9000,-0.1695,1589.6649,595387.7500,31.7965,604801.3125,1999.9000,
	2026/03/30 16:27:04	,	572838	,	480	,10.5388,1999.9000,-0.1718,1589.6372,595366.1875,31.7843,604891.9375,1999.9000,
	2026/03/30 16:27:04	,	573838	,	481	,10.5388,1999.9000,-0.1772,1589.6143,595180.0625,31.7741,605014.5000,1999.9000,
	2026/03/30 16:27:04	,	574838	,	482	,10.5388,1999.9000,-0.1837,1589.5950,594846.4375,31.7610,605307.4375,1999.9000,
	2026/03/30 16:27:04	,	575838	,	483	,10.5388,1999.9000,-0.1837,1589.9769,594675.4375,31.7501,605307.4375,1999.9000,
	2026/03/30 16:27:04	,	576838	,	484	,10.5388,1999.9000,-0.1837,1590.7926,594675.4375,31.7440,605307.4375,1999.9000,
	2026/03/30 16:27:04	,	577838	,	485	,10.5388,1999.9000,-0.1837,1591.4722,594675.4375,31.7390,605307.4375,1999.9000,
	2026/03/30 16:27:04	,	578838	,	486	,10.5388,1999.9000,-0.1837,1592.0387,594675.4375,31.7348,605307.4375,1999.9000,
	2026/03/30 16:27:04	,	579838	,	487	,10.5388,1999.9000,-0.1836,1592.5107,594675.4375,31.7313,605177.0000,1999.9000,
	2026/03/30 16:27:04	,	580838	,	488	,10.5388,1999.9000,-0.1795,1592.7051,594822.0000,31.7284,605001.1875,1999.9000,
	2026/03/30 16:27:04	,	581838	,	489	,10.5388,1999.9000,-0.1761,1592.5687,594902.5000,31.7274,604891.3125,1999.9000,
	2026/03/30 16:27:04	,	582838	,	490	,10.5388,1999.9000,-0.1728,1592.3555,594918.5000,31.7359,604785.0000,1999.9000,
	2026/03/30 16:27:04	,	583838	,	491	,10.5387,1999.9000,-0.1665,1591.9790,595055.5625,31.7444,604669.6250,1999.9000,
	2026/03/30 16:27:04	,	584838	,	492	,10.5387,1999.9000,-0.1581,1591.4662,595392.8125,31.7515,604412.8750,1999.9000,
	2026/03/30 16:27:04	,	585838	,	493	,10.5387,1999.9000,-0.1522,1590.8398,595606.7500,31.7575,604412.8750,1999.9000,
	2026/03/30 16:27:04	,	586838	,	494	,10.5387,1999.9000,-0.1522,1590.8398,595606.7500,31.7624,604412.8750,1999.9000,
	2026/03/30 16:27:04	,	587838	,	495	,10.5387,1999.9000,-0.1522,1590.3180,595606.7500,31.7665,604412.8750,1999.9000,
	2026/03/30 16:27:04	,	588838	,	496	,10.5386,1999.9000,-0.1522,1590.0822,595606.7500,31.7700,604412.8750,1999.9000,
	2026/03/30 16:27:04	,	589838	,	497	,10.5386,1999.9000,-0.1522,1589.8854,595606.7500,31.7729,604424.8750,1999.9000,
	2026/03/30 16:27:04	,	590838	,	498	,10.5386,1999.9000,-0.1553,1589.3235,595460.7500,31.7768,604667.8125,1999.9000,
	2026/03/30 16:27:04	,	591838	,	499	,10.5386,1999.9000,-0.1585,1588.8555,595422.3125,31.7800,604791.6250,1999.9000,
	2026/03/30 16:27:04	,	592838	,	500	,10.5387,1999.9000,-0.1617,1588.4655,595397.7500,31.7873,604889.5000,1999.9000,
	2026/03/30 16:27:04	,	593838	,	501	,10.5387,1999.9000,-0.1671,1588.5383,595271.3125,31.7934,604985.5000,1999.9000,
	2026/03/30 16:27:04	,	594838	,	502	,10.5387,1999.9000,-0.1757,1588.6984,594990.6250,31.7984,605234.3750,1999.9000,
	2026/03/30 16:27:04	,	595838	,	503	,10.5387,1999.9000,-0.1826,1588.9314,594633.1875,31.7981,605252.7500,1999.9000,
	2026/03/30 16:27:04	,	596838	,	504	,10.5387,1999.9000,-0.1832,1589.3245,594633.1875,31.7978,605258.8750,1999.9000,
	2026/03/30 16:27:04	,	597838	,	505	,10.5387,1999.9000,-0.1835,1589.6521,594633.1875,31.7960,605261.8750,1999.9000,
	2026/03/30 16:27:04	,	598838	,	506	,10.5387,1999.9000,-0.1836,1589.9250,594633.1875,31.7946,605263.7500,1999.9000,
	2026/03/30 16:27:04	,	599838	,	507	,10.5387,1999.9000,-0.1836,1590.1525,594633.1875,31.7933,605265.0625,1999.9000,
	2026/03/30 16:27:04	,	600838	,	508	,10.5386,1999.9000,-0.1837,1590.3420,594795.1875,31.7923,605074.9375,1999.9000,
	2026/03/30 16:27:04	,	601838	,	509	,10.5386,1999.9000,-0.1811,1590.4999,594889.3750,31.7915,604948.0625,1999.9000,
	2026/03/30 16:27:04	,	602838	,	510	,10.5386,1999.9000,-0.1785,1590.6316,594906.9375,31.7908,604826.6875,1999.9000,
	2026/03/30 16:27:04	,	603838	,	511	,10.5386,1999.9000,-0.1741,1590.6417,594931.0000,31.7902,604720.9375,1999.9000,
	2026/03/30 16:27:04	,	604838	,	512	,10.5386,1999.9000,-0.1663,1590.1528,595256.9375,31.7912,604506.5000,1999.9000,
	2026/03/30 16:27:04	,	605838	,	513	,10.5386,1999.9000,-0.1602,1588.6764,595650.7500,31.7951,604419.5625,1999.9000,
	2026/03/30 16:27:04	,	606838	,	514	,10.5386,1999.9000,-0.1602,1588.6764,595650.7500,31.8030,604419.5625,1999.9000,
	2026/03/30 16:27:04	,	607838	,	515	,10.5386,1999.9000,-0.1602,1588.1172,595650.7500,31.8095,604419.5625,1999.9000,
	2026/03/30 16:27:04	,	608838	,	516	,10.5386,1999.9000,-0.1602,1587.6512,595650.7500,31.8149,604419.5625,1999.9000,
	2026/03/30 16:27:04	,	609838	,	517	,10.5386,1999.9000,-0.1602,1587.2628,595650.7500,31.8195,604419.5625,1999.9000,
	2026/03/30 16:27:04	,	610838	,	518	,10.5386,1999.9000,-0.1606,1587.0387,595506.6250,31.8171,604602.5625,1999.9000,
	2026/03/30 16:27:04	,	611838	,	519	,10.5386,1999.9000,-0.1657,1587.1504,595398.1875,31.8167,604726.3750,1999.9000,
	2026/03/30 16:27:04	,	612838	,	520	,10.5386,1999.9000,-0.1684,1587.4423,595373.1875,31.8179,604835.6875,1999.9000,
	2026/03/30 16:27:04	,	613838	,	521	,10.5387,1999.9000,-0.1718,1587.6857,595349.5625,31.8189,604922.0625,1999.9000,
	2026/03/30 16:27:04	,	614838	,	522	,10.5387,1999.9000,-0.1788,1588.0874,595103.8125,31.8182,605118.9375,1999.9000,
	2026/03/30 16:27:04	,	615838	,	523	,10.5387,1999.9000,-0.1788,1588.5216,594742.1875,31.8161,605335.2500,1999.9000,
	2026/03/30 16:27:04	,	616838	,	524	,10.5387,1999.9000,-0.1849,1588.7841,594740.7500,31.8143,605335.2500,1999.9000,
	2026/03/30 16:27:04	,	617838	,	525	,10.5388,1999.9000,-0.1849,1589.1023,594740.2500,31.8128,605335.2500,1999.9000,
	2026/03/30 16:27:04	,	618838	,	526	,10.5388,1999.9000,-0.1849,1589.3673,594740.0000,31.8101,605335.2500,1999.9000,
	2026/03/30 16:27:04	,	619838	,	527	,10.5388,1999.9000,-0.1849,1589.5883,594739.8750,31.8108,605335.2500,1999.9000,
	2026/03/30 16:27:04	,	620838	,	528	,10.5388,1999.9000,-0.1849,1589.6730,594739.7500,31.8130,605116.5625,1999.9000,
	2026/03/30 16:27:04	,	621838	,	529	,10.5388,1999.9000,-0.1775,1589.8429,594859.0000,31.8102,604975.2500,1999.9000,
	2026/03/30 16:27:04	,	622838	,	530	,10.5388,1999.9000,-0.1742,1589.9846,594892.8750,31.8064,604863.5000,1999.9000,
	2026/03/30 16:27:04	,	623838	,	531	,10.5387,1999.9000,-0.1742,1590.0032,594913.3125,31.8032,604768.0625,1999.9000,
	2026/03/30 16:27:04	,	624838	,	532	,10.5387,1999.9000,-0.1710,1589.7202,595119.9375,31.8005,604601.9375,1999.9000,
	2026/03/30 16:27:04	,	625838	,	533	,10.5387,1999.9000,-0.1642,1589.3850,595494.6875,31.7983,604362.1875,1999.9000,
	2026/03/30 16:27:04	,	626838	,	534	,10.5387,1999.9000,-0.1576,1589.1056,595517.8750,31.8010,604362.1875,1999.9000,
	2026/03/30 16:27:04	,	627838	,	535	,10.5387,1999.9000,-0.1576,1588.7733,595525.6250,31.8033,604362.1875,1999.9000,
	2026/03/30 16:27:04	,	628838	,	536	,10.5387,1999.9000,-0.1576,1588.4963,595529.5625,31.8021,604362.1875,1999.9000,
	2026/03/30 16:27:04	,	629838	,	537	,10.5387,1999.9000,-0.1576,1588.2655,595531.8750,31.8021,604362.1875,1999.9000,
	2026/03/30 16:27:04	,	630838	,	538	,10.5386,1999.9000,-0.1576,1588.0732,595533.4375,31.7981,604577.7500,1999.9000,
	2026/03/30 16:27:04	,	631838	,	539	,10.5386,1999.9000,-0.1601,1587.9130,595405.9375,31.7947,604725.7500,1999.9000,
	2026/03/30 16:27:04	,	632838	,	540	,10.5386,1999.9000,-0.1645,1587.8789,595376.6875,31.7919,604828.4375,1999.9000,
	2026/03/30 16:27:04	,	633838	,	541	,10.5386,1999.9000,-0.1681,1588.5469,595358.2500,31.7850,604910.0000,1999.9000,
	2026/03/30 16:27:04	,	634838	,	542	,10.5384,1999.9000,-0.1713,1589.2030,595208.0625,31.7792,605058.0000,1999.9000,
	2026/03/30 16:27:04	,	635838	,	543	,10.5382,1999.9000,-0.1776,1589.7496,594875.0000,31.7744,605362.3750,1999.9000,
	2026/03/30 16:27:04	,	636838	,	544	,10.5378,1999.9000,-0.1848,1590.2053,594698.0625,31.7704,605362.3750,1999.9000,
	2026/03/30 16:27:04	,	637838	,	545	,10.5372,1999.9000,-0.1878,1590.5851,594698.0625,31.7671,605362.3750,1999.9000,
	2026/03/30 16:27:04	,	638838	,	546	,10.5322,1999.9000,-0.1878,1590.8020,594698.0625,31.7643,605362.3750,1999.9000,
	2026/03/30 16:27:04	,	639838	,	547	,10.5310,1999.9000,-0.1878,1590.7839,594698.0625,31.7620,605362.3750,1999.9000,
	2026/03/30 16:27:04	,	640838	,	548	,10.5269,1999.9000,-0.1878,1590.6693,594698.0625,31.7631,605167.3125,1999.9000,
	2026/03/30 16:27:04	,	641838	,	549	,10.5254,1999.9000,-0.1878,1590.1758,594832.7500,31.7641,605026.0000,1999.9000,
	2026/03/30 16:27:04	,	642838	,	550	,10.5200,1999.9000,-0.1843,1589.6652,594869.9375,31.7649,604911.1875,1999.9000,
	2026/03/30 16:27:04	,	643838	,	551	,10.5158,1999.9000,-0.1815,1589.2395,594892.3125,31.7655,604793.4375,1999.9000,
	2026/03/30 16:27:04	,	644838	,	552	,10.5114,1999.9000,-0.1789,1588.8850,595042.5000,31.7661,604656.3125,1999.9000,
	2026/03/30 16:27:04	,	645838	,	553	,10.5065,1999.9000,-0.1733,1588.5895,595376.1250,31.7696,604392.3750,1999.9000,
	2026/03/30 16:27:04	,	646838	,	554	,10.5013,1999.9000,-0.1657,1588.4426,595632.8750,31.7741,604392.3750,1999.9000,
	2026/03/30 16:27:04	,	647838	,	555	,10.4960,1999.9000,-0.1625,1588.3202,595632.8750,31.7777,604392.3750,1999.9000,
	2026/03/30 16:27:04	,	648838	,	556	,10.4902,1999.9000,-0.1625,1588.2184,595632.8750,31.7793,604392.3750,1999.9000,
	2026/03/30 16:27:04	,	649838	,	557	,10.4845,1999.9000,-0.1625,1588.3323,595632.8750,31.7806,604392.3750,1999.9000,
	2026/03/30 16:27:04	,	650838	,	558	,10.4787,1999.9000,-0.1625,1589.0242,595632.8750,31.7817,604510.1875,1999.9000,
	2026/03/30 16:27:04	,	651838	,	559	,10.4724,1999.9000,-0.1625,1589.6007,595470.8750,31.7780,604682.3125,1999.9000,
	2026/03/30 16:27:04	,	652838	,	560	,10.4658,1999.9000,-0.1660,1590.0812,595380.3125,31.7750,604788.0000,1999.9000,
	2026/03/30 16:27:04	,	653838	,	561	,10.4593,1999.9000,-0.1689,1590.5811,595357.3750,31.7724,604875.5625,1999.9000,
	2026/03/30 16:27:04	,	654838	,	562	,10.4527,1999.9000,-0.1699,1590.9976,595270.6875,31.7657,604974.6875,1999.9000,
	2026/03/30 16:27:04	,	655838	,	563	,10.4455,1999.9000,-0.1754,1591.3447,595014.5000,31.7601,605248.2500,1999.9000,
	2026/03/30 16:27:04	,	656838	,	564	,10.4385,1999.9000,-0.1830,1591.6339,594640.3125,31.7554,605248.2500,1999.9000,
	2026/03/30 16:27:04	,	657838	,	565	,10.4316,1999.9000,-0.1860,1591.9745,594640.3125,31.7515,605248.2500,1999.9000,
	2026/03/30 16:27:04	,	658838	,	566	,10.4244,1999.9000,-0.1860,1592.2583,594640.3125,31.7513,605248.2500,1999.9000,
	2026/03/30 16:27:04	,	659838	,	567	,10.4169,1999.9000,-0.1860,1592.4949,594640.3125,31.7543,605248.2500,1999.9000,
	2026/03/30 16:27:04	,	660838	,	568	,10.4096,1999.9000,-0.1860,1592.4929,594640.3125,31.7567,605245.1250,1999.9000,
	2026/03/30 16:27:04	,	661838	,	569	,10.4018,1999.9000,-0.1860,1592.1930,594792.2500,31.7587,605028.4375,1999.9000,
	2026/03/30 16:27:04	,	662838	,	570	,10.3937,1999.9000,-0.1818,1591.7439,594882.7500,31.7604,604898.5000,1999.9000,
	2026/03/30 16:27:04	,	663838	,	571	,10.3863,1999.9000,-0.1783,1591.3698,594903.9375,31.7618,604812.1875,1999.9000,
	2026/03/30 16:27:04	,	664838	,	572	,10.3780,1999.9000,-0.1760,1591.2568,594929.4375,31.7630,604720.9375,1999.9000,
	2026/03/30 16:27:04	,	665838	,	573	,10.3696,1999.9000,-0.1722,1590.9639,595227.1875,31.7639,604481.1875,1999.9000,
	2026/03/30 16:27:04	,	666838	,	574	,10.3615,1999.9000,-0.1649,1590.7197,595610.8750,31.7648,604451.3125,1999.9000,
	2026/03/30 16:27:04	,	667838	,	575	,10.3526,1999.9000,-0.1587,1590.5162,595610.8750,31.7654,604441.3125,1999.9000,
	2026/03/30 16:27:04	,	668838	,	576	,10.3440,1999.9000,-0.1519,1590.2473,595610.8750,31.7645,604436.3125,1999.9000,
	2026/03/30 16:27:04	,	669838	,	577	,10.3355,1999.9000,-0.1434,1590.0233,595610.8750,31.7637,604433.3125,1999.9000,
	2026/03/30 16:27:04	,	670838	,	578	,10.3265,1999.9000,-0.1325,1589.8363,595610.8750,31.7630,604431.3125,1999.9000,
	2026/03/30 16:27:04	,	671838	,	579	,10.3173,1999.9000,-0.1162,1589.6807,595492.8750,31.7624,604632.1250,1999.9000,
	2026/03/30 16:27:04	,	672838	,	580	,10.3082,1999.9000,-0.0926,1589.8495,595376.1250,31.7620,604769.8750,1999.9000,
	2026/03/30 16:27:04	,	673838	,	581	,10.2987,1999.9000,-0.0665,1589.6915,595352.3125,31.7646,604878.6250,1999.9000,
	2026/03/30 16:27:04	,	674838	,	582	,10.2889,1999.9000,-0.0425,1589.6595,595333.6250,31.7669,604964.3125,1999.9000,
	2026/03/30 16:27:04	,	675838	,	583	,10.2801,1999.9000,-0.0235,1589.6328,595125.8750,31.7687,605172.1250,1999.9000,
	2026/03/30 16:27:04	,	676838	,	584	,10.2711,1999.9000,-0.0109,1589.6105,594770.7500,31.7718,605298.3750,1999.9000,
	2026/03/30 16:27:04	,	677838	,	585	,10.2711,1999.9000,0.0015,1589.5919,594759.7500,31.7743,605298.3750,1999.9000,
	2026/03/30 16:27:04	,	678838	,	586	,10.2521,1999.9000,0.0146,1589.5765,594756.1250,31.7765,605298.3750,1999.9000,
	2026/03/30 16:27:04	,	679838	,	587	,10.2521,1999.9000,0.0281,1589.5636,594754.2500,31.7767,605298.3750,1999.9000,
	2026/03/30 16:27:04	,	680838	,	588	,10.2429,1999.9000,0.0433,1589.5530,594753.1875,31.7708,605298.3750,1999.9000,
	2026/03/30 16:27:04	,	681838	,	589	,10.2338,1999.9000,0.0595,1589.5441,594752.4375,31.7659,605102.6875,1999.9000,
	2026/03/30 16:27:04	,	682838	,	590	,10.2241,1999.9000,0.0739,1589.6361,594861.3750,31.7618,604963.7500,1999.9000,
	2026/03/30 16:27:04	,	683838	,	591	,10.2145,1999.9000,0.0871,1589.7126,594886.6875,31.7614,604835.6875,1999.9000,
	2026/03/30 16:27:04	,	684838	,	592	,10.2054,1999.9000,0.0990,1589.7765,594905.0625,31.7611,604749.3750,1999.9000,
	2026/03/30 16:27:04	,	685838	,	593	,10.1966,1999.9000,0.1107,1589.7302,595099.0625,31.7609,604575.3750,1999.9000,
	2026/03/30 16:27:04	,	686838	,	594	,10.1876,1999.9000,0.1247,1589.5923,595469.0625,31.7607,604359.1250,1999.9000,
	2026/03/30 16:27:04	,	687838	,	595	,10.1783,1999.9000,0.1364,1589.1788,595566.7500,31.7605,604359.1250,1999.9000,
	2026/03/30 16:27:04	,	688838	,	596	,10.1695,1999.9000,0.1419,1588.8344,595566.7500,31.7619,604359.1250,1999.9000,
	2026/03/30 16:27:04	,	689838	,	597	,10.1610,1999.9000,0.1419,1587.9503,595566.7500,31.7661,604359.1250,1999.9000,
	2026/03/30 16:27:04	,	690838	,	598	,10.1520,1999.9000,0.1419,1585.8212,595566.7500,31.7696,604359.1250,1999.9000,
	2026/03/30 16:27:04	,	691838	,	599	,10.1436,1999.9000,0.1419,1581.9578,595566.7500,31.7726,604568.7500,1999.9000,
	2026/03/30 16:27:04	,	692838	,	600	,10.1351,1999.9000,0.1419,1578.7383,595409.5000,31.7750,604693.1875,1999.9000,
	2026/03/30 16:27:04	,	693838	,	601	,10.1267,1999.9000,0.1394,1576.0554,595329.0625,31.7770,604791.0625,1999.9000,
	2026/03/30 16:27:04	,	694838	,	602	,10.1183,1999.9000,0.1384,1573.8198,595315.3125,31.7787,604885.8750,1999.9000,
	2026/03/30 16:27:04	,	695838	,	603	,10.1095,1999.9000,0.1355,1571.9567,595196.8125,31.7771,605059.7500,1999.9000,
	2026/03/30 16:27:04	,	696838	,	604	,10.1013,1999.9000,0.1303,1571.2000,594879.2500,31.7757,605308.0000,1999.9000,
	2026/03/30 16:27:04	,	697838	,	605	,10.0932,1999.9000,0.1277,1571.8625,594656.3750,31.7745,605308.0000,1999.9000,
	2026/03/30 16:27:04	,	698838	,	606	,10.0852,1999.9000,0.1277,1572.8125,594656.3750,31.7735,605308.0000,1999.9000,
	2026/03/30 16:27:04	,	699838	,	607	,10.0773,1999.9000,0.1277,1573.7036,594656.3750,31.7697,605308.0000,1999.9000,
	2026/03/30 16:27:04	,	700838	,	608	,10.0692,1999.9000,0.1277,1575.5405,594656.3750,31.7665,605308.0000,1999.9000,
	2026/03/30 16:27:04	,	701838	,	609	,10.0615,1999.9000,0.1277,1577.8669,594656.3750,31.7638,605072.5000,1999.9000,
	2026/03/30 16:27:04	,	702838	,	610	,10.0544,1999.9000,0.1338,1580.1040,594828.5625,31.7616,604928.6875,1999.9000,
	2026/03/30 16:27:04	,	703838	,	611	,10.0472,1999.9000,0.1396,1582.3661,594867.6250,31.7597,604828.4375,1999.9000,
	2026/03/30 16:27:04	,	704838	,	612	,10.0400,1999.9000,0.1451,1584.2512,594888.5625,31.7627,604730.6250,1999.9000,
	2026/03/30 16:27:04	,	705838	,	613	,10.0335,1999.9000,0.1507,1585.8221,595012.6875,31.7653,604593.5000,1999.9000,
	2026/03/30 16:27:04	,	706838	,	614	,10.0271,1999.9000,0.1595,1587.1313,595335.5625,31.7628,604325.3125,1999.9000,
	2026/03/30 16:27:04	,	707838	,	615	,10.0206,1999.9000,0.1698,1588.3217,595643.6250,31.7608,604325.3125,1999.9000,
	2026/03/30 16:27:04	,	708838	,	616	,10.0148,1999.9000,0.1776,1589.5126,595643.6250,31.7591,604325.3125,1999.9000,
	2026/03/30 16:27:04	,	709838	,	617	,10.0093,1999.9000,0.1839,1590.5051,595643.6250,31.7500,604325.3125,1999.9000,
	2026/03/30 16:27:04	,	710838	,	618	,10.0036,1999.9000,0.1843,1591.3323,595643.6250,31.7424,604325.3125,1999.9000,
	2026/03/30 16:27:04	,	711838	,	619	,9.9977,1999.9000,0.1844,1592.7178,595643.6250,31.7392,604538.5625,1999.9000,
	2026/03/30 16:27:04	,	712838	,	620	,9.9923,1999.9000,0.1844,1594.0713,595475.6250,31.7411,604683.5000,1999.9000,
	2026/03/30 16:27:04	,	713838	,	621	,9.9873,1999.9000,0.1845,1595.1992,595386.8125,31.7426,604777.1250,1999.9000,
	2026/03/30 16:27:04	,	714838	,	622	,9.9824,1999.9000,0.1845,1596.2386,595369.2500,31.7439,604861.6875,1999.9000,
	2026/03/30 16:27:04	,	715838	,	623	,9.9775,1999.9000,0.1842,1597.2045,595286.1875,31.7450,604986.1250,1999.9000,
	2026/03/30 16:27:04	,	716838	,	624	,9.9727,1999.9000,0.1778,1598.0092,595046.6250,31.7459,605285.0625,1999.9000,
	2026/03/30 16:27:04	,	717838	,	625	,9.9709,1999.9000,0.1693,1598.5803,594683.1875,31.7497,605285.0625,1999.9000,
	2026/03/30 16:27:04	,	718838	,	626	,9.9657,1999.9000,0.1625,1598.9568,594683.1875,31.7529,605285.0625,1999.9000,
	2026/03/30 16:27:04	,	719838	,	627	,9.9641,1999.9000,0.1566,1599.3700,594683.1875,31.7556,605285.0625,1999.9000,
	2026/03/30 16:27:04	,	720838	,	628	,9.9598,1999.9000,0.1527,1599.7142,594683.1875,31.7578,605285.0625,1999.9000,
	2026/03/30 16:27:04	,	721838	,	629	,9.9586,1999.9000,0.1526,1600.0012,594683.1875,31.7642,605285.0625,1999.9000,
	2026/03/30 16:27:04	,	722838	,	630	,9.9575,1999.9000,0.1525,1600.2404,594801.1250,31.7650,605166.6875,1999.9000,
	2026/03/30 16:27:04	,	723838	,	631	,9.9565,1999.9000,0.1525,1600.4397,594898.8750,31.7656,604997.6250,1999.9000,
	2026/03/30 16:27:04	,	724838	,	632	,9.9519,1999.9000,0.1525,1600.6057,594915.5625,31.7631,604888.8750,1999.9000,
	2026/03/30 16:27:04	,	725838	,	633	,9.9508,1999.9000,0.1524,1600.4456,594936.1875,31.7640,604781.9375,1999.9000,
	2026/03/30 16:27:04	,	726838	,	634	,9.9498,1999.9000,0.1525,1600.3121,595212.8125,31.7633,604675.0625,1999.9000,
	2026/03/30 16:27:04	,	727838	,	635	,9.9490,1999.9000,0.1527,1600.1016,595600.1250,31.7627,604432.8750,1999.9000,
	2026/03/30 16:27:04	,	728838	,	636	,9.9482,1999.9000,0.1528,1599.6277,595600.1250,31.7637,604432.8750,1999.9000,
	2026/03/30 16:27:04	,	729838	,	637	,9.9476,1999.9000,0.1530,1599.2328,595600.1250,31.7645,604432.8750,1999.9000,
	2026/03/30 16:27:04	,	730838	,	638	,9.9471,1999.9000,0.1531,1598.8042,595600.1250,31.7652,604432.8750,1999.9000,
	2026/03/30 16:27:04	,	731838	,	639	,9.9466,1999.9000,0.1532,1598.4470,595600.1250,31.7735,604432.8750,1999.9000,
	2026/03/30 16:27:04	,	732838	,	640	,9.9463,1999.9000,0.1481,1597.6520,595589.4375,31.7803,604437.6875,1999.9000,
	2026/03/30 16:27:04	,	733838	,	641	,9.9460,1999.9000,0.1425,1596.5917,595589.4375,31.7861,604759.0000,1999.9000,
	2026/03/30 16:27:04	,	734838	,	642	,9.9457,1999.9000,0.1371,1595.7081,595383.8750,31.7908,604759.0000,1999.9000,
	2026/03/30 16:27:04	,	735838	,	643	,9.9456,1999.9000,0.1320,1594.9716,595361.0000,31.7948,604867.7500,1999.9000,
	2026/03/30 16:27:04	,	736838	,	644	,9.9456,1999.9000,0.1249,1594.1589,595164.5625,31.7981,604966.1875,1999.9000,
	2026/03/30 16:27:04	,	737838	,	645	,9.9456,1999.9000,0.1134,1593.4818,594818.4375,31.7947,605217.4375,1999.9000,
	2026/03/30 16:27:04	,	738838	,	646	,9.9459,1999.9000,0.1026,1593.1163,594730.8750,31.7919,605300.8125,1999.9000,
	2026/03/30 16:27:04	,	739838	,	647	,9.9463,1999.9000,0.0933,1593.1102,594730.8750,31.7895,605300.8125,1999.9000,
	2026/03/30 16:27:04	,	740838	,	648	,9.9469,1999.9000,0.0854,1593.1053,594730.8750,31.7861,605300.8125,1999.9000,
	2026/03/30 16:27:04	,	741838	,	649	,9.9523,1999.9000,0.0806,1593.2007,594730.8750,31.7832,605300.8125,1999.9000,
	2026/03/30 16:27:04	,	742838	,	650	,9.9535,1999.9000,0.0779,1594.0758,594730.8750,31.7808,605300.8125,1999.9000,
	2026/03/30 16:27:04	,	743838	,	651	,9.9548,1999.9000,0.0746,1594.8052,594854.7500,31.7788,605088.1875,1999.9000,
	2026/03/30 16:27:04	,	744838	,	652	,9.9610,1999.9000,0.0709,1595.4130,594884.2500,31.7787,604955.3125,1999.9000,
	2026/03/30 16:27:04	,	745838	,	653	,9.9629,1999.9000,0.0668,1595.9194,594904.4375,31.7770,604853.8125,1999.9000,
	2026/03/30 16:27:04	,	746838	,	654	,9.9684,1999.9000,0.0630,1596.3414,595082.3750,31.7757,604758.3750,1999.9000,
	2026/03/30 16:27:04	,	747838	,	655	,9.9728,1999.9000,0.0629,1596.5939,595441.6250,31.7745,604560.8750,1999.9000,
	2026/03/30 16:27:04	,	748838	,	656	,9.9777,1999.9000,0.0625,1596.3066,595579.2500,31.7720,604461.8125,1999.9000,
	2026/03/30 16:27:04	,	749838	,	657	,9.9825,1999.9000,0.0591,1596.0673,595579.2500,31.7699,604461.8125,1999.9000,
	2026/03/30 16:27:04	,	750838	,	658	,9.9877,1999.9000,0.0551,1595.8678,595579.2500,31.7698,604461.8125,1999.9000,
	2026/03/30 16:27:04	,	751838	,	659	,9.9937,1999.9000,0.0483,1595.7017,595579.2500,31.7696,604461.8125,1999.9000,
	2026/03/30 16:27:04	,	752838	,	660	,9.9997,1999.9000,0.0387,1595.5632,595579.2500,31.7694,604461.8125,1999.9000,
	2026/03/30 16:27:04	,	753838	,	661	,10.0052,1999.9000,0.0293,1595.7463,595434.5000,31.7693,604657.5625,1999.9000,
	2026/03/30 16:27:04	,	754838	,	662	,10.0111,1999.9000,0.0199,1595.8987,595399.0625,31.7692,604780.1250,1999.9000,
	2026/03/30 16:27:04	,	755838	,	663	,10.0172,1999.9000,0.0105,1596.0259,595375.5000,31.7692,604878.0000,1999.9000,
	2026/03/30 16:27:04	,	756838	,	664	,10.0234,1999.9000,0.0007,1596.4302,595242.6875,31.7692,604916.0000,1999.9000,
	2026/03/30 16:27:04	,	757838	,	665	,10.0297,1999.9000,-0.0129,1596.7671,594954.2500,31.7661,605152.8125,1999.9000,
	2026/03/30 16:27:04	,	758838	,	666	,10.0369,1999.9000,-0.0269,1596.9484,594658.7500,31.7665,605403.4375,1999.9000,
	2026/03/30 16:27:04	,	759838	,	667	,10.0435,1999.9000,-0.0383,1596.9005,594658.7500,31.7669,605403.4375,1999.9000,
	2026/03/30 16:27:04	,	760838	,	668	,10.0510,1999.9000,-0.0480,1596.4626,594658.7500,31.7748,605403.4375,1999.9000,
	2026/03/30 16:27:04	,	761838	,	669	,10.0586,1999.9000,-0.0548,1595.7000,594658.7500,31.7830,605403.4375,1999.9000,
	2026/03/30 16:27:04	,	762838	,	670	,10.0665,1999.9000,-0.0580,1594.6665,594658.7500,31.7898,605403.4375,1999.9000,
	2026/03/30 16:27:04	,	763838	,	671	,10.0743,1999.9000,-0.0609,1593.8054,594658.7500,31.7954,605199.3125,1999.9000,
	2026/03/30 16:27:04	,	764838	,	672	,10.0822,1999.9000,-0.0636,1592.9882,594894.7500,31.7986,605068.2500,1999.9000,
	2026/03/30 16:27:04	,	765838	,	673	,10.0900,1999.9000,-0.0636,1592.1082,594894.7500,31.8028,604968.6250,1999.9000,
	2026/03/30 16:27:04	,	766838	,	674	,10.0980,1999.9000,-0.0638,1591.2755,594910.4375,31.8063,604882.1875,1999.9000,
	2026/03/30 16:27:04	,	767838	,	675	,10.1063,1999.9000,-0.0639,1590.5815,595000.1250,31.8092,604728.8125,1999.9000,
	2026/03/30 16:27:04	,	768838	,	676	,10.1144,1999.9000,-0.0663,1590.0033,595629.8750,31.8117,604455.1875,1999.9000,
	2026/03/30 16:27:04	,	769838	,	677	,10.1228,1999.9000,-0.0666,1589.5215,595629.8750,31.8137,604455.1875,1999.9000,
	2026/03/30 16:27:04	,	770838	,	678	,10.1311,1999.9000,-0.0668,1589.0204,595629.8750,31.8138,604455.1875,1999.9000,
	2026/03/30 16:27:04	,	771838	,	679	,10.1394,1999.9000,-0.0669,1588.2048,595629.8750,31.8094,604455.1875,1999.9000,
	2026/03/30 16:27:04	,	772838	,	680	,10.1482,1999.9000,-0.0742,1587.5253,595629.8750,31.8072,604455.1875,1999.9000,
	2026/03/30 16:27:04	,	773838	,	681	,10.1574,1999.9000,-0.0855,1586.9590,595629.8750,31.8084,604673.8125,1999.9000,
	2026/03/30 16:27:04	,	774838	,	682	,10.1665,1999.9000,-0.0996,1586.6859,595457.1250,31.8064,604834.5000,1999.9000,
	2026/03/30 16:27:04	,	775838	,	683	,10.1752,1999.9000,-0.1140,1586.4586,595370.1875,31.8047,604951.6250,1999.9000,
	2026/03/30 16:27:04	,	776838	,	684	,10.1841,1999.9000,-0.1277,1586.2690,595258.6875,31.7938,605044.1250,1999.9000,
	2026/03/30 16:27:04	,	777838	,	685	,10.1934,1999.9000,-0.1435,1586.1111,595258.6875,31.7938,605181.1875,1999.9000,
	2026/03/30 16:27:04	,	778838	,	686	,10.2027,1999.9000,-0.1637,1585.9795,595041.2500,31.7896,605486.8125,1999.9000,
	2026/03/30 16:27:04	,	779838	,	687	,10.2120,1999.9000,-0.1885,1586.2677,594677.1875,31.7907,605486.8125,1999.9000,
	2026/03/30 16:27:04	,	780838	,	688	,10.2212,1999.9000,-0.2181,1586.5079,594677.1875,31.7917,605486.8125,1999.9000,
	2026/03/30 16:27:04	,	781838	,	689	,10.2302,1999.9000,-0.2497,1586.7079,594677.1875,31.7878,605486.8125,1999.9000,
	2026/03/30 16:27:04	,	782838	,	690	,10.2395,1999.9000,-0.2821,1586.8748,594677.1875,31.7847,605486.8125,1999.9000,
	2026/03/30 16:27:04	,	783838	,	691	,10.2484,1999.9000,-0.3186,1587.0138,594677.1875,31.7912,605346.0625,1999.9000,
	2026/03/30 16:27:04	,	784838	,	692	,10.2579,1999.9000,-0.3610,1586.3339,594688.8125,31.7966,605193.8750,1999.9000,
	2026/03/30 16:27:04	,	785838	,	693	,10.2671,1999.9000,-0.4099,1585.6677,594841.6875,31.8011,605080.3125,1999.9000,
	2026/03/30 16:27:04	,	786838	,	694	,10.2758,1999.9000,-0.4644,1585.1125,594858.3750,31.8049,604995.7500,1999.9000,
	2026/03/30 16:27:04	,	787838	,	695	,10.2849,1999.9000,-0.5199,1584.6499,594878.1875,31.8080,604876.7500,1999.9000,
	2026/03/30 16:27:04	,	788838	,	696	,10.2940,1999.9000,-0.5736,1584.2644,595123.5000,31.8107,604608.6250,1999.9000,
	2026/03/30 16:27:04	,	789838	,	697	,10.3031,1999.9000,-0.6286,1583.9432,595508.3750,31.8128,604608.6250,1999.9000,
	2026/03/30 16:27:04	,	790838	,	698	,10.3122,1999.9000,-0.6835,1583.6755,595508.3750,31.8146,604608.6250,1999.9000,
	2026/03/30 16:27:04	,	791838	,	699	,10.3211,1999.9000,-0.7399,1583.5519,595508.3750,31.8177,604608.6250,1999.9000,
	2026/03/30 16:27:04	,	792838	,	700	,10.3301,1999.9000,-0.8010,1583.4490,595508.3750,31.8187,604608.6250,1999.9000,
	2026/03/30 16:27:04	,	793838	,	701	,10.3384,1999.9000,-0.8663,1583.5621,595508.3750,31.8196,604728.1875,1999.9000,
	2026/03/30 16:27:04	,	794838	,	702	,10.3472,1999.9000,-0.9330,1583.8552,595504.5000,31.8218,604898.5000,1999.9000,
	2026/03/30 16:27:04	,	795838	,	703	,10.3558,1999.9000,-0.9330,1584.0995,595363.5625,31.8175,605012.6875,1999.9000,
	2026/03/30 16:27:04	,	796838	,	704	,10.3641,1999.9000,-0.9994,1584.4026,595336.1875,31.8140,605113.5625,1999.9000,
	2026/03/30 16:27:04	,	797838	,	705	,10.3727,1999.9000,-1.0629,1584.8541,595314.1875,31.8187,605236.1875,1999.9000,
	2026/03/30 16:27:04	,	798838	,	706	,10.3808,1999.9000,-1.1240,1585.5288,595119.3125,31.8226,605522.4375,1999.9000,
	2026/03/30 16:27:04	,	799838	,	707	,10.3890,1999.9000,-1.1846,1586.0911,594767.8125,31.8167,605608.8125,1999.9000,
	2026/03/30 16:27:04	,	800838	,	708	,10.3968,1999.9000,-1.2400,1586.5597,594643.3125,31.8118,605608.8125,1999.9000,
	2026/03/30 16:27:04	,	801838	,	709	,10.4044,1999.9000,-1.2915,1587.1490,594643.3125,31.8092,605608.8125,1999.9000,
	2026/03/30 16:27:04	,	802838	,	710	,10.4122,1999.9000,-1.3402,1587.7396,594643.3125,31.8071,605608.8125,1999.9000,
	2026/03/30 16:27:04	,	803838	,	711	,10.4203,1999.9000,-1.3847,1588.2319,594643.3125,31.8053,605608.8125,1999.9000,
	2026/03/30 16:27:04	,	804838	,	712	,10.4277,1999.9000,-1.4258,1588.2319,594643.3125,31.8038,605448.8125,1999.9000,
	2026/03/30 16:27:04	,	805838	,	713	,10.4352,1999.9000,-1.4643,1588.5426,594778.5000,31.8041,605360.6250,1999.9000,
	2026/03/30 16:27:04	,	806838	,	714	,10.4425,1999.9000,-1.4995,1588.6025,594807.1250,31.8028,605325.2500,1999.9000,
	2026/03/30 16:27:04	,	807838	,	715	,10.4497,1999.9000,-1.5319,1588.5531,594821.8125,31.8017,605243.3750,1999.9000,
	2026/03/30 16:27:04	,	808838	,	716	,10.4567,1999.9000,-1.5610,1588.3130,594972.7500,31.8008,605105.7500,1999.9000,
	2026/03/30 16:27:04	,	809838	,	717	,10.4635,1999.9000,-1.5857,1588.1127,595307.5625,31.8000,605102.6875,1999.9000,
	2026/03/30 16:27:04	,	810838	,	718	,10.4704,1999.9000,-1.6108,1587.9459,595500.0625,31.7857,605101.6250,1999.9000,
	2026/03/30 16:27:04	,	811838	,	719	,10.4766,1999.9000,-1.6362,1587.8070,595500.0625,31.7706,605101.1250,1999.9000,
	2026/03/30 16:27:04	,	812838	,	720	,10.4825,1999.9000,-1.6607,1587.6910,595500.0625,31.7581,605100.8125,1999.9000,
	2026/03/30 16:27:04	,	813838	,	721	,10.4881,1999.9000,-1.6853,1587.7935,595500.0625,31.7476,605100.6250,1999.9000,
	2026/03/30 16:27:04	,	814838	,	722	,10.4937,1999.9000,-1.7104,1587.8787,595500.0625,31.7389,605193.8750,1999.9000,
	2026/03/30 16:27:04	,	815838	,	723	,10.4988,1999.9000,-1.7335,1588.2483,595354.6875,31.7317,605215.3125,1999.9000,
	2026/03/30 16:27:04	,	816838	,	724	,10.5031,1999.9000,-1.7543,1588.7552,595322.7500,31.7333,605232.3125,1999.9000,
	2026/03/30 16:27:04	,	817838	,	725	,10.5078,1999.9000,-1.7735,1589.2771,595307.8125,31.7346,605248.8125,1999.9000,
	2026/03/30 16:27:04	,	818838	,	726	,10.5121,1999.9000,-1.7918,1589.7120,595196.8125,31.7403,605466.3125,1999.9000,
	2026/03/30 16:27:04	,	819838	,	727	,10.5161,1999.9000,-1.8125,1590.0745,594901.2500,31.7450,605491.6875,1999.9000,
	2026/03/30 16:27:04	,	820838	,	728	,10.5178,1999.9000,-1.8309,1590.3763,594553.9375,31.7490,605500.1250,1999.9000,
	2026/03/30 16:27:04	,	821838	,	729	,10.5228,1999.9000,-1.8444,1590.6281,594553.9375,31.7584,605504.3125,1999.9000,
	2026/03/30 16:27:04	,	822838	,	730	,10.5242,1999.9000,-1.8444,1591.0367,594553.9375,31.7663,605506.8750,1999.9000,
	2026/03/30 16:27:04	,	823838	,	731	,10.5255,1999.9000,-1.8444,1591.7753,594553.9375,31.7728,605508.5625,1999.9000,
	2026/03/30 16:27:04	,	824838	,	732	,10.5305,1999.9000,-1.8444,1592.4901,594553.9375,31.7813,605288.7500,1999.9000,
	2026/03/30 16:27:04	,	825838	,	733	,10.5317,1999.9000,-1.8444,1592.9865,594718.9375,31.7945,605150.3750,1999.9000,
	2026/03/30 16:27:04	,	826838	,	734	,10.5328,1999.9000,-1.8411,1593.4000,594811.2500,31.8086,605029.5625,1999.9000,
	2026/03/30 16:27:04	,	827838	,	735	,10.5337,1999.9000,-1.8323,1593.2472,594824.6875,31.8203,604937.1875,1999.9000,
	2026/03/30 16:27:04	,	828838	,	736	,10.5377,1999.9000,-1.8215,1592.8214,594848.0625,31.8300,604762.6250,1999.9000,
	2026/03/30 16:27:04	,	829838	,	737	,10.5383,1999.9000,-1.8060,1592.3672,595172.9375,31.8382,604458.8125,1999.9000,
	2026/03/30 16:27:04	,	830838	,	738	,10.5386,1999.9000,-1.7886,1591.3918,595551.8750,31.8449,604458.8125,1999.9000,
	2026/03/30 16:27:04	,	831838	,	739	,10.5390,1999.9000,-1.7713,1590.5791,595551.8750,31.8506,604458.8125,1999.9000,
	2026/03/30 16:27:04	,	832838	,	740	,10.5392,1999.9000,-1.7545,1589.9016,595551.8750,31.8492,604458.8125,1999.9000,
	2026/03/30 16:27:04	,	833838	,	741	,10.5393,1999.9000,-1.7403,1589.3373,595551.8750,31.8480,604458.8125,1999.9000,
	2026/03/30 16:27:04	,	834838	,	742	,10.5395,1999.9000,-1.7281,1588.8668,595551.8750,31.8470,604665.4375,1999.9000,
	2026/03/30 16:27:04	,	835838	,	743	,10.5396,1999.9000,-1.7120,1588.4749,595389.1875,31.8416,604803.0625,1999.9000,
	2026/03/30 16:27:04	,	836838	,	744	,10.5397,1999.9000,-1.6898,1588.3472,595275.4375,31.8371,604893.0625,1999.9000,
	2026/03/30 16:27:04	,	837838	,	745	,10.5396,1999.9000,-1.6636,1588.2406,595253.1250,31.8334,604919.3750,1999.9000,
	2026/03/30 16:27:04	,	838838	,	746	,10.5396,1999.9000,-1.6377,1588.2515,595233.3125,31.8303,605079.1250,1999.9000,
	2026/03/30 16:27:04	,	839838	,	747	,10.5393,1999.9000,-1.6193,1588.6584,594986.5000,31.8277,605395.0000,1999.9000,
	2026/03/30 16:27:04	,	840838	,	748	,10.5391,1999.9000,-1.6065,1589.0969,594622.4375,31.8255,605395.0000,1999.9000,
	2026/03/30 16:27:04	,	841838	,	749	,10.5387,1999.9000,-1.5921,1589.3629,594622.4375,31.8237,605395.0000,1999.9000,
	2026/03/30 16:27:04	,	842838	,	750	,10.5380,1999.9000,-1.5744,1589.0872,594622.4375,31.8222,605395.0000,1999.9000,
	2026/03/30 16:27:04	,	843838	,	751	,10.5330,1999.9000,-1.5504,1588.8574,594622.4375,31.8209,605395.0000,1999.9000,
	2026/03/30 16:27:04	,	844838	,	752	,10.5318,1999.9000,-1.5191,1589.2628,594622.4375,31.8153,605204.1250,1999.9000,
	2026/03/30 16:27:04	,	845838	,	753	,10.5276,1999.9000,-1.4852,1589.9984,594633.6250,31.8091,605044.1250,1999.9000,
	2026/03/30 16:27:04	,	846838	,	754	,10.5259,1999.9000,-1.4512,1590.7109,594800.0000,31.7993,604928.1250,1999.9000,
	2026/03/30 16:27:04	,	847838	,	755	,10.5202,1999.9000,-1.4163,1591.3048,594824.6875,31.7851,604818.8125,1999.9000,
	2026/03/30 16:27:04	,	848838	,	756	,10.5182,1999.9000,-1.3787,1591.5012,594845.6250,31.7793,604677.5000,1999.9000,
	2026/03/30 16:27:04	,	849838	,	757	,10.5119,1999.9000,-1.3348,1591.6648,595077.0000,31.7775,604393.0000,1999.9000,
	2026/03/30 16:27:04	,	850838	,	758	,10.5076,1999.9000,-1.2853,1592.2986,595469.6250,31.7761,604393.0000,1999.9000,
	2026/03/30 16:27:04	,	851838	,	759	,10.5027,1999.9000,-1.2357,1592.8268,595481.8750,31.7749,604393.0000,1999.9000,
	2026/03/30 16:27:04	,	852838	,	760	,10.4975,1999.9000,-1.1863,1593.2668,595486.0000,31.7739,604393.0000,1999.9000,
	2026/03/30 16:27:04	,	853838	,	761	,10.4921,1999.9000,-1.1374,1593.6337,595488.0000,31.7792,604393.0000,1999.9000,
	2026/03/30 16:27:04	,	854838	,	762	,10.4865,1999.9000,-1.0902,1593.8398,595489.1875,31.7851,604519.1875,1999.9000,
	2026/03/30 16:27:04	,	855838	,	763	,10.4807,1999.9000,-1.0425,1594.0117,595490.0000,31.7900,604687.7500,1999.9000,
	2026/03/30 16:27:04	,	856838	,	764	,10.4747,1999.9000,-0.9925,1594.1550,595364.1875,31.7941,604792.1875,1999.9000,
	2026/03/30 16:27:04	,	857838	,	765	,10.4680,1999.9000,-0.9408,1594.3738,595331.1250,31.8006,604826.6875,1999.9000,
	2026/03/30 16:27:04	,	858838	,	766	,10.4615,1999.9000,-0.8884,1594.4567,595305.6250,31.8060,604977.0625,1999.9000,
	2026/03/30 16:27:04	,	859838	,	767	,10.4553,1999.9000,-0.8384,1594.5256,595143.1875,31.8074,605273.0000,1999.9000,
	2026/03/30 16:27:04	,	860838	,	768	,10.4482,1999.9000,-0.7933,1594.5831,594820.8125,31.8086,605273.0000,1999.9000,
	2026/03/30 16:27:04	,	861838	,	769	,10.4412,1999.9000,-0.7023,1594.6710,594680.1875,31.8096,605273.0000,1999.9000,
	2026/03/30 16:27:04	,	862838	,	770	,10.4343,1999.9000,-0.7023,1594.6710,594680.1875,31.8104,605273.0000,1999.9000,
	2026/03/30 16:27:04	,	863838	,	771	,10.4272,1999.9000,-0.6570,1593.7095,594680.1875,31.8096,605273.0000,1999.9000,
	2026/03/30 16:27:04	,	864838	,	772	,10.4272,1999.9000,-0.6098,1592.9083,594680.1875,31.8089,605184.8125,1999.9000,
	2026/03/30 16:27:04	,	865838	,	773	,10.4203,1999.9000,-0.5625,1591.8427,594680.1875,31.8083,604995.1875,1999.9000,
	2026/03/30 16:27:04	,	866838	,	774	,10.4128,1999.9000,-0.5174,1590.8553,594814.2500,31.8032,604865.3125,1999.9000,
	2026/03/30 16:27:04	,	867838	,	775	,10.4048,1999.9000,-0.4744,1589.9330,594846.3750,31.7975,604865.3125,1999.9000,
	2026/03/30 16:27:04	,	868838	,	776	,10.3974,1999.9000,-0.4338,1589.1644,594864.4375,31.7912,604764.4375,1999.9000,
	2026/03/30 16:27:04	,	869838	,	777	,10.3893,1999.9000,-0.3946,1588.5240,595004.3750,31.7859,604658.1250,1999.9000,
	2026/03/30 16:27:04	,	870838	,	778	,10.3810,1999.9000,-0.3549,1587.9902,595336.8125,31.7831,604398.4375,1999.9000,
	2026/03/30 16:27:04	,	871838	,	779	,10.3728,1999.9000,-0.3198,1587.5453,595573.8750,31.7807,604398.4375,1999.9000,
	2026/03/30 16:27:04	,	872838	,	780	,10.3645,1999.9000,-0.2901,1587.1747,595573.8750,31.7787,604398.4375,1999.9000,
	2026/03/30 16:27:04	,	873838	,	781	,10.3561,1999.9000,-0.2651,1586.8657,595573.8750,31.7771,604398.4375,1999.9000,
	2026/03/30 16:27:04	,	874838	,	782	,10.3472,1999.9000,-0.2455,1586.6084,595573.8750,31.7757,604398.4375,1999.9000,
	2026/03/30 16:27:04	,	875838	,	783	,10.3384,1999.9000,-0.2277,1586.2943,595573.8750,31.7791,604400.0000,1999.9000,
	2026/03/30 16:27:04	,	876838	,	784	,10.3297,1999.9000,-0.2065,1586.2317,595417.2500,31.7820,604594.1250,1999.9000,
	2026/03/30 16:27:04	,	877838	,	785	,10.3206,1999.9000,-0.1839,1586.2789,595381.1875,31.7820,604704.0000,1999.9000,
	2026/03/30 16:27:04	,	878838	,	786	,10.3115,1999.9000,-0.1631,1586.5172,595359.6250,31.7844,604744.1875,1999.9000,
	2026/03/30 16:27:04	,	879838	,	787	,10.3023,1999.9000,-0.1467,1586.9147,595242.0625,31.7864,604845.3750,1999.9000,
	2026/03/30 16:27:04	,	880838	,	788	,10.2927,1999.9000,-0.1387,1587.4449,594973.3750,31.7880,605056.8125,1999.9000,
	2026/03/30 16:27:04	,	881838	,	789	,10.2833,1999.9000,-0.1330,1587.8867,594611.6875,31.7894,605235.5625,1999.9000,
	2026/03/30 16:27:04	,	882838	,	790	,10.2738,1999.9000,-0.1260,1587.9565,594611.6875,31.7936,605235.5625,1999.9000,
	2026/03/30 16:27:04	,	883838	,	791	,10.2644,1999.9000,-0.1185,1588.0146,594611.6875,31.7971,605235.5625,1999.9000,
	2026/03/30 16:27:04	,	884838	,	792	,10.2554,1999.9000,-0.1085,1588.4611,594611.6875,31.8000,605235.5625,1999.9000,
	2026/03/30 16:27:04	,	885838	,	793	,10.2462,1999.9000,-0.0958,1588.8330,594611.6875,31.8025,605235.5625,1999.9000,
	2026/03/30 16:27:04	,	886838	,	794	,10.2368,1999.9000,-0.0832,1589.0435,594789.2500,31.8045,605023.5625,1999.9000,
	2026/03/30 16:27:04	,	887838	,	795	,10.2273,1999.9000,-0.0702,1588.9204,594891.1250,31.8062,604865.3125,1999.9000,
	2026/03/30 16:27:04	,	888838	,	796	,10.2180,1999.9000,-0.0570,1588.8179,594907.7500,31.8076,604749.3750,1999.9000,
	2026/03/30 16:27:04	,	889838	,	797	,10.2087,1999.9000,-0.0429,1588.6331,594933.5625,31.8042,604716.7500,1999.9000,
	2026/03/30 16:27:04	,	890838	,	798	,10.1994,1999.9000,-0.0253,1588.3795,595246.1875,31.8014,604520.4375,1999.9000,
	2026/03/30 16:27:04	,	891838	,	799	,10.1903,1999.9000,-0.0081,1587.9694,595619.7500,31.7990,604347.6875,1999.9000,
	2026/03/30 16:27:04	,	892838	,	800	,10.1813,1999.9000,0.0057,1586.1354,595619.7500,31.7955,604347.6875,1999.9000,
	2026/03/30 16:27:04	,	893838	,	801	,10.1728,1999.9000,0.0173,1584.0103,595619.7500,31.7926,604347.6875,1999.9000,
	2026/03/30 16:27:04	,	894838	,	802	,10.1640,1999.9000,0.0262,1582.1398,595619.7500,31.7917,604347.6875,1999.9000,
	2026/03/30 16:27:04	,	895838	,	803	,10.1553,1999.9000,0.0325,1580.5812,595619.7500,31.7909,604347.6875,1999.9000,
	2026/03/30 16:27:04	,	896838	,	804	,10.1467,1999.9000,0.0392,1579.2822,595479.8125,31.7918,604562.6875,1999.9000,
	2026/03/30 16:27:04	,	897838	,	805	,10.1380,1999.9000,0.0461,1578.1998,595369.5625,31.7941,604683.5000,1999.9000,
	2026/03/30 16:27:04	,	898838	,	806	,10.1292,1999.9000,0.0526,1577.2977,595347.5625,31.7960,604717.3125,1999.9000,
	2026/03/30 16:27:04	,	899838	,	807	,10.1212,1999.9000,0.0572,1576.6455,595330.4375,31.7960,604806.7500,1999.9000,
	2026/03/30 16:27:04	,	900838	,	808	,10.1131,1999.9000,0.0573,1577.3951,595122.3125,31.7961,604971.6250,1999.9000,
	2026/03/30 16:27:04	,	901838	,	809	,10.1048,1999.9000,0.0575,1578.5172,594758.8750,31.7977,605154.0000,1999.9000,
	2026/03/30 16:27:04	,	902838	,	810	,10.0964,1999.9000,0.0578,1579.8502,594758.8750,31.8005,605154.0000,1999.9000,
	2026/03/30 16:27:04	,	903838	,	811	,10.0882,1999.9000,0.0580,1581.5577,594758.8750,31.8029,605154.0000,1999.9000,
	2026/03/30 16:27:04	,	904838	,	812	,10.0801,1999.9000,0.0629,1582.9807,594758.8750,31.8048,605154.0000,1999.9000,
	2026/03/30 16:27:04	,	905838	,	813	,10.0720,1999.9000,0.0710,1584.2661,594758.8750,31.8019,605154.0000,1999.9000,
	2026/03/30 16:27:04	,	906838	,	814	,10.0643,1999.9000,0.0799,1585.4368,594760.2500,31.7994,604931.1250,1999.9000,
	2026/03/30 16:27:04	,	907838	,	815	,10.0569,1999.9000,0.0884,1586.7107,594888.7500,31.8019,604785.5625,1999.9000,
	2026/03/30 16:27:04	,	908838	,	816	,10.0497,1999.9000,0.0964,1587.7722,594912.0000,31.8040,604660.0000,1999.9000,
	2026/03/30 16:27:04	,	909838	,	817	,10.0423,1999.9000,0.1035,1588.6569,594927.2500,31.8058,604548.8125,1999.9000,
	2026/03/30 16:27:04	,	910838	,	818	,10.0357,1999.9000,0.1131,1589.3940,595129.4375,31.8073,604396.0000,1999.9000,
	2026/03/30 16:27:04	,	911838	,	819	,10.0289,1999.9000,0.1249,1590.0084,595509.5625,31.8085,604105.5000,1999.9000,
	2026/03/30 16:27:04	,	912838	,	820	,10.0227,1999.9000,0.1346,1590.5205,595621.0000,31.8110,604105.5000,1999.9000,
	2026/03/30 16:27:04	,	913838	,	821	,10.0167,1999.9000,0.1425,1590.9471,595621.0000,31.8117,604105.5000,1999.9000,
	2026/03/30 16:27:04	,	914838	,	822	,10.0109,1999.9000,0.1481,1591.3027,595621.0000,31.8122,604105.5000,1999.9000,
	2026/03/30 16:27:04	,	915838	,	823	,10.0051,1999.9000,0.1503,1591.5990,595621.0000,31.8095,604105.5000,1999.9000,
	2026/03/30 16:27:04	,	916838	,	824	,9.9996,1999.9000,0.1508,1591.7462,595621.0000,31.8073,604206.3750,1999.9000,
	2026/03/30 16:27:04	,	917838	,	825	,9.9942,1999.9000,0.1510,1591.8693,595490.5000,31.8055,604353.6875,1999.9000,
	2026/03/30 16:27:04	,	918838	,	826	,9.9890,1999.9000,0.1511,1591.9716,595460.1250,31.8040,604457.6250,1999.9000,
	2026/03/30 16:27:04	,	919838	,	827	,9.9841,1999.9000,0.1511,1592.0569,595438.2500,31.8027,604548.1875,1999.9000,
	2026/03/30 16:27:04	,	920838	,	828	,9.9791,1999.9000,0.1511,1592.1281,595280.1875,31.8016,604688.3750,1999.9000,
	2026/03/30 16:27:04	,	921838	,	829	,9.9746,1999.9000,0.1488,1592.1873,594955.5000,31.8008,605006.6250,1999.9000,
	2026/03/30 16:27:04	,	922838	,	830	,9.9705,1999.9000,0.1446,1592.2365,594713.5625,31.8000,605006.6250,1999.9000,
	2026/03/30 16:27:04	,	923838	,	831	,9.9687,1999.9000,0.1440,1592.2776,594713.5625,31.8040,605006.6250,1999.9000,
	2026/03/30 16:27:04	,	924838	,	832	,9.9633,1999.9000,0.1438,1592.4114,594713.5625,31.8073,605006.6250,1999.9000,
	2026/03/30 16:27:04	,	925838	,	833	,9.9620,1999.9000,0.1438,1592.6223,594713.5625,31.8100,605006.6250,1999.9000,
	2026/03/30 16:27:04	,	926838	,	834	,9.9580,1999.9000,0.1437,1592.8975,594713.5625,31.8123,604897.9375,1999.9000,
	2026/03/30 16:27:04	,	927838	,	835	,9.9568,1999.9000,0.1437,1593.2263,594864.3125,31.8127,604737.3125,1999.9000,
	2026/03/30 16:27:04	,	928838	,	836	,9.9559,1999.9000,0.1438,1593.5004,594948.8750,31.8130,604626.1250,1999.9000,
	2026/03/30 16:27:04	,	929838	,	837	,9.9550,1999.9000,0.1441,1593.7288,594962.6250,31.8133,604531.8750,1999.9000,
	2026/03/30 16:27:04	,	930838	,	838	,9.9503,1999.9000,0.1466,1593.9191,595064.5000,31.8135,604422.6250,1999.9000,
	2026/03/30 16:27:04	,	931838	,	839	,9.9492,1999.9000,0.1512,1593.9783,595402.3125,31.8137,604162.8125,1999.9000,
	2026/03/30 16:27:04	,	932838	,	840	,9.9483,1999.9000,0.1512,1593.8285,595704.3750,31.8062,604162.8125,1999.9000,
	2026/03/30 16:27:04	,	933838	,	841	,9.9476,1999.9000,0.1512,1593.7037,595704.3750,31.8061,604162.8125,1999.9000,
	2026/03/30 16:27:04	,	934838	,	842	,9.9470,1999.9000,0.1512,1593.5004,595704.3750,31.8060,604162.8125,1999.9000,
	2026/03/30 16:27:04	,	935838	,	843	,9.9466,1999.9000,0.1512,1593.3309,595704.3750,31.8044,604162.8125,1999.9000,
	2026/03/30 16:27:04	,	936838	,	844	,9.9462,1999.9000,0.1462,1592.8911,595704.3750,31.8045,604174.8125,1999.9000,
	2026/03/30 16:27:04	,	937838	,	845	,9.9459,1999.9000,0.1412,1592.2263,595535.7500,31.8047,604417.7500,1999.9000,
	2026/03/30 16:27:04	,	938838	,	846	,9.9457,1999.9000,0.1362,1591.6722,595448.8125,31.8033,604547.5625,1999.9000,
	2026/03/30 16:27:04	,	939838	,	847	,9.9455,1999.9000,0.1313,1591.2106,595422.3750,31.8021,604655.0625,1999.9000,
	2026/03/30 16:27:04	,	940838	,	848	,9.9454,1999.9000,0.1253,1591.4227,595335.5625,31.8027,604760.8125,1999.9000,
	2026/03/30 16:27:04	,	941838	,	849	,9.9454,1999.9000,0.1149,1591.5996,595093.6875,31.8047,605026.0000,1999.9000,
	2026/03/30 16:27:04	,	942838	,	850	,9.9454,1999.9000,0.1046,1591.6475,594720.1250,31.8078,605043.5000,1999.9000,
	2026/03/30 16:27:04	,	943838	,	851	,9.9456,1999.9000,0.0956,1591.4883,594720.1250,31.8105,605049.3125,1999.9000,
	2026/03/30 16:27:04	,	944838	,	852	,9.9460,1999.9000,0.0880,1591.3557,594720.1250,31.8127,605052.2500,1999.9000,
	2026/03/30 16:27:04	,	945838	,	853	,9.9465,1999.9000,0.0834,1591.4442,594720.1250,31.8146,605053.9375,1999.9000,
	2026/03/30 16:27:04	,	946838	,	854	,9.9514,1999.9000,0.0825,1591.8163,594720.1250,31.8161,605055.1250,1999.9000,
	2026/03/30 16:27:04	,	947838	,	855	,9.9525,1999.9000,0.0790,1592.1263,594854.1875,31.8174,604856.8125,1999.9000,
	2026/03/30 16:27:04	,	948838	,	856	,9.9537,1999.9000,0.0760,1592.3849,594960.8750,31.8185,604735.4375,1999.9000,
	2026/03/30 16:27:04	,	949838	,	857	,9.9594,1999.9000,0.0721,1592.6002,594979.8750,31.8194,604641.8750,1999.9000,
	2026/03/30 16:27:04	,	950838	,	858	,9.9613,1999.9000,0.0684,1592.7798,595000.1250,31.8201,604556.0625,1999.9000,
	2026/03/30 16:27:04	,	951838	,	859	,9.9672,1999.9000,0.0682,1592.9293,595274.8125,31.8161,604345.3125,1999.9000,
	2026/03/30 16:27:04	,	952838	,	860	,9.9691,1999.9000,0.0679,1593.0540,595662.7500,31.8128,604315.3750,1999.9000,
	2026/03/30 16:27:04	,	953838	,	861	,9.9753,1999.9000,0.0644,1593.1577,595662.7500,31.8101,604305.3750,1999.9000,
	2026/03/30 16:27:04	,	954838	,	862	,9.9804,1999.9000,0.0602,1593.7416,595662.7500,31.8078,604300.3750,1999.9000,
	2026/03/30 16:27:04	,	955838	,	863	,9.9859,1999.9000,0.0537,1594.2281,595662.7500,31.8059,604297.4375,1999.9000,
	2026/03/30 16:27:04	,	956838	,	864	,9.9913,1999.9000,0.0447,1594.5342,595662.7500,31.8043,604295.4375,1999.9000,
	2026/03/30 16:27:04	,	957838	,	865	,9.9969,1999.9000,0.0360,1594.3914,595569.7500,31.8030,604498.0625,1999.9000,
	2026/03/30 16:27:04	,	958838	,	866	,10.0024,1999.9000,0.0276,1594.2723,595450.6250,31.8019,604634.5625,1999.9000,
	2026/03/30 16:27:04	,	959838	,	867	,10.0081,1999.9000,0.0191,1594.1731,595423.8125,31.8009,604722.7500,1999.9000,
	2026/03/30 16:27:04	,	960838	,	868	,10.0143,1999.9000,0.0099,1594.0905,595404.6875,31.8078,604818.8125,1999.9000,
	2026/03/30 16:27:04	,	961838	,	869	,10.0206,1999.9000,-0.0034,1594.0214,595206.9375,31.8166,605030.1875,1999.9000,
	2026/03/30 16:27:04	,	962838	,	870	,10.0265,1999.9000,-0.0180,1594.0635,594857.7500,31.8163,605218.0625,1999.9000,
	2026/03/30 16:27:04	,	963838	,	871	,10.0333,1999.9000,-0.0305,1593.8002,594826.5000,31.8099,605218.0625,1999.9000,
	2026/03/30 16:27:04	,	964838	,	872	,10.0402,1999.9000,-0.0414,1593.2822,594816.0625,31.8092,605218.0625,1999.9000,
	2026/03/30 16:27:04	,	965838	,	873	,10.0472,1999.9000,-0.0490,1592.8507,594810.8125,31.8101,605218.0625,1999.9000,
	2026/03/30 16:27:04	,	966838	,	874	,10.0547,1999.9000,-0.0525,1592.0931,594807.7500,31.8108,605218.0625,1999.9000,
	2026/03/30 16:27:04	,	967838	,	875	,10.0626,1999.9000,-0.0553,1591.3623,594805.5625,31.8115,605004.8750,1999.9000,
	2026/03/30 16:27:04	,	968838	,	876	,10.0708,1999.9000,-0.0583,1590.6541,594911.3750,31.8105,604873.8125,1999.9000,
	2026/03/30 16:27:04	,	969838	,	877	,10.0789,1999.9000,-0.0615,1590.0636,594936.3750,31.8066,604766.8750,1999.9000,
	2026/03/30 16:27:04	,	970838	,	878	,10.0870,1999.9000,-0.0621,1589.5717,594955.6875,31.8034,604681.0625,1999.9000,
	2026/03/30 16:27:04	,	971838	,	879	,10.0951,1999.9000,-0.0623,1589.1616,595145.5625,31.8007,604542.1250,1999.9000,
	2026/03/30 16:27:04	,	972838	,	880	,10.1031,1999.9000,-0.0627,1588.7205,595500.0625,31.7999,604315.0625,1999.9000,
	2026/03/30 16:27:04	,	973838	,	881	,10.1116,1999.9000,-0.0631,1588.1539,595612.6250,31.7978,604315.0625,1999.9000,
	2026/03/30 16:27:04	,	974838	,	882	,10.1197,1999.9000,-0.0634,1587.6819,595612.6250,31.7930,604315.0625,1999.9000,
	2026/03/30 16:27:04	,	975838	,	883	,10.1279,1999.9000,-0.0663,1587.2885,595612.6250,31.7920,604315.0625,1999.9000,
	2026/03/30 16:27:04	,	976838	,	884	,10.1363,1999.9000,-0.0717,1586.9606,595612.6250,31.7928,604315.0625,1999.9000,
	2026/03/30 16:27:04	,	977838	,	885	,10.1454,1999.9000,-0.0783,1586.4883,595612.6250,31.7933,604531.3125,1999.9000,
	2026/03/30 16:27:04	,	978838	,	886	,10.1541,1999.9000,-0.0876,1586.2938,595463.6875,31.7954,604678.6250,1999.9000,
	2026/03/30 16:27:04	,	979838	,	887	,10.1630,1999.9000,-0.1004,1586.4303,595381.4375,31.7955,604781.3125,1999.9000,
	2026/03/30 16:27:04	,	980838	,	888	,10.1720,1999.9000,-0.1140,1586.2455,595363.3125,31.7957,604878.0000,1999.9000,
	2026/03/30 16:27:04	,	981838	,	889	,10.1810,1999.9000,-0.1297,1585.8925,595243.2500,31.7942,605023.5625,1999.9000,
	2026/03/30 16:27:04	,	982838	,	890	,10.1901,1999.9000,-0.1297,1585.9962,594939.3750,31.7961,605327.3750,1999.9000,
	2026/03/30 16:27:04	,	983838	,	891	,10.1992,1999.9000,-0.1477,1585.6847,594693.9375,31.7977,605327.3750,1999.9000,
	2026/03/30 16:27:04	,	984838	,	892	,10.2082,1999.9000,-0.1649,1585.3257,594693.9375,31.7959,605327.3750,1999.9000,
	2026/03/30 16:27:04	,	985838	,	893	,10.2177,1999.9000,-0.1862,1585.0265,594693.9375,31.7945,605327.3750,1999.9000,
	2026/03/30 16:27:04	,	986838	,	894	,10.2270,1999.9000,-0.2117,1584.7772,594693.9375,31.7932,605327.3750,1999.9000,
	2026/03/30 16:27:04	,	987838	,	895	,10.2359,1999.9000,-0.2379,1584.5696,594693.9375,31.7922,605137.0625,1999.9000,
	2026/03/30 16:27:04	,	988838	,	896	,10.2448,1999.9000,-0.2673,1584.3964,594847.0000,31.7914,604989.7500,1999.9000,
	2026/03/30 16:27:04	,	989838	,	897	,10.2539,1999.9000,-0.3019,1584.0531,594931.0000,31.7907,604891.3125,1999.9000,
	2026/03/30 16:27:04	,	990838	,	898	,10.2627,1999.9000,-0.3423,1583.8665,594941.4375,31.7931,604801.9375,1999.9000,
	2026/03/30 16:27:04	,	991838	,	899	,10.2715,1999.9000,-0.3890,1583.7111,595025.7500,31.7952,604687.1250,1999.9000,
	2026/03/30 16:27:04	,	992838	,	900	,10.2805,1999.9000,-0.4394,1583.5814,595311.1875,31.7969,604412.8750,1999.9000,
	2026/03/30 16:27:04	,	993838	,	901	,10.2900,1999.9000,-0.4903,1583.4735,595656.1250,31.7983,604412.8750,1999.9000,
	2026/03/30 16:27:04	,	994838	,	902	,10.2900,1999.9000,-0.5444,1583.4830,595656.1250,31.8011,604412.8750,1999.9000,
	2026/03/30 16:27:04	,	995838	,	903	,10.3081,1999.9000,-0.5994,1583.9885,595656.1250,31.8033,604412.8750,1999.9000,
	2026/03/30 16:27:04	,	996838	,	904	,10.3172,1999.9000,-0.6548,1584.4097,595656.1250,31.8052,604412.8750,1999.9000,
	2026/03/30 16:27:04	,	997838	,	905	,10.3260,1999.9000,-0.7118,1584.7605,595656.1250,31.8053,604517.4375,1999.9000,
	2026/03/30 16:27:04	,	998838	,	906	,10.3348,1999.9000,-0.7703,1585.2518,595496.5000,31.8053,604676.8750,1999.9000,
	2026/03/30 16:27:04	,	999838	,	907	,10.3437,1999.9000,-0.8292,1585.6613,595398.1875,31.8053,604782.5625,1999.9000,
	2026/03/30 16:27:05	,	000838	,	908	,10.3526,1999.9000,-0.8893,1586.4004,595376.4375,31.8069,604867.7500,1999.9000,
	2026/03/30 16:27:05	,	001838	,	909	,10.3612,1999.9000,-0.9506,1587.0164,595354.5000,31.8082,604973.4375,1999.9000,
	2026/03/30 16:27:05	,	002838	,	910	,10.3696,1999.9000,-1.0146,1587.5297,595075.2500,31.8123,605263.3125,1999.9000,
	2026/03/30 16:27:05	,	003838	,	911	,10.3783,1999.9000,-1.0833,1588.0568,594699.8750,31.8123,605275.7500,1999.9000,
	2026/03/30 16:27:05	,	004838	,	912	,10.3864,1999.9000,-1.1497,1588.3966,594699.8750,31.8158,605279.8750,1999.9000,
	2026/03/30 16:27:05	,	005838	,	913	,10.3939,1999.9000,-1.2111,1588.6799,594699.8750,31.8186,605281.9375,1999.9000,
	2026/03/30 16:27:05	,	006838	,	914	,10.4014,1999.9000,-1.2669,1588.9160,594699.8750,31.8211,605283.1875,1999.9000,
	2026/03/30 16:27:05	,	007838	,	915	,10.4091,1999.9000,-1.3168,1589.0132,594699.8750,31.8230,605284.0000,1999.9000,
	2026/03/30 16:27:05	,	008838	,	916	,10.4170,1999.9000,-1.3627,1589.0942,594712.1250,31.8247,605106.2500,1999.9000,
	2026/03/30 16:27:05	,	009838	,	917	,10.4246,1999.9000,-1.4073,1589.1616,594879.2500,31.8246,604982.4375,1999.9000,
	2026/03/30 16:27:05	,	010838	,	918	,10.4319,1999.9000,-1.4499,1589.3174,594898.0000,31.8184,604869.5000,1999.9000,
	2026/03/30 16:27:05	,	011838	,	919	,10.4396,1999.9000,-1.4902,1589.4471,594917.7500,31.8101,604769.8750,1999.9000,
	2026/03/30 16:27:05	,	012838	,	920	,10.4470,1999.9000,-1.5265,1589.4471,595183.6875,31.8001,604537.3125,1999.9000,
	2026/03/30 16:27:05	,	013838	,	921	,10.4540,1999.9000,-1.5554,1589.6454,595575.7500,31.7822,604520.4375,1999.9000,
	2026/03/30 16:27:05	,	014838	,	922	,10.4607,1999.9000,-1.5814,1589.7206,595575.7500,31.7822,604514.8125,1999.9000,
	2026/03/30 16:27:05	,	015838	,	923	,10.4673,1999.9000,-1.6071,1589.5841,595575.7500,31.7753,604512.0000,1999.9000,
	2026/03/30 16:27:05	,	016838	,	924	,10.4740,1999.9000,-1.6325,1589.4705,595575.7500,31.7696,604510.3125,1999.9000,
	2026/03/30 16:27:05	,	017838	,	925	,10.4805,1999.9000,-1.6587,1589.4705,595575.7500,31.7649,604509.1250,1999.9000,
	2026/03/30 16:27:05	,	018838	,	926	,10.4861,1999.9000,-1.6853,1589.3759,595570.3125,31.7686,604674.4375,1999.9000,
	2026/03/30 16:27:05	,	019838	,	927	,10.4914,1999.9000,-1.7094,1589.2968,595418.4375,31.7717,604800.6875,1999.9000,
	2026/03/30 16:27:05	,	020838	,	928	,10.4969,1999.9000,-1.7311,1589.2312,595385.0625,31.7743,604905.1250,1999.9000,
	2026/03/30 16:27:05	,	021838	,	929	,10.5015,1999.9000,-1.7506,1589.1306,595360.0625,31.7764,604992.1875,1999.9000,
	2026/03/30 16:27:05	,	022838	,	930	,10.5063,1999.9000,-1.7688,1589.3911,595160.4375,31.7782,605204.1250,1999.9000,
	2026/03/30 16:27:05	,	023838	,	931	,10.5106,1999.9000,-1.7894,1589.3911,594815.5000,31.7751,605204.1250,1999.9000,
	2026/03/30 16:27:05	,	024838	,	932	,10.5126,1999.9000,-1.8082,1589.7074,594724.8750,31.7710,605344.8750,1999.9000,
	2026/03/30 16:27:05	,	025838	,	933	,10.5182,1999.9000,-1.8211,1590.2697,594724.8750,31.7676,605344.8750,1999.9000,
	2026/03/30 16:27:05	,	026838	,	934	,10.5200,1999.9000,-1.8295,1590.7380,594724.8750,31.7647,605344.8750,1999.9000,
	2026/03/30 16:27:05	,	027838	,	935	,10.5249,1999.9000,-1.8318,1591.1284,594724.8750,31.7623,605344.8750,1999.9000,
	2026/03/30 16:27:05	,	028838	,	936	,10.5263,1999.9000,-1.8318,1591.3542,594724.8750,31.7619,605344.8750,1999.9000,
	2026/03/30 16:27:05	,	029838	,	937	,10.5275,1999.9000,-1.8318,1591.5424,594863.1250,31.7661,605140.1250,1999.9000,
	2026/03/30 16:27:05	,	030838	,	938	,10.5321,1999.9000,-1.8318,1591.7987,594890.8125,31.7727,605021.7500,1999.9000,
	2026/03/30 16:27:05	,	031838	,	939	,10.5333,1999.9000,-1.8318,1592.0122,594907.4375,31.7797,604918.4375,1999.9000,
	2026/03/30 16:27:05	,	032838	,	940	,10.5342,1999.9000,-1.8270,1592.1902,595069.2500,31.7855,604821.8125,1999.9000,
	2026/03/30 16:27:05	,	033838	,	941	,10.5350,1999.9000,-1.8180,1592.2390,595426.7500,31.7904,604618.3125,1999.9000,
	2026/03/30 16:27:05	,	034838	,	942	,10.5357,1999.9000,-1.8063,1592.2798,595596.0000,31.7929,604413.5000,1999.9000,
	2026/03/30 16:27:05	,	035838	,	943	,10.5363,1999.9000,-1.7951,1592.3137,595596.0000,31.7950,604413.5000,1999.9000,
	2026/03/30 16:27:05	,	036838	,	944	,10.5369,1999.9000,-1.7833,1592.3420,595596.0000,31.7983,604413.5000,1999.9000,
	2026/03/30 16:27:05	,	037838	,	945	,10.5375,1999.9000,-1.7715,1592.3656,595596.0000,31.8025,604413.5000,1999.9000,
	2026/03/30 16:27:05	,	038838	,	946	,10.5380,1999.9000,-1.7603,1592.2856,595596.0000,31.8076,604413.5000,1999.9000,
	2026/03/30 16:27:05	,	039838	,	947	,10.5384,1999.9000,-1.7468,1592.0203,595441.0625,31.8118,604614.6250,1999.9000,
	2026/03/30 16:27:05	,	040838	,	948	,10.5388,1999.9000,-1.7299,1591.6995,595352.8750,31.8138,604740.2500,1999.9000,
	2026/03/30 16:27:05	,	041838	,	949	,10.5391,1999.9000,-1.7099,1591.5317,595336.1875,31.8155,604843.0000,1999.9000,
	2026/03/30 16:27:05	,	042838	,	950	,10.5393,1999.9000,-1.6875,1591.3918,595239.6875,31.8169,604930.5625,1999.9000,
	2026/03/30 16:27:05	,	043838	,	951	,10.5394,1999.9000,-1.6660,1591.1759,594941.7500,31.8196,605098.4375,1999.9000,
	2026/03/30 16:27:05	,	044838	,	952	,10.5396,1999.9000,-1.6456,1590.6975,594664.6875,31.8218,605398.6250,1999.9000,
	2026/03/30 16:27:05	,	045838	,	953	,10.5396,1999.9000,-1.6222,1590.2988,594664.6875,31.8237,605398.6250,1999.9000,
	2026/03/30 16:27:05	,	046838	,	954	,10.5396,1999.9000,-1.5980,1589.8672,594664.6875,31.8252,605398.6250,1999.9000,
	2026/03/30 16:27:05	,	047838	,	955	,10.5395,1999.9000,-1.5727,1589.5073,594664.6875,31.8250,605398.6250,1999.9000,
	2026/03/30 16:27:05	,	048838	,	956	,10.5395,1999.9000,-1.5443,1589.3071,594664.6875,31.8248,605398.6250,1999.9000,
	2026/03/30 16:27:05	,	049838	,	957	,10.5395,1999.9000,-1.5150,1589.7369,594811.8750,31.8246,605181.8125,1999.9000,
	2026/03/30 16:27:05	,	050838	,	958	,10.5394,1999.9000,-1.4847,1590.0951,594846.1875,31.8214,605030.1875,1999.9000,
	2026/03/30 16:27:05	,	051838	,	959	,10.5393,1999.9000,-1.4520,1590.4933,594867.8750,31.8233,604905.7500,1999.9000,
	2026/03/30 16:27:05	,	052838	,	960	,10.5393,1999.9000,-1.4168,1591.1234,594989.4375,31.8188,604820.6250,1999.9000,
	2026/03/30 16:27:05	,	053838	,	961	,10.5392,1999.9000,-1.3767,1591.6483,595274.1875,31.8151,604699.1875,1999.9000,
	2026/03/30 16:27:05	,	054838	,	962	,10.5392,1999.9000,-1.3308,1592.0859,595638.8750,31.8120,604422.6250,1999.9000,
	2026/03/30 16:27:05	,	055838	,	963	,10.5391,1999.9000,-1.2852,1592.4506,595638.8750,31.8093,604422.6250,1999.9000,
	2026/03/30 16:27:05	,	056838	,	964	,10.5391,1999.9000,-1.2400,1592.5554,595638.8750,31.8072,604422.6250,1999.9000,
	2026/03/30 16:27:05	,	057838	,	965	,10.5391,1999.9000,-1.1947,1592.6428,595638.8750,31.8053,604422.6250,1999.9000,
	2026/03/30 16:27:05	,	058838	,	966	,10.5391,1999.9000,-1.1507,1592.7158,595638.8750,31.8038,604422.6250,1999.9000,
	2026/03/30 16:27:05	,	059838	,	967	,10.5391,1999.9000,-1.1064,1592.7765,595464.8750,31.8026,604565.6875,1999.9000,
	2026/03/30 16:27:05	,	060838	,	968	,10.5391,1999.9000,-1.0603,1592.7277,595370.1875,31.7955,604707.6875,1999.9000,
	2026/03/30 16:27:05	,	061838	,	969	,10.5391,1999.9000,-1.0131,1592.6869,595349.0000,31.7956,604807.3125,1999.9000,
	2026/03/30 16:27:05	,	062838	,	970	,10.5391,1999.9000,-0.9646,1592.6530,595327.1250,31.7973,604904.0000,1999.9000,
	2026/03/30 16:27:05	,	063838	,	971	,10.5391,1999.9000,-0.9167,1592.7241,595074.0625,31.8032,605036.8125,1999.9000,
	2026/03/30 16:27:05	,	064838	,	972	,10.5391,1999.9000,-0.8717,1592.7836,594706.4375,31.8066,605332.8125,1999.9000,
	2026/03/30 16:27:05	,	065838	,	973	,10.5390,1999.9000,-0.8245,1592.9325,594706.4375,31.8095,605332.8125,1999.9000,
	2026/03/30 16:27:05	,	066838	,	974	,10.5390,1999.9000,-0.7759,1592.9572,594706.4375,31.8042,605332.8125,1999.9000,
	2026/03/30 16:27:05	,	067838	,	975	,10.5390,1999.9000,-0.7270,1592.9777,594706.4375,31.8029,605332.8125,1999.9000,
	2026/03/30 16:27:05	,	068838	,	976	,10.5390,1999.9000,-0.6766,1592.9948,594706.4375,31.8018,605332.8125,1999.9000,
	2026/03/30 16:27:05	,	069838	,	977	,10.5390,1999.9000,-0.6261,1593.0089,594713.3125,31.8009,605243.3750,1999.9000,
	2026/03/30 16:27:05	,	070838	,	978	,10.5390,1999.9000,-0.5784,1592.9213,594857.1250,31.7971,605059.1875,1999.9000,
	2026/03/30 16:27:05	,	071838	,	979	,10.5390,1999.9000,-0.5331,1592.6494,594884.2500,31.7893,604944.4375,1999.9000,
	2026/03/30 16:27:05	,	072838	,	980	,10.5389,1999.9000,-0.4896,1592.1243,594909.1875,31.7828,604849.6250,1999.9000,
	2026/03/30 16:27:05	,	073838	,	981	,10.5389,1999.9000,-0.4472,1591.5873,595153.3125,31.7774,604739.0625,1999.9000,
	2026/03/30 16:27:05	,	074838	,	982	,10.5389,1999.9000,-0.4031,1591.1398,595153.3125,31.7744,604480.5625,1999.9000,
	2026/03/30 16:27:05	,	075838	,	983	,10.5389,1999.9000,-0.3624,1590.4684,595529.2500,31.7720,604480.5625,1999.9000,
	2026/03/30 16:27:05	,	076838	,	984	,10.5389,1999.9000,-0.3270,1589.8094,595529.2500,31.7699,604480.5625,1999.9000,
	2026/03/30 16:27:05	,	077838	,	985	,10.5389,1999.9000,-0.2967,1589.2604,595529.2500,31.7759,604480.5625,1999.9000,
	2026/03/30 16:27:05	,	078838	,	986	,10.5389,1999.9000,-0.2731,1588.8029,595529.2500,31.7808,604480.5625,1999.9000,
	2026/03/30 16:27:05	,	079838	,	987	,10.5389,1999.9000,-0.2558,1588.3220,595529.2500,31.7849,604484.0625,1999.9000,
	2026/03/30 16:27:05	,	080838	,	988	,10.5389,1999.9000,-0.2417,1587.7224,595528.3125,31.7883,604684.1250,1999.9000,
	2026/03/30 16:27:05	,	081838	,	989	,10.5389,1999.9000,-0.2291,1587.4218,595395.8125,31.7927,604811.5625,1999.9000,
	2026/03/30 16:27:05	,	082838	,	990	,10.5389,1999.9000,-0.2157,1587.2706,595362.4375,31.7948,604925.1250,1999.9000,
	2026/03/30 16:27:05	,	083838	,	991	,10.5389,1999.9000,-0.2020,1587.1447,595339.1875,31.7966,605020.5625,1999.9000,
	2026/03/30 16:27:05	,	084838	,	992	,10.5389,1999.9000,-0.1924,1587.1390,595146.7500,31.7935,605257.9375,1999.9000,
	2026/03/30 16:27:05	,	085838	,	993	,10.5390,1999.9000,-0.1841,1587.4330,594792.8125,31.7909,605290.1875,1999.9000,
	2026/03/30 16:27:05	,	086838	,	994	,10.5390,1999.9000,-0.1755,1587.6780,594671.3125,31.7887,605301.0000,1999.9000,
	2026/03/30 16:27:05	,	087838	,	995	,10.5390,1999.9000,-0.1679,1587.5835,594671.3125,31.7869,605306.3750,1999.9000,
	2026/03/30 16:27:05	,	088838	,	996	,10.5390,1999.9000,-0.1600,1587.9028,594671.3125,31.7870,605309.5625,1999.9000,
	2026/03/30 16:27:05	,	089838	,	997	,10.5390,1999.9000,-0.1515,1588.2683,594671.3125,31.7870,605311.7500,1999.9000,
	2026/03/30 16:27:05	,	090838	,	998	,10.5390,1999.9000,-0.1455,1588.6725,594671.3125,31.7870,605125.0000,1999.9000,
	2026/03/30 16:27:05	,	091838	,	999	,10.5390,1999.9000,-0.1416,1589.1086,594798.7500,31.7870,605000.0000,1999.9000,
	2026/03/30 16:27:05	,	092838	,	1000	,10.5390,1999.9000,-0.1389,1589.6711,594835.4375,31.7886,604904.5625,1999.9000,
	2026/03/30 16:27:05	,	093838	,	1001	,10.5390,1999.9000,-0.1366,1590.1399,594859.7500,31.7930,604820.6250,1999.9000,
	2026/03/30 16:27:05	,	094838	,	1002	,10.5390,1999.9000,-0.1305,1590.3315,595022.2500,31.7966,604632.7500,1999.9000,
	2026/03/30 16:27:05	,	095838	,	1003	,10.5390,1999.9000,-0.1265,1590.4912,595357.0625,31.8026,604537.3125,1999.9000,
	2026/03/30 16:27:05	,	096838	,	1004	,10.5390,1999.9000,-0.1265,1590.6241,595569.1250,31.8092,604537.3125,1999.9000,
	2026/03/30 16:27:05	,	097838	,	1005	,10.5390,1999.9000,-0.1265,1590.7352,595569.1250,31.8147,604537.3125,1999.9000,
	2026/03/30 16:27:05	,	098838	,	1006	,10.5390,1999.9000,-0.1265,1590.8276,595569.1250,31.8193,604537.3125,1999.9000,
	2026/03/30 16:27:05	,	099838	,	1007	,10.5390,1999.9000,-0.1265,1590.8052,595569.1250,31.8216,604537.3125,1999.9000,
	2026/03/30 16:27:05	,	100838	,	1008	,10.5390,1999.9000,-0.1359,1590.7864,595569.1250,31.8235,604742.1250,1999.9000,
	2026/03/30 16:27:05	,	101838	,	1009	,10.5391,1999.9000,-0.1441,1590.7708,595405.3125,31.8251,604865.3125,1999.9000,
	2026/03/30 16:27:05	,	102838	,	1010	,10.5391,1999.9000,-0.1502,1590.7578,595318.3125,31.8264,604961.9375,1999.9000,
	2026/03/30 16:27:05	,	103838	,	1011	,10.5391,1999.9000,-0.1544,1590.7469,595299.5625,31.8290,605052.0000,1999.9000,
	2026/03/30 16:27:05	,	104838	,	1012	,10.5391,1999.9000,-0.1612,1590.7378,595210.4375,31.8266,605245.8125,1999.9000,
	2026/03/30 16:27:05	,	105838	,	1013	,10.5391,1999.9000,-0.1711,1590.7305,594935.2500,31.8215,605458.4375,1999.9000,
	2026/03/30 16:27:05	,	106838	,	1014	,10.5391,1999.9000,-0.1795,1590.2268,594613.4375,31.8128,605458.4375,1999.9000,
	2026/03/30 16:27:05	,	107838	,	1015	,10.5391,1999.9000,-0.1863,1589.8071,594613.4375,31.8039,605458.4375,1999.9000,
	2026/03/30 16:27:05	,	108838	,	1016	,10.5390,1999.9000,-0.1863,1589.3578,594613.4375,31.7981,605458.4375,1999.9000,
	2026/03/30 16:27:05	,	109838	,	1017	,10.5390,1999.9000,-0.1863,1588.9835,594613.4375,31.7978,605458.4375,1999.9000,
	2026/03/30 16:27:05	,	110838	,	1018	,10.5390,1999.9000,-0.1863,1588.6715,594613.4375,31.8036,605266.3750,1999.9000,
	2026/03/30 16:27:05	,	111838	,	1019	,10.5390,1999.9000,-0.1863,1588.4116,594788.0625,31.8085,605140.1250,1999.9000,
	2026/03/30 16:27:05	,	112838	,	1020	,10.5390,1999.9000,-0.1840,1588.1951,594825.3125,31.8126,605022.3750,1999.9000,
	2026/03/30 16:27:05	,	113838	,	1021	,10.5389,1999.9000,-0.1831,1587.9150,594846.6250,31.8160,604931.7500,1999.9000,
	2026/03/30 16:27:05	,	114838	,	1022	,10.5389,1999.9000,-0.1783,1587.6818,594953.6875,31.8188,604773.5000,1999.9000,
	2026/03/30 16:27:05	,	115838	,	1023	,10.5389,1999.9000,-0.1713,1587.6862,595224.1875,31.8212,604481.8125,1999.9000,
	2026/03/30 16:27:05	,	116838	,	1024	,10.5389,1999.9000,-0.1655,1587.9884,595613.2500,31.8232,604481.8125,1999.9000,
	2026/03/30 16:27:05	,	117838	,	1025	,10.5389,1999.9000,-0.1655,1588.4391,595613.2500,31.8248,604481.8125,1999.9000,
	2026/03/30 16:27:05	,	118838	,	1026	,10.5389,1999.9000,-0.1655,1588.8148,595613.2500,31.8246,604481.8125,1999.9000,
	2026/03/30 16:27:05	,	119838	,	1027	,10.5389,1999.9000,-0.1655,1589.0283,595613.2500,31.8245,604481.8125,1999.9000,
	2026/03/30 16:27:05	,	120838	,	1028	,10.5389,1999.9000,-0.1655,1589.2063,595613.2500,31.8244,604643.6250,1999.9000,
	2026/03/30 16:27:05	,	121838	,	1029	,10.5389,1999.9000,-0.1657,1589.4541,595472.6250,31.8243,604763.8125,1999.9000,
	2026/03/30 16:27:05	,	122838	,	1030	,10.5390,1999.9000,-0.1686,1589.9590,595371.9375,31.8227,604803.9375,1999.9000,
	2026/03/30 16:27:05	,	123838	,	1031	,10.5390,1999.9000,-0.1691,1590.5787,595351.6875,31.8213,604909.4375,1999.9000,
	2026/03/30 16:27:05	,	124838	,	1032	,10.5390,1999.9000,-0.1721,1590.8961,595329.6875,31.8217,605028.9375,1999.9000,
	2026/03/30 16:27:05	,	125838	,	1033	,10.5390,1999.9000,-0.1783,1591.1606,595088.9375,31.8236,605274.8125,1999.9000,
	2026/03/30 16:27:05	,	126838	,	1034	,10.5390,1999.9000,-0.1834,1591.3810,594721.3125,31.8252,605274.8125,1999.9000,
	2026/03/30 16:27:05	,	127838	,	1035	,10.5390,1999.9000,-0.1834,1591.5647,594721.3125,31.8280,605274.8125,1999.9000,
	2026/03/30 16:27:05	,	128838	,	1036	,10.5390,1999.9000,-0.1834,1591.7179,594721.3125,31.8280,605274.8125,1999.9000,
	2026/03/30 16:27:05	,	129838	,	1037	,10.5390,1999.9000,-0.1834,1591.8455,594721.3125,31.8304,605274.8125,1999.9000,
	2026/03/30 16:27:05	,	130838	,	1038	,10.5390,1999.9000,-0.1834,1591.9518,594721.3125,31.8323,605041.6250,1999.9000,
	2026/03/30 16:27:05	,	131838	,	1039	,10.5390,1999.9000,-0.1834,1592.0404,594727.2500,31.8340,604871.9375,1999.9000,
	2026/03/30 16:27:05	,	132838	,	1040	,10.5390,1999.9000,-0.1806,1591.8158,594861.3750,31.8353,604745.1250,1999.9000,
	2026/03/30 16:27:05	,	133838	,	1041	,10.5390,1999.9000,-0.1798,1591.5293,594889.3750,31.8365,604641.2500,1999.9000,
	2026/03/30 16:27:05	,	134838	,	1042	,10.5389,1999.9000,-0.1769,1591.2903,594911.8125,31.8359,604522.8750,1999.9000,
	2026/03/30 16:27:05	,	135838	,	1043	,10.5389,1999.9000,-0.1714,1591.1907,595124.6875,31.8308,604264.9375,1999.9000,
	2026/03/30 16:27:05	,	136838	,	1044	,10.5389,1999.9000,-0.1679,1591.1078,595497.6250,31.8266,604264.9375,1999.9000,
	2026/03/30 16:27:05	,	137838	,	1045	,10.5389,1999.9000,-0.1679,1591.0386,595505.3750,31.8215,604264.9375,1999.9000,
	2026/03/30 16:27:05	,	138838	,	1046	,10.5390,1999.9000,-0.1679,1590.9808,595507.9375,31.8173,604264.9375,1999.9000,
	2026/03/30 16:27:05	,	139838	,	1047	,10.5390,1999.9000,-0.1679,1590.9329,595509.2500,31.8062,604264.9375,1999.9000,
	2026/03/30 16:27:05	,	140838	,	1048	,10.5390,1999.9000,-0.1679,1590.8929,595510.0000,31.7969,604277.1250,1999.9000,
	2026/03/30 16:27:05	,	141838	,	1049	,10.5389,1999.9000,-0.1714,1590.8596,595510.5000,31.7876,604511.3750,1999.9000,
	2026/03/30 16:27:05	,	142838	,	1050	,10.5389,1999.9000,-0.1744,1591.2296,595380.8750,31.7799,604623.1250,1999.9000,
	2026/03/30 16:27:05	,	143838	,	1051	,10.5389,1999.9000,-0.1771,1591.5381,595350.7500,31.7750,604720.3125,1999.9000,
	2026/03/30 16:27:05	,	144838	,	1052	,10.5389,1999.9000,-0.1798,1591.8947,595333.4375,31.7709,604830.3125,1999.9000,
	2026/03/30 16:27:05	,	145838	,	1053	,10.5389,1999.9000,-0.1862,1592.0922,595186.6875,31.7675,605100.8750,1999.9000,
	2026/03/30 16:27:05	,	146838	,	1054	,10.5389,1999.9000,-0.1927,1592.2570,594854.7500,31.7646,605111.1875,1999.9000,
	2026/03/30 16:27:05	,	147838	,	1055	,10.5389,1999.9000,-0.1927,1592.3940,594706.4375,31.7622,605114.6250,1999.9000,
	2026/03/30 16:27:05	,	148838	,	1056	,10.5389,1999.9000,-0.1927,1592.5085,594706.4375,31.7633,605116.3125,1999.9000,
	2026/03/30 16:27:05	,	149838	,	1057	,10.5389,1999.9000,-0.1927,1592.3054,594706.4375,31.7688,605117.3125,1999.9000,
	2026/03/30 16:27:05	,	150838	,	1058	,10.5389,1999.9000,-0.1927,1592.1361,594706.4375,31.7734,605117.9375,1999.9000,
	2026/03/30 16:27:05	,	151838	,	1059	,10.5389,1999.9000,-0.1926,1591.7961,594706.4375,31.7833,604950.5000,1999.9000,
	2026/03/30 16:27:05	,	152838	,	1060	,10.5389,1999.9000,-0.1884,1591.4133,594845.8750,31.7916,604823.0000,1999.9000,
	2026/03/30 16:27:05	,	153838	,	1061	,10.5389,1999.9000,-0.1849,1591.0942,594873.5625,31.7924,604715.5000,1999.9000,
	2026/03/30 16:27:05	,	154838	,	1062	,10.5389,1999.9000,-0.1816,1590.8284,594892.6875,31.7915,604624.8750,1999.9000,
	2026/03/30 16:27:05	,	155838	,	1063	,10.5389,1999.9000,-0.1754,1590.6069,595046.0000,31.7908,604405.0625,1999.9000,
	2026/03/30 16:27:05	,	156838	,	1064	,10.5389,1999.9000,-0.1688,1590.2234,595384.4375,31.7902,604383.9375,1999.9000,
	2026/03/30 16:27:05	,	157838	,	1065	,10.5389,1999.9000,-0.1688,1589.8042,595635.8750,31.7866,604376.8750,1999.9000,
	2026/03/30 16:27:05	,	158838	,	1066	,10.5389,1999.9000,-0.1688,1589.4551,595635.8750,31.7821,604373.3750,1999.9000,
	2026/03/30 16:27:05	,	159838	,	1067	,10.5389,1999.9000,-0.1688,1589.1639,595635.8750,31.7783,604371.2500,1999.9000,
	2026/03/30 16:27:05	,	160838	,	1068	,10.5390,1999.9000,-0.1688,1588.5236,595635.8750,31.7752,604369.8125,1999.9000,
	2026/03/30 16:27:05	,	161838	,	1069	,10.5390,1999.9000,-0.1688,1588.5236,595635.8750,31.7726,604552.4375,1999.9000,
	2026/03/30 16:27:05	,	162838	,	1070	,10.5390,1999.9000,-0.1691,1587.7440,595481.5625,31.7705,604681.6875,1999.9000,
	2026/03/30 16:27:05	,	163838	,	1071	,10.5390,1999.9000,-0.1720,1587.8376,595395.1875,31.7733,604780.1250,1999.9000,
	2026/03/30 16:27:05	,	164838	,	1072	,10.5390,1999.9000,-0.1720,1587.9156,595374.3125,31.7771,604865.9375,1999.9000,
	2026/03/30 16:27:05	,	165838	,	1073	,10.5390,1999.9000,-0.1728,1587.9806,595283.8125,31.7834,605093.0625,1999.9000,
	2026/03/30 16:27:05	,	166838	,	1074	,10.5390,1999.9000,-0.1792,1588.0347,595034.1250,31.7886,605230.7500,1999.9000,
	2026/03/30 16:27:05	,	167838	,	1075	,10.5390,1999.9000,-0.1872,1588.0797,594680.1875,31.7929,605230.7500,1999.9000,
	2026/03/30 16:27:05	,	168838	,	1076	,10.5390,1999.9000,-0.1911,1588.5151,594680.1875,31.7965,605230.7500,1999.9000,
	2026/03/30 16:27:05	,	169838	,	1077	,10.5390,1999.9000,-0.1911,1589.1765,594680.1875,31.7965,605230.7500,1999.9000,
	2026/03/30 16:27:05	,	170838	,	1078	,10.5390,1999.9000,-0.1911,1589.7278,594680.1875,31.7965,605230.7500,1999.9000,
	2026/03/30 16:27:05	,	171838	,	1079	,10.5390,1999.9000,-0.1911,1590.1870,594680.1875,31.7964,605015.1250,1999.9000,
	2026/03/30 16:27:05	,	172838	,	1080	,10.5390,1999.9000,-0.1911,1590.5697,594822.6250,31.7933,604885.8750,1999.9000,
	2026/03/30 16:27:05	,	173838	,	1081	,10.5390,1999.9000,-0.1873,1590.1924,594920.3750,31.7831,604774.6875,1999.9000,
	2026/03/30 16:27:05	,	174838	,	1082	,10.5390,1999.9000,-0.1839,1589.8779,594939.6875,31.7746,604679.8750,1999.9000,
	2026/03/30 16:27:05	,	175838	,	1083	,10.5390,1999.9000,-0.1810,1589.6157,594961.4375,31.7752,604504.1250,1999.9000,
	2026/03/30 16:27:05	,	176838	,	1084	,10.5390,1999.9000,-0.1756,1589.2980,595256.9375,31.7757,604339.2500,1999.9000,
	2026/03/30 16:27:05	,	177838	,	1085	,10.5390,1999.9000,-0.1677,1589.0331,595633.5000,31.7760,604339.2500,1999.9000,
	2026/03/30 16:27:05	,	178838	,	1086	,10.5390,1999.9000,-0.1619,1588.7129,595633.5000,31.7840,604339.2500,1999.9000,
	2026/03/30 16:27:05	,	179838	,	1087	,10.5390,1999.9000,-0.1598,1588.2471,595633.5000,31.7906,604339.2500,1999.9000,
	2026/03/30 16:27:05	,	180838	,	1088	,10.5390,1999.9000,-0.1598,1588.0577,595633.5000,31.7962,604339.2500,1999.9000,
	2026/03/30 16:27:05	,	181838	,	1089	,10.5391,1999.9000,-0.1598,1587.9000,595633.5000,31.8008,604339.2500,1999.9000,
	2026/03/30 16:27:05	,	182838	,	1090	,10.5391,1999.9000,-0.1598,1587.8682,595512.0000,31.8046,604533.7500,1999.9000,
	2026/03/30 16:27:05	,	183838	,	1091	,10.5391,1999.9000,-0.1598,1587.7422,595405.3125,31.8078,604662.3750,1999.9000,
	2026/03/30 16:27:05	,	184838	,	1092	,10.5391,1999.9000,-0.1624,1587.6371,595382.6875,31.8074,604768.0625,1999.9000,
	2026/03/30 16:27:05	,	185838	,	1093	,10.5391,1999.9000,-0.1657,1587.5496,595363.2500,31.8025,604868.3750,1999.9000,
	2026/03/30 16:27:05	,	186838	,	1094	,10.5391,1999.9000,-0.1714,1588.0734,595143.7500,31.7984,605030.8125,1999.9000,
	2026/03/30 16:27:05	,	187838	,	1095	,10.5391,1999.9000,-0.1807,1588.7089,594779.6875,31.7950,605329.1875,1999.9000,
	2026/03/30 16:27:05	,	188838	,	1096	,10.5391,1999.9000,-0.1886,1589.4374,594774.0625,31.7922,605329.1875,1999.9000,
	2026/03/30 16:27:05	,	189838	,	1097	,10.5391,1999.9000,-0.1949,1589.8457,594772.1250,31.7914,605329.1875,1999.9000,
	2026/03/30 16:27:05	,	190838	,	1098	,10.5391,1999.9000,-0.1949,1589.9868,594771.1875,31.7937,605329.1875,1999.9000,
	2026/03/30 16:27:05	,	191838	,	1099	,10.5391,1999.9000,-0.1949,1590.1045,594770.6250,31.7957,605329.1875,1999.9000,
	2026/03/30 16:27:05	,	192838	,	1100	,10.5391,1999.9000,-0.1949,1590.2025,594770.1875,31.7973,605112.9375,1999.9000,
	2026/03/30 16:27:05	,	193838	,	1101	,10.5391,1999.9000,-0.1949,1590.3835,594895.2500,31.7986,604961.9375,1999.9000,
	2026/03/30 16:27:05	,	194838	,	1102	,10.5391,1999.9000,-0.1947,1590.4351,594919.3750,31.8013,604852.6250,1999.9000,
	2026/03/30 16:27:05	,	195838	,	1103	,10.5391,1999.9000,-0.1920,1590.4780,594938.9375,31.8035,604759.0000,1999.9000,
	2026/03/30 16:27:05	,	196838	,	1104	,10.5391,1999.9000,-0.1894,1590.5139,595146.1250,31.8099,604630.3750,1999.9000,
	2026/03/30 16:27:05	,	197838	,	1105	,10.5391,1999.9000,-0.1827,1590.5437,595517.3125,31.8153,604354.9375,1999.9000,
	2026/03/30 16:27:05	,	198838	,	1106	,10.5391,1999.9000,-0.1765,1590.5686,595549.2500,31.8213,604354.9375,1999.9000,
	2026/03/30 16:27:05	,	199838	,	1107	,10.5391,1999.9000,-0.1725,1590.5892,595559.8750,31.8263,604354.9375,1999.9000,
	2026/03/30 16:27:05	,	200838	,	1108	,10.5391,1999.9000,-0.1725,1590.7061,595565.1875,31.8290,604354.9375,1999.9000,
	2026/03/30 16:27:05	,	201838	,	1109	,10.5391,1999.9000,-0.1725,1590.8032,595568.3750,31.8312,604354.9375,1999.9000,
	2026/03/30 16:27:05	,	202838	,	1110	,10.5391,1999.9000,-0.1725,1590.8843,595570.5000,31.8330,604478.1250,1999.9000,
	2026/03/30 16:27:05	,	203838	,	1111	,10.5391,1999.9000,-0.1725,1590.9518,595439.2500,31.8346,604621.8750,1999.9000,
	2026/03/30 16:27:05	,	204838	,	1112	,10.5392,1999.9000,-0.1727,1591.1077,595406.5000,31.8312,604738.4375,1999.9000,
	2026/03/30 16:27:05	,	205838	,	1113	,10.5392,1999.9000,-0.1729,1591.2375,595382.0625,31.8224,604840.5625,1999.9000,
	2026/03/30 16:27:05	,	206838	,	1114	,10.5392,1999.9000,-0.1753,1591.7437,595224.8125,31.8150,604963.7500,1999.9000,
	2026/03/30 16:27:05	,	207838	,	1115	,10.5391,1999.9000,-0.1805,1592.1654,594905.3750,31.8088,605258.5000,1999.9000,
	2026/03/30 16:27:05	,	208838	,	1116	,10.5391,1999.9000,-0.1861,1592.7158,594693.3125,31.8036,605258.5000,1999.9000,
	2026/03/30 16:27:05	,	209838	,	1117	,10.5391,1999.9000,-0.1861,1593.1744,594693.3125,31.7993,605258.5000,1999.9000,
	2026/03/30 16:27:05	,	210838	,	1118	,10.5390,1999.9000,-0.1861,1593.5566,594693.3125,31.7958,605258.5000,1999.9000,
	2026/03/30 16:27:05	,	211838	,	1119	,10.5390,1999.9000,-0.1861,1593.8751,594693.3125,31.7943,605258.5000,1999.9000,
	2026/03/30 16:27:05	,	212838	,	1120	,10.5390,1999.9000,-0.1861,1594.1405,594693.3125,31.7962,605155.1875,1999.9000,
	2026/03/30 16:27:05	,	213838	,	1121	,10.5390,1999.9000,-0.1860,1594.2623,594850.0000,31.7977,604975.8125,1999.9000,
	2026/03/30 16:27:05	,	214838	,	1122	,10.5390,1999.9000,-0.1824,1594.2642,594889.9375,31.7990,604845.9375,1999.9000,
	2026/03/30 16:27:05	,	215838	,	1123	,10.5390,1999.9000,-0.1815,1593.6689,594911.1875,31.8001,604743.8750,1999.9000,
	2026/03/30 16:27:05	,	216838	,	1124	,10.5390,1999.9000,-0.1808,1593.0734,595048.4375,31.7995,604656.3125,1999.9000,
	2026/03/30 16:27:05	,	217838	,	1125	,10.5391,1999.9000,-0.1746,1592.4777,595371.9375,31.7989,604424.3750,1999.9000,
	2026/03/30 16:27:05	,	218838	,	1126	,10.5391,1999.9000,-0.1690,1591.9812,595650.1875,31.8000,604418.0000,1999.9000,
	2026/03/30 16:27:05	,	219838	,	1127	,10.5391,1999.9000,-0.1690,1591.4681,595650.1875,31.8009,604415.9375,1999.9000,
	2026/03/30 16:27:05	,	220838	,	1128	,10.5391,1999.9000,-0.1690,1591.0404,595650.1875,31.8017,604414.8750,1999.9000,
	2026/03/30 16:27:05	,	221838	,	1129	,10.5391,1999.9000,-0.1690,1590.6841,595650.1875,31.8069,604414.1875,1999.9000,
	2026/03/30 16:27:05	,	222838	,	1130	,10.5391,1999.9000,-0.1690,1590.3871,595650.1875,31.8143,604413.8125,1999.9000,
	2026/03/30 16:27:05	,	223838	,	1131	,10.5391,1999.9000,-0.1691,1590.1395,595482.7500,31.8220,604588.6875,1999.9000,
	2026/03/30 16:27:05	,	224838	,	1132	,10.5391,1999.9000,-0.1738,1590.0328,595389.1875,31.8284,604696.7500,1999.9000,
	2026/03/30 16:27:05	,	225838	,	1133	,10.5391,1999.9000,-0.1774,1589.9437,595366.0000,31.8338,604794.6250,1999.9000,
	2026/03/30 16:27:05	,	226838	,	1134	,10.5391,1999.9000,-0.1811,1589.9691,595342.3750,31.8383,604888.8750,1999.9000,
	2026/03/30 16:27:05	,	227838	,	1135	,10.5391,1999.9000,-0.1881,1590.1892,595051.3750,31.8374,605124.3750,1999.9000,
	2026/03/30 16:27:05	,	228838	,	1136	,10.5391,1999.9000,-0.1966,1590.3726,594681.4375,31.8367,605210.1875,1999.9000,
	2026/03/30 16:27:05	,	229838	,	1137	,10.5390,1999.9000,-0.2014,1590.5254,594681.4375,31.8361,605210.1875,1999.9000,
	2026/03/30 16:27:05	,	230838	,	1138	,10.5390,1999.9000,-0.2014,1590.7522,594681.4375,31.8279,605210.1875,1999.9000,
	2026/03/30 16:27:05	,	231838	,	1139	,10.5390,1999.9000,-0.2014,1590.9413,594681.4375,31.8181,605210.1875,1999.9000,
	2026/03/30 16:27:05	,	232838	,	1140	,10.5390,1999.9000,-0.2014,1591.0988,594681.4375,31.8098,605210.1875,1999.9000,
	2026/03/30 16:27:05	,	233838	,	1141	,10.5390,1999.9000,-0.2014,1591.1306,594793.4375,31.8030,605016.3125,1999.9000,
	2026/03/30 16:27:05	,	234838	,	1142	,10.5390,1999.9000,-0.1980,1591.1571,594891.1250,31.8004,604884.0625,1999.9000,
	2026/03/30 16:27:05	,	235838	,	1143	,10.5391,1999.9000,-0.1949,1591.0797,594913.7500,31.8043,604796.5000,1999.9000,
	2026/03/30 16:27:05	,	236838	,	1144	,10.5391,1999.9000,-0.1918,1591.0153,594937.8125,31.8045,604713.1250,1999.9000,
	2026/03/30 16:27:05	,	237838	,	1145	,10.5391,1999.9000,-0.1855,1590.9615,595214.6875,31.8047,604522.8750,1999.9000,
	2026/03/30 16:27:05	,	238838	,	1146	,10.5391,1999.9000,-0.1765,1590.7178,595594.7500,31.8078,604357.3750,1999.9000,
	2026/03/30 16:27:05	,	239838	,	1147	,10.5391,1999.9000,-0.1694,1590.4153,595594.7500,31.8105,604357.3750,1999.9000,
	2026/03/30 16:27:05	,	240838	,	1148	,10.5391,1999.9000,-0.1639,1589.9642,595594.7500,31.8127,604357.3750,1999.9000,
	2026/03/30 16:27:05	,	241838	,	1149	,10.5391,1999.9000,-0.1639,1589.9642,595594.7500,31.8146,604357.3750,1999.9000,
	2026/03/30 16:27:05	,	242838	,	1150	,10.5391,1999.9000,-0.1639,1589.7872,595594.7500,31.8161,604357.3750,1999.9000,
	2026/03/30 16:27:05	,	243838	,	1151	,10.5391,1999.9000,-0.1639,1589.7391,595587.8750,31.8174,604556.0625,1999.9000,
	2026/03/30 16:27:05	,	244838	,	1152	,10.5391,1999.9000,-0.1639,1589.8982,595430.9375,31.8185,604682.3125,1999.9000,
	2026/03/30 16:27:05	,	245838	,	1153	,10.5391,1999.9000,-0.1639,1590.0305,595400.2500,31.8209,604778.9375,1999.9000,
	2026/03/30 16:27:05	,	246838	,	1154	,10.5391,1999.9000,-0.1661,1590.1409,595375.1250,31.8229,604817.8750,1999.9000,
	2026/03/30 16:27:05	,	247838	,	1155	,10.5391,1999.9000,-0.1705,1590.2329,595155.0625,31.8229,605036.2500,1999.9000,
	2026/03/30 16:27:05	,	248838	,	1156	,10.5391,1999.9000,-0.1784,1590.3096,594796.3750,31.8232,605305.0000,1999.9000,
	2026/03/30 16:27:05	,	249838	,	1157	,10.5391,1999.9000,-0.1847,1590.3734,594781.5000,31.8233,605305.0000,1999.9000,
	2026/03/30 16:27:05	,	250838	,	1158	,10.5391,1999.9000,-0.1872,1590.4268,594776.5625,31.8188,605305.0000,1999.9000,
	2026/03/30 16:27:05	,	251838	,	1159	,10.5391,1999.9000,-0.1872,1590.4712,594774.0625,31.8151,605305.0000,1999.9000,
