#BeginHeader,,
#FormatType,M-M20X\NORMAL,
#FormatVersion,V_1.1.9.7,
测量模式,正常模式,
采集开始时间,	2026/04/30 12:01:47.451397	,
采样周期,1ms,
保存选项,Standard,
,
通道条件,
通道编号,,,(M-1)M208,(M-1)M208,(M-1)M208,(M-1)M208,(M-1)M208,(M-1)M208,(M-1)M208,(M-1)M208,
波形名,,,CH1,CH2,CH3,CH4,CH5,CH6,CH7,CH8,
输入,,,20mA,PT100(3线),20V,0~1A,0~1A,PT100(3线),0~1A,PT100(4线),
单位,,,mA,℃,V,mA,℃,℃,mA,mA,
#EndHeader,
时间,μs,运行时间ms,(M-1)CH1,(M-1)CH2,(M-1)CH3,(M-1)CH4,(M-1)CH5,(M-1)CH6,(M-1)CH7,(M-1)CH8,
	2026/04/30 12:01:47	,	451397	,	0	,10.514584,1999.9000,-0.26385260,-1191.7819,594876.8750,41.454,605071.2500,1999.9000,
	2026/04/30 12:01:47	,	452397	,	1	,10.514576,1999.9000,-0.26385260,-1191.2865,594876.8750,41.456,605071.2500,1999.9000,
	2026/04/30 12:01:47	,	453397	,	2	,10.514565,1999.9000,-0.26385260,-1190.8735,594876.8750,41.456,605071.2500,1999.9000,
	2026/04/30 12:01:47	,	454397	,	3	,10.514565,1999.9000,-0.26385260,-1191.0270,594876.8750,41.455,605060.8125,1999.9000,
	2026/04/30 12:01:47	,	455397	,	4	,10.514547,1999.9000,-0.26080224,-1191.1547,594876.8750,41.453,604926.3125,1999.9000,
	2026/04/30 12:01:47	,	456397	,	5	,10.514545,1999.9000,-0.25788423,-1191.2611,594965.6250,41.452,604889.4375,1999.9000,
	2026/04/30 12:01:47	,	457397	,	6	,10.514554,1999.9000,-0.25547042,-1191.3499,594982.3125,41.452,604786.1875,1999.9000,
	2026/04/30 12:01:47	,	458397	,	7	,10.514571,1999.9000,-0.25547042,-1191.4237,594991.0625,41.451,604756.5625,1999.9000,
	2026/04/30 12:01:47	,	459397	,	8	,10.514590,1999.9000,-0.25285494,-1191.4854,595100.2500,41.450,604730.6250,1999.9000,
	2026/04/30 12:01:47	,	460397	,	9	,10.514606,1999.9000,-0.24680465,-1191.5366,595363.0000,41.451,604717.6250,1999.9000,
	2026/04/30 12:01:47	,	461397	,	10	,10.514625,1999.9000,-0.24129637,-1191.5793,595532.8125,41.452,604709.8125,1999.9000,
	2026/04/30 12:01:47	,	462397	,	11	,10.514640,1999.9000,-0.24129637,-1191.5156,595532.8125,41.458,604704.5625,1999.9000,
	2026/04/30 12:01:47	,	463397	,	12	,10.514657,1999.9000,-0.24129637,-1191.0646,595532.8125,41.465,604700.2500,1999.9000,
	2026/04/30 12:01:47	,	464397	,	13	,10.514676,1999.9000,-0.24129637,-1190.6886,595532.8125,41.471,604705.6875,1999.9000,
	2026/04/30 12:01:47	,	465397	,	14	,10.514703,1999.9000,-0.24129637,-1190.3754,595532.8125,41.477,604801.3125,1999.9000,
	2026/04/30 12:01:47	,	466397	,	15	,10.514715,1999.9000,-0.24148019,-1190.1144,595427.3750,41.481,604825.7500,1999.9000,
	2026/04/30 12:01:47	,	467397	,	16	,10.514725,1999.9000,-0.24570802,-1189.7975,595407.6875,41.485,604911.1875,1999.9000,
	2026/04/30 12:01:47	,	468397	,	17	,10.514733,1999.9000,-0.24901047,-1189.1354,595394.5625,41.488,604945.9375,1999.9000,
	2026/04/30 12:01:47	,	469397	,	18	,10.514740,1999.9000,-0.25263435,-1188.5837,595311.1875,41.490,605055.5625,1999.9000,
	2026/04/30 12:01:47	,	470397	,	19	,10.514747,1999.9000,-0.25975603,-1188.1239,595099.6875,41.492,605055.5625,1999.9000,
	2026/04/30 12:01:47	,	471397	,	20	,10.514751,1999.9000,-0.26713613,-1188.2382,594820.2500,41.492,605055.5625,1999.9000,
	2026/04/30 12:01:47	,	472397	,	21	,10.514755,1999.9000,-0.26729682,-1188.3333,594820.2500,41.490,605055.5625,1999.9000,
	2026/04/30 12:01:47	,	473397	,	22	,10.514759,1999.9000,-0.26735041,-1188.4125,594820.2500,41.484,605055.5625,1999.9000,
	2026/04/30 12:01:47	,	474397	,	23	,10.514762,1999.9000,-0.26737720,-1188.4786,594820.2500,41.480,605048.8125,1999.9000,
	2026/04/30 12:01:47	,	475397	,	24	,10.514764,1999.9000,-0.26739326,-1188.5338,594820.2500,41.476,604939.0000,1999.9000,
	2026/04/30 12:01:47	,	476397	,	25	,10.514767,1999.9000,-0.26740399,-1188.5796,594931.6250,41.473,604906.3750,1999.9000,
	2026/04/30 12:01:47	,	477397	,	26	,10.514763,1999.9000,-0.26474121,-1188.6178,594959.0000,41.470,604810.9375,1999.9000,
	2026/04/30 12:01:47	,	478397	,	27	,10.514785,1999.9000,-0.26215094,-1188.7491,594974.0000,41.468,604779.0000,1999.9000,
	2026/04/30 12:01:47	,	479397	,	28	,10.514808,1999.9000,-0.25947875,-1188.8586,594989.7500,41.464,604681.6875,1999.9000,
	2026/04/30 12:01:47	,	480397	,	29	,10.514828,1999.9000,-0.25364903,-1188.9500,595253.3750,41.463,604681.6875,1999.9000,
	2026/04/30 12:01:47	,	481397	,	30	,10.514809,1999.9000,-0.24693070,-1189.1254,595556.0625,41.460,604681.6875,1999.9000,
	2026/04/30 12:01:47	,	482397	,	31	,10.514793,1999.9000,-0.24638869,-1189.2716,595556.0625,41.458,604681.6875,1999.9000,
	2026/04/30 12:01:47	,	483397	,	32	,10.514775,1999.9000,-0.24620803,-1189.2939,595556.0625,41.455,604681.6875,1999.9000,
	2026/04/30 12:01:47	,	484397	,	33	,10.514760,1999.9000,-0.24611770,-1189.4121,595556.0625,41.452,604688.1250,1999.9000,
	2026/04/30 12:01:47	,	485397	,	34	,10.514748,1999.9000,-0.24606350,-1189.5106,595556.0625,41.447,604794.0625,1999.9000,
	2026/04/30 12:01:47	,	486397	,	35	,10.514743,1999.9000,-0.24602737,-1189.5927,595463.1250,41.442,604822.1250,1999.9000,
	2026/04/30 12:01:47	,	487397	,	36	,10.514737,1999.9000,-0.24632287,-1189.6610,595426.1250,41.439,604905.1250,1999.9000,
	2026/04/30 12:01:47	,	488397	,	37	,10.514733,1999.9000,-0.24932562,-1189.7179,595404.6875,41.436,604938.4375,1999.9000,
	2026/04/30 12:01:47	,	489397	,	38	,10.514730,1999.9000,-0.24994008,-1190.0638,595387.2500,41.433,605044.1250,1999.9000,
	2026/04/30 12:01:47	,	490397	,	39	,10.514728,1999.9000,-0.25463220,-1190.4515,595187.8125,41.432,605050.5000,1999.9000,
	2026/04/30 12:01:47	,	491397	,	40	,10.514711,1999.9000,-0.26119930,-1190.7747,594904.8750,41.432,605052.5625,1999.9000,
	2026/04/30 12:01:47	,	492397	,	41	,10.514728,1999.9000,-0.26537776,-1191.0439,594902.5000,41.436,605053.6250,1999.9000,
	2026/04/30 12:01:47	,	493397	,	42	,10.514746,1999.9000,-0.26537776,-1191.1687,594901.6875,41.444,605054.2500,1999.9000,
	2026/04/30 12:01:47	,	494397	,	43	,10.514767,1999.9000,-0.26537776,-1191.2728,594901.3125,41.451,605054.6875,1999.9000,
	2026/04/30 12:01:47	,	495397	,	44	,10.514783,1999.9000,-0.26537776,-1190.9618,594901.0625,41.456,605054.6875,1999.9000,
	2026/04/30 12:01:47	,	496397	,	45	,10.514797,1999.9000,-0.26537776,-1190.6029,594900.8750,41.459,605042.2500,1999.9000,
	2026/04/30 12:01:47	,	497397	,	46	,10.514805,1999.9000,-0.26264882,-1190.3041,594912.1875,41.462,604907.6250,1999.9000,
	2026/04/30 12:01:47	,	498397	,	47	,10.514810,1999.9000,-0.26040518,-1190.0549,594999.0000,41.464,604874.6875,1999.9000,
	2026/04/30 12:01:47	,	499397	,	48	,10.514820,1999.9000,-0.25953230,-1189.8473,595006.7500,41.474,604774.0625,1999.9000,
	2026/04/30 12:01:47	,	500397	,	49	,10.514828,1999.9000,-0.25508597,-1189.6742,595146.7500,41.482,604748.1250,1999.9000,
	2026/04/30 12:01:47	,	501397	,	50	,10.514834,1999.9000,-0.24884032,-1189.5300,595443.4375,41.480,604732.3750,1999.9000,
	2026/04/30 12:01:47	,	502397	,	51	,10.514840,1999.9000,-0.24557568,-1189.3104,595461.8750,41.476,604724.5625,1999.9000,
	2026/04/30 12:01:47	,	503397	,	52	,10.514844,1999.9000,-0.24557568,-1189.1274,595468.0625,41.473,604719.8125,1999.9000,
	2026/04/30 12:01:47	,	504397	,	53	,10.514849,1999.9000,-0.24557568,-1188.9749,595471.1250,41.470,604716.6875,1999.9000,
	2026/04/30 12:01:47	,	505397	,	54	,10.514841,1999.9000,-0.24557568,-1188.8478,595473.0000,41.468,604714.0625,1999.9000,
	2026/04/30 12:01:47	,	506397	,	55	,10.514835,1999.9000,-0.24557568,-1188.8413,595474.1875,41.466,604722.8125,1999.9000,
	2026/04/30 12:01:47	,	507397	,	56	,10.514835,1999.9000,-0.24804622,-1188.8359,595461.1875,41.465,604826.6875,1999.9000,
	2026/04/30 12:01:47	,	508397	,	57	,10.514835,1999.9000,-0.24897897,-1188.8315,595367.8125,41.463,604857.7500,1999.9000,
	2026/04/30 12:01:47	,	509397	,	58	,10.514835,1999.9000,-0.25137389,-1188.8278,595358.8750,41.462,604954.6875,1999.9000,
	2026/04/30 12:01:47	,	510397	,	59	,10.514831,1999.9000,-0.25420365,-1188.8247,595266.4375,41.461,604987.8750,1999.9000,
	2026/04/30 12:01:47	,	511397	,	60	,10.514811,1999.9000,-0.26035476,-1189.1205,595019.2500,41.461,605011.0000,1999.9000,
	2026/04/30 12:01:47	,	512397	,	61	,10.514785,1999.9000,-0.26509413,-1189.4666,594863.1250,41.464,605022.6250,1999.9000,
	2026/04/30 12:01:47	,	513397	,	62	,10.514764,1999.9000,-0.26509413,-1189.7549,594863.1250,41.470,605029.5000,1999.9000,
	2026/04/30 12:01:47	,	514397	,	63	,10.514746,1999.9000,-0.26509413,-1189.9952,594863.1250,41.476,605034.1875,1999.9000,
	2026/04/30 12:01:47	,	515397	,	64	,10.514740,1999.9000,-0.26509413,-1190.1954,594863.1250,41.480,605038.0625,1999.9000,
	2026/04/30 12:01:47	,	516397	,	65	,10.514742,1999.9000,-0.26509413,-1190.5612,594863.1250,41.476,605030.5000,1999.9000,
	2026/04/30 12:01:47	,	517397	,	66	,10.514737,1999.9000,-0.26214463,-1190.8660,594948.3750,41.473,604926.3125,1999.9000,
	2026/04/30 12:01:47	,	518397	,	67	,10.514733,1999.9000,-0.25959218,-1191.1200,594962.6250,41.470,604895.1875,1999.9000,
	2026/04/30 12:01:47	,	519397	,	68	,10.514736,1999.9000,-0.25744936,-1191.3318,594972.3125,41.468,604794.6250,1999.9000,
	2026/04/30 12:01:47	,	520397	,	69	,10.514748,1999.9000,-0.25426036,-1191.5082,595088.3125,41.466,604766.2500,1999.9000,
	2026/04/30 12:01:47	,	521397	,	70	,10.514758,1999.9000,-0.24749161,-1191.5558,595362.4375,41.465,604675.6875,1999.9000,
	2026/04/30 12:01:47	,	522397	,	71	,10.514767,1999.9000,-0.24164300,-1191.5953,595551.8750,41.463,604675.6875,1999.9000,
	2026/04/30 12:01:47	,	523397	,	72	,10.514768,1999.9000,-0.24164300,-1191.6283,595551.8750,41.459,604675.6875,1999.9000,
	2026/04/30 12:01:47	,	524397	,	73	,10.514774,1999.9000,-0.24164300,-1191.7554,595551.8750,41.459,604675.6875,1999.9000,
	2026/04/30 12:01:47	,	525397	,	74	,10.514779,1999.9000,-0.24164300,-1191.7616,595551.8750,41.460,604675.6875,1999.9000,
	2026/04/30 12:01:47	,	526397	,	75	,10.514789,1999.9000,-0.24164300,-1191.6675,595551.8750,41.461,604688.2500,1999.9000,
	2026/04/30 12:01:47	,	527397	,	76	,10.514816,1999.9000,-0.24183734,-1191.5889,595427.9375,41.463,604826.0625,1999.9000,
	2026/04/30 12:01:47	,	528397	,	77	,10.514819,1999.9000,-0.24555677,-1191.5236,595400.8750,41.465,604851.0625,1999.9000,
	2026/04/30 12:01:47	,	529397	,	78	,10.514822,1999.9000,-0.24815334,-1191.1707,595385.8750,41.467,604939.6250,1999.9000,
	2026/04/30 12:01:47	,	530397	,	79	,10.514844,1999.9000,-0.25117850,-1190.6776,595369.2500,41.467,604972.1875,1999.9000,
	2026/04/30 12:01:47	,	531397	,	80	,10.514862,1999.9000,-0.25778970,-1190.2668,595130.6250,41.467,605080.9375,1999.9000,
	2026/04/30 12:01:47	,	532397	,	81	,10.514877,1999.9000,-0.26443869,-1189.8250,594848.2500,41.466,605080.9375,1999.9000,
	2026/04/30 12:01:47	,	533397	,	82	,10.514871,1999.9000,-0.26443869,-1189.4567,594848.2500,41.466,605080.9375,1999.9000,
	2026/04/30 12:01:47	,	534397	,	83	,10.514866,1999.9000,-0.26443869,-1189.1498,594848.2500,41.466,605080.9375,1999.9000,
	2026/04/30 12:01:47	,	535397	,	84	,10.514851,1999.9000,-0.26443869,-1189.1925,594848.2500,41.466,605080.9375,1999.9000,
	2026/04/30 12:01:47	,	536397	,	85	,10.514838,1999.9000,-0.26443869,-1189.4270,594848.2500,41.466,605070.1250,1999.9000,
	2026/04/30 12:01:47	,	537397	,	86	,10.514828,1999.9000,-0.26432946,-1189.6224,594931.6250,41.466,604951.6250,1999.9000,
	2026/04/30 12:01:47	,	538397	,	87	,10.514819,1999.9000,-0.26102284,-1189.8848,594959.0000,41.466,604918.4375,1999.9000,
	2026/04/30 12:01:47	,	539397	,	88	,10.514801,1999.9000,-0.25860900,-1190.3024,594971.1875,41.466,604807.3125,1999.9000,
	2026/04/30 12:01:47	,	540397	,	89	,10.514788,1999.9000,-0.25611955,-1190.6503,594983.9375,41.466,604769.8125,1999.9000,
	2026/04/30 12:01:47	,	541397	,	90	,10.514775,1999.9000,-0.25030878,-1191.1393,595223.5625,41.463,604678.6250,1999.9000,
	2026/04/30 12:01:47	,	542397	,	91	,10.514736,1999.9000,-0.24356522,-1191.5466,595523.8750,41.460,604678.6250,1999.9000,
	2026/04/30 12:01:47	,	543397	,	92	,10.514703,1999.9000,-0.24017456,-1191.8861,595523.8750,41.458,604678.6250,1999.9000,
	2026/04/30 12:01:47	,	544397	,	93	,10.514676,1999.9000,-0.24017456,-1192.1691,595523.8750,41.461,604678.6250,1999.9000,
	2026/04/30 12:01:47	,	545397	,	94	,10.514653,1999.9000,-0.24017456,-1192.4049,595523.8750,41.463,604678.6250,1999.9000,
	2026/04/30 12:01:47	,	546397	,	95	,10.514634,1999.9000,-0.24017456,-1192.6014,595523.8750,41.462,604684.8750,1999.9000,
	2026/04/30 12:01:47	,	547397	,	96	,10.514618,1999.9000,-0.24017456,-1192.7651,595511.3750,41.458,604794.0625,1999.9000,
	2026/04/30 12:01:47	,	548397	,	97	,10.514605,1999.9000,-0.24229845,-1192.8022,595376.6875,41.455,604825.5000,1999.9000,
	2026/04/30 12:01:47	,	549397	,	98	,10.514599,1999.9000,-0.24332258,-1192.8330,595365.3750,41.454,604920.8750,1999.9000,
	2026/04/30 12:01:47	,	550397	,	99	,10.514599,1999.9000,-0.24659036,-1192.7592,595355.4375,41.454,604948.9375,1999.9000,
	2026/04/30 12:01:47	,	551397	,	100	,10.514599,1999.9000,-0.25190955,-1192.5983,595208.0625,41.455,605049.5000,1999.9000,
	2026/04/30 12:01:47	,	552397	,	101	,10.514599,1999.9000,-0.25904387,-1191.9668,594927.5000,41.453,605049.5000,1999.9000,
	2026/04/30 12:01:47	,	553397	,	102	,10.514618,1999.9000,-0.25904387,-1191.4406,594917.6875,41.451,605049.5000,1999.9000,
	2026/04/30 12:01:47	,	554397	,	103	,10.514620,1999.9000,-0.25904387,-1191.2009,594914.3750,41.449,605049.5000,1999.9000,
	2026/04/30 12:01:47	,	555397	,	104	,10.514622,1999.9000,-0.25904387,-1191.0012,594912.7500,41.449,605049.5000,1999.9000,
	2026/04/30 12:01:47	,	556397	,	105	,10.514623,1999.9000,-0.25904387,-1190.8348,594911.7500,41.451,605049.5625,1999.9000,
	2026/04/30 12:01:47	,	557397	,	106	,10.514633,1999.9000,-0.25900185,-1190.5967,594911.0625,41.454,605036.6875,1999.9000,
	2026/04/30 12:01:47	,	558397	,	107	,10.514636,1999.9000,-0.25572252,-1190.4978,594923.6250,41.456,604912.4375,1999.9000,
	2026/04/30 12:01:47	,	559397	,	108	,10.514645,1999.9000,-0.25323939,-1190.7137,595008.5000,41.453,604875.8750,1999.9000,
	2026/04/30 12:01:47	,	560397	,	109	,10.514657,1999.9000,-0.25237280,-1190.8937,595010.2500,41.450,604760.2500,1999.9000,
	2026/04/30 12:01:47	,	561397	,	110	,10.514661,1999.9000,-0.24792017,-1190.8937,595129.4375,41.453,604733.3125,1999.9000,
	2026/04/30 12:01:47	,	562397	,	111	,10.514666,1999.9000,-0.24202743,-1191.3511,595419.6250,41.463,604724.3750,1999.9000,
	2026/04/30 12:01:47	,	563397	,	112	,10.514673,1999.9000,-0.24202743,-1191.5242,595530.4375,41.471,604719.8750,1999.9000,
	2026/04/30 12:01:47	,	564397	,	113	,10.514696,1999.9000,-0.24202743,-1191.7679,595530.4375,41.469,604717.2500,1999.9000,
	2026/04/30 12:01:47	,	565397	,	114	,10.514714,1999.9000,-0.24202743,-1191.8717,595530.4375,41.467,604715.4375,1999.9000,
	2026/04/30 12:01:47	,	566397	,	115	,10.514734,1999.9000,-0.24202743,-1191.9581,595530.4375,41.465,604714.4375,1999.9000,
	2026/04/30 12:01:47	,	567397	,	116	,10.514751,1999.9000,-0.24230054,-1192.0302,595530.4375,41.464,604724.6250,1999.9000,
	2026/04/30 12:01:47	,	568397	,	117	,10.514767,1999.9000,-0.24698113,-1192.1896,595439.8750,41.462,604832.6875,1999.9000,
	2026/04/30 12:01:47	,	569397	,	118	,10.514778,1999.9000,-0.24981089,-1192.3225,595422.8750,41.462,604864.4375,1999.9000,
	2026/04/30 12:01:47	,	570397	,	119	,10.514789,1999.9000,-0.25217429,-1192.2344,595406.9375,41.461,604957.6875,1999.9000,
	2026/04/30 12:01:47	,	571397	,	120	,10.514797,1999.9000,-0.25611326,-1192.1609,595295.0625,41.460,604992.5000,1999.9000,
	2026/04/30 12:01:47	,	572397	,	121	,10.514798,1999.9000,-0.26319084,-1192.0002,595049.0000,41.464,605017.1250,1999.9000,
	2026/04/30 12:01:47	,	573397	,	122	,10.514800,1999.9000,-0.26910245,-1191.5679,594851.8125,41.467,605029.4375,1999.9000,
	2026/04/30 12:01:47	,	574397	,	123	,10.514801,1999.9000,-0.26910245,-1191.0087,594851.8125,41.464,605036.8750,1999.9000,
	2026/04/30 12:01:47	,	575397	,	124	,10.514801,1999.9000,-0.26910245,-1190.3436,594851.8125,41.460,605041.7500,1999.9000,
	2026/04/30 12:01:47	,	576397	,	125	,10.514803,1999.9000,-0.26910245,-1189.6901,594851.8125,41.456,605045.8750,1999.9000,
	2026/04/30 12:01:47	,	577397	,	126	,10.514778,1999.9000,-0.26910245,-1189.1454,594851.8125,41.453,605038.0000,1999.9000,
	2026/04/30 12:01:47	,	578397	,	127	,10.514754,1999.9000,-0.26612774,-1188.6914,594937.0000,41.449,604923.2500,1999.9000,
	2026/04/30 12:01:47	,	579397	,	128	,10.514733,1999.9000,-0.26324126,-1188.4125,594951.8750,41.444,604894.8750,1999.9000,
	2026/04/30 12:01:47	,	580397	,	129	,10.514711,1999.9000,-0.26056275,-1188.4125,594962.6250,41.440,604797.0625,1999.9000,
	2026/04/30 12:01:47	,	581397	,	130	,10.514693,1999.9000,-0.25664267,-1188.6497,595062.7500,41.437,604766.2500,1999.9000,
	2026/04/30 12:01:47	,	582397	,	131	,10.514678,1999.9000,-0.24939492,-1188.8752,595320.6875,41.434,604744.2500,1999.9000,
	2026/04/30 12:01:47	,	583397	,	132	,10.514665,1999.9000,-0.24308623,-1188.8752,595561.3750,41.432,604733.3125,1999.9000,
	2026/04/30 12:01:47	,	584397	,	133	,10.514653,1999.9000,-0.24303266,-1189.0631,595561.3750,41.428,604726.6875,1999.9000,
	2026/04/30 12:01:47	,	585397	,	134	,10.514645,1999.9000,-0.24301480,-1189.2197,595561.3750,41.427,604722.3125,1999.9000,
	2026/04/30 12:01:47	,	586397	,	135	,10.514637,1999.9000,-0.24300589,-1189.3503,595561.3750,41.423,604718.6875,1999.9000,
	2026/04/30 12:01:47	,	587397	,	136	,10.514630,1999.9000,-0.24300052,-1189.4590,595561.3750,41.422,604727.3125,1999.9000,
	2026/04/30 12:01:47	,	588397	,	137	,10.514627,1999.9000,-0.24299698,-1189.5497,595444.0625,41.423,604841.1250,1999.9000,
	2026/04/30 12:01:47	,	589397	,	138	,10.514587,1999.9000,-0.24567652,-1188.8293,595418.6875,41.426,604867.7500,1999.9000,
	2026/04/30 12:01:47	,	590397	,	139	,10.514554,1999.9000,-0.24785715,-1188.0302,595401.7500,41.428,604958.9375,1999.9000,
	2026/04/30 12:01:47	,	591397	,	140	,10.514526,1999.9000,-0.25035289,-1187.3643,595382.1875,41.431,604994.8750,1999.9000,
	2026/04/30 12:01:47	,	592397	,	141	,10.514504,1999.9000,-0.25652289,-1187.0083,595143.1875,41.434,605087.6250,1999.9000,
	2026/04/30 12:01:47	,	593397	,	142	,10.514485,1999.9000,-0.26286942,-1186.7115,594856.0000,41.438,605087.6250,1999.9000,
	2026/04/30 12:01:47	,	594397	,	143	,10.514500,1999.9000,-0.26387781,-1186.6633,594856.0000,41.442,605087.6250,1999.9000,
	2026/04/30 12:01:47	,	595397	,	144	,10.514526,1999.9000,-0.26421392,-1186.6230,594856.0000,41.448,605087.6250,1999.9000,
	2026/04/30 12:01:47	,	596397	,	145	,10.514548,1999.9000,-0.26438197,-1186.5895,594856.0000,41.457,605087.6250,1999.9000,
	2026/04/30 12:01:47	,	597397	,	146	,10.514566,1999.9000,-0.26448283,-1186.5616,594856.0000,41.460,605076.8125,1999.9000,
	2026/04/30 12:01:47	,	598397	,	147	,10.514581,1999.9000,-0.26455003,-1186.5383,594868.0000,41.461,604952.2500,1999.9000,
	2026/04/30 12:01:47	,	599397	,	148	,10.514593,1999.9000,-0.26423845,-1186.8173,594996.6250,41.463,604920.8750,1999.9000,
	2026/04/30 12:01:47	,	600397	,	149	,10.514594,1999.9000,-0.26086527,-1187.3483,594999.8750,41.465,604814.6250,1999.9000,
	2026/04/30 12:01:47	,	601397	,	150	,10.514596,1999.9000,-0.25994512,-1187.8901,595006.3125,41.468,604776.5000,1999.9000,
	2026/04/30 12:01:47	,	602397	,	151	,10.514596,1999.9000,-0.25397044,-1188.3417,595204.5625,41.471,604684.1250,1999.9000,
	2026/04/30 12:01:47	,	603397	,	152	,10.514596,1999.9000,-0.24830461,-1188.7181,595513.7500,41.476,604684.1250,1999.9000,
	2026/04/30 12:01:47	,	604397	,	153	,10.514596,1999.9000,-0.24824160,-1188.9323,595513.7500,41.478,604684.1250,1999.9000,
	2026/04/30 12:01:47	,	605397	,	154	,10.514602,1999.9000,-0.24822059,-1189.0112,595513.7500,41.477,604684.1250,1999.9000,
	2026/04/30 12:01:47	,	606397	,	155	,10.514606,1999.9000,-0.24821007,-1189.0770,595513.7500,41.477,604684.1250,1999.9000,
	2026/04/30 12:01:47	,	607397	,	156	,10.514611,1999.9000,-0.24820377,-1189.2314,595513.7500,41.478,604694.0625,1999.9000,
	2026/04/30 12:01:47	,	608397	,	157	,10.514614,1999.9000,-0.24819957,-1189.3600,595512.0625,41.482,604822.4375,1999.9000,
	2026/04/30 12:01:47	,	609397	,	158	,10.514617,1999.9000,-0.25083187,-1189.4672,595425.0000,41.487,604847.1875,1999.9000,
	2026/04/30 12:01:47	,	610397	,	159	,10.514619,1999.9000,-0.25299358,-1189.4570,595408.9375,41.491,604931.7500,1999.9000,
	2026/04/30 12:01:47	,	611397	,	160	,10.514621,1999.9000,-0.25392318,-1189.5480,595395.5625,41.493,604961.6875,1999.9000,
	2026/04/30 12:01:47	,	612397	,	161	,10.514622,1999.9000,-0.25954804,-1189.8228,595240.8125,41.492,605060.3750,1999.9000,
	2026/04/30 12:01:47	,	613397	,	162	,10.514623,1999.9000,-0.26585674,-1190.1512,594967.3750,41.490,605060.3750,1999.9000,
	2026/04/30 12:01:47	,	614397	,	163	,10.514624,1999.9000,-0.26644915,-1190.4249,594933.7500,41.489,605060.3750,1999.9000,
	2026/04/30 12:01:47	,	615397	,	164	,10.514625,1999.9000,-0.26664665,-1190.6531,594922.5625,41.489,605060.3750,1999.9000,
	2026/04/30 12:01:47	,	616397	,	165	,10.514627,1999.9000,-0.26674539,-1190.7437,594916.9375,41.482,605060.3750,1999.9000,
	2026/04/30 12:01:47	,	617397	,	166	,10.514627,1999.9000,-0.26680464,-1190.7197,594913.5625,41.476,605055.5625,1999.9000,
	2026/04/30 12:01:47	,	618397	,	167	,10.514637,1999.9000,-0.26684412,-1190.4012,594911.3125,41.462,604952.8750,1999.9000,
	2026/04/30 12:01:47	,	619397	,	168	,10.514646,1999.9000,-0.26355636,-1190.4343,594920.6250,41.450,604916.6250,1999.9000,
	2026/04/30 12:01:47	,	620397	,	169	,10.514651,1999.9000,-0.26053753,-1190.4618,594931.8750,41.441,604813.3750,1999.9000,
	2026/04/30 12:01:47	,	621397	,	170	,10.514663,1999.9000,-0.25801027,-1190.2859,594943.6875,41.439,604783.4375,1999.9000,
	2026/04/30 12:01:47	,	622397	,	171	,10.514672,1999.9000,-0.25319526,-1190.0171,595110.3750,41.437,604700.4375,1999.9000,
	2026/04/30 12:01:47	,	623397	,	172	,10.514679,1999.9000,-0.24611138,-1190.0171,595396.9375,41.437,604700.4375,1999.9000,
	2026/04/30 12:01:47	,	624397	,	173	,10.514685,1999.9000,-0.24234258,-1189.9153,595534.0000,41.438,604700.4375,1999.9000,
	2026/04/30 12:01:47	,	625397	,	174	,10.514690,1999.9000,-0.24234258,-1189.8304,595534.0000,41.438,604700.4375,1999.9000,
	2026/04/30 12:01:47	,	626397	,	175	,10.514694,1999.9000,-0.24234258,-1189.7598,595534.0000,41.441,604700.4375,1999.9000,
	2026/04/30 12:01:47	,	627397	,	176	,10.514712,1999.9000,-0.24234258,-1189.7008,595534.0000,41.444,604702.9375,1999.9000,
	2026/04/30 12:01:47	,	628397	,	177	,10.514729,1999.9000,-0.24234258,-1189.6516,595534.0000,41.446,604714.8125,1999.9000,
	2026/04/30 12:01:47	,	629397	,	178	,10.514727,1999.9000,-0.24538662,-1189.6106,595425.5625,41.446,604829.6875,1999.9000,
	2026/04/30 12:01:47	,	630397	,	179	,10.514725,1999.9000,-0.24810924,-1189.6759,595402.0000,41.448,604859.8750,1999.9000,
	2026/04/30 12:01:47	,	631397	,	180	,10.514724,1999.9000,-0.25040963,-1190.2278,595389.3750,41.449,604958.3125,1999.9000,
	2026/04/30 12:01:47	,	632397	,	181	,10.514722,1999.9000,-0.25446835,-1190.6877,595303.4375,41.451,604991.2500,1999.9000,
	2026/04/30 12:01:47	,	633397	,	182	,10.514731,1999.9000,-0.26148918,-1190.5736,595082.3750,41.452,605005.8125,1999.9000,
	2026/04/30 12:01:47	,	634397	,	183	,10.514739,1999.9000,-0.26701638,-1190.4784,594844.0625,41.452,605013.1250,1999.9000,
	2026/04/30 12:01:47	,	635397	,	184	,10.514750,1999.9000,-0.26701638,-1190.3992,594844.0625,41.455,605017.5000,1999.9000,
	2026/04/30 12:01:47	,	636397	,	185	,10.514754,1999.9000,-0.26701638,-1190.3331,594844.0625,41.466,605020.4375,1999.9000,
	2026/04/30 12:01:47	,	637397	,	186	,10.514758,1999.9000,-0.26701638,-1190.2781,594844.0625,41.475,605022.8125,1999.9000,
	2026/04/30 12:01:47	,	638397	,	187	,10.514761,1999.9000,-0.26701638,-1190.2322,594844.0625,41.483,605011.5625,1999.9000,
	2026/04/30 12:01:47	,	639397	,	188	,10.514764,1999.9000,-0.26326016,-1190.4924,594945.3750,41.483,604891.9375,1999.9000,
	2026/04/30 12:01:47	,	640397	,	189	,10.514767,1999.9000,-0.26011530,-1190.7092,594971.8125,41.489,604860.8125,1999.9000,
	2026/04/30 12:01:47	,	641397	,	190	,10.514768,1999.9000,-0.26011530,-1190.8899,594983.5000,41.494,604746.9375,1999.9000,
	2026/04/30 12:01:47	,	642397	,	191	,10.514770,1999.9000,-0.25756913,-1191.0405,595002.5000,41.496,604719.5000,1999.9000,
	2026/04/30 12:01:47	,	643397	,	192	,10.514765,1999.9000,-0.25390112,-1191.1660,595293.9375,41.497,604705.5000,1999.9000,
	2026/04/30 12:01:47	,	644397	,	193	,10.514762,1999.9000,-0.24695592,-1191.2705,595575.7500,41.498,604698.5000,1999.9000,
	2026/04/30 12:01:47	,	645397	,	194	,10.514754,1999.9000,-0.24120815,-1191.4572,595575.7500,41.491,604694.3125,1999.9000,
	2026/04/30 12:01:47	,	646397	,	195	,10.514748,1999.9000,-0.24120815,-1191.6127,595575.7500,41.482,604694.3125,1999.9000,
	2026/04/30 12:01:47	,	647397	,	196	,10.514737,1999.9000,-0.24120815,-1191.8418,595575.7500,41.475,604691.5000,1999.9000,
	2026/04/30 12:01:47	,	648397	,	197	,10.514729,1999.9000,-0.24120815,-1192.0326,595575.7500,41.467,604689.1875,1999.9000,
	2026/04/30 12:01:47	,	649397	,	198	,10.514721,1999.9000,-0.24120815,-1191.8933,595454.7500,41.466,604696.3750,1999.9000,
	2026/04/30 12:01:47	,	650397	,	199	,10.514715,1999.9000,-0.24476269,-1191.7772,595419.3125,41.464,604802.5000,1999.9000,
	2026/04/30 12:01:47	,	651397	,	200	,10.514715,1999.9000,-0.24774371,-1191.6804,595402.7500,41.463,604837.2500,1999.9000,
	2026/04/30 12:01:47	,	652397	,	201	,10.514715,1999.9000,-0.24999364,-1191.5996,595386.8125,41.462,604936.5625,1999.9000,
	2026/04/30 12:01:47	,	653397	,	202	,10.514710,1999.9000,-0.25276670,-1191.9303,595168.8125,41.458,604972.1875,1999.9000,
	2026/04/30 12:01:47	,	654397	,	203	,10.514721,1999.9000,-0.25921404,-1191.8081,594882.7500,41.458,605058.5625,1999.9000,
	2026/04/30 12:01:47	,	655397	,	204	,10.514730,1999.9000,-0.26501852,-1191.7062,594882.7500,41.462,605058.5625,1999.9000,
	2026/04/30 12:01:47	,	656397	,	205	,10.514737,1999.9000,-0.26501852,-1191.6211,594882.7500,41.466,605058.5625,1999.9000,
	2026/04/30 12:01:47	,	657397	,	206	,10.514749,1999.9000,-0.26501852,-1191.5504,594882.7500,41.469,605058.5625,1999.9000,
	2026/04/30 12:01:47	,	658397	,	207	,10.514759,1999.9000,-0.26501852,-1191.4915,594882.7500,41.467,605058.5625,1999.9000,
	2026/04/30 12:01:47	,	659397	,	208	,10.514751,1999.9000,-0.26501852,-1191.4424,594888.1875,41.462,605048.1875,1999.9000,
	2026/04/30 12:01:47	,	660397	,	209	,10.514740,1999.9000,-0.26172239,-1191.6003,594984.6250,41.458,604933.0000,1999.9000,
	2026/04/30 12:01:47	,	661397	,	210	,10.514731,1999.9000,-0.25939050,-1191.7321,594995.0625,41.455,604900.0625,1999.9000,
	2026/04/30 12:01:47	,	662397	,	211	,10.514729,1999.9000,-0.25864369,-1191.8418,595003.5000,41.460,604783.8125,1999.9000,
	2026/04/30 12:01:47	,	663397	,	212	,10.514727,1999.9000,-0.25106508,-1191.9332,595183.6875,41.465,604731.8125,1999.9000,
	2026/04/30 12:01:47	,	664397	,	213	,10.514725,1999.9000,-0.25106508,-1192.0094,595482.7500,41.461,604731.8125,1999.9000,
	2026/04/30 12:01:47	,	665397	,	214	,10.514718,1999.9000,-0.24505889,-1192.0729,595495.5625,41.460,604713.5000,1999.9000,
	2026/04/30 12:01:47	,	666397	,	215	,10.514688,1999.9000,-0.24492338,-1191.8273,595499.8125,41.466,604713.5000,1999.9000,
	2026/04/30 12:01:47	,	667397	,	216	,10.514653,1999.9000,-0.24487823,-1191.9211,595501.9375,41.470,604708.8750,1999.9000,
	2026/04/30 12:01:47	,	668397	,	217	,10.514624,1999.9000,-0.24485564,-1191.7009,595503.2500,41.474,604705.0625,1999.9000,
	2026/04/30 12:01:47	,	669397	,	218	,10.514609,1999.9000,-0.24484208,-1191.5173,595504.1250,41.477,604713.0625,1999.9000,
	2026/04/30 12:01:47	,	670397	,	219	,10.514597,1999.9000,-0.24483305,-1191.3644,595423.8125,41.474,604819.4375,1999.9000,
	2026/04/30 12:01:47	,	671397	,	220	,10.514587,1999.9000,-0.24745379,-1191.2371,595406.2500,41.471,604845.0625,1999.9000,
	2026/04/30 12:01:47	,	672397	,	221	,10.514579,1999.9000,-0.24966592,-1191.1307,595391.0625,41.464,604935.9375,1999.9000,
	2026/04/30 12:01:47	,	673397	,	222	,10.514596,1999.9000,-0.25069952,-1191.0422,595243.8125,41.458,604971.5625,1999.9000,
	2026/04/30 12:01:47	,	674397	,	223	,10.514611,1999.9000,-0.25723508,-1191.0680,594984.6250,41.450,605076.1250,1999.9000,
	2026/04/30 12:01:47	,	675397	,	224	,10.514633,1999.9000,-0.26426855,-1191.0895,594871.5000,41.444,605076.1250,1999.9000,
	2026/04/30 12:01:47	,	676397	,	225	,10.514651,1999.9000,-0.26715502,-1191.1074,594871.5000,41.438,605076.1250,1999.9000,
	2026/04/30 12:01:47	,	677397	,	226	,10.514668,1999.9000,-0.26715502,-1191.1222,594871.5000,41.437,605076.1250,1999.9000,
	2026/04/30 12:01:47	,	678397	,	227	,10.514686,1999.9000,-0.26715502,-1191.1346,594871.5000,41.435,605076.1250,1999.9000,
	2026/04/30 12:01:47	,	679397	,	228	,10.514701,1999.9000,-0.26715502,-1191.3439,594871.5000,41.434,605066.4375,1999.9000,
	2026/04/30 12:01:47	,	680397	,	229	,10.514713,1999.9000,-0.26715502,-1191.5183,594959.6250,41.434,604952.2500,1999.9000,
	2026/04/30 12:01:47	,	681397	,	230	,10.514724,1999.9000,-0.26465929,-1191.6637,594975.1250,41.430,604920.0000,1999.9000,
	2026/04/30 12:01:47	,	682397	,	231	,10.514732,1999.9000,-0.26245347,-1191.7847,594981.6875,41.430,604809.1250,1999.9000,
	2026/04/30 12:01:47	,	683397	,	232	,10.514750,1999.9000,-0.26032326,-1191.9851,595091.9375,41.430,604773.5000,1999.9000,
	2026/04/30 12:01:47	,	684397	,	233	,10.514764,1999.9000,-0.25528765,-1192.1521,595375.5625,41.429,604746.5625,1999.9000,
	2026/04/30 12:01:47	,	685397	,	234	,10.514776,1999.9000,-0.24807772,-1192.2913,595538.1875,41.429,604733.0625,1999.9000,
	2026/04/30 12:01:47	,	686397	,	235	,10.514791,1999.9000,-0.24323119,-1192.4073,595538.1875,41.429,604725.0000,1999.9000,
	2026/04/30 12:01:47	,	687397	,	236	,10.514804,1999.9000,-0.24323119,-1192.5040,595538.1875,41.431,604719.6250,1999.9000,
	2026/04/30 12:01:47	,	688397	,	237	,10.514813,1999.9000,-0.24323119,-1192.5845,595538.1875,41.438,604715.0625,1999.9000,
	2026/04/30 12:01:47	,	689397	,	238	,10.514823,1999.9000,-0.24323119,-1192.4526,595538.1875,41.446,604718.5000,1999.9000,
	2026/04/30 12:01:47	,	690397	,	239	,10.514835,1999.9000,-0.24323119,-1192.4423,595427.3750,41.460,604801.9375,1999.9000,
	2026/04/30 12:01:47	,	691397	,	240	,10.514846,1999.9000,-0.24591601,-1192.3341,595403.1875,41.472,604832.4375,1999.9000,
	2026/04/30 12:01:47	,	692397	,	241	,10.514853,1999.9000,-0.24834244,-1192.1444,595392.1250,41.481,604915.4375,1999.9000,
	2026/04/30 12:01:47	,	693397	,	242	,10.514865,1999.9000,-0.24938862,-1191.9865,595373.3125,41.490,604943.5000,1999.9000,
	2026/04/30 12:01:47	,	694397	,	243	,10.514874,1999.9000,-0.25473303,-1191.8547,595102.0625,41.496,605036.2500,1999.9000,
	2026/04/30 12:01:47	,	695397	,	244	,10.514877,1999.9000,-0.26178542,-1191.7451,594847.6250,41.502,605044.6875,1999.9000,
	2026/04/30 12:01:47	,	696397	,	245	,10.514885,1999.9000,-0.26636094,-1191.5542,594847.6250,41.507,605047.4375,1999.9000,
	2026/04/30 12:01:47	,	697397	,	246	,10.514892,1999.9000,-0.26636094,-1191.3950,594847.6250,41.509,605048.8750,1999.9000,
	2026/04/30 12:01:47	,	698397	,	247	,10.514896,1999.9000,-0.26636094,-1191.2626,594847.6250,41.511,605049.7500,1999.9000,
	2026/04/30 12:01:47	,	699397	,	248	,10.514900,1999.9000,-0.26636094,-1191.0526,594847.6250,41.511,605050.3125,1999.9000,
	2026/04/30 12:01:47	,	700397	,	249	,10.514900,1999.9000,-0.26636094,-1190.7782,594946.5000,41.511,605037.6875,1999.9000,
	2026/04/30 12:01:47	,	701397	,	250	,10.514904,1999.9000,-0.26340511,-1190.7484,594967.9375,41.510,604897.9375,1999.9000,
	2026/04/30 12:01:47	,	702397	,	251	,10.514889,1999.9000,-0.26061946,-1190.5248,594979.1250,41.506,604861.3750,1999.9000,
	2026/04/30 12:01:47	,	703397	,	252	,10.514874,1999.9000,-0.25813001,-1190.1393,594996.7500,41.502,604749.9375,1999.9000,
	2026/04/30 12:01:47	,	704397	,	253	,10.514864,1999.9000,-0.25426668,-1189.8182,595265.9375,41.499,604718.5625,1999.9000,
	2026/04/30 12:01:47	,	705397	,	254	,10.514854,1999.9000,-0.24718280,-1189.7495,595565.6250,41.497,604708.0000,1999.9000,
	2026/04/30 12:01:47	,	706397	,	255	,10.514841,1999.9000,-0.24138461,-1189.6921,595565.6250,41.495,604702.8125,1999.9000,
	2026/04/30 12:01:47	,	707397	,	256	,10.514820,1999.9000,-0.24138461,-1189.6444,595565.6250,41.497,604699.6875,1999.9000,
	2026/04/30 12:01:47	,	708397	,	257	,10.514803,1999.9000,-0.24138461,-1190.1021,595565.6250,41.492,604697.5000,1999.9000,
	2026/04/30 12:01:47	,	709397	,	258	,10.514789,1999.9000,-0.24138461,-1190.7819,595565.6250,41.488,604697.5000,1999.9000,
	2026/04/30 12:01:47	,	710397	,	259	,10.514776,1999.9000,-0.24138461,-1191.0499,595467.2500,41.484,604709.6875,1999.9000,
	2026/04/30 12:01:47	,	711397	,	260	,10.514767,1999.9000,-0.24377951,-1191.2733,595430.8750,41.481,604824.8750,1999.9000,
	2026/04/30 12:01:47	,	712397	,	261	,10.514763,1999.9000,-0.24482255,-1191.7579,595408.4375,41.474,604853.8125,1999.9000,
	2026/04/30 12:01:47	,	713397	,	262	,10.514760,1999.9000,-0.24723952,-1192.1617,595389.7500,41.468,604949.8750,1999.9000,
	2026/04/30 12:01:47	,	714397	,	263	,10.514758,1999.9000,-0.24829201,-1192.3988,595187.2500,41.463,604983.3750,1999.9000,
	2026/04/30 12:01:47	,	715397	,	264	,10.514755,1999.9000,-0.25530657,-1192.5964,594910.7500,41.454,605067.6250,1999.9000,
	2026/04/30 12:01:47	,	716397	,	265	,10.514764,1999.9000,-0.26065096,-1192.7610,594910.7500,41.447,605067.6250,1999.9000,
	2026/04/30 12:01:47	,	717397	,	266	,10.514771,1999.9000,-0.26065096,-1192.4008,594910.7500,41.441,605067.6250,1999.9000,
	2026/04/30 12:01:47	,	718397	,	267	,10.514767,1999.9000,-0.26065096,-1192.0011,594910.7500,41.441,605067.6250,1999.9000,
	2026/04/30 12:01:47	,	719397	,	268	,10.514763,1999.9000,-0.26065096,-1191.6681,594910.7500,41.440,605067.6250,1999.9000,
	2026/04/30 12:01:47	,	720397	,	269	,10.514746,1999.9000,-0.26065096,-1191.4901,594913.4375,41.440,605054.8750,1999.9000,
	2026/04/30 12:01:47	,	721397	,	270	,10.514731,1999.9000,-0.25722247,-1191.2423,594926.7500,41.440,604909.4375,1999.9000,
	2026/04/30 12:01:47	,	722397	,	271	,10.514714,1999.9000,-0.25451878,-1191.0358,595010.8750,41.444,604877.6875,1999.9000,
	2026/04/30 12:01:47	,	723397	,	272	,10.514675,1999.9000,-0.25364587,-1190.9630,595018.6250,41.448,604781.9375,1999.9000,
	2026/04/30 12:01:47	,	724397	,	273	,10.514642,1999.9000,-0.25096422,-1191.0020,595169.9375,41.451,604755.1250,1999.9000,
	2026/04/30 12:01:47	,	725397	,	274	,10.514615,1999.9000,-0.24577735,-1191.0343,595463.6875,41.453,604729.0000,1999.9000,
	2026/04/30 12:01:47	,	726397	,	275	,10.514592,1999.9000,-0.24128377,-1191.1609,595493.8125,41.455,604715.9375,1999.9000,
	2026/04/30 12:01:47	,	727397	,	276	,10.514568,1999.9000,-0.24128377,-1191.2662,595503.8125,41.456,604708.0625,1999.9000,
	2026/04/30 12:01:47	,	728397	,	277	,10.514547,1999.9000,-0.24128377,-1191.3541,595508.8125,41.454,604702.8750,1999.9000,
	2026/04/30 12:01:47	,	729397	,	278	,10.514530,1999.9000,-0.24128377,-1191.4272,595511.8125,41.455,604698.5000,1999.9000,
	2026/04/30 12:01:47	,	730397	,	279	,10.514521,1999.9000,-0.24128377,-1191.5878,595511.8125,41.458,604706.5625,1999.9000,
	2026/04/30 12:01:47	,	731397	,	280	,10.514524,1999.9000,-0.24496436,-1191.6219,595500.6875,41.458,604810.9375,1999.9000,
	2026/04/30 12:01:47	,	732397	,	281	,10.514526,1999.9000,-0.24819748,-1191.4517,595500.6875,41.456,604840.1875,1999.9000,
	2026/04/30 12:01:47	,	733397	,	282	,10.514528,1999.9000,-0.25090119,-1191.1107,595391.6250,41.453,604941.3750,1999.9000,
	2026/04/30 12:01:47	,	734397	,	283	,10.514535,1999.9000,-0.25336543,-1190.8267,595377.5625,41.449,604976.7500,1999.9000,
	2026/04/30 12:01:47	,	735397	,	284	,10.514550,1999.9000,-0.25883588,-1190.5898,595017.4375,41.446,605080.9375,1999.9000,
	2026/04/30 12:01:47	,	736397	,	285	,10.514564,1999.9000,-0.26506895,-1190.2931,595017.4375,41.443,605080.9375,1999.9000,
	2026/04/30 12:01:47	,	737397	,	286	,10.514579,1999.9000,-0.26506895,-1190.3441,594882.1875,41.444,605080.9375,1999.9000,
	2026/04/30 12:01:47	,	738397	,	287	,10.514596,1999.9000,-0.26506895,-1190.6852,594882.1875,41.444,605080.9375,1999.9000,
	2026/04/30 12:01:47	,	739397	,	288	,10.514611,1999.9000,-0.26506895,-1190.9694,594882.1875,41.445,605080.9375,1999.9000,
	2026/04/30 12:01:47	,	740397	,	289	,10.514623,1999.9000,-0.26506895,-1191.2062,594882.1875,41.456,605068.6250,1999.9000,
	2026/04/30 12:01:47	,	741397	,	290	,10.514633,1999.9000,-0.26492295,-1191.6025,594882.1875,41.465,604931.1250,1999.9000,
	2026/04/30 12:01:47	,	742397	,	291	,10.514636,1999.9000,-0.26096609,-1192.0322,594972.7500,41.478,604894.0000,1999.9000,
	2026/04/30 12:01:47	,	743397	,	292	,10.514640,1999.9000,-0.25831279,-1192.4897,594990.0000,41.488,604781.9375,1999.9000,
	2026/04/30 12:01:47	,	744397	,	293	,10.514642,1999.9000,-0.25606912,-1192.8711,594998.1875,41.497,604751.4375,1999.9000,
	2026/04/30 12:01:47	,	745397	,	294	,10.514645,1999.9000,-0.25102094,-1193.1888,595086.5625,41.501,604670.2500,1999.9000,
	2026/04/30 12:01:47	,	746397	,	295	,10.514632,1999.9000,-0.24435303,-1193.4536,595340.3750,41.503,604670.2500,1999.9000,
	2026/04/30 12:01:47	,	747397	,	296	,10.514611,1999.9000,-0.24123965,-1193.6743,595563.2500,41.498,604670.2500,1999.9000,
	2026/04/30 12:01:47	,	748397	,	297	,10.514594,1999.9000,-0.24123965,-1193.8582,595563.2500,41.494,604670.2500,1999.9000,
	2026/04/30 12:01:47	,	749397	,	298	,10.514581,1999.9000,-0.24123965,-1194.0114,595563.2500,41.489,604670.2500,1999.9000,
	2026/04/30 12:01:47	,	750397	,	299	,10.514568,1999.9000,-0.24123965,-1194.1392,595563.2500,41.486,604677.8125,1999.9000,
	2026/04/30 12:01:47	,	751397	,	300	,10.514563,1999.9000,-0.24123965,-1194.2456,595563.2500,41.482,604785.0000,1999.9000,
	2026/04/30 12:01:47	,	752397	,	301	,10.514559,1999.9000,-0.24432781,-1194.2349,595441.6250,41.478,604809.1250,1999.9000,
	2026/04/30 12:01:47	,	753397	,	302	,10.514556,1999.9000,-0.24728364,-1194.2258,595411.0000,41.474,604901.5625,1999.9000,
	2026/04/30 12:01:47	,	754397	,	303	,10.514553,1999.9000,-0.25006926,-1194.2183,595395.0000,41.472,604938.1250,1999.9000,
	2026/04/30 12:01:47	,	755397	,	304	,10.514550,1999.9000,-0.25494102,-1193.9135,595375.5625,41.471,605048.9375,1999.9000,
	2026/04/30 12:01:47	,	756397	,	305	,10.514559,1999.9000,-0.26222658,-1193.5602,595128.2500,41.471,605048.9375,1999.9000,
	2026/04/30 12:01:47	,	757397	,	306	,10.514575,1999.9000,-0.26557311,-1193.2657,594857.1250,41.472,605048.9375,1999.9000,
	2026/04/30 12:01:47	,	758397	,	307	,10.514608,1999.9000,-0.26557311,-1193.0204,594857.1250,41.472,605048.9375,1999.9000,
	2026/04/30 12:01:47	,	759397	,	308	,10.514636,1999.9000,-0.26557311,-1192.8159,594857.1250,41.473,605048.9375,1999.9000,
	2026/04/30 12:01:47	,	760397	,	309	,10.514660,1999.9000,-0.26557311,-1192.5460,594857.1250,41.469,605045.6250,1999.9000,
	2026/04/30 12:01:47	,	761397	,	310	,10.514679,1999.9000,-0.26557311,-1192.2216,594857.1250,41.470,604945.0625,1999.9000,
	2026/04/30 12:01:47	,	762397	,	311	,10.514680,1999.9000,-0.26218876,-1191.9513,594939.3750,41.470,604919.6875,1999.9000,
	2026/04/30 12:01:47	,	763397	,	312	,10.514672,1999.9000,-0.25921404,-1191.7261,594966.2500,41.471,604826.0625,1999.9000,
	2026/04/30 12:01:47	,	764397	,	313	,10.514668,1999.9000,-0.25664896,-1191.5383,594981.6875,41.470,604786.5000,1999.9000,
	2026/04/30 12:01:47	,	765397	,	314	,10.514667,1999.9000,-0.25259021,-1191.3820,594996.7500,41.468,604693.7500,1999.9000,
	2026/04/30 12:01:47	,	766397	,	315	,10.514665,1999.9000,-0.24544963,-1191.1520,595230.6875,41.464,604693.7500,1999.9000,
	2026/04/30 12:01:47	,	767397	,	316	,10.514663,1999.9000,-0.24064091,-1190.9606,595526.2500,41.462,604693.7500,1999.9000,
	2026/04/30 12:01:47	,	768397	,	317	,10.514663,1999.9000,-0.24064091,-1190.7015,595526.2500,41.461,604693.7500,1999.9000,
	2026/04/30 12:01:47	,	769397	,	318	,10.514663,1999.9000,-0.24064091,-1190.4856,595526.2500,41.460,604693.7500,1999.9000,
	2026/04/30 12:01:47	,	770397	,	319	,10.514663,1999.9000,-0.24064091,-1190.3057,595526.2500,41.461,604698.1875,1999.9000,
	2026/04/30 12:01:47	,	771397	,	320	,10.514663,1999.9000,-0.24064091,-1190.1558,595526.2500,41.460,604711.3750,1999.9000,
	2026/04/30 12:01:47	,	772397	,	321	,10.514676,1999.9000,-0.24375431,-1190.3292,595517.8125,41.460,604826.6875,1999.9000,
	2026/04/30 12:01:47	,	773397	,	322	,10.514703,1999.9000,-0.24631937,-1190.4738,595407.0625,41.459,604857.7500,1999.9000,
	2026/04/30 12:01:47	,	774397	,	323	,10.514730,1999.9000,-0.24734035,-1190.2958,595394.0000,41.459,604963.7500,1999.9000,
	2026/04/30 12:01:47	,	775397	,	324	,10.514758,1999.9000,-0.25158185,-1189.9486,595381.0625,41.458,604997.3125,1999.9000,
	2026/04/30 12:01:47	,	776397	,	325	,10.514795,1999.9000,-0.25833172,-1189.6592,595214.6875,41.457,605018.9375,1999.9000,
	2026/04/30 12:01:47	,	777397	,	326	,10.514828,1999.9000,-0.26439458,-1189.4181,594935.2500,41.455,605029.7500,1999.9000,
	2026/04/30 12:01:47	,	778397	,	327	,10.514839,1999.9000,-0.26439458,-1189.2170,594921.1875,41.454,605036.2500,1999.9000,
	2026/04/30 12:01:47	,	779397	,	328	,10.514864,1999.9000,-0.26439458,-1189.7458,594916.5000,41.453,605040.6250,1999.9000,
	2026/04/30 12:01:47	,	780397	,	329	,10.514884,1999.9000,-0.26439458,-1189.4904,594914.1875,41.453,605044.2500,1999.9000,
	2026/04/30 12:01:47	,	781397	,	330	,10.514900,1999.9000,-0.26439458,-1189.2772,594912.8125,41.452,605034.2500,1999.9000,
	2026/04/30 12:01:47	,	782397	,	331	,10.514900,1999.9000,-0.26426119,-1189.0997,594911.8750,41.449,604916.6250,1999.9000,
	2026/04/30 12:01:47	,	783397	,	332	,10.514900,1999.9000,-0.26115516,-1189.3497,594923.0000,41.450,604884.6250,1999.9000,
	2026/04/30 12:01:47	,	784397	,	333	,10.514880,1999.9000,-0.26018146,-1189.5580,595007.3125,41.451,604787.3750,1999.9000,
	2026/04/30 12:01:47	,	785397	,	334	,10.514862,1999.9000,-0.25675610,-1189.7316,595013.8125,41.452,604758.6875,1999.9000,
	2026/04/30 12:01:47	,	786397	,	335	,10.514849,1999.9000,-0.25053567,-1190.0752,595150.9375,41.451,604737.8125,1999.9000,
	2026/04/30 12:01:47	,	787397	,	336	,10.514836,1999.9000,-0.24430892,-1190.3616,595433.3125,41.448,604727.3750,1999.9000,
	2026/04/30 12:01:47	,	788397	,	337	,10.514821,1999.9000,-0.24374168,-1190.4012,595520.8750,41.441,604721.1875,1999.9000,
	2026/04/30 12:01:47	,	789397	,	338	,10.514779,1999.9000,-0.24355263,-1190.4343,595520.8750,41.436,604717.0625,1999.9000,
	2026/04/30 12:01:47	,	790397	,	339	,10.514754,1999.9000,-0.24345809,-1189.9646,595520.8750,41.434,604713.6250,1999.9000,
	2026/04/30 12:01:47	,	791397	,	340	,10.514743,1999.9000,-0.24340138,-1189.5730,595520.8750,41.431,604721.6250,1999.9000,
	2026/04/30 12:01:47	,	792397	,	341	,10.514743,1999.9000,-0.24336354,-1189.2468,595520.8750,41.429,604824.8750,1999.9000,
	2026/04/30 12:01:47	,	793397	,	342	,10.514748,1999.9000,-0.24606727,-1188.9749,595418.6875,41.427,604854.4375,1999.9000,
	2026/04/30 12:01:47	,	794397	,	343	,10.514752,1999.9000,-0.24858822,-1188.7483,595418.6875,41.427,604948.0625,1999.9000,
	2026/04/30 12:01:47	,	795397	,	344	,10.514742,1999.9000,-0.25111550,-1188.5594,595407.2500,41.425,604979.1875,1999.9000,
	2026/04/30 12:01:47	,	796397	,	345	,10.514724,1999.9000,-0.25700819,-1188.4021,595305.8125,41.425,605076.6875,1999.9000,
	2026/04/30 12:01:47	,	797397	,	346	,10.514717,1999.9000,-0.26370132,-1188.4701,595059.7500,41.427,605076.6875,1999.9000,
	2026/04/30 12:01:47	,	798397	,	347	,10.514732,1999.9000,-0.26678950,-1188.6261,594851.2500,41.429,605076.6875,1999.9000,
	2026/04/30 12:01:47	,	799397	,	348	,10.514755,1999.9000,-0.26678950,-1188.7561,594851.2500,41.430,605076.6875,1999.9000,
	2026/04/30 12:01:47	,	800397	,	349	,10.514773,1999.9000,-0.26678950,-1188.8645,594851.2500,41.427,605076.6875,1999.9000,
	2026/04/30 12:01:47	,	801397	,	350	,10.514779,1999.9000,-0.26678950,-1188.9547,594851.2500,41.424,605066.2500,1999.9000,
	2026/04/30 12:01:47	,	802397	,	351	,10.514773,1999.9000,-0.26678950,-1189.0299,594851.2500,41.428,604946.8125,1999.9000,
	2026/04/30 12:01:47	,	803397	,	352	,10.514745,1999.9000,-0.26450175,-1189.0925,594960.2500,41.433,604916.3125,1999.9000,
	2026/04/30 12:01:47	,	804397	,	353	,10.514721,1999.9000,-0.26349020,-1189.1449,594980.8125,41.440,604801.9375,1999.9000,
	2026/04/30 12:01:47	,	805397	,	354	,10.514706,1999.9000,-0.26067618,-1189.1885,594990.1875,41.446,604769.5625,1999.9000,
	2026/04/30 12:01:47	,	806397	,	355	,10.514693,1999.9000,-0.25603762,-1189.2247,595076.4375,41.451,604685.3125,1999.9000,
	2026/04/30 12:01:47	,	807397	,	356	,10.514683,1999.9000,-0.25001255,-1189.2247,595330.8125,41.455,604685.3125,1999.9000,
	2026/04/30 12:01:47	,	808397	,	357	,10.514673,1999.9000,-0.24994953,-1189.1555,595566.1875,41.458,604685.3125,1999.9000,
	2026/04/30 12:01:47	,	809397	,	358	,10.514667,1999.9000,-0.24992852,-1189.0977,595566.1875,41.464,604685.3125,1999.9000,
	2026/04/30 12:01:47	,	810397	,	359	,10.514661,1999.9000,-0.24991801,-1189.2485,595566.1875,41.469,604685.3125,1999.9000,
	2026/04/30 12:01:47	,	811397	,	360	,10.514655,1999.9000,-0.24991173,-1190.0261,595566.1875,41.470,604693.4375,1999.9000,
	2026/04/30 12:01:47	,	812397	,	361	,10.514651,1999.9000,-0.24990752,-1190.0261,595566.1875,41.468,604693.4375,1999.9000,
	2026/04/30 12:01:47	,	813397	,	362	,10.514672,1999.9000,-0.25231293,-1190.0223,595436.3125,41.466,604800.6875,1999.9000,
	2026/04/30 12:01:47	,	814397	,	363	,10.514690,1999.9000,-0.25334337,-1190.0192,595408.5625,41.464,604828.1875,1999.9000,
	2026/04/30 12:01:47	,	815397	,	364	,10.514704,1999.9000,-0.25615740,-1190.0164,595394.5625,41.465,604922.6875,1999.9000,
	2026/04/30 12:01:47	,	816397	,	365	,10.514716,1999.9000,-0.26023501,-1190.4120,595376.5625,41.465,604959.1875,1999.9000,
	2026/04/30 12:01:47	,	817397	,	366	,10.514727,1999.9000,-0.26656261,-1190.7417,595136.5625,41.464,605080.9375,1999.9000,
	2026/04/30 12:01:47	,	818397	,	367	,10.514729,1999.9000,-0.26758990,-1191.0165,594847.6250,41.462,605080.9375,1999.9000,
	2026/04/30 12:01:47	,	819397	,	368	,10.514737,1999.9000,-0.26793233,-1191.1460,594847.6250,41.463,605080.9375,1999.9000,
	2026/04/30 12:01:47	,	820397	,	369	,10.514749,1999.9000,-0.26810354,-1190.9554,594847.6250,41.464,605080.9375,1999.9000,
	2026/04/30 12:01:47	,	821397	,	370	,10.514770,1999.9000,-0.26820627,-1190.6973,594847.6250,41.469,605080.9375,1999.9000,
	2026/04/30 12:01:47	,	822397	,	371	,10.514786,1999.9000,-0.26827475,-1190.4821,594847.6250,41.476,605071.1875,1999.9000,
	2026/04/30 12:01:47	,	823397	,	372	,10.514800,1999.9000,-0.26502484,-1190.2032,594860.8750,41.479,604945.6250,1999.9000,
	2026/04/30 12:01:47	,	824397	,	373	,10.514811,1999.9000,-0.26172870,-1189.8715,594985.2500,41.487,604916.9375,1999.9000,
	2026/04/30 12:01:47	,	825397	,	374	,10.514820,1999.9000,-0.25895566,-1189.5950,594993.5625,41.494,604823.6250,1999.9000,
	2026/04/30 12:01:47	,	826397	,	375	,10.514828,1999.9000,-0.25895566,-1189.3646,595007.6250,41.500,604792.5000,1999.9000,
	2026/04/30 12:01:47	,	827397	,	376	,10.514834,1999.9000,-0.25449985,-1189.1725,595222.4375,41.505,604704.6250,1999.9000,
	2026/04/30 12:01:47	,	828397	,	377	,10.514840,1999.9000,-0.24722691,-1189.0125,595519.7500,41.508,604704.6250,1999.9000,
	2026/04/30 12:01:47	,	829397	,	378	,10.514844,1999.9000,-0.24142240,-1188.8792,595519.7500,41.510,604704.6250,1999.9000,
	2026/04/30 12:01:47	,	830397	,	379	,10.514843,1999.9000,-0.24142240,-1188.8674,595519.7500,41.509,604704.6250,1999.9000,
	2026/04/30 12:01:47	,	831397	,	380	,10.514847,1999.9000,-0.24142240,-1188.8578,595519.7500,41.508,604704.6250,1999.9000,
	2026/04/30 12:01:47	,	832397	,	381	,10.514851,1999.9000,-0.24142240,-1189.1481,595519.7500,41.510,604708.5625,1999.9000,
	2026/04/30 12:01:47	,	833397	,	382	,10.514849,1999.9000,-0.24142240,-1189.3900,595513.0625,41.509,604803.6875,1999.9000,
	2026/04/30 12:01:47	,	834397	,	383	,10.514836,1999.9000,-0.24173123,-1189.5917,595401.1250,41.506,604825.7500,1999.9000,
	2026/04/30 12:01:47	,	835397	,	384	,10.514826,1999.9000,-0.24531099,-1189.7598,595383.5625,41.504,604851.1875,1999.9000,
	2026/04/30 12:01:47	,	836397	,	385	,10.514823,1999.9000,-0.24596958,-1189.8998,595372.3125,41.501,604971.6250,1999.9000,
	2026/04/30 12:01:47	,	837397	,	386	,10.514820,1999.9000,-0.24914914,-1190.0164,595231.9375,41.497,605010.0000,1999.9000,
	2026/04/30 12:01:47	,	838397	,	387	,10.514818,1999.9000,-0.25517422,-1190.1135,594966.2500,41.493,605022.7500,1999.9000,
	2026/04/30 12:01:47	,	839397	,	388	,10.514811,1999.9000,-0.26053753,-1190.1946,594934.6250,41.487,605029.1250,1999.9000,
	2026/04/30 12:01:47	,	840397	,	389	,10.514805,1999.9000,-0.26053753,-1190.2621,594924.0625,41.482,605033.0000,1999.9000,
	2026/04/30 12:01:47	,	841397	,	390	,10.514790,1999.9000,-0.26053753,-1190.3184,594918.8125,41.478,605035.5625,1999.9000,
	2026/04/30 12:01:47	,	842397	,	391	,10.514763,1999.9000,-0.26053753,-1190.3652,594915.6250,41.474,605037.4375,1999.9000,
	2026/04/30 12:01:47	,	843397	,	392	,10.514746,1999.9000,-0.26053753,-1190.4043,594913.5625,41.468,605028.1250,1999.9000,
	2026/04/30 12:01:47	,	844397	,	393	,10.514731,1999.9000,-0.26033482,-1190.4369,594925.8750,41.463,604922.6875,1999.9000,
	2026/04/30 12:01:47	,	845397	,	394	,10.514719,1999.9000,-0.25768885,-1190.4640,595012.0625,41.459,604885.5625,1999.9000,
	2026/04/30 12:01:47	,	846397	,	395	,10.514729,1999.9000,-0.25718153,-1190.4867,595015.6250,41.451,604771.6875,1999.9000,
	2026/04/30 12:01:47	,	847397	,	396	,10.514736,1999.9000,-0.25490320,-1190.5055,595125.8750,41.447,604743.5625,1999.9000,
	2026/04/30 12:01:47	,	848397	,	397	,10.514744,1999.9000,-0.24945165,-1190.5212,595408.3125,41.441,604728.5625,1999.9000,
	2026/04/30 12:01:47	,	849397	,	398	,10.514729,1999.9000,-0.24451059,-1190.5344,595531.0000,41.436,604721.0625,1999.9000,
	2026/04/30 12:01:47	,	850397	,	399	,10.514717,1999.9000,-0.24451059,-1190.5453,595531.0000,41.432,604716.5625,1999.9000,
	2026/04/30 12:01:47	,	851397	,	400	,10.514728,1999.9000,-0.24451059,-1190.5543,595531.0000,41.428,604713.6250,1999.9000,
	2026/04/30 12:01:47	,	852397	,	401	,10.514736,1999.9000,-0.24451059,-1190.8604,595531.0000,41.422,604711.1250,1999.9000,
	2026/04/30 12:01:47	,	853397	,	402	,10.514748,1999.9000,-0.24451059,-1191.1152,595531.0000,41.420,604720.3125,1999.9000,
	2026/04/30 12:01:47	,	854397	,	403	,10.514758,1999.9000,-0.24797060,-1191.3278,595425.5625,41.422,604823.6250,1999.9000,
	2026/04/30 12:01:47	,	855397	,	404	,10.514767,1999.9000,-0.25075623,-1191.6044,595404.1875,41.425,604851.4375,1999.9000,
	2026/04/30 12:01:47	,	856397	,	405	,10.514768,1999.9000,-0.25178668,-1191.9342,595394.5625,41.427,604944.4375,1999.9000,
	2026/04/30 12:01:47	,	857397	,	406	,10.514770,1999.9000,-0.25492841,-1192.1097,595376.4375,41.430,604979.5000,1999.9000,
	2026/04/30 12:01:47	,	858397	,	407	,10.514771,1999.9000,-0.26043040,-1192.2560,595102.6250,41.439,605071.8750,1999.9000,
	2026/04/30 12:01:47	,	859397	,	408	,10.514771,1999.9000,-0.26660043,-1192.3778,594876.2500,41.445,605071.8750,1999.9000,
	2026/04/30 12:01:47	,	860397	,	409	,10.514767,1999.9000,-0.26660043,-1192.3799,594876.2500,41.450,605071.8750,1999.9000,
	2026/04/30 12:01:47	,	861397	,	410	,10.514763,1999.9000,-0.26660043,-1192.3816,594876.2500,41.454,605071.8750,1999.9000,
	2026/04/30 12:01:47	,	862397	,	411	,10.514760,1999.9000,-0.26660043,-1192.4825,594876.2500,41.452,605071.8750,1999.9000,
	2026/04/30 12:01:47	,	863397	,	412	,10.514758,1999.9000,-0.26660043,-1192.6661,594876.2500,41.449,605060.0000,1999.9000,
	2026/04/30 12:01:47	,	864397	,	413	,10.514755,1999.9000,-0.26628321,-1192.8191,594976.3750,41.448,604930.5625,1999.9000,
	2026/04/30 12:01:47	,	865397	,	414	,10.514754,1999.9000,-0.26203752,-1193.0460,594994.1875,41.449,604900.3125,1999.9000,
	2026/04/30 12:01:47	,	866397	,	415	,10.514752,1999.9000,-0.25987577,-1193.2352,595002.1250,41.450,604793.4375,1999.9000,
	2026/04/30 12:01:47	,	867397	,	416	,10.514772,1999.9000,-0.25888318,-1193.3928,595017.4375,41.448,604762.3125,1999.9000,
	2026/04/30 12:01:47	,	868397	,	417	,10.514797,1999.9000,-0.25282341,-1193.6237,595297.4375,41.445,604737.5000,1999.9000,
	2026/04/30 12:01:47	,	869397	,	418	,10.514819,1999.9000,-0.24648952,-1193.8160,595565.6250,41.443,604725.0625,1999.9000,
	2026/04/30 12:01:47	,	870397	,	419	,10.514828,1999.9000,-0.24648952,-1193.9763,595565.6250,41.440,604717.5625,1999.9000,
	2026/04/30 12:01:47	,	871397	,	420	,10.514813,1999.9000,-0.24648952,-1194.1099,595565.6250,41.438,604712.6250,1999.9000,
	2026/04/30 12:01:47	,	872397	,	421	,10.514803,1999.9000,-0.24648952,-1194.2212,595565.6250,41.437,604708.4375,1999.9000,
	2026/04/30 12:01:47	,	873397	,	422	,10.514793,1999.9000,-0.24648952,-1194.3140,595565.6250,41.436,604716.1875,1999.9000,
	2026/04/30 12:01:47	,	874397	,	423	,10.514786,1999.9000,-0.24655044,-1194.3912,595453.5625,41.435,604823.0000,1999.9000,
	2026/04/30 12:01:47	,	875397	,	424	,10.514779,1999.9000,-0.24951467,-1194.6545,595427.3750,41.434,604851.3750,1999.9000,
	2026/04/30 12:01:47	,	876397	,	425	,10.514773,1999.9000,-0.25049785,-1194.9735,595411.8750,41.436,604944.4375,1999.9000,
	2026/04/30 12:01:47	,	877397	,	426	,10.514770,1999.9000,-0.25303769,-1195.2393,595392.3125,41.439,604976.3750,1999.9000,
	2026/04/30 12:01:47	,	878397	,	427	,10.514755,1999.9000,-0.25732332,-1195.4608,595154.4375,41.442,605083.3125,1999.9000,
	2026/04/30 12:01:47	,	879397	,	428	,10.514752,1999.9000,-0.26372653,-1195.6453,594870.8750,41.455,605083.3125,1999.9000,
	2026/04/30 12:01:47	,	880397	,	429	,10.514751,1999.9000,-0.26372653,-1195.8986,594870.8750,41.466,605083.3125,1999.9000,
	2026/04/30 12:01:47	,	881397	,	430	,10.514755,1999.9000,-0.26372653,-1196.1096,594870.8750,41.475,605083.3125,1999.9000,
	2026/04/30 12:01:47	,	882397	,	431	,10.514755,1999.9000,-0.26372653,-1195.5892,594870.8750,41.478,605083.3125,1999.9000,
	2026/04/30 12:01:47	,	883397	,	432	,10.514762,1999.9000,-0.26372653,-1195.1555,594870.8750,41.475,605073.8125,1999.9000,
	2026/04/30 12:01:47	,	884397	,	433	,10.514764,1999.9000,-0.26358685,-1194.7942,594879.8750,41.476,604953.5000,1999.9000,
	2026/04/30 12:01:47	,	885397	,	434	,10.514767,1999.9000,-0.25969303,-1194.4930,594977.5000,41.469,604924.5000,1999.9000,
	2026/04/30 12:01:47	,	886397	,	435	,10.514768,1999.9000,-0.25701451,-1194.2421,594984.6250,41.462,604812.7500,1999.9000,
	2026/04/30 12:01:47	,	887397	,	436	,10.514770,1999.9000,-0.25480238,-1194.2317,594994.7500,41.456,604774.3750,1999.9000,
	2026/04/30 12:01:47	,	888397	,	437	,10.514760,1999.9000,-0.25051045,-1194.2233,595197.3750,41.456,604683.5000,1999.9000,
	2026/04/30 12:01:47	,	889397	,	438	,10.514752,1999.9000,-0.24371018,-1194.0172,595502.4375,41.452,604683.5000,1999.9000,
	2026/04/30 12:01:47	,	890397	,	439	,10.514742,1999.9000,-0.24058419,-1193.8456,595502.4375,41.448,604683.5000,1999.9000,
	2026/04/30 12:01:47	,	891397	,	440	,10.514724,1999.9000,-0.24058419,-1193.9015,595502.4375,41.448,604683.5000,1999.9000,
	2026/04/30 12:01:47	,	892397	,	441	,10.514709,1999.9000,-0.24058419,-1193.9480,595502.4375,41.451,604683.5000,1999.9000,
	2026/04/30 12:01:47	,	893397	,	442	,10.514704,1999.9000,-0.24058419,-1193.9868,595502.4375,41.453,604688.7500,1999.9000,
	2026/04/30 12:01:47	,	894397	,	443	,10.514701,1999.9000,-0.24058419,-1193.7207,595497.8750,41.456,604795.2500,1999.9000,
	2026/04/30 12:01:47	,	895397	,	444	,10.514688,1999.9000,-0.24314928,-1193.2999,595391.0000,41.457,604826.0625,1999.9000,
	2026/04/30 12:01:47	,	896397	,	445	,10.514688,1999.9000,-0.24543072,-1192.9493,595377.9375,41.460,604917.8750,1999.9000,
	2026/04/30 12:01:47	,	897397	,	446	,10.514668,1999.9000,-0.24642967,-1192.6572,595367.0000,41.463,604948.6875,1999.9000,
	2026/04/30 12:01:47	,	898397	,	447	,10.514647,1999.9000,-0.25106508,-1192.6128,595234.9375,41.465,605049.5000,1999.9000,
	2026/04/30 12:01:47	,	899397	,	448	,10.514624,1999.9000,-0.25782752,-1192.5757,594978.7500,41.466,605049.5000,1999.9000,
	2026/04/30 12:01:47	,	900397	,	449	,10.514605,1999.9000,-0.26266775,-1192.5447,594892.3125,41.468,605049.5000,1999.9000,
	2026/04/30 12:01:47	,	901397	,	450	,10.514608,1999.9000,-0.26266775,-1192.5190,594892.3125,41.469,605049.5000,1999.9000,
	2026/04/30 12:01:47	,	902397	,	451	,10.514611,1999.9000,-0.26266775,-1192.4976,594892.3125,41.462,605049.5000,1999.9000,
	2026/04/30 12:01:47	,	903397	,	452	,10.514615,1999.9000,-0.26266775,-1192.4796,594892.3125,41.455,605048.0000,1999.9000,
	2026/04/30 12:01:47	,	904397	,	453	,10.514618,1999.9000,-0.26266775,-1192.4647,594892.3125,41.449,604964.9375,1999.9000,
	2026/04/30 12:01:47	,	905397	,	454	,10.514624,1999.9000,-0.25977492,-1192.5518,594979.8750,41.440,604939.6250,1999.9000,
	2026/04/30 12:01:47	,	906397	,	455	,10.514645,1999.9000,-0.25734225,-1192.6244,594993.5625,41.432,604845.3750,1999.9000,
	2026/04/30 12:01:47	,	907397	,	456	,10.514661,1999.9000,-0.25504819,-1192.4858,594999.3750,41.425,604808.5625,1999.9000,
	2026/04/30 12:01:47	,	908397	,	457	,10.514681,1999.9000,-0.25180244,-1192.2710,595110.3750,41.420,604713.1250,1999.9000,
	2026/04/30 12:01:47	,	909397	,	458	,10.514717,1999.9000,-0.24490763,-1191.9924,595381.4375,41.414,604711.0000,1999.9000,
	2026/04/30 12:01:47	,	910397	,	459	,10.514751,1999.9000,-0.23861156,-1191.6608,595538.1875,41.409,604710.2500,1999.9000,
	2026/04/30 12:01:47	,	911397	,	460	,10.514776,1999.9000,-0.23757482,-1191.2850,595538.1875,41.411,604709.9375,1999.9000,
	2026/04/30 12:01:47	,	912397	,	461	,10.514797,1999.9000,-0.23722924,-1190.9718,595538.1875,41.412,604709.7500,1999.9000,
	2026/04/30 12:01:47	,	913397	,	462	,10.514812,1999.9000,-0.23705643,-1190.4125,595538.1875,41.413,604709.6250,1999.9000,
	2026/04/30 12:01:47	,	914397	,	463	,10.514816,1999.9000,-0.23695278,-1189.8468,595538.1875,41.419,604719.4375,1999.9000,
	2026/04/30 12:01:47	,	915397	,	464	,10.514810,1999.9000,-0.23688364,-1189.3755,595440.4375,41.424,604820.0625,1999.9000,
	2026/04/30 12:01:47	,	916397	,	465	,10.514800,1999.9000,-0.23716953,-1188.9827,595422.8750,41.428,604852.0625,1999.9000,
	2026/04/30 12:01:47	,	917397	,	466	,10.514791,1999.9000,-0.24035731,-1188.5558,595412.6250,41.431,604959.5000,1999.9000,
	2026/04/30 12:01:47	,	918397	,	467	,10.514783,1999.9000,-0.24261357,-1188.2001,595321.3125,41.434,604992.5000,1999.9000,
	2026/04/30 12:01:47	,	919397	,	468	,10.514767,1999.9000,-0.24867645,-1187.9037,595089.5000,41.438,605013.5000,1999.9000,
	2026/04/30 12:01:47	,	920397	,	469	,10.514752,1999.9000,-0.25536326,-1187.7562,594848.2500,41.447,605024.0000,1999.9000,
	2026/04/30 12:01:47	,	921397	,	470	,10.514742,1999.9000,-0.26029176,-1187.9318,594848.2500,41.455,605030.3125,1999.9000,
	2026/04/30 12:01:47	,	922397	,	471	,10.514732,1999.9000,-0.26029176,-1188.0779,594848.2500,41.461,605034.5625,1999.9000,
	2026/04/30 12:01:47	,	923397	,	472	,10.514719,1999.9000,-0.26029176,-1188.5977,594848.2500,41.464,605038.0625,1999.9000,
	2026/04/30 12:01:47	,	924397	,	473	,10.514699,1999.9000,-0.26029176,-1189.3292,594848.2500,41.462,605027.9375,1999.9000,
	2026/04/30 12:01:47	,	925397	,	474	,10.514693,1999.9000,-0.26029176,-1189.9388,594957.2500,41.455,604913.0000,1999.9000,
	2026/04/30 12:01:47	,	926397	,	475	,10.514678,1999.9000,-0.26002598,-1190.4469,594980.5000,41.445,604884.6250,1999.9000,
	2026/04/30 12:01:47	,	927397	,	476	,10.514665,1999.9000,-0.25767624,-1190.8704,594990.0625,41.436,604785.5625,1999.9000,
	2026/04/30 12:01:47	,	928397	,	477	,10.514653,1999.9000,-0.25712478,-1191.2231,595006.1250,41.429,604755.9375,1999.9000,
	2026/04/30 12:01:47	,	929397	,	478	,10.514645,1999.9000,-0.25206715,-1191.5172,595278.4375,41.423,604729.5625,1999.9000,
	2026/04/30 12:01:47	,	930397	,	479	,10.514637,1999.9000,-0.24659666,-1191.5632,595575.7500,41.418,604716.3750,1999.9000,
	2026/04/30 12:01:47	,	931397	,	480	,10.514650,1999.9000,-0.24624059,-1191.6016,595575.7500,41.415,604708.4375,1999.9000,
	2026/04/30 12:01:47	,	932397	,	481	,10.514661,1999.9000,-0.24612188,-1191.8324,595575.7500,41.413,604703.1875,1999.9000,
	2026/04/30 12:01:47	,	933397	,	482	,10.514676,1999.9000,-0.24606253,-1191.8260,595575.7500,41.426,604698.8125,1999.9000,
	2026/04/30 12:01:47	,	934397	,	483	,10.514683,1999.9000,-0.24602693,-1191.7211,595575.7500,41.439,604705.9375,1999.9000,
	2026/04/30 12:01:47	,	935397	,	484	,10.514693,1999.9000,-0.24600320,-1191.6335,595449.3750,41.450,604803.0625,1999.9000,
	2026/04/30 12:01:47	,	936397	,	485	,10.514707,1999.9000,-0.24634370,-1191.5608,595419.0000,41.458,604833.2500,1999.9000,
	2026/04/30 12:01:47	,	937397	,	486	,10.514718,1999.9000,-0.24980459,-1191.4005,595402.8750,41.466,604933.0000,1999.9000,
	2026/04/30 12:01:47	,	938397	,	487	,10.514728,1999.9000,-0.25058609,-1191.2671,595390.6875,41.472,604963.7500,1999.9000,
	2026/04/30 12:01:47	,	939397	,	488	,10.514755,1999.9000,-0.25591788,-1191.1559,595206.9375,41.476,605072.5000,1999.9000,
	2026/04/30 12:01:47	,	940397	,	489	,10.514759,1999.9000,-0.26228330,-1190.8643,594919.1250,41.471,605072.5000,1999.9000,
	2026/04/30 12:01:47	,	941397	,	490	,10.514757,1999.9000,-0.26252908,-1190.6212,594913.1250,41.467,605072.5000,1999.9000,
	2026/04/30 12:01:47	,	942397	,	491	,10.514750,1999.9000,-0.26261103,-1190.4186,594911.1250,41.464,605072.5000,1999.9000,
	2026/04/30 12:01:47	,	943397	,	492	,10.514744,1999.9000,-0.26265198,-1190.0510,594910.1875,41.458,605072.5000,1999.9000,
	2026/04/30 12:01:47	,	944397	,	493	,10.514733,1999.9000,-0.26267657,-1189.7445,594909.5625,41.456,605062.5625,1999.9000,
	2026/04/30 12:01:47	,	945397	,	494	,10.514725,1999.9000,-0.26269296,-1189.4893,594909.1875,41.455,604929.3125,1999.9000,
	2026/04/30 12:01:47	,	946397	,	495	,10.514718,1999.9000,-0.25954804,-1189.2764,594920.7500,41.454,604899.6875,1999.9000,
	2026/04/30 12:01:47	,	947397	,	496	,10.514693,1999.9000,-0.25708383,-1189.0990,595005.5000,41.451,604807.3125,1999.9000,
	2026/04/30 12:01:47	,	948397	,	497	,10.514668,1999.9000,-0.25618890,-1189.1503,595015.3125,41.449,604771.3750,1999.9000,
	2026/04/30 12:01:47	,	949397	,	498	,10.514646,1999.9000,-0.25126675,-1189.4912,595171.1875,41.452,604680.5000,1999.9000,
	2026/04/30 12:01:47	,	950397	,	499	,10.514633,1999.9000,-0.24469335,-1189.2781,595469.6250,41.449,604680.5000,1999.9000,
	2026/04/30 12:01:47	,	951397	,	500	,10.514632,1999.9000,-0.24244341,-1189.1005,595482.4375,41.451,604680.5000,1999.9000,
	2026/04/30 12:01:47	,	952397	,	501	,10.514632,1999.9000,-0.24244341,-1189.9471,595486.6875,41.453,604680.5000,1999.9000,
	2026/04/30 12:01:47	,	953397	,	502	,10.514632,1999.9000,-0.24244341,-1190.6527,595488.8750,41.455,604680.5000,1999.9000,
	2026/04/30 12:01:47	,	954397	,	503	,10.514632,1999.9000,-0.24244341,-1191.2407,595490.1250,41.457,604680.5000,1999.9000,
	2026/04/30 12:01:47	,	955397	,	504	,10.514632,1999.9000,-0.24244341,-1191.6312,595491.0000,41.459,604688.6875,1999.9000,
	2026/04/30 12:01:47	,	956397	,	505	,10.514646,1999.9000,-0.24575216,-1191.8572,595405.3125,41.464,604803.0625,1999.9000,
	2026/04/30 12:01:47	,	957397	,	506	,10.514657,1999.9000,-0.24854411,-1192.0455,595386.2500,41.471,604832.1250,1999.9000,
	2026/04/30 12:01:47	,	958397	,	507	,10.514667,1999.9000,-0.25083187,-1192.2025,595373.1250,41.476,604928.1250,1999.9000,
	2026/04/30 12:01:47	,	959397	,	508	,10.514655,1999.9000,-0.25463220,-1192.4327,595259.9375,41.481,605073.6875,1999.9000,
	2026/04/30 12:01:47	,	960397	,	509	,10.514646,1999.9000,-0.26169086,-1192.6245,595010.2500,41.484,605073.6875,1999.9000,
	2026/04/30 12:01:47	,	961397	,	510	,10.514648,1999.9000,-0.26768443,-1192.6849,594879.8125,41.480,605073.6875,1999.9000,
	2026/04/30 12:01:47	,	962397	,	511	,10.514654,1999.9000,-0.26768443,-1192.6357,594879.8125,41.473,605073.6875,1999.9000,
	2026/04/30 12:01:47	,	963397	,	512	,10.514660,1999.9000,-0.26768443,-1192.2964,594879.8125,41.467,605073.6875,1999.9000,
	2026/04/30 12:01:47	,	964397	,	513	,10.514664,1999.9000,-0.26768443,-1191.9142,594879.8125,41.461,605073.6875,1999.9000,
	2026/04/30 12:01:47	,	965397	,	514	,10.514668,1999.9000,-0.26768443,-1191.9935,594879.8125,41.455,604957.6875,1999.9000,
	2026/04/30 12:01:47	,	966397	,	515	,10.514670,1999.9000,-0.26741028,-1191.7614,594979.8750,41.451,604957.6875,1999.9000,
	2026/04/30 12:01:47	,	967397	,	516	,10.514672,1999.9000,-0.26356900,-1191.3688,594999.8750,41.449,604926.0625,1999.9000,
	2026/04/30 12:01:47	,	968397	,	517	,10.514675,1999.9000,-0.26260155,-1191.0417,595007.8750,41.447,604816.3750,1999.9000,
	2026/04/30 12:01:47	,	969397	,	518	,10.514676,1999.9000,-0.25880438,-1190.7690,595105.0000,41.446,604785.8750,1999.9000,
	2026/04/30 12:01:47	,	970397	,	519	,10.514678,1999.9000,-0.25234443,-1190.7410,595370.1875,41.448,604698.6250,1999.9000,
	2026/04/30 12:01:47	,	971397	,	520	,10.514679,1999.9000,-0.24667230,-1190.7174,595560.8125,41.449,604698.6250,1999.9000,
	2026/04/30 12:01:47	,	972397	,	521	,10.514675,1999.9000,-0.24594122,-1190.6978,595560.8125,41.447,604698.6250,1999.9000,
	2026/04/30 12:01:47	,	973397	,	522	,10.514672,1999.9000,-0.24569754,-1190.6814,595560.8125,41.449,604698.6250,1999.9000,
	2026/04/30 12:01:47	,	974397	,	523	,10.514670,1999.9000,-0.24557568,-1190.6677,595560.8125,41.450,604698.6250,1999.9000,
	2026/04/30 12:01:47	,	975397	,	524	,10.514664,1999.9000,-0.24550258,-1190.6564,595560.8125,41.451,604700.8750,1999.9000,
	2026/04/30 12:01:47	,	976397	,	525	,10.514653,1999.9000,-0.24545383,-1190.6470,595444.6250,41.452,604783.8125,1999.9000,
	2026/04/30 12:01:47	,	977397	,	526	,10.514645,1999.9000,-0.24575986,-1190.9375,595417.5000,41.458,604816.0625,1999.9000,
	2026/04/30 12:01:47	,	978397	,	527	,10.514627,1999.9000,-0.24919957,-1191.2792,595399.6875,41.462,604911.8125,1999.9000,
	2026/04/30 12:01:47	,	979397	,	528	,10.514612,1999.9000,-0.25175831,-1191.5638,595312.9375,41.466,604944.7500,1999.9000,
	2026/04/30 12:01:47	,	980397	,	529	,10.514606,1999.9000,-0.25802290,-1191.7017,595119.9375,41.469,605042.2500,1999.9000,
	2026/04/30 12:01:47	,	981397	,	530	,10.514605,1999.9000,-0.26421812,-1191.5181,594838.1250,41.471,605044.6875,1999.9000,
	2026/04/30 12:01:47	,	982397	,	531	,10.514604,1999.9000,-0.26421812,-1191.1660,594838.1250,41.470,605045.5000,1999.9000,
	2026/04/30 12:01:47	,	983397	,	532	,10.514603,1999.9000,-0.26421812,-1191.0715,594838.1250,41.468,605045.9375,1999.9000,
	2026/04/30 12:01:47	,	984397	,	533	,10.514617,1999.9000,-0.26421812,-1190.9929,594838.1250,41.466,605046.1875,1999.9000,
	2026/04/30 12:01:47	,	985397	,	534	,10.514627,1999.9000,-0.26421812,-1190.9274,594838.1250,41.465,605046.3750,1999.9000,
	2026/04/30 12:01:47	,	986397	,	535	,10.514637,1999.9000,-0.26414356,-1190.8727,594940.6250,41.463,605036.3125,1999.9000,
	2026/04/30 12:01:47	,	987397	,	536	,10.514650,1999.9000,-0.26107326,-1190.5288,594965.9375,41.458,604917.8750,1999.9000,
	2026/04/30 12:01:47	,	988397	,	537	,10.514661,1999.9000,-0.26017830,-1190.0433,594978.9375,41.453,604881.6250,1999.9000,
	2026/04/30 12:01:47	,	989397	,	538	,10.514670,1999.9000,-0.25741154,-1190.1361,594994.1875,41.449,604781.9375,1999.9000,
	2026/04/30 12:01:47	,	990397	,	539	,10.514678,1999.9000,-0.25210494,-1190.2134,595253.3750,41.452,604752.6250,1999.9000,
	2026/04/30 12:01:47	,	991397	,	540	,10.514688,1999.9000,-0.24618700,-1190.2778,595548.3125,41.454,604735.6250,1999.9000,
	2026/04/30 12:01:47	,	992397	,	541	,10.514698,1999.9000,-0.24571748,-1189.8341,595548.3125,41.461,604727.0625,1999.9000,
	2026/04/30 12:01:47	,	993397	,	542	,10.514707,1999.9000,-0.24556099,-1189.3649,595548.3125,41.462,604721.9375,1999.9000,
	2026/04/30 12:01:47	,	994397	,	543	,10.514712,1999.9000,-0.24548273,-1188.9738,595548.3125,41.462,604718.5625,1999.9000,
	2026/04/30 12:01:47	,	995397	,	544	,10.514718,1999.9000,-0.24543576,-1188.6479,595548.3125,41.452,604715.6875,1999.9000,
	2026/04/30 12:01:47	,	996397	,	545	,10.514732,1999.9000,-0.24540447,-1188.3763,595535.6875,41.444,604725.9375,1999.9000,
	2026/04/30 12:01:47	,	997397	,	546	,10.514755,1999.9000,-0.24776262,-1188.1501,595399.9375,41.441,604835.1250,1999.9000,
	2026/04/30 12:01:47	,	998397	,	547	,10.514763,1999.9000,-0.24878989,-1187.9615,595386.0000,41.439,604857.7500,1999.9000,
	2026/04/30 12:01:47	,	999397	,	548	,10.514771,1999.9000,-0.25172681,-1188.3018,595376.3125,41.438,604940.8125,1999.9000,
	2026/04/30 12:01:48	,	000397	,	549	,10.514751,1999.9000,-0.25172681,-1188.6847,595223.0000,41.436,604973.1875,1999.9000,
	2026/04/30 12:01:48	,	001397	,	550	,10.514736,1999.9000,-0.26382738,-1189.1033,594934.6250,41.435,605062.8125,1999.9000,
	2026/04/30 12:01:48	,	002397	,	551	,10.514724,1999.9000,-0.26747015,-1189.5516,594921.8125,41.442,605062.8125,1999.9000,
	2026/04/30 12:01:48	,	003397	,	552	,10.514713,1999.9000,-0.26747015,-1190.0247,594917.5625,41.449,605062.8125,1999.9000,
	2026/04/30 12:01:48	,	004397	,	553	,10.514709,1999.9000,-0.26747015,-1190.4189,594915.3750,41.455,605062.8125,1999.9000,
	2026/04/30 12:01:48	,	005397	,	554	,10.514704,1999.9000,-0.26747015,-1190.7476,594914.1250,41.460,605062.8125,1999.9000,
	2026/04/30 12:01:48	,	006397	,	555	,10.514697,1999.9000,-0.26747015,-1191.0215,594913.2500,41.464,605051.6250,1999.9000,
	2026/04/30 12:01:48	,	007397	,	556	,10.514691,1999.9000,-0.26747015,-1191.0215,594913.2500,41.464,604929.9375,1999.9000,
	2026/04/30 12:01:48	,	008397	,	557	,10.514685,1999.9000,-0.26466557,-1191.4397,595008.5000,41.468,604899.6875,1999.9000,
	2026/04/30 12:01:48	,	009397	,	558	,10.514681,1999.9000,-0.26216984,-1191.3992,595012.1250,41.468,604792.1875,1999.9000,
	2026/04/30 12:01:48	,	010397	,	559	,10.514682,1999.9000,-0.26000181,-1191.3654,595146.7500,41.468,604760.8125,1999.9000,
	2026/04/30 12:01:48	,	011397	,	560	,10.514682,1999.9000,-0.25545782,-1191.3373,595444.0625,41.467,604679.2500,1999.9000,
	2026/04/30 12:01:48	,	012397	,	561	,10.514672,1999.9000,-0.24878359,-1191.0155,595481.5625,41.466,604679.2500,1999.9000,
	2026/04/30 12:01:48	,	013397	,	562	,10.514666,1999.9000,-0.24524167,-1190.7473,595494.1250,41.466,604679.2500,1999.9000,
	2026/04/30 12:01:48	,	014397	,	563	,10.514654,1999.9000,-0.24524167,-1190.5237,595500.3125,41.464,604679.2500,1999.9000,
	2026/04/30 12:01:48	,	015397	,	564	,10.514646,1999.9000,-0.24524167,-1190.6359,595504.1250,41.461,604679.2500,1999.9000,
	2026/04/30 12:01:48	,	016397	,	565	,10.514637,1999.9000,-0.24524167,-1190.7294,595506.6250,41.459,604688.2500,1999.9000,
	2026/04/30 12:01:48	,	017397	,	566	,10.514630,1999.9000,-0.24524167,-1190.9067,595493.6250,41.457,604792.1875,1999.9000,
	2026/04/30 12:01:48	,	018397	,	567	,10.514627,1999.9000,-0.24814077,-1191.3529,595391.6250,41.456,604822.1250,1999.9000,
	2026/04/30 12:01:48	,	019397	,	568	,10.514611,1999.9000,-0.25068691,-1191.7247,595385.3750,41.457,604914.8750,1999.9000,
	2026/04/30 12:01:48	,	020397	,	569	,10.514589,1999.9000,-0.25157240,-1192.3331,595298.0625,41.459,604949.5625,1999.9000,
	2026/04/30 12:01:48	,	021397	,	570	,10.514571,1999.9000,-0.25574774,-1192.8400,595047.8125,41.461,605076.6875,1999.9000,
	2026/04/30 12:01:48	,	022397	,	571	,10.514556,1999.9000,-0.26216355,-1193.4613,594878.6250,41.465,605076.6875,1999.9000,
	2026/04/30 12:01:48	,	023397	,	572	,10.514543,1999.9000,-0.26453954,-1193.9791,594878.6250,41.470,605076.6875,1999.9000,
	2026/04/30 12:01:48	,	024397	,	573	,10.514531,1999.9000,-0.26453954,-1194.4106,594878.6250,41.474,605076.6875,1999.9000,
	2026/04/30 12:01:48	,	025397	,	574	,10.514532,1999.9000,-0.26453954,-1194.4106,594878.6250,41.477,605076.6875,1999.9000,
	2026/04/30 12:01:48	,	026397	,	575	,10.514553,1999.9000,-0.26453954,-1194.5714,594878.6250,41.480,605067.8750,1999.9000,
	2026/04/30 12:01:48	,	027397	,	576	,10.514571,1999.9000,-0.26453954,-1194.4067,594963.8125,41.482,604940.1875,1999.9000,
	2026/04/30 12:01:48	,	028397	,	577	,10.514585,1999.9000,-0.26061317,-1194.2695,594980.7500,41.481,604901.8750,1999.9000,
	2026/04/30 12:01:48	,	029397	,	578	,10.514602,1999.9000,-0.25714055,-1194.1554,594988.4375,41.478,604795.2500,1999.9000,
	2026/04/30 12:01:48	,	030397	,	579	,10.514615,1999.9000,-0.25427297,-1193.8612,595071.0625,41.476,604761.1875,1999.9000,
	2026/04/30 12:01:48	,	031397	,	580	,10.514627,1999.9000,-0.25039700,-1193.5166,595336.8125,41.475,604669.6250,1999.9000,
	2026/04/30 12:01:48	,	032397	,	581	,10.514637,1999.9000,-0.24342658,-1193.1300,595556.0625,41.473,604669.6250,1999.9000,
	2026/04/30 12:01:48	,	033397	,	582	,10.514640,1999.9000,-0.23774181,-1192.4098,595556.0625,41.473,604669.6250,1999.9000,
	2026/04/30 12:01:48	,	034397	,	583	,10.514642,1999.9000,-0.23774181,-1191.8098,595556.0625,41.477,604669.6250,1999.9000,
	2026/04/30 12:01:48	,	035397	,	584	,10.514649,1999.9000,-0.23774181,-1191.3096,595556.0625,41.480,604669.6250,1999.9000,
	2026/04/30 12:01:48	,	036397	,	585	,10.514636,1999.9000,-0.23774181,-1190.8929,595556.0625,41.482,604679.2500,1999.9000,
	2026/04/30 12:01:48	,	037397	,	586	,10.514620,1999.9000,-0.23774181,-1190.5457,595439.8750,41.484,604793.4375,1999.9000,
	2026/04/30 12:01:48	,	038397	,	587	,10.514606,1999.9000,-0.24067244,-1190.2563,595413.0625,41.485,604822.3750,1999.9000,
	2026/04/30 12:01:48	,	039397	,	588	,10.514596,1999.9000,-0.24365976,-1190.3136,595399.3750,41.487,604911.1875,1999.9000,
	2026/04/30 12:01:48	,	040397	,	589	,10.514591,1999.9000,-0.24620593,-1190.3613,595384.4375,41.486,604945.0625,1999.9000,
	2026/04/30 12:01:48	,	041397	,	590	,10.514602,1999.9000,-0.24944535,-1190.4011,595162.8125,41.477,605056.8125,1999.9000,
	2026/04/30 12:01:48	,	042397	,	591	,10.514611,1999.9000,-0.25634015,-1190.4342,595162.8125,41.469,605056.8125,1999.9000,
	2026/04/30 12:01:48	,	043397	,	592	,10.514624,1999.9000,-0.26302066,-1190.6608,594879.8125,41.462,605056.8125,1999.9000,
	2026/04/30 12:01:48	,	044397	,	593	,10.514634,1999.9000,-0.26349652,-1190.6505,594879.8125,41.457,605056.8125,1999.9000,
	2026/04/30 12:01:48	,	045397	,	594	,10.514642,1999.9000,-0.26365510,-1190.4431,594879.8125,41.452,605056.8125,1999.9000,
	2026/04/30 12:01:48	,	046397	,	595	,10.514649,1999.9000,-0.26373440,-1190.2703,594879.8125,41.448,605055.5625,1999.9000,
	2026/04/30 12:01:48	,	047397	,	596	,10.514655,1999.9000,-0.26378199,-1190.1262,594879.8125,41.441,604974.0625,1999.9000,
	2026/04/30 12:01:48	,	048397	,	597	,10.514657,1999.9000,-0.26381373,-1190.0061,594888.8750,41.434,604939.8750,1999.9000,
	2026/04/30 12:01:48	,	049397	,	598	,10.514652,1999.9000,-0.26151440,-1190.0056,594976.8750,41.430,604843.0000,1999.9000,
	2026/04/30 12:01:48	,	050397	,	599	,10.514648,1999.9000,-0.25930226,-1190.2041,594981.1250,41.436,604810.3750,1999.9000,
	2026/04/30 12:01:48	,	051397	,	600	,10.514646,1999.9000,-0.25703973,-1190.3696,595228.9375,41.441,604720.3125,1999.9000,
	2026/04/30 12:01:48	,	052397	,	601	,10.514646,1999.9000,-0.25149992,-1190.3085,595228.9375,41.445,604703.7500,1999.9000,
	2026/04/30 12:01:48	,	053397	,	602	,10.514635,1999.9000,-0.24571434,-1190.4564,595529.2500,41.439,604698.2500,1999.9000,
	2026/04/30 12:01:48	,	054397	,	603	,10.514629,1999.9000,-0.24551266,-1190.5798,595529.2500,41.435,604695.5000,1999.9000,
	2026/04/30 12:01:48	,	055397	,	604	,10.514624,1999.9000,-0.24544545,-1190.6826,595529.2500,41.438,604693.8125,1999.9000,
	2026/04/30 12:01:48	,	056397	,	605	,10.514625,1999.9000,-0.24541183,-1190.7683,595529.2500,41.441,604692.6875,1999.9000,
	2026/04/30 12:01:48	,	057397	,	606	,10.514635,1999.9000,-0.24539165,-1190.6406,595529.2500,41.445,604702.8125,1999.9000,
	2026/04/30 12:01:48	,	058397	,	607	,10.514643,1999.9000,-0.24537820,-1190.5344,595521.1250,41.449,604810.3125,1999.9000,
	2026/04/30 12:01:48	,	059397	,	608	,10.514642,1999.9000,-0.24789496,-1190.4458,595408.3125,41.455,604841.7500,1999.9000,
	2026/04/30 12:01:48	,	060397	,	609	,10.514648,1999.9000,-0.25044742,-1190.4716,595393.1250,41.460,604946.2500,1999.9000,
	2026/04/30 12:01:48	,	061397	,	610	,10.514654,1999.9000,-0.25314483,-1190.5924,595380.6875,41.464,604982.8125,1999.9000,
	2026/04/30 12:01:48	,	062397	,	611	,10.514660,1999.9000,-0.25905016,-1190.6932,595230.1875,41.467,605071.2500,1999.9000,
	2026/04/30 12:01:48	,	063397	,	612	,10.514658,1999.9000,-0.26632941,-1190.7771,594966.2500,41.470,605071.2500,1999.9000,
	2026/04/30 12:01:48	,	064397	,	613	,10.514658,1999.9000,-0.26727793,-1190.8470,594934.9375,41.474,605071.2500,1999.9000,
	2026/04/30 12:01:48	,	065397	,	614	,10.514658,1999.9000,-0.26759410,-1190.9053,594924.5000,41.476,605071.2500,1999.9000,
	2026/04/30 12:01:48	,	066397	,	615	,10.514658,1999.9000,-0.26775220,-1190.9539,594919.2500,41.476,605071.2500,1999.9000,
	2026/04/30 12:01:48	,	067397	,	616	,10.514658,1999.9000,-0.26784703,-1190.8949,594916.1250,41.472,605059.8125,1999.9000,
	2026/04/30 12:01:48	,	068397	,	617	,10.514658,1999.9000,-0.26791027,-1190.7462,594914.0625,41.470,604935.9375,1999.9000,
	2026/04/30 12:01:48	,	069397	,	618	,10.514658,1999.9000,-0.26506895,-1190.6223,594925.6875,41.468,604901.1875,1999.9000,
	2026/04/30 12:01:48	,	070397	,	619	,10.514638,1999.9000,-0.26205009,-1190.5190,594938.0000,41.467,604791.0625,1999.9000,
	2026/04/30 12:01:48	,	071397	,	620	,10.514642,1999.9000,-0.25903755,-1190.2341,594948.9375,41.467,604754.1875,1999.9000,
	2026/04/30 12:01:48	,	072397	,	621	,10.514660,1999.9000,-0.25324568,-1189.7977,595109.1875,41.467,604735.0000,1999.9000,
	2026/04/30 12:01:48	,	073397	,	622	,10.514658,1999.9000,-0.24574585,-1189.6329,595394.5625,41.467,604725.5000,1999.9000,
	2026/04/30 12:01:48	,	074397	,	623	,10.514658,1999.9000,-0.24235515,-1189.6946,595519.7500,41.468,604719.7500,1999.9000,
	2026/04/30 12:01:48	,	075397	,	624	,10.514653,1999.9000,-0.24235515,-1189.8455,595519.7500,41.469,604715.8750,1999.9000,
	2026/04/30 12:01:48	,	076397	,	625	,10.514645,1999.9000,-0.24235515,-1189.9711,595519.7500,41.473,604712.7500,1999.9000,
	2026/04/30 12:01:48	,	077397	,	626	,10.514642,1999.9000,-0.24235515,-1190.0759,595519.7500,41.481,604720.1250,1999.9000,
	2026/04/30 12:01:48	,	078397	,	627	,10.514645,1999.9000,-0.24235515,-1189.9644,595519.7500,41.488,604815.7500,1999.9000,
	2026/04/30 12:01:48	,	079397	,	628	,10.514646,1999.9000,-0.24463664,-1189.7717,595424.3750,41.490,604842.9375,1999.9000,
	2026/04/30 12:01:48	,	080397	,	629	,10.514648,1999.9000,-0.24561036,-1189.6113,595400.2500,41.493,604935.9375,1999.9000,
	2026/04/30 12:01:48	,	081397	,	630	,10.514650,1999.9000,-0.24814706,-1189.4777,595384.6875,41.497,604969.7500,1999.9000,
	2026/04/30 12:01:48	,	082397	,	631	,10.514657,1999.9000,-0.25180244,-1189.1672,595284.3125,41.498,605076.6875,1999.9000,
	2026/04/30 12:01:48	,	083397	,	632	,10.514667,1999.9000,-0.25856489,-1188.9086,595053.7500,41.496,605076.6875,1999.9000,
	2026/04/30 12:01:48	,	084397	,	633	,10.514675,1999.9000,-0.26417401,-1188.6930,594856.5625,41.494,605076.6875,1999.9000,
	2026/04/30 12:01:48	,	085397	,	634	,10.514682,1999.9000,-0.26417401,-1188.5135,594856.5625,41.491,605076.6875,1999.9000,
	2026/04/30 12:01:48	,	086397	,	635	,10.514688,1999.9000,-0.26417401,-1188.5629,594856.5625,41.488,605076.6875,1999.9000,
	2026/04/30 12:01:48	,	087397	,	636	,10.514691,1999.9000,-0.26417401,-1188.6039,594856.5625,41.486,605065.0000,1999.9000,
	2026/04/30 12:01:48	,	088397	,	637	,10.514667,1999.9000,-0.26417401,-1189.2350,594856.5625,41.484,604932.3750,1999.9000,
	2026/04/30 12:01:48	,	089397	,	638	,10.514640,1999.9000,-0.26393449,-1189.9598,594958.5000,41.477,604901.5625,1999.9000,
	2026/04/30 12:01:48	,	090397	,	639	,10.514640,1999.9000,-0.26070139,-1190.7628,594974.8750,41.469,604798.8750,1999.9000,
	2026/04/30 12:01:48	,	091397	,	640	,10.514607,1999.9000,-0.25991362,-1191.5314,594985.0625,41.461,604764.1250,1999.9000,
	2026/04/30 12:01:48	,	092397	,	641	,10.514576,1999.9000,-0.25621411,-1192.1719,595066.3125,41.455,604737.6250,1999.9000,
	2026/04/30 12:01:48	,	093397	,	642	,10.514550,1999.9000,-0.25001255,-1192.7057,595310.5625,41.452,604724.4375,1999.9000,
	2026/04/30 12:01:48	,	094397	,	643	,10.514527,1999.9000,-0.24735928,-1193.0510,595578.1250,41.458,604716.5000,1999.9000,
	2026/04/30 12:01:48	,	095397	,	644	,10.514508,1999.9000,-0.24735928,-1193.3389,595578.1250,41.458,604711.2500,1999.9000,
	2026/04/30 12:01:48	,	096397	,	645	,10.514493,1999.9000,-0.24735928,-1193.5787,595578.1250,41.453,604706.8125,1999.9000,
	2026/04/30 12:01:48	,	097397	,	646	,10.514481,1999.9000,-0.24735928,-1193.5795,595578.1250,41.447,604711.5625,1999.9000,
	2026/04/30 12:01:48	,	098397	,	647	,10.514475,1999.9000,-0.24735928,-1193.3813,595578.1250,41.449,604724.1250,1999.9000,
	2026/04/30 12:01:48	,	099397	,	648	,10.514470,1999.9000,-0.25095162,-1192.9177,595454.7500,41.450,604837.5625,1999.9000,
	2026/04/30 12:01:48	,	100397	,	649	,10.514502,1999.9000,-0.25398937,-1192.4319,595419.3125,41.451,604871.6250,1999.9000,
	2026/04/30 12:01:48	,	101397	,	650	,10.514528,1999.9000,-0.25637797,-1192.0270,595401.1250,41.452,604977.0625,1999.9000,
	2026/04/30 12:01:48	,	102397	,	651	,10.514581,1999.9000,-0.25963631,-1191.5901,595386.6250,41.447,605017.1875,1999.9000,
	2026/04/30 12:01:48	,	103397	,	652	,10.514632,1999.9000,-0.26646176,-1191.1266,595165.8125,41.442,605030.5625,1999.9000,
	2026/04/30 12:01:48	,	104397	,	653	,10.514676,1999.9000,-0.27120748,-1190.7405,594877.3750,41.439,605037.2500,1999.9000,
	2026/04/30 12:01:48	,	105397	,	654	,10.514713,1999.9000,-0.27120748,-1190.5181,594877.3750,41.442,605041.2500,1999.9000,
	2026/04/30 12:01:48	,	106397	,	655	,10.514744,1999.9000,-0.27120748,-1190.2333,594877.3750,41.446,605043.9375,1999.9000,
	2026/04/30 12:01:48	,	107397	,	656	,10.514773,1999.9000,-0.27120748,-1190.0953,594877.3750,41.448,605043.9375,1999.9000,
	2026/04/30 12:01:48	,	108397	,	657	,10.514798,1999.9000,-0.27120748,-1189.9806,594877.3750,41.449,605042.5000,1999.9000,
	2026/04/30 12:01:48	,	109397	,	658	,10.514815,1999.9000,-0.26712352,-1189.9843,594886.8750,41.452,605029.8750,1999.9000,
	2026/04/30 12:01:48	,	110397	,	659	,10.514789,1999.9000,-0.26373914,-1190.4847,594997.7500,41.454,604900.9375,1999.9000,
	2026/04/30 12:01:48	,	111397	,	660	,10.514767,1999.9000,-0.26075181,-1190.9019,595003.6875,41.456,604867.4375,1999.9000,
	2026/04/30 12:01:48	,	112397	,	661	,10.514748,1999.9000,-0.25739264,-1191.2494,595013.6250,41.456,604762.0000,1999.9000,
	2026/04/30 12:01:48	,	113397	,	662	,10.514733,1999.9000,-0.25051045,-1191.5391,595210.4375,41.456,604737.3125,1999.9000,
	2026/04/30 12:01:48	,	114397	,	663	,10.514721,1999.9000,-0.24381731,-1191.4819,595504.8125,41.458,604729.0000,1999.9000,
	2026/04/30 12:01:48	,	115397	,	664	,10.514730,1999.9000,-0.24298225,-1191.4344,595504.8125,41.459,604724.8750,1999.9000,
	2026/04/30 12:01:48	,	116397	,	665	,10.514717,1999.9000,-0.24270390,-1191.2953,595504.8125,41.460,604722.3750,1999.9000,
	2026/04/30 12:01:48	,	117397	,	666	,10.514707,1999.9000,-0.24256472,-1190.7815,595504.8125,41.461,604720.6875,1999.9000,
	2026/04/30 12:01:48	,	118397	,	667	,10.514718,1999.9000,-0.24248120,-1190.3534,595504.8125,41.462,604720.1875,1999.9000,
	2026/04/30 12:01:48	,	119397	,	668	,10.514728,1999.9000,-0.24242555,-1189.9966,595502.8125,41.461,604732.6875,1999.9000,
	2026/04/30 12:01:48	,	120397	,	669	,10.514736,1999.9000,-0.24272262,-1189.6992,595411.8750,41.460,604847.8125,1999.9000,
	2026/04/30 12:01:48	,	121397	,	670	,10.514752,1999.9000,-0.24583407,-1189.4514,595393.4375,41.460,604876.8125,1999.9000,
	2026/04/30 12:01:48	,	122397	,	671	,10.514776,1999.9000,-0.24679521,-1189.2449,595382.6875,41.458,604972.8125,1999.9000,
	2026/04/30 12:01:48	,	123397	,	672	,10.514797,1999.9000,-0.25311962,-1189.1722,595238.4375,41.456,605006.9375,1999.9000,
	2026/04/30 12:01:48	,	124397	,	673	,10.514793,1999.9000,-0.25967410,-1189.5095,594962.0000,41.455,605029.3750,1999.9000,
	2026/04/30 12:01:48	,	125397	,	674	,10.514791,1999.9000,-0.26038313,-1189.8901,594930.7500,41.453,605040.6250,1999.9000,
	2026/04/30 12:01:48	,	126397	,	675	,10.514789,1999.9000,-0.26061946,-1190.4064,594920.3125,41.452,605047.3750,1999.9000,
	2026/04/30 12:01:48	,	127397	,	676	,10.514782,1999.9000,-0.26073763,-1190.8364,594915.1250,41.459,605051.9375,1999.9000,
	2026/04/30 12:01:48	,	128397	,	677	,10.514775,1999.9000,-0.26080853,-1191.0955,594911.9375,41.465,605055.6250,1999.9000,
	2026/04/30 12:01:48	,	129397	,	678	,10.514771,1999.9000,-0.26085579,-1191.3113,594909.8750,41.471,605045.7500,1999.9000,
	2026/04/30 12:01:48	,	130397	,	679	,10.514755,1999.9000,-0.26055068,-1191.4911,594919.8750,41.477,604922.0625,1999.9000,
	2026/04/30 12:01:48	,	131397	,	680	,10.514744,1999.9000,-0.25746197,-1191.6410,594932.3750,41.481,604890.6875,1999.9000,
	2026/04/30 12:01:48	,	132397	,	681	,10.514733,1999.9000,-0.25674036,-1191.7659,594943.8125,41.483,604797.0625,1999.9000,
	2026/04/30 12:01:48	,	133397	,	682	,10.514725,1999.9000,-0.25168899,-1191.8699,595105.0000,41.483,604765.3750,1999.9000,
	2026/04/30 12:01:48	,	134397	,	683	,10.514724,1999.9000,-0.24575844,-1191.9565,595390.4375,41.479,604738.6875,1999.9000,
	2026/04/30 12:01:48	,	135397	,	684	,10.514722,1999.9000,-0.24575844,-1191.9293,595538.7500,41.475,604725.4375,1999.9000,
	2026/04/30 12:01:48	,	136397	,	685	,10.514721,1999.9000,-0.24575844,-1191.9067,595538.7500,41.472,604717.4375,1999.9000,
	2026/04/30 12:01:48	,	137397	,	686	,10.514721,1999.9000,-0.24575844,-1191.8878,595538.7500,41.466,604712.1250,1999.9000,
	2026/04/30 12:01:48	,	138397	,	687	,10.514719,1999.9000,-0.24575844,-1191.7726,595538.7500,41.462,604707.6875,1999.9000,
	2026/04/30 12:01:48	,	139397	,	688	,10.514718,1999.9000,-0.24575846,-1191.4777,595538.7500,41.462,604717.2500,1999.9000,
	2026/04/30 12:01:48	,	140397	,	689	,10.514722,1999.9000,-0.24873316,-1191.2319,595429.1250,41.458,604833.2500,1999.9000,
	2026/04/30 12:01:48	,	141397	,	690	,10.514731,1999.9000,-0.25132346,-1191.0271,595405.2500,41.456,604855.3125,1999.9000,
	2026/04/30 12:01:48	,	142397	,	691	,10.514744,1999.9000,-0.25354818,-1190.8563,595392.3750,41.456,604940.1875,1999.9000,
	2026/04/30 12:01:48	,	143397	,	692	,10.514759,1999.9000,-0.25802290,-1190.7142,595304.6250,41.455,604977.6250,1999.9000,
	2026/04/30 12:01:48	,	144397	,	693	,10.514772,1999.9000,-0.26498073,-1190.5957,595080.0000,41.454,605073.6875,1999.9000,
	2026/04/30 12:01:48	,	145397	,	694	,10.514783,1999.9000,-0.26714242,-1190.6958,594863.7500,41.451,605073.6875,1999.9000,
	2026/04/30 12:01:48	,	146397	,	695	,10.514792,1999.9000,-0.26714242,-1190.9783,594863.7500,41.450,605073.6875,1999.9000,
	2026/04/30 12:01:48	,	147397	,	696	,10.514800,1999.9000,-0.26714242,-1191.3131,594863.7500,41.451,605073.6875,1999.9000,
	2026/04/30 12:01:48	,	148397	,	697	,10.514806,1999.9000,-0.26714242,-1191.5920,594863.7500,41.452,605073.6875,1999.9000,
	2026/04/30 12:01:48	,	149397	,	698	,10.514811,1999.9000,-0.26714242,-1191.8246,594863.7500,41.453,605063.0000,1999.9000,
	2026/04/30 12:01:48	,	150397	,	699	,10.514825,1999.9000,-0.26367611,-1192.2173,594968.0000,41.457,604937.1875,1999.9000,
	2026/04/30 12:01:48	,	151397	,	700	,10.514837,1999.9000,-0.26066357,-1192.5446,594990.3125,41.460,604904.5000,1999.9000,
	2026/04/30 12:01:48	,	152397	,	701	,10.514816,1999.9000,-0.25783381,-1192.8173,595000.7500,41.462,604799.4375,1999.9000,
	2026/04/30 12:01:48	,	153397	,	702	,10.514800,1999.9000,-0.25356081,-1192.8455,595014.9375,41.464,604767.6875,1999.9000,
	2026/04/30 12:01:48	,	154397	,	703	,10.514786,1999.9000,-0.24625005,-1192.5707,595274.8125,41.466,604682.3125,1999.9000,
	2026/04/30 12:01:48	,	155397	,	704	,10.514774,1999.9000,-0.24036992,-1192.1428,595582.8750,41.468,604682.3125,1999.9000,
	2026/04/30 12:01:48	,	156397	,	705	,10.514764,1999.9000,-0.24036992,-1191.7861,595582.8750,41.466,604682.3125,1999.9000,
	2026/04/30 12:01:48	,	157397	,	706	,10.514755,1999.9000,-0.24036992,-1191.4889,595582.8750,41.463,604682.3125,1999.9000,
	2026/04/30 12:01:48	,	158397	,	707	,10.514749,1999.9000,-0.24036992,-1191.4402,595582.8750,41.457,604682.3125,1999.9000,
	2026/04/30 12:01:48	,	159397	,	708	,10.514744,1999.9000,-0.24036992,-1191.3997,595582.8750,41.449,604690.8125,1999.9000,
	2026/04/30 12:01:48	,	160397	,	709	,10.514739,1999.9000,-0.24040353,-1191.3657,595454.7500,41.437,604810.9375,1999.9000,
	2026/04/30 12:01:48	,	161397	,	710	,10.514734,1999.9000,-0.24260096,-1191.3375,595420.5000,41.426,604842.9375,1999.9000,
	2026/04/30 12:01:48	,	162397	,	711	,10.514731,1999.9000,-0.24354000,-1190.8167,595400.5625,41.427,604941.3750,1999.9000,
	2026/04/30 12:01:48	,	163397	,	712	,10.514729,1999.9000,-0.24754833,-1190.9794,595383.5625,41.430,604971.5625,1999.9000,
	2026/04/30 12:01:48	,	164397	,	713	,10.514721,1999.9000,-0.25436750,-1191.2146,595174.7500,41.433,605077.8750,1999.9000,
	2026/04/30 12:01:48	,	165397	,	714	,10.514715,1999.9000,-0.26045558,-1191.4106,594890.5000,41.436,605077.8750,1999.9000,
	2026/04/30 12:01:48	,	166397	,	715	,10.514710,1999.9000,-0.26045558,-1191.5739,594890.5000,41.434,605077.8750,1999.9000,
	2026/04/30 12:01:48	,	167397	,	716	,10.514711,1999.9000,-0.26045558,-1191.6104,594890.5000,41.440,605077.8750,1999.9000,
	2026/04/30 12:01:48	,	168397	,	717	,10.514707,1999.9000,-0.26045558,-1191.6410,594890.5000,41.446,605077.8750,1999.9000,
	2026/04/30 12:01:48	,	169397	,	718	,10.514703,1999.9000,-0.26045558,-1191.6664,594890.5000,41.451,605067.8125,1999.9000,
	2026/04/30 12:01:48	,	170397	,	719	,10.514700,1999.9000,-0.25805441,-1191.6875,594897.6250,41.455,604937.8125,1999.9000,
	2026/04/30 12:01:48	,	171397	,	720	,10.514693,1999.9000,-0.25589898,-1191.7052,594999.5625,41.458,604907.0000,1999.9000,
	2026/04/30 12:01:48	,	172397	,	721	,10.514683,1999.9000,-0.25502610,-1191.8193,595009.6875,41.459,604810.9375,1999.9000,
	2026/04/30 12:01:48	,	173397	,	722	,10.514673,1999.9000,-0.25195369,-1191.9144,595016.0000,41.459,604778.3750,1999.9000,
	2026/04/30 12:01:48	,	174397	,	723	,10.514670,1999.9000,-0.24609248,-1192.3917,595174.1250,41.454,604692.5625,1999.9000,
	2026/04/30 12:01:48	,	175397	,	724	,10.514672,1999.9000,-0.24045186,-1192.7893,595464.3125,41.448,604692.5625,1999.9000,
	2026/04/30 12:01:48	,	176397	,	725	,10.514675,1999.9000,-0.24045186,-1193.1206,595478.6250,41.444,604692.5625,1999.9000,
	2026/04/30 12:01:48	,	177397	,	726	,10.514676,1999.9000,-0.24045186,-1192.8994,595483.3750,41.437,604692.5625,1999.9000,
	2026/04/30 12:01:48	,	178397	,	727	,10.514678,1999.9000,-0.24045186,-1192.5162,595485.7500,41.431,604692.5625,1999.9000,
	2026/04/30 12:01:48	,	179397	,	728	,10.514679,1999.9000,-0.24045186,-1192.3958,595487.1250,41.426,604700.2500,1999.9000,
	2026/04/30 12:01:48	,	180397	,	729	,10.514700,1999.9000,-0.24275222,-1191.5991,595488.0625,41.422,604800.0625,1999.9000,
	2026/04/30 12:01:48	,	181397	,	730	,10.514718,1999.9000,-0.24519755,-1190.9352,595475.0625,41.422,604827.8125,1999.9000,
	2026/04/30 12:01:48	,	182397	,	731	,10.514732,1999.9000,-0.24749790,-1190.3818,595381.4375,41.429,604854.8750,1999.9000,
	2026/04/30 12:01:48	,	183397	,	732	,10.514745,1999.9000,-0.24998106,-1189.9209,595381.1875,41.435,604967.3750,1999.9000,
	2026/04/30 12:01:48	,	184397	,	733	,10.514734,1999.9000,-0.25594941,-1189.5366,595281.9375,41.440,605007.8125,1999.9000,
	2026/04/30 12:01:48	,	185397	,	734	,10.514717,1999.9000,-0.26253539,-1189.2164,595014.5000,41.446,605021.3750,1999.9000,
	2026/04/30 12:01:48	,	186397	,	735	,10.514703,1999.9000,-0.26490510,-1188.9497,594889.3750,41.452,605028.1250,1999.9000,
	2026/04/30 12:01:48	,	187397	,	736	,10.514686,1999.9000,-0.26490510,-1188.7273,594889.3750,41.459,605032.1875,1999.9000,
	2026/04/30 12:01:48	,	188397	,	737	,10.514672,1999.9000,-0.26490510,-1188.5419,594889.3750,41.465,605034.8750,1999.9000,
	2026/04/30 12:01:48	,	189397	,	738	,10.514660,1999.9000,-0.26490510,-1188.3875,594889.3750,41.467,605036.8125,1999.9000,
	2026/04/30 12:01:48	,	190397	,	739	,10.514649,1999.9000,-0.26490510,-1188.3583,594889.3750,41.468,605026.9375,1999.9000,
	2026/04/30 12:01:48	,	191397	,	740	,10.514642,1999.9000,-0.26455635,-1188.3340,594969.7500,41.469,604906.3750,1999.9000,
	2026/04/30 12:01:48	,	192397	,	741	,10.514629,1999.9000,-0.26102284,-1188.3137,594986.1250,41.466,604873.1875,1999.9000,
	2026/04/30 12:01:48	,	193397	,	742	,10.514614,1999.9000,-0.26102284,-1188.5952,594994.1875,41.467,604772.9375,1999.9000,
	2026/04/30 12:01:48	,	194397	,	743	,10.514602,1999.9000,-0.26014364,-1189.0287,595111.0000,41.468,604746.6250,1999.9000,
	2026/04/30 12:01:48	,	195397	,	744	,10.514596,1999.9000,-0.25437382,-1189.5890,595377.3125,41.465,604729.6250,1999.9000,
	2026/04/30 12:01:48	,	196397	,	745	,10.514606,1999.9000,-0.24811555,-1190.0559,595545.8750,41.462,604721.0625,1999.9000,
	2026/04/30 12:01:48	,	197397	,	746	,10.514614,1999.9000,-0.24709140,-1190.4449,595545.8750,41.461,604716.0000,1999.9000,
	2026/04/30 12:01:48	,	198397	,	747	,10.514636,1999.9000,-0.24675003,-1190.5702,595545.8750,41.464,604712.6250,1999.9000,
	2026/04/30 12:01:48	,	199397	,	748	,10.514660,1999.9000,-0.24647693,-1190.4757,595545.8750,41.465,604709.7500,1999.9000,
	2026/04/30 12:01:48	,	200397	,	749	,10.514679,1999.9000,-0.24647693,-1190.0985,595545.8750,41.464,604719.5625,1999.9000,
	2026/04/30 12:01:48	,	201397	,	750	,10.514706,1999.9000,-0.24640864,-1189.5852,595444.0625,41.464,604831.5000,1999.9000,
	2026/04/30 12:01:48	,	202397	,	751	,10.514728,1999.9000,-0.24857561,-1188.9585,595421.7500,41.463,604859.2500,1999.9000,
	2026/04/30 12:01:48	,	203397	,	752	,10.514746,1999.9000,-0.25093901,-1188.4363,595405.5000,41.462,604950.5000,1999.9000,
	2026/04/30 12:01:48	,	204397	,	753	,10.514771,1999.9000,-0.25319526,-1188.0011,595310.5625,41.461,605033.8750,1999.9000,
	2026/04/30 12:01:48	,	205397	,	754	,10.514791,1999.9000,-0.25786534,-1187.6384,595109.8125,41.460,605041.6875,1999.9000,
	2026/04/30 12:01:48	,	206397	,	755	,10.514809,1999.9000,-0.26473492,-1187.3362,594833.9375,41.460,605044.3125,1999.9000,
	2026/04/30 12:01:48	,	207397	,	756	,10.514828,1999.9000,-0.26731259,-1188.2780,594833.9375,41.459,605045.6250,1999.9000,
	2026/04/30 12:01:48	,	208397	,	757	,10.514843,1999.9000,-0.26731259,-1189.0629,594833.9375,41.459,605046.3750,1999.9000,
	2026/04/30 12:01:48	,	209397	,	758	,10.514852,1999.9000,-0.26731259,-1189.7169,594833.9375,41.459,605046.8750,1999.9000,
	2026/04/30 12:01:48	,	210397	,	759	,10.514844,1999.9000,-0.26731259,-1190.2618,594833.9375,41.457,605036.8750,1999.9000,
	2026/04/30 12:01:48	,	211397	,	760	,10.514833,1999.9000,-0.26731259,-1190.7161,594957.2500,41.455,604919.6875,1999.9000,
	2026/04/30 12:01:48	,	212397	,	761	,10.514824,1999.9000,-0.26461518,-1191.0946,594983.8125,41.452,604888.8750,1999.9000,
	2026/04/30 12:01:48	,	213397	,	762	,10.514816,1999.9000,-0.26218247,-1191.4100,594996.6250,41.445,604786.7500,1999.9000,
	2026/04/30 12:01:48	,	214397	,	763	,10.514809,1999.9000,-0.26006487,-1191.5734,595013.5625,41.440,604757.4375,1999.9000,
	2026/04/30 12:01:48	,	215397	,	764	,10.514774,1999.9000,-0.25589898,-1191.6101,595277.1875,41.435,604733.0000,1999.9000,
	2026/04/30 12:01:48	,	216397	,	765	,10.514745,1999.9000,-0.24878359,-1191.5411,595572.7500,41.429,604720.8125,1999.9000,
	2026/04/30 12:01:48	,	217397	,	766	,10.514725,1999.9000,-0.24439083,-1191.3843,595572.7500,41.425,604713.5000,1999.9000,
	2026/04/30 12:01:48	,	218397	,	767	,10.514709,1999.9000,-0.24439083,-1191.1541,595572.7500,41.421,604708.5000,1999.9000,
	2026/04/30 12:01:48	,	219397	,	768	,10.514696,1999.9000,-0.24439083,-1191.0616,595572.7500,41.419,604704.4375,1999.9000,
	2026/04/30 12:01:48	,	220397	,	769	,10.514685,1999.9000,-0.24439083,-1190.9846,595572.7500,41.418,604712.3750,1999.9000,
	2026/04/30 12:01:48	,	221397	,	770	,10.514676,1999.9000,-0.24439083,-1190.9204,595439.2500,41.417,604804.3125,1999.9000,
	2026/04/30 12:01:48	,	222397	,	771	,10.514668,1999.9000,-0.24747269,-1190.8669,595408.3125,41.423,604832.6875,1999.9000,
	2026/04/30 12:01:48	,	223397	,	772	,10.514663,1999.9000,-0.25008819,-1190.8225,595394.3750,41.429,604932.3750,1999.9000,
	2026/04/30 12:01:48	,	224397	,	773	,10.514663,1999.9000,-0.25226250,-1190.6858,595382.8125,41.433,604967.1250,1999.9000,
	2026/04/30 12:01:48	,	225397	,	774	,10.514663,1999.9000,-0.25539479,-1190.3730,595206.3125,41.437,605079.1250,1999.9000,
	2026/04/30 12:01:48	,	226397	,	775	,10.514652,1999.9000,-0.26171607,-1190.1123,594923.8750,41.441,605079.1250,1999.9000,
	2026/04/30 12:01:48	,	227397	,	776	,10.514652,1999.9000,-0.26532733,-1189.9946,594923.0625,41.445,605079.1250,1999.9000,
	2026/04/30 12:01:48	,	228397	,	777	,10.514652,1999.9000,-0.26532733,-1189.8965,594922.7500,41.447,605079.1250,1999.9000,
	2026/04/30 12:01:48	,	229397	,	778	,10.514652,1999.9000,-0.26532733,-1189.8147,594922.5625,41.448,605079.1250,1999.9000,
	2026/04/30 12:01:48	,	230397	,	779	,10.514668,1999.9000,-0.26532733,-1189.7466,594922.4375,41.447,605068.5625,1999.9000,
	2026/04/30 12:01:48	,	231397	,	780	,10.514681,1999.9000,-0.26532733,-1189.8888,594922.3750,41.445,604939.0000,1999.9000,
	2026/04/30 12:01:48	,	232397	,	781	,10.514668,1999.9000,-0.26170349,-1190.0073,594933.0000,41.444,604908.8125,1999.9000,
	2026/04/30 12:01:48	,	233397	,	782	,10.514657,1999.9000,-0.25849557,-1190.7029,594945.6875,41.443,604814.0000,1999.9000,
	2026/04/30 12:01:48	,	234397	,	783	,10.514676,1999.9000,-0.25577924,-1191.2825,594958.7500,41.444,604782.8750,1999.9000,
	2026/04/30 12:01:48	,	235397	,	784	,10.514693,1999.9000,-0.25254613,-1191.7656,595153.8750,41.446,604755.9375,1999.9000,
	2026/04/30 12:01:48	,	236397	,	785	,10.514703,1999.9000,-0.24592233,-1191.9692,595451.8125,41.448,604742.5625,1999.9000,
	2026/04/30 12:01:48	,	237397	,	786	,10.514709,1999.9000,-0.23985313,-1192.1389,595481.3125,41.449,604734.5000,1999.9000,
	2026/04/30 12:01:48	,	238397	,	787	,10.514715,1999.9000,-0.23985313,-1192.1808,595491.1250,41.451,604729.1250,1999.9000,
	2026/04/30 12:01:48	,	239397	,	788	,10.514696,1999.9000,-0.23985313,-1192.2156,595496.0000,41.455,604724.6250,1999.9000,
	2026/04/30 12:01:48	,	240397	,	789	,10.514680,1999.9000,-0.23985313,-1192.2448,595498.9375,41.458,604725.4375,1999.9000,
	2026/04/30 12:01:48	,	241397	,	790	,10.514691,1999.9000,-0.23985313,-1192.2689,595500.8750,41.461,604738.3750,1999.9000,
	2026/04/30 12:01:48	,	242397	,	791	,10.514666,1999.9000,-0.24004219,-1192.2892,595415.4375,41.463,604845.9375,1999.9000,
	2026/04/30 12:01:48	,	243397	,	792	,10.514645,1999.9000,-0.24360305,-1192.2065,595394.5625,41.464,604878.3125,1999.9000,
	2026/04/30 12:01:48	,	244397	,	793	,10.514627,1999.9000,-0.24462402,-1192.1377,595384.6875,41.466,604989.1250,1999.9000,
	2026/04/30 12:01:48	,	245397	,	794	,10.514647,1999.9000,-0.24800840,-1192.1377,595284.9375,41.466,605028.3750,1999.9000,
	2026/04/30 12:01:48	,	246397	,	795	,10.514679,1999.9000,-0.25412801,-1191.7819,595044.8750,41.467,605041.4375,1999.9000,
	2026/04/30 12:01:48	,	247397	,	796	,10.514706,1999.9000,-0.26071399,-1191.0874,594878.6250,41.472,605048.0000,1999.9000,
	2026/04/30 12:01:48	,	248397	,	797	,10.514728,1999.9000,-0.26084951,-1190.5089,594878.6250,41.475,605052.0000,1999.9000,
	2026/04/30 12:01:48	,	249397	,	798	,10.514746,1999.9000,-0.26089466,-1190.0266,594878.6250,41.474,605054.6250,1999.9000,
	2026/04/30 12:01:48	,	250397	,	799	,10.514755,1999.9000,-0.26091725,-1189.6249,594878.6250,41.472,605052.8750,1999.9000,
	2026/04/30 12:01:48	,	251397	,	800	,10.514764,1999.9000,-0.26093081,-1189.4889,594878.6250,41.471,604963.1875,1999.9000,
	2026/04/30 12:01:48	,	252397	,	801	,10.514771,1999.9000,-0.26093984,-1189.1768,594968.0000,41.474,604930.5000,1999.9000,
	2026/04/30 12:01:48	,	253397	,	802	,10.514751,1999.9000,-0.25856489,-1189.1155,594986.7500,41.475,604837.5625,1999.9000,
	2026/04/30 12:01:48	,	254397	,	803	,10.514731,1999.9000,-0.25760692,-1189.0645,594997.7500,41.480,604801.6250,1999.9000,
	2026/04/30 12:01:48	,	255397	,	804	,10.514714,1999.9000,-0.25467002,-1189.3204,595091.9375,41.484,604701.6250,1999.9000,
	2026/04/30 12:01:48	,	256397	,	805	,10.514706,1999.9000,-0.24933819,-1189.6332,595346.9375,41.484,604701.6250,1999.9000,
	2026/04/30 12:01:48	,	257397	,	806	,10.514703,1999.9000,-0.24275851,-1189.7943,595559.6250,41.484,604701.6250,1999.9000,
	2026/04/30 12:01:48	,	258397	,	807	,10.514699,1999.9000,-0.24054639,-1190.0281,595559.6250,41.484,604701.6250,1999.9000,
	2026/04/30 12:01:48	,	259397	,	808	,10.514697,1999.9000,-0.24054639,-1190.3223,595559.6250,41.486,604701.6250,1999.9000,
	2026/04/30 12:01:48	,	260397	,	809	,10.514695,1999.9000,-0.24054639,-1190.5675,595559.6250,41.488,604704.0000,1999.9000,
	2026/04/30 12:01:48	,	261397	,	810	,10.514693,1999.9000,-0.24054639,-1190.7717,595559.6250,41.492,604716.5000,1999.9000,
	2026/04/30 12:01:48	,	262397	,	811	,10.514697,1999.9000,-0.24054639,-1190.8425,595440.4375,41.493,604716.5000,1999.9000,
	2026/04/30 12:01:48	,	263397	,	812	,10.514721,1999.9000,-0.24088041,-1190.9015,595408.0000,41.491,604833.8750,1999.9000,
	2026/04/30 12:01:48	,	264397	,	813	,10.514740,1999.9000,-0.24419545,-1190.9507,595392.8125,41.488,604964.3125,1999.9000,
	2026/04/30 12:01:48	,	265397	,	814	,10.514761,1999.9000,-0.24494231,-1190.9916,595377.4375,41.488,604964.3125,1999.9000,
	2026/04/30 12:01:48	,	266397	,	815	,10.514774,1999.9000,-0.25000626,-1191.0258,595137.8125,41.485,604994.1875,1999.9000,
	2026/04/30 12:01:48	,	267397	,	816	,10.514774,1999.9000,-0.25676870,-1191.0542,594844.0625,41.482,605011.1875,1999.9000,
	2026/04/30 12:01:48	,	268397	,	817	,10.514770,1999.9000,-0.26026654,-1191.0779,594844.0625,41.481,605019.6875,1999.9000,
	2026/04/30 12:01:48	,	269397	,	818	,10.514770,1999.9000,-0.26026654,-1191.2968,594844.0625,41.480,605024.7500,1999.9000,
	2026/04/30 12:01:48	,	270397	,	819	,10.514762,1999.9000,-0.26026654,-1191.4790,594844.0625,41.477,605028.1875,1999.9000,
	2026/04/30 12:01:48	,	271397	,	820	,10.514749,1999.9000,-0.26026654,-1191.6310,594844.0625,41.472,605031.0000,1999.9000,
	2026/04/30 12:01:48	,	272397	,	821	,10.514739,1999.9000,-0.26026654,-1191.7574,594928.1250,41.471,605020.8125,1999.9000,
	2026/04/30 12:01:48	,	273397	,	822	,10.514729,1999.9000,-0.25792205,-1191.5646,594956.9375,41.470,604893.0625,1999.9000,
	2026/04/30 12:01:48	,	274397	,	823	,10.514722,1999.9000,-0.25695777,-1191.3043,594970.8125,41.468,604862.8750,1999.9000,
	2026/04/30 12:01:48	,	275397	,	824	,10.514703,1999.9000,-0.25446203,-1191.1869,594984.8125,41.466,604771.6875,1999.9000,
	2026/04/30 12:01:48	,	276397	,	825	,10.514685,1999.9000,-0.25093269,-1191.0890,595218.1875,41.465,604745.0625,1999.9000,
	2026/04/30 12:01:48	,	277397	,	826	,10.514690,1999.9000,-0.24469964,-1190.8085,595519.1250,41.463,604725.9375,1999.9000,
	2026/04/30 12:01:48	,	278397	,	827	,10.514699,1999.9000,-0.24440344,-1190.4752,595519.1250,41.462,604716.3750,1999.9000,
	2026/04/30 12:01:48	,	279397	,	828	,10.514712,1999.9000,-0.24430470,-1189.9985,595519.1250,41.461,604710.6250,1999.9000,
	2026/04/30 12:01:48	,	280397	,	829	,10.514724,1999.9000,-0.24425533,-1189.8999,595519.1250,41.461,604706.8125,1999.9000,
	2026/04/30 12:01:48	,	281397	,	830	,10.514732,1999.9000,-0.24422571,-1190.0165,595519.1250,41.460,604703.5625,1999.9000,
	2026/04/30 12:01:48	,	282397	,	831	,10.514734,1999.9000,-0.24420597,-1190.4121,595512.8750,41.458,604711.1875,1999.9000,
	2026/04/30 12:01:48	,	283397	,	832	,10.514736,1999.9000,-0.24743490,-1190.8412,595398.7500,41.456,604813.3750,1999.9000,
	2026/04/30 12:01:48	,	284397	,	833	,10.514736,1999.9000,-0.25034028,-1191.0994,595385.3750,41.456,604840.1875,1999.9000,
	2026/04/30 12:01:48	,	285397	,	834	,10.514739,1999.9000,-0.25272891,-1191.2151,595375.9375,41.459,604937.8125,1999.9000,
	2026/04/30 12:01:48	,	286397	,	835	,10.514734,1999.9000,-0.25644100,-1191.3115,595228.3125,41.462,604969.8125,1999.9000,
	2026/04/30 12:01:48	,	287397	,	836	,10.514717,1999.9000,-0.26345554,-1191.3918,594951.2500,41.463,605089.3750,1999.9000,
	2026/04/30 12:01:48	,	288397	,	837	,10.514698,1999.9000,-0.26924741,-1191.4589,594932.8125,41.463,605089.3750,1999.9000,
	2026/04/30 12:01:48	,	289397	,	838	,10.514672,1999.9000,-0.26924741,-1191.3156,594926.6250,41.464,605089.3750,1999.9000,
	2026/04/30 12:01:48	,	290397	,	839	,10.514649,1999.9000,-0.26924741,-1191.1962,594923.5000,41.467,605089.3750,1999.9000,
	2026/04/30 12:01:48	,	291397	,	840	,10.514646,1999.9000,-0.26924741,-1191.0968,594921.6875,41.470,605089.3750,1999.9000,
	2026/04/30 12:01:48	,	292397	,	841	,10.514657,1999.9000,-0.26924741,-1191.0139,594920.5000,41.469,605077.3750,1999.9000,
	2026/04/30 12:01:48	,	293397	,	842	,10.514667,1999.9000,-0.26891759,-1190.8455,594931.7500,41.469,604937.1875,1999.9000,
	2026/04/30 12:01:48	,	294397	,	843	,10.514685,1999.9000,-0.26479164,-1190.8046,594944.6875,41.467,604903.0625,1999.9000,
	2026/04/30 12:01:48	,	295397	,	844	,10.514710,1999.9000,-0.26376435,-1190.9694,594956.6875,41.460,604797.0625,1999.9000,
	2026/04/30 12:01:48	,	296397	,	845	,10.514736,1999.9000,-0.25993881,-1191.1067,595141.9375,41.455,604765.6250,1999.9000,
	2026/04/30 12:01:48	,	297397	,	846	,10.514759,1999.9000,-0.25371206,-1191.2212,595429.7500,41.451,604739.4375,1999.9000,
	2026/04/30 12:01:48	,	298397	,	847	,10.514777,1999.9000,-0.24812815,-1191.3165,595537.6250,41.447,604726.3750,1999.9000,
	2026/04/30 12:01:48	,	299397	,	848	,10.514792,1999.9000,-0.24717334,-1191.3960,595537.6250,41.444,604718.5625,1999.9000,
	2026/04/30 12:01:48	,	300397	,	849	,10.514805,1999.9000,-0.24685508,-1191.4623,595537.6250,41.443,604713.3750,1999.9000,
	2026/04/30 12:01:48	,	301397	,	850	,10.514810,1999.9000,-0.24669594,-1191.1195,595537.6250,41.446,604709.0000,1999.9000,
	2026/04/30 12:01:48	,	302397	,	851	,10.514815,1999.9000,-0.24660045,-1190.7345,595537.6250,41.444,604713.0000,1999.9000,
	2026/04/30 12:01:48	,	303397	,	852	,10.514809,1999.9000,-0.24653679,-1190.4136,595443.4375,41.442,604794.0625,1999.9000,
	2026/04/30 12:01:48	,	304397	,	853	,10.514789,1999.9000,-0.24682827,-1190.1462,595425.5625,41.441,604821.5000,1999.9000,
	2026/04/30 12:01:48	,	305397	,	854	,10.514771,1999.9000,-0.25015122,-1190.6196,595413.6250,41.441,604916.6250,1999.9000,
	2026/04/30 12:01:48	,	306397	,	855	,10.514762,1999.9000,-0.25243896,-1191.2131,595298.0625,41.440,604950.5000,1999.9000,
	2026/04/30 12:01:48	,	307397	,	856	,10.514754,1999.9000,-0.25816783,-1191.7078,595057.3750,41.440,605052.5000,1999.9000,
	2026/04/30 12:01:48	,	308397	,	857	,10.514743,1999.9000,-0.26380217,-1192.0205,594859.0000,41.444,605052.5000,1999.9000,
	2026/04/30 12:01:48	,	309397	,	858	,10.514732,1999.9000,-0.26380217,-1192.1818,594859.0000,41.446,605052.5000,1999.9000,
	2026/04/30 12:01:48	,	310397	,	859	,10.514729,1999.9000,-0.26380217,-1192.4154,594859.0000,41.445,605052.5000,1999.9000,
	2026/04/30 12:01:48	,	311397	,	860	,10.514722,1999.9000,-0.26380217,-1192.6102,594859.0000,41.447,605052.5000,1999.9000,
	2026/04/30 12:01:48	,	312397	,	861	,10.514721,1999.9000,-0.26380217,-1192.7726,594859.0000,41.449,605049.9375,1999.9000,
	2026/04/30 12:01:48	,	313397	,	862	,10.514725,1999.9000,-0.26351121,-1192.9078,594947.7500,41.450,605036.6875,1999.9000,
	2026/04/30 12:01:48	,	314397	,	863	,10.514729,1999.9000,-0.25946614,-1193.0205,594970.0625,41.451,604904.0000,1999.9000,
	2026/04/30 12:01:48	,	315397	,	864	,10.514736,1999.9000,-0.25702080,-1192.9155,594982.6250,41.452,604872.8750,1999.9000,
	2026/04/30 12:01:48	,	316397	,	865	,10.514744,1999.9000,-0.25454399,-1192.5295,595073.4375,41.453,604770.5000,1999.9000,
	2026/04/30 12:01:48	,	317397	,	866	,10.514749,1999.9000,-0.24895376,-1192.2080,595326.0625,41.453,604738.1250,1999.9000,
	2026/04/30 12:01:48	,	318397	,	867	,10.514754,1999.9000,-0.24296650,-1191.8405,595570.3750,41.451,604727.3750,1999.9000,
	2026/04/30 12:01:48	,	319397	,	868	,10.514758,1999.9000,-0.24296650,-1191.5342,595570.3750,41.452,604722.0000,1999.9000,
	2026/04/30 12:01:48	,	320397	,	869	,10.514761,1999.9000,-0.24296650,-1191.2789,595570.3750,41.453,604718.8125,1999.9000,
	2026/04/30 12:01:48	,	321397	,	870	,10.514749,1999.9000,-0.24296650,-1191.1656,595570.3750,41.455,604716.6250,1999.9000,
	2026/04/30 12:01:48	,	322397	,	871	,10.514739,1999.9000,-0.24296650,-1190.4745,595570.3750,41.452,604716.1250,1999.9000,
	2026/04/30 12:01:48	,	323397	,	872	,10.514745,1999.9000,-0.24318078,-1189.7991,595444.6250,41.448,604728.3125,1999.9000,
	2026/04/30 12:01:48	,	324397	,	873	,10.514750,1999.9000,-0.24715759,-1189.2362,595417.5000,41.445,604851.3750,1999.9000,
	2026/04/30 12:01:48	,	325397	,	874	,10.514729,1999.9000,-0.24986759,-1188.8666,595405.0625,41.444,604881.8750,1999.9000,
	2026/04/30 12:01:48	,	326397	,	875	,10.514713,1999.9000,-0.25247049,-1188.6581,595391.1875,41.443,604975.8125,1999.9000,
	2026/04/30 12:01:48	,	327397	,	876	,10.514699,1999.9000,-0.25789684,-1188.9817,595163.4375,41.447,605008.4375,1999.9000,
	2026/04/30 12:01:48	,	328397	,	877	,10.514693,1999.9000,-0.26489246,-1189.0524,594874.4375,41.450,605026.1875,1999.9000,
	2026/04/30 12:01:48	,	329397	,	878	,10.514703,1999.9000,-0.26523912,-1189.1113,594874.4375,41.448,605035.0000,1999.9000,
	2026/04/30 12:01:48	,	330397	,	879	,10.514709,1999.9000,-0.26535466,-1189.1605,594874.4375,41.446,605040.3750,1999.9000,
	2026/04/30 12:01:48	,	331397	,	880	,10.514715,1999.9000,-0.26541242,-1189.2014,594874.4375,41.445,605043.8750,1999.9000,
	2026/04/30 12:01:48	,	332397	,	881	,10.514721,1999.9000,-0.26544708,-1189.6334,594874.4375,41.446,605046.8125,1999.9000,
	2026/04/30 12:01:48	,	333397	,	882	,10.514725,1999.9000,-0.26547018,-1190.0929,594885.5000,41.450,605038.2500,1999.9000,
	2026/04/30 12:01:48	,	334397	,	883	,10.514729,1999.9000,-0.26222658,-1190.4757,594999.0000,41.456,604928.1250,1999.9000,
	2026/04/30 12:01:48	,	335397	,	884	,10.514731,1999.9000,-0.25920144,-1190.6953,595007.5625,41.459,604898.1875,1999.9000,
	2026/04/30 12:01:48	,	336397	,	885	,10.514733,1999.9000,-0.25645360,-1190.9778,595019.0000,41.457,604797.0625,1999.9000,
	2026/04/30 12:01:48	,	337397	,	886	,10.514736,1999.9000,-0.25136128,-1191.4121,595220.5625,41.454,604765.6250,1999.9000,
	2026/04/30 12:01:48	,	338397	,	887	,10.514732,1999.9000,-0.24392447,-1191.5752,595525.0625,41.445,604747.7500,1999.9000,
	2026/04/30 12:01:48	,	339397	,	888	,10.514729,1999.9000,-0.23971447,-1191.7111,595525.0625,41.438,604738.7500,1999.9000,
	2026/04/30 12:01:48	,	340397	,	889	,10.514722,1999.9000,-0.23971447,-1191.8243,595525.0625,41.432,604733.3750,1999.9000,
	2026/04/30 12:01:48	,	341397	,	890	,10.514716,1999.9000,-0.23971447,-1191.7197,595525.0625,41.427,604729.8125,1999.9000,
	2026/04/30 12:01:48	,	342397	,	891	,10.514711,1999.9000,-0.23971447,-1191.6326,595525.0625,41.418,604726.8125,1999.9000,
	2026/04/30 12:01:48	,	343397	,	892	,10.514707,1999.9000,-0.23971447,-1191.5599,595517.4375,41.411,604735.1875,1999.9000,
	2026/04/30 12:01:48	,	344397	,	893	,10.514703,1999.9000,-0.24263878,-1191.8972,595405.9375,41.405,604832.1250,1999.9000,
	2026/04/30 12:01:48	,	345397	,	894	,10.514715,1999.9000,-0.24541183,-1192.1783,595395.8125,41.409,604862.8750,1999.9000,
	2026/04/30 12:01:48	,	346397	,	895	,10.514725,1999.9000,-0.24812815,-1192.4126,595387.0000,41.412,604949.2500,1999.9000,
	2026/04/30 12:01:48	,	347397	,	896	,10.514733,1999.9000,-0.25272259,-1192.8068,595256.3125,41.415,604983.3750,1999.9000,
	2026/04/30 12:01:48	,	348397	,	897	,10.514740,1999.9000,-0.26058796,-1193.1353,594985.2500,41.417,605070.0625,1999.9000,
	2026/04/30 12:01:48	,	349397	,	898	,10.514747,1999.9000,-0.26715502,-1193.4089,594945.6250,41.419,605070.0625,1999.9000,
	2026/04/30 12:01:48	,	350397	,	899	,10.514742,1999.9000,-0.26715502,-1193.6371,594932.3750,41.421,605070.0625,1999.9000,
	2026/04/30 12:01:48	,	351397	,	900	,10.514737,1999.9000,-0.26715502,-1193.8271,594925.7500,41.422,605070.0625,1999.9000,
	2026/04/30 12:01:48	,	352397	,	901	,10.514733,1999.9000,-0.26715502,-1193.7865,594921.8125,41.428,605070.0625,1999.9000,
	2026/04/30 12:01:48	,	353397	,	902	,10.514725,1999.9000,-0.26715502,-1193.7527,594919.1875,41.430,605058.9375,1999.9000,
	2026/04/30 12:01:48	,	354397	,	903	,10.514713,1999.9000,-0.26683360,-1193.7246,594930.7500,41.431,604938.4375,1999.9000,
	2026/04/30 12:01:48	,	355397	,	904	,10.514703,1999.9000,-0.26256061,-1193.7013,594930.7500,41.432,604909.7500,1999.9000,
	2026/04/30 12:01:48	,	356397	,	905	,10.514695,1999.9000,-0.26036108,-1193.6816,595015.0625,41.433,604812.1875,1999.9000,
	2026/04/30 12:01:48	,	357397	,	906	,10.514693,1999.9000,-0.25698930,-1193.5659,595017.7500,41.434,604778.6875,1999.9000,
	2026/04/30 12:01:48	,	358397	,	907	,10.514688,1999.9000,-0.25001886,-1193.4695,595137.1875,41.436,604684.1250,1999.9000,
	2026/04/30 12:01:48	,	359397	,	908	,10.514683,1999.9000,-0.24388036,-1193.3890,595422.0000,41.441,604684.1250,1999.9000,
	2026/04/30 12:01:48	,	360397	,	909	,10.514673,1999.9000,-0.24362195,-1193.3220,595537.0000,41.445,604684.1250,1999.9000,
	2026/04/30 12:01:48	,	361397	,	910	,10.514670,1999.9000,-0.24353582,-1193.2662,595537.0000,41.450,604684.1250,1999.9000,
	2026/04/30 12:01:48	,	362397	,	911	,10.514678,1999.9000,-0.24349275,-1193.2197,595537.0000,41.455,604684.1250,1999.9000,
	2026/04/30 12:01:48	,	363397	,	912	,10.514684,1999.9000,-0.24346691,-1193.1809,595537.0000,41.459,604692.4375,1999.9000,
	2026/04/30 12:01:48	,	364397	,	913	,10.514688,1999.9000,-0.24344970,-1193.1486,595537.0000,41.462,604801.3125,1999.9000,
	2026/04/30 12:01:48	,	365397	,	914	,10.514693,1999.9000,-0.24371263,-1193.1216,595443.4375,41.466,604826.3750,1999.9000,
	2026/04/30 12:01:48	,	366397	,	915	,10.514697,1999.9000,-0.24635088,-1192.9003,595419.8750,41.469,604914.2500,1999.9000,
	2026/04/30 12:01:48	,	367397	,	916	,10.514700,1999.9000,-0.24736556,-1192.7158,595406.0625,41.473,604951.4375,1999.9000,
	2026/04/30 12:01:48	,	368397	,	917	,10.514703,1999.9000,-0.25428557,-1192.5620,595309.9375,41.476,605067.0625,1999.9000,
	2026/04/30 12:01:48	,	369397	,	918	,10.514706,1999.9000,-0.26019719,-1192.6329,595081.1875,41.478,605067.0625,1999.9000,
	2026/04/30 12:01:48	,	370397	,	919	,10.514707,1999.9000,-0.26019719,-1192.7915,594876.2500,41.479,605067.0625,1999.9000,
	2026/04/30 12:01:48	,	371397	,	920	,10.514709,1999.9000,-0.26019719,-1192.9235,594876.2500,41.478,605067.0625,1999.9000,
	2026/04/30 12:01:48	,	372397	,	921	,10.514709,1999.9000,-0.26019719,-1193.0336,594876.2500,41.473,605067.0625,1999.9000,
	2026/04/30 12:01:48	,	373397	,	922	,10.514710,1999.9000,-0.26019719,-1193.0258,594876.2500,41.467,605058.9375,1999.9000,
	2026/04/30 12:01:48	,	374397	,	923	,10.514711,1999.9000,-0.26002702,-1192.9199,594876.2500,41.459,604939.0000,1999.9000,
	2026/04/30 12:01:48	,	375397	,	924	,10.514712,1999.9000,-0.25699559,-1192.8315,594966.2500,41.453,604903.6875,1999.9000,
	2026/04/30 12:01:48	,	376397	,	925	,10.514724,1999.9000,-0.25615108,-1192.7581,594985.8750,41.447,604807.9375,1999.9000,
	2026/04/30 12:01:48	,	377397	,	926	,10.514732,1999.9000,-0.25615108,-1192.6967,594995.8125,41.443,604775.6250,1999.9000,
	2026/04/30 12:01:48	,	378397	,	927	,10.514745,1999.9000,-0.24824160,-1192.5461,595014.0625,41.439,604685.3125,1999.9000,
	2026/04/30 12:01:48	,	379397	,	928	,10.514755,1999.9000,-0.24242449,-1192.4207,595296.8750,41.443,604685.3125,1999.9000,
	2026/04/30 12:01:48	,	380397	,	929	,10.514763,1999.9000,-0.24242449,-1192.2167,595587.6250,41.452,604685.3125,1999.9000,
	2026/04/30 12:01:48	,	381397	,	930	,10.514785,1999.9000,-0.24242449,-1192.0466,595587.6250,41.459,604685.3125,1999.9000,
	2026/04/30 12:01:48	,	382397	,	931	,10.514798,1999.9000,-0.24242449,-1192.0043,595587.6250,41.465,604685.3125,1999.9000,
	2026/04/30 12:01:48	,	383397	,	932	,10.514810,1999.9000,-0.24242449,-1191.9692,595587.6250,41.471,604691.1875,1999.9000,
	2026/04/30 12:01:48	,	384397	,	933	,10.514820,1999.9000,-0.24242449,-1191.9398,595587.6250,41.478,604788.0000,1999.9000,
	2026/04/30 12:01:48	,	385397	,	934	,10.514833,1999.9000,-0.24589081,-1191.9155,595475.0000,41.482,604812.1250,1999.9000,
	2026/04/30 12:01:48	,	386397	,	935	,10.514853,1999.9000,-0.24904831,-1191.8953,595447.0000,41.485,604894.3125,1999.9000,
	2026/04/30 12:01:48	,	387397	,	936	,10.514870,1999.9000,-0.25185287,-1191.5798,595429.3750,41.481,604928.3750,1999.9000,
	2026/04/30 12:01:48	,	388397	,	937	,10.514870,1999.9000,-0.25443682,-1191.2175,595410.5000,41.475,605038.6875,1999.9000,
	2026/04/30 12:01:48	,	389397	,	938	,10.514854,1999.9000,-0.26000181,-1190.7167,595193.1875,41.469,605038.6875,1999.9000,
	2026/04/30 12:01:48	,	390397	,	939	,10.514821,1999.9000,-0.26711723,-1190.2993,594908.3750,41.464,605038.6875,1999.9000,
	2026/04/30 12:01:48	,	391397	,	940	,10.514794,1999.9000,-0.27110031,-1189.9514,594908.3750,41.461,605038.6875,1999.9000,
	2026/04/30 12:01:48	,	392397	,	941	,10.514782,1999.9000,-0.27110031,-1189.8605,594908.3750,41.459,605038.6875,1999.9000,
	2026/04/30 12:01:48	,	393397	,	942	,10.514771,1999.9000,-0.27110031,-1189.7848,594908.3750,41.459,605038.0625,1999.9000,
	2026/04/30 12:01:48	,	394397	,	943	,10.514751,1999.9000,-0.27110031,-1189.7217,594908.3750,41.454,605026.3125,1999.9000,
	2026/04/30 12:01:48	,	395397	,	944	,10.514736,1999.9000,-0.27110031,-1189.6689,594909.3750,41.450,604904.5625,1999.9000,
	2026/04/30 12:01:48	,	396397	,	945	,10.514713,1999.9000,-0.26839659,-1190.0231,594920.6875,41.451,604867.7500,1999.9000,
	2026/04/30 12:01:48	,	397397	,	946	,10.514694,1999.9000,-0.26591349,-1190.3181,595002.5000,41.456,604759.0000,1999.9000,
	2026/04/30 12:01:48	,	398397	,	947	,10.514688,1999.9000,-0.25829390,-1190.7629,595187.2500,41.468,604731.8125,1999.9000,
	2026/04/30 12:01:48	,	399397	,	948	,10.514688,1999.9000,-0.25829390,-1191.1337,595187.2500,41.468,604722.7500,1999.9000,
	2026/04/30 12:01:48	,	400397	,	949	,10.514688,1999.9000,-0.25095162,-1191.4426,595481.5625,41.474,604718.2500,1999.9000,
	2026/04/30 12:01:48	,	401397	,	950	,10.514688,1999.9000,-0.24543703,-1191.5011,595486.9375,41.479,604715.5000,1999.9000,
	2026/04/30 12:01:48	,	402397	,	951	,10.514688,1999.9000,-0.24543703,-1191.5498,595488.7500,41.480,604713.7500,1999.9000,
	2026/04/30 12:01:48	,	403397	,	952	,10.514703,1999.9000,-0.24543703,-1191.5903,595489.6250,41.480,604713.0000,1999.9000,
	2026/04/30 12:01:48	,	404397	,	953	,10.514714,1999.9000,-0.24543703,-1191.7236,595490.1875,41.480,604723.2500,1999.9000,
	2026/04/30 12:01:48	,	405397	,	954	,10.514725,1999.9000,-0.24543703,-1191.8348,595490.5625,41.471,604831.5000,1999.9000,
	2026/04/30 12:01:48	,	406397	,	955	,10.514733,1999.9000,-0.24574374,-1191.9275,595409.5000,41.464,604861.3750,1999.9000,
	2026/04/30 12:01:48	,	407397	,	956	,10.514730,1999.9000,-0.24961551,-1191.9052,595393.0625,41.460,604961.9375,1999.9000,
	2026/04/30 12:01:48	,	408397	,	957	,10.514728,1999.9000,-0.25183395,-1191.8865,595379.0625,41.452,604991.8750,1999.9000,
	2026/04/30 12:01:48	,	409397	,	958	,10.514721,1999.9000,-0.25622040,-1191.9705,595245.0625,41.445,605011.4375,1999.9000,
	2026/04/30 12:01:48	,	410397	,	959	,10.514714,1999.9000,-0.26356268,-1192.0404,594987.6250,41.439,605021.3125,1999.9000,
	2026/04/30 12:01:48	,	411397	,	960	,10.514709,1999.9000,-0.26794282,-1192.0986,594905.3750,41.439,605027.1875,1999.9000,
	2026/04/30 12:01:48	,	412397	,	961	,10.514706,1999.9000,-0.26794282,-1192.3462,594905.3750,41.439,605031.0625,1999.9000,
	2026/04/30 12:01:48	,	413397	,	962	,10.514703,1999.9000,-0.26794282,-1192.5525,594905.3750,41.445,605031.0625,1999.9000,
	2026/04/30 12:01:48	,	414397	,	963	,10.514699,1999.9000,-0.26794282,-1192.7244,594905.3750,41.451,605034.3750,1999.9000,
	2026/04/30 12:01:48	,	415397	,	964	,10.514688,1999.9000,-0.26794282,-1192.7682,594905.3750,41.457,605024.5625,1999.9000,
	2026/04/30 12:01:48	,	416397	,	965	,10.514679,1999.9000,-0.26421812,-1192.9042,594990.6250,41.462,604920.8750,1999.9000,
	2026/04/30 12:01:48	,	417397	,	966	,10.514670,1999.9000,-0.26076442,-1193.0175,595002.8125,41.465,604888.8125,1999.9000,
	2026/04/30 12:01:48	,	418397	,	967	,10.514664,1999.9000,-0.25790942,-1193.0125,595010.6875,41.468,604786.1875,1999.9000,
	2026/04/30 12:01:48	,	419397	,	968	,10.514658,1999.9000,-0.25381920,-1193.0082,595119.9375,41.471,604758.6875,1999.9000,
	2026/04/30 12:01:48	,	420397	,	969	,10.514653,1999.9000,-0.24649583,-1193.0046,595388.6250,41.473,604739.2500,1999.9000,
	2026/04/30 12:01:48	,	421397	,	970	,10.514654,1999.9000,-0.24047707,-1192.8027,595537.0000,41.474,604729.5625,1999.9000,
	2026/04/30 12:01:48	,	422397	,	971	,10.514669,1999.9000,-0.24047707,-1192.6346,595537.0000,41.474,604723.7500,1999.9000,
	2026/04/30 12:01:48	,	423397	,	972	,10.514667,1999.9000,-0.24047707,-1192.4945,595537.0000,41.474,604719.8125,1999.9000,
	2026/04/30 12:01:48	,	424397	,	973	,10.514665,1999.9000,-0.24047707,-1191.8801,595537.0000,41.473,604716.6250,1999.9000,
	2026/04/30 12:01:48	,	425397	,	974	,10.514678,1999.9000,-0.24047707,-1191.3683,595537.0000,41.472,604724.2500,1999.9000,
	2026/04/30 12:01:48	,	426397	,	975	,10.514688,1999.9000,-0.24318078,-1191.1409,595433.3125,41.471,604827.2500,1999.9000,
	2026/04/30 12:01:48	,	427397	,	976	,10.514698,1999.9000,-0.24585928,-1190.9512,595408.3125,41.474,604851.6875,1999.9000,
	2026/04/30 12:01:48	,	428397	,	977	,10.514691,1999.9000,-0.24821007,-1190.7931,595394.2500,41.481,604948.0625,1999.9000,
	2026/04/30 12:01:48	,	429397	,	978	,10.514685,1999.9000,-0.25140539,-1190.6614,595309.9375,41.486,604981.0000,1999.9000,
	2026/04/30 12:01:48	,	430397	,	979	,10.514666,1999.9000,-0.25838211,-1190.5516,595096.0625,41.490,605084.5625,1999.9000,
	2026/04/30 12:01:48	,	431397	,	980	,10.514649,1999.9000,-0.26529583,-1190.4602,594842.8750,41.494,605084.5625,1999.9000,
	2026/04/30 12:01:48	,	432397	,	981	,10.514636,1999.9000,-0.26544708,-1190.3840,594842.8750,41.497,605084.5625,1999.9000,
	2026/04/30 12:01:48	,	433397	,	982	,10.514630,1999.9000,-0.26549751,-1190.4199,594842.8750,41.501,605084.5625,1999.9000,
	2026/04/30 12:01:48	,	434397	,	983	,10.514620,1999.9000,-0.26552272,-1190.4500,594842.8750,41.504,605084.5625,1999.9000,
	2026/04/30 12:01:48	,	435397	,	984	,10.514611,1999.9000,-0.26553783,-1190.6738,594842.8750,41.507,605072.2500,1999.9000,
	2026/04/30 12:01:48	,	436397	,	985	,10.514600,1999.9000,-0.26554793,-1190.8605,594952.5000,41.509,604934.1250,1999.9000,
	2026/04/30 12:01:48	,	437397	,	986	,10.514585,1999.9000,-0.26240304,-1191.1154,594973.3750,41.507,604901.2500,1999.9000,
	2026/04/30 12:01:48	,	438397	,	987	,10.514556,1999.9000,-0.25978756,-1191.3279,594980.6875,41.505,604797.6250,1999.9000,
	2026/04/30 12:01:48	,	439397	,	988	,10.514503,1999.9000,-0.25716576,-1191.6045,594996.1250,41.509,604767.1875,1999.9000,
	2026/04/30 12:01:48	,	440397	,	989	,10.514459,1999.9000,-0.25119111,-1191.8348,595267.6875,41.506,604684.1250,1999.9000,
	2026/04/30 12:01:48	,	441397	,	990	,10.514413,1999.9000,-0.24514084,-1192.0269,595575.1250,41.503,604684.1250,1999.9000,
	2026/04/30 12:01:48	,	442397	,	991	,10.514374,1999.9000,-0.24460196,-1192.0874,595575.1250,41.498,604684.1250,1999.9000,
	2026/04/30 12:01:48	,	443397	,	992	,10.514332,1999.9000,-0.24442235,-1191.9390,595575.1250,41.494,604684.1250,1999.9000,
	2026/04/30 12:01:48	,	444397	,	993	,10.514297,1999.9000,-0.24433254,-1191.6162,595575.1250,41.489,604684.1250,1999.9000,
	2026/04/30 12:01:48	,	445397	,	994	,10.514269,1999.9000,-0.24427864,-1191.3473,595575.1250,41.487,604692.1875,1999.9000,
	2026/04/30 12:01:48	,	446397	,	995	,10.514245,1999.9000,-0.24424273,-1191.1233,595470.8750,41.485,604796.5000,1999.9000,
	2026/04/30 12:01:48	,	447397	,	996	,10.514224,1999.9000,-0.24458042,-1190.9364,595437.5000,41.483,604822.1250,1999.9000,
	2026/04/30 12:01:48	,	448397	,	997	,10.514177,1999.9000,-0.24763657,-1190.4824,595420.8125,41.482,604915.4375,1999.9000,
	2026/04/30 12:01:48	,	449397	,	998	,10.514132,1999.9000,-0.24810924,-1190.2035,595406.8125,41.481,604949.8750,1999.9000,
	2026/04/30 12:01:48	,	450397	,	999	,10.514055,1999.9000,-0.25250831,-1190.0706,595212.8125,41.475,605060.3750,1999.9000,
	2026/04/30 12:01:48	,	451397	,	1000	,10.513983,1999.9000,-0.25287700,-1190.0593,594923.2500,41.471,605060.3750,1999.9000,
	2026/04/30 12:01:48	,	452397	,	1001	,10.513910,1999.9000,-0.25299990,-1190.1493,594923.2500,41.468,605060.3750,1999.9000,
	2026/04/30 12:01:48	,	453397	,	1002	,10.513846,1999.9000,-0.25306132,-1190.3239,594923.2500,41.466,605060.3750,1999.9000,
	2026/04/30 12:01:48	,	454397	,	1003	,10.513788,1999.9000,-0.25309822,-1190.4692,594923.2500,41.460,605060.3750,1999.9000,
	2026/04/30 12:01:48	,	455397	,	1004	,10.513719,1999.9000,-0.25312278,-1190.6899,594923.2500,41.450,605054.1250,1999.9000,
	2026/04/30 12:01:48	,	456397	,	1005	,10.513647,1999.9000,-0.24716389,-1190.9734,594925.0000,41.442,604946.8125,1999.9000,
	2026/04/30 12:01:48	,	457397	,	1006	,10.513581,1999.9000,-0.24150434,-1191.6073,594936.9375,41.435,604913.9375,1999.9000,
	2026/04/30 12:01:48	,	458397	,	1007	,10.513507,1999.9000,-0.23626707,-1192.3346,594950.3125,41.430,604804.3125,1999.9000,
	2026/04/30 12:01:48	,	459397	,	1008	,10.513441,1999.9000,-0.23121256,-1192.9408,595035.3125,41.425,604772.0625,1999.9000,
	2026/04/30 12:01:48	,	460397	,	1009	,10.513371,1999.9000,-0.22334719,-1193.2469,595182.4375,41.426,604745.7500,1999.9000,
	2026/04/30 12:01:48	,	461397	,	1010	,10.513297,1999.9000,-0.21337053,-1193.5021,595481.5625,41.426,604732.5625,1999.9000,
	2026/04/30 12:01:48	,	462397	,	1011	,10.513217,1999.9000,-0.20478038,-1193.7146,595498.2500,41.427,604724.6875,1999.9000,
	2026/04/30 12:01:48	,	463397	,	1012	,10.513139,1999.9000,-0.19800532,-1193.7924,595503.8125,41.427,604719.4375,1999.9000,
	2026/04/30 12:01:48	,	464397	,	1013	,10.513054,1999.9000,-0.19302014,-1193.8571,595506.5625,41.428,604715.0000,1999.9000,
	2026/04/30 12:01:48	,	465397	,	1014	,10.512979,1999.9000,-0.19053070,-1193.8571,595508.1875,41.428,604713.6250,1999.9000,
	2026/04/30 12:01:48	,	466397	,	1015	,10.512906,1999.9000,-0.18965468,-1193.3142,595509.3125,41.427,604724.5000,1999.9000,
	2026/04/30 12:01:48	,	467397	,	1016	,10.512792,1999.9000,-0.18633960,-1192.6627,595420.8125,41.425,604846.5625,1999.9000,
	2026/04/30 12:01:48	,	468397	,	1017	,10.512666,1999.9000,-0.18337750,-1192.1200,595401.5000,41.426,604876.1875,1999.9000,
	2026/04/30 12:01:48	,	469397	,	1018	,10.512561,1999.9000,-0.17983556,-1191.4688,595385.6875,41.425,604978.8750,1999.9000,
	2026/04/30 12:01:48	,	470397	,	1019	,10.512394,1999.9000,-0.17959923,-1190.9259,595268.8125,41.424,605013.0000,1999.9000,
	2026/04/30 12:01:48	,	471397	,	1020	,10.512251,1999.9000,-0.17940280,-1190.4736,595025.7500,41.423,605024.3750,1999.9000,
	2026/04/30 12:01:48	,	472397	,	1021	,10.512080,1999.9000,-0.17910607,-1190.0968,594878.0000,41.423,605030.0625,1999.9000,
	2026/04/30 12:01:48	,	473397	,	1022	,10.511934,1999.9000,-0.17670958,-1189.7827,594878.0000,41.422,605033.5000,1999.9000,
	2026/04/30 12:01:48	,	474397	,	1023	,10.511803,1999.9000,-0.17234203,-1189.5210,594878.0000,41.422,605035.7500,1999.9000,
	2026/04/30 12:01:48	,	475397	,	1024	,10.511803,1999.9000,-0.16516362,-1189.3029,594878.0000,41.422,605037.4375,1999.9000,
	2026/04/30 12:01:48	,	476397	,	1025	,10.511692,1999.9000,-0.15703355,-1189.1211,594878.0000,41.421,605025.8750,1999.9000,
	2026/04/30 12:01:48	,	477397	,	1026	,10.511570,1999.9000,-0.14982994,-1188.9696,594985.2500,41.421,604900.3125,1999.9000,
	2026/04/30 12:01:48	,	478397	,	1027	,10.511458,1999.9000,-0.14360949,-1188.8434,595006.1250,41.421,604867.1250,1999.9000,
	2026/04/30 12:01:48	,	479397	,	1028	,10.511356,1999.9000,-0.13832808,-1188.7383,595015.2500,41.421,604759.0000,1999.9000,
	2026/04/30 12:01:48	,	480397	,	1029	,10.511271,1999.9000,-0.13225889,-1188.6506,595096.0625,41.422,604722.7500,1999.9000,
	2026/04/30 12:01:48	,	481397	,	1030	,10.511155,1999.9000,-0.12346709,-1188.5776,595360.0625,41.423,604709.4375,1999.9000,
	2026/04/30 12:01:48	,	482397	,	1031	,10.511019,1999.9000,-0.11634538,-1188.9146,595567.3750,41.423,604702.8125,1999.9000,
	2026/04/30 12:01:48	,	483397	,	1032	,10.510875,1999.9000,-0.11338328,-1189.1954,595567.3750,41.422,604698.8750,1999.9000,
	2026/04/30 12:01:48	,	484397	,	1033	,10.510756,1999.9000,-0.11338328,-1189.4296,595567.3750,41.427,604696.1875,1999.9000,
	2026/04/30 12:01:48	,	485397	,	1034	,10.510645,1999.9000,-0.11338328,-1189.6246,595567.3750,41.432,604694.0625,1999.9000,
	2026/04/30 12:01:48	,	486397	,	1035	,10.510485,1999.9000,-0.11338328,-1189.7872,595567.3750,41.434,604703.0625,1999.9000,
	2026/04/30 12:01:48	,	487397	,	1036	,10.510345,1999.9000,-0.11338328,-1189.9225,595453.0000,41.436,604815.7500,1999.9000,
	2026/04/30 12:01:48	,	488397	,	1037	,10.510210,1999.9000,-0.11363749,-1190.0354,595424.6875,41.440,604846.8750,1999.9000,
	2026/04/30 12:01:48	,	489397	,	1038	,10.510094,1999.9000,-0.11593574,-1190.2290,595410.2500,41.441,604946.8125,1999.9000,
	2026/04/30 12:01:48	,	490397	,	1039	,10.509991,1999.9000,-0.11687794,-1190.3903,595327.3125,41.444,604983.3750,1999.9000,
	2026/04/30 12:01:48	,	491397	,	1040	,10.509850,1999.9000,-0.12327170,-1190.5247,595117.5625,41.446,605080.3125,1999.9000,
	2026/04/30 12:01:48	,	492397	,	1041	,10.509713,1999.9000,-0.12827580,-1190.8356,594836.3125,41.448,605080.3125,1999.9000,
	2026/04/30 12:01:48	,	493397	,	1042	,10.509579,1999.9000,-0.12827580,-1190.8958,594836.3125,41.449,605080.3125,1999.9000,
	2026/04/30 12:01:48	,	494397	,	1043	,10.509447,1999.9000,-0.12827580,-1190.9459,594836.3125,41.449,605080.3125,1999.9000,
	2026/04/30 12:01:48	,	495397	,	1044	,10.509307,1999.9000,-0.12827580,-1190.9877,594836.3125,41.450,605080.3125,1999.9000,
	2026/04/30 12:01:48	,	496397	,	1045	,10.509176,1999.9000,-0.12827580,-1191.0225,594836.3125,41.451,605068.3750,1999.9000,
	2026/04/30 12:01:48	,	497397	,	1046	,10.509033,1999.9000,-0.12801321,-1191.0514,594950.1250,41.451,604932.3750,1999.9000,
	2026/04/30 12:01:48	,	498397	,	1047	,10.508914,1999.9000,-0.12572332,-1191.0757,594973.6875,41.449,604898.1875,1999.9000,
	2026/04/30 12:01:48	,	499397	,	1048	,10.508699,1999.9000,-0.12566346,-1191.1952,594987.0625,41.447,604778.3750,1999.9000,
	2026/04/30 12:01:48	,	500397	,	1049	,10.508475,1999.9000,-0.12550484,-1191.2949,595005.8125,41.445,604749.3750,1999.9000,
	2026/04/30 12:01:48	,	501397	,	1050	,10.508275,1999.9000,-0.12112889,-1191.3781,595270.0625,41.458,604662.3750,1999.9000,
	2026/04/30 12:01:48	,	502397	,	1051	,10.508083,1999.9000,-0.11822980,-1191.6462,595564.3750,41.469,604662.3750,1999.9000,
	2026/04/30 12:01:48	,	503397	,	1052	,10.507913,1999.9000,-0.11822980,-1191.9692,595564.3750,41.477,604662.3750,1999.9000,
	2026/04/30 12:01:48	,	504397	,	1053	,10.507746,1999.9000,-0.11822980,-1192.4373,595564.3750,41.478,604662.3750,1999.9000,
	2026/04/30 12:01:48	,	505397	,	1054	,10.507592,1999.9000,-0.11822980,-1192.8273,595564.3750,41.479,604662.3750,1999.9000,
	2026/04/30 12:01:48	,	506397	,	1055	,10.507444,1999.9000,-0.11822980,-1192.9534,595564.3750,41.480,604674.1250,1999.9000,
	2026/04/30 12:01:48	,	507397	,	1056	,10.507287,1999.9000,-0.12149443,-1193.0583,595464.3125,41.481,604798.2500,1999.9000,
	2026/04/30 12:01:48	,	508397	,	1057	,10.507120,1999.9000,-0.12415404,-1193.0464,595430.3125,41.478,604822.7500,1999.9000,
	2026/04/30 12:01:48	,	509397	,	1058	,10.506956,1999.9000,-0.12516871,-1192.9371,595412.2500,41.476,604911.8125,1999.9000,
	2026/04/30 12:01:48	,	510397	,	1059	,10.506815,1999.9000,-0.12814975,-1192.4480,595397.8750,41.475,604948.6875,1999.9000,
	2026/04/30 12:01:48	,	511397	,	1060	,10.506647,1999.9000,-0.13342485,-1191.7421,595212.8125,41.473,605070.6250,1999.9000,
	2026/04/30 12:01:48	,	512397	,	1061	,10.506497,1999.9000,-0.13984697,-1191.1537,594932.8750,41.472,605070.6250,1999.9000,
	2026/04/30 12:01:48	,	513397	,	1062	,10.506364,1999.9000,-0.13984697,-1190.6635,594920.5625,41.471,605070.6250,1999.9000,
	2026/04/30 12:01:48	,	514397	,	1063	,10.506202,1999.9000,-0.13984697,-1190.2550,594916.5000,41.470,605070.6250,1999.9000,
	2026/04/30 12:01:48	,	515397	,	1064	,10.505992,1999.9000,-0.13984697,-1190.2130,594914.5000,41.471,605070.6250,1999.9000,
	2026/04/30 12:01:48	,	516397	,	1065	,10.505788,1999.9000,-0.13984697,-1190.1780,594913.2500,41.472,605062.6250,1999.9000,
	2026/04/30 12:01:48	,	517397	,	1066	,10.505613,1999.9000,-0.13965788,-1189.9498,594912.5000,41.474,604948.0625,1999.9000,
	2026/04/30 12:01:48	,	518397	,	1067	,10.505452,1999.9000,-0.13563697,-1189.9587,594994.2500,41.476,604915.4375,1999.9000,
	2026/04/30 12:01:48	,	519397	,	1068	,10.505229,1999.9000,-0.13317904,-1190.0656,595008.1875,41.477,604820.0625,1999.9000,
	2026/04/30 12:01:48	,	520397	,	1069	,10.505037,1999.9000,-0.13095431,-1190.5525,595018.6250,41.477,604782.3125,1999.9000,
	2026/04/30 12:01:48	,	521397	,	1070	,10.504859,1999.9000,-0.12574224,-1190.9581,595160.4375,41.472,604684.1250,1999.9000,
	2026/04/30 12:01:48	,	522397	,	1071	,10.504665,1999.9000,-0.11887895,-1190.9979,595442.2500,41.472,604684.1250,1999.9000,
	2026/04/30 12:01:48	,	523397	,	1072	,10.504429,1999.9000,-0.11386226,-1191.0310,595478.8125,41.464,604684.1250,1999.9000,
	2026/04/30 12:01:48	,	524397	,	1073	,10.504207,1999.9000,-0.11386226,-1191.0586,595491.1250,41.462,604684.1250,1999.9000,
	2026/04/30 12:01:48	,	525397	,	1074	,10.503928,1999.9000,-0.11386226,-1191.3800,595497.1875,41.462,604684.1250,1999.9000,
	2026/04/30 12:01:48	,	526397	,	1075	,10.503640,1999.9000,-0.11386226,-1191.6479,595500.8750,41.464,604688.7500,1999.9000,
	2026/04/30 12:01:48	,	527397	,	1076	,10.503381,1999.9000,-0.11386226,-1191.9706,595503.3125,41.466,604789.1875,1999.9000,
	2026/04/30 12:01:48	,	528397	,	1077	,10.503140,1999.9000,-0.11403242,-1192.2395,595490.5625,41.467,604815.4375,1999.9000,
	2026/04/30 12:01:48	,	529397	,	1078	,10.502930,1999.9000,-0.11635169,-1192.3641,595387.4375,41.469,604898.5000,1999.9000,
	2026/04/30 12:01:48	,	530397	,	1079	,10.502729,1999.9000,-0.11697247,-1192.4679,595375.5000,41.470,604930.5000,1999.9000,
	2026/04/30 12:01:48	,	531397	,	1080	,10.502514,1999.9000,-0.12128015,-1192.5544,595269.4375,41.471,605033.2500,1999.9000,
	2026/04/30 12:01:48	,	532397	,	1081	,10.502334,1999.9000,-0.12763925,-1192.6266,595021.6250,41.471,605037.1250,1999.9000,
	2026/04/30 12:01:48	,	533397	,	1082	,10.502084,1999.9000,-0.12797327,-1192.6866,594873.8750,41.472,605038.4375,1999.9000,
	2026/04/30 12:01:48	,	534397	,	1083	,10.501877,1999.9000,-0.12808463,-1192.7368,594873.8750,41.472,605039.1250,1999.9000,
	2026/04/30 12:01:48	,	535397	,	1084	,10.501683,1999.9000,-0.12814029,-1192.7786,594873.8750,41.471,605039.5625,1999.9000,
	2026/04/30 12:01:48	,	536397	,	1085	,10.501473,1999.9000,-0.12817371,-1192.8132,594873.8750,41.470,605039.8125,1999.9000,
	2026/04/30 12:01:48	,	537397	,	1086	,10.501233,1999.9000,-0.12819597,-1192.5438,594873.8750,41.470,605027.6875,1999.9000,
	2026/04/30 12:01:48	,	538397	,	1087	,10.500948,1999.9000,-0.12487251,-1192.3193,594972.7500,41.475,604906.3750,1999.9000,
	2026/04/30 12:01:48	,	539397	,	1088	,10.500711,1999.9000,-0.12186626,-1192.4307,594989.7500,41.480,604874.3125,1999.9000,
	2026/04/30 12:01:48	,	540397	,	1089	,10.500479,1999.9000,-0.11950919,-1192.6229,594999.6250,41.484,604767.4375,1999.9000,
	2026/04/30 12:01:48	,	541397	,	1090	,10.500220,1999.9000,-0.11546305,-1192.7831,595090.1250,41.481,604739.0625,1999.9000,
	2026/04/30 12:01:48	,	542397	,	1091	,10.499995,1999.9000,-0.10832875,-1192.9165,595325.4375,41.475,604717.9375,1999.9000,
	2026/04/30 12:01:48	,	543397	,	1092	,10.499733,1999.9000,-0.10268182,-1193.0278,595550.1250,41.474,604707.3750,1999.9000,
	2026/04/30 12:01:48	,	544397	,	1093	,10.499451,1999.9000,-0.10268182,-1193.1205,595550.1250,41.472,604701.0000,1999.9000,
	2026/04/30 12:01:48	,	545397	,	1094	,10.499174,1999.9000,-0.10268182,-1193.1976,595550.1250,41.468,604696.7500,1999.9000,
	2026/04/30 12:01:48	,	546397	,	1095	,10.498890,1999.9000,-0.10268182,-1193.2620,595550.1250,41.465,604693.3125,1999.9000,
	2026/04/30 12:01:48	,	547397	,	1096	,10.498629,1999.9000,-0.10268182,-1193.3157,595550.1250,41.462,604701.0625,1999.9000,
	2026/04/30 12:01:48	,	548397	,	1097	,10.498411,1999.9000,-0.10280894,-1193.1615,595441.0625,41.459,604797.0625,1999.9000,
	2026/04/30 12:01:48	,	549397	,	1098	,10.498180,1999.9000,-0.10533513,-1192.4360,595414.3125,41.457,604829.9375,1999.9000,
	2026/04/30 12:01:48	,	550397	,	1099	,10.497918,1999.9000,-0.10590234,-1191.7322,595397.3750,41.456,604944.4375,1999.9000,
	2026/04/30 12:01:48	,	551397	,	1100	,10.497684,1999.9000,-0.10864389,-1191.1456,595380.0000,41.456,604982.7500,1999.9000,
	2026/04/30 12:01:48	,	552397	,	1101	,10.497475,1999.9000,-0.11427820,-1190.6566,595141.3750,41.456,605075.5000,1999.9000,
	2026/04/30 12:01:48	,	553397	,	1102	,10.497280,1999.9000,-0.11806594,-1190.3486,594866.1250,41.456,605075.5000,1999.9000,
	2026/04/30 12:01:48	,	554397	,	1103	,10.497059,1999.9000,-0.11806594,-1189.9926,594866.1250,41.456,605075.5000,1999.9000,
	2026/04/30 12:01:48	,	555397	,	1104	,10.496864,1999.9000,-0.11806594,-1189.7953,594866.1250,41.455,605075.5000,1999.9000,
	2026/04/30 12:01:48	,	556397	,	1105	,10.496633,1999.9000,-0.11806594,-1190.0288,594866.1250,41.452,605075.5000,1999.9000,
	2026/04/30 12:01:48	,	557397	,	1106	,10.496334,1999.9000,-0.11806594,-1189.8254,594866.1250,41.444,605062.8125,1999.9000,
	2026/04/30 12:01:48	,	558397	,	1107	,10.496017,1999.9000,-0.11461855,-1189.6561,594946.5000,41.437,604920.8750,1999.9000,
	2026/04/30 12:01:48	,	559397	,	1108	,10.495693,1999.9000,-0.11158078,-1189.9128,594974.8125,41.431,604887.0625,1999.9000,
	2026/04/30 12:01:48	,	560397	,	1109	,10.495399,1999.9000,-0.11158078,-1190.4253,594987.0625,41.426,604780.1250,1999.9000,
	2026/04/30 12:01:48	,	561397	,	1110	,10.495108,1999.9000,-0.10890857,-1190.5538,595001.1875,41.422,604750.8750,1999.9000,
	2026/04/30 12:01:48	,	562397	,	1111	,10.494855,1999.9000,-0.10549899,-1190.5615,595234.9375,41.418,604724.3750,1999.9000,
	2026/04/30 12:01:48	,	563397	,	1112	,10.494592,1999.9000,-0.09849074,-1190.5679,595534.0000,41.416,604711.1250,1999.9000,
	2026/04/30 12:01:48	,	564397	,	1113	,10.494296,1999.9000,-0.09186064,-1190.5731,595534.0000,41.415,604703.1250,1999.9000,
	2026/04/30 12:01:48	,	565397	,	1114	,10.494021,1999.9000,-0.09083965,-1189.9807,595534.0000,41.419,604697.8750,1999.9000,
	2026/04/30 12:01:48	,	566397	,	1115	,10.493752,1999.9000,-0.09049931,-1189.4871,595534.0000,41.422,604697.8750,1999.9000,
	2026/04/30 12:01:48	,	567397	,	1116	,10.493526,1999.9000,-0.09032916,-1189.6726,595534.0000,41.423,604693.4375,1999.9000,
	2026/04/30 12:01:48	,	568397	,	1117	,10.493290,1999.9000,-0.09022707,-1189.8270,595526.4375,41.424,604701.1250,1999.9000,
	2026/04/30 12:01:48	,	569397	,	1118	,10.492984,1999.9000,-0.09015900,-1189.9558,595425.0000,41.425,604801.3125,1999.9000,
	2026/04/30 12:01:48	,	570397	,	1119	,10.492640,1999.9000,-0.09044470,-1189.9637,595410.0625,41.429,604830.9375,1999.9000,
	2026/04/30 12:01:48	,	571397	,	1120	,10.492297,1999.9000,-0.09346776,-1189.8707,595397.3750,41.432,604937.8125,1999.9000,
	2026/04/30 12:01:48	,	572397	,	1121	,10.491988,1999.9000,-0.09429967,-1189.8927,595243.2500,41.434,604967.7500,1999.9000,
	2026/04/30 12:01:48	,	573397	,	1122	,10.491651,1999.9000,-0.10030583,-1190.0105,594975.7500,41.437,605064.6250,1999.9000,
	2026/04/30 12:01:48	,	574397	,	1123	,10.491360,1999.9000,-0.10629309,-1190.2081,594948.0625,41.440,605064.6250,1999.9000,
	2026/04/30 12:01:48	,	575397	,	1124	,10.491096,1999.9000,-0.10629309,-1190.6714,594938.8125,41.443,605064.6250,1999.9000,
	2026/04/30 12:01:48	,	576397	,	1125	,10.490798,1999.9000,-0.10629309,-1191.3557,594934.1875,41.445,605064.6250,1999.9000,
	2026/04/30 12:01:48	,	577397	,	1126	,10.490525,1999.9000,-0.10629309,-1191.6276,594931.4375,41.447,605064.6250,1999.9000,
	2026/04/30 12:01:48	,	578397	,	1127	,10.490212,1999.9000,-0.10629309,-1191.5558,594929.6250,41.449,605054.0000,1999.9000,
	2026/04/30 12:01:48	,	579397	,	1128	,10.489888,1999.9000,-0.10325535,-1191.4958,594941.6250,41.450,604929.3125,1999.9000,
	2026/04/30 12:01:48	,	580397	,	1129	,10.489573,1999.9000,-0.10012307,-1191.4459,595025.1875,41.450,604898.5000,1999.9000,
	2026/04/30 12:01:48	,	581397	,	1130	,10.489269,1999.9000,-0.09743824,-1191.4044,595026.6250,41.449,604797.6250,1999.9000,
	2026/04/30 12:01:48	,	582397	,	1131	,10.488968,1999.9000,-0.09488579,-1191.1708,595138.3750,41.449,604768.0625,1999.9000,
	2026/04/30 12:01:48	,	583397	,	1132	,10.488642,1999.9000,-0.08931448,-1190.9761,595416.0625,41.447,604686.5000,1999.9000,
	2026/04/30 12:01:48	,	584397	,	1133	,10.488301,1999.9000,-0.08219279,-1190.7145,595528.0625,41.444,604686.5000,1999.9000,
	2026/04/30 12:01:48	,	585397	,	1134	,10.488003,1999.9000,-0.07771810,-1190.2974,595528.0625,41.442,604686.5000,1999.9000,
	2026/04/30 12:01:48	,	586397	,	1135	,10.487669,1999.9000,-0.07771810,-1189.9498,595528.0625,41.440,604686.5000,1999.9000,
	2026/04/30 12:01:48	,	587397	,	1136	,10.487271,1999.9000,-0.07771810,-1189.7598,595528.0625,41.438,604686.5000,1999.9000,
	2026/04/30 12:01:48	,	588397	,	1137	,10.486872,1999.9000,-0.07771810,-1189.7008,595528.0625,41.436,604695.0625,1999.9000,
	2026/04/30 12:01:48	,	589397	,	1138	,10.486478,1999.9000,-0.07771810,-1189.7511,595435.1250,41.435,604798.8750,1999.9000,
	2026/04/30 12:01:48	,	590397	,	1139	,10.486106,1999.9000,-0.07800487,-1189.7931,595411.8750,41.434,604826.6875,1999.9000,
	2026/04/30 12:01:48	,	591397	,	1140	,10.485725,1999.9000,-0.08061091,-1189.6292,595399.3750,41.430,604911.1875,1999.9000,
	2026/04/30 12:01:48	,	592397	,	1141	,10.485384,1999.9000,-0.08110563,-1189.4924,595309.9375,41.427,604943.8750,1999.9000,
	2026/04/30 12:01:48	,	593397	,	1142	,10.485055,1999.9000,-0.08525575,-1189.5775,595080.0000,41.429,605041.6250,1999.9000,
	2026/04/30 12:01:48	,	594397	,	1143	,10.484672,1999.9000,-0.09152032,-1190.0463,594875.6250,41.430,605041.6250,1999.9000,
	2026/04/30 12:01:48	,	595397	,	1144	,10.484279,1999.9000,-0.09152032,-1190.4370,594875.6250,41.432,605041.6250,1999.9000,
	2026/04/30 12:01:48	,	596397	,	1145	,10.483944,1999.9000,-0.09152032,-1190.7626,594875.6250,41.433,605041.6250,1999.9000,
	2026/04/30 12:01:48	,	597397	,	1146	,10.483617,1999.9000,-0.09152032,-1191.0338,594875.6250,41.434,605041.6250,1999.9000,
	2026/04/30 12:01:48	,	598397	,	1147	,10.483334,1999.9000,-0.09152032,-1191.0609,594875.6250,41.436,605039.3750,1999.9000,
	2026/04/30 12:01:48	,	599397	,	1148	,10.483058,1999.9000,-0.09149825,-1191.1831,594964.3750,41.444,604949.2500,1999.9000,
	2026/04/30 12:01:48	,	600397	,	1149	,10.482744,1999.9000,-0.08783972,-1191.3843,594984.9375,41.452,604916.6250,1999.9000,
	2026/04/30 12:01:48	,	601397	,	1150	,10.482448,1999.9000,-0.08472635,-1191.5519,594993.0000,41.461,604806.7500,1999.9000,
	2026/04/30 12:01:48	,	602397	,	1151	,10.482162,1999.9000,-0.08204154,-1191.5922,595010.6875,41.474,604771.4375,1999.9000,
	2026/04/30 12:01:48	,	603397	,	1152	,10.481888,1999.9000,-0.07756685,-1191.5261,595299.3125,41.485,604687.1250,1999.9000,
	2026/04/30 12:01:48	,	604397	,	1153	,10.481531,1999.9000,-0.07032542,-1191.5707,595581.6250,41.494,604687.1250,1999.9000,
	2026/04/30 12:01:48	,	605397	,	1154	,10.481168,1999.9000,-0.06450202,-1191.5083,595581.6250,41.501,604687.1250,1999.9000,
	2026/04/30 12:01:48	,	606397	,	1155	,10.480831,1999.9000,-0.06422472,-1191.4564,595581.6250,41.508,604687.1250,1999.9000,
	2026/04/30 12:01:48	,	607397	,	1156	,10.480515,1999.9000,-0.06413229,-1191.4131,595581.6250,41.510,604687.1250,1999.9000,
	2026/04/30 12:01:48	,	608397	,	1157	,10.480219,1999.9000,-0.06408606,-1191.3771,595581.6250,41.507,604688.7500,1999.9000,
	2026/04/30 12:01:48	,	609397	,	1158	,10.479877,1999.9000,-0.06405833,-1191.3469,595460.7500,41.502,604820.6250,1999.9000,
	2026/04/30 12:01:48	,	610397	,	1159	,10.479528,1999.9000,-0.06403984,-1191.3219,595428.8125,41.497,604820.6250,1999.9000,
	2026/04/30 12:01:48	,	611397	,	1160	,10.479194,1999.9000,-0.06430908,-1191.3010,595414.6250,41.494,604850.5000,1999.9000,
	2026/04/30 12:01:48	,	612397	,	1161	,10.478878,1999.9000,-0.06689061,-1191.5820,595400.6875,41.491,604949.8750,1999.9000,
	2026/04/30 12:01:48	,	613397	,	1162	,10.478481,1999.9000,-0.06935483,-1192.0150,595181.3125,41.488,604984.3125,1999.9000,
	2026/04/30 12:01:48	,	614397	,	1163	,10.478146,1999.9000,-0.07523496,-1192.4755,594902.5000,41.483,605002.4375,1999.9000,
	2026/04/30 12:01:48	,	615397	,	1164	,10.477792,1999.9000,-0.07784415,-1192.8591,594902.5000,41.482,605011.5000,1999.9000,
	2026/04/30 12:01:48	,	616397	,	1165	,10.477328,1999.9000,-0.07784415,-1193.1790,594902.5000,41.480,605016.9375,1999.9000,
	2026/04/30 12:01:48	,	617397	,	1166	,10.476932,1999.9000,-0.07784417,-1193.6443,594902.5000,41.481,605020.6250,1999.9000,
	2026/04/30 12:01:48	,	618397	,	1167	,10.476557,1999.9000,-0.07784415,-1193.8331,594902.5000,41.482,605023.6250,1999.9000,
	2026/04/30 12:01:48	,	619397	,	1168	,10.476180,1999.9000,-0.07784415,-1193.9906,594909.2500,41.482,605014.6875,1999.9000,
	2026/04/30 12:01:48	,	620397	,	1169	,10.475786,1999.9000,-0.07426440,-1194.1218,595000.1250,41.476,604907.6250,1999.9000,
	2026/04/30 12:01:48	,	621397	,	1170	,10.475344,1999.9000,-0.07110061,-1194.0321,595005.8125,41.472,604872.8750,1999.9000,
	2026/04/30 12:01:48	,	622397	,	1171	,10.474911,1999.9000,-0.06849142,-1193.8580,595015.6250,41.468,604758.3750,1999.9000,
	2026/04/30 12:01:48	,	623397	,	1172	,10.474500,1999.9000,-0.06513226,-1193.5139,595205.6875,41.464,604726.6250,1999.9000,
	2026/04/30 12:01:48	,	624397	,	1173	,10.474049,1999.9000,-0.05804839,-1193.2272,595503.6250,41.461,604708.6250,1999.9000,
	2026/04/30 12:01:48	,	625397	,	1174	,10.473613,1999.9000,-0.05135524,-1192.7893,595503.6250,41.459,604699.6250,1999.9000,
	2026/04/30 12:01:48	,	626397	,	1175	,10.473219,1999.9000,-0.04788264,-1192.2253,595503.6250,41.457,604694.2500,1999.9000,
	2026/04/30 12:01:48	,	627397	,	1176	,10.472803,1999.9000,-0.04788264,-1191.7556,595503.6250,41.460,604690.6250,1999.9000,
	2026/04/30 12:01:48	,	628397	,	1177	,10.472391,1999.9000,-0.04788264,-1191.5629,595503.6250,41.466,604687.6250,1999.9000,
	2026/04/30 12:01:48	,	629397	,	1178	,10.472013,1999.9000,-0.04788264,-1191.4023,595503.5625,41.470,604695.1875,1999.9000,
	2026/04/30 12:01:48	,	630397	,	1179	,10.471684,1999.9000,-0.04788266,-1191.2686,595491.1875,41.474,604792.1875,1999.9000,
	2026/04/30 12:01:48	,	631397	,	1180	,10.471264,1999.9000,-0.04815365,-1191.1571,595408.3125,41.477,604823.9375,1999.9000,
	2026/04/30 12:01:48	,	632397	,	1181	,10.470840,1999.9000,-0.05087626,-1191.0642,595396.9375,41.480,604927.5625,1999.9000,
	2026/04/30 12:01:48	,	633397	,	1182	,10.470458,1999.9000,-0.05180901,-1190.9868,595262.3125,41.484,604962.3125,1999.9000,
	2026/04/30 12:01:48	,	634397	,	1183	,10.470116,1999.9000,-0.05826896,-1191.1212,594982.8750,41.487,605065.8125,1999.9000,
	2026/04/30 12:01:48	,	635397	,	1184	,10.469745,1999.9000,-0.06442008,-1191.2332,594882.7500,41.490,605065.8125,1999.9000,
	2026/04/30 12:01:48	,	636397	,	1185	,10.469316,1999.9000,-0.06442008,-1191.3265,594882.7500,41.490,605065.8125,1999.9000,
	2026/04/30 12:01:48	,	637397	,	1186	,10.468914,1999.9000,-0.06442008,-1191.5038,594882.7500,41.491,605065.8125,1999.9000,
	2026/04/30 12:01:48	,	638397	,	1187	,10.468494,1999.9000,-0.06442008,-1191.6516,594882.7500,41.490,605065.8125,1999.9000,
	2026/04/30 12:01:48	,	639397	,	1188	,10.468115,1999.9000,-0.06442008,-1191.8743,594882.7500,41.489,605055.6875,1999.9000,
	2026/04/30 12:01:48	,	640397	,	1189	,10.467731,1999.9000,-0.06411967,-1192.0597,594975.7500,41.490,604927.5625,1999.9000,
	2026/04/30 12:01:48	,	641397	,	1190	,10.467310,1999.9000,-0.05970590,-1192.2144,594991.8750,41.489,604895.2500,1999.9000,
	2026/04/30 12:01:48	,	642397	,	1191	,10.466881,1999.9000,-0.05722906,-1192.3431,595000.8125,41.486,604795.2500,1999.9000,
	2026/04/30 12:01:48	,	643397	,	1192	,10.466468,1999.9000,-0.05476484,-1192.4504,595116.3125,41.485,604762.3125,1999.9000,
	2026/04/30 12:01:48	,	644397	,	1193	,10.466060,1999.9000,-0.04877128,-1192.5398,595384.4375,41.480,604672.0625,1999.9000,
	2026/04/30 12:01:48	,	645397	,	1194	,10.465660,1999.9000,-0.04152353,-1192.5149,595535.1875,41.475,604672.0625,1999.9000,
	2026/04/30 12:01:48	,	646397	,	1195	,10.465237,1999.9000,-0.03611610,-1192.5935,595535.1875,41.470,604672.0625,1999.9000,
	2026/04/30 12:01:48	,	647397	,	1196	,10.464849,1999.9000,-0.03611610,-1192.6592,595535.1875,41.468,604672.0625,1999.9000,
	2026/04/30 12:01:48	,	648397	,	1197	,10.464461,1999.9000,-0.03611610,-1192.2164,595535.1875,41.468,604672.0625,1999.9000,
	2026/04/30 12:01:48	,	649397	,	1198	,10.464046,1999.9000,-0.03611610,-1191.4496,595535.1875,41.464,604681.3125,1999.9000,
	2026/04/30 12:01:48	,	650397	,	1199	,10.463589,1999.9000,-0.03611612,-1190.8107,595433.9375,41.460,604793.4375,1999.9000,
	2026/04/30 12:01:48	,	651397	,	1200	,10.463065,1999.9000,-0.03632619,-1190.2781,595411.0000,41.456,604821.1875,1999.9000,
	2026/04/30 12:01:48	,	652397	,	1201	,10.462543,1999.9000,-0.03859293,-1189.8344,595396.8125,41.451,604916.0000,1999.9000,
	2026/04/30 12:01:48	,	653397	,	1202	,10.462070,1999.9000,-0.03901834,-1189.4645,595311.1875,41.451,604951.0625,1999.9000,
	2026/04/30 12:01:48	,	654397	,	1203	,10.461654,1999.9000,-0.04291636,-1188.9573,595092.5000,41.452,605065.1875,1999.9000,
	2026/04/30 12:01:48	,	655397	,	1204	,10.461239,1999.9000,-0.04852548,-1188.5348,594871.5000,41.453,605065.1875,1999.9000,
	2026/04/30 12:01:48	,	656397	,	1205	,10.461239,1999.9000,-0.04852548,-1188.1826,594871.5000,41.450,605065.1875,1999.9000,
	2026/04/30 12:01:48	,	657397	,	1206	,10.460288,1999.9000,-0.04852548,-1187.8892,594871.5000,41.447,605065.1875,1999.9000,
	2026/04/30 12:01:48	,	658397	,	1207	,10.459831,1999.9000,-0.04852548,-1187.6447,594871.5000,41.444,605065.1875,1999.9000,
	2026/04/30 12:01:48	,	659397	,	1208	,10.459396,1999.9000,-0.04852550,-1187.6398,594871.5000,41.446,605057.6875,1999.9000,
	2026/04/30 12:01:48	,	660397	,	1209	,10.458950,1999.9000,-0.04558226,-1187.8347,594969.7500,41.457,604944.4375,1999.9000,
	2026/04/30 12:01:48	,	661397	,	1210	,10.458544,1999.9000,-0.04190167,-1187.9971,594991.2500,41.457,604913.9375,1999.9000,
	2026/04/30 12:01:48	,	662397	,	1211	,10.458135,1999.9000,-0.03916646,-1187.7345,595001.5625,41.457,604813.3750,1999.9000,
	2026/04/30 12:01:48	,	663397	,	1212	,10.457701,1999.9000,-0.03816751,-1187.9136,595017.6250,41.460,604778.6250,1999.9000,
	2026/04/30 12:01:48	,	664397	,	1213	,10.457230,1999.9000,-0.03333043,-1188.3612,595296.3125,41.464,604686.5000,1999.9000,
	2026/04/30 12:01:48	,	665397	,	1214	,10.456738,1999.9000,-0.02684529,-1188.5354,595596.5625,41.467,604686.5000,1999.9000,
	2026/04/30 12:01:48	,	666397	,	1215	,10.456283,1999.9000,-0.02327815,-1188.6804,595596.5625,41.470,604686.5000,1999.9000,
	2026/04/30 12:01:48	,	667397	,	1216	,10.455853,1999.9000,-0.02327815,-1189.0002,595596.5625,41.471,604686.5000,1999.9000,
	2026/04/30 12:01:48	,	668397	,	1217	,10.455338,1999.9000,-0.02327815,-1189.1674,595596.5625,41.466,604686.5000,1999.9000,
	2026/04/30 12:01:48	,	669397	,	1218	,10.454838,1999.9000,-0.02327815,-1189.3066,595596.5625,41.461,604688.0000,1999.9000,
	2026/04/30 12:01:48	,	670397	,	1219	,10.454377,1999.9000,-0.02327817,-1189.4226,595596.5625,41.462,604776.5000,1999.9000,
	2026/04/30 12:01:48	,	671397	,	1220	,10.453909,1999.9000,-0.02609530,-1189.5193,595467.2500,41.459,604803.6875,1999.9000,
	2026/04/30 12:01:48	,	672397	,	1221	,10.453459,1999.9000,-0.02873601,-1189.5999,595432.9375,41.457,604890.0625,1999.9000,
	2026/04/30 12:01:48	,	673397	,	1222	,10.453010,1999.9000,-0.03108049,-1189.5675,595417.3750,41.456,604922.0625,1999.9000,
	2026/04/30 12:01:48	,	674397	,	1223	,10.453010,1999.9000,-0.03481779,-1189.5405,595403.3125,41.458,605025.3750,1999.9000,
	2026/04/30 12:01:48	,	675397	,	1224	,10.452530,1999.9000,-0.04170630,-1189.6177,595195.0000,41.459,605039.8750,1999.9000,
	2026/04/30 12:01:48	,	676397	,	1225	,10.452037,1999.9000,-0.04630704,-1189.6819,594914.3750,41.462,605044.6875,1999.9000,
	2026/04/30 12:01:48	,	677397	,	1226	,10.451531,1999.9000,-0.04630704,-1189.6360,594914.3750,41.464,605047.0625,1999.9000,
	2026/04/30 12:01:48	,	678397	,	1227	,10.451027,1999.9000,-0.04630704,-1189.5977,594914.3750,41.466,605048.5000,1999.9000,
	2026/04/30 12:01:48	,	679397	,	1228	,10.450561,1999.9000,-0.04630704,-1189.7646,594914.3750,41.467,605049.5000,1999.9000,
	2026/04/30 12:01:48	,	680397	,	1229	,10.450072,1999.9000,-0.04630706,-1189.8043,594914.3750,41.469,605036.6250,1999.9000,
	2026/04/30 12:01:48	,	681397	,	1230	,10.449552,1999.9000,-0.04350249,-1190.0364,594920.5000,41.470,604894.3125,1999.9000,
	2026/04/30 12:01:48	,	682397	,	1231	,10.449068,1999.9000,-0.04121472,-1190.3292,595004.9375,41.471,604859.6250,1999.9000,
	2026/04/30 12:01:48	,	683397	,	1232	,10.448600,1999.9000,-0.04037651,-1190.5734,595004.9375,41.471,604757.1875,1999.9000,
	2026/04/30 12:01:48	,	684397	,	1233	,10.448121,1999.9000,-0.03713707,-1190.7767,595008.1250,41.472,604726.6875,1999.9000,
	2026/04/30 12:01:48	,	685397	,	1234	,10.447683,1999.9000,-0.03103637,-1190.6478,595168.8125,41.472,604709.8750,1999.9000,
	2026/04/30 12:01:48	,	686397	,	1235	,10.447203,1999.9000,-0.02549027,-1191.0377,595464.8750,41.470,604701.5000,1999.9000,
	2026/04/30 12:01:48	,	687397	,	1236	,10.446665,1999.9000,-0.02549027,-1191.1636,595486.0625,41.466,604696.4375,1999.9000,
	2026/04/30 12:01:48	,	688397	,	1237	,10.446151,1999.9000,-0.02549027,-1191.1636,595493.1250,41.463,604693.0625,1999.9000,
	2026/04/30 12:01:48	,	689397	,	1238	,10.445583,1999.9000,-0.02549027,-1190.8090,595496.6875,41.459,604690.2500,1999.9000,
	2026/04/30 12:01:48	,	690397	,	1239	,10.444991,1999.9000,-0.02549027,-1190.8090,595498.8125,41.454,604700.5000,1999.9000,
	2026/04/30 12:01:48	,	691397	,	1240	,10.444420,1999.9000,-0.02576022,-1190.5751,595500.1875,41.453,604810.9375,1999.9000,
	2026/04/30 12:01:48	,	692397	,	1241	,10.443933,1999.9000,-0.02967505,-1190.1813,595489.0000,41.455,604839.6250,1999.9000,
	2026/04/30 12:01:48	,	693397	,	1242	,10.443481,1999.9000,-0.03070550,-1189.7538,595475.7500,41.451,604942.6250,1999.9000,
	2026/04/30 12:01:48	,	694397	,	1243	,10.443066,1999.9000,-0.03425060,-1189.2827,595282.5625,41.444,604982.1875,1999.9000,
	2026/04/30 12:01:48	,	695397	,	1244	,10.442651,1999.9000,-0.04045214,-1189.2827,595282.5625,41.439,605069.5000,1999.9000,
	2026/04/30 12:01:48	,	696397	,	1245	,10.442197,1999.9000,-0.04688057,-1188.9557,594888.7500,41.428,605069.5000,1999.9000,
	2026/04/30 12:01:48	,	697397	,	1246	,10.441742,1999.9000,-0.04688057,-1188.9557,594888.7500,41.419,605069.5000,1999.9000,
	2026/04/30 12:01:48	,	698397	,	1247	,10.441284,1999.9000,-0.04688059,-1189.0308,594888.7500,41.417,605069.5000,1999.9000,
	2026/04/30 12:01:48	,	699397	,	1248	,10.440768,1999.9000,-0.04688057,-1189.2922,594888.7500,41.418,605069.5000,1999.9000,
	2026/04/30 12:01:48	,	700397	,	1249	,10.440284,1999.9000,-0.04688057,-1189.5103,594888.7500,41.417,605058.3125,1999.9000,
	2026/04/30 12:01:48	,	701397	,	1250	,10.439811,1999.9000,-0.04676291,-1189.6918,594888.7500,41.416,604931.1250,1999.9000,
	2026/04/30 12:01:48	,	702397	,	1251	,10.439287,1999.9000,-0.04340795,-1189.8430,594973.3750,41.416,604895.5000,1999.9000,
	2026/04/30 12:01:48	,	703397	,	1252	,10.438723,1999.9000,-0.04236175,-1189.9691,594984.4375,41.417,604778.3750,1999.9000,
	2026/04/30 12:01:48	,	704397	,	1253	,10.438192,1999.9000,-0.03931140,-1190.0741,594993.4375,41.419,604751.5000,1999.9000,
	2026/04/30 12:01:48	,	705397	,	1254	,10.437706,1999.9000,-0.03385983,-1190.1617,595104.4375,41.421,604725.4375,1999.9000,
	2026/04/30 12:01:48	,	706397	,	1255	,10.437126,1999.9000,-0.02762050,-1190.2349,595376.1250,41.425,604712.3750,1999.9000,
	2026/04/30 12:01:48	,	707397	,	1256	,10.436559,1999.9000,-0.02732742,-1190.2957,595548.8750,41.430,604704.5625,1999.9000,
	2026/04/30 12:01:48	,	708397	,	1257	,10.436062,1999.9000,-0.02722975,-1190.2468,595548.8750,41.438,604699.3125,1999.9000,
	2026/04/30 12:01:48	,	709397	,	1258	,10.435587,1999.9000,-0.02718090,-1190.2062,595548.8750,41.444,604694.9375,1999.9000,
	2026/04/30 12:01:48	,	710397	,	1259	,10.435147,1999.9000,-0.02715160,-1190.1722,595548.8750,41.449,604702.8125,1999.9000,
	2026/04/30 12:01:48	,	711397	,	1260	,10.434692,1999.9000,-0.02713206,-1190.0446,595548.8750,41.455,604800.0625,1999.9000,
	2026/04/30 12:01:48	,	712397	,	1261	,10.434182,1999.9000,-0.02984523,-1190.4354,595447.6250,41.462,604828.1250,1999.9000,
	2026/04/30 12:01:48	,	713397	,	1262	,10.433629,1999.9000,-0.03214559,-1190.7612,595427.9375,41.470,604932.3750,1999.9000,
	2026/04/30 12:01:48	,	714397	,	1263	,10.433073,1999.9000,-0.03317918,-1190.9332,595414.2500,41.477,604963.7500,1999.9000,
	2026/04/30 12:01:48	,	715397	,	1264	,10.432570,1999.9000,-0.03915383,-1190.7782,595321.9375,41.483,605067.0625,1999.9000,
	2026/04/30 12:01:48	,	716397	,	1265	,10.432093,1999.9000,-0.04572093,-1190.6490,595110.3750,41.489,605067.0625,1999.9000,
	2026/04/30 12:01:48	,	717397	,	1266	,10.431540,1999.9000,-0.04810952,-1190.5414,594836.8750,41.485,605067.0625,1999.9000,
	2026/04/30 12:01:48	,	718397	,	1267	,10.431005,1999.9000,-0.04810952,-1190.4515,594836.8750,41.482,605067.0625,1999.9000,
	2026/04/30 12:01:48	,	719397	,	1268	,10.430469,1999.9000,-0.04810952,-1190.3768,594836.8750,41.479,605067.0625,1999.9000,
	2026/04/30 12:01:48	,	720397	,	1269	,10.429914,1999.9000,-0.04810952,-1190.6129,594836.8750,41.477,605057.3125,1999.9000,
	2026/04/30 12:01:48	,	721397	,	1270	,10.429377,1999.9000,-0.04810952,-1190.8097,594836.8750,41.472,605057.3125,1999.9000,
	2026/04/30 12:01:48	,	722397	,	1271	,10.428854,1999.9000,-0.04526716,-1190.8741,594949.5000,41.468,604925.1250,1999.9000,
	2026/04/30 12:01:48	,	723397	,	1272	,10.428335,1999.9000,-0.04285334,-1191.0275,594972.1250,41.465,604893.6875,1999.9000,
	2026/04/30 12:01:48	,	724397	,	1273	,10.427798,1999.9000,-0.04068532,-1191.1552,594985.0625,41.465,604797.0625,1999.9000,
	2026/04/30 12:01:48	,	725397	,	1274	,10.427266,1999.9000,-0.03633668,-1191.2615,595066.8750,41.465,604762.6250,1999.9000,
	2026/04/30 12:01:48	,	726397	,	1275	,10.426773,1999.9000,-0.02971918,-1191.3502,595284.3125,41.465,604669.6250,1999.9000,
	2026/04/30 12:01:48	,	727397	,	1276	,10.426253,1999.9000,-0.02678858,-1191.4241,595583.5000,41.465,604669.6250,1999.9000,
	2026/04/30 12:01:48	,	728397	,	1277	,10.425711,1999.9000,-0.02678858,-1191.3861,595583.5000,41.468,604669.6250,1999.9000,
	2026/04/30 12:01:48	,	729397	,	1278	,10.425228,1999.9000,-0.02678858,-1191.3545,595583.5000,41.471,604669.6250,1999.9000,
	2026/04/30 12:01:48	,	730397	,	1279	,10.424712,1999.9000,-0.02678858,-1191.3282,595583.5000,41.473,604669.6250,1999.9000,
	2026/04/30 12:01:48	,	731397	,	1280	,10.424163,1999.9000,-0.02678858,-1191.3063,595583.5000,41.475,604675.0625,1999.9000,
	2026/04/30 12:01:48	,	732397	,	1281	,10.423568,1999.9000,-0.02925280,-1191.2880,595475.0000,41.471,604777.1250,1999.9000,
	2026/04/30 12:01:48	,	733397	,	1282	,10.422961,1999.9000,-0.03154056,-1190.6760,595439.8750,41.464,604810.3125,1999.9000,
	2026/04/30 12:01:48	,	734397	,	1283	,10.422387,1999.9000,-0.03254894,-1189.9669,595418.0000,41.455,604912.4375,1999.9000,
	2026/04/30 12:01:48	,	735397	,	1284	,10.421813,1999.9000,-0.03736395,-1189.3761,595399.0625,41.447,604948.0625,1999.9000,
	2026/04/30 12:01:48	,	736397	,	1285	,10.421271,1999.9000,-0.04427136,-1188.9832,595193.1875,41.441,605051.3750,1999.9000,
	2026/04/30 12:01:48	,	737397	,	1286	,10.420705,1999.9000,-0.04966620,-1188.6556,594922.1250,41.435,605052.0000,1999.9000,
	2026/04/30 12:01:48	,	738397	,	1287	,10.420094,1999.9000,-0.04966620,-1189.0791,594916.7500,41.431,605052.1875,1999.9000,
	2026/04/30 12:01:48	,	739397	,	1288	,10.419520,1999.9000,-0.04966618,-1189.4319,594915.0000,41.429,605052.3125,1999.9000,
	2026/04/30 12:01:48	,	740397	,	1289	,10.418959,1999.9000,-0.04966618,-1189.7261,594914.0625,41.429,605052.3750,1999.9000,
	2026/04/30 12:01:48	,	741397	,	1290	,10.418420,1999.9000,-0.04966620,-1190.1702,594913.5000,41.430,605052.4375,1999.9000,
	2026/04/30 12:01:48	,	742397	,	1291	,10.417872,1999.9000,-0.04692468,-1190.6395,594913.1250,41.433,605039.5625,1999.9000,
	2026/04/30 12:01:48	,	743397	,	1292	,10.417376,1999.9000,-0.04452346,-1191.0309,594923.8125,41.436,604899.1250,1999.9000,
	2026/04/30 12:01:48	,	744397	,	1293	,10.416873,1999.9000,-0.04348672,-1191.3568,595004.9375,41.442,604817.0000,1999.9000,
	2026/04/30 12:01:48	,	745397	,	1294	,10.416320,1999.9000,-0.04348672,-1191.6285,595014.4375,41.449,604781.9375,1999.9000,
	2026/04/30 12:01:48	,	746397	,	1295	,10.415755,1999.9000,-0.03924209,-1191.7556,595164.5625,41.457,604688.9375,1999.9000,
	2026/04/30 12:01:48	,	747397	,	1296	,10.415185,1999.9000,-0.03272540,-1191.7618,595460.7500,41.461,604687.1250,1999.9000,
	2026/04/30 12:01:48	,	748397	,	1297	,10.414640,1999.9000,-0.02718562,-1191.7671,595484.8125,41.464,604686.5000,1999.9000,
	2026/04/30 12:01:48	,	749397	,	1298	,10.414083,1999.9000,-0.02718562,-1191.7716,595492.8750,41.461,604686.1875,1999.9000,
	2026/04/30 12:01:48	,	750397	,	1299	,10.413459,1999.9000,-0.02718562,-1191.7751,595496.8750,41.459,604686.0625,1999.9000,
	2026/04/30 12:01:48	,	751397	,	1300	,10.412854,1999.9000,-0.02718562,-1191.7782,595499.3125,41.461,604685.9375,1999.9000,
	2026/04/30 12:01:48	,	752397	,	1301	,10.412267,1999.9000,-0.02718560,-1191.6813,595500.9375,41.465,604696.0625,1999.9000,
	2026/04/30 12:01:48	,	753397	,	1302	,10.411708,1999.9000,-0.02964355,-1191.6005,595419.6250,41.470,604804.8750,1999.9000,
	2026/04/30 12:01:48	,	754397	,	1303	,10.411132,1999.9000,-0.03204475,-1191.5332,595394.8750,41.474,604834.1875,1999.9000,
	2026/04/30 12:01:48	,	755397	,	1304	,10.410558,1999.9000,-0.03309726,-1192.0740,595385.8750,41.477,604933.5625,1999.9000,
	2026/04/30 12:01:48	,	756397	,	1305	,10.409994,1999.9000,-0.03674003,-1192.5245,595299.8125,41.480,604973.4375,1999.9000,
	2026/04/30 12:01:48	,	757397	,	1306	,10.409415,1999.9000,-0.04309914,-1192.9000,595056.7500,41.482,604997.1875,1999.9000,
	2026/04/30 12:01:48	,	758397	,	1307	,10.408878,1999.9000,-0.04937631,-1193.2130,594875.0000,41.484,605009.0625,1999.9000,
	2026/04/30 12:01:48	,	759397	,	1308	,10.408322,1999.9000,-0.04948659,-1193.1753,594875.0000,41.483,605016.1875,1999.9000,
	2026/04/30 12:01:48	,	760397	,	1309	,10.407774,1999.9000,-0.04952335,-1193.0446,594875.0000,41.481,605020.9375,1999.9000,
	2026/04/30 12:01:48	,	761397	,	1310	,10.407179,1999.9000,-0.04954173,-1192.9354,594875.0000,41.480,605024.8750,1999.9000,
	2026/04/30 12:01:48	,	762397	,	1311	,10.406588,1999.9000,-0.04955276,-1192.8446,594875.0000,41.475,605015.9375,1999.9000,
	2026/04/30 12:01:48	,	763397	,	1312	,10.405982,1999.9000,-0.04956010,-1192.7689,594976.3750,41.469,604900.9375,1999.9000,
	2026/04/30 12:01:48	,	764397	,	1313	,10.405402,1999.9000,-0.04706333,-1192.7057,594993.6250,41.462,604867.4375,1999.9000,
	2026/04/30 12:01:48	,	765397	,	1314	,10.404809,1999.9000,-0.04487010,-1192.6532,595002.7500,41.457,604763.8125,1999.9000,
	2026/04/30 12:01:48	,	766397	,	1315	,10.404207,1999.9000,-0.04243738,-1192.8083,595094.8750,41.455,604736.0625,1999.9000,
	2026/04/30 12:01:48	,	767397	,	1316	,10.403605,1999.9000,-0.03653204,-1192.9376,595344.5625,41.454,604720.3125,1999.9000,
	2026/04/30 12:01:48	,	768397	,	1317	,10.403039,1999.9000,-0.03025487,-1193.0453,595566.1875,41.453,604712.5000,1999.9000,
	2026/04/30 12:01:48	,	769397	,	1318	,10.402478,1999.9000,-0.03023597,-1193.1351,595566.1875,41.452,604707.8125,1999.9000,
	2026/04/30 12:01:48	,	770397	,	1319	,10.401901,1999.9000,-0.03022966,-1193.4088,595566.1875,41.451,604704.6250,1999.9000,
	2026/04/30 12:01:48	,	771397	,	1320	,10.401251,1999.9000,-0.03022652,-1193.6370,595566.1875,41.454,604702.0000,1999.9000,
	2026/04/30 12:01:48	,	772397	,	1321	,10.400657,1999.9000,-0.03022462,-1193.8271,595566.1875,41.456,604711.7500,1999.9000,
	2026/04/30 12:01:48	,	773397	,	1322	,10.400124,1999.9000,-0.03022337,-1193.6870,595445.8125,41.457,604811.5625,1999.9000,
	2026/04/30 12:01:48	,	774397	,	1323	,10.399583,1999.9000,-0.03266869,-1193.4709,595419.0625,41.457,604831.5000,1999.9000,
	2026/04/30 12:01:48	,	775397	,	1324	,10.398952,1999.9000,-0.03362036,-1193.0918,595406.3125,41.463,604916.0000,1999.9000,
	2026/04/30 12:01:48	,	776397	,	1325	,10.398313,1999.9000,-0.03653204,-1192.7759,595390.1250,41.464,604951.9375,1999.9000,
	2026/04/30 12:01:48	,	777397	,	1326	,10.397740,1999.9000,-0.04166849,-1192.4133,595149.1250,41.464,605066.4375,1999.9000,
	2026/04/30 12:01:48	,	778397	,	1327	,10.397148,1999.9000,-0.04853177,-1192.0115,594868.5000,41.464,605066.4375,1999.9000,
	2026/04/30 12:01:48	,	779397	,	1328	,10.392972,1999.9000,-0.04956536,-1191.6768,594868.5000,41.465,605066.4375,1999.9000,
	2026/04/30 12:01:48	,	780397	,	1329	,10.392822,1999.9000,-0.04990989,-1191.4972,594868.5000,41.465,605066.4375,1999.9000,
	2026/04/30 12:01:48	,	781397	,	1330	,10.392614,1999.9000,-0.05008216,-1191.3477,594868.5000,41.462,605066.4375,1999.9000,
	2026/04/30 12:01:48	,	782397	,	1331	,10.392264,1999.9000,-0.05018550,-1191.2229,594868.5000,41.463,605055.2500,1999.9000,
	2026/04/30 12:01:48	,	783397	,	1332	,10.391994,1999.9000,-0.05025441,-1191.1191,594949.5000,41.463,604913.6250,1999.9000,
	2026/04/30 12:01:48	,	784397	,	1333	,10.391750,1999.9000,-0.04769357,-1190.9331,594975.4375,41.464,604879.1875,1999.9000,
	2026/04/30 12:01:48	,	785397	,	1334	,10.391423,1999.9000,-0.04524824,-1190.7781,594985.2500,41.466,604777.7500,1999.9000,
	2026/04/30 12:01:48	,	786397	,	1335	,10.391075,1999.9000,-0.04419259,-1190.6489,594993.7500,41.469,604747.5625,1999.9000,
	2026/04/30 12:01:48	,	787397	,	1336	,10.390692,1999.9000,-0.03852359,-1190.5413,595220.0625,41.471,604666.0000,1999.9000,
	2026/04/30 12:01:48	,	788397	,	1337	,10.390237,1999.9000,-0.03190612,-1190.4515,595533.3750,41.473,604666.0000,1999.9000,
	2026/04/30 12:01:48	,	789397	,	1338	,10.389750,1999.9000,-0.02963095,-1190.2773,595533.3750,41.474,604666.0000,1999.9000,
	2026/04/30 12:01:48	,	790397	,	1339	,10.389283,1999.9000,-0.02963095,-1190.1322,595533.3750,41.477,604666.0000,1999.9000,
	2026/04/30 12:01:48	,	791397	,	1340	,10.388737,1999.9000,-0.02963095,-1190.1107,595533.3750,41.480,604666.0000,1999.9000,
	2026/04/30 12:01:48	,	792397	,	1341	,10.388161,1999.9000,-0.02963095,-1189.9932,595533.3750,41.482,604673.8125,1999.9000,
	2026/04/30 12:01:48	,	793397	,	1342	,10.387602,1999.9000,-0.02963097,-1189.8953,595523.9375,41.484,604781.9375,1999.9000,
	2026/04/30 12:01:48	,	794397	,	1343	,10.387082,1999.9000,-0.03233468,-1189.7144,595395.8125,41.482,604807.9375,1999.9000,
	2026/04/30 12:01:48	,	795397	,	1344	,10.386534,1999.9000,-0.03469175,-1189.4640,595377.6250,41.481,604893.6875,1999.9000,
	2026/04/30 12:01:48	,	796397	,	1345	,10.385914,1999.9000,-0.03573480,-1189.1560,595365.1875,41.480,604926.9375,1999.9000,
	2026/04/30 12:01:48	,	797397	,	1346	,10.385259,1999.9000,-0.04067272,-1188.9987,595223.0000,41.479,605036.2500,1999.9000,
	2026/04/30 12:01:48	,	798397	,	1347	,10.384687,1999.9000,-0.04766836,-1188.9672,594953.1250,41.480,605036.2500,1999.9000,
	2026/04/30 12:01:48	,	799397	,	1348	,10.384122,1999.9000,-0.05199179,-1188.9408,594931.9375,41.481,605036.2500,1999.9000,
	2026/04/30 12:01:48	,	800397	,	1349	,10.383527,1999.9000,-0.05199179,-1188.9188,594924.9375,41.480,605036.2500,1999.9000,
	2026/04/30 12:01:48	,	801397	,	1350	,10.382931,1999.9000,-0.05199179,-1188.9006,594921.3750,41.473,605036.2500,1999.9000,
	2026/04/30 12:01:48	,	802397	,	1351	,10.378822,1999.9000,-0.05199179,-1189.7808,594919.2500,41.473,605034.2500,1999.9000,
	2026/04/30 12:01:48	,	803397	,	1352	,10.378613,1999.9000,-0.05199177,-1190.5142,594917.8750,41.474,604943.8125,1999.9000,
	2026/04/30 12:01:48	,	804397	,	1353	,10.378415,1999.9000,-0.04896034,-1191.1252,594927.9375,41.474,604908.8125,1999.9000,
	2026/04/30 12:01:48	,	805397	,	1354	,10.378138,1999.9000,-0.04643938,-1191.8335,594940.4375,41.474,604807.3125,1999.9000,
	2026/04/30 12:01:48	,	806397	,	1355	,10.377869,1999.9000,-0.04540894,-1192.4237,594953.2500,41.474,604776.5000,1999.9000,
	2026/04/30 12:01:48	,	807397	,	1356	,10.377596,1999.9000,-0.04115801,-1192.9155,595133.0625,41.474,604691.3125,1999.9000,
	2026/04/30 12:01:48	,	808397	,	1357	,10.377268,1999.9000,-0.03453420,-1193.3253,595423.1875,41.474,604691.3125,1999.9000,
	2026/04/30 12:01:48	,	809397	,	1358	,10.376926,1999.9000,-0.02908894,-1193.6667,595515.5000,41.473,604691.3125,1999.9000,
	2026/04/30 12:01:48	,	810397	,	1359	,10.376513,1999.9000,-0.02908894,-1193.5535,595515.5000,41.473,604691.3125,1999.9000,
	2026/04/30 12:01:48	,	811397	,	1360	,10.376034,1999.9000,-0.02908892,-1193.0613,595515.5000,41.474,604691.3125,1999.9000,
	2026/04/30 12:01:48	,	812397	,	1361	,10.375599,1999.9000,-0.02908894,-1192.6510,595515.5000,41.472,604692.3125,1999.9000,
	2026/04/30 12:01:48	,	813397	,	1362	,10.375089,1999.9000,-0.02908894,-1192.1101,595515.5000,41.471,604704.3125,1999.9000,
	2026/04/30 12:01:48	,	814397	,	1363	,10.374544,1999.9000,-0.02913200,-1191.5599,595416.6250,41.463,604827.8125,1999.9000,
	2026/04/30 12:01:48	,	815397	,	1364	,10.373991,1999.9000,-0.03145234,-1191.1014,595399.0625,41.457,604862.8125,1999.9000,
	2026/04/30 12:01:48	,	816397	,	1365	,10.373425,1999.9000,-0.03239454,-1190.7195,595388.8750,41.452,604954.6875,1999.9000,
	2026/04/30 12:01:48	,	817397	,	1366	,10.372841,1999.9000,-0.03616021,-1190.4011,595290.9375,41.455,604984.5625,1999.9000,
	2026/04/30 12:01:48	,	818397	,	1367	,10.372269,1999.9000,-0.04256974,-1190.1357,595046.6250,41.450,605006.8125,1999.9000,
	2026/04/30 12:01:48	,	819397	,	1368	,10.371702,1999.9000,-0.04875237,-1189.8151,594853.0000,41.447,605017.9375,1999.9000,
	2026/04/30 12:01:48	,	820397	,	1369	,10.371051,1999.9000,-0.04875237,-1189.4485,594853.0000,41.444,605024.6250,1999.9000,
	2026/04/30 12:01:48	,	821397	,	1370	,10.370410,1999.9000,-0.04875235,-1189.2424,594853.0000,41.441,605029.0625,1999.9000,
	2026/04/30 12:01:48	,	822397	,	1371	,10.369772,1999.9000,-0.04875237,-1189.0708,594853.0000,41.439,605032.8125,1999.9000,
	2026/04/30 12:01:48	,	823397	,	1372	,10.369175,1999.9000,-0.04875237,-1188.9277,594853.0000,41.438,605023.6875,1999.9000,
	2026/04/30 12:01:48	,	824397	,	1373	,10.368539,1999.9000,-0.04864945,-1189.3059,594951.2500,41.441,604917.2500,1999.9000,
	2026/04/30 12:01:48	,	825397	,	1374	,10.364493,1999.9000,-0.04550663,-1189.1237,594968.9375,41.443,604886.4375,1999.9000,
	2026/04/30 12:01:48	,	826397	,	1375	,10.364166,1999.9000,-0.04317477,-1188.9717,594979.1250,41.443,604778.9375,1999.9000,
	2026/04/30 12:01:48	,	827397	,	1376	,10.363848,1999.9000,-0.04049625,-1188.7456,595068.6875,41.445,604746.3125,1999.9000,
	2026/04/30 12:01:48	,	828397	,	1377	,10.363848,1999.9000,-0.03432623,-1188.6567,595320.0625,41.447,604724.8125,1999.9000,
	2026/04/30 12:01:48	,	829397	,	1378	,10.363111,1999.9000,-0.02799864,-1189.4780,595557.2500,41.447,604714.0000,1999.9000,
	2026/04/30 12:01:48	,	830397	,	1379	,10.362745,1999.9000,-0.02795766,-1190.3613,595557.2500,41.447,604707.6250,1999.9000,
	2026/04/30 12:01:48	,	831397	,	1380	,10.362371,1999.9000,-0.02794401,-1190.8984,595557.2500,41.447,604703.3125,1999.9000,
	2026/04/30 12:01:48	,	832397	,	1381	,10.361976,1999.9000,-0.02793717,-1190.6498,595557.2500,41.447,604699.7500,1999.9000,
	2026/04/30 12:01:48	,	833397	,	1382	,10.361532,1999.9000,-0.02793307,-1190.4425,595557.2500,41.447,604707.7500,1999.9000,
	2026/04/30 12:01:48	,	834397	,	1383	,10.361028,1999.9000,-0.02793033,-1190.2698,595442.8750,41.447,604809.6875,1999.9000,
	2026/04/30 12:01:48	,	835397	,	1384	,10.360490,1999.9000,-0.03039354,-1190.1259,595419.3125,41.447,604841.1250,1999.9000,
	2026/04/30 12:01:48	,	836397	,	1385	,10.359920,1999.9000,-0.03143343,-1190.0059,595408.1250,41.447,604942.0000,1999.9000,
	2026/04/30 12:01:48	,	837397	,	1386	,10.359365,1999.9000,-0.03448378,-1189.9059,595396.3750,41.449,604977.0000,1999.9000,
	2026/04/30 12:01:48	,	838397	,	1387	,10.358766,1999.9000,-0.03963281,-1189.8225,595184.8750,41.453,605073.0625,1999.9000,
	2026/04/30 12:01:48	,	839397	,	1388	,10.358187,1999.9000,-0.04600453,-1189.7531,594889.3750,41.457,605073.0625,1999.9000,
	2026/04/30 12:01:48	,	840397	,	1389	,10.357584,1999.9000,-0.04622196,-1189.6953,594889.3750,41.463,605073.0625,1999.9000,
	2026/04/30 12:01:48	,	841397	,	1390	,10.356943,1999.9000,-0.04629444,-1190.0450,594889.3750,41.470,605073.0625,1999.9000,
	2026/04/30 12:01:48	,	842397	,	1391	,10.356280,1999.9000,-0.04633068,-1190.3364,594889.3750,41.475,605073.0625,1999.9000,
	2026/04/30 12:01:48	,	843397	,	1392	,10.355618,1999.9000,-0.04635242,-1190.5792,594889.3750,41.478,605060.6875,1999.9000,
	2026/04/30 12:01:48	,	844397	,	1393	,10.354973,1999.9000,-0.04636692,-1191.0800,594896.3125,41.481,604925.6875,1999.9000,
	2026/04/30 12:01:48	,	845397	,	1394	,10.354360,1999.9000,-0.04353400,-1191.4972,594990.6250,41.483,604891.5625,1999.9000,
	2026/04/30 12:01:48	,	846397	,	1395	,10.353761,1999.9000,-0.04101304,-1191.8451,594997.2500,41.485,604791.0625,1999.9000,
	2026/04/30 12:01:48	,	847397	,	1396	,10.353170,1999.9000,-0.03882611,-1192.3337,595006.5625,41.486,604752.0625,1999.9000,
	2026/04/30 12:01:48	,	848397	,	1397	,10.352541,1999.9000,-0.03397959,-1192.7411,595204.5625,41.487,604665.4375,1999.9000,
	2026/04/30 12:01:48	,	849397	,	1398	,10.348349,1999.9000,-0.02724235,-1193.0806,595511.3750,41.488,604665.4375,1999.9000,
	2026/04/30 12:01:48	,	850397	,	1399	,10.348006,1999.9000,-0.02488524,-1193.3634,595511.3750,41.477,604665.4375,1999.9000,
	2026/04/30 12:01:48	,	851397	,	1400	,10.347683,1999.9000,-0.02488524,-1193.5991,595511.3750,41.467,604665.4375,1999.9000,
	2026/04/30 12:01:48	,	852397	,	1401	,10.347313,1999.9000,-0.02488524,-1193.7955,595511.3750,41.461,604665.4375,1999.9000,
	2026/04/30 12:01:48	,	853397	,	1402	,10.346888,1999.9000,-0.02488524,-1193.9592,595511.3750,41.465,604675.5000,1999.9000,
	2026/04/30 12:01:48	,	854397	,	1403	,10.346556,1999.9000,-0.02488524,-1193.7972,595509.8750,41.468,604785.5625,1999.9000,
	2026/04/30 12:01:48	,	855397	,	1404	,10.346556,1999.9000,-0.02753856,-1193.6622,595414.8125,41.471,604809.7500,1999.9000,
	2026/04/30 12:01:48	,	856397	,	1405	,10.345672,1999.9000,-0.02989565,-1193.5497,595402.9375,41.473,604912.4375,1999.9000,
	2026/04/30 12:01:48	,	857397	,	1406	,10.345140,1999.9000,-0.03094499,-1193.4558,595392.8125,41.475,604952.2500,1999.9000,
	2026/04/30 12:01:48	,	858397	,	1407	,10.344652,1999.9000,-0.03610979,-1193.1788,595255.8125,41.477,605068.2500,1999.9000,
	2026/04/30 12:01:48	,	859397	,	1408	,10.344116,1999.9000,-0.04294157,-1192.9480,594993.6250,41.478,605068.2500,1999.9000,
	2026/04/30 12:01:48	,	860397	,	1409	,10.343565,1999.9000,-0.04621881,-1192.7555,594904.2500,41.479,605068.2500,1999.9000,
	2026/04/30 12:01:48	,	861397	,	1410	,10.343057,1999.9000,-0.04621881,-1192.5952,594904.2500,41.480,605068.2500,1999.9000,
	2026/04/30 12:01:48	,	862397	,	1411	,10.343057,1999.9000,-0.04621881,-1192.6605,594904.2500,41.478,605068.2500,1999.9000,
	2026/04/30 12:01:48	,	863397	,	1412	,10.342514,1999.9000,-0.04621881,-1192.5160,594904.2500,41.472,605059.0625,1999.9000,
	2026/04/30 12:01:48	,	864397	,	1413	,10.341892,1999.9000,-0.04621881,-1192.0970,594904.2500,41.468,604939.0000,1999.9000,
	2026/04/30 12:01:48	,	865397	,	1414	,10.341246,1999.9000,-0.04314325,-1191.7480,594916.2500,41.465,604909.3750,1999.9000,
	2026/04/30 12:01:48	,	866397	,	1415	,10.340618,1999.9000,-0.04032610,-1191.4572,594997.7500,41.462,604815.7500,1999.9000,
	2026/04/30 12:01:48	,	867397	,	1416	,10.336493,1999.9000,-0.03798161,-1191.2148,595007.5625,41.460,604782.5625,1999.9000,
	2026/04/30 12:01:48	,	868397	,	1417	,10.336180,1999.9000,-0.03420647,-1191.2148,595130.0625,41.458,604691.3125,1999.9000,
	2026/04/30 12:01:48	,	869397	,	1418	,10.335856,1999.9000,-0.02749445,-1190.8445,595412.4375,41.456,604691.3125,1999.9000,
	2026/04/30 12:01:48	,	870397	,	1419	,10.335539,1999.9000,-0.02231387,-1190.6049,595538.1875,41.456,604691.3125,1999.9000,
	2026/04/30 12:01:48	,	871397	,	1420	,10.335284,1999.9000,-0.02231387,-1190.4050,595538.1875,41.459,604691.3125,1999.9000,
	2026/04/30 12:01:48	,	872397	,	1421	,10.334983,1999.9000,-0.02231387,-1190.5370,595538.1875,41.465,604691.3125,1999.9000,
	2026/04/30 12:01:48	,	873397	,	1422	,10.334663,1999.9000,-0.02231387,-1190.8457,595538.1875,41.467,604694.3750,1999.9000,
	2026/04/30 12:01:48	,	874397	,	1423	,10.334352,1999.9000,-0.02231385,-1191.1031,595538.1875,41.465,604707.6875,1999.9000,
	2026/04/30 12:01:48	,	875397	,	1424	,10.333970,1999.9000,-0.02260588,-1191.3176,595439.2500,41.464,604707.6875,1999.9000,
	2026/04/30 12:01:48	,	876397	,	1425	,10.333452,1999.9000,-0.02618985,-1191.4965,595416.9375,41.462,604822.4375,1999.9000,
	2026/04/30 12:01:48	,	877397	,	1426	,10.332827,1999.9000,-0.02709110,-1191.6454,595403.9375,41.462,604850.5625,1999.9000,
	2026/04/30 12:01:48	,	878397	,	1427	,10.332216,1999.9000,-0.03091663,-1191.9685,595312.9375,41.467,604952.8750,1999.9000,
	2026/04/30 12:01:48	,	879397	,	1428	,10.331604,1999.9000,-0.03753413,-1192.4366,595087.7500,41.467,604991.8750,1999.9000,
	2026/04/30 12:01:48	,	880397	,	1429	,10.330970,1999.9000,-0.04351508,-1192.8268,594864.3125,41.465,605007.5000,1999.9000,
	2026/04/30 12:01:48	,	881397	,	1430	,10.330347,1999.9000,-0.04351508,-1193.3508,594864.3125,41.461,605015.3125,1999.9000,
	2026/04/30 12:01:48	,	882397	,	1431	,10.329792,1999.9000,-0.04351506,-1193.5886,594864.3125,41.455,605020.0000,1999.9000,
	2026/04/30 12:01:48	,	883397	,	1432	,10.329242,1999.9000,-0.04351508,-1193.7867,594864.3125,41.453,605025.6875,1999.9000,
	2026/04/30 12:01:48	,	884397	,	1433	,10.328648,1999.9000,-0.04351508,-1193.9519,594864.3125,41.452,605025.6875,1999.9000,
	2026/04/30 12:01:48	,	885397	,	1434	,10.328029,1999.9000,-0.03997945,-1193.9901,594957.8750,41.453,605015.2500,1999.9000,
	2026/04/30 12:01:48	,	886397	,	1435	,10.327414,1999.9000,-0.03726312,-1194.0219,594977.1875,41.452,604889.5000,1999.9000,
	2026/04/30 12:01:48	,	887397	,	1436	,10.326762,1999.9000,-0.03621692,-1194.0483,594989.0000,41.451,604853.2500,1999.9000,
	2026/04/30 12:01:48	,	888397	,	1437	,10.322433,1999.9000,-0.03276324,-1194.0704,595006.5625,41.450,604711.3125,1999.9000,
	2026/04/30 12:01:48	,	889397	,	1438	,10.322016,1999.9000,-0.02683269,-1193.5914,595282.5625,41.450,604711.3125,1999.9000,
	2026/04/30 12:01:48	,	890397	,	1439	,10.321619,1999.9000,-0.02095887,-1192.9934,595588.2500,41.450,604697.3750,1999.9000,
	2026/04/30 12:01:48	,	891397	,	1440	,10.321218,1999.9000,-0.02095887,-1192.4949,595588.2500,41.449,604690.4375,1999.9000,
	2026/04/30 12:01:48	,	892397	,	1441	,10.320829,1999.9000,-0.02095887,-1192.2786,595588.2500,41.449,604686.3125,1999.9000,
	2026/04/30 12:01:48	,	893397	,	1442	,10.320446,1999.9000,-0.02095887,-1192.7946,595588.2500,41.449,604681.1875,1999.9000,
	2026/04/30 12:01:48	,	894397	,	1443	,10.319998,1999.9000,-0.02095889,-1193.2245,595588.2500,41.448,604681.1875,1999.9000,
	2026/04/30 12:01:48	,	895397	,	1444	,10.319524,1999.9000,-0.02104081,-1193.5829,595458.9375,41.445,604689.7500,1999.9000,
	2026/04/30 12:01:48	,	896397	,	1445	,10.319016,1999.9000,-0.02410375,-1193.6825,595423.1875,41.443,604792.1875,1999.9000,
	2026/04/30 12:01:48	,	897397	,	1446	,10.318518,1999.9000,-0.02515940,-1193.0692,595404.9375,41.440,604820.6250,1999.9000,
	2026/04/30 12:01:48	,	898397	,	1447	,10.318018,1999.9000,-0.02843349,-1192.5582,595390.7500,41.434,604916.0000,1999.9000,
	2026/04/30 12:01:48	,	899397	,	1448	,10.316882,1999.9000,-0.03387875,-1192.1323,595186.6875,41.428,604949.8750,1999.9000,
	2026/04/30 12:01:48	,	900397	,	1449	,10.316882,1999.9000,-0.04008658,-1191.6780,594903.6250,41.430,604975.8125,1999.9000,
	2026/04/30 12:01:48	,	901397	,	1450	,10.316323,1999.9000,-0.04008658,-1191.2993,594903.6250,41.431,604988.8125,1999.9000,
	2026/04/30 12:01:48	,	902397	,	1451	,10.315779,1999.9000,-0.04008656,-1190.9838,594903.6250,41.431,604996.6250,1999.9000,
	2026/04/30 12:01:48	,	903397	,	1452	,10.315155,1999.9000,-0.04008658,-1190.7207,594903.6250,41.426,605001.8125,1999.9000,
	2026/04/30 12:01:48	,	904397	,	1453	,10.311083,1999.9000,-0.04008658,-1190.6012,594903.6250,41.419,605006.1250,1999.9000,
	2026/04/30 12:01:48	,	905397	,	1454	,10.310547,1999.9000,-0.03994269,-1190.5015,594909.1875,41.416,604999.0625,1999.9000,
	2026/04/30 12:01:48	,	906397	,	1455	,10.310031,1999.9000,-0.03653204,-1190.8163,594997.7500,41.418,604894.8750,1999.9000,
	2026/04/30 12:01:48	,	907397	,	1456	,10.309504,1999.9000,-0.03437665,-1191.0786,595005.1875,41.420,604861.6875,1999.9000,
	2026/04/30 12:01:48	,	908397	,	1457	,10.309104,1999.9000,-0.03339662,-1191.2972,595014.0625,41.423,604751.1250,1999.9000,
	2026/04/30 12:01:48	,	909397	,	1458	,10.308784,1999.9000,-0.02743772,-1191.2972,595195.5625,41.426,604720.9375,1999.9000,
	2026/04/30 12:01:48	,	910397	,	1459	,10.308393,1999.9000,-0.02083914,-1191.4794,595496.5000,41.428,604702.4375,1999.9000,
	2026/04/30 12:01:48	,	911397	,	1460	,10.307933,1999.9000,-0.01794004,-1191.6312,595503.0000,41.430,604693.1875,1999.9000,
	2026/04/30 12:01:48	,	912397	,	1461	,10.307466,1999.9000,-0.01794004,-1191.7577,595505.1875,41.431,604687.6250,1999.9000,
	2026/04/30 12:01:48	,	913397	,	1462	,10.307002,1999.9000,-0.01794006,-1191.7637,595506.3125,41.432,604683.9375,1999.9000,
	2026/04/30 12:01:48	,	914397	,	1463	,10.306456,1999.9000,-0.01794004,-1191.7687,595506.9375,41.433,604680.8125,1999.9000,
	2026/04/30 12:01:48	,	915397	,	1464	,10.305867,1999.9000,-0.01794004,-1191.6733,595507.3125,41.434,604689.1250,1999.9000,
	2026/04/30 12:01:48	,	916397	,	1465	,10.305287,1999.9000,-0.02029082,-1191.5939,595426.7500,41.435,604797.0625,1999.9000,
	2026/04/30 12:01:48	,	917397	,	1466	,10.304705,1999.9000,-0.02134016,-1191.3287,595410.3750,41.437,604820.0625,1999.9000,
	2026/04/30 12:01:48	,	918397	,	1467	,10.304045,1999.9000,-0.02433695,-1191.1078,595402.3125,41.439,604847.0000,1999.9000,
	2026/04/30 12:01:48	,	919397	,	1468	,10.299615,1999.9000,-0.02890618,-1190.9236,595277.1875,41.440,604976.4375,1999.9000,
	2026/04/30 12:01:48	,	920397	,	1469	,10.299257,1999.9000,-0.03600264,-1190.7700,595011.5000,41.441,605058.0000,1999.9000,
	2026/04/30 12:01:48	,	921397	,	1470	,10.298929,1999.9000,-0.03897107,-1190.6422,594889.9375,41.442,605058.0000,1999.9000,
	2026/04/30 12:01:48	,	922397	,	1471	,10.298691,1999.9000,-0.03897107,-1190.5356,594889.9375,41.443,605058.0000,1999.9000,
	2026/04/30 12:01:48	,	923397	,	1472	,10.298382,1999.9000,-0.03897105,-1190.4468,594889.9375,41.444,605058.0000,1999.9000,
	2026/04/30 12:01:48	,	924397	,	1473	,10.298040,1999.9000,-0.03897107,-1190.3728,594889.9375,41.445,605058.0000,1999.9000,
	2026/04/30 12:01:48	,	925397	,	1474	,10.297663,1999.9000,-0.03897107,-1190.3112,594889.9375,41.445,605050.4375,1999.9000,
	2026/04/30 12:01:48	,	926397	,	1475	,10.297254,1999.9000,-0.03577575,-1190.2599,594977.5000,41.447,604938.4375,1999.9000,
	2026/04/30 12:01:48	,	927397	,	1476	,10.296803,1999.9000,-0.03577575,-1190.2170,594991.8750,41.449,604903.6875,1999.9000,
	2026/04/30 12:01:48	,	928397	,	1477	,10.296338,1999.9000,-0.03313507,-1190.3802,594997.6250,41.447,604807.9375,1999.9000,
	2026/04/30 12:01:48	,	929397	,	1478	,10.295792,1999.9000,-0.03088511,-1190.8147,595095.5000,41.446,604773.7500,1999.9000,
	2026/04/30 12:01:48	,	930397	,	1479	,10.295177,1999.9000,-0.02684529,-1191.2761,595365.3750,41.447,604674.4375,1999.9000,
	2026/04/30 12:01:48	,	931397	,	1480	,10.294527,1999.9000,-0.01984965,-1191.5614,595556.0625,41.449,604674.4375,1999.9000,
	2026/04/30 12:01:48	,	932397	,	1481	,10.293865,1999.9000,-0.01435398,-1191.5006,595556.0625,41.450,604674.4375,1999.9000,
	2026/04/30 12:01:48	,	933397	,	1482	,10.289546,1999.9000,-0.01435398,-1191.7484,595556.0625,41.451,604674.4375,1999.9000,
	2026/04/30 12:01:48	,	934397	,	1483	,10.289145,1999.9000,-0.01435398,-1191.9550,595556.0625,41.452,604674.4375,1999.9000,
	2026/04/30 12:01:48	,	935397	,	1484	,10.288732,1999.9000,-0.01435398,-1192.1270,595556.0625,41.451,604681.6250,1999.9000,
	2026/04/30 12:01:48	,	936397	,	1485	,10.288347,1999.9000,-0.01435398,-1192.2703,595446.4375,41.451,604777.1250,1999.9000,
	2026/04/30 12:01:48	,	937397	,	1486	,10.288045,1999.9000,-0.01685603,-1191.9919,595423.8125,41.453,604803.0625,1999.9000,
	2026/04/30 12:01:48	,	938397	,	1487	,10.287715,1999.9000,-0.01906816,-1191.6604,595408.1250,41.455,604887.6250,1999.9000,
	2026/04/30 12:01:48	,	939397	,	1488	,10.287254,1999.9000,-0.02361218,-1191.2535,595313.5625,41.456,604922.6875,1999.9000,
	2026/04/30 12:01:48	,	940397	,	1489	,10.286718,1999.9000,-0.02361218,-1191.2535,595106.1875,41.457,605028.4375,1999.9000,
	2026/04/30 12:01:48	,	941397	,	1490	,10.286187,1999.9000,-0.03022966,-1191.1445,594839.8750,41.457,605028.4375,1999.9000,
	2026/04/30 12:01:48	,	942397	,	1491	,10.285614,1999.9000,-0.03619173,-1191.0537,594839.8750,41.454,605028.4375,1999.9000,
	2026/04/30 12:01:48	,	943397	,	1492	,10.284988,1999.9000,-0.03619173,-1190.9780,594839.8750,41.455,605028.4375,1999.9000,
	2026/04/30 12:01:48	,	944397	,	1493	,10.284377,1999.9000,-0.03619175,-1191.2134,594839.8750,41.456,605028.4375,1999.9000,
	2026/04/30 12:01:48	,	945397	,	1494	,10.283764,1999.9000,-0.03619173,-1191.4095,594839.8750,41.458,605026.8750,1999.9000,
	2026/04/30 12:01:48	,	946397	,	1495	,10.283194,1999.9000,-0.03619173,-1191.5729,594947.1250,41.459,604937.8125,1999.9000,
	2026/04/30 12:01:48	,	947397	,	1496	,10.282544,1999.9000,-0.03592072,-1191.8086,594977.5000,41.460,604912.4375,1999.9000,
	2026/04/30 12:01:48	,	948397	,	1497	,10.281904,1999.9000,-0.03203216,-1192.0050,594989.2500,41.463,604829.0625,1999.9000,
	2026/04/30 12:01:48	,	949397	,	1498	,10.281251,1999.9000,-0.02980741,-1192.1687,595004.3750,41.466,604793.6875,1999.9000,
	2026/04/30 12:01:48	,	950397	,	1499	,10.277214,1999.9000,-0.02685159,-1192.3052,595265.3125,41.471,604703.4375,1999.9000,
	2026/04/30 12:01:48	,	951397	,	1500	,10.276796,1999.9000,-0.02017106,-1192.2198,595569.1250,41.475,604703.4375,1999.9000,
	2026/04/30 12:01:48	,	952397	,	1501	,10.276439,1999.9000,-0.01404515,-1191.8503,595569.1250,41.476,604703.4375,1999.9000,
	2026/04/30 12:01:48	,	953397	,	1502	,10.276067,1999.9000,-0.01404515,-1191.5424,595569.1250,41.476,604703.4375,1999.9000,
	2026/04/30 12:01:48	,	954397	,	1503	,10.275677,1999.9000,-0.01404515,-1191.2858,595569.1250,41.468,604703.4375,1999.9000,
	2026/04/30 12:01:48	,	955397	,	1504	,10.275337,1999.9000,-0.01404515,-1191.0719,595569.1250,41.462,604704.9375,1999.9000,
	2026/04/30 12:01:48	,	956397	,	1505	,10.274920,1999.9000,-0.01404513,-1190.6948,595453.0000,41.456,604716.9375,1999.9000,
	2026/04/30 12:01:48	,	957397	,	1506	,10.274423,1999.9000,-0.01407982,-1190.3805,595425.5625,41.452,604831.5000,1999.9000,
	2026/04/30 12:01:48	,	958397	,	1507	,10.273930,1999.9000,-0.01656610,-1190.3176,595408.5000,41.448,604859.8750,1999.9000,
	2026/04/30 12:01:48	,	959397	,	1508	,10.273405,1999.9000,-0.01750517,-1190.0663,595396.9375,41.445,604957.6875,1999.9000,
	2026/04/30 12:01:48	,	960397	,	1509	,10.272804,1999.9000,-0.02047358,-1189.8568,595210.4375,41.444,604988.5000,1999.9000,
	2026/04/30 12:01:48	,	961397	,	1510	,10.272183,1999.9000,-0.02598188,-1189.5826,594920.8750,41.451,605006.6250,1999.9000,
	2026/04/30 12:01:48	,	962397	,	1511	,10.271578,1999.9000,-0.03211408,-1189.4537,594920.8750,41.456,605015.7500,1999.9000,
	2026/04/30 12:01:48	,	963397	,	1512	,10.270914,1999.9000,-0.03211408,-1189.3463,594920.8750,41.461,605021.1875,1999.9000,
	2026/04/30 12:01:48	,	964397	,	1513	,10.266817,1999.9000,-0.03211406,-1189.2568,594920.8750,41.465,605024.8125,1999.9000,
	2026/04/30 12:01:48	,	965397	,	1514	,10.266400,1999.9000,-0.03211408,-1189.3812,594920.8750,41.470,605027.8750,1999.9000,
	2026/04/30 12:01:48	,	966397	,	1515	,10.266043,1999.9000,-0.03211408,-1189.2858,594922.8750,41.472,605017.8750,1999.9000,
	2026/04/30 12:01:48	,	967397	,	1516	,10.265693,1999.9000,-0.03211201,-1189.2063,594934.4375,41.474,604893.6875,1999.9000,
	2026/04/30 12:01:48	,	968397	,	1517	,10.265399,1999.9000,-0.02958053,-1189.1401,594944.9375,41.476,604863.4375,1999.9000,
	2026/04/30 12:01:48	,	969397	,	1518	,10.265044,1999.9000,-0.02734949,-1189.2839,594956.0625,41.477,604767.4375,1999.9000,
	2026/04/30 12:01:48	,	970397	,	1519	,10.264590,1999.9000,-0.02510584,-1189.4038,595162.1875,41.474,604737.8750,1999.9000,
	2026/04/30 12:01:48	,	971397	,	1520	,10.264142,1999.9000,-0.01958495,-1189.6031,595457.1250,41.471,604716.3125,1999.9000,
	2026/04/30 12:01:48	,	972397	,	1521	,10.263616,1999.9000,-0.01286030,-1189.7693,595457.1250,41.472,604705.5000,1999.9000,
	2026/04/30 12:01:48	,	973397	,	1522	,10.263038,1999.9000,-0.01199374,-1190.0072,595473.5625,41.474,604699.0000,1999.9000,
	2026/04/30 12:01:48	,	974397	,	1523	,10.262401,1999.9000,-0.01170488,-1190.2054,595479.0000,41.476,604694.6875,1999.9000,
	2026/04/30 12:01:48	,	975397	,	1524	,10.261742,1999.9000,-0.01156044,-1190.3706,595481.7500,41.479,604691.0625,1999.9000,
	2026/04/30 12:01:48	,	976397	,	1525	,10.261149,1999.9000,-0.01147378,-1190.5083,595483.4375,41.481,604697.7500,1999.9000,
	2026/04/30 12:01:48	,	977397	,	1526	,10.260555,1999.9000,-0.01141602,-1190.6230,595484.5000,41.480,604795.2500,1999.9000,
	2026/04/30 12:01:48	,	978397	,	1527	,10.259935,1999.9000,-0.01399473,-1191.0170,595471.6250,41.476,604822.1250,1999.9000,
	2026/04/30 12:01:48	,	979397	,	1528	,10.259296,1999.9000,-0.01655352,-1191.3455,595380.3125,41.476,604917.2500,1999.9000,
	2026/04/30 12:01:48	,	980397	,	1529	,10.258648,1999.9000,-0.01874675,-1191.6190,595374.0000,41.479,604956.8750,1999.9000,
	2026/04/30 12:01:48	,	981397	,	1530	,10.254544,1999.9000,-0.02334117,-1191.8470,595279.0000,41.481,605071.8750,1999.9000,
	2026/04/30 12:01:48	,	982397	,	1531	,10.254128,1999.9000,-0.03017295,-1191.9375,595029.9375,41.477,605071.8750,1999.9000,
	2026/04/30 12:01:48	,	983397	,	1532	,10.253710,1999.9000,-0.03299642,-1192.0129,594885.1250,41.471,605071.8750,1999.9000,
	2026/04/30 12:01:48	,	984397	,	1533	,10.253315,1999.9000,-0.03299642,-1192.0758,594885.1250,41.465,605071.8750,1999.9000,
	2026/04/30 12:01:48	,	985397	,	1534	,10.252907,1999.9000,-0.03299642,-1192.1282,594885.1250,41.464,605071.8750,1999.9000,
	2026/04/30 12:01:48	,	986397	,	1535	,10.252479,1999.9000,-0.03299642,-1192.1719,594885.1250,41.463,605060.0625,1999.9000,
	2026/04/30 12:01:48	,	987397	,	1536	,10.252014,1999.9000,-0.03299644,-1192.2084,594885.1250,41.462,604916.0000,1999.9000,
	2026/04/30 12:01:48	,	988397	,	1537	,10.251508,1999.9000,-0.02994606,-1192.0397,594977.5000,41.458,604880.6875,1999.9000,
	2026/04/30 12:01:48	,	989397	,	1538	,10.250961,1999.9000,-0.02722344,-1191.8992,594991.8750,41.453,604771.6875,1999.9000,
	2026/04/30 12:01:48	,	990397	,	1539	,10.250431,1999.9000,-0.02484745,-1191.7821,594999.9375,41.448,604739.3750,1999.9000,
	2026/04/30 12:01:48	,	991397	,	1540	,10.249812,1999.9000,-0.02066896,-1191.7839,595088.9375,41.444,604655.0625,1999.9000,
	2026/04/30 12:01:48	,	992397	,	1541	,10.245698,1999.9000,-0.01389389,-1191.6860,595345.1250,41.442,604655.0625,1999.9000,
	2026/04/30 12:01:48	,	993397	,	1542	,10.245429,1999.9000,-0.01032045,-1191.6045,595556.6250,41.440,604655.0625,1999.9000,
	2026/04/30 12:01:48	,	994397	,	1543	,10.245172,1999.9000,-0.01032045,-1191.5364,595556.6250,41.438,604655.0625,1999.9000,
	2026/04/30 12:01:48	,	995397	,	1544	,10.244923,1999.9000,-0.01032045,-1191.4799,595556.6250,41.437,604655.0625,1999.9000,
	2026/04/30 12:01:48	,	996397	,	1545	,10.244625,1999.9000,-0.01032045,-1191.4325,595556.6250,41.435,604663.4375,1999.9000,
	2026/04/30 12:01:48	,	997397	,	1546	,10.244253,1999.9000,-0.01032045,-1191.4927,595556.6250,41.437,604764.4375,1999.9000,
	2026/04/30 12:01:48	,	998397	,	1547	,10.243854,1999.9000,-0.01299898,-1191.5428,595436.8750,41.439,604786.1250,1999.9000,
	2026/04/30 12:01:48	,	999397	,	1548	,10.243437,1999.9000,-0.01530563,-1191.6841,595406.8125,41.445,604868.9375,1999.9000,
	2026/04/30 12:01:49	,	000397	,	1549	,10.242915,1999.9000,-0.01633922,-1191.7023,595389.1875,41.450,604907.6250,1999.9000,
	2026/04/30 12:01:49	,	001397	,	1550	,10.242326,1999.9000,-0.02082022,-1191.7175,595371.6250,41.459,605024.1250,1999.9000,
	2026/04/30 12:01:49	,	002397	,	1551	,10.241755,1999.9000,-0.02769613,-1191.7301,595128.8750,41.466,605024.1250,1999.9000,
	2026/04/30 12:01:49	,	003397	,	1552	,10.237744,1999.9000,-0.03206366,-1191.8402,594848.8125,41.474,605024.1250,1999.9000,
	2026/04/30 12:01:49	,	004397	,	1553	,10.237252,1999.9000,-0.03206366,-1191.8324,594848.8125,41.480,605024.1250,1999.9000,
	2026/04/30 12:01:49	,	005397	,	1554	,10.236899,1999.9000,-0.03206369,-1191.6270,594848.8125,41.485,605024.1250,1999.9000,
	2026/04/30 12:01:49	,	006397	,	1555	,10.236575,1999.9000,-0.03206366,-1191.4558,594848.8125,41.490,605019.7500,1999.9000,
	2026/04/30 12:01:49	,	007397	,	1556	,10.236224,1999.9000,-0.03206366,-1191.2136,594848.8125,41.493,604918.4375,1999.9000,
	2026/04/30 12:01:49	,	008397	,	1557	,10.235842,1999.9000,-0.02891877,-1190.9124,594945.3750,41.492,604882.8125,1999.9000,
	2026/04/30 12:01:49	,	009397	,	1558	,10.235445,1999.9000,-0.02647344,-1190.6613,594968.0000,41.481,604777.1250,1999.9000,
	2026/04/30 12:01:49	,	010397	,	1559	,10.235029,1999.9000,-0.02555330,-1190.4520,594975.9375,41.473,604748.7500,1999.9000,
	2026/04/30 12:01:49	,	011397	,	1560	,10.234548,1999.9000,-0.02201136,-1190.2778,594989.1250,41.466,604729.8125,1999.9000,
	2026/04/30 12:01:49	,	012397	,	1561	,10.234008,1999.9000,-0.01562077,-1190.1324,595221.1875,41.459,604716.8750,1999.9000,
	2026/04/30 12:01:49	,	013397	,	1562	,10.233416,1999.9000,-0.00952006,-1190.0115,595524.5000,41.454,604709.0625,1999.9000,
	2026/04/30 12:01:49	,	014397	,	1563	,10.232812,1999.9000,-0.00952006,-1189.9106,595524.5000,41.453,604703.9375,1999.9000,
	2026/04/30 12:01:49	,	015397	,	1564	,10.232194,1999.9000,-0.00952004,-1189.7271,595524.5000,41.468,604699.6250,1999.9000,
	2026/04/30 12:01:49	,	016397	,	1565	,10.231560,1999.9000,-0.00952006,-1189.9719,595524.5000,41.480,604696.0625,1999.9000,
	2026/04/30 12:01:49	,	017397	,	1566	,10.227496,1999.9000,-0.00952006,-1190.1760,595524.5000,41.490,604703.8125,1999.9000,
	2026/04/30 12:01:49	,	018397	,	1567	,10.227095,1999.9000,-0.00959150,-1190.3462,595513.8125,41.498,604799.4375,1999.9000,
	2026/04/30 12:01:49	,	019397	,	1568	,10.226712,1999.9000,-0.01250737,-1189.9906,595389.1875,41.497,604835.1250,1999.9000,
	2026/04/30 12:01:49	,	020397	,	1569	,10.226418,1999.9000,-0.01349685,-1189.6942,595378.1875,41.495,604941.3750,1999.9000,
	2026/04/30 12:01:49	,	021397	,	1570	,10.226044,1999.9000,-0.01676149,-1189.3478,595369.5625,41.493,604978.5625,1999.9000,
	2026/04/30 12:01:49	,	022397	,	1571	,10.225690,1999.9000,-0.02258489,-1189.0591,595218.8125,41.492,604997.1875,1999.9000,
	2026/04/30 12:01:49	,	023397	,	1572	,10.225306,1999.9000,-0.02886206,-1188.9180,594938.2500,41.492,605006.4375,1999.9000,
	2026/04/30 12:01:49	,	024397	,	1573	,10.224821,1999.9000,-0.02904798,-1188.8003,594916.7500,41.489,605012.0000,1999.9000,
	2026/04/30 12:01:49	,	025397	,	1574	,10.224230,1999.9000,-0.02910996,-1188.7024,594909.6250,41.484,605015.7500,1999.9000,
	2026/04/30 12:01:49	,	026397	,	1575	,10.223607,1999.9000,-0.02914093,-1189.3170,594906.0000,41.479,605018.8750,1999.9000,
	2026/04/30 12:01:49	,	027397	,	1576	,10.222979,1999.9000,-0.02915953,-1189.8292,594903.8750,41.474,605009.0000,1999.9000,
	2026/04/30 12:01:49	,	028397	,	1577	,10.222365,1999.9000,-0.02917191,-1190.2561,594902.4375,41.469,605009.0000,1999.9000,
	2026/04/30 12:01:49	,	029397	,	1578	,10.221742,1999.9000,-0.02663733,-1190.7112,594914.3125,41.466,604885.8750,1999.9000,
	2026/04/30 12:01:49	,	030397	,	1579	,10.221107,1999.9000,-0.02441258,-1191.1899,595004.3750,41.463,604848.1250,1999.9000,
	2026/04/30 12:01:49	,	031397	,	1580	,10.220446,1999.9000,-0.02220045,-1191.4895,595013.5625,41.459,604737.8125,1999.9000,
	2026/04/30 12:01:49	,	032397	,	1581	,10.216177,1999.9000,-0.01658502,-1191.8386,595151.5000,41.455,604710.0625,1999.9000,
	2026/04/30 12:01:49	,	033397	,	1582	,10.215834,1999.9000,-0.01003684,-1192.2290,595441.0625,41.452,604696.7500,1999.9000,
	2026/04/30 12:01:49	,	034397	,	1583	,10.215481,1999.9000,-0.00899064,-1192.9521,595478.6250,41.449,604690.1250,1999.9000,
	2026/04/30 12:01:49	,	035397	,	1584	,10.215216,1999.9000,-0.00864192,-1193.5548,595491.1250,41.441,604686.1250,1999.9000,
	2026/04/30 12:01:49	,	036397	,	1585	,10.214926,1999.9000,-0.00846756,-1194.0570,595497.3125,41.434,604681.2500,1999.9000,
	2026/04/30 12:01:49	,	037397	,	1586	,10.214628,1999.9000,-0.00836292,-1194.4755,595501.0625,41.429,604681.2500,1999.9000,
	2026/04/30 12:01:49	,	038397	,	1587	,10.214276,1999.9000,-0.00829319,-1194.7247,595503.5625,41.424,604692.8750,1999.9000,
	2026/04/30 12:01:49	,	039397	,	1588	,10.213862,1999.9000,-0.00862795,-1194.2362,595417.2500,41.428,604814.0000,1999.9000,
	2026/04/30 12:01:49	,	040397	,	1589	,10.213310,1999.9000,-0.01236874,-1193.7296,595398.1875,41.431,604838.1250,1999.9000,
	2026/04/30 12:01:49	,	041397	,	1590	,10.212741,1999.9000,-0.01325736,-1193.2079,595387.2500,41.440,604925.6875,1999.9000,
	2026/04/30 12:01:49	,	042397	,	1591	,10.212182,1999.9000,-0.01872154,-1192.5742,595287.9375,41.449,604962.5625,1999.9000,
	2026/04/30 12:01:49	,	043397	,	1592	,10.211592,1999.9000,-0.02538943,-1192.0461,595043.6250,41.463,605059.1875,1999.9000,
	2026/04/30 12:01:49	,	044397	,	1593	,10.210941,1999.9000,-0.02811206,-1191.6061,594870.8750,41.463,605059.1875,1999.9000,
	2026/04/30 12:01:49	,	045397	,	1594	,10.206586,1999.9000,-0.02811206,-1191.1400,594870.8750,41.468,605059.1875,1999.9000,
	2026/04/30 12:01:49	,	046397	,	1595	,10.206094,1999.9000,-0.02811206,-1190.7516,594870.8750,41.472,605059.1875,1999.9000,
	2026/04/30 12:01:49	,	047397	,	1596	,10.205761,1999.9000,-0.02811206,-1190.4279,594870.8750,41.476,605059.1875,1999.9000,
	2026/04/30 12:01:49	,	048397	,	1597	,10.205423,1999.9000,-0.02811206,-1190.2574,594870.8750,41.469,604976.4375,1999.9000,
	2026/04/30 12:01:49	,	049397	,	1598	,10.205084,1999.9000,-0.02537685,-1190.3146,594962.0000,41.461,604942.0000,1999.9000,
	2026/04/30 12:01:49	,	050397	,	1599	,10.204774,1999.9000,-0.02309537,-1191.1578,594980.7500,41.454,604854.4375,1999.9000,
	2026/04/30 12:01:49	,	051397	,	1600	,10.204390,1999.9000,-0.02206809,-1191.8606,594989.9375,41.449,604819.4375,1999.9000,
	2026/04/30 12:01:49	,	052397	,	1601	,10.203926,1999.9000,-0.01679930,-1192.5458,595075.2500,41.444,604715.5000,1999.9000,
	2026/04/30 12:01:49	,	053397	,	1602	,10.203445,1999.9000,-0.01008096,-1193.1167,595328.4375,41.441,604684.3750,1999.9000,
	2026/04/30 12:01:49	,	054397	,	1603	,10.203015,1999.9000,-0.00628693,-1193.5925,595555.5000,41.441,604674.0000,1999.9000,
	2026/04/30 12:01:49	,	055397	,	1604	,10.202510,1999.9000,-0.00628693,-1193.8895,595555.5000,41.444,604668.8125,1999.9000,
	2026/04/30 12:01:49	,	056397	,	1605	,10.201942,1999.9000,-0.00628693,-1193.7391,595555.5000,41.446,604665.7500,1999.9000,
	2026/04/30 12:01:49	,	057397	,	1606	,10.201297,1999.9000,-0.00628693,-1193.6138,595555.5000,41.448,604663.6250,1999.9000,
	2026/04/30 12:01:49	,	058397	,	1607	,10.197143,1999.9000,-0.00628693,-1193.5093,595555.5000,41.455,604672.3750,1999.9000,
	2026/04/30 12:01:49	,	059397	,	1608	,10.196591,1999.9000,-0.00906629,-1193.4224,595435.1250,41.462,604779.5000,1999.9000,
	2026/04/30 12:01:49	,	060397	,	1609	,10.196110,1999.9000,-0.01158724,-1193.3499,595408.5625,41.468,604804.5625,1999.9000,
	2026/04/30 12:01:49	,	061397	,	1610	,10.195689,1999.9000,-0.01377416,-1193.2894,595394.0000,41.474,604890.0625,1999.9000,
	2026/04/30 12:01:49	,	062397	,	1611	,10.195689,1999.9000,-0.01735391,-1193.2391,595378.6250,41.477,604924.5000,1999.9000,
	2026/04/30 12:01:49	,	063397	,	1612	,10.195235,1999.9000,-0.02406595,-1193.3960,595157.4375,41.480,605044.1250,1999.9000,
	2026/04/30 12:01:49	,	064397	,	1613	,10.194829,1999.9000,-0.02826332,-1193.5267,594867.2500,41.473,605044.1250,1999.9000,
	2026/04/30 12:01:49	,	065397	,	1614	,10.194464,1999.9000,-0.02826332,-1193.6357,594867.2500,41.477,605044.1250,1999.9000,
	2026/04/30 12:01:49	,	066397	,	1615	,10.194076,1999.9000,-0.02826332,-1193.7266,594867.2500,41.479,605044.1250,1999.9000,
	2026/04/30 12:01:49	,	067397	,	1616	,10.193615,1999.9000,-0.02826332,-1193.9019,594867.2500,41.479,605044.1250,1999.9000,
	2026/04/30 12:01:49	,	068397	,	1617	,10.193121,1999.9000,-0.02826334,-1194.0479,594867.2500,41.472,605038.1875,1999.9000,
	2026/04/30 12:01:49	,	069397	,	1618	,10.192565,1999.9000,-0.02533901,-1194.1694,594879.3125,41.466,604928.1250,1999.9000,
	2026/04/30 12:01:49	,	070397	,	1619	,10.191974,1999.9000,-0.02290632,-1194.2708,594993.0000,41.462,604894.6250,1999.9000,
	2026/04/30 12:01:49	,	071397	,	1620	,10.191416,1999.9000,-0.02191683,-1194.0568,595000.1250,41.458,604792.8125,1999.9000,
	2026/04/30 12:01:49	,	072397	,	1621	,10.190841,1999.9000,-0.01792112,-1193.8784,595012.3125,41.455,604760.1875,1999.9000,
	2026/04/30 12:01:49	,	073397	,	1622	,10.190263,1999.9000,-0.01147378,-1193.7300,595221.8125,41.452,604658.1250,1999.9000,
	2026/04/30 12:01:49	,	074397	,	1623	,10.186090,1999.9000,-0.00592769,-1193.5067,595520.3125,41.447,604658.1250,1999.9000,
	2026/04/30 12:01:49	,	075397	,	1624	,10.185674,1999.9000,-0.00592769,-1192.9227,595520.3125,41.441,604658.1250,1999.9000,
	2026/04/30 12:01:49	,	076397	,	1625	,10.185346,1999.9000,-0.00592769,-1192.3367,595520.3125,41.437,604658.1250,1999.9000,
	2026/04/30 12:01:49	,	077397	,	1626	,10.185025,1999.9000,-0.00592769,-1191.8481,595520.3125,41.434,604658.1250,1999.9000,
	2026/04/30 12:01:49	,	078397	,	1627	,10.184714,1999.9000,-0.00592769,-1191.4412,595520.3125,41.432,604663.8750,1999.9000,
	2026/04/30 12:01:49	,	079397	,	1628	,10.184328,1999.9000,-0.00622286,-1191.1019,595513.7500,41.430,604769.8750,1999.9000,
	2026/04/30 12:01:49	,	080397	,	1629	,10.183891,1999.9000,-0.00978474,-1190.8192,595410.0625,41.428,604801.0000,1999.9000,
	2026/04/30 12:01:49	,	081397	,	1630	,10.183454,1999.9000,-0.01066393,-1190.5837,595394.8750,41.427,604887.6250,1999.9000,
	2026/04/30 12:01:49	,	082397	,	1631	,10.182911,1999.9000,-0.01395063,-1190.3873,595381.8750,41.427,604921.5000,1999.9000,
	2026/04/30 12:01:49	,	083397	,	1632	,10.182329,1999.9000,-0.02026561,-1190.2239,595239.0625,41.428,605033.8750,1999.9000,
	2026/04/30 12:01:49	,	084397	,	1633	,10.181745,1999.9000,-0.02659949,-1190.0875,594978.7500,41.431,605033.8750,1999.9000,
	2026/04/30 12:01:49	,	085397	,	1634	,10.181129,1999.9000,-0.02659949,-1190.2723,594951.9375,41.435,605033.8750,1999.9000,
	2026/04/30 12:01:49	,	086397	,	1635	,10.177125,1999.9000,-0.02659949,-1190.1278,594938.5000,41.442,605033.8750,1999.9000,
	2026/04/30 12:01:49	,	087397	,	1636	,10.176782,1999.9000,-0.02659949,-1190.2065,594938.5000,41.442,605033.8750,1999.9000,
	2026/04/30 12:01:49	,	088397	,	1637	,10.176518,1999.9000,-0.02659949,-1190.2721,594935.8125,41.444,605033.5625,1999.9000,
	2026/04/30 12:01:49	,	089397	,	1638	,10.176201,1999.9000,-0.02633796,-1190.1277,594934.0625,41.445,605020.9375,1999.9000,
	2026/04/30 12:01:49	,	090397	,	1639	,10.175879,1999.9000,-0.02239581,-1190.0076,594946.6250,41.445,604893.6875,1999.9000,
	2026/04/30 12:01:49	,	091397	,	1640	,10.175555,1999.9000,-0.02025932,-1189.9072,595032.9375,41.446,604859.8750,1999.9000,
	2026/04/30 12:01:49	,	092397	,	1641	,10.175107,1999.9000,-0.01814172,-1189.8237,595038.2500,41.448,604750.5000,1999.9000,
	2026/04/30 12:01:49	,	093397	,	1642	,10.174569,1999.9000,-0.01263342,-1189.7542,595139.5625,41.449,604721.8125,1999.9000,
	2026/04/30 12:01:49	,	094397	,	1643	,10.173996,1999.9000,-0.00629954,-1189.6960,595423.8125,41.450,604712.2500,1999.9000,
	2026/04/30 12:01:49	,	095397	,	1644	,10.173435,1999.9000,-0.00562834,-1189.6477,595530.4375,41.451,604707.5000,1999.9000,
	2026/04/30 12:01:49	,	096397	,	1645	,10.172889,1999.9000,-0.00540462,-1189.6074,595530.4375,41.452,604704.6250,1999.9000,
	2026/04/30 12:01:49	,	097397	,	1646	,10.172323,1999.9000,-0.00529275,-1189.5739,595530.4375,41.450,604702.6875,1999.9000,
	2026/04/30 12:01:49	,	098397	,	1647	,10.171709,1999.9000,-0.00522563,-1189.5459,595530.4375,41.448,604701.8750,1999.9000,
	2026/04/30 12:01:49	,	099397	,	1648	,10.171058,1999.9000,-0.00518090,-1189.6221,595530.4375,41.449,604712.8750,1999.9000,
	2026/04/30 12:01:49	,	100397	,	1649	,10.166937,1999.9000,-0.00766714,-1189.6854,595419.0000,41.452,604832.6875,1999.9000,
	2026/04/30 12:01:49	,	101397	,	1650	,10.166504,1999.9000,-0.00990450,-1189.7384,595394.2500,41.455,604863.5000,1999.9000,
	2026/04/30 12:01:49	,	102397	,	1651	,10.166142,1999.9000,-0.01209143,-1189.7823,595384.2500,41.456,604963.7500,1999.9000,
	2026/04/30 12:01:49	,	103397	,	1652	,10.165805,1999.9000,-0.01711442,-1189.8192,595364.6250,41.455,604997.3125,1999.9000,
	2026/04/30 12:01:49	,	104397	,	1653	,10.165453,1999.9000,-0.02399662,-1189.8497,595080.0000,41.454,605022.0000,1999.9000,
	2026/04/30 12:01:49	,	105397	,	1654	,10.165040,1999.9000,-0.02462056,-1189.8752,594859.5000,41.456,605034.3125,1999.9000,
	2026/04/30 12:01:49	,	106397	,	1655	,10.164527,1999.9000,-0.02482853,-1189.8965,594859.5000,41.457,605041.6875,1999.9000,
	2026/04/30 12:01:49	,	107397	,	1656	,10.163996,1999.9000,-0.02493252,-1189.9142,594859.5000,41.459,605046.6250,1999.9000,
	2026/04/30 12:01:49	,	108397	,	1657	,10.163533,1999.9000,-0.02499492,-1189.9290,594859.5000,41.460,605050.8125,1999.9000,
	2026/04/30 12:01:49	,	109397	,	1658	,10.163017,1999.9000,-0.02503652,-1189.7423,594859.5000,41.459,605039.1250,1999.9000,
	2026/04/30 12:01:49	,	110397	,	1659	,10.162504,1999.9000,-0.02503652,-1189.5868,594954.8750,41.457,604896.1250,1999.9000,
	2026/04/30 12:01:49	,	111397	,	1660	,10.162002,1999.9000,-0.02233908,-1189.4572,594978.1250,41.457,604861.3750,1999.9000,
	2026/04/30 12:01:49	,	112397	,	1661	,10.161434,1999.9000,-0.01998830,-1189.5481,594994.0000,41.460,604764.4375,1999.9000,
	2026/04/30 12:01:49	,	113397	,	1662	,10.160783,1999.9000,-0.01906501,-1189.7234,595081.8125,41.463,604738.4375,1999.9000,
	2026/04/30 12:01:49	,	114397	,	1663	,10.156510,1999.9000,-0.01386868,-1190.5658,595315.3125,41.465,604718.7500,1999.9000,
	2026/04/30 12:01:49	,	115397	,	1664	,10.155914,1999.9000,-0.00713145,-1191.2678,595599.0000,41.468,604708.8125,1999.9000,
	2026/04/30 12:01:49	,	116397	,	1665	,10.155568,1999.9000,-0.00331221,-1191.8528,595599.0000,41.471,604702.8750,1999.9000,
	2026/04/30 12:01:49	,	117397	,	1666	,10.155305,1999.9000,-0.00331221,-1192.3402,595599.0000,41.473,604698.9375,1999.9000,
	2026/04/30 12:01:49	,	118397	,	1667	,10.155009,1999.9000,-0.00331221,-1192.7465,595599.0000,41.476,604695.6875,1999.9000,
	2026/04/30 12:01:49	,	119397	,	1668	,10.154738,1999.9000,-0.00331221,-1193.0850,595599.0000,41.487,604703.2500,1999.9000,
	2026/04/30 12:01:49	,	120397	,	1669	,10.154393,1999.9000,-0.00331223,-1192.6708,595474.4375,41.497,604799.4375,1999.9000,
	2026/04/30 12:01:49	,	121397	,	1670	,10.153982,1999.9000,-0.00577643,-1192.2261,595445.8125,41.506,604828.4375,1999.9000,
	2026/04/30 12:01:49	,	122397	,	1671	,10.153510,1999.9000,-0.00672810,-1191.8556,595427.0000,41.504,604935.3750,1999.9000,
	2026/04/30 12:01:49	,	123397	,	1672	,10.152927,1999.9000,-0.00904737,-1191.4474,595407.0625,41.508,604971.6250,1999.9000,
	2026/04/30 12:01:49	,	124397	,	1673	,10.152304,1999.9000,-0.01223638,-1191.1072,595171.7500,41.512,605077.8750,1999.9000,
	2026/04/30 12:01:49	,	125397	,	1674	,10.151685,1999.9000,-0.01863328,-1190.8236,594881.6250,41.520,605077.8750,1999.9000,
	2026/04/30 12:01:49	,	126397	,	1675	,10.151030,1999.9000,-0.02402812,-1190.6869,594881.6250,41.526,605077.8750,1999.9000,
	2026/04/30 12:01:49	,	127397	,	1676	,10.146681,1999.9000,-0.02402812,-1190.5729,594881.6250,41.528,605077.8750,1999.9000,
	2026/04/30 12:01:49	,	128397	,	1677	,10.146174,1999.9000,-0.02402812,-1190.6769,594881.6250,41.529,605077.8750,1999.9000,
	2026/04/30 12:01:49	,	129397	,	1678	,10.145747,1999.9000,-0.02402812,-1190.9625,594881.6250,41.526,605065.0625,1999.9000,
	2026/04/30 12:01:49	,	130397	,	1679	,10.145348,1999.9000,-0.02402814,-1191.2999,594890.5000,41.523,604929.9375,1999.9000,
	2026/04/30 12:01:49	,	131397	,	1680	,10.145007,1999.9000,-0.02106602,-1191.2999,595001.3750,41.523,604894.0000,1999.9000,
	2026/04/30 12:01:49	,	132397	,	1681	,10.144670,1999.9000,-0.01853245,-1191.5811,595008.5000,41.521,604788.0000,1999.9000,
	2026/04/30 12:01:49	,	133397	,	1682	,10.144280,1999.9000,-0.01630772,-1191.8153,595017.0625,41.517,604756.3125,1999.9000,
	2026/04/30 12:01:49	,	134397	,	1683	,10.143862,1999.9000,-0.01308719,-1192.0106,595200.3125,41.510,604670.2500,1999.9000,
	2026/04/30 12:01:49	,	135397	,	1684	,10.143397,1999.9000,-0.00640037,-1192.1733,595496.5000,41.502,604670.2500,1999.9000,
	2026/04/30 12:01:49	,	136397	,	1685	,10.142882,1999.9000,-0.00083536,-1192.4086,595496.5000,41.495,604670.2500,1999.9000,
	2026/04/30 12:01:49	,	137397	,	1686	,10.142398,1999.9000,-0.00083536,-1192.6044,595496.5000,41.488,604670.2500,1999.9000,
	2026/04/30 12:01:49	,	138397	,	1687	,10.141866,1999.9000,-0.00083536,-1192.7676,595496.5000,41.489,604670.2500,1999.9000,
	2026/04/30 12:01:49	,	139397	,	1688	,10.141253,1999.9000,-0.00083536,-1192.9037,595496.5000,41.487,604676.3750,1999.9000,
	2026/04/30 12:01:49	,	140397	,	1689	,10.140604,1999.9000,-0.00083538,-1192.4202,595495.3750,41.482,604779.5000,1999.9000,
	2026/04/30 12:01:49	,	141397	,	1690	,10.136433,1999.9000,-0.00116416,-1191.9178,595407.6875,41.475,604804.5625,1999.9000,
	2026/04/30 12:01:49	,	142397	,	1691	,10.135926,1999.9000,-0.00501385,-1191.5988,595392.1875,41.469,604894.8750,1999.9000,
	2026/04/30 12:01:49	,	143397	,	1692	,10.135550,1999.9000,-0.00599702,-1191.6312,595383.6875,41.470,604928.3750,1999.9000,
	2026/04/30 12:01:49	,	144397	,	1693	,10.135152,1999.9000,-0.00952635,-1191.6582,595260.5625,41.471,605036.8125,1999.9000,
	2026/04/30 12:01:49	,	145397	,	1694	,10.134789,1999.9000,-0.01577202,-1191.6807,594991.2500,41.471,605036.8125,1999.9000,
	2026/04/30 12:01:49	,	146397	,	1695	,10.134442,1999.9000,-0.02205549,-1191.6995,594897.1250,41.470,605036.8125,1999.9000,
	2026/04/30 12:01:49	,	147397	,	1696	,10.134089,1999.9000,-0.02205549,-1191.7151,594897.1250,41.468,605036.8125,1999.9000,
	2026/04/30 12:01:49	,	148397	,	1697	,10.133660,1999.9000,-0.02205549,-1191.8276,594897.1250,41.466,605036.8125,1999.9000,
	2026/04/30 12:01:49	,	149397	,	1698	,10.133213,1999.9000,-0.02205549,-1192.3193,594897.1250,41.466,605035.6875,1999.9000,
	2026/04/30 12:01:49	,	150397	,	1699	,10.132807,1999.9000,-0.02205549,-1192.7291,594897.1250,41.466,605022.5625,1999.9000,
	2026/04/30 12:01:49	,	151397	,	1700	,10.132344,1999.9000,-0.02186956,-1193.0706,594986.5000,41.465,604878.6250,1999.9000,
	2026/04/30 12:01:49	,	152397	,	1701	,10.131834,1999.9000,-0.01824885,-1193.3551,594998.0625,41.463,604841.7500,1999.9000,
	2026/04/30 12:01:49	,	153397	,	1702	,10.131285,1999.9000,-0.01603670,-1193.7911,595006.7500,41.464,604754.8125,1999.9000,
	2026/04/30 12:01:49	,	154397	,	1703	,10.130683,1999.9000,-0.01358509,-1194.1545,595120.5000,41.464,604728.5000,1999.9000,
	2026/04/30 12:01:49	,	155397	,	1704	,10.126574,1999.9000,-0.00769235,-1194.4574,595395.8125,41.463,604715.3125,1999.9000,
	2026/04/30 12:01:49	,	156397	,	1705	,10.126037,1999.9000,-0.00147191,-1195.0082,595542.9375,41.462,604708.6875,1999.9000,
	2026/04/30 12:01:49	,	157397	,	1706	,10.125669,1999.9000,-0.00147191,-1195.1687,595542.9375,41.461,604704.7500,1999.9000,
	2026/04/30 12:01:49	,	158397	,	1707	,10.125293,1999.9000,-0.00147191,-1195.0040,595542.9375,41.460,604702.0625,1999.9000,
	2026/04/30 12:01:49	,	159397	,	1708	,10.124840,1999.9000,-0.00147191,-1194.3695,595542.9375,41.460,604699.8750,1999.9000,
	2026/04/30 12:01:49	,	160397	,	1709	,10.124403,1999.9000,-0.00147189,-1193.8407,595542.9375,41.464,604709.5000,1999.9000,
	2026/04/30 12:01:49	,	161397	,	1710	,10.123897,1999.9000,-0.00155803,-1193.8973,595438.6875,41.467,604809.6875,1999.9000,
	2026/04/30 12:01:49	,	162397	,	1711	,10.123409,1999.9000,-0.00463571,-1193.9446,595413.6875,41.470,604836.8750,1999.9000,
	2026/04/30 12:01:49	,	163397	,	1712	,10.122928,1999.9000,-0.00675331,-1193.4866,595402.1250,41.472,604927.5625,1999.9000,
	2026/04/30 12:01:49	,	164397	,	1713	,10.122423,1999.9000,-0.00774908,-1193.1049,595383.3125,41.476,604968.0000,1999.9000,
	2026/04/30 12:01:49	,	165397	,	1714	,10.121928,1999.9000,-0.01386868,-1192.7869,595114.5625,41.480,604989.9375,1999.9000,
	2026/04/30 12:01:49	,	166397	,	1715	,10.121447,1999.9000,-0.02042316,-1192.5219,594847.0000,41.484,605000.8750,1999.9000,
	2026/04/30 12:01:49	,	167397	,	1716	,10.120911,1999.9000,-0.02137798,-1192.7983,594847.0000,41.487,605007.4375,1999.9000,
	2026/04/30 12:01:49	,	168397	,	1717	,10.120345,1999.9000,-0.02169624,-1193.0288,594847.0000,41.488,605011.8125,1999.9000,
	2026/04/30 12:01:49	,	169397	,	1718	,10.119740,1999.9000,-0.02185538,-1193.2207,594847.0000,41.491,605015.5000,1999.9000,
	2026/04/30 12:01:49	,	170397	,	1719	,10.119142,1999.9000,-0.02195088,-1193.3806,594847.0000,41.491,605005.6250,1999.9000,
	2026/04/30 12:01:49	,	171397	,	1720	,10.118538,1999.9000,-0.02201452,-1193.0166,594943.0000,41.492,604887.6250,1999.9000,
	2026/04/30 12:01:49	,	172397	,	1721	,10.114301,1999.9000,-0.01958495,-1192.7133,594968.0000,41.489,604860.7500,1999.9000,
	2026/04/30 12:01:49	,	173397	,	1722	,10.113689,1999.9000,-0.01714592,-1192.9579,594981.6875,41.487,604770.5000,1999.9000,
	2026/04/30 12:01:49	,	174397	,	1723	,10.113288,1999.9000,-0.01487707,-1193.1617,595000.8750,41.485,604740.2500,1999.9000,
	2026/04/30 12:01:49	,	175397	,	1724	,10.112916,1999.9000,-0.01006205,-1193.3315,595285.5625,41.480,604716.1250,1999.9000,
	2026/04/30 12:01:49	,	176397	,	1725	,10.112495,1999.9000,-0.00346978,-1192.9757,595587.6250,41.476,604704.0625,1999.9000,
	2026/04/30 12:01:49	,	177397	,	1726	,10.112081,1999.9000,-0.00055177,-1192.6792,595587.6250,41.473,604696.8125,1999.9000,
	2026/04/30 12:01:49	,	178397	,	1727	,10.111627,1999.9000,-0.00055177,-1192.9294,595587.6250,41.466,604692.0000,1999.9000,
	2026/04/30 12:01:49	,	179397	,	1728	,10.111213,1999.9000,-0.00055175,-1193.1379,595587.6250,41.460,604688.0000,1999.9000,
	2026/04/30 12:01:49	,	180397	,	1729	,10.110720,1999.9000,-0.00055177,-1193.3118,595587.6250,41.454,604694.6875,1999.9000,
	2026/04/30 12:01:49	,	181397	,	1730	,10.110185,1999.9000,-0.00055177,-1193.4565,595475.0000,41.450,604784.3750,1999.9000,
	2026/04/30 12:01:49	,	182397	,	1731	,10.109704,1999.9000,-0.00324289,-1193.1794,595440.1875,41.447,604784.3750,1999.9000,
	2026/04/30 12:01:49	,	183397	,	1732	,10.109179,1999.9000,-0.00582056,-1192.7494,595418.4375,41.442,604813.3750,1999.9000,
	2026/04/30 12:01:49	,	184397	,	1733	,10.108603,1999.9000,-0.00817133,-1192.3911,595401.6250,41.435,604913.0000,1999.9000,
	2026/04/30 12:01:49	,	185397	,	1734	,10.108018,1999.9000,-0.01248216,-1192.2915,595203.3125,41.430,604947.1250,1999.9000,
	2026/04/30 12:01:49	,	186397	,	1735	,10.107431,1999.9000,-0.01939588,-1192.0095,594921.5000,41.425,605055.5625,1999.9000,
	2026/04/30 12:01:49	,	187397	,	1736	,10.106784,1999.9000,-0.02204288,-1191.7747,594921.5000,41.427,605055.5625,1999.9000,
	2026/04/30 12:01:49	,	188397	,	1737	,10.106140,1999.9000,-0.02204288,-1191.5789,594921.5000,41.432,605055.5625,1999.9000,
	2026/04/30 12:01:49	,	189397	,	1738	,10.102087,1999.9000,-0.02204288,-1191.4158,594921.5000,41.429,605055.5625,1999.9000,
	2026/04/30 12:01:49	,	190397	,	1739	,10.101506,1999.9000,-0.02204288,-1191.3792,594921.5000,41.426,605055.5625,1999.9000,
	2026/04/30 12:01:49	,	191397	,	1740	,10.101183,1999.9000,-0.02204286,-1191.3488,594923.8750,41.423,605044.5000,1999.9000,
	2026/04/30 12:01:49	,	192397	,	1741	,10.100888,1999.9000,-0.01887279,-1191.5223,594936.4375,41.421,604926.9375,1999.9000,
	2026/04/30 12:01:49	,	193397	,	1742	,10.100544,1999.9000,-0.01627621,-1191.6670,595022.8125,41.426,604896.4375,1999.9000,
	2026/04/30 12:01:49	,	194397	,	1743	,10.100151,1999.9000,-0.01524262,-1191.5886,595029.6875,41.429,604803.0625,1999.9000,
	2026/04/30 12:01:49	,	195397	,	1744	,10.099803,1999.9000,-0.01079943,-1191.5233,595180.0625,41.428,604766.8750,1999.9000,
	2026/04/30 12:01:49	,	196397	,	1745	,10.099414,1999.9000,-0.00399918,-1191.6677,595465.5000,41.426,604661.1250,1999.9000,
	2026/04/30 12:01:49	,	197397	,	1746	,10.098922,1999.9000,0.00116248,-1191.7882,595486.6250,41.425,604661.1250,1999.9000,
	2026/04/30 12:01:49	,	198397	,	1747	,10.098396,1999.9000,0.00116248,-1191.7889,595493.6875,41.427,604661.1250,1999.9000,
	2026/04/30 12:01:49	,	199397	,	1748	,10.097854,1999.9000,0.00116250,-1191.7897,595497.1875,41.429,604661.1250,1999.9000,
	2026/04/30 12:01:49	,	200397	,	1749	,10.097353,1999.9000,0.00116248,-1191.7903,595499.3125,41.432,604661.1250,1999.9000,
	2026/04/30 12:01:49	,	201397	,	1750	,10.096816,1999.9000,0.00116248,-1191.4924,595500.7500,41.435,604670.6250,1999.9000,
	2026/04/30 12:01:49	,	202397	,	1751	,10.096225,1999.9000,-0.00205173,-1191.1448,595488.7500,41.440,604780.7500,1999.9000,
	2026/04/30 12:01:49	,	203397	,	1752	,10.095558,1999.9000,-0.00504535,-1190.8551,595393.3750,41.444,604814.3125,1999.9000,
	2026/04/30 12:01:49	,	204397	,	1753	,10.091274,1999.9000,-0.00739615,-1191.0115,595385.0000,41.449,604919.6875,1999.9000,
	2026/04/30 12:01:49	,	205397	,	1754	,10.090917,1999.9000,-0.01028893,-1190.7438,595286.6875,41.454,604949.3125,1999.9000,
	2026/04/30 12:01:49	,	206397	,	1755	,10.090579,1999.9000,-0.01665436,-1190.4214,595020.3750,41.457,605048.9375,1999.9000,
	2026/04/30 12:01:49	,	207397	,	1756	,10.090217,1999.9000,-0.02252817,-1190.1527,594898.8750,41.459,605048.9375,1999.9000,
	2026/04/30 12:01:49	,	208397	,	1757	,10.089887,1999.9000,-0.02252817,-1189.9287,594898.8750,41.460,605048.9375,1999.9000,
	2026/04/30 12:01:49	,	209397	,	1758	,10.089547,1999.9000,-0.02252815,-1189.8416,594898.8750,41.461,605048.9375,1999.9000,
	2026/04/30 12:01:49	,	210397	,	1759	,10.089126,1999.9000,-0.02252817,-1190.2664,594898.8750,41.460,605048.9375,1999.9000,
	2026/04/30 12:01:49	,	211397	,	1760	,10.088715,1999.9000,-0.02252817,-1190.6204,594898.8750,41.458,605043.6250,1999.9000,
	2026/04/30 12:01:49	,	212397	,	1761	,10.088278,1999.9000,-0.02218785,-1190.9153,594985.2500,41.455,604905.5000,1999.9000,
	2026/04/30 12:01:49	,	213397	,	1762	,10.087764,1999.9000,-0.01798415,-1191.1611,594996.8750,41.452,604905.5000,1999.9000,
	2026/04/30 12:01:49	,	214397	,	1763	,10.087231,1999.9000,-0.01702302,-1191.3660,595004.9375,41.450,604789.8125,1999.9000,
	2026/04/30 12:01:49	,	215397	,	1764	,10.086689,1999.9000,-0.01391910,-1191.5366,595105.0000,41.449,604759.6250,1999.9000,
	2026/04/30 12:01:49	,	216397	,	1765	,10.086167,1999.9000,-0.00830369,-1191.6790,595366.5625,41.449,604733.4375,1999.9000,
	2026/04/30 12:01:49	,	217397	,	1766	,10.085643,1999.9000,-0.00254961,-1191.7975,595556.0625,41.447,604720.3125,1999.9000,
	2026/04/30 12:01:49	,	218397	,	1767	,10.085112,1999.9000,-0.00247398,-1192.2942,595556.0625,41.446,604712.5000,1999.9000,
	2026/04/30 12:01:49	,	219397	,	1768	,10.084555,1999.9000,-0.00244877,-1193.0066,595556.0625,41.445,604707.2500,1999.9000,
	2026/04/30 12:01:49	,	220397	,	1769	,10.083992,1999.9000,-0.00243617,-1193.6002,595556.0625,41.443,604702.8125,1999.9000,
	2026/04/30 12:01:49	,	221397	,	1770	,10.083384,1999.9000,-0.00242858,-1193.4980,595556.0625,41.443,604702.5625,1999.9000,
	2026/04/30 12:01:49	,	222397	,	1771	,10.082767,1999.9000,-0.00242354,-1193.4128,595439.2500,41.442,604712.6250,1999.9000,
	2026/04/30 12:01:49	,	223397	,	1772	,10.082109,1999.9000,-0.00490041,-1193.1429,595410.6250,41.441,604822.4375,1999.9000,
	2026/04/30 12:01:49	,	224397	,	1773	,10.077959,1999.9000,-0.00701801,-1192.9180,595398.1250,41.441,604853.8125,1999.9000,
	2026/04/30 12:01:49	,	225397	,	1774	,10.077825,1999.9000,-0.00919234,-1192.7306,595381.5625,41.445,604954.6875,1999.9000,
	2026/04/30 12:01:49	,	226397	,	1775	,10.077690,1999.9000,-0.01456197,-1192.5745,595125.3125,41.452,604990.6250,1999.9000,
	2026/04/30 12:01:49	,	227397	,	1776	,10.077445,1999.9000,-0.02095887,-1192.3447,594844.6250,41.457,605009.6250,1999.9000,
	2026/04/30 12:01:49	,	228397	,	1777	,10.077172,1999.9000,-0.02143154,-1192.1534,594844.6250,41.459,605019.1250,1999.9000,
	2026/04/30 12:01:49	,	229397	,	1778	,10.076901,1999.9000,-0.02158911,-1191.9939,594844.6250,41.449,605024.8125,1999.9000,
	2026/04/30 12:01:49	,	230397	,	1779	,10.076510,1999.9000,-0.02166788,-1191.8611,594844.6250,41.446,605028.6875,1999.9000,
	2026/04/30 12:01:49	,	231397	,	1780	,10.076061,1999.9000,-0.02171516,-1191.7504,594844.6250,41.449,605031.8125,1999.9000,
	2026/04/30 12:01:49	,	232397	,	1781	,10.075607,1999.9000,-0.02174668,-1191.6581,594942.3750,41.452,605021.1875,1999.9000,
	2026/04/30 12:01:49	,	233397	,	1782	,10.075031,1999.9000,-0.01903034,-1191.6805,594968.3125,41.454,604901.5625,1999.9000,
	2026/04/30 12:01:49	,	234397	,	1783	,10.074397,1999.9000,-0.01661023,-1191.5999,594981.9375,41.452,604867.1875,1999.9000,
	2026/04/30 12:01:49	,	235397	,	1784	,10.073754,1999.9000,-0.01445482,-1191.5327,595000.1875,41.448,604759.6250,1999.9000,
	2026/04/30 12:01:49	,	236397	,	1785	,10.073100,1999.9000,-0.00952006,-1191.5762,595267.6875,41.445,604729.1250,1999.9000,
	2026/04/30 12:01:49	,	237397	,	1786	,10.068873,1999.9000,-0.00315464,-1191.6123,595578.6875,41.442,604718.9375,1999.9000,
	2026/04/30 12:01:49	,	238397	,	1787	,10.068575,1999.9000,-0.00234793,-1191.6426,595578.6875,41.440,604713.8750,1999.9000,
	2026/04/30 12:01:49	,	239397	,	1788	,10.068337,1999.9000,-0.00207904,-1191.6677,595578.6875,41.440,604710.8125,1999.9000,
	2026/04/30 12:01:49	,	240397	,	1789	,10.068002,1999.9000,-0.00194458,-1191.6887,595578.6875,41.439,604708.7500,1999.9000,
	2026/04/30 12:01:49	,	241397	,	1790	,10.067676,1999.9000,-0.00186389,-1191.7062,595578.6875,41.439,604707.3125,1999.9000,
	2026/04/30 12:01:49	,	242397	,	1791	,10.067432,1999.9000,-0.00181010,-1191.8202,595485.7500,41.438,604718.0625,1999.9000,
	2026/04/30 12:01:49	,	243397	,	1792	,10.067176,1999.9000,-0.00453487,-1191.9152,595447.6250,41.436,604824.2500,1999.9000,
	2026/04/30 12:01:49	,	244397	,	1793	,10.066874,1999.9000,-0.00725121,-1191.9943,595428.1250,41.435,604851.0625,1999.9000,
	2026/04/30 12:01:49	,	245397	,	1794	,10.066502,1999.9000,-0.00964611,-1191.9609,595410.8125,41.437,604935.3750,1999.9000,
	2026/04/30 12:01:49	,	246397	,	1795	,10.066063,1999.9000,-0.01436658,-1192.0325,595206.9375,41.439,604968.9375,1999.9000,
	2026/04/30 12:01:49	,	247397	,	1796	,10.065587,1999.9000,-0.02160171,-1192.0922,594926.8750,41.440,605052.0000,1999.9000,
	2026/04/30 12:01:49	,	248397	,	1797	,10.065067,1999.9000,-0.02532643,-1192.1418,594915.5625,41.441,605052.0000,1999.9000,
	2026/04/30 12:01:49	,	249397	,	1798	,10.064541,1999.9000,-0.02532643,-1191.8849,594911.8125,41.442,605052.0000,1999.9000,
	2026/04/30 12:01:49	,	250397	,	1799	,10.063917,1999.9000,-0.02532643,-1191.5713,594909.9375,41.440,605052.0000,1999.9000,
	2026/04/30 12:01:49	,	251397	,	1800	,10.063265,1999.9000,-0.02532643,-1191.3098,594908.7500,41.438,605052.0000,1999.9000,
	2026/04/30 12:01:49	,	252397	,	1801	,10.062631,1999.9000,-0.02532641,-1191.0920,594907.9375,41.437,605038.5000,1999.9000,
	2026/04/30 12:01:49	,	253397	,	1802	,10.061983,1999.9000,-0.02241471,-1191.0100,594920.6250,41.436,604906.3750,1999.9000,
	2026/04/30 12:01:49	,	254397	,	1803	,10.061983,1999.9000,-0.02001351,-1190.9415,595005.5000,41.434,604874.6875,1999.9000,
	2026/04/30 12:01:49	,	255397	,	1804	,10.061339,1999.9000,-0.01901459,-1190.8846,595007.5625,41.434,604741.8125,1999.9000,
	2026/04/30 12:01:49	,	256397	,	1805	,10.060694,1999.9000,-0.01433508,-1190.7377,595142.5625,41.433,604741.8125,1999.9000,
	2026/04/30 12:01:49	,	257397	,	1806	,10.059441,1999.9000,-0.00750959,-1190.6152,595439.8750,41.435,604655.0625,1999.9000,
	2026/04/30 12:01:49	,	258397	,	1807	,10.059441,1999.9000,-0.00326810,-1190.5132,595526.8750,41.437,604655.0625,1999.9000,
	2026/04/30 12:01:49	,	259397	,	1808	,10.058878,1999.9000,-0.00326810,-1190.4282,595526.8750,41.441,604655.0625,1999.9000,
	2026/04/30 12:01:49	,	260397	,	1809	,10.058340,1999.9000,-0.00326808,-1190.3573,595526.8750,41.448,604655.0625,1999.9000,
	2026/04/30 12:01:49	,	261397	,	1810	,10.057793,1999.9000,-0.00326810,-1190.2982,595526.8750,41.454,604655.0625,1999.9000,
	2026/04/30 12:01:49	,	262397	,	1811	,10.057240,1999.9000,-0.00326810,-1190.2489,595526.8750,41.459,604666.2500,1999.9000,
	2026/04/30 12:01:49	,	263397	,	1812	,10.056663,1999.9000,-0.00626803,-1190.2079,595441.0625,41.459,604790.4375,1999.9000,
	2026/04/30 12:01:49	,	264397	,	1813	,10.056046,1999.9000,-0.00900325,-1190.1737,595419.8750,41.458,604817.9375,1999.9000,
	2026/04/30 12:01:49	,	265397	,	1814	,10.055459,1999.9000,-0.01116497,-1190.1453,595406.7500,41.458,604910.0000,1999.9000,
	2026/04/30 12:01:49	,	266397	,	1815	,10.054859,1999.9000,-0.01415861,-1190.1216,595298.0625,41.462,604943.8750,1999.9000,
	2026/04/30 12:01:49	,	267397	,	1816	,10.054236,1999.9000,-0.02064375,-1190.1017,595052.0000,41.466,605061.0000,1999.9000,
	2026/04/30 12:01:49	,	268397	,	1817	,10.053587,1999.9000,-0.02639152,-1190.0852,594869.1250,41.465,605061.0000,1999.9000,
	2026/04/30 12:01:49	,	269397	,	1818	,10.049511,1999.9000,-0.02639152,-1190.0715,594869.1250,41.462,605061.0000,1999.9000,
	2026/04/30 12:01:49	,	270397	,	1819	,10.049198,1999.9000,-0.02639152,-1190.5575,594869.1250,41.459,605061.0000,1999.9000,
	2026/04/30 12:01:49	,	271397	,	1820	,10.048904,1999.9000,-0.02639152,-1190.9625,594869.1250,41.459,605061.0000,1999.9000,
	2026/04/30 12:01:49	,	272397	,	1821	,10.048572,1999.9000,-0.02639152,-1191.2999,594869.1250,41.459,605051.4375,1999.9000,
	2026/04/30 12:01:49	,	273397	,	1822	,10.048271,1999.9000,-0.02400922,-1190.7853,594966.2500,41.461,604928.6875,1999.9000,
	2026/04/30 12:01:49	,	274397	,	1823	,10.048011,1999.9000,-0.02153869,-1190.3566,594985.2500,41.464,604896.1250,1999.9000,
	2026/04/30 12:01:49	,	275397	,	1824	,10.047720,1999.9000,-0.01936436,-1190.3971,594985.2500,41.466,604786.7500,1999.9000,
	2026/04/30 12:01:49	,	276397	,	1825	,10.047343,1999.9000,-0.01649047,-1190.8287,595078.1875,41.467,604752.0000,1999.9000,
	2026/04/30 12:01:49	,	277397	,	1826	,10.046965,1999.9000,-0.01007467,-1190.8901,595347.5625,41.470,604670.8125,1999.9000,
	2026/04/30 12:01:49	,	278397	,	1827	,10.046520,1999.9000,-0.00384161,-1190.8417,595580.5000,41.472,604670.8125,1999.9000,
	2026/04/30 12:01:49	,	279397	,	1828	,10.046025,1999.9000,-0.00384161,-1190.4034,595580.5000,41.474,604670.8125,1999.9000,
	2026/04/30 12:01:49	,	280397	,	1829	,10.045494,1999.9000,-0.00384161,-1190.0383,595580.5000,41.476,604670.8125,1999.9000,
	2026/04/30 12:01:49	,	281397	,	1830	,10.045002,1999.9000,-0.00384161,-1189.6345,595580.5000,41.477,604670.8125,1999.9000,
	2026/04/30 12:01:49	,	282397	,	1831	,10.044463,1999.9000,-0.00384161,-1189.3975,595580.5000,41.471,604675.0625,1999.9000,
	2026/04/30 12:01:49	,	283397	,	1832	,10.043914,1999.9000,-0.00398028,-1189.1998,595471.4375,41.465,604771.0625,1999.9000,
	2026/04/30 12:01:49	,	284397	,	1833	,10.043383,1999.9000,-0.00716926,-1189.0353,595443.1250,41.461,604799.1250,1999.9000,
	2026/04/30 12:01:49	,	285397	,	1834	,10.042770,1999.9000,-0.00815560,-1188.8981,595423.1250,41.457,604888.8750,1999.9000,
	2026/04/30 12:01:49	,	286397	,	1835	,10.042220,1999.9000,-0.01136036,-1188.7838,595342.7500,41.452,604924.5000,1999.9000,
	2026/04/30 12:01:49	,	287397	,	1836	,10.041702,1999.9000,-0.01722155,-1188.6885,595149.6875,41.446,605041.0625,1999.9000,
	2026/04/30 12:01:49	,	288397	,	1837	,10.041157,1999.9000,-0.02393360,-1188.8081,594866.6875,41.443,605041.0625,1999.9000,
	2026/04/30 12:01:49	,	289397	,	1838	,10.040632,1999.9000,-0.02448189,-1189.1068,594866.6875,41.444,605041.0625,1999.9000,
	2026/04/30 12:01:49	,	290397	,	1839	,10.040172,1999.9000,-0.02466467,-1189.3556,594866.6875,41.444,605041.0625,1999.9000,
	2026/04/30 12:01:49	,	291397	,	1840	,10.039682,1999.9000,-0.02475605,-1189.5629,594866.6875,41.448,605041.0625,1999.9000,
	2026/04/30 12:01:49	,	292397	,	1841	,10.039181,1999.9000,-0.02481091,-1189.7356,594866.6875,41.448,605040.1250,1999.9000,
	2026/04/30 12:01:49	,	293397	,	1842	,10.038629,1999.9000,-0.02484743,-1189.8795,594950.7500,41.449,604949.2500,1999.9000,
	2026/04/30 12:01:49	,	294397	,	1843	,10.038054,1999.9000,-0.02484743,-1189.9996,594950.7500,41.450,604913.6250,1999.9000,
	2026/04/30 12:01:49	,	295397	,	1844	,10.037422,1999.9000,-0.02201136,-1190.1991,594976.9375,41.444,604810.3125,1999.9000,
	2026/04/30 12:01:49	,	296397	,	1845	,10.033276,1999.9000,-0.01956603,-1190.3654,594991.4375,41.446,604777.4375,1999.9000,
	2026/04/30 12:01:49	,	297397	,	1846	,10.032979,1999.9000,-0.01241284,-1190.9019,595222.4375,41.449,604686.5000,1999.9000,
	2026/04/30 12:01:49	,	298397	,	1847	,10.032810,1999.9000,-0.01241284,-1191.3489,595222.4375,41.449,604686.5000,1999.9000,
	2026/04/30 12:01:49	,	299397	,	1848	,10.032539,1999.9000,-0.00594660,-1191.3235,595522.6875,41.446,604686.5000,1999.9000,
	2026/04/30 12:01:49	,	300397	,	1849	,10.032263,1999.9000,-0.00524703,-1191.3024,595522.6875,41.443,604686.5000,1999.9000,
	2026/04/30 12:01:49	,	301397	,	1850	,10.032044,1999.9000,-0.00501385,-1191.5833,595522.6875,41.441,604686.5000,1999.9000,
	2026/04/30 12:01:49	,	302397	,	1851	,10.031783,1999.9000,-0.00489726,-1191.8171,595522.6875,41.442,604688.8750,1999.9000,
	2026/04/30 12:01:49	,	303397	,	1852	,10.031460,1999.9000,-0.00482730,-1191.7137,595522.6875,41.443,604774.6875,1999.9000,
	2026/04/30 12:01:49	,	304397	,	1853	,10.031108,1999.9000,-0.00478065,-1191.4286,595517.3125,41.448,604804.3125,1999.9000,
	2026/04/30 12:01:49	,	305397	,	1854	,10.030759,1999.9000,-0.00751589,-1191.1909,595407.0625,41.453,604894.3125,1999.9000,
	2026/04/30 12:01:49	,	306397	,	1855	,10.030383,1999.9000,-0.00997383,-1190.9929,595392.8125,41.452,604927.2500,1999.9000,
	2026/04/30 12:01:49	,	307397	,	1856	,10.029952,1999.9000,-0.01094755,-1190.8280,595382.0625,41.451,605023.5625,1999.9000,
	2026/04/30 12:01:49	,	308397	,	1857	,10.029492,1999.9000,-0.01591697,-1190.7899,595236.0625,41.451,605037.7500,1999.9000,
	2026/04/30 12:01:49	,	309397	,	1858	,10.029031,1999.9000,-0.02235171,-1190.7581,594962.0000,41.450,605042.5000,1999.9000,
	2026/04/30 12:01:49	,	310397	,	1859	,10.028552,1999.9000,-0.02550290,-1190.6323,594931.9375,41.448,605044.9375,1999.9000,
	2026/04/30 12:01:49	,	311397	,	1860	,10.027974,1999.9000,-0.02550290,-1190.5273,594921.8750,41.446,605046.3750,1999.9000,
	2026/04/30 12:01:49	,	312397	,	1861	,10.027388,1999.9000,-0.02550292,-1190.5394,594916.8750,41.445,605047.3125,1999.9000,
	2026/04/30 12:01:49	,	313397	,	1862	,10.026741,1999.9000,-0.02550290,-1190.5494,594913.8750,41.444,605035.3125,1999.9000,
	2026/04/30 12:01:49	,	314397	,	1863	,10.026082,1999.9000,-0.02550290,-1190.5579,594911.8750,41.443,604905.1250,1999.9000,
	2026/04/30 12:01:49	,	315397	,	1864	,10.025444,1999.9000,-0.02293782,-1190.5647,594921.0000,41.442,604868.3125,1999.9000,
	2026/04/30 12:01:49	,	316397	,	1865	,10.024798,1999.9000,-0.02043578,-1190.5706,594931.9375,41.442,604769.8750,1999.9000,
	2026/04/30 12:01:49	,	317397	,	1866	,10.024211,1999.9000,-0.01830556,-1190.3765,594944.3125,41.441,604743.0000,1999.9000,
	2026/04/30 12:01:49	,	318397	,	1867	,10.023642,1999.9000,-0.01442329,-1190.4136,595125.8750,41.441,604719.8750,1999.9000,
	2026/04/30 12:01:49	,	319397	,	1868	,10.023078,1999.9000,-0.00766714,-1190.6436,595425.0000,41.440,604708.3750,1999.9000,
	2026/04/30 12:01:49	,	320397	,	1869	,10.022558,1999.9000,-0.00362733,-1190.8352,595539.3750,41.444,604701.5000,1999.9000,
	2026/04/30 12:01:49	,	321397	,	1870	,10.022056,1999.9000,-0.00362733,-1190.9950,595539.3750,41.448,604696.8750,1999.9000,
	2026/04/30 12:01:49	,	322397	,	1871	,10.021564,1999.9000,-0.00362735,-1191.1281,595539.3750,41.451,604693.0625,1999.9000,
	2026/04/30 12:01:49	,	323397	,	1872	,10.021049,1999.9000,-0.00362733,-1191.1394,595539.3750,41.453,604700.2500,1999.9000,
	2026/04/30 12:01:49	,	324397	,	1873	,10.020555,1999.9000,-0.00362733,-1190.7510,595539.3750,41.456,604806.7500,1999.9000,
	2026/04/30 12:01:49	,	325397	,	1874	,10.020042,1999.9000,-0.00623020,-1190.6263,595441.6250,41.457,604833.0000,1999.9000,
	2026/04/30 12:01:49	,	326397	,	1875	,10.019478,1999.9000,-0.00851797,-1190.5225,595419.3125,41.459,604933.0000,1999.9000,
	2026/04/30 12:01:49	,	327397	,	1876	,10.018878,1999.9000,-0.00954842,-1190.2369,595406.3125,41.464,604971.3125,1999.9000,
	2026/04/30 12:01:49	,	328397	,	1877	,10.018309,1999.9000,-0.01394431,-1189.8995,595317.1250,41.469,605075.5000,1999.9000,
	2026/04/30 12:01:49	,	329397	,	1878	,10.017756,1999.9000,-0.02071309,-1189.7178,595091.3125,41.473,605075.5000,1999.9000,
	2026/04/30 12:01:49	,	330397	,	1879	,10.017194,1999.9000,-0.02616464,-1189.4669,594887.0000,41.477,605075.5000,1999.9000,
	2026/04/30 12:01:49	,	331397	,	1880	,10.016626,1999.9000,-0.02616464,-1189.1583,594887.0000,41.484,605075.5000,1999.9000,
	2026/04/30 12:01:49	,	332397	,	1881	,10.016100,1999.9000,-0.02616462,-1188.9012,594887.0000,41.490,605075.5000,1999.9000,
	2026/04/30 12:01:49	,	333397	,	1882	,10.015542,1999.9000,-0.02616464,-1188.6869,594887.0000,41.495,605065.5000,1999.9000,
	2026/04/30 12:01:49	,	334397	,	1883	,10.014988,1999.9000,-0.02616464,-1188.5084,594887.0000,41.500,604942.0000,1999.9000,
	2026/04/30 12:01:49	,	335397	,	1884	,10.014466,1999.9000,-0.02344830,-1188.5585,594986.5000,41.493,604908.8125,1999.9000,
	2026/04/30 12:01:49	,	336397	,	1885	,10.013967,1999.9000,-0.02117945,-1188.6003,595006.4375,41.487,604908.8125,1999.9000,
	2026/04/30 12:01:49	,	337397	,	1886	,10.013447,1999.9000,-0.02029711,-1188.6350,595016.6875,41.485,604801.3125,1999.9000,
	2026/04/30 12:01:49	,	338397	,	1887	,10.012918,1999.9000,-0.01682451,-1188.6641,595036.1875,41.483,604767.7500,1999.9000,
	2026/04/30 12:01:49	,	339397	,	1888	,10.012409,1999.9000,-0.01047802,-1188.7877,595339.8125,41.482,604673.8125,1999.9000,
	2026/04/30 12:01:49	,	340397	,	1889	,10.011871,1999.9000,-0.00446553,-1188.9902,595578.1250,41.481,604673.8125,1999.9000,
	2026/04/30 12:01:49	,	341397	,	1890	,10.011293,1999.9000,-0.00446553,-1189.1591,595578.1250,41.480,604673.8125,1999.9000,
	2026/04/30 12:01:49	,	342397	,	1891	,10.010628,1999.9000,-0.00446553,-1189.2997,595578.1250,41.479,604673.8125,1999.9000,
	2026/04/30 12:01:49	,	343397	,	1892	,10.010029,1999.9000,-0.00446553,-1189.3174,595578.1250,41.478,604673.8125,1999.9000,
	2026/04/30 12:01:49	,	344397	,	1893	,10.009504,1999.9000,-0.00446555,-1189.3322,595578.1250,41.478,604680.7500,1999.9000,
	2026/04/30 12:01:49	,	345397	,	1894	,10.008958,1999.9000,-0.00468720,-1189.3445,595470.8750,41.477,604785.0000,1999.9000,
	2026/04/30 12:01:49	,	346397	,	1895	,10.008429,1999.9000,-0.00834151,-1189.3547,595439.8750,41.477,604813.6875,1999.9000,
	2026/04/30 12:01:49	,	347397	,	1896	,10.007914,1999.9000,-0.00938456,-1189.3632,595423.3750,41.470,604906.3750,1999.9000,
	2026/04/30 12:01:49	,	348397	,	1897	,10.007389,1999.9000,-0.01265233,-1189.3704,595409.1875,41.465,604988.5000,1999.9000,
	2026/04/30 12:01:49	,	349397	,	1898	,10.006904,1999.9000,-0.01841271,-1189.3763,595189.6250,41.458,605073.6875,1999.9000,
	2026/04/30 12:01:49	,	350397	,	1899	,10.006458,1999.9000,-0.02489787,-1189.4807,594898.2500,41.450,605073.6875,1999.9000,
	2026/04/30 12:01:49	,	351397	,	1900	,10.006018,1999.9000,-0.02510269,-1189.6672,594898.2500,41.443,605073.6875,1999.9000,
	2026/04/30 12:01:49	,	352397	,	1901	,10.005511,1999.9000,-0.02517098,-1190.0216,594898.2500,41.438,605073.6875,1999.9000,
	2026/04/30 12:01:49	,	353397	,	1902	,10.005015,1999.9000,-0.02520510,-1190.0216,594898.2500,41.435,605073.6875,1999.9000,
	2026/04/30 12:01:49	,	354397	,	1903	,10.004503,1999.9000,-0.02522557,-1190.3169,594898.2500,41.432,605064.7500,1999.9000,
	2026/04/30 12:01:49	,	355397	,	1904	,10.004001,1999.9000,-0.02523923,-1190.3641,594901.8750,41.429,604951.1250,1999.9000,
	2026/04/30 12:01:49	,	356397	,	1905	,10.003518,1999.9000,-0.02257228,-1190.4033,594914.2500,41.426,604919.0625,1999.9000,
	2026/04/30 12:01:49	,	357397	,	1906	,10.003057,1999.9000,-0.02027821,-1190.4360,594926.5625,41.423,604817.0000,1999.9000,
	2026/04/30 12:01:49	,	358397	,	1907	,10.002627,1999.9000,-0.01814172,-1190.4633,595024.6250,41.420,604785.5625,1999.9000,
	2026/04/30 12:01:49	,	359397	,	1908	,10.002210,1999.9000,-0.01297377,-1190.4860,595211.0625,41.417,604693.7500,1999.9000,
	2026/04/30 12:01:49	,	360397	,	1909	,10.001738,1999.9000,-0.00675331,-1190.4055,595525.0625,41.413,604693.7500,1999.9000,
	2026/04/30 12:01:49	,	361397	,	1910	,10.001269,1999.9000,-0.00455379,-1190.3384,595525.0625,41.408,604693.7500,1999.9000,
	2026/04/30 12:01:49	,	362397	,	1911	,10.000795,1999.9000,-0.00455379,-1190.1830,595525.0625,41.404,604693.7500,1999.9000,
	2026/04/30 12:01:49	,	363397	,	1912	,10.000286,1999.9000,-0.00455379,-1189.9541,595525.0625,41.400,604693.7500,1999.9000,
	2026/04/30 12:01:49	,	364397	,	1913	,9.999777,1999.9000,-0.00455379,-1189.9622,595525.0625,41.399,604697.3750,1999.9000,
	2026/04/30 12:01:49	,	365397	,	1914	,9.999232,1999.9000,-0.00455377,-1189.9690,595518.5625,41.407,604789.1875,1999.9000,
	2026/04/30 12:01:49	,	366397	,	1915	,9.998656,1999.9000,-0.00723229,-1189.9746,595408.8750,41.414,604813.0625,1999.9000,
	2026/04/30 12:01:49	,	367397	,	1916	,9.998067,1999.9000,-0.00977845,-1189.9794,595393.6875,41.419,604894.8750,1999.9000,
	2026/04/30 12:01:49	,	368397	,	1917	,9.997506,1999.9000,-0.01236874,-1189.7843,595382.0625,41.426,604930.5000,1999.9000,
	2026/04/30 12:01:49	,	369397	,	1918	,9.996924,1999.9000,-0.01742954,-1189.6217,595241.4375,41.431,605038.0625,1999.9000,
	2026/04/30 12:01:49	,	370397	,	1919	,9.996405,1999.9000,-0.02445668,-1189.4863,594974.5000,41.435,605048.3125,1999.9000,
	2026/04/30 12:01:49	,	371397	,	1920	,9.995941,1999.9000,-0.02498923,-1189.6719,594941.1250,41.437,605051.8125,1999.9000,
	2026/04/30 12:01:49	,	372397	,	1921	,9.995486,1999.9000,-0.02516676,-1189.8265,594930.0625,41.436,605053.4375,1999.9000,
	2026/04/30 12:01:49	,	373397	,	1922	,9.995048,1999.9000,-0.02525552,-1189.5575,594924.5000,41.435,605054.4375,1999.9000,
	2026/04/30 12:01:49	,	374397	,	1923	,9.994608,1999.9000,-0.02530876,-1189.3334,594921.1250,41.434,605055.1250,1999.9000,
	2026/04/30 12:01:49	,	375397	,	1924	,9.994132,1999.9000,-0.02534426,-1189.1465,594918.8750,41.431,605042.5000,1999.9000,
	2026/04/30 12:01:49	,	376397	,	1925	,9.993630,1999.9000,-0.02250926,-1188.9907,594930.8125,41.431,604906.3750,1999.9000,
	2026/04/30 12:01:49	,	377397	,	1926	,9.993143,1999.9000,-0.02016477,-1188.9604,595016.2500,41.431,604824.8750,1999.9000,
	2026/04/30 12:01:49	,	378397	,	1927	,9.992638,1999.9000,-0.01917845,-1189.0347,595019.2500,41.430,604789.5000,1999.9000,
	2026/04/30 12:01:49	,	379397	,	1928	,9.992192,1999.9000,-0.01421533,-1189.0966,595127.6875,41.438,604691.9375,1999.9000,
	2026/04/30 12:01:49	,	380397	,	1929	,9.991751,1999.9000,-0.00764193,-1189.1481,595413.0625,41.444,604685.0000,1999.9000,
	2026/04/30 12:01:49	,	381397	,	1930	,9.991254,1999.9000,-0.00461050,-1189.3900,595545.8750,41.449,604682.7500,1999.9000,
	2026/04/30 12:01:49	,	382397	,	1931	,9.990766,1999.9000,-0.00461050,-1189.5917,595545.8750,41.457,604681.5625,1999.9000,
	2026/04/30 12:01:49	,	383397	,	1932	,9.990259,1999.9000,-0.00461050,-1189.7598,595545.8750,41.463,604680.8750,1999.9000,
	2026/04/30 12:01:49	,	384397	,	1933	,9.989782,1999.9000,-0.00461050,-1189.8998,595545.8750,41.468,604680.4375,1999.9000,
	2026/04/30 12:01:49	,	385397	,	1934	,9.989361,1999.9000,-0.00461050,-1190.4143,595545.8750,41.472,604692.6250,1999.9000,
	2026/04/30 12:01:49	,	386397	,	1935	,9.988880,1999.9000,-0.00727641,-1190.8431,595438.0625,41.473,604807.9375,1999.9000,
	2026/04/30 12:01:49	,	387397	,	1936	,9.988420,1999.9000,-0.00939401,-1191.2004,595415.1250,41.473,604837.2500,1999.9000,
	2026/04/30 12:01:49	,	388397	,	1937	,9.987977,1999.9000,-0.01028895,-1191.1003,595402.1250,41.476,604931.7500,1999.9000,
	2026/04/30 12:01:49	,	389397	,	1938	,9.987494,1999.9000,-0.01442329,-1191.0170,595382.8125,41.479,604966.5000,1999.9000,
	2026/04/30 12:01:49	,	390397	,	1939	,9.986998,1999.9000,-0.02109123,-1191.3453,595103.2500,41.485,605067.0625,1999.9000,
	2026/04/30 12:01:49	,	391397	,	1940	,9.986505,1999.9000,-0.02680748,-1191.1216,594848.2500,41.489,605067.0625,1999.9000,
	2026/04/30 12:01:49	,	392397	,	1941	,9.986043,1999.9000,-0.02680748,-1190.9352,594848.2500,41.490,605067.0625,1999.9000,
	2026/04/30 12:01:49	,	393397	,	1942	,9.985564,1999.9000,-0.02680748,-1190.7797,594848.2500,41.484,605067.0625,1999.9000,
	2026/04/30 12:01:49	,	394397	,	1943	,9.985046,1999.9000,-0.02680748,-1190.6503,594848.2500,41.480,605067.0625,1999.9000,
	2026/04/30 12:01:49	,	395397	,	1944	,9.984575,1999.9000,-0.02680750,-1190.5424,594848.2500,41.476,605055.2500,1999.9000,
	2026/04/30 12:01:49	,	396397	,	1945	,9.984138,1999.9000,-0.02646298,-1190.6514,594964.3750,41.471,604928.6875,1999.9000,
	2026/04/30 12:01:49	,	397397	,	1946	,9.983704,1999.9000,-0.02229498,-1190.7422,594985.5625,41.467,604895.5000,1999.9000,
	2026/04/30 12:01:49	,	398397	,	1947	,9.983252,1999.9000,-0.02012696,-1190.7185,594994.0000,41.464,604789.1875,1999.9000,
	2026/04/30 12:01:49	,	399397	,	1948	,9.982782,1999.9000,-0.01712702,-1190.6987,595006.6875,41.460,604756.8750,1999.9000,
	2026/04/30 12:01:49	,	400397	,	1949	,9.982285,1999.9000,-0.01067339,-1190.7816,595277.1875,41.452,604666.5625,1999.9000,
	2026/04/30 12:01:49	,	401397	,	1950	,9.981803,1999.9000,-0.00491930,-1190.8507,595570.3750,41.445,604666.5625,1999.9000,
	2026/04/30 12:01:49	,	402397	,	1951	,9.981311,1999.9000,-0.00491930,-1190.9084,595570.3750,41.439,604666.5625,1999.9000,
	2026/04/30 12:01:49	,	403397	,	1952	,9.980857,1999.9000,-0.00491930,-1191.1554,595570.3750,41.444,604666.5625,1999.9000,
	2026/04/30 12:01:49	,	404397	,	1953	,9.980418,1999.9000,-0.00491930,-1191.5602,595570.3750,41.447,604666.5625,1999.9000,
	2026/04/30 12:01:49	,	405397	,	1954	,9.979943,1999.9000,-0.00491930,-1191.8975,595570.3750,41.450,604677.3750,1999.9000,
	2026/04/30 12:01:49	,	406397	,	1955	,9.979443,1999.9000,-0.00517771,-1192.1786,595447.6250,41.453,604786.1875,1999.9000,
	2026/04/30 12:01:49	,	407397	,	1956	,9.978972,1999.9000,-0.00881420,-1192.4128,595417.2500,41.452,604813.6875,1999.9000,
	2026/04/30 12:01:49	,	408397	,	1957	,9.978525,1999.9000,-0.00982258,-1192.8070,595404.1250,41.452,604902.1875,1999.9000,
	2026/04/30 12:01:49	,	409397	,	1958	,9.978127,1999.9000,-0.01335820,-1192.5386,595394.3750,41.453,604937.8125,1999.9000,
	2026/04/30 12:01:49	,	410397	,	1959	,9.977727,1999.9000,-0.01949672,-1192.3149,595220.0625,41.454,605070.0625,1999.9000,
	2026/04/30 12:01:49	,	411397	,	1960	,9.977333,1999.9000,-0.02589362,-1192.1284,594932.8750,41.453,605070.0625,1999.9000,
	2026/04/30 12:01:49	,	412397	,	1961	,9.976916,1999.9000,-0.02589362,-1191.7742,594929.8750,41.452,605070.0625,1999.9000,
	2026/04/30 12:01:49	,	413397	,	1962	,9.976474,1999.9000,-0.02589362,-1191.1805,594928.8750,41.451,605070.0625,1999.9000,
	2026/04/30 12:01:49	,	414397	,	1963	,9.976036,1999.9000,-0.02589362,-1190.6858,594928.3750,41.450,605070.0625,1999.9000,
	2026/04/30 12:01:49	,	415397	,	1964	,9.975636,1999.9000,-0.02589362,-1190.2734,594928.1250,41.450,605061.7500,1999.9000,
	2026/04/30 12:01:49	,	416397	,	1965	,9.975273,1999.9000,-0.02573503,-1189.9299,594927.9375,41.450,604951.1250,1999.9000,
	2026/04/30 12:01:49	,	417397	,	1966	,9.974842,1999.9000,-0.02249034,-1189.6437,594936.8750,41.451,604920.6250,1999.9000,
	2026/04/30 12:01:49	,	418397	,	1967	,9.974358,1999.9000,-0.02146621,-1189.4052,594945.7500,41.455,604818.8125,1999.9000,
	2026/04/30 12:01:49	,	419397	,	1968	,9.973901,1999.9000,-0.01835598,-1189.5048,594956.1250,41.458,604786.7500,1999.9000,
	2026/04/30 12:01:49	,	420397	,	1969	,9.973509,1999.9000,-0.01294224,-1189.5878,595175.9375,41.461,604697.3750,1999.9000,
	2026/04/30 12:01:49	,	421397	,	1970	,9.973144,1999.9000,-0.00651382,-1189.7565,595481.5625,41.462,604697.3750,1999.9000,
	2026/04/30 12:01:49	,	422397	,	1971	,9.972823,1999.9000,-0.00651382,-1189.8970,595494.6875,41.458,604697.3750,1999.9000,
	2026/04/30 12:01:49	,	423397	,	1972	,9.972468,1999.9000,-0.00651382,-1190.0140,595499.0625,41.449,604697.3750,1999.9000,
	2026/04/30 12:01:49	,	424397	,	1973	,9.972097,1999.9000,-0.00651382,-1190.3107,595501.2500,41.447,604697.3750,1999.9000,
	2026/04/30 12:01:49	,	425397	,	1974	,9.971739,1999.9000,-0.00651380,-1190.5579,595502.5000,41.439,604700.3750,1999.9000,
	2026/04/30 12:01:49	,	426397	,	1975	,9.971381,1999.9000,-0.00653796,-1190.7637,595503.4375,41.433,604788.0000,1999.9000,
	2026/04/30 12:01:49	,	427397	,	1976	,9.971007,1999.9000,-0.00936881,-1190.9354,595422.0000,41.423,604813.6875,1999.9000,
	2026/04/30 12:01:49	,	428397	,	1977	,9.970587,1999.9000,-0.01041183,-1190.8794,595402.9375,41.423,604839.5000,1999.9000,
	2026/04/30 12:01:49	,	429397	,	1978	,9.970153,1999.9000,-0.01335820,-1190.7333,595390.0625,41.420,604954.0625,1999.9000,
	2026/04/30 12:01:49	,	430397	,	1979	,9.970153,1999.9000,-0.01813541,-1190.6116,595265.9375,41.417,604993.3125,1999.9000,
	2026/04/30 12:01:49	,	431397	,	1980	,9.969307,1999.9000,-0.02501760,-1190.5100,595006.7500,41.414,605006.3750,1999.9000,
	2026/04/30 12:01:49	,	432397	,	1981	,9.968931,1999.9000,-0.02766460,-1190.4255,594881.0000,41.412,605012.9375,1999.9000,
	2026/04/30 12:01:49	,	433397	,	1982	,9.968565,1999.9000,-0.02766460,-1190.3551,594881.0000,41.406,605016.8750,1999.9000,
	2026/04/30 12:01:49	,	434397	,	1983	,9.968214,1999.9000,-0.02766460,-1190.4954,594881.0000,41.400,605019.5000,1999.9000,
	2026/04/30 12:01:49	,	435397	,	1984	,9.968214,1999.9000,-0.02766460,-1190.9106,594881.0000,41.396,605020.6875,1999.9000,
	2026/04/30 12:01:49	,	436397	,	1985	,9.967503,1999.9000,-0.02766460,-1191.2567,594881.0000,41.398,605008.8750,1999.9000,
	2026/04/30 12:01:49	,	437397	,	1986	,9.967126,1999.9000,-0.02467727,-1191.5452,594977.5000,41.401,604885.2500,1999.9000,
	2026/04/30 12:01:49	,	438397	,	1987	,9.966731,1999.9000,-0.02223825,-1191.7854,594993.3125,41.404,604856.3125,1999.9000,
	2026/04/30 12:01:49	,	439397	,	1988	,9.966363,1999.9000,-0.02131495,-1191.9857,595001.9375,41.408,604756.5625,1999.9000,
	2026/04/30 12:01:49	,	440397	,	1989	,9.966026,1999.9000,-0.01650310,-1191.5558,595111.5625,41.416,604723.9375,1999.9000,
	2026/04/30 12:01:49	,	441397	,	1990	,9.965632,1999.9000,-0.01012509,-1191.1974,595383.8750,41.423,604710.6250,1999.9000,
	2026/04/30 12:01:49	,	442397	,	1991	,9.965230,1999.9000,-0.00560627,-1190.8988,595561.3750,41.432,604704.0000,1999.9000,
	2026/04/30 12:01:49	,	443397	,	1992	,9.965230,1999.9000,-0.00560627,-1190.6500,595561.3750,41.439,604700.0000,1999.9000,
	2026/04/30 12:01:49	,	444397	,	1993	,9.964815,1999.9000,-0.00560627,-1190.4426,595561.3750,41.445,604697.3125,1999.9000,
	2026/04/30 12:01:49	,	445397	,	1994	,9.964443,1999.9000,-0.00560627,-1190.2699,595561.3750,41.450,604695.1250,1999.9000,
	2026/04/30 12:01:49	,	446397	,	1995	,9.964129,1999.9000,-0.00560625,-1190.5238,595561.3750,41.454,604705.9375,1999.9000,
	2026/04/30 12:01:49	,	447397	,	1996	,9.963782,1999.9000,-0.00826588,-1190.7355,595462.5000,41.455,604817.0000,1999.9000,
	2026/04/30 12:01:49	,	448397	,	1997	,9.963400,1999.9000,-0.01072381,-1191.0112,595434.1875,41.455,604842.0625,1999.9000,
	2026/04/30 12:01:49	,	449397	,	1998	,9.962986,1999.9000,-0.01287922,-1191.3406,595415.0000,41.452,604933.5625,1999.9000,
	2026/04/30 12:01:49	,	450397	,	1999	,9.962607,1999.9000,-0.01676149,-1191.8140,595317.1250,41.450,604966.5000,1999.9000,
	2026/04/30 12:01:49	,	451397	,	2000	,9.962222,1999.9000,-0.02373192,-1192.2085,595097.8750,41.448,605062.8125,1999.9000,
	2026/04/30 12:01:49	,	452397	,	2001	,9.961876,1999.9000,-0.02913936,-1192.5372,594829.7500,41.446,605062.8125,1999.9000,
	2026/04/30 12:01:49	,	453397	,	2002	,9.961567,1999.9000,-0.02913936,-1192.7117,594829.7500,41.445,605062.8125,1999.9000,
	2026/04/30 12:01:49	,	454397	,	2003	,9.961241,1999.9000,-0.02913938,-1192.7576,594829.7500,41.445,605062.8125,1999.9000,
	2026/04/30 12:01:49	,	455397	,	2004	,9.960859,1999.9000,-0.02913936,-1192.5969,594829.7500,41.446,605062.8125,1999.9000,
	2026/04/30 12:01:49	,	456397	,	2005	,9.960511,1999.9000,-0.02913936,-1192.4629,594829.7500,41.448,604981.2500,1999.9000,
	2026/04/30 12:01:49	,	457397	,	2006	,9.960157,1999.9000,-0.02606380,-1192.1523,594948.3750,41.449,604941.3750,1999.9000,
	2026/04/30 12:01:49	,	458397	,	2007	,9.959804,1999.9000,-0.02345461,-1191.8936,594977.5625,41.450,604837.5625,1999.9000,
	2026/04/30 12:01:49	,	459397	,	2008	,9.959438,1999.9000,-0.02126138,-1191.6780,594990.6875,41.451,604804.9375,1999.9000,
	2026/04/30 12:01:49	,	460397	,	2009	,9.959134,1999.9000,-0.01833708,-1191.4982,595006.5000,41.452,604713.7500,1999.9000,
	2026/04/30 12:01:49	,	461397	,	2010	,9.958796,1999.9000,-0.01212293,-1191.3485,595267.6875,41.453,604690.7500,1999.9000,
	2026/04/30 12:01:49	,	462397	,	2011	,9.958449,1999.9000,-0.00694869,-1191.2236,595572.1250,41.452,604683.1875,1999.9000,
	2026/04/30 12:01:49	,	463397	,	2012	,9.958160,1999.9000,-0.00694869,-1191.1196,595572.1250,41.453,604679.3125,1999.9000,
	2026/04/30 12:01:49	,	464397	,	2013	,9.957861,1999.9000,-0.00694871,-1191.0331,595572.1250,41.454,604677.0625,1999.9000,
	2026/04/30 12:01:49	,	465397	,	2014	,9.957513,1999.9000,-0.00694869,-1190.8613,595572.1250,41.456,604675.5000,1999.9000,
	2026/04/30 12:01:49	,	466397	,	2015	,9.957167,1999.9000,-0.00694869,-1190.7183,595572.1250,41.462,604685.0625,1999.9000,
	2026/04/30 12:01:49	,	467397	,	2016	,9.956829,1999.9000,-0.00958307,-1190.5990,595472.0625,41.469,604794.0625,1999.9000,
	2026/04/30 12:01:49	,	468397	,	2017	,9.956464,1999.9000,-0.01201580,-1190.1017,595439.5625,41.473,604825.7500,1999.9000,
	2026/04/30 12:01:49	,	469397	,	2018	,9.956095,1999.9000,-0.01306829,-1189.4884,595420.8125,41.472,604934.1250,1999.9000,
	2026/04/30 12:01:49	,	470397	,	2019	,9.955727,1999.9000,-0.01306829,-1189.4884,595405.1250,41.475,604966.7500,1999.9000,
	2026/04/30 12:01:49	,	471397	,	2020	,9.955405,1999.9000,-0.02303236,-1188.7504,595208.6875,41.478,605072.5000,1999.9000,
	2026/04/30 12:01:49	,	472397	,	2021	,9.955133,1999.9000,-0.02946079,-1188.5613,594932.8750,41.476,605072.5000,1999.9000,
	2026/04/30 12:01:49	,	473397	,	2022	,9.954896,1999.9000,-0.02946079,-1188.5032,594917.3750,41.473,605072.5000,1999.9000,
	2026/04/30 12:01:49	,	474397	,	2023	,9.954624,1999.9000,-0.02946079,-1188.2556,594912.2500,41.470,605072.5000,1999.9000,
	2026/04/30 12:01:49	,	475397	,	2024	,9.954259,1999.9000,-0.02946079,-1188.2485,594909.6250,41.466,605072.5000,1999.9000,
	2026/04/30 12:01:49	,	476397	,	2025	,9.953864,1999.9000,-0.02946081,-1188.3419,594908.0000,41.462,605061.0000,1999.9000,
	2026/04/30 12:01:49	,	477397	,	2026	,9.953526,1999.9000,-0.02914464,-1188.7184,594907.0000,41.458,604933.0000,1999.9000,
	2026/04/30 12:01:49	,	478397	,	2027	,9.953230,1999.9000,-0.02914464,-1189.4298,594917.5625,41.456,604901.8750,1999.9000,
	2026/04/30 12:01:49	,	479397	,	2028	,9.952972,1999.9000,-0.02264791,-1190.0227,595001.9375,41.455,604799.4375,1999.9000,
	2026/04/30 12:01:49	,	480397	,	2029	,9.952687,1999.9000,-0.02161749,-1190.1189,595015.3125,41.453,604765.6250,1999.9000,
	2026/04/30 12:01:49	,	481397	,	2030	,9.952371,1999.9000,-0.01530563,-1190.5969,595171.1875,41.452,604671.4375,1999.9000,
	2026/04/30 12:01:49	,	482397	,	2031	,9.952063,1999.9000,-0.00937510,-1190.9954,595466.0625,41.452,604671.4375,1999.9000,
	2026/04/30 12:01:49	,	483397	,	2032	,9.951732,1999.9000,-0.00937510,-1191.5261,595490.8125,41.446,604671.4375,1999.9000,
	2026/04/30 12:01:49	,	484397	,	2033	,9.951377,1999.9000,-0.00937510,-1191.9685,595499.0625,41.442,604671.4375,1999.9000,
	2026/04/30 12:01:49	,	485397	,	2034	,9.951056,1999.9000,-0.00937512,-1192.3373,595503.1875,41.440,604671.4375,1999.9000,
	2026/04/30 12:01:49	,	486397	,	2035	,9.950748,1999.9000,-0.00937510,-1192.1471,595505.6875,41.438,604678.4375,1999.9000,
	2026/04/30 12:01:49	,	487397	,	2036	,9.950413,1999.9000,-0.00937510,-1191.9886,595507.3125,41.435,604784.3750,1999.9000,
	2026/04/30 12:01:49	,	488397	,	2037	,9.950129,1999.9000,-0.00952633,-1191.8567,595494.5000,41.433,604814.0000,1999.9000,
	2026/04/30 12:01:49	,	489397	,	2038	,9.949852,1999.9000,-0.01304308,-1191.7466,595398.1875,41.432,604908.8125,1999.9000,
	2026/04/30 12:01:49	,	490397	,	2039	,9.949606,1999.9000,-0.01539388,-1191.5555,595388.0625,41.431,604908.8125,1999.9000,
	2026/04/30 12:01:49	,	491397	,	2040	,9.949372,1999.9000,-0.01638020,-1191.3962,595290.9375,41.431,604946.5625,1999.9000,
	2026/04/30 12:01:49	,	492397	,	2041	,9.949077,1999.9000,-0.02207440,-1191.2635,595044.2500,41.431,605071.8750,1999.9000,
	2026/04/30 12:01:49	,	493397	,	2042	,9.948820,1999.9000,-0.02869188,-1191.1528,594879.2500,41.432,605071.8750,1999.9000,
	2026/04/30 12:01:49	,	494397	,	2043	,9.948569,1999.9000,-0.03125067,-1191.0605,594879.2500,41.442,605071.8750,1999.9000,
	2026/04/30 12:01:49	,	495397	,	2044	,9.948323,1999.9000,-0.03125067,-1191.0833,594879.2500,41.451,605071.8750,1999.9000,
	2026/04/30 12:01:49	,	496397	,	2045	,9.948020,1999.9000,-0.03125069,-1191.1022,594879.2500,41.458,605071.8750,1999.9000,
	2026/04/30 12:01:49	,	497397	,	2046	,9.947688,1999.9000,-0.03125067,-1191.1179,594879.2500,41.464,605064.5000,1999.9000,
	2026/04/30 12:01:49	,	498397	,	2047	,9.947386,1999.9000,-0.03125067,-1191.1310,594982.2500,41.469,604951.1250,1999.9000,
	2026/04/30 12:01:49	,	499397	,	2048	,9.947100,1999.9000,-0.02882424,-1191.1420,594996.2500,41.473,604922.3750,1999.9000,
	2026/04/30 12:01:49	,	500397	,	2049	,9.946815,1999.9000,-0.02664362,-1191.1511,595002.6875,41.469,604836.9375,1999.9000,
	2026/04/30 12:01:49	,	501397	,	2050	,9.946514,1999.9000,-0.02572347,-1191.1587,595091.3125,41.462,604803.6875,1999.9000,
	2026/04/30 12:01:49	,	502397	,	2051	,9.946234,1999.9000,-0.02044837,-1191.1650,595350.5000,41.450,604705.8750,1999.9000,
	2026/04/30 12:01:49	,	503397	,	2052	,9.945946,1999.9000,-0.01383718,-1191.2698,595556.0625,41.441,604699.5625,1999.9000,
	2026/04/30 12:01:49	,	504397	,	2053	,9.945651,1999.9000,-0.01296745,-1191.3569,595556.0625,41.433,604697.3750,1999.9000,
	2026/04/30 12:01:49	,	505397	,	2054	,9.945331,1999.9000,-0.01267754,-1191.3302,595556.0625,41.429,604696.3125,1999.9000,
	2026/04/30 12:01:49	,	506397	,	2055	,9.945034,1999.9000,-0.01253258,-1191.3080,595556.0625,41.426,604695.7500,1999.9000,
	2026/04/30 12:01:49	,	507397	,	2056	,9.944757,1999.9000,-0.01244560,-1191.2893,595556.0625,41.430,604695.3125,1999.9000,
	2026/04/30 12:01:49	,	508397	,	2057	,9.944528,1999.9000,-0.01238761,-1191.3733,595435.1250,41.433,604708.3125,1999.9000,
	2026/04/30 12:01:49	,	509397	,	2058	,9.944295,1999.9000,-0.01494640,-1191.4432,595413.6875,41.440,604817.0000,1999.9000,
	2026/04/30 12:01:49	,	510397	,	2059	,9.944067,1999.9000,-0.01755559,-1191.4022,595401.1875,41.446,604845.6250,1999.9000,
	2026/04/30 12:01:49	,	511397	,	2060	,9.943758,1999.9000,-0.02000722,-1190.8706,595384.5000,41.450,604952.2500,1999.9000,
	2026/04/30 12:01:49	,	512397	,	2061	,9.943446,1999.9000,-0.02421721,-1190.2286,595140.7500,41.455,604991.8750,1999.9000,
	2026/04/30 12:01:49	,	513397	,	2062	,9.943180,1999.9000,-0.03154056,-1189.6936,594854.1875,41.458,605011.6875,1999.9000,
	2026/04/30 12:01:49	,	514397	,	2063	,9.942905,1999.9000,-0.03750263,-1189.2478,594854.1875,41.461,605021.6250,1999.9000,
	2026/04/30 12:01:49	,	515397	,	2064	,9.942640,1999.9000,-0.03750263,-1188.9757,594854.1875,41.463,605027.5625,1999.9000,
	2026/04/30 12:01:49	,	516397	,	2065	,9.942375,1999.9000,-0.03750265,-1188.7490,594854.1875,41.471,605031.5000,1999.9000,
	2026/04/30 12:01:49	,	517397	,	2066	,9.942155,1999.9000,-0.03750263,-1188.5601,594854.1875,41.478,605034.8125,1999.9000,
	2026/04/30 12:01:49	,	518397	,	2067	,9.941896,1999.9000,-0.03750263,-1188.4026,594866.8125,41.478,605024.3125,1999.9000,
	2026/04/30 12:01:49	,	519397	,	2068	,9.941621,1999.9000,-0.03735345,-1188.5698,594991.2500,41.477,604888.8750,1999.9000,
	2026/04/30 12:01:49	,	520397	,	2069	,9.941347,1999.9000,-0.03442075,-1189.0077,595000.7500,41.477,604856.3125,1999.9000,
	2026/04/30 12:01:49	,	521397	,	2070	,9.941005,1999.9000,-0.03353525,-1189.3724,595013.8750,41.477,604755.4375,1999.9000,
	2026/04/30 12:01:49	,	522397	,	2071	,9.940626,1999.9000,-0.02966247,-1189.9750,595221.8125,41.476,604724.5625,1999.9000,
	2026/04/30 12:01:49	,	523397	,	2072	,9.940280,1999.9000,-0.02332857,-1190.5764,595520.3125,41.475,604705.6875,1999.9000,
	2026/04/30 12:01:49	,	524397	,	2073	,9.939873,1999.9000,-0.02043578,-1191.2766,595520.3125,41.473,604696.1875,1999.9000,
	2026/04/30 12:01:49	,	525397	,	2074	,9.939419,1999.9000,-0.02043578,-1191.8601,595520.3125,41.472,604690.5000,1999.9000,
	2026/04/30 12:01:49	,	526397	,	2075	,9.939020,1999.9000,-0.02043578,-1192.3464,595520.3125,41.471,604686.7500,1999.9000,
	2026/04/30 12:01:49	,	527397	,	2076	,9.938674,1999.9000,-0.02043578,-1192.7516,595520.3125,41.470,604683.6250,1999.9000,
	2026/04/30 12:01:49	,	528397	,	2077	,9.938370,1999.9000,-0.02043578,-1193.1887,595511.6875,41.469,604692.9375,1999.9000,
	2026/04/30 12:01:49	,	529397	,	2078	,9.938112,1999.9000,-0.02394620,-1193.5530,595392.8125,41.469,604809.1250,1999.9000,
	2026/04/30 12:01:49	,	530397	,	2079	,9.937842,1999.9000,-0.02704697,-1193.4587,595378.8125,41.471,604835.1250,1999.9000,
	2026/04/30 12:01:49	,	531397	,	2080	,9.937618,1999.9000,-0.02971918,-1193.1812,595369.1250,41.470,604923.2500,1999.9000,
	2026/04/30 12:01:49	,	532397	,	2081	,9.937410,1999.9000,-0.03330522,-1192.9498,595231.3125,41.470,604959.1875,1999.9000,
	2026/04/30 12:01:49	,	533397	,	2082	,9.937193,1999.9000,-0.04081137,-1192.6576,594955.5000,41.466,605082.1875,1999.9000,
	2026/04/30 12:01:49	,	534397	,	2083	,9.936957,1999.9000,-0.04814104,-1192.4141,594926.3125,41.457,605082.1875,1999.9000,
	2026/04/30 12:01:49	,	535397	,	2084	,9.936731,1999.9000,-0.04905174,-1192.2112,594916.6250,41.457,605082.1875,1999.9000,
	2026/04/30 12:01:49	,	536397	,	2085	,9.936497,1999.9000,-0.04935528,-1191.8431,594911.7500,41.449,605082.1875,1999.9000,
	2026/04/30 12:01:49	,	537397	,	2086	,9.936173,1999.9000,-0.04950708,-1191.5364,594908.8125,41.443,605082.1875,1999.9000,
	2026/04/30 12:01:49	,	538397	,	2087	,9.935860,1999.9000,-0.04959815,-1191.2809,594906.8750,41.444,605071.0625,1999.9000,
	2026/04/30 12:01:49	,	539397	,	2088	,9.935578,1999.9000,-0.04965888,-1190.9684,594919.2500,41.444,604939.0000,1999.9000,
	2026/04/30 12:01:49	,	540397	,	2089	,9.935328,1999.9000,-0.04945317,-1190.7080,595021.6250,41.437,604903.6875,1999.9000,
	2026/04/30 12:01:49	,	541397	,	2090	,9.935090,1999.9000,-0.04726500,-1190.4910,595025.5000,41.431,604797.0625,1999.9000,
	2026/04/30 12:01:49	,	542397	,	2091	,9.934868,1999.9000,-0.04648980,-1190.4095,595146.1250,41.431,604762.8750,1999.9000,
	2026/04/30 12:01:49	,	543397	,	2092	,9.934676,1999.9000,-0.04042693,-1190.4413,595435.1250,41.431,604678.1250,1999.9000,
	2026/04/30 12:01:49	,	544397	,	2093	,9.934487,1999.9000,-0.03512031,-1190.5671,595475.0625,41.430,604678.1250,1999.9000,
	2026/04/30 12:01:49	,	545397	,	2094	,9.934245,1999.9000,-0.03512031,-1191.0699,595488.3750,41.427,604678.1250,1999.9000,
	2026/04/30 12:01:49	,	546397	,	2095	,9.934038,1999.9000,-0.03512031,-1191.4889,595495.0000,41.424,604678.1250,1999.9000,
	2026/04/30 12:01:49	,	547397	,	2096	,9.933842,1999.9000,-0.03512031,-1191.8380,595499.0625,41.422,604678.1250,1999.9000,
	2026/04/30 12:01:49	,	548397	,	2097	,9.933673,1999.9000,-0.03512033,-1192.1290,595501.6875,41.423,604687.1250,1999.9000,
	2026/04/30 12:01:49	,	549397	,	2098	,9.933462,1999.9000,-0.03868748,-1192.4711,595489.0000,41.424,604806.7500,1999.9000,
	2026/04/30 12:01:49	,	550397	,	2099	,9.933282,1999.9000,-0.04188277,-1192.7560,595396.9375,41.427,604837.8750,1999.9000,
	2026/04/30 12:01:49	,	551397	,	2100	,9.933107,1999.9000,-0.04478818,-1192.7946,595385.3750,41.429,604929.3125,1999.9000,
	2026/04/30 12:01:49	,	552397	,	2101	,9.932912,1999.9000,-0.04762423,-1192.7272,595290.3125,41.432,604960.7500,1999.9000,
	2026/04/30 12:01:49	,	553397	,	2102	,9.932675,1999.9000,-0.05357999,-1192.6711,595055.0000,41.442,605068.2500,1999.9000,
	2026/04/30 12:01:49	,	554397	,	2103	,9.932432,1999.9000,-0.06042437,-1192.2263,594848.2500,41.451,605068.2500,1999.9000,
	2026/04/30 12:01:49	,	555397	,	2104	,9.932211,1999.9000,-0.06396631,-1191.8558,594848.2500,41.458,605068.2500,1999.9000,
	2026/04/30 12:01:49	,	556397	,	2105	,9.932025,1999.9000,-0.06396631,-1191.8558,594848.2500,41.463,605068.2500,1999.9000,
	2026/04/30 12:01:49	,	557397	,	2106	,9.931847,1999.9000,-0.06396631,-1191.1902,594848.2500,41.463,605068.2500,1999.9000,
	2026/04/30 12:01:49	,	558397	,	2107	,9.931633,1999.9000,-0.06396631,-1190.6938,594848.2500,41.465,605062.5000,1999.9000,
	2026/04/30 12:01:49	,	559397	,	2108	,9.931416,1999.9000,-0.06396631,-1190.2803,594939.3750,41.467,604955.9375,1999.9000,
	2026/04/30 12:01:49	,	560397	,	2109	,9.931219,1999.9000,-0.06362810,-1190.1345,594957.5625,41.466,604919.3750,1999.9000,
	2026/04/30 12:01:49	,	561397	,	2110	,9.931042,1999.9000,-0.06011557,-1190.0132,594971.1875,41.462,604822.4375,1999.9000,
	2026/04/30 12:01:49	,	562397	,	2111	,9.930883,1999.9000,-0.05930886,-1189.9120,595060.3125,41.458,604791.9375,1999.9000,
	2026/04/30 12:01:49	,	563397	,	2112	,9.930706,1999.9000,-0.05429846,-1189.9272,595305.1875,41.455,604702.8125,1999.9000,
	2026/04/30 12:01:49	,	564397	,	2113	,9.930494,1999.9000,-0.04863892,-1190.2383,595563.2500,41.450,604699.1875,1999.9000,
	2026/04/30 12:01:49	,	565397	,	2114	,9.930286,1999.9000,-0.04863892,-1190.4974,595563.2500,41.447,604698.0000,1999.9000,
	2026/04/30 12:01:49	,	566397	,	2115	,9.930105,1999.9000,-0.04863892,-1190.7135,595563.2500,41.444,604697.3750,1999.9000,
	2026/04/30 12:01:49	,	567397	,	2116	,9.929948,1999.9000,-0.04863892,-1190.9929,595563.2500,41.441,604697.0000,1999.9000,
	2026/04/30 12:01:49	,	568397	,	2117	,9.929807,1999.9000,-0.04863892,-1191.4248,595563.2500,41.439,604696.7500,1999.9000,
	2026/04/30 12:01:49	,	569397	,	2118	,9.929646,1999.9000,-0.04898030,-1191.7847,595433.3125,41.439,604708.1250,1999.9000,
	2026/04/30 12:01:49	,	570397	,	2119	,9.929490,1999.9000,-0.05410308,-1191.8856,595406.5000,41.439,604808.5625,1999.9000,
	2026/04/30 12:01:49	,	571397	,	2120	,9.929346,1999.9000,-0.05724797,-1192.1687,595393.0000,41.437,604843.9375,1999.9000,
	2026/04/30 12:01:49	,	572397	,	2121	,9.929217,1999.9000,-0.06012186,-1192.1687,595393.0000,41.431,604960.7500,1999.9000,
	2026/04/30 12:01:49	,	573397	,	2122	,9.929105,1999.9000,-0.06492427,-1192.4045,595152.0625,41.426,605042.2500,1999.9000,
	2026/04/30 12:01:49	,	574397	,	2123	,9.928995,1999.9000,-0.07232956,-1192.6012,594863.1250,41.422,605046.1875,1999.9000,
	2026/04/30 12:01:49	,	575397	,	2124	,9.928895,1999.9000,-0.07803953,-1192.7649,594863.1250,41.425,605047.4375,1999.9000,
	2026/04/30 12:01:49	,	576397	,	2125	,9.928802,1999.9000,-0.07803953,-1192.9015,594863.1250,41.421,605048.1250,1999.9000,
	2026/04/30 12:01:49	,	577397	,	2126	,9.928629,1999.9000,-0.07803956,-1193.1147,594863.1250,41.418,605048.5000,1999.9000,
	2026/04/30 12:01:49	,	578397	,	2127	,9.928471,1999.9000,-0.07803953,-1193.1929,594863.1250,41.414,605048.8125,1999.9000,
	2026/04/30 12:01:49	,	579397	,	2128	,9.928313,1999.9000,-0.07803953,-1192.9596,594874.6250,41.410,605035.9375,1999.9000,
	2026/04/30 12:01:49	,	580397	,	2129	,9.928172,1999.9000,-0.07774124,-1192.8647,594987.0625,41.406,604891.9375,1999.9000,
	2026/04/30 12:01:49	,	581397	,	2130	,9.928050,1999.9000,-0.07444715,-1192.7858,594999.3125,41.403,604857.1250,1999.9000,
	2026/04/30 12:01:49	,	582397	,	2131	,9.927922,1999.9000,-0.07375075,-1192.7198,595009.9375,41.401,604759.0000,1999.9000,
	2026/04/30 12:01:49	,	583397	,	2132	,9.927732,1999.9000,-0.07037584,-1192.6649,595206.9375,41.400,604731.2500,1999.9000,
	2026/04/30 12:01:49	,	584397	,	2133	,9.927568,1999.9000,-0.06453352,-1192.7186,595515.5000,41.399,604709.6875,1999.9000,
	2026/04/30 12:01:49	,	585397	,	2134	,9.927427,1999.9000,-0.06167856,-1192.8628,595515.5000,41.399,604698.9375,1999.9000,
	2026/04/30 12:01:49	,	586397	,	2135	,9.927276,1999.9000,-0.06167856,-1192.9830,595515.5000,41.404,604692.5000,1999.9000,
	2026/04/30 12:01:49	,	587397	,	2136	,9.927114,1999.9000,-0.06167856,-1193.0831,595515.5000,41.408,604688.1875,1999.9000,
	2026/04/30 12:01:49	,	588397	,	2137	,9.926934,1999.9000,-0.06167856,-1193.1666,595515.5000,41.413,604684.5625,1999.9000,
	2026/04/30 12:01:49	,	589397	,	2138	,9.926775,1999.9000,-0.06167856,-1193.2362,595508.5000,41.419,604693.7500,1999.9000,
	2026/04/30 12:01:49	,	590397	,	2139	,9.926637,1999.9000,-0.06501251,-1193.2942,595395.8125,41.425,604802.5000,1999.9000,
	2026/04/30 12:01:49	,	591397	,	2140	,9.926513,1999.9000,-0.06801873,-1193.3424,595379.6875,41.432,604834.5000,1999.9000,
	2026/04/30 12:01:49	,	592397	,	2141	,9.926404,1999.9000,-0.07074136,-1193.1837,595368.7500,41.438,604939.6250,1999.9000,
	2026/04/30 12:01:49	,	593397	,	2142	,9.926303,1999.9000,-0.07418248,-1192.9520,595233.1250,41.444,604977.3750,1999.9000,
	2026/04/30 12:01:49	,	594397	,	2143	,9.926194,1999.9000,-0.08113399,-1192.7589,594969.7500,41.448,605086.3750,1999.9000,
	2026/04/30 12:01:49	,	595397	,	2144	,9.926094,1999.9000,-0.08749940,-1192.3989,594889.3750,41.452,605086.3750,1999.9000,
	2026/04/30 12:01:49	,	596397	,	2145	,9.926010,1999.9000,-0.08808551,-1191.9995,594889.3750,41.456,605086.3750,1999.9000,
	2026/04/30 12:01:49	,	597397	,	2146	,9.925915,1999.9000,-0.08828087,-1191.3683,594889.3750,41.459,605086.3750,1999.9000,
	2026/04/30 12:01:49	,	598397	,	2147	,9.925821,1999.9000,-0.08837856,-1190.8424,594889.3750,41.460,605086.3750,1999.9000,
	2026/04/30 12:01:49	,	599397	,	2148	,9.925733,1999.9000,-0.08843717,-1190.6356,594889.3750,41.459,605003.6250,1999.9000,
	2026/04/30 12:01:49	,	600397	,	2149	,9.925634,1999.9000,-0.08847626,-1190.6356,594889.3750,41.459,604917.8750,1999.9000,
	2026/04/30 12:01:49	,	601397	,	2150	,9.925493,1999.9000,-0.08817793,-1190.8285,594901.3750,41.459,604881.3125,1999.9000,
	2026/04/30 12:01:49	,	602397	,	2151	,9.925493,1999.9000,-0.08504147,-1190.3925,594987.6250,41.452,604765.0625,1999.9000,
	2026/04/30 12:01:49	,	603397	,	2152	,9.925226,1999.9000,-0.08408667,-1190.0292,594993.3125,41.442,604733.6250,1999.9000,
	2026/04/30 12:01:49	,	604397	,	2153	,9.925117,1999.9000,-0.07762987,-1189.8258,595109.8125,41.434,604715.5000,1999.9000,
	2026/04/30 12:01:49	,	605397	,	2154	,9.925003,1999.9000,-0.07198925,-1189.6564,595405.3125,41.427,604706.5000,1999.9000,
	2026/04/30 12:01:49	,	606397	,	2155	,9.924892,1999.9000,-0.07198925,-1189.5151,595527.4375,41.421,604701.0625,1999.9000,
	2026/04/30 12:01:49	,	607397	,	2156	,9.924795,1999.9000,-0.07198927,-1189.3975,595527.4375,41.421,604697.3750,1999.9000,
	2026/04/30 12:01:49	,	608397	,	2157	,9.924689,1999.9000,-0.07198925,-1189.2994,595527.4375,41.422,604694.3750,1999.9000,
	2026/04/30 12:01:49	,	609397	,	2158	,9.924577,1999.9000,-0.07198925,-1189.2178,595527.4375,41.425,604702.8125,1999.9000,
	2026/04/30 12:01:49	,	610397	,	2159	,9.924466,1999.9000,-0.07491985,-1189.5476,595527.4375,41.429,604801.9375,1999.9000,
	2026/04/30 12:01:49	,	611397	,	2160	,9.924366,1999.9000,-0.07817187,-1189.8224,595411.8750,41.437,604829.3750,1999.9000,
	2026/04/30 12:01:49	,	612397	,	2161	,9.924282,1999.9000,-0.08096384,-1190.2504,595388.3125,41.452,604926.3125,1999.9000,
	2026/04/30 12:01:49	,	613397	,	2162	,9.924197,1999.9000,-0.08354151,-1190.6071,595375.6875,41.465,604961.3125,1999.9000,
	2026/04/30 12:01:49	,	614397	,	2163	,9.924128,1999.9000,-0.08928927,-1191.0037,595291.5625,41.467,605078.5000,1999.9000,
	2026/04/30 12:01:49	,	615397	,	2164	,9.924068,1999.9000,-0.09605172,-1191.4337,595064.5000,41.468,605078.5000,1999.9000,
	2026/04/30 12:01:49	,	616397	,	2165	,9.924020,1999.9000,-0.10010415,-1191.7921,594848.2500,41.469,605078.5000,1999.9000,
	2026/04/30 12:01:49	,	617397	,	2166	,9.923968,1999.9000,-0.10010415,-1192.1902,594848.2500,41.464,605078.5000,1999.9000,
	2026/04/30 12:01:49	,	618397	,	2167	,9.923911,1999.9000,-0.10010415,-1192.5219,594848.2500,41.460,605078.5000,1999.9000,
	2026/04/30 12:01:49	,	619397	,	2168	,9.923849,1999.9000,-0.10010415,-1192.7983,594848.2500,41.453,605070.3750,1999.9000,
	2026/04/30 12:01:49	,	620397	,	2169	,9.923771,1999.9000,-0.10010415,-1193.0288,594848.2500,41.448,604960.1250,1999.9000,
	2026/04/30 12:01:49	,	621397	,	2170	,9.923687,1999.9000,-0.09976593,-1192.6239,594959.0000,41.443,604922.9375,1999.9000,
	2026/04/30 12:01:49	,	622397	,	2171	,9.923617,1999.9000,-0.09639835,-1192.2865,594984.3750,41.439,604814.0000,1999.9000,
	2026/04/30 12:01:49	,	623397	,	2172	,9.923559,1999.9000,-0.09561057,-1192.0054,594994.6250,41.436,604784.4375,1999.9000,
	2026/04/30 12:01:49	,	624397	,	2173	,9.923506,1999.9000,-0.09046151,-1191.7711,595010.0625,41.438,604693.1875,1999.9000,
	2026/04/30 12:01:49	,	625397	,	2174	,9.923456,1999.9000,-0.08424108,-1191.8743,595286.1875,41.443,604693.1875,1999.9000,
	2026/04/30 12:01:49	,	626397	,	2175	,9.923414,1999.9000,-0.08424108,-1191.9602,595569.1250,41.450,604693.1875,1999.9000,
	2026/04/30 12:01:49	,	627397	,	2176	,9.923374,1999.9000,-0.08424105,-1192.0317,595569.1250,41.455,604693.1875,1999.9000,
	2026/04/30 12:01:49	,	628397	,	2177	,9.923332,1999.9000,-0.08424108,-1192.0914,595569.1250,41.460,604693.1875,1999.9000,
	2026/04/30 12:01:49	,	629397	,	2178	,9.923297,1999.9000,-0.08424108,-1192.2407,595569.1250,41.461,604698.7500,1999.9000,
	2026/04/30 12:01:49	,	630397	,	2179	,9.923237,1999.9000,-0.08428833,-1192.3651,595569.1250,41.462,604796.5000,1999.9000,
	2026/04/30 12:01:49	,	631397	,	2180	,9.923173,1999.9000,-0.08759394,-1192.4686,595453.5625,41.463,604820.3125,1999.9000,
	2026/04/30 12:01:49	,	632397	,	2181	,9.923119,1999.9000,-0.09032916,-1192.4556,595422.0000,41.463,604911.1875,1999.9000,
	2026/04/30 12:01:49	,	633397	,	2182	,9.923074,1999.9000,-0.09254760,-1192.5441,595403.9375,41.465,604946.8125,1999.9000,
	2026/04/30 12:01:49	,	634397	,	2183	,9.923074,1999.9000,-0.09700968,-1192.6179,595387.4375,41.465,605061.6250,1999.9000,
	2026/04/30 12:01:49	,	635397	,	2184	,9.923007,1999.9000,-0.10430785,-1192.0826,595172.9375,41.464,605061.6250,1999.9000,
	2026/04/30 12:01:49	,	636397	,	2185	,9.922981,1999.9000,-0.11016276,-1191.5371,594889.9375,41.464,605061.6250,1999.9000,
	2026/04/30 12:01:49	,	637397	,	2186	,9.922969,1999.9000,-0.11016276,-1191.0824,594889.9375,41.466,605061.6250,1999.9000,
	2026/04/30 12:01:49	,	638397	,	2187	,9.922959,1999.9000,-0.11016276,-1190.5046,594889.9375,41.468,605061.6250,1999.9000,
	2026/04/30 12:01:49	,	639397	,	2188	,9.922951,1999.9000,-0.11016276,-1190.2220,594889.9375,41.469,605056.6875,1999.9000,
	2026/04/30 12:01:49	,	640397	,	2189	,9.922944,1999.9000,-0.11016276,-1190.0861,594889.9375,41.468,604962.5625,1999.9000,
	2026/04/30 12:01:49	,	641397	,	2190	,9.922937,1999.9000,-0.10991592,-1190.8679,594895.7500,41.466,604931.4375,1999.9000,
	2026/04/30 12:01:49	,	642397	,	2191	,9.922937,1999.9000,-0.10991592,-1191.0222,594979.8750,41.466,604830.3125,1999.9000,
	2026/04/30 12:01:49	,	643397	,	2192	,9.922928,1999.9000,-0.10628992,-1190.7528,594984.0625,41.468,604830.3125,1999.9000,
	2026/04/30 12:01:49	,	644397	,	2193	,9.922875,1999.9000,-0.10271966,-1190.9263,594994.0000,41.471,604790.4375,1999.9000,
	2026/04/30 12:01:49	,	645397	,	2194	,9.922827,1999.9000,-0.09665675,-1191.3693,595182.4375,41.472,604699.1875,1999.9000,
	2026/04/30 12:01:49	,	646397	,	2195	,9.922771,1999.9000,-0.09351186,-1191.9374,595488.1250,41.472,604693.5000,1999.9000,
	2026/04/30 12:01:49	,	647397	,	2196	,9.922700,1999.9000,-0.09351186,-1192.5103,595488.1250,41.473,604691.5625,1999.9000,
	2026/04/30 12:01:49	,	648397	,	2197	,9.922615,1999.9000,-0.09351186,-1192.9875,595488.1250,41.473,604690.5625,1999.9000,
	2026/04/30 12:01:49	,	649397	,	2198	,9.922544,1999.9000,-0.09351186,-1193.2859,595488.1250,41.473,604690.0625,1999.9000,
	2026/04/30 12:01:49	,	650397	,	2199	,9.922486,1999.9000,-0.09351186,-1193.3356,595488.1250,41.474,604689.6250,1999.9000,
	2026/04/30 12:01:49	,	651397	,	2200	,9.922447,1999.9000,-0.09656222,-1193.3770,595487.5000,41.474,604702.8750,1999.9000,
	2026/04/30 12:01:49	,	652397	,	2201	,9.922430,1999.9000,-0.09919032,-1193.4115,595400.5625,41.471,604847.1875,1999.9000,
	2026/04/30 12:01:49	,	653397	,	2202	,9.922416,1999.9000,-0.10162302,-1193.5397,595382.3750,41.469,604878.0000,1999.9000,
	2026/04/30 12:01:49	,	654397	,	2203	,9.922394,1999.9000,-0.10503262,-1193.6465,595372.7500,41.465,604971.0000,1999.9000,
	2026/04/30 12:01:49	,	655397	,	2204	,9.922385,1999.9000,-0.10503262,-1193.7355,595247.4375,41.461,605001.8125,1999.9000,
	2026/04/30 12:01:49	,	656397	,	2205	,9.922383,1999.9000,-0.11857644,-1193.8098,594983.5000,41.455,605027.6250,1999.9000,
	2026/04/30 12:01:49	,	657397	,	2206	,9.922392,1999.9000,-0.11857644,-1193.2748,594892.3125,41.451,605040.5000,1999.9000,
	2026/04/30 12:01:49	,	658397	,	2207	,9.922404,1999.9000,-0.11898399,-1192.8290,594892.3125,41.446,605048.1875,1999.9000,
	2026/04/30 12:01:49	,	659397	,	2208	,9.922422,1999.9000,-0.11903493,-1192.4574,594892.3125,41.442,605053.3125,1999.9000,
	2026/04/30 12:01:49	,	660397	,	2209	,9.922440,1999.9000,-0.11903493,-1192.1478,594892.3125,41.436,605057.6250,1999.9000,
	2026/04/30 12:01:49	,	661397	,	2210	,9.922453,1999.9000,-0.11906549,-1191.8898,594892.3125,41.431,605048.8125,1999.9000,
	2026/04/30 12:01:49	,	662397	,	2211	,9.922464,1999.9000,-0.11873730,-1191.6748,594974.5000,41.426,604925.6875,1999.9000,
	2026/04/30 12:01:49	,	663397	,	2212	,9.922474,1999.9000,-0.11873730,-1191.1971,594988.5625,41.426,604893.0625,1999.9000,
	2026/04/30 12:01:49	,	664397	,	2213	,9.922482,1999.9000,-0.11529920,-1190.7992,594996.5625,41.422,604790.4375,1999.9000,
	2026/04/30 12:01:49	,	665397	,	2214	,9.922480,1999.9000,-0.11433493,-1190.4675,595111.5625,41.418,604759.9375,1999.9000,
	2026/04/30 12:01:49	,	666397	,	2215	,9.922477,1999.9000,-0.10791910,-1190.1912,595388.0625,41.416,604733.6250,1999.9000,
	2026/04/30 12:01:49	,	667397	,	2216	,9.922470,1999.9000,-0.10287720,-1189.9607,595503.6250,41.413,604720.4375,1999.9000,
	2026/04/30 12:01:49	,	668397	,	2217	,9.922459,1999.9000,-0.10287720,-1190.1667,595503.6250,41.411,604712.5625,1999.9000,
	2026/04/30 12:01:49	,	669397	,	2218	,9.922449,1999.9000,-0.10287720,-1190.3384,595503.6250,41.408,604707.3125,1999.9000,
	2026/04/30 12:01:49	,	670397	,	2219	,9.922441,1999.9000,-0.10287720,-1190.4814,595503.6250,41.408,604702.8750,1999.9000,
	2026/04/30 12:01:49	,	671397	,	2220	,9.922440,1999.9000,-0.10287720,-1190.6006,595503.6250,41.404,604710.5000,1999.9000,
	2026/04/30 12:01:49	,	672397	,	2221	,9.922438,1999.9000,-0.10648216,-1190.6998,595401.1250,41.408,604809.1250,1999.9000,
	2026/04/30 12:01:49	,	673397	,	2222	,9.922438,1999.9000,-0.10982242,-1190.7827,595380.6250,41.412,604835.3750,1999.9000,
	2026/04/30 12:01:49	,	674397	,	2223	,9.922462,1999.9000,-0.11269000,-1190.5532,595372.5625,41.418,604922.6875,1999.9000,
	2026/04/30 12:01:49	,	675397	,	2224	,9.922457,1999.9000,-0.11544415,-1190.3621,595355.0000,41.420,604956.8750,1999.9000,
	2026/04/30 12:01:49	,	676397	,	2225	,9.922453,1999.9000,-0.12151333,-1190.0037,595083.0000,41.418,605062.2500,1999.9000,
	2026/04/30 12:01:49	,	677397	,	2226	,9.922449,1999.9000,-0.12840185,-1189.7052,594850.0000,41.417,605062.2500,1999.9000,
	2026/04/30 12:01:49	,	678397	,	2227	,9.922446,1999.9000,-0.13159713,-1189.4563,594850.0000,41.416,605062.2500,1999.9000,
	2026/04/30 12:01:49	,	679397	,	2228	,9.922440,1999.9000,-0.13159713,-1189.2489,594850.0000,41.417,605062.2500,1999.9000,
	2026/04/30 12:01:49	,	680397	,	2229	,9.922424,1999.9000,-0.13159713,-1189.0762,594850.0000,41.420,605062.2500,1999.9000,
	2026/04/30 12:01:49	,	681397	,	2230	,9.922411,1999.9000,-0.13159713,-1188.9323,594850.0000,41.423,605050.9375,1999.9000,
	2026/04/30 12:01:49	,	682397	,	2231	,9.922400,1999.9000,-0.13159713,-1188.8123,594956.1250,41.427,604927.5625,1999.9000,
	2026/04/30 12:01:49	,	683397	,	2232	,9.922391,1999.9000,-0.12932828,-1189.0106,594977.8125,41.429,604898.1875,1999.9000,
	2026/04/30 12:01:49	,	684397	,	2233	,9.922393,1999.9000,-0.12716027,-1189.4744,594990.8125,41.432,604791.0625,1999.9000,
	2026/04/30 12:01:49	,	685397	,	2234	,9.922394,1999.9000,-0.11993776,-1189.8610,595271.8125,41.438,604672.0625,1999.9000,
	2026/04/30 12:01:49	,	686397	,	2235	,9.922396,1999.9000,-0.11993776,-1190.4814,595271.8125,41.438,604672.0625,1999.9000,
	2026/04/30 12:01:49	,	687397	,	2236	,9.922397,1999.9000,-0.11372990,-1190.9985,595575.7500,41.441,604672.0625,1999.9000,
	2026/04/30 12:01:49	,	688397	,	2237	,9.922462,1999.9000,-0.11372990,-1191.4294,595575.7500,41.444,604672.0625,1999.9000,
	2026/04/30 12:01:49	,	689397	,	2238	,9.922522,1999.9000,-0.11372990,-1191.6891,595575.7500,41.445,604672.0625,1999.9000,
	2026/04/30 12:01:49	,	690397	,	2239	,9.922602,1999.9000,-0.11372990,-1191.9055,595575.7500,41.442,604672.0625,1999.9000,
	2026/04/30 12:01:49	,	691397	,	2240	,9.922693,1999.9000,-0.11372990,-1192.1853,595575.7500,41.438,604682.8125,1999.9000,
	2026/04/30 12:01:49	,	692397	,	2241	,9.922773,1999.9000,-0.11604918,-1192.4185,595454.7500,41.435,604798.2500,1999.9000,
	2026/04/30 12:01:49	,	693397	,	2242	,9.922841,1999.9000,-0.11942725,-1192.6127,595421.6875,41.433,604823.0000,1999.9000,
	2026/04/30 12:01:49	,	694397	,	2243	,9.922897,1999.9000,-0.12265407,-1192.6750,595400.3125,41.431,604919.0625,1999.9000,
	2026/04/30 12:01:49	,	695397	,	2244	,9.922949,1999.9000,-0.12586199,-1192.5281,595383.2500,41.429,604952.0000,1999.9000,
	2026/04/30 12:01:49	,	696397	,	2245	,9.923022,1999.9000,-0.13189337,-1192.4056,595180.0625,41.420,605062.2500,1999.9000,
	2026/04/30 12:01:49	,	697397	,	2246	,9.923123,1999.9000,-0.14070408,-1192.0051,594900.0625,41.417,605062.2500,1999.9000,
	2026/04/30 12:01:49	,	698397	,	2247	,9.923216,1999.9000,-0.14826062,-1191.6715,594900.0625,41.417,605062.2500,1999.9000,
	2026/04/30 12:01:49	,	699397	,	2248	,9.923319,1999.9000,-0.15380672,-1191.3934,594900.0625,41.418,605062.2500,1999.9000,
	2026/04/30 12:01:49	,	700397	,	2249	,9.923420,1999.9000,-0.15734237,-1191.1616,594900.0625,41.418,605062.2500,1999.9000,
	2026/04/30 12:01:49	,	701397	,	2250	,9.923513,1999.9000,-0.15775833,-1190.9685,594900.0625,41.418,605058.8125,1999.9000,
	2026/04/30 12:01:49	,	702397	,	2251	,9.923596,1999.9000,-0.15800832,-1190.8075,594901.0625,41.419,604966.1875,1999.9000,
	2026/04/30 12:01:49	,	703397	,	2252	,9.923681,1999.9000,-0.15842637,-1190.6733,594913.1875,41.419,604932.3750,1999.9000,
	2026/04/30 12:01:49	,	704397	,	2253	,9.923751,1999.9000,-0.15881084,-1190.8601,594996.0000,41.419,604822.4375,1999.9000,
	2026/04/30 12:01:49	,	705397	,	2254	,9.923820,1999.9000,-0.16103557,-1190.7172,595003.4375,41.421,604785.0625,1999.9000,
	2026/04/30 12:01:49	,	706397	,	2255	,9.923896,1999.9000,-0.16129395,-1190.8966,595150.3125,41.427,604683.5000,1999.9000,
	2026/04/30 12:01:49	,	707397	,	2256	,9.923965,1999.9000,-0.16145572,-1191.0460,595454.7500,41.435,604680.7500,1999.9000,
	2026/04/30 12:01:49	,	708397	,	2257	,9.924038,1999.9000,-0.16365735,-1191.1707,595470.5625,41.443,604679.8125,1999.9000,
	2026/04/30 12:01:49	,	709397	,	2258	,9.924103,1999.9000,-0.16380547,-1191.2745,595475.8125,41.450,604679.3750,1999.9000,
	2026/04/30 12:01:49	,	710397	,	2259	,9.924172,1999.9000,-0.16400608,-1191.3610,595478.4375,41.456,604679.1250,1999.9000,
	2026/04/30 12:01:49	,	711397	,	2260	,9.924240,1999.9000,-0.16874968,-1191.4330,595480.0000,41.460,604678.9375,1999.9000,
	2026/04/30 12:01:49	,	712397	,	2261	,9.924346,1999.9000,-0.17497642,-1191.4930,595481.0625,41.463,604691.8750,1999.9000,
	2026/04/30 12:01:49	,	713397	,	2262	,9.924469,1999.9000,-0.18072420,-1191.3442,595468.9375,41.462,604818.8125,1999.9000,
	2026/04/30 12:01:49	,	714397	,	2263	,9.924622,1999.9000,-0.18565266,-1191.2201,595383.8750,41.459,604846.2500,1999.9000,
	2026/04/30 12:01:49	,	715397	,	2264	,9.924748,1999.9000,-0.19003282,-1191.0171,595377.9375,41.450,604938.4375,1999.9000,
	2026/04/30 12:01:49	,	716397	,	2265	,9.924865,1999.9000,-0.19555999,-1190.8481,595277.1875,41.442,604974.6875,1999.9000,
	2026/04/30 12:01:49	,	717397	,	2266	,9.924995,1999.9000,-0.20453459,-1190.8066,595012.6875,41.434,604998.4375,1999.9000,
	2026/04/30 12:01:49	,	718397	,	2267	,9.925110,1999.9000,-0.21265206,-1190.5734,594875.6250,41.424,605010.3125,1999.9000,
	2026/04/30 12:01:49	,	719397	,	2268	,9.925220,1999.9000,-0.21860780,-1190.3788,594875.6250,41.415,605017.3750,1999.9000,
	2026/04/30 12:01:49	,	720397	,	2269	,9.925326,1999.9000,-0.22180940,-1190.2167,594875.6250,41.408,605022.1875,1999.9000,
	2026/04/30 12:01:49	,	721397	,	2270	,9.925420,1999.9000,-0.22193861,-1190.0815,594875.6250,41.404,605026.1250,1999.9000,
	2026/04/30 12:01:49	,	722397	,	2271	,9.925503,1999.9000,-0.22208251,-1190.2673,594875.6250,41.401,605017.9375,1999.9000,
	2026/04/30 12:01:49	,	723397	,	2272	,9.925582,1999.9000,-0.22215447,-1190.5217,594963.2500,41.398,604906.3750,1999.9000,
	2026/04/30 12:01:49	,	724397	,	2273	,9.925653,1999.9000,-0.22219762,-1190.9326,594979.6250,41.395,604873.5000,1999.9000,
	2026/04/30 12:01:49	,	725397	,	2274	,9.925772,1999.9000,-0.22217600,-1191.2750,594989.6250,41.401,604772.9375,1999.9000,
	2026/04/30 12:01:49	,	726397	,	2275	,9.925890,1999.9000,-0.22211491,-1191.5603,595075.2500,41.410,604742.3750,1999.9000,
	2026/04/30 12:01:49	,	727397	,	2276	,9.926000,1999.9000,-0.21947123,-1191.7981,595330.8125,41.423,604718.5625,1999.9000,
	2026/04/30 12:01:49	,	728397	,	2277	,9.926095,1999.9000,-0.21947123,-1191.9962,595538.7500,41.434,604706.6250,1999.9000,
	2026/04/30 12:01:49	,	729397	,	2278	,9.926186,1999.9000,-0.21947123,-1192.1614,595538.7500,41.444,604699.4375,1999.9000,
	2026/04/30 12:01:49	,	730397	,	2279	,9.926330,1999.9000,-0.21947123,-1192.0006,595538.7500,41.452,604694.6875,1999.9000,
	2026/04/30 12:01:49	,	731397	,	2280	,9.926489,1999.9000,-0.21947123,-1191.8666,595538.7500,41.461,604690.6875,1999.9000,
	2026/04/30 12:01:49	,	732397	,	2281	,9.926637,1999.9000,-0.21950170,-1191.7549,595538.7500,41.468,604699.6875,1999.9000,
	2026/04/30 12:01:49	,	733397	,	2282	,9.926761,1999.9000,-0.22397742,-1191.6617,595413.6875,41.474,604804.8750,1999.9000,
	2026/04/30 12:01:49	,	734397	,	2283	,9.926883,1999.9000,-0.22770843,-1191.5841,595387.1250,41.478,604831.1875,1999.9000,
	2026/04/30 12:01:49	,	735397	,	2284	,9.926994,1999.9000,-0.23071468,-1191.5195,595376.6875,41.479,604933.5625,1999.9000,
	2026/04/30 12:01:49	,	736397	,	2285	,9.927123,1999.9000,-0.23383434,-1191.1674,595362.1250,41.480,605016.8750,1999.9000,
	2026/04/30 12:01:49	,	737397	,	2286	,9.927329,1999.9000,-0.24040774,-1190.8738,595125.8750,41.478,605044.0625,1999.9000,
	2026/04/30 12:01:49	,	738397	,	2287	,9.927550,1999.9000,-0.24756724,-1191.1265,594839.8750,41.474,605053.1250,1999.9000,
	2026/04/30 12:01:49	,	739397	,	2288	,9.927766,1999.9000,-0.25125411,-1191.3370,594839.8750,41.471,605057.6875,1999.9000,
	2026/04/30 12:01:49	,	740397	,	2289	,9.927955,1999.9000,-0.25125411,-1191.5126,594839.8750,41.467,605060.3750,1999.9000,
	2026/04/30 12:01:49	,	741397	,	2290	,9.928123,1999.9000,-0.25125411,-1191.4598,594839.8750,41.464,605062.2500,1999.9000,
	2026/04/30 12:01:49	,	742397	,	2291	,9.928282,1999.9000,-0.25125411,-1191.4161,594839.8750,41.461,605051.3125,1999.9000,
	2026/04/30 12:01:49	,	743397	,	2292	,9.928429,1999.9000,-0.25125411,-1191.3795,594949.5000,41.456,604920.3125,1999.9000,
	2026/04/30 12:01:49	,	744397	,	2293	,9.928561,1999.9000,-0.25094005,-1191.3490,594973.6875,41.450,604885.2500,1999.9000,
	2026/04/30 12:01:49	,	745397	,	2294	,9.928712,1999.9000,-0.24779412,-1191.3236,594986.6875,41.445,604786.1875,1999.9000,
	2026/04/30 12:01:49	,	746397	,	2295	,9.928843,1999.9000,-0.24703154,-1191.3025,595002.6875,41.439,604759.9375,1999.9000,
	2026/04/30 12:01:49	,	747397	,	2296	,9.929016,1999.9000,-0.24145393,-1191.2848,595241.4375,41.433,604667.1875,1999.9000,
	2026/04/30 12:01:49	,	748397	,	2297	,9.929260,1999.9000,-0.23534063,-1191.2701,595536.3750,41.428,604667.1875,1999.9000,
	2026/04/30 12:01:49	,	749397	,	2298	,9.929472,1999.9000,-0.23534063,-1191.2578,595536.3750,41.423,604667.1875,1999.9000,
	2026/04/30 12:01:49	,	750397	,	2299	,9.929673,1999.9000,-0.23534063,-1191.4465,595536.3750,41.421,604667.1875,1999.9000,
	2026/04/30 12:01:49	,	751397	,	2300	,9.929862,1999.9000,-0.23534063,-1191.6039,595536.3750,41.421,604667.1875,1999.9000,
	2026/04/30 12:01:49	,	752397	,	2301	,9.930034,1999.9000,-0.23534063,-1191.7349,595536.3750,41.419,604678.7500,1999.9000,
	2026/04/30 12:01:49	,	753397	,	2302	,9.930186,1999.9000,-0.23543304,-1191.8441,595526.1250,41.416,604806.1250,1999.9000,
	2026/04/30 12:01:49	,	754397	,	2303	,9.930347,1999.9000,-0.23880062,-1192.0347,595395.1875,41.414,604829.0625,1999.9000,
	2026/04/30 12:01:49	,	755397	,	2304	,9.930552,1999.9000,-0.24129006,-1192.1934,595386.5625,41.412,604920.8750,1999.9000,
	2026/04/30 12:01:49	,	756397	,	2305	,9.930723,1999.9000,-0.24367237,-1192.3257,595373.7500,41.410,604953.7500,1999.9000,
	2026/04/30 12:01:49	,	757397	,	2306	,9.930895,1999.9000,-0.24899158,-1192.4359,595197.9375,41.412,605061.6250,1999.9000,
	2026/04/30 12:01:49	,	758397	,	2307	,9.931098,1999.9000,-0.25657964,-1192.5278,594927.5000,41.415,605061.6250,1999.9000,
	2026/04/30 12:01:49	,	759397	,	2308	,9.931317,1999.9000,-0.26227069,-1192.6044,594912.8750,41.417,605061.6250,1999.9000,
	2026/04/30 12:01:49	,	760397	,	2309	,9.931524,1999.9000,-0.26227069,-1192.2703,594908.0000,41.419,605061.6250,1999.9000,
	2026/04/30 12:01:49	,	761397	,	2310	,9.931717,1999.9000,-0.26227069,-1191.3950,594905.5625,41.421,605061.6250,1999.9000,
	2026/04/30 12:01:49	,	762397	,	2311	,9.931888,1999.9000,-0.26227069,-1190.6658,594904.1250,41.422,605057.8125,1999.9000,
	2026/04/30 12:01:49	,	763397	,	2312	,9.932049,1999.9000,-0.26227069,-1190.0579,594903.1875,41.423,604956.5625,1999.9000,
	2026/04/30 12:01:49	,	764397	,	2313	,9.932235,1999.9000,-0.26201859,-1189.9492,594914.4375,41.427,604926.3125,1999.9000,
	2026/04/30 12:01:49	,	765397	,	2314	,9.932432,1999.9000,-0.25925815,-1189.8588,594927.1250,41.429,604824.8750,1999.9000,
	2026/04/30 12:01:49	,	766397	,	2315	,9.932608,1999.9000,-0.25867835,-1189.7833,595010.2500,41.432,604737.8125,1999.9000,
	2026/04/30 12:01:49	,	767397	,	2316	,9.932769,1999.9000,-0.25475824,-1189.7205,595153.8750,41.433,604708.1875,1999.9000,
	2026/04/30 12:01:49	,	768397	,	2317	,9.932922,1999.9000,-0.24864495,-1189.6681,595449.3750,41.434,604698.3750,1999.9000,
	2026/04/30 12:01:49	,	769397	,	2318	,9.933150,1999.9000,-0.24864495,-1189.6244,595476.5000,41.436,604693.5000,1999.9000,
	2026/04/30 12:01:49	,	770397	,	2319	,9.933429,1999.9000,-0.24864495,-1189.5879,595485.5625,41.437,604690.5000,1999.9000,
	2026/04/30 12:01:49	,	771397	,	2320	,9.933691,1999.9000,-0.24864495,-1189.5879,595490.0625,41.437,604688.5000,1999.9000,
	2026/04/30 12:01:49	,	772397	,	2321	,9.933915,1999.9000,-0.24864495,-1190.0629,595492.7500,41.437,604694.3125,1999.9000,
	2026/04/30 12:01:49	,	773397	,	2322	,9.934132,1999.9000,-0.24896637,-1189.8540,595494.5625,41.437,604792.8125,1999.9000,
	2026/04/30 12:01:49	,	774397	,	2323	,9.934346,1999.9000,-0.25455028,-1189.5804,595482.0625,41.439,604822.1250,1999.9000,
	2026/04/30 12:01:49	,	775397	,	2324	,9.934575,1999.9000,-0.25780231,-1189.2529,595376.6875,41.440,604912.4375,1999.9000,
	2026/04/30 12:01:49	,	776397	,	2325	,9.934806,1999.9000,-0.26039889,-1188.9800,595367.8125,41.442,604943.2500,1999.9000,
	2026/04/30 12:01:49	,	777397	,	2326	,9.935008,1999.9000,-0.26428115,-1188.7526,595277.1875,41.440,605048.9375,1999.9000,
	2026/04/30 12:01:49	,	778397	,	2327	,9.935210,1999.9000,-0.27148479,-1188.6626,595032.3750,41.438,605048.9375,1999.9000,
	2026/04/30 12:01:49	,	779397	,	2328	,9.935473,1999.9000,-0.27773675,-1188.4880,594871.5000,41.439,605048.9375,1999.9000,
	2026/04/30 12:01:49	,	780397	,	2329	,9.935709,1999.9000,-0.27773675,-1188.3427,594871.5000,41.442,605048.9375,1999.9000,
	2026/04/30 12:01:49	,	781397	,	2330	,9.935974,1999.9000,-0.27773675,-1188.1219,594871.5000,41.445,605048.9375,1999.9000,
	2026/04/30 12:01:49	,	782397	,	2331	,9.936244,1999.9000,-0.27773675,-1188.0376,594871.5000,41.447,605048.5625,1999.9000,
	2026/04/30 12:01:49	,	783397	,	2332	,9.936503,1999.9000,-0.27773675,-1187.9673,594871.5000,41.448,605035.3125,1999.9000,
	2026/04/30 12:01:49	,	784397	,	2333	,9.936726,1999.9000,-0.27744156,-1188.0081,594969.1250,41.450,604896.1250,1999.9000,
	2026/04/30 12:01:49	,	785397	,	2334	,9.936950,1999.9000,-0.27428934,-1188.1416,594981.9375,41.451,604858.3750,1999.9000,
	2026/04/30 12:01:49	,	786397	,	2335	,9.937186,1999.9000,-0.27371895,-1188.4518,594990.0000,41.453,604759.0000,1999.9000,
	2026/04/30 12:01:49	,	787397	,	2336	,9.937438,1999.9000,-0.27111292,-1188.9093,595071.6250,41.456,604730.6250,1999.9000,
	2026/04/30 12:01:49	,	788397	,	2337	,9.937683,1999.9000,-0.26531473,-1189.2906,595318.3125,41.456,604719.8750,1999.9000,
	2026/04/30 12:01:49	,	789397	,	2338	,9.937985,1999.9000,-0.26249757,-1189.4093,595542.9375,41.456,604714.5625,1999.9000,
	2026/04/30 12:01:49	,	790397	,	2339	,9.938328,1999.9000,-0.26249757,-1189.5082,595542.9375,41.450,604711.3750,1999.9000,
	2026/04/30 12:01:49	,	791397	,	2340	,9.938617,1999.9000,-0.26249757,-1189.5082,595542.9375,41.450,604709.2500,1999.9000,
	2026/04/30 12:01:49	,	792397	,	2341	,9.938858,1999.9000,-0.26249757,-1189.5907,595542.9375,41.445,604707.5000,1999.9000,
	2026/04/30 12:01:49	,	793397	,	2342	,9.939123,1999.9000,-0.26249757,-1189.2615,595542.9375,41.441,604717.3750,1999.9000,
	2026/04/30 12:01:49	,	794397	,	2343	,9.939351,1999.9000,-0.26648065,-1188.9872,595422.0000,41.443,604815.1250,1999.9000,
	2026/04/30 12:01:49	,	795397	,	2344	,9.939580,1999.9000,-0.26961929,-1188.7585,595400.2500,41.439,604846.8750,1999.9000,
	2026/04/30 12:01:49	,	796397	,	2345	,9.939860,1999.9000,-0.27208981,-1188.4686,595388.6250,41.436,604947.4375,1999.9000,
	2026/04/30 12:01:49	,	797397	,	2346	,9.940128,1999.9000,-0.27492586,-1188.1274,595371.9375,41.434,604978.5625,1999.9000,
	2026/04/30 12:01:49	,	798397	,	2347	,9.940376,1999.9000,-0.28141734,-1187.9426,595136.5625,41.431,604978.5625,1999.9000,
	2026/04/30 12:01:49	,	799397	,	2348	,9.940614,1999.9000,-0.28840035,-1187.7887,594853.0000,41.435,605066.4375,1999.9000,
	2026/04/30 12:01:49	,	800397	,	2349	,9.940885,1999.9000,-0.29136878,-1187.9587,594853.0000,41.439,605066.4375,1999.9000,
	2026/04/30 12:01:49	,	801397	,	2350	,9.941156,1999.9000,-0.29136878,-1188.1005,594853.0000,41.442,605066.4375,1999.9000,
	2026/04/30 12:01:49	,	802397	,	2351	,9.941413,1999.9000,-0.29136878,-1188.4175,594853.0000,41.444,605066.4375,1999.9000,
	2026/04/30 12:01:49	,	803397	,	2352	,9.941685,1999.9000,-0.29136878,-1188.9802,594853.0000,41.446,605066.4375,1999.9000,
	2026/04/30 12:01:49	,	804397	,	2353	,9.941927,1999.9000,-0.29136878,-1189.4491,594938.2500,41.448,605053.8750,1999.9000,
	2026/04/30 12:01:49	,	805397	,	2354	,9.942187,1999.9000,-0.28914404,-1189.8398,594967.6875,41.450,604924.5000,1999.9000,
	2026/04/30 12:01:49	,	806397	,	2355	,9.942480,1999.9000,-0.28824595,-1190.1653,594982.8750,41.451,604894.0000,1999.9000,
	2026/04/30 12:01:49	,	807397	,	2356	,9.942783,1999.9000,-0.28582901,-1190.4366,594996.1250,41.452,604794.0625,1999.9000,
	2026/04/30 12:01:49	,	808397	,	2357	,9.943040,1999.9000,-0.28127867,-1190.7622,595223.0000,41.453,604764.5000,1999.9000,
	2026/04/30 12:01:49	,	809397	,	2358	,9.943299,1999.9000,-0.27589643,-1191.2325,595515.5000,41.453,604738.0625,1999.9000,
	2026/04/30 12:01:49	,	810397	,	2359	,9.943629,1999.9000,-0.27589643,-1191.6244,595515.5000,41.454,604724.9375,1999.9000,
	2026/04/30 12:01:49	,	811397	,	2360	,9.943918,1999.9000,-0.27589643,-1191.9509,595515.5000,41.453,604717.0000,1999.9000,
	2026/04/30 12:01:49	,	812397	,	2361	,9.944196,1999.9000,-0.27589643,-1192.5216,595515.5000,41.453,604707.3125,1999.9000,
	2026/04/30 12:01:49	,	813397	,	2362	,9.944590,1999.9000,-0.27589643,-1193.1960,595515.5000,41.453,604707.3125,1999.9000,
	2026/04/30 12:01:49	,	814397	,	2363	,9.944963,1999.9000,-0.27875769,-1193.7581,595503.8125,41.455,604715.4375,1999.9000,
	2026/04/30 12:01:49	,	815397	,	2364	,9.945285,1999.9000,-0.28243831,-1194.2264,595368.3750,41.458,604821.1875,1999.9000,
	2026/04/30 12:01:49	,	816397	,	2365	,9.945562,1999.9000,-0.28577226,-1194.6168,595357.6875,41.460,604839.6250,1999.9000,
	2026/04/30 12:01:49	,	817397	,	2366	,9.945813,1999.9000,-0.28879109,-1194.9420,595350.1250,41.459,604921.5000,1999.9000,
	2026/04/30 12:01:49	,	818397	,	2367	,9.946096,1999.9000,-0.29443175,-1194.7157,595221.1875,41.457,604958.3125,1999.9000,
	2026/04/30 12:01:49	,	819397	,	2368	,9.946417,1999.9000,-0.30166057,-1194.2286,594960.2500,41.457,605082.7500,1999.9000,
	2026/04/30 12:01:49	,	820397	,	2369	,9.946719,1999.9000,-0.30651340,-1193.6238,594930.7500,41.457,605082.7500,1999.9000,
	2026/04/30 12:01:49	,	821397	,	2370	,9.946996,1999.9000,-0.30651340,-1192.8214,594920.8750,41.457,605082.7500,1999.9000,
	2026/04/30 12:01:49	,	822397	,	2371	,9.947271,1999.9000,-0.30651340,-1192.0532,594916.0000,41.457,605082.7500,1999.9000,
	2026/04/30 12:01:49	,	823397	,	2372	,9.947599,1999.9000,-0.30651340,-1191.5126,594913.0625,41.457,605082.7500,1999.9000,
	2026/04/30 12:01:49	,	824397	,	2373	,9.947907,1999.9000,-0.30651340,-1191.1615,594911.1250,41.457,605075.0625,1999.9000,
	2026/04/30 12:01:49	,	825397	,	2374	,9.948274,1999.9000,-0.30617937,-1190.8689,594920.8750,41.457,604961.9375,1999.9000,
	2026/04/30 12:01:49	,	826397	,	2375	,9.948628,1999.9000,-0.30264375,-1190.6251,594932.3750,41.458,604932.3750,1999.9000,
	2026/04/30 12:01:49	,	827397	,	2376	,9.948964,1999.9000,-0.30190003,-1190.3224,594943.8125,41.463,604829.6875,1999.9000,
	2026/04/30 12:01:49	,	828397	,	2377	,9.948964,1999.9000,-0.29780352,-1190.0702,595116.9375,41.466,604800.1250,1999.9000,
	2026/04/30 12:01:49	,	829397	,	2378	,9.949585,1999.9000,-0.29216915,-1189.9596,595412.4375,41.474,604716.7500,1999.9000,
	2026/04/30 12:01:49	,	830397	,	2379	,9.949885,1999.9000,-0.29216915,-1189.8673,595507.7500,41.480,604716.7500,1999.9000,
	2026/04/30 12:01:49	,	831397	,	2380	,9.950195,1999.9000,-0.29216915,-1189.7904,595507.7500,41.481,604716.7500,1999.9000,
	2026/04/30 12:01:49	,	832397	,	2381	,9.950538,1999.9000,-0.29216915,-1189.4279,595507.7500,41.478,604716.7500,1999.9000,
	2026/04/30 12:01:49	,	833397	,	2382	,9.950893,1999.9000,-0.29216918,-1189.0264,595507.7500,41.469,604716.7500,1999.9000,
	2026/04/30 12:01:49	,	834397	,	2383	,9.951214,1999.9000,-0.29239818,-1188.6918,595507.7500,41.456,604720.1250,1999.9000,
	2026/04/30 12:01:49	,	835397	,	2384	,9.951214,1999.9000,-0.29687706,-1188.3135,595399.3750,41.445,604733.5625,1999.9000,
	2026/04/30 12:01:49	,	836397	,	2385	,9.951510,1999.9000,-0.29990849,-1187.9982,595379.0625,41.437,604854.4375,1999.9000,
	2026/04/30 12:01:49	,	837397	,	2386	,9.951858,1999.9000,-0.30265003,-1187.8350,595370.5625,41.429,604888.2500,1999.9000,
	2026/04/30 12:01:49	,	838397	,	2387	,9.952151,1999.9000,-0.30696717,-1187.5995,595351.3750,41.423,604995.1875,1999.9000,
	2026/04/30 12:01:49	,	839397	,	2388	,9.952440,1999.9000,-0.31459305,-1187.4032,595064.5000,41.418,605076.6875,1999.9000,
	2026/04/30 12:01:49	,	840397	,	2389	,9.952762,1999.9000,-0.32092693,-1187.2396,594855.3750,41.415,605076.6875,1999.9000,
	2026/04/30 12:01:49	,	841397	,	2390	,9.953109,1999.9000,-0.32092693,-1187.2029,594855.3750,41.418,605076.6875,1999.9000,
	2026/04/30 12:01:49	,	842397	,	2391	,9.953447,1999.9000,-0.32092693,-1187.2716,594855.3750,41.419,605076.6875,1999.9000,
	2026/04/30 12:01:49	,	843397	,	2392	,9.953798,1999.9000,-0.32092693,-1187.4285,594855.3750,41.421,605076.6875,1999.9000,
	2026/04/30 12:01:49	,	844397	,	2393	,9.954106,1999.9000,-0.32092693,-1187.5591,594855.3750,41.422,605073.1250,1999.9000,
	2026/04/30 12:01:49	,	845397	,	2394	,9.954403,1999.9000,-0.32070109,-1187.6678,594958.5000,41.424,604984.3125,1999.9000,
	2026/04/30 12:01:49	,	846397	,	2395	,9.954735,1999.9000,-0.31756777,-1187.8582,594980.5000,41.424,604951.4375,1999.9000,
	2026/04/30 12:01:49	,	847397	,	2396	,9.955080,1999.9000,-0.31685245,-1188.0167,594991.6250,41.425,604843.0000,1999.9000,
	2026/04/30 12:01:49	,	848397	,	2397	,9.955462,1999.9000,-0.31685245,-1188.3477,595010.6875,41.427,604806.4375,1999.9000,
	2026/04/30 12:01:49	,	849397	,	2398	,9.955872,1999.9000,-0.31374222,-1188.6235,595292.0625,41.431,604705.2500,1999.9000,
	2026/04/30 12:01:49	,	850397	,	2399	,9.956246,1999.9000,-0.30781800,-1188.8535,595578.1250,41.435,604702.5000,1999.9000,
	2026/04/30 12:01:49	,	851397	,	2400	,9.956608,1999.9000,-0.30694824,-1189.0450,595578.1250,41.439,604701.6250,1999.9000,
	2026/04/30 12:01:49	,	852397	,	2401	,9.956969,1999.9000,-0.30665836,-1189.2047,595578.1250,41.442,604701.1875,1999.9000,
	2026/04/30 12:01:49	,	853397	,	2402	,9.957305,1999.9000,-0.30651340,-1189.3376,595578.1250,41.444,604700.9375,1999.9000,
	2026/04/30 12:01:49	,	854397	,	2403	,9.957733,1999.9000,-0.30642644,-1189.6475,595578.1250,41.445,604700.7500,1999.9000,
	2026/04/30 12:01:49	,	855397	,	2404	,9.958130,1999.9000,-0.30636844,-1190.0051,595458.9375,41.445,604712.1875,1999.9000,
	2026/04/30 12:01:49	,	856397	,	2405	,9.958471,1999.9000,-0.30987257,-1190.3032,595426.5000,41.446,604828.4375,1999.9000,
	2026/04/30 12:01:49	,	857397	,	2406	,9.958819,1999.9000,-0.31331366,-1190.7505,595410.0625,41.447,604864.0625,1999.9000,
	2026/04/30 12:01:49	,	858397	,	2407	,9.959140,1999.9000,-0.31638294,-1191.1233,595393.6875,41.449,604973.4375,1999.9000,
	2026/04/30 12:01:49	,	859397	,	2408	,9.959456,1999.9000,-0.31989965,-1191.4338,595177.1250,41.450,605004.2500,1999.9000,
	2026/04/30 12:01:49	,	860397	,	2409	,9.959829,1999.9000,-0.32693309,-1191.8916,594889.9375,41.451,605020.9375,1999.9000,
	2026/04/30 12:01:49	,	861397	,	2410	,9.960234,1999.9000,-0.33393505,-1192.2732,594889.9375,41.454,605029.2500,1999.9000,
	2026/04/30 12:01:49	,	862397	,	2411	,9.960597,1999.9000,-0.33482367,-1192.5912,594889.9375,41.460,605034.3125,1999.9000,
	2026/04/30 12:01:49	,	863397	,	2412	,9.960934,1999.9000,-0.33511990,-1192.7566,594889.9375,41.466,605037.6250,1999.9000,
	2026/04/30 12:01:49	,	864397	,	2413	,9.961323,1999.9000,-0.33526802,-1192.6954,594889.9375,41.472,605040.4375,1999.9000,
	2026/04/30 12:01:49	,	865397	,	2414	,9.961718,1999.9000,-0.33535686,-1192.6447,594894.0625,41.476,605030.6250,1999.9000,
	2026/04/30 12:01:49	,	866397	,	2415	,9.962095,1999.9000,-0.33541611,-1192.6023,594979.8750,41.479,604906.3750,1999.9000,
	2026/04/30 12:01:49	,	867397	,	2416	,9.962495,1999.9000,-0.33521444,-1192.5669,594993.0000,41.477,604868.0625,1999.9000,
	2026/04/30 12:01:49	,	868397	,	2417	,9.962849,1999.9000,-0.33487409,-1192.5375,595009.9375,41.473,604768.0625,1999.9000,
	2026/04/30 12:01:49	,	869397	,	2418	,9.963223,1999.9000,-0.33180484,-1192.5128,595199.7500,41.472,604745.0625,1999.9000,
	2026/04/30 12:01:49	,	870397	,	2419	,9.963604,1999.9000,-0.32663688,-1192.4924,595486.9375,41.473,604721.5000,1999.9000,
	2026/04/30 12:01:49	,	871397	,	2420	,9.963991,1999.9000,-0.32085130,-1192.4753,595486.9375,41.470,604709.6875,1999.9000,
	2026/04/30 12:01:49	,	872397	,	2421	,9.964428,1999.9000,-0.32085130,-1192.6602,595486.9375,41.462,604702.6250,1999.9000,
	2026/04/30 12:01:49	,	873397	,	2422	,9.964841,1999.9000,-0.32085130,-1192.8141,595486.9375,41.455,604698.0000,1999.9000,
	2026/04/30 12:01:49	,	874397	,	2423	,9.965250,1999.9000,-0.32085130,-1192.9425,595486.9375,41.449,604694.1250,1999.9000,
	2026/04/30 12:01:49	,	875397	,	2424	,9.965665,1999.9000,-0.32085130,-1193.0493,595486.1250,41.449,604703.3125,1999.9000,
	2026/04/30 12:01:49	,	876397	,	2425	,9.966100,1999.9000,-0.32438064,-1193.1383,595395.1875,41.448,604814.0000,1999.9000,
	2026/04/30 12:01:49	,	877397	,	2426	,9.966552,1999.9000,-0.32823768,-1192.8147,595380.0000,41.448,604842.3750,1999.9000,
	2026/04/30 12:01:49	,	878397	,	2427	,9.966993,1999.9000,-0.33146453,-1192.5450,595371.9375,41.448,604945.6250,1999.9000,
	2026/04/30 12:01:49	,	879397	,	2428	,9.967426,1999.9000,-0.33424386,-1192.3203,595248.0625,41.446,604980.3750,1999.9000,
	2026/04/30 12:01:49	,	880397	,	2429	,9.967821,1999.9000,-0.33984667,-1192.1331,594972.7500,41.445,605080.9375,1999.9000,
	2026/04/30 12:01:49	,	881397	,	2430	,9.968239,1999.9000,-0.34711334,-1191.8774,594878.0000,41.444,605080.9375,1999.9000,
	2026/04/30 12:01:49	,	882397	,	2431	,9.968657,1999.9000,-0.35281068,-1191.7639,594878.0000,41.442,605080.9375,1999.9000,
	2026/04/30 12:01:49	,	883397	,	2432	,9.969065,1999.9000,-0.35281068,-1191.6694,594878.0000,41.439,605080.9375,1999.9000,
	2026/04/30 12:01:49	,	884397	,	2433	,9.969460,1999.9000,-0.35281068,-1191.5906,594878.0000,41.438,605080.9375,1999.9000,
	2026/04/30 12:01:49	,	885397	,	2434	,9.969833,1999.9000,-0.35281068,-1191.5249,594878.0000,41.433,605069.1250,1999.9000,
	2026/04/30 12:01:49	,	886397	,	2435	,9.970215,1999.9000,-0.35281068,-1191.4702,594967.3750,41.430,604929.3125,1999.9000,
	2026/04/30 12:01:49	,	887397	,	2436	,9.970642,1999.9000,-0.35250711,-1191.5240,594982.5625,41.429,604897.6250,1999.9000,
	2026/04/30 12:01:49	,	888397	,	2437	,9.971066,1999.9000,-0.34897885,-1191.6685,594988.0000,41.426,604803.6875,1999.9000,
	2026/04/30 12:01:49	,	889397	,	2438	,9.971480,1999.9000,-0.34819421,-1191.7887,595094.3125,41.427,604774.6875,1999.9000,
	2026/04/30 12:01:49	,	890397	,	2439	,9.971875,1999.9000,-0.34369114,-1191.8890,595366.5625,41.427,604683.5000,1999.9000,
	2026/04/30 12:01:49	,	891397	,	2440	,9.972348,1999.9000,-0.33810723,-1191.9725,595506.6250,41.429,604683.5000,1999.9000,
	2026/04/30 12:01:49	,	892397	,	2441	,9.972792,1999.9000,-0.33810723,-1192.0421,595506.6250,41.431,604683.5000,1999.9000,
	2026/04/30 12:01:49	,	893397	,	2442	,9.973196,1999.9000,-0.33810723,-1192.1002,595506.6250,41.441,604683.5000,1999.9000,
	2026/04/30 12:01:49	,	894397	,	2443	,9.973601,1999.9000,-0.33810723,-1192.1486,595506.6250,41.450,604683.5000,1999.9000,
	2026/04/30 12:01:49	,	895397	,	2444	,9.974034,1999.9000,-0.33810723,-1192.1888,595506.6250,41.457,604691.4375,1999.9000,
	2026/04/30 12:01:49	,	896397	,	2445	,9.974464,1999.9000,-0.33826900,-1192.1229,595404.6875,41.463,604800.0625,1999.9000,
	2026/04/30 12:01:49	,	897397	,	2446	,9.974869,1999.9000,-0.34262604,-1192.0681,595387.1250,41.468,604831.8125,1999.9000,
	2026/04/30 12:01:49	,	898397	,	2447	,9.975230,1999.9000,-0.34584653,-1192.0222,595376.6875,41.472,604936.5625,1999.9000,
	2026/04/30 12:01:49	,	899397	,	2448	,9.975630,1999.9000,-0.34863850,-1191.9840,595295.0625,41.473,604967.3750,1999.9000,
	2026/04/30 12:01:49	,	900397	,	2449	,9.976072,1999.9000,-0.35307536,-1191.9523,595079.3750,41.470,605078.5000,1999.9000,
	2026/04/30 12:01:49	,	901397	,	2450	,9.976571,1999.9000,-0.36060044,-1191.8263,594835.7500,41.466,605078.5000,1999.9000,
	2026/04/30 12:01:49	,	902397	,	2451	,9.977075,1999.9000,-0.36670113,-1191.7214,594835.7500,41.460,605078.5000,1999.9000,
	2026/04/30 12:01:49	,	903397	,	2452	,9.977560,1999.9000,-0.36670113,-1191.5345,594835.7500,41.458,605078.5000,1999.9000,
	2026/04/30 12:01:49	,	904397	,	2453	,9.978014,1999.9000,-0.36670113,-1191.3787,594835.7500,41.456,605078.5000,1999.9000,
	2026/04/30 12:01:49	,	905397	,	2454	,9.978472,1999.9000,-0.36670113,-1191.2489,594835.7500,41.452,605073.0625,1999.9000,
	2026/04/30 12:01:49	,	906397	,	2455	,9.978902,1999.9000,-0.36670113,-1191.1409,594939.3750,41.453,604961.3750,1999.9000,
	2026/04/30 12:01:49	,	907397	,	2456	,9.979301,1999.9000,-0.36651415,-1191.0505,594960.2500,41.453,604924.8125,1999.9000,
	2026/04/30 12:01:49	,	908397	,	2457	,9.979788,1999.9000,-0.36383983,-1191.0750,594969.5625,41.454,604822.4375,1999.9000,
	2026/04/30 12:01:49	,	909397	,	2458	,9.980227,1999.9000,-0.36334193,-1191.2941,594969.5625,41.454,604785.8750,1999.9000,
	2026/04/30 12:01:49	,	910397	,	2459	,9.980638,1999.9000,-0.36060673,-1191.4767,594987.6250,41.456,604689.5625,1999.9000,
	2026/04/30 12:01:49	,	911397	,	2460	,9.981040,1999.9000,-0.35509846,-1191.6290,595267.6875,41.458,604689.5625,1999.9000,
	2026/04/30 12:01:49	,	912397	,	2461	,9.981465,1999.9000,-0.35449657,-1191.7560,595559.0000,41.459,604689.5625,1999.9000,
	2026/04/30 12:01:49	,	913397	,	2462	,9.981923,1999.9000,-0.35429594,-1191.8617,595559.0000,41.459,604689.5625,1999.9000,
	2026/04/30 12:01:49	,	914397	,	2463	,9.982423,1999.9000,-0.35419562,-1191.9498,595559.0000,41.458,604689.5625,1999.9000,
	2026/04/30 12:01:49	,	915397	,	2464	,9.982960,1999.9000,-0.35413542,-1192.5206,595559.0000,41.458,604692.7500,1999.9000,
	2026/04/30 12:01:49	,	916397	,	2465	,9.983466,1999.9000,-0.35409531,-1193.0957,595559.0000,41.458,604783.8125,1999.9000,
	2026/04/30 12:01:49	,	917397	,	2466	,9.983909,1999.9000,-0.35781476,-1193.3761,595433.9375,41.459,604815.8125,1999.9000,
	2026/04/30 12:01:49	,	918397	,	2467	,9.984311,1999.9000,-0.36133778,-1193.6097,595403.2500,41.461,604917.2500,1999.9000,
	2026/04/30 12:01:49	,	919397	,	2468	,9.984792,1999.9000,-0.36427471,-1194.1028,595374.0000,41.462,604950.8125,1999.9000,
	2026/04/30 12:01:49	,	920397	,	2469	,9.985316,1999.9000,-0.36784184,-1194.5137,595374.0000,41.462,605059.1875,1999.9000,
	2026/04/30 12:01:49	,	921397	,	2470	,9.985853,1999.9000,-0.37531650,-1194.8561,595183.6875,41.463,605062.8750,1999.9000,
	2026/04/30 12:01:49	,	922397	,	2471	,9.986345,1999.9000,-0.38243186,-1195.1414,594901.8750,41.463,605064.0625,1999.9000,
	2026/04/30 12:01:49	,	923397	,	2472	,9.986869,1999.9000,-0.38641497,-1195.0807,594901.8750,41.464,605064.6250,1999.9000,
	2026/04/30 12:01:49	,	924397	,	2473	,9.987335,1999.9000,-0.38641497,-1194.9308,594901.8750,41.464,605065.0000,1999.9000,
	2026/04/30 12:01:49	,	925397	,	2474	,9.987784,1999.9000,-0.38641497,-1194.4080,594901.8750,41.464,605065.2500,1999.9000,
	2026/04/30 12:01:49	,	926397	,	2475	,9.988233,1999.9000,-0.38641497,-1193.9723,594901.8750,41.465,605052.9375,1999.9000,
	2026/04/30 12:01:49	,	927397	,	2476	,9.988729,1999.9000,-0.38641497,-1193.1117,594903.7500,41.459,604916.0000,1999.9000,
	2026/04/30 12:01:49	,	928397	,	2477	,9.989184,1999.9000,-0.38615236,-1192.1957,594916.2500,41.454,604880.3750,1999.9000,
	2026/04/30 12:01:49	,	929397	,	2478	,9.989697,1999.9000,-0.38366079,-1191.4324,594998.3750,41.450,604781.3125,1999.9000,
	2026/04/30 12:01:49	,	930397	,	2479	,9.990212,1999.9000,-0.38280368,-1190.7961,595007.3750,41.449,604753.8750,1999.9000,
	2026/04/30 12:01:49	,	931397	,	2480	,9.990712,1999.9000,-0.37648243,-1190.4651,595164.0000,41.451,604742.9375,1999.9000,
	2026/04/30 12:01:49	,	932397	,	2481	,9.991219,1999.9000,-0.37060228,-1190.1891,595461.9375,41.452,604737.4375,1999.9000,
	2026/04/30 12:01:49	,	933397	,	2482	,9.991690,1999.9000,-0.37060228,-1189.9591,595479.5000,41.451,604734.1250,1999.9000,
	2026/04/30 12:01:49	,	934397	,	2483	,9.992146,1999.9000,-0.37060228,-1189.9663,595485.3750,41.446,604731.9375,1999.9000,
	2026/04/30 12:01:49	,	935397	,	2484	,9.992618,1999.9000,-0.37060228,-1190.0720,595488.3125,41.443,604730.1875,1999.9000,
	2026/04/30 12:01:49	,	936397	,	2485	,9.993069,1999.9000,-0.37060228,-1190.5579,595490.0625,41.441,604738.5000,1999.9000,
	2026/04/30 12:01:49	,	937397	,	2486	,9.993514,1999.9000,-0.37335643,-1190.9628,595491.2500,41.437,604833.2500,1999.9000,
	2026/04/30 12:01:49	,	938397	,	2487	,9.993955,1999.9000,-0.37674710,-1191.3000,595398.7500,41.434,604859.2500,1999.9000,
	2026/04/30 12:01:49	,	939397	,	2488	,9.994412,1999.9000,-0.37969032,-1191.1833,595374.3125,41.432,604959.5000,1999.9000,
	2026/04/30 12:01:49	,	940397	,	2489	,9.994878,1999.9000,-0.38237515,-1191.0861,595359.4375,41.427,604995.7500,1999.9000,
	2026/04/30 12:01:49	,	941397	,	2490	,9.995384,1999.9000,-0.38813552,-1190.9054,595231.9375,41.424,605020.9375,1999.9000,
	2026/04/30 12:01:49	,	942397	,	2491	,9.995935,1999.9000,-0.39559123,-1190.7550,594987.6250,41.423,605033.5625,1999.9000,
	2026/04/30 12:01:49	,	943397	,	2492	,9.996493,1999.9000,-0.40100494,-1190.3313,594863.1250,41.424,605041.0625,1999.9000,
	2026/04/30 12:01:49	,	944397	,	2493	,9.997067,1999.9000,-0.40100494,-1189.9781,594863.1250,41.422,605046.1875,1999.9000,
	2026/04/30 12:01:49	,	945397	,	2494	,9.997581,1999.9000,-0.40100494,-1189.6838,594863.1250,41.420,605050.3750,1999.9000,
	2026/04/30 12:01:49	,	946397	,	2495	,9.998064,1999.9000,-0.40100494,-1189.4386,594863.1250,41.422,605041.2500,1999.9000,
	2026/04/30 12:01:49	,	947397	,	2496	,9.998536,1999.9000,-0.40100494,-1189.4331,594863.1250,41.420,604929.9375,1999.9000,
	2026/04/30 12:01:49	,	948397	,	2497	,9.999004,1999.9000,-0.40072978,-1189.5282,594964.3750,41.417,604899.1250,1999.9000,
	2026/04/30 12:01:49	,	949397	,	2498	,9.999517,1999.9000,-0.39833274,-1190.2041,594980.5000,41.416,604790.4375,1999.9000,
	2026/04/30 12:01:49	,	950397	,	2499	,10.000065,1999.9000,-0.39796722,-1190.9664,594986.0625,41.418,604759.9375,1999.9000,
	2026/04/30 12:01:49	,	951397	,	2500	,10.000556,1999.9000,-0.39434963,-1191.6016,595071.6250,41.420,604678.1250,1999.9000,
	2026/04/30 12:01:49	,	952397	,	2501	,10.001035,1999.9000,-0.38896114,-1192.1309,595336.8125,41.421,604678.1250,1999.9000,
	2026/04/30 12:01:49	,	953397	,	2502	,10.001563,1999.9000,-0.38896114,-1192.5720,595529.2500,41.424,604678.1250,1999.9000,
	2026/04/30 12:01:49	,	954397	,	2503	,10.002053,1999.9000,-0.38896114,-1192.9397,595529.2500,41.430,604678.1250,1999.9000,
	2026/04/30 12:01:49	,	955397	,	2504	,10.002566,1999.9000,-0.38896114,-1193.0471,595529.2500,41.434,604678.1250,1999.9000,
	2026/04/30 12:01:49	,	956397	,	2505	,10.003088,1999.9000,-0.38896114,-1193.1367,595529.2500,41.438,604689.0625,1999.9000,
	2026/04/30 12:01:49	,	957397	,	2506	,10.003592,1999.9000,-0.38927519,-1193.2112,595529.2500,41.446,604689.0625,1999.9000,
	2026/04/30 12:01:49	,	958397	,	2507	,10.004130,1999.9000,-0.39446941,-1193.0743,595420.8125,41.452,604806.7500,1999.9000,
	2026/04/30 12:01:49	,	959397	,	2508	,10.004669,1999.9000,-0.39746934,-1192.9603,595399.0625,41.458,604839.3125,1999.9000,
	2026/04/30 12:01:49	,	960397	,	2509	,10.005202,1999.9000,-0.39964363,-1192.3679,595389.8125,41.457,604943.8125,1999.9000,
	2026/04/30 12:01:49	,	961397	,	2510	,10.005726,1999.9000,-0.40374020,-1191.8743,595372.5625,41.457,604979.7500,1999.9000,
	2026/04/30 12:01:49	,	962397	,	2511	,10.006307,1999.9000,-0.41079888,-1191.4629,595117.5625,41.456,605100.8750,1999.9000,
	2026/04/30 12:01:49	,	963397	,	2512	,10.006859,1999.9000,-0.41654035,-1191.2196,594841.6875,41.454,605100.8750,1999.9000,
	2026/04/30 12:01:49	,	964397	,	2513	,10.007339,1999.9000,-0.41654035,-1191.0168,594841.6875,41.453,605100.8750,1999.9000,
	2026/04/30 12:01:49	,	965397	,	2514	,10.007811,1999.9000,-0.41654035,-1190.8479,594841.6875,41.452,605100.8750,1999.9000,
	2026/04/30 12:01:49	,	966397	,	2515	,10.008396,1999.9000,-0.41654035,-1190.7070,594841.6875,41.451,605100.8750,1999.9000,
	2026/04/30 12:01:49	,	967397	,	2516	,10.008983,1999.9000,-0.41654035,-1190.7887,594841.6875,41.457,605089.1250,1999.9000,
	2026/04/30 12:01:49	,	968397	,	2517	,10.009531,1999.9000,-0.41652876,-1190.8567,594942.3750,41.461,604948.6875,1999.9000,
	2026/04/30 12:01:49	,	969397	,	2518	,10.010077,1999.9000,-0.41625971,-1190.9133,594960.8750,41.465,604917.8750,1999.9000,
	2026/04/30 12:01:49	,	970397	,	2519	,10.010627,1999.9000,-0.41395006,-1190.9606,594971.1875,41.468,604812.7500,1999.9000,
	2026/04/30 12:01:49	,	971397	,	2520	,10.011189,1999.9000,-0.41164336,-1191.2983,594986.3750,41.471,604775.0000,1999.9000,
	2026/04/30 12:01:49	,	972397	,	2521	,10.011723,1999.9000,-0.40624854,-1191.5798,595241.4375,41.475,604680.5000,1999.9000,
	2026/04/30 12:01:49	,	973397	,	2522	,10.012213,1999.9000,-0.40331793,-1191.5160,595544.7500,41.480,604680.5000,1999.9000,
	2026/04/30 12:01:49	,	974397	,	2523	,10.012739,1999.9000,-0.40331793,-1191.2638,595544.7500,41.482,604680.5000,1999.9000,
	2026/04/30 12:01:49	,	975397	,	2524	,10.013258,1999.9000,-0.40331793,-1191.0537,595544.7500,41.482,604680.5000,1999.9000,
	2026/04/30 12:01:49	,	976397	,	2525	,10.013764,1999.9000,-0.40331793,-1190.7792,595544.7500,41.481,604680.5000,1999.9000,
	2026/04/30 12:01:49	,	977397	,	2526	,10.014277,1999.9000,-0.40331793,-1190.5503,595544.7500,41.480,604686.8750,1999.9000,
	2026/04/30 12:01:49	,	978397	,	2527	,10.014836,1999.9000,-0.40667713,-1190.3595,595531.5000,41.479,604788.6250,1999.9000,
	2026/04/30 12:01:49	,	979397	,	2528	,10.015417,1999.9000,-0.40985355,-1190.2007,595396.9375,41.479,604820.0625,1999.9000,
	2026/04/30 12:01:49	,	980397	,	2529	,10.016001,1999.9000,-0.41269588,-1190.0681,595384.7500,41.478,604917.2500,1999.9000,
	2026/04/30 12:01:49	,	981397	,	2530	,10.016571,1999.9000,-0.41634497,-1190.0573,595371.9375,41.478,604954.1250,1999.9000,
	2026/04/30 12:01:49	,	982397	,	2531	,10.017126,1999.9000,-0.42347297,-1190.1477,595200.3125,41.477,605068.2500,1999.9000,
	2026/04/30 12:01:49	,	983397	,	2532	,10.017713,1999.9000,-0.42990139,-1190.5214,594926.2500,41.480,605068.2500,1999.9000,
	2026/04/30 12:01:49	,	984397	,	2533	,10.018270,1999.9000,-0.43211350,-1190.8329,594913.7500,41.482,605068.2500,1999.9000,
	2026/04/30 12:01:49	,	985397	,	2534	,10.018806,1999.9000,-0.43211350,-1191.0924,594909.6250,41.484,605068.2500,1999.9000,
	2026/04/30 12:01:49	,	986397	,	2535	,10.019377,1999.9000,-0.43211350,-1191.1097,594907.5625,41.486,605068.2500,1999.9000,
	2026/04/30 12:01:49	,	987397	,	2536	,10.019965,1999.9000,-0.43211350,-1191.1243,594906.3125,41.487,605062.5000,1999.9000,
	2026/04/30 12:01:49	,	988397	,	2537	,10.020540,1999.9000,-0.43211350,-1191.1362,594905.4375,41.483,604954.0625,1999.9000,
	2026/04/30 12:01:49	,	989397	,	2538	,10.020540,1999.9000,-0.43189818,-1191.1464,594916.6875,41.479,604925.4375,1999.9000,
	2026/04/30 12:01:49	,	990397	,	2539	,10.021521,1999.9000,-0.42970601,-1191.1547,594930.0625,41.475,604840.5625,1999.9000,
	2026/04/30 12:01:49	,	991397	,	2540	,10.022050,1999.9000,-0.42876068,-1191.0621,595016.2500,41.471,604805.5625,1999.9000,
	2026/04/30 12:01:49	,	992397	,	2541	,10.022620,1999.9000,-0.42224398,-1190.9850,595165.1875,41.465,604706.5000,1999.9000,
	2026/04/30 12:01:49	,	993397	,	2542	,10.023200,1999.9000,-0.41956550,-1190.9208,595458.3125,41.461,604706.5000,1999.9000,
	2026/04/30 12:01:49	,	994397	,	2543	,10.023747,1999.9000,-0.41956550,-1190.6683,595479.4375,41.457,604706.5000,1999.9000,
	2026/04/30 12:01:49	,	995397	,	2544	,10.024288,1999.9000,-0.41956550,-1190.3585,595486.5000,41.454,604706.5000,1999.9000,
	2026/04/30 12:01:49	,	996397	,	2545	,10.024862,1999.9000,-0.41956550,-1190.0009,595490.0625,41.451,604706.5000,1999.9000,
	2026/04/30 12:01:49	,	997397	,	2546	,10.025445,1999.9000,-0.41956550,-1189.7028,595492.1875,41.449,604707.3125,1999.9000,
	2026/04/30 12:01:49	,	998397	,	2547	,10.026025,1999.9000,-0.42342255,-1189.4543,595493.6250,41.446,604790.4375,1999.9000,
	2026/04/30 12:01:49	,	999397	,	2548	,10.026597,1999.9000,-0.42653590,-1189.2474,595407.0625,41.442,604822.3750,1999.9000,
	2026/04/30 12:01:50	,	000397	,	2549	,10.027194,1999.9000,-0.42923960,-1188.9755,595385.6250,41.439,604910.5625,1999.9000,
	2026/04/30 12:01:50	,	001397	,	2550	,10.027757,1999.9000,-0.43221435,-1188.7488,595377.5000,41.445,604942.8750,1999.9000,
	2026/04/30 12:01:50	,	002397	,	2551	,10.028305,1999.9000,-0.43881294,-1188.5599,595286.1875,41.447,605044.6875,1999.9000,
	2026/04/30 12:01:50	,	003397	,	2552	,10.028821,1999.9000,-0.44655859,-1188.4025,595037.6875,41.444,605062.8125,1999.9000,
	2026/04/30 12:01:50	,	004397	,	2553	,10.029340,1999.9000,-0.44943878,-1188.4703,594860.1250,41.440,605068.8750,1999.9000,
	2026/04/30 12:01:50	,	005397	,	2554	,10.029881,1999.9000,-0.44943878,-1188.7257,594860.1250,41.437,605071.8750,1999.9000,
	2026/04/30 12:01:50	,	006397	,	2555	,10.030462,1999.9000,-0.44943878,-1188.7396,594860.1250,41.428,605073.6875,1999.9000,
	2026/04/30 12:01:50	,	007397	,	2556	,10.031020,1999.9000,-0.44943878,-1188.5521,594860.1250,41.420,605074.8750,1999.9000,
	2026/04/30 12:01:50	,	008397	,	2557	,10.031634,1999.9000,-0.44943878,-1188.7941,594860.1250,41.423,605064.1250,1999.9000,
	2026/04/30 12:01:50	,	009397	,	2558	,10.032295,1999.9000,-0.44913417,-1189.4928,594950.1250,41.418,604947.4375,1999.9000,
	2026/04/30 12:01:50	,	010397	,	2559	,10.036344,1999.9000,-0.44633800,-1190.1747,594966.5000,41.414,604910.5625,1999.9000,
	2026/04/30 12:01:50	,	011397	,	2560	,10.036508,1999.9000,-0.44576132,-1190.7428,594976.3125,41.410,604803.6875,1999.9000,
	2026/04/30 12:01:50	,	012397	,	2561	,10.036712,1999.9000,-0.44081083,-1191.1169,595068.6875,41.415,604771.6875,1999.9000,
	2026/04/30 12:01:50	,	013397	,	2562	,10.036918,1999.9000,-0.43451473,-1191.4286,595333.8125,41.420,604750.9375,1999.9000,
	2026/04/30 12:01:50	,	014397	,	2563	,10.037160,1999.9000,-0.43451473,-1191.2905,595559.6250,41.426,604740.5625,1999.9000,
	2026/04/30 12:01:50	,	015397	,	2564	,10.037471,1999.9000,-0.43451473,-1191.1754,595559.6250,41.431,604734.3125,1999.9000,
	2026/04/30 12:01:50	,	016397	,	2565	,10.037820,1999.9000,-0.43451473,-1191.1754,595559.6250,41.439,604730.1875,1999.9000,
	2026/04/30 12:01:50	,	017397	,	2566	,10.038259,1999.9000,-0.43451473,-1191.3779,595559.6250,41.448,604726.6875,1999.9000,
	2026/04/30 12:01:50	,	018397	,	2567	,10.038685,1999.9000,-0.43465441,-1191.5466,595559.6250,41.455,604735.1250,1999.9000,
	2026/04/30 12:01:50	,	019397	,	2568	,10.039129,1999.9000,-0.43902725,-1191.6873,595441.0625,41.462,604838.6875,1999.9000,
	2026/04/30 12:01:50	,	020397	,	2569	,10.039642,1999.9000,-0.44219729,-1191.8044,595412.7500,41.464,604865.5625,1999.9000,
	2026/04/30 12:01:50	,	021397	,	2570	,10.040191,1999.9000,-0.44495147,-1191.9021,595393.3750,41.467,604954.6875,1999.9000,
	2026/04/30 12:01:50	,	022397	,	2571	,10.040677,1999.9000,-0.44990513,-1191.9835,595307.0000,41.470,604985.1875,1999.9000,
	2026/04/30 12:01:50	,	023397	,	2572	,10.041191,1999.9000,-0.45763186,-1191.7529,595106.8125,41.473,605088.7500,1999.9000,
	2026/04/30 12:01:50	,	024397	,	2573	,10.041759,1999.9000,-0.46387121,-1191.8591,594820.8125,41.476,605088.7500,1999.9000,
	2026/04/30 12:01:50	,	025397	,	2574	,10.042271,1999.9000,-0.46410757,-1192.0472,594820.8125,41.479,605088.7500,1999.9000,
	2026/04/30 12:01:50	,	026397	,	2575	,10.042807,1999.9000,-0.46418631,-1192.2039,594820.8125,41.480,605088.7500,1999.9000,
	2026/04/30 12:01:50	,	027397	,	2576	,10.043338,1999.9000,-0.46422571,-1192.3345,594820.8125,41.479,605088.7500,1999.9000,
	2026/04/30 12:01:50	,	028397	,	2577	,10.043338,1999.9000,-0.46424934,-1192.1448,594820.8125,41.480,605076.5000,1999.9000,
	2026/04/30 12:01:50	,	029397	,	2578	,10.043941,1999.9000,-0.46424934,-1191.9868,594920.3750,41.480,604939.0000,1999.9000,
	2026/04/30 12:01:50	,	030397	,	2579	,10.044561,1999.9000,-0.46400616,-1191.8551,594947.1250,41.480,604903.0625,1999.9000,
	2026/04/30 12:01:50	,	031397	,	2580	,10.045157,1999.9000,-0.46112338,-1191.7452,594962.2500,41.477,604804.8750,1999.9000,
	2026/04/30 12:01:50	,	032397	,	2581	,10.045789,1999.9000,-0.46112338,-1191.9523,594977.3750,41.476,604773.1875,1999.9000,
	2026/04/30 12:01:50	,	033397	,	2582	,10.046410,1999.9000,-0.45775163,-1192.1248,595224.8125,41.471,604688.3750,1999.9000,
	2026/04/30 12:01:50	,	034397	,	2583	,10.047010,1999.9000,-0.45156896,-1192.2684,595526.2500,41.465,604688.3750,1999.9000,
	2026/04/30 12:01:50	,	035397	,	2584	,10.047646,1999.9000,-0.45156896,-1192.3882,595526.2500,41.461,604688.3750,1999.9000,
	2026/04/30 12:01:50	,	036397	,	2585	,10.048274,1999.9000,-0.45156896,-1192.4880,595526.2500,41.459,604688.3750,1999.9000,
	2026/04/30 12:01:50	,	037397	,	2586	,10.048892,1999.9000,-0.45156896,-1192.5712,595526.2500,41.457,604688.3750,1999.9000,
	2026/04/30 12:01:50	,	038397	,	2587	,10.049496,1999.9000,-0.45156896,-1192.3422,595526.2500,41.458,604697.8125,1999.9000,
	2026/04/30 12:01:50	,	039397	,	2588	,10.050040,1999.9000,-0.45184103,-1192.1511,595517.8125,41.461,604817.5625,1999.9000,
	2026/04/30 12:01:50	,	040397	,	2589	,10.050622,1999.9000,-0.45710877,-1192.3899,595389.1875,41.465,604841.4375,1999.9000,
	2026/04/30 12:01:50	,	041397	,	2590	,10.051231,1999.9000,-0.46051204,-1192.5889,595378.5625,41.468,604929.3125,1999.9000,
	2026/04/30 12:01:50	,	042397	,	2591	,10.051838,1999.9000,-0.46334180,-1192.3568,595371.0000,41.477,604967.1250,1999.9000,
	2026/04/30 12:01:50	,	043397	,	2592	,10.052487,1999.9000,-0.46702239,-1192.0640,595228.3125,41.477,605089.3750,1999.9000,
	2026/04/30 12:01:50	,	044397	,	2593	,10.056571,1999.9000,-0.47427014,-1191.3226,594958.5000,41.484,605089.3750,1999.9000,
	2026/04/30 12:01:50	,	045397	,	2594	,10.056735,1999.9000,-0.48080570,-1191.2021,594929.5625,41.490,605089.3750,1999.9000,
	2026/04/30 12:01:50	,	046397	,	2595	,10.056997,1999.9000,-0.48110506,-1191.2012,594919.9375,41.496,605089.3750,1999.9000,
	2026/04/30 12:01:50	,	047397	,	2596	,10.057263,1999.9000,-0.48120487,-1191.2999,594915.1250,41.500,605089.3750,1999.9000,
	2026/04/30 12:01:50	,	048397	,	2597	,10.057548,1999.9000,-0.48125476,-1191.3822,594912.1875,41.499,605081.6875,1999.9000,
	2026/04/30 12:01:50	,	049397	,	2598	,10.057866,1999.9000,-0.48128468,-1191.3513,594910.2500,41.498,604969.7500,1999.9000,
	2026/04/30 12:01:50	,	050397	,	2599	,10.058266,1999.9000,-0.48130465,-1191.3254,594921.3125,41.497,604940.7500,1999.9000,
	2026/04/30 12:01:50	,	051397	,	2600	,10.058723,1999.9000,-0.48100618,-1191.4034,595004.9375,41.497,604845.3750,1999.9000,
	2026/04/30 12:01:50	,	052397	,	2601	,10.059144,1999.9000,-0.47834775,-1191.6674,595004.9375,41.493,604807.6875,1999.9000,
	2026/04/30 12:01:50	,	053397	,	2602	,10.059593,1999.9000,-0.47762302,-1191.8873,595112.1875,41.488,604711.8750,1999.9000,
	2026/04/30 12:01:50	,	054397	,	2603	,10.060097,1999.9000,-0.47221556,-1192.0707,595399.9375,41.485,604711.8750,1999.9000,
	2026/04/30 12:01:50	,	055397	,	2604	,10.060547,1999.9000,-0.46859172,-1192.2235,595488.1250,41.483,604711.8750,1999.9000,
	2026/04/30 12:01:50	,	056397	,	2605	,10.061030,1999.9000,-0.46859172,-1192.3507,595488.1250,41.482,604711.8750,1999.9000,
	2026/04/30 12:01:50	,	057397	,	2606	,10.061587,1999.9000,-0.46859172,-1192.6558,595488.1250,41.481,604711.8750,1999.9000,
	2026/04/30 12:01:50	,	058397	,	2607	,10.062186,1999.9000,-0.46859172,-1192.9099,595488.1250,41.474,604715.1875,1999.9000,
	2026/04/30 12:01:50	,	059397	,	2608	,10.062819,1999.9000,-0.46859166,-1192.9227,595488.1250,41.468,604800.0625,1999.9000,
	2026/04/30 12:01:50	,	060397	,	2609	,10.063457,1999.9000,-0.47228488,-1192.8340,595395.1875,41.463,604824.2500,1999.9000,
	2026/04/30 12:01:50	,	061397	,	2610	,10.064076,1999.9000,-0.47578272,-1192.7599,595380.0000,41.459,604850.7500,1999.9000,
	2026/04/30 12:01:50	,	062397	,	2611	,10.064727,1999.9000,-0.47894651,-1192.6984,595372.1250,41.455,604969.2500,1999.9000,
	2026/04/30 12:01:50	,	063397	,	2612	,10.065383,1999.9000,-0.48242542,-1192.5475,595292.0625,41.452,605003.6250,1999.9000,
	2026/04/30 12:01:50	,	064397	,	2613	,10.069558,1999.9000,-0.48944628,-1192.4218,595060.9375,41.450,605025.9375,1999.9000,
	2026/04/30 12:01:50	,	065397	,	2614	,10.069930,1999.9000,-0.49732423,-1192.3170,594868.5000,41.453,605037.1250,1999.9000,
	2026/04/30 12:01:50	,	066397	,	2615	,10.070184,1999.9000,-0.50310981,-1191.8319,594868.5000,41.455,605043.8125,1999.9000,
	2026/04/30 12:01:50	,	067397	,	2616	,10.070407,1999.9000,-0.50310981,-1191.4276,594868.5000,41.457,605048.2500,1999.9000,
	2026/04/30 12:01:50	,	068397	,	2617	,10.070655,1999.9000,-0.50310981,-1191.0907,594868.5000,41.452,605052.0000,1999.9000,
	2026/04/30 12:01:50	,	069397	,	2618	,10.070919,1999.9000,-0.50310981,-1190.8099,594868.5000,41.448,605042.4375,1999.9000,
	2026/04/30 12:01:50	,	070397	,	2619	,10.071248,1999.9000,-0.50310981,-1190.5759,594978.1250,41.453,604922.6875,1999.9000,
	2026/04/30 12:01:50	,	071397	,	2620	,10.071631,1999.9000,-0.50275898,-1190.6793,595003.4375,41.457,604887.9375,1999.9000,
	2026/04/30 12:01:50	,	072397	,	2621	,10.072091,1999.9000,-0.49910152,-1190.7655,595012.3125,41.452,604792.1875,1999.9000,
	2026/04/30 12:01:50	,	073397	,	2622	,10.072582,1999.9000,-0.49814984,-1190.8374,595029.1875,41.448,604767.1875,1999.9000,
	2026/04/30 12:01:50	,	074397	,	2623	,10.073112,1999.9000,-0.49230754,-1190.7977,595315.9375,41.445,604748.3750,1999.9000,
	2026/04/30 12:01:50	,	075397	,	2624	,10.073667,1999.9000,-0.48609969,-1190.7648,595565.6250,41.441,604738.9375,1999.9000,
	2026/04/30 12:01:50	,	076397	,	2625	,10.074228,1999.9000,-0.48609969,-1190.7373,595565.6250,41.437,604733.3125,1999.9000,
	2026/04/30 12:01:50	,	077397	,	2626	,10.074845,1999.9000,-0.48609969,-1190.3164,595565.6250,41.438,604729.5625,1999.9000,
	2026/04/30 12:01:50	,	078397	,	2627	,10.075479,1999.9000,-0.48609969,-1189.9657,595565.6250,41.438,604726.3750,1999.9000,
	2026/04/30 12:01:50	,	079397	,	2628	,10.076119,1999.9000,-0.48609969,-1189.6736,595565.6250,41.438,604735.1875,1999.9000,
	2026/04/30 12:01:50	,	080397	,	2629	,10.076754,1999.9000,-0.48884124,-1189.4301,595447.0000,41.438,604848.3750,1999.9000,
	2026/04/30 12:01:50	,	081397	,	2630	,10.077357,1999.9000,-0.49243358,-1189.2271,595415.3750,41.438,604878.5625,1999.9000,
	2026/04/30 12:01:50	,	082397	,	2631	,10.077984,1999.9000,-0.49550286,-1189.1573,595394.9375,41.438,604976.4375,1999.9000,
	2026/04/30 12:01:50	,	083397	,	2632	,10.078620,1999.9000,-0.49838936,-1189.0994,595376.1250,41.435,605015.7500,1999.9000,
	2026/04/30 12:01:50	,	084397	,	2633	,10.079265,1999.9000,-0.50408041,-1189.0510,595139.5625,41.431,605106.2500,1999.9000,
	2026/04/30 12:01:50	,	085397	,	2634	,10.079920,1999.9000,-0.51241213,-1189.0106,594869.1250,41.428,605106.2500,1999.9000,
	2026/04/30 12:01:50	,	086397	,	2635	,10.084035,1999.9000,-0.51901704,-1188.9772,594869.1250,41.425,605106.2500,1999.9000,
	2026/04/30 12:01:50	,	087397	,	2636	,10.084348,1999.9000,-0.51901704,-1188.9492,594869.1250,41.421,605106.2500,1999.9000,
	2026/04/30 12:01:50	,	088397	,	2637	,10.084661,1999.9000,-0.51901704,-1188.9258,594869.1250,41.415,605106.2500,1999.9000,
	2026/04/30 12:01:50	,	089397	,	2638	,10.084981,1999.9000,-0.51901704,-1188.9064,594869.1250,41.409,605093.4375,1999.9000,
	2026/04/30 12:01:50	,	090397	,	2639	,10.085280,1999.9000,-0.51901704,-1188.8903,594877.9375,41.410,604950.5000,1999.9000,
	2026/04/30 12:01:50	,	091397	,	2640	,10.085594,1999.9000,-0.51689947,-1188.9762,594982.8750,41.410,604915.1875,1999.9000,
	2026/04/30 12:01:50	,	092397	,	2641	,10.085955,1999.9000,-0.51608962,-1189.2468,594986.1250,41.410,604809.1250,1999.9000,
	2026/04/30 12:01:50	,	093397	,	2642	,10.086384,1999.9000,-0.51552969,-1189.4723,594996.3750,41.413,604780.7500,1999.9000,
	2026/04/30 12:01:50	,	094397	,	2643	,10.086891,1999.9000,-0.51192057,-1189.7598,595197.9375,41.420,604692.5625,1999.9000,
	2026/04/30 12:01:50	,	095397	,	2644	,10.087402,1999.9000,-0.50672740,-1190.0988,595497.6250,41.426,604692.5625,1999.9000,
	2026/04/30 12:01:50	,	096397	,	2645	,10.088007,1999.9000,-0.50672740,-1190.2817,595497.6250,41.435,604692.5625,1999.9000,
	2026/04/30 12:01:50	,	097397	,	2646	,10.088556,1999.9000,-0.50672740,-1190.3347,595497.6250,41.443,604692.5625,1999.9000,
	2026/04/30 12:01:50	,	098397	,	2647	,10.089078,1999.9000,-0.50672740,-1190.3789,595497.6250,41.448,604692.5625,1999.9000,
	2026/04/30 12:01:50	,	099397	,	2648	,10.089653,1999.9000,-0.50672740,-1190.4158,595497.6250,41.450,604703.5625,1999.9000,
	2026/04/30 12:01:50	,	100397	,	2649	,10.090221,1999.9000,-0.50699419,-1190.4464,595495.5000,41.451,604828.4375,1999.9000,
	2026/04/30 12:01:50	,	101397	,	2650	,10.090804,1999.9000,-0.51162434,-1190.0741,595411.8750,41.452,604857.4375,1999.9000,
	2026/04/30 12:01:50	,	102397	,	2651	,10.094819,1999.9000,-0.51430285,-1189.7638,595389.5000,41.453,604958.3125,1999.9000,
	2026/04/30 12:01:50	,	103397	,	2652	,10.095251,1999.9000,-0.51533645,-1189.5052,595374.5000,41.459,604992.1875,1999.9000,
	2026/04/30 12:01:50	,	104397	,	2653	,10.095584,1999.9000,-0.51960313,-1189.1903,595224.8125,41.459,604992.1875,1999.9000,
	2026/04/30 12:01:50	,	105397	,	2654	,10.095861,1999.9000,-0.52633411,-1188.9279,594965.0000,41.459,605102.0625,1999.9000,
	2026/04/30 12:01:50	,	106397	,	2655	,10.096243,1999.9000,-0.53221422,-1188.7090,594926.5625,41.458,605102.0625,1999.9000,
	2026/04/30 12:01:50	,	107397	,	2656	,10.096631,1999.9000,-0.53273731,-1188.3278,594913.7500,41.469,605102.0625,1999.9000,
	2026/04/30 12:01:50	,	108397	,	2657	,10.097057,1999.9000,-0.53291166,-1188.0101,594907.3750,41.477,605102.0625,1999.9000,
	2026/04/30 12:01:50	,	109397	,	2658	,10.097508,1999.9000,-0.53299886,-1187.9443,594903.5000,41.485,605102.0625,1999.9000,
	2026/04/30 12:01:50	,	110397	,	2659	,10.098019,1999.9000,-0.53305119,-1187.8895,594900.9375,41.491,605092.8750,1999.9000,
	2026/04/30 12:01:50	,	111397	,	2660	,10.098582,1999.9000,-0.53308606,-1187.8439,594910.8125,41.496,604966.1875,1999.9000,
	2026/04/30 12:01:50	,	112397	,	2661	,10.099122,1999.9000,-0.53295022,-1187.8058,594991.2500,41.497,604931.7500,1999.9000,
	2026/04/30 12:01:50	,	113397	,	2662	,10.099650,1999.9000,-0.53274876,-1188.2715,594994.7500,41.501,604829.6875,1999.9000,
	2026/04/30 12:01:50	,	114397	,	2663	,10.100245,1999.9000,-0.53036135,-1188.6595,595094.3125,41.501,604795.8750,1999.9000,
	2026/04/30 12:01:50	,	115397	,	2664	,10.100885,1999.9000,-0.52513033,-1188.9829,595371.3125,41.498,604700.4375,1999.9000,
	2026/04/30 12:01:50	,	116397	,	2665	,10.101542,1999.9000,-0.52176481,-1189.2524,595517.3125,41.495,604700.4375,1999.9000,
	2026/04/30 12:01:50	,	117397	,	2666	,10.102179,1999.9000,-0.52176481,-1189.4769,595517.3125,41.488,604700.4375,1999.9000,
	2026/04/30 12:01:50	,	118397	,	2667	,10.102818,1999.9000,-0.52176481,-1189.3656,595517.3125,41.483,604700.4375,1999.9000,
	2026/04/30 12:01:50	,	119397	,	2668	,10.106942,1999.9000,-0.52176481,-1189.0739,595517.3125,41.472,604700.4375,1999.9000,
	2026/04/30 12:01:50	,	120397	,	2669	,10.107225,1999.9000,-0.52176481,-1188.8308,595517.3125,41.470,604705.9375,1999.9000,
	2026/04/30 12:01:50	,	121397	,	2670	,10.107498,1999.9000,-0.52557153,-1188.6282,595422.0000,41.468,604804.8750,1999.9000,
	2026/04/30 12:01:50	,	122397	,	2671	,10.107814,1999.9000,-0.52911973,-1188.4595,595403.5625,41.466,604826.9375,1999.9000,
	2026/04/30 12:01:50	,	123397	,	2672	,10.108152,1999.9000,-0.53242850,-1188.3188,595387.6250,41.466,604917.2500,1999.9000,
	2026/04/30 12:01:50	,	124397	,	2673	,10.108532,1999.9000,-0.53571832,-1188.4006,595282.5625,41.466,604999.3750,1999.9000,
	2026/04/30 12:01:50	,	125397	,	2674	,10.108968,1999.9000,-0.54211527,-1188.5682,595057.3750,41.466,605039.6250,1999.9000,
	2026/04/30 12:01:50	,	126397	,	2675	,10.109429,1999.9000,-0.54875171,-1189.0062,594823.8125,41.466,605053.0000,1999.9000,
	2026/04/30 12:01:50	,	127397	,	2676	,10.109948,1999.9000,-0.55261499,-1189.5703,594823.8125,41.466,605059.6875,1999.9000,
	2026/04/30 12:01:50	,	128397	,	2677	,10.110530,1999.9000,-0.55261499,-1190.0403,594823.8125,41.466,605063.7500,1999.9000,
	2026/04/30 12:01:50	,	129397	,	2678	,10.111134,1999.9000,-0.55261499,-1190.2329,594823.8125,41.458,605066.3750,1999.9000,
	2026/04/30 12:01:50	,	130397	,	2679	,10.111766,1999.9000,-0.55261499,-1190.3936,594823.8125,41.452,605065.7500,1999.9000,
	2026/04/30 12:01:50	,	131397	,	2680	,10.112352,1999.9000,-0.55261499,-1190.5273,594932.8750,41.447,604983.6875,1999.9000,
	2026/04/30 12:01:50	,	132397	,	2681	,10.112989,1999.9000,-0.55228412,-1190.9373,594955.1875,41.442,604952.0000,1999.9000,
	2026/04/30 12:01:50	,	133397	,	2682	,10.113635,1999.9000,-0.54889661,-1191.2789,594968.3750,41.438,604852.0000,1999.9000,
	2026/04/30 12:01:50	,	134397	,	2683	,10.114287,1999.9000,-0.54819709,-1191.2651,595055.0000,41.435,604815.4375,1999.9000,
	2026/04/30 12:01:50	,	135397	,	2684	,10.114950,1999.9000,-0.54317403,-1190.9553,595287.9375,41.434,604718.5625,1999.9000,
	2026/04/30 12:01:50	,	136397	,	2685	,10.115577,1999.9000,-0.53794307,-1190.6971,595558.4375,41.433,604716.1250,1999.9000,
	2026/04/30 12:01:50	,	137397	,	2686	,10.119633,1999.9000,-0.53794307,-1190.6809,595558.4375,41.433,604715.3125,1999.9000,
	2026/04/30 12:01:50	,	138397	,	2687	,10.120020,1999.9000,-0.53794307,-1190.6674,595558.4375,41.432,604714.8750,1999.9000,
	2026/04/30 12:01:50	,	139397	,	2688	,10.120307,1999.9000,-0.53794307,-1190.6561,595558.4375,41.432,604714.6250,1999.9000,
	2026/04/30 12:01:50	,	140397	,	2689	,10.120661,1999.9000,-0.53794307,-1190.6467,595558.4375,41.431,604714.4375,1999.9000,
	2026/04/30 12:01:50	,	141397	,	2690	,10.120974,1999.9000,-0.53810591,-1190.5394,595436.8750,41.432,604726.5000,1999.9000,
	2026/04/30 12:01:50	,	142397	,	2691	,10.121301,1999.9000,-0.54202074,-1190.1516,595411.2500,41.433,604847.8125,1999.9000,
	2026/04/30 12:01:50	,	143397	,	2692	,10.121768,1999.9000,-0.54493874,-1189.8285,595399.5000,41.436,604879.1875,1999.9000,
	2026/04/30 12:01:50	,	144397	,	2693	,10.122301,1999.9000,-0.54764247,-1189.7581,595387.6875,41.436,604981.8750,1999.9000,
	2026/04/30 12:01:50	,	145397	,	2694	,10.122849,1999.9000,-0.55323267,-1189.3015,595189.6250,41.435,605017.8125,1999.9000,
	2026/04/30 12:01:50	,	146397	,	2695	,10.123436,1999.9000,-0.56102240,-1188.9210,594897.1250,41.434,605040.6250,1999.9000,
	2026/04/30 12:01:50	,	147397	,	2696	,10.124078,1999.9000,-0.56719238,-1188.6040,594897.1250,41.432,605052.1250,1999.9000,
	2026/04/30 12:01:50	,	148397	,	2697	,10.128152,1999.9000,-0.56729323,-1188.7377,594897.1250,41.430,605058.8750,1999.9000,
	2026/04/30 12:01:50	,	149397	,	2698	,10.128465,1999.9000,-0.56732684,-1188.8490,594897.1250,41.431,605063.5000,1999.9000,
	2026/04/30 12:01:50	,	150397	,	2699	,10.128717,1999.9000,-0.56734365,-1189.0414,594897.1250,41.437,605067.2500,1999.9000,
	2026/04/30 12:01:50	,	151397	,	2700	,10.129045,1999.9000,-0.56735373,-1189.3011,594899.3125,41.442,605058.1875,1999.9000,
	2026/04/30 12:01:50	,	152397	,	2701	,10.129384,1999.9000,-0.56736046,-1189.6169,594910.8750,41.438,604939.6250,1999.9000,
	2026/04/30 12:01:50	,	153397	,	2702	,10.129685,1999.9000,-0.56705517,-1189.8802,594994.2500,41.435,604907.8750,1999.9000,
	2026/04/30 12:01:50	,	154397	,	2703	,10.130081,1999.9000,-0.56401598,-1190.0997,595005.8125,41.436,604811.5625,1999.9000,
	2026/04/30 12:01:50	,	155397	,	2704	,10.130538,1999.9000,-0.56038582,-1190.4814,595167.5625,41.439,604776.2500,1999.9000,
	2026/04/30 12:01:50	,	156397	,	2705	,10.131043,1999.9000,-0.55395114,-1190.7996,595463.6875,41.442,604684.6875,1999.9000,
	2026/04/30 12:01:50	,	157397	,	2706	,10.131554,1999.9000,-0.55372423,-1191.0647,595478.6250,41.445,604684.6875,1999.9000,
	2026/04/30 12:01:50	,	158397	,	2707	,10.132113,1999.9000,-0.55364865,-1191.2856,595483.5625,41.443,604684.6875,1999.9000,
	2026/04/30 12:01:50	,	159397	,	2708	,10.132754,1999.9000,-0.55361080,-1191.4697,595486.0625,41.443,604684.6875,1999.9000,
	2026/04/30 12:01:50	,	160397	,	2709	,10.136850,1999.9000,-0.55358815,-1191.4242,595487.5000,41.442,604684.6875,1999.9000,
	2026/04/30 12:01:50	,	161397	,	2710	,10.137074,1999.9000,-0.55357295,-1191.3862,595488.5000,41.443,604697.2500,1999.9000,
	2026/04/30 12:01:50	,	162397	,	2711	,10.137407,1999.9000,-0.55712128,-1191.3546,595405.3125,41.444,604830.3125,1999.9000,
	2026/04/30 12:01:50	,	163397	,	2712	,10.137744,1999.9000,-0.56017154,-1191.5272,595382.6875,41.444,604856.5000,1999.9000,
	2026/04/30 12:01:50	,	164397	,	2713	,10.138054,1999.9000,-0.56279963,-1191.6710,595368.7500,41.445,604949.8750,1999.9000,
	2026/04/30 12:01:50	,	165397	,	2714	,10.138429,1999.9000,-0.56671345,-1191.6914,595249.1875,41.439,604986.4375,1999.9000,
	2026/04/30 12:01:50	,	166397	,	2715	,10.138890,1999.9000,-0.57401162,-1191.7084,594998.3750,41.434,605109.3125,1999.9000,
	2026/04/30 12:01:50	,	167397	,	2716	,10.139364,1999.9000,-0.58042115,-1191.8220,594879.8125,41.437,605109.3125,1999.9000,
	2026/04/30 12:01:50	,	168397	,	2717	,10.139850,1999.9000,-0.58100718,-1191.9167,594879.8125,41.438,605109.3125,1999.9000,
	2026/04/30 12:01:50	,	169397	,	2718	,10.140402,1999.9000,-0.58120257,-1191.9956,594879.8125,41.440,605109.3125,1999.9000,
	2026/04/30 12:01:50	,	170397	,	2719	,10.140977,1999.9000,-0.58130026,-1192.0614,594879.8125,41.440,605109.3125,1999.9000,
	2026/04/30 12:01:50	,	171397	,	2720	,10.141604,1999.9000,-0.58135891,-1192.1162,594879.8125,41.441,605097.4375,1999.9000,
	2026/04/30 12:01:50	,	172397	,	2721	,10.145668,1999.9000,-0.58139795,-1192.1619,594892.6250,41.445,604949.2500,1999.9000,
	2026/04/30 12:01:50	,	173397	,	2722	,10.146054,1999.9000,-0.58118165,-1192.2000,594990.0000,41.449,604914.5625,1999.9000,
	2026/04/30 12:01:50	,	174397	,	2723	,10.146421,1999.9000,-0.58087730,-1192.2317,594993.9375,41.452,604817.5625,1999.9000,
	2026/04/30 12:01:50	,	175397	,	2724	,10.146709,1999.9000,-0.57770479,-1192.0592,595082.3750,41.454,604787.6875,1999.9000,
	2026/04/30 12:01:50	,	176397	,	2725	,10.147008,1999.9000,-0.57220912,-1191.9155,595357.6875,41.462,604694.3750,1999.9000,
	2026/04/30 12:01:50	,	177397	,	2726	,10.147317,1999.9000,-0.57143706,-1191.7957,595534.6250,41.469,604694.3750,1999.9000,
	2026/04/30 12:01:50	,	178397	,	2727	,10.147717,1999.9000,-0.57117975,-1191.6959,595534.6250,41.475,604694.3750,1999.9000,
	2026/04/30 12:01:50	,	179397	,	2728	,10.148234,1999.9000,-0.57105106,-1191.6127,595534.6250,41.473,604694.3750,1999.9000,
	2026/04/30 12:01:50	,	180397	,	2729	,10.148849,1999.9000,-0.57097387,-1191.3445,595534.6250,41.473,604694.3750,1999.9000,
	2026/04/30 12:01:50	,	181397	,	2730	,10.149410,1999.9000,-0.57092237,-1191.1208,595534.6250,41.474,604704.9375,1999.9000,
	2026/04/30 12:01:50	,	182397	,	2731	,10.150033,1999.9000,-0.57374060,-1190.7357,595423.1875,41.477,604821.1875,1999.9000,
	2026/04/30 12:01:50	,	183397	,	2732	,10.150641,1999.9000,-0.57602841,-1190.4146,595400.2500,41.480,604849.0000,1999.9000,
	2026/04/30 12:01:50	,	184397	,	2733	,10.151183,1999.9000,-0.57684767,-1190.0475,595386.2500,41.482,604942.6250,1999.9000,
	2026/04/30 12:01:50	,	185397	,	2734	,10.151802,1999.9000,-0.57975304,-1189.7417,595303.4375,41.484,604979.5000,1999.9000,
	2026/04/30 12:01:50	,	186397	,	2735	,10.156094,1999.9000,-0.58563948,-1189.4868,595088.9375,41.482,605093.6250,1999.9000,
	2026/04/30 12:01:50	,	187397	,	2736	,10.156511,1999.9000,-0.59201753,-1189.2744,594819.0000,41.478,605093.6250,1999.9000,
	2026/04/30 12:01:50	,	188397	,	2737	,10.156740,1999.9000,-0.59201753,-1189.0973,594819.0000,41.475,605093.6250,1999.9000,
	2026/04/30 12:01:50	,	189397	,	2738	,10.156996,1999.9000,-0.59201753,-1188.8503,594819.0000,41.470,605093.6250,1999.9000,
	2026/04/30 12:01:50	,	190397	,	2739	,10.157369,1999.9000,-0.59201753,-1188.6445,594819.0000,41.463,605093.6250,1999.9000,
	2026/04/30 12:01:50	,	191397	,	2740	,10.157727,1999.9000,-0.59201753,-1188.5725,594819.0000,41.458,605086.0625,1999.9000,
	2026/04/30 12:01:50	,	192397	,	2741	,10.158126,1999.9000,-0.59189141,-1188.8109,594922.1250,41.454,604972.1875,1999.9000,
	2026/04/30 12:01:50	,	193397	,	2742	,10.158601,1999.9000,-0.58851337,-1189.1090,594946.0000,41.452,604943.2500,1999.9000,
	2026/04/30 12:01:50	,	194397	,	2743	,10.159106,1999.9000,-0.58756804,-1189.4570,594960.3125,41.448,604843.5625,1999.9000,
	2026/04/30 12:01:50	,	195397	,	2744	,10.159692,1999.9000,-0.58495885,-1189.7469,594978.4375,41.443,604810.0000,1999.9000,
	2026/04/30 12:01:50	,	196397	,	2745	,10.160275,1999.9000,-0.57998627,-1189.9885,595253.9375,41.439,604713.7500,1999.9000,
	2026/04/30 12:01:50	,	197397	,	2746	,10.160883,1999.9000,-0.57410616,-1190.1899,595545.3750,41.436,604712.1875,1999.9000,
	2026/04/30 12:01:50	,	198397	,	2747	,10.161505,1999.9000,-0.57410616,-1190.3578,595545.3750,41.433,604711.6875,1999.9000,
	2026/04/30 12:01:50	,	199397	,	2748	,10.162142,1999.9000,-0.57410616,-1190.3981,595545.3750,41.434,604711.4375,1999.9000,
	2026/04/30 12:01:50	,	200397	,	2749	,10.166282,1999.9000,-0.57410616,-1190.4318,595545.3750,41.435,604711.3125,1999.9000,
	2026/04/30 12:01:50	,	201397	,	2750	,10.166758,1999.9000,-0.57410616,-1190.4597,595545.3750,41.432,604711.1875,1999.9000,
	2026/04/30 12:01:50	,	202397	,	2751	,10.167185,1999.9000,-0.57414711,-1190.4830,595442.2500,41.435,604724.3125,1999.9000,
	2026/04/30 12:01:50	,	203397	,	2752	,10.167555,1999.9000,-0.57749683,-1190.4031,595411.8750,41.439,604848.3750,1999.9000,
	2026/04/30 12:01:50	,	204397	,	2753	,10.167926,1999.9000,-0.58057868,-1190.3364,595394.0000,41.442,604876.4375,1999.9000,
	2026/04/30 12:01:50	,	205397	,	2754	,10.168272,1999.9000,-0.58396935,-1189.9823,595378.8750,41.444,604972.1875,1999.9000,
	2026/04/30 12:01:50	,	206397	,	2755	,10.168655,1999.9000,-0.59046084,-1189.6874,595187.2500,41.446,605009.0625,1999.9000,
	2026/04/30 12:01:50	,	207397	,	2756	,10.169178,1999.9000,-0.59858459,-1189.4415,594898.8750,41.443,605032.8125,1999.9000,
	2026/04/30 12:01:50	,	208397	,	2757	,10.169778,1999.9000,-0.60155928,-1189.2367,594895.5625,41.441,605044.6875,1999.9000,
	2026/04/30 12:01:50	,	209397	,	2758	,10.170386,1999.9000,-0.60155928,-1189.0659,594894.5000,41.439,605051.8125,1999.9000,
	2026/04/30 12:01:50	,	210397	,	2759	,10.170963,1999.9000,-0.60155928,-1189.0659,594893.9375,41.437,605056.5625,1999.9000,
	2026/04/30 12:01:50	,	211397	,	2760	,10.171568,1999.9000,-0.60155928,-1188.8052,594893.6250,41.436,605060.5000,1999.9000,
	2026/04/30 12:01:50	,	212397	,	2761	,10.175605,1999.9000,-0.60155928,-1189.1042,594893.3750,41.433,605051.1250,1999.9000,
	2026/04/30 12:01:50	,	213397	,	2762	,10.175873,1999.9000,-0.60155928,-1189.5525,594905.4375,41.431,604940.8125,1999.9000,
	2026/04/30 12:01:50	,	214397	,	2763	,10.176162,1999.9000,-0.59872955,-1190.1250,594994.7500,41.429,604904.0000,1999.9000,
	2026/04/30 12:01:50	,	215397	,	2764	,10.176551,1999.9000,-0.59649855,-1190.6019,594994.7500,41.425,604794.0625,1999.9000,
	2026/04/30 12:01:50	,	216397	,	2765	,10.176916,1999.9000,-0.59559727,-1191.0990,595155.6875,41.424,604765.6875,1999.9000,
	2026/04/30 12:01:50	,	217397	,	2766	,10.177327,1999.9000,-0.59047967,-1191.7122,595452.3750,41.423,604741.9375,1999.9000,
	2026/04/30 12:01:50	,	218397	,	2767	,10.177775,1999.9000,-0.58392525,-1192.2230,595452.3750,41.423,604730.0625,1999.9000,
	2026/04/30 12:01:50	,	219397	,	2768	,10.178243,1999.9000,-0.58318788,-1192.4498,595471.7500,41.422,604722.9375,1999.9000,
	2026/04/30 12:01:50	,	220397	,	2769	,10.178243,1999.9000,-0.58294207,-1192.8378,595478.2500,41.425,604718.1875,1999.9000,
	2026/04/30 12:01:50	,	221397	,	2770	,10.178746,1999.9000,-0.58281916,-1193.1610,595481.4375,41.438,604714.1875,1999.9000,
	2026/04/30 12:01:50	,	222397	,	2771	,10.179264,1999.9000,-0.58274543,-1193.4304,595483.4375,41.452,604723.5000,1999.9000,
	2026/04/30 12:01:50	,	223397	,	2772	,10.179871,1999.9000,-0.58269632,-1193.6549,595484.6875,41.463,604841.1250,1999.9000,
	2026/04/30 12:01:50	,	224397	,	2773	,10.180526,1999.9000,-0.58582854,-1193.8422,595396.9375,41.473,604870.1250,1999.9000,
	2026/04/30 12:01:50	,	225397	,	2774	,10.181175,1999.9000,-0.58885998,-1193.9980,595384.7500,41.481,604966.8125,1999.9000,
	2026/04/30 12:01:50	,	226397	,	2775	,10.181821,1999.9000,-0.59156376,-1193.8295,595375.9375,41.486,605000.8750,1999.9000,
	2026/04/30 12:01:50	,	227397	,	2776	,10.182478,1999.9000,-0.59595650,-1193.6891,595270.0625,41.490,605091.8125,1999.9000,
	2026/04/30 12:01:50	,	228397	,	2777	,10.186627,1999.9000,-0.60341853,-1193.4725,594848.8125,41.494,605091.8125,1999.9000,
	2026/04/30 12:01:50	,	229397	,	2778	,10.187103,1999.9000,-0.60810751,-1193.2922,594848.8125,41.495,605091.8125,1999.9000,
	2026/04/30 12:01:50	,	230397	,	2779	,10.187500,1999.9000,-0.60810751,-1193.1420,594848.8125,41.497,605091.8125,1999.9000,
	2026/04/30 12:01:50	,	231397	,	2780	,10.187960,1999.9000,-0.60810745,-1193.0166,594848.8125,41.498,605091.8125,1999.9000,
	2026/04/30 12:01:50	,	232397	,	2781	,10.188355,1999.9000,-0.60810751,-1192.9122,594848.8125,41.492,605079.8125,1999.9000,
	2026/04/30 12:01:50	,	233397	,	2782	,10.188683,1999.9000,-0.60810751,-1192.8252,594848.8125,41.493,604935.9375,1999.9000,
	2026/04/30 12:01:50	,	234397	,	2783	,10.189114,1999.9000,-0.60517687,-1192.7528,594936.3750,41.494,604901.8125,1999.9000,
	2026/04/30 12:01:50	,	235397	,	2784	,10.189608,1999.9000,-0.60414326,-1192.6924,594954.2500,41.497,604807.3125,1999.9000,
	2026/04/30 12:01:50	,	236397	,	2785	,10.190134,1999.9000,-0.60176724,-1192.6420,594963.2500,41.497,604780.6875,1999.9000,
	2026/04/30 12:01:50	,	237397	,	2786	,10.190706,1999.9000,-0.59919590,-1192.6420,595068.6875,41.496,604698.6250,1999.9000,
	2026/04/30 12:01:50	,	238397	,	2787	,10.191287,1999.9000,-0.59303850,-1192.4656,595331.4375,41.496,604698.6250,1999.9000,
	2026/04/30 12:01:50	,	239397	,	2788	,10.191871,1999.9000,-0.58884114,-1192.4656,595530.4375,41.494,604698.6250,1999.9000,
	2026/04/30 12:01:50	,	240397	,	2789	,10.192462,1999.9000,-0.58884114,-1191.1660,595530.4375,41.492,604698.6250,1999.9000,
	2026/04/30 12:01:50	,	241397	,	2790	,10.193058,1999.9000,-0.58884108,-1191.2705,595530.4375,41.492,604698.6250,1999.9000,
	2026/04/30 12:01:50	,	242397	,	2791	,10.193704,1999.9000,-0.58884114,-1191.4572,595530.4375,41.494,604706.0000,1999.9000,
	2026/04/30 12:01:50	,	243397	,	2792	,10.194326,1999.9000,-0.58884114,-1191.4572,595530.4375,41.493,604810.3125,1999.9000,
	2026/04/30 12:01:50	,	244397	,	2793	,10.194969,1999.9000,-0.59210575,-1191.8116,595407.6875,41.490,604839.3125,1999.9000,
	2026/04/30 12:01:50	,	245397	,	2794	,10.199227,1999.9000,-0.59773374,-1192.7179,595371.7500,41.487,604942.6250,1999.9000,
	2026/04/30 12:01:50	,	246397	,	2795	,10.199675,1999.9000,-0.59773374,-1192.7179,595371.7500,41.485,604976.1250,1999.9000,
	2026/04/30 12:01:50	,	247397	,	2796	,10.199982,1999.9000,-0.60094798,-1193.0613,595355.4375,41.483,605088.1875,1999.9000,
	2026/04/30 12:01:50	,	248397	,	2797	,10.200389,1999.9000,-0.60761589,-1193.3472,595108.6250,41.482,605088.1875,1999.9000,
	2026/04/30 12:01:50	,	249397	,	2798	,10.200835,1999.9000,-0.61376071,-1193.5856,594824.3750,41.481,605088.1875,1999.9000,
	2026/04/30 12:01:50	,	250397	,	2799	,10.201134,1999.9000,-0.61412936,-1193.3864,594824.3750,41.480,605088.1875,1999.9000,
	2026/04/30 12:01:50	,	251397	,	2800	,10.201561,1999.9000,-0.61425227,-1193.0214,594824.3750,41.479,605088.1875,1999.9000,
	2026/04/30 12:01:50	,	252397	,	2801	,10.202090,1999.9000,-0.61431372,-1192.7172,594824.3750,41.480,605081.4375,1999.9000,
	2026/04/30 12:01:50	,	253397	,	2802	,10.202551,1999.9000,-0.61435056,-1192.2648,594824.3750,41.481,604983.6875,1999.9000,
	2026/04/30 12:01:50	,	254397	,	2803	,10.203069,1999.9000,-0.61437517,-1191.8878,594938.2500,41.481,604955.6250,1999.9000,
	2026/04/30 12:01:50	,	255397	,	2804	,10.203640,1999.9000,-0.61417824,-1191.5736,594964.7500,41.479,604860.5000,1999.9000,
	2026/04/30 12:01:50	,	256397	,	2805	,10.204254,1999.9000,-0.61382920,-1191.6104,594975.5625,41.480,604821.8125,1999.9000,
	2026/04/30 12:01:50	,	257397	,	2806	,10.208372,1999.9000,-0.61029440,-1191.6407,594989.5000,41.480,604719.7500,1999.9000,
	2026/04/30 12:01:50	,	258397	,	2807	,10.208655,1999.9000,-0.60461599,-1191.6661,595229.5625,41.478,604719.7500,1999.9000,
	2026/04/30 12:01:50	,	259397	,	2808	,10.208919,1999.9000,-0.59804887,-1191.5880,595524.5000,41.470,604719.7500,1999.9000,
	2026/04/30 12:01:50	,	260397	,	2809	,10.209244,1999.9000,-0.59455734,-1191.5228,595524.5000,41.460,604719.7500,1999.9000,
	2026/04/30 12:01:50	,	261397	,	2810	,10.209564,1999.9000,-0.59455734,-1191.2695,595524.5000,41.452,604719.7500,1999.9000,
	2026/04/30 12:01:50	,	262397	,	2811	,10.209882,1999.9000,-0.59455734,-1190.9589,595524.5000,41.445,604719.7500,1999.9000,
	2026/04/30 12:01:50	,	263397	,	2812	,10.210266,1999.9000,-0.59455734,-1190.7001,595524.5000,41.442,604725.0000,1999.9000,
	2026/04/30 12:01:50	,	264397	,	2813	,10.210761,1999.9000,-0.59455734,-1190.4844,595513.1875,41.440,604811.5625,1999.9000,
	2026/04/30 12:01:50	,	265397	,	2814	,10.211307,1999.9000,-0.59488720,-1190.0062,595380.3125,41.438,604841.1875,1999.9000,
	2026/04/30 12:01:50	,	266397	,	2815	,10.211920,1999.9000,-0.59845853,-1189.4088,595365.1250,41.438,604929.9375,1999.9000,
	2026/04/30 12:01:50	,	267397	,	2816	,10.216058,1999.9000,-0.59944797,-1189.3088,595354.6875,41.438,604956.8750,1999.9000,
	2026/04/30 12:01:50	,	268397	,	2817	,10.216340,1999.9000,-0.60527772,-1188.8276,595200.9375,41.438,605052.5000,1999.9000,
	2026/04/30 12:01:50	,	269397	,	2818	,10.216624,1999.9000,-0.61159897,-1188.4268,594929.2500,41.438,605066.1250,1999.9000,
	2026/04/30 12:01:50	,	270397	,	2819	,10.217011,1999.9000,-0.61159897,-1188.0927,594914.6875,41.440,605070.6250,1999.9000,
	2026/04/30 12:01:50	,	271397	,	2820	,10.217369,1999.9000,-0.61159897,-1188.2120,594909.8125,41.441,605072.9375,1999.9000,
	2026/04/30 12:01:50	,	272397	,	2821	,10.217687,1999.9000,-0.61159897,-1188.3115,594907.3750,41.442,605074.3125,1999.9000,
	2026/04/30 12:01:50	,	273397	,	2822	,10.218080,1999.9000,-0.61159897,-1188.3945,594905.8750,41.443,605075.2500,1999.9000,
	2026/04/30 12:01:50	,	274397	,	2823	,10.218542,1999.9000,-0.61158431,-1188.4636,594904.9375,41.442,605063.1250,1999.9000,
	2026/04/30 12:01:50	,	275397	,	2824	,10.219042,1999.9000,-0.60901505,-1188.6207,594916.6250,41.442,604927.5625,1999.9000,
	2026/04/30 12:01:50	,	276397	,	2825	,10.219586,1999.9000,-0.60798770,-1188.7516,594997.1875,41.443,604894.0000,1999.9000,
	2026/04/30 12:01:50	,	277397	,	2826	,10.220160,1999.9000,-0.60542268,-1188.8606,595006.7500,41.443,604789.8125,1999.9000,
	2026/04/30 12:01:50	,	278397	,	2827	,10.220708,1999.9000,-0.60147732,-1188.9515,595141.9375,41.444,604758.6875,1999.9000,
	2026/04/30 12:01:50	,	279397	,	2828	,10.221343,1999.9000,-0.59505522,-1189.5247,595433.3125,41.442,604740.8750,1999.9000,
	2026/04/30 12:01:50	,	280397	,	2829	,10.225441,1999.9000,-0.59420127,-1189.5049,595466.0625,41.440,604731.9375,1999.9000,
	2026/04/30 12:01:50	,	281397	,	2830	,10.225813,1999.9000,-0.59391659,-1189.1899,595477.0000,41.438,604726.6250,1999.9000,
	2026/04/30 12:01:50	,	282397	,	2831	,10.226196,1999.9000,-0.59377426,-1188.9276,595482.5000,41.436,604723.0625,1999.9000,
	2026/04/30 12:01:50	,	283397	,	2832	,10.226499,1999.9000,-0.59368891,-1188.6095,595485.7500,41.434,604720.0625,1999.9000,
	2026/04/30 12:01:50	,	284397	,	2833	,10.226866,1999.9000,-0.59363198,-1188.2449,595487.9375,41.431,604728.3125,1999.9000,
	2026/04/30 12:01:50	,	285397	,	2834	,10.227259,1999.9000,-0.59664977,-1187.9410,595475.6875,41.429,604831.5000,1999.9000,
	2026/04/30 12:01:50	,	286397	,	2835	,10.227695,1999.9000,-0.59927160,-1187.7872,595375.5625,41.426,604865.6250,1999.9000,
	2026/04/30 12:01:50	,	287397	,	2836	,10.228178,1999.9000,-0.60016966,-1187.5597,595366.0000,41.424,604968.0000,1999.9000,
	2026/04/30 12:01:50	,	288397	,	2837	,10.228709,1999.9000,-0.60428190,-1187.3701,595280.1875,41.422,605005.0625,1999.9000,
	2026/04/30 12:01:50	,	289397	,	2838	,10.229292,1999.9000,-0.61013055,-1187.3115,595041.2500,41.420,605092.4375,1999.9000,
	2026/04/30 12:01:50	,	290397	,	2839	,10.229901,1999.9000,-0.61040783,-1187.1632,594859.5000,41.415,605092.4375,1999.9000,
	2026/04/30 12:01:50	,	291397	,	2840	,10.230513,1999.9000,-0.61050028,-1187.0397,594859.5000,41.414,605092.4375,1999.9000,
	2026/04/30 12:01:50	,	292397	,	2841	,10.231162,1999.9000,-0.61054647,-1186.9366,594859.5000,41.411,605092.4375,1999.9000,
	2026/04/30 12:01:50	,	293397	,	2842	,10.231812,1999.9000,-0.61057425,-1186.8508,594859.5000,41.406,605092.4375,1999.9000,
	2026/04/30 12:01:50	,	294397	,	2843	,10.232449,1999.9000,-0.61059272,-1186.7793,594859.5000,41.402,605079.0000,1999.9000,
	2026/04/30 12:01:50	,	295397	,	2844	,10.236611,1999.9000,-0.60757178,-1186.7197,594956.1250,41.398,604931.1250,1999.9000,
	2026/04/30 12:01:50	,	296397	,	2845	,10.236924,1999.9000,-0.60517061,-1186.6700,594979.0625,41.398,604899.0625,1999.9000,
	2026/04/30 12:01:50	,	297397	,	2846	,10.237238,1999.9000,-0.60428506,-1186.6287,594990.4375,41.394,604806.1250,1999.9000,
	2026/04/30 12:01:50	,	298397	,	2847	,10.237580,1999.9000,-0.60034293,-1186.5941,595073.4375,41.392,604779.2500,1999.9000,
	2026/04/30 12:01:50	,	299397	,	2848	,10.237965,1999.9000,-0.59398389,-1187.1622,595324.8750,41.390,604757.1875,1999.9000,
	2026/04/30 12:01:50	,	300397	,	2849	,10.238295,1999.9000,-0.59106582,-1188.2325,595543.5000,41.391,604746.1875,1999.9000,
	2026/04/30 12:01:50	,	301397	,	2850	,10.238739,1999.9000,-0.59106582,-1189.1244,595543.5000,41.391,604739.5625,1999.9000,
	2026/04/30 12:01:50	,	302397	,	2851	,10.239228,1999.9000,-0.59106582,-1189.9672,595543.5000,41.399,604735.1875,1999.9000,
	2026/04/30 12:01:50	,	303397	,	2852	,10.239770,1999.9000,-0.59106582,-1190.6694,595543.5000,41.407,604731.5625,1999.9000,
	2026/04/30 12:01:50	,	304397	,	2853	,10.240301,1999.9000,-0.59106582,-1191.2546,595543.5000,41.417,604741.0625,1999.9000,
	2026/04/30 12:01:50	,	305397	,	2854	,10.240832,1999.9000,-0.59418553,-1191.9413,595438.0625,41.425,604844.1875,1999.9000,
	2026/04/30 12:01:50	,	306397	,	2855	,10.241440,1999.9000,-0.59662455,-1192.3146,595413.6875,41.436,604868.3125,1999.9000,
	2026/04/30 12:01:50	,	307397	,	2856	,10.242105,1999.9000,-0.59756678,-1192.5262,595401.9375,41.446,604961.9375,1999.9000,
	2026/04/30 12:01:50	,	308397	,	2857	,10.246264,1999.9000,-0.60102355,-1192.6030,595385.6250,41.452,604996.3750,1999.9000,
	2026/04/30 12:01:50	,	309397	,	2858	,10.246725,1999.9000,-0.60710537,-1192.3687,595142.5625,41.458,605111.7500,1999.9000,
	2026/04/30 12:01:50	,	310397	,	2859	,10.247118,1999.9000,-0.61219770,-1192.1733,594850.0000,41.462,605111.7500,1999.9000,
	2026/04/30 12:01:50	,	311397	,	2860	,10.247521,1999.9000,-0.61219770,-1191.9111,594850.0000,41.457,605111.7500,1999.9000,
	2026/04/30 12:01:50	,	312397	,	2861	,10.247907,1999.9000,-0.61219770,-1191.6925,594850.0000,41.452,605111.7500,1999.9000,
	2026/04/30 12:01:50	,	313397	,	2862	,10.248234,1999.9000,-0.61219770,-1191.6100,594850.0000,41.448,605111.7500,1999.9000,
	2026/04/30 12:01:50	,	314397	,	2863	,10.248610,1999.9000,-0.61219770,-1191.5410,594850.0000,41.451,605100.0625,1999.9000,
	2026/04/30 12:01:50	,	315397	,	2864	,10.249068,1999.9000,-0.60832173,-1191.5833,594860.7500,41.446,604962.5625,1999.9000,
	2026/04/30 12:01:50	,	316397	,	2865	,10.249555,1999.9000,-0.60526508,-1191.5187,594973.9375,41.440,604931.1250,1999.9000,
	2026/04/30 12:01:50	,	317397	,	2866	,10.250063,1999.9000,-0.60296476,-1191.3656,594981.3750,41.437,604826.6875,1999.9000,
	2026/04/30 12:01:50	,	318397	,	2867	,10.250566,1999.9000,-0.60070217,-1191.4369,594992.1875,41.442,604796.8125,1999.9000,
	2026/04/30 12:01:50	,	319397	,	2868	,10.251154,1999.9000,-0.59527582,-1191.6952,595204.5625,41.446,604706.5000,1999.9000,
	2026/04/30 12:01:50	,	320397	,	2869	,10.251799,1999.9000,-0.58976752,-1192.3083,595504.2500,41.454,604706.5000,1999.9000,
	2026/04/30 12:01:50	,	321397	,	2870	,10.252450,1999.9000,-0.58976752,-1192.8193,595504.2500,41.460,604706.5000,1999.9000,
	2026/04/30 12:01:50	,	322397	,	2871	,10.256570,1999.9000,-0.58976752,-1192.6484,595504.2500,41.469,604706.5000,1999.9000,
	2026/04/30 12:01:50	,	323397	,	2872	,10.256987,1999.9000,-0.58976752,-1192.3070,595504.2500,41.476,604706.5000,1999.9000,
	2026/04/30 12:01:50	,	324397	,	2873	,10.257276,1999.9000,-0.58976752,-1192.0225,595504.2500,41.482,604713.8750,1999.9000,
	2026/04/30 12:01:50	,	325397	,	2874	,10.257538,1999.9000,-0.59209943,-1191.7854,595498.2500,41.487,604817.0000,1999.9000,
	2026/04/30 12:01:50	,	326397	,	2875	,10.257851,1999.9000,-0.59613293,-1191.5878,595394.0000,41.491,604846.8750,1999.9000,
	2026/04/30 12:01:50	,	327397	,	2876	,10.258258,1999.9000,-0.59987658,-1191.2241,595375.2500,41.492,604938.4375,1999.9000,
	2026/04/30 12:01:50	,	328397	,	2877	,10.258740,1999.9000,-0.60338700,-1190.8217,595364.0000,41.492,604974.3750,1999.9000,
	2026/04/30 12:01:50	,	329397	,	2878	,10.259237,1999.9000,-0.60953182,-1190.1877,595226.5625,41.491,605091.8125,1999.9000,
	2026/04/30 12:01:50	,	330397	,	2879	,10.259790,1999.9000,-0.61660308,-1189.6595,594945.3750,41.477,605091.8125,1999.9000,
	2026/04/30 12:01:50	,	331397	,	2880	,10.260350,1999.9000,-0.61702222,-1189.5178,594908.1250,41.477,605091.8125,1999.9000,
	2026/04/30 12:01:50	,	332397	,	2881	,10.260942,1999.9000,-0.61716187,-1189.1013,594895.6875,41.471,605091.8125,1999.9000,
	2026/04/30 12:01:50	,	333397	,	2882	,10.261529,1999.9000,-0.61723179,-1188.7542,594889.5000,41.468,605091.8125,1999.9000,
	2026/04/30 12:01:50	,	334397	,	2883	,10.262147,1999.9000,-0.61727369,-1188.4650,594885.7500,41.471,605085.2500,1999.9000,
	2026/04/30 12:01:50	,	335397	,	2884	,10.262776,1999.9000,-0.61730158,-1188.8208,594883.2500,41.478,604966.1875,1999.9000,
	2026/04/30 12:01:50	,	336397	,	2885	,10.263407,1999.9000,-0.61411363,-1189.2167,594894.0000,41.484,604933.8125,1999.9000,
	2026/04/30 12:01:50	,	337397	,	2886	,10.264034,1999.9000,-0.61069143,-1189.7456,594976.8750,41.481,604835.1250,1999.9000,
	2026/04/30 12:01:50	,	338397	,	2887	,10.264682,1999.9000,-0.60721254,-1190.1864,594987.0625,41.478,604800.1250,1999.9000,
	2026/04/30 12:01:50	,	339397	,	2888	,10.268843,1999.9000,-0.60095429,-1190.5536,595106.1875,41.476,604710.6875,1999.9000,
	2026/04/30 12:01:50	,	340397	,	2889	,10.269305,1999.9000,-0.59291244,-1190.8599,595395.8125,41.484,604710.6875,1999.9000,
	2026/04/30 12:01:50	,	341397	,	2890	,10.269747,1999.9000,-0.58807218,-1191.3138,595503.6250,41.487,604710.6875,1999.9000,
	2026/04/30 12:01:50	,	342397	,	2891	,10.270124,1999.9000,-0.58807218,-1191.6923,595503.6250,41.483,604710.6875,1999.9000,
	2026/04/30 12:01:50	,	343397	,	2892	,10.270476,1999.9000,-0.58807218,-1191.8086,595503.6250,41.477,604710.6875,1999.9000,
	2026/04/30 12:01:50	,	344397	,	2893	,10.270795,1999.9000,-0.58807218,-1191.9055,595503.6250,41.472,604713.9375,1999.9000,
	2026/04/30 12:01:50	,	345397	,	2894	,10.271225,1999.9000,-0.58807218,-1192.1853,595503.6250,41.471,604804.8750,1999.9000,
	2026/04/30 12:01:50	,	346397	,	2895	,10.271731,1999.9000,-0.59090203,-1192.4185,595397.5625,41.472,604834.7500,1999.9000,
	2026/04/30 12:01:50	,	347397	,	2896	,10.272243,1999.9000,-0.59366870,-1192.6127,595374.3125,41.477,604920.3125,1999.9000,
	2026/04/30 12:01:50	,	348397	,	2897	,10.272818,1999.9000,-0.59617078,-1192.9735,595362.8125,41.483,604955.6250,1999.9000,
	2026/04/30 12:01:50	,	349397	,	2898	,10.273421,1999.9000,-0.60079670,-1193.2742,595273.6875,41.488,605053.7500,1999.9000,
	2026/04/30 12:01:50	,	350397	,	2899	,10.274054,1999.9000,-0.60805708,-1193.3257,595037.6875,41.493,605064.3750,1999.9000,
	2026/04/30 12:01:50	,	351397	,	2900	,10.274714,1999.9000,-0.61298555,-1193.3687,594847.0000,41.498,605067.8750,1999.9000,
	2026/04/30 12:01:50	,	352397	,	2901	,10.275339,1999.9000,-0.61298555,-1193.4045,594847.0000,41.502,605069.6250,1999.9000,
	2026/04/30 12:01:50	,	353397	,	2902	,10.275985,1999.9000,-0.61298555,-1193.4343,594847.0000,41.505,605070.6250,1999.9000,
	2026/04/30 12:01:50	,	354397	,	2903	,10.276647,1999.9000,-0.61298555,-1193.4594,594847.0000,41.506,605071.3125,1999.9000,
	2026/04/30 12:01:50	,	355397	,	2904	,10.280758,1999.9000,-0.61298555,-1193.4801,594847.0000,41.506,605061.1875,1999.9000,
	2026/04/30 12:01:50	,	356397	,	2905	,10.281146,1999.9000,-0.61047715,-1193.4974,594953.6875,41.505,604937.8125,1999.9000,
	2026/04/30 12:01:50	,	357397	,	2906	,10.281394,1999.9000,-0.60954440,-1193.5118,594974.2500,41.505,604908.8125,1999.9000,
	2026/04/30 12:01:50	,	358397	,	2907	,10.281749,1999.9000,-0.60730076,-1193.5239,594984.6250,41.504,604820.6250,1999.9000,
	2026/04/30 12:01:50	,	359397	,	2908	,10.282104,1999.9000,-0.60471052,-1193.7328,595003.2500,41.504,604787.3750,1999.9000,
	2026/04/30 12:01:50	,	360397	,	2909	,10.282433,1999.9000,-0.59886819,-1193.6085,595281.9375,41.498,604699.8125,1999.9000,
	2026/04/30 12:01:50	,	361397	,	2910	,10.282868,1999.9000,-0.59460777,-1193.6045,595536.3750,41.489,604699.8125,1999.9000,
	2026/04/30 12:01:50	,	362397	,	2911	,10.283384,1999.9000,-0.59460777,-1193.6010,595536.3750,41.482,604699.8125,1999.9000,
	2026/04/30 12:01:50	,	363397	,	2912	,10.283931,1999.9000,-0.59460777,-1193.5981,595536.3750,41.477,604699.8125,1999.9000,
	2026/04/30 12:01:50	,	364397	,	2913	,10.284504,1999.9000,-0.59460777,-1193.5957,595536.3750,41.476,604699.8125,1999.9000,
	2026/04/30 12:01:50	,	365397	,	2914	,10.285091,1999.9000,-0.59460777,-1193.4943,595536.3750,41.476,604712.1250,1999.9000,
	2026/04/30 12:01:50	,	366397	,	2915	,10.285685,1999.9000,-0.59728628,-1193.3102,595411.8750,41.473,604845.3750,1999.9000,
	2026/04/30 12:01:50	,	367397	,	2916	,10.286304,1999.9000,-0.59960556,-1192.7590,595385.6250,41.470,604869.8750,1999.9000,
	2026/04/30 12:01:50	,	368397	,	2917	,10.290320,1999.9000,-0.60064548,-1192.2997,595372.7500,41.463,604961.9375,1999.9000,
	2026/04/30 12:01:50	,	369397	,	2918	,10.290588,1999.9000,-0.60460967,-1191.9169,595357.9375,41.458,604998.1875,1999.9000,
	2026/04/30 12:01:50	,	370397	,	2919	,10.290887,1999.9000,-0.61081755,-1191.5978,595146.1250,41.453,605099.6875,1999.9000,
	2026/04/30 12:01:50	,	371397	,	2920	,10.291214,1999.9000,-0.61379224,-1191.3319,594862.5000,41.452,605099.6875,1999.9000,
	2026/04/30 12:01:50	,	372397	,	2921	,10.291488,1999.9000,-0.61379224,-1191.2100,594862.5000,41.451,605099.6875,1999.9000,
	2026/04/30 12:01:50	,	373397	,	2922	,10.291874,1999.9000,-0.61379224,-1191.3073,594862.5000,41.451,605099.6875,1999.9000,
	2026/04/30 12:01:50	,	374397	,	2923	,10.292315,1999.9000,-0.61379224,-1191.3883,594862.5000,41.450,605099.6875,1999.9000,
	2026/04/30 12:01:50	,	375397	,	2924	,10.292767,1999.9000,-0.61379224,-1191.4558,594862.5000,41.450,605086.8125,1999.9000,
	2026/04/30 12:01:50	,	376397	,	2925	,10.293307,1999.9000,-0.61016840,-1191.5121,594870.5000,41.446,604951.1250,1999.9000,
	2026/04/30 12:01:50	,	377397	,	2926	,10.293911,1999.9000,-0.60727555,-1191.5590,594966.7500,41.446,604917.8750,1999.9000,
	2026/04/30 12:01:50	,	378397	,	2927	,10.294549,1999.9000,-0.60494369,-1191.5980,594973.3125,41.447,604799.4375,1999.9000,
	2026/04/30 12:01:50	,	379397	,	2928	,10.295200,1999.9000,-0.60215175,-1191.9290,594982.0000,41.451,604765.6250,1999.9000,
	2026/04/30 12:01:50	,	380397	,	2929	,10.295860,1999.9000,-0.59575480,-1192.2048,595164.5625,41.455,604740.0625,1999.9000,
	2026/04/30 12:01:50	,	381397	,	2930	,10.296476,1999.9000,-0.58908057,-1192.1364,595469.0625,41.459,604727.2500,1999.9000,
	2026/04/30 12:01:50	,	382397	,	2931	,10.297084,1999.9000,-0.58908057,-1191.5818,595472.0000,41.466,604719.6250,1999.9000,
	2026/04/30 12:01:50	,	383397	,	2932	,10.297744,1999.9000,-0.58908057,-1191.0203,595473.0625,41.471,604714.4375,1999.9000,
	2026/04/30 12:01:50	,	384397	,	2933	,10.302265,1999.9000,-0.58908057,-1190.6517,595473.5625,41.471,604710.1875,1999.9000,
	2026/04/30 12:01:50	,	385397	,	2934	,10.302742,1999.9000,-0.58908057,-1190.7426,595473.8125,41.472,604717.3125,1999.9000,
	2026/04/30 12:01:50	,	386397	,	2935	,10.302931,1999.9000,-0.58939046,-1190.8182,595474.0000,41.472,604825.4375,1999.9000,
	2026/04/30 12:01:50	,	387397	,	2936	,10.303122,1999.9000,-0.59384519,-1190.8813,595382.0625,41.474,604851.3750,1999.9000,
	2026/04/30 12:01:50	,	388397	,	2937	,10.303398,1999.9000,-0.59612036,-1190.9338,595366.2500,41.476,604937.1875,1999.9000,
	2026/04/30 12:01:50	,	389397	,	2938	,10.303711,1999.9000,-0.59834504,-1190.9777,595358.2500,41.477,604974.3125,1999.9000,
	2026/04/30 12:01:50	,	390397	,	2939	,10.304145,1999.9000,-0.60401726,-1191.0142,595248.0625,41.479,605097.8750,1999.9000,
	2026/04/30 12:01:50	,	391397	,	2940	,10.304635,1999.9000,-0.61098135,-1191.0446,594991.8125,41.478,605097.8750,1999.9000,
	2026/04/30 12:01:50	,	392397	,	2941	,10.305149,1999.9000,-0.61387414,-1191.0699,594879.8125,41.476,605097.8750,1999.9000,
	2026/04/30 12:01:50	,	393397	,	2942	,10.305652,1999.9000,-0.61387414,-1191.2900,594879.8125,41.474,605097.8750,1999.9000,
	2026/04/30 12:01:50	,	394397	,	2943	,10.306224,1999.9000,-0.61387414,-1191.5729,594879.8125,41.473,605097.8750,1999.9000,
	2026/04/30 12:01:50	,	395397	,	2944	,10.306814,1999.9000,-0.61387414,-1191.9081,594879.8125,41.470,605092.1250,1999.9000,
	2026/04/30 12:01:50	,	396397	,	2945	,10.307441,1999.9000,-0.61387414,-1192.1875,594879.8125,41.466,604980.6875,1999.9000,
	2026/04/30 12:01:50	,	397397	,	2946	,10.308028,1999.9000,-0.61031961,-1192.3207,594968.6250,41.462,604946.8125,1999.9000,
	2026/04/30 12:01:50	,	398397	,	2947	,10.308647,1999.9000,-0.60679030,-1192.5313,594986.1875,41.458,604843.5625,1999.9000,
	2026/04/30 12:01:50	,	399397	,	2948	,10.312870,1999.9000,-0.60369575,-1192.7067,594998.0000,41.455,604810.6250,1999.9000,
	2026/04/30 12:01:50	,	400397	,	2949	,10.313242,1999.9000,-0.59801108,-1192.8529,595111.5625,41.452,604722.1250,1999.9000,
	2026/04/30 12:01:50	,	401397	,	2950	,10.313525,1999.9000,-0.59801108,-1192.9749,595376.6875,41.448,604722.1250,1999.9000,
	2026/04/30 12:01:50	,	402397	,	2951	,10.313823,1999.9000,-0.59117299,-1192.5790,595529.8750,41.443,604722.1250,1999.9000,
	2026/04/30 12:01:50	,	403397	,	2952	,10.314211,1999.9000,-0.58879697,-1192.2490,595529.8750,41.441,604722.1250,1999.9000,
	2026/04/30 12:01:50	,	404397	,	2953	,10.314528,1999.9000,-0.58879697,-1191.9741,595529.8750,41.441,604722.1250,1999.9000,
	2026/04/30 12:01:50	,	405397	,	2954	,10.314897,1999.9000,-0.58879697,-1192.2423,595529.8750,41.440,604724.2500,1999.9000,
	2026/04/30 12:01:50	,	406397	,	2955	,10.314897,1999.9000,-0.58879697,-1192.4659,595529.8750,41.443,604737.2500,1999.9000,
	2026/04/30 12:01:50	,	407397	,	2956	,10.315323,1999.9000,-0.58879697,-1192.6522,595414.2500,41.445,604860.5000,1999.9000,
	2026/04/30 12:01:50	,	408397	,	2957	,10.315768,1999.9000,-0.59120452,-1192.8076,595393.0625,41.447,604891.6250,1999.9000,
	2026/04/30 12:01:50	,	409397	,	2958	,10.316289,1999.9000,-0.59222549,-1192.9370,595383.6250,41.449,604996.3750,1999.9000,
	2026/04/30 12:01:50	,	410397	,	2959	,10.316812,1999.9000,-0.59493554,-1193.0448,595367.1250,41.450,605034.4375,1999.9000,
	2026/04/30 12:01:50	,	411397	,	2960	,10.317371,1999.9000,-0.59883666,-1193.1346,595094.8750,41.451,605034.4375,1999.9000,
	2026/04/30 12:01:50	,	412397	,	2961	,10.318002,1999.9000,-0.60506344,-1193.5079,594828.5625,41.448,605047.3125,1999.9000,
	2026/04/30 12:01:50	,	413397	,	2962	,10.318642,1999.9000,-0.60844147,-1193.8190,594828.5625,41.440,605053.7500,1999.9000,
	2026/04/30 12:01:50	,	414397	,	2963	,10.319280,1999.9000,-0.60844147,-1193.6803,594828.5625,41.433,605057.6875,1999.9000,
	2026/04/30 12:01:50	,	415397	,	2964	,10.319939,1999.9000,-0.60844147,-1193.4653,594828.5625,41.428,605062.3750,1999.9000,
	2026/04/30 12:01:50	,	416397	,	2965	,10.324041,1999.9000,-0.60844147,-1193.2861,594828.5625,41.424,605062.3750,1999.9000,
	2026/04/30 12:01:50	,	417397	,	2966	,10.324353,1999.9000,-0.60844153,-1193.1367,594932.2500,41.420,605050.1875,1999.9000,
	2026/04/30 12:01:50	,	418397	,	2967	,10.324927,1999.9000,-0.60585123,-1193.0125,594955.5000,41.419,604915.4375,1999.9000,
	2026/04/30 12:01:50	,	419397	,	2968	,10.324927,1999.9000,-0.60355717,-1192.9087,594969.0000,41.419,604884.0000,1999.9000,
	2026/04/30 12:01:50	,	420397	,	2969	,10.325674,1999.9000,-0.60261810,-1192.8223,594987.0625,41.420,604786.7500,1999.9000,
	2026/04/30 12:01:50	,	421397	,	2970	,10.325674,1999.9000,-0.59803629,-1192.6509,595255.8125,41.423,604753.2500,1999.9000,
	2026/04/30 12:01:50	,	422397	,	2971	,10.326073,1999.9000,-0.59100914,-1192.5079,595551.2500,41.427,604741.3125,1999.9000,
	2026/04/30 12:01:50	,	423397	,	2972	,10.326473,1999.9000,-0.58539367,-1192.3888,595551.2500,41.431,604735.3125,1999.9000,
	2026/04/30 12:01:50	,	424397	,	2973	,10.326927,1999.9000,-0.58539367,-1192.2897,595551.2500,41.431,604731.6875,1999.9000,
	2026/04/30 12:01:50	,	425397	,	2974	,10.327455,1999.9000,-0.58539367,-1192.2069,595551.2500,41.434,604729.3125,1999.9000,
	2026/04/30 12:01:50	,	426397	,	2975	,10.327997,1999.9000,-0.58539367,-1192.1381,595551.2500,41.436,604727.3125,1999.9000,
	2026/04/30 12:01:50	,	427397	,	2976	,10.328549,1999.9000,-0.58539367,-1192.2795,595450.0000,41.438,604736.5000,1999.9000,
	2026/04/30 12:01:50	,	428397	,	2977	,10.329100,1999.9000,-0.58560270,-1192.2980,595417.8125,41.438,604847.8125,1999.9000,
	2026/04/30 12:01:50	,	429397	,	2978	,10.329710,1999.9000,-0.58897340,-1192.2140,595398.1875,41.436,604876.4375,1999.9000,
	2026/04/30 12:01:50	,	430397	,	2979	,10.334021,1999.9000,-0.58997238,-1192.1439,595381.6250,41.435,604971.0000,1999.9000,
	2026/04/30 12:01:50	,	431397	,	2980	,10.334288,1999.9000,-0.59420443,-1191.8865,595177.6875,41.434,604999.6875,1999.9000,
	2026/04/30 12:01:50	,	432397	,	2981	,10.334605,1999.9000,-0.60118115,-1191.5725,594895.2500,41.430,605090.5625,1999.9000,
	2026/04/30 12:01:50	,	433397	,	2982	,10.334824,1999.9000,-0.60632390,-1191.2114,594895.2500,41.427,605090.5625,1999.9000,
	2026/04/30 12:01:50	,	434397	,	2983	,10.335026,1999.9000,-0.60632390,-1191.0100,594895.2500,41.424,605090.5625,1999.9000,
	2026/04/30 12:01:50	,	435397	,	2984	,10.335325,1999.9000,-0.60632390,-1190.9415,594895.2500,41.422,605090.5625,1999.9000,
	2026/04/30 12:01:50	,	436397	,	2985	,10.335732,1999.9000,-0.60632390,-1190.8846,594895.2500,41.434,605090.5625,1999.9000,
	2026/04/30 12:01:50	,	437397	,	2986	,10.336191,1999.9000,-0.60632396,-1190.8372,594897.5625,41.444,605078.8750,1999.9000,
	2026/04/30 12:01:50	,	438397	,	2987	,10.336722,1999.9000,-0.60291433,-1190.9965,594910.5000,41.452,604936.5625,1999.9000,
	2026/04/30 12:01:50	,	439397	,	2988	,10.337216,1999.9000,-0.60006559,-1191.1294,594991.2500,41.453,604903.6875,1999.9000,
	2026/04/30 12:01:50	,	440397	,	2989	,10.337722,1999.9000,-0.59750056,-1191.3395,594999.5625,41.454,604812.1875,1999.9000,
	2026/04/30 12:01:50	,	441397	,	2990	,10.338266,1999.9000,-0.59426111,-1191.5145,595152.0625,41.462,604781.0625,1999.9000,
	2026/04/30 12:01:50	,	442397	,	2991	,10.338855,1999.9000,-0.58747983,-1191.6605,595444.6250,41.469,604762.0625,1999.9000,
	2026/04/30 12:01:50	,	443397	,	2992	,10.339489,1999.9000,-0.58103245,-1191.7822,595472.0000,41.468,604752.5625,1999.9000,
	2026/04/30 12:01:50	,	444397	,	2993	,10.340112,1999.9000,-0.58043057,-1191.8835,595481.1875,41.466,604746.8750,1999.9000,
	2026/04/30 12:01:50	,	445397	,	2994	,10.340739,1999.9000,-0.58022994,-1191.9680,595485.7500,41.465,604743.0625,1999.9000,
	2026/04/30 12:01:50	,	446397	,	2995	,10.341367,1999.9000,-0.58012962,-1191.9390,595488.5000,41.463,604739.8750,1999.9000,
	2026/04/30 12:01:50	,	447397	,	2996	,10.341959,1999.9000,-0.58006948,-1192.0142,595490.3125,41.462,604747.5000,1999.9000,
	2026/04/30 12:01:50	,	448397	,	2997	,10.342582,1999.9000,-0.58002931,-1192.0768,595404.6875,41.463,604841.1250,1999.9000,
	2026/04/30 12:01:50	,	449397	,	2998	,10.343245,1999.9000,-0.58022171,-1192.1290,595384.1250,41.463,604863.8125,1999.9000,
	2026/04/30 12:01:50	,	450397	,	2999	,10.343897,1999.9000,-0.58053434,-1192.1726,595373.5625,41.461,604945.0625,1999.9000,
	2026/04/30 12:01:50	,	451397	,	3000	,10.344534,1999.9000,-0.58325720,-1192.2090,595264.0625,41.459,604982.4375,1999.9000,
	2026/04/30 12:01:50	,	452397	,	3001	,10.345194,1999.9000,-0.58787686,-1192.2391,595016.2500,41.457,605072.5000,1999.9000,
	2026/04/30 12:01:50	,	453397	,	3002	,10.345823,1999.9000,-0.59324014,-1192.2643,594858.3750,41.455,605072.5000,1999.9000,
	2026/04/30 12:01:50	,	454397	,	3003	,10.346437,1999.9000,-0.59324014,-1192.1858,594858.3750,41.449,605072.5000,1999.9000,
	2026/04/30 12:01:50	,	455397	,	3004	,10.347029,1999.9000,-0.59324014,-1192.1858,594858.3750,41.443,605072.5000,1999.9000,
	2026/04/30 12:01:50	,	456397	,	3005	,10.347651,1999.9000,-0.59324014,-1192.2198,594858.3750,41.439,605072.5000,1999.9000,
	2026/04/30 12:01:50	,	457397	,	3006	,10.348279,1999.9000,-0.59324014,-1192.2483,594858.3750,41.434,605061.0625,1999.9000,
	2026/04/30 12:01:50	,	458397	,	3007	,10.352281,1999.9000,-0.58971083,-1192.2916,594959.0000,41.427,604935.3750,1999.9000,
	2026/04/30 12:01:50	,	459397	,	3008	,10.352817,1999.9000,-0.58625078,-1192.2916,594981.9375,41.418,604913.0625,1999.9000,
	2026/04/30 12:01:50	,	460397	,	3009	,10.353173,1999.9000,-0.58318788,-1192.5208,594990.1875,41.411,604886.4375,1999.9000,
	2026/04/30 12:01:50	,	461397	,	3010	,10.353539,1999.9000,-0.58032662,-1192.5208,595087.7500,41.405,604769.2500,1999.9000,
	2026/04/30 12:01:50	,	462397	,	3011	,10.353859,1999.9000,-0.57453471,-1192.4990,595359.4375,41.401,604743.3125,1999.9000,
	2026/04/30 12:01:50	,	463397	,	3012	,10.354172,1999.9000,-0.56768399,-1192.4808,595532.8125,41.400,604734.6250,1999.9000,
	2026/04/30 12:01:50	,	464397	,	3013	,10.354576,1999.9000,-0.56677961,-1192.6647,595532.8125,41.399,604730.3125,1999.9000,
	2026/04/30 12:01:50	,	465397	,	3014	,10.355028,1999.9000,-0.56647813,-1192.8180,595532.8125,41.397,604727.6875,1999.9000,
	2026/04/30 12:01:50	,	466397	,	3015	,10.355523,1999.9000,-0.56632745,-1192.9457,595532.8125,41.398,604725.9375,1999.9000,
	2026/04/30 12:01:50	,	467397	,	3016	,10.356079,1999.9000,-0.56623703,-1193.0520,595532.8125,41.402,604727.3125,1999.9000,
	2026/04/30 12:01:50	,	468397	,	3017	,10.356653,1999.9000,-0.56617665,-1193.1407,595423.8125,41.405,604810.3125,1999.9000,
	2026/04/30 12:01:50	,	469397	,	3018	,10.357210,1999.9000,-0.56652766,-1193.2146,595392.5000,41.407,604840.5625,1999.9000,
	2026/04/30 12:01:50	,	470397	,	3019	,10.357749,1999.9000,-0.57016712,-1192.8782,595373.9375,41.413,604931.1250,1999.9000,
	2026/04/30 12:01:50	,	471397	,	3020	,10.358316,1999.9000,-0.57079113,-1192.6974,595287.9375,41.417,604961.6875,1999.9000,
	2026/04/30 12:01:50	,	472397	,	3021	,10.358899,1999.9000,-0.57488132,-1192.5468,595090.1250,41.422,605077.3125,1999.9000,
	2026/04/30 12:01:50	,	473397	,	3022	,10.359533,1999.9000,-0.58083707,-1192.3218,594824.3750,41.426,605077.3125,1999.9000,
	2026/04/30 12:01:50	,	474397	,	3023	,10.360186,1999.9000,-0.58098203,-1191.4377,594824.3750,41.431,605077.3125,1999.9000,
	2026/04/30 12:01:50	,	475397	,	3024	,10.364285,1999.9000,-0.58103037,-1191.3976,594824.3750,41.436,605077.3125,1999.9000,
	2026/04/30 12:01:50	,	476397	,	3025	,10.364613,1999.9000,-0.58105451,-1191.4636,594824.3750,41.439,605077.3125,1999.9000,
	2026/04/30 12:01:50	,	477397	,	3026	,10.364831,1999.9000,-0.58106899,-1190.7228,594824.3750,41.442,605076.8750,1999.9000,
	2026/04/30 12:01:50	,	478397	,	3027	,10.365074,1999.9000,-0.58107865,-1190.7023,594938.7500,41.444,604993.9375,1999.9000,
	2026/04/30 12:01:50	,	479397	,	3028	,10.365376,1999.9000,-0.57752830,-1190.8842,594966.5000,41.445,604960.7500,1999.9000,
	2026/04/30 12:01:50	,	480397	,	3029	,10.365631,1999.9000,-0.57475525,-1191.0358,594981.3125,41.445,604852.0000,1999.9000,
	2026/04/30 12:01:50	,	481397	,	3030	,10.365938,1999.9000,-0.57385403,-1191.1621,594997.0625,41.446,604817.5625,1999.9000,
	2026/04/30 12:01:50	,	482397	,	3031	,10.366319,1999.9000,-0.56978899,-1191.2673,595248.5625,41.446,604727.5625,1999.9000,
	2026/04/30 12:01:50	,	483397	,	3032	,10.366700,1999.9000,-0.56366938,-1191.3550,595548.8750,41.446,604727.5625,1999.9000,
	2026/04/30 12:01:50	,	484397	,	3033	,10.367162,1999.9000,-0.55858338,-1191.2291,595548.8750,41.446,604727.5625,1999.9000,
	2026/04/30 12:01:50	,	485397	,	3034	,10.367716,1999.9000,-0.55829346,-1191.1243,595548.8750,41.450,604727.5625,1999.9000,
	2026/04/30 12:01:50	,	486397	,	3035	,10.368336,1999.9000,-0.55819684,-1191.0367,595548.8750,41.455,604727.5625,1999.9000,
	2026/04/30 12:01:50	,	487397	,	3036	,10.368912,1999.9000,-0.55814850,-1190.9639,595548.8750,41.465,604728.0625,1999.9000,
	2026/04/30 12:01:50	,	488397	,	3037	,10.369452,1999.9000,-0.55811954,-1190.9033,595463.6875,41.473,604740.0625,1999.9000,
	2026/04/30 12:01:50	,	489397	,	3038	,10.369966,1999.9000,-0.55810016,-1190.6538,595429.4375,41.481,604852.0000,1999.9000,
	2026/04/30 12:01:50	,	490397	,	3039	,10.370488,1999.9000,-0.55842966,-1190.2468,595409.2500,41.489,604883.1250,1999.9000,
	2026/04/30 12:01:50	,	491397	,	3040	,10.371023,1999.9000,-0.56175983,-1189.7089,595394.8750,41.494,604983.6875,1999.9000,
	2026/04/30 12:01:50	,	492397	,	3041	,10.371572,1999.9000,-0.56429964,-1189.4594,595215.8125,41.497,605013.0000,1999.9000,
	2026/04/30 12:01:50	,	493397	,	3042	,10.372130,1999.9000,-0.57004112,-1189.4506,594928.6250,41.500,605035.8125,1999.9000,
	2026/04/30 12:01:50	,	494397	,	3043	,10.372745,1999.9000,-0.57011986,-1190.0400,594912.8750,41.502,605047.2500,1999.9000,
	2026/04/30 12:01:50	,	495397	,	3044	,10.373384,1999.9000,-0.57014614,-1190.5313,594907.6875,41.496,605054.1250,1999.9000,
	2026/04/30 12:01:50	,	496397	,	3045	,10.374018,1999.9000,-0.57015932,-1190.6421,594905.0625,41.491,605058.6875,1999.9000,
	2026/04/30 12:01:50	,	497397	,	3046	,10.374680,1999.9000,-0.57016718,-1190.3367,594903.4375,41.487,605062.5625,1999.9000,
	2026/04/30 12:01:50	,	498397	,	3047	,10.375291,1999.9000,-0.57017243,-1190.0820,594902.4375,41.483,605053.8750,1999.9000,
	2026/04/30 12:01:50	,	499397	,	3048	,10.379298,1999.9000,-0.56624079,-1190.1683,594914.8125,41.480,604929.3125,1999.9000,
	2026/04/30 12:01:50	,	500397	,	3049	,10.379761,1999.9000,-0.56300759,-1190.3396,595006.1250,41.483,604894.8750,1999.9000,
	2026/04/30 12:01:50	,	501397	,	3050	,10.380013,1999.9000,-0.56039214,-1190.4824,595012.6875,41.484,604787.3750,1999.9000,
	2026/04/30 12:01:50	,	502397	,	3051	,10.380155,1999.9000,-0.55750567,-1190.6014,595012.6875,41.486,604761.1875,1999.9000,
	2026/04/30 12:01:50	,	503397	,	3052	,10.380413,1999.9000,-0.55113399,-1190.7006,595440.4375,41.487,604739.5000,1999.9000,
	2026/04/30 12:01:50	,	504397	,	3053	,10.380714,1999.9000,-0.54494500,-1190.7832,595462.8125,41.488,604728.6875,1999.9000,
	2026/04/30 12:01:50	,	505397	,	3054	,10.381034,1999.9000,-0.54174972,-1190.9515,595470.2500,41.489,604722.1875,1999.9000,
	2026/04/30 12:01:50	,	506397	,	3055	,10.381471,1999.9000,-0.54174972,-1191.2908,595473.9375,41.490,604717.8750,1999.9000,
	2026/04/30 12:01:50	,	507397	,	3056	,10.381928,1999.9000,-0.54174972,-1191.5734,595476.1875,41.483,604714.1875,1999.9000,
	2026/04/30 12:01:50	,	508397	,	3057	,10.382447,1999.9000,-0.54174972,-1191.8091,595477.6875,41.477,604721.7500,1999.9000,
	2026/04/30 12:01:50	,	509397	,	3058	,10.382996,1999.9000,-0.54174972,-1191.9060,595465.5625,41.470,604820.6250,1999.9000,
	2026/04/30 12:01:50	,	510397	,	3059	,10.383556,1999.9000,-0.54401231,-1191.9867,595366.0000,41.465,604853.8125,1999.9000,
	2026/04/30 12:01:50	,	511397	,	3060	,10.384102,1999.9000,-0.54501122,-1192.0540,595360.9375,41.462,604964.3125,1999.9000,
	2026/04/30 12:01:50	,	512397	,	3061	,10.384686,1999.9000,-0.54803318,-1192.0105,595260.5625,41.460,604998.1875,1999.9000,
	2026/04/30 12:01:50	,	513397	,	3062	,10.385243,1999.9000,-0.55306250,-1191.7754,595009.1250,41.455,605104.5000,1999.9000,
	2026/04/30 12:01:50	,	514397	,	3063	,10.385753,1999.9000,-0.55840689,-1191.5793,594851.2500,41.450,605104.5000,1999.9000,
	2026/04/30 12:01:50	,	515397	,	3064	,10.386320,1999.9000,-0.55840689,-1191.4161,594851.2500,41.451,605104.5000,1999.9000,
	2026/04/30 12:01:50	,	516397	,	3065	,10.386883,1999.9000,-0.55840689,-1191.2800,594851.2500,41.452,605104.5000,1999.9000,
	2026/04/30 12:01:50	,	517397	,	3066	,10.387456,1999.9000,-0.55840689,-1191.1666,594851.2500,41.453,605104.5000,1999.9000,
	2026/04/30 12:01:50	,	518397	,	3067	,10.387988,1999.9000,-0.55840689,-1191.2710,594851.2500,41.455,605093.9375,1999.9000,
	2026/04/30 12:01:50	,	519397	,	3068	,10.388526,1999.9000,-0.55434185,-1191.3580,594941.1250,41.457,604968.6250,1999.9000,
	2026/04/30 12:01:50	,	520397	,	3069	,10.389109,1999.9000,-0.55040920,-1191.7290,594962.5625,41.457,604937.1875,1999.9000,
	2026/04/30 12:01:50	,	521397	,	3070	,10.389723,1999.9000,-0.54690504,-1192.0382,594975.6875,41.454,604839.3125,1999.9000,
	2026/04/30 12:01:50	,	522397	,	3071	,10.390343,1999.9000,-0.54368454,-1192.2958,595071.6250,41.451,604809.3750,1999.9000,
	2026/04/30 12:01:50	,	523397	,	3072	,10.390915,1999.9000,-0.53739476,-1192.6100,595323.6875,41.449,604718.5625,1999.9000,
	2026/04/30 12:01:50	,	524397	,	3073	,10.391461,1999.9000,-0.53032976,-1192.7723,595545.8750,41.447,604718.5625,1999.9000,
	2026/04/30 12:01:50	,	525397	,	3074	,10.392010,1999.9000,-0.52730465,-1192.9076,595545.8750,41.447,604718.5625,1999.9000,
	2026/04/30 12:01:50	,	526397	,	3075	,10.392592,1999.9000,-0.52730465,-1193.0204,595545.8750,41.450,604718.5625,1999.9000,
	2026/04/30 12:01:50	,	527397	,	3076	,10.393132,1999.9000,-0.52730465,-1193.1144,595545.8750,41.456,604718.5625,1999.9000,
	2026/04/30 12:01:50	,	528397	,	3077	,10.393690,1999.9000,-0.52730465,-1192.9937,595545.8750,41.461,604727.3125,1999.9000,
	2026/04/30 12:01:50	,	529397	,	3078	,10.394260,1999.9000,-0.52730465,-1192.6942,595430.3125,41.465,604839.3125,1999.9000,
	2026/04/30 12:01:50	,	530397	,	3079	,10.394850,1999.9000,-0.53008395,-1192.2456,595405.0000,41.468,604862.3125,1999.9000,
	2026/04/30 12:01:50	,	531397	,	3080	,10.395466,1999.9000,-0.53261125,-1191.8718,595394.3125,41.471,604889.2500,1999.9000,
	2026/04/30 12:01:50	,	532397	,	3081	,10.396102,1999.9000,-0.53364170,-1191.5603,595394.3125,41.473,605023.5625,1999.9000,
	2026/04/30 12:01:50	,	533397	,	3082	,10.396728,1999.9000,-0.53898925,-1191.3008,595376.9375,41.475,605108.6875,1999.9000,
	2026/04/30 12:01:50	,	534397	,	3083	,10.397303,1999.9000,-0.54491985,-1191.0845,595128.2500,41.476,605108.6875,1999.9000,
	2026/04/30 12:01:50	,	535397	,	3084	,10.397872,1999.9000,-0.54491985,-1190.9042,594845.2500,41.473,605108.6875,1999.9000,
	2026/04/30 12:01:50	,	536397	,	3085	,10.398451,1999.9000,-0.54491985,-1190.7540,594845.2500,41.470,605108.6875,1999.9000,
	2026/04/30 12:01:50	,	537397	,	3086	,10.399067,1999.9000,-0.54491985,-1190.8279,594845.2500,41.468,605108.6875,1999.9000,
	2026/04/30 12:01:50	,	538397	,	3087	,10.399680,1999.9000,-0.54491985,-1190.8893,594845.2500,41.466,605101.2500,1999.9000,
	2026/04/30 12:01:50	,	539397	,	3088	,10.400249,1999.9000,-0.54461098,-1190.9406,594845.2500,41.465,604983.0625,1999.9000,
	2026/04/30 12:01:50	,	540397	,	3089	,10.400828,1999.9000,-0.53978968,-1191.2816,594857.2500,41.462,604952.5625,1999.9000,
	2026/04/30 12:01:50	,	541397	,	3090	,10.401416,1999.9000,-0.53683382,-1191.5659,594973.3750,41.459,604856.8125,1999.9000,
	2026/04/30 12:01:50	,	542397	,	3091	,10.402020,1999.9000,-0.53397894,-1192.0017,594986.5000,41.457,604823.0000,1999.9000,
	2026/04/30 12:01:50	,	543397	,	3092	,10.402587,1999.9000,-0.52880460,-1192.3649,595000.9375,41.456,604736.6875,1999.9000,
	2026/04/30 12:01:50	,	544397	,	3093	,10.403174,1999.9000,-0.52081323,-1192.5680,595211.6875,41.454,604733.0625,1999.9000,
	2026/04/30 12:01:50	,	545397	,	3094	,10.403723,1999.9000,-0.51443523,-1192.7373,595510.1875,41.453,604731.8750,1999.9000,
	2026/04/30 12:01:50	,	546397	,	3095	,10.404308,1999.9000,-0.51213479,-1192.8783,595510.1875,41.451,604731.3125,1999.9000,
	2026/04/30 12:01:50	,	547397	,	3096	,10.404876,1999.9000,-0.51213479,-1192.9960,595510.1875,41.449,604730.9375,1999.9000,
	2026/04/30 12:01:50	,	548397	,	3097	,10.405464,1999.9000,-0.51213479,-1193.0939,595510.1875,41.442,604730.6875,1999.9000,
	2026/04/30 12:01:50	,	549397	,	3098	,10.406088,1999.9000,-0.51213479,-1193.1755,595510.1875,41.437,604813.3750,1999.9000,
	2026/04/30 12:01:50	,	550397	,	3099	,10.406687,1999.9000,-0.51213479,-1193.2437,595501.7500,41.433,604844.5000,1999.9000,
	2026/04/30 12:01:50	,	551397	,	3100	,10.407286,1999.9000,-0.51243210,-1192.9025,595394.0000,41.433,604930.5625,1999.9000,
	2026/04/30 12:01:50	,	552397	,	3101	,10.407853,1999.9000,-0.51554441,-1192.5187,595386.0000,41.429,604965.0000,1999.9000,
	2026/04/30 12:01:50	,	553397	,	3102	,10.408417,1999.9000,-0.51889098,-1192.1989,595376.9375,41.426,605072.5000,1999.9000,
	2026/04/30 12:01:50	,	554397	,	3103	,10.408955,1999.9000,-0.52559668,-1191.9324,595225.3750,41.428,605073.7500,1999.9000,
	2026/04/30 12:01:50	,	555397	,	3104	,10.409518,1999.9000,-0.52624583,-1191.7102,594949.5000,41.436,605074.1250,1999.9000,
	2026/04/30 12:01:50	,	556397	,	3105	,10.410067,1999.9000,-0.52646226,-1191.5251,594925.9375,41.442,605074.3125,1999.9000,
	2026/04/30 12:01:50	,	557397	,	3106	,10.410604,1999.9000,-0.52657044,-1191.3710,594914.2500,41.452,605074.4375,1999.9000,
	2026/04/30 12:01:50	,	558397	,	3107	,10.411200,1999.9000,-0.52663535,-1190.9440,594914.2500,41.452,605074.5000,1999.9000,
	2026/04/30 12:01:50	,	559397	,	3108	,10.411812,1999.9000,-0.52667862,-1190.5881,594911.9375,41.456,605061.5625,1999.9000,
	2026/04/30 12:01:50	,	560397	,	3109	,10.412410,1999.9000,-0.52342236,-1190.5901,594910.3750,41.459,604932.3750,1999.9000,
	2026/04/30 12:01:50	,	561397	,	3110	,10.412953,1999.9000,-0.52072501,-1190.4922,594923.0000,41.462,604903.0625,1999.9000,
	2026/04/30 12:01:50	,	562397	,	3111	,10.413441,1999.9000,-0.51843721,-1190.4106,595004.9375,41.463,604806.1250,1999.9000,
	2026/04/30 12:01:50	,	563397	,	3112	,10.413918,1999.9000,-0.51509696,-1190.3428,595005.1875,41.463,604776.2500,1999.9000,
	2026/04/30 12:01:50	,	564397	,	3113	,10.414423,1999.9000,-0.50797528,-1190.2861,595119.3125,41.461,604776.2500,1999.9000,
	2026/04/30 12:01:50	,	565397	,	3114	,10.414958,1999.9000,-0.50133252,-1190.2389,595404.1250,41.458,604763.6250,1999.9000,
	2026/04/30 12:01:50	,	566397	,	3115	,10.415515,1999.9000,-0.49811202,-1190.1995,595510.1875,41.457,604757.3125,1999.9000,
	2026/04/30 12:01:50	,	567397	,	3116	,10.416067,1999.9000,-0.49811202,-1190.2662,595510.1875,41.454,604753.5625,1999.9000,
	2026/04/30 12:01:50	,	568397	,	3117	,10.416651,1999.9000,-0.49811202,-1190.2224,595510.1875,41.453,604751.0000,1999.9000,
	2026/04/30 12:01:50	,	569397	,	3118	,10.417302,1999.9000,-0.49811202,-1190.1859,595510.1875,41.450,604748.9375,1999.9000,
	2026/04/30 12:01:50	,	570397	,	3119	,10.417879,1999.9000,-0.49811202,-1189.9564,595510.1875,41.448,604758.4375,1999.9000,
	2026/04/30 12:01:50	,	571397	,	3120	,10.418464,1999.9000,-0.49841559,-1189.7653,595405.9375,41.447,604855.0625,1999.9000,
	2026/04/30 12:01:50	,	572397	,	3121	,10.419011,1999.9000,-0.50140822,-1189.4069,595386.0000,41.445,604881.8750,1999.9000,
	2026/04/30 12:01:50	,	573397	,	3122	,10.419486,1999.9000,-0.50231260,-1189.0089,595375.5625,41.444,604979.5000,1999.9000,
	2026/04/30 12:01:50	,	574397	,	3123	,10.419937,1999.9000,-0.50854248,-1188.6771,595287.9375,41.445,605015.7500,1999.9000,
	2026/04/30 12:01:50	,	575397	,	3124	,10.420458,1999.9000,-0.51221675,-1188.4009,595062.1250,41.447,605105.7500,1999.9000,
	2026/04/30 12:01:50	,	576397	,	3125	,10.421000,1999.9000,-0.51221675,-1188.1704,594858.3750,41.448,605105.7500,1999.9000,
	2026/04/30 12:01:50	,	577397	,	3126	,10.421576,1999.9000,-0.51221675,-1187.9785,594858.3750,41.450,605105.7500,1999.9000,
	2026/04/30 12:01:50	,	578397	,	3127	,10.422159,1999.9000,-0.51221675,-1187.8185,594858.3750,41.451,605105.7500,1999.9000,
	2026/04/30 12:01:50	,	579397	,	3128	,10.422716,1999.9000,-0.51221675,-1187.7847,594858.3750,41.452,605105.7500,1999.9000,
	2026/04/30 12:01:50	,	580397	,	3129	,10.423220,1999.9000,-0.50720638,-1187.7565,594858.3750,41.453,605092.9375,1999.9000,
	2026/04/30 12:01:50	,	581397	,	3130	,10.423759,1999.9000,-0.50307202,-1187.9319,594967.3750,41.446,604949.2500,1999.9000,
	2026/04/30 12:01:50	,	582397	,	3131	,10.424332,1999.9000,-0.50019181,-1188.2771,594984.0625,41.440,604914.2500,1999.9000,
	2026/04/30 12:01:50	,	583397	,	3132	,10.424873,1999.9000,-0.49789146,-1188.7637,594992.1875,41.435,604810.9375,1999.9000,
	2026/04/30 12:01:50	,	584397	,	3133	,10.425410,1999.9000,-0.49282435,-1189.1692,595008.7500,41.431,604780.6875,1999.9000,
	2026/04/30 12:01:50	,	585397	,	3134	,10.425938,1999.9000,-0.49282435,-1189.5071,595292.6875,41.428,604694.3750,1999.9000,
	2026/04/30 12:01:50	,	586397	,	3135	,10.426435,1999.9000,-0.48688748,-1190.0872,595562.6250,41.425,604694.3750,1999.9000,
	2026/04/30 12:01:50	,	587397	,	3136	,10.426887,1999.9000,-0.48251367,-1190.9684,595562.6250,41.429,604694.3750,1999.9000,
	2026/04/30 12:01:50	,	588397	,	3137	,10.427375,1999.9000,-0.48251367,-1191.7026,595562.6250,41.429,604694.3750,1999.9000,
	2026/04/30 12:01:50	,	589397	,	3138	,10.427921,1999.9000,-0.48251367,-1192.3147,595562.6250,41.434,604694.3750,1999.9000,
	2026/04/30 12:01:50	,	590397	,	3139	,10.428486,1999.9000,-0.48251367,-1192.8246,595562.6250,41.438,604703.3125,1999.9000,
	2026/04/30 12:01:50	,	591397	,	3140	,10.429031,1999.9000,-0.48251367,-1193.2496,595433.3125,41.442,604814.0000,1999.9000,
	2026/04/30 12:01:50	,	592397	,	3141	,10.429520,1999.9000,-0.48278883,-1193.2059,595400.5625,41.446,604845.0625,1999.9000,
	2026/04/30 12:01:50	,	593397	,	3142	,10.430041,1999.9000,-0.48550096,-1193.1693,595382.2500,41.451,604944.4375,1999.9000,
	2026/04/30 12:01:50	,	594397	,	3143	,10.430635,1999.9000,-0.48610914,-1192.9401,595366.6875,41.455,604980.6875,1999.9000,
	2026/04/30 12:01:50	,	595397	,	3144	,10.431189,1999.9000,-0.49081388,-1192.3511,595156.8750,41.460,605100.8750,1999.9000,
	2026/04/30 12:01:50	,	596397	,	3145	,10.431730,1999.9000,-0.49707213,-1191.6613,594877.3750,41.463,605100.8750,1999.9000,
	2026/04/30 12:01:50	,	597397	,	3146	,10.432276,1999.9000,-0.49707213,-1190.9869,594877.3750,41.463,605100.8750,1999.9000,
	2026/04/30 12:01:50	,	598397	,	3147	,10.432799,1999.9000,-0.49707213,-1190.4250,594877.3750,41.464,605100.8750,1999.9000,
	2026/04/30 12:01:50	,	599397	,	3148	,10.433295,1999.9000,-0.49707213,-1189.9568,594877.3750,41.464,605100.8750,1999.9000,
	2026/04/30 12:01:50	,	600397	,	3149	,10.433749,1999.9000,-0.49707213,-1189.6661,594877.3750,41.461,605095.8125,1999.9000,
	2026/04/30 12:01:50	,	601397	,	3150	,10.434262,1999.9000,-0.49680746,-1189.6228,594882.6875,41.459,604979.5000,1999.9000,
	2026/04/30 12:01:50	,	602397	,	3151	,10.434778,1999.9000,-0.49214998,-1189.8850,594966.7500,41.457,604939.3125,1999.9000,
	2026/04/30 12:01:50	,	603397	,	3152	,10.435257,1999.9000,-0.48930761,-1190.7004,594972.7500,41.451,604824.8750,1999.9000,
	2026/04/30 12:01:50	,	604397	,	3153	,10.435727,1999.9000,-0.48686227,-1191.3800,594983.6875,41.446,604791.5625,1999.9000,
	2026/04/30 12:01:50	,	605397	,	3154	,10.435727,1999.9000,-0.48187080,-1191.9463,595178.3125,41.441,604704.0000,1999.9000,
	2026/04/30 12:01:50	,	606397	,	3155	,10.436192,1999.9000,-0.47444662,-1192.4182,595481.0000,41.441,604704.0000,1999.9000,
	2026/04/30 12:01:50	,	607397	,	3156	,10.436684,1999.9000,-0.46876815,-1192.2145,595486.0625,41.437,604704.0000,1999.9000,
	2026/04/30 12:01:50	,	608397	,	3157	,10.437188,1999.9000,-0.46876815,-1191.6470,595487.7500,41.438,604704.0000,1999.9000,
	2026/04/30 12:01:50	,	609397	,	3158	,10.437668,1999.9000,-0.46876815,-1191.1740,595488.6250,41.438,604704.0000,1999.9000,
	2026/04/30 12:01:50	,	610397	,	3159	,10.438231,1999.9000,-0.46876815,-1190.3820,595489.0625,41.438,604710.3750,1999.9000,
	2026/04/30 12:01:50	,	611397	,	3160	,10.438766,1999.9000,-0.46876815,-1189.7220,595489.3750,41.438,604812.7500,1999.9000,
	2026/04/30 12:01:50	,	612397	,	3161	,10.439265,1999.9000,-0.46894041,-1189.1720,595407.0625,41.444,604844.1875,1999.9000,
	2026/04/30 12:01:50	,	613397	,	3162	,10.439786,1999.9000,-0.47151601,-1188.7136,595392.8125,41.449,604930.5625,1999.9000,
	2026/04/30 12:01:50	,	614397	,	3163	,10.440299,1999.9000,-0.47208950,-1188.5305,595383.3125,41.457,604962.9375,1999.9000,
	2026/04/30 12:01:50	,	615397	,	3164	,10.440886,1999.9000,-0.47551799,-1188.3781,595236.6875,41.466,605068.2500,1999.9000,
	2026/04/30 12:01:50	,	616397	,	3165	,10.441424,1999.9000,-0.48156199,-1188.4498,594971.5625,41.474,605068.2500,1999.9000,
	2026/04/30 12:01:50	,	617397	,	3166	,10.441874,1999.9000,-0.48196849,-1188.5098,594875.0000,41.477,605068.2500,1999.9000,
	2026/04/30 12:01:50	,	618397	,	3167	,10.442347,1999.9000,-0.48210400,-1188.6592,594875.0000,41.480,605068.2500,1999.9000,
	2026/04/30 12:01:50	,	619397	,	3168	,10.442806,1999.9000,-0.48217174,-1188.7837,594875.0000,41.483,605068.2500,1999.9000,
	2026/04/30 12:01:50	,	620397	,	3169	,10.443253,1999.9000,-0.48221239,-1188.9868,594875.0000,41.485,605068.2500,1999.9000,
	2026/04/30 12:01:50	,	621397	,	3170	,10.443735,1999.9000,-0.48223951,-1189.1561,594875.0000,41.487,605055.7500,1999.9000,
	2026/04/30 12:01:50	,	622397	,	3171	,10.444250,1999.9000,-0.47883937,-1189.3969,594887.1875,41.486,604927.5625,1999.9000,
	2026/04/30 12:01:50	,	623397	,	3172	,10.444739,1999.9000,-0.47606632,-1189.5974,594979.3125,41.486,604896.4375,1999.9000,
	2026/04/30 12:01:50	,	624397	,	3173	,10.445276,1999.9000,-0.47376597,-1189.7645,594988.1875,41.484,604801.3125,1999.9000,
	2026/04/30 12:01:50	,	625397	,	3174	,10.445779,1999.9000,-0.47012317,-1189.8042,595099.0625,41.483,604772.3125,1999.9000,
	2026/04/30 12:01:50	,	626397	,	3175	,10.446232,1999.9000,-0.46246576,-1189.8373,595375.5625,41.481,604762.4375,1999.9000,
	2026/04/30 12:01:50	,	627397	,	3176	,10.446673,1999.9000,-0.45541343,-1189.8649,595512.0000,41.476,604757.5625,1999.9000,
	2026/04/30 12:01:50	,	628397	,	3177	,10.447102,1999.9000,-0.45446804,-1189.8879,595512.0000,41.471,604754.6250,1999.9000,
	2026/04/30 12:01:50	,	629397	,	3178	,10.447587,1999.9000,-0.45415294,-1189.9070,595512.0000,41.467,604752.6875,1999.9000,
	2026/04/30 12:01:50	,	630397	,	3179	,10.448086,1999.9000,-0.45390084,-1189.9230,595512.0000,41.464,604759.6875,1999.9000,
	2026/04/30 12:01:50	,	631397	,	3180	,10.448532,1999.9000,-0.45390084,-1189.9364,595512.0000,41.461,604759.6875,1999.9000,
	2026/04/30 12:01:50	,	632397	,	3181	,10.448929,1999.9000,-0.45383781,-1189.9475,595417.8125,41.459,604856.8125,1999.9000,
	2026/04/30 12:01:50	,	633397	,	3182	,10.449402,1999.9000,-0.45404577,-1189.9567,595398.4375,41.457,604886.6875,1999.9000,
	2026/04/30 12:01:50	,	634397	,	3183	,10.449883,1999.9000,-0.45438823,-1189.7655,595385.6875,41.455,604982.4375,1999.9000,
	2026/04/30 12:01:50	,	635397	,	3184	,10.450337,1999.9000,-0.45801631,-1189.6061,595301.0625,41.456,605013.0000,1999.9000,
	2026/04/30 12:01:50	,	636397	,	3185	,10.450790,1999.9000,-0.46400359,-1189.0753,595074.0625,41.462,605037.2500,1999.9000,
	2026/04/30 12:01:50	,	637397	,	3186	,10.451316,1999.9000,-0.47011057,-1188.4342,594825.0000,41.467,605049.3750,1999.9000,
	2026/04/30 12:01:50	,	638397	,	3187	,10.451759,1999.9000,-0.47011057,-1187.7009,594825.0000,41.472,605056.6875,1999.9000,
	2026/04/30 12:01:50	,	639397	,	3188	,10.452168,1999.9000,-0.47011057,-1187.0900,594825.0000,41.477,605061.5000,1999.9000,
	2026/04/30 12:01:50	,	640397	,	3189	,10.452620,1999.9000,-0.47011057,-1186.5807,594825.0000,41.481,605065.5000,1999.9000,
	2026/04/30 12:01:50	,	641397	,	3190	,10.453080,1999.9000,-0.47011057,-1186.1564,594825.0000,41.486,605053.2500,1999.9000,
	2026/04/30 12:01:50	,	642397	,	3191	,10.453602,1999.9000,-0.46598250,-1185.8026,594932.8750,41.492,604917.8750,1999.9000,
	2026/04/30 12:01:50	,	643397	,	3192	,10.454136,1999.9000,-0.46274310,-1185.5079,594952.1875,41.497,604886.4375,1999.9000,
	2026/04/30 12:01:50	,	644397	,	3193	,10.454631,1999.9000,-0.46030408,-1185.4613,594962.6250,41.501,604785.5625,1999.9000,
	2026/04/30 12:01:50	,	645397	,	3194	,10.455099,1999.9000,-0.45785874,-1185.6213,594981.7500,41.504,604761.1875,1999.9000,
	2026/04/30 12:01:50	,	646397	,	3195	,10.455492,1999.9000,-0.45166978,-1185.7548,595277.1875,41.502,604737.5000,1999.9000,
	2026/04/30 12:01:50	,	647397	,	3196	,10.455860,1999.9000,-0.44478759,-1185.8660,595569.1250,41.498,604725.6875,1999.9000,
	2026/04/30 12:01:50	,	648397	,	3197	,10.456265,1999.9000,-0.44067845,-1186.1575,595569.1250,41.494,604718.5625,1999.9000,
	2026/04/30 12:01:50	,	649397	,	3198	,10.456714,1999.9000,-0.44067845,-1186.6989,595569.1250,41.491,604713.8750,1999.9000,
	2026/04/30 12:01:50	,	650397	,	3199	,10.457156,1999.9000,-0.44067845,-1186.8517,595569.1250,41.481,604709.8750,1999.9000,
	2026/04/30 12:01:50	,	651397	,	3200	,10.457620,1999.9000,-0.44067845,-1186.9789,595569.1250,41.472,604717.5625,1999.9000,
	2026/04/30 12:01:50	,	652397	,	3201	,10.458056,1999.9000,-0.44067845,-1186.8860,595455.9375,41.465,604817.5625,1999.9000,
	2026/04/30 12:01:50	,	653397	,	3202	,10.458504,1999.9000,-0.44094422,-1186.8087,595419.3125,41.459,604846.8750,1999.9000,
	2026/04/30 12:01:50	,	654397	,	3203	,10.459006,1999.9000,-0.44310486,-1186.7443,595398.5625,41.456,604937.8125,1999.9000,
	2026/04/30 12:01:50	,	655397	,	3204	,10.459464,1999.9000,-0.44330025,-1186.8894,595380.4375,41.453,604974.0625,1999.9000,
	2026/04/30 12:01:50	,	656397	,	3205	,10.459867,1999.9000,-0.44693670,-1186.8114,595169.3750,41.450,605090.5625,1999.9000,
	2026/04/30 12:01:50	,	657397	,	3206	,10.460305,1999.9000,-0.45215511,-1186.7465,594884.0000,41.448,605090.5625,1999.9000,
	2026/04/30 12:01:50	,	658397	,	3207	,10.460735,1999.9000,-0.45215511,-1186.6924,594884.0000,41.451,605090.5625,1999.9000,
	2026/04/30 12:01:50	,	659397	,	3208	,10.461119,1999.9000,-0.45215511,-1186.6473,594884.0000,41.454,605090.5625,1999.9000,
	2026/04/30 12:01:50	,	660397	,	3209	,10.461517,1999.9000,-0.45215511,-1186.6097,594884.0000,41.451,605090.5625,1999.9000,
	2026/04/30 12:01:50	,	661397	,	3210	,10.461900,1999.9000,-0.45215511,-1186.5784,594884.0000,41.449,605080.1250,1999.9000,
	2026/04/30 12:01:50	,	662397	,	3211	,10.462232,1999.9000,-0.44958374,-1186.6519,594884.5625,41.447,604955.9375,1999.9000,
	2026/04/30 12:01:50	,	663397	,	3212	,10.462600,1999.9000,-0.44599137,-1186.8125,594895.4375,41.446,604926.9375,1999.9000,
	2026/04/30 12:01:50	,	664397	,	3213	,10.463050,1999.9000,-0.44286537,-1186.9463,594907.5625,41.445,604829.6875,1999.9000,
	2026/04/30 12:01:50	,	665397	,	3214	,10.463524,1999.9000,-0.43994737,-1187.2568,594996.6250,41.436,604792.8125,1999.9000,
	2026/04/30 12:01:50	,	666397	,	3215	,10.463988,1999.9000,-0.43440127,-1187.6150,595169.3750,41.429,604695.6250,1999.9000,
	2026/04/30 12:01:50	,	667397	,	3216	,10.464405,1999.9000,-0.42675650,-1188.1124,595464.3125,41.423,604695.6250,1999.9000,
	2026/04/30 12:01:50	,	668397	,	3217	,10.464822,1999.9000,-0.42149401,-1188.6265,595470.3125,41.418,604695.6250,1999.9000,
	2026/04/30 12:01:50	,	669397	,	3218	,10.465244,1999.9000,-0.42149401,-1189.1543,595472.3125,41.418,604695.6250,1999.9000,
	2026/04/30 12:01:50	,	670397	,	3219	,10.465639,1999.9000,-0.42149401,-1189.5941,595473.3125,41.420,604695.6250,1999.9000,
	2026/04/30 12:01:50	,	671397	,	3220	,10.466014,1999.9000,-0.42149401,-1189.9607,595473.8750,41.421,604701.5000,1999.9000,
	2026/04/30 12:01:50	,	672397	,	3221	,10.466420,1999.9000,-0.42149401,-1190.2662,595474.2500,41.433,604797.6250,1999.9000,
	2026/04/30 12:01:50	,	673397	,	3222	,10.466844,1999.9000,-0.42178079,-1190.4213,595380.8750,41.443,604825.1250,1999.9000,
	2026/04/30 12:01:50	,	674397	,	3223	,10.467251,1999.9000,-0.42463890,-1190.4213,595364.7500,41.452,604918.4375,1999.9000,
	2026/04/30 12:01:50	,	675397	,	3224	,10.467675,1999.9000,-0.42528176,-1190.2520,595355.2500,41.459,604951.4375,1999.9000,
	2026/04/30 12:01:50	,	676397	,	3225	,10.468454,1999.9000,-0.42943498,-1190.1110,595234.3125,41.464,605064.6250,1999.9000,
	2026/04/30 12:01:50	,	677397	,	3226	,10.468454,1999.9000,-0.43615335,-1189.5956,594978.1250,41.469,605064.6250,1999.9000,
	2026/04/30 12:01:50	,	678397	,	3227	,10.468823,1999.9000,-0.43695688,-1189.1661,594848.8125,41.473,605064.6250,1999.9000,
	2026/04/30 12:01:50	,	679397	,	3228	,10.469194,1999.9000,-0.43722475,-1188.7087,594848.8125,41.473,605064.6250,1999.9000,
	2026/04/30 12:01:50	,	680397	,	3229	,10.469592,1999.9000,-0.43735871,-1188.3276,594848.8125,41.477,605064.6250,1999.9000,
	2026/04/30 12:01:50	,	681397	,	3230	,10.470037,1999.9000,-0.43743905,-1188.0100,594848.8125,41.476,605062.8750,1999.9000,
	2026/04/30 12:01:50	,	682397	,	3231	,10.470474,1999.9000,-0.43749261,-1187.7452,594848.8125,41.472,604966.1875,1999.9000,
	2026/04/30 12:01:50	,	683397	,	3232	,10.470922,1999.9000,-0.43402314,-1187.6243,594944.7500,41.465,604933.2500,1999.9000,
	2026/04/30 12:01:50	,	684397	,	3233	,10.471340,1999.9000,-0.43094128,-1187.5232,594961.6875,41.459,604845.3750,1999.9000,
	2026/04/30 12:01:50	,	685397	,	3234	,10.471704,1999.9000,-0.42816824,-1187.4392,594970.3750,41.454,604814.3125,1999.9000,
	2026/04/30 12:01:50	,	686397	,	3235	,10.472075,1999.9000,-0.42407799,-1187.3691,595074.6250,41.450,604720.9375,1999.9000,
	2026/04/30 12:01:50	,	687397	,	3236	,10.472440,1999.9000,-0.41674203,-1187.4102,595346.9375,41.451,604720.9375,1999.9000,
	2026/04/30 12:01:50	,	688397	,	3237	,10.472834,1999.9000,-0.41060349,-1187.4445,595510.7500,41.452,604720.9375,1999.9000,
	2026/04/30 12:01:50	,	689397	,	3238	,10.473196,1999.9000,-0.41038290,-1187.4730,595510.7500,41.453,604720.9375,1999.9000,
	2026/04/30 12:01:50	,	690397	,	3239	,10.473593,1999.9000,-0.41030940,-1187.9941,595510.7500,41.461,604720.9375,1999.9000,
	2026/04/30 12:01:50	,	691397	,	3240	,10.474057,1999.9000,-0.41027263,-1189.0253,595510.7500,41.468,604721.2500,1999.9000,
	2026/04/30 12:01:50	,	692397	,	3241	,10.474455,1999.9000,-0.41025054,-1189.8844,595510.7500,41.474,604732.3750,1999.9000,
	2026/04/30 12:01:50	,	693397	,	3242	,10.474874,1999.9000,-0.41023582,-1190.6006,595398.7500,41.479,604841.7500,1999.9000,
	2026/04/30 12:01:50	,	694397	,	3243	,10.475285,1999.9000,-0.41042319,-1191.1973,595377.9375,41.483,604871.6250,1999.9000,
	2026/04/30 12:01:50	,	695397	,	3244	,10.475675,1999.9000,-0.41075051,-1191.4956,595368.9375,41.486,604971.6250,1999.9000,
	2026/04/30 12:01:50	,	696397	,	3245	,10.476055,1999.9000,-0.41432822,-1190.8489,595355.3125,41.489,605006.3125,1999.9000,
	2026/04/30 12:01:50	,	697397	,	3246	,10.476461,1999.9000,-0.42017052,-1191.2053,595111.5625,41.490,605019.5000,1999.9000,
	2026/04/30 12:01:50	,	698397	,	3247	,10.476885,1999.9000,-0.42412841,-1191.5023,594824.3750,41.487,605026.1250,1999.9000,
	2026/04/30 12:01:50	,	699397	,	3248	,10.477242,1999.9000,-0.42412841,-1191.7498,594824.3750,41.482,605030.0625,1999.9000,
	2026/04/30 12:01:50	,	700397	,	3249	,10.477560,1999.9000,-0.42412841,-1191.5580,594824.3750,41.478,605032.7500,1999.9000,
	2026/04/30 12:01:50	,	701397	,	3250	,10.477874,1999.9000,-0.42412841,-1191.3983,594824.3750,41.474,605034.9375,1999.9000,
	2026/04/30 12:01:50	,	702397	,	3251	,10.478221,1999.9000,-0.42412841,-1191.2651,594824.3750,41.471,605026.3125,1999.9000,
	2026/04/30 12:01:50	,	703397	,	3252	,10.478584,1999.9000,-0.41996884,-1191.1543,594927.5000,41.464,604920.3125,1999.9000,
	2026/04/30 12:01:50	,	704397	,	3253	,10.478908,1999.9000,-0.41650251,-1191.1614,594954.5625,41.454,604887.9375,1999.9000,
	2026/04/30 12:01:50	,	705397	,	3254	,10.479285,1999.9000,-0.41372317,-1191.1672,594969.5625,41.445,604784.3750,1999.9000,
	2026/04/30 12:01:50	,	706397	,	3255	,10.479710,1999.9000,-0.41064131,-1191.1721,594986.6250,41.438,604755.3750,1999.9000,
	2026/04/30 12:01:50	,	707397	,	3256	,10.480067,1999.9000,-0.40401122,-1191.1761,595243.2500,41.432,604738.6250,1999.9000,
	2026/04/30 12:01:50	,	708397	,	3257	,10.480371,1999.9000,-0.39712903,-1191.4779,595540.0000,41.427,604730.3125,1999.9000,
	2026/04/30 12:01:50	,	709397	,	3258	,10.480644,1999.9000,-0.39245898,-1191.7294,595540.0000,41.429,604725.3125,1999.9000,
	2026/04/30 12:01:50	,	710397	,	3259	,10.480961,1999.9000,-0.39245898,-1191.9391,595540.0000,41.432,604721.9375,1999.9000,
	2026/04/30 12:01:50	,	711397	,	3260	,10.481315,1999.9000,-0.39245898,-1191.9148,595540.0000,41.436,604719.1875,1999.9000,
	2026/04/30 12:01:50	,	712397	,	3261	,10.481664,1999.9000,-0.39245898,-1192.0935,595540.0000,41.441,604729.1250,1999.9000,
	2026/04/30 12:01:50	,	713397	,	3262	,10.482010,1999.9000,-0.39245898,-1192.2423,595445.8125,41.448,604835.1250,1999.9000,
	2026/04/30 12:01:50	,	714397	,	3263	,10.482376,1999.9000,-0.39270160,-1192.1675,595411.2500,41.457,604864.6875,1999.9000,
	2026/04/30 12:01:50	,	715397	,	3264	,10.482742,1999.9000,-0.39510593,-1192.0057,595395.7500,41.471,604958.9375,1999.9000,
	2026/04/30 12:01:50	,	716397	,	3265	,10.483108,1999.9000,-0.39568260,-1191.6589,595383.8750,41.500,604991.2500,1999.9000,
	2026/04/30 12:01:50	,	717397	,	3266	,10.483460,1999.9000,-0.40060160,-1191.6589,595209.3125,41.500,605082.7500,1999.9000,
	2026/04/30 12:01:50	,	718397	,	3267	,10.483809,1999.9000,-0.40607211,-1191.2834,594932.2500,41.511,605082.7500,1999.9000,
	2026/04/30 12:01:50	,	719397	,	3268	,10.484155,1999.9000,-0.40607211,-1190.9706,594919.4375,41.516,605082.7500,1999.9000,
	2026/04/30 12:01:50	,	720397	,	3269	,10.484511,1999.9000,-0.40607211,-1190.3119,594915.1875,41.520,605082.7500,1999.9000,
	2026/04/30 12:01:50	,	721397	,	3270	,10.484819,1999.9000,-0.40607211,-1189.7631,594913.0000,41.520,605082.7500,1999.9000,
	2026/04/30 12:01:50	,	722397	,	3271	,10.485082,1999.9000,-0.40607211,-1189.3057,594911.7500,41.517,605082.7500,1999.9000,
	2026/04/30 12:01:50	,	723397	,	3272	,10.485428,1999.9000,-0.40294611,-1188.9244,594910.8750,41.515,605071.6875,1999.9000,
	2026/04/30 12:01:50	,	724397	,	3273	,10.485758,1999.9000,-0.40009111,-1189.0049,594921.6875,41.510,604945.0625,1999.9000,
	2026/04/30 12:01:50	,	725397	,	3274	,10.486067,1999.9000,-0.39782226,-1189.3701,594934.0625,41.506,604916.9375,1999.9000,
	2026/04/30 12:01:50	,	726397	,	3275	,10.486393,1999.9000,-0.39692736,-1189.9729,594946.6250,41.491,604822.4375,1999.9000,
	2026/04/30 12:01:50	,	727397	,	3276	,10.486695,1999.9000,-0.39153251,-1190.4752,595148.5000,41.479,604791.9375,1999.9000,
	2026/04/30 12:01:50	,	728397	,	3277	,10.487000,1999.9000,-0.38499060,-1190.8938,595447.6250,41.469,604707.6875,1999.9000,
	2026/04/30 12:01:50	,	729397	,	3278	,10.487301,1999.9000,-0.38019451,-1191.2428,595475.9375,41.461,604707.6875,1999.9000,
	2026/04/30 12:01:50	,	730397	,	3279	,10.487601,1999.9000,-0.38019451,-1191.5336,595485.3750,41.454,604707.6875,1999.9000,
	2026/04/30 12:01:50	,	731397	,	3280	,10.487936,1999.9000,-0.38019451,-1191.5769,595490.0625,41.453,604707.6875,1999.9000,
	2026/04/30 12:01:50	,	732397	,	3281	,10.488298,1999.9000,-0.38019451,-1191.5134,595492.8750,41.452,604707.6875,1999.9000,
	2026/04/30 12:01:50	,	733397	,	3282	,10.488674,1999.9000,-0.38019451,-1191.2617,595494.7500,41.461,604718.2500,1999.9000,
	2026/04/30 12:01:50	,	734397	,	3283	,10.489009,1999.9000,-0.38039935,-1191.0519,595405.3125,41.468,604827.8125,1999.9000,
	2026/04/30 12:01:50	,	735397	,	3284	,10.489293,1999.9000,-0.38279110,-1190.8770,595385.0625,41.474,604851.3750,1999.9000,
	2026/04/30 12:01:50	,	736397	,	3285	,10.489543,1999.9000,-0.38332993,-1190.7313,595374.3125,41.478,604933.5625,1999.9000,
	2026/04/30 12:01:50	,	737397	,	3286	,10.489881,1999.9000,-0.38693804,-1190.5105,595268.3125,41.481,604967.0625,1999.9000,
	2026/04/30 12:01:50	,	738397	,	3287	,10.490177,1999.9000,-0.39268580,-1190.2269,595013.2500,41.481,605077.8750,1999.9000,
	2026/04/30 12:01:50	,	739397	,	3288	,10.490444,1999.9000,-0.39268580,-1189.9906,594840.5000,41.482,605077.8750,1999.9000,
	2026/04/30 12:01:50	,	740397	,	3289	,10.490722,1999.9000,-0.39268580,-1189.9926,594840.5000,41.484,605077.8750,1999.9000,
	2026/04/30 12:01:50	,	741397	,	3290	,10.491002,1999.9000,-0.39268580,-1190.0938,594840.5000,41.484,605077.8750,1999.9000,
	2026/04/30 12:01:50	,	742397	,	3291	,10.491251,1999.9000,-0.39268580,-1190.2776,594840.5000,41.470,605077.8750,1999.9000,
	2026/04/30 12:01:50	,	743397	,	3292	,10.491548,1999.9000,-0.39238435,-1190.4307,594840.5000,41.459,605072.5625,1999.9000,
	2026/04/30 12:01:50	,	744397	,	3293	,10.491854,1999.9000,-0.38681203,-1190.5583,594936.3750,41.449,604972.1875,1999.9000,
	2026/04/30 12:01:50	,	745397	,	3294	,10.492144,1999.9000,-0.38335830,-1190.8636,594958.4375,41.441,604939.8750,1999.9000,
	2026/04/30 12:01:50	,	746397	,	3295	,10.492421,1999.9000,-0.38060415,-1191.1182,594967.9375,41.439,604835.6875,1999.9000,
	2026/04/30 12:01:50	,	747397	,	3296	,10.492686,1999.9000,-0.37655807,-1191.3301,595062.1250,41.444,604803.3125,1999.9000,
	2026/04/30 12:01:50	,	748397	,	3297	,10.492943,1999.9000,-0.36966324,-1191.5068,595320.6875,41.447,604776.6875,1999.9000,
	2026/04/30 12:01:50	,	749397	,	3298	,10.493211,1999.9000,-0.36452049,-1191.6541,595538.7500,41.450,604763.3125,1999.9000,
	2026/04/30 12:01:50	,	750397	,	3299	,10.493515,1999.9000,-0.36446378,-1191.5779,595538.7500,41.453,604755.3750,1999.9000,
	2026/04/30 12:01:50	,	751397	,	3300	,10.493841,1999.9000,-0.36446378,-1191.5142,595538.7500,41.457,604749.9375,1999.9000,
	2026/04/30 12:01:50	,	752397	,	3301	,10.494134,1999.9000,-0.36443543,-1191.4612,595538.7500,41.461,604745.5000,1999.9000,
	2026/04/30 12:01:50	,	753397	,	3302	,10.494421,1999.9000,-0.36442974,-1191.2181,595538.7500,41.465,604744.9375,1999.9000,
	2026/04/30 12:01:50	,	754397	,	3303	,10.494721,1999.9000,-0.36442599,-1191.0156,595425.0000,41.468,604755.8125,1999.9000,
	2026/04/30 12:01:50	,	755397	,	3304	,10.495000,1999.9000,-0.36464235,-1191.0458,595392.1875,41.471,604869.5000,1999.9000,
	2026/04/30 12:01:50	,	756397	,	3305	,10.495258,1999.9000,-0.36497286,-1191.0709,595375.3125,41.472,604901.5625,1999.9000,
	2026/04/30 12:01:50	,	757397	,	3306	,10.495526,1999.9000,-0.36859185,-1191.0919,595356.5625,41.469,605004.8750,1999.9000,
	2026/04/30 12:01:50	,	758397	,	3307	,10.495781,1999.9000,-0.37430811,-1190.9104,595117.5625,41.467,605039.6250,1999.9000,
	2026/04/30 12:01:50	,	759397	,	3308	,10.495998,1999.9000,-0.37826598,-1190.5602,594832.1250,41.465,605051.1875,1999.9000,
	2026/04/30 12:01:50	,	760397	,	3309	,10.496194,1999.9000,-0.37826598,-1190.2683,594832.1250,41.464,605057.0000,1999.9000,
	2026/04/30 12:01:50	,	761397	,	3310	,10.496416,1999.9000,-0.37826598,-1190.0251,594832.1250,41.460,605060.4375,1999.9000,
	2026/04/30 12:01:50	,	762397	,	3311	,10.496675,1999.9000,-0.37826598,-1189.8225,594832.1250,41.455,605062.8125,1999.9000,
	2026/04/30 12:01:50	,	763397	,	3312	,10.496926,1999.9000,-0.37826598,-1189.6536,594832.1250,41.452,605062.5625,1999.9000,
	2026/04/30 12:01:50	,	764397	,	3313	,10.497181,1999.9000,-0.37415051,-1189.0155,594913.7500,41.450,605049.6250,1999.9000,
	2026/04/30 12:01:50	,	765397	,	3314	,10.497478,1999.9000,-0.37018004,-1188.3843,594948.0625,41.448,604921.5000,1999.9000,
	2026/04/30 12:01:50	,	766397	,	3315	,10.497798,1999.9000,-0.36659399,-1187.9578,594967.1875,41.445,604889.1875,1999.9000,
	2026/04/30 12:01:50	,	767397	,	3316	,10.498081,1999.9000,-0.36296383,-1188.0002,594984.4375,41.442,604790.4375,1999.9000,
	2026/04/30 12:01:50	,	768397	,	3317	,10.498317,1999.9000,-0.35620135,-1188.1351,595227.8125,41.440,604756.8750,1999.9000,
	2026/04/30 12:01:50	,	769397	,	3318	,10.498528,1999.9000,-0.34991789,-1188.2474,595535.1875,41.438,604744.3125,1999.9000,
	2026/04/30 12:01:50	,	770397	,	3319	,10.498798,1999.9000,-0.34728980,-1188.4406,595535.1875,41.438,604738.0000,1999.9000,
	2026/04/30 12:01:50	,	771397	,	3320	,10.499059,1999.9000,-0.34728980,-1188.6014,595535.1875,41.441,604734.2500,1999.9000,
	2026/04/30 12:01:50	,	772397	,	3321	,10.499295,1999.9000,-0.34728980,-1188.7355,595535.1875,41.444,604731.6875,1999.9000,
	2026/04/30 12:01:50	,	773397	,	3322	,10.499497,1999.9000,-0.34728980,-1188.8473,595535.1875,41.446,604729.6250,1999.9000,
	2026/04/30 12:01:50	,	774397	,	3323	,10.499696,1999.9000,-0.34728980,-1188.9404,595524.8750,41.454,604737.8750,1999.9000,
	2026/04/30 12:01:50	,	775397	,	3324	,10.499866,1999.9000,-0.34728980,-1189.0179,595399.3750,41.465,604829.0625,1999.9000,
	2026/04/30 12:01:50	,	776397	,	3325	,10.500076,1999.9000,-0.34756500,-1189.0826,595381.4375,41.470,604857.4375,1999.9000,
	2026/04/30 12:01:50	,	777397	,	3326	,10.500306,1999.9000,-0.35033381,-1189.0371,595366.3750,41.474,604942.0000,1999.9000,
	2026/04/30 12:01:50	,	778397	,	3327	,10.500540,1999.9000,-0.35111535,-1188.9991,595213.4375,41.472,604978.2500,1999.9000,
	2026/04/30 12:01:50	,	779397	,	3328	,10.500738,1999.9000,-0.35685679,-1188.9674,594932.8750,41.470,605077.3125,1999.9000,
	2026/04/30 12:01:50	,	780397	,	3329	,10.500973,1999.9000,-0.36274323,-1188.9410,594910.4375,41.465,605077.3125,1999.9000,
	2026/04/30 12:01:50	,	781397	,	3330	,10.501223,1999.9000,-0.36274323,-1188.9191,594903.0000,41.463,605077.3125,1999.9000,
	2026/04/30 12:01:50	,	782397	,	3331	,10.501456,1999.9000,-0.36274323,-1188.9008,594899.3125,41.462,605077.3125,1999.9000,
	2026/04/30 12:01:50	,	783397	,	3332	,10.501696,1999.9000,-0.36274323,-1188.8855,594897.0625,41.458,605077.3125,1999.9000,
	2026/04/30 12:01:50	,	784397	,	3333	,10.501914,1999.9000,-0.36274323,-1189.1713,594895.5000,41.453,605064.4375,1999.9000,
	2026/04/30 12:01:50	,	785397	,	3334	,10.502121,1999.9000,-0.36051846,-1189.4093,594905.3750,41.449,604940.1875,1999.9000,
	2026/04/30 12:01:50	,	786397	,	3335	,10.502334,1999.9000,-0.35718453,-1189.6077,594918.5000,41.447,604909.7500,1999.9000,
	2026/04/30 12:01:50	,	787397	,	3336	,10.502590,1999.9000,-0.35427913,-1189.7729,595007.8750,41.449,604809.1250,1999.9000,
	2026/04/30 12:01:50	,	788397	,	3337	,10.502843,1999.9000,-0.35165733,-1190.0101,595131.8125,41.452,604773.7500,1999.9000,
	2026/04/30 12:01:50	,	789397	,	3338	,10.503060,1999.9000,-0.34639484,-1190.2079,595421.3750,41.457,604749.1250,1999.9000,
	2026/04/30 12:01:50	,	790397	,	3339	,10.503265,1999.9000,-0.33946222,-1190.3726,595502.4375,41.462,604736.8125,1999.9000,
	2026/04/30 12:01:50	,	791397	,	3340	,10.503451,1999.9000,-0.33434469,-1190.8082,595502.4375,41.462,604729.3750,1999.9000,
	2026/04/30 12:01:50	,	792397	,	3341	,10.503680,1999.9000,-0.33434469,-1191.1714,595502.4375,41.463,604724.5000,1999.9000,
	2026/04/30 12:01:50	,	793397	,	3342	,10.503680,1999.9000,-0.33434469,-1191.1755,595502.4375,41.464,604720.3750,1999.9000,
	2026/04/30 12:01:50	,	794397	,	3343	,10.504104,1999.9000,-0.33434469,-1191.4774,595502.4375,41.464,604726.8125,1999.9000,
	2026/04/30 12:01:50	,	795397	,	3344	,10.504104,1999.9000,-0.33434469,-1191.9280,595402.9375,41.464,604816.3750,1999.9000,
	2026/04/30 12:01:50	,	796397	,	3345	,10.504334,1999.9000,-0.33462831,-1192.3035,595388.3125,41.461,604839.9375,1999.9000,
	2026/04/30 12:01:50	,	797397	,	3346	,10.504540,1999.9000,-0.33741397,-1192.6163,595382.4375,41.458,604930.5625,1999.9000,
	2026/04/30 12:01:50	,	798397	,	3347	,10.504727,1999.9000,-0.33788979,-1192.6782,595362.6875,41.454,604966.7500,1999.9000,
	2026/04/30 12:01:50	,	799397	,	3348	,10.504893,1999.9000,-0.34151047,-1192.9286,595070.5000,41.450,605091.8125,1999.9000,
	2026/04/30 12:01:50	,	800397	,	3349	,10.505071,1999.9000,-0.34734651,-1193.1373,594857.1250,41.447,605091.8125,1999.9000,
	2026/04/30 12:01:50	,	801397	,	3350	,10.505254,1999.9000,-0.34734651,-1193.3113,594857.1250,41.444,605091.8125,1999.9000,
	2026/04/30 12:01:50	,	802397	,	3351	,10.505431,1999.9000,-0.34734651,-1193.5557,594857.1250,41.441,605091.8125,1999.9000,
	2026/04/30 12:01:50	,	803397	,	3352	,10.505594,1999.9000,-0.34734651,-1193.6599,594857.1250,41.439,605091.8125,1999.9000,
	2026/04/30 12:01:50	,	804397	,	3353	,10.505750,1999.9000,-0.34734651,-1193.7466,594857.1250,41.438,605083.3125,1999.9000,
	2026/04/30 12:01:50	,	805397	,	3354	,10.505939,1999.9000,-0.34728241,-1193.9186,594955.5000,41.438,604954.6875,1999.9000,
	2026/04/30 12:01:50	,	806397	,	3355	,10.506135,1999.9000,-0.34350207,-1194.0618,594976.0625,41.444,604922.0625,1999.9000,
	2026/04/30 12:01:50	,	807397	,	3356	,10.506299,1999.9000,-0.34049582,-1194.1812,594986.3125,41.449,604815.7500,1999.9000,
	2026/04/30 12:01:50	,	808397	,	3357	,10.506461,1999.9000,-0.33798116,-1194.2805,595005.8750,41.453,604782.8750,1999.9000,
	2026/04/30 12:01:50	,	809397	,	3358	,10.506600,1999.9000,-0.33357581,-1194.2640,595307.0000,41.457,604696.7500,1999.9000,
	2026/04/30 12:01:50	,	810397	,	3359	,10.506732,1999.9000,-0.32588691,-1194.2501,595554.8750,41.460,604696.7500,1999.9000,
	2026/04/30 12:01:50	,	811397	,	3360	,10.506870,1999.9000,-0.31952149,-1194.2385,595554.8750,41.464,604696.7500,1999.9000,
	2026/04/30 12:01:50	,	812397	,	3361	,10.507096,1999.9000,-0.31952149,-1194.1294,595554.8750,41.467,604696.7500,1999.9000,
	2026/04/30 12:01:50	,	813397	,	3362	,10.507290,1999.9000,-0.31952149,-1193.8395,595554.8750,41.470,604696.7500,1999.9000,
	2026/04/30 12:01:50	,	814397	,	3363	,10.507470,1999.9000,-0.31952149,-1193.3990,595554.8750,41.473,604703.1875,1999.9000,
	2026/04/30 12:01:50	,	815397	,	3364	,10.507654,1999.9000,-0.31952149,-1192.9325,595444.0625,41.476,604799.4375,1999.9000,
	2026/04/30 12:01:50	,	816397	,	3365	,10.507824,1999.9000,-0.31970638,-1192.5437,595413.6875,41.479,604823.0000,1999.9000,
	2026/04/30 12:01:50	,	817397	,	3366	,10.507995,1999.9000,-0.32253405,-1192.2198,595395.1875,41.481,604920.3125,1999.9000,
	2026/04/30 12:01:50	,	818397	,	3367	,10.508167,1999.9000,-0.32315797,-1191.9498,595376.3750,41.483,604955.0000,1999.9000,
	2026/04/30 12:01:50	,	819397	,	3368	,10.508316,1999.9000,-0.32606968,-1191.7247,595150.3125,41.484,605065.8125,1999.9000,
	2026/04/30 12:01:50	,	820397	,	3369	,10.508459,1999.9000,-0.33198130,-1191.5372,594879.2500,41.482,605065.8125,1999.9000,
	2026/04/30 12:01:50	,	821397	,	3370	,10.508598,1999.9000,-0.33450225,-1191.3810,594879.2500,41.484,605065.8125,1999.9000,
	2026/04/30 12:01:50	,	822397	,	3371	,10.508716,1999.9000,-0.33450225,-1191.2507,594879.2500,41.486,605065.8125,1999.9000,
	2026/04/30 12:01:50	,	823397	,	3372	,10.508852,1999.9000,-0.33450225,-1191.2418,594879.2500,41.487,605065.8125,1999.9000,
	2026/04/30 12:01:50	,	824397	,	3373	,10.508985,1999.9000,-0.33450225,-1191.3337,594879.2500,41.485,605061.7500,1999.9000,
	2026/04/30 12:01:50	,	825397	,	3374	,10.509100,1999.9000,-0.33450225,-1191.4104,594884.5625,41.483,604964.9375,1999.9000,
	2026/04/30 12:01:50	,	826397	,	3375	,10.509261,1999.9000,-0.33044985,-1191.3748,594897.6875,41.480,604934.4375,1999.9000,
	2026/04/30 12:01:50	,	827397	,	3376	,10.509416,1999.9000,-0.32689530,-1191.3451,594982.8750,41.476,604835.6875,1999.9000,
	2026/04/30 12:01:50	,	828397	,	3377	,10.509555,1999.9000,-0.32385755,-1191.3203,594996.6250,41.475,604799.7500,1999.9000,
	2026/04/30 12:01:50	,	829397	,	3378	,10.509682,1999.9000,-0.32038492,-1191.2997,595190.1875,41.473,604704.0000,1999.9000,
	2026/04/30 12:01:50	,	830397	,	3379	,10.509815,1999.9000,-0.31354055,-1191.2825,595483.3750,41.469,604704.0000,1999.9000,
	2026/04/30 12:01:50	,	831397	,	3380	,10.509937,1999.9000,-0.30702388,-1191.4672,595483.3750,41.465,604704.0000,1999.9000,
	2026/04/30 12:01:50	,	832397	,	3381	,10.510054,1999.9000,-0.30639049,-1191.4220,595483.3750,41.462,604704.0000,1999.9000,
	2026/04/30 12:01:50	,	833397	,	3382	,10.510185,1999.9000,-0.30617937,-1191.3844,595483.3750,41.460,604704.0000,1999.9000,
	2026/04/30 12:01:50	,	834397	,	3383	,10.510295,1999.9000,-0.30607381,-1191.3531,595483.3750,41.458,604704.5000,1999.9000,
	2026/04/30 12:01:50	,	835397	,	3384	,10.510427,1999.9000,-0.30601045,-1191.3270,595480.5000,41.459,604716.1875,1999.9000,
	2026/04/30 12:01:50	,	836397	,	3385	,10.510546,1999.9000,-0.30596823,-1191.3053,595386.2500,41.460,604834.5000,1999.9000,
	2026/04/30 12:01:50	,	837397	,	3386	,10.510689,1999.9000,-0.30813310,-1191.2871,595369.8750,41.458,604863.8125,1999.9000,
	2026/04/30 12:01:50	,	838397	,	3387	,10.510819,1999.9000,-0.30899969,-1191.2721,595359.1875,41.456,604954.6875,1999.9000,
	2026/04/30 12:01:50	,	839397	,	3388	,10.510933,1999.9000,-0.31151119,-1191.0605,595223.5625,41.455,604984.9375,1999.9000,
	2026/04/30 12:01:50	,	840397	,	3389	,10.511072,1999.9000,-0.31652156,-1190.8843,594956.1250,41.454,605006.8750,1999.9000,
	2026/04/30 12:01:50	,	841397	,	3390	,10.511208,1999.9000,-0.32221892,-1190.7373,594919.7500,41.453,605017.8125,1999.9000,
	2026/04/30 12:01:50	,	842397	,	3391	,10.511326,1999.9000,-0.32221892,-1190.6149,594907.6250,41.450,605024.3750,1999.9000,
	2026/04/30 12:01:50	,	843397	,	3392	,10.511430,1999.9000,-0.32221892,-1190.5129,594901.5625,41.447,605028.7500,1999.9000,
	2026/04/30 12:01:50	,	844397	,	3393	,10.511520,1999.9000,-0.32221892,-1190.9253,594897.8750,41.442,605032.5000,1999.9000,
	2026/04/30 12:01:50	,	845397	,	3394	,10.511612,1999.9000,-0.32221892,-1191.2689,594895.4375,41.437,605023.0625,1999.9000,
	2026/04/30 12:01:50	,	846397	,	3395	,10.511703,1999.9000,-0.32201725,-1191.7543,594907.6875,41.431,604903.3750,1999.9000,
	2026/04/30 12:01:50	,	847397	,	3396	,10.511784,1999.9000,-0.31766230,-1192.2581,594999.0000,41.426,604875.8125,1999.9000,
	2026/04/30 12:01:50	,	848397	,	3397	,10.511881,1999.9000,-0.31464976,-1192.6781,594999.0000,41.424,604791.0625,1999.9000,
	2026/04/30 12:01:50	,	849397	,	3398	,10.511976,1999.9000,-0.31168133,-1192.9285,595002.8125,41.421,604762.0000,1999.9000,
	2026/04/30 12:01:50	,	850397	,	3399	,10.512065,1999.9000,-0.30569410,-1192.9382,595111.5625,41.420,604743.8750,1999.9000,
	2026/04/30 12:01:50	,	851397	,	3400	,10.512145,1999.9000,-0.29840854,-1192.9464,595390.4375,41.418,604734.8750,1999.9000,
	2026/04/30 12:01:50	,	852397	,	3401	,10.512251,1999.9000,-0.29387712,-1192.4558,595513.7500,41.426,604729.4375,1999.9000,
	2026/04/30 12:01:50	,	853397	,	3402	,10.512369,1999.9000,-0.29387712,-1192.0470,595513.7500,41.433,604725.8125,1999.9000,
	2026/04/30 12:01:50	,	854397	,	3403	,10.512467,1999.9000,-0.29387712,-1192.0046,595513.7500,41.438,604722.8125,1999.9000,
	2026/04/30 12:01:50	,	855397	,	3404	,10.512549,1999.9000,-0.29387712,-1191.6710,595513.7500,41.443,604730.3750,1999.9000,
	2026/04/30 12:01:50	,	856397	,	3405	,10.512617,1999.9000,-0.29387712,-1191.2936,595513.7500,41.447,604821.1875,1999.9000,
	2026/04/30 12:01:50	,	857397	,	3406	,10.512674,1999.9000,-0.29601365,-1191.0785,595415.4375,41.448,604848.7500,1999.9000,
	2026/04/30 12:01:50	,	858397	,	3407	,10.512733,1999.9000,-0.29682979,-1191.1976,595392.1875,41.450,604937.8125,1999.9000,
	2026/04/30 12:01:50	,	859397	,	3408	,10.512780,1999.9000,-0.29748839,-1191.3964,595380.8750,41.451,604967.3750,1999.9000,
	2026/04/30 12:01:50	,	860397	,	3409	,10.512820,1999.9000,-0.30237901,-1191.5619,595361.1875,41.452,605072.5000,1999.9000,
	2026/04/30 12:01:50	,	861397	,	3410	,10.512854,1999.9000,-0.30833477,-1191.7000,595077.0000,41.451,605072.5000,1999.9000,
	2026/04/30 12:01:50	,	862397	,	3411	,10.512897,1999.9000,-0.30848289,-1191.7155,594844.6250,41.451,605072.5000,1999.9000,
	2026/04/30 12:01:50	,	863397	,	3412	,10.512940,1999.9000,-0.30853227,-1191.0322,594844.6250,41.450,605072.5000,1999.9000,
	2026/04/30 12:01:50	,	864397	,	3413	,10.512994,1999.9000,-0.30855694,-1190.3633,594844.6250,41.450,605072.5000,1999.9000,
	2026/04/30 12:01:50	,	865397	,	3414	,10.513043,1999.9000,-0.30857176,-1189.8058,594844.6250,41.448,605062.0000,1999.9000,
	2026/04/30 12:01:50	,	866397	,	3415	,10.513107,1999.9000,-0.30858162,-1189.3412,594844.6250,41.446,604934.7500,1999.9000,
	2026/04/30 12:01:50	,	867397	,	3416	,10.513162,1999.9000,-0.30478656,-1188.9541,594941.1250,41.439,604904.0000,1999.9000,
	2026/04/30 12:01:50	,	868397	,	3417	,10.513278,1999.9000,-0.30129501,-1188.6316,594962.3125,41.433,604804.3125,1999.9000,
	2026/04/30 12:01:50	,	869397	,	3418	,10.513389,1999.9000,-0.29829508,-1188.3628,594975.1250,41.434,604772.0625,1999.9000,
	2026/04/30 12:01:50	,	870397	,	3419	,10.513505,1999.9000,-0.29372588,-1188.7355,594993.1875,41.434,604772.0625,1999.9000,
	2026/04/30 12:01:50	,	871397	,	3420	,10.513602,1999.9000,-0.28689408,-1189.0463,595278.4375,41.435,604683.5000,1999.9000,
	2026/04/30 12:01:50	,	872397	,	3421	,10.513699,1999.9000,-0.28184590,-1189.7030,595559.0000,41.431,604683.5000,1999.9000,
	2026/04/30 12:01:50	,	873397	,	3422	,10.513779,1999.9000,-0.28184590,-1190.2504,595559.0000,41.432,604683.5000,1999.9000,
	2026/04/30 12:01:50	,	874397	,	3423	,10.513845,1999.9000,-0.28184590,-1190.7064,595559.0000,41.433,604683.5000,1999.9000,
	2026/04/30 12:01:50	,	875397	,	3424	,10.513906,1999.9000,-0.28184590,-1191.0867,595559.0000,41.434,604683.5000,1999.9000,
	2026/04/30 12:01:50	,	876397	,	3425	,10.513968,1999.9000,-0.28184590,-1191.3038,595559.0000,41.447,604692.8125,1999.9000,
	2026/04/30 12:01:50	,	877397	,	3426	,10.514017,1999.9000,-0.28218725,-1191.4850,595447.0000,41.458,604806.7500,1999.9000,
	2026/04/30 12:01:50	,	878397	,	3427	,10.514059,1999.9000,-0.28591719,-1191.4369,595421.3750,41.467,604832.1250,1999.9000,
	2026/04/30 12:01:50	,	879397	,	3428	,10.514093,1999.9000,-0.28670186,-1191.0983,595408.0625,41.470,604922.0625,1999.9000,
	2026/04/30 12:01:50	,	880397	,	3429	,10.514124,1999.9000,-0.29017761,-1190.7168,595393.0625,41.472,604956.2500,1999.9000,
	2026/04/30 12:01:50	,	881397	,	3430	,10.514148,1999.9000,-0.29613969,-1190.3988,595181.8750,41.474,605071.2500,1999.9000,
	2026/04/30 12:01:50	,	882397	,	3431	,10.514169,1999.9000,-0.30000302,-1190.1338,594904.8750,41.476,605071.2500,1999.9000,
	2026/04/30 12:01:50	,	883397	,	3432	,10.514185,1999.9000,-0.30000302,-1189.9130,594904.8750,41.477,605071.2500,1999.9000,
	2026/04/30 12:01:50	,	884397	,	3433	,10.514190,1999.9000,-0.30000302,-1189.7290,594904.8750,41.475,605071.2500,1999.9000,
	2026/04/30 12:01:50	,	885397	,	3434	,10.514193,1999.9000,-0.30000302,-1190.0731,594904.8750,41.472,605071.2500,1999.9000,
	2026/04/30 12:01:50	,	886397	,	3435	,10.514196,1999.9000,-0.30000302,-1190.3597,594904.8750,41.467,605066.4375,1999.9000,
	2026/04/30 12:01:50	,	887397	,	3436	,10.514197,1999.9000,-0.29661867,-1190.8972,594909.5000,41.454,604961.3750,1999.9000,
	2026/04/30 12:01:50	,	888397	,	3437	,10.514200,1999.9000,-0.29358721,-1191.3450,594921.5000,41.444,604921.8125,1999.9000,
	2026/04/30 12:01:50	,	889397	,	3438	,10.514202,1999.9000,-0.29089612,-1191.7181,595016.2500,41.435,604779.5000,1999.9000,
	2026/04/30 12:01:50	,	890397	,	3439	,10.514197,1999.9000,-0.28746760,-1191.9296,595016.2500,41.431,604779.5000,1999.9000,
	2026/04/30 12:01:50	,	891397	,	3440	,10.514194,1999.9000,-0.28057909,-1192.1058,595175.9375,41.431,604752.9375,1999.9000,
	2026/04/30 12:01:50	,	892397	,	3441	,10.514192,1999.9000,-0.27426413,-1192.2526,595477.3750,41.428,604739.6250,1999.9000,
	2026/04/30 12:01:50	,	893397	,	3442	,10.514190,1999.9000,-0.27330929,-1192.1761,595477.3750,41.428,604731.6875,1999.9000,
	2026/04/30 12:01:50	,	894397	,	3443	,10.514188,1999.9000,-0.27299103,-1192.1761,595477.3750,41.428,604726.3125,1999.9000,
	2026/04/30 12:01:50	,	895397	,	3444	,10.514187,1999.9000,-0.27283189,-1192.2415,595477.3750,41.428,604721.8750,1999.9000,
	2026/04/30 12:01:50	,	896397	,	3445	,10.514166,1999.9000,-0.27273643,-1192.2415,595477.3750,41.428,604723.1250,1999.9000,
	2026/04/30 12:01:50	,	897397	,	3446	,10.514149,1999.9000,-0.27267277,-1192.1875,595474.5000,41.428,604734.3125,1999.9000,
	2026/04/30 12:01:50	,	898397	,	3447	,10.514135,1999.9000,-0.27290437,-1192.1875,595379.6875,41.429,604836.9375,1999.9000,
	2026/04/30 12:01:50	,	899397	,	3448	,10.514123,1999.9000,-0.27566326,-1192.1218,595364.5000,41.429,604869.8125,1999.9000,
	2026/04/30 12:01:50	,	900397	,	3449	,10.514117,1999.9000,-0.27667162,-1192.0671,595354.5000,41.433,604972.8125,1999.9000,
	2026/04/30 12:01:50	,	901397	,	3450	,10.514113,1999.9000,-0.28318828,-1191.9220,595246.8125,41.437,605009.6875,1999.9000,
	2026/04/30 12:01:50	,	902397	,	3451	,10.514115,1999.9000,-0.28918815,-1191.7017,594988.8750,41.441,605022.0000,1999.9000,
	2026/04/30 12:01:50	,	903397	,	3452	,10.514112,1999.9000,-0.28918815,-1191.6174,594891.7500,41.437,605028.1250,1999.9000,
	2026/04/30 12:01:50	,	904397	,	3453	,10.514109,1999.9000,-0.28918815,-1191.4479,594891.7500,41.433,605031.8125,1999.9000,
	2026/04/30 12:01:50	,	905397	,	3454	,10.514105,1999.9000,-0.28918815,-1191.2069,594891.7500,41.429,605034.3125,1999.9000,
	2026/04/30 12:01:50	,	906397	,	3455	,10.514103,1999.9000,-0.28918815,-1191.0062,594891.7500,41.424,605036.0000,1999.9000,
	2026/04/30 12:01:50	,	907397	,	3456	,10.514101,1999.9000,-0.28577226,-1190.8390,594891.7500,41.421,605024.8750,1999.9000,
	2026/04/30 12:01:50	,	908397	,	3457	,10.514100,1999.9000,-0.28252655,-1190.7992,594989.4375,41.417,604900.3125,1999.9000,
	2026/04/30 12:01:50	,	909397	,	3458	,10.514099,1999.9000,-0.27980393,-1191.4623,595007.8750,41.412,604866.5625,1999.9000,
	2026/04/30 12:01:50	,	910397	,	3459	,10.514098,1999.9000,-0.27714428,-1192.0149,595016.2500,41.407,604765.0625,1999.9000,
	2026/04/30 12:01:50	,	911397	,	3460	,10.514097,1999.9000,-0.27147216,-1192.4753,595105.0000,41.403,604737.3125,1999.9000,
	2026/04/30 12:01:50	,	912397	,	3461	,10.514101,1999.9000,-0.26448911,-1192.8590,595370.7500,41.400,604728.0000,1999.9000,
	2026/04/30 12:01:50	,	913397	,	3462	,10.514109,1999.9000,-0.26061317,-1193.1788,595520.3125,41.402,604723.3750,1999.9000,
	2026/04/30 12:01:50	,	914397	,	3463	,10.514115,1999.9000,-0.26061317,-1193.4453,595520.3125,41.403,604720.5625,1999.9000,
	2026/04/30 12:01:50	,	915397	,	3464	,10.514135,1999.9000,-0.26061317,-1193.5680,595520.3125,41.406,604718.7500,1999.9000,
	2026/04/30 12:01:50	,	916397	,	3465	,10.514153,1999.9000,-0.26061317,-1193.3716,595520.3125,41.410,604718.0000,1999.9000,
	2026/04/30 12:01:50	,	917397	,	3466	,10.514177,1999.9000,-0.26061317,-1193.2080,595520.3125,41.419,604728.2500,1999.9000,
	2026/04/30 12:01:50	,	918397	,	3467	,10.514213,1999.9000,-0.26274335,-1193.0718,595413.0625,41.430,604838.6875,1999.9000,
	2026/04/30 12:01:50	,	919397	,	3468	,10.514227,1999.9000,-0.26352486,-1192.8586,595390.7500,41.439,604868.8750,1999.9000,
	2026/04/30 12:01:50	,	920397	,	3469	,10.514230,1999.9000,-0.26569289,-1192.1837,595375.7500,41.447,604966.8125,1999.9000,
	2026/04/30 12:01:50	,	921397	,	3470	,10.514231,1999.9000,-0.26978943,-1191.6213,595295.6875,41.453,604994.2500,1999.9000,
	2026/04/30 12:01:50	,	922397	,	3471	,10.514233,1999.9000,-0.27599728,-1191.1527,595091.9375,41.458,605076.6875,1999.9000,
	2026/04/30 12:01:50	,	923397	,	3472	,10.514243,1999.9000,-0.27607292,-1190.7622,594844.6250,41.462,605076.6875,1999.9000,
	2026/04/30 12:01:50	,	924397	,	3473	,10.514253,1999.9000,-0.27609813,-1190.4366,594844.6250,41.460,605076.6875,1999.9000,
	2026/04/30 12:01:50	,	925397	,	3474	,10.514261,1999.9000,-0.27611071,-1190.4637,594844.6250,41.458,605076.6875,1999.9000,
	2026/04/30 12:01:50	,	926397	,	3475	,10.514263,1999.9000,-0.27611828,-1190.4865,594844.6250,41.456,605076.6875,1999.9000,
	2026/04/30 12:01:50	,	927397	,	3476	,10.514258,1999.9000,-0.27612332,-1190.2069,594844.6250,41.450,605066.5625,1999.9000,
	2026/04/30 12:01:50	,	928397	,	3477	,10.514251,1999.9000,-0.27283978,-1189.9739,594951.8750,41.444,604952.2500,1999.9000,
	2026/04/30 12:01:50	,	929397	,	3478	,10.514238,1999.9000,-0.26970750,-1189.6802,594978.4375,41.433,604916.9375,1999.9000,
	2026/04/30 12:01:50	,	930397	,	3479	,10.514228,1999.9000,-0.26690924,-1189.5350,594992.6250,41.421,604804.3125,1999.9000,
	2026/04/30 12:01:50	,	931397	,	3480	,10.514220,1999.9000,-0.26206270,-1189.7124,595009.5625,41.414,604768.0625,1999.9000,
	2026/04/30 12:01:50	,	932397	,	3481	,10.514213,1999.9000,-0.25455657,-1190.1825,595570.3750,41.414,604730.6250,1999.9000,
	2026/04/30 12:01:50	,	933397	,	3482	,10.514212,1999.9000,-0.24884032,-1190.1825,595570.3750,41.414,604730.6250,1999.9000,
	2026/04/30 12:01:50	,	934397	,	3483	,10.514212,1999.9000,-0.24884032,-1190.2520,595570.3750,41.413,604723.1250,1999.9000,
	2026/04/30 12:01:50	,	935397	,	3484	,10.514212,1999.9000,-0.24884032,-1190.2104,595570.3750,41.413,604718.1250,1999.9000,
	2026/04/30 12:01:50	,	936397	,	3485	,10.514212,1999.9000,-0.24884032,-1190.1758,595570.3750,41.414,604713.9375,1999.9000,
	2026/04/30 12:01:50	,	937397	,	3486	,10.514212,1999.9000,-0.24884032,-1190.1470,595570.3750,41.418,604720.3125,1999.9000,
	2026/04/30 12:01:50	,	938397	,	3487	,10.514222,1999.9000,-0.24888022,-1190.4214,595557.2500,41.421,604811.5625,1999.9000,
	2026/04/30 12:01:50	,	939397	,	3488	,10.514246,1999.9000,-0.24917926,-1190.3516,595414.2500,41.424,604836.0000,1999.9000,
	2026/04/30 12:01:50	,	940397	,	3489	,10.514279,1999.9000,-0.25172681,-1189.9950,595397.8125,41.428,604934.7500,1999.9000,
	2026/04/30 12:01:50	,	941397	,	3490	,10.514312,1999.9000,-0.25407758,-1189.5985,595382.0000,41.436,604971.5625,1999.9000,
	2026/04/30 12:01:50	,	942397	,	3491	,10.514339,1999.9000,-0.25958589,-1189.2679,595190.8125,41.442,605080.9375,1999.9000,
	2026/04/30 12:01:50	,	943397	,	3492	,10.514401,1999.9000,-0.25958589,-1188.7936,594913.1250,41.448,605080.9375,1999.9000,
	2026/04/30 12:01:50	,	944397	,	3493	,10.514454,1999.9000,-0.25958589,-1188.5972,594913.1250,41.448,605080.9375,1999.9000,
	2026/04/30 12:01:50	,	945397	,	3494	,10.514508,1999.9000,-0.25958589,-1188.4335,594913.1250,41.452,605080.9375,1999.9000,
	2026/04/30 12:01:50	,	946397	,	3495	,10.514553,1999.9000,-0.25958589,-1188.2972,594913.1250,41.456,605080.9375,1999.9000,
	2026/04/30 12:01:50	,	947397	,	3496	,10.514590,1999.9000,-0.25924870,-1188.1836,594913.1250,41.459,605070.8125,1999.9000,
	2026/04/30 12:01:50	,	948397	,	3497	,10.514611,1999.9000,-0.25286123,-1188.1884,594914.8125,41.462,604934.1250,1999.9000,
	2026/04/30 12:01:50	,	949397	,	3498	,10.514629,1999.9000,-0.24904199,-1188.2919,594926.4375,41.464,604896.3750,1999.9000,
	2026/04/30 12:01:50	,	950397	,	3499	,10.514643,1999.9000,-0.24640131,-1188.5770,594938.6250,41.466,604789.8125,1999.9000,
	2026/04/30 12:01:50	,	951397	,	3500	,10.514666,1999.9000,-0.24354632,-1188.8147,594951.1875,41.467,604762.3125,1999.9000,
	2026/04/30 12:01:50	,	952397	,	3501	,10.514688,1999.9000,-0.23760948,-1189.2117,595165.1875,41.467,604680.5000,1999.9000,
	2026/04/30 12:01:50	,	953397	,	3502	,10.514709,1999.9000,-0.23217051,-1189.5425,595457.7500,41.469,604680.5000,1999.9000,
	2026/04/30 12:01:50	,	954397	,	3503	,10.514704,1999.9000,-0.23217051,-1190.0171,595471.1250,41.468,604680.5000,1999.9000,
	2026/04/30 12:01:50	,	955397	,	3504	,10.514707,1999.9000,-0.23217051,-1190.4127,595475.6250,41.466,604680.5000,1999.9000,
	2026/04/30 12:01:50	,	956397	,	3505	,10.514712,1999.9000,-0.23217051,-1190.7422,595477.8750,41.466,604680.5000,1999.9000,
	2026/04/30 12:01:50	,	957397	,	3506	,10.514718,1999.9000,-0.23217051,-1191.0170,595479.1875,41.468,604687.1250,1999.9000,
	2026/04/30 12:01:50	,	958397	,	3507	,10.514722,1999.9000,-0.23231862,-1191.2458,595480.1250,41.469,604795.2500,1999.9000,
	2026/04/30 12:01:50	,	959397	,	3508	,10.514727,1999.9000,-0.23593305,-1191.3370,595389.1875,41.470,604822.3750,1999.9000,
	2026/04/30 12:01:50	,	960397	,	3509	,10.514729,1999.9000,-0.23820190,-1191.1146,595375.8750,41.469,604906.3750,1999.9000,
	2026/04/30 12:01:50	,	961397	,	3510	,10.514732,1999.9000,-0.23820190,-1190.9293,595368.9375,41.467,604942.9375,1999.9000,
	2026/04/30 12:01:50	,	962397	,	3511	,10.514745,1999.9000,-0.24065353,-1190.7748,595268.3125,41.465,605050.1250,1999.9000,
	2026/04/30 12:01:50	,	963397	,	3512	,10.514771,1999.9000,-0.24653994,-1190.6461,595017.4375,41.464,605050.1250,1999.9000,
	2026/04/30 12:01:50	,	964397	,	3513	,10.514791,1999.9000,-0.25264695,-1190.5389,594873.8750,41.463,605050.1250,1999.9000,
	2026/04/30 12:01:50	,	965397	,	3514	,10.514809,1999.9000,-0.25334337,-1190.5491,594873.8750,41.462,605050.1250,1999.9000,
	2026/04/30 12:01:50	,	966397	,	3515	,10.514833,1999.9000,-0.25357550,-1190.5576,594873.8750,41.461,605050.1250,1999.9000,
	2026/04/30 12:01:50	,	967397	,	3516	,10.514853,1999.9000,-0.25369158,-1190.4652,594873.8750,41.462,605049.1250,1999.9000,
	2026/04/30 12:01:50	,	968397	,	3517	,10.514846,1999.9000,-0.25376120,-1190.4877,594873.8750,41.462,604964.9375,1999.9000,
	2026/04/30 12:01:50	,	969397	,	3518	,10.514834,1999.9000,-0.25380763,-1190.9042,594959.0000,41.463,604883.4375,1999.9000,
	2026/04/30 12:01:50	,	970397	,	3519	,10.514825,1999.9000,-0.25350389,-1191.2513,594979.5625,41.464,604850.5000,1999.9000,
	2026/04/30 12:01:50	,	971397	,	3520	,10.514816,1999.9000,-0.25038442,-1191.4412,594992.0625,41.459,604762.0000,1999.9000,
	2026/04/30 12:01:50	,	972397	,	3521	,10.514775,1999.9000,-0.24952412,-1191.3009,595090.7500,41.454,604729.3750,1999.9000,
	2026/04/30 12:01:50	,	973397	,	3522	,10.514725,1999.9000,-0.24371648,-1190.7860,595357.6875,41.455,604718.5625,1999.9000,
	2026/04/30 12:01:50	,	974397	,	3523	,10.514684,1999.9000,-0.23820190,-1190.2576,595522.6875,41.455,604713.1250,1999.9000,
	2026/04/30 12:01:50	,	975397	,	3524	,10.514649,1999.9000,-0.23820190,-1189.8173,595522.6875,41.455,604709.8125,1999.9000,
	2026/04/30 12:01:50	,	976397	,	3525	,10.514621,1999.9000,-0.23820190,-1190.0471,595522.6875,41.456,604707.6875,1999.9000,
	2026/04/30 12:01:50	,	977397	,	3526	,10.514602,1999.9000,-0.23820190,-1189.7413,595522.6875,41.451,604706.2500,1999.9000,
	2026/04/30 12:01:50	,	978397	,	3527	,10.514586,1999.9000,-0.23820190,-1189.3871,595522.6875,41.447,604716.1875,1999.9000,
	2026/04/30 12:01:50	,	979397	,	3528	,10.514573,1999.9000,-0.24136570,-1189.0917,595425.5625,41.444,604826.6875,1999.9000,
	2026/04/30 12:01:50	,	980397	,	3529	,10.514566,1999.9000,-0.24454838,-1188.9452,595404.4375,41.442,604859.2500,1999.9000,
	2026/04/30 12:01:50	,	981397	,	3530	,10.514606,1999.9000,-0.24727733,-1189.0220,595393.1875,41.444,604963.7500,1999.9000,
	2026/04/30 12:01:50	,	982397	,	3531	,10.514640,1999.9000,-0.24965334,-1189.0861,595375.3750,41.443,604996.6875,1999.9000,
	2026/04/30 12:01:50	,	983397	,	3532	,10.514668,1999.9000,-0.25469524,-1189.1394,595119.9375,41.443,605017.5000,1999.9000,
	2026/04/30 12:01:50	,	984397	,	3533	,10.514691,1999.9000,-0.26103541,-1189.1838,594847.0000,41.442,605028.0000,1999.9000,
	2026/04/30 12:01:50	,	985397	,	3534	,10.514710,1999.9000,-0.26103541,-1189.2209,594847.0000,41.440,605034.2500,1999.9000,
	2026/04/30 12:01:50	,	986397	,	3535	,10.514731,1999.9000,-0.26103541,-1189.2517,594847.0000,41.438,605038.4375,1999.9000,
	2026/04/30 12:01:50	,	987397	,	3536	,10.514744,1999.9000,-0.26103541,-1189.2775,594847.0000,41.436,605041.8750,1999.9000,
	2026/04/30 12:01:50	,	988397	,	3537	,10.514754,1999.9000,-0.26103541,-1189.2990,594847.0000,41.435,605032.2500,1999.9000,
	2026/04/30 12:01:50	,	989397	,	3538	,10.514763,1999.9000,-0.25736114,-1189.3169,594951.2500,41.436,604919.0625,1999.9000,
	2026/04/30 12:01:50	,	990397	,	3539	,10.514775,1999.9000,-0.25374985,-1189.2322,594977.8125,41.436,604887.9375,1999.9000,
	2026/04/30 12:01:50	,	991397	,	3540	,10.514775,1999.9000,-0.25047264,-1189.2612,594991.0625,41.437,604788.0000,1999.9000,
	2026/04/30 12:01:50	,	992397	,	3541	,10.514786,1999.9000,-0.24766178,-1189.3849,595004.8125,41.437,604757.5000,1999.9000,
	2026/04/30 12:01:50	,	993397	,	3542	,10.514794,1999.9000,-0.24251904,-1189.4879,595244.4375,41.432,604737.6250,1999.9000,
	2026/04/30 12:01:50	,	994397	,	3543	,10.514801,1999.9000,-0.23510744,-1189.5737,595551.2500,41.429,604727.7500,1999.9000,
	2026/04/30 12:01:50	,	995397	,	3544	,10.514808,1999.9000,-0.23065794,-1189.6453,595551.2500,41.426,604721.8125,1999.9000,
	2026/04/30 12:01:50	,	996397	,	3545	,10.514812,1999.9000,-0.23065794,-1189.7048,595551.2500,41.423,604717.8750,1999.9000,
	2026/04/30 12:01:50	,	997397	,	3546	,10.514828,1999.9000,-0.23065794,-1189.6550,595551.2500,41.421,604714.5625,1999.9000,
	2026/04/30 12:01:50	,	998397	,	3547	,10.514843,1999.9000,-0.23065794,-1189.7130,595551.2500,41.419,604720.5000,1999.9000,
	2026/04/30 12:01:50	,	999397	,	3548	,10.514856,1999.9000,-0.23065794,-1189.8608,595540.2500,41.418,604808.5625,1999.9000,
	2026/04/30 12:01:51	,	000397	,	3549	,10.514868,1999.9000,-0.23393518,-1189.8844,595407.6875,41.417,604834.1875,1999.9000,
	2026/04/30 12:01:51	,	001397	,	3550	,10.514877,1999.9000,-0.23694143,-1189.8047,595388.3125,41.410,604920.3125,1999.9000,
	2026/04/30 12:01:51	,	002397	,	3551	,10.514884,1999.9000,-0.23933633,-1189.7383,595373.1250,41.404,604948.0625,1999.9000,
	2026/04/30 12:01:51	,	003397	,	3552	,10.514890,1999.9000,-0.24323750,-1189.6829,595221.1875,41.403,605056.1875,1999.9000,
	2026/04/30 12:01:51	,	004397	,	3553	,10.514881,1999.9000,-0.25033399,-1189.6367,594944.1250,41.403,605056.1875,1999.9000,
	2026/04/30 12:01:51	,	005397	,	3554	,10.514839,1999.9000,-0.25630233,-1189.8967,594925.3750,41.398,605056.1875,1999.9000,
	2026/04/30 12:01:51	,	006397	,	3555	,10.514790,1999.9000,-0.25630233,-1190.1134,594919.1250,41.396,605056.1875,1999.9000,
	2026/04/30 12:01:51	,	007397	,	3556	,10.514748,1999.9000,-0.25630233,-1190.2941,594916.0000,41.397,605056.1875,1999.9000,
	2026/04/30 12:01:51	,	008397	,	3557	,10.514713,1999.9000,-0.25630233,-1190.4445,594914.1250,41.397,605044.8750,1999.9000,
	2026/04/30 12:01:51	,	009397	,	3558	,10.514684,1999.9000,-0.25630233,-1190.5697,594912.8125,41.398,604921.5000,1999.9000,
	2026/04/30 12:01:51	,	010397	,	3559	,10.514660,1999.9000,-0.25604606,-1190.9727,594924.4375,41.400,604894.8750,1999.9000,
	2026/04/30 12:01:51	,	011397	,	3560	,10.514654,1999.9000,-0.25182766,-1191.4078,595010.2500,41.407,604806.1250,1999.9000,
	2026/04/30 12:01:51	,	012397	,	3561	,10.514650,1999.9000,-0.24959660,-1191.7705,595016.5000,41.413,604772.9375,1999.9000,
	2026/04/30 12:01:51	,	013397	,	3562	,10.514647,1999.9000,-0.24657147,-1192.1721,595143.1875,41.424,604676.2500,1999.9000,
	2026/04/30 12:01:51	,	014397	,	3563	,10.514645,1999.9000,-0.24012414,-1192.6064,595439.2500,41.435,604676.2500,1999.9000,
	2026/04/30 12:01:51	,	015397	,	3564	,10.514682,1999.9000,-0.23432595,-1192.9684,595471.7500,41.445,604676.2500,1999.9000,
	2026/04/30 12:01:51	,	016397	,	3565	,10.514712,1999.9000,-0.23381859,-1193.2699,595482.5625,41.453,604676.2500,1999.9000,
	2026/04/30 12:01:51	,	017397	,	3566	,10.514744,1999.9000,-0.23364949,-1193.5211,595488.0000,41.460,604676.2500,1999.9000,
	2026/04/30 12:01:51	,	018397	,	3567	,10.514764,1999.9000,-0.23356493,-1193.5315,595491.2500,41.465,604687.6250,1999.9000,
	2026/04/30 12:01:51	,	019397	,	3568	,10.514742,1999.9000,-0.23351420,-1193.5403,595493.3750,41.470,604820.0625,1999.9000,
	2026/04/30 12:01:51	,	020397	,	3569	,10.514724,1999.9000,-0.23348036,-1193.4480,595406.5000,41.476,604843.0000,1999.9000,
	2026/04/30 12:01:51	,	021397	,	3570	,10.514732,1999.9000,-0.23381352,-1193.2716,595383.8750,41.480,604929.9375,1999.9000,
	2026/04/30 12:01:51	,	022397	,	3571	,10.514740,1999.9000,-0.23742041,-1192.5278,595371.7500,41.481,604962.8750,1999.9000,
	2026/04/30 12:01:51	,	023397	,	3572	,10.514751,1999.9000,-0.24001068,-1191.9081,595276.0625,41.480,605067.6250,1999.9000,
	2026/04/30 12:01:51	,	024397	,	3573	,10.514755,1999.9000,-0.24620593,-1191.3916,595050.8125,41.479,605067.6250,1999.9000,
	2026/04/30 12:01:51	,	025397	,	3574	,10.514729,1999.9000,-0.25222471,-1190.6627,594872.6250,41.477,605067.6250,1999.9000,
	2026/04/30 12:01:51	,	026397	,	3575	,10.514688,1999.9000,-0.25222471,-1190.0554,594872.6250,41.475,605067.6250,1999.9000,
	2026/04/30 12:01:51	,	027397	,	3576	,10.514652,1999.9000,-0.25222471,-1189.5493,594872.6250,41.472,605067.6250,1999.9000,
	2026/04/30 12:01:51	,	028397	,	3577	,10.514663,1999.9000,-0.25222471,-1189.4259,594872.6250,41.457,605067.6250,1999.9000,
	2026/04/30 12:01:51	,	029397	,	3578	,10.514672,1999.9000,-0.25222471,-1189.3232,594872.6250,41.445,605064.4375,1999.9000,
	2026/04/30 12:01:51	,	030397	,	3579	,10.514673,1999.9000,-0.25205663,-1189.2374,594968.6250,41.435,604963.7500,1999.9000,
	2026/04/30 12:01:51	,	031397	,	3580	,10.514676,1999.9000,-0.24943274,-1189.0667,594986.7500,41.438,604931.1250,1999.9000,
	2026/04/30 12:01:51	,	032397	,	3581	,10.514678,1999.9000,-0.24879621,-1188.9242,594995.5625,41.435,604836.9375,1999.9000,
	2026/04/30 12:01:51	,	033397	,	3582	,10.514684,1999.9000,-0.24816598,-1188.8055,595014.8125,41.433,604800.6875,1999.9000,
	2026/04/30 12:01:51	,	034397	,	3583	,10.514699,1999.9000,-0.24229845,-1188.9056,595308.1875,41.437,604703.4375,1999.9000,
	2026/04/30 12:01:51	,	035397	,	3584	,10.514712,1999.9000,-0.23741409,-1188.9890,595576.3125,41.440,604703.4375,1999.9000,
	2026/04/30 12:01:51	,	036397	,	3585	,10.514724,1999.9000,-0.23741409,-1189.0586,595576.3125,41.443,604703.4375,1999.9000,
	2026/04/30 12:01:51	,	037397	,	3586	,10.514743,1999.9000,-0.23741409,-1189.1165,595576.3125,41.445,604703.4375,1999.9000,
	2026/04/30 12:01:51	,	038397	,	3587	,10.514758,1999.9000,-0.23741409,-1189.1648,595576.3125,41.447,604703.4375,1999.9000,
	2026/04/30 12:01:51	,	039397	,	3588	,10.514771,1999.9000,-0.23741409,-1189.3044,595576.3125,41.449,604706.5000,1999.9000,
	2026/04/30 12:01:51	,	040397	,	3589	,10.514757,1999.9000,-0.24122705,-1189.4208,595467.2500,41.452,604719.9375,1999.9000,
	2026/04/30 12:01:51	,	041397	,	3590	,10.514745,1999.9000,-0.24483201,-1189.5178,595439.2500,41.454,604838.1250,1999.9000,
	2026/04/30 12:01:51	,	042397	,	3591	,10.514729,1999.9000,-0.24783824,-1189.6981,595424.1250,41.453,604867.4375,1999.9000,
	2026/04/30 12:01:51	,	043397	,	3592	,10.514717,1999.9000,-0.25026464,-1190.1469,595407.3125,41.452,604975.2500,1999.9000,
	2026/04/30 12:01:51	,	044397	,	3593	,10.514707,1999.9000,-0.25513637,-1190.5208,595162.1875,41.456,605008.7500,1999.9000,
	2026/04/30 12:01:51	,	045397	,	3594	,10.514699,1999.9000,-0.26099762,-1190.6335,594866.1250,41.461,605024.1250,1999.9000,
	2026/04/30 12:01:51	,	046397	,	3595	,10.514683,1999.9000,-0.26099762,-1190.7273,594866.1250,41.465,605031.8125,1999.9000,
	2026/04/30 12:01:51	,	047397	,	3596	,10.514668,1999.9000,-0.26099762,-1191.0045,594866.1250,41.466,605036.4375,1999.9000,
	2026/04/30 12:01:51	,	048397	,	3597	,10.514667,1999.9000,-0.26099762,-1191.2355,594866.1250,41.462,605039.5625,1999.9000,
	2026/04/30 12:01:51	,	049397	,	3598	,10.514680,1999.9000,-0.26099762,-1191.6268,594866.1250,41.458,605042.1250,1999.9000,
	2026/04/30 12:01:51	,	050397	,	3599	,10.514667,1999.9000,-0.25778970,-1191.9530,594874.9375,41.458,605030.8750,1999.9000,
	2026/04/30 12:01:51	,	051397	,	3600	,10.514655,1999.9000,-0.25419733,-1192.2249,594986.5000,41.457,604904.0000,1999.9000,
	2026/04/30 12:01:51	,	052397	,	3601	,10.514670,1999.9000,-0.25120369,-1192.4514,594993.9375,41.454,604875.5625,1999.9000,
	2026/04/30 12:01:51	,	053397	,	3602	,10.514683,1999.9000,-0.24897897,-1192.6401,595006.7500,41.450,604774.0625,1999.9000,
	2026/04/30 12:01:51	,	054397	,	3603	,10.514693,1999.9000,-0.24440344,-1192.7974,595232.5625,41.445,604746.0000,1999.9000,
	2026/04/30 12:01:51	,	055397	,	3604	,10.514703,1999.9000,-0.23775443,-1192.9285,595538.7500,41.441,604731.6875,1999.9000,
	2026/04/30 12:01:51	,	056397	,	3605	,10.514704,1999.9000,-0.23401080,-1192.7393,595538.7500,41.439,604724.4375,1999.9000,
	2026/04/30 12:01:51	,	057397	,	3606	,10.514697,1999.9000,-0.23401080,-1192.5815,595538.7500,41.442,604720.0625,1999.9000,
	2026/04/30 12:01:51	,	058397	,	3607	,10.514691,1999.9000,-0.23401080,-1192.4503,595538.7500,41.447,604717.1875,1999.9000,
	2026/04/30 12:01:51	,	059397	,	3608	,10.514695,1999.9000,-0.23401080,-1192.3408,595538.7500,41.447,604714.7500,1999.9000,
	2026/04/30 12:01:51	,	060397	,	3609	,10.514703,1999.9000,-0.23401080,-1192.1500,595531.1250,41.452,604723.3125,1999.9000,
	2026/04/30 12:01:51	,	061397	,	3610	,10.514710,1999.9000,-0.23656960,-1191.9912,595415.4375,41.457,604830.3125,1999.9000,
	2026/04/30 12:01:51	,	062397	,	3611	,10.514711,1999.9000,-0.23886995,-1191.8586,595399.9375,41.462,604861.1250,1999.9000,
	2026/04/30 12:01:51	,	063397	,	3612	,10.514712,1999.9000,-0.23991300,-1191.3505,595386.2500,41.466,604958.9375,1999.9000,
	2026/04/30 12:01:51	,	064397	,	3613	,10.514713,1999.9000,-0.24523535,-1190.8274,595226.5625,41.470,604989.1250,1999.9000,
	2026/04/30 12:01:51	,	065397	,	3614	,10.514713,1999.9000,-0.25247049,-1190.3915,594955.5000,41.476,605075.5000,1999.9000,
	2026/04/30 12:01:51	,	066397	,	3615	,10.514718,1999.9000,-0.25843883,-1190.0283,594920.0625,41.480,605075.5000,1999.9000,
	2026/04/30 12:01:51	,	067397	,	3616	,10.514743,1999.9000,-0.26097870,-1189.7256,594908.1875,41.482,605075.5000,1999.9000,
	2026/04/30 12:01:51	,	068397	,	3617	,10.514737,1999.9000,-0.26097870,-1189.4734,594902.3125,41.481,605075.5000,1999.9000,
	2026/04/30 12:01:51	,	069397	,	3618	,10.514733,1999.9000,-0.26097870,-1189.2632,594898.7500,41.480,605075.5000,1999.9000,
	2026/04/30 12:01:51	,	070397	,	3619	,10.514711,1999.9000,-0.26097870,-1189.0880,594896.4375,41.479,605065.2500,1999.9000,
	2026/04/30 12:01:51	,	071397	,	3620	,10.514678,1999.9000,-0.26097870,-1189.1410,594907.6250,41.479,604935.9375,1999.9000,
	2026/04/30 12:01:51	,	072397	,	3621	,10.514649,1999.9000,-0.26070243,-1189.5830,595002.5000,41.481,604901.5625,1999.9000,
	2026/04/30 12:01:51	,	073397	,	3622	,10.514630,1999.9000,-0.25780860,-1190.1504,595009.0625,41.480,604801.3125,1999.9000,
	2026/04/30 12:01:51	,	074397	,	3623	,10.514627,1999.9000,-0.25494733,-1190.6233,595122.3125,41.479,604768.0625,1999.9000,
	2026/04/30 12:01:51	,	075397	,	3624	,10.514622,1999.9000,-0.24897897,-1191.0171,595401.1250,41.482,604681.6875,1999.9000,
	2026/04/30 12:01:51	,	076397	,	3625	,10.514618,1999.9000,-0.24515973,-1190.7485,595520.3125,41.484,604681.6875,1999.9000,
	2026/04/30 12:01:51	,	077397	,	3626	,10.514624,1999.9000,-0.24515973,-1190.5249,595520.3125,41.485,604681.6875,1999.9000,
	2026/04/30 12:01:51	,	078397	,	3627	,10.514620,1999.9000,-0.24515973,-1190.3384,595520.3125,41.487,604681.6875,1999.9000,
	2026/04/30 12:01:51	,	079397	,	3628	,10.514617,1999.9000,-0.24515973,-1190.1830,595520.3125,41.488,604681.6875,1999.9000,
	2026/04/30 12:01:51	,	080397	,	3629	,10.514614,1999.9000,-0.24515973,-1190.0535,595520.3125,41.489,604691.0625,1999.9000,
	2026/04/30 12:01:51	,	081397	,	3630	,10.514622,1999.9000,-0.24742228,-1189.9456,595427.9375,41.488,604804.3125,1999.9000,
	2026/04/30 12:01:51	,	082397	,	3631	,10.514627,1999.9000,-0.24833298,-1189.8557,595405.0000,41.487,604833.0000,1999.9000,
	2026/04/30 12:01:51	,	083397	,	3632	,10.514623,1999.9000,-0.24899158,-1189.8802,595393.6250,41.487,604929.9375,1999.9000,
	2026/04/30 12:01:51	,	084397	,	3633	,10.514619,1999.9000,-0.25166377,-1190.1991,595296.3125,41.485,604961.3125,1999.9000,
	2026/04/30 12:01:51	,	085397	,	3634	,10.514606,1999.9000,-0.25619519,-1190.4648,595056.7500,41.483,605064.6250,1999.9000,
	2026/04/30 12:01:51	,	086397	,	3635	,10.514594,1999.9000,-0.25928965,-1190.6863,594862.5000,41.483,605064.6250,1999.9000,
	2026/04/30 12:01:51	,	087397	,	3636	,10.514585,1999.9000,-0.25928965,-1190.8708,594862.5000,41.484,605064.6250,1999.9000,
	2026/04/30 12:01:51	,	088397	,	3637	,10.514577,1999.9000,-0.25928965,-1191.0245,594862.5000,41.484,605064.6250,1999.9000,
	2026/04/30 12:01:51	,	089397	,	3638	,10.514571,1999.9000,-0.25928965,-1191.0532,594862.5000,41.487,605064.6250,1999.9000,
	2026/04/30 12:01:51	,	090397	,	3639	,10.514565,1999.9000,-0.25928965,-1191.0770,594862.5000,41.490,605057.9375,1999.9000,
	2026/04/30 12:01:51	,	091397	,	3640	,10.514566,1999.9000,-0.25588638,-1191.0970,594957.8750,41.492,604950.5000,1999.9000,
	2026/04/30 12:01:51	,	092397	,	3641	,10.514596,1999.9000,-0.25285494,-1191.1136,594976.6250,41.490,604916.6250,1999.9000,
	2026/04/30 12:01:51	,	093397	,	3642	,10.514621,1999.9000,-0.25035289,-1191.0278,594985.4375,41.489,604811.5625,1999.9000,
	2026/04/30 12:01:51	,	094397	,	3643	,10.514646,1999.9000,-0.24798951,-1191.0560,595001.7500,41.489,604774.6875,1999.9000,
	2026/04/30 12:01:51	,	095397	,	3644	,10.514668,1999.9000,-0.24253163,-1191.0795,595292.6875,41.488,604682.3125,1999.9000,
	2026/04/30 12:01:51	,	096397	,	3645	,10.514681,1999.9000,-0.23725654,-1191.3975,595543.5000,41.486,604682.3125,1999.9000,
	2026/04/30 12:01:51	,	097397	,	3646	,10.514691,1999.9000,-0.23725654,-1191.3640,595543.5000,41.478,604682.3125,1999.9000,
	2026/04/30 12:01:51	,	098397	,	3647	,10.514701,1999.9000,-0.23725654,-1191.3361,595543.5000,41.470,604682.3125,1999.9000,
	2026/04/30 12:01:51	,	099397	,	3648	,10.514709,1999.9000,-0.23725654,-1191.3129,595543.5000,41.460,604682.3125,1999.9000,
	2026/04/30 12:01:51	,	100397	,	3649	,10.514749,1999.9000,-0.23725654,-1190.8956,595543.5000,41.452,604688.5000,1999.9000,
	2026/04/30 12:01:51	,	101397	,	3650	,10.514783,1999.9000,-0.24086779,-1190.4485,595422.0000,41.445,604780.1250,1999.9000,
	2026/04/30 12:01:51	,	102397	,	3651	,10.514782,1999.9000,-0.24449797,-1190.0758,595397.2500,41.442,604810.9375,1999.9000,
	2026/04/30 12:01:51	,	103397	,	3652	,10.514771,1999.9000,-0.24765547,-1189.7653,595383.6875,41.440,604910.5625,1999.9000,
	2026/04/30 12:01:51	,	104397	,	3653	,10.514751,1999.9000,-0.25075623,-1189.7653,595368.2500,41.438,604945.9375,1999.9000,
	2026/04/30 12:01:51	,	105397	,	3654	,10.514736,1999.9000,-0.25714687,-1189.2908,595162.1875,41.434,605052.0000,1999.9000,
	2026/04/30 12:01:51	,	106397	,	3655	,10.514724,1999.9000,-0.26509413,-1189.1110,594882.1875,41.430,605054.6875,1999.9000,
	2026/04/30 12:01:51	,	107397	,	3656	,10.514713,1999.9000,-0.26893863,-1188.9612,594882.1875,41.427,605055.5625,1999.9000,
	2026/04/30 12:01:51	,	108397	,	3657	,10.514703,1999.9000,-0.26893863,-1188.8363,594882.1875,41.427,605056.0000,1999.9000,
	2026/04/30 12:01:51	,	109397	,	3658	,10.514695,1999.9000,-0.26893863,-1189.0308,594882.1875,41.427,605056.2500,1999.9000,
	2026/04/30 12:01:51	,	110397	,	3659	,10.514693,1999.9000,-0.26893863,-1189.1927,594882.1875,41.432,605056.4375,1999.9000,
	2026/04/30 12:01:51	,	111397	,	3660	,10.514691,1999.9000,-0.26893863,-1189.6261,594889.3750,41.432,605043.2500,1999.9000,
	2026/04/30 12:01:51	,	112397	,	3661	,10.514691,1999.9000,-0.26552901,-1190.1864,594991.8125,41.427,604903.3750,1999.9000,
	2026/04/30 12:01:51	,	113397	,	3662	,10.514690,1999.9000,-0.26215726,-1190.7527,595003.1250,41.427,604874.1250,1999.9000,
	2026/04/30 12:01:51	,	114397	,	3663	,10.514688,1999.9000,-0.25880438,-1191.3240,595012.6875,41.431,604775.9375,1999.9000,
	2026/04/30 12:01:51	,	115397	,	3664	,10.514688,1999.9000,-0.25258392,-1191.8000,595193.1875,41.433,604741.8125,1999.9000,
	2026/04/30 12:01:51	,	116397	,	3665	,10.514698,1999.9000,-0.24470596,-1192.1969,595491.1250,41.433,604728.8125,1999.9000,
	2026/04/30 12:01:51	,	117397	,	3666	,10.514716,1999.9000,-0.23961994,-1192.1969,595491.1250,41.429,604722.3125,1999.9000,
	2026/04/30 12:01:51	,	118397	,	3667	,10.514721,1999.9000,-0.23961994,-1192.6270,595491.1250,41.426,604718.4375,1999.9000,
	2026/04/30 12:01:51	,	119397	,	3668	,10.514725,1999.9000,-0.23961994,-1192.9855,595491.1250,41.423,604715.8125,1999.9000,
	2026/04/30 12:01:51	,	120397	,	3669	,10.514729,1999.9000,-0.23961994,-1193.2841,595491.1250,41.421,604713.6875,1999.9000,
	2026/04/30 12:01:51	,	121397	,	3670	,10.514736,1999.9000,-0.23961994,-1193.5330,595490.1250,41.420,604724.5000,1999.9000,
	2026/04/30 12:01:51	,	122397	,	3671	,10.514744,1999.9000,-0.24226063,-1193.7405,595402.3125,41.418,604841.7500,1999.9000,
	2026/04/30 12:01:51	,	123397	,	3672	,10.514749,1999.9000,-0.24447908,-1193.8138,595389.1875,41.417,604867.4375,1999.9000,
	2026/04/30 12:01:51	,	124397	,	3673	,10.514759,1999.9000,-0.24667861,-1193.7755,595380.6875,41.416,604954.6875,1999.9000,
	2026/04/30 12:01:51	,	125397	,	3674	,10.514762,1999.9000,-0.25130454,-1193.4451,595256.9375,41.415,604985.8125,1999.9000,
	2026/04/30 12:01:51	,	126397	,	3675	,10.514754,1999.9000,-0.25871614,-1192.7719,594993.6250,41.416,605009.5000,1999.9000,
	2026/04/30 12:01:51	,	127397	,	3676	,10.514748,1999.9000,-0.26416770,-1192.2108,594898.8750,41.418,605021.3125,1999.9000,
	2026/04/30 12:01:51	,	128397	,	3677	,10.514737,1999.9000,-0.26416770,-1191.7434,594898.8750,41.418,605028.4375,1999.9000,
	2026/04/30 12:01:51	,	129397	,	3678	,10.514724,1999.9000,-0.26416770,-1191.3538,594898.8750,41.414,605033.1250,1999.9000,
	2026/04/30 12:01:51	,	130397	,	3679	,10.514713,1999.9000,-0.26416770,-1191.0291,594898.8750,41.412,605037.0625,1999.9000,
	2026/04/30 12:01:51	,	131397	,	3680	,10.514709,1999.9000,-0.26416770,-1190.9575,594898.8750,41.413,605027.5625,1999.9000,
	2026/04/30 12:01:51	,	132397	,	3681	,10.514699,1999.9000,-0.26098499,-1191.4946,594983.5000,41.414,604913.0000,1999.9000,
	2026/04/30 12:01:51	,	133397	,	3682	,10.514693,1999.9000,-0.25807330,-1191.9423,594996.6250,41.415,604882.1875,1999.9000,
	2026/04/30 12:01:51	,	134397	,	3683	,10.514688,1999.9000,-0.25555235,-1192.3154,595002.3750,41.416,604783.8125,1999.9000,
	2026/04/30 12:01:51	,	135397	,	3684	,10.514683,1999.9000,-0.25156295,-1192.6262,595109.8125,41.418,604755.4375,1999.9000,
	2026/04/30 12:01:51	,	136397	,	3685	,10.514709,1999.9000,-0.24423958,-1192.8853,595390.4375,41.420,604735.6875,1999.9000,
	2026/04/30 12:01:51	,	137397	,	3686	,10.514729,1999.9000,-0.23809475,-1192.8027,595526.2500,41.422,604725.7500,1999.9000,
	2026/04/30 12:01:51	,	138397	,	3687	,10.514758,1999.9000,-0.23809475,-1192.6346,595526.2500,41.423,604719.8750,1999.9000,
	2026/04/30 12:01:51	,	139397	,	3688	,10.514771,1999.9000,-0.23809475,-1192.3949,595526.2500,41.427,604715.9375,1999.9000,
	2026/04/30 12:01:51	,	140397	,	3689	,10.514782,1999.9000,-0.23809475,-1192.0957,595526.2500,41.427,604712.6875,1999.9000,
	2026/04/30 12:01:51	,	141397	,	3690	,10.514791,1999.9000,-0.23809475,-1191.8464,595526.2500,41.428,604721.2500,1999.9000,
	2026/04/30 12:01:51	,	142397	,	3691	,10.514798,1999.9000,-0.23809475,-1191.4397,595423.1875,41.429,604841.1250,1999.9000,
	2026/04/30 12:01:51	,	143397	,	3692	,10.514805,1999.9000,-0.23836891,-1191.1007,595399.6250,41.431,604873.1250,1999.9000,
	2026/04/30 12:01:51	,	144397	,	3693	,10.514819,1999.9000,-0.24251904,-1190.5199,595388.2500,41.431,604969.7500,1999.9000,
	2026/04/30 12:01:51	,	145397	,	3694	,10.514816,1999.9000,-0.24495806,-1189.9364,595305.1875,41.430,604999.3750,1999.9000,
	2026/04/30 12:01:51	,	146397	,	3695	,10.514794,1999.9000,-0.24832352,-1189.4501,595081.1875,41.432,605090.5625,1999.9000,
	2026/04/30 12:01:51	,	147397	,	3696	,10.514776,1999.9000,-0.25525615,-1189.0448,594847.6250,41.434,605090.5625,1999.9000,
	2026/04/30 12:01:51	,	148397	,	3697	,10.514776,1999.9000,-0.26048711,-1188.8066,594847.6250,41.435,605090.5625,1999.9000,
	2026/04/30 12:01:51	,	149397	,	3698	,10.514782,1999.9000,-0.26048711,-1188.7076,594847.6250,41.436,605090.5625,1999.9000,
	2026/04/30 12:01:51	,	150397	,	3699	,10.514786,1999.9000,-0.26048711,-1188.9235,594847.6250,41.434,605090.5625,1999.9000,
	2026/04/30 12:01:51	,	151397	,	3700	,10.514790,1999.9000,-0.26048711,-1189.4017,594847.6250,41.434,605079.3125,1999.9000,
	2026/04/30 12:01:51	,	152397	,	3701	,10.514788,1999.9000,-0.26048711,-1189.8003,594943.5000,41.433,604945.6250,1999.9000,
	2026/04/30 12:01:51	,	153397	,	3702	,10.514786,1999.9000,-0.25675610,-1190.1324,594961.6875,41.435,604913.6875,1999.9000,
	2026/04/30 12:01:51	,	154397	,	3703	,10.514785,1999.9000,-0.25367424,-1190.4093,594970.9375,41.437,604821.8125,1999.9000,
	2026/04/30 12:01:51	,	155397	,	3704	,10.514783,1999.9000,-0.25148100,-1190.8390,594988.1875,41.439,604794.6875,1999.9000,
	2026/04/30 12:01:51	,	156397	,	3705	,10.514782,1999.9000,-0.24899788,-1190.9980,595278.4375,41.440,604712.5000,1999.9000,
	2026/04/30 12:01:51	,	157397	,	3706	,10.514776,1999.9000,-0.24302323,-1191.1305,595568.0000,41.442,604712.5000,1999.9000,
	2026/04/30 12:01:51	,	158397	,	3707	,10.514761,1999.9000,-0.23738888,-1191.4399,595568.0000,41.443,604712.5000,1999.9000,
	2026/04/30 12:01:51	,	159397	,	3708	,10.514729,1999.9000,-0.23738888,-1191.6978,595568.0000,41.451,604712.5000,1999.9000,
	2026/04/30 12:01:51	,	160397	,	3709	,10.514698,1999.9000,-0.23738888,-1191.9126,595568.0000,41.458,604712.5000,1999.9000,
	2026/04/30 12:01:51	,	161397	,	3710	,10.514672,1999.9000,-0.23738888,-1192.0917,595568.0000,41.458,604720.5000,1999.9000,
	2026/04/30 12:01:51	,	162397	,	3711	,10.514649,1999.9000,-0.23738888,-1192.2410,595568.0000,41.456,604821.1875,1999.9000,
	2026/04/30 12:01:51	,	163397	,	3712	,10.514630,1999.9000,-0.23760319,-1192.3654,595441.0625,41.450,604845.3750,1999.9000,
	2026/04/30 12:01:51	,	164397	,	3713	,10.514615,1999.9000,-0.24060941,-1192.4689,595408.5625,41.445,604930.5625,1999.9000,
	2026/04/30 12:01:51	,	165397	,	3714	,10.514603,1999.9000,-0.24143504,-1192.5553,595389.5625,41.441,604967.1250,1999.9000,
	2026/04/30 12:01:51	,	166397	,	3715	,10.514592,1999.9000,-0.24406941,-1192.6273,595374.0000,41.444,605077.3125,1999.9000,
	2026/04/30 12:01:51	,	167397	,	3716	,10.514584,1999.9000,-0.24937603,-1192.6873,595165.8125,41.452,605077.3125,1999.9000,
	2026/04/30 12:01:51	,	168397	,	3717	,10.514576,1999.9000,-0.25560278,-1192.6377,594878.6250,41.456,605077.3125,1999.9000,
	2026/04/30 12:01:51	,	169397	,	3718	,10.514575,1999.9000,-0.25634015,-1192.5964,594878.6250,41.461,605077.3125,1999.9000,
	2026/04/30 12:01:51	,	170397	,	3719	,10.514574,1999.9000,-0.25658596,-1192.5620,594878.6250,41.464,605077.3125,1999.9000,
	2026/04/30 12:01:51	,	171397	,	3720	,10.514578,1999.9000,-0.25670886,-1192.5333,594878.6250,41.468,605074.6250,1999.9000,
	2026/04/30 12:01:51	,	172397	,	3721	,10.514591,1999.9000,-0.25678259,-1192.5095,594878.6250,41.471,604989.1250,1999.9000,
	2026/04/30 12:01:51	,	173397	,	3722	,10.514602,1999.9000,-0.25683174,-1192.4896,594881.8750,41.471,604951.0625,1999.9000,
	2026/04/30 12:01:51	,	174397	,	3723	,10.514611,1999.9000,-0.25652188,-1192.3737,594968.6250,41.472,604839.9375,1999.9000,
	2026/04/30 12:01:51	,	175397	,	3724	,10.514620,1999.9000,-0.25295579,-1192.2770,594978.7500,41.472,604807.3125,1999.9000,
	2026/04/30 12:01:51	,	176397	,	3725	,10.514627,1999.9000,-0.25195998,-1192.1964,594988.6875,41.471,604807.3125,1999.9000,
	2026/04/30 12:01:51	,	177397	,	3726	,10.514657,1999.9000,-0.24612400,-1192.1292,595168.1875,41.469,604719.7500,1999.9000,
	2026/04/30 12:01:51	,	178397	,	3727	,10.514697,1999.9000,-0.24004219,-1192.0732,595469.0625,41.467,604719.7500,1999.9000,
	2026/04/30 12:01:51	,	179397	,	3728	,10.514729,1999.9000,-0.24004219,-1192.0265,595481.8750,41.465,604719.7500,1999.9000,
	2026/04/30 12:01:51	,	180397	,	3729	,10.514743,1999.9000,-0.24004219,-1191.3907,595486.1875,41.465,604719.7500,1999.9000,
	2026/04/30 12:01:51	,	181397	,	3730	,10.514752,1999.9000,-0.24004219,-1190.8610,595488.3125,41.465,604719.7500,1999.9000,
	2026/04/30 12:01:51	,	182397	,	3731	,10.514762,1999.9000,-0.24004219,-1190.5190,595489.5625,41.461,604724.4375,1999.9000,
	2026/04/30 12:01:51	,	183397	,	3732	,10.514762,1999.9000,-0.24244970,-1190.2341,595490.4375,41.457,604813.3750,1999.9000,
	2026/04/30 12:01:51	,	184397	,	3733	,10.514770,1999.9000,-0.24609879,-1189.7977,595477.4375,41.454,604835.1250,1999.9000,
	2026/04/30 12:01:51	,	185397	,	3734	,10.514775,1999.9000,-0.24960920,-1189.4340,595373.7500,41.454,604859.0625,1999.9000,
	2026/04/30 12:01:51	,	186397	,	3735	,10.514780,1999.9000,-0.25269106,-1189.3297,595360.9375,41.456,604966.1875,1999.9000,
	2026/04/30 12:01:51	,	187397	,	3736	,10.514785,1999.9000,-0.25796616,-1189.2429,595252.1875,41.458,604995.4375,1999.9000,
	2026/04/30 12:01:51	,	188397	,	3737	,10.514789,1999.9000,-0.26542819,-1188.9717,594997.1875,41.461,605012.4375,1999.9000,
	2026/04/30 12:01:51	,	189397	,	3738	,10.514786,1999.9000,-0.27105621,-1188.7456,594888.7500,41.463,605020.9375,1999.9000,
	2026/04/30 12:01:51	,	190397	,	3739	,10.514785,1999.9000,-0.27105621,-1188.4578,594888.7500,41.465,605026.0625,1999.9000,
	2026/04/30 12:01:51	,	191397	,	3740	,10.514764,1999.9000,-0.27105621,-1188.2179,594888.7500,41.471,605029.5000,1999.9000,
	2026/04/30 12:01:51	,	192397	,	3741	,10.514746,1999.9000,-0.27105621,-1188.2170,594888.7500,41.480,605032.3750,1999.9000,
	2026/04/30 12:01:51	,	193397	,	3742	,10.514731,1999.9000,-0.27105621,-1188.3157,594888.7500,41.487,605023.0000,1999.9000,
	2026/04/30 12:01:51	,	194397	,	3743	,10.514714,1999.9000,-0.26835248,-1188.3979,594969.7500,41.489,604909.4375,1999.9000,
	2026/04/30 12:01:51	,	195397	,	3744	,10.514700,1999.9000,-0.26572439,-1188.4664,594980.5000,41.502,604763.8125,1999.9000,
	2026/04/30 12:01:51	,	196397	,	3745	,10.514693,1999.9000,-0.26298285,-1188.6230,594986.6875,41.502,604763.8125,1999.9000,
	2026/04/30 12:01:51	,	197397	,	3746	,10.514688,1999.9000,-0.25802290,-1188.7535,595083.5625,41.506,604732.4375,1999.9000,
	2026/04/30 12:01:51	,	198397	,	3747	,10.514691,1999.9000,-0.25030878,-1188.8623,595354.6875,41.507,604721.7500,1999.9000,
	2026/04/30 12:01:51	,	199397	,	3748	,10.514707,1999.9000,-0.24526057,-1188.9529,595553.0625,41.508,604716.3750,1999.9000,
	2026/04/30 12:01:51	,	200397	,	3749	,10.514717,1999.9000,-0.24526057,-1189.1279,595553.0625,41.504,604713.1875,1999.9000,
	2026/04/30 12:01:51	,	201397	,	3750	,10.514728,1999.9000,-0.24526057,-1189.2738,595553.0625,41.499,604711.0000,1999.9000,
	2026/04/30 12:01:51	,	202397	,	3751	,10.514736,1999.9000,-0.24526057,-1189.5942,595553.0625,41.495,604709.1875,1999.9000,
	2026/04/30 12:01:51	,	203397	,	3752	,10.514743,1999.9000,-0.24526057,-1189.8613,595553.0625,41.492,604718.0625,1999.9000,
	2026/04/30 12:01:51	,	204397	,	3753	,10.514758,1999.9000,-0.24800840,-1189.6859,595426.7500,41.484,604820.0625,1999.9000,
	2026/04/30 12:01:51	,	205397	,	3754	,10.514771,1999.9000,-0.25025204,-1189.5398,595401.1250,41.478,604849.6250,1999.9000,
	2026/04/30 12:01:51	,	206397	,	3755	,10.514788,1999.9000,-0.25111550,-1189.4181,595387.1875,41.472,604949.8750,1999.9000,
	2026/04/30 12:01:51	,	207397	,	3756	,10.514801,1999.9000,-0.25477716,-1189.6150,595368.6250,41.466,604983.6875,1999.9000,
	2026/04/30 12:01:51	,	208397	,	3757	,10.514791,1999.9000,-0.26084006,-1189.7792,595115.1250,41.461,605073.0625,1999.9000,
	2026/04/30 12:01:51	,	209397	,	3758	,10.514783,1999.9000,-0.26161209,-1189.6176,594824.3750,41.458,605073.0625,1999.9000,
	2026/04/30 12:01:51	,	210397	,	3759	,10.514792,1999.9000,-0.26186943,-1189.4828,594824.3750,41.454,605073.0625,1999.9000,
	2026/04/30 12:01:51	,	211397	,	3760	,10.514805,1999.9000,-0.26199812,-1189.2710,594824.3750,41.450,605073.0625,1999.9000,
	2026/04/30 12:01:51	,	212397	,	3761	,10.514815,1999.9000,-0.26207530,-1189.0946,594824.3750,41.448,605073.0625,1999.9000,
	2026/04/30 12:01:51	,	213397	,	3762	,10.514819,1999.9000,-0.26212677,-1188.9475,594824.3750,41.448,605060.5625,1999.9000,
	2026/04/30 12:01:51	,	214397	,	3763	,10.514822,1999.9000,-0.25831911,-1188.8251,594931.6250,41.448,604934.1250,1999.9000,
	2026/04/30 12:01:51	,	215397	,	3764	,10.514805,1999.9000,-0.25499144,-1188.5240,594957.2500,41.451,604900.0625,1999.9000,
	2026/04/30 12:01:51	,	216397	,	3765	,10.514780,1999.9000,-0.25245160,-1188.2731,594971.1875,41.450,604791.6250,1999.9000,
	2026/04/30 12:01:51	,	217397	,	3766	,10.514760,1999.9000,-0.24945165,-1188.3624,594988.2500,41.450,604757.8125,1999.9000,
	2026/04/30 12:01:51	,	218397	,	3767	,10.514744,1999.9000,-0.24299802,-1188.4369,595250.4375,41.451,604733.2500,1999.9000,
	2026/04/30 12:01:51	,	219397	,	3768	,10.514729,1999.9000,-0.23696032,-1188.4989,595550.6875,41.457,604720.9375,1999.9000,
	2026/04/30 12:01:51	,	220397	,	3769	,10.514703,1999.9000,-0.23696032,-1188.9485,595550.6875,41.461,604713.5625,1999.9000,
	2026/04/30 12:01:51	,	221397	,	3770	,10.514676,1999.9000,-0.23696032,-1189.3232,595550.6875,41.465,604708.6250,1999.9000,
	2026/04/30 12:01:51	,	222397	,	3771	,10.514653,1999.9000,-0.23696032,-1189.6354,595550.6875,41.468,604704.5625,1999.9000,
	2026/04/30 12:01:51	,	223397	,	3772	,10.514639,1999.9000,-0.23696032,-1189.8955,595550.6875,41.471,604710.8125,1999.9000,
	2026/04/30 12:01:51	,	224397	,	3773	,10.514627,1999.9000,-0.23701283,-1190.3113,595458.9375,41.469,604810.3125,1999.9000,
	2026/04/30 12:01:51	,	225397	,	3774	,10.514637,1999.9000,-0.23958842,-1190.7573,595427.1250,41.470,604836.0000,1999.9000,
	2026/04/30 12:01:51	,	226397	,	3775	,10.514646,1999.9000,-0.24046130,-1191.3279,595407.9375,41.471,604923.8750,1999.9000,
	2026/04/30 12:01:51	,	227397	,	3776	,10.514651,1999.9000,-0.24321860,-1191.8033,595392.5625,41.468,604961.6875,1999.9000,
	2026/04/30 12:01:51	,	228397	,	3777	,10.514663,1999.9000,-0.24841176,-1192.0006,595218.1875,41.466,605076.6875,1999.9000,
	2026/04/30 12:01:51	,	229397	,	3778	,10.514676,1999.9000,-0.25428557,-1191.8666,594936.3750,41.468,605076.6875,1999.9000,
	2026/04/30 12:01:51	,	230397	,	3779	,10.514688,1999.9000,-0.25428557,-1192.0532,594923.8750,41.469,605076.6875,1999.9000,
	2026/04/30 12:01:51	,	231397	,	3780	,10.514698,1999.9000,-0.25428557,-1192.2090,594919.6875,41.467,605076.6875,1999.9000,
	2026/04/30 12:01:51	,	232397	,	3781	,10.514701,1999.9000,-0.25428557,-1192.3385,594917.6250,41.468,605076.6875,1999.9000,
	2026/04/30 12:01:51	,	233397	,	3782	,10.514698,1999.9000,-0.25428557,-1192.6456,594916.3125,41.472,605065.6250,1999.9000,
	2026/04/30 12:01:51	,	234397	,	3783	,10.514696,1999.9000,-0.25415847,-1192.7025,594915.5000,41.476,604940.1875,1999.9000,
	2026/04/30 12:01:51	,	235397	,	3784	,10.514699,1999.9000,-0.25073102,-1192.1531,594927.4375,41.479,604912.6875,1999.9000,
	2026/04/30 12:01:51	,	236397	,	3785	,10.514703,1999.9000,-0.24969429,-1191.6952,595009.1250,41.481,604813.3750,1999.9000,
	2026/04/30 12:01:51	,	237397	,	3786	,10.514699,1999.9000,-0.24711347,-1191.4131,595014.4375,41.477,604773.1875,1999.9000,
	2026/04/30 12:01:51	,	238397	,	3787	,10.514693,1999.9000,-0.24268919,-1191.6754,595150.9375,41.474,604673.1875,1999.9000,
	2026/04/30 12:01:51	,	239397	,	3788	,10.514688,1999.9000,-0.23708008,-1191.3967,595438.6875,41.471,604673.1875,1999.9000,
	2026/04/30 12:01:51	,	240397	,	3789	,10.514683,1999.9000,-0.23708008,-1191.6617,595455.4375,41.472,604673.1875,1999.9000,
	2026/04/30 12:01:51	,	241397	,	3790	,10.514679,1999.9000,-0.23708008,-1191.8826,595460.9375,41.469,604673.1875,1999.9000,
	2026/04/30 12:01:51	,	242397	,	3791	,10.514675,1999.9000,-0.23708008,-1191.5693,595463.7500,41.467,604673.1875,1999.9000,
	2026/04/30 12:01:51	,	243397	,	3792	,10.514668,1999.9000,-0.23708008,-1191.3082,595465.4375,41.465,604682.1875,1999.9000,
	2026/04/30 12:01:51	,	244397	,	3793	,10.514661,1999.9000,-0.23950019,-1191.0907,595466.5625,41.464,604803.6875,1999.9000,
	2026/04/30 12:01:51	,	245397	,	3794	,10.514657,1999.9000,-0.24239299,-1190.6110,595380.8750,41.463,604831.1875,1999.9000,
	2026/04/30 12:01:51	,	246397	,	3795	,10.514661,1999.9000,-0.24475637,-1190.2112,595367.8125,41.463,604914.2500,1999.9000,
	2026/04/30 12:01:51	,	247397	,	3796	,10.514666,1999.9000,-0.24562925,-1189.8781,595360.0625,41.462,604942.3125,1999.9000,
	2026/04/30 12:01:51	,	248397	,	3797	,10.514665,1999.9000,-0.25085708,-1189.3019,595268.8125,41.461,605042.8750,1999.9000,
	2026/04/30 12:01:51	,	249397	,	3798	,10.514678,1999.9000,-0.25782752,-1188.8219,595031.1250,41.459,605042.8750,1999.9000,
	2026/04/30 12:01:51	,	250397	,	3799	,10.514688,1999.9000,-0.26061946,-1188.4220,594853.0000,41.451,605042.8750,1999.9000,
	2026/04/30 12:01:51	,	251397	,	3800	,10.514698,1999.9000,-0.26061946,-1187.9891,594853.0000,41.444,605042.8750,1999.9000,
	2026/04/30 12:01:51	,	252397	,	3801	,10.514707,1999.9000,-0.26061946,-1187.7278,594853.0000,41.439,605042.8750,1999.9000,
	2026/04/30 12:01:51	,	253397	,	3802	,10.514712,1999.9000,-0.26061946,-1187.6096,594853.0000,41.437,605042.0000,1999.9000,
	2026/04/30 12:01:51	,	254397	,	3803	,10.514709,1999.9000,-0.26061946,-1187.7102,594853.0000,41.434,605029.2500,1999.9000,
	2026/04/30 12:01:51	,	255397	,	3804	,10.514704,1999.9000,-0.25798506,-1188.0923,594947.7500,41.430,604904.5625,1999.9000,
	2026/04/30 12:01:51	,	256397	,	3805	,10.514711,1999.9000,-0.25700188,-1188.4106,594968.0000,41.424,604866.8125,1999.9000,
	2026/04/30 12:01:51	,	257397	,	3806	,10.514717,1999.9000,-0.25632966,-1188.6760,594981.5625,41.419,604761.4375,1999.9000,
	2026/04/30 12:01:51	,	258397	,	3807	,10.514712,1999.9000,-0.25215536,-1188.8972,595079.3750,41.419,604733.0000,1999.9000,
	2026/04/30 12:01:51	,	259397	,	3808	,10.514703,1999.9000,-0.24654625,-1189.0814,595331.4375,41.421,604723.5625,1999.9000,
	2026/04/30 12:01:51	,	260397	,	3809	,10.514666,1999.9000,-0.24630991,-1189.4340,595563.7500,41.422,604718.8750,1999.9000,
	2026/04/30 12:01:51	,	261397	,	3810	,10.514665,1999.9000,-0.24623114,-1189.8271,595563.7500,41.423,604716.0000,1999.9000,
	2026/04/30 12:01:51	,	262397	,	3811	,10.514653,1999.9000,-0.24619174,-1190.2544,595563.7500,41.426,604714.1250,1999.9000,
	2026/04/30 12:01:51	,	263397	,	3812	,10.514645,1999.9000,-0.24616811,-1190.6104,595563.7500,41.437,604714.4375,1999.9000,
	2026/04/30 12:01:51	,	264397	,	3813	,10.514637,1999.9000,-0.24615236,-1191.3048,595563.7500,41.446,604725.2500,1999.9000,
	2026/04/30 12:01:51	,	265397	,	3814	,10.514630,1999.9000,-0.24869537,-1191.8837,595444.0625,41.454,604831.5000,1999.9000,
	2026/04/30 12:01:51	,	266397	,	3815	,10.514630,1999.9000,-0.25081927,-1192.3660,595413.0625,41.461,604862.3125,1999.9000,
	2026/04/30 12:01:51	,	267397	,	3816	,10.514636,1999.9000,-0.25163856,-1192.7679,595395.0000,41.466,604957.1250,1999.9000,
	2026/04/30 12:01:51	,	268397	,	3817	,10.514669,1999.9000,-0.25531286,-1193.1029,595312.9375,41.471,604991.5625,1999.9000,
	2026/04/30 12:01:51	,	269397	,	3818	,10.514697,1999.9000,-0.26112995,-1193.3820,595115.1250,41.468,605011.6875,1999.9000,
	2026/04/30 12:01:51	,	270397	,	3819	,10.514721,1999.9000,-0.26112995,-1193.3162,594831.5000,41.466,605021.8125,1999.9000,
	2026/04/30 12:01:51	,	271397	,	3820	,10.514740,1999.9000,-0.26112995,-1192.8634,594831.5000,41.465,605027.8750,1999.9000,
	2026/04/30 12:01:51	,	272397	,	3821	,10.514755,1999.9000,-0.26112995,-1192.4861,594831.5000,41.463,605031.8750,1999.9000,
	2026/04/30 12:01:51	,	273397	,	3822	,10.514759,1999.9000,-0.26112995,-1192.1716,594831.5000,41.461,605035.1875,1999.9000,
	2026/04/30 12:01:51	,	274397	,	3823	,10.514757,1999.9000,-0.26083270,-1191.8102,594831.5000,41.459,605027.8750,1999.9000,
	2026/04/30 12:01:51	,	275397	,	3824	,10.514750,1999.9000,-0.25554606,-1191.4095,594925.6250,41.457,604928.1250,1999.9000,
	2026/04/30 12:01:51	,	276397	,	3825	,10.514739,1999.9000,-0.25222471,-1191.1750,594948.6250,41.457,604896.1250,1999.9000,
	2026/04/30 12:01:51	,	277397	,	3826	,10.514725,1999.9000,-0.24936971,-1191.0792,594961.2500,41.457,604794.0625,1999.9000,
	2026/04/30 12:01:51	,	278397	,	3827	,10.514694,1999.9000,-0.24575216,-1190.9993,594976.5000,41.454,604768.0625,1999.9000,
	2026/04/30 12:01:51	,	279397	,	3828	,10.514657,1999.9000,-0.23887624,-1190.9326,595218.1875,41.451,604684.1250,1999.9000,
	2026/04/30 12:01:51	,	280397	,	3829	,10.514657,1999.9000,-0.23301505,-1191.0762,595516.7500,41.449,604684.1250,1999.9000,
	2026/04/30 12:01:51	,	281397	,	3830	,10.514657,1999.9000,-0.23301505,-1190.7977,595516.7500,41.446,604684.1250,1999.9000,
	2026/04/30 12:01:51	,	282397	,	3831	,10.514652,1999.9000,-0.23301505,-1190.5658,595516.7500,41.444,604684.1250,1999.9000,
	2026/04/30 12:01:51	,	283397	,	3832	,10.514648,1999.9000,-0.23301505,-1190.3726,595516.7500,41.445,604684.1250,1999.9000,
	2026/04/30 12:01:51	,	284397	,	3833	,10.514646,1999.9000,-0.23301505,-1190.2114,595516.7500,41.448,604694.7500,1999.9000,
	2026/04/30 12:01:51	,	285397	,	3834	,10.514657,1999.9000,-0.23332071,-1189.9777,595507.1875,41.451,604804.8750,1999.9000,
	2026/04/30 12:01:51	,	286397	,	3835	,10.514672,1999.9000,-0.23818929,-1189.7828,595382.6875,41.457,604836.6250,1999.9000,
	2026/04/30 12:01:51	,	287397	,	3836	,10.514699,1999.9000,-0.24111360,-1189.6205,595372.2500,41.465,604934.1250,1999.9000,
	2026/04/30 12:01:51	,	288397	,	3837	,10.514722,1999.9000,-0.24410093,-1189.3859,595362.0000,41.471,604967.3750,1999.9000,
	2026/04/30 12:01:51	,	289397	,	3838	,10.514742,1999.9000,-0.25029615,-1188.9913,595223.5625,41.476,605081.5625,1999.9000,
	2026/04/30 12:01:51	,	290397	,	3839	,10.514758,1999.9000,-0.25671199,-1188.6626,594967.3750,41.481,605081.5625,1999.9000,
	2026/04/30 12:01:51	,	291397	,	3840	,10.514771,1999.9000,-0.25704601,-1188.5875,594941.1875,41.483,605081.5625,1999.9000,
	2026/04/30 12:01:51	,	292397	,	3841	,10.514782,1999.9000,-0.25715736,-1188.5250,594932.5000,41.485,605081.5625,1999.9000,
	2026/04/30 12:01:51	,	293397	,	3842	,10.514791,1999.9000,-0.25721306,-1188.5724,594928.1250,41.486,605081.5625,1999.9000,
	2026/04/30 12:01:51	,	294397	,	3843	,10.514789,1999.9000,-0.25724643,-1188.8108,594925.5000,41.483,605070.1250,1999.9000,
	2026/04/30 12:01:51	,	295397	,	3844	,10.514782,1999.9000,-0.25726870,-1189.0094,594923.6875,41.477,604933.0000,1999.9000,
	2026/04/30 12:01:51	,	296397	,	3845	,10.514765,1999.9000,-0.25501665,-1189.1749,594934.3750,41.469,604902.8125,1999.9000,
	2026/04/30 12:01:51	,	297397	,	3846	,10.514748,1999.9000,-0.25399882,-1189.3129,594947.6250,41.462,604802.5000,1999.9000,
	2026/04/30 12:01:51	,	298397	,	3847	,10.514733,1999.9000,-0.25089490,-1189.5275,594960.9375,41.444,604769.2500,1999.9000,
	2026/04/30 12:01:51	,	299397	,	3848	,10.514725,1999.9000,-0.24543072,-1189.8055,595140.1875,41.430,604682.3125,1999.9000,
	2026/04/30 12:01:51	,	300397	,	3849	,10.514718,1999.9000,-0.23900861,-1190.1370,595424.3750,41.422,604682.3125,1999.9000,
	2026/04/30 12:01:51	,	301397	,	3850	,10.514707,1999.9000,-0.23819558,-1190.4130,595513.7500,41.415,604682.3125,1999.9000,
	2026/04/30 12:01:51	,	302397	,	3851	,10.514699,1999.9000,-0.23792459,-1190.6431,595513.7500,41.410,604682.3125,1999.9000,
	2026/04/30 12:01:51	,	303397	,	3852	,10.514693,1999.9000,-0.23778909,-1190.8347,595513.7500,41.406,604682.3125,1999.9000,
	2026/04/30 12:01:51	,	304397	,	3853	,10.514688,1999.9000,-0.23770779,-1190.9945,595513.7500,41.402,604688.9375,1999.9000,
	2026/04/30 12:01:51	,	305397	,	3854	,10.514678,1999.9000,-0.23765360,-1191.1277,595513.7500,41.399,604791.6250,1999.9000,
	2026/04/30 12:01:51	,	306397	,	3855	,10.514669,1999.9000,-0.23796870,-1191.2386,595417.8125,41.402,604820.0625,1999.9000,
	2026/04/30 12:01:51	,	307397	,	3856	,10.514657,1999.9000,-0.24115141,-1191.3311,595392.5000,41.410,604916.0000,1999.9000,
	2026/04/30 12:01:51	,	308397	,	3857	,10.514647,1999.9000,-0.24181317,-1191.4082,595377.5000,41.416,604950.1875,1999.9000,
	2026/04/30 12:01:51	,	309397	,	3858	,10.514639,1999.9000,-0.24676682,-1191.4724,595292.0625,41.421,605054.3750,1999.9000,
	2026/04/30 12:01:51	,	310397	,	3859	,10.514633,1999.9000,-0.25323939,-1191.4265,595066.3125,41.427,605054.3750,1999.9000,
	2026/04/30 12:01:51	,	311397	,	3860	,10.514627,1999.9000,-0.25413433,-1191.3882,594852.3750,41.429,605054.3750,1999.9000,
	2026/04/30 12:01:51	,	312397	,	3861	,10.514623,1999.9000,-0.25443265,-1191.3562,594852.3750,41.429,605054.3750,1999.9000,
	2026/04/30 12:01:51	,	313397	,	3862	,10.514619,1999.9000,-0.25458178,-1191.4290,594852.3750,41.431,605054.3750,1999.9000,
	2026/04/30 12:01:51	,	314397	,	3863	,10.514615,1999.9000,-0.25467128,-1191.4897,594852.3750,41.436,605049.4375,1999.9000,
	2026/04/30 12:01:51	,	315397	,	3864	,10.514612,1999.9000,-0.25473094,-1191.5403,594852.3750,41.436,604950.5000,1999.9000,
	2026/04/30 12:01:51	,	316397	,	3865	,10.514606,1999.9000,-0.25438675,-1191.5825,594952.5000,41.447,604919.6875,1999.9000,
	2026/04/30 12:01:51	,	317397	,	3866	,10.514600,1999.9000,-0.25079405,-1191.5182,594978.1250,41.446,604830.8750,1999.9000,
	2026/04/30 12:01:51	,	318397	,	3867	,10.514594,1999.9000,-0.25002515,-1191.2656,594990.1875,41.444,604799.5000,1999.9000,
	2026/04/30 12:01:51	,	319397	,	3868	,10.514596,1999.9000,-0.24537401,-1191.0552,595070.5000,41.448,604705.2500,1999.9000,
	2026/04/30 12:01:51	,	320397	,	3869	,10.514591,1999.9000,-0.23893298,-1191.1783,595327.8125,41.446,604705.2500,1999.9000,
	2026/04/30 12:01:51	,	321397	,	3870	,10.514587,1999.9000,-0.23893298,-1191.6787,595562.6250,41.444,604705.2500,1999.9000,
	2026/04/30 12:01:51	,	322397	,	3871	,10.514589,1999.9000,-0.23893298,-1191.3994,595562.6250,41.441,604705.2500,1999.9000,
	2026/04/30 12:01:51	,	323397	,	3872	,10.514596,1999.9000,-0.23893298,-1191.1666,595562.6250,41.439,604705.2500,1999.9000,
	2026/04/30 12:01:51	,	324397	,	3873	,10.514602,1999.9000,-0.23893298,-1190.9727,595562.6250,41.437,604705.8750,1999.9000,
	2026/04/30 12:01:51	,	325397	,	3874	,10.514611,1999.9000,-0.23893298,-1191.2089,595562.6250,41.436,604718.4375,1999.9000,
	2026/04/30 12:01:51	,	326397	,	3875	,10.514629,1999.9000,-0.23893507,-1191.4058,595452.3750,41.441,604840.5625,1999.9000,
	2026/04/30 12:01:51	,	327397	,	3876	,10.514634,1999.9000,-0.24244970,-1191.5698,595418.4375,41.445,604874.9375,1999.9000,
	2026/04/30 12:01:51	,	328397	,	3877	,10.514638,1999.9000,-0.24546224,-1191.7067,595399.1875,41.449,604874.9375,1999.9000,
	2026/04/30 12:01:51	,	329397	,	3878	,10.514651,1999.9000,-0.24819118,-1191.7211,595383.3125,41.452,605012.6875,1999.9000,
	2026/04/30 12:01:51	,	330397	,	3879	,10.514663,1999.9000,-0.25262174,-1191.7332,595164.5625,41.454,605012.6875,1999.9000,
	2026/04/30 12:01:51	,	331397	,	3880	,10.514657,1999.9000,-0.26033586,-1191.7432,594877.3750,41.456,605044.6875,1999.9000,
	2026/04/30 12:01:51	,	332397	,	3881	,10.514652,1999.9000,-0.26672646,-1191.7515,594877.3750,41.456,605044.6875,1999.9000,
	2026/04/30 12:01:51	,	333397	,	3882	,10.514648,1999.9000,-0.26672646,-1191.7584,594877.3750,41.456,605051.1250,1999.9000,
	2026/04/30 12:01:51	,	334397	,	3883	,10.514646,1999.9000,-0.26672646,-1191.7643,594877.3750,41.452,605055.3750,1999.9000,
	2026/04/30 12:01:51	,	335397	,	3884	,10.514642,1999.9000,-0.26672646,-1191.7692,594877.3750,41.445,605058.9375,1999.9000,
	2026/04/30 12:01:51	,	336397	,	3885	,10.514640,1999.9000,-0.26672646,-1191.7732,594889.2500,41.439,605048.7500,1999.9000,
	2026/04/30 12:01:51	,	337397	,	3886	,10.514623,1999.9000,-0.26290092,-1191.7766,594999.0000,41.434,604928.1250,1999.9000,
	2026/04/30 12:01:51	,	338397	,	3887	,10.514608,1999.9000,-0.25927705,-1191.7766,595006.4375,41.431,604893.6875,1999.9000,
	2026/04/30 12:01:51	,	339397	,	3888	,10.514596,1999.9000,-0.25612587,-1191.7794,595016.4375,41.427,604790.4375,1999.9000,
	2026/04/30 12:01:51	,	340397	,	3889	,10.514602,1999.9000,-0.25228143,-1191.7819,595215.2500,41.432,604760.1875,1999.9000,
	2026/04/30 12:01:51	,	341397	,	3890	,10.514611,1999.9000,-0.24519755,-1191.7837,595512.0000,41.432,604743.3125,1999.9000,
	2026/04/30 12:01:51	,	342397	,	3891	,10.514620,1999.9000,-0.23909055,-1191.7854,595512.0000,41.431,604734.8125,1999.9000,
	2026/04/30 12:01:51	,	343397	,	3892	,10.514627,1999.9000,-0.23909055,-1191.7878,595512.0000,41.431,604726.3125,1999.9000,
	2026/04/30 12:01:51	,	344397	,	3893	,10.514632,1999.9000,-0.23909055,-1191.7878,595512.0000,41.431,604726.3125,1999.9000,
	2026/04/30 12:01:51	,	345397	,	3894	,10.514636,1999.9000,-0.23909055,-1191.6892,595512.0000,41.430,604723.5000,1999.9000,
	2026/04/30 12:01:51	,	346397	,	3895	,10.514640,1999.9000,-0.23909055,-1191.6071,595506.0000,41.435,604731.6875,1999.9000,
	2026/04/30 12:01:51	,	347397	,	3896	,10.514642,1999.9000,-0.24228585,-1191.5387,595398.7500,41.438,604826.6875,1999.9000,
	2026/04/30 12:01:51	,	348397	,	3897	,10.514635,1999.9000,-0.24582149,-1191.4816,595383.3125,41.437,604850.5000,1999.9000,
	2026/04/30 12:01:51	,	349397	,	3898	,10.514614,1999.9000,-0.24865754,-1191.4341,595373.7500,41.436,604940.8125,1999.9000,
	2026/04/30 12:01:51	,	350397	,	3899	,10.514596,1999.9000,-0.25167009,-1191.3945,595240.8125,41.431,604969.4375,1999.9000,
	2026/04/30 12:01:51	,	351397	,	3900	,10.514581,1999.9000,-0.25824979,-1191.3617,594968.0000,41.428,605069.5000,1999.9000,
	2026/04/30 12:01:51	,	352397	,	3901	,10.514569,1999.9000,-0.26477274,-1191.4336,594885.7500,41.433,605069.5000,1999.9000,
	2026/04/30 12:01:51	,	353397	,	3902	,10.514559,1999.9000,-0.26477274,-1191.4935,594885.7500,41.437,605069.5000,1999.9000,
	2026/04/30 12:01:51	,	354397	,	3903	,10.514556,1999.9000,-0.26477274,-1191.5436,594885.7500,41.432,605069.5000,1999.9000,
	2026/04/30 12:01:51	,	355397	,	3904	,10.514577,1999.9000,-0.26477274,-1191.5852,594885.7500,41.429,605069.5000,1999.9000,
	2026/04/30 12:01:51	,	356397	,	3905	,10.514596,1999.9000,-0.26477274,-1191.6200,594885.7500,41.426,605057.6250,1999.9000,
	2026/04/30 12:01:51	,	357397	,	3906	,10.514642,1999.9000,-0.26447546,-1191.6488,594969.1250,41.433,604927.5625,1999.9000,
	2026/04/30 12:01:51	,	358397	,	3907	,10.514679,1999.9000,-0.25983799,-1191.6730,594986.5000,41.438,604896.4375,1999.9000,
	2026/04/30 12:01:51	,	359397	,	3908	,10.514710,1999.9000,-0.25756282,-1191.6930,594999.6250,41.443,604789.1875,1999.9000,
	2026/04/30 12:01:51	,	360397	,	3909	,10.514736,1999.9000,-0.25537589,-1191.7097,595136.5625,41.447,604755.9375,1999.9000,
	2026/04/30 12:01:51	,	361397	,	3910	,10.514754,1999.9000,-0.24989280,-1192.0221,595417.2500,41.444,604730.1875,1999.9000,
	2026/04/30 12:01:51	,	362397	,	3911	,10.514768,1999.9000,-0.24354000,-1192.5809,595526.2500,41.441,604717.2500,1999.9000,
	2026/04/30 12:01:51	,	363397	,	3912	,10.514779,1999.9000,-0.24354000,-1193.1460,595526.2500,41.439,604709.5000,1999.9000,
	2026/04/30 12:01:51	,	364397	,	3913	,10.514783,1999.9000,-0.24354000,-1193.5175,595526.2500,41.434,604704.3125,1999.9000,
	2026/04/30 12:01:51	,	365397	,	3914	,10.514783,1999.9000,-0.24354000,-1193.5286,595526.2500,41.431,604700.0625,1999.9000,
	2026/04/30 12:01:51	,	366397	,	3915	,10.514800,1999.9000,-0.24354000,-1193.5377,595526.2500,41.427,604707.5000,1999.9000,
	2026/04/30 12:01:51	,	367397	,	3916	,10.514806,1999.9000,-0.24380893,-1193.5454,595425.0000,41.424,604808.5625,1999.9000,
	2026/04/30 12:01:51	,	368397	,	3917	,10.514811,1999.9000,-0.24859454,-1193.8502,595405.6250,41.425,604835.3750,1999.9000,
	2026/04/30 12:01:51	,	369397	,	3918	,10.514810,1999.9000,-0.25157556,-1194.1042,595394.3750,41.431,604918.4375,1999.9000,
	2026/04/30 12:01:51	,	370397	,	3919	,10.514810,1999.9000,-0.25437382,-1194.0176,595304.0625,41.435,604944.4375,1999.9000,
