#BeginHeader,,
#FormatType,M-M20X\NORMAL,
#FormatVersion,V_1.1.9.7,
测量模式,正常模式,
采集开始时间,	2026/03/30 15:45:11.702544	,
采样周期,1ms,
保存选项,Standard,
,
通道条件,
通道编号,,,(M-1)M208,(M-1)M208,(M-1)M208,(M-1)M208,(M-1)M208,(M-1)M208,(M-1)M208,(M-1)M208,
波形名,,,CH1,CH2,CH3,CH4,CH5,CH6,CH7,CH8,
输入,,,20mA,PT100(3线),20V,0~1A,0~1A,PT100(3线),0~1A,PT100(4线),
单位,,,mA,℃,V,mA,℃,℃,mA,mA,
#EndHeader,
时间,μs,运行时间ms,(M-1)CH1,(M-1)CH2,(M-1)CH3,(M-1)CH4,(M-1)CH5,(M-1)CH6,(M-1)CH7,(M-1)CH8,
	2026/03/30 15:45:11	,	702544	,	0	,10.5376,1999.9000,-0.1957,2.0656,595609.6250,27.3929,604376.0625,1999.9000,
	2026/03/30 15:45:11	,	703544	,	1	,10.5376,1999.9000,-0.1956,2.0371,595609.6250,27.3906,604376.0625,1999.9000,
	2026/03/30 15:45:11	,	704544	,	2	,10.5376,1999.9000,-0.1956,2.0133,595438.6875,27.3906,604583.1875,1999.9000,
	2026/03/30 15:45:11	,	705544	,	3	,10.5376,1999.9000,-0.1984,2.0930,595348.6875,27.3887,604736.0625,1999.9000,
	2026/03/30 15:45:11	,	706544	,	4	,10.5376,1999.9000,-0.2145,2.0599,595190.8125,27.3857,604736.0625,1999.9000,
	2026/03/30 15:45:11	,	707544	,	5	,10.5375,1999.9000,-0.2145,1.9328,595190.8125,27.3831,604736.0625,1999.9000,
	2026/03/30 15:45:11	,	708544	,	6	,10.5375,1999.9000,-0.2145,1.8269,595190.8125,27.3810,604736.0625,1999.9000,
	2026/03/30 15:45:11	,	709544	,	7	,10.5375,1999.9000,-0.2145,1.7387,595190.8125,27.3761,604736.0625,1999.9000,
	2026/03/30 15:45:11	,	710544	,	8	,10.5375,1999.9000,-0.2145,1.7647,595190.8125,27.3721,604734.0000,1999.9000,
	2026/03/30 15:45:11	,	711544	,	9	,10.5375,1999.9000,-0.2072,1.6868,595554.2500,27.3687,604488.3750,1999.9000,
	2026/03/30 15:45:11	,	712544	,	10	,10.5375,1999.9000,-0.1998,1.6219,595554.2500,27.3644,604488.3750,1999.9000,
	2026/03/30 15:45:11	,	713544	,	11	,10.5375,1999.9000,-0.1997,1.5679,595554.2500,27.3608,604488.3750,1999.9000,
	2026/03/30 15:45:11	,	714544	,	12	,10.5375,1999.9000,-0.1996,1.5228,595554.2500,27.3578,604488.3750,1999.9000,
	2026/03/30 15:45:11	,	715544	,	13	,10.5374,1999.9000,-0.1996,1.0874,595554.2500,27.3553,604488.3750,1999.9000,
	2026/03/30 15:45:11	,	716544	,	14	,10.5374,1999.9000,-0.1996,0.7245,595542.0625,27.3502,604491.1875,1999.9000,
	2026/03/30 15:45:11	,	717544	,	15	,10.5374,1999.9000,-0.1995,0.4221,595360.0625,27.3459,604684.6875,1999.9000,
	2026/03/30 15:45:11	,	718544	,	16	,10.5374,1999.9000,-0.2024,0.1701,595338.2500,27.3423,604789.8125,1999.9000,
	2026/03/30 15:45:11	,	719544	,	17	,10.5374,1999.9000,-0.2048,-0.0399,595324.3125,27.3394,604877.3750,1999.9000,
	2026/03/30 15:45:11	,	720544	,	18	,10.5375,1999.9000,-0.2058,-0.2148,595163.4375,27.3369,604959.5000,1999.9000,
	2026/03/30 15:45:11	,	721544	,	19	,10.5375,1999.9000,-0.2119,-0.3607,594808.3125,27.3318,605190.8750,1999.9000,
	2026/03/30 15:45:11	,	722544	,	20	,10.5375,1999.9000,-0.2183,-0.2833,594790.4375,27.3306,605222.9375,1999.9000,
	2026/03/30 15:45:11	,	723544	,	21	,10.5375,1999.9000,-0.2222,0.0797,594784.5000,27.3296,605233.6250,1999.9000,
	2026/03/30 15:45:11	,	724544	,	22	,10.5375,1999.9000,-0.2222,0.3821,594781.5000,27.3257,605238.9375,1999.9000,
	2026/03/30 15:45:11	,	725544	,	23	,10.5375,1999.9000,-0.2222,0.6342,594779.6250,27.3224,605242.1875,1999.9000,
	2026/03/30 15:45:11	,	726544	,	24	,10.5376,1999.9000,-0.2222,0.8442,594778.5000,27.3197,605244.2500,1999.9000,
	2026/03/30 15:45:11	,	727544	,	25	,10.5376,1999.9000,-0.2222,1.0193,594900.0625,27.3174,605050.7500,1999.9000,
	2026/03/30 15:45:11	,	728544	,	26	,10.5376,1999.9000,-0.2195,0.7672,594918.5000,27.3156,604925.6875,1999.9000,
	2026/03/30 15:45:11	,	729544	,	27	,10.5376,1999.9000,-0.2171,0.5572,594928.8125,27.3232,604827.2500,1999.9000,
	2026/03/30 15:45:11	,	730544	,	28	,10.5376,1999.9000,-0.2162,0.3822,595071.6250,27.3341,604787.6875,1999.9000,
	2026/03/30 15:45:11	,	731544	,	29	,10.5376,1999.9000,-0.2107,0.2363,595417.8125,27.3386,604564.5625,1999.9000,
	2026/03/30 15:45:11	,	732544	,	30	,10.5376,1999.9000,-0.2037,0.1148,595539.3750,27.3423,604440.6875,1999.9000,
	2026/03/30 15:45:11	,	733544	,	31	,10.5376,1999.9000,-0.2031,0.1130,595539.3750,27.3500,604440.6875,1999.9000,
	2026/03/30 15:45:11	,	734544	,	32	,10.5376,1999.9000,-0.2029,0.3104,595539.3750,27.3610,604440.6875,1999.9000,
	2026/03/30 15:45:11	,	735544	,	33	,10.5376,1999.9000,-0.2028,0.4749,595539.3750,27.3702,604440.6875,1999.9000,
	2026/03/30 15:45:11	,	736544	,	34	,10.5376,1999.9000,-0.2027,0.8110,595539.3750,27.3779,604440.6875,1999.9000,
	2026/03/30 15:45:11	,	737544	,	35	,10.5376,1999.9000,-0.2027,1.1905,595539.3750,27.3812,604648.5000,1999.9000,
	2026/03/30 15:45:11	,	738544	,	36	,10.5376,1999.9000,-0.2064,1.5068,595388.6250,27.3809,604768.0625,1999.9000,
	2026/03/30 15:45:11	,	739544	,	37	,10.5376,1999.9000,-0.2093,1.7703,595360.6250,27.3776,604850.8125,1999.9000,
	2026/03/30 15:45:11	,	740544	,	38	,10.5376,1999.9000,-0.2104,1.9899,595343.3125,27.3749,604888.8750,1999.9000,
	2026/03/30 15:45:11	,	741544	,	39	,10.5376,1999.9000,-0.2155,2.1730,595227.8125,27.3756,605100.8750,1999.9000,
	2026/03/30 15:45:11	,	742544	,	40	,10.5376,1999.9000,-0.2230,2.2260,594947.7500,27.3717,605308.0000,1999.9000,
	2026/03/30 15:45:11	,	743544	,	41	,10.5376,1999.9000,-0.2292,2.2702,594689.1875,27.3684,605308.0000,1999.9000,
	2026/03/30 15:45:11	,	744544	,	42	,10.5376,1999.9000,-0.2292,2.4065,594689.1875,27.3657,605308.0000,1999.9000,
	2026/03/30 15:45:11	,	745544	,	43	,10.5376,1999.9000,-0.2292,2.5201,594689.1875,27.3634,605308.0000,1999.9000,
	2026/03/30 15:45:11	,	746544	,	44	,10.5376,1999.9000,-0.2292,2.6148,594689.1875,27.3615,605308.0000,1999.9000,
	2026/03/30 15:45:11	,	747544	,	45	,10.5376,1999.9000,-0.2292,2.7931,594689.1875,27.3660,605087.0000,1999.9000,
	2026/03/30 15:45:11	,	748544	,	46	,10.5376,1999.9000,-0.2290,2.8423,594859.5000,27.3713,604952.8750,1999.9000,
	2026/03/30 15:45:11	,	749544	,	47	,10.5375,1999.9000,-0.2251,2.8833,594947.1250,27.3772,604858.6250,1999.9000,
	2026/03/30 15:45:11	,	750544	,	48	,10.5375,1999.9000,-0.2223,2.9174,594971.5625,27.3807,604776.5000,1999.9000,
	2026/03/30 15:45:11	,	751544	,	49	,10.5374,1999.9000,-0.2180,2.9459,594971.5625,27.3850,604634.0000,1999.9000,
	2026/03/30 15:45:11	,	752544	,	50	,10.5374,1999.9000,-0.2101,2.9696,595276.0625,27.3871,604381.5000,1999.9000,
	2026/03/30 15:45:11	,	753544	,	51	,10.5374,1999.9000,-0.2038,2.9893,595629.3750,27.3889,604381.5000,1999.9000,
	2026/03/30 15:45:11	,	754544	,	52	,10.5374,1999.9000,-0.2029,2.9063,595629.3750,27.3919,604381.5000,1999.9000,
	2026/03/30 15:45:11	,	755544	,	53	,10.5375,1999.9000,-0.2026,2.8371,595629.3750,27.3944,604381.5000,1999.9000,
	2026/03/30 15:45:11	,	756544	,	54	,10.5375,1999.9000,-0.2024,2.7795,595629.3750,27.3965,604381.5000,1999.9000,
	2026/03/30 15:45:11	,	757544	,	55	,10.5375,1999.9000,-0.2023,2.8309,595629.3750,27.3982,604603.1875,1999.9000,
	2026/03/30 15:45:11	,	758544	,	56	,10.5376,1999.9000,-0.2023,2.8738,595439.2500,27.3997,604747.5625,1999.9000,
	2026/03/30 15:45:11	,	759544	,	57	,10.5376,1999.9000,-0.2026,2.9095,595327.3125,27.4009,604833.2500,1999.9000,
	2026/03/30 15:45:11	,	760544	,	58	,10.5376,1999.9000,-0.2055,3.1382,595309.9375,27.4003,604866.8125,1999.9000,
	2026/03/30 15:45:11	,	761544	,	59	,10.5376,1999.9000,-0.2064,3.3288,595295.6875,27.4014,605027.8125,1999.9000,
	2026/03/30 15:45:11	,	762544	,	60	,10.5376,1999.9000,-0.2133,3.4876,595073.4375,27.4008,605317.6875,1999.9000,
	2026/03/30 15:45:11	,	763544	,	61	,10.5376,1999.9000,-0.2190,3.6200,594717.1875,27.4003,605317.6875,1999.9000,
	2026/03/30 15:45:11	,	764544	,	62	,10.5376,1999.9000,-0.2190,3.9292,594717.1875,27.3953,605317.6875,1999.9000,
	2026/03/30 15:45:11	,	765544	,	63	,10.5376,1999.9000,-0.2190,4.1869,594717.1875,27.3911,605317.6875,1999.9000,
	2026/03/30 15:45:11	,	766544	,	64	,10.5376,1999.9000,-0.2190,4.1033,594717.1875,27.3846,605317.6875,1999.9000,
	2026/03/30 15:45:11	,	767544	,	65	,10.5376,1999.9000,-0.2190,4.0336,594717.1875,27.3761,605151.0000,1999.9000,
	2026/03/30 15:45:11	,	768544	,	66	,10.5376,1999.9000,-0.2187,3.7765,594807.1250,27.3721,604979.5000,1999.9000,
	2026/03/30 15:45:11	,	769544	,	67	,10.5376,1999.9000,-0.2144,3.4628,594916.1250,27.3687,604873.1875,1999.9000,
	2026/03/30 15:45:11	,	770544	,	68	,10.5376,1999.9000,-0.2137,3.1019,594937.0000,27.3659,604788.0000,1999.9000,
	2026/03/30 15:45:11	,	771544	,	69	,10.5375,1999.9000,-0.2115,2.9007,594950.5625,27.3636,604696.7500,1999.9000,
	2026/03/30 15:45:11	,	772544	,	70	,10.5375,1999.9000,-0.2062,2.7330,595143.7500,27.3616,604457.0000,1999.9000,
	2026/03/30 15:45:11	,	773544	,	71	,10.5375,1999.9000,-0.2003,2.4937,595519.1250,27.3600,604457.0000,1999.9000,
	2026/03/30 15:45:11	,	774544	,	72	,10.5375,1999.9000,-0.2003,2.2944,595519.1250,27.3587,604457.0000,1999.9000,
	2026/03/30 15:45:11	,	775544	,	73	,10.5375,1999.9000,-0.2003,2.1282,595519.1250,27.3575,604457.0000,1999.9000,
	2026/03/30 15:45:11	,	776544	,	74	,10.5374,1999.9000,-0.2003,1.9898,595519.1250,27.3597,604457.0000,1999.9000,
	2026/03/30 15:45:11	,	777544	,	75	,10.5374,1999.9000,-0.2003,1.8744,595519.1250,27.3614,604470.0625,1999.9000,
	2026/03/30 15:45:11	,	778544	,	76	,10.5374,1999.9000,-0.2028,1.7783,595514.5000,27.3629,604709.4375,1999.9000,
	2026/03/30 15:45:11	,	779544	,	77	,10.5374,1999.9000,-0.2055,1.6982,595354.0625,27.3702,604800.0625,1999.9000,
	2026/03/30 15:45:11	,	780544	,	78	,10.5374,1999.9000,-0.2077,1.6314,595335.0000,27.3702,604839.9375,1999.9000,
	2026/03/30 15:45:11	,	781544	,	79	,10.5375,1999.9000,-0.2101,1.5758,595322.6875,27.3702,604974.6875,1999.9000,
	2026/03/30 15:45:11	,	782544	,	80	,10.5375,1999.9000,-0.2168,1.5294,595183.0625,27.3702,605228.9375,1999.9000,
	2026/03/30 15:45:11	,	783544	,	81	,10.5375,1999.9000,-0.2248,1.6897,594850.0000,27.3702,605233.7500,1999.9000,
	2026/03/30 15:45:11	,	784544	,	82	,10.5375,1999.9000,-0.2273,1.8233,594751.1250,27.3702,605235.3750,1999.9000,
	2026/03/30 15:45:11	,	785544	,	83	,10.5375,1999.9000,-0.2273,1.8233,594751.1250,27.3702,605236.1875,1999.9000,
	2026/03/30 15:45:11	,	786544	,	84	,10.5375,1999.9000,-0.2273,2.0274,594751.1250,27.3657,605236.6875,1999.9000,
	2026/03/30 15:45:11	,	787544	,	85	,10.5375,1999.9000,-0.2273,2.1047,594751.1250,27.3619,605236.9375,1999.9000,
	2026/03/30 15:45:11	,	788544	,	86	,10.5375,1999.9000,-0.2273,2.1691,594751.1250,27.3572,605039.8750,1999.9000,
	2026/03/30 15:45:11	,	789544	,	87	,10.5375,1999.9000,-0.2247,2.1233,594887.0000,27.3532,604920.3125,1999.9000,
	2026/03/30 15:45:11	,	790544	,	88	,10.5376,1999.9000,-0.2222,2.0852,594913.7500,27.3515,604824.2500,1999.9000,
	2026/03/30 15:45:11	,	791544	,	89	,10.5376,1999.9000,-0.2197,1.9539,594926.2500,27.3485,604736.6875,1999.9000,
	2026/03/30 15:45:11	,	792544	,	90	,10.5376,1999.9000,-0.2145,1.4466,595050.1875,27.3460,604527.6875,1999.9000,
	2026/03/30 15:45:11	,	793544	,	91	,10.5375,1999.9000,-0.2077,1.0239,595373.1250,27.3440,604489.0000,1999.9000,
	2026/03/30 15:45:11	,	794544	,	92	,10.5375,1999.9000,-0.2054,0.6716,595553.6250,27.3423,604476.1875,1999.9000,
	2026/03/30 15:45:11	,	795544	,	93	,10.5375,1999.9000,-0.2054,0.3780,595553.6250,27.3423,604469.7500,1999.9000,
	2026/03/30 15:45:11	,	796544	,	94	,10.5374,1999.9000,-0.2054,0.3780,595553.6250,27.3424,604465.8750,1999.9000,
	2026/03/30 15:45:11	,	797544	,	95	,10.5374,1999.9000,-0.2054,-0.2694,595553.6250,27.3425,604463.3125,1999.9000,
	2026/03/30 15:45:11	,	798544	,	96	,10.5374,1999.9000,-0.2054,-0.4062,595553.6250,27.3425,604643.0000,1999.9000,
	2026/03/30 15:45:11	,	799544	,	97	,10.5374,1999.9000,-0.2087,-0.5201,595385.6875,27.3426,604756.5625,1999.9000,
	2026/03/30 15:45:11	,	800544	,	98	,10.5374,1999.9000,-0.2119,-0.6150,595352.9375,27.3472,604863.5000,1999.9000,
	2026/03/30 15:45:11	,	801544	,	99	,10.5374,1999.9000,-0.2148,-0.5947,595337.9375,27.3511,604954.0625,1999.9000,
	2026/03/30 15:45:11	,	802544	,	100	,10.5374,1999.9000,-0.2197,-0.5777,595248.0625,27.3543,605146.8125,1999.9000,
	2026/03/30 15:45:11	,	803544	,	101	,10.5375,1999.9000,-0.2276,-0.3647,594978.1250,27.3569,605308.0000,1999.9000,
	2026/03/30 15:45:11	,	804544	,	102	,10.5375,1999.9000,-0.2330,0.1113,594693.3125,27.3592,605308.0000,1999.9000,
	2026/03/30 15:45:11	,	805544	,	103	,10.5375,1999.9000,-0.2330,0.5080,594693.3125,27.3610,605308.0000,1999.9000,
	2026/03/30 15:45:11	,	806544	,	104	,10.5375,1999.9000,-0.2330,0.8385,594693.3125,27.3611,605308.0000,1999.9000,
	2026/03/30 15:45:11	,	807544	,	105	,10.5375,1999.9000,-0.2330,1.1140,594693.3125,27.3611,605308.0000,1999.9000,
	2026/03/30 15:45:11	,	808544	,	106	,10.5375,1999.9000,-0.2330,1.0451,594693.3125,27.3596,605080.3125,1999.9000,
	2026/03/30 15:45:11	,	809544	,	107	,10.5375,1999.9000,-0.2282,0.9877,594852.3750,27.3568,604941.3750,1999.9000,
	2026/03/30 15:45:11	,	810544	,	108	,10.5375,1999.9000,-0.2239,0.8404,594935.8125,27.3560,604853.2500,1999.9000,
	2026/03/30 15:45:11	,	811544	,	109	,10.5375,1999.9000,-0.2208,0.8404,594944.1250,27.3553,604771.0625,1999.9000,
	2026/03/30 15:45:11	,	812544	,	110	,10.5375,1999.9000,-0.2166,0.7176,594960.1875,27.3547,604614.0000,1999.9000,
	2026/03/30 15:45:11	,	813544	,	111	,10.5375,1999.9000,-0.2091,0.6153,595234.9375,27.3542,604432.2500,1999.9000,
	2026/03/30 15:45:11	,	814544	,	112	,10.5375,1999.9000,-0.2036,0.5301,595602.5000,27.3554,604432.2500,1999.9000,
	2026/03/30 15:45:11	,	815544	,	113	,10.5375,1999.9000,-0.2036,0.5585,595602.5000,27.3579,604432.2500,1999.9000,
	2026/03/30 15:45:11	,	816544	,	114	,10.5375,1999.9000,-0.2036,0.6817,595602.5000,27.3600,604432.2500,1999.9000,
	2026/03/30 15:45:11	,	817544	,	115	,10.5375,1999.9000,-0.2036,0.8838,595602.5000,27.3617,604432.2500,1999.9000,
	2026/03/30 15:45:11	,	818544	,	116	,10.5375,1999.9000,-0.2036,1.0523,595602.5000,27.3631,604645.4375,1999.9000,
	2026/03/30 15:45:11	,	819544	,	117	,10.5375,1999.9000,-0.2080,1.1926,595456.5625,27.3643,604772.9375,1999.9000,
	2026/03/30 15:45:11	,	820544	,	118	,10.5375,1999.9000,-0.2113,1.4091,595337.9375,27.3653,604858.0625,1999.9000,
	2026/03/30 15:45:11	,	821544	,	119	,10.5375,1999.9000,-0.2134,1.5894,595321.0000,27.3661,604892.5000,1999.9000,
	2026/03/30 15:45:11	,	822544	,	120	,10.5375,1999.9000,-0.2164,1.6403,595306.8750,27.3668,605059.7500,1999.9000,
	2026/03/30 15:45:11	,	823544	,	121	,10.5376,1999.9000,-0.2243,1.7821,595108.0000,27.3674,605359.3750,1999.9000,
	2026/03/30 15:45:11	,	824544	,	122	,10.5376,1999.9000,-0.2319,1.8008,594751.1250,27.3694,605359.3750,1999.9000,
	2026/03/30 15:45:11	,	825544	,	123	,10.5376,1999.9000,-0.2357,1.6175,594751.1250,27.3726,605359.3750,1999.9000,
	2026/03/30 15:45:11	,	826544	,	124	,10.5376,1999.9000,-0.2357,1.4647,594751.1250,27.3726,605359.3750,1999.9000,
	2026/03/30 15:45:11	,	827544	,	125	,10.5376,1999.9000,-0.2357,1.5363,594751.1250,27.3737,605359.3750,1999.9000,
	2026/03/30 15:45:11	,	828544	,	126	,10.5376,1999.9000,-0.2357,1.2976,594751.1250,27.3747,605141.3750,1999.9000,
	2026/03/30 15:45:11	,	829544	,	127	,10.5376,1999.9000,-0.2357,0.9991,594756.8125,27.3770,604984.9375,1999.9000,
	2026/03/30 15:45:11	,	830544	,	128	,10.5376,1999.9000,-0.2326,0.8499,594897.1250,27.3789,604874.9375,1999.9000,
	2026/03/30 15:45:11	,	831544	,	129	,10.5376,1999.9000,-0.2298,1.0240,594913.1250,27.3805,604778.3750,1999.9000,
	2026/03/30 15:45:11	,	832544	,	130	,10.5376,1999.9000,-0.2264,0.8706,594927.0625,27.3834,604666.5625,1999.9000,
	2026/03/30 15:45:11	,	833544	,	131	,10.5376,1999.9000,-0.2192,0.8423,595103.8125,27.3858,604414.1250,1999.9000,
	2026/03/30 15:45:11	,	834544	,	132	,10.5376,1999.9000,-0.2123,1.0177,595466.6875,27.3863,604414.1250,1999.9000,
	2026/03/30 15:45:11	,	835544	,	133	,10.5376,1999.9000,-0.2123,1.1638,595483.6875,27.3897,604414.1250,1999.9000,
	2026/03/30 15:45:11	,	836544	,	134	,10.5376,1999.9000,-0.2123,1.0866,595489.2500,27.3926,604414.1250,1999.9000,
	2026/03/30 15:45:11	,	837544	,	135	,10.5376,1999.9000,-0.2123,1.0223,595492.1250,27.3950,604414.1250,1999.9000,
	2026/03/30 15:45:11	,	838544	,	136	,10.5376,1999.9000,-0.2123,0.9687,595493.8750,27.3970,604556.0625,1999.9000,
	2026/03/30 15:45:11	,	839544	,	137	,10.5376,1999.9000,-0.2123,0.9240,595495.0000,27.3971,604717.9375,1999.9000,
	2026/03/30 15:45:11	,	840544	,	138	,10.5376,1999.9000,-0.2149,0.8868,595351.0625,27.3972,604819.4375,1999.9000,
	2026/03/30 15:45:11	,	841544	,	139	,10.5376,1999.9000,-0.2170,0.8558,595326.0625,27.3973,604900.9375,1999.9000,
	2026/03/30 15:45:11	,	842544	,	140	,10.5376,1999.9000,-0.2194,0.8300,595313.9375,27.3974,604995.1875,1999.9000,
	2026/03/30 15:45:11	,	843544	,	141	,10.5376,1999.9000,-0.2254,0.8084,595186.0625,27.3990,605271.1875,1999.9000,
	2026/03/30 15:45:11	,	844544	,	142	,10.5376,1999.9000,-0.2323,0.7905,594870.8750,27.3988,605271.1875,1999.9000,
	2026/03/30 15:45:11	,	845544	,	143	,10.5375,1999.9000,-0.2323,0.7755,594717.7500,27.3986,605271.1875,1999.9000,
	2026/03/30 15:45:11	,	846544	,	144	,10.5375,1999.9000,-0.2323,0.7630,594717.7500,27.3984,605271.1875,1999.9000,
	2026/03/30 15:45:11	,	847544	,	145	,10.5375,1999.9000,-0.2323,0.7527,594717.7500,27.3968,605271.1875,1999.9000,
	2026/03/30 15:45:11	,	848544	,	146	,10.5375,1999.9000,-0.2323,1.2414,594717.7500,27.3955,605260.6875,1999.9000,
	2026/03/30 15:45:11	,	849544	,	147	,10.5375,1999.9000,-0.2296,1.4497,594717.7500,27.3928,605260.6875,1999.9000,
	2026/03/30 15:45:11	,	850544	,	148	,10.5375,1999.9000,-0.2255,1.6233,594878.6250,27.3859,605014.5000,1999.9000,
	2026/03/30 15:45:11	,	851544	,	149	,10.5375,1999.9000,-0.2218,1.6685,594908.3750,27.3803,604899.1250,1999.9000,
	2026/03/30 15:45:11	,	852544	,	150	,10.5375,1999.9000,-0.2186,1.7061,594923.8750,27.3756,604810.3125,1999.9000,
	2026/03/30 15:45:11	,	853544	,	151	,10.5375,1999.9000,-0.2123,1.8370,595034.1250,27.3716,604724.6250,1999.9000,
	2026/03/30 15:45:11	,	854544	,	152	,10.5375,1999.9000,-0.2123,1.9460,595335.5625,27.3683,604495.6250,1999.9000,
	2026/03/30 15:45:11	,	855544	,	153	,10.5375,1999.9000,-0.2047,2.0369,595580.5000,27.3671,604495.6250,1999.9000,
	2026/03/30 15:45:11	,	856544	,	154	,10.5375,1999.9000,-0.2038,2.0131,595580.5000,27.3661,604495.6250,1999.9000,
	2026/03/30 15:45:11	,	857544	,	155	,10.5375,1999.9000,-0.2035,1.9934,595580.5000,27.3653,604495.6250,1999.9000,
	2026/03/30 15:45:11	,	858544	,	156	,10.5375,1999.9000,-0.2033,1.9769,595580.5000,27.3646,604495.6250,1999.9000,
	2026/03/30 15:45:11	,	859544	,	157	,10.5374,1999.9000,-0.2032,1.7642,595580.5000,27.3686,604497.3750,1999.9000,
	2026/03/30 15:45:11	,	860544	,	158	,10.5374,1999.9000,-0.2032,1.7859,595398.1875,27.3704,604697.3750,1999.9000,
	2026/03/30 15:45:11	,	861544	,	159	,10.5375,1999.9000,-0.2061,1.8040,595363.0625,27.3689,604809.1250,1999.9000,
	2026/03/30 15:45:11	,	862544	,	160	,10.5375,1999.9000,-0.2086,1.8190,595341.5625,27.3676,604891.9375,1999.9000,
	2026/03/30 15:45:11	,	863544	,	161	,10.5375,1999.9000,-0.2094,2.0306,595239.6875,27.3696,604929.9375,1999.9000,
	2026/03/30 15:45:11	,	864544	,	162	,10.5375,1999.9000,-0.2137,2.2068,594991.8125,27.3667,605175.7500,1999.9000,
	2026/03/30 15:45:11	,	865544	,	163	,10.5375,1999.9000,-0.2201,2.3537,594651.5625,27.3658,605262.7500,1999.9000,
	2026/03/30 15:45:11	,	866544	,	164	,10.5375,1999.9000,-0.2231,2.4761,594651.5625,27.3680,605262.7500,1999.9000,
	2026/03/30 15:45:11	,	867544	,	165	,10.5376,1999.9000,-0.2231,2.5781,594651.5625,27.3699,605262.7500,1999.9000,
	2026/03/30 15:45:11	,	868544	,	166	,10.5375,1999.9000,-0.2231,2.6631,594651.5625,27.3715,605262.7500,1999.9000,
	2026/03/30 15:45:11	,	869544	,	167	,10.5375,1999.9000,-0.2231,2.4355,594651.5625,27.3697,605262.7500,1999.9000,
	2026/03/30 15:45:11	,	870544	,	168	,10.5375,1999.9000,-0.2231,2.2458,594834.5000,27.3714,605043.5000,1999.9000,
	2026/03/30 15:45:11	,	871544	,	169	,10.5375,1999.9000,-0.2203,1.9883,594923.8750,27.3727,604914.2500,1999.9000,
	2026/03/30 15:45:11	,	872544	,	170	,10.5375,1999.9000,-0.2195,1.7737,594936.3750,27.3738,604829.0625,1999.9000,
	2026/03/30 15:45:11	,	873544	,	171	,10.5375,1999.9000,-0.2189,1.4954,594953.1250,27.3747,604790.7500,1999.9000,
	2026/03/30 15:45:11	,	874544	,	172	,10.5375,1999.9000,-0.2150,1.2635,595209.8750,27.3755,604582.0625,1999.9000,
	2026/03/30 15:45:11	,	875544	,	173	,10.5375,1999.9000,-0.2089,1.0702,595579.8750,27.3762,604427.4375,1999.9000,
	2026/03/30 15:45:11	,	876544	,	174	,10.5375,1999.9000,-0.2042,0.9092,595579.8750,27.3767,604427.4375,1999.9000,
	2026/03/30 15:45:11	,	877544	,	175	,10.5375,1999.9000,-0.2042,0.7749,595579.8750,27.3771,604427.4375,1999.9000,
	2026/03/30 15:45:11	,	878544	,	176	,10.5375,1999.9000,-0.2042,0.6631,595579.8750,27.3775,604427.4375,1999.9000,
	2026/03/30 15:45:11	,	879544	,	177	,10.5375,1999.9000,-0.2042,0.5699,595579.8750,27.3778,604427.4375,1999.9000,
	2026/03/30 15:45:11	,	880544	,	178	,10.5375,1999.9000,-0.2042,0.4922,595466.6875,27.3766,604651.5000,1999.9000,
	2026/03/30 15:45:11	,	881544	,	179	,10.5375,1999.9000,-0.2067,0.5270,595349.3125,27.3740,604762.0000,1999.9000,
	2026/03/30 15:45:11	,	882544	,	180	,10.5375,1999.9000,-0.2098,0.5559,595326.3750,27.3688,604801.3125,1999.9000,
	2026/03/30 15:45:11	,	883544	,	181	,10.5375,1999.9000,-0.2127,1.0774,595306.8750,27.3644,604919.0625,1999.9000,
	2026/03/30 15:45:11	,	884544	,	182	,10.5375,1999.9000,-0.2169,1.8104,595115.1250,27.3593,605082.1875,1999.9000,
	2026/03/30 15:45:11	,	885544	,	183	,10.5375,1999.9000,-0.2250,2.4213,594773.1250,27.3550,605348.5000,1999.9000,
	2026/03/30 15:45:11	,	886544	,	184	,10.5375,1999.9000,-0.2319,2.9303,594773.1250,27.3515,605348.5000,1999.9000,
	2026/03/30 15:45:11	,	887544	,	185	,10.5375,1999.9000,-0.2327,3.2550,594773.1250,27.3485,605348.5000,1999.9000,
	2026/03/30 15:45:11	,	888544	,	186	,10.5376,1999.9000,-0.2329,3.5256,594773.1250,27.3460,605348.5000,1999.9000,
	2026/03/30 15:45:11	,	889544	,	187	,10.5376,1999.9000,-0.2331,3.7511,594773.1250,27.3486,605348.5000,1999.9000,
	2026/03/30 15:45:11	,	890544	,	188	,10.5377,1999.9000,-0.2331,3.9390,594774.0625,27.3537,605112.9375,1999.9000,
	2026/03/30 15:45:11	,	891544	,	189	,10.5377,1999.9000,-0.2332,3.6977,594892.3125,27.3626,604954.0625,1999.9000,
	2026/03/30 15:45:11	,	892544	,	190	,10.5377,1999.9000,-0.2305,3.2977,594911.4375,27.3699,604855.6875,1999.9000,
	2026/03/30 15:45:11	,	893544	,	191	,10.5377,1999.9000,-0.2280,2.9644,594921.3125,27.3761,604815.8125,1999.9000,
	2026/03/30 15:45:11	,	894544	,	192	,10.5377,1999.9000,-0.2251,2.3881,595083.0000,27.3812,604646.0625,1999.9000,
	2026/03/30 15:45:11	,	895544	,	193	,10.5377,1999.9000,-0.2188,2.0074,595435.1250,27.3809,604382.6875,1999.9000,
	2026/03/30 15:45:11	,	896544	,	194	,10.5377,1999.9000,-0.2131,1.6902,595529.8750,27.3791,604382.6875,1999.9000,
	2026/03/30 15:45:11	,	897544	,	195	,10.5377,1999.9000,-0.2130,1.5253,595529.8750,27.3685,604382.6875,1999.9000,
	2026/03/30 15:45:11	,	898544	,	196	,10.5377,1999.9000,-0.2130,1.3878,595529.8750,27.3596,604382.6875,1999.9000,
	2026/03/30 15:45:11	,	899544	,	197	,10.5376,1999.9000,-0.2130,1.1738,595529.8750,27.3523,604382.6875,1999.9000,
	2026/03/30 15:45:11	,	900544	,	198	,10.5376,1999.9000,-0.2129,0.9955,595529.8750,27.3461,604594.7500,1999.9000,
	2026/03/30 15:45:11	,	901544	,	199	,10.5376,1999.9000,-0.2129,0.9464,595378.5000,27.3410,604740.2500,1999.9000,
	2026/03/30 15:45:11	,	902544	,	200	,10.5376,1999.9000,-0.2151,0.9054,595346.3125,27.3413,604778.3750,1999.9000,
	2026/03/30 15:45:11	,	903544	,	201	,10.5376,1999.9000,-0.2159,1.1697,595325.0625,27.3415,604892.4375,1999.9000,
	2026/03/30 15:45:11	,	904544	,	202	,10.5376,1999.9000,-0.2185,1.9868,595204.5625,27.3417,605009.0625,1999.9000,
	2026/03/30 15:45:11	,	905544	,	203	,10.5376,1999.9000,-0.2245,2.6677,594920.8750,27.3419,605302.0000,1999.9000,
	2026/03/30 15:45:11	,	906544	,	204	,10.5376,1999.9000,-0.2317,3.2352,594706.4375,27.3421,605302.0000,1999.9000,
	2026/03/30 15:45:11	,	907544	,	205	,10.5375,1999.9000,-0.2352,3.7080,594706.4375,27.3422,605302.0000,1999.9000,
	2026/03/30 15:45:11	,	908544	,	206	,10.5375,1999.9000,-0.2352,4.1021,594706.4375,27.3453,605302.0000,1999.9000,
	2026/03/30 15:45:11	,	909544	,	207	,10.5376,1999.9000,-0.2352,3.8336,594706.4375,27.3419,605302.0000,1999.9000,
	2026/03/30 15:45:11	,	910544	,	208	,10.5376,1999.9000,-0.2352,3.4109,594706.4375,27.3359,605187.8750,1999.9000,
	2026/03/30 15:45:11	,	911544	,	209	,10.5376,1999.9000,-0.2352,2.8598,594850.0000,27.3309,605001.8125,1999.9000,
	2026/03/30 15:45:11	,	912544	,	210	,10.5376,1999.9000,-0.2331,1.9031,594881.9375,27.3299,604897.3750,1999.9000,
	2026/03/30 15:45:11	,	913544	,	211	,10.5376,1999.9000,-0.2323,1.1058,594900.8750,27.3290,604810.9375,1999.9000,
	2026/03/30 15:45:11	,	914544	,	212	,10.5376,1999.9000,-0.2300,0.4415,595012.6875,27.3282,604714.3125,1999.9000,
	2026/03/30 15:45:11	,	915544	,	213	,10.5376,1999.9000,-0.2251,0.1863,595295.0625,27.3306,604467.8750,1999.9000,
	2026/03/30 15:45:11	,	916544	,	214	,10.5376,1999.9000,-0.2183,0.0731,595601.8750,27.3327,604467.8750,1999.9000,
	2026/03/30 15:45:11	,	917544	,	215	,10.5375,1999.9000,-0.2159,-0.1207,595601.8750,27.3344,604467.8750,1999.9000,
	2026/03/30 15:45:11	,	918544	,	216	,10.5375,1999.9000,-0.2159,-0.3817,595601.8750,27.3358,604467.8750,1999.9000,
	2026/03/30 15:45:11	,	919544	,	217	,10.5375,1999.9000,-0.2159,-0.4997,595601.8750,27.3370,604467.8750,1999.9000,
	2026/03/30 15:45:11	,	920544	,	218	,10.5375,1999.9000,-0.2159,-0.4986,595601.8750,27.3379,604474.6875,1999.9000,
	2026/03/30 15:45:11	,	921544	,	219	,10.5375,1999.9000,-0.2159,-0.1992,595422.0000,27.3372,604680.5000,1999.9000,
	2026/03/30 15:45:11	,	922544	,	220	,10.5375,1999.9000,-0.2186,0.2492,595341.5625,27.3382,604792.8125,1999.9000,
	2026/03/30 15:45:11	,	923544	,	221	,10.5375,1999.9000,-0.2196,0.4239,595328.4375,27.3405,604879.2500,1999.9000,
	2026/03/30 15:45:11	,	924544	,	222	,10.5375,1999.9000,-0.2222,0.7685,595304.6250,27.3439,604919.1250,1999.9000,
	2026/03/30 15:45:11	,	925544	,	223	,10.5375,1999.9000,-0.2265,1.2545,595017.4375,27.3468,605197.5000,1999.9000,
	2026/03/30 15:45:11	,	926544	,	224	,10.5375,1999.9000,-0.2333,1.8586,594661.7500,27.3476,605224.0625,1999.9000,
	2026/03/30 15:45:11	,	927544	,	225	,10.5375,1999.9000,-0.2333,2.3619,594661.7500,27.3484,605232.8750,1999.9000,
	2026/03/30 15:45:11	,	928544	,	226	,10.5375,1999.9000,-0.2333,2.7814,594661.7500,27.3505,605237.2500,1999.9000,
	2026/03/30 15:45:11	,	929544	,	227	,10.5375,1999.9000,-0.2333,2.9320,594661.7500,27.3553,605239.9375,1999.9000,
	2026/03/30 15:45:11	,	930544	,	228	,10.5375,1999.9000,-0.2333,2.9580,594661.7500,27.3654,605241.6875,1999.9000,
	2026/03/30 15:45:11	,	931544	,	229	,10.5375,1999.9000,-0.2332,2.6812,594802.3750,27.3739,605042.2500,1999.9000,
	2026/03/30 15:45:11	,	932544	,	230	,10.5375,1999.9000,-0.2291,2.4506,594896.5000,27.3748,604915.4375,1999.9000,
	2026/03/30 15:45:11	,	933544	,	231	,10.5375,1999.9000,-0.2260,1.9600,594910.8125,27.3817,604814.6250,1999.9000,
	2026/03/30 15:45:11	,	934544	,	232	,10.5375,1999.9000,-0.2235,1.4517,594928.3125,27.3874,604727.0000,1999.9000,
	2026/03/30 15:45:11	,	935544	,	233	,10.5375,1999.9000,-0.2188,0.9287,595174.7500,27.3922,604546.4375,1999.9000,
	2026/03/30 15:45:11	,	936544	,	234	,10.5375,1999.9000,-0.2109,0.4928,595544.7500,27.3885,604449.1250,1999.9000,
	2026/03/30 15:45:11	,	937544	,	235	,10.5375,1999.9000,-0.2052,0.1295,595544.7500,27.3855,604449.1250,1999.9000,
	2026/03/30 15:45:11	,	938544	,	236	,10.5375,1999.9000,-0.2052,-0.1732,595544.7500,27.3830,604449.1250,1999.9000,
	2026/03/30 15:45:11	,	939544	,	237	,10.5375,1999.9000,-0.2052,-0.6244,595544.7500,27.3808,604449.1250,1999.9000,
	2026/03/30 15:45:11	,	940544	,	238	,10.5375,1999.9000,-0.2052,-1.0004,595544.7500,27.3791,604449.1250,1999.9000,
	2026/03/30 15:45:11	,	941544	,	239	,10.5375,1999.9000,-0.2052,-1.1147,595532.8125,27.3776,604648.5000,1999.9000,
	2026/03/30 15:45:11	,	942544	,	240	,10.5375,1999.9000,-0.2075,-1.2101,595367.1875,27.3749,604763.8125,1999.9000,
	2026/03/30 15:45:11	,	943544	,	241	,10.5375,1999.9000,-0.2100,-0.9911,595350.5000,27.3726,604868.9375,1999.9000,
	2026/03/30 15:45:11	,	944544	,	242	,10.5375,1999.9000,-0.2109,-0.7091,595332.0000,27.3707,604905.5000,1999.9000,
	2026/03/30 15:45:11	,	945544	,	243	,10.5375,1999.9000,-0.2150,-0.5736,595144.9375,27.3691,605114.7500,1999.9000,
	2026/03/30 15:45:11	,	946544	,	244	,10.5375,1999.9000,-0.2223,-0.5602,594806.5000,27.3571,605318.3125,1999.9000,
	2026/03/30 15:45:11	,	947544	,	245	,10.5375,1999.9000,-0.2284,-0.5490,594789.8125,27.3470,605318.3125,1999.9000,
	2026/03/30 15:45:11	,	948544	,	246	,10.5375,1999.9000,-0.2319,-0.5396,594784.2500,27.3387,605318.3125,1999.9000,
	2026/03/30 15:45:11	,	949544	,	247	,10.5375,1999.9000,-0.2319,-0.2334,594781.5000,27.3317,605318.3125,1999.9000,
	2026/03/30 15:45:11	,	950544	,	248	,10.5375,1999.9000,-0.2319,0.0217,594779.8125,27.3259,605318.3125,1999.9000,
	2026/03/30 15:45:11	,	951544	,	249	,10.5375,1999.9000,-0.2319,0.2344,594778.7500,27.3259,605085.7500,1999.9000,
	2026/03/30 15:45:11	,	952544	,	250	,10.5375,1999.9000,-0.2319,0.4116,594902.5000,27.3211,604941.3750,1999.9000,
	2026/03/30 15:45:11	,	953544	,	251	,10.5375,1999.9000,-0.2318,0.2608,594931.0625,27.3186,604858.6250,1999.9000,
	2026/03/30 15:45:11	,	954544	,	252	,10.5375,1999.9000,-0.2316,-0.3622,594944.3750,27.3242,604821.5000,1999.9000,
	2026/03/30 15:45:11	,	955544	,	253	,10.5375,1999.9000,-0.2293,-0.6824,595070.5000,27.3288,604644.8125,1999.9000,
	2026/03/30 15:45:11	,	956544	,	254	,10.5375,1999.9000,-0.2234,-0.9493,595401.7500,27.3327,604367.6250,1999.9000,
	2026/03/30 15:45:11	,	957544	,	255	,10.5375,1999.9000,-0.2178,-1.1716,595537.6250,27.3405,604367.6250,1999.9000,
	2026/03/30 15:45:11	,	958544	,	256	,10.5375,1999.9000,-0.2178,-1.3569,595537.6250,27.3470,604367.6250,1999.9000,
	2026/03/30 15:45:11	,	959544	,	257	,10.5375,1999.9000,-0.2178,-1.5114,595537.6250,27.3597,604367.6250,1999.9000,
	2026/03/30 15:45:11	,	960544	,	258	,10.5374,1999.9000,-0.2178,-1.7395,595537.6250,27.3597,604367.6250,1999.9000,
	2026/03/30 15:45:11	,	961544	,	259	,10.5374,1999.9000,-0.2178,-1.9297,595537.6250,27.3630,604592.9375,1999.9000,
	2026/03/30 15:45:11	,	962544	,	260	,10.5374,1999.9000,-0.2181,-1.9886,595382.0625,27.3657,604745.6875,1999.9000,
	2026/03/30 15:45:11	,	963544	,	261	,10.5374,1999.9000,-0.2226,-1.9383,595352.0000,27.3680,604849.0000,1999.9000,
	2026/03/30 15:45:11	,	964544	,	262	,10.5374,1999.9000,-0.2235,-1.7969,595333.4375,27.3699,604885.8750,1999.9000,
	2026/03/30 15:45:11	,	965544	,	263	,10.5375,1999.9000,-0.2259,-1.2811,595209.8750,27.3715,605043.5000,1999.9000,
	2026/03/30 15:45:11	,	966544	,	264	,10.5375,1999.9000,-0.2312,-0.6524,594923.8750,27.3728,605327.3750,1999.9000,
	2026/03/30 15:45:11	,	967544	,	265	,10.5375,1999.9000,-0.2373,-0.1285,594690.9375,27.3663,605327.3750,1999.9000,
	2026/03/30 15:45:11	,	968544	,	266	,10.5376,1999.9000,-0.2381,0.3082,594690.9375,27.3608,605327.3750,1999.9000,
	2026/03/30 15:45:11	,	969544	,	267	,10.5376,1999.9000,-0.2383,0.6720,594690.9375,27.3563,605327.3750,1999.9000,
	2026/03/30 15:45:11	,	970544	,	268	,10.5376,1999.9000,-0.2384,0.7763,594690.9375,27.3525,605327.3750,1999.9000,
	2026/03/30 15:45:11	,	971544	,	269	,10.5377,1999.9000,-0.2385,0.7637,594690.9375,27.3478,605158.8750,1999.9000,
	2026/03/30 15:45:11	,	972544	,	270	,10.5377,1999.9000,-0.2385,0.7532,594856.0000,27.3439,604993.3125,1999.9000,
	2026/03/30 15:45:11	,	973544	,	271	,10.5377,1999.9000,-0.2359,0.4460,594892.3125,27.3438,604876.7500,1999.9000,
	2026/03/30 15:45:11	,	974544	,	272	,10.5377,1999.9000,-0.2350,0.1900,594912.7500,27.3512,604791.0625,1999.9000,
	2026/03/30 15:45:11	,	975544	,	273	,10.5377,1999.9000,-0.2323,-0.1227,595004.3750,27.3605,604682.9375,1999.9000,
	2026/03/30 15:45:11	,	976544	,	274	,10.5376,1999.9000,-0.2272,-0.3834,595262.9375,27.3683,604425.6250,1999.9000,
	2026/03/30 15:45:11	,	977544	,	275	,10.5376,1999.9000,-0.2209,-0.6006,595626.3750,27.3747,604425.6250,1999.9000,
	2026/03/30 15:45:11	,	978544	,	276	,10.5376,1999.9000,-0.2202,-0.7816,595626.3750,27.3770,604425.6250,1999.9000,
	2026/03/30 15:45:11	,	979544	,	277	,10.5376,1999.9000,-0.2200,-0.9325,595626.3750,27.3713,604425.6250,1999.9000,
	2026/03/30 15:45:11	,	980544	,	278	,10.5376,1999.9000,-0.2199,-1.3566,595626.3750,27.3711,604425.6250,1999.9000,
	2026/03/30 15:45:11	,	981544	,	279	,10.5376,1999.9000,-0.2198,-1.4116,595626.3750,27.3771,604534.9375,1999.9000,
	2026/03/30 15:45:11	,	982544	,	280	,10.5376,1999.9000,-0.2198,-1.3580,595430.3125,27.3775,604699.1875,1999.9000,
	2026/03/30 15:45:11	,	983544	,	281	,10.5376,1999.9000,-0.2219,-0.9154,595330.2500,27.3778,604793.4375,1999.9000,
	2026/03/30 15:45:11	,	984544	,	282	,10.5376,1999.9000,-0.2226,-0.5465,595318.6250,27.3765,604881.0000,1999.9000,
	2026/03/30 15:45:11	,	985544	,	283	,10.5376,1999.9000,-0.2230,0.1587,595301.2500,27.3740,604981.8750,1999.9000,
	2026/03/30 15:45:11	,	986544	,	284	,10.5376,1999.9000,-0.2270,0.7464,595063.3125,27.3718,605241.0000,1999.9000,
	2026/03/30 15:45:11	,	987544	,	285	,10.5376,1999.9000,-0.2324,1.2362,594705.2500,27.3716,605241.0000,1999.9000,
	2026/03/30 15:45:11	,	988544	,	286	,10.5376,1999.9000,-0.2324,1.7438,594705.2500,27.3714,605241.0000,1999.9000,
	2026/03/30 15:45:11	,	989544	,	287	,10.5376,1999.9000,-0.2324,2.1668,594705.2500,27.3712,605241.0000,1999.9000,
	2026/03/30 15:45:11	,	990544	,	288	,10.5375,1999.9000,-0.2324,2.5193,594705.2500,27.3710,605241.0000,1999.9000,
	2026/03/30 15:45:11	,	991544	,	289	,10.5375,1999.9000,-0.2324,2.8130,594705.2500,27.3694,605239.0000,1999.9000,
	2026/03/30 15:45:11	,	992544	,	290	,10.5375,1999.9000,-0.2295,3.0578,594810.1250,27.3665,605024.7500,1999.9000,
	2026/03/30 15:45:11	,	993544	,	291	,10.5374,1999.9000,-0.2260,3.2618,594916.1250,27.3641,604912.4375,1999.9000,
	2026/03/30 15:45:11	,	994544	,	292	,10.5374,1999.9000,-0.2231,3.4318,594934.0000,27.3651,604872.0000,1999.9000,
	2026/03/30 15:45:11	,	995544	,	293	,10.5374,1999.9000,-0.2206,3.4740,594947.1250,27.3660,604739.6875,1999.9000,
	2026/03/30 15:45:11	,	996544	,	294	,10.5374,1999.9000,-0.2158,3.5092,595136.5625,27.3621,604739.6875,1999.9000,
	2026/03/30 15:45:11	,	997544	,	295	,10.5374,1999.9000,-0.2083,3.4390,595508.3750,27.3589,604531.8750,1999.9000,
	2026/03/30 15:45:11	,	998544	,	296	,10.5374,1999.9000,-0.2049,3.3805,595508.3750,27.3562,604449.1250,1999.9000,
	2026/03/30 15:45:11	,	999544	,	297	,10.5375,1999.9000,-0.2049,3.3318,595508.3750,27.3524,604449.1250,1999.9000,
	2026/03/30 15:45:12	,	000544	,	298	,10.5375,1999.9000,-0.2049,3.2912,595508.3750,27.3493,604449.1250,1999.9000,
	2026/03/30 15:45:12	,	001544	,	299	,10.5375,1999.9000,-0.2049,3.2573,595508.3750,27.3467,604449.1250,1999.9000,
	2026/03/30 15:45:12	,	002544	,	300	,10.5375,1999.9000,-0.2049,3.3286,595506.6250,27.3445,604655.6875,1999.9000,
	2026/03/30 15:45:12	,	003544	,	301	,10.5375,1999.9000,-0.2086,2.9901,595371.9375,27.3427,604655.6875,1999.9000,
	2026/03/30 15:45:12	,	004544	,	302	,10.5375,1999.9000,-0.2123,2.4096,595347.1875,27.3381,604765.0625,1999.9000,
	2026/03/30 15:45:12	,	005544	,	303	,10.5376,1999.9000,-0.2160,2.0253,595331.6250,27.3343,604863.5000,1999.9000,
	2026/03/30 15:45:12	,	006544	,	304	,10.5376,1999.9000,-0.2212,1.9040,595186.6875,27.3312,604951.6250,1999.9000,
	2026/03/30 15:45:12	,	007544	,	305	,10.5376,1999.9000,-0.2294,1.8029,594852.3750,27.3285,605157.6250,1999.9000,
	2026/03/30 15:45:12	,	008544	,	306	,10.5376,1999.9000,-0.2353,1.7187,594749.9375,27.3263,605292.3125,1999.9000,
	2026/03/30 15:45:12	,	009544	,	307	,10.5376,1999.9000,-0.2353,1.6485,594749.9375,27.3229,605292.3125,1999.9000,
	2026/03/30 15:45:12	,	010544	,	308	,10.5376,1999.9000,-0.2353,1.5900,594749.9375,27.3202,605292.3125,1999.9000,
	2026/03/30 15:45:12	,	011544	,	309	,10.5376,1999.9000,-0.2353,1.5413,594749.9375,27.3178,605292.3125,1999.9000,
	2026/03/30 15:45:12	,	012544	,	310	,10.5376,1999.9000,-0.2353,1.5007,594749.9375,27.3158,605292.3125,1999.9000,
	2026/03/30 15:45:12	,	013544	,	311	,10.5375,1999.9000,-0.2349,1.4668,594885.7500,27.3158,605071.2500,1999.9000,
	2026/03/30 15:45:12	,	014544	,	312	,10.5375,1999.9000,-0.2305,1.4386,594910.4375,27.3187,604936.5625,1999.9000,
	2026/03/30 15:45:12	,	015544	,	313	,10.5375,1999.9000,-0.2282,1.5146,594924.5000,27.3212,604844.1875,1999.9000,
	2026/03/30 15:45:12	,	016544	,	314	,10.5374,1999.9000,-0.2252,1.6774,595042.5000,27.3294,604810.0000,1999.9000,
	2026/03/30 15:45:12	,	017544	,	315	,10.5374,1999.9000,-0.2182,1.8130,595356.4375,27.3377,604619.4375,1999.9000,
	2026/03/30 15:45:12	,	018544	,	316	,10.5374,1999.9000,-0.2118,2.0255,595573.3750,27.3462,604409.9375,1999.9000,
	2026/03/30 15:45:12	,	019544	,	317	,10.5374,1999.9000,-0.2065,2.3021,595573.3750,27.3624,604409.9375,1999.9000,
	2026/03/30 15:45:12	,	020544	,	318	,10.5374,1999.9000,-0.2065,2.3336,595573.3750,27.3759,604409.9375,1999.9000,
	2026/03/30 15:45:12	,	021544	,	319	,10.5374,1999.9000,-0.2065,2.2604,595573.3750,27.3872,604409.9375,1999.9000,
	2026/03/30 15:45:12	,	022544	,	320	,10.5374,1999.9000,-0.2065,1.9010,595573.3750,27.3966,604409.9375,1999.9000,
	2026/03/30 15:45:12	,	023544	,	321	,10.5374,1999.9000,-0.2065,1.8004,595409.5000,27.4044,604623.7500,1999.9000,
	2026/03/30 15:45:12	,	024544	,	322	,10.5374,1999.9000,-0.2066,1.7166,595375.5000,27.4109,604751.7500,1999.9000,
	2026/03/30 15:45:12	,	025544	,	323	,10.5374,1999.9000,-0.2068,1.4478,595353.0625,27.4087,604850.2500,1999.9000,
	2026/03/30 15:45:12	,	026544	,	324	,10.5374,1999.9000,-0.2070,1.4228,595245.0625,27.4069,604889.1875,1999.9000,
	2026/03/30 15:45:12	,	027544	,	325	,10.5374,1999.9000,-0.2130,1.4019,594983.5000,27.4039,605065.1875,1999.9000,
	2026/03/30 15:45:12	,	028544	,	326	,10.5374,1999.9000,-0.2184,1.3845,594655.8125,27.3998,605366.6250,1999.9000,
	2026/03/30 15:45:12	,	029544	,	327	,10.5374,1999.9000,-0.2184,1.3845,594655.8125,27.3949,605366.6250,1999.9000,
	2026/03/30 15:45:12	,	030544	,	328	,10.5375,1999.9000,-0.2184,1.5403,594655.8125,27.3892,605366.6250,1999.9000,
	2026/03/30 15:45:12	,	031544	,	329	,10.5375,1999.9000,-0.2184,1.5403,594655.8125,27.3845,605366.6250,1999.9000,
	2026/03/30 15:45:12	,	032544	,	330	,10.5375,1999.9000,-0.2184,1.5993,594655.8125,27.3807,605366.6250,1999.9000,
	2026/03/30 15:45:12	,	033544	,	331	,10.5375,1999.9000,-0.2184,1.6485,594836.3125,27.3774,605141.3750,1999.9000,
	2026/03/30 15:45:12	,	034544	,	332	,10.5375,1999.9000,-0.2181,1.3911,594918.5000,27.3732,604979.5000,1999.9000,
	2026/03/30 15:45:12	,	035544	,	333	,10.5375,1999.9000,-0.2140,1.4750,594928.6250,27.3696,604865.3125,1999.9000,
	2026/03/30 15:45:12	,	036544	,	334	,10.5375,1999.9000,-0.2116,1.2464,594946.1250,27.3651,604772.9375,1999.9000,
	2026/03/30 15:45:12	,	037544	,	335	,10.5375,1999.9000,-0.2094,0.6581,595223.0000,27.3584,604665.4375,1999.9000,
	2026/03/30 15:45:12	,	038544	,	336	,10.5375,1999.9000,-0.2040,0.1679,595599.0000,27.3527,604416.5625,1999.9000,
	2026/03/30 15:45:12	,	039544	,	337	,10.5375,1999.9000,-0.1991,-0.2407,595599.0000,27.3480,604416.5625,1999.9000,
	2026/03/30 15:45:12	,	040544	,	338	,10.5375,1999.9000,-0.1991,-0.4817,595599.0000,27.3426,604416.5625,1999.9000,
	2026/03/30 15:45:12	,	041544	,	339	,10.5375,1999.9000,-0.1991,-0.4836,595599.0000,27.3380,604416.5625,1999.9000,
	2026/03/30 15:45:12	,	042544	,	340	,10.5375,1999.9000,-0.1991,-0.4851,595599.0000,27.3343,604416.5625,1999.9000,
	2026/03/30 15:45:12	,	043544	,	341	,10.5375,1999.9000,-0.1991,-0.4865,595445.2500,27.3311,604572.9375,1999.9000,
	2026/03/30 15:45:12	,	044544	,	342	,10.5375,1999.9000,-0.2069,-0.4884,595336.8125,27.3285,604819.4375,1999.9000,
	2026/03/30 15:45:12	,	045544	,	343	,10.5375,1999.9000,-0.2069,-0.4884,595336.8125,27.3309,604819.4375,1999.9000,
	2026/03/30 15:45:12	,	046544	,	344	,10.5375,1999.9000,-0.2103,-0.4892,595320.6875,27.3344,604902.7500,1999.9000,
	2026/03/30 15:45:12	,	047544	,	345	,10.5375,1999.9000,-0.2136,-0.4898,595306.6250,27.3358,605012.6875,1999.9000,
	2026/03/30 15:45:12	,	048544	,	346	,10.5375,1999.9000,-0.2198,-0.4903,595109.1875,27.3324,605283.3125,1999.9000,
	2026/03/30 15:45:12	,	049544	,	347	,10.5375,1999.9000,-0.2278,-0.4908,594757.0625,27.3356,605283.3125,1999.9000,
	2026/03/30 15:45:12	,	050544	,	348	,10.5375,1999.9000,-0.2338,-0.4911,594757.0625,27.3399,605283.3125,1999.9000,
	2026/03/30 15:45:12	,	051544	,	349	,10.5375,1999.9000,-0.2338,-0.4914,594757.0625,27.3449,605283.3125,1999.9000,
	2026/03/30 15:45:12	,	052544	,	350	,10.5376,1999.9000,-0.2338,-0.5912,594757.0625,27.3491,605283.3125,1999.9000,
	2026/03/30 15:45:12	,	053544	,	351	,10.5376,1999.9000,-0.2338,-0.9727,594757.0625,27.3527,605177.5625,1999.9000,
	2026/03/30 15:45:12	,	054544	,	352	,10.5376,1999.9000,-0.2338,-0.9922,594761.3750,27.3556,604987.3125,1999.9000,
	2026/03/30 15:45:12	,	055544	,	353	,10.5376,1999.9000,-0.2316,-1.3069,594887.0000,27.3580,604877.3750,1999.9000,
	2026/03/30 15:45:12	,	056544	,	354	,10.5375,1999.9000,-0.2280,-1.7681,594905.4375,27.3631,604837.8750,1999.9000,
	2026/03/30 15:45:12	,	057544	,	355	,10.5375,1999.9000,-0.2250,-2.2519,594919.1250,27.3674,604713.7500,1999.9000,
	2026/03/30 15:45:12	,	058544	,	356	,10.5375,1999.9000,-0.2199,-2.5556,595093.6875,27.3709,604495.6250,1999.9000,
	2026/03/30 15:45:12	,	059544	,	357	,10.5375,1999.9000,-0.2121,-2.8087,595458.3125,27.3739,604491.4375,1999.9000,
	2026/03/30 15:45:12	,	060544	,	358	,10.5375,1999.9000,-0.2060,-3.1190,595481.3125,27.3748,604490.0000,1999.9000,
	2026/03/30 15:45:12	,	061544	,	359	,10.5375,1999.9000,-0.2026,-3.4771,595488.9375,27.3756,604489.3125,1999.9000,
	2026/03/30 15:45:12	,	062544	,	360	,10.5375,1999.9000,-0.2026,-3.7756,595492.7500,27.3762,604488.8750,1999.9000,
	2026/03/30 15:45:12	,	063544	,	361	,10.5375,1999.9000,-0.2026,-4.0243,595495.0000,27.3768,604488.6250,1999.9000,
	2026/03/30 15:45:12	,	064544	,	362	,10.5375,1999.9000,-0.2026,-3.7341,595496.5625,27.3772,604675.0625,1999.9000,
	2026/03/30 15:45:12	,	065544	,	363	,10.5375,1999.9000,-0.2026,-3.2934,595375.5625,27.3776,604788.0000,1999.9000,
	2026/03/30 15:45:12	,	066544	,	364	,10.5376,1999.9000,-0.2029,-2.6277,595345.1250,27.3779,604879.2500,1999.9000,
	2026/03/30 15:45:12	,	067544	,	365	,10.5376,1999.9000,-0.2058,-1.9735,595329.6250,27.3797,604966.1875,1999.9000,
	2026/03/30 15:45:12	,	068544	,	366	,10.5376,1999.9000,-0.2090,-1.4283,595203.3125,27.3812,605183.5625,1999.9000,
	2026/03/30 15:45:12	,	069544	,	367	,10.5376,1999.9000,-0.2162,-0.9740,594871.5000,27.3855,605268.7500,1999.9000,
	2026/03/30 15:45:12	,	070544	,	368	,10.5376,1999.9000,-0.2214,-0.5954,594730.2500,27.3906,605268.7500,1999.9000,
	2026/03/30 15:45:12	,	071544	,	369	,10.5376,1999.9000,-0.2214,-0.2799,594730.2500,27.3948,605268.7500,1999.9000,
	2026/03/30 15:45:12	,	072544	,	370	,10.5376,1999.9000,-0.2214,-0.1165,594730.2500,27.3984,605268.7500,1999.9000,
	2026/03/30 15:45:12	,	073544	,	371	,10.5376,1999.9000,-0.2214,0.0197,594730.2500,27.4013,605268.7500,1999.9000,
	2026/03/30 15:45:12	,	074544	,	372	,10.5375,1999.9000,-0.2214,0.1332,594730.2500,27.4038,605042.8750,1999.9000,
	2026/03/30 15:45:12	,	075544	,	373	,10.5375,1999.9000,-0.2182,0.2278,594879.8125,27.4058,604913.6250,1999.9000,
	2026/03/30 15:45:12	,	076544	,	374	,10.5375,1999.9000,-0.2157,0.3066,594914.6875,27.4075,604828.4375,1999.9000,
	2026/03/30 15:45:12	,	077544	,	375	,10.5375,1999.9000,-0.2147,-0.1251,594934.6250,27.4089,604793.4375,1999.9000,
	2026/03/30 15:45:12	,	078544	,	376	,10.5375,1999.9000,-0.2105,-0.4848,595046.0000,27.4101,604583.8125,1999.9000,
	2026/03/30 15:45:12	,	079544	,	377	,10.5375,1999.9000,-0.2038,-0.5856,595337.9375,27.3958,604423.7500,1999.9000,
	2026/03/30 15:45:12	,	080544	,	378	,10.5375,1999.9000,-0.1984,-0.3712,595590.0000,27.3958,604423.7500,1999.9000,
	2026/03/30 15:45:12	,	081544	,	379	,10.5375,1999.9000,-0.1984,-0.1926,595590.0000,27.3840,604423.7500,1999.9000,
	2026/03/30 15:45:12	,	082544	,	380	,10.5375,1999.9000,-0.1984,0.0558,595590.0000,27.3725,604423.7500,1999.9000,
	2026/03/30 15:45:12	,	083544	,	381	,10.5375,1999.9000,-0.1984,0.1633,595590.0000,27.3630,604423.7500,1999.9000,
	2026/03/30 15:45:12	,	084544	,	382	,10.5375,1999.9000,-0.1984,-0.0456,595590.0000,27.3551,604641.8750,1999.9000,
	2026/03/30 15:45:12	,	085544	,	383	,10.5375,1999.9000,-0.1985,0.0788,595399.3750,27.3484,604759.6250,1999.9000,
	2026/03/30 15:45:12	,	086544	,	384	,10.5375,1999.9000,-0.2019,0.1825,595313.5625,27.3429,604841.1250,1999.9000,
	2026/03/30 15:45:12	,	087544	,	385	,10.5375,1999.9000,-0.2046,0.1694,595300.7500,27.3383,604927.5625,1999.9000,
	2026/03/30 15:45:12	,	088544	,	386	,10.5375,1999.9000,-0.2085,0.3574,595282.3750,27.3360,605101.4375,1999.9000,
	2026/03/30 15:45:12	,	089544	,	387	,10.5375,1999.9000,-0.2167,0.6136,595022.8125,27.3371,605353.3750,1999.9000,
	2026/03/30 15:45:12	,	090544	,	388	,10.5375,1999.9000,-0.2247,0.8270,594660.5625,27.3381,605353.3750,1999.9000,
	2026/03/30 15:45:12	,	091544	,	389	,10.5375,1999.9000,-0.2307,1.0049,594660.5625,27.3389,605353.3750,1999.9000,
	2026/03/30 15:45:12	,	092544	,	390	,10.5375,1999.9000,-0.2308,1.1532,594660.5625,27.3395,605353.3750,1999.9000,
	2026/03/30 15:45:12	,	093544	,	391	,10.5375,1999.9000,-0.2308,1.3762,594660.5625,27.3401,605353.3750,1999.9000,
	2026/03/30 15:45:12	,	094544	,	392	,10.5375,1999.9000,-0.2308,1.5620,594660.5625,27.3421,605107.5000,1999.9000,
	2026/03/30 15:45:12	,	095544	,	393	,10.5374,1999.9000,-0.2308,1.7169,594828.0000,27.3513,604953.5000,1999.9000,
	2026/03/30 15:45:12	,	096544	,	394	,10.5374,1999.9000,-0.2308,1.8460,594864.9375,27.3591,604862.3125,1999.9000,
	2026/03/30 15:45:12	,	097544	,	395	,10.5374,1999.9000,-0.2306,1.9535,594884.7500,27.3655,604777.7500,1999.9000,
	2026/03/30 15:45:12	,	098544	,	396	,10.5374,1999.9000,-0.2284,2.0431,594903.9375,27.3709,604647.3125,1999.9000,
	2026/03/30 15:45:12	,	099544	,	397	,10.5374,1999.9000,-0.2232,2.1178,595181.3125,27.3754,604373.6875,1999.9000,
	2026/03/30 15:45:12	,	100544	,	398	,10.5373,1999.9000,-0.2173,2.1801,595554.8750,27.3806,604373.6875,1999.9000,
	2026/03/30 15:45:12	,	101544	,	399	,10.5373,1999.9000,-0.2173,2.2319,595554.8750,27.3850,604373.6875,1999.9000,
	2026/03/30 15:45:12	,	102544	,	400	,10.5373,1999.9000,-0.2172,2.4741,595554.8750,27.3902,604373.6875,1999.9000,
	2026/03/30 15:45:12	,	103544	,	401	,10.5373,1999.9000,-0.2172,2.7754,595554.8750,27.3930,604373.6875,1999.9000,
	2026/03/30 15:45:12	,	104544	,	402	,10.5374,1999.9000,-0.2172,3.0264,595554.8750,27.3953,604595.3125,1999.9000,
	2026/03/30 15:45:12	,	105544	,	403	,10.5374,1999.9000,-0.2172,3.2357,595448.8125,27.3972,604743.8750,1999.9000,
	2026/03/30 15:45:12	,	106544	,	404	,10.5374,1999.9000,-0.2198,3.4100,595333.8125,27.3988,604839.3125,1999.9000,
	2026/03/30 15:45:12	,	107544	,	405	,10.5374,1999.9000,-0.2207,3.4558,595317.7500,27.3986,604872.5625,1999.9000,
	2026/03/30 15:45:12	,	108544	,	406	,10.5374,1999.9000,-0.2229,3.5935,595302.4375,27.3985,605020.5625,1999.9000,
	2026/03/30 15:45:12	,	109544	,	407	,10.5374,1999.9000,-0.2271,3.6087,595122.3125,27.3922,605317.6875,1999.9000,
	2026/03/30 15:45:12	,	110544	,	408	,10.5374,1999.9000,-0.2321,3.3230,594770.1875,27.3871,605317.6875,1999.9000,
	2026/03/30 15:45:12	,	111544	,	409	,10.5375,1999.9000,-0.2321,3.0849,594766.0000,27.3828,605317.6875,1999.9000,
	2026/03/30 15:45:12	,	112544	,	410	,10.5375,1999.9000,-0.2321,2.8865,594764.5625,27.3776,605317.6875,1999.9000,
	2026/03/30 15:45:12	,	113544	,	411	,10.5375,1999.9000,-0.2321,2.7211,594763.9375,27.3734,605317.6875,1999.9000,
	2026/03/30 15:45:12	,	114544	,	412	,10.5375,1999.9000,-0.2321,2.5834,594763.5000,27.3698,605169.7500,1999.9000,
	2026/03/30 15:45:12	,	115544	,	413	,10.5375,1999.9000,-0.2269,2.4685,594763.1875,27.3668,605004.2500,1999.9000,
	2026/03/30 15:45:12	,	116544	,	414	,10.5375,1999.9000,-0.2221,2.3728,594881.0000,27.3643,604908.1875,1999.9000,
	2026/03/30 15:45:12	,	117544	,	415	,10.5375,1999.9000,-0.2179,2.2931,594899.1875,27.3638,604819.4375,1999.9000,
	2026/03/30 15:45:12	,	118544	,	416	,10.5375,1999.9000,-0.2144,2.2267,594914.8125,27.3633,604718.5625,1999.9000,
	2026/03/30 15:45:12	,	119544	,	417	,10.5375,1999.9000,-0.2090,2.1713,595075.2500,27.3614,604468.5000,1999.9000,
	2026/03/30 15:45:12	,	120544	,	418	,10.5375,1999.9000,-0.2013,2.1251,595417.2500,27.3598,604468.5000,1999.9000,
	2026/03/30 15:45:12	,	121544	,	419	,10.5375,1999.9000,-0.1977,2.0867,595509.0000,27.3570,604468.5000,1999.9000,
	2026/03/30 15:45:12	,	122544	,	420	,10.5375,1999.9000,-0.1977,2.1541,595509.0000,27.3516,604468.5000,1999.9000,
	2026/03/30 15:45:12	,	123544	,	421	,10.5375,1999.9000,-0.1977,2.2103,595509.0000,27.3486,604468.5000,1999.9000,
	2026/03/30 15:45:12	,	124544	,	422	,10.5375,1999.9000,-0.1977,1.9587,595509.0000,27.3461,604476.5000,1999.9000,
	2026/03/30 15:45:12	,	125544	,	423	,10.5375,1999.9000,-0.1977,1.7490,595509.0000,27.3410,604693.7500,1999.9000,
	2026/03/30 15:45:12	,	126544	,	424	,10.5375,1999.9000,-0.2009,1.5743,595352.3125,27.3367,604792.8125,1999.9000,
	2026/03/30 15:45:12	,	127544	,	425	,10.5376,1999.9000,-0.2037,1.4287,595327.0000,27.3331,604875.5625,1999.9000,
	2026/03/30 15:45:12	,	128544	,	426	,10.5376,1999.9000,-0.2060,1.4069,595314.1875,27.3302,604962.5625,1999.9000,
	2026/03/30 15:45:12	,	129544	,	427	,10.5376,1999.9000,-0.2103,1.3886,595208.0625,27.3277,605201.6875,1999.9000,
	2026/03/30 15:45:12	,	130544	,	428	,10.5376,1999.9000,-0.2183,1.3735,594907.7500,27.3272,605218.6250,1999.9000,
	2026/03/30 15:45:12	,	131544	,	429	,10.5376,1999.9000,-0.2248,1.2508,594693.9375,27.3264,605224.2500,1999.9000,
	2026/03/30 15:45:12	,	132544	,	430	,10.5376,1999.9000,-0.2248,1.2508,594693.9375,27.3264,605227.0000,1999.9000,
	2026/03/30 15:45:12	,	133544	,	431	,10.5376,1999.9000,-0.2248,0.6618,594693.9375,27.3261,605228.7500,1999.9000,
	2026/03/30 15:45:12	,	134544	,	432	,10.5376,1999.9000,-0.2248,0.1709,594693.9375,27.3258,605229.9375,1999.9000,
	2026/03/30 15:45:12	,	135544	,	433	,10.5375,1999.9000,-0.2248,0.3587,594693.9375,27.3256,605029.5625,1999.9000,
	2026/03/30 15:45:12	,	136544	,	434	,10.5375,1999.9000,-0.2219,0.5151,594860.1250,27.3315,604909.4375,1999.9000,
	2026/03/30 15:45:12	,	137544	,	435	,10.5375,1999.9000,-0.2191,0.8445,594888.1250,27.3364,604809.1250,1999.9000,
	2026/03/30 15:45:12	,	138544	,	436	,10.5375,1999.9000,-0.2182,1.1190,594902.8125,27.3406,604772.6250,1999.9000,
	2026/03/30 15:45:12	,	139544	,	437	,10.5375,1999.9000,-0.2144,1.1487,595000.7500,27.3440,604548.8125,1999.9000,
	2026/03/30 15:45:12	,	140544	,	438	,10.5375,1999.9000,-0.2074,1.1735,595280.8125,27.3469,604451.5625,1999.9000,
	2026/03/30 15:45:12	,	141544	,	439	,10.5375,1999.9000,-0.2015,1.1942,595616.2500,27.3492,604451.5625,1999.9000,
	2026/03/30 15:45:12	,	142544	,	440	,10.5375,1999.9000,-0.2015,1.2114,595616.2500,27.3543,604451.5625,1999.9000,
	2026/03/30 15:45:12	,	143544	,	441	,10.5375,1999.9000,-0.2015,1.2258,595616.2500,27.3692,604451.5625,1999.9000,
	2026/03/30 15:45:12	,	144544	,	442	,10.5375,1999.9000,-0.2015,1.2377,595616.2500,27.3816,604451.5625,1999.9000,
	2026/03/30 15:45:12	,	145544	,	443	,10.5375,1999.9000,-0.2015,1.2477,595616.2500,27.3812,604659.3750,1999.9000,
	2026/03/30 15:45:12	,	146544	,	444	,10.5375,1999.9000,-0.2017,1.2560,595428.5625,27.3779,604769.2500,1999.9000,
	2026/03/30 15:45:12	,	147544	,	445	,10.5375,1999.9000,-0.2047,1.2629,595328.4375,27.3750,604853.8125,1999.9000,
	2026/03/30 15:45:12	,	148544	,	446	,10.5376,1999.9000,-0.2055,1.2687,595315.9375,27.3758,604853.8125,1999.9000,
	2026/03/30 15:45:12	,	149544	,	447	,10.5376,1999.9000,-0.2088,1.3730,595301.2500,27.3763,604889.4375,1999.9000,
	2026/03/30 15:45:12	,	150544	,	448	,10.5376,1999.9000,-0.2159,1.4599,595061.5000,27.3769,605102.0625,1999.9000,
	2026/03/30 15:45:12	,	151544	,	449	,10.5376,1999.9000,-0.2229,1.6318,594697.5000,27.3773,605302.5625,1999.9000,
	2026/03/30 15:45:12	,	152544	,	450	,10.5377,1999.9000,-0.2266,1.7750,594697.5000,27.3776,605302.5625,1999.9000,
	2026/03/30 15:45:12	,	153544	,	451	,10.5377,1999.9000,-0.2266,2.1928,594697.5000,27.3779,605302.5625,1999.9000,
	2026/03/30 15:45:12	,	154544	,	452	,10.5377,1999.9000,-0.2266,2.2426,594697.5000,27.3782,605302.5625,1999.9000,
	2026/03/30 15:45:12	,	155544	,	453	,10.5377,1999.9000,-0.2266,2.2840,594697.5000,27.3799,605302.5625,1999.9000,
	2026/03/30 15:45:12	,	156544	,	454	,10.5377,1999.9000,-0.2266,2.3186,594811.8750,27.3814,605079.7500,1999.9000,
	2026/03/30 15:45:12	,	157544	,	455	,10.5377,1999.9000,-0.2240,1.9494,594904.2500,27.3826,604948.0625,1999.9000,
	2026/03/30 15:45:12	,	158544	,	456	,10.5377,1999.9000,-0.2218,1.6418,594923.0625,27.3820,604862.3125,1999.9000,
	2026/03/30 15:45:12	,	159544	,	457	,10.5376,1999.9000,-0.2193,1.3855,594936.1875,27.3725,604825.5000,1999.9000,
	2026/03/30 15:45:12	,	160544	,	458	,10.5376,1999.9000,-0.2132,0.8735,595156.8750,27.3629,604652.1250,1999.9000,
	2026/03/30 15:45:12	,	161544	,	459	,10.5376,1999.9000,-0.2064,0.3473,595543.5000,27.3550,604384.5000,1999.9000,
	2026/03/30 15:45:12	,	162544	,	460	,10.5376,1999.9000,-0.2014,-0.2901,595543.5000,27.3469,604384.5000,1999.9000,
	2026/03/30 15:45:12	,	163544	,	461	,10.5376,1999.9000,-0.2014,-0.8213,595543.5000,27.3401,604384.5000,1999.9000,
	2026/03/30 15:45:12	,	164544	,	462	,10.5376,1999.9000,-0.2014,-1.2639,595543.5000,27.3344,604384.5000,1999.9000,
	2026/03/30 15:45:12	,	165544	,	463	,10.5376,1999.9000,-0.2014,-1.6328,595543.5000,27.3297,604384.5000,1999.9000,
	2026/03/30 15:45:12	,	166544	,	464	,10.5376,1999.9000,-0.2014,-1.7413,595534.0000,27.3258,604595.3125,1999.9000,
	2026/03/30 15:45:12	,	167544	,	465	,10.5376,1999.9000,-0.2015,-1.7322,595358.8125,27.3241,604725.7500,1999.9000,
	2026/03/30 15:45:12	,	168544	,	466	,10.5376,1999.9000,-0.2019,-1.7246,595334.7500,27.3256,604826.6875,1999.9000,
	2026/03/30 15:45:12	,	169544	,	467	,10.5375,1999.9000,-0.2050,-1.6188,595320.5000,27.3270,604912.4375,1999.9000,
	2026/03/30 15:45:12	,	170544	,	468	,10.5375,1999.9000,-0.2099,-1.1327,595149.6875,27.3281,605045.9375,1999.9000,
	2026/03/30 15:45:12	,	171544	,	469	,10.5375,1999.9000,-0.2168,-0.7277,594794.6250,27.3290,605319.5625,1999.9000,
	2026/03/30 15:45:12	,	172544	,	470	,10.5374,1999.9000,-0.2196,-0.3901,594776.1250,27.3298,605319.5625,1999.9000,
	2026/03/30 15:45:12	,	173544	,	471	,10.5374,1999.9000,-0.2196,-0.1088,594769.9375,27.3396,605319.5625,1999.9000,
	2026/03/30 15:45:12	,	174544	,	472	,10.5374,1999.9000,-0.2196,0.1256,594766.8125,27.3478,605319.5625,1999.9000,
	2026/03/30 15:45:12	,	175544	,	473	,10.5374,1999.9000,-0.2196,0.3209,594765.0000,27.3546,605319.5625,1999.9000,
	2026/03/30 15:45:12	,	176544	,	474	,10.5374,1999.9000,-0.2196,0.4837,594763.8750,27.3603,605152.8125,1999.9000,
	2026/03/30 15:45:12	,	177544	,	475	,10.5374,1999.9000,-0.2171,0.5198,594880.3750,27.3604,604982.4375,1999.9000,
	2026/03/30 15:45:12	,	178544	,	476	,10.5374,1999.9000,-0.2164,0.4505,594903.0000,27.3605,604878.6250,1999.9000,
	2026/03/30 15:45:12	,	179544	,	477	,10.5374,1999.9000,-0.2158,0.3927,594915.1875,27.3606,604838.5000,1999.9000,
	2026/03/30 15:45:12	,	180544	,	478	,10.5374,1999.9000,-0.2106,0.3446,595046.0000,27.3653,604685.9375,1999.9000,
	2026/03/30 15:45:12	,	181544	,	479	,10.5374,1999.9000,-0.2042,0.1055,595385.0625,27.3692,604427.4375,1999.9000,
	2026/03/30 15:45:12	,	182544	,	480	,10.5375,1999.9000,-0.2038,-0.0937,595542.9375,27.3678,604427.4375,1999.9000,
	2026/03/30 15:45:12	,	183544	,	481	,10.5375,1999.9000,-0.2036,-0.3592,595542.9375,27.3667,604427.4375,1999.9000,
	2026/03/30 15:45:12	,	184544	,	482	,10.5375,1999.9000,-0.2035,-0.5804,595542.9375,27.3627,604427.4375,1999.9000,
	2026/03/30 15:45:12	,	185544	,	483	,10.5375,1999.9000,-0.2035,-0.8643,595542.9375,27.3594,604427.4375,1999.9000,
	2026/03/30 15:45:12	,	186544	,	484	,10.5376,1999.9000,-0.2035,-1.0013,595542.9375,27.3566,604533.1250,1999.9000,
	2026/03/30 15:45:12	,	187544	,	485	,10.5376,1999.9000,-0.2064,-1.1156,595379.6875,27.3543,604698.6250,1999.9000,
	2026/03/30 15:45:12	,	188544	,	486	,10.5376,1999.9000,-0.2091,-1.2107,595340.1250,27.3600,604799.4375,1999.9000,
	2026/03/30 15:45:12	,	189544	,	487	,10.5376,1999.9000,-0.2118,-1.1906,595323.0625,27.3572,604893.6875,1999.9000,
	2026/03/30 15:45:12	,	190544	,	488	,10.5376,1999.9000,-0.2168,-1.1738,595221.8125,27.3532,604989.7500,1999.9000,
	2026/03/30 15:45:12	,	191544	,	489	,10.5376,1999.9000,-0.2252,-0.7619,594945.3750,27.3500,605258.5000,1999.9000,
	2026/03/30 15:45:12	,	192544	,	490	,10.5376,1999.9000,-0.2316,-0.2197,594679.0000,27.3533,605258.5000,1999.9000,
	2026/03/30 15:45:12	,	193544	,	491	,10.5376,1999.9000,-0.2318,0.4311,594679.0000,27.3577,605258.5000,1999.9000,
	2026/03/30 15:45:12	,	194544	,	492	,10.5376,1999.9000,-0.2319,1.0729,594679.0000,27.3613,605258.5000,1999.9000,
	2026/03/30 15:45:12	,	195544	,	493	,10.5376,1999.9000,-0.2319,1.6077,594679.0000,27.3643,605258.5000,1999.9000,
	2026/03/30 15:45:12	,	196544	,	494	,10.5376,1999.9000,-0.2319,1.9539,594679.0000,27.3653,605252.2500,1999.9000,
	2026/03/30 15:45:12	,	197544	,	495	,10.5376,1999.9000,-0.2319,2.2424,594838.6875,27.3631,605018.6875,1999.9000,
	2026/03/30 15:45:12	,	198544	,	496	,10.5376,1999.9000,-0.2291,2.4828,594874.4375,27.3643,604909.4375,1999.9000,
	2026/03/30 15:45:12	,	199544	,	497	,10.5376,1999.9000,-0.2266,2.0863,594894.8750,27.3668,604820.6250,1999.9000,
	2026/03/30 15:45:12	,	200544	,	498	,10.5376,1999.9000,-0.2230,1.2585,594996.0000,27.3689,604730.6250,1999.9000,
	2026/03/30 15:45:12	,	201544	,	499	,10.5376,1999.9000,-0.2160,0.3698,595262.9375,27.3661,604518.5625,1999.9000,
	2026/03/30 15:45:12	,	202544	,	500	,10.5376,1999.9000,-0.2106,-0.3708,595604.8750,27.3637,604484.4375,1999.9000,
	2026/03/30 15:45:12	,	203544	,	501	,10.5376,1999.9000,-0.2063,-0.9880,595604.8750,27.3637,604473.1250,1999.9000,
	2026/03/30 15:45:12	,	204544	,	502	,10.5376,1999.9000,-0.2063,-1.5024,595604.8750,27.3618,604467.4375,1999.9000,
	2026/03/30 15:45:12	,	205544	,	503	,10.5376,1999.9000,-0.2063,-1.7320,595604.8750,27.3601,604464.0625,1999.9000,
	2026/03/30 15:45:12	,	206544	,	504	,10.5376,1999.9000,-0.2063,-1.9234,595604.8750,27.3633,604461.7500,1999.9000,
	2026/03/30 15:45:12	,	207544	,	505	,10.5376,1999.9000,-0.2063,-1.4861,595423.1875,27.3675,604653.3125,1999.9000,
	2026/03/30 15:45:12	,	208544	,	506	,10.5376,1999.9000,-0.2065,-1.0221,595336.1875,27.3711,604777.1250,1999.9000,
	2026/03/30 15:45:12	,	209544	,	507	,10.5376,1999.9000,-0.2068,-0.5360,595318.3125,27.3663,604870.7500,1999.9000,
	2026/03/30 15:45:12	,	210544	,	508	,10.5376,1999.9000,-0.2102,0.0680,595299.6250,27.3639,604909.1250,1999.9000,
	2026/03/30 15:45:12	,	211544	,	509	,10.5376,1999.9000,-0.2163,0.5713,595066.8750,27.3620,605148.5625,1999.9000,
	2026/03/30 15:45:12	,	212544	,	510	,10.5376,1999.9000,-0.2221,0.7918,594708.8125,27.3603,605300.1875,1999.9000,
	2026/03/30 15:45:12	,	213544	,	511	,10.5376,1999.9000,-0.2228,0.9756,594708.8125,27.3573,605300.1875,1999.9000,
	2026/03/30 15:45:12	,	214544	,	512	,10.5376,1999.9000,-0.2231,1.7256,594708.8125,27.3534,605300.1875,1999.9000,
	2026/03/30 15:45:12	,	215544	,	513	,10.5376,1999.9000,-0.2231,2.3506,594708.8125,27.3501,605300.1875,1999.9000,
	2026/03/30 15:45:12	,	216544	,	514	,10.5375,1999.9000,-0.2232,2.8714,594708.8125,27.3474,605300.1875,1999.9000,
	2026/03/30 15:45:12	,	217544	,	515	,10.5375,1999.9000,-0.2233,2.7086,594812.5000,27.3466,605066.4375,1999.9000,
	2026/03/30 15:45:12	,	218544	,	516	,10.5375,1999.9000,-0.2233,2.3739,594913.7500,27.3475,604939.6250,1999.9000,
	2026/03/30 15:45:12	,	219544	,	517	,10.5375,1999.9000,-0.2205,2.0950,594924.7500,27.3482,604844.7500,1999.9000,
	2026/03/30 15:45:12	,	220544	,	518	,10.5374,1999.9000,-0.2181,1.7632,594938.6875,27.3504,604755.9375,1999.9000,
	2026/03/30 15:45:12	,	221544	,	519	,10.5374,1999.9000,-0.2152,1.4866,595131.2500,27.3537,604583.1875,1999.9000,
	2026/03/30 15:45:12	,	222544	,	520	,10.5374,1999.9000,-0.2086,1.2562,595496.5000,27.3595,604411.0625,1999.9000,
	2026/03/30 15:45:12	,	223544	,	521	,10.5374,1999.9000,-0.2016,1.0641,595496.5000,27.3690,604411.0625,1999.9000,
	2026/03/30 15:45:12	,	224544	,	522	,10.5374,1999.9000,-0.2010,0.9041,595496.5000,27.3768,604411.0625,1999.9000,
	2026/03/30 15:45:12	,	225544	,	523	,10.5374,1999.9000,-0.2009,0.4723,595496.5000,27.3788,604411.0625,1999.9000,
	2026/03/30 15:45:12	,	226544	,	524	,10.5374,1999.9000,-0.2008,0.1125,595496.5000,27.3774,604411.0625,1999.9000,
	2026/03/30 15:45:12	,	227544	,	525	,10.5374,1999.9000,-0.2007,-0.1874,595494.1250,27.3777,604625.5000,1999.9000,
	2026/03/30 15:45:12	,	228544	,	526	,10.5374,1999.9000,-0.2007,-0.1388,595341.5625,27.3780,604758.3750,1999.9000,
	2026/03/30 15:45:12	,	229544	,	527	,10.5374,1999.9000,-0.2038,0.1006,595317.7500,27.3767,604852.0000,1999.9000,
	2026/03/30 15:45:12	,	230544	,	528	,10.5374,1999.9000,-0.2064,0.5985,595305.2500,27.3741,604886.4375,1999.9000,
	2026/03/30 15:45:12	,	231544	,	529	,10.5374,1999.9000,-0.2087,1.3118,595158.6250,27.3719,605061.6250,1999.9000,
	2026/03/30 15:45:12	,	232544	,	530	,10.5374,1999.9000,-0.2148,1.9063,594826.7500,27.3701,605354.5625,1999.9000,
	2026/03/30 15:45:12	,	233544	,	531	,10.5374,1999.9000,-0.2224,2.4017,594735.6250,27.3671,605354.5625,1999.9000,
	2026/03/30 15:45:12	,	234544	,	532	,10.5374,1999.9000,-0.2233,2.8145,594735.6250,27.3646,605354.5625,1999.9000,
	2026/03/30 15:45:12	,	235544	,	533	,10.5374,1999.9000,-0.2237,3.1585,594735.6250,27.3624,605354.5625,1999.9000,
	2026/03/30 15:45:12	,	236544	,	534	,10.5374,1999.9000,-0.2238,3.2463,594735.6250,27.3607,605354.5625,1999.9000,
	2026/03/30 15:45:12	,	237544	,	535	,10.5373,1999.9000,-0.2239,3.0210,594735.6250,27.3714,605122.0000,1999.9000,
	2026/03/30 15:45:12	,	238544	,	536	,10.5373,1999.9000,-0.2240,2.6343,594867.8750,27.3804,604964.9375,1999.9000,
	2026/03/30 15:45:12	,	239544	,	537	,10.5372,1999.9000,-0.2206,2.0136,594891.1250,27.3879,604856.2500,1999.9000,
	2026/03/30 15:45:12	,	240544	,	538	,10.5372,1999.9000,-0.2174,1.4963,594907.6250,27.3895,604818.5000,1999.9000,
	2026/03/30 15:45:12	,	241544	,	539	,10.5371,1999.9000,-0.2143,1.0653,595031.1250,27.3832,604660.5000,1999.9000,
	2026/03/30 15:45:12	,	242544	,	540	,10.5371,1999.9000,-0.2081,0.2088,595358.8125,27.3857,604388.1250,1999.9000,
	2026/03/30 15:45:12	,	243544	,	541	,10.5370,1999.9000,-0.1999,-0.5050,595556.0625,27.3877,604388.1250,1999.9000,
	2026/03/30 15:45:12	,	244544	,	542	,10.5369,1999.9000,-0.1940,-1.0999,595556.0625,27.3863,604388.1250,1999.9000,
	2026/03/30 15:45:12	,	245544	,	543	,10.5368,1999.9000,-0.1899,-1.5956,595556.0625,27.3851,604388.1250,1999.9000,
	2026/03/30 15:45:12	,	246544	,	544	,10.5368,1999.9000,-0.1899,-1.5113,595556.0625,27.3811,604388.1250,1999.9000,
	2026/03/30 15:45:12	,	247544	,	545	,10.5367,1999.9000,-0.1899,-1.3416,595556.0625,27.3762,604562.1250,1999.9000,
	2026/03/30 15:45:12	,	248544	,	546	,10.5366,1999.9000,-0.1899,-0.9017,595381.4375,27.3737,604716.1250,1999.9000,
	2026/03/30 15:45:12	,	249544	,	547	,10.5365,1999.9000,-0.1899,-0.5352,595345.6875,27.3747,604812.7500,1999.9000,
	2026/03/30 15:45:12	,	250544	,	548	,10.5364,1999.9000,-0.1901,-0.0308,595329.6250,27.3785,604849.8750,1999.9000,
	2026/03/30 15:45:12	,	251544	,	549	,10.5364,1999.9000,-0.1902,-0.0308,595244.4375,27.3817,604987.8750,1999.9000,
	2026/03/30 15:45:12	,	252544	,	550	,10.5363,1999.9000,-0.1924,0.5885,594992.3750,27.3890,605265.8125,1999.9000,
	2026/03/30 15:45:12	,	253544	,	551	,10.5362,1999.9000,-0.1924,1.1046,594643.8750,27.3950,605265.8125,1999.9000,
	2026/03/30 15:45:12	,	254544	,	552	,10.5362,1999.9000,-0.1924,1.4352,594643.8750,27.4000,605265.8125,1999.9000,
	2026/03/30 15:45:12	,	255544	,	553	,10.5361,1999.9000,-0.1924,1.7107,594643.8750,27.4042,605265.8125,1999.9000,
	2026/03/30 15:45:12	,	256544	,	554	,10.5360,1999.9000,-0.1924,1.8408,594643.8750,27.4077,605265.8125,1999.9000,
	2026/03/30 15:45:12	,	257544	,	555	,10.5359,1999.9000,-0.1895,1.9492,594643.8750,27.4030,605253.3125,1999.9000,
	2026/03/30 15:45:12	,	258544	,	556	,10.5359,1999.9000,-0.1811,2.1390,594833.9375,27.3945,605004.2500,1999.9000,
	2026/03/30 15:45:12	,	259544	,	557	,10.5358,1999.9000,-0.1731,2.2972,594916.7500,27.3859,604895.5000,1999.9000,
	2026/03/30 15:45:12	,	260544	,	558	,10.5357,1999.9000,-0.1653,2.3295,594928.9375,27.3787,604856.5000,1999.9000,
	2026/03/30 15:45:12	,	261544	,	559	,10.5357,1999.9000,-0.1579,2.0581,594946.6875,27.3651,604728.8125,1999.9000,
	2026/03/30 15:45:12	,	262544	,	560	,10.5356,1999.9000,-0.1488,1.8318,595212.8125,27.3537,604502.9375,1999.9000,
	2026/03/30 15:45:12	,	263544	,	561	,10.5354,1999.9000,-0.1363,1.2454,595585.8750,27.3427,604495.3125,1999.9000,
	2026/03/30 15:45:12	,	264544	,	562	,10.5353,1999.9000,-0.1253,0.7567,595585.8750,27.3336,604492.8125,1999.9000,
	2026/03/30 15:45:12	,	265544	,	563	,10.5352,1999.9000,-0.1162,0.4490,595585.8750,27.3260,604491.5625,1999.9000,
	2026/03/30 15:45:12	,	266544	,	564	,10.5351,1999.9000,-0.1090,0.1925,595585.8750,27.3227,604490.8125,1999.9000,
	2026/03/30 15:45:12	,	267544	,	565	,10.5349,1999.9000,-0.1051,-0.2202,595585.8750,27.3230,604490.3125,1999.9000,
	2026/03/30 15:45:12	,	268544	,	566	,10.5348,1999.9000,-0.1042,-0.5640,595422.5625,27.3232,604673.8125,1999.9000,
	2026/03/30 15:45:12	,	269544	,	567	,10.5346,1999.9000,-0.1012,-0.6517,595317.1250,27.3234,604781.3125,1999.9000,
	2026/03/30 15:45:12	,	270544	,	568	,10.5345,1999.9000,-0.1012,-0.6252,595302.8125,27.3236,604821.5000,1999.9000,
	2026/03/30 15:45:12	,	271544	,	569	,10.5344,1999.9000,-0.1012,-0.5037,595289.7500,27.3238,604951.6250,1999.9000,
	2026/03/30 15:45:12	,	272544	,	570	,10.5342,1999.9000,-0.1012,-0.4024,595099.0625,27.3300,605178.1875,1999.9000,
	2026/03/30 15:45:12	,	273544	,	571	,10.5341,1999.9000,-0.1012,-0.2186,594740.3750,27.3352,605265.8125,1999.9000,
	2026/03/30 15:45:12	,	274544	,	572	,10.5340,1999.9000,-0.1014,0.0341,594740.3750,27.3395,605265.8125,1999.9000,
	2026/03/30 15:45:12	,	275544	,	573	,10.5338,1999.9000,-0.1016,0.1452,594740.3750,27.3431,605265.8125,1999.9000,
	2026/03/30 15:45:12	,	276544	,	574	,10.5337,1999.9000,-0.1017,0.3373,594740.3750,27.3476,605265.8125,1999.9000,
	2026/03/30 15:45:12	,	277544	,	575	,10.5336,1999.9000,-0.1019,0.4973,594740.3750,27.3514,605265.8125,1999.9000,
	2026/03/30 15:45:12	,	278544	,	576	,10.5335,1999.9000,-0.1020,0.6307,594749.1875,27.3545,605060.3750,1999.9000,
	2026/03/30 15:45:12	,	279544	,	577	,10.5334,1999.9000,-0.1019,0.7418,594903.0000,27.3586,604942.6250,1999.9000,
	2026/03/30 15:45:12	,	280544	,	578	,10.5332,1999.9000,-0.1016,0.5360,594916.4375,27.3682,604842.3750,1999.9000,
	2026/03/30 15:45:12	,	281544	,	579	,10.5331,1999.9000,-0.0993,0.3645,594927.6875,27.3701,604750.5000,1999.9000,
	2026/03/30 15:45:12	,	282544	,	580	,10.5329,1999.9000,-0.0985,0.1221,595099.0625,27.3701,604580.2500,1999.9000,
	2026/03/30 15:45:12	,	283544	,	581	,10.5328,1999.9000,-0.0920,-0.2788,595458.3125,27.3686,604437.6875,1999.9000,
	2026/03/30 15:45:12	,	284544	,	582	,10.5327,1999.9000,-0.0862,-0.7124,595473.8125,27.3674,604437.6875,1999.9000,
	2026/03/30 15:45:12	,	285544	,	583	,10.5326,1999.9000,-0.0862,-1.0737,595479.0000,27.3663,604437.6875,1999.9000,
	2026/03/30 15:45:12	,	286544	,	584	,10.5325,1999.9000,-0.0862,-1.3748,595481.6250,27.3655,604437.6875,1999.9000,
	2026/03/30 15:45:12	,	287544	,	585	,10.5323,1999.9000,-0.0862,-1.6257,595483.2500,27.3648,604437.6875,1999.9000,
	2026/03/30 15:45:12	,	288544	,	586	,10.5322,1999.9000,-0.0862,-1.7354,595484.2500,27.3642,604638.1875,1999.9000,
	2026/03/30 15:45:12	,	289544	,	587	,10.5320,1999.9000,-0.0863,-1.8267,595347.5625,27.3637,604748.1250,1999.9000,
	2026/03/30 15:45:12	,	290544	,	588	,10.5319,1999.9000,-0.0897,-1.7039,595322.1875,27.3633,604838.1250,1999.9000,
	2026/03/30 15:45:12	,	291544	,	589	,10.5318,1999.9000,-0.0925,-1.4026,595311.1250,27.3660,604935.3750,1999.9000,
	2026/03/30 15:45:12	,	292544	,	590	,10.5317,1999.9000,-0.0952,-1.1515,595195.0000,27.3682,605104.5000,1999.9000,
	2026/03/30 15:45:12	,	293544	,	591	,10.5316,1999.9000,-0.1015,-0.9423,594896.5000,27.3701,605346.6875,1999.9000,
	2026/03/30 15:45:12	,	294544	,	592	,10.5314,1999.9000,-0.1086,-0.7679,594723.6875,27.3717,605346.6875,1999.9000,
	2026/03/30 15:45:12	,	295544	,	593	,10.5313,1999.9000,-0.1086,-0.5232,594723.6875,27.3729,605346.6875,1999.9000,
	2026/03/30 15:45:12	,	296544	,	594	,10.5311,1999.9000,-0.1086,-0.3192,594723.6875,27.3740,605346.6875,1999.9000,
	2026/03/30 15:45:12	,	297544	,	595	,10.5310,1999.9000,-0.1086,-0.1492,594723.6875,27.3749,605346.6875,1999.9000,
	2026/03/30 15:45:12	,	298544	,	596	,10.5308,1999.9000,-0.1086,-0.0075,594723.6875,27.3756,605114.7500,1999.9000,
	2026/03/30 15:45:12	,	299544	,	597	,10.5306,1999.9000,-0.1084,0.1105,594869.6875,27.3763,604959.5000,1999.9000,
	2026/03/30 15:45:12	,	300544	,	598	,10.5304,1999.9000,-0.1047,0.1094,594898.2500,27.3692,604861.6875,1999.9000,
	2026/03/30 15:45:12	,	301544	,	599	,10.5302,1999.9000,-0.1020,0.1085,594915.0000,27.3633,604821.7500,1999.9000,
	2026/03/30 15:45:12	,	302544	,	600	,10.5300,1999.9000,-0.0994,0.1077,595026.3750,27.3584,604821.7500,1999.9000,
	2026/03/30 15:45:12	,	303544	,	601	,10.5298,1999.9000,-0.0939,0.1071,595316.5625,27.3542,604365.8125,1999.9000,
	2026/03/30 15:45:12	,	304544	,	602	,10.5296,1999.9000,-0.0863,0.1065,595573.3750,27.3508,604365.8125,1999.9000,
	2026/03/30 15:45:12	,	305544	,	603	,10.5294,1999.9000,-0.0819,0.1061,595573.3750,27.3525,604365.8125,1999.9000,
	2026/03/30 15:45:12	,	306544	,	604	,10.5291,1999.9000,-0.0819,0.0062,595573.3750,27.3570,604365.8125,1999.9000,
	2026/03/30 15:45:12	,	307544	,	605	,10.5290,1999.9000,-0.0819,-0.1764,595573.3750,27.3638,604365.8125,1999.9000,
	2026/03/30 15:45:12	,	308544	,	606	,10.5288,1999.9000,-0.0819,-0.5276,595573.3750,27.3695,604365.8125,1999.9000,
	2026/03/30 15:45:12	,	309544	,	607	,10.5286,1999.9000,-0.0819,-0.6213,595394.0000,27.3757,604589.2500,1999.9000,
	2026/03/30 15:45:12	,	310544	,	608	,10.5285,1999.9000,-0.0850,-0.6994,595356.1250,27.3809,604733.6250,1999.9000,
	2026/03/30 15:45:12	,	311544	,	609	,10.5283,1999.9000,-0.0877,-0.7645,595335.0000,27.3852,604824.2500,1999.9000,
	2026/03/30 15:45:12	,	312544	,	610	,10.5281,1999.9000,-0.0886,-0.9182,595228.3125,27.3889,604863.1875,1999.9000,
	2026/03/30 15:45:12	,	313544	,	611	,10.5279,1999.9000,-0.0935,-1.0462,594988.8750,27.3919,605019.3125,1999.9000,
	2026/03/30 15:45:12	,	314544	,	612	,10.5278,1999.9000,-0.1003,-1.1530,594644.4375,27.3944,605305.6250,1999.9000,
	2026/03/30 15:45:12	,	315544	,	613	,10.5276,1999.9000,-0.1012,-1.1424,594644.4375,27.3965,605305.6250,1999.9000,
	2026/03/30 15:45:12	,	316544	,	614	,10.5274,1999.9000,-0.1014,-0.8353,594644.4375,27.3982,605305.6250,1999.9000,
	2026/03/30 15:45:12	,	317544	,	615	,10.5271,1999.9000,-0.1016,-0.5793,594644.4375,27.3981,605305.6250,1999.9000,
	2026/03/30 15:45:12	,	318544	,	616	,10.5269,1999.9000,-0.1017,-0.3659,594644.4375,27.3950,605305.6250,1999.9000,
	2026/03/30 15:45:12	,	319544	,	617	,10.5267,1999.9000,-0.1017,-0.1882,594814.8750,27.3925,605154.0000,1999.9000,
	2026/03/30 15:45:12	,	320544	,	618	,10.5265,1999.9000,-0.0980,-0.0400,594904.2500,27.3872,604981.8750,1999.9000,
	2026/03/30 15:45:12	,	321544	,	619	,10.5262,1999.9000,-0.0942,0.0834,594915.2500,27.3813,604871.3750,1999.9000,
	2026/03/30 15:45:12	,	322544	,	620	,10.5260,1999.9000,-0.0910,-0.1121,594931.0000,27.3765,604781.9375,1999.9000,
	2026/03/30 15:45:12	,	323544	,	621	,10.5258,1999.9000,-0.0863,-0.2750,595175.3125,27.3678,604683.5000,1999.9000,
	2026/03/30 15:45:12	,	324544	,	622	,10.5255,1999.9000,-0.0785,-0.4108,595554.2500,27.3590,604442.5000,1999.9000,
	2026/03/30 15:45:12	,	325544	,	623	,10.5253,1999.9000,-0.0728,-0.6235,595554.2500,27.3503,604442.5000,1999.9000,
	2026/03/30 15:45:12	,	326544	,	624	,10.5251,1999.9000,-0.0725,-0.7012,595554.2500,27.3429,604442.5000,1999.9000,
	2026/03/30 15:45:12	,	327544	,	625	,10.5249,1999.9000,-0.0724,-0.5670,595554.2500,27.3398,604442.5000,1999.9000,
	2026/03/30 15:45:12	,	328544	,	626	,10.5248,1999.9000,-0.0724,-0.4552,595554.2500,27.3398,604442.5000,1999.9000,
	2026/03/30 15:45:12	,	329544	,	627	,10.5246,1999.9000,-0.0723,-0.0636,595455.3750,27.3418,604527.6875,1999.9000,
	2026/03/30 15:45:12	,	330544	,	628	,10.5243,1999.9000,-0.0723,0.2627,595345.6875,27.3450,604704.6250,1999.9000,
	2026/03/30 15:45:12	,	331544	,	629	,10.5240,1999.9000,-0.0727,0.5347,595332.0625,27.3477,604800.6875,1999.9000,
	2026/03/30 15:45:12	,	332544	,	630	,10.5238,1999.9000,-0.0759,0.7613,595316.1250,27.3515,604839.3125,1999.9000,
	2026/03/30 15:45:12	,	333544	,	631	,10.5235,1999.9000,-0.0786,0.7512,595117.5625,27.3546,604967.3750,1999.9000,
	2026/03/30 15:45:12	,	334544	,	632	,10.5233,1999.9000,-0.0853,0.7428,594773.7500,27.3572,605215.6250,1999.9000,
	2026/03/30 15:45:12	,	335544	,	633	,10.5230,1999.9000,-0.0905,0.6363,594766.0000,27.3609,605230.7500,1999.9000,
	2026/03/30 15:45:12	,	336544	,	634	,10.5228,1999.9000,-0.0905,0.5476,594763.4375,27.3656,605235.7500,1999.9000,
	2026/03/30 15:45:12	,	337544	,	635	,10.5226,1999.9000,-0.0905,0.4736,594762.1250,27.3670,605238.2500,1999.9000,
	2026/03/30 15:45:12	,	338544	,	636	,10.5224,1999.9000,-0.0905,0.4120,594761.3750,27.3670,605239.7500,1999.9000,
	2026/03/30 15:45:12	,	339544	,	637	,10.5222,1999.9000,-0.0905,0.3606,594760.8125,27.3706,605240.7500,1999.9000,
	2026/03/30 15:45:12	,	340544	,	638	,10.5219,1999.9000,-0.0862,0.3178,594878.0000,27.3736,605033.2500,1999.9000,
	2026/03/30 15:45:12	,	341544	,	639	,10.5217,1999.9000,-0.0824,0.2822,594895.5625,27.3761,604900.3125,1999.9000,
	2026/03/30 15:45:12	,	342544	,	640	,10.5214,1999.9000,-0.0792,0.2525,594912.3750,27.3782,604812.1875,1999.9000,
	2026/03/30 15:45:12	,	343544	,	641	,10.5212,1999.9000,-0.0755,0.2277,595081.8125,27.3842,604559.1250,1999.9000,
	2026/03/30 15:45:12	,	344544	,	642	,10.5210,1999.9000,-0.0684,0.4060,595438.0625,27.3842,604559.1250,1999.9000,
	2026/03/30 15:45:12	,	345544	,	643	,10.5207,1999.9000,-0.0621,0.5546,595471.1250,27.3864,604448.5625,1999.9000,
	2026/03/30 15:45:12	,	346544	,	644	,10.5205,1999.9000,-0.0593,0.6784,595471.1250,27.3883,604448.5625,1999.9000,
	2026/03/30 15:45:12	,	347544	,	645	,10.5202,1999.9000,-0.0593,0.7816,595482.1875,27.3899,604448.5625,1999.9000,
	2026/03/30 15:45:12	,	348544	,	646	,10.5199,1999.9000,-0.0593,0.8676,595487.7500,27.3912,604448.5625,1999.9000,
	2026/03/30 15:45:12	,	349544	,	647	,10.5197,1999.9000,-0.0593,0.9393,595491.0625,27.3923,604448.5625,1999.9000,
	2026/03/30 15:45:12	,	350544	,	648	,10.5194,1999.9000,-0.0593,1.1979,595493.1875,27.3947,604644.2500,1999.9000,
	2026/03/30 15:45:12	,	351544	,	649	,10.5191,1999.9000,-0.0615,1.9109,595363.0000,27.3967,604765.0625,1999.9000,
	2026/03/30 15:45:12	,	352544	,	650	,10.5189,1999.9000,-0.0625,2.5050,595330.2500,27.3984,604803.0625,1999.9000,
	2026/03/30 15:45:12	,	353544	,	651	,10.5186,1999.9000,-0.0659,2.6021,595309.7500,27.3998,604931.7500,1999.9000,
	2026/03/30 15:45:12	,	354544	,	652	,10.5183,1999.9000,-0.0718,2.6831,595190.1875,27.4010,605140.1250,1999.9000,
	2026/03/30 15:45:12	,	355544	,	653	,10.5180,1999.9000,-0.0781,2.7506,594913.1250,27.4020,605326.1250,1999.9000,
	2026/03/30 15:45:12	,	356544	,	654	,10.5178,1999.9000,-0.0781,2.7074,594688.5625,27.4013,605326.1250,1999.9000,
	2026/03/30 15:45:12	,	357544	,	655	,10.5176,1999.9000,-0.0781,2.6714,594688.5625,27.4007,605326.1250,1999.9000,
	2026/03/30 15:45:12	,	358544	,	656	,10.5173,1999.9000,-0.0781,2.6414,594688.5625,27.3987,605326.1250,1999.9000,
	2026/03/30 15:45:12	,	359544	,	657	,10.5170,1999.9000,-0.0781,2.4174,594688.5625,27.3970,605326.1250,1999.9000,
	2026/03/30 15:45:12	,	360544	,	658	,10.5167,1999.9000,-0.0756,2.1313,594688.5625,27.3880,605101.4375,1999.9000,
	2026/03/30 15:45:12	,	361544	,	659	,10.5164,1999.9000,-0.0722,1.6939,594850.0000,27.3805,604948.6875,1999.9000,
	2026/03/30 15:45:12	,	362544	,	660	,10.5161,1999.9000,-0.0692,1.1305,594884.6250,27.3742,604847.1875,1999.9000,
	2026/03/30 15:45:12	,	363544	,	661	,10.5159,1999.9000,-0.0660,0.6610,594901.5000,27.3766,604815.1875,1999.9000,
	2026/03/30 15:45:12	,	364544	,	662	,10.5156,1999.9000,-0.0594,0.2697,595016.2500,27.3786,604654.5000,1999.9000,
	2026/03/30 15:45:12	,	365544	,	663	,10.5152,1999.9000,-0.0516,0.1426,595301.0625,27.3756,604373.0625,1999.9000,
	2026/03/30 15:45:12	,	366544	,	664	,10.5149,1999.9000,-0.0463,-0.1623,595594.1250,27.3732,604373.0625,1999.9000,
	2026/03/30 15:45:12	,	367544	,	665	,10.5146,1999.9000,-0.0463,-0.5158,595594.1250,27.3758,604373.0625,1999.9000,
	2026/03/30 15:45:12	,	368544	,	666	,10.5142,1999.9000,-0.0463,-0.8104,595594.1250,27.3795,604373.0625,1999.9000,
	2026/03/30 15:45:12	,	369544	,	667	,10.5139,1999.9000,-0.0463,-1.0560,595594.1250,27.3825,604373.0625,1999.9000,
	2026/03/30 15:45:12	,	370544	,	668	,10.5136,1999.9000,-0.0463,-1.2605,595594.1250,27.3851,604598.3750,1999.9000,
	2026/03/30 15:45:12	,	371544	,	669	,10.5133,1999.9000,-0.0465,-1.4310,595417.8125,27.3872,604741.5000,1999.9000,
	2026/03/30 15:45:12	,	372544	,	670	,10.5130,1999.9000,-0.0493,-1.5731,595324.3125,27.3874,604834.5000,1999.9000,
	2026/03/30 15:45:12	,	373544	,	671	,10.5127,1999.9000,-0.0502,-1.6915,595302.8750,27.3845,604868.8750,1999.9000,
	2026/03/30 15:45:12	,	374544	,	672	,10.5123,1999.9000,-0.0555,-1.7902,595277.4375,27.3822,605028.9375,1999.9000,
	2026/03/30 15:45:12	,	375544	,	673	,10.5120,1999.9000,-0.0623,-1.5740,595012.6875,27.3802,605325.5625,1999.9000,
	2026/03/30 15:45:12	,	376544	,	674	,10.5118,1999.9000,-0.0626,-1.3938,594665.3125,27.3709,605325.5625,1999.9000,
	2026/03/30 15:45:12	,	377544	,	675	,10.5115,1999.9000,-0.0627,-1.2437,594665.3125,27.3616,605325.5625,1999.9000,
	2026/03/30 15:45:12	,	378544	,	676	,10.5113,1999.9000,-0.0628,-1.1185,594665.3125,27.3539,605325.5625,1999.9000,
	2026/03/30 15:45:12	,	379544	,	677	,10.5109,1999.9000,-0.0628,-0.7159,594665.3125,27.3566,605325.5625,1999.9000,
	2026/03/30 15:45:12	,	380544	,	678	,10.5106,1999.9000,-0.0629,-0.6787,594665.3125,27.3589,605144.3750,1999.9000,
	2026/03/30 15:45:12	,	381544	,	679	,10.5103,1999.9000,-0.0595,-0.6478,594803.5625,27.3608,604978.8750,1999.9000,
	2026/03/30 15:45:12	,	382544	,	680	,10.5100,1999.9000,-0.0562,-0.6220,594897.1250,27.3624,604888.8750,1999.9000,
	2026/03/30 15:45:12	,	383544	,	681	,10.5097,1999.9000,-0.0532,-0.6005,594911.6875,27.3637,604801.9375,1999.9000,
	2026/03/30 15:45:12	,	384544	,	682	,10.5097,1999.9000,-0.0483,-0.6820,594927.8750,27.3648,604685.9375,1999.9000,
	2026/03/30 15:45:12	,	385544	,	683	,10.5090,1999.9000,-0.0405,-0.6505,595152.0625,27.3657,604429.8125,1999.9000,
	2026/03/30 15:45:12	,	386544	,	684	,10.5087,1999.9000,-0.0347,-0.6243,595527.4375,27.3726,604429.8125,1999.9000,
	2026/03/30 15:45:12	,	387544	,	685	,10.5084,1999.9000,-0.0324,-0.6024,595527.4375,27.3753,604429.8125,1999.9000,
	2026/03/30 15:45:12	,	388544	,	686	,10.5081,1999.9000,-0.0324,-0.5841,595527.4375,27.3744,604429.8125,1999.9000,
	2026/03/30 15:45:12	,	389544	,	687	,10.5081,1999.9000,-0.0324,-0.5689,595527.4375,27.3737,604429.8125,1999.9000,
	2026/03/30 15:45:12	,	390544	,	688	,10.5078,1999.9000,-0.0324,-0.5563,595527.4375,27.3716,604548.8125,1999.9000,
	2026/03/30 15:45:12	,	391544	,	689	,10.5072,1999.9000,-0.0324,-0.4463,595517.0000,27.3699,604708.2500,1999.9000,
	2026/03/30 15:45:12	,	392544	,	690	,10.5068,1999.9000,-0.0327,-0.3546,595332.0625,27.3684,604801.3125,1999.9000,
	2026/03/30 15:45:12	,	393544	,	691	,10.5065,1999.9000,-0.0355,-0.1787,595307.2500,27.3672,604892.4375,1999.9000,
	2026/03/30 15:45:12	,	394544	,	692	,10.5061,1999.9000,-0.0383,-0.0321,595293.6875,27.3647,604992.7500,1999.9000,
	2026/03/30 15:45:12	,	395544	,	693	,10.5057,1999.9000,-0.0383,0.1895,595134.1875,27.3625,605249.4375,1999.9000,
	2026/03/30 15:45:12	,	396544	,	694	,10.5054,1999.9000,-0.0449,0.4736,594803.5625,27.3608,605249.4375,1999.9000,
	2026/03/30 15:45:12	,	397544	,	695	,10.5050,1999.9000,-0.0489,0.7104,594777.0625,27.3593,605249.4375,1999.9000,
	2026/03/30 15:45:12	,	398544	,	696	,10.5046,1999.9000,-0.0489,0.9078,594768.1875,27.3596,605249.4375,1999.9000,
	2026/03/30 15:45:12	,	399544	,	697	,10.5043,1999.9000,-0.0489,1.0722,594763.8125,27.3583,605249.4375,1999.9000,
	2026/03/30 15:45:12	,	400544	,	698	,10.5040,1999.9000,-0.0489,1.2092,594761.1250,27.3572,605243.3750,1999.9000,
	2026/03/30 15:45:12	,	401544	,	699	,10.5036,1999.9000,-0.0489,1.5224,594759.3125,27.3563,605027.1875,1999.9000,
	2026/03/30 15:45:12	,	402544	,	700	,10.5032,1999.9000,-0.0450,1.9823,594882.1875,27.3556,604908.8125,1999.9000,
	2026/03/30 15:45:12	,	403544	,	701	,10.5028,1999.9000,-0.0412,2.4650,594906.3125,27.3550,604819.4375,1999.9000,
	2026/03/30 15:45:12	,	404544	,	702	,10.5024,1999.9000,-0.0378,2.8673,594918.1250,27.3545,604779.2500,1999.9000,
	2026/03/30 15:45:12	,	405544	,	703	,10.5020,1999.9000,-0.0334,3.2025,595049.6250,27.3541,604534.3125,1999.9000,
	2026/03/30 15:45:12	,	406544	,	704	,10.5015,1999.9000,-0.0254,3.7803,595388.6250,27.3598,604494.1250,1999.9000,
	2026/03/30 15:45:12	,	407544	,	705	,10.5012,1999.9000,-0.0185,4.2618,595534.0000,27.3600,604480.8125,1999.9000,
	2026/03/30 15:45:12	,	408544	,	706	,10.5008,1999.9000,-0.0162,4.6630,595534.0000,27.3617,604474.0625,1999.9000,
	2026/03/30 15:45:12	,	409544	,	707	,10.5005,1999.9000,-0.0162,4.9974,595534.0000,27.3632,604470.0625,1999.9000,
	2026/03/30 15:45:12	,	410544	,	708	,10.5001,1999.9000,-0.0162,4.9776,595534.0000,27.3674,604467.3125,1999.9000,
	2026/03/30 15:45:12	,	411544	,	709	,10.4998,1999.9000,-0.0162,4.6627,595534.0000,27.3709,604649.0625,1999.9000,
	2026/03/30 15:45:12	,	412544	,	710	,10.4994,1999.9000,-0.0162,4.4002,595380.8750,27.3739,604779.5000,1999.9000,
	2026/03/30 15:45:12	,	413544	,	711	,10.4990,1999.9000,-0.0165,4.1815,595352.3125,27.3733,604884.0625,1999.9000,
	2026/03/30 15:45:12	,	414544	,	712	,10.4986,1999.9000,-0.0193,3.8004,595336.1875,27.3712,604922.9375,1999.9000,
	2026/03/30 15:45:12	,	415544	,	713	,10.4983,1999.9000,-0.0200,3.4827,595227.1875,27.3695,605166.0625,1999.9000,
	2026/03/30 15:45:12	,	416544	,	714	,10.4980,1999.9000,-0.0259,3.1185,594950.7500,27.3696,605288.7500,1999.9000,
	2026/03/30 15:45:12	,	417544	,	715	,10.4977,1999.9000,-0.0318,2.8150,594682.5625,27.3713,605288.7500,1999.9000,
	2026/03/30 15:45:12	,	418544	,	716	,10.4973,1999.9000,-0.0318,2.5621,594682.5625,27.3726,605288.7500,1999.9000,
	2026/03/30 15:45:12	,	419544	,	717	,10.4973,1999.9000,-0.0318,2.3514,594682.5625,27.3692,605288.7500,1999.9000,
	2026/03/30 15:45:12	,	420544	,	718	,10.4969,1999.9000,-0.0318,2.1757,594682.5625,27.3648,605288.7500,1999.9000,
	2026/03/30 15:45:12	,	421544	,	719	,10.4965,1999.9000,-0.0318,2.0294,594682.5625,27.3611,605065.1875,1999.9000,
	2026/03/30 15:45:12	,	422544	,	720	,10.4960,1999.9000,-0.0285,1.8079,594850.6250,27.3596,604943.8125,1999.9000,
	2026/03/30 15:45:12	,	423544	,	721	,10.4955,1999.9000,-0.0247,1.6234,594885.4375,27.3583,604849.6250,1999.9000,
	2026/03/30 15:45:12	,	424544	,	722	,10.4952,1999.9000,-0.0215,1.3701,594906.8125,27.3542,604811.8750,1999.9000,
	2026/03/30 15:45:12	,	425544	,	723	,10.4947,1999.9000,-0.0183,1.1591,595002.5000,27.3508,604604.3750,1999.9000,
	2026/03/30 15:45:12	,	426544	,	724	,10.4943,1999.9000,-0.0120,0.8838,595251.0000,27.3479,604422.6250,1999.9000,
	2026/03/30 15:45:12	,	427544	,	725	,10.4939,1999.9000,-0.0045,0.4553,595613.2500,27.3471,604422.6250,1999.9000,
	2026/03/30 15:45:12	,	428544	,	726	,10.4935,1999.9000,0.0007,0.0983,595613.2500,27.3479,604422.6250,1999.9000,
	2026/03/30 15:45:12	,	429544	,	727	,10.4930,1999.9000,0.0007,0.0983,595613.2500,27.3486,604422.6250,1999.9000,
	2026/03/30 15:45:12	,	430544	,	728	,10.4926,1999.9000,0.0007,-0.6460,595613.2500,27.3476,604422.6250,1999.9000,
	2026/03/30 15:45:12	,	431544	,	729	,10.4921,1999.9000,0.0007,-1.0184,595613.2500,27.3468,604631.5625,1999.9000,
	2026/03/30 15:45:12	,	432544	,	730	,10.4917,1999.9000,0.0007,-1.3287,595435.6875,27.3476,604755.4375,1999.9000,
	2026/03/30 15:45:12	,	433544	,	731	,10.4914,1999.9000,0.0005,-1.5873,595335.5625,27.3484,604841.7500,1999.9000,
	2026/03/30 15:45:12	,	434544	,	732	,10.4910,1999.9000,-0.0021,-1.6039,595316.5625,27.3489,604927.5625,1999.9000,
	2026/03/30 15:45:12	,	435544	,	733	,10.4906,1999.9000,-0.0028,-1.6177,595297.2500,27.3510,605085.1875,1999.9000,
	2026/03/30 15:45:12	,	436544	,	734	,10.4902,1999.9000,-0.0076,-1.0323,595067.5000,27.3527,605344.2500,1999.9000,
	2026/03/30 15:45:12	,	437544	,	735	,10.4898,1999.9000,-0.0138,-0.5445,594712.3750,27.3525,605344.2500,1999.9000,
	2026/03/30 15:45:12	,	438544	,	736	,10.4894,1999.9000,-0.0138,-0.1381,594712.3750,27.3539,605344.2500,1999.9000,
	2026/03/30 15:45:12	,	439544	,	737	,10.4890,1999.9000,-0.0138,0.2007,594712.3750,27.3566,605344.2500,1999.9000,
	2026/03/30 15:45:12	,	440544	,	738	,10.4885,1999.9000,-0.0138,0.4830,594712.3750,27.3589,605344.2500,1999.9000,
	2026/03/30 15:45:12	,	441544	,	739	,10.4881,1999.9000,-0.0138,0.3203,594712.3750,27.3608,605115.3750,1999.9000,
	2026/03/30 15:45:12	,	442544	,	740	,10.4877,1999.9000,-0.0136,0.0853,594724.5000,27.3624,604961.3750,1999.9000,
	2026/03/30 15:45:12	,	443544	,	741	,10.4873,1999.9000,-0.0087,-0.1106,594891.1250,27.3606,604858.0625,1999.9000,
	2026/03/30 15:45:12	,	444544	,	742	,10.4869,1999.9000,-0.0052,-0.4727,594906.3125,27.3561,604774.6875,1999.9000,
	2026/03/30 15:45:12	,	445544	,	743	,10.4864,1999.9000,-0.0021,-0.7745,594919.5625,27.3508,604657.5625,1999.9000,
	2026/03/30 15:45:12	,	446544	,	744	,10.4859,1999.9000,0.0029,-1.2250,595115.1250,27.3449,604398.4375,1999.9000,
	2026/03/30 15:45:12	,	447544	,	745	,10.4854,1999.9000,0.0105,-1.4014,595486.3750,27.3384,604398.4375,1999.9000,
	2026/03/30 15:45:12	,	448544	,	746	,10.4850,1999.9000,0.0160,-1.5484,595486.3750,27.3330,604398.4375,1999.9000,
	2026/03/30 15:45:12	,	449544	,	747	,10.4845,1999.9000,0.0161,-1.6709,595486.3750,27.3286,604398.4375,1999.9000,
	2026/03/30 15:45:12	,	450544	,	748	,10.4841,1999.9000,0.0162,-1.5741,595486.3750,27.3279,604398.4375,1999.9000,
	2026/03/30 15:45:12	,	451544	,	749	,10.4837,1999.9000,0.0162,-1.4934,595486.3750,27.3289,604570.5625,1999.9000,
	2026/03/30 15:45:12	,	452544	,	750	,10.4832,1999.9000,0.0162,-1.6250,595486.0625,27.3297,604726.3750,1999.9000,
	2026/03/30 15:45:12	,	453544	,	751	,10.4828,1999.9000,0.0162,-1.7348,595352.8750,27.3297,604814.6250,1999.9000,
	2026/03/30 15:45:12	,	454544	,	752	,10.4824,1999.9000,0.0158,-1.6273,595327.5625,27.3324,604852.3125,1999.9000,
	2026/03/30 15:45:12	,	455544	,	753	,10.4819,1999.9000,0.0126,-1.4382,595312.0000,27.3324,604994.5625,1999.9000,
	2026/03/30 15:45:12	,	456544	,	754	,10.4814,1999.9000,0.0098,-1.2807,595167.0000,27.3341,605277.8750,1999.9000,
	2026/03/30 15:45:12	,	457544	,	755	,10.4810,1999.9000,0.0036,-1.2489,594838.6875,27.3356,605277.8750,1999.9000,
	2026/03/30 15:45:12	,	458544	,	756	,10.4807,1999.9000,0.0031,-1.2224,594731.4375,27.3368,605277.8750,1999.9000,
	2026/03/30 15:45:12	,	459544	,	757	,10.4803,1999.9000,0.0029,-1.4987,594731.4375,27.3378,605277.8750,1999.9000,
	2026/03/30 15:45:12	,	460544	,	758	,10.4798,1999.9000,0.0028,-1.7290,594731.4375,27.3386,605277.8750,1999.9000,
	2026/03/30 15:45:12	,	461544	,	759	,10.4794,1999.9000,0.0027,-1.8214,594731.4375,27.3393,605277.8750,1999.9000,
	2026/03/30 15:45:12	,	462544	,	760	,10.4789,1999.9000,0.0027,-1.8984,594731.4375,27.3399,605189.6250,1999.9000,
	2026/03/30 15:45:12	,	463544	,	761	,10.4784,1999.9000,0.0066,-2.0621,594878.6250,27.3403,605009.6875,1999.9000,
	2026/03/30 15:45:12	,	464544	,	762	,10.4779,1999.9000,0.0102,-2.2979,594906.0000,27.3423,604899.1250,1999.9000,
	2026/03/30 15:45:12	,	465544	,	763	,10.4774,1999.9000,0.0133,-2.4945,594919.1250,27.3439,604803.6875,1999.9000,
	2026/03/30 15:45:12	,	466544	,	764	,10.4769,1999.9000,0.0173,-2.6583,595041.2500,27.3452,604713.1250,1999.9000,
	2026/03/30 15:45:12	,	467544	,	765	,10.4763,1999.9000,0.0252,-2.7947,595366.0000,27.3463,604489.0000,1999.9000,
	2026/03/30 15:45:12	,	468544	,	766	,10.4758,1999.9000,0.0320,-2.8090,595585.2500,27.3488,604489.0000,1999.9000,
	2026/03/30 15:45:12	,	469544	,	767	,10.4754,1999.9000,0.0356,-2.8090,595585.2500,27.3493,604489.0000,1999.9000,
	2026/03/30 15:45:12	,	470544	,	768	,10.4750,1999.9000,0.0356,-2.8209,595585.2500,27.3498,604489.0000,1999.9000,
	2026/03/30 15:45:12	,	471544	,	769	,10.4746,1999.9000,0.0356,-2.8308,595585.2500,27.3501,604489.0000,1999.9000,
	2026/03/30 15:45:12	,	472544	,	770	,10.4743,1999.9000,0.0356,-2.8391,595585.2500,27.3489,604492.8750,1999.9000,
	2026/03/30 15:45:12	,	473544	,	771	,10.4738,1999.9000,0.0356,-2.7465,595405.3125,27.3448,604699.1875,1999.9000,
	2026/03/30 15:45:12	,	474544	,	772	,10.4734,1999.9000,0.0334,-2.5698,595365.3750,27.3445,604806.1250,1999.9000,
	2026/03/30 15:45:12	,	475544	,	773	,10.4729,1999.9000,0.0325,-2.4226,595344.3125,27.3442,604896.1250,1999.9000,
	2026/03/30 15:45:12	,	476544	,	774	,10.4724,1999.9000,0.0294,-2.1010,595244.4375,27.3440,604978.8750,1999.9000,
	2026/03/30 15:45:12	,	477544	,	775	,10.4719,1999.9000,0.0235,-1.8330,594996.0000,27.3438,605202.3125,1999.9000,
	2026/03/30 15:45:12	,	478544	,	776	,10.4714,1999.9000,0.0187,-1.5102,594654.0000,27.3452,605239.5000,1999.9000,
	2026/03/30 15:45:12	,	479544	,	777	,10.4709,1999.9000,0.0187,-1.2412,594654.0000,27.3478,605251.8750,1999.9000,
	2026/03/30 15:45:12	,	480544	,	778	,10.4704,1999.9000,0.0187,-1.0170,594654.0000,27.3516,605258.0625,1999.9000,
	2026/03/30 15:45:12	,	481544	,	779	,10.4699,1999.9000,0.0187,-0.5318,594654.0000,27.3562,605261.7500,1999.9000,
	2026/03/30 15:45:12	,	482544	,	780	,10.4693,1999.9000,0.0187,-0.1274,594654.0000,27.3632,605264.3125,1999.9000,
	2026/03/30 15:45:12	,	483544	,	781	,10.4688,1999.9000,0.0232,-0.0889,594827.3750,27.3689,605056.1875,1999.9000,
	2026/03/30 15:45:12	,	484544	,	782	,10.4683,1999.9000,0.0270,-0.0567,594913.1250,27.3737,604935.3750,1999.9000,
	2026/03/30 15:45:12	,	485544	,	783	,10.4678,1999.9000,0.0303,0.6664,594926.5625,27.3747,604852.6250,1999.9000,
	2026/03/30 15:45:12	,	486544	,	784	,10.4673,1999.9000,0.0339,1.2689,594945.1875,27.3755,604812.1250,1999.9000,
	2026/03/30 15:45:12	,	487544	,	785	,10.4668,1999.9000,0.0410,1.7711,595214.0625,27.3715,604589.8750,1999.9000,
	2026/03/30 15:45:12	,	488544	,	786	,10.4663,1999.9000,0.0490,1.6921,595590.0000,27.3683,604427.4375,1999.9000,
	2026/03/30 15:45:12	,	489544	,	787	,10.4659,1999.9000,0.0544,1.6264,595590.0000,27.3640,604427.4375,1999.9000,
	2026/03/30 15:45:12	,	490544	,	788	,10.4655,1999.9000,0.0544,1.4721,595590.0000,27.3589,604427.4375,1999.9000,
	2026/03/30 15:45:12	,	491544	,	789	,10.4649,1999.9000,0.0544,1.4430,595590.0000,27.3547,604427.4375,1999.9000,
	2026/03/30 15:45:12	,	492544	,	790	,10.4644,1999.9000,0.0544,1.9161,595590.0000,27.3527,604427.4375,1999.9000,
	2026/03/30 15:45:12	,	493544	,	791	,10.4639,1999.9000,0.0544,2.3104,595450.6250,27.3511,604641.2500,1999.9000,
	2026/03/30 15:45:12	,	494544	,	792	,10.4634,1999.9000,0.0541,2.6390,595339.1875,27.3512,604754.1875,1999.9000,
	2026/03/30 15:45:12	,	495544	,	793	,10.4628,1999.9000,0.0510,3.0123,595316.8125,27.3529,604836.3125,1999.9000,
	2026/03/30 15:45:12	,	496544	,	794	,10.4622,1999.9000,0.0501,3.3233,595297.4375,27.3542,604924.5000,1999.9000,
	2026/03/30 15:45:12	,	497544	,	795	,10.4617,1999.9000,0.0447,3.5825,595088.9375,27.3585,605094.8125,1999.9000,
	2026/03/30 15:45:12	,	498544	,	796	,10.4612,1999.9000,0.0381,3.6991,594745.1250,27.3620,605353.9375,1999.9000,
	2026/03/30 15:45:12	,	499544	,	797	,10.4607,1999.9000,0.0381,3.7962,594745.1250,27.3649,605353.9375,1999.9000,
	2026/03/30 15:45:12	,	500544	,	798	,10.4602,1999.9000,0.0381,3.5787,594745.1250,27.3689,605353.9375,1999.9000,
	2026/03/30 15:45:12	,	501544	,	799	,10.4597,1999.9000,0.0381,3.1985,594745.1250,27.3722,605353.9375,1999.9000,
	2026/03/30 15:45:12	,	502544	,	800	,10.4592,1999.9000,0.0381,2.7822,594745.1250,27.3749,605353.9375,1999.9000,
	2026/03/30 15:45:12	,	503544	,	801	,10.4587,1999.9000,0.0383,1.9379,594752.5000,27.3772,605123.2500,1999.9000,
	2026/03/30 15:45:12	,	504544	,	802	,10.4583,1999.9000,0.0428,1.2344,594908.3750,27.3791,604969.7500,1999.9000,
	2026/03/30 15:45:12	,	505544	,	803	,10.4578,1999.9000,0.0459,0.6480,594927.4375,27.3807,604867.7500,1999.9000,
	2026/03/30 15:45:12	,	506544	,	804	,10.4573,1999.9000,0.0488,0.0600,594937.7500,27.3805,604780.1250,1999.9000,
	2026/03/30 15:45:12	,	507544	,	805	,10.4568,1999.9000,0.0541,-0.5295,595098.5000,27.3773,604659.3750,1999.9000,
	2026/03/30 15:45:12	,	508544	,	806	,10.4563,1999.9000,0.0623,-0.9213,595455.3750,27.3715,604391.8125,1999.9000,
	2026/03/30 15:45:12	,	509544	,	807	,10.4557,1999.9000,0.0683,-0.8500,595480.0625,27.3667,604391.8125,1999.9000,
	2026/03/30 15:45:12	,	510544	,	808	,10.4551,1999.9000,0.0684,-0.7905,595488.3125,27.3627,604391.8125,1999.9000,
	2026/03/30 15:45:12	,	511544	,	809	,10.4546,1999.9000,0.0684,-0.7409,595492.4375,27.3579,604391.8125,1999.9000,
	2026/03/30 15:45:12	,	512544	,	810	,10.4540,1999.9000,0.0685,-0.6996,595494.9375,27.3538,604391.8125,1999.9000,
	2026/03/30 15:45:12	,	513544	,	811	,10.4535,1999.9000,0.0685,-0.6651,595496.6250,27.3505,604606.1875,1999.9000,
	2026/03/30 15:45:12	,	514544	,	812	,10.4529,1999.9000,0.0685,-0.5370,595369.5625,27.3476,604751.1250,1999.9000,
	2026/03/30 15:45:12	,	515544	,	813	,10.4524,1999.9000,0.0682,-0.3307,595343.3125,27.3453,604843.5625,1999.9000,
	2026/03/30 15:45:12	,	516544	,	814	,10.4518,1999.9000,0.0682,-0.1588,595343.3125,27.3418,604931.7500,1999.9000,
	2026/03/30 15:45:12	,	517544	,	815	,10.4513,1999.9000,0.0627,-0.0155,595200.3125,27.3389,605058.0000,1999.9000,
	2026/03/30 15:45:12	,	518544	,	816	,10.4508,1999.9000,0.0561,0.0044,594881.6250,27.3365,605343.6250,1999.9000,
	2026/03/30 15:45:12	,	519544	,	817	,10.4503,1999.9000,0.0517,0.0210,594708.1875,27.3345,605343.6250,1999.9000,
	2026/03/30 15:45:12	,	520544	,	818	,10.4498,1999.9000,0.0517,-0.0647,594708.1875,27.3344,605343.6250,1999.9000,
	2026/03/30 15:45:12	,	521544	,	819	,10.4493,1999.9000,0.0517,-0.0366,594708.1875,27.3343,605343.6250,1999.9000,
	2026/03/30 15:45:12	,	522544	,	820	,10.4488,1999.9000,0.0517,-0.1127,594708.1875,27.3388,605343.6250,1999.9000,
	2026/03/30 15:45:12	,	523544	,	821	,10.4482,1999.9000,0.0517,-0.3750,594708.1875,27.3456,605164.3125,1999.9000,
	2026/03/30 15:45:12	,	524544	,	822	,10.4477,1999.9000,0.0553,-0.5936,594853.6250,27.3512,604982.4375,1999.9000,
	2026/03/30 15:45:12	,	525544	,	823	,10.4471,1999.9000,0.0586,-0.7758,594886.3750,27.3559,604864.0625,1999.9000,
	2026/03/30 15:45:12	,	526544	,	824	,10.4465,1999.9000,0.0615,-0.9276,594905.8125,27.3568,604773.5000,1999.9000,
	2026/03/30 15:45:12	,	527544	,	825	,10.4459,1999.9000,0.0653,-0.9546,595025.1875,27.3575,604687.1250,1999.9000,
	2026/03/30 15:45:12	,	528544	,	826	,10.4418,1999.9000,0.0730,-0.9772,595315.3125,27.3581,604437.6875,1999.9000,
	2026/03/30 15:45:12	,	529544	,	827	,10.4416,1999.9000,0.0794,-0.8965,595559.0000,27.3586,604437.6875,1999.9000,
	2026/03/30 15:45:12	,	530544	,	828	,10.4415,1999.9000,0.0838,-0.8292,595559.0000,27.3590,604437.6875,1999.9000,
	2026/03/30 15:45:12	,	531544	,	829	,10.4413,1999.9000,0.0838,-0.7732,595559.0000,27.3593,604437.6875,1999.9000,
	2026/03/30 15:45:12	,	532544	,	830	,10.4410,1999.9000,0.0838,-0.5275,595559.0000,27.3566,604437.6875,1999.9000,
	2026/03/30 15:45:12	,	533544	,	831	,10.4409,1999.9000,0.0838,-0.3228,595559.0000,27.3543,604542.1250,1999.9000,
	2026/03/30 15:45:12	,	534544	,	832	,10.4406,1999.9000,0.0838,-0.1522,595382.6875,27.3585,604710.6875,1999.9000,
	2026/03/30 15:45:12	,	535544	,	833	,10.4403,1999.9000,0.0835,0.1889,595342.8125,27.3620,604809.1250,1999.9000,
	2026/03/30 15:45:12	,	536544	,	834	,10.4399,1999.9000,0.0806,0.7716,595320.7500,27.3588,604848.7500,1999.9000,
	2026/03/30 15:45:12	,	537544	,	835	,10.4396,1999.9000,0.0796,0.9587,595223.5625,27.3561,604981.2500,1999.9000,
	2026/03/30 15:45:12	,	538544	,	836	,10.4392,1999.9000,0.0727,1.4131,594995.3750,27.3508,605221.6875,1999.9000,
	2026/03/30 15:45:12	,	539544	,	837	,10.4388,1999.9000,0.0670,1.7917,594649.1875,27.3495,605232.1875,1999.9000,
	2026/03/30 15:45:12	,	540544	,	838	,10.4383,1999.9000,0.0670,1.6099,594649.1875,27.3545,605235.7500,1999.9000,
	2026/03/30 15:45:12	,	541544	,	839	,10.4378,1999.9000,0.0670,1.4584,594649.1875,27.3586,605237.5000,1999.9000,
	2026/03/30 15:45:12	,	542544	,	840	,10.4373,1999.9000,0.0670,1.4316,594649.1875,27.3575,605238.5625,1999.9000,
	2026/03/30 15:45:12	,	543544	,	841	,10.4367,1999.9000,0.0670,1.4092,594649.1875,27.3566,605239.3125,1999.9000,
	2026/03/30 15:45:12	,	544544	,	842	,10.4362,1999.9000,0.0697,1.3906,594817.2500,27.3558,605043.5000,1999.9000,
	2026/03/30 15:45:12	,	545544	,	843	,10.4356,1999.9000,0.0732,1.2756,594900.0625,27.3552,604918.4375,1999.9000,
	2026/03/30 15:45:12	,	546544	,	844	,10.4350,1999.9000,0.0763,1.1798,594915.0000,27.3501,604831.5000,1999.9000,
	2026/03/30 15:45:12	,	547544	,	845	,10.4345,1999.9000,0.0798,1.0005,594934.6250,27.3443,604747.5625,1999.9000,
	2026/03/30 15:45:12	,	548544	,	846	,10.4340,1999.9000,0.0871,0.8511,595192.0000,27.3395,604544.0000,1999.9000,
	2026/03/30 15:45:12	,	549544	,	847	,10.4334,1999.9000,0.0946,0.7265,595566.1875,27.3355,604507.1250,1999.9000,
	2026/03/30 15:45:12	,	550544	,	848	,10.4328,1999.9000,0.0972,0.6227,595566.1875,27.3306,604494.8750,1999.9000,
	2026/03/30 15:45:12	,	551544	,	849	,10.4323,1999.9000,0.0972,0.5363,595566.1875,27.3280,604488.6875,1999.9000,
	2026/03/30 15:45:12	,	552544	,	850	,10.4317,1999.9000,0.0972,0.4642,595566.1875,27.3259,604485.0000,1999.9000,
	2026/03/30 15:45:12	,	553544	,	851	,10.4312,1999.9000,0.0972,0.4041,595566.1875,27.3272,604482.5000,1999.9000,
	2026/03/30 15:45:12	,	554544	,	852	,10.4307,1999.9000,0.0972,0.6525,595453.0000,27.3298,604670.2500,1999.9000,
	2026/03/30 15:45:12	,	555544	,	853	,10.4302,1999.9000,0.0968,0.9590,595330.8125,27.3320,604791.6250,1999.9000,
	2026/03/30 15:45:12	,	556544	,	854	,10.4296,1999.9000,0.0934,1.2144,595313.2500,27.3353,604882.1875,1999.9000,
	2026/03/30 15:45:12	,	557544	,	855	,10.4290,1999.9000,0.0926,1.4272,595299.6250,27.3381,604964.3125,1999.9000,
	2026/03/30 15:45:12	,	558544	,	856	,10.4284,1999.9000,0.0870,1.6045,595128.2500,27.3419,605155.8125,1999.9000,
	2026/03/30 15:45:12	,	559544	,	857	,10.4278,1999.9000,0.0805,1.6528,594788.6250,27.3466,605334.6250,1999.9000,
	2026/03/30 15:45:12	,	560544	,	858	,10.4272,1999.9000,0.0805,1.6931,594765.3750,27.3506,605334.6250,1999.9000,
	2026/03/30 15:45:12	,	561544	,	859	,10.4266,1999.9000,0.0805,1.7266,594757.6250,27.3539,605334.6250,1999.9000,
	2026/03/30 15:45:12	,	562544	,	860	,10.4260,1999.9000,0.0805,1.8541,594753.8125,27.3566,605334.6250,1999.9000,
	2026/03/30 15:45:12	,	563544	,	861	,10.4254,1999.9000,0.0805,1.9603,594751.4375,27.3620,605334.6250,1999.9000,
	2026/03/30 15:45:12	,	564544	,	862	,10.4248,1999.9000,0.0839,1.9493,594749.9375,27.3679,605110.5625,1999.9000,
	2026/03/30 15:45:12	,	565544	,	863	,10.4242,1999.9000,0.0883,1.9401,594885.1250,27.3759,604971.6250,1999.9000,
	2026/03/30 15:45:12	,	566544	,	864	,10.4236,1999.9000,0.0924,1.9325,594910.4375,27.3826,604873.8125,1999.9000,
	2026/03/30 15:45:12	,	567544	,	865	,10.4230,1999.9000,0.0961,1.9262,594923.4375,27.3851,604834.5000,1999.9000,
	2026/03/30 15:45:12	,	568544	,	866	,10.4223,1999.9000,0.1022,1.9209,595067.5000,27.3872,604643.0000,1999.9000,
	2026/03/30 15:45:12	,	569544	,	867	,10.4217,1999.9000,0.1104,1.8170,595417.8125,27.3890,604396.0000,1999.9000,
	2026/03/30 15:45:12	,	570544	,	868	,10.4211,1999.9000,0.1159,1.6309,595516.1250,27.3920,604396.0000,1999.9000,
	2026/03/30 15:45:12	,	571544	,	869	,10.4205,1999.9000,0.1159,1.4759,595516.1250,27.3960,604396.0000,1999.9000,
	2026/03/30 15:45:12	,	572544	,	870	,10.4199,1999.9000,0.1159,1.2472,595516.1250,27.3978,604396.0000,1999.9000,
	2026/03/30 15:45:12	,	573544	,	871	,10.4193,1999.9000,0.1159,0.8577,595516.1250,27.3947,604396.0000,1999.9000,
	2026/03/30 15:45:12	,	574544	,	872	,10.4187,1999.9000,0.1159,0.5331,595516.1250,27.3906,604620.0625,1999.9000,
	2026/03/30 15:45:12	,	575544	,	873	,10.4181,1999.9000,0.1159,0.4616,595363.0000,27.3872,604753.5625,1999.9000,
	2026/03/30 15:45:12	,	576544	,	874	,10.4176,1999.9000,0.1157,0.4020,595333.5000,27.3844,604847.8125,1999.9000,
	2026/03/30 15:45:12	,	577544	,	875	,10.4170,1999.9000,0.1125,0.3523,595315.7500,27.3836,604884.0625,1999.9000,
	2026/03/30 15:45:12	,	578544	,	876	,10.4165,1999.9000,0.1117,0.3109,595191.4375,27.3836,605047.0625,1999.9000,
	2026/03/30 15:45:12	,	579544	,	877	,10.4159,1999.9000,0.1073,0.2764,594900.6250,27.3829,605340.0625,1999.9000,
	2026/03/30 15:45:12	,	580544	,	878	,10.4119,1999.9000,0.1006,0.0487,594665.3125,27.3808,605340.0625,1999.9000,
	2026/03/30 15:45:12	,	581544	,	879	,10.4115,1999.9000,0.0979,-0.3400,594665.3125,27.3790,605340.0625,1999.9000,
	2026/03/30 15:45:12	,	582544	,	880	,10.4114,1999.9000,0.0979,-0.2660,594665.3125,27.3748,605340.0625,1999.9000,
	2026/03/30 15:45:12	,	583544	,	881	,10.4111,1999.9000,0.0979,-0.2044,594665.3125,27.3748,605340.0625,1999.9000,
	2026/03/30 15:45:12	,	584544	,	882	,10.4107,1999.9000,0.0979,-0.5509,594665.3125,27.3725,605163.6875,1999.9000,
	2026/03/30 15:45:12	,	585544	,	883	,10.4104,1999.9000,0.0979,-0.9391,594827.3750,27.3691,604994.5625,1999.9000,
	2026/03/30 15:45:12	,	586544	,	884	,10.4101,1999.9000,0.1017,-1.3621,594866.6875,27.3647,604879.2500,1999.9000,
	2026/03/30 15:45:12	,	587544	,	885	,10.4098,1999.9000,0.1055,-1.6152,594887.3125,27.3611,604783.1875,1999.9000,
	2026/03/30 15:45:12	,	588544	,	886	,10.4093,1999.9000,0.1088,-2.0250,594982.8750,27.3580,604673.1875,1999.9000,
	2026/03/30 15:45:12	,	589544	,	887	,10.4089,1999.9000,0.1131,-2.3665,595259.3125,27.3555,604428.0625,1999.9000,
	2026/03/30 15:45:12	,	590544	,	888	,10.4084,1999.9000,0.1209,-2.4521,595580.5000,27.3488,604428.0625,1999.9000,
	2026/03/30 15:45:12	,	591544	,	889	,10.4080,1999.9000,0.1274,-2.5235,595580.5000,27.3432,604428.0625,1999.9000,
	2026/03/30 15:45:12	,	592544	,	890	,10.4075,1999.9000,0.1314,-2.5830,595580.5000,27.3370,604428.0625,1999.9000,
	2026/03/30 15:45:12	,	593544	,	891	,10.4070,1999.9000,0.1314,-2.2346,595580.5000,27.3319,604428.0625,1999.9000,
	2026/03/30 15:45:12	,	594544	,	892	,10.4064,1999.9000,0.1314,-1.9444,595580.5000,27.3276,604558.5000,1999.9000,
	2026/03/30 15:45:12	,	595544	,	893	,10.4059,1999.9000,0.1314,-1.7025,595398.1875,27.3255,604719.1875,1999.9000,
	2026/03/30 15:45:12	,	596544	,	894	,10.4053,1999.9000,0.1314,-1.5009,595311.1875,27.3238,604808.5625,1999.9000,
	2026/03/30 15:45:12	,	597544	,	895	,10.4047,1999.9000,0.1311,-1.0345,595293.8750,27.3224,604891.9375,1999.9000,
	2026/03/30 15:45:12	,	598544	,	896	,10.4042,1999.9000,0.1280,-0.2479,595273.6875,27.3212,604992.1875,1999.9000,
	2026/03/30 15:45:12	,	599544	,	897	,10.4036,1999.9000,0.1270,0.7060,595023.3750,27.3203,605260.3750,1999.9000,
	2026/03/30 15:45:12	,	600544	,	898	,10.4030,1999.9000,0.1202,1.4014,594673.0625,27.3194,605260.3750,1999.9000,
	2026/03/30 15:45:12	,	601544	,	899	,10.4023,1999.9000,0.1159,1.7820,594673.0625,27.3218,605260.3750,1999.9000,
	2026/03/30 15:45:12	,	602544	,	900	,10.4017,1999.9000,0.1159,1.9997,594673.0625,27.3313,605260.3750,1999.9000,
	2026/03/30 15:45:12	,	603544	,	901	,10.4011,1999.9000,0.1159,2.1811,594673.0625,27.3313,605260.3750,1999.9000,
	2026/03/30 15:45:12	,	604544	,	902	,10.3971,1999.9000,0.1159,2.3323,594673.0625,27.3378,605253.1875,1999.9000,
	2026/03/30 15:45:12	,	605544	,	903	,10.3969,1999.9000,0.1159,2.4582,594804.1250,27.3432,605022.9375,1999.9000,
	2026/03/30 15:45:12	,	606544	,	904	,10.3965,1999.9000,0.1195,2.5632,594915.5000,27.3477,604916.0000,1999.9000,
	2026/03/30 15:45:12	,	607544	,	905	,10.3961,1999.9000,0.1227,2.6507,594931.9375,27.3499,604823.6250,1999.9000,
	2026/03/30 15:45:12	,	608544	,	906	,10.3958,1999.9000,0.1258,2.6241,594944.9375,27.3518,604823.6250,1999.9000,
	2026/03/30 15:45:12	,	609544	,	907	,10.3955,1999.9000,0.1293,2.5025,595147.9375,27.3549,604735.4375,1999.9000,
	2026/03/30 15:45:12	,	610544	,	908	,10.3952,1999.9000,0.1364,2.4012,595512.0000,27.3590,604525.2500,1999.9000,
	2026/03/30 15:45:12	,	611544	,	909	,10.3949,1999.9000,0.1436,2.4162,595512.0000,27.3624,604512.5625,1999.9000,
	2026/03/30 15:45:12	,	612544	,	910	,10.3945,1999.9000,0.1476,2.4287,595512.0000,27.3591,604508.3750,1999.9000,
	2026/03/30 15:45:12	,	613544	,	911	,10.3940,1999.9000,0.1476,2.5386,595512.0000,27.3564,604506.2500,1999.9000,
	2026/03/30 15:45:12	,	614544	,	912	,10.3936,1999.9000,0.1476,2.7296,595512.0000,27.3602,604505.0000,1999.9000,
	2026/03/30 15:45:12	,	615544	,	913	,10.3931,1999.9000,0.1476,2.7894,595504.0625,27.3634,604504.1250,1999.9000,
	2026/03/30 15:45:12	,	616544	,	914	,10.3925,1999.9000,0.1476,2.7397,595342.7500,27.3722,604681.6875,1999.9000,
	2026/03/30 15:45:12	,	617544	,	915	,10.3925,1999.9000,0.1474,2.6983,595324.2500,27.3795,604790.4375,1999.9000,
	2026/03/30 15:45:12	,	618544	,	916	,10.3919,1999.9000,0.1450,2.6638,595310.3125,27.3856,604876.1875,1999.9000,
	2026/03/30 15:45:12	,	619544	,	917	,10.3913,1999.9000,0.1443,2.6350,595148.5000,27.3876,604913.6875,1999.9000,
	2026/03/30 15:45:12	,	620544	,	918	,10.3907,1999.9000,0.1383,2.6111,594805.3125,27.3893,605165.4375,1999.9000,
	2026/03/30 15:45:12	,	621544	,	919	,10.3900,1999.9000,0.1315,2.5911,594773.4375,27.3922,605293.5625,1999.9000,
	2026/03/30 15:45:12	,	622544	,	920	,10.3894,1999.9000,0.1315,2.5745,594762.8125,27.3947,605293.5625,1999.9000,
	2026/03/30 15:45:12	,	623544	,	921	,10.3851,1999.9000,0.1315,2.5606,594757.5000,27.3952,605293.5625,1999.9000,
	2026/03/30 15:45:12	,	624544	,	922	,10.3849,1999.9000,0.1315,2.5490,594754.2500,27.3956,605293.5625,1999.9000,
	2026/03/30 15:45:12	,	625544	,	923	,10.3846,1999.9000,0.1315,2.5394,594752.1875,27.3944,605293.5625,1999.9000,
	2026/03/30 15:45:12	,	626544	,	924	,10.3844,1999.9000,0.1317,2.5314,594867.8750,27.3889,605074.3125,1999.9000,
	2026/03/30 15:45:12	,	627544	,	925	,10.3842,1999.9000,0.1368,2.5247,594896.1875,27.3843,604944.4375,1999.9000,
	2026/03/30 15:45:12	,	628544	,	926	,10.3839,1999.9000,0.1406,2.3202,594912.1875,27.3804,604849.6250,1999.9000,
	2026/03/30 15:45:12	,	629544	,	927	,10.3836,1999.9000,0.1441,2.3487,595043.0625,27.3772,604766.8750,1999.9000,
	2026/03/30 15:45:12	,	630544	,	928	,10.3833,1999.9000,0.1501,2.3724,595376.6875,27.3745,604604.3750,1999.9000,
	2026/03/30 15:45:12	,	631544	,	929	,10.3828,1999.9000,0.1581,2.1933,595535.1875,27.3723,604432.8750,1999.9000,
	2026/03/30 15:45:12	,	632544	,	930	,10.3823,1999.9000,0.1635,2.1435,595535.1875,27.3689,604432.8750,1999.9000,
	2026/03/30 15:45:12	,	633544	,	931	,10.3818,1999.9000,0.1658,1.9030,595535.1875,27.3676,604432.8750,1999.9000,
	2026/03/30 15:45:12	,	634544	,	932	,10.3812,1999.9000,0.1658,1.7026,595535.1875,27.3665,604432.8750,1999.9000,
	2026/03/30 15:45:12	,	635544	,	933	,10.3806,1999.9000,0.1658,1.5357,595535.1875,27.3656,604432.8750,1999.9000,
	2026/03/30 15:45:12	,	636544	,	934	,10.3800,1999.9000,0.1658,1.5954,595373.7500,27.3557,604650.2500,1999.9000,
	2026/03/30 15:45:12	,	637544	,	935	,10.3793,1999.9000,0.1658,1.8442,595333.8125,27.3551,604775.3125,1999.9000,
	2026/03/30 15:45:12	,	638544	,	936	,10.3787,1999.9000,0.1655,2.0515,595312.1875,27.3561,604866.5000,1999.9000,
	2026/03/30 15:45:12	,	639544	,	937	,10.3781,1999.9000,0.1629,2.2243,595217.0625,27.3569,604905.1250,1999.9000,
	2026/03/30 15:45:12	,	640544	,	938	,10.3775,1999.9000,0.1596,2.3683,594948.8750,27.3576,605106.8750,1999.9000,
	2026/03/30 15:45:12	,	641544	,	939	,10.3733,1999.9000,0.1529,2.4882,594665.3125,27.3597,605389.5625,1999.9000,
	2026/03/30 15:45:12	,	642544	,	940	,10.3731,1999.9000,0.1508,2.5882,594665.3125,27.3691,605389.5625,1999.9000,
	2026/03/30 15:45:12	,	643544	,	941	,10.3730,1999.9000,0.1508,2.6715,594665.3125,27.3784,605389.5625,1999.9000,
	2026/03/30 15:45:12	,	644544	,	942	,10.3728,1999.9000,0.1508,2.4425,594665.3125,27.3862,605389.5625,1999.9000,
	2026/03/30 15:45:12	,	645544	,	943	,10.3725,1999.9000,0.1508,1.7543,594665.3125,27.4009,605137.6875,1999.9000,
	2026/03/30 15:45:12	,	646544	,	944	,10.3721,1999.9000,0.1508,1.1808,594832.7500,27.4009,605137.6875,1999.9000,
	2026/03/30 15:45:12	,	647544	,	945	,10.3718,1999.9000,0.1545,0.7029,594863.4375,27.4065,604978.8750,1999.9000,
	2026/03/30 15:45:12	,	648544	,	946	,10.3713,1999.9000,0.1582,0.3047,594880.1875,27.4112,604873.1875,1999.9000,
	2026/03/30 15:45:12	,	649544	,	947	,10.3709,1999.9000,0.1613,-0.0272,594977.5000,27.4150,604791.0625,1999.9000,
	2026/03/30 15:45:12	,	650544	,	948	,10.3704,1999.9000,0.1657,-0.3038,595238.4375,27.4182,604676.8750,1999.9000,
	2026/03/30 15:45:12	,	651544	,	949	,10.3699,1999.9000,0.1736,-0.5343,595604.3125,27.4118,604417.7500,1999.9000,
	2026/03/30 15:45:12	,	652544	,	950	,10.3693,1999.9000,0.1800,-0.7263,595604.3125,27.4049,604417.7500,1999.9000,
	2026/03/30 15:45:12	,	653544	,	951	,10.3686,1999.9000,0.1809,-0.8864,595604.3125,27.3991,604417.7500,1999.9000,
	2026/03/30 15:45:12	,	654544	,	952	,10.3680,1999.9000,0.1812,-1.0198,595604.3125,27.3943,604417.7500,1999.9000,
	2026/03/30 15:45:12	,	655544	,	953	,10.3639,1999.9000,0.1813,-0.9320,595604.3125,27.3904,604417.7500,1999.9000,
	2026/03/30 15:45:12	,	656544	,	954	,10.3637,1999.9000,0.1814,-0.8588,595414.2500,27.3885,604580.2500,1999.9000,
	2026/03/30 15:45:12	,	657544	,	955	,10.3634,1999.9000,0.1814,-0.7978,595414.2500,27.3870,604737.3125,1999.9000,
	2026/03/30 15:45:12	,	658544	,	956	,10.3630,1999.9000,0.1812,-0.7470,595323.0625,27.3857,604832.1250,1999.9000,
	2026/03/30 15:45:12	,	659544	,	957	,10.3627,1999.9000,0.1809,-0.7047,595308.7500,27.3831,604920.3125,1999.9000,
	2026/03/30 15:45:12	,	660544	,	958	,10.3624,1999.9000,0.1773,-0.5699,595290.3125,27.3810,605038.0625,1999.9000,
	2026/03/30 15:45:12	,	661544	,	959	,10.3621,1999.9000,0.1713,-0.4576,595057.9375,27.3807,605315.2500,1999.9000,
	2026/03/30 15:45:12	,	662544	,	960	,10.3617,1999.9000,0.1657,-0.3640,594706.4375,27.3790,605315.2500,1999.9000,
	2026/03/30 15:45:12	,	663544	,	961	,10.3613,1999.9000,0.1657,-0.2861,594706.4375,27.3760,605315.2500,1999.9000,
	2026/03/30 15:45:12	,	664544	,	962	,10.3608,1999.9000,0.1657,-0.2211,594706.4375,27.3736,605315.2500,1999.9000,
	2026/03/30 15:45:12	,	665544	,	963	,10.3601,1999.9000,0.1657,-0.1669,594706.4375,27.3669,605315.2500,1999.9000,
	2026/03/30 15:45:12	,	666544	,	964	,10.3595,1999.9000,0.1657,-0.1218,594706.4375,27.3614,605210.8125,1999.9000,
	2026/03/30 15:45:12	,	667544	,	965	,10.3588,1999.9000,0.1696,-0.0842,594716.0625,27.3568,605037.4375,1999.9000,
	2026/03/30 15:45:12	,	668544	,	966	,10.3582,1999.9000,0.1732,-0.1523,594889.9375,27.3590,604924.5000,1999.9000,
	2026/03/30 15:45:12	,	669544	,	967	,10.3541,1999.9000,0.1764,-0.2091,594908.3750,27.3639,604833.8750,1999.9000,
	2026/03/30 15:45:12	,	670544	,	968	,10.3538,1999.9000,0.1799,-0.2564,594921.7500,27.3711,604743.3125,1999.9000,
	2026/03/30 15:45:12	,	671544	,	969	,10.3535,1999.9000,0.1873,-0.1964,595111.0000,27.3771,604516.8125,1999.9000,
	2026/03/30 15:45:12	,	672544	,	970	,10.3532,1999.9000,0.1951,-0.1463,595473.8125,27.3820,604516.8125,1999.9000,
	2026/03/30 15:45:12	,	673544	,	971	,10.3529,1999.9000,0.2007,-0.1046,595474.4375,27.3892,604516.8125,1999.9000,
	2026/03/30 15:45:12	,	674544	,	972	,10.3526,1999.9000,0.2007,-0.0699,595474.6250,27.3952,604516.8125,1999.9000,
	2026/03/30 15:45:12	,	675544	,	973	,10.3522,1999.9000,0.2007,0.0586,595474.7500,27.4002,604516.8125,1999.9000,
	2026/03/30 15:45:12	,	676544	,	974	,10.3519,1999.9000,0.2007,0.1656,595474.8125,27.4028,604522.0000,1999.9000,
	2026/03/30 15:45:12	,	677544	,	975	,10.3515,1999.9000,0.2007,0.2548,595474.8750,27.4050,604721.5625,1999.9000,
	2026/03/30 15:45:12	,	678544	,	976	,10.3510,1999.9000,0.2005,0.3291,595340.3750,27.4038,604817.5625,1999.9000,
	2026/03/30 15:45:12	,	679544	,	977	,10.3504,1999.9000,0.1978,0.3910,595318.0000,27.3998,604914.2500,1999.9000,
	2026/03/30 15:45:12	,	680544	,	978	,10.3498,1999.9000,0.1970,0.4426,595307.0000,27.3964,605016.3125,1999.9000,
	2026/03/30 15:45:12	,	681544	,	979	,10.3492,1999.9000,0.1914,0.3862,595172.9375,27.3966,605242.2500,1999.9000,
	2026/03/30 15:45:12	,	682544	,	980	,10.3485,1999.9000,0.1852,0.2397,594841.0625,27.3968,605331.0000,1999.9000,
	2026/03/30 15:45:12	,	683544	,	981	,10.3479,1999.9000,0.1852,0.1176,594721.9375,27.3939,605331.0000,1999.9000,
	2026/03/30 15:45:12	,	684544	,	982	,10.3438,1999.9000,0.1852,0.0158,594721.9375,27.3976,605331.0000,1999.9000,
	2026/03/30 15:45:12	,	685544	,	983	,10.3435,1999.9000,0.1852,-0.0690,594721.9375,27.4007,605331.0000,1999.9000,
	2026/03/30 15:45:12	,	686544	,	984	,10.3431,1999.9000,0.1852,-0.1397,594721.9375,27.4002,605331.0000,1999.9000,
	2026/03/30 15:45:12	,	687544	,	985	,10.3428,1999.9000,0.1855,-0.0991,594721.9375,27.4028,605119.5625,1999.9000,
	2026/03/30 15:45:12	,	688544	,	986	,10.3425,1999.9000,0.1909,-0.0991,594869.1250,27.4050,604995.1875,1999.9000,
	2026/03/30 15:45:12	,	689544	,	987	,10.3422,1999.9000,0.1940,0.0127,594897.4375,27.4069,604883.4375,1999.9000,
	2026/03/30 15:45:12	,	690544	,	988	,10.3417,1999.9000,0.1963,0.0127,594909.4375,27.4053,604785.0000,1999.9000,
	2026/03/30 15:45:12	,	691544	,	989	,10.3413,1999.9000,0.2012,0.5877,595018.6250,27.4026,604606.1875,1999.9000,
	2026/03/30 15:45:12	,	692544	,	990	,10.3407,1999.9000,0.2081,0.5877,595336.8125,27.4003,604473.9375,1999.9000,
	2026/03/30 15:45:12	,	693544	,	991	,10.3402,1999.9000,0.2129,0.5890,595550.6875,27.3937,604473.9375,1999.9000,
	2026/03/30 15:45:12	,	694544	,	992	,10.3397,1999.9000,0.2130,0.3092,595550.6875,27.3868,604473.9375,1999.9000,
	2026/03/30 15:45:12	,	695544	,	993	,10.3391,1999.9000,0.2131,0.0761,595550.6875,27.3810,604473.9375,1999.9000,
	2026/03/30 15:45:12	,	696544	,	994	,10.3385,1999.9000,0.2131,0.0761,595550.6875,27.3761,604473.9375,1999.9000,
	2026/03/30 15:45:12	,	697544	,	995	,10.3379,1999.9000,0.2131,-0.1182,595550.6875,27.3691,604678.1250,1999.9000,
	2026/03/30 15:45:12	,	698544	,	996	,10.3373,1999.9000,0.2131,-0.2802,595384.4375,27.3601,604789.8125,1999.9000,
	2026/03/30 15:45:12	,	699544	,	997	,10.3367,1999.9000,0.2128,-0.4151,595346.9375,27.3527,604876.7500,1999.9000,
	2026/03/30 15:45:12	,	700544	,	998	,10.3361,1999.9000,0.2103,-0.6270,595326.8750,27.3525,604960.7500,1999.9000,
	2026/03/30 15:45:12	,	701544	,	999	,10.3320,1999.9000,0.2070,-0.8036,595227.8125,27.3570,605143.1250,1999.9000,
	2026/03/30 15:45:12	,	702544	,	1000	,10.3317,1999.9000,0.2010,-0.9508,594967.3750,27.3607,605381.1250,1999.9000,
	2026/03/30 15:45:12	,	703544	,	1001	,10.3313,1999.9000,0.2010,-0.9740,594652.1875,27.3607,605381.1250,1999.9000,
	2026/03/30 15:45:12	,	704544	,	1002	,10.3309,1999.9000,0.2010,-0.7943,594652.1875,27.3654,605381.1250,1999.9000,
	2026/03/30 15:45:12	,	705544	,	1003	,10.3305,1999.9000,0.2010,-0.6446,594652.1875,27.3677,605381.1250,1999.9000,
	2026/03/30 15:45:12	,	706544	,	1004	,10.3302,1999.9000,0.2010,-0.5199,594652.1875,27.3651,605381.1250,1999.9000,
	2026/03/30 15:45:12	,	707544	,	1005	,10.3298,1999.9000,0.2011,-0.3164,594652.1875,27.3675,605144.9375,1999.9000,
	2026/03/30 15:45:12	,	708544	,	1006	,10.3294,1999.9000,0.2050,-0.1469,594831.5000,27.3695,605000.0000,1999.9000,
	2026/03/30 15:45:12	,	709544	,	1007	,10.3288,1999.9000,0.2080,-0.0056,594920.3750,27.3742,604908.8125,1999.9000,
	2026/03/30 15:45:12	,	710544	,	1008	,10.3283,1999.9000,0.2105,0.1121,594925.6875,27.3781,604824.2500,1999.9000,
	2026/03/30 15:45:12	,	711544	,	1009	,10.3277,1999.9000,0.2145,0.2102,594935.8125,27.3814,604683.5000,1999.9000,
	2026/03/30 15:45:12	,	712544	,	1010	,10.3272,1999.9000,0.2222,0.3914,595184.2500,27.3856,604426.8125,1999.9000,
	2026/03/30 15:45:12	,	713544	,	1011	,10.3265,1999.9000,0.2283,0.3435,595550.1250,27.3892,604426.8125,1999.9000,
	2026/03/30 15:45:12	,	714544	,	1012	,10.3225,1999.9000,0.2283,0.2041,595550.1250,27.3921,604426.8125,1999.9000,
	2026/03/30 15:45:12	,	715544	,	1013	,10.3221,1999.9000,0.2283,-0.0116,595550.1250,27.3946,604426.8125,1999.9000,
	2026/03/30 15:45:12	,	716544	,	1014	,10.3219,1999.9000,0.2283,-0.1913,595550.1250,27.3951,604426.8125,1999.9000,
	2026/03/30 15:45:12	,	717544	,	1015	,10.3215,1999.9000,0.2283,-0.3410,595550.1250,27.3956,604652.6875,1999.9000,
	2026/03/30 15:45:12	,	718544	,	1016	,10.3212,1999.9000,0.2282,-0.4658,595436.3125,27.3913,604794.6250,1999.9000,
	2026/03/30 15:45:12	,	719544	,	1017	,10.3208,1999.9000,0.2250,-0.5698,595334.4375,27.3878,604899.7500,1999.9000,
	2026/03/30 15:45:12	,	720544	,	1018	,10.3204,1999.9000,0.2243,-0.6565,595316.2500,27.3849,604939.3125,1999.9000,
	2026/03/30 15:45:12	,	721544	,	1019	,10.3199,1999.9000,0.2216,-0.7287,595300.4375,27.3824,605097.8750,1999.9000,
	2026/03/30 15:45:12	,	722544	,	1020	,10.3193,1999.9000,0.2157,-0.7889,595098.5000,27.3773,605393.1875,1999.9000,
	2026/03/30 15:45:12	,	723544	,	1021	,10.3187,1999.9000,0.2126,-0.7396,594746.9375,27.3731,605393.1875,1999.9000,
	2026/03/30 15:45:12	,	724544	,	1022	,10.3181,1999.9000,0.2126,-0.5990,594746.9375,27.3726,605393.1875,1999.9000,
	2026/03/30 15:45:12	,	725544	,	1023	,10.3175,1999.9000,0.2126,-0.5813,594746.9375,27.3738,605393.1875,1999.9000,
	2026/03/30 15:45:12	,	726544	,	1024	,10.3169,1999.9000,0.2126,-0.5666,594746.9375,27.3762,605393.1875,1999.9000,
	2026/03/30 15:45:12	,	727544	,	1025	,10.3129,1999.9000,0.2126,0.0425,594746.9375,27.3813,605228.3125,1999.9000,
	2026/03/30 15:45:12	,	728544	,	1026	,10.3127,1999.9000,0.2166,0.5501,594750.0625,27.3856,605049.5000,1999.9000,
	2026/03/30 15:45:12	,	729544	,	1027	,10.3124,1999.9000,0.2199,0.9731,594882.1875,27.3891,604935.3750,1999.9000,
	2026/03/30 15:45:12	,	730544	,	1028	,10.3120,1999.9000,0.2226,1.4251,594899.1875,27.3921,604852.6250,1999.9000,
	2026/03/30 15:45:12	,	731544	,	1029	,10.3116,1999.9000,0.2257,1.7023,594908.3750,27.3946,604759.0000,1999.9000,
	2026/03/30 15:45:12	,	732544	,	1030	,10.3113,1999.9000,0.2326,1.8338,595062.7500,27.3966,604505.9375,1999.9000,
	2026/03/30 15:45:12	,	733544	,	1031	,10.3109,1999.9000,0.2393,1.9433,595420.8125,27.3983,604505.9375,1999.9000,
	2026/03/30 15:45:12	,	734544	,	1032	,10.3104,1999.9000,0.2397,2.0347,595454.4375,27.3998,604505.9375,1999.9000,
	2026/03/30 15:45:12	,	735544	,	1033	,10.3098,1999.9000,0.2399,2.2102,595465.6875,27.3994,604505.9375,1999.9000,
	2026/03/30 15:45:12	,	736544	,	1034	,10.3092,1999.9000,0.2399,2.4560,595471.2500,27.3961,604505.9375,1999.9000,
	2026/03/30 15:45:12	,	737544	,	1035	,10.3086,1999.9000,0.2400,2.4619,595474.6250,27.3933,604619.4375,1999.9000,
	2026/03/30 15:45:12	,	738544	,	1036	,10.3079,1999.9000,0.2400,2.4668,595476.8125,27.3910,604793.4375,1999.9000,
	2026/03/30 15:45:12	,	739544	,	1037	,10.3074,1999.9000,0.2396,2.3714,595351.0625,27.3799,604890.6875,1999.9000,
	2026/03/30 15:45:12	,	740544	,	1038	,10.3068,1999.9000,0.2364,2.3914,595323.6875,27.3692,604976.4375,1999.9000,
	2026/03/30 15:45:12	,	741544	,	1039	,10.3061,1999.9000,0.2358,2.8059,595305.6250,27.3571,605070.6250,1999.9000,
	2026/03/30 15:45:12	,	742544	,	1040	,10.3021,1999.9000,0.2304,3.1514,595181.3125,27.3471,605320.0625,1999.9000,
	2026/03/30 15:45:12	,	743544	,	1041	,10.3015,1999.9000,0.2245,3.1408,594878.6250,27.3388,605337.3750,1999.9000,
	2026/03/30 15:45:12	,	744544	,	1042	,10.3010,1999.9000,0.2245,2.9331,594686.1875,27.3318,605343.1250,1999.9000,
	2026/03/30 15:45:12	,	745544	,	1043	,10.3007,1999.9000,0.2245,2.4615,594686.1875,27.3306,605346.0000,1999.9000,
	2026/03/30 15:45:12	,	746544	,	1044	,10.3003,1999.9000,0.2245,2.3670,594686.1875,27.3341,605347.6875,1999.9000,
	2026/03/30 15:45:12	,	747544	,	1045	,10.3000,1999.9000,0.2245,2.2883,594686.1875,27.3448,605348.8125,1999.9000,
	2026/03/30 15:45:12	,	748544	,	1046	,10.2995,1999.9000,0.2248,2.4216,594686.1875,27.3536,605151.0000,1999.9000,
	2026/03/30 15:45:12	,	749544	,	1047	,10.2990,1999.9000,0.2300,2.3337,594839.8750,27.3610,605026.0000,1999.9000,
	2026/03/30 15:45:12	,	750544	,	1048	,10.2985,1999.9000,0.2329,2.2605,594869.3125,27.3671,604989.1250,1999.9000,
	2026/03/30 15:45:12	,	751544	,	1049	,10.2979,1999.9000,0.2356,1.9011,594887.5000,27.3707,604878.6250,1999.9000,
	2026/03/30 15:45:12	,	752544	,	1050	,10.2973,1999.9000,0.2415,1.5020,594997.7500,27.3736,604688.3750,1999.9000,
	2026/03/30 15:45:12	,	753544	,	1051	,10.2967,1999.9000,0.2415,1.1695,595287.9375,27.3807,604688.0625,1999.9000,
	2026/03/30 15:45:12	,	754544	,	1052	,10.2927,1999.9000,0.2552,0.6935,595539.3750,27.3896,604687.9375,1999.9000,
	2026/03/30 15:45:12	,	755544	,	1053	,10.2921,1999.9000,0.2552,0.1973,595539.3750,27.3895,604687.8750,1999.9000,
	2026/03/30 15:45:12	,	756544	,	1054	,10.2918,1999.9000,0.2558,-0.2161,595539.3750,27.3878,604687.8125,1999.9000,
	2026/03/30 15:45:12	,	757544	,	1055	,10.2915,1999.9000,0.2560,-0.5607,595539.3750,27.3864,604687.8125,1999.9000,
	2026/03/30 15:45:12	,	758544	,	1056	,10.2911,1999.9000,0.2561,-0.8478,595539.3750,27.3868,604898.5000,1999.9000,
	2026/03/30 15:45:12	,	759544	,	1057	,10.2908,1999.9000,0.2561,-1.0871,595369.5625,27.3871,605002.4375,1999.9000,
	2026/03/30 15:45:12	,	760544	,	1058	,10.2904,1999.9000,0.2562,-1.2865,595331.7500,27.3873,605002.4375,1999.9000,
	2026/03/30 15:45:12	,	761544	,	1059	,10.2900,1999.9000,0.2558,-1.4527,595309.6250,27.3860,605029.8750,1999.9000,
	2026/03/30 15:45:12	,	762544	,	1060	,10.2896,1999.9000,0.2523,-1.5911,595215.2500,27.3834,605053.7500,1999.9000,
	2026/03/30 15:45:12	,	763544	,	1061	,10.2891,1999.9000,0.2479,-1.7065,594985.8750,27.3766,605264.5625,1999.9000,
	2026/03/30 15:45:12	,	764544	,	1062	,10.2884,1999.9000,0.2404,-1.6037,594622.4375,27.3710,605376.3125,1999.9000,
	2026/03/30 15:45:12	,	765544	,	1063	,10.2844,1999.9000,0.2375,-1.5181,594622.4375,27.3663,605376.3125,1999.9000,
	2026/03/30 15:45:12	,	766544	,	1064	,10.2840,1999.9000,0.2375,-1.4467,594622.4375,27.3670,605376.3125,1999.9000,
	2026/03/30 15:45:12	,	767544	,	1065	,10.2836,1999.9000,0.2375,-1.2878,594622.4375,27.3675,605376.3125,1999.9000,
	2026/03/30 15:45:12	,	768544	,	1066	,10.2832,1999.9000,0.2375,-1.0558,594622.4375,27.3680,605376.3125,1999.9000,
	2026/03/30 15:45:12	,	769544	,	1067	,10.2829,1999.9000,0.2375,-0.8625,594801.7500,27.3745,605143.7500,1999.9000,
	2026/03/30 15:45:12	,	770544	,	1068	,10.2826,1999.9000,0.2412,-0.5025,594893.5000,27.3798,605003.6250,1999.9000,
	2026/03/30 15:45:12	,	771544	,	1069	,10.2822,1999.9000,0.2442,-0.2025,594907.5625,27.3844,604904.0000,1999.9000,
	2026/03/30 15:45:12	,	772544	,	1070	,10.2818,1999.9000,0.2467,0.0475,594924.0625,27.3881,604812.1875,1999.9000,
	2026/03/30 15:45:12	,	773544	,	1071	,10.2812,1999.9000,0.2508,0.2558,595164.5625,27.3913,604649.0625,1999.9000,
	2026/03/30 15:45:12	,	774544	,	1072	,10.2807,1999.9000,0.2582,0.4295,595532.8125,27.3923,604419.5625,1999.9000,
	2026/03/30 15:45:12	,	775544	,	1073	,10.2802,1999.9000,0.2636,0.5741,595532.8125,27.3932,604419.5625,1999.9000,
	2026/03/30 15:45:12	,	776544	,	1074	,10.2795,1999.9000,0.2636,0.4958,595532.8125,27.3940,604419.5625,1999.9000,
	2026/03/30 15:45:12	,	777544	,	1075	,10.2789,1999.9000,0.2636,0.4305,595532.8125,27.3946,604419.5625,1999.9000,
	2026/03/30 15:45:12	,	778544	,	1076	,10.2783,1999.9000,0.2636,0.3760,595532.8125,27.3952,604419.5625,1999.9000,
	2026/03/30 15:45:12	,	779544	,	1077	,10.2776,1999.9000,0.2636,0.0322,595413.6875,27.3956,604636.4375,1999.9000,
	2026/03/30 15:45:12	,	780544	,	1078	,10.2770,1999.9000,0.2634,-0.2542,595309.4375,27.3944,604785.5625,1999.9000,
	2026/03/30 15:45:12	,	781544	,	1079	,10.2727,1999.9000,0.2598,-0.1946,595293.3125,27.3919,604875.5625,1999.9000,
	2026/03/30 15:45:12	,	782544	,	1080	,10.2723,1999.9000,0.2589,0.1536,595277.0000,27.3898,604911.1875,1999.9000,
	2026/03/30 15:45:12	,	783544	,	1081	,10.2719,1999.9000,0.2550,0.3443,595103.2500,27.3804,605085.7500,1999.9000,
	2026/03/30 15:45:12	,	784544	,	1082	,10.2715,1999.9000,0.2480,0.5032,594758.8750,27.3772,605373.3125,1999.9000,
	2026/03/30 15:45:12	,	785544	,	1083	,10.2711,1999.9000,0.2432,0.6356,594745.7500,27.3745,605373.3125,1999.9000,
	2026/03/30 15:45:12	,	786544	,	1084	,10.2707,1999.9000,0.2432,0.6464,594741.3750,27.3677,605373.3125,1999.9000,
	2026/03/30 15:45:12	,	787544	,	1085	,10.2703,1999.9000,0.2432,0.6555,594739.1875,27.3620,605373.3125,1999.9000,
	2026/03/30 15:45:12	,	788544	,	1086	,10.2699,1999.9000,0.2432,0.7625,594737.9375,27.3573,605373.3125,1999.9000,
	2026/03/30 15:45:12	,	789544	,	1087	,10.2694,1999.9000,0.2432,0.8517,594737.0000,27.3534,605185.4375,1999.9000,
	2026/03/30 15:45:12	,	790544	,	1088	,10.2689,1999.9000,0.2474,0.8265,594863.1250,27.3516,605022.9375,1999.9000,
	2026/03/30 15:45:12	,	791544	,	1089	,10.2683,1999.9000,0.2506,0.7061,594884.8125,27.3532,604920.8750,1999.9000,
	2026/03/30 15:45:12	,	792544	,	1090	,10.2677,1999.9000,0.2529,0.4068,594895.6875,27.3560,604825.4375,1999.9000,
	2026/03/30 15:45:12	,	793544	,	1091	,10.2671,1999.9000,0.2558,0.1573,595038.2500,27.3584,604698.6250,1999.9000,
	2026/03/30 15:45:12	,	794544	,	1092	,10.2629,1999.9000,0.2627,-0.0505,595385.6875,27.3604,604431.0000,1999.9000,
	2026/03/30 15:45:12	,	795544	,	1093	,10.2625,1999.9000,0.2693,-0.2237,595512.0000,27.3620,604431.0000,1999.9000,
	2026/03/30 15:45:12	,	796544	,	1094	,10.2621,1999.9000,0.2701,-0.3681,595512.0000,27.3649,604431.0000,1999.9000,
	2026/03/30 15:45:12	,	797544	,	1095	,10.2617,1999.9000,0.2704,-0.4884,595512.0000,27.3673,604431.0000,1999.9000,
	2026/03/30 15:45:12	,	798544	,	1096	,10.2613,1999.9000,0.2706,-0.5886,595512.0000,27.3739,604431.0000,1999.9000,
	2026/03/30 15:45:12	,	799544	,	1097	,10.2610,1999.9000,0.2706,-0.6721,595512.0000,27.3809,604540.3750,1999.9000,
	2026/03/30 15:45:12	,	800544	,	1098	,10.2606,1999.9000,0.2707,-0.6423,595353.4375,27.3868,604695.6250,1999.9000,
	2026/03/30 15:45:12	,	801544	,	1099	,10.2601,1999.9000,0.2679,-0.4184,595321.3125,27.3901,604796.5000,1999.9000,
	2026/03/30 15:45:12	,	802544	,	1100	,10.2597,1999.9000,0.2652,-0.1324,595304.0625,27.3944,604884.0625,1999.9000,
	2026/03/30 15:45:12	,	803544	,	1101	,10.2592,1999.9000,0.2625,0.3048,595195.5625,27.3996,604991.5625,1999.9000,
	2026/03/30 15:45:12	,	804544	,	1102	,10.2586,1999.9000,0.2562,0.6692,594910.7500,27.4039,605266.9375,1999.9000,
	2026/03/30 15:45:12	,	805544	,	1103	,10.2580,1999.9000,0.2495,0.7740,594695.6875,27.4074,605266.9375,1999.9000,
	2026/03/30 15:45:12	,	806544	,	1104	,10.2537,1999.9000,0.2463,0.8612,594695.6875,27.4088,605266.9375,1999.9000,
	2026/03/30 15:45:12	,	807544	,	1105	,10.2537,1999.9000,0.2463,0.9339,594695.6875,27.4024,605266.9375,1999.9000,
	2026/03/30 15:45:12	,	808544	,	1106	,10.2534,1999.9000,0.2463,0.9946,594695.6875,27.3940,605266.9375,1999.9000,
	2026/03/30 15:45:12	,	809544	,	1107	,10.2530,1999.9000,0.2463,0.9456,594695.6875,27.3870,605257.1875,1999.9000,
	2026/03/30 15:45:12	,	810544	,	1108	,10.2527,1999.9000,0.2463,0.7058,594861.9375,27.3811,605026.5625,1999.9000,
	2026/03/30 15:45:12	,	811544	,	1109	,10.2524,1999.9000,0.2488,0.3071,594895.9375,27.3747,604920.3125,1999.9000,
	2026/03/30 15:45:12	,	812544	,	1110	,10.2521,1999.9000,0.2513,-0.0252,594908.4375,27.3694,604834.5000,1999.9000,
	2026/03/30 15:45:12	,	813544	,	1111	,10.2517,1999.9000,0.2540,-0.3021,594989.4375,27.3665,604749.3750,1999.9000,
	2026/03/30 15:45:12	,	814544	,	1112	,10.2512,1999.9000,0.2603,-0.6324,595273.6875,27.3641,604545.8125,1999.9000,
	2026/03/30 15:45:12	,	815544	,	1113	,10.2508,1999.9000,0.2681,-0.9075,595590.0000,27.3620,604518.9375,1999.9000,
	2026/03/30 15:45:12	,	816544	,	1114	,10.2502,1999.9000,0.2727,-1.1369,595590.0000,27.3680,604510.0000,1999.9000,
	2026/03/30 15:45:12	,	817544	,	1115	,10.2496,1999.9000,0.2727,-1.3280,595590.0000,27.3745,604505.5000,1999.9000,
	2026/03/30 15:45:12	,	818544	,	1116	,10.2490,1999.9000,0.2727,-1.3878,595590.0000,27.3798,604502.7500,1999.9000,
	2026/03/30 15:45:12	,	819544	,	1117	,10.2484,1999.9000,0.2727,-1.4376,595590.0000,27.3844,604687.1250,1999.9000,
	2026/03/30 15:45:12	,	820544	,	1118	,10.2478,1999.9000,0.2727,-1.6780,595391.6250,27.3881,604687.1250,1999.9000,
	2026/03/30 15:45:12	,	821544	,	1119	,10.2472,1999.9000,0.2704,-1.8784,595298.0625,27.3913,604791.6250,1999.9000,
	2026/03/30 15:45:12	,	822544	,	1120	,10.2465,1999.9000,0.2683,-2.0454,595288.2500,27.3939,604888.2500,1999.9000,
	2026/03/30 15:45:12	,	823544	,	1121	,10.2459,1999.9000,0.2672,-2.1846,595269.2500,27.3960,604989.7500,1999.9000,
	2026/03/30 15:45:12	,	824544	,	1122	,10.2415,1999.9000,0.2613,-2.3005,595027.0000,27.3963,605206.0000,1999.9000,
	2026/03/30 15:45:12	,	825544	,	1123	,10.2411,1999.9000,0.2538,-2.0987,594674.8125,27.3966,605292.9375,1999.9000,
	2026/03/30 15:45:12	,	826544	,	1124	,10.2408,1999.9000,0.2508,-2.2290,594674.8125,27.3968,605292.9375,1999.9000,
	2026/03/30 15:45:12	,	827544	,	1125	,10.2404,1999.9000,0.2508,-2.3376,594674.8125,27.3969,605292.9375,1999.9000,
	2026/03/30 15:45:12	,	828544	,	1126	,10.2400,1999.9000,0.2508,-1.9307,594674.8125,27.3969,605292.9375,1999.9000,
	2026/03/30 15:45:12	,	829544	,	1127	,10.2397,1999.9000,0.2508,-1.5916,594674.8125,27.3971,605292.9375,1999.9000,
	2026/03/30 15:45:12	,	830544	,	1128	,10.2393,1999.9000,0.2508,-0.7121,594785.0625,27.3972,605085.1875,1999.9000,
	2026/03/30 15:45:12	,	831544	,	1129	,10.2388,1999.9000,0.2539,0.0207,594889.3750,27.3958,604967.3750,1999.9000,
	2026/03/30 15:45:12	,	832544	,	1130	,10.2382,1999.9000,0.2567,0.0346,594901.8750,27.3961,604874.9375,1999.9000,
	2026/03/30 15:45:12	,	833544	,	1131	,10.2377,1999.9000,0.2590,0.0461,594915.3750,27.4025,604838.5000,1999.9000,
	2026/03/30 15:45:12	,	834544	,	1132	,10.2370,1999.9000,0.2633,-0.4416,595117.5625,27.4078,604632.7500,1999.9000,
	2026/03/30 15:45:12	,	835544	,	1133	,10.2364,1999.9000,0.2707,-0.8481,595488.1250,27.4031,604440.6875,1999.9000,
	2026/03/30 15:45:12	,	836544	,	1134	,10.2323,1999.9000,0.2759,-1.1868,595488.1250,27.3991,604440.6875,1999.9000,
	2026/03/30 15:45:12	,	837544	,	1135	,10.2320,1999.9000,0.2759,-1.4690,595488.1250,27.3943,604440.6875,1999.9000,
	2026/03/30 15:45:12	,	838544	,	1136	,10.2318,1999.9000,0.2759,-1.7043,595488.1250,27.3919,604440.6875,1999.9000,
	2026/03/30 15:45:12	,	839544	,	1137	,10.2314,1999.9000,0.2759,-1.9003,595488.1250,27.3913,604440.6875,1999.9000,
	2026/03/30 15:45:12	,	840544	,	1138	,10.2310,1999.9000,0.2759,-1.6657,595485.1250,27.3909,604650.2500,1999.9000,
	2026/03/30 15:45:12	,	841544	,	1139	,10.2306,1999.9000,0.2758,-0.9729,595354.0625,27.3890,604768.6250,1999.9000,
	2026/03/30 15:45:12	,	842544	,	1140	,10.2302,1999.9000,0.2724,-0.2961,595325.4375,27.3874,604862.3125,1999.9000,
	2026/03/30 15:45:12	,	843544	,	1141	,10.2297,1999.9000,0.2699,0.3674,595307.8125,27.3845,604945.6250,1999.9000,
	2026/03/30 15:45:12	,	844544	,	1142	,10.2292,1999.9000,0.2661,0.9204,595157.4375,27.3821,605094.8125,1999.9000,
	2026/03/30 15:45:12	,	845544	,	1143	,10.2287,1999.9000,0.2588,1.3811,594829.7500,27.3802,605368.4375,1999.9000,
	2026/03/30 15:45:12	,	846544	,	1144	,10.2282,1999.9000,0.2530,1.6656,594736.1875,27.3770,605368.4375,1999.9000,
	2026/03/30 15:45:12	,	847544	,	1145	,10.2277,1999.9000,0.2530,1.9027,594736.1875,27.3744,605368.4375,1999.9000,
	2026/03/30 15:45:12	,	848544	,	1146	,10.2272,1999.9000,0.2530,1.5034,594736.1875,27.3721,605368.4375,1999.9000,
	2026/03/30 15:45:12	,	849544	,	1147	,10.2265,1999.9000,0.2530,0.9717,594736.1875,27.3703,605368.4375,1999.9000,
	2026/03/30 15:45:12	,	850544	,	1148	,10.2225,1999.9000,0.2530,0.5287,594736.1875,27.3688,605135.3125,1999.9000,
	2026/03/30 15:45:12	,	851544	,	1149	,10.2220,1999.9000,0.2531,0.1594,594865.5000,27.3675,604969.7500,1999.9000,
	2026/03/30 15:45:12	,	852544	,	1150	,10.2215,1999.9000,0.2560,-0.1482,594892.0625,27.3665,604861.6875,1999.9000,
	2026/03/30 15:45:12	,	853544	,	1151	,10.2210,1999.9000,0.2585,-0.5041,594911.0000,27.3656,604823.3125,1999.9000,
	2026/03/30 15:45:12	,	854544	,	1152	,10.2205,1999.9000,0.2618,-0.9002,595056.7500,27.3663,604670.8125,1999.9000,
	2026/03/30 15:45:12	,	855544	,	1153	,10.2201,1999.9000,0.2689,-1.2302,595391.6250,27.3670,604401.4375,1999.9000,
	2026/03/30 15:45:12	,	856544	,	1154	,10.2196,1999.9000,0.2751,-0.8089,595557.8750,27.3675,604401.4375,1999.9000,
	2026/03/30 15:45:12	,	857544	,	1155	,10.2191,1999.9000,0.2760,-0.4578,595557.8750,27.3665,604401.4375,1999.9000,
	2026/03/30 15:45:12	,	858544	,	1156	,10.2186,1999.9000,0.2763,-0.0658,595557.8750,27.3656,604401.4375,1999.9000,
	2026/03/30 15:45:12	,	859544	,	1157	,10.2181,1999.9000,0.2764,0.2609,595557.8750,27.3648,604401.4375,1999.9000,
	2026/03/30 15:45:12	,	860544	,	1158	,10.2176,1999.9000,0.2765,0.4337,595557.8750,27.3642,604594.1250,1999.9000,
	2026/03/30 15:45:12	,	861544	,	1159	,10.2170,1999.9000,0.2766,0.3787,595385.0625,27.3667,604749.3750,1999.9000,
	2026/03/30 15:45:12	,	862544	,	1160	,10.2164,1999.9000,0.2742,0.5319,595346.0000,27.3658,604836.3125,1999.9000,
	2026/03/30 15:45:12	,	863544	,	1161	,10.2158,1999.9000,0.2720,0.6595,595326.0625,27.3620,604873.1875,1999.9000,
	2026/03/30 15:45:12	,	864544	,	1162	,10.2152,1999.9000,0.2696,0.7658,595219.4375,27.3618,605026.0000,1999.9000,
	2026/03/30 15:45:12	,	865544	,	1163	,10.2145,1999.9000,0.2635,0.6555,594951.8750,27.3617,605306.2500,1999.9000,
	2026/03/30 15:45:12	,	866544	,	1164	,10.2105,1999.9000,0.2566,0.5636,594644.4375,27.3646,605306.2500,1999.9000,
	2026/03/30 15:45:12	,	867544	,	1165	,10.2100,1999.9000,0.2527,0.4870,594644.4375,27.3686,605306.2500,1999.9000,
	2026/03/30 15:45:12	,	868544	,	1166	,10.2095,1999.9000,0.2527,0.4231,594644.4375,27.3719,605306.2500,1999.9000,
	2026/03/30 15:45:12	,	869544	,	1167	,10.2091,1999.9000,0.2527,0.5688,594644.4375,27.3747,605306.2500,1999.9000,
	2026/03/30 15:45:12	,	870544	,	1168	,10.2088,1999.9000,0.2527,0.6903,594644.4375,27.3771,605183.5625,1999.9000,
	2026/03/30 15:45:12	,	871544	,	1169	,10.2084,1999.9000,0.2527,0.5926,594833.9375,27.3790,605011.4375,1999.9000,
	2026/03/30 15:45:12	,	872544	,	1170	,10.2079,1999.9000,0.2554,0.5111,594915.0000,27.3806,604904.0000,1999.9000,
	2026/03/30 15:45:12	,	873544	,	1171	,10.2074,1999.9000,0.2577,0.8411,594920.3750,27.3774,604810.3125,1999.9000,
	2026/03/30 15:45:12	,	874544	,	1172	,10.2068,1999.9000,0.2587,1.1162,594937.0000,27.3731,604713.7500,1999.9000,
	2026/03/30 15:45:12	,	875544	,	1173	,10.2063,1999.9000,0.2648,1.3453,595225.9375,27.3696,604486.0000,1999.9000,
	2026/03/30 15:45:12	,	876544	,	1174	,10.2056,1999.9000,0.2710,1.4368,595599.5000,27.3667,604486.0000,1999.9000,
	2026/03/30 15:45:12	,	877544	,	1175	,10.2050,1999.9000,0.2710,0.9163,595599.5000,27.3642,604486.0000,1999.9000,
	2026/03/30 15:45:12	,	878544	,	1176	,10.2045,1999.9000,0.2710,0.4824,595599.5000,27.3622,604486.0000,1999.9000,
	2026/03/30 15:45:12	,	879544	,	1177	,10.2038,1999.9000,0.2710,0.1209,595599.5000,27.3635,604486.0000,1999.9000,
	2026/03/30 15:45:12	,	880544	,	1178	,10.2032,1999.9000,0.2710,-0.1803,595599.5000,27.3646,604488.9375,1999.9000,
	2026/03/30 15:45:12	,	881544	,	1179	,10.2026,1999.9000,0.2709,-0.4314,595433.9375,27.3686,604679.2500,1999.9000,
	2026/03/30 15:45:12	,	882544	,	1180	,10.1985,1999.9000,0.2669,-0.6406,595325.4375,27.3750,604779.5000,1999.9000,
	2026/03/30 15:45:12	,	883544	,	1181	,10.1981,1999.9000,0.2640,-0.6160,595305.1875,27.3803,604868.9375,1999.9000,
	2026/03/30 15:45:12	,	884544	,	1182	,10.1979,1999.9000,0.2618,-0.5955,595289.3125,27.3847,604957.6875,1999.9000,
	2026/03/30 15:45:12	,	885544	,	1183	,10.1975,1999.9000,0.2572,-0.5784,595071.6250,27.3854,605185.4375,1999.9000,
	2026/03/30 15:45:12	,	886544	,	1184	,10.1970,1999.9000,0.2506,-0.5642,594708.8125,27.3813,605215.3125,1999.9000,
	2026/03/30 15:45:12	,	887544	,	1185	,10.1966,1999.9000,0.2506,-0.5523,594708.8125,27.3780,605225.2500,1999.9000,
	2026/03/30 15:45:12	,	888544	,	1186	,10.1962,1999.9000,0.2506,-0.2440,594708.8125,27.3752,605230.2500,1999.9000,
	2026/03/30 15:45:12	,	889544	,	1187	,10.1957,1999.9000,0.2506,0.0129,594708.8125,27.3744,605233.1875,1999.9000,
	2026/03/30 15:45:12	,	890544	,	1188	,10.1951,1999.9000,0.2506,0.0281,594708.8125,27.3721,605235.1875,1999.9000,
	2026/03/30 15:45:12	,	891544	,	1189	,10.1946,1999.9000,0.2507,0.2397,594721.6250,27.3687,605042.2500,1999.9000,
	2026/03/30 15:45:12	,	892544	,	1190	,10.1941,1999.9000,0.2543,0.2170,594899.5000,27.3659,604930.5625,1999.9000,
	2026/03/30 15:45:12	,	893544	,	1191	,10.1935,1999.9000,0.2567,0.1982,594919.4375,27.3621,604838.1250,1999.9000,
	2026/03/30 15:45:12	,	894544	,	1192	,10.1928,1999.9000,0.2576,0.1825,594934.8125,27.3619,604798.2500,1999.9000,
	2026/03/30 15:45:12	,	895544	,	1193	,10.1922,1999.9000,0.2622,0.1694,595112.7500,27.3633,604578.3750,1999.9000,
	2026/03/30 15:45:12	,	896544	,	1194	,10.1916,1999.9000,0.2693,0.1585,595469.0625,27.3599,604444.3125,1999.9000,
	2026/03/30 15:45:12	,	897544	,	1195	,10.1873,1999.9000,0.2740,0.1494,595475.0625,27.3555,604444.3125,1999.9000,
	2026/03/30 15:45:12	,	898544	,	1196	,10.1868,1999.9000,0.2740,0.1418,595477.0000,27.3519,604444.3125,1999.9000,
	2026/03/30 15:45:12	,	899544	,	1197	,10.1864,1999.9000,0.2740,0.1355,595478.0000,27.3503,604444.3125,1999.9000,
	2026/03/30 15:45:12	,	900544	,	1198	,10.1861,1999.9000,0.2740,0.1302,595478.6250,27.3522,604444.3125,1999.9000,
	2026/03/30 15:45:12	,	901544	,	1199	,10.1858,1999.9000,0.2740,0.8221,595479.0000,27.3536,604644.8125,1999.9000,
	2026/03/30 15:45:12	,	902544	,	1200	,10.1854,1999.9000,0.2705,1.3987,595339.1875,27.3595,604750.5000,1999.9000,
	2026/03/30 15:45:12	,	903544	,	1201	,10.1849,1999.9000,0.2705,1.3987,595339.1875,27.3644,604838.6875,1999.9000,
	2026/03/30 15:45:12	,	904544	,	1202	,10.1845,1999.9000,0.2653,1.9812,595304.7500,27.3653,604935.3750,1999.9000,
	2026/03/30 15:45:12	,	905544	,	1203	,10.1840,1999.9000,0.2619,1.7678,595178.9375,27.3661,605109.3125,1999.9000,
	2026/03/30 15:45:12	,	906544	,	1204	,10.1835,1999.9000,0.2551,1.5900,594859.5000,27.3699,605338.1875,1999.9000,
	2026/03/30 15:45:12	,	907544	,	1205	,10.1829,1999.9000,0.2494,1.5900,594723.1250,27.3745,605338.1875,1999.9000,
	2026/03/30 15:45:12	,	908544	,	1206	,10.1824,1999.9000,0.2494,1.4418,594723.1250,27.3769,605338.1875,1999.9000,
	2026/03/30 15:45:12	,	909544	,	1207	,10.1818,1999.9000,0.2494,1.0198,594723.1250,27.3804,605338.1875,1999.9000,
	2026/03/30 15:45:12	,	910544	,	1208	,10.1812,1999.9000,0.2494,0.3698,594723.1250,27.3832,605338.1875,1999.9000,
	2026/03/30 15:45:12	,	911544	,	1209	,10.1805,1999.9000,0.2494,-0.1719,594723.1250,27.3811,605107.5000,1999.9000,
	2026/03/30 15:45:12	,	912544	,	1210	,10.1765,1999.9000,0.2495,-0.6233,594869.6875,27.3793,605107.5000,1999.9000,
	2026/03/30 15:45:12	,	913544	,	1211	,10.1760,1999.9000,0.2530,-0.9995,594901.5625,27.3777,604964.9375,1999.9000,
	2026/03/30 15:45:12	,	914544	,	1212	,10.1756,1999.9000,0.2563,-1.3130,594916.5000,27.3765,604877.3750,1999.9000,
	2026/03/30 15:45:12	,	915544	,	1213	,10.1752,1999.9000,0.2605,-1.3752,595023.3750,27.3755,604789.8125,1999.9000,
	2026/03/30 15:45:12	,	916544	,	1214	,10.1748,1999.9000,0.2680,-1.4271,595335.5625,27.3746,604652.6875,1999.9000,
	2026/03/30 15:45:12	,	917544	,	1215	,10.1744,1999.9000,0.2743,-1.4704,595556.0625,27.3724,604377.8750,1999.9000,
	2026/03/30 15:45:12	,	918544	,	1216	,10.1739,1999.9000,0.2748,-1.5064,595556.0625,27.3660,604377.8750,1999.9000,
	2026/03/30 15:45:12	,	919544	,	1217	,10.1734,1999.9000,0.2750,-1.5365,595556.0625,27.3606,604377.8750,1999.9000,
	2026/03/30 15:45:12	,	920544	,	1218	,10.1729,1999.9000,0.2751,-1.5615,595556.0625,27.3576,604377.8750,1999.9000,
	2026/03/30 15:45:12	,	921544	,	1219	,10.1724,1999.9000,0.2751,-1.5824,595556.0625,27.3582,604377.8750,1999.9000,
	2026/03/30 15:45:12	,	922544	,	1220	,10.1718,1999.9000,0.2751,-1.5997,595387.4375,27.3557,604597.1250,1999.9000,
	2026/03/30 15:45:12	,	923544	,	1221	,10.1712,1999.9000,0.2748,-1.8132,595352.3125,27.3520,604737.8125,1999.9000,
	2026/03/30 15:45:12	,	924544	,	1222	,10.1705,1999.9000,0.2715,-1.9910,595332.0625,27.3489,604832.6875,1999.9000,
	2026/03/30 15:45:12	,	925544	,	1223	,10.1699,1999.9000,0.2693,-1.9403,595243.8125,27.3464,604915.4375,1999.9000,
	2026/03/30 15:45:12	,	926544	,	1224	,10.1658,1999.9000,0.2629,-1.8980,595000.7500,27.3458,605039.8750,1999.9000,
	2026/03/30 15:45:12	,	927544	,	1225	,10.1654,1999.9000,0.2563,-1.8628,594653.4375,27.3468,605324.3750,1999.9000,
	2026/03/30 15:45:12	,	928544	,	1226	,10.1650,1999.9000,0.2561,-1.8334,594653.4375,27.3477,605324.3750,1999.9000,
	2026/03/30 15:45:12	,	929544	,	1227	,10.1647,1999.9000,0.2560,-1.8090,594653.4375,27.3499,605324.3750,1999.9000,
	2026/03/30 15:45:12	,	930544	,	1228	,10.1644,1999.9000,0.2560,-1.6891,594653.4375,27.3518,605324.3750,1999.9000,
	2026/03/30 15:45:12	,	931544	,	1229	,10.1640,1999.9000,0.2559,-1.4898,594653.4375,27.3549,605324.3750,1999.9000,
	2026/03/30 15:45:12	,	932544	,	1230	,10.1636,1999.9000,0.2559,-1.2242,594834.5000,27.3590,605181.8125,1999.9000,
	2026/03/30 15:45:12	,	933544	,	1231	,10.1632,1999.9000,0.2588,-0.8039,594915.5000,27.3639,605005.4375,1999.9000,
	2026/03/30 15:45:12	,	934544	,	1232	,10.1626,1999.9000,0.2613,-0.4536,594926.5625,27.3665,604888.2500,1999.9000,
	2026/03/30 15:45:12	,	935544	,	1233	,10.1621,1999.9000,0.2640,-0.3607,594944.9375,27.3671,604793.4375,1999.9000,
	2026/03/30 15:45:12	,	936544	,	1234	,10.1615,1999.9000,0.2702,-0.3828,595202.6875,27.3677,604679.8750,1999.9000,
	2026/03/30 15:45:12	,	937544	,	1235	,10.1608,1999.9000,0.2702,-0.4011,595577.5000,27.3666,604427.4375,1999.9000,
	2026/03/30 15:45:12	,	938544	,	1236	,10.1602,1999.9000,0.2774,-0.4164,595577.5000,27.3657,604427.4375,1999.9000,
	2026/03/30 15:45:12	,	939544	,	1237	,10.1595,1999.9000,0.2777,-0.4292,595577.5000,27.3649,604427.4375,1999.9000,
	2026/03/30 15:45:12	,	940544	,	1238	,10.1554,1999.9000,0.2778,-0.5393,595577.5000,27.3643,604427.4375,1999.9000,
	2026/03/30 15:45:12	,	941544	,	1239	,10.1549,1999.9000,0.2779,-0.7305,595577.5000,27.3637,604427.4375,1999.9000,
	2026/03/30 15:45:12	,	942544	,	1240	,10.1545,1999.9000,0.2779,-0.8899,595451.8125,27.3633,604548.1875,1999.9000,
	2026/03/30 15:45:12	,	943544	,	1241	,10.1542,1999.9000,0.2780,-1.0227,595345.1250,27.3675,604720.3125,1999.9000,
	2026/03/30 15:45:12	,	944544	,	1242	,10.1538,1999.9000,0.2745,-1.1333,595330.8125,27.3741,604810.3125,1999.9000,
	2026/03/30 15:45:12	,	945544	,	1243	,10.1535,1999.9000,0.2716,-1.2256,595315.5000,27.3796,604847.7500,1999.9000,
	2026/03/30 15:45:12	,	946544	,	1244	,10.1531,1999.9000,0.2693,-1.2029,595315.5000,27.3796,604983.0625,1999.9000,
	2026/03/30 15:45:12	,	947544	,	1245	,10.1526,1999.9000,0.2641,-1.1841,594780.8750,27.3880,605245.1875,1999.9000,
	2026/03/30 15:45:12	,	948544	,	1246	,10.1522,1999.9000,0.2567,-1.1684,594780.8750,27.3957,605252.1250,1999.9000,
	2026/03/30 15:45:12	,	949544	,	1247	,10.1516,1999.9000,0.2537,-1.1553,594780.8750,27.4021,605254.5000,1999.9000,
	2026/03/30 15:45:12	,	950544	,	1248	,10.1510,1999.9000,0.2537,-1.1444,594780.8750,27.4075,605255.6250,1999.9000,
	2026/03/30 15:45:12	,	951544	,	1249	,10.1503,1999.9000,0.2537,-1.1353,594780.8750,27.4074,605256.3125,1999.9000,
	2026/03/30 15:45:12	,	952544	,	1250	,10.1497,1999.9000,0.2537,-1.1277,594780.8125,27.4058,605256.8125,1999.9000,
	2026/03/30 15:45:12	,	953544	,	1251	,10.1491,1999.9000,0.2537,-1.3203,594897.6250,27.3999,605042.8750,1999.9000,
	2026/03/30 15:45:12	,	954544	,	1252	,10.1485,1999.9000,0.2569,-1.4809,594913.4375,27.3934,604907.6250,1999.9000,
	2026/03/30 15:45:12	,	955544	,	1253	,10.1444,1999.9000,0.2597,-1.6146,594913.4375,27.3934,604812.7500,1999.9000,
	2026/03/30 15:45:12	,	956544	,	1254	,10.1440,1999.9000,0.2619,-1.8256,594925.6250,27.3819,604773.7500,1999.9000,
	2026/03/30 15:45:12	,	957544	,	1255	,10.1437,1999.9000,0.2663,-2.0014,595073.4375,27.3723,604539.7500,1999.9000,
	2026/03/30 15:45:12	,	958544	,	1256	,10.1434,1999.9000,0.2733,-2.0484,595417.8125,27.3644,604501.3750,1999.9000,
	2026/03/30 15:45:12	,	959544	,	1257	,10.1430,1999.9000,0.2763,-2.0876,595502.4375,27.3577,604488.5625,1999.9000,
	2026/03/30 15:45:12	,	960544	,	1258	,10.1426,1999.9000,0.2763,-2.1202,595502.4375,27.3522,604482.1875,1999.9000,
	2026/03/30 15:45:12	,	961544	,	1259	,10.1422,1999.9000,0.2763,-2.0480,595502.4375,27.3506,604478.3750,1999.9000,
	2026/03/30 15:45:12	,	962544	,	1260	,10.1419,1999.9000,0.2763,-1.6893,595502.4375,27.3493,604475.8750,1999.9000,
	2026/03/30 15:45:12	,	963544	,	1261	,10.1414,1999.9000,0.2763,-1.3905,595502.4375,27.3482,604665.4375,1999.9000,
	2026/03/30 15:45:12	,	964544	,	1262	,10.1409,1999.9000,0.2734,-1.1414,595362.4375,27.3565,604781.3125,1999.9000,
	2026/03/30 15:45:12	,	965544	,	1263	,10.1404,1999.9000,0.2707,-0.5360,595335.3750,27.3634,604866.5000,1999.9000,
	2026/03/30 15:45:12	,	966544	,	1264	,10.1397,1999.9000,0.2686,0.0680,595315.3750,27.3691,604956.5625,1999.9000,
	2026/03/30 15:45:12	,	967544	,	1265	,10.1357,1999.9000,0.2649,0.5714,595192.0000,27.3739,605154.0000,1999.9000,
	2026/03/30 15:45:12	,	968544	,	1266	,10.1353,1999.9000,0.2575,0.9908,594897.1250,27.3779,605316.5000,1999.9000,
	2026/03/30 15:45:12	,	969544	,	1267	,10.1349,1999.9000,0.2521,1.4399,594683.8125,27.3812,605316.5000,1999.9000,
	2026/03/30 15:45:12	,	970544	,	1268	,10.1346,1999.9000,0.2521,1.8140,594683.8125,27.3839,605316.5000,1999.9000,
	2026/03/30 15:45:12	,	971544	,	1269	,10.1343,1999.9000,0.2521,2.2253,594683.8125,27.3862,605316.5000,1999.9000,
	2026/03/30 15:45:12	,	972544	,	1270	,10.1339,1999.9000,0.2521,2.5681,594683.8125,27.3867,605316.5000,1999.9000,
	2026/03/30 15:45:12	,	973544	,	1271	,10.1336,1999.9000,0.2521,2.8537,594683.8125,27.3870,605100.2500,1999.9000,
	2026/03/30 15:45:12	,	974544	,	1272	,10.1332,1999.9000,0.2524,2.9922,594846.4375,27.3903,604966.1875,1999.9000,
	2026/03/30 15:45:12	,	975544	,	1273	,10.1327,1999.9000,0.2562,3.1077,594882.7500,27.3930,604865.9375,1999.9000,
	2026/03/30 15:45:12	,	976544	,	1274	,10.1322,1999.9000,0.2570,2.3086,594900.8125,27.3954,604782.5625,1999.9000,
	2026/03/30 15:45:12	,	977544	,	1275	,10.1316,1999.9000,0.2600,1.3443,595006.1250,27.3973,604633.3750,1999.9000,
	2026/03/30 15:45:12	,	978544	,	1276	,10.1311,1999.9000,0.2659,0.5407,595292.6875,27.4019,604396.0000,1999.9000,
	2026/03/30 15:45:12	,	979544	,	1277	,10.1306,1999.9000,0.2702,-0.1289,595572.7500,27.4058,604396.0000,1999.9000,
	2026/03/30 15:45:12	,	980544	,	1278	,10.1300,1999.9000,0.2702,-0.6870,595572.7500,27.4060,604396.0000,1999.9000,
	2026/03/30 15:45:12	,	981544	,	1279	,10.1294,1999.9000,0.2702,-1.1520,595572.7500,27.4061,604396.0000,1999.9000,
	2026/03/30 15:45:12	,	982544	,	1280	,10.1288,1999.9000,0.2702,-1.5395,595572.7500,27.4032,604396.0000,1999.9000,
	2026/03/30 15:45:12	,	983544	,	1281	,10.1247,1999.9000,0.2702,-1.3651,595572.7500,27.3962,604615.8750,1999.9000,
	2026/03/30 15:45:12	,	984544	,	1282	,10.1241,1999.9000,0.2675,-1.1203,595400.5625,27.3904,604746.9375,1999.9000,
	2026/03/30 15:45:12	,	985544	,	1283	,10.1236,1999.9000,0.2653,-0.6178,595363.3125,27.3840,604833.2500,1999.9000,
	2026/03/30 15:45:12	,	986544	,	1284	,10.1232,1999.9000,0.2643,-0.1991,595341.7500,27.3786,604871.9375,1999.9000,
	2026/03/30 15:45:12	,	987544	,	1285	,10.1228,1999.9000,0.2605,0.1498,595248.0625,27.3742,605044.1250,1999.9000,
	2026/03/30 15:45:12	,	988544	,	1286	,10.1225,1999.9000,0.2534,0.4406,595019.8125,27.3705,605338.8125,1999.9000,
	2026/03/30 15:45:12	,	989544	,	1287	,10.1221,1999.9000,0.2461,0.3845,594661.7500,27.3674,605338.8125,1999.9000,
	2026/03/30 15:45:12	,	990544	,	1288	,10.1217,1999.9000,0.2452,0.6361,594661.7500,27.3663,605338.8125,1999.9000,
	2026/03/30 15:45:12	,	991544	,	1289	,10.1212,1999.9000,0.2449,0.8458,594661.7500,27.3716,605338.8125,1999.9000,
	2026/03/30 15:45:12	,	992544	,	1290	,10.1212,1999.9000,0.2448,1.1201,594661.7500,27.3759,605338.8125,1999.9000,
	2026/03/30 15:45:12	,	993544	,	1291	,10.1202,1999.9000,0.2447,1.3486,594661.7500,27.3796,605138.3125,1999.9000,
	2026/03/30 15:45:12	,	994544	,	1292	,10.1197,1999.9000,0.2447,1.4396,594804.1250,27.3826,604986.1250,1999.9000,
	2026/03/30 15:45:12	,	995544	,	1293	,10.1192,1999.9000,0.2450,1.5154,594901.8750,27.3851,604883.4375,1999.9000,
	2026/03/30 15:45:12	,	996544	,	1294	,10.1186,1999.9000,0.2483,1.5785,594917.9375,27.3872,604797.0625,1999.9000,
	2026/03/30 15:45:12	,	997544	,	1295	,10.1181,1999.9000,0.2492,1.6312,594933.8125,27.3844,604685.3125,1999.9000,
	2026/03/30 15:45:12	,	998544	,	1296	,10.1181,1999.9000,0.2558,1.6751,595164.0000,27.3805,604423.1250,1999.9000,
	2026/03/30 15:45:12	,	999544	,	1297	,10.1175,1999.9000,0.2625,1.5127,595539.3750,27.3758,604423.1250,1999.9000,
	2026/03/30 15:45:13	,	000544	,	1298	,10.1134,1999.9000,0.2630,1.3773,595539.3750,27.3718,604423.1250,1999.9000,
	2026/03/30 15:45:13	,	001544	,	1299	,10.1131,1999.9000,0.2631,1.2646,595539.3750,27.3669,604423.1250,1999.9000,
	2026/03/30 15:45:13	,	002544	,	1300	,10.1126,1999.9000,0.2632,1.1706,595539.3750,27.3644,604423.1250,1999.9000,
	2026/03/30 15:45:13	,	003544	,	1301	,10.1123,1999.9000,0.2633,1.1918,595539.3750,27.3639,604559.1250,1999.9000,
	2026/03/30 15:45:13	,	004544	,	1302	,10.1119,1999.9000,0.2633,1.2094,595451.8125,27.3634,604725.1875,1999.9000,
	2026/03/30 15:45:13	,	005544	,	1303	,10.1115,1999.9000,0.2601,1.2241,595337.9375,27.3615,604820.6250,1999.9000,
	2026/03/30 15:45:13	,	006544	,	1304	,10.1111,1999.9000,0.2573,1.5348,595317.4375,27.3584,604902.1875,1999.9000,
	2026/03/30 15:45:13	,	007544	,	1305	,10.1107,1999.9000,0.2547,1.7936,595300.8125,27.3573,605001.8125,1999.9000,
	2026/03/30 15:45:13	,	008544	,	1306	,10.1103,1999.9000,0.2490,2.3078,595131.2500,27.3564,605266.9375,1999.9000,
	2026/03/30 15:45:13	,	009544	,	1307	,10.1100,1999.9000,0.2414,2.7363,594797.0000,27.3557,605266.9375,1999.9000,
	2026/03/30 15:45:13	,	010544	,	1308	,10.1094,1999.9000,0.2361,3.0933,594769.8750,27.3581,605266.9375,1999.9000,
	2026/03/30 15:45:13	,	011544	,	1309	,10.1089,1999.9000,0.2361,3.3909,594760.8125,27.3571,605266.9375,1999.9000,
	2026/03/30 15:45:13	,	012544	,	1310	,10.1083,1999.9000,0.2361,3.4399,594756.3125,27.3532,605266.9375,1999.9000,
	2026/03/30 15:45:13	,	013544	,	1311	,10.1077,1999.9000,0.2361,3.4807,594753.5625,27.3499,605259.1875,1999.9000,
	2026/03/30 15:45:13	,	014544	,	1312	,10.1070,1999.9000,0.2361,3.5148,594751.6875,27.3472,605024.7500,1999.9000,
	2026/03/30 15:45:13	,	015544	,	1313	,10.1064,1999.9000,0.2362,3.5431,594882.7500,27.3480,604909.4375,1999.9000,
	2026/03/30 15:45:13	,	016544	,	1314	,10.1058,1999.9000,0.2384,3.5668,594908.3750,27.3487,604820.0625,1999.9000,
	2026/03/30 15:45:13	,	017544	,	1315	,10.1016,1999.9000,0.2393,3.3875,594921.7500,27.3492,604728.8125,1999.9000,
	2026/03/30 15:45:13	,	018544	,	1316	,10.1012,1999.9000,0.2444,3.2381,595057.9375,27.3497,604523.5000,1999.9000,
	2026/03/30 15:45:13	,	019544	,	1317	,10.1009,1999.9000,0.2512,2.7158,595397.5625,27.3500,604505.3750,1999.9000,
	2026/03/30 15:45:13	,	020544	,	1318	,10.1005,1999.9000,0.2541,2.2804,595535.7500,27.3504,604499.3750,1999.9000,
	2026/03/30 15:45:13	,	021544	,	1319	,10.1002,1999.9000,0.2541,1.7187,595535.7500,27.3506,604496.3125,1999.9000,
	2026/03/30 15:45:13	,	022544	,	1320	,10.0999,1999.9000,0.2541,1.2506,595535.7500,27.3524,604494.5000,1999.9000,
	2026/03/30 15:45:13	,	023544	,	1321	,10.0995,1999.9000,0.2541,1.0595,595535.7500,27.3569,604493.3125,1999.9000,
	2026/03/30 15:45:13	,	024544	,	1322	,10.0991,1999.9000,0.2541,0.5023,595535.7500,27.3622,604684.6875,1999.9000,
	2026/03/30 15:45:13	,	025544	,	1323	,10.0987,1999.9000,0.2510,0.0380,595386.8125,27.3620,604809.6875,1999.9000,
	2026/03/30 15:45:13	,	026544	,	1324	,10.0983,1999.9000,0.2482,-0.3489,595352.9375,27.3619,604894.3125,1999.9000,
	2026/03/30 15:45:13	,	027544	,	1325	,10.0977,1999.9000,0.2457,-0.2734,595333.0000,27.3587,604934.7500,1999.9000,
	2026/03/30 15:45:13	,	028544	,	1326	,10.0972,1999.9000,0.2414,-0.1111,595208.0625,27.3652,605180.0000,1999.9000,
	2026/03/30 15:45:13	,	029544	,	1327	,10.0967,1999.9000,0.2333,0.1237,594923.2500,27.3706,605289.9375,1999.9000,
	2026/03/30 15:45:13	,	030544	,	1328	,10.0961,1999.9000,0.2267,0.5183,594686.1875,27.3751,605289.9375,1999.9000,
	2026/03/30 15:45:13	,	031544	,	1329	,10.0956,1999.9000,0.2267,0.8471,594686.1875,27.3789,605289.9375,1999.9000,
	2026/03/30 15:45:13	,	032544	,	1330	,10.0950,1999.9000,0.2267,1.1211,594686.1875,27.3805,605289.9375,1999.9000,
	2026/03/30 15:45:13	,	033544	,	1331	,10.0944,1999.9000,0.2267,1.3495,594686.1875,27.3742,605289.9375,1999.9000,
	2026/03/30 15:45:13	,	034544	,	1332	,10.0938,1999.9000,0.2267,1.5398,594686.1875,27.3766,605069.5000,1999.9000,
	2026/03/30 15:45:13	,	035544	,	1333	,10.0931,1999.9000,0.2270,1.6984,594848.8125,27.3801,604940.1875,1999.9000,
	2026/03/30 15:45:13	,	036544	,	1334	,10.0925,1999.9000,0.2308,1.8305,594884.3125,27.3846,604846.5625,1999.9000,
	2026/03/30 15:45:13	,	037544	,	1335	,10.0919,1999.9000,0.2316,1.9406,594903.8125,27.3883,604762.6250,1999.9000,
	2026/03/30 15:45:13	,	038544	,	1336	,10.0912,1999.9000,0.2349,1.8335,594996.0000,27.3914,604582.0625,1999.9000,
	2026/03/30 15:45:13	,	039544	,	1337	,10.0870,1999.9000,0.2407,1.7441,595245.0625,27.3803,604417.7500,1999.9000,
	2026/03/30 15:45:13	,	040544	,	1338	,10.0867,1999.9000,0.2429,1.6697,595591.7500,27.3710,604417.7500,1999.9000,
	2026/03/30 15:45:13	,	041544	,	1339	,10.0864,1999.9000,0.2429,1.6077,595591.7500,27.3632,604417.7500,1999.9000,
	2026/03/30 15:45:13	,	042544	,	1340	,10.0861,1999.9000,0.2429,1.5560,595591.7500,27.3614,604417.7500,1999.9000,
	2026/03/30 15:45:13	,	043544	,	1341	,10.0858,1999.9000,0.2429,1.5129,595591.7500,27.3598,604417.7500,1999.9000,
	2026/03/30 15:45:13	,	044544	,	1342	,10.0855,1999.9000,0.2429,1.4770,595591.7500,27.3585,604632.7500,1999.9000,
	2026/03/30 15:45:13	,	045544	,	1343	,10.0852,1999.9000,0.2390,1.0492,595410.0625,27.3574,604768.0625,1999.9000,
	2026/03/30 15:45:13	,	046544	,	1344	,10.0848,1999.9000,0.2353,0.6927,595320.0625,27.3565,604807.6875,1999.9000,
	2026/03/30 15:45:13	,	047544	,	1345	,10.0844,1999.9000,0.2321,0.7935,595306.0625,27.3557,604930.5625,1999.9000,
	2026/03/30 15:45:13	,	048544	,	1346	,10.0839,1999.9000,0.2285,1.0765,595289.6250,27.3551,605075.5000,1999.9000,
	2026/03/30 15:45:13	,	049544	,	1347	,10.0835,1999.9000,0.2210,1.3123,595061.5000,27.3546,605355.7500,1999.9000,
	2026/03/30 15:45:13	,	050544	,	1348	,10.0830,1999.9000,0.2139,1.9067,594707.6250,27.3557,605355.7500,1999.9000,
	2026/03/30 15:45:13	,	051544	,	1349	,10.0826,1999.9000,0.2097,2.5015,594707.6250,27.3566,605355.7500,1999.9000,
	2026/03/30 15:45:13	,	052544	,	1350	,10.0820,1999.9000,0.2097,2.9971,594707.6250,27.3528,605355.7500,1999.9000,
	2026/03/30 15:45:13	,	053544	,	1351	,10.0814,1999.9000,0.2097,3.4102,594707.6250,27.3496,605355.7500,1999.9000,
	2026/03/30 15:45:13	,	054544	,	1352	,10.0809,1999.9000,0.2097,3.7544,594707.6250,27.3469,605120.1875,1999.9000,
	2026/03/30 15:45:13	,	055544	,	1353	,10.0803,1999.9000,0.2097,4.0413,594791.6250,27.3523,604972.1875,1999.9000,
	2026/03/30 15:45:13	,	056544	,	1354	,10.0797,1999.9000,0.2122,4.1808,594889.3750,27.3568,604874.9375,1999.9000,
	2026/03/30 15:45:13	,	057544	,	1355	,10.0791,1999.9000,0.2145,3.6008,594907.2500,27.3606,604792.8125,1999.9000,
	2026/03/30 15:45:13	,	058544	,	1356	,10.0785,1999.9000,0.2155,2.9185,594921.7500,27.3637,604667.1875,1999.9000,
	2026/03/30 15:45:13	,	059544	,	1357	,10.0780,1999.9000,0.2218,2.3499,595111.5625,27.3663,604394.7500,1999.9000,
	2026/03/30 15:45:13	,	060544	,	1358	,10.0774,1999.9000,0.2274,1.7766,595478.6250,27.3685,604394.7500,1999.9000,
	2026/03/30 15:45:13	,	061544	,	1359	,10.0767,1999.9000,0.2274,1.1994,595483.3750,27.3719,604394.7500,1999.9000,
	2026/03/30 15:45:13	,	062544	,	1360	,10.0761,1999.9000,0.2274,0.4200,595484.9375,27.3747,604394.7500,1999.9000,
	2026/03/30 15:45:13	,	063544	,	1361	,10.0720,1999.9000,0.2274,-0.2295,595485.7500,27.3755,604394.7500,1999.9000,
	2026/03/30 15:45:13	,	064544	,	1362	,10.0715,1999.9000,0.2274,-0.7708,595486.2500,27.3715,604394.7500,1999.9000,
	2026/03/30 15:45:13	,	065544	,	1363	,10.0711,1999.9000,0.2274,-1.1224,595486.5000,27.3683,604581.4375,1999.9000,
	2026/03/30 15:45:13	,	066544	,	1364	,10.0707,1999.9000,0.2237,-1.3159,595360.0625,27.3686,604730.0000,1999.9000,
	2026/03/30 15:45:13	,	067544	,	1365	,10.0704,1999.9000,0.2202,-1.4772,595337.1250,27.3704,604868.0625,1999.9000,
	2026/03/30 15:45:13	,	068544	,	1366	,10.0700,1999.9000,0.2167,-1.6116,595322.3125,27.3719,604868.0625,1999.9000,
	2026/03/30 15:45:13	,	069544	,	1367	,10.0697,1999.9000,0.2102,-1.6241,595180.0625,27.3731,605004.8750,1999.9000,
	2026/03/30 15:45:13	,	070544	,	1368	,10.0693,1999.9000,0.2018,-1.6345,594850.6250,27.3726,605280.2500,1999.9000,
	2026/03/30 15:45:13	,	071544	,	1369	,10.0689,1999.9000,0.1956,-1.6432,594726.0625,27.3722,605280.2500,1999.9000,
	2026/03/30 15:45:13	,	072544	,	1370	,10.0684,1999.9000,0.1956,-1.6504,594726.0625,27.3719,605280.2500,1999.9000,
	2026/03/30 15:45:13	,	073544	,	1371	,10.0680,1999.9000,0.1956,-1.6565,594726.0625,27.3716,605280.2500,1999.9000,
	2026/03/30 15:45:13	,	074544	,	1372	,10.0675,1999.9000,0.1956,-1.3631,594726.0625,27.3714,605280.2500,1999.9000,
	2026/03/30 15:45:13	,	075544	,	1373	,10.0671,1999.9000,0.1956,-1.1186,594726.0625,27.3712,605024.7500,1999.9000,
	2026/03/30 15:45:13	,	076544	,	1374	,10.0666,1999.9000,0.1956,-0.9148,594860.1250,27.3573,605024.7500,1999.9000,
	2026/03/30 15:45:13	,	077544	,	1375	,10.0661,1999.9000,0.1959,-0.7451,594887.2500,27.3457,604913.0000,1999.9000,
	2026/03/30 15:45:13	,	078544	,	1376	,10.0656,1999.9000,0.1985,-0.6036,594903.0625,27.3361,604818.8125,1999.9000,
	2026/03/30 15:45:13	,	079544	,	1377	,10.0650,1999.9000,0.2023,-0.0878,595039.5000,27.3372,604720.9375,1999.9000,
	2026/03/30 15:45:13	,	080544	,	1378	,10.0644,1999.9000,0.2084,0.3421,595368.3750,27.3372,604487.2500,1999.9000,
	2026/03/30 15:45:13	,	081544	,	1379	,10.0639,1999.9000,0.2084,0.3024,595536.3750,27.3412,604487.2500,1999.9000,
	2026/03/30 15:45:13	,	082544	,	1380	,10.0633,1999.9000,0.2084,0.2693,595536.3750,27.3460,604487.2500,1999.9000,
	2026/03/30 15:45:13	,	083544	,	1381	,10.0627,1999.9000,0.2084,0.1422,595536.3750,27.3501,604487.2500,1999.9000,
	2026/03/30 15:45:13	,	084544	,	1382	,10.0621,1999.9000,0.2084,0.0364,595536.3750,27.3519,604487.2500,1999.9000,
	2026/03/30 15:45:13	,	085544	,	1383	,10.0615,1999.9000,0.2083,-0.0518,595536.3750,27.3535,604492.6875,1999.9000,
	2026/03/30 15:45:13	,	086544	,	1384	,10.0609,1999.9000,0.2037,-0.1254,595370.7500,27.3547,604697.3750,1999.9000,
	2026/03/30 15:45:13	,	087544	,	1385	,10.0603,1999.9000,0.2005,-0.1866,595332.8750,27.3558,604807.9375,1999.9000,
	2026/03/30 15:45:13	,	088544	,	1386	,10.0596,1999.9000,0.1979,-0.3372,595312.5000,27.3567,604847.5000,1999.9000,
	2026/03/30 15:45:13	,	089544	,	1387	,10.0590,1999.9000,0.1935,-0.5621,595222.4375,27.3574,604964.3125,1999.9000,
	2026/03/30 15:45:13	,	090544	,	1388	,10.0585,1999.9000,0.1857,-0.7495,594966.7500,27.3565,605190.8750,1999.9000,
	2026/03/30 15:45:13	,	091544	,	1389	,10.0580,1999.9000,0.1798,-1.0052,594660.5625,27.3558,605218.9375,1999.9000,
	2026/03/30 15:45:13	,	092544	,	1390	,10.0574,1999.9000,0.1797,-1.1188,594660.5625,27.3551,605228.3125,1999.9000,
	2026/03/30 15:45:13	,	093544	,	1391	,10.0568,1999.9000,0.1797,-1.2134,594660.5625,27.3576,605233.0000,1999.9000,
	2026/03/30 15:45:13	,	094544	,	1392	,10.0562,1999.9000,0.1796,-1.2923,594660.5625,27.3598,605235.8125,1999.9000,
	2026/03/30 15:45:13	,	095544	,	1393	,10.0556,1999.9000,0.1796,-1.3580,594660.5625,27.3615,605237.6250,1999.9000,
	2026/03/30 15:45:13	,	096544	,	1394	,10.0550,1999.9000,0.1796,-1.2138,594826.7500,27.3630,605039.8750,1999.9000,
	2026/03/30 15:45:13	,	097544	,	1395	,10.0544,1999.9000,0.1799,-0.9942,594909.0000,27.3611,604920.3125,1999.9000,
	2026/03/30 15:45:13	,	098544	,	1396	,10.0538,1999.9000,0.1823,-0.8112,594924.8125,27.3581,604827.2500,1999.9000,
	2026/03/30 15:45:13	,	099544	,	1397	,10.0533,1999.9000,0.1847,-0.5592,594947.5000,27.3571,604791.0625,1999.9000,
	2026/03/30 15:45:13	,	100544	,	1398	,10.0527,1999.9000,0.1906,-0.3492,595236.6875,27.3562,604568.7500,1999.9000,
	2026/03/30 15:45:13	,	101544	,	1399	,10.0521,1999.9000,0.1934,-0.1742,595607.2500,27.3555,604447.9375,1999.9000,
	2026/03/30 15:45:13	,	102544	,	1400	,10.0515,1999.9000,0.1934,-0.0284,595607.2500,27.3519,604447.9375,1999.9000,
	2026/03/30 15:45:13	,	103544	,	1401	,10.0509,1999.9000,0.1934,0.0931,595607.2500,27.3519,604447.9375,1999.9000,
	2026/03/30 15:45:13	,	104544	,	1402	,10.0504,1999.9000,0.1934,0.1944,595607.2500,27.3519,604447.9375,1999.9000,
	2026/03/30 15:45:13	,	105544	,	1403	,10.0498,1999.9000,0.1934,0.2788,595607.2500,27.3519,604447.9375,1999.9000,
	2026/03/30 15:45:13	,	106544	,	1404	,10.0493,1999.9000,0.1894,0.2496,595431.5000,27.3534,604642.4375,1999.9000,
	2026/03/30 15:45:13	,	107544	,	1405	,10.0488,1999.9000,0.1856,0.2253,595330.2500,27.3623,604762.0000,1999.9000,
	2026/03/30 15:45:13	,	108544	,	1406	,10.0482,1999.9000,0.1823,0.2051,595312.6250,27.3713,604854.4375,1999.9000,
	2026/03/30 15:45:13	,	109544	,	1407	,10.0477,1999.9000,0.1781,0.6856,595294.6250,27.3696,604891.0000,1999.9000,
	2026/03/30 15:45:13	,	110544	,	1408	,10.0470,1999.9000,0.1699,1.2850,595079.3750,27.3667,605087.6250,1999.9000,
	2026/03/30 15:45:13	,	111544	,	1409	,10.0465,1999.9000,0.1623,1.7844,594724.3125,27.3673,605332.8125,1999.9000,
	2026/03/30 15:45:13	,	112544	,	1410	,10.0459,1999.9000,0.1566,2.0017,594724.3125,27.3678,605332.8125,1999.9000,
	2026/03/30 15:45:13	,	113544	,	1411	,10.0453,1999.9000,0.1566,2.1828,594724.3125,27.3758,605332.8125,1999.9000,
	2026/03/30 15:45:13	,	114544	,	1412	,10.0447,1999.9000,0.1566,2.3337,594724.3125,27.3856,605332.8125,1999.9000,
	2026/03/30 15:45:13	,	115544	,	1413	,10.0442,1999.9000,0.1566,2.4594,594724.3125,27.3937,605332.8125,1999.9000,
	2026/03/30 15:45:13	,	116544	,	1414	,10.0436,1999.9000,0.1566,2.5642,594736.5000,27.3989,605096.0000,1999.9000,
	2026/03/30 15:45:13	,	117544	,	1415	,10.0430,1999.9000,0.1566,2.4526,594918.5000,27.4003,604945.0625,1999.9000,
	2026/03/30 15:45:13	,	118544	,	1416	,10.0425,1999.9000,0.1611,2.3595,594937.5625,27.4014,604844.7500,1999.9000,
	2026/03/30 15:45:13	,	119544	,	1417	,10.0420,1999.9000,0.1611,1.7846,594950.5000,27.4023,604804.9375,1999.9000,
	2026/03/30 15:45:13	,	120544	,	1418	,10.0415,1999.9000,0.1637,1.1066,595125.8750,27.4031,604628.5625,1999.9000,
	2026/03/30 15:45:13	,	121544	,	1419	,10.0409,1999.9000,0.1698,0.7405,595482.7500,27.4037,604352.5000,1999.9000,
	2026/03/30 15:45:13	,	122544	,	1420	,10.0404,1999.9000,0.1758,0.4355,595493.1875,27.4042,604352.5000,1999.9000,
	2026/03/30 15:45:13	,	123544	,	1421	,10.0400,1999.9000,0.1758,0.1813,595496.6875,27.4047,604352.5000,1999.9000,
	2026/03/30 15:45:13	,	124544	,	1422	,10.0395,1999.9000,0.1758,0.3673,595498.3750,27.4051,604352.5000,1999.9000,
	2026/03/30 15:45:13	,	125544	,	1423	,10.0390,1999.9000,0.1758,0.6218,595499.3750,27.4053,604352.5000,1999.9000,
	2026/03/30 15:45:13	,	126544	,	1424	,10.0385,1999.9000,0.1758,0.6218,595500.1250,27.4056,604577.2500,1999.9000,
	2026/03/30 15:45:13	,	127544	,	1425	,10.0379,1999.9000,0.1722,0.8339,595367.8125,27.4058,604730.0000,1999.9000,
	2026/03/30 15:45:13	,	128544	,	1426	,10.0373,1999.9000,0.1691,1.0107,595342.4375,27.4060,604822.4375,1999.9000,
	2026/03/30 15:45:13	,	129544	,	1427	,10.0368,1999.9000,0.1667,1.1580,595326.8750,27.4061,604857.4375,1999.9000,
	2026/03/30 15:45:13	,	130544	,	1428	,10.0362,1999.9000,0.1643,1.6786,595184.8750,27.4048,605020.5625,1999.9000,
	2026/03/30 15:45:13	,	131544	,	1429	,10.0357,1999.9000,0.1582,2.1125,594876.8750,27.4036,605320.0625,1999.9000,
	2026/03/30 15:45:13	,	132544	,	1430	,10.0351,1999.9000,0.1502,2.3745,594717.1875,27.4042,605320.0625,1999.9000,
	2026/03/30 15:45:13	,	133544	,	1431	,10.0346,1999.9000,0.1442,2.3940,594717.1875,27.4031,605320.0625,1999.9000,
	2026/03/30 15:45:13	,	134544	,	1432	,10.0340,1999.9000,0.1439,2.4102,594717.1875,27.3991,605320.0625,1999.9000,
	2026/03/30 15:45:13	,	135544	,	1433	,10.0334,1999.9000,0.1438,2.6227,594717.1875,27.3959,605320.0625,1999.9000,
	2026/03/30 15:45:13	,	136544	,	1434	,10.0328,1999.9000,0.1438,2.7997,594717.1875,27.3916,605146.1875,1999.9000,
	2026/03/30 15:45:13	,	137544	,	1435	,10.0323,1999.9000,0.1437,2.9472,594854.7500,27.3880,604964.9375,1999.9000,
	2026/03/30 15:45:13	,	138544	,	1436	,10.0318,1999.9000,0.1437,3.0702,594882.1250,27.3851,604857.4375,1999.9000,
	2026/03/30 15:45:13	,	139544	,	1437	,10.0312,1999.9000,0.1440,3.1727,594900.6250,27.3826,604823.9375,1999.9000,
	2026/03/30 15:45:13	,	140544	,	1438	,10.0308,1999.9000,0.1467,3.0591,595010.2500,27.3760,604692.5625,1999.9000,
	2026/03/30 15:45:13	,	141544	,	1439	,10.0303,1999.9000,0.1506,2.9644,595306.4375,27.3689,604446.6875,1999.9000,
	2026/03/30 15:45:13	,	142544	,	1440	,10.0298,1999.9000,0.1568,2.1893,595560.2500,27.3646,604446.6875,1999.9000,
	2026/03/30 15:45:13	,	143544	,	1441	,10.0294,1999.9000,0.1568,1.5433,595560.2500,27.3609,604446.6875,1999.9000,
	2026/03/30 15:45:13	,	144544	,	1442	,10.0289,1999.9000,0.1568,1.0050,595560.2500,27.3579,604446.6875,1999.9000,
	2026/03/30 15:45:13	,	145544	,	1443	,10.0284,1999.9000,0.1568,0.5564,595560.2500,27.3539,604446.6875,1999.9000,
	2026/03/30 15:45:13	,	146544	,	1444	,10.0279,1999.9000,0.1568,0.1825,595560.2500,27.3505,604542.1250,1999.9000,
	2026/03/30 15:45:13	,	147544	,	1445	,10.0273,1999.9000,0.1543,-0.1290,595398.1875,27.3538,604707.0625,1999.9000,
	2026/03/30 15:45:13	,	148544	,	1446	,10.0267,1999.9000,0.1505,0.2082,595358.8750,27.3581,604806.1250,1999.9000,
	2026/03/30 15:45:13	,	149544	,	1447	,10.0261,1999.9000,0.1474,0.4893,595338.6250,27.3632,604845.6250,1999.9000,
	2026/03/30 15:45:13	,	150544	,	1448	,10.0256,1999.9000,0.1448,0.8229,595251.0000,27.3674,604978.2500,1999.9000,
	2026/03/30 15:45:13	,	151544	,	1449	,10.0250,1999.9000,0.1398,1.1010,595007.3125,27.3709,605219.2500,1999.9000,
	2026/03/30 15:45:13	,	152544	,	1450	,10.0244,1999.9000,0.1311,1.3327,594646.2500,27.3754,605219.2500,1999.9000,
	2026/03/30 15:45:13	,	153544	,	1451	,10.0239,1999.9000,0.1243,1.4263,594646.2500,27.3822,605219.2500,1999.9000,
	2026/03/30 15:45:13	,	154544	,	1452	,10.0234,1999.9000,0.1240,1.5043,594646.2500,27.3878,605219.2500,1999.9000,
	2026/03/30 15:45:13	,	155544	,	1453	,10.0229,1999.9000,0.1239,1.6688,594646.2500,27.3925,605219.2500,1999.9000,
	2026/03/30 15:45:13	,	156544	,	1454	,10.0224,1999.9000,0.1239,1.8059,594646.2500,27.3934,605219.0625,1999.9000,
	2026/03/30 15:45:13	,	157544	,	1455	,10.0220,1999.9000,0.1238,1.9201,594823.8125,27.3941,605007.8750,1999.9000,
	2026/03/30 15:45:13	,	158544	,	1456	,10.0215,1999.9000,0.1238,1.9158,594912.0000,27.3932,604894.3125,1999.9000,
	2026/03/30 15:45:13	,	159544	,	1457	,10.0210,1999.9000,0.1241,1.8128,594928.6250,27.3925,604855.9375,1999.9000,
	2026/03/30 15:45:13	,	160544	,	1458	,10.0205,1999.9000,0.1265,1.5280,594948.3750,27.3903,604743.8750,1999.9000,
	2026/03/30 15:45:13	,	161544	,	1459	,10.0200,1999.9000,0.1289,1.5890,595208.0625,27.3824,604548.1875,1999.9000,
	2026/03/30 15:45:13	,	162544	,	1460	,10.0195,1999.9000,0.1348,1.7394,595567.3750,27.3758,604462.4375,1999.9000,
	2026/03/30 15:45:13	,	163544	,	1461	,10.0190,1999.9000,0.1386,1.8647,595567.3750,27.3718,604462.4375,1999.9000,
	2026/03/30 15:45:13	,	164544	,	1462	,10.0185,1999.9000,0.1386,1.9691,595567.3750,27.3700,604462.4375,1999.9000,
	2026/03/30 15:45:13	,	165544	,	1463	,10.0179,1999.9000,0.1386,2.0562,595567.3750,27.3685,604462.4375,1999.9000,
	2026/03/30 15:45:13	,	166544	,	1464	,10.0179,1999.9000,0.1386,2.2281,595567.3750,27.3673,604462.4375,1999.9000,
	2026/03/30 15:45:13	,	167544	,	1465	,10.0169,1999.9000,0.1386,2.3715,595458.3125,27.3663,604649.0625,1999.9000,
	2026/03/30 15:45:13	,	168544	,	1466	,10.0164,1999.9000,0.1349,2.4909,595355.2500,27.3685,604755.4375,1999.9000,
	2026/03/30 15:45:13	,	169544	,	1467	,10.0158,1999.9000,0.1313,2.6899,595335.3125,27.3703,604848.3750,1999.9000,
	2026/03/30 15:45:13	,	170544	,	1468	,10.0158,1999.9000,0.1280,2.8557,595320.6875,27.3718,604887.0000,1999.9000,
	2026/03/30 15:45:13	,	171544	,	1469	,10.0148,1999.9000,0.1238,2.9939,595143.1875,27.3731,605120.8125,1999.9000,
	2026/03/30 15:45:13	,	172544	,	1470	,10.0144,1999.9000,0.1158,3.1091,594794.6250,27.3742,605277.2500,1999.9000,
	2026/03/30 15:45:13	,	173544	,	1471	,10.0139,1999.9000,0.1086,3.2051,594784.7500,27.3750,605277.2500,1999.9000,
	2026/03/30 15:45:13	,	174544	,	1472	,10.0134,1999.9000,0.1053,3.2851,594781.5000,27.3758,605277.2500,1999.9000,
	2026/03/30 15:45:13	,	175544	,	1473	,10.0130,1999.9000,0.1053,3.3517,594779.8125,27.3733,605277.2500,1999.9000,
	2026/03/30 15:45:13	,	176544	,	1474	,10.0125,1999.9000,0.1053,3.4072,594778.8750,27.3697,605277.2500,1999.9000,
	2026/03/30 15:45:13	,	177544	,	1475	,10.0120,1999.9000,0.1053,3.4535,594778.1875,27.3668,605059.7500,1999.9000,
	2026/03/30 15:45:13	,	178544	,	1476	,10.0115,1999.9000,0.1053,3.4921,594892.3125,27.3643,604938.4375,1999.9000,
	2026/03/30 15:45:13	,	179544	,	1477	,10.0110,1999.9000,0.1056,3.5242,594910.8125,27.3622,604843.5625,1999.9000,
	2026/03/30 15:45:13	,	180544	,	1478	,10.0105,1999.9000,0.1090,3.4515,594924.5000,27.3590,604760.2500,1999.9000,
	2026/03/30 15:45:13	,	181544	,	1479	,10.0100,1999.9000,0.1100,3.0926,595079.3750,27.3548,604603.7500,1999.9000,
	2026/03/30 15:45:13	,	182544	,	1480	,10.0095,1999.9000,0.1166,2.6939,595435.6875,27.3512,604389.3750,1999.9000,
	2026/03/30 15:45:13	,	183544	,	1481	,10.0090,1999.9000,0.1209,2.3617,595547.7500,27.3483,604389.3750,1999.9000,
	2026/03/30 15:45:13	,	184544	,	1482	,10.0085,1999.9000,0.1209,1.6870,595547.7500,27.3459,604389.3750,1999.9000,
	2026/03/30 15:45:13	,	185544	,	1483	,10.0081,1999.9000,0.1209,1.5226,595547.7500,27.3453,604389.3750,1999.9000,
	2026/03/30 15:45:13	,	186544	,	1484	,10.0077,1999.9000,0.1209,1.7835,595547.7500,27.3480,604389.3750,1999.9000,
	2026/03/30 15:45:13	,	187544	,	1485	,10.0074,1999.9000,0.1209,2.0009,595547.7500,27.3502,604612.2500,1999.9000,
	2026/03/30 15:45:13	,	188544	,	1486	,10.0074,1999.9000,0.1166,2.1821,595398.7500,27.3520,604748.1250,1999.9000,
	2026/03/30 15:45:13	,	189544	,	1487	,10.0070,1999.9000,0.1128,1.5373,595367.8125,27.3535,604835.6875,1999.9000,
	2026/03/30 15:45:13	,	190544	,	1488	,10.0066,1999.9000,0.1095,1.1990,595345.5625,27.3548,604870.7500,1999.9000,
	2026/03/30 15:45:13	,	191544	,	1489	,10.0062,1999.9000,0.1062,1.3149,595211.0625,27.3589,605042.8750,1999.9000,
	2026/03/30 15:45:13	,	192544	,	1490	,10.0057,1999.9000,0.0995,1.4115,594912.6250,27.3624,605335.8125,1999.9000,
	2026/03/30 15:45:13	,	193544	,	1491	,10.0052,1999.9000,0.0915,1.4920,594711.8125,27.3652,605335.8125,1999.9000,
	2026/03/30 15:45:13	,	194544	,	1492	,10.0048,1999.9000,0.0871,1.3601,594711.8125,27.3675,605335.8125,1999.9000,
	2026/03/30 15:45:13	,	195544	,	1493	,10.0043,1999.9000,0.0871,1.2502,594711.8125,27.3741,605335.8125,1999.9000,
	2026/03/30 15:45:13	,	196544	,	1494	,10.0039,1999.9000,0.0871,1.1586,594711.8125,27.3719,605335.8125,1999.9000,
	2026/03/30 15:45:13	,	197544	,	1495	,10.0034,1999.9000,0.0871,1.0823,594711.8125,27.3671,605150.3750,1999.9000,
	2026/03/30 15:45:13	,	198544	,	1496	,10.0029,1999.9000,0.0871,1.2176,594869.1250,27.3630,604990.3125,1999.9000,
	2026/03/30 15:45:13	,	199544	,	1497	,10.0025,1999.9000,0.0900,1.4299,594898.2500,27.3597,604884.0625,1999.9000,
	2026/03/30 15:45:13	,	200544	,	1498	,10.0022,1999.9000,0.0928,1.9052,594914.1875,27.3569,604795.8750,1999.9000,
	2026/03/30 15:45:13	,	201544	,	1499	,10.0018,1999.9000,0.0952,2.3013,595012.6875,27.3545,604674.4375,1999.9000,
	2026/03/30 15:45:13	,	202544	,	1500	,10.0015,1999.9000,0.1003,2.6314,595303.4375,27.3525,604409.3125,1999.9000,
	2026/03/30 15:45:13	,	203544	,	1501	,10.0010,1999.9000,0.1069,2.9065,595598.3750,27.3509,604409.3125,1999.9000,
	2026/03/30 15:45:13	,	204544	,	1502	,10.0006,1999.9000,0.1069,2.9367,595598.3750,27.3509,604409.3125,1999.9000,
	2026/03/30 15:45:13	,	205544	,	1503	,10.0001,1999.9000,0.1069,2.9620,595598.3750,27.3496,604409.3125,1999.9000,
	2026/03/30 15:45:13	,	206544	,	1504	,9.9996,1999.9000,0.1069,2.8835,595598.3750,27.3475,604409.3125,1999.9000,
	2026/03/30 15:45:13	,	207544	,	1505	,9.9991,1999.9000,0.1069,2.8181,595598.3750,27.3475,604563.9375,1999.9000,
	2026/03/30 15:45:13	,	208544	,	1506	,9.9985,1999.9000,0.1046,2.6642,595415.4375,27.3498,604715.5000,1999.9000,
	2026/03/30 15:45:13	,	209544	,	1507	,9.9980,1999.9000,0.1005,2.5359,595321.3125,27.3517,604755.6875,1999.9000,
	2026/03/30 15:45:13	,	210544	,	1508	,9.9975,1999.9000,0.0968,2.4290,595305.8125,27.3502,604871.9375,1999.9000,
	2026/03/30 15:45:13	,	211544	,	1509	,9.9970,1999.9000,0.0935,2.3399,595287.3125,27.3490,604987.8750,1999.9000,
	2026/03/30 15:45:13	,	212544	,	1510	,9.9965,1999.9000,0.0879,2.2656,595031.7500,27.3510,605263.3125,1999.9000,
	2026/03/30 15:45:13	,	213544	,	1511	,9.9961,1999.9000,0.0793,2.2038,594672.4375,27.3527,605263.3125,1999.9000,
	2026/03/30 15:45:13	,	214544	,	1512	,9.9957,1999.9000,0.0729,2.1522,594672.4375,27.3525,605263.3125,1999.9000,
	2026/03/30 15:45:13	,	215544	,	1513	,9.9953,1999.9000,0.0721,2.1092,594672.4375,27.3523,605263.3125,1999.9000,
	2026/03/30 15:45:13	,	216544	,	1514	,9.9950,1999.9000,0.0719,1.9740,594672.4375,27.3523,605263.3125,1999.9000,
	2026/03/30 15:45:13	,	217544	,	1515	,9.9946,1999.9000,0.0717,1.7617,594672.4375,27.3523,605251.5625,1999.9000,
	2026/03/30 15:45:13	,	218544	,	1516	,9.9942,1999.9000,0.0717,1.5849,594810.6875,27.3522,605251.5625,1999.9000,
	2026/03/30 15:45:13	,	219544	,	1517	,9.9938,1999.9000,0.0716,1.4375,594917.3750,27.3521,605006.6250,1999.9000,
	2026/03/30 15:45:13	,	220544	,	1518	,9.9934,1999.9000,0.0718,1.3147,594927.5000,27.3536,604884.6250,1999.9000,
	2026/03/30 15:45:13	,	221544	,	1519	,9.9930,1999.9000,0.0721,1.2124,594937.1875,27.3549,604797.6250,1999.9000,
	2026/03/30 15:45:13	,	222544	,	1520	,9.9925,1999.9000,0.0767,0.8287,595143.1875,27.3559,604707.6875,1999.9000,
	2026/03/30 15:45:13	,	223544	,	1521	,9.9920,1999.9000,0.0833,0.6084,595520.8750,27.3568,604498.0625,1999.9000,
	2026/03/30 15:45:13	,	224544	,	1522	,9.9915,1999.9000,0.0868,0.4249,595520.8750,27.3529,604490.8125,1999.9000,
	2026/03/30 15:45:13	,	225544	,	1523	,9.9910,1999.9000,0.0868,0.2719,595520.8750,27.3497,604488.3750,1999.9000,
	2026/03/30 15:45:13	,	226544	,	1524	,9.9906,1999.9000,0.0868,0.3434,595520.8750,27.3470,604487.1875,1999.9000,
	2026/03/30 15:45:13	,	227544	,	1525	,9.9902,1999.9000,0.0868,0.4029,595520.8750,27.3463,604486.4375,1999.9000,
	2026/03/30 15:45:13	,	228544	,	1526	,9.9898,1999.9000,0.0868,0.2536,595516.6250,27.3488,604486.0000,1999.9000,
	2026/03/30 15:45:13	,	229544	,	1527	,9.9894,1999.9000,0.0833,0.0297,595367.8125,27.3508,604686.5000,1999.9000,
	2026/03/30 15:45:13	,	230544	,	1528	,9.9891,1999.9000,0.0800,-0.1569,595346.3125,27.3525,604795.8750,1999.9000,
	2026/03/30 15:45:13	,	231544	,	1529	,9.9887,1999.9000,0.0770,-0.2129,595328.1875,27.3539,604882.1875,1999.9000,
	2026/03/30 15:45:13	,	232544	,	1530	,9.9884,1999.9000,0.0731,-0.1601,595146.7500,27.3551,604917.8750,1999.9000,
	2026/03/30 15:45:13	,	233544	,	1531	,9.9880,1999.9000,0.0653,-0.1161,594797.0000,27.3561,605162.5000,1999.9000,
	2026/03/30 15:45:13	,	234544	,	1532	,9.9876,1999.9000,0.0586,0.1195,594771.9375,27.3570,605273.0000,1999.9000,
	2026/03/30 15:45:13	,	235544	,	1533	,9.9872,1999.9000,0.0561,0.3158,594763.6250,27.3561,605273.0000,1999.9000,
	2026/03/30 15:45:13	,	236544	,	1534	,9.9868,1999.9000,0.0561,0.4795,594759.3750,27.3554,605273.0000,1999.9000,
	2026/03/30 15:45:13	,	237544	,	1535	,9.9864,1999.9000,0.0561,0.6158,594756.9375,27.3548,605273.0000,1999.9000,
	2026/03/30 15:45:13	,	238544	,	1536	,9.9860,1999.9000,0.0561,0.7294,594755.3125,27.3544,605273.0000,1999.9000,
	2026/03/30 15:45:13	,	239544	,	1537	,9.9856,1999.9000,0.0561,1.0231,594883.3750,27.3539,605063.4375,1999.9000,
	2026/03/30 15:45:13	,	240544	,	1538	,9.9852,1999.9000,0.0564,1.0688,594906.0000,27.3536,604939.0000,1999.9000,
	2026/03/30 15:45:13	,	241544	,	1539	,9.9848,1999.9000,0.0590,1.0075,594920.6875,27.3579,604838.1250,1999.9000,
	2026/03/30 15:45:13	,	242544	,	1540	,9.9845,1999.9000,0.0599,0.9563,595059.1250,27.3615,604743.3125,1999.9000,
	2026/03/30 15:45:13	,	243544	,	1541	,9.9841,1999.9000,0.0663,0.8143,595390.4375,27.3645,604567.5000,1999.9000,
	2026/03/30 15:45:13	,	244544	,	1542	,9.9837,1999.9000,0.0716,0.6959,595542.3750,27.3670,604414.7500,1999.9000,
	2026/03/30 15:45:13	,	245544	,	1543	,9.9833,1999.9000,0.0716,0.2988,595542.3750,27.3690,604414.7500,1999.9000,
	2026/03/30 15:45:13	,	246544	,	1544	,9.9829,1999.9000,0.0716,-0.1316,595542.3750,27.3708,604414.7500,1999.9000,
	2026/03/30 15:45:13	,	247544	,	1545	,9.9826,1999.9000,0.0716,-0.3908,595542.3750,27.3722,604414.7500,1999.9000,
	2026/03/30 15:45:13	,	248544	,	1546	,9.9823,1999.9000,0.0716,-0.6068,595542.3750,27.3734,604414.7500,1999.9000,
	2026/03/30 15:45:13	,	249544	,	1547	,9.9820,1999.9000,0.0682,-0.4883,595542.3750,27.3753,604750.5000,1999.9000,
	2026/03/30 15:45:13	,	250544	,	1548	,9.9816,1999.9000,0.0644,-0.1907,595339.5000,27.3753,604750.5000,1999.9000,
	2026/03/30 15:45:13	,	251544	,	1549	,9.9812,1999.9000,0.0609,0.4553,595323.3125,27.3729,604834.5000,1999.9000,
	2026/03/30 15:45:13	,	252544	,	1550	,9.9809,1999.9000,0.0573,0.9935,595227.8125,27.3709,604872.2500,1999.9000,
	2026/03/30 15:45:13	,	253544	,	1551	,9.9805,1999.9000,0.0503,1.7405,594947.7500,27.3693,605074.3125,1999.9000,
	2026/03/30 15:45:13	,	254544	,	1552	,9.9801,1999.9000,0.0424,2.3630,594667.6875,27.3618,605349.6875,1999.9000,
	2026/03/30 15:45:13	,	255544	,	1553	,9.9797,1999.9000,0.0379,2.8818,594667.6875,27.3556,605349.6875,1999.9000,
	2026/03/30 15:45:13	,	256544	,	1554	,9.9793,1999.9000,0.0379,3.3141,594667.6875,27.3504,605349.6875,1999.9000,
	2026/03/30 15:45:13	,	257544	,	1555	,9.9789,1999.9000,0.0379,3.3759,594667.6875,27.3461,605349.6875,1999.9000,
	2026/03/30 15:45:13	,	258544	,	1556	,9.9785,1999.9000,0.0379,3.4274,594667.6875,27.3471,605349.6875,1999.9000,
	2026/03/30 15:45:13	,	259544	,	1557	,9.9780,1999.9000,0.0379,3.2714,594823.1875,27.3479,605109.9375,1999.9000,
	2026/03/30 15:45:13	,	260544	,	1558	,9.9776,1999.9000,0.0383,3.0419,594858.6875,27.3501,604947.4375,1999.9000,
	2026/03/30 15:45:13	,	261544	,	1559	,9.9772,1999.9000,0.0414,2.5522,594879.0625,27.3535,604849.6250,1999.9000,
	2026/03/30 15:45:13	,	262544	,	1560	,9.9769,1999.9000,0.0421,2.1441,594879.0625,27.3532,604767.4375,1999.9000,
	2026/03/30 15:45:13	,	263544	,	1561	,9.9765,1999.9000,0.0473,1.8041,594981.6875,27.3530,604641.8750,1999.9000,
	2026/03/30 15:45:13	,	264544	,	1562	,9.9762,1999.9000,0.0537,1.5207,595253.9375,27.3559,604371.8125,1999.9000,
	2026/03/30 15:45:13	,	265544	,	1563	,9.9759,1999.9000,0.0537,1.2846,595614.5000,27.3583,604371.8125,1999.9000,
	2026/03/30 15:45:13	,	266544	,	1564	,9.9755,1999.9000,0.0537,1.0878,595614.5000,27.3603,604371.8125,1999.9000,
	2026/03/30 15:45:13	,	267544	,	1565	,9.9752,1999.9000,0.0537,0.9238,595614.5000,27.3589,604371.8125,1999.9000,
	2026/03/30 15:45:13	,	268544	,	1566	,9.9748,1999.9000,0.0537,0.7872,595614.5000,27.3562,604371.8125,1999.9000,
	2026/03/30 15:45:13	,	269544	,	1567	,9.9745,1999.9000,0.0536,0.6733,595614.5000,27.3539,604572.3750,1999.9000,
	2026/03/30 15:45:13	,	270544	,	1568	,9.9742,1999.9000,0.0494,0.5784,595427.3750,27.3521,604719.7500,1999.9000,
	2026/03/30 15:45:13	,	271544	,	1569	,9.9739,1999.9000,0.0463,0.4993,595322.5000,27.3505,604817.0000,1999.9000,
	2026/03/30 15:45:13	,	272544	,	1570	,9.9736,1999.9000,0.0435,0.6323,595303.3750,27.3508,604849.9375,1999.9000,
	2026/03/30 15:45:13	,	273544	,	1571	,9.9733,1999.9000,0.0380,0.7432,595286.1250,27.3494,604993.9375,1999.9000,
	2026/03/30 15:45:13	,	274544	,	1572	,9.9729,1999.9000,0.0293,0.6367,595069.2500,27.3499,605282.6875,1999.9000,
	2026/03/30 15:45:13	,	275544	,	1573	,9.9726,1999.9000,0.0228,0.3489,594717.1875,27.3548,605282.6875,1999.9000,
	2026/03/30 15:45:13	,	276544	,	1574	,9.9723,1999.9000,0.0223,0.1091,594717.1875,27.3650,605282.6875,1999.9000,
	2026/03/30 15:45:13	,	277544	,	1575	,9.9720,1999.9000,0.0221,-0.0907,594717.1875,27.3735,605282.6875,1999.9000,
	2026/03/30 15:45:13	,	278544	,	1576	,9.9717,1999.9000,0.0220,-0.2572,594717.1875,27.3745,605282.6875,1999.9000,
	2026/03/30 15:45:13	,	279544	,	1577	,9.9714,1999.9000,0.0220,-0.0976,594717.1875,27.3722,605178.7500,1999.9000,
	2026/03/30 15:45:13	,	280544	,	1578	,9.9712,1999.9000,0.0220,0.0355,594797.5625,27.3704,605015.1250,1999.9000,
	2026/03/30 15:45:13	,	281544	,	1579	,9.9710,1999.9000,0.0222,-0.1521,594908.3750,27.3688,604907.6250,1999.9000,
	2026/03/30 15:45:13	,	282544	,	1580	,9.9707,1999.9000,0.0247,-0.4078,594922.6875,27.3675,604812.7500,1999.9000,
	2026/03/30 15:45:13	,	283544	,	1581	,9.9703,1999.9000,0.0276,-0.7204,594935.8125,27.3665,604712.5000,1999.9000,
	2026/03/30 15:45:13	,	284544	,	1582	,9.9700,1999.9000,0.0338,-0.8815,595133.6250,27.3656,604473.3125,1999.9000,
	2026/03/30 15:45:13	,	285544	,	1583	,9.9696,1999.9000,0.0360,-0.9162,595495.8750,27.3648,604473.3125,1999.9000,
	2026/03/30 15:45:13	,	286544	,	1584	,9.9693,1999.9000,0.0360,-0.9451,595495.8750,27.3642,604473.3125,1999.9000,
	2026/03/30 15:45:13	,	287544	,	1585	,9.9690,1999.9000,0.0360,-0.9692,595495.8750,27.3637,604473.3125,1999.9000,
	2026/03/30 15:45:13	,	288544	,	1586	,9.9687,1999.9000,0.0360,-0.9893,595495.8750,27.3602,604473.3125,1999.9000,
	2026/03/30 15:45:13	,	289544	,	1587	,9.9685,1999.9000,0.0360,-1.0061,595495.8750,27.3573,604481.8750,1999.9000,
	2026/03/30 15:45:13	,	290544	,	1588	,9.9682,1999.9000,0.0324,-0.2242,595494.3750,27.3549,604705.2500,1999.9000,
	2026/03/30 15:45:13	,	291544	,	1589	,9.9680,1999.9000,0.0295,0.4273,595366.5625,27.3559,604806.7500,1999.9000,
	2026/03/30 15:45:13	,	292544	,	1590	,9.9677,1999.9000,0.0270,0.9702,595340.3750,27.3568,604844.5000,1999.9000,
	2026/03/30 15:45:13	,	293544	,	1591	,9.9674,1999.9000,0.0270,0.9702,595322.1250,27.3575,604964.9375,1999.9000,
	2026/03/30 15:45:13	,	294544	,	1592	,9.9672,1999.9000,0.0156,2.2308,595159.2500,27.3581,605189.6250,1999.9000,
	2026/03/30 15:45:13	,	295544	,	1593	,9.9669,1999.9000,0.0089,2.4731,594839.2500,27.3601,605212.9375,1999.9000,
	2026/03/30 15:45:13	,	296544	,	1594	,9.9666,1999.9000,0.0063,2.4762,594738.6250,27.3618,605220.6250,1999.9000,
	2026/03/30 15:45:13	,	297544	,	1595	,9.9663,1999.9000,0.0063,2.2797,594738.6250,27.3632,605224.5625,1999.9000,
	2026/03/30 15:45:13	,	298544	,	1596	,9.9660,1999.9000,0.0063,2.1160,594738.6250,27.3644,605226.8750,1999.9000,
	2026/03/30 15:45:13	,	299544	,	1597	,9.9658,1999.9000,0.0063,1.9796,594738.6250,27.3654,605228.4375,1999.9000,
	2026/03/30 15:45:13	,	300544	,	1598	,9.9656,1999.9000,0.0063,1.8659,594738.6250,27.3677,605037.4375,1999.9000,
	2026/03/30 15:45:13	,	301544	,	1599	,9.9654,1999.9000,0.0063,2.0696,594885.7500,27.3696,604917.2500,1999.9000,
	2026/03/30 15:45:13	,	302544	,	1600	,9.9652,1999.9000,0.0066,1.6425,594910.7500,27.3713,604826.6875,1999.9000,
	2026/03/30 15:45:13	,	303544	,	1601	,9.9649,1999.9000,0.0069,1.2866,594926.2500,27.3726,604745.1250,1999.9000,
	2026/03/30 15:45:13	,	304544	,	1602	,9.9645,1999.9000,0.0103,0.9900,595043.6250,27.3738,604566.9375,1999.9000,
	2026/03/30 15:45:13	,	305544	,	1603	,9.9643,1999.9000,0.0160,0.7429,595366.5625,27.3762,604440.6875,1999.9000,
	2026/03/30 15:45:13	,	306544	,	1604	,9.9640,1999.9000,0.0199,1.1337,595551.8750,27.3798,604440.6875,1999.9000,
	2026/03/30 15:45:13	,	307544	,	1605	,9.9637,1999.9000,0.0199,1.4595,595551.8750,27.3828,604440.6875,1999.9000,
	2026/03/30 15:45:13	,	308544	,	1606	,9.9635,1999.9000,0.0199,1.7309,595551.8750,27.3853,604440.6875,1999.9000,
	2026/03/30 15:45:13	,	309544	,	1607	,9.9632,1999.9000,0.0199,1.9571,595551.8750,27.3858,604440.6875,1999.9000,
	2026/03/30 15:45:13	,	310544	,	1608	,9.9630,1999.9000,0.0199,1.8472,595551.8750,27.3817,604646.6875,1999.9000,
	2026/03/30 15:45:13	,	311544	,	1609	,9.9627,1999.9000,0.0158,2.0540,595383.2500,27.3783,604756.5625,1999.9000,
	2026/03/30 15:45:13	,	312544	,	1610	,9.9624,1999.9000,0.0121,2.2264,595349.0000,27.3769,604797.0625,1999.9000,
	2026/03/30 15:45:13	,	313544	,	1611	,9.9621,1999.9000,0.0090,2.3700,595332.6250,27.3743,604922.6875,1999.9000,
	2026/03/30 15:45:13	,	314544	,	1612	,9.9619,1999.9000,0.0059,2.4897,595314.0000,27.3706,605110.5625,1999.9000,
	2026/03/30 15:45:13	,	315544	,	1613	,9.9617,1999.9000,-0.0009,2.3904,595003.1250,27.3629,605309.8125,1999.9000,
	2026/03/30 15:45:13	,	316544	,	1614	,9.9615,1999.9000,-0.0085,2.5067,594652.8125,27.3565,605309.8125,1999.9000,
	2026/03/30 15:45:13	,	317544	,	1615	,9.9613,1999.9000,-0.0124,2.4047,594652.8125,27.3511,605309.8125,1999.9000,
	2026/03/30 15:45:13	,	318544	,	1616	,9.9610,1999.9000,-0.0124,2.3196,594652.8125,27.3512,605309.8125,1999.9000,
	2026/03/30 15:45:13	,	319544	,	1617	,9.9607,1999.9000,-0.0124,2.2488,594652.8125,27.3468,605309.8125,1999.9000,
	2026/03/30 15:45:13	,	320544	,	1618	,9.9605,1999.9000,-0.0124,2.1897,594652.8125,27.3431,605071.2500,1999.9000,
	2026/03/30 15:45:13	,	321544	,	1619	,9.9602,1999.9000,-0.0124,2.1405,594828.0000,27.3369,604940.1875,1999.9000,
	2026/03/30 15:45:13	,	322544	,	1620	,9.9600,1999.9000,-0.0120,2.0995,594928.1250,27.3318,604852.0000,1999.9000,
	2026/03/30 15:45:13	,	323544	,	1621	,9.9597,1999.9000,-0.0084,2.0653,594945.0625,27.3306,604816.3750,1999.9000,
	2026/03/30 15:45:13	,	324544	,	1622	,9.9595,1999.9000,-0.0075,1.9373,594964.8125,27.3326,604654.5000,1999.9000,
	2026/03/30 15:45:13	,	325544	,	1623	,9.9593,1999.9000,-0.0015,1.5323,595245.6875,27.3343,604365.1875,1999.9000,
	2026/03/30 15:45:13	,	326544	,	1624	,9.9591,1999.9000,0.0050,1.0953,595613.2500,27.3342,604365.1875,1999.9000,
	2026/03/30 15:45:13	,	327544	,	1625	,9.9589,1999.9000,0.0050,0.7311,595613.2500,27.3341,604365.1875,1999.9000,
	2026/03/30 15:45:13	,	328544	,	1626	,9.9587,1999.9000,0.0050,0.2287,595613.2500,27.3355,604365.1875,1999.9000,
	2026/03/30 15:45:13	,	329544	,	1627	,9.9585,1999.9000,0.0050,-0.2895,595613.2500,27.3355,604365.1875,1999.9000,
	2026/03/30 15:45:13	,	330544	,	1628	,9.9583,1999.9000,0.0050,-0.7213,595613.2500,27.3367,604580.2500,1999.9000,
	2026/03/30 15:45:13	,	331544	,	1629	,9.9581,1999.9000,0.0047,-0.9817,595447.0000,27.3393,604722.1250,1999.9000,
	2026/03/30 15:45:13	,	332544	,	1630	,9.9579,1999.9000,-0.0007,-0.9997,595340.9375,27.3429,604810.9375,1999.9000,
	2026/03/30 15:45:13	,	333544	,	1631	,9.9577,1999.9000,-0.0039,-0.8158,595323.3750,27.3521,604897.9375,1999.9000,
	2026/03/30 15:45:13	,	334544	,	1632	,9.9575,1999.9000,-0.0065,-0.4635,595311.1250,27.3597,605038.0625,1999.9000,
	2026/03/30 15:45:13	,	335544	,	1633	,9.9573,1999.9000,-0.0117,-0.0706,595119.9375,27.3660,605331.6250,1999.9000,
	2026/03/30 15:45:13	,	336544	,	1634	,9.9571,1999.9000,-0.0197,0.5554,594766.0000,27.3757,605331.6250,1999.9000,
	2026/03/30 15:45:13	,	337544	,	1635	,9.9569,1999.9000,-0.0258,1.0770,594766.0000,27.3757,605331.6250,1999.9000,
	2026/03/30 15:45:13	,	338544	,	1636	,9.9567,1999.9000,-0.0258,1.5116,594766.0000,27.3809,605331.6250,1999.9000,
	2026/03/30 15:45:13	,	339544	,	1637	,9.9567,1999.9000,-0.0258,1.8738,594766.0000,27.3852,605331.6250,1999.9000,
	2026/03/30 15:45:13	,	340544	,	1638	,9.9563,1999.9000,-0.0258,2.1757,594766.0000,27.3889,605142.5000,1999.9000,
	2026/03/30 15:45:13	,	341544	,	1639	,9.9561,1999.9000,-0.0258,2.4272,594769.3125,27.3904,604977.0625,1999.9000,
	2026/03/30 15:45:13	,	342544	,	1640	,9.9559,1999.9000,-0.0256,2.6369,594903.6250,27.3901,604876.7500,1999.9000,
	2026/03/30 15:45:13	,	343544	,	1641	,9.9556,1999.9000,-0.0229,2.4136,594921.5000,27.3898,604791.0625,1999.9000,
	2026/03/30 15:45:13	,	344544	,	1642	,9.9554,1999.9000,-0.0223,2.2276,594932.4375,27.3911,604682.3125,1999.9000,
	2026/03/30 15:45:13	,	345544	,	1643	,9.9552,1999.9000,-0.0188,2.2276,595094.8750,27.3922,604423.1250,1999.9000,
	2026/03/30 15:45:13	,	346544	,	1644	,9.9549,1999.9000,-0.0125,1.6747,595447.6250,27.3916,604423.1250,1999.9000,
	2026/03/30 15:45:13	,	347544	,	1645	,9.9547,1999.9000,-0.0103,1.6119,595477.6875,27.3881,604423.1250,1999.9000,
	2026/03/30 15:45:13	,	348544	,	1646	,9.9545,1999.9000,-0.0103,1.9574,595487.6875,27.3836,604423.1250,1999.9000,
	2026/03/30 15:45:13	,	349544	,	1647	,9.9544,1999.9000,-0.0103,2.2453,595492.6875,27.3783,604423.1250,1999.9000,
	2026/03/30 15:45:13	,	350544	,	1648	,9.9541,1999.9000,-0.0103,1.7889,595495.6875,27.3739,604539.1250,1999.9000,
	2026/03/30 15:45:13	,	351544	,	1649	,9.9539,1999.9000,-0.0103,1.9060,595497.6875,27.3702,604704.6250,1999.9000,
	2026/03/30 15:45:13	,	352544	,	1650	,9.9537,1999.9000,-0.0142,2.0035,595352.3125,27.3641,604745.0625,1999.9000,
	2026/03/30 15:45:13	,	353544	,	1651	,9.9536,1999.9000,-0.0179,2.0848,595318.6250,27.3530,604854.4375,1999.9000,
	2026/03/30 15:45:13	,	354544	,	1652	,9.9534,1999.9000,-0.0211,2.1526,595300.8750,27.3436,604949.8750,1999.9000,
	2026/03/30 15:45:13	,	355544	,	1653	,9.9532,1999.9000,-0.0255,2.2090,595186.0625,27.3420,605216.2500,1999.9000,
	2026/03/30 15:45:13	,	356544	,	1654	,9.9531,1999.9000,-0.0337,2.2560,594891.7500,27.3421,605219.1875,1999.9000,
	2026/03/30 15:45:13	,	357544	,	1655	,9.9529,1999.9000,-0.0403,2.2952,594718.3125,27.3422,605220.2500,1999.9000,
	2026/03/30 15:45:13	,	358544	,	1656	,9.9528,1999.9000,-0.0412,2.3279,594718.3125,27.3423,605220.7500,1999.9000,
	2026/03/30 15:45:13	,	359544	,	1657	,9.9526,1999.9000,-0.0415,2.3551,594718.3125,27.3424,605221.0625,1999.9000,
	2026/03/30 15:45:13	,	360544	,	1658	,9.9524,1999.9000,-0.0417,2.4773,594718.3125,27.3425,605221.2500,1999.9000,
	2026/03/30 15:45:13	,	361544	,	1659	,9.9523,1999.9000,-0.0418,2.6786,594718.3125,27.3425,605017.5000,1999.9000,
	2026/03/30 15:45:13	,	362544	,	1660	,9.9521,1999.9000,-0.0418,2.8463,594865.5000,27.3426,604894.8750,1999.9000,
	2026/03/30 15:45:13	,	363544	,	1661	,9.9520,1999.9000,-0.0416,2.9861,594893.8125,27.3518,604806.1250,1999.9000,
	2026/03/30 15:45:13	,	364544	,	1662	,9.9518,1999.9000,-0.0387,3.1026,594909.8125,27.3595,604766.2500,1999.9000,
	2026/03/30 15:45:13	,	365544	,	1663	,9.9516,1999.9000,-0.0363,3.1996,595010.2500,27.3659,604531.3125,1999.9000,
	2026/03/30 15:45:13	,	366544	,	1664	,9.9514,1999.9000,-0.0302,3.2805,595308.8125,27.3605,604500.5000,1999.9000,
	2026/03/30 15:45:13	,	367544	,	1665	,9.9513,1999.9000,-0.0248,3.3479,595572.7500,27.3560,604490.2500,1999.9000,
	2026/03/30 15:45:13	,	368544	,	1666	,9.9511,1999.9000,-0.0248,3.3046,595572.7500,27.3492,604485.1250,1999.9000,
	2026/03/30 15:45:13	,	369544	,	1667	,9.9510,1999.9000,-0.0248,3.2685,595572.7500,27.3436,604482.0625,1999.9000,
	2026/03/30 15:45:13	,	370544	,	1668	,9.9508,1999.9000,-0.0248,2.7411,595572.7500,27.3419,604480.0000,1999.9000,
	2026/03/30 15:45:13	,	371544	,	1669	,9.9507,1999.9000,-0.0248,2.3015,595572.7500,27.3512,604672.6250,1999.9000,
	2026/03/30 15:45:13	,	372544	,	1670	,9.9505,1999.9000,-0.0273,2.0347,595403.5625,27.3499,604672.6250,1999.9000,
	2026/03/30 15:45:13	,	373544	,	1671	,9.9504,1999.9000,-0.0308,2.0114,595316.5625,27.3472,604781.9375,1999.9000,
	2026/03/30 15:45:13	,	374544	,	1672	,9.9503,1999.9000,-0.0337,1.8924,595301.3750,27.3449,604867.7500,1999.9000,
	2026/03/30 15:45:13	,	375544	,	1673	,9.9502,1999.9000,-0.0367,1.8927,595281.2500,27.3430,604904.5000,1999.9000,
	2026/03/30 15:45:13	,	376544	,	1674	,9.9501,1999.9000,-0.0435,1.8930,595018.6250,27.3415,605131.6875,1999.9000,
	2026/03/30 15:45:13	,	377544	,	1675	,9.9499,1999.9000,-0.0508,1.7938,594670.0625,27.3402,605288.7500,1999.9000,
	2026/03/30 15:45:13	,	378544	,	1676	,9.9498,1999.9000,-0.0547,1.7111,594670.0625,27.3406,605288.7500,1999.9000,
	2026/03/30 15:45:13	,	379544	,	1677	,9.9497,1999.9000,-0.0547,1.7416,594670.0625,27.3410,605288.7500,1999.9000,
	2026/03/30 15:45:13	,	380544	,	1678	,9.9497,1999.9000,-0.0547,1.7671,594670.0625,27.3413,605288.7500,1999.9000,
	2026/03/30 15:45:13	,	381544	,	1679	,9.9496,1999.9000,-0.0547,1.6888,594670.0625,27.3415,605288.7500,1999.9000,
	2026/03/30 15:45:13	,	382544	,	1680	,9.9495,1999.9000,-0.0547,1.3252,594817.8750,27.3417,605070.6250,1999.9000,
	2026/03/30 15:45:13	,	383544	,	1681	,9.9493,1999.9000,-0.0523,0.7237,594906.0000,27.3434,604938.4375,1999.9000,
	2026/03/30 15:45:13	,	384544	,	1682	,9.9491,1999.9000,-0.0513,0.1231,594918.8125,27.3464,604844.1875,1999.9000,
	2026/03/30 15:45:13	,	385544	,	1683	,9.9490,1999.9000,-0.0489,-0.4770,594938.8125,27.3534,604760.2500,1999.9000,
	2026/03/30 15:45:13	,	386544	,	1684	,9.9488,1999.9000,-0.0443,-0.9770,595186.6875,27.3608,604600.8125,1999.9000,
	2026/03/30 15:45:13	,	387544	,	1685	,9.9487,1999.9000,-0.0383,-1.3937,595550.1250,27.3670,604408.0625,1999.9000,
	2026/03/30 15:45:13	,	388544	,	1686	,9.9486,1999.9000,-0.0383,-1.8404,595550.1250,27.3721,604408.0625,1999.9000,
	2026/03/30 15:45:13	,	389544	,	1687	,9.9484,1999.9000,-0.0383,-2.2127,595550.1250,27.3764,604408.0625,1999.9000,
	2026/03/30 15:45:13	,	390544	,	1688	,9.9483,1999.9000,-0.0383,-2.4234,595550.1250,27.3799,604408.0625,1999.9000,
	2026/03/30 15:45:13	,	391544	,	1689	,9.9482,1999.9000,-0.0383,-2.4996,595550.1250,27.3829,604408.0625,1999.9000,
	2026/03/30 15:45:13	,	392544	,	1690	,9.9481,1999.9000,-0.0385,-2.4636,595537.3125,27.3854,604617.0625,1999.9000,
	2026/03/30 15:45:13	,	393544	,	1691	,9.9480,1999.9000,-0.0431,-2.0357,595358.8125,27.3874,604747.5625,1999.9000,
	2026/03/30 15:45:13	,	394544	,	1692	,9.9479,1999.9000,-0.0461,-1.6791,595336.8125,27.3891,604837.5625,1999.9000,
	2026/03/30 15:45:13	,	395544	,	1693	,9.9478,1999.9000,-0.0485,-1.1830,595319.5625,27.3952,604871.3750,1999.9000,
	2026/03/30 15:45:13	,	396544	,	1694	,9.9477,1999.9000,-0.0538,-0.7695,595126.4375,27.4017,605045.9375,1999.9000,
	2026/03/30 15:45:13	,	397544	,	1695	,9.9477,1999.9000,-0.0617,-0.3256,594774.9375,27.4072,605350.3125,1999.9000,
	2026/03/30 15:45:13	,	398544	,	1696	,9.9476,1999.9000,-0.0673,0.0444,594770.1875,27.4117,605350.3125,1999.9000,
	2026/03/30 15:45:13	,	399544	,	1697	,9.9475,1999.9000,-0.0673,0.3528,594768.6250,27.4140,605350.3125,1999.9000,
	2026/03/30 15:45:13	,	400544	,	1698	,9.9474,1999.9000,-0.0673,0.5102,594767.8125,27.4113,605350.3125,1999.9000,
	2026/03/30 15:45:13	,	401544	,	1699	,9.9474,1999.9000,-0.0673,0.6415,594767.3125,27.4029,605350.3125,1999.9000,
	2026/03/30 15:45:13	,	402544	,	1700	,9.9473,1999.9000,-0.0673,0.7508,594767.0000,27.3929,605128.0625,1999.9000,
	2026/03/30 15:45:13	,	403544	,	1701	,9.9472,1999.9000,-0.0671,1.0409,594896.5000,27.3845,604970.3750,1999.9000,
	2026/03/30 15:45:13	,	404544	,	1702	,9.9471,1999.9000,-0.0638,1.2826,594918.2500,27.3776,604870.1250,1999.9000,
	2026/03/30 15:45:13	,	405544	,	1703	,9.9469,1999.9000,-0.0630,1.4841,594929.0625,27.3718,604829.6875,1999.9000,
	2026/03/30 15:45:13	,	406544	,	1704	,9.9469,1999.9000,-0.0587,1.4530,595068.6875,27.3669,604672.6250,1999.9000,
	2026/03/30 15:45:13	,	407544	,	1705	,9.9468,1999.9000,-0.0524,1.4271,595426.7500,27.3629,604411.0625,1999.9000,
	2026/03/30 15:45:13	,	408544	,	1706	,9.9467,1999.9000,-0.0515,1.4055,595526.8750,27.3596,604411.0625,1999.9000,
	2026/03/30 15:45:13	,	409544	,	1707	,9.9466,1999.9000,-0.0512,1.2880,595526.8750,27.3568,604411.0625,1999.9000,
	2026/03/30 15:45:13	,	410544	,	1708	,9.9466,1999.9000,-0.0510,1.1901,595526.8750,27.3560,604411.0625,1999.9000,
	2026/03/30 15:45:13	,	411544	,	1709	,9.9465,1999.9000,-0.0509,1.1086,595526.8750,27.3553,604411.0625,1999.9000,
	2026/03/30 15:45:13	,	412544	,	1710	,9.9464,1999.9000,-0.0509,0.9411,595526.8750,27.3578,604562.6875,1999.9000,
	2026/03/30 15:45:13	,	413544	,	1711	,9.9463,1999.9000,-0.0540,0.7021,595380.3125,27.3584,604716.7500,1999.9000,
	2026/03/30 15:45:13	,	414544	,	1712	,9.9462,1999.9000,-0.0572,0.7019,595355.6250,27.3588,604803.0625,1999.9000,
	2026/03/30 15:45:13	,	415544	,	1713	,9.9461,1999.9000,-0.0598,0.7017,595340.1875,27.3577,604842.9375,1999.9000,
	2026/03/30 15:45:13	,	416544	,	1714	,9.9461,1999.9000,-0.0641,0.7015,595211.0625,27.3583,604989.1250,1999.9000,
	2026/03/30 15:45:13	,	417544	,	1715	,9.9460,1999.9000,-0.0719,0.7014,594906.6250,27.3602,605249.4375,1999.9000,
	2026/03/30 15:45:13	,	418544	,	1716	,9.9459,1999.9000,-0.0783,1.0992,594700.4375,27.3619,605249.4375,1999.9000,
	2026/03/30 15:45:13	,	419544	,	1717	,9.9459,1999.9000,-0.0784,1.4307,594700.4375,27.3633,605249.4375,1999.9000,
	2026/03/30 15:45:13	,	420544	,	1718	,9.9459,1999.9000,-0.0784,1.7069,594700.4375,27.3645,605249.4375,1999.9000,
	2026/03/30 15:45:13	,	421544	,	1719	,9.9458,1999.9000,-0.0784,1.9371,594700.4375,27.3654,605249.4375,1999.9000,
	2026/03/30 15:45:13	,	422544	,	1720	,9.9458,1999.9000,-0.0784,2.1289,594700.4375,27.3662,605236.6250,1999.9000,
	2026/03/30 15:45:13	,	423544	,	1721	,9.9458,1999.9000,-0.0784,2.1893,594865.5000,27.3639,604984.9375,1999.9000,
	2026/03/30 15:45:13	,	424544	,	1722	,9.9458,1999.9000,-0.0761,2.1402,594905.1250,27.3649,604884.0625,1999.9000,
	2026/03/30 15:45:13	,	425544	,	1723	,9.9457,1999.9000,-0.0753,1.7013,594924.2500,27.3659,604845.6250,1999.9000,
	2026/03/30 15:45:13	,	426544	,	1724	,9.9457,1999.9000,-0.0722,1.2361,595021.0000,27.3666,604727.0000,1999.9000,
	2026/03/30 15:45:13	,	427544	,	1725	,9.9457,1999.9000,-0.0662,0.8485,595301.6875,27.3626,604508.9375,1999.9000,
	2026/03/30 15:45:13	,	428544	,	1726	,9.9456,1999.9000,-0.0608,0.5254,595588.8750,27.3593,604493.2500,1999.9000,
	2026/03/30 15:45:13	,	429544	,	1727	,9.9454,1999.9000,-0.0608,0.3557,595588.8750,27.3566,604488.0000,1999.9000,
	2026/03/30 15:45:13	,	430544	,	1728	,9.9453,1999.9000,-0.0608,0.2142,595588.8750,27.3542,604485.3125,1999.9000,
	2026/03/30 15:45:13	,	431544	,	1729	,9.9452,1999.9000,-0.0608,0.0964,595588.8750,27.3569,604483.7500,1999.9000,
	2026/03/30 15:45:13	,	432544	,	1730	,9.9451,1999.9000,-0.0608,-0.0018,595588.8750,27.3607,604482.7500,1999.9000,
	2026/03/30 15:45:13	,	433544	,	1731	,9.9451,1999.9000,-0.0639,-0.0837,595413.0625,27.3699,604675.0625,1999.9000,
	2026/03/30 15:45:13	,	434544	,	1732	,9.9451,1999.9000,-0.0674,0.1465,595375.2500,27.3776,604781.3125,1999.9000,
	2026/03/30 15:45:13	,	435544	,	1733	,9.9451,1999.9000,-0.0702,0.3384,595354.9375,27.3901,604868.9375,1999.9000,
	2026/03/30 15:45:13	,	436544	,	1734	,9.9451,1999.9000,-0.0732,0.5977,595267.0625,27.4005,604958.3125,1999.9000,
	2026/03/30 15:45:13	,	437544	,	1735	,9.9451,1999.9000,-0.0799,0.8138,595057.3750,27.4092,605182.4375,1999.9000,
	2026/03/30 15:45:13	,	438544	,	1736	,9.9451,1999.9000,-0.0866,0.9939,594713.0000,27.4165,605219.5625,1999.9000,
	2026/03/30 15:45:13	,	439544	,	1737	,9.9451,1999.9000,-0.0891,1.1440,594713.0000,27.4225,605231.9375,1999.9000,
	2026/03/30 15:45:13	,	440544	,	1738	,9.9451,1999.9000,-0.0891,0.7717,594713.0000,27.4184,605238.1250,1999.9000,
	2026/03/30 15:45:13	,	441544	,	1739	,9.9451,1999.9000,-0.0891,0.4614,594713.0000,27.4150,605241.8750,1999.9000,
	2026/03/30 15:45:13	,	442544	,	1740	,9.9451,1999.9000,-0.0891,0.2029,594713.0000,27.4121,605244.3125,1999.9000,
	2026/03/30 15:45:13	,	443544	,	1741	,9.9451,1999.9000,-0.0891,-0.0125,594824.3750,27.4097,605041.6250,1999.9000,
	2026/03/30 15:45:13	,	444544	,	1742	,9.9451,1999.9000,-0.0866,-0.1921,594915.0000,27.4046,604916.0000,1999.9000,
	2026/03/30 15:45:13	,	445544	,	1743	,9.9451,1999.9000,-0.0855,-0.3417,594924.8125,27.4004,604820.6250,1999.9000,
	2026/03/30 15:45:13	,	446544	,	1744	,9.9451,1999.9000,-0.0825,-0.4664,594935.8125,27.3969,604732.3750,1999.9000,
	2026/03/30 15:45:13	,	447544	,	1745	,9.9450,1999.9000,-0.0771,-0.5703,595147.9375,27.3894,604547.5625,1999.9000,
	2026/03/30 15:45:13	,	448544	,	1746	,9.9450,1999.9000,-0.0709,-0.7564,595531.6250,27.3801,604432.2500,1999.9000,
	2026/03/30 15:45:13	,	449544	,	1747	,9.9450,1999.9000,-0.0709,-0.8119,595531.6250,27.3755,604432.2500,1999.9000,
	2026/03/30 15:45:13	,	450544	,	1748	,9.9450,1999.9000,-0.0709,-0.8582,595531.6250,27.3685,604432.2500,1999.9000,
	2026/03/30 15:45:13	,	451544	,	1749	,9.9450,1999.9000,-0.0709,-0.9963,595531.6250,27.3627,604432.2500,1999.9000,
	2026/03/30 15:45:13	,	452544	,	1750	,9.9450,1999.9000,-0.0709,-1.1114,595531.6250,27.3548,604432.2500,1999.9000,
	2026/03/30 15:45:13	,	453544	,	1751	,9.9451,1999.9000,-0.0712,-1.2073,595524.5000,27.3482,604638.1875,1999.9000,
	2026/03/30 15:45:13	,	454544	,	1752	,9.9451,1999.9000,-0.0758,-1.2872,595368.3750,27.3482,604759.6250,1999.9000,
	2026/03/30 15:45:13	,	455544	,	1753	,9.9451,1999.9000,-0.0788,-1.3537,595347.5625,27.3427,604847.1875,1999.9000,
	2026/03/30 15:45:13	,	456544	,	1754	,9.9451,1999.9000,-0.0818,-1.3098,595331.8750,27.3382,604883.1250,1999.9000,
	2026/03/30 15:45:13	,	457544	,	1755	,9.9450,1999.9000,-0.0876,-1.1736,595161.6250,27.3374,605072.5000,1999.9000,
	2026/03/30 15:45:13	,	458544	,	1756	,9.9450,1999.9000,-0.0955,-0.9607,594828.0000,27.3398,605340.6250,1999.9000,
	2026/03/30 15:45:13	,	459544	,	1757	,9.9450,1999.9000,-0.0997,-0.7833,594791.9375,27.3434,605340.6250,1999.9000,
	2026/03/30 15:45:13	,	460544	,	1758	,9.9450,1999.9000,-0.0997,-0.4365,594779.8750,27.3463,605340.6250,1999.9000,
	2026/03/30 15:45:13	,	461544	,	1759	,9.9450,1999.9000,-0.0997,-0.1475,594773.9375,27.3488,605340.6250,1999.9000,
	2026/03/30 15:45:13	,	462544	,	1760	,9.9450,1999.9000,-0.0997,-0.0061,594770.3125,27.3508,605340.6250,1999.9000,
	2026/03/30 15:45:13	,	463544	,	1761	,9.9449,1999.9000,-0.0997,0.2112,594767.8750,27.3596,605103.3125,1999.9000,
	2026/03/30 15:45:13	,	464544	,	1762	,9.9449,1999.9000,-0.0969,0.3922,594879.8125,27.3596,604942.0000,1999.9000,
	2026/03/30 15:45:13	,	465544	,	1763	,9.9449,1999.9000,-0.0958,0.4437,594900.6875,27.3629,604832.1250,1999.9000,
	2026/03/30 15:45:13	,	466544	,	1764	,9.9449,1999.9000,-0.0932,0.5860,594914.4375,27.3656,604795.8750,1999.9000,
	2026/03/30 15:45:13	,	467544	,	1765	,9.9448,1999.9000,-0.0894,0.6051,595052.6250,27.3648,604656.9375,1999.9000,
	2026/03/30 15:45:13	,	468544	,	1766	,9.9448,1999.9000,-0.0825,0.7205,595390.4375,27.3627,604396.0000,1999.9000,
	2026/03/30 15:45:13	,	469544	,	1767	,9.9448,1999.9000,-0.0786,0.8167,595535.1875,27.3609,604396.0000,1999.9000,
	2026/03/30 15:45:13	,	470544	,	1768	,9.9448,1999.9000,-0.0786,0.7974,595535.1875,27.3594,604396.0000,1999.9000,
	2026/03/30 15:45:13	,	471544	,	1769	,9.9448,1999.9000,-0.0786,0.7813,595535.1875,27.3582,604396.0000,1999.9000,
	2026/03/30 15:45:13	,	472544	,	1770	,9.9448,1999.9000,-0.0786,0.5689,595535.1875,27.3571,604396.0000,1999.9000,
	2026/03/30 15:45:13	,	473544	,	1771	,9.9448,1999.9000,-0.0786,0.3919,595535.1875,27.3562,604564.5625,1999.9000,
	2026/03/30 15:45:13	,	474544	,	1772	,9.9448,1999.9000,-0.0820,0.2444,595369.5625,27.3555,604711.8750,1999.9000,
	2026/03/30 15:45:13	,	475544	,	1773	,9.9449,1999.9000,-0.0851,0.1215,595336.5000,27.3549,604803.6875,1999.9000,
	2026/03/30 15:45:13	,	476544	,	1774	,9.9449,1999.9000,-0.0880,0.0191,595320.8750,27.3545,604890.0625,1999.9000,
	2026/03/30 15:45:13	,	477544	,	1775	,9.9449,1999.9000,-0.0924,-0.0662,595231.9375,27.3540,605012.0625,1999.9000,
	2026/03/30 15:45:13	,	478544	,	1776	,9.9449,1999.9000,-0.1004,-0.2368,594970.3750,27.3536,605301.4375,1999.9000,
	2026/03/30 15:45:13	,	479544	,	1777	,9.9449,1999.9000,-0.1004,-0.2795,594673.0625,27.3564,605301.4375,1999.9000,
	2026/03/30 15:45:13	,	480544	,	1778	,9.9450,1999.9000,-0.1067,-0.3151,594673.0625,27.3587,605301.4375,1999.9000,
	2026/03/30 15:45:13	,	481544	,	1779	,9.9450,1999.9000,-0.1070,-0.1458,594673.0625,27.3606,605301.4375,1999.9000,
	2026/03/30 15:45:13	,	482544	,	1780	,9.9451,1999.9000,-0.1071,-0.0047,594673.0625,27.3592,605301.4375,1999.9000,
	2026/03/30 15:45:13	,	483544	,	1781	,9.9451,1999.9000,-0.1071,0.1129,594673.0625,27.3580,605164.3125,1999.9000,
	2026/03/30 15:45:13	,	484544	,	1782	,9.9451,1999.9000,-0.1071,0.2108,594848.8125,27.3569,604986.1250,1999.9000,
	2026/03/30 15:45:13	,	485544	,	1783	,9.9452,1999.9000,-0.1071,-0.0059,594887.2500,27.3576,604879.8125,1999.9000,
	2026/03/30 15:45:13	,	486544	,	1784	,9.9453,1999.9000,-0.1047,0.1118,594904.4375,27.3613,604796.5000,1999.9000,
	2026/03/30 15:45:13	,	487544	,	1785	,9.9453,1999.9000,-0.1038,0.2100,594987.6250,27.3613,604696.7500,1999.9000,
	2026/03/30 15:45:13	,	488544	,	1786	,9.9454,1999.9000,-0.1002,0.2918,595240.8125,27.3567,604455.8125,1999.9000,
	2026/03/30 15:45:13	,	489544	,	1787	,9.9454,1999.9000,-0.0941,-0.0380,595597.7500,27.3528,604455.8125,1999.9000,
	2026/03/30 15:45:13	,	490544	,	1788	,9.9455,1999.9000,-0.0941,-0.4122,595597.7500,27.3496,604455.8125,1999.9000,
	2026/03/30 15:45:13	,	491544	,	1789	,9.9455,1999.9000,-0.0941,-0.7241,595597.7500,27.3470,604455.8125,1999.9000,
	2026/03/30 15:45:13	,	492544	,	1790	,9.9456,1999.9000,-0.0941,-1.0835,595597.7500,27.3448,604455.8125,1999.9000,
	2026/03/30 15:45:13	,	493544	,	1791	,9.9456,1999.9000,-0.0941,-1.1840,595597.7500,27.3444,604462.3750,1999.9000,
	2026/03/30 15:45:13	,	494544	,	1792	,9.9457,1999.9000,-0.0943,-1.2678,595436.3125,27.3442,604667.8125,1999.9000,
	2026/03/30 15:45:13	,	495544	,	1793	,9.9458,1999.9000,-0.1017,-1.3376,595332.0625,27.3439,604769.2500,1999.9000,
	2026/03/30 15:45:13	,	496544	,	1794	,9.9459,1999.9000,-0.1078,-1.3958,595318.9375,27.3499,604858.0625,1999.9000,
	2026/03/30 15:45:13	,	497544	,	1795	,9.9460,1999.9000,-0.1136,-1.0464,595303.4375,27.3548,604952.8750,1999.9000,
	2026/03/30 15:45:13	,	498544	,	1796	,9.9460,1999.9000,-0.1200,-0.7552,595090.7500,27.3589,605182.4375,1999.9000,
	2026/03/30 15:45:13	,	499544	,	1797	,9.9461,1999.9000,-0.1305,-0.5125,594741.0000,27.3623,605214.3750,1999.9000,
	2026/03/30 15:45:13	,	500544	,	1798	,9.9462,1999.9000,-0.1411,-0.6087,594741.0000,27.3651,605225.0625,1999.9000,
	2026/03/30 15:45:13	,	501544	,	1799	,9.9462,1999.9000,-0.1498,-0.6889,594741.0000,27.3645,605230.5000,1999.9000,
	2026/03/30 15:45:13	,	502544	,	1800	,9.9463,1999.9000,-0.1569,-0.7557,594741.0000,27.3609,605233.6875,1999.9000,
	2026/03/30 15:45:13	,	503544	,	1801	,9.9464,1999.9000,-0.1608,-0.8114,594741.0000,27.3578,605235.8750,1999.9000,
	2026/03/30 15:45:13	,	504544	,	1802	,9.9464,1999.9000,-0.1610,-0.8578,594750.5000,27.3538,605042.8750,1999.9000,
	2026/03/30 15:45:13	,	505544	,	1803	,9.9465,1999.9000,-0.1611,-1.1949,594905.3750,27.3505,604925.6875,1999.9000,
	2026/03/30 15:45:13	,	506544	,	1804	,9.9466,1999.9000,-0.1611,-1.6748,594926.2500,27.3476,604829.0625,1999.9000,
	2026/03/30 15:45:13	,	507544	,	1805	,9.9466,1999.9000,-0.1611,-2.1741,594942.0000,27.3453,604741.5000,1999.9000,
	2026/03/30 15:45:13	,	508544	,	1806	,9.9467,1999.9000,-0.1611,-2.5902,595140.1875,27.3433,604554.2500,1999.9000,
	2026/03/30 15:45:13	,	509544	,	1807	,9.9468,1999.9000,-0.1610,-2.9370,595509.0000,27.3448,604450.3750,1999.9000,
	2026/03/30 15:45:13	,	510544	,	1808	,9.9469,1999.9000,-0.1562,-2.9276,595509.0000,27.3475,604450.3750,1999.9000,
	2026/03/30 15:45:13	,	511544	,	1809	,9.9469,1999.9000,-0.1562,-2.7207,595509.0000,27.3589,604450.3750,1999.9000,
	2026/03/30 15:45:13	,	512544	,	1810	,9.9470,1999.9000,-0.1562,-2.5484,595509.0000,27.3685,604450.3750,1999.9000,
	2026/03/30 15:45:13	,	513544	,	1811	,9.9471,1999.9000,-0.1562,-2.9021,595509.0000,27.3764,604450.3750,1999.9000,
	2026/03/30 15:45:13	,	514544	,	1812	,9.9472,1999.9000,-0.1562,-2.6996,595506.2500,27.3830,604647.3125,1999.9000,
	2026/03/30 15:45:13	,	515544	,	1813	,9.9473,1999.9000,-0.1604,-2.5307,595351.0625,27.3840,604755.4375,1999.9000,
	2026/03/30 15:45:13	,	516544	,	1814	,9.9475,1999.9000,-0.1642,-2.2906,595325.7500,27.3847,604843.0000,1999.9000,
	2026/03/30 15:45:13	,	517544	,	1815	,9.9476,1999.9000,-0.1675,-1.8915,595312.0000,27.3854,604930.5625,1999.9000,
	2026/03/30 15:45:13	,	518544	,	1816	,9.9478,1999.9000,-0.1703,-1.1610,595184.2500,27.3859,605109.3125,1999.9000,
	2026/03/30 15:45:13	,	519544	,	1817	,9.9480,1999.9000,-0.1761,-0.9502,594864.3125,27.3864,605311.0625,1999.9000,
	2026/03/30 15:45:13	,	520544	,	1818	,9.9481,1999.9000,-0.1837,-0.7745,594757.6875,27.3867,605311.0625,1999.9000,
	2026/03/30 15:45:13	,	521544	,	1819	,9.9482,1999.9000,-0.1891,-0.2302,594757.6875,27.3871,605311.0625,1999.9000,
	2026/03/30 15:45:13	,	522544	,	1820	,9.9484,1999.9000,-0.1891,0.2233,594757.6875,27.3782,605311.0625,1999.9000,
	2026/03/30 15:45:13	,	523544	,	1821	,9.9485,1999.9000,-0.1891,0.6013,594757.6875,27.3707,605311.0625,1999.9000,
	2026/03/30 15:45:13	,	524544	,	1822	,9.9486,1999.9000,-0.1891,0.9163,594757.6875,27.3753,605074.3125,1999.9000,
	2026/03/30 15:45:13	,	525544	,	1823	,9.9487,1999.9000,-0.1891,0.7809,594905.3750,27.3790,605074.3125,1999.9000,
	2026/03/30 15:45:13	,	526544	,	1824	,9.9488,1999.9000,-0.1888,0.6681,594937.0000,27.3821,604935.3750,1999.9000,
	2026/03/30 15:45:13	,	527544	,	1825	,9.9489,1999.9000,-0.1849,0.5740,594948.6875,27.3847,604846.5625,1999.9000,
	2026/03/30 15:45:13	,	528544	,	1826	,9.9490,1999.9000,-0.1838,0.7941,595042.5000,27.3869,604765.0625,1999.9000,
	2026/03/30 15:45:13	,	529544	,	1827	,9.9491,1999.9000,-0.1787,0.6791,595361.8125,27.3887,604630.3750,1999.9000,
	2026/03/30 15:45:13	,	530544	,	1828	,9.9492,1999.9000,-0.1721,0.5832,595541.7500,27.3902,604353.1250,1999.9000,
	2026/03/30 15:45:13	,	531544	,	1829	,9.9493,1999.9000,-0.1710,0.5033,595541.7500,27.3945,604353.1250,1999.9000,
	2026/03/30 15:45:13	,	532544	,	1830	,9.9494,1999.9000,-0.1707,0.4367,595541.7500,27.3981,604353.1250,1999.9000,
	2026/03/30 15:45:13	,	533544	,	1831	,9.9495,1999.9000,-0.1705,0.3813,595541.7500,27.4011,604353.1250,1999.9000,
	2026/03/30 15:45:13	,	534544	,	1832	,9.9497,1999.9000,-0.1704,0.3350,595541.7500,27.4021,604353.1250,1999.9000,
	2026/03/30 15:45:13	,	535544	,	1833	,9.9498,1999.9000,-0.1704,0.2965,595391.0000,27.4044,604575.3750,1999.9000,
	2026/03/30 15:45:13	,	536544	,	1834	,9.9500,1999.9000,-0.1735,0.2644,595360.3750,27.4064,604733.6250,1999.9000,
	2026/03/30 15:45:13	,	537544	,	1835	,9.9502,1999.9000,-0.1769,0.2376,595342.3750,27.4079,604835.6875,1999.9000,
	2026/03/30 15:45:13	,	538544	,	1836	,9.9503,1999.9000,-0.1799,0.2154,595255.1875,27.4093,604922.6875,1999.9000,
	2026/03/30 15:45:13	,	539544	,	1837	,9.9505,1999.9000,-0.1846,0.1968,595006.1250,27.4089,605052.0000,1999.9000,
	2026/03/30 15:45:13	,	540544	,	1838	,9.9506,1999.9000,-0.1928,0.5792,594649.8125,27.4086,605330.3750,1999.9000,
	2026/03/30 15:45:13	,	541544	,	1839	,9.9508,1999.9000,-0.1991,0.7984,594649.8125,27.4083,605330.3750,1999.9000,
	2026/03/30 15:45:13	,	542544	,	1840	,9.9509,1999.9000,-0.1996,1.1800,594649.8125,27.4080,605330.3750,1999.9000,
	2026/03/30 15:45:13	,	543544	,	1841	,9.9511,1999.9000,-0.1998,1.4980,594649.8125,27.4094,605330.3750,1999.9000,
	2026/03/30 15:45:13	,	544544	,	1842	,9.9512,1999.9000,-0.1999,1.5641,594649.8125,27.4105,605330.3750,1999.9000,
	2026/03/30 15:45:13	,	545544	,	1843	,9.9513,1999.9000,-0.1999,1.6191,594830.3750,27.4115,605147.3750,1999.9000,
	2026/03/30 15:45:13	,	546544	,	1844	,9.9514,1999.9000,-0.1999,1.6650,594912.6250,27.4137,604983.0625,1999.9000,
	2026/03/30 15:45:13	,	547544	,	1845	,9.9516,1999.9000,-0.1996,1.7033,594924.1875,27.4156,604879.2500,1999.9000,
	2026/03/30 15:45:13	,	548544	,	1846	,9.9518,1999.9000,-0.1961,1.5362,594943.1875,27.4172,604688.9375,1999.9000,
	2026/03/30 15:45:13	,	549544	,	1847	,9.9519,1999.9000,-0.1935,1.1980,595205.6875,27.4185,604688.9375,1999.9000,
	2026/03/30 15:45:13	,	550544	,	1848	,9.9520,1999.9000,-0.1875,0.9162,595582.8750,27.4197,604435.8750,1999.9000,
	2026/03/30 15:45:13	,	551544	,	1849	,9.9521,1999.9000,-0.1848,0.3829,595582.8750,27.4191,604435.8750,1999.9000,
	2026/03/30 15:45:13	,	552544	,	1850	,9.9523,1999.9000,-0.1848,-0.1610,595582.8750,27.4109,604435.8750,1999.9000,
	2026/03/30 15:45:13	,	553544	,	1851	,9.9525,1999.9000,-0.1848,-0.1610,595582.8750,27.4041,604435.8750,1999.9000,
	2026/03/30 15:45:13	,	554544	,	1852	,9.9527,1999.9000,-0.1848,-0.9919,595582.8750,27.3985,604435.8750,1999.9000,
	2026/03/30 15:45:13	,	555544	,	1853	,9.9530,1999.9000,-0.1848,-1.3066,595449.3750,27.3938,604526.4375,1999.9000,
	2026/03/30 15:45:13	,	556544	,	1854	,9.9532,1999.9000,-0.1889,-1.3066,595334.4375,27.3899,604697.3750,1999.9000,
	2026/03/30 15:45:13	,	557544	,	1855	,9.9535,1999.9000,-0.1927,-1.7875,595315.0625,27.3881,604803.0625,1999.9000,
	2026/03/30 15:45:13	,	558544	,	1856	,9.9537,1999.9000,-0.1961,-1.6712,595297.0625,27.3867,604887.0000,1999.9000,
	2026/03/30 15:45:13	,	559544	,	1857	,9.9539,1999.9000,-0.2001,-1.6712,595095.5000,27.3870,604969.2500,1999.9000,
	2026/03/30 15:45:13	,	560544	,	1858	,9.9542,1999.9000,-0.2080,-1.5743,594740.3750,27.3919,605229.5625,1999.9000,
	2026/03/30 15:45:13	,	561544	,	1859	,9.9543,1999.9000,-0.2151,-1.3941,594740.3750,27.3959,605229.5625,1999.9000,
	2026/03/30 15:45:13	,	562544	,	1860	,9.9545,1999.9000,-0.2187,-1.2439,594740.3750,27.3947,605229.5625,1999.9000,
	2026/03/30 15:45:13	,	563544	,	1861	,9.9546,1999.9000,-0.2187,-0.9198,594740.3750,27.3937,605229.5625,1999.9000,
	2026/03/30 15:45:13	,	564544	,	1862	,9.9548,1999.9000,-0.2187,-0.3513,594740.3750,27.3928,605229.5625,1999.9000,
	2026/03/30 15:45:13	,	565544	,	1863	,9.9550,1999.9000,-0.2187,0.2219,594747.0000,27.3906,605229.3125,1999.9000,
	2026/03/30 15:45:13	,	566544	,	1864	,9.9553,1999.9000,-0.2187,0.6996,594904.2500,27.3887,605023.5625,1999.9000,
	2026/03/30 15:45:13	,	567544	,	1865	,9.9555,1999.9000,-0.2164,0.6998,594919.4375,27.3872,604896.1250,1999.9000,
	2026/03/30 15:45:13	,	568544	,	1866	,9.9555,1999.9000,-0.2154,1.0979,594929.6875,27.3859,604802.5000,1999.9000,
	2026/03/30 15:45:13	,	569544	,	1867	,9.9560,1999.9000,-0.2120,1.5290,594929.6875,27.3848,604762.8750,1999.9000,
	2026/03/30 15:45:13	,	570544	,	1868	,9.9562,1999.9000,-0.2062,1.7889,595094.8750,27.3839,604523.5000,1999.9000,
	2026/03/30 15:45:13	,	571544	,	1869	,9.9562,1999.9000,-0.2003,2.0054,595460.7500,27.3832,604493.2500,1999.9000,
	2026/03/30 15:45:13	,	572544	,	1870	,9.9564,1999.9000,-0.2003,2.2853,595486.0625,27.3841,604483.1250,1999.9000,
	2026/03/30 15:45:13	,	573544	,	1871	,9.9566,1999.9000,-0.2003,2.5186,595494.5000,27.3849,604478.1250,1999.9000,
	2026/03/30 15:45:13	,	574544	,	1872	,9.9568,1999.9000,-0.2003,2.7130,595498.7500,27.3855,604475.1250,1999.9000,
	2026/03/30 15:45:13	,	575544	,	1873	,9.9570,1999.9000,-0.2003,2.5766,595501.3125,27.3860,604473.1250,1999.9000,
	2026/03/30 15:45:13	,	576544	,	1874	,9.9573,1999.9000,-0.2045,2.5623,595502.9375,27.3865,604666.5625,1999.9000,
	2026/03/30 15:45:13	,	577544	,	1875	,9.9576,1999.9000,-0.2079,2.5505,595381.4375,27.3868,604793.4375,1999.9000,
	2026/03/30 15:45:13	,	578544	,	1876	,9.9578,1999.9000,-0.2109,2.4412,595360.9375,27.3871,604881.6250,1999.9000,
	2026/03/30 15:45:13	,	579544	,	1877	,9.9581,1999.9000,-0.2139,2.3500,595348.8750,27.3874,604920.3125,1999.9000,
	2026/03/30 15:45:13	,	580544	,	1878	,9.9583,1999.9000,-0.2202,2.2741,595236.6875,27.3874,605154.0000,1999.9000,
	2026/03/30 15:45:13	,	581544	,	1879	,9.9585,1999.9000,-0.2285,2.0119,594923.2500,27.3876,605296.5625,1999.9000,
	2026/03/30 15:45:13	,	582544	,	1880	,9.9587,1999.9000,-0.2346,1.5944,594698.0625,27.3877,605296.5625,1999.9000,
	2026/03/30 15:45:13	,	583544	,	1881	,9.9589,1999.9000,-0.2346,1.1470,594698.0625,27.3879,605296.5625,1999.9000,
	2026/03/30 15:45:13	,	584544	,	1882	,9.9592,1999.9000,-0.2346,0.7742,594698.0625,27.3880,605296.5625,1999.9000,
	2026/03/30 15:45:13	,	585544	,	1883	,9.9595,1999.9000,-0.2346,0.4635,594698.0625,27.3866,605296.5625,1999.9000,
	2026/03/30 15:45:13	,	586544	,	1884	,9.9597,1999.9000,-0.2346,0.2047,594698.0625,27.3839,605080.9375,1999.9000,
	2026/03/30 15:45:13	,	587544	,	1885	,9.9600,1999.9000,-0.2344,-0.2100,594858.3750,27.3816,604944.4375,1999.9000,
	2026/03/30 15:45:13	,	588544	,	1886	,9.9602,1999.9000,-0.2312,-0.5556,594891.1250,27.3797,604840.5625,1999.9000,
	2026/03/30 15:45:13	,	589544	,	1887	,9.9604,1999.9000,-0.2303,-0.8436,594909.1875,27.3782,604742.1250,1999.9000,
	2026/03/30 15:45:13	,	590544	,	1888	,9.9606,1999.9000,-0.2251,-1.0836,595004.3750,27.3769,604585.6250,1999.9000,
	2026/03/30 15:45:13	,	591544	,	1889	,9.9609,1999.9000,-0.2184,-1.2836,595290.3125,27.3727,604391.8125,1999.9000,
	2026/03/30 15:45:13	,	592544	,	1890	,9.9611,1999.9000,-0.2182,-1.5497,595593.0000,27.3677,604391.8125,1999.9000,
	2026/03/30 15:45:13	,	593544	,	1891	,9.9614,1999.9000,-0.2181,-1.3736,595593.0000,27.3636,604391.8125,1999.9000,
	2026/03/30 15:45:13	,	594544	,	1892	,9.9617,1999.9000,-0.2180,-1.2268,595593.0000,27.3601,604391.8125,1999.9000,
	2026/03/30 15:45:13	,	595544	,	1893	,9.9620,1999.9000,-0.2180,-1.1045,595593.0000,27.3572,604391.8125,1999.9000,
	2026/03/30 15:45:13	,	596544	,	1894	,9.9622,1999.9000,-0.2180,-0.9031,595593.0000,27.3533,604603.7500,1999.9000,
	2026/03/30 15:45:13	,	597544	,	1895	,9.9625,1999.9000,-0.2220,-0.6358,595421.3750,27.3500,604733.6250,1999.9000,
	2026/03/30 15:45:13	,	598544	,	1896	,9.9628,1999.9000,-0.2260,-0.4130,595335.5625,27.3488,604832.1250,1999.9000,
	2026/03/30 15:45:13	,	599544	,	1897	,9.9631,1999.9000,-0.2295,-0.0285,595316.5625,27.3539,604869.2500,1999.9000,
	2026/03/30 15:45:13	,	600544	,	1898	,9.9634,1999.9000,-0.2347,0.4910,595291.3125,27.3612,605036.8125,1999.9000,
	2026/03/30 15:45:13	,	601544	,	1899	,9.9637,1999.9000,-0.2433,1.0233,595007.3125,27.3673,605332.1875,1999.9000,
	2026/03/30 15:45:13	,	602544	,	1900	,9.9640,1999.9000,-0.2498,1.4669,594654.0000,27.3724,605332.1875,1999.9000,
	2026/03/30 15:45:13	,	603544	,	1901	,9.9642,1999.9000,-0.2508,1.8366,594654.0000,27.3766,605332.1875,1999.9000,
	2026/03/30 15:45:13	,	604544	,	1902	,9.9644,1999.9000,-0.2511,2.1446,594654.0000,27.3771,605332.1875,1999.9000,
	2026/03/30 15:45:13	,	605544	,	1903	,9.9646,1999.9000,-0.2513,2.4013,594654.0000,27.3775,605332.1875,1999.9000,
	2026/03/30 15:45:13	,	606544	,	1904	,9.9648,1999.9000,-0.2514,2.5158,594654.0000,27.3808,605123.8125,1999.9000,
	2026/03/30 15:45:13	,	607544	,	1905	,9.9650,1999.9000,-0.2515,2.4122,594811.8750,27.3821,604970.3750,1999.9000,
	2026/03/30 15:45:13	,	608544	,	1906	,9.9653,1999.9000,-0.2512,2.3259,594901.8750,27.3817,604859.2500,1999.9000,
	2026/03/30 15:45:13	,	609544	,	1907	,9.9655,1999.9000,-0.2484,2.2540,594915.8125,27.3798,604768.0625,1999.9000,
	2026/03/30 15:45:13	,	610544	,	1908	,9.9658,1999.9000,-0.2457,2.1941,594932.4375,27.3797,604654.5000,1999.9000,
	2026/03/30 15:45:13	,	611544	,	1909	,9.9661,1999.9000,-0.2396,1.4478,595171.7500,27.3812,604394.1875,1999.9000,
	2026/03/30 15:45:13	,	612544	,	1910	,9.9663,1999.9000,-0.2360,0.8259,595551.2500,27.3794,604394.1875,1999.9000,
	2026/03/30 15:45:13	,	613544	,	1911	,9.9666,1999.9000,-0.2360,0.3077,595551.2500,27.3809,604394.1875,1999.9000,
	2026/03/30 15:45:13	,	614544	,	1912	,9.9669,1999.9000,-0.2360,-0.1242,595551.2500,27.3837,604394.1875,1999.9000,
	2026/03/30 15:45:13	,	615544	,	1913	,9.9672,1999.9000,-0.2360,-0.1856,595551.2500,27.3845,604394.1875,1999.9000,
	2026/03/30 15:45:13	,	616544	,	1914	,9.9676,1999.9000,-0.2360,-0.0379,595551.2500,27.3822,604545.1875,1999.9000,
	2026/03/30 15:45:13	,	617544	,	1915	,9.9679,1999.9000,-0.2396,0.0852,595539.6875,27.3802,604697.3750,1999.9000,
	2026/03/30 15:45:13	,	618544	,	1916	,9.9682,1999.9000,-0.2431,0.1878,595355.2500,27.3831,604786.7500,1999.9000,
	2026/03/30 15:45:13	,	619544	,	1917	,9.9685,1999.9000,-0.2462,0.2733,595334.3750,27.3855,604826.9375,1999.9000,
	2026/03/30 15:45:13	,	620544	,	1918	,9.9689,1999.9000,-0.2499,0.4440,595322.5000,27.3861,604980.6875,1999.9000,
	2026/03/30 15:45:13	,	621544	,	1919	,9.9693,1999.9000,-0.2575,0.5862,595155.0625,27.3865,605250.6250,1999.9000,
	2026/03/30 15:45:13	,	622544	,	1920	,9.9697,1999.9000,-0.2646,0.7048,594800.0000,27.3777,605250.6250,1999.9000,
	2026/03/30 15:45:13	,	623544	,	1921	,9.9700,1999.9000,-0.2680,0.8036,594786.8750,27.3704,605250.6250,1999.9000,
	2026/03/30 15:45:13	,	624544	,	1922	,9.9703,1999.9000,-0.2680,0.8859,594782.4375,27.3642,605250.6250,1999.9000,
	2026/03/30 15:45:13	,	625544	,	1923	,9.9706,1999.9000,-0.2680,1.0540,594780.2500,27.3591,605250.6250,1999.9000,
	2026/03/30 15:45:13	,	626544	,	1924	,9.9709,1999.9000,-0.2680,1.3930,594778.9375,27.3640,605240.4375,1999.9000,
	2026/03/30 15:45:13	,	627544	,	1925	,9.9713,1999.9000,-0.2680,1.6755,594778.0000,27.3681,604992.1875,1999.9000,
	2026/03/30 15:45:13	,	628544	,	1926	,9.9716,1999.9000,-0.2677,1.7120,594901.8750,27.3715,604871.9375,1999.9000,
	2026/03/30 15:45:13	,	629544	,	1927	,9.9719,1999.9000,-0.2645,1.9414,594926.8750,27.3652,604778.9375,1999.9000,
	2026/03/30 15:45:13	,	630544	,	1928	,9.9723,1999.9000,-0.2636,2.1325,594943.1875,27.3614,604740.0000,1999.9000,
	2026/03/30 15:45:13	,	631544	,	1929	,9.9726,1999.9000,-0.2571,2.2917,595088.3125,27.3584,604479.3750,1999.9000,
	2026/03/30 15:45:13	,	632544	,	1930	,9.9729,1999.9000,-0.2513,2.3250,595420.1875,27.3542,604470.5625,1999.9000,
	2026/03/30 15:45:13	,	633544	,	1931	,9.9731,1999.9000,-0.2513,2.2532,595525.0625,27.3523,604467.6875,1999.9000,
	2026/03/30 15:45:13	,	634544	,	1932	,9.9735,1999.9000,-0.2513,1.8950,595525.0625,27.3538,604466.1875,1999.9000,
	2026/03/30 15:45:13	,	635544	,	1933	,9.9738,1999.9000,-0.2513,1.4970,595525.0625,27.3550,604465.3125,1999.9000,
	2026/03/30 15:45:13	,	636544	,	1934	,9.9740,1999.9000,-0.2513,1.0659,595525.0625,27.3530,604464.6875,1999.9000,
	2026/03/30 15:45:13	,	637544	,	1935	,9.9744,1999.9000,-0.2552,0.7066,595525.0625,27.3512,604655.0625,1999.9000,
	2026/03/30 15:45:13	,	638544	,	1936	,9.9748,1999.9000,-0.2589,0.4072,595382.6875,27.3499,604768.6250,1999.9000,
	2026/03/30 15:45:13	,	639544	,	1937	,9.9752,1999.9000,-0.2620,0.1577,595353.5000,27.3472,604857.4375,1999.9000,
	2026/03/30 15:45:13	,	640544	,	1938	,9.9756,1999.9000,-0.2652,0.2482,595337.0000,27.3495,604946.2500,1999.9000,
	2026/03/30 15:45:13	,	641544	,	1939	,9.9759,1999.9000,-0.2722,0.2241,595232.5625,27.3514,605156.4375,1999.9000,
	2026/03/30 15:45:13	,	642544	,	1940	,9.9763,1999.9000,-0.2807,0.2041,594949.5000,27.3622,605247.0625,1999.9000,
	2026/03/30 15:45:13	,	643544	,	1941	,9.9766,1999.9000,-0.2867,0.2869,594696.8750,27.3712,605247.0625,1999.9000,
	2026/03/30 15:45:13	,	644544	,	1942	,9.9769,1999.9000,-0.2867,0.3558,594696.8750,27.3787,605247.0625,1999.9000,
	2026/03/30 15:45:13	,	645544	,	1943	,9.9771,1999.9000,-0.2867,0.4133,594696.8750,27.3864,605247.0625,1999.9000,
	2026/03/30 15:45:13	,	646544	,	1944	,9.9775,1999.9000,-0.2867,0.5607,594696.8750,27.3929,605247.0625,1999.9000,
	2026/03/30 15:45:13	,	647544	,	1945	,9.9778,1999.9000,-0.2867,0.5840,594696.8750,27.3983,605029.5625,1999.9000,
	2026/03/30 15:45:13	,	648544	,	1946	,9.9781,1999.9000,-0.2864,0.5040,594854.7500,27.4027,604911.8125,1999.9000,
	2026/03/30 15:45:13	,	649544	,	1947	,9.9784,1999.9000,-0.2834,0.1389,594891.6875,27.4065,604820.6250,1999.9000,
	2026/03/30 15:45:13	,	650544	,	1948	,9.9788,1999.9000,-0.2829,-0.2648,594911.1250,27.4050,604737.8125,1999.9000,
	2026/03/30 15:45:13	,	651544	,	1949	,9.9792,1999.9000,-0.2784,-0.6013,595004.9375,27.4023,604556.6875,1999.9000,
	2026/03/30 15:45:13	,	652544	,	1950	,9.9795,1999.9000,-0.2722,-0.9811,595270.6875,27.4000,604397.2500,1999.9000,
	2026/03/30 15:45:13	,	653544	,	1951	,9.9799,1999.9000,-0.2722,-1.2977,595624.0000,27.3981,604397.2500,1999.9000,
	2026/03/30 15:45:13	,	654544	,	1952	,9.9803,1999.9000,-0.2722,-1.1635,595624.0000,27.3965,604397.2500,1999.9000,
	2026/03/30 15:45:13	,	655544	,	1953	,9.9807,1999.9000,-0.2722,-1.4497,595624.0000,27.3952,604397.2500,1999.9000,
	2026/03/30 15:45:13	,	656544	,	1954	,9.9811,1999.9000,-0.2722,-1.6881,595624.0000,27.3941,604397.2500,1999.9000,
	2026/03/30 15:45:13	,	657544	,	1955	,9.9815,1999.9000,-0.2722,-1.8868,595624.0000,27.3917,604603.7500,1999.9000,
	2026/03/30 15:45:13	,	658544	,	1956	,9.9819,1999.9000,-0.2776,-1.6545,595430.9375,27.3896,604740.2500,1999.9000,
	2026/03/30 15:45:13	,	659544	,	1957	,9.9823,1999.9000,-0.2815,-1.4609,595332.0625,27.3880,604843.5625,1999.9000,
	2026/03/30 15:45:13	,	660544	,	1958	,9.9827,1999.9000,-0.2848,-1.2996,595314.5000,27.3865,604879.5000,1999.9000,
	2026/03/30 15:45:13	,	661544	,	1959	,9.9831,1999.9000,-0.2848,-1.0657,595296.1250,27.3853,605079.7500,1999.9000,
	2026/03/30 15:45:13	,	662544	,	1960	,9.9835,1999.9000,-0.2903,-0.5723,595071.6250,27.3844,605325.0000,1999.9000,
	2026/03/30 15:45:13	,	663544	,	1961	,9.9839,1999.9000,-0.2987,-0.1612,594719.5625,27.3835,605325.0000,1999.9000,
	2026/03/30 15:45:13	,	664544	,	1962	,9.9843,1999.9000,-0.3050,0.1814,594719.5625,27.3813,605325.0000,1999.9000,
	2026/03/30 15:45:13	,	665544	,	1963	,9.9847,1999.9000,-0.3052,0.4669,594719.5625,27.3780,605325.0000,1999.9000,
	2026/03/30 15:45:13	,	666544	,	1964	,9.9852,1999.9000,-0.3053,0.6053,594719.5625,27.3752,605325.0000,1999.9000,
	2026/03/30 15:45:13	,	667544	,	1965	,9.9856,1999.9000,-0.3053,0.7207,594719.5625,27.3759,605093.6250,1999.9000,
	2026/03/30 15:45:13	,	668544	,	1966	,9.9861,1999.9000,-0.3053,0.8169,594816.0625,27.3765,604940.1875,1999.9000,
	2026/03/30 15:45:13	,	669544	,	1967	,9.9866,1999.9000,-0.3053,0.8970,594912.6250,27.3739,604832.1250,1999.9000,
	2026/03/30 15:45:13	,	670544	,	1968	,9.9870,1999.9000,-0.3050,0.9637,594926.3125,27.3702,604794.9375,1999.9000,
	2026/03/30 15:45:13	,	671544	,	1969	,9.9874,1999.9000,-0.3019,1.0194,594941.5625,27.3672,604634.0000,1999.9000,
	2026/03/30 15:45:13	,	672544	,	1970	,9.9878,1999.9000,-0.2991,1.0657,595155.6875,27.3646,604359.7500,1999.9000,
	2026/03/30 15:45:13	,	673544	,	1971	,9.9881,1999.9000,-0.2929,1.1044,595516.7500,27.3625,604359.7500,1999.9000,
	2026/03/30 15:45:13	,	674544	,	1972	,9.9884,1999.9000,-0.2925,1.1366,595516.7500,27.3608,604359.7500,1999.9000,
	2026/03/30 15:45:13	,	675544	,	1973	,9.9888,1999.9000,-0.2924,1.1634,595516.7500,27.3593,604359.7500,1999.9000,
	2026/03/30 15:45:13	,	676544	,	1974	,9.9892,1999.9000,-0.2923,1.1858,595516.7500,27.3550,604359.7500,1999.9000,
	2026/03/30 15:45:13	,	677544	,	1975	,9.9896,1999.9000,-0.2923,1.1049,595516.7500,27.3514,604549.3750,1999.9000,
	2026/03/30 15:45:13	,	678544	,	1976	,9.9901,1999.9000,-0.2923,1.0376,595511.0000,27.3485,604549.3750,1999.9000,
	2026/03/30 15:45:13	,	679544	,	1977	,9.9905,1999.9000,-0.2965,0.9814,595360.6250,27.3506,604700.4375,1999.9000,
	2026/03/30 15:45:13	,	680544	,	1978	,9.9909,1999.9000,-0.3004,0.9346,595339.5000,27.3524,604799.4375,1999.9000,
	2026/03/30 15:45:13	,	681544	,	1979	,9.9914,1999.9000,-0.3035,0.8957,595326.5000,27.3554,604881.6250,1999.9000,
	2026/03/30 15:45:13	,	682544	,	1980	,9.9918,1999.9000,-0.3074,0.6642,595172.3125,27.3563,604995.7500,1999.9000,
	2026/03/30 15:45:13	,	683544	,	1981	,9.9923,1999.9000,-0.3153,0.3719,594837.5000,27.3540,605280.8750,1999.9000,
	2026/03/30 15:45:13	,	684544	,	1982	,9.9927,1999.9000,-0.3226,0.1283,594749.9375,27.3522,605280.8750,1999.9000,
	2026/03/30 15:45:13	,	685544	,	1983	,9.9931,1999.9000,-0.3269,-0.1742,594749.9375,27.3536,605280.8750,1999.9000,
	2026/03/30 15:45:13	,	686544	,	1984	,9.9935,1999.9000,-0.3269,-0.3268,594749.9375,27.3518,605280.8750,1999.9000,
	2026/03/30 15:45:13	,	687544	,	1985	,9.9940,1999.9000,-0.3269,-0.4540,594749.9375,27.3503,605280.8750,1999.9000,
	2026/03/30 15:45:13	,	688544	,	1986	,9.9944,1999.9000,-0.3269,-0.5600,594749.9375,27.3491,605145.5625,1999.9000,
	2026/03/30 15:45:13	,	689544	,	1987	,9.9948,1999.9000,-0.3269,-0.6483,594876.8750,27.3480,604975.8125,1999.9000,
	2026/03/30 15:45:13	,	690544	,	1988	,9.9953,1999.9000,-0.3246,-0.6224,594902.1875,27.3472,604883.4375,1999.9000,
	2026/03/30 15:45:13	,	691544	,	1989	,9.9957,1999.9000,-0.3237,-0.6008,594918.3125,27.3449,604792.1875,1999.9000,
	2026/03/30 15:45:13	,	692544	,	1990	,9.9961,1999.9000,-0.3208,-0.4834,595050.8125,27.3445,604690.7500,1999.9000,
	2026/03/30 15:45:13	,	693544	,	1991	,9.9964,1999.9000,-0.3151,-0.2860,595380.3125,27.3458,604454.0000,1999.9000,
	2026/03/30 15:45:13	,	694544	,	1992	,9.9969,1999.9000,-0.3095,-0.0221,595540.5625,27.3468,604454.0000,1999.9000,
	2026/03/30 15:45:13	,	695544	,	1993	,9.9974,1999.9000,-0.3095,0.1979,595540.5625,27.3507,604454.0000,1999.9000,
	2026/03/30 15:45:13	,	696544	,	1994	,9.9978,1999.9000,-0.3095,0.3811,595540.5625,27.3540,604454.0000,1999.9000,
	2026/03/30 15:45:13	,	697544	,	1995	,9.9982,1999.9000,-0.3095,0.8323,595540.5625,27.3583,604454.0000,1999.9000,
	2026/03/30 15:45:13	,	698544	,	1996	,9.9986,1999.9000,-0.3095,1.2083,595540.5625,27.3618,604461.2500,1999.9000,
	2026/03/30 15:45:13	,	699544	,	1997	,9.9990,1999.9000,-0.3129,1.6210,595386.8125,27.3663,604678.1250,1999.9000,
	2026/03/30 15:45:13	,	700544	,	1998	,9.9994,1999.9000,-0.3168,1.9650,595349.8750,27.3700,604769.2500,1999.9000,
	2026/03/30 15:45:13	,	701544	,	1999	,9.9999,1999.9000,-0.3202,2.2517,595326.8750,27.3761,604807.0625,1999.9000,
	2026/03/30 15:45:13	,	702544	,	2000	,10.0004,1999.9000,-0.3234,2.4906,595213.4375,27.3858,604934.7500,1999.9000,
	2026/03/30 15:45:13	,	703544	,	2001	,10.0008,1999.9000,-0.3303,2.6896,594946.5000,27.3939,605185.4375,1999.9000,
	2026/03/30 15:45:13	,	704544	,	2002	,10.0012,1999.9000,-0.3385,2.8555,594668.3125,27.3939,605218.0625,1999.9000,
	2026/03/30 15:45:13	,	705544	,	2003	,10.0017,1999.9000,-0.3445,2.9937,594668.3125,27.3987,605228.9375,1999.9000,
	2026/03/30 15:45:13	,	706544	,	2004	,10.0022,1999.9000,-0.3445,3.1089,594668.3125,27.4000,605234.3125,1999.9000,
	2026/03/30 15:45:13	,	707544	,	2005	,10.0027,1999.9000,-0.3445,3.2049,594668.3125,27.4000,605237.5000,1999.9000,
	2026/03/30 15:45:13	,	708544	,	2006	,10.0031,1999.9000,-0.3445,2.7876,594668.3125,27.4027,605239.6875,1999.9000,
	2026/03/30 15:45:13	,	709544	,	2007	,10.0036,1999.9000,-0.3445,2.4398,594839.2500,27.4034,605045.9375,1999.9000,
	2026/03/30 15:45:13	,	710544	,	2008	,10.0040,1999.9000,-0.3422,1.7520,594925.6250,27.4010,604919.0625,1999.9000,
	2026/03/30 15:45:13	,	711544	,	2009	,10.0045,1999.9000,-0.3414,1.0794,594934.8750,27.3989,604823.0000,1999.9000,
	2026/03/30 15:45:13	,	712544	,	2010	,10.0050,1999.9000,-0.3407,0.4195,594952.8750,27.3972,604739.6875,1999.9000,
	2026/03/30 15:45:13	,	713544	,	2011	,10.0054,1999.9000,-0.3356,-0.2300,595233.6875,27.3958,604537.9375,1999.9000,
	2026/03/30 15:45:13	,	714544	,	2012	,10.0059,1999.9000,-0.3299,-0.7712,595601.3750,27.3961,604422.0000,1999.9000,
	2026/03/30 15:45:13	,	715544	,	2013	,10.0064,1999.9000,-0.3299,-1.1227,595601.3750,27.3964,604422.0000,1999.9000,
	2026/03/30 15:45:13	,	716544	,	2014	,10.0069,1999.9000,-0.3299,-1.4156,595601.3750,27.3966,604422.0000,1999.9000,
	2026/03/30 15:45:13	,	717544	,	2015	,10.0074,1999.9000,-0.3299,-1.6598,595601.3750,27.3953,604422.0000,1999.9000,
	2026/03/30 15:45:13	,	718544	,	2016	,10.0079,1999.9000,-0.3299,-1.8632,595601.3750,27.3942,604422.0000,1999.9000,
	2026/03/30 15:45:13	,	719544	,	2017	,10.0084,1999.9000,-0.3301,-1.7343,595433.3125,27.3925,604731.8125,1999.9000,
	2026/03/30 15:45:13	,	720544	,	2018	,10.0089,1999.9000,-0.3356,-1.4279,595333.8125,27.3925,604731.8125,1999.9000,
	2026/03/30 15:45:13	,	721544	,	2019	,10.0093,1999.9000,-0.3398,-0.8742,595319.2500,27.3903,604830.3125,1999.9000,
	2026/03/30 15:45:13	,	722544	,	2020	,10.0098,1999.9000,-0.3435,-0.4128,595305.8125,27.3885,604870.4375,1999.9000,
	2026/03/30 15:45:13	,	723544	,	2021	,10.0104,1999.9000,-0.3496,0.2702,595105.6250,27.3870,605086.3750,1999.9000,
	2026/03/30 15:45:13	,	724544	,	2022	,10.0109,1999.9000,-0.3585,0.8393,594755.2500,27.3857,605294.7500,1999.9000,
	2026/03/30 15:45:13	,	725544	,	2023	,10.0114,1999.9000,-0.3652,1.5125,594755.2500,27.3847,605294.7500,1999.9000,
	2026/03/30 15:45:13	,	726544	,	2024	,10.0118,1999.9000,-0.3654,2.0735,594755.2500,27.3838,605294.7500,1999.9000,
	2026/03/30 15:45:13	,	727544	,	2025	,10.0122,1999.9000,-0.3655,2.2426,594755.2500,27.3831,605294.7500,1999.9000,
	2026/03/30 15:45:13	,	728544	,	2026	,10.0126,1999.9000,-0.3656,2.3835,594755.2500,27.3840,605294.7500,1999.9000,
	2026/03/30 15:45:13	,	729544	,	2027	,10.0131,1999.9000,-0.3656,2.7994,594756.1875,27.3848,605068.2500,1999.9000,
	2026/03/30 15:45:13	,	730544	,	2028	,10.0136,1999.9000,-0.3656,2.8475,594877.3750,27.3854,604918.4375,1999.9000,
	2026/03/30 15:45:13	,	731544	,	2029	,10.0141,1999.9000,-0.3630,2.5892,594898.2500,27.3783,604824.8750,1999.9000,
	2026/03/30 15:45:13	,	732544	,	2030	,10.0147,1999.9000,-0.3606,2.1750,594915.3750,27.3724,604790.7500,1999.9000,
	2026/03/30 15:45:13	,	733544	,	2031	,10.0152,1999.9000,-0.3569,1.8298,595120.5000,27.3675,604623.1250,1999.9000,
	2026/03/30 15:45:13	,	734544	,	2032	,10.0156,1999.9000,-0.3500,1.4427,595492.8750,27.3619,604361.5625,1999.9000,
	2026/03/30 15:45:13	,	735544	,	2033	,10.0161,1999.9000,-0.3490,0.9211,595498.5625,27.3572,604361.5625,1999.9000,
	2026/03/30 15:45:13	,	736544	,	2034	,10.0166,1999.9000,-0.3486,0.6854,595500.4375,27.3548,604361.5625,1999.9000,
	2026/03/30 15:45:13	,	737544	,	2035	,10.0171,1999.9000,-0.3485,0.4890,595501.4375,27.3528,604361.5625,1999.9000,
	2026/03/30 15:45:13	,	738544	,	2036	,10.0176,1999.9000,-0.3483,0.3254,595501.9375,27.3557,604361.5625,1999.9000,
	2026/03/30 15:45:13	,	739544	,	2037	,10.0181,1999.9000,-0.3483,0.2885,595502.3125,27.3596,604594.7500,1999.9000,
	2026/03/30 15:45:13	,	740544	,	2038	,10.0186,1999.9000,-0.3517,0.5561,595373.1250,27.3629,604736.6875,1999.9000,
	2026/03/30 15:45:13	,	741544	,	2039	,10.0191,1999.9000,-0.3550,0.9781,595338.5625,27.3641,604777.1250,1999.9000,
	2026/03/30 15:45:13	,	742544	,	2040	,10.0196,1999.9000,-0.3578,1.3298,595318.6875,27.3652,604888.2500,1999.9000,
	2026/03/30 15:45:13	,	743544	,	2041	,10.0201,1999.9000,-0.3618,1.7223,595179.5000,27.3675,605015.1250,1999.9000,
	2026/03/30 15:45:13	,	744544	,	2042	,10.0206,1999.9000,-0.3700,2.0494,594868.5000,27.3695,605311.6875,1999.9000,
	2026/03/30 15:45:13	,	745544	,	2043	,10.0211,1999.9000,-0.3771,2.3220,594726.6875,27.3696,605311.6875,1999.9000,
	2026/03/30 15:45:13	,	746544	,	2044	,10.0216,1999.9000,-0.3826,2.5491,594726.6875,27.3667,605311.6875,1999.9000,
	2026/03/30 15:45:13	,	747544	,	2045	,10.0221,1999.9000,-0.3826,2.7384,594726.6875,27.3627,605311.6875,1999.9000,
	2026/03/30 15:45:13	,	748544	,	2046	,10.0225,1999.9000,-0.3826,2.8962,594726.6875,27.3594,605311.6875,1999.9000,
	2026/03/30 15:45:13	,	749544	,	2047	,10.0230,1999.9000,-0.3826,2.8287,594726.6875,27.3581,605152.8125,1999.9000,
	2026/03/30 15:45:13	,	750544	,	2048	,10.0235,1999.9000,-0.3826,2.5735,594876.2500,27.3586,604995.7500,1999.9000,
	2026/03/30 15:45:13	,	751544	,	2049	,10.0240,1999.9000,-0.3825,2.3609,594902.1875,27.3590,604885.8750,1999.9000,
	2026/03/30 15:45:13	,	752544	,	2050	,10.0240,1999.9000,-0.3822,1.9847,594916.5625,27.3563,604797.6250,1999.9000,
	2026/03/30 15:45:13	,	753544	,	2051	,10.0251,1999.9000,-0.3794,1.5718,595020.3750,27.3572,604693.7500,1999.9000,
	2026/03/30 15:45:13	,	754544	,	2052	,10.0256,1999.9000,-0.3740,1.2276,595326.6875,27.3578,604435.8750,1999.9000,
	2026/03/30 15:45:13	,	755544	,	2053	,10.0261,1999.9000,-0.3698,0.9409,595583.5000,27.3599,604435.8750,1999.9000,
	2026/03/30 15:45:13	,	756544	,	2054	,10.0266,1999.9000,-0.3698,0.7019,595583.5000,27.3632,604435.8750,1999.9000,
	2026/03/30 15:45:13	,	757544	,	2055	,10.0266,1999.9000,-0.3698,0.5027,595583.5000,27.3720,604435.8750,1999.9000,
	2026/03/30 15:45:13	,	758544	,	2056	,10.0277,1999.9000,-0.3698,0.3368,595583.5000,27.3793,604435.8750,1999.9000,
	2026/03/30 15:45:13	,	759544	,	2057	,10.0283,1999.9000,-0.3698,0.1985,595583.5000,27.3916,604533.1250,1999.9000,
	2026/03/30 15:45:13	,	760544	,	2058	,10.0289,1999.9000,-0.3741,0.0833,595410.0625,27.4033,604704.0000,1999.9000,
	2026/03/30 15:45:13	,	761544	,	2059	,10.0294,1999.9000,-0.3778,0.5841,595372.2500,27.4130,604799.4375,1999.9000,
	2026/03/30 15:45:13	,	762544	,	2060	,10.0299,1999.9000,-0.3809,1.3993,595353.1250,27.4212,604839.5625,1999.9000,
	2026/03/30 15:45:13	,	763544	,	2061	,10.0299,1999.9000,-0.3840,2.1781,595262.3125,27.4264,604973.4375,1999.9000,
	2026/03/30 15:45:13	,	764544	,	2062	,10.0305,1999.9000,-0.3907,2.8272,595016.2500,27.4308,605219.8125,1999.9000,
	2026/03/30 15:45:13	,	765544	,	2063	,10.0311,1999.9000,-0.3981,3.3680,594661.1875,27.4284,605219.8125,1999.9000,
	2026/03/30 15:45:13	,	766544	,	2064	,10.0316,1999.9000,-0.4032,3.8187,594661.1875,27.4233,605219.8125,1999.9000,
	2026/03/30 15:45:13	,	767544	,	2065	,10.0322,1999.9000,-0.4032,4.0949,594661.1875,27.4129,605219.8125,1999.9000,
	2026/03/30 15:45:13	,	768544	,	2066	,10.0327,1999.9000,-0.4032,3.7281,594661.1875,27.4043,605219.8125,1999.9000,
	2026/03/30 15:45:13	,	769544	,	2067	,10.0332,1999.9000,-0.4032,3.1241,594661.1875,27.3956,605217.7500,1999.9000,
	2026/03/30 15:45:13	,	770544	,	2068	,10.0337,1999.9000,-0.4032,2.5212,594829.7500,27.3883,605011.4375,1999.9000,
	2026/03/30 15:45:13	,	771544	,	2069	,10.0343,1999.9000,-0.4006,1.9194,594869.3125,27.3792,604896.7500,1999.9000,
	2026/03/30 15:45:13	,	772544	,	2070	,10.0349,1999.9000,-0.3996,1.3184,594889.1250,27.3716,604806.1250,1999.9000,
	2026/03/30 15:45:13	,	773544	,	2071	,10.0354,1999.9000,-0.3973,0.8175,594907.6875,27.3653,604716.1250,1999.9000,
	2026/03/30 15:45:13	,	774544	,	2072	,10.0359,1999.9000,-0.3931,0.3007,595202.1875,27.3600,604519.8125,1999.9000,
	2026/03/30 15:45:13	,	775544	,	2073	,10.0365,1999.9000,-0.3872,-0.2295,595581.1250,27.3602,604483.5625,1999.9000,
	2026/03/30 15:45:13	,	776544	,	2074	,10.0370,1999.9000,-0.3872,-0.5718,595581.1250,27.3603,604471.5000,1999.9000,
	2026/03/30 15:45:13	,	777544	,	2075	,10.0375,1999.9000,-0.3872,-0.7576,595581.1250,27.3605,604465.5000,1999.9000,
	2026/03/30 15:45:13	,	778544	,	2076	,10.0381,1999.9000,-0.3872,-0.7135,595581.1250,27.3606,604461.9375,1999.9000,
	2026/03/30 15:45:13	,	779544	,	2077	,10.0386,1999.9000,-0.3872,-0.6767,595581.1250,27.3607,604459.5000,1999.9000,
	2026/03/30 15:45:13	,	780544	,	2078	,10.0391,1999.9000,-0.3874,-0.6767,595452.3750,27.3608,604649.6875,1999.9000,
	2026/03/30 15:45:13	,	781544	,	2079	,10.0397,1999.9000,-0.3920,0.1255,595342.7500,27.3608,604768.0625,1999.9000,
	2026/03/30 15:45:13	,	782544	,	2080	,10.0402,1999.9000,-0.3955,0.1255,595323.6250,27.3639,604859.8750,1999.9000,
	2026/03/30 15:45:13	,	783544	,	2081	,10.0408,1999.9000,-0.3988,0.7187,595306.0000,27.3695,604889.1875,1999.9000,
	2026/03/30 15:45:13	,	784544	,	2082	,10.0414,1999.9000,-0.4046,1.2131,595113.3750,27.3742,605105.7500,1999.9000,
	2026/03/30 15:45:13	,	785544	,	2083	,10.0420,1999.9000,-0.4133,1.6251,594770.7500,27.3782,605256.0625,1999.9000,
	2026/03/30 15:45:13	,	786544	,	2084	,10.0426,1999.9000,-0.4198,1.9684,594770.7500,27.3784,605256.0625,1999.9000,
	2026/03/30 15:45:13	,	787544	,	2085	,10.0431,1999.9000,-0.4201,1.9560,594770.7500,27.3786,605256.0625,1999.9000,
	2026/03/30 15:45:13	,	788544	,	2086	,10.0437,1999.9000,-0.4203,1.9458,594770.7500,27.3802,605256.0625,1999.9000,
	2026/03/30 15:45:13	,	789544	,	2087	,10.0443,1999.9000,-0.4203,2.1362,594770.7500,27.3801,605256.0625,1999.9000,
	2026/03/30 15:45:13	,	790544	,	2088	,10.0448,1999.9000,-0.4203,2.2948,594770.9375,27.3800,605038.6875,1999.9000,
	2026/03/30 15:45:13	,	791544	,	2089	,10.0453,1999.9000,-0.4204,2.2281,594897.1250,27.3768,604922.6875,1999.9000,
	2026/03/30 15:45:13	,	792544	,	2090	,10.0459,1999.9000,-0.4200,2.1725,594917.6875,27.3742,604832.1250,1999.9000,
	2026/03/30 15:45:13	,	793544	,	2091	,10.0465,1999.9000,-0.4166,2.1261,594929.0625,27.3720,604747.5625,1999.9000,
	2026/03/30 15:45:13	,	794544	,	2092	,10.0470,1999.9000,-0.4133,1.6896,595084.1875,27.3702,604595.8750,1999.9000,
	2026/03/30 15:45:13	,	795544	,	2093	,10.0476,1999.9000,-0.4066,1.3258,595430.9375,27.3687,604387.0000,1999.9000,
	2026/03/30 15:45:13	,	796544	,	2094	,10.0482,1999.9000,-0.4027,1.0227,595524.5000,27.3674,604387.0000,1999.9000,
	2026/03/30 15:45:13	,	797544	,	2095	,10.0487,1999.9000,-0.4027,0.7701,595524.5000,27.3664,604387.0000,1999.9000,
	2026/03/30 15:45:13	,	798544	,	2096	,10.0493,1999.9000,-0.4027,0.5596,595524.5000,27.3655,604387.0000,1999.9000,
	2026/03/30 15:45:13	,	799544	,	2097	,10.0498,1999.9000,-0.4027,0.3842,595524.5000,27.3648,604387.0000,1999.9000,
	2026/03/30 15:45:13	,	800544	,	2098	,10.0504,1999.9000,-0.4027,0.2380,595524.5000,27.3626,604606.1875,1999.9000,
	2026/03/30 15:45:13	,	801544	,	2099	,10.0510,1999.9000,-0.4063,0.1161,595383.2500,27.3609,604740.8750,1999.9000,
	2026/03/30 15:45:13	,	802544	,	2100	,10.0515,1999.9000,-0.4097,0.0146,595354.6250,27.3594,604830.3125,1999.9000,
	2026/03/30 15:45:13	,	803544	,	2101	,10.0521,1999.9000,-0.4129,0.0295,595337.3750,27.3581,604867.7500,1999.9000,
	2026/03/30 15:45:13	,	804544	,	2102	,10.0527,1999.9000,-0.4174,0.1414,595208.6875,27.3571,605038.0625,1999.9000,
	2026/03/30 15:45:13	,	805544	,	2103	,10.0533,1999.9000,-0.4256,0.2346,594906.0000,27.3578,605329.1875,1999.9000,
	2026/03/30 15:45:13	,	806544	,	2104	,10.0539,1999.9000,-0.4326,0.2128,594710.5625,27.3599,605329.1875,1999.9000,
	2026/03/30 15:45:13	,	807544	,	2105	,10.0545,1999.9000,-0.4374,0.7598,594710.5625,27.3616,605329.1875,1999.9000,
	2026/03/30 15:45:13	,	808544	,	2106	,10.0550,1999.9000,-0.4374,0.7598,594710.5625,27.3631,605329.1875,1999.9000,
	2026/03/30 15:45:13	,	809544	,	2107	,10.0557,1999.9000,-0.4374,1.3468,594710.5625,27.3688,605329.1875,1999.9000,
	2026/03/30 15:45:13	,	810544	,	2108	,10.0563,1999.9000,-0.4374,1.8360,594710.5625,27.3736,605117.8125,1999.9000,
	2026/03/30 15:45:13	,	811544	,	2109	,10.0569,1999.9000,-0.4374,2.2436,594878.0000,27.3777,604959.5000,1999.9000,
	2026/03/30 15:45:13	,	812544	,	2110	,10.0575,1999.9000,-0.4371,2.5833,594907.1875,27.3764,604843.5625,1999.9000,
	2026/03/30 15:45:13	,	813544	,	2111	,10.0581,1999.9000,-0.4346,2.6674,594919.3125,27.3754,604760.2500,1999.9000,
	2026/03/30 15:45:13	,	814544	,	2112	,10.0586,1999.9000,-0.4338,2.7375,595009.6875,27.3745,604637.0000,1999.9000,
	2026/03/30 15:45:13	,	815544	,	2113	,10.0592,1999.9000,-0.4278,2.9949,595296.3125,27.3708,604365.8125,1999.9000,
	2026/03/30 15:45:13	,	816544	,	2114	,10.0598,1999.9000,-0.4231,3.0104,595607.2500,27.3676,604365.8125,1999.9000,
	2026/03/30 15:45:13	,	817544	,	2115	,10.0605,1999.9000,-0.4231,2.9239,595607.2500,27.3711,604365.8125,1999.9000,
	2026/03/30 15:45:13	,	818544	,	2116	,10.0611,1999.9000,-0.4231,2.8518,595607.2500,27.3710,604365.8125,1999.9000,
	2026/03/30 15:45:13	,	819544	,	2117	,10.0616,1999.9000,-0.4231,2.7917,595607.2500,27.3694,604365.8125,1999.9000,
	2026/03/30 15:45:13	,	820544	,	2118	,10.0623,1999.9000,-0.4231,2.4432,595607.2500,27.3680,604542.1250,1999.9000,
	2026/03/30 15:45:13	,	821544	,	2119	,10.0629,1999.9000,-0.4264,2.0533,595423.1875,27.3668,604687.7500,1999.9000,
	2026/03/30 15:45:13	,	822544	,	2120	,10.0635,1999.9000,-0.4299,1.7284,595330.8125,27.3628,604778.9375,1999.9000,
	2026/03/30 15:45:13	,	823544	,	2121	,10.0642,1999.9000,-0.4328,1.8556,595323.0625,27.3595,604864.6875,1999.9000,
	2026/03/30 15:45:13	,	824544	,	2122	,10.0647,1999.9000,-0.4361,1.7626,595310.1250,27.3567,604980.6875,1999.9000,
	2026/03/30 15:45:13	,	825544	,	2123	,10.0653,1999.9000,-0.4428,1.6851,595056.1875,27.3544,605252.5000,1999.9000,
	2026/03/30 15:45:13	,	826544	,	2124	,10.0660,1999.9000,-0.4501,1.6205,594695.1250,27.3544,605252.5000,1999.9000,
	2026/03/30 15:45:13	,	827544	,	2125	,10.0666,1999.9000,-0.4553,1.5667,594695.1250,27.3508,605252.5000,1999.9000,
	2026/03/30 15:45:13	,	828544	,	2126	,10.0672,1999.9000,-0.4553,1.5218,594695.1250,27.3508,605252.5000,1999.9000,
	2026/03/30 15:45:13	,	829544	,	2127	,10.0678,1999.9000,-0.4553,1.4844,594695.1250,27.3495,605252.5000,1999.9000,
	2026/03/30 15:45:13	,	830544	,	2128	,10.0684,1999.9000,-0.4553,1.4533,594695.1250,27.3484,605170.9375,1999.9000,
	2026/03/30 15:45:13	,	831544	,	2129	,10.0690,1999.9000,-0.4553,1.4273,594816.0625,27.3475,605170.9375,1999.9000,
	2026/03/30 15:45:13	,	832544	,	2130	,10.0731,1999.9000,-0.4551,1.3062,594912.0000,27.3467,604981.2500,1999.9000,
	2026/03/30 15:45:13	,	833544	,	2131	,10.0732,1999.9000,-0.4520,1.1058,594927.5000,27.3476,604873.8125,1999.9000,
	2026/03/30 15:45:13	,	834544	,	2132	,10.0736,1999.9000,-0.4499,0.9388,594943.3750,27.3513,604783.8125,1999.9000,
	2026/03/30 15:45:13	,	835544	,	2133	,10.0739,1999.9000,-0.4449,0.7997,595178.3125,27.3514,604695.6250,1999.9000,
	2026/03/30 15:45:13	,	836544	,	2134	,10.0742,1999.9000,-0.4410,0.5842,595545.8750,27.3469,604482.3750,1999.9000,
	2026/03/30 15:45:13	,	837544	,	2135	,10.0745,1999.9000,-0.4410,0.3052,595545.8750,27.3432,604477.2500,1999.9000,
	2026/03/30 15:45:13	,	838544	,	2136	,10.0748,1999.9000,-0.4410,0.0727,595545.8750,27.3401,604475.5625,1999.9000,
	2026/03/30 15:45:13	,	839544	,	2137	,10.0753,1999.9000,-0.4410,-0.1210,595545.8750,27.3375,604474.6875,1999.9000,
	2026/03/30 15:45:13	,	840544	,	2138	,10.0757,1999.9000,-0.4410,-0.2825,595545.8750,27.3384,604474.1875,1999.9000,
	2026/03/30 15:45:13	,	841544	,	2139	,10.0761,1999.9000,-0.4461,-0.6160,595537.5000,27.3391,604473.8750,1999.9000,
	2026/03/30 15:45:13	,	842544	,	2140	,10.0766,1999.9000,-0.4461,-0.8939,595369.5625,27.3397,604666.0000,1999.9000,
	2026/03/30 15:45:13	,	843544	,	2141	,10.0771,1999.9000,-0.4504,-1.3245,595345.1250,27.3402,604777.7500,1999.9000,
	2026/03/30 15:45:13	,	844544	,	2142	,10.0776,1999.9000,-0.4542,-1.6832,595328.0625,27.3406,604816.0625,1999.9000,
	2026/03/30 15:45:13	,	845544	,	2143	,10.0781,1999.9000,-0.4577,-1.9822,595143.1875,27.3410,604938.4375,1999.9000,
	2026/03/30 15:45:13	,	846544	,	2144	,10.0787,1999.9000,-0.4636,-2.0324,594805.9375,27.3413,605151.6250,1999.9000,
	2026/03/30 15:45:13	,	847544	,	2145	,10.0793,1999.9000,-0.4719,-1.6764,594788.6875,27.3415,605247.6875,1999.9000,
	2026/03/30 15:45:13	,	848544	,	2146	,10.0799,1999.9000,-0.4778,-1.3797,594782.8750,27.3448,605247.6875,1999.9000,
	2026/03/30 15:45:13	,	849544	,	2147	,10.0806,1999.9000,-0.4778,-1.0329,594780.0000,27.3475,605247.6875,1999.9000,
	2026/03/30 15:45:13	,	850544	,	2148	,10.0812,1999.9000,-0.4778,-0.2466,594778.3125,27.3498,605247.6875,1999.9000,
	2026/03/30 15:45:13	,	851544	,	2149	,10.0819,1999.9000,-0.4778,0.4086,594777.1250,27.3456,605247.6875,1999.9000,
	2026/03/30 15:45:13	,	852544	,	2150	,10.0859,1999.9000,-0.4778,1.0542,594903.6250,27.3421,605039.2500,1999.9000,
	2026/03/30 15:45:13	,	853544	,	2151	,10.0861,1999.9000,-0.4777,1.5921,594926.2500,27.3391,604925.1250,1999.9000,
	2026/03/30 15:45:13	,	854544	,	2152	,10.0864,1999.9000,-0.4774,1.9409,594936.3750,27.3443,604823.6250,1999.9000,
	2026/03/30 15:45:13	,	855544	,	2153	,10.0867,1999.9000,-0.4739,2.2316,595065.1250,27.3487,604739.6875,1999.9000,
	2026/03/30 15:45:13	,	856544	,	2154	,10.0870,1999.9000,-0.4698,2.1754,595407.6875,27.3523,604559.6875,1999.9000,
	2026/03/30 15:45:13	,	857544	,	2155	,10.0873,1999.9000,-0.4628,2.1285,595541.1250,27.3491,604382.6875,1999.9000,
	2026/03/30 15:45:13	,	858544	,	2156	,10.0877,1999.9000,-0.4628,1.8906,595541.1250,27.3466,604382.6875,1999.9000,
	2026/03/30 15:45:13	,	859544	,	2157	,10.0881,1999.9000,-0.4628,1.6923,595541.1250,27.3505,604382.6875,1999.9000,
	2026/03/30 15:45:13	,	860544	,	2158	,10.0885,1999.9000,-0.4628,1.3281,595541.1250,27.3538,604382.6875,1999.9000,
	2026/03/30 15:45:13	,	861544	,	2159	,10.0889,1999.9000,-0.4628,1.0246,595541.1250,27.3565,604382.6875,1999.9000,
	2026/03/30 15:45:13	,	862544	,	2160	,10.0895,1999.9000,-0.4628,0.7716,595388.6250,27.3588,604579.6250,1999.9000,
	2026/03/30 15:45:13	,	863544	,	2161	,10.0901,1999.9000,-0.4671,0.5609,595354.0625,27.3607,604707.0625,1999.9000,
	2026/03/30 15:45:13	,	864544	,	2162	,10.0906,1999.9000,-0.4712,0.6837,595334.8125,27.3639,604812.1875,1999.9000,
	2026/03/30 15:45:13	,	865544	,	2163	,10.0912,1999.9000,-0.4748,0.7860,595236.0625,27.3665,604852.0625,1999.9000,
	2026/03/30 15:45:13	,	866544	,	2164	,10.0918,1999.9000,-0.4796,0.8712,594965.6250,27.3686,605049.5000,1999.9000,
	2026/03/30 15:45:13	,	867544	,	2165	,10.0923,1999.9000,-0.4880,0.9423,594677.1875,27.3719,605305.6250,1999.9000,
	2026/03/30 15:45:13	,	868544	,	2166	,10.0930,1999.9000,-0.4946,1.2005,594677.1875,27.3747,605305.6250,1999.9000,
	2026/03/30 15:45:13	,	869544	,	2167	,10.0970,1999.9000,-0.4955,1.4156,594677.1875,27.3801,605305.6250,1999.9000,
	2026/03/30 15:45:13	,	870544	,	2168	,10.0973,1999.9000,-0.4957,1.3959,594677.1875,27.3830,605305.6250,1999.9000,
	2026/03/30 15:45:13	,	871544	,	2169	,10.0976,1999.9000,-0.4959,0.8822,594677.1875,27.3840,605305.6250,1999.9000,
	2026/03/30 15:45:13	,	872544	,	2170	,10.0979,1999.9000,-0.4960,0.4540,594834.5000,27.3832,605064.6250,1999.9000,
	2026/03/30 15:45:13	,	873544	,	2171	,10.0982,1999.9000,-0.4960,0.0972,594918.5000,27.3826,604916.0000,1999.9000,
	2026/03/30 15:45:13	,	874544	,	2172	,10.0986,1999.9000,-0.4958,0.4962,594929.2500,27.3820,604829.0625,1999.9000,
	2026/03/30 15:45:13	,	875544	,	2173	,10.0989,1999.9000,-0.4934,1.0277,594950.5625,27.3816,604743.3125,1999.9000,
	2026/03/30 15:45:13	,	876544	,	2174	,10.0993,1999.9000,-0.4912,1.3711,594950.5625,27.3812,604617.0625,1999.9000,
	2026/03/30 15:45:13	,	877544	,	2175	,10.0997,1999.9000,-0.4854,1.5578,595257.5625,27.3840,604346.4375,1999.9000,
	2026/03/30 15:45:13	,	878544	,	2176	,10.1002,1999.9000,-0.4806,1.7134,595616.2500,27.3863,604346.4375,1999.9000,
	2026/03/30 15:45:13	,	879544	,	2177	,10.1008,1999.9000,-0.4806,1.8430,595616.2500,27.3912,604346.4375,1999.9000,
	2026/03/30 15:45:13	,	880544	,	2178	,10.1013,1999.9000,-0.4806,1.9510,595616.2500,27.4000,604346.4375,1999.9000,
	2026/03/30 15:45:13	,	881544	,	2179	,10.1019,1999.9000,-0.4806,2.0411,595616.2500,27.4103,604346.4375,1999.9000,
	2026/03/30 15:45:13	,	882544	,	2180	,10.1026,1999.9000,-0.4806,1.9172,595616.2500,27.4189,604556.0625,1999.9000,
	2026/03/30 15:45:13	,	883544	,	2181	,10.1032,1999.9000,-0.4848,1.8139,595445.2500,27.4260,604707.0625,1999.9000,
	2026/03/30 15:45:13	,	884544	,	2182	,10.1038,1999.9000,-0.4886,1.7278,595353.4375,27.4320,604806.1250,1999.9000,
	2026/03/30 15:45:13	,	885544	,	2183	,10.1044,1999.9000,-0.4923,1.4572,595336.5000,27.4324,604896.1250,1999.9000,
	2026/03/30 15:45:13	,	886544	,	2184	,10.1051,1999.9000,-0.4963,1.1322,595319.3125,27.4297,605009.6875,1999.9000,
	2026/03/30 15:45:13	,	887544	,	2185	,10.1093,1999.9000,-0.5040,0.9608,595077.6250,27.4274,605282.6875,1999.9000,
	2026/03/30 15:45:13	,	888544	,	2186	,10.1096,1999.9000,-0.5119,0.8180,594723.6875,27.4209,605282.6875,1999.9000,
	2026/03/30 15:45:13	,	889544	,	2187	,10.1099,1999.9000,-0.5169,0.9974,594723.6875,27.4140,605282.6875,1999.9000,
	2026/03/30 15:45:13	,	890544	,	2188	,10.1101,1999.9000,-0.5169,1.2463,594723.6875,27.4083,605282.6875,1999.9000,
	2026/03/30 15:45:13	,	891544	,	2189	,10.1105,1999.9000,-0.5169,1.4538,594723.6875,27.4035,605282.6875,1999.9000,
	2026/03/30 15:45:13	,	892544	,	2190	,10.1107,1999.9000,-0.5169,1.6267,594723.6875,27.3995,605152.2500,1999.9000,
	2026/03/30 15:45:13	,	893544	,	2191	,10.1111,1999.9000,-0.5167,1.7708,594919.7500,27.3916,604876.1875,1999.9000,
	2026/03/30 15:45:13	,	894544	,	2192	,10.1116,1999.9000,-0.5167,1.8909,594919.7500,27.3804,604876.1875,1999.9000,
	2026/03/30 15:45:13	,	895544	,	2193	,10.1121,1999.9000,-0.5165,1.9910,594932.8750,27.3711,604789.1875,1999.9000,
	2026/03/30 15:45:13	,	896544	,	2194	,10.1126,1999.9000,-0.5142,2.0743,594945.7500,27.3633,604686.5000,1999.9000,
	2026/03/30 15:45:13	,	897544	,	2195	,10.1132,1999.9000,-0.5097,2.1438,595149.1250,27.3568,604444.9375,1999.9000,
	2026/03/30 15:45:13	,	898544	,	2196	,10.1138,1999.9000,-0.5038,2.0028,595519.7500,27.3514,604444.9375,1999.9000,
	2026/03/30 15:45:13	,	899544	,	2197	,10.1144,1999.9000,-0.5038,1.8852,595519.7500,27.3485,604444.9375,1999.9000,
	2026/03/30 15:45:13	,	900544	,	2198	,10.1151,1999.9000,-0.5038,1.2899,595519.7500,27.3445,604444.9375,1999.9000,
	2026/03/30 15:45:13	,	901544	,	2199	,10.1192,1999.9000,-0.5038,0.7938,595519.7500,27.3397,604444.9375,1999.9000,
	2026/03/30 15:45:13	,	902544	,	2200	,10.1194,1999.9000,-0.5038,0.3804,595519.7500,27.3371,604451.1875,1999.9000,
	2026/03/30 15:45:13	,	903544	,	2201	,10.1198,1999.9000,-0.5040,0.0359,595514.8125,27.3365,604652.1250,1999.9000,
	2026/03/30 15:45:13	,	904544	,	2202	,10.1201,1999.9000,-0.5081,0.2462,595353.4375,27.3361,604758.3750,1999.9000,
	2026/03/30 15:45:13	,	905544	,	2203	,10.1205,1999.9000,-0.5112,0.5209,595327.3125,27.3357,604854.4375,1999.9000,
	2026/03/30 15:45:13	,	906544	,	2204	,10.1208,1999.9000,-0.5141,1.0482,595309.0625,27.3445,604940.8125,1999.9000,
	2026/03/30 15:45:13	,	907544	,	2205	,10.1211,1999.9000,-0.5202,1.4877,595154.4375,27.3518,605166.6875,1999.9000,
	2026/03/30 15:45:13	,	908544	,	2206	,10.1216,1999.9000,-0.5287,1.8539,594816.6250,27.3580,605196.3125,1999.9000,
	2026/03/30 15:45:13	,	909544	,	2207	,10.1221,1999.9000,-0.5331,2.2585,594729.6875,27.3631,605206.1875,1999.9000,
	2026/03/30 15:45:13	,	910544	,	2208	,10.1226,1999.9000,-0.5331,2.5957,594729.6875,27.3673,605211.0625,1999.9000,
	2026/03/30 15:45:13	,	911544	,	2209	,10.1231,1999.9000,-0.5331,2.8768,594729.6875,27.3708,605214.0000,1999.9000,
	2026/03/30 15:45:13	,	912544	,	2210	,10.1237,1999.9000,-0.5331,3.0115,594729.6875,27.3723,605215.9375,1999.9000,
	2026/03/30 15:45:13	,	913544	,	2211	,10.1243,1999.9000,-0.5331,3.1237,594729.6875,27.3720,605022.3750,1999.9000,
	2026/03/30 15:45:13	,	914544	,	2212	,10.1249,1999.9000,-0.5306,3.3167,594869.6875,27.3702,604900.3125,1999.9000,
	2026/03/30 15:45:13	,	915544	,	2213	,10.1255,1999.9000,-0.5297,3.1791,594899.8125,27.3687,604803.0625,1999.9000,
	2026/03/30 15:45:13	,	916544	,	2214	,10.1262,1999.9000,-0.5275,3.0645,594917.9375,27.3674,604716.1250,1999.9000,
	2026/03/30 15:45:13	,	917544	,	2215	,10.1268,1999.9000,-0.5241,2.9690,595044.8750,27.3664,604527.6875,1999.9000,
	2026/03/30 15:45:13	,	918544	,	2216	,10.1311,1999.9000,-0.5179,2.8893,595360.0625,27.3655,604419.5625,1999.9000,
	2026/03/30 15:45:13	,	919544	,	2217	,10.1316,1999.9000,-0.5179,2.7235,595556.0625,27.3648,604419.5625,1999.9000,
	2026/03/30 15:45:13	,	920544	,	2218	,10.1318,1999.9000,-0.5179,2.3864,595556.0625,27.3642,604419.5625,1999.9000,
	2026/03/30 15:45:13	,	921544	,	2219	,10.1322,1999.9000,-0.5179,2.0060,595556.0625,27.3637,604419.5625,1999.9000,
	2026/03/30 15:45:13	,	922544	,	2220	,10.1326,1999.9000,-0.5179,1.6889,595556.0625,27.3633,604419.5625,1999.9000,
	2026/03/30 15:45:13	,	923544	,	2221	,10.1330,1999.9000,-0.5222,1.2258,595556.0625,27.3629,604621.8750,1999.9000,
	2026/03/30 15:45:13	,	924544	,	2222	,10.1335,1999.9000,-0.5271,0.8399,595381.4375,27.3611,604745.1250,1999.9000,
	2026/03/30 15:45:13	,	925544	,	2223	,10.1339,1999.9000,-0.5312,0.7172,595346.6250,27.3596,604845.9375,1999.9000,
	2026/03/30 15:45:13	,	926544	,	2224	,10.1344,1999.9000,-0.5345,0.7145,595330.8125,27.3629,604931.7500,1999.9000,
	2026/03/30 15:45:13	,	927544	,	2225	,10.1349,1999.9000,-0.5390,0.7122,595245.6875,27.3717,605116.5625,1999.9000,
	2026/03/30 15:45:13	,	928544	,	2226	,10.1355,1999.9000,-0.5471,0.7103,594979.8750,27.3822,605311.0625,1999.9000,
	2026/03/30 15:45:13	,	929544	,	2227	,10.1360,1999.9000,-0.5531,0.7087,594669.5000,27.3909,605311.0625,1999.9000,
	2026/03/30 15:45:13	,	930544	,	2228	,10.1365,1999.9000,-0.5531,0.7073,594669.5000,27.3951,605311.0625,1999.9000,
	2026/03/30 15:45:13	,	931544	,	2229	,10.1371,1999.9000,-0.5531,0.7062,594669.5000,27.3985,605311.0625,1999.9000,
	2026/03/30 15:45:13	,	932544	,	2230	,10.1377,1999.9000,-0.5531,1.0037,594669.5000,27.4015,605311.0625,1999.9000,
	2026/03/30 15:45:13	,	933544	,	2231	,10.1419,1999.9000,-0.5531,1.2517,594669.5000,27.4039,605087.6250,1999.9000,
	2026/03/30 15:45:13	,	934544	,	2232	,10.1423,1999.9000,-0.5531,1.5577,594847.6250,27.4044,604940.1875,1999.9000,
	2026/03/30 15:45:13	,	935544	,	2233	,10.1426,1999.9000,-0.5510,1.8128,594884.2500,27.4048,604828.4375,1999.9000,
	2026/03/30 15:45:13	,	936544	,	2234	,10.1429,1999.9000,-0.5503,2.0253,594902.2500,27.4037,604792.1875,1999.9000,
	2026/03/30 15:45:13	,	937544	,	2235	,10.1431,1999.9000,-0.5474,2.1030,594920.1250,27.3966,604613.4375,1999.9000,
	2026/03/30 15:45:13	,	938544	,	2236	,10.1435,1999.9000,-0.5416,2.1677,595216.4375,27.3906,604352.5000,1999.9000,
	2026/03/30 15:45:13	,	939544	,	2237	,10.1440,1999.9000,-0.5368,2.2216,595588.2500,27.3857,604352.5000,1999.9000,
	2026/03/30 15:45:13	,	940544	,	2238	,10.1440,1999.9000,-0.5368,2.3660,595588.2500,27.3816,604352.5000,1999.9000,
	2026/03/30 15:45:13	,	941544	,	2239	,10.1449,1999.9000,-0.5368,2.4864,595588.2500,27.3797,604352.5000,1999.9000,
	2026/03/30 15:45:13	,	942544	,	2240	,10.1455,1999.9000,-0.5368,2.4872,595588.2500,27.3782,604352.5000,1999.9000,
	2026/03/30 15:45:13	,	943544	,	2241	,10.1461,1999.9000,-0.5368,2.3884,595588.2500,27.3769,604572.9375,1999.9000,
	2026/03/30 15:45:13	,	944544	,	2242	,10.1467,1999.9000,-0.5397,2.3061,595447.0000,27.3742,604721.5625,1999.9000,
	2026/03/30 15:45:13	,	945544	,	2243	,10.1473,1999.9000,-0.5427,1.9390,595338.5625,27.3721,604823.6250,1999.9000,
	2026/03/30 15:45:13	,	946544	,	2244	,10.1480,1999.9000,-0.5453,1.6332,595315.6250,27.3702,604907.0000,1999.9000,
	2026/03/30 15:45:13	,	947544	,	2245	,10.1486,1999.9000,-0.5486,1.3783,595297.6250,27.3657,605036.8125,1999.9000,
	2026/03/30 15:45:13	,	948544	,	2246	,10.1529,1999.9000,-0.5557,1.1659,595088.3125,27.3619,605331.0000,1999.9000,
	2026/03/30 15:45:13	,	949544	,	2247	,10.1533,1999.9000,-0.5627,0.9889,594743.3750,27.3587,605331.0000,1999.9000,
	2026/03/30 15:45:13	,	950544	,	2248	,10.1533,1999.9000,-0.5664,0.8414,594743.3750,27.3561,605331.0000,1999.9000,
	2026/03/30 15:45:13	,	951544	,	2249	,10.1536,1999.9000,-0.5664,1.3153,594743.3750,27.3538,605331.0000,1999.9000,
	2026/03/30 15:45:13	,	952544	,	2250	,10.1541,1999.9000,-0.5664,1.7102,594743.3750,27.3566,605331.0000,1999.9000,
	2026/03/30 15:45:13	,	953544	,	2251	,10.1544,1999.9000,-0.5664,2.0394,594743.3750,27.3604,605120.1875,1999.9000,
	2026/03/30 15:45:13	,	954544	,	2252	,10.1548,1999.9000,-0.5664,2.3136,594750.3125,27.3636,604944.4375,1999.9000,
	2026/03/30 15:45:13	,	955544	,	2253	,10.1551,1999.9000,-0.5662,1.9453,594902.5000,27.3662,604839.9375,1999.9000,
	2026/03/30 15:45:13	,	956544	,	2254	,10.1555,1999.9000,-0.5659,1.6384,594919.7500,27.3662,604754.8125,1999.9000,
	2026/03/30 15:45:13	,	957544	,	2255	,10.1560,1999.9000,-0.5636,1.3827,594932.2500,27.3684,604653.3125,1999.9000,
	2026/03/30 15:45:13	,	958544	,	2256	,10.1566,1999.9000,-0.5592,1.1695,595105.0000,27.3702,604388.1250,1999.9000,
	2026/03/30 15:45:13	,	959544	,	2257	,10.1571,1999.9000,-0.5555,0.9919,595463.1250,27.3718,604388.1250,1999.9000,
	2026/03/30 15:45:13	,	960544	,	2258	,10.1577,1999.9000,-0.5555,0.8439,595491.4375,27.3730,604388.1250,1999.9000,
	2026/03/30 15:45:13	,	961544	,	2259	,10.1583,1999.9000,-0.5555,0.7206,595500.8750,27.3741,604388.1250,1999.9000,
	2026/03/30 15:45:13	,	962544	,	2260	,10.1625,1999.9000,-0.5555,0.8167,595505.5625,27.3750,604388.1250,1999.9000,
	2026/03/30 15:45:13	,	963544	,	2261	,10.1628,1999.9000,-0.5555,0.8969,595508.3750,27.3757,604499.3125,1999.9000,
	2026/03/30 15:45:13	,	964544	,	2262	,10.1632,1999.9000,-0.5593,1.1626,595510.2500,27.3824,604662.9375,1999.9000,
	2026/03/30 15:45:13	,	965544	,	2263	,10.1637,1999.9000,-0.5627,1.3840,595378.5000,27.3880,604765.0625,1999.9000,
	2026/03/30 15:45:13	,	966544	,	2264	,10.1641,1999.9000,-0.5661,1.3696,595351.9375,27.3927,604861.6875,1999.9000,
	2026/03/30 15:45:13	,	967544	,	2265	,10.1644,1999.9000,-0.5692,1.4571,595338.9375,27.3966,604975.8125,1999.9000,
	2026/03/30 15:45:13	,	968544	,	2266	,10.1648,1999.9000,-0.5753,1.6295,595209.3125,27.3998,605234.3750,1999.9000,
	2026/03/30 15:45:13	,	969544	,	2267	,10.1653,1999.9000,-0.5832,1.6736,594892.3125,27.4025,605234.3750,1999.9000,
	2026/03/30 15:45:13	,	970544	,	2268	,10.1658,1999.9000,-0.5842,1.8099,594721.3125,27.4048,605234.3750,1999.9000,
	2026/03/30 15:45:13	,	971544	,	2269	,10.1664,1999.9000,-0.5846,1.8240,594721.3125,27.4006,605234.3750,1999.9000,
	2026/03/30 15:45:13	,	972544	,	2270	,10.1670,1999.9000,-0.5848,1.7362,594721.3125,27.3955,605234.3750,1999.9000,
	2026/03/30 15:45:13	,	973544	,	2271	,10.1676,1999.9000,-0.5849,1.4642,594721.3125,27.3913,605231.5000,1999.9000,
	2026/03/30 15:45:13	,	974544	,	2272	,10.1681,1999.9000,-0.5849,1.4364,594721.3125,27.3878,605006.6250,1999.9000,
	2026/03/30 15:45:13	,	975544	,	2273	,10.1725,1999.9000,-0.5822,1.5127,594853.0000,27.3849,604891.3125,1999.9000,
	2026/03/30 15:45:13	,	976544	,	2274	,10.1729,1999.9000,-0.5799,1.4769,594886.6875,27.3809,604806.1250,1999.9000,
	2026/03/30 15:45:13	,	977544	,	2275	,10.1731,1999.9000,-0.5790,1.2480,594907.8125,27.3730,604766.8750,1999.9000,
	2026/03/30 15:45:13	,	978544	,	2276	,10.1733,1999.9000,-0.5739,0.9579,595050.1875,27.3665,604519.8125,1999.9000,
	2026/03/30 15:45:13	,	979544	,	2277	,10.1735,1999.9000,-0.5665,0.7161,595363.0000,27.3610,604488.3750,1999.9000,
	2026/03/30 15:45:13	,	980544	,	2278	,10.1739,1999.9000,-0.5665,0.7161,595603.7500,27.3564,604477.9375,1999.9000,
	2026/03/30 15:45:13	,	981544	,	2279	,10.1742,1999.9000,-0.5625,0.3466,595603.7500,27.3602,604472.6875,1999.9000,
	2026/03/30 15:45:13	,	982544	,	2280	,10.1747,1999.9000,-0.5625,0.2067,595603.7500,27.3665,604469.5625,1999.9000,
	2026/03/30 15:45:13	,	983544	,	2281	,10.1752,1999.9000,-0.5625,0.0901,595603.7500,27.3717,604467.4375,1999.9000,
	2026/03/30 15:45:13	,	984544	,	2282	,10.1759,1999.9000,-0.5625,-0.0071,595603.7500,27.3776,604644.2500,1999.9000,
	2026/03/30 15:45:13	,	985544	,	2283	,10.1766,1999.9000,-0.5663,0.0114,595432.6875,27.3825,604745.1250,1999.9000,
	2026/03/30 15:45:13	,	986544	,	2284	,10.1772,1999.9000,-0.5698,0.1263,595333.8125,27.3865,604841.1250,1999.9000,
	2026/03/30 15:45:13	,	987544	,	2285	,10.1778,1999.9000,-0.5727,0.2220,595322.5625,27.3899,604875.8125,1999.9000,
	2026/03/30 15:45:13	,	988544	,	2286	,10.1785,1999.9000,-0.5773,0.3018,595301.6875,27.3928,605098.4375,1999.9000,
	2026/03/30 15:45:13	,	989544	,	2287	,10.1791,1999.9000,-0.5854,0.3683,595027.5625,27.3951,605257.3125,1999.9000,
	2026/03/30 15:45:13	,	990544	,	2288	,10.1833,1999.9000,-0.5915,0.4237,594679.0000,27.3910,605257.3125,1999.9000,
	2026/03/30 15:45:13	,	991544	,	2289	,10.1837,1999.9000,-0.5919,0.5694,594679.0000,27.3860,605257.3125,1999.9000,
	2026/03/30 15:45:13	,	992544	,	2290	,10.1841,1999.9000,-0.5920,0.6907,594679.0000,27.3819,605257.3125,1999.9000,
	2026/03/30 15:45:13	,	993544	,	2291	,10.1846,1999.9000,-0.5921,0.7919,594679.0000,27.3769,605257.3125,1999.9000,
	2026/03/30 15:45:13	,	994544	,	2292	,10.1850,1999.9000,-0.5921,0.8761,594679.0000,27.3727,605257.3125,1999.9000,
	2026/03/30 15:45:13	,	995544	,	2293	,10.1853,1999.9000,-0.5921,0.9464,594833.3750,27.3677,605052.5000,1999.9000,
	2026/03/30 15:45:13	,	996544	,	2294	,10.1857,1999.9000,-0.5919,1.0049,594928.1250,27.3620,604934.1250,1999.9000,
	2026/03/30 15:45:13	,	997544	,	2295	,10.1861,1999.9000,-0.5916,1.0537,594942.3750,27.3573,604836.9375,1999.9000,
	2026/03/30 15:45:13	,	998544	,	2296	,10.1865,1999.9000,-0.5874,1.0943,594957.6875,27.3534,604755.4375,1999.9000,
	2026/03/30 15:45:13	,	999544	,	2297	,10.1871,1999.9000,-0.5811,1.1282,595197.9375,27.3501,604588.6875,1999.9000,
	2026/03/30 15:45:14	,	000544	,	2298	,10.1876,1999.9000,-0.5769,1.1282,595555.5000,27.3473,604388.7500,1999.9000,
	2026/03/30 15:45:14	,	001544	,	2299	,10.1883,1999.9000,-0.5769,0.9575,595555.5000,27.3450,604388.7500,1999.9000,
	2026/03/30 15:45:14	,	002544	,	2300	,10.1924,1999.9000,-0.5769,0.5168,595555.5000,27.3492,604388.7500,1999.9000,
	2026/03/30 15:45:14	,	003544	,	2301	,10.1926,1999.9000,-0.5769,0.1496,595555.5000,27.3588,604388.7500,1999.9000,
	2026/03/30 15:45:14	,	004544	,	2302	,10.1929,1999.9000,-0.5769,-0.1565,595555.5000,27.3668,604388.7500,1999.9000,
	2026/03/30 15:45:14	,	005544	,	2303	,10.1934,1999.9000,-0.5805,-0.4115,595473.2500,27.3735,604591.0625,1999.9000,
	2026/03/30 15:45:14	,	006544	,	2304	,10.1938,1999.9000,-0.5832,-0.6240,595360.0625,27.3730,604720.9375,1999.9000,
	2026/03/30 15:45:14	,	007544	,	2305	,10.1941,1999.9000,-0.5841,-0.8011,595344.5625,27.3726,604815.1250,1999.9000,
	2026/03/30 15:45:14	,	008544	,	2306	,10.1946,1999.9000,-0.5870,-0.4514,595328.0625,27.3783,604852.5625,1999.9000,
	2026/03/30 15:45:14	,	009544	,	2307	,10.1951,1999.9000,-0.5933,0.1386,595128.2500,27.3831,605024.7500,1999.9000,
	2026/03/30 15:45:14	,	010544	,	2308	,10.1956,1999.9000,-0.5999,0.6301,594793.4375,27.3809,605327.9375,1999.9000,
	2026/03/30 15:45:14	,	011544	,	2309	,10.1961,1999.9000,-0.6036,1.0398,594793.4375,27.3776,605327.9375,1999.9000,
	2026/03/30 15:45:14	,	012544	,	2310	,10.1967,1999.9000,-0.6036,1.0828,594793.4375,27.3749,605327.9375,1999.9000,
	2026/03/30 15:45:14	,	013544	,	2311	,10.1973,1999.9000,-0.6036,1.1186,594793.4375,27.3741,605327.9375,1999.9000,
	2026/03/30 15:45:14	,	014544	,	2312	,10.1979,1999.9000,-0.6036,1.2479,594793.4375,27.3735,605327.9375,1999.9000,
	2026/03/30 15:45:14	,	015544	,	2313	,10.2020,1999.9000,-0.6036,1.3556,594794.2500,27.3714,605108.1250,1999.9000,
	2026/03/30 15:45:14	,	016544	,	2314	,10.2024,1999.9000,-0.6010,1.4454,594924.5000,27.3697,604951.1250,1999.9000,
	2026/03/30 15:45:14	,	017544	,	2315	,10.2027,1999.9000,-0.5986,1.5203,594944.1250,27.3637,604848.3750,1999.9000,
	2026/03/30 15:45:14	,	018544	,	2316	,10.2030,1999.9000,-0.5962,1.5826,594952.5000,27.3587,604758.3750,1999.9000,
	2026/03/30 15:45:14	,	019544	,	2317	,10.2034,1999.9000,-0.5903,1.9330,595083.0000,27.3576,604647.3125,1999.9000,
	2026/03/30 15:45:14	,	020544	,	2318	,10.2038,1999.9000,-0.5841,2.2250,595430.3125,27.3612,604382.6875,1999.9000,
	2026/03/30 15:45:14	,	021544	,	2319	,10.2042,1999.9000,-0.5841,2.4683,595541.1250,27.3627,604382.6875,1999.9000,
	2026/03/30 15:45:14	,	022544	,	2320	,10.2047,1999.9000,-0.5841,2.6711,595541.1250,27.3609,604382.6875,1999.9000,
	2026/03/30 15:45:14	,	023544	,	2321	,10.2052,1999.9000,-0.5841,2.9809,595541.1250,27.3625,604382.6875,1999.9000,
	2026/03/30 15:45:14	,	024544	,	2322	,10.2058,1999.9000,-0.5841,2.9809,595541.1250,27.3638,604382.6875,1999.9000,
	2026/03/30 15:45:14	,	025544	,	2323	,10.2064,1999.9000,-0.5841,2.7003,595541.1250,27.3648,604522.2500,1999.9000,
	2026/03/30 15:45:14	,	026544	,	2324	,10.2105,1999.9000,-0.5843,2.4665,595385.0625,27.3658,604666.5625,1999.9000,
	2026/03/30 15:45:14	,	027544	,	2325	,10.2108,1999.9000,-0.5878,2.2717,595354.6875,27.3696,604768.6250,1999.9000,
	2026/03/30 15:45:14	,	028544	,	2326	,10.2112,1999.9000,-0.5904,2.0099,595337.1875,27.3743,604857.4375,1999.9000,
	2026/03/30 15:45:14	,	029544	,	2327	,10.2115,1999.9000,-0.5928,1.6922,595223.0000,27.3751,604970.3750,1999.9000,
	2026/03/30 15:45:14	,	030544	,	2328	,10.2119,1999.9000,-0.5983,1.4275,594928.6250,27.3758,605243.3750,1999.9000,
	2026/03/30 15:45:14	,	031544	,	2329	,10.2122,1999.9000,-0.6057,1.2069,594717.7500,27.3764,605243.3750,1999.9000,
	2026/03/30 15:45:14	,	032544	,	2330	,10.2126,1999.9000,-0.6106,1.0230,594717.7500,27.3754,605243.3750,1999.9000,
	2026/03/30 15:45:14	,	033544	,	2331	,10.2131,1999.9000,-0.6106,0.8699,594717.7500,27.3761,605243.3750,1999.9000,
	2026/03/30 15:45:14	,	034544	,	2332	,10.2136,1999.9000,-0.6106,0.7422,594717.7500,27.3766,605243.3750,1999.9000,
	2026/03/30 15:45:14	,	035544	,	2333	,10.2142,1999.9000,-0.6106,0.6358,594717.7500,27.3741,605232.1250,1999.9000,
	2026/03/30 15:45:14	,	036544	,	2334	,10.2147,1999.9000,-0.6106,0.4477,594884.0000,27.3719,604993.3125,1999.9000,
	2026/03/30 15:45:14	,	037544	,	2335	,10.2153,1999.9000,-0.6084,0.2909,594915.5625,27.3701,604873.8125,1999.9000,
	2026/03/30 15:45:14	,	038544	,	2336	,10.2160,1999.9000,-0.6074,0.1603,594931.2500,27.3656,604774.6875,1999.9000,
	2026/03/30 15:45:14	,	039544	,	2337	,10.2166,1999.9000,-0.6048,0.0514,595026.3750,27.3602,604675.6875,1999.9000,
	2026/03/30 15:45:14	,	040544	,	2338	,10.2172,1999.9000,-0.6009,0.0601,595305.8125,27.3588,604454.5625,1999.9000,
	2026/03/30 15:45:14	,	041544	,	2339	,10.2179,1999.9000,-0.5946,0.3658,595604.8750,27.3592,604454.5625,1999.9000,
	2026/03/30 15:45:14	,	042544	,	2340	,10.2219,1999.9000,-0.5907,0.5211,595604.8750,27.3580,604454.5625,1999.9000,
	2026/03/30 15:45:14	,	043544	,	2341	,10.2225,1999.9000,-0.5907,0.6505,595604.8750,27.3570,604454.5625,1999.9000,
	2026/03/30 15:45:14	,	044544	,	2342	,10.2229,1999.9000,-0.5907,0.7584,595604.8750,27.3561,604454.5625,1999.9000,
	2026/03/30 15:45:14	,	045544	,	2343	,10.2233,1999.9000,-0.5907,0.8482,595604.8750,27.3554,604457.0625,1999.9000,
	2026/03/30 15:45:14	,	046544	,	2344	,10.2236,1999.9000,-0.5907,1.0226,595431.5000,27.3549,604667.1875,1999.9000,
	2026/03/30 15:45:14	,	047544	,	2345	,10.2239,1999.9000,-0.5935,1.1679,595339.8125,27.3590,604769.8750,1999.9000,
	2026/03/30 15:45:14	,	048544	,	2346	,10.2244,1999.9000,-0.5960,1.2890,595318.0000,27.3639,604809.7500,1999.9000,
	2026/03/30 15:45:14	,	049544	,	2347	,10.2249,1999.9000,-0.5971,1.3899,595292.5000,27.3695,604923.2500,1999.9000,
	2026/03/30 15:45:14	,	050544	,	2348	,10.2254,1999.9000,-0.6021,1.4740,595044.8750,27.3742,605161.8750,1999.9000,
	2026/03/30 15:45:14	,	051544	,	2349	,10.2260,1999.9000,-0.6095,1.5441,594704.0625,27.3782,605261.5000,1999.9000,
	2026/03/30 15:45:14	,	052544	,	2350	,10.2266,1999.9000,-0.6150,1.5030,594704.0625,27.3814,605261.5000,1999.9000,
	2026/03/30 15:45:14	,	053544	,	2351	,10.2307,1999.9000,-0.6150,1.3693,594704.0625,27.3842,605261.5000,1999.9000,
	2026/03/30 15:45:14	,	054544	,	2352	,10.2311,1999.9000,-0.6150,1.1584,594704.0625,27.3880,605261.5000,1999.9000,
	2026/03/30 15:45:14	,	055544	,	2353	,10.2314,1999.9000,-0.6150,0.8831,594704.0625,27.3911,605261.5000,1999.9000,
	2026/03/30 15:45:14	,	056544	,	2354	,10.2317,1999.9000,-0.6150,0.6538,594826.7500,27.3892,605060.3750,1999.9000,
	2026/03/30 15:45:14	,	057544	,	2355	,10.2320,1999.9000,-0.6125,0.4627,594925.1250,27.3830,604921.5000,1999.9000,
	2026/03/30 15:45:14	,	058544	,	2356	,10.2323,1999.9000,-0.6091,0.5023,594941.4375,27.3763,604815.7500,1999.9000,
	2026/03/30 15:45:14	,	059544	,	2357	,10.2328,1999.9000,-0.6061,0.3365,594957.4375,27.3707,604731.8125,1999.9000,
	2026/03/30 15:45:14	,	060544	,	2358	,10.2332,1999.9000,-0.6022,-0.0007,595180.0625,27.3660,604544.0000,1999.9000,
	2026/03/30 15:45:14	,	061544	,	2359	,10.2336,1999.9000,-0.5951,-0.2817,595560.2500,27.3591,604374.2500,1999.9000,
	2026/03/30 15:45:14	,	062544	,	2360	,10.2341,1999.9000,-0.5893,-0.7148,595560.2500,27.3534,604374.2500,1999.9000,
	2026/03/30 15:45:14	,	063544	,	2361	,10.2347,1999.9000,-0.5893,-0.8768,595560.2500,27.3486,604374.2500,1999.9000,
	2026/03/30 15:45:14	,	064544	,	2362	,10.2354,1999.9000,-0.5893,-0.6139,595560.2500,27.3445,604374.2500,1999.9000,
	2026/03/30 15:45:14	,	065544	,	2363	,10.2360,1999.9000,-0.5893,-0.3948,595560.2500,27.3427,604374.2500,1999.9000,
	2026/03/30 15:45:14	,	066544	,	2364	,10.2367,1999.9000,-0.5893,-0.7096,595478.6250,27.3412,604572.3750,1999.9000,
	2026/03/30 15:45:14	,	067544	,	2365	,10.2408,1999.9000,-0.5894,-0.9719,595376.1250,27.3430,604707.0625,1999.9000,
	2026/03/30 15:45:14	,	068544	,	2366	,10.2412,1999.9000,-0.5927,-0.6931,595358.8125,27.3414,604812.1875,1999.9000,
	2026/03/30 15:45:14	,	069544	,	2367	,10.2415,1999.9000,-0.5953,-0.2619,595339.8125,27.3432,604843.0000,1999.9000,
	2026/03/30 15:45:14	,	070544	,	2368	,10.2419,1999.9000,-0.5985,0.3959,595171.7500,27.3462,605027.1875,1999.9000,
	2026/03/30 15:45:14	,	071544	,	2369	,10.2424,1999.9000,-0.6059,0.9441,594832.1250,27.3487,605284.4375,1999.9000,
	2026/03/30 15:45:14	,	072544	,	2370	,10.2428,1999.9000,-0.6130,1.3014,594794.9375,27.3508,605284.4375,1999.9000,
	2026/03/30 15:45:14	,	073544	,	2371	,10.2432,1999.9000,-0.6140,1.4003,594782.5000,27.3525,605284.4375,1999.9000,
	2026/03/30 15:45:14	,	074544	,	2372	,10.2436,1999.9000,-0.6143,1.3831,594776.3750,27.3539,605284.4375,1999.9000,
	2026/03/30 15:45:14	,	075544	,	2373	,10.2441,1999.9000,-0.6145,1.6673,594772.6250,27.3551,605284.4375,1999.9000,
	2026/03/30 15:45:14	,	076544	,	2374	,10.2446,1999.9000,-0.6146,1.9041,594770.1875,27.3561,605028.9375,1999.9000,
	2026/03/30 15:45:14	,	077544	,	2375	,10.2451,1999.9000,-0.6147,2.3004,594870.8750,27.3570,604861.6875,1999.9000,
	2026/03/30 15:45:14	,	078544	,	2376	,10.2457,1999.9000,-0.6111,2.7301,594901.8750,27.3577,604763.8125,1999.9000,
	2026/03/30 15:45:14	,	079544	,	2377	,10.2464,1999.9000,-0.6077,3.0882,594924.0625,27.3583,604726.0625,1999.9000,
	2026/03/30 15:45:14	,	080544	,	2378	,10.2470,1999.9000,-0.6046,3.3866,595077.6250,27.3572,604556.0625,1999.9000,
	2026/03/30 15:45:14	,	081544	,	2379	,10.2477,1999.9000,-0.5985,3.6353,595422.5625,27.3572,604290.3125,1999.9000,
	2026/03/30 15:45:14	,	082544	,	2380	,10.2517,1999.9000,-0.5925,3.8425,595590.0000,27.3563,604290.3125,1999.9000,
	2026/03/30 15:45:14	,	083544	,	2381	,10.2521,1999.9000,-0.5916,4.0152,595590.0000,27.3556,604290.3125,1999.9000,
	2026/03/30 15:45:14	,	084544	,	2382	,10.2524,1999.9000,-0.5913,4.0596,595590.0000,27.3550,604290.3125,1999.9000,
	2026/03/30 15:45:14	,	085544	,	2383	,10.2528,1999.9000,-0.5912,3.7982,595590.0000,27.3545,604290.3125,1999.9000,
	2026/03/30 15:45:14	,	086544	,	2384	,10.2533,1999.9000,-0.5911,3.4809,595590.0000,27.3541,604495.6250,1999.9000,
	2026/03/30 15:45:14	,	087544	,	2385	,10.2537,1999.9000,-0.5910,3.1170,595429.1250,27.3552,604646.6875,1999.9000,
	2026/03/30 15:45:14	,	088544	,	2386	,10.2541,1999.9000,-0.5932,2.5154,595390.7500,27.3593,604733.6250,1999.9000,
	2026/03/30 15:45:14	,	089544	,	2387	,10.2546,1999.9000,-0.5942,1.8150,595371.1875,27.3626,604769.2500,1999.9000,
	2026/03/30 15:45:14	,	090544	,	2388	,10.2552,1999.9000,-0.5969,1.2314,595250.4375,27.3654,604925.1250,1999.9000,
	2026/03/30 15:45:14	,	091544	,	2389	,10.2557,1999.9000,-0.6015,0.7451,594968.6250,27.3708,605218.0625,1999.9000,
	2026/03/30 15:45:14	,	092544	,	2390	,10.2563,1999.9000,-0.6077,0.3398,594682.5625,27.3753,605218.0625,1999.9000,
	2026/03/30 15:45:14	,	093544	,	2391	,10.2569,1999.9000,-0.6077,0.0020,594682.5625,27.3790,605218.0625,1999.9000,
	2026/03/30 15:45:14	,	094544	,	2392	,10.2575,1999.9000,-0.6077,-0.2794,594682.5625,27.3821,605218.0625,1999.9000,
	2026/03/30 15:45:14	,	095544	,	2393	,10.2616,1999.9000,-0.6077,-0.5139,594682.5625,27.3863,605218.0625,1999.9000,
	2026/03/30 15:45:14	,	096544	,	2394	,10.2620,1999.9000,-0.6077,-0.7094,594682.5625,27.3928,605062.2500,1999.9000,
	2026/03/30 15:45:14	,	097544	,	2395	,10.2623,1999.9000,-0.6076,-0.5739,594855.3750,27.3936,604900.3125,1999.9000,
	2026/03/30 15:45:14	,	098544	,	2396	,10.2627,1999.9000,-0.6047,-0.4609,594947.7500,27.3897,604808.5625,1999.9000,
	2026/03/30 15:45:14	,	099544	,	2397	,10.2631,1999.9000,-0.6038,-0.3668,594957.2500,27.3864,604712.5000,1999.9000,
	2026/03/30 15:45:14	,	100544	,	2398	,10.2634,1999.9000,-0.6031,-0.2883,594974.5000,27.3837,604608.0000,1999.9000,
	2026/03/30 15:45:14	,	101544	,	2399	,10.2638,1999.9000,-0.5977,-0.6209,595275.4375,27.3815,604362.1875,1999.9000,
	2026/03/30 15:45:14	,	102544	,	2400	,10.2643,1999.9000,-0.5911,-0.8980,595646.6250,27.3796,604362.1875,1999.9000,
	2026/03/30 15:45:14	,	103544	,	2401	,10.2649,1999.9000,-0.5879,-1.1289,595646.6250,27.3796,604362.1875,1999.9000,
	2026/03/30 15:45:14	,	104544	,	2402	,10.2655,1999.9000,-0.5879,-1.3213,595646.6250,27.3796,604362.1875,1999.9000,
	2026/03/30 15:45:14	,	105544	,	2403	,10.2661,1999.9000,-0.5879,-1.4817,595646.6250,27.3796,604362.1875,1999.9000,
	2026/03/30 15:45:14	,	106544	,	2404	,10.2667,1999.9000,-0.5879,-1.6153,595646.6250,27.3796,604372.7500,1999.9000,
	2026/03/30 15:45:14	,	107544	,	2405	,10.2674,1999.9000,-0.5879,-1.7267,595466.6875,27.3796,604612.8750,1999.9000,
	2026/03/30 15:45:14	,	108544	,	2406	,10.2715,1999.9000,-0.5913,-1.8195,595379.6875,27.3796,604713.7500,1999.9000,
	2026/03/30 15:45:14	,	109544	,	2407	,10.2717,1999.9000,-0.5942,-1.8968,595364.1875,27.3811,604754.1875,1999.9000,
	2026/03/30 15:45:14	,	110544	,	2408	,10.2720,1999.9000,-0.5967,-1.6628,595345.9375,27.3823,604874.9375,1999.9000,
	2026/03/30 15:45:14	,	111544	,	2409	,10.2723,1999.9000,-0.6013,-1.2689,595108.0000,27.3834,605107.5000,1999.9000,
	2026/03/30 15:45:14	,	112544	,	2410	,10.2726,1999.9000,-0.6093,-0.9406,594745.7500,27.3843,605122.6250,1999.9000,
	2026/03/30 15:45:14	,	113544	,	2411	,10.2730,1999.9000,-0.6153,-0.6671,594745.7500,27.3835,605127.6250,1999.9000,
	2026/03/30 15:45:14	,	114544	,	2412	,10.2735,1999.9000,-0.6153,-0.4391,594745.7500,27.3752,605130.1250,1999.9000,
	2026/03/30 15:45:14	,	115544	,	2413	,10.2739,1999.9000,-0.6153,-0.2491,594745.7500,27.3774,605131.6250,1999.9000,
	2026/03/30 15:45:14	,	116544	,	2414	,10.2745,1999.9000,-0.6153,-0.0908,594745.7500,27.3808,605132.6875,1999.9000,
	2026/03/30 15:45:14	,	117544	,	2415	,10.2751,1999.9000,-0.6153,0.0411,594758.2500,27.3836,604935.9375,1999.9000,
	2026/03/30 15:45:14	,	118544	,	2416	,10.2757,1999.9000,-0.6122,0.2505,594923.2500,27.3875,604811.5625,1999.9000,
	2026/03/30 15:45:14	,	119544	,	2417	,10.2763,1999.9000,-0.6096,0.2261,594939.3750,27.3892,604717.3125,1999.9000,
	2026/03/30 15:45:14	,	120544	,	2418	,10.2768,1999.9000,-0.6075,-0.1922,594954.0625,27.3906,604676.8750,1999.9000,
	2026/03/30 15:45:14	,	121544	,	2419	,10.2774,1999.9000,-0.6038,-0.3418,595151.5000,27.3933,604441.8750,1999.9000,
	2026/03/30 15:45:14	,	122544	,	2420	,10.2780,1999.9000,-0.5962,-0.4665,595523.8750,27.3956,604353.6875,1999.9000,
	2026/03/30 15:45:14	,	123544	,	2421	,10.2824,1999.9000,-0.5900,-0.5704,595523.8750,27.3975,604353.6875,1999.9000,
	2026/03/30 15:45:14	,	124544	,	2422	,10.2825,1999.9000,-0.5900,-0.6569,595523.8750,27.3991,604353.6875,1999.9000,
	2026/03/30 15:45:14	,	125544	,	2423	,10.2827,1999.9000,-0.5900,-0.7291,595523.8750,27.4004,604353.6875,1999.9000,
	2026/03/30 15:45:14	,	126544	,	2424	,10.2830,1999.9000,-0.5900,-1.0876,595523.8750,27.4015,604353.6875,1999.9000,
	2026/03/30 15:45:14	,	127544	,	2425	,10.2835,1999.9000,-0.5900,-1.3864,595523.6875,27.4039,604550.6250,1999.9000,
	2026/03/30 15:45:14	,	128544	,	2426	,10.2839,1999.9000,-0.5902,-1.6354,595382.0625,27.4059,604672.0625,1999.9000,
	2026/03/30 15:45:14	,	129544	,	2427	,10.2843,1999.9000,-0.5945,-1.5445,595358.3125,27.4076,604766.8750,1999.9000,
	2026/03/30 15:45:14	,	130544	,	2428	,10.2849,1999.9000,-0.5972,-1.3692,595346.1250,27.4090,604853.8125,1999.9000,
	2026/03/30 15:45:14	,	131544	,	2429	,10.2854,1999.9000,-0.6005,-1.0242,595215.8125,27.4102,605028.9375,1999.9000,
	2026/03/30 15:45:14	,	132544	,	2430	,10.2859,1999.9000,-0.6077,-0.4383,594897.6250,27.4112,605229.5625,1999.9000,
	2026/03/30 15:45:14	,	133544	,	2431	,10.2866,1999.9000,-0.6142,0.2489,594752.3125,27.4120,605229.5625,1999.9000,
	2026/03/30 15:45:14	,	134544	,	2432	,10.2872,1999.9000,-0.6150,0.8216,594752.3125,27.4127,605229.5625,1999.9000,
	2026/03/30 15:45:14	,	135544	,	2433	,10.2878,1999.9000,-0.6152,1.2988,594752.3125,27.4041,605229.5625,1999.9000,
	2026/03/30 15:45:14	,	136544	,	2434	,10.2919,1999.9000,-0.6154,1.6965,594752.3125,27.3969,605229.5625,1999.9000,
	2026/03/30 15:45:14	,	137544	,	2435	,10.2921,1999.9000,-0.6154,2.0279,594752.3125,27.3910,605003.0000,1999.9000,
	2026/03/30 15:45:14	,	138544	,	2436	,10.2925,1999.9000,-0.6155,2.1051,594907.7500,27.3860,605003.0000,1999.9000,
	2026/03/30 15:45:14	,	139544	,	2437	,10.2929,1999.9000,-0.6129,1.8711,594936.3750,27.3819,604868.9375,1999.9000,
	2026/03/30 15:45:14	,	140544	,	2438	,10.2933,1999.9000,-0.6105,1.5765,594950.3125,27.3784,604781.3125,1999.9000,
	2026/03/30 15:45:14	,	141544	,	2439	,10.2937,1999.9000,-0.6076,1.3311,595062.7500,27.3755,604741.7500,1999.9000,
	2026/03/30 15:45:14	,	142544	,	2440	,10.2941,1999.9000,-0.6006,0.8281,595393.3750,27.3731,604552.4375,1999.9000,
	2026/03/30 15:45:14	,	143544	,	2441	,10.2946,1999.9000,-0.5931,0.4090,595606.7500,27.3711,604284.2500,1999.9000,
	2026/03/30 15:45:14	,	144544	,	2442	,10.2952,1999.9000,-0.5898,0.0597,595606.7500,27.3695,604284.2500,1999.9000,
	2026/03/30 15:45:14	,	145544	,	2443	,10.2952,1999.9000,-0.5898,0.0671,595606.7500,27.3681,604284.2500,1999.9000,
	2026/03/30 15:45:14	,	146544	,	2444	,10.2958,1999.9000,-0.5898,0.1727,595606.7500,27.3639,604284.2500,1999.9000,
	2026/03/30 15:45:14	,	147544	,	2445	,10.2964,1999.9000,-0.5898,0.5591,595606.7500,27.3604,604284.2500,1999.9000,
	2026/03/30 15:45:14	,	148544	,	2446	,10.2970,1999.9000,-0.5898,0.9806,595440.4375,27.3574,604507.7500,1999.9000,
	2026/03/30 15:45:14	,	149544	,	2447	,10.2976,1999.9000,-0.5926,1.3319,595405.6250,27.3550,604649.0625,1999.9000,
	2026/03/30 15:45:14	,	150544	,	2448	,10.2982,1999.9000,-0.5948,1.5251,595386.0625,27.3560,604740.2500,1999.9000,
	2026/03/30 15:45:14	,	151544	,	2449	,10.2989,1999.9000,-0.5958,1.6861,595293.9375,27.3538,604780.6875,1999.9000,
	2026/03/30 15:45:14	,	152544	,	2450	,10.2995,1999.9000,-0.6022,1.8203,595040.0625,27.3474,604956.5625,1999.9000,
	2026/03/30 15:45:14	,	153544	,	2451	,10.3002,1999.9000,-0.6089,1.2358,594696.3125,27.3421,605262.1250,1999.9000,
	2026/03/30 15:45:14	,	154544	,	2452	,10.3008,1999.9000,-0.6120,0.5498,594696.3125,27.3468,605262.1250,1999.9000,
	2026/03/30 15:45:14	,	155544	,	2453	,10.3057,1999.9000,-0.6120,-0.0219,594696.3125,27.3537,605262.1250,1999.9000,
	2026/03/30 15:45:14	,	156544	,	2454	,10.3057,1999.9000,-0.6120,-0.5978,594696.3125,27.3596,605262.1250,1999.9000,
	2026/03/30 15:45:14	,	157544	,	2455	,10.3065,1999.9000,-0.6120,-1.0777,594696.3125,27.3644,605262.1250,1999.9000,
	2026/03/30 15:45:14	,	158544	,	2456	,10.3065,1999.9000,-0.6120,-1.4776,594878.0000,27.3684,605078.5000,1999.9000,
	2026/03/30 15:45:14	,	159544	,	2457	,10.3069,1999.9000,-0.6117,-1.8109,594960.8750,27.3733,604920.3125,1999.9000,
	2026/03/30 15:45:14	,	160544	,	2458	,10.3072,1999.9000,-0.6085,-2.0886,594968.6250,27.3774,604824.8750,1999.9000,
	2026/03/30 15:45:14	,	161544	,	2459	,10.3076,1999.9000,-0.6078,-2.3200,594984.3125,27.3808,604734.8750,1999.9000,
	2026/03/30 15:45:14	,	162544	,	2460	,10.3080,1999.9000,-0.6026,-2.4134,595240.3125,27.3851,604620.0625,1999.9000,
	2026/03/30 15:45:14	,	163544	,	2461	,10.3085,1999.9000,-0.5962,-2.2923,595612.6250,27.3903,604357.3750,1999.9000,
	2026/03/30 15:45:14	,	164544	,	2462	,10.3091,1999.9000,-0.5925,-1.9924,595612.6250,27.3930,604357.3750,1999.9000,
	2026/03/30 15:45:14	,	165544	,	2463	,10.3096,1999.9000,-0.5925,-1.4441,595612.6250,27.3969,604357.3750,1999.9000,
	2026/03/30 15:45:14	,	166544	,	2464	,10.3101,1999.9000,-0.5925,-0.9871,595612.6250,27.4016,604357.3750,1999.9000,
	2026/03/30 15:45:14	,	167544	,	2465	,10.3107,1999.9000,-0.5925,-0.8053,595612.6250,27.4040,604357.3750,1999.9000,
	2026/03/30 15:45:14	,	168544	,	2466	,10.3113,1999.9000,-0.5925,0.1420,595482.1875,27.4014,604471.5000,1999.9000,
	2026/03/30 15:45:14	,	169544	,	2467	,10.3153,1999.9000,-0.5928,0.9315,595378.5000,27.3993,604645.4375,1999.9000,
	2026/03/30 15:45:14	,	170544	,	2468	,10.3157,1999.9000,-0.5956,1.5893,595359.3750,27.3975,604743.3125,1999.9000,
	2026/03/30 15:45:14	,	171544	,	2469	,10.3162,1999.9000,-0.5964,2.0381,595340.3750,27.3960,604827.8125,1999.9000,
	2026/03/30 15:45:14	,	172544	,	2470	,10.3165,1999.9000,-0.6016,2.0141,595139.5625,27.3948,604923.8750,1999.9000,
	2026/03/30 15:45:14	,	173544	,	2471	,10.3169,1999.9000,-0.6095,1.9942,594788.6250,27.3938,605182.4375,1999.9000,
	2026/03/30 15:45:14	,	174544	,	2472	,10.3172,1999.9000,-0.6122,1.9775,594788.6250,27.3899,605182.4375,1999.9000,
	2026/03/30 15:45:14	,	175544	,	2473	,10.3176,1999.9000,-0.6122,1.9637,594788.6250,27.3851,605182.4375,1999.9000,
	2026/03/30 15:45:14	,	176544	,	2474	,10.3181,1999.9000,-0.6122,2.0516,594788.6250,27.3811,605182.4375,1999.9000,
	2026/03/30 15:45:14	,	177544	,	2475	,10.3186,1999.9000,-0.6122,2.0254,594788.6250,27.3762,605182.4375,1999.9000,
	2026/03/30 15:45:14	,	178544	,	2476	,10.3191,1999.9000,-0.6122,1.9041,594789.7500,27.3676,605175.0625,1999.9000,
	2026/03/30 15:45:14	,	179544	,	2477	,10.3196,1999.9000,-0.6089,1.8030,594912.0000,27.3604,604940.1875,1999.9000,
	2026/03/30 15:45:14	,	180544	,	2478	,10.3202,1999.9000,-0.6061,1.7188,594931.3125,27.3545,604826.0625,1999.9000,
	2026/03/30 15:45:14	,	181544	,	2479	,10.3209,1999.9000,-0.6038,1.5491,594943.5000,27.3494,604724.6250,1999.9000,
	2026/03/30 15:45:14	,	182544	,	2480	,10.3214,1999.9000,-0.6001,1.4077,595113.9375,27.3453,604684.4375,1999.9000,
	2026/03/30 15:45:14	,	183544	,	2481	,10.3221,1999.9000,-0.5930,1.2899,595475.0000,27.3418,604443.7500,1999.9000,
	2026/03/30 15:45:14	,	184544	,	2482	,10.3262,1999.9000,-0.5876,1.2912,595510.7500,27.3389,604428.8750,1999.9000,
	2026/03/30 15:45:14	,	185544	,	2483	,10.3266,1999.9000,-0.5876,1.2922,595522.6250,27.3365,604423.9375,1999.9000,
	2026/03/30 15:45:14	,	186544	,	2484	,10.3271,1999.9000,-0.5876,1.6910,595522.6250,27.3391,604421.5000,1999.9000,
	2026/03/30 15:45:14	,	187544	,	2485	,10.3274,1999.9000,-0.5876,2.0233,595528.6250,27.3413,604420.0000,1999.9000,
	2026/03/30 15:45:14	,	188544	,	2486	,10.3278,1999.9000,-0.5876,2.3003,595532.2500,27.3430,604419.0000,1999.9000,
	2026/03/30 15:45:14	,	189544	,	2487	,10.3282,1999.9000,-0.5877,2.5310,595534.6250,27.3445,604600.8125,1999.9000,
	2026/03/30 15:45:14	,	190544	,	2488	,10.3286,1999.9000,-0.5900,2.7234,595385.6250,27.3473,604710.6875,1999.9000,
	2026/03/30 15:45:14	,	191544	,	2489	,10.3290,1999.9000,-0.5900,2.3863,595385.6250,27.3496,604794.6250,1999.9000,
	2026/03/30 15:45:14	,	192544	,	2490	,10.3295,1999.9000,-0.5942,2.1053,595367.7500,27.3561,604877.3750,1999.9000,
	2026/03/30 15:45:14	,	193544	,	2491	,10.3301,1999.9000,-0.6011,1.8712,595234.9375,27.3615,605083.3125,1999.9000,
	2026/03/30 15:45:14	,	194544	,	2492	,10.3306,1999.9000,-0.6073,1.6761,594925.6250,27.3660,605212.0000,1999.9000,
	2026/03/30 15:45:14	,	195544	,	2493	,10.3312,1999.9000,-0.6077,1.3146,594730.8750,27.3683,605212.0000,1999.9000,
	2026/03/30 15:45:14	,	196544	,	2494	,10.3319,1999.9000,-0.6078,1.0134,594730.8750,27.3717,605212.0000,1999.9000,
	2026/03/30 15:45:14	,	197544	,	2495	,10.3325,1999.9000,-0.6078,0.7623,594730.8750,27.3806,605212.0000,1999.9000,
	2026/03/30 15:45:14	,	198544	,	2496	,10.3332,1999.9000,-0.6078,0.5531,594730.8750,27.3880,605212.0000,1999.9000,
	2026/03/30 15:45:14	,	199544	,	2497	,10.3338,1999.9000,-0.6079,0.2793,594730.8750,27.3942,605001.1875,1999.9000,
	2026/03/30 15:45:14	,	200544	,	2498	,10.3344,1999.9000,-0.6079,0.0511,594891.1250,27.3918,604876.7500,1999.9000,
	2026/03/30 15:45:14	,	201544	,	2499	,10.3351,1999.9000,-0.6055,-0.1391,594929.8750,27.3897,604778.3750,1999.9000,
	2026/03/30 15:45:14	,	202544	,	2500	,10.3357,1999.9000,-0.6045,-0.5959,594950.6875,27.3865,604691.9375,1999.9000,
	2026/03/30 15:45:14	,	203544	,	2501	,10.3398,1999.9000,-0.6012,-0.9767,595074.0625,27.3838,604536.6875,1999.9000,
	2026/03/30 15:45:14	,	204544	,	2502	,10.3402,1999.9000,-0.5953,-1.2939,595375.5625,27.3816,604334.3750,1999.9000,
	2026/03/30 15:45:14	,	205544	,	2503	,10.3406,1999.9000,-0.5897,-1.5583,595612.6250,27.3766,604334.3750,1999.9000,
	2026/03/30 15:45:14	,	206544	,	2504	,10.3409,1999.9000,-0.5886,-1.6792,595612.6250,27.3695,604334.3750,1999.9000,
	2026/03/30 15:45:14	,	207544	,	2505	,10.3413,1999.9000,-0.5883,-1.7799,595612.6250,27.3695,604334.3750,1999.9000,
	2026/03/30 15:45:14	,	208544	,	2506	,10.3417,1999.9000,-0.5881,-1.7644,595612.6250,27.3650,604334.3750,1999.9000,
	2026/03/30 15:45:14	,	209544	,	2507	,10.3422,1999.9000,-0.5880,-1.4530,595612.6250,27.3629,604541.6250,1999.9000,
	2026/03/30 15:45:14	,	210544	,	2508	,10.3426,1999.9000,-0.5880,-1.3925,595434.5000,27.3610,604673.1875,1999.9000,
	2026/03/30 15:45:14	,	211544	,	2509	,10.3431,1999.9000,-0.5883,-1.3420,595394.8750,27.3595,604769.2500,1999.9000,
	2026/03/30 15:45:14	,	212544	,	2510	,10.3437,1999.9000,-0.5917,-1.3000,595373.9375,27.3583,604809.3750,1999.9000,
	2026/03/30 15:45:14	,	213544	,	2511	,10.3442,1999.9000,-0.5940,-1.0660,595281.9375,27.3587,605001.8125,1999.9000,
	2026/03/30 15:45:14	,	214544	,	2512	,10.3448,1999.9000,-0.6001,-0.7716,595047.8125,27.3591,605300.8125,1999.9000,
	2026/03/30 15:45:14	,	215544	,	2513	,10.3454,1999.9000,-0.6073,-0.3272,594695.1250,27.3594,605300.8125,1999.9000,
	2026/03/30 15:45:14	,	216544	,	2514	,10.3460,1999.9000,-0.6073,-0.2554,594695.1250,27.3612,605300.8125,1999.9000,
	2026/03/30 15:45:14	,	217544	,	2515	,10.3465,1999.9000,-0.6073,-0.1955,594695.1250,27.3673,605300.8125,1999.9000,
	2026/03/30 15:45:14	,	218544	,	2516	,10.3472,1999.9000,-0.6073,-0.1955,594695.1250,27.3724,605300.8125,1999.9000,
	2026/03/30 15:45:14	,	219544	,	2517	,10.3514,1999.9000,-0.6073,0.1528,594695.1250,27.3766,605076.6875,1999.9000,
	2026/03/30 15:45:14	,	220544	,	2518	,10.3516,1999.9000,-0.6072,0.9405,594846.4375,27.3801,604917.2500,1999.9000,
	2026/03/30 15:45:14	,	221544	,	2519	,10.3518,1999.9000,-0.6027,1.5968,594937.0000,27.3770,604812.7500,1999.9000,
	2026/03/30 15:45:14	,	222544	,	2520	,10.3521,1999.9000,-0.5994,2.1438,594947.1250,27.3744,604715.5000,1999.9000,
	2026/03/30 15:45:14	,	223544	,	2521	,10.3525,1999.9000,-0.5965,2.1022,594962.6250,27.3783,604603.7500,1999.9000,
	2026/03/30 15:45:14	,	224544	,	2522	,10.3527,1999.9000,-0.5907,1.7692,595202.6875,27.3815,604337.4375,1999.9000,
	2026/03/30 15:45:14	,	225544	,	2523	,10.3531,1999.9000,-0.5831,1.4916,595577.5000,27.3796,604337.4375,1999.9000,
	2026/03/30 15:45:14	,	226544	,	2524	,10.3535,1999.9000,-0.5777,0.9619,595577.5000,27.3765,604337.4375,1999.9000,
	2026/03/30 15:45:14	,	227544	,	2525	,10.3540,1999.9000,-0.5777,0.4210,595577.5000,27.3740,604337.4375,1999.9000,
	2026/03/30 15:45:14	,	228544	,	2526	,10.3546,1999.9000,-0.5777,-0.1292,595577.5000,27.3718,604337.4375,1999.9000,
	2026/03/30 15:45:14	,	229544	,	2527	,10.3551,1999.9000,-0.5777,-0.6872,595577.5000,27.3701,604507.7500,1999.9000,
	2026/03/30 15:45:14	,	230544	,	2528	,10.3557,1999.9000,-0.5777,-1.2517,595473.2500,27.3701,604662.3750,1999.9000,
	2026/03/30 15:45:14	,	231544	,	2529	,10.3564,1999.9000,-0.5780,-1.7221,595353.4375,27.3701,604762.0000,1999.9000,
	2026/03/30 15:45:14	,	232544	,	2530	,10.3570,1999.9000,-0.5815,-2.0146,595338.8750,27.3686,604849.6250,1999.9000,
	2026/03/30 15:45:14	,	233544	,	2531	,10.3577,1999.9000,-0.5825,-2.0594,595325.2500,27.3658,604958.3125,1999.9000,
	2026/03/30 15:45:14	,	234544	,	2532	,10.3583,1999.9000,-0.5876,-1.9973,595148.5000,27.3574,605224.6875,1999.9000,
	2026/03/30 15:45:14	,	235544	,	2533	,10.3624,1999.9000,-0.5947,-2.0450,594796.3750,27.3580,605224.6875,1999.9000,
	2026/03/30 15:45:14	,	236544	,	2534	,10.3628,1999.9000,-0.5982,-1.7863,594795.1250,27.3647,605224.6875,1999.9000,
	2026/03/30 15:45:14	,	237544	,	2535	,10.3631,1999.9000,-0.5982,-1.4713,594794.7500,27.3717,605224.6875,1999.9000,
	2026/03/30 15:45:14	,	238544	,	2536	,10.3634,1999.9000,-0.5982,-1.2088,594794.5625,27.3776,605224.6875,1999.9000,
	2026/03/30 15:45:14	,	239544	,	2537	,10.3637,1999.9000,-0.5982,-0.5921,594794.4375,27.3748,605131.0625,1999.9000,
	2026/03/30 15:45:14	,	240544	,	2538	,10.3641,1999.9000,-0.5982,-0.4761,594794.3750,27.3710,604951.6250,1999.9000,
	2026/03/30 15:45:14	,	241544	,	2539	,10.3645,1999.9000,-0.5943,-0.3794,594914.3750,27.3678,604841.7500,1999.9000,
	2026/03/30 15:45:14	,	242544	,	2540	,10.3650,1999.9000,-0.5908,-0.2989,594935.8125,27.3683,604751.7500,1999.9000,
	2026/03/30 15:45:14	,	243544	,	2541	,10.3654,1999.9000,-0.5880,-0.3312,594948.6875,27.3747,604649.0625,1999.9000,
	2026/03/30 15:45:14	,	244544	,	2542	,10.3659,1999.9000,-0.5840,-0.3582,595105.0000,27.3816,604429.8125,1999.9000,
	2026/03/30 15:45:14	,	245544	,	2543	,10.3665,1999.9000,-0.5765,-0.3806,595450.0000,27.3873,604429.8125,1999.9000,
	2026/03/30 15:45:14	,	246544	,	2544	,10.3669,1999.9000,-0.5708,-0.4988,595552.5000,27.3921,604429.8125,1999.9000,
	2026/03/30 15:45:14	,	247544	,	2545	,10.3675,1999.9000,-0.5687,-0.6968,595552.5000,27.3992,604429.8125,1999.9000,
	2026/03/30 15:45:14	,	248544	,	2546	,10.3716,1999.9000,-0.5687,-0.8618,595552.5000,27.4050,604429.8125,1999.9000,
	2026/03/30 15:45:14	,	249544	,	2547	,10.3719,1999.9000,-0.5687,-0.9993,595552.5000,27.4099,604430.6250,1999.9000,
	2026/03/30 15:45:14	,	250544	,	2548	,10.3721,1999.9000,-0.5687,-1.1138,595552.5000,27.4140,604626.1250,1999.9000,
	2026/03/30 15:45:14	,	251544	,	2549	,10.3724,1999.9000,-0.5687,-1.2093,595402.9375,27.4174,604748.1250,1999.9000,
	2026/03/30 15:45:14	,	252544	,	2550	,10.3727,1999.9000,-0.5708,-1.2889,595371.9375,27.4111,604837.5625,1999.9000,
	2026/03/30 15:45:14	,	253544	,	2551	,10.3731,1999.9000,-0.5717,-0.8578,595353.8125,27.3982,604920.8750,1999.9000,
	2026/03/30 15:45:14	,	254544	,	2552	,10.3734,1999.9000,-0.5754,-0.4986,595245.0625,27.3874,605140.7500,1999.9000,
	2026/03/30 15:45:14	,	255544	,	2553	,10.3737,1999.9000,-0.5823,-0.1992,594955.5000,27.3785,605180.6250,1999.9000,
	2026/03/30 15:45:14	,	256544	,	2554	,10.3742,1999.9000,-0.5860,0.0503,594728.4375,27.3710,605193.9375,1999.9000,
	2026/03/30 15:45:14	,	257544	,	2555	,10.3748,1999.9000,-0.5860,0.2581,594728.4375,27.3678,605200.5625,1999.9000,
	2026/03/30 15:45:14	,	258544	,	2556	,10.3753,1999.9000,-0.5860,0.5308,594728.4375,27.3652,605204.5000,1999.9000,
	2026/03/30 15:45:14	,	259544	,	2557	,10.3758,1999.9000,-0.5860,0.9571,594728.4375,27.3645,605207.1250,1999.9000,
	2026/03/30 15:45:14	,	260544	,	2558	,10.3764,1999.9000,-0.5860,1.2128,594728.4375,27.3639,605000.5625,1999.9000,
	2026/03/30 15:45:14	,	261544	,	2559	,10.3770,1999.9000,-0.5819,1.3264,594889.9375,27.3635,604876.1875,1999.9000,
	2026/03/30 15:45:14	,	262544	,	2560	,10.3776,1999.9000,-0.5783,1.3216,594921.5625,27.3631,604786.1875,1999.9000,
	2026/03/30 15:45:14	,	263544	,	2561	,10.3782,1999.9000,-0.5753,1.4170,594939.1875,27.3627,604748.4375,1999.9000,
	2026/03/30 15:45:14	,	264544	,	2562	,10.3787,1999.9000,-0.5716,1.4966,595034.7500,27.3640,604525.2500,1999.9000,
	2026/03/30 15:45:14	,	265544	,	2563	,10.3793,1999.9000,-0.5639,1.5629,595308.1875,27.3650,604370.0000,1999.9000,
	2026/03/30 15:45:14	,	266544	,	2564	,10.3800,1999.9000,-0.5564,1.5187,595638.2500,27.3659,604370.0000,1999.9000,
	2026/03/30 15:45:14	,	267544	,	2565	,10.3806,1999.9000,-0.5526,1.4818,595638.2500,27.3666,604370.0000,1999.9000,
	2026/03/30 15:45:14	,	268544	,	2566	,10.3813,1999.9000,-0.5526,1.4511,595638.2500,27.3687,604370.0000,1999.9000,
	2026/03/30 15:45:14	,	269544	,	2567	,10.3819,1999.9000,-0.5526,1.4255,595638.2500,27.3735,604370.0000,1999.9000,
	2026/03/30 15:45:14	,	270544	,	2568	,10.3860,1999.9000,-0.5526,1.5037,595638.2500,27.3776,604589.8750,1999.9000,
	2026/03/30 15:45:14	,	271544	,	2569	,10.3862,1999.9000,-0.5526,1.5688,595455.9375,27.3810,604724.6250,1999.9000,
	2026/03/30 15:45:14	,	272544	,	2570	,10.3865,1999.9000,-0.5552,1.6231,595364.8125,27.3838,604820.6250,1999.9000,
	2026/03/30 15:45:14	,	273544	,	2571	,10.3870,1999.9000,-0.5576,1.6683,595346.6250,27.3861,604860.1875,1999.9000,
	2026/03/30 15:45:14	,	274544	,	2572	,10.3873,1999.9000,-0.5603,1.9049,595322.5000,27.3850,605053.1250,1999.9000,
	2026/03/30 15:45:14	,	275544	,	2573	,10.3875,1999.9000,-0.5666,2.5995,595062.1250,27.3826,605300.8125,1999.9000,
	2026/03/30 15:45:14	,	276544	,	2574	,10.3879,1999.9000,-0.5736,3.1783,594708.1875,27.3805,605300.8125,1999.9000,
	2026/03/30 15:45:14	,	277544	,	2575	,10.3882,1999.9000,-0.5736,3.6606,594708.1875,27.3788,605300.8125,1999.9000,
	2026/03/30 15:45:14	,	278544	,	2576	,10.3887,1999.9000,-0.5736,4.0626,594708.1875,27.3697,605300.8125,1999.9000,
	2026/03/30 15:45:14	,	279544	,	2577	,10.3892,1999.9000,-0.5736,4.3975,594708.1875,27.3622,605300.8125,1999.9000,
	2026/03/30 15:45:14	,	280544	,	2578	,10.3897,1999.9000,-0.5736,3.8809,594708.1875,27.3560,605062.2500,1999.9000,
	2026/03/30 15:45:14	,	281544	,	2579	,10.3902,1999.9000,-0.5735,3.6493,594836.3125,27.3507,604899.7500,1999.9000,
	2026/03/30 15:45:14	,	282544	,	2580	,10.3908,1999.9000,-0.5692,3.2573,594928.6250,27.3463,604800.0625,1999.9000,
	2026/03/30 15:45:14	,	283544	,	2581	,10.3913,1999.9000,-0.5662,2.9307,594942.3750,27.3427,604764.1250,1999.9000,
	2026/03/30 15:45:14	,	284544	,	2582	,10.3919,1999.9000,-0.5635,2.6585,594956.6250,27.3457,604606.8125,1999.9000,
	2026/03/30 15:45:14	,	285544	,	2583	,10.3924,1999.9000,-0.5578,2.4317,595175.3125,27.3483,604330.7500,1999.9000,
	2026/03/30 15:45:14	,	286544	,	2584	,10.3930,1999.9000,-0.5502,2.2427,595545.8750,27.3443,604330.7500,1999.9000,
	2026/03/30 15:45:14	,	287544	,	2585	,10.3937,1999.9000,-0.5447,2.2841,595545.8750,27.3471,604330.7500,1999.9000,
	2026/03/30 15:45:14	,	288544	,	2586	,10.3943,1999.9000,-0.5447,2.3186,595545.8750,27.3525,604330.7500,1999.9000,
	2026/03/30 15:45:14	,	289544	,	2587	,10.3948,1999.9000,-0.5447,2.3474,595545.8750,27.3585,604330.7500,1999.9000,
	2026/03/30 15:45:14	,	290544	,	2588	,10.3954,1999.9000,-0.5447,2.1724,595545.8750,27.3650,604530.0625,1999.9000,
	2026/03/30 15:45:14	,	291544	,	2589	,10.3960,1999.9000,-0.5447,2.0266,595536.6250,27.3705,604682.9375,1999.9000,
	2026/03/30 15:45:14	,	292544	,	2590	,10.3966,1999.9000,-0.5449,1.9051,595364.8125,27.3735,604785.0000,1999.9000,
	2026/03/30 15:45:14	,	293544	,	2591	,10.3972,1999.9000,-0.5477,1.8038,595340.1250,27.3760,604785.0000,1999.9000,
	2026/03/30 15:45:14	,	294544	,	2592	,10.4013,1999.9000,-0.5484,1.7195,595325.6875,27.3782,604825.5000,1999.9000,
	2026/03/30 15:45:14	,	295544	,	2593	,10.4014,1999.9000,-0.5530,1.7486,595178.3125,27.3799,604992.7500,1999.9000,
	2026/03/30 15:45:14	,	296544	,	2594	,10.4017,1999.9000,-0.5594,1.7729,594853.0000,27.3798,605274.8125,1999.9000,
	2026/03/30 15:45:14	,	297544	,	2595	,10.4020,1999.9000,-0.5594,1.9921,594755.8750,27.3782,605274.8125,1999.9000,
	2026/03/30 15:45:14	,	298544	,	2596	,10.4023,1999.9000,-0.5594,2.1748,594755.8750,27.3769,605274.8125,1999.9000,
	2026/03/30 15:45:14	,	299544	,	2597	,10.4026,1999.9000,-0.5594,2.3270,594755.8750,27.3758,605274.8125,1999.9000,
	2026/03/30 15:45:14	,	300544	,	2598	,10.4029,1999.9000,-0.5594,2.5533,594755.8750,27.3764,605274.8125,1999.9000,
	2026/03/30 15:45:14	,	301544	,	2599	,10.4033,1999.9000,-0.5594,2.7419,594755.8750,27.3800,605135.8750,1999.9000,
	2026/03/30 15:45:14	,	302544	,	2600	,10.4037,1999.9000,-0.5541,2.7996,594888.7500,27.3798,604965.5625,1999.9000,
	2026/03/30 15:45:14	,	303544	,	2601	,10.4042,1999.9000,-0.5494,2.8477,594912.0000,27.3798,604857.4375,1999.9000,
	2026/03/30 15:45:14	,	304544	,	2602	,10.4046,1999.9000,-0.5452,2.6888,594923.5000,27.3828,604763.2500,1999.9000,
	2026/03/30 15:45:14	,	305544	,	2603	,10.4050,1999.9000,-0.5392,2.3575,595059.1250,27.3853,604647.8750,1999.9000,
	2026/03/30 15:45:14	,	306544	,	2604	,10.4055,1999.9000,-0.5306,2.0813,595402.9375,27.3874,604412.3125,1999.9000,
	2026/03/30 15:45:14	,	307544	,	2605	,10.4061,1999.9000,-0.5245,2.0502,595565.0000,27.3860,604412.3125,1999.9000,
	2026/03/30 15:45:14	,	308544	,	2606	,10.4066,1999.9000,-0.5245,1.8253,595565.0000,27.3850,604412.3125,1999.9000,
	2026/03/30 15:45:14	,	309544	,	2607	,10.4072,1999.9000,-0.5245,1.5384,595565.0000,27.3840,604412.3125,1999.9000,
	2026/03/30 15:45:14	,	310544	,	2608	,10.4079,1999.9000,-0.5245,1.2993,595565.0000,27.3832,604412.3125,1999.9000,
	2026/03/30 15:45:14	,	311544	,	2609	,10.4119,1999.9000,-0.5245,1.1001,595565.0000,27.3826,604503.5000,1999.9000,
	2026/03/30 15:45:14	,	312544	,	2610	,10.4122,1999.9000,-0.5247,0.9340,595411.8750,27.3851,604687.1250,1999.9000,
	2026/03/30 15:45:14	,	313544	,	2611	,10.4125,1999.9000,-0.5282,0.7957,595377.0000,27.3903,604776.5000,1999.9000,
	2026/03/30 15:45:14	,	314544	,	2612	,10.4127,1999.9000,-0.5306,0.6804,595360.6250,27.3946,604814.0000,1999.9000,
	2026/03/30 15:45:14	,	315544	,	2613	,10.4129,1999.9000,-0.5343,0.5843,595261.6875,27.3981,604929.3125,1999.9000,
	2026/03/30 15:45:14	,	316544	,	2614	,10.4131,1999.9000,-0.5420,0.5042,594983.5000,27.4011,605169.1250,1999.9000,
	2026/03/30 15:45:14	,	317544	,	2615	,10.4134,1999.9000,-0.5478,0.4375,594703.4375,27.4006,605196.5625,1999.9000,
	2026/03/30 15:45:14	,	318544	,	2616	,10.4137,1999.9000,-0.5478,0.5808,594703.4375,27.3940,605205.7500,1999.9000,
	2026/03/30 15:45:14	,	319544	,	2617	,10.4141,1999.9000,-0.5478,0.7003,594703.4375,27.3870,605210.3125,1999.9000,
	2026/03/30 15:45:14	,	320544	,	2618	,10.4147,1999.9000,-0.5478,0.6009,594703.4375,27.3827,605213.0000,1999.9000,
	2026/03/30 15:45:14	,	321544	,	2619	,10.4152,1999.9000,-0.5478,0.8165,594703.4375,27.3791,605214.8125,1999.9000,
	2026/03/30 15:45:14	,	322544	,	2620	,10.4158,1999.9000,-0.5435,1.1951,594881.6250,27.3761,605022.9375,1999.9000,
	2026/03/30 15:45:14	,	323544	,	2621	,10.4163,1999.9000,-0.5396,1.5106,594918.2500,27.3736,604886.4375,1999.9000,
	2026/03/30 15:45:14	,	324544	,	2622	,10.4168,1999.9000,-0.5360,1.5746,594938.3750,27.3715,604787.3750,1999.9000,
	2026/03/30 15:45:14	,	325544	,	2623	,10.4173,1999.9000,-0.5317,1.5284,595029.9375,27.3698,604702.8125,1999.9000,
	2026/03/30 15:45:14	,	326544	,	2624	,10.4178,1999.9000,-0.5238,1.4899,595281.4375,27.3683,604505.3750,1999.9000,
	2026/03/30 15:45:14	,	327544	,	2625	,10.4183,1999.9000,-0.5166,1.3584,595642.5000,27.3687,604469.7500,1999.9000,
	2026/03/30 15:45:14	,	328544	,	2626	,10.4188,1999.9000,-0.5115,1.1493,595642.5000,27.3689,604457.8750,1999.9000,
	2026/03/30 15:45:14	,	329544	,	2627	,10.4193,1999.9000,-0.5115,0.7761,595642.5000,27.3692,604451.9375,1999.9000,
	2026/03/30 15:45:14	,	330544	,	2628	,10.4193,1999.9000,-0.5115,0.4651,595642.5000,27.3709,604448.3125,1999.9000,
	2026/03/30 15:45:14	,	331544	,	2629	,10.4204,1999.9000,-0.5115,0.2060,595642.5000,27.3693,604446.0000,1999.9000,
	2026/03/30 15:45:14	,	332544	,	2630	,10.4210,1999.9000,-0.5115,-0.0100,595468.5000,27.3693,604626.6875,1999.9000,
	2026/03/30 15:45:14	,	333544	,	2631	,10.4216,1999.9000,-0.5118,-0.1900,595370.1875,27.3664,604735.4375,1999.9000,
	2026/03/30 15:45:14	,	334544	,	2632	,10.4223,1999.9000,-0.5145,-0.3399,595351.6875,27.3640,604820.6250,1999.9000,
	2026/03/30 15:45:14	,	335544	,	2633	,10.4229,1999.9000,-0.5152,-0.1665,595330.6250,27.3635,604905.7500,1999.9000,
	2026/03/30 15:45:14	,	336544	,	2634	,10.4229,1999.9000,-0.5212,0.3759,595087.7500,27.3661,605100.8750,1999.9000,
	2026/03/30 15:45:14	,	337544	,	2635	,10.4235,1999.9000,-0.5267,0.8280,594727.3125,27.3638,605295.3750,1999.9000,
	2026/03/30 15:45:14	,	338544	,	2636	,10.4242,1999.9000,-0.5267,1.2047,594727.3125,27.3603,605295.3750,1999.9000,
	2026/03/30 15:45:14	,	339544	,	2637	,10.4248,1999.9000,-0.5267,1.5186,594727.3125,27.3573,605295.3750,1999.9000,
	2026/03/30 15:45:14	,	340544	,	2638	,10.4253,1999.9000,-0.5267,1.8796,594727.3125,27.3549,605295.3750,1999.9000,
	2026/03/30 15:45:14	,	341544	,	2639	,10.4258,1999.9000,-0.5267,2.2800,594727.3125,27.3529,605295.3750,1999.9000,
	2026/03/30 15:45:14	,	342544	,	2640	,10.4263,1999.9000,-0.5227,2.6136,594814.8750,27.3512,605058.5625,1999.9000,
	2026/03/30 15:45:14	,	343544	,	2641	,10.4268,1999.9000,-0.5192,2.7922,594935.8125,27.3498,604916.6250,1999.9000,
	2026/03/30 15:45:14	,	344544	,	2642	,10.4274,1999.9000,-0.5161,2.1452,594951.5625,27.3486,604818.8125,1999.9000,
	2026/03/30 15:45:14	,	345544	,	2643	,10.4280,1999.9000,-0.5130,1.5065,594963.3750,27.3476,604779.8125,1999.9000,
	2026/03/30 15:45:14	,	346544	,	2644	,10.4286,1999.9000,-0.5071,0.7754,595144.3125,27.3468,604604.3750,1999.9000,
	2026/03/30 15:45:14	,	347544	,	2645	,10.4291,1999.9000,-0.5001,0.3650,595507.7500,27.3462,604347.6875,1999.9000,
	2026/03/30 15:45:14	,	348544	,	2646	,10.4297,1999.9000,-0.4971,0.1226,595507.7500,27.3456,604347.6875,1999.9000,
	2026/03/30 15:45:14	,	349544	,	2647	,10.4302,1999.9000,-0.4971,-0.0795,595507.7500,27.3558,604347.6875,1999.9000,
	2026/03/30 15:45:14	,	350544	,	2648	,10.4308,1999.9000,-0.4971,-0.2479,595507.7500,27.3643,604347.6875,1999.9000,
	2026/03/30 15:45:14	,	351544	,	2649	,10.4313,1999.9000,-0.4971,0.1092,595507.7500,27.3714,604347.6875,1999.9000,
	2026/03/30 15:45:14	,	352544	,	2650	,10.4319,1999.9000,-0.4971,0.4067,595507.7500,27.3773,604571.7500,1999.9000,
	2026/03/30 15:45:14	,	353544	,	2651	,10.4325,1999.9000,-0.4973,0.6547,595378.5000,27.3823,604718.5625,1999.9000,
	2026/03/30 15:45:14	,	354544	,	2652	,10.4331,1999.9000,-0.4998,0.8613,595351.9375,27.3833,604813.3750,1999.9000,
	2026/03/30 15:45:14	,	355544	,	2653	,10.4337,1999.9000,-0.5004,1.2324,595338.9375,27.3842,604851.6875,1999.9000,
	2026/03/30 15:45:14	,	356544	,	2654	,10.4342,1999.9000,-0.5052,1.5417,595212.8125,27.3849,605025.3750,1999.9000,
	2026/03/30 15:45:14	,	357544	,	2655	,10.4348,1999.9000,-0.5119,1.7994,594885.1250,27.3855,605311.6875,1999.9000,
	2026/03/30 15:45:14	,	358544	,	2656	,10.4354,1999.9000,-0.5119,2.0142,594755.8750,27.3845,605311.6875,1999.9000,
	2026/03/30 15:45:14	,	359544	,	2657	,10.4360,1999.9000,-0.5119,2.1932,594755.8750,27.3852,605311.6875,1999.9000,
	2026/03/30 15:45:14	,	360544	,	2658	,10.4366,1999.9000,-0.5119,2.1434,594755.8750,27.3858,605311.6875,1999.9000,
	2026/03/30 15:45:14	,	361544	,	2659	,10.4371,1999.9000,-0.5119,2.4003,594755.8750,27.3878,605311.6875,1999.9000,
	2026/03/30 15:45:14	,	362544	,	2660	,10.4377,1999.9000,-0.5091,2.6144,594755.8750,27.3955,605125.6250,1999.9000,
	2026/03/30 15:45:14	,	363544	,	2661	,10.4382,1999.9000,-0.5046,2.7928,594897.1250,27.4020,604974.0625,1999.9000,
	2026/03/30 15:45:14	,	364544	,	2662	,10.4388,1999.9000,-0.5006,2.6431,594923.8750,27.4074,604858.0625,1999.9000,
	2026/03/30 15:45:14	,	365544	,	2663	,10.4393,1999.9000,-0.4970,2.5183,594940.1875,27.4073,604771.0625,1999.9000,
	2026/03/30 15:45:14	,	366544	,	2664	,10.4399,1999.9000,-0.4914,2.0164,595053.7500,27.4042,604658.1250,1999.9000,
	2026/03/30 15:45:14	,	367544	,	2665	,10.4405,1999.9000,-0.4830,1.2998,595368.3750,27.4016,604400.1875,1999.9000,
	2026/03/30 15:45:14	,	368544	,	2666	,10.4410,1999.9000,-0.4768,0.7026,595580.5000,27.3994,604400.1875,1999.9000,
	2026/03/30 15:45:14	,	369544	,	2667	,10.4415,1999.9000,-0.4766,0.2049,595580.5000,27.3961,604400.1875,1999.9000,
	2026/03/30 15:45:14	,	370544	,	2668	,10.4419,1999.9000,-0.4766,-0.2098,595580.5000,27.3933,604400.1875,1999.9000,
	2026/03/30 15:45:14	,	371544	,	2669	,10.4424,1999.9000,-0.4765,-0.5555,595580.5000,27.3880,604400.1875,1999.9000,
	2026/03/30 15:45:14	,	372544	,	2670	,10.4429,1999.9000,-0.4765,-0.7440,595580.5000,27.3835,604524.0000,1999.9000,
	2026/03/30 15:45:14	,	373544	,	2671	,10.4434,1999.9000,-0.4765,-0.8016,595418.4375,27.3797,604690.1250,1999.9000,
	2026/03/30 15:45:14	,	374544	,	2672	,10.4440,1999.9000,-0.4788,-0.7502,595337.9375,27.3766,604791.0625,1999.9000,
	2026/03/30 15:45:14	,	375544	,	2673	,10.4445,1999.9000,-0.4809,-0.7073,595324.6250,27.3741,604877.3750,1999.9000,
	2026/03/30 15:45:14	,	376544	,	2674	,10.4451,1999.9000,-0.4844,-0.6716,595300.8750,27.3719,604974.0625,1999.9000,
	2026/03/30 15:45:14	,	377544	,	2675	,10.4456,1999.9000,-0.4914,-0.4429,595003.1250,27.3732,605226.5000,1999.9000,
	2026/03/30 15:45:14	,	378544	,	2676	,10.4463,1999.9000,-0.4939,-0.1528,594660.5625,27.3757,605226.5000,1999.9000,
	2026/03/30 15:45:14	,	379544	,	2677	,10.4469,1999.9000,-0.4939,0.0889,594660.5625,27.3794,605226.5000,1999.9000,
	2026/03/30 15:45:14	,	380544	,	2678	,10.4475,1999.9000,-0.4939,0.4893,594660.5625,27.3824,605226.5000,1999.9000,
	2026/03/30 15:45:14	,	381544	,	2679	,10.4481,1999.9000,-0.4939,0.8230,594660.5625,27.3850,605226.5000,1999.9000,
	2026/03/30 15:45:14	,	382544	,	2680	,10.4485,1999.9000,-0.4939,1.1010,594660.5625,27.3871,605219.1250,1999.9000,
	2026/03/30 15:45:14	,	383544	,	2681	,10.4490,1999.9000,-0.4898,1.2333,594836.8750,27.3889,604980.0625,1999.9000,
	2026/03/30 15:45:14	,	384544	,	2682	,10.4495,1999.9000,-0.4864,1.3434,594923.2500,27.3904,604864.6875,1999.9000,
	2026/03/30 15:45:14	,	385544	,	2683	,10.4500,1999.9000,-0.4864,1.4353,594939.3750,27.3916,604824.2500,1999.9000,
	2026/03/30 15:45:14	,	386544	,	2684	,10.4505,1999.9000,-0.4837,1.4123,594961.6250,27.3911,604704.6250,1999.9000,
	2026/03/30 15:45:14	,	387544	,	2685	,10.4510,1999.9000,-0.4802,1.4927,595239.6875,27.3907,604489.6250,1999.9000,
	2026/03/30 15:45:14	,	388544	,	2686	,10.4515,1999.9000,-0.4729,1.5596,595612.0000,27.3858,604470.8750,1999.9000,
	2026/03/30 15:45:14	,	389544	,	2687	,10.4520,1999.9000,-0.4618,1.5159,595612.0000,27.3817,604464.6250,1999.9000,
	2026/03/30 15:45:14	,	390544	,	2688	,10.4525,1999.9000,-0.4618,1.4796,595612.0000,27.3828,604461.5625,1999.9000,
	2026/03/30 15:45:14	,	391544	,	2689	,10.4531,1999.9000,-0.4618,1.4492,595612.0000,27.3838,604459.6875,1999.9000,
	2026/03/30 15:45:14	,	392544	,	2690	,10.4536,1999.9000,-0.4618,1.4239,595612.0000,27.3831,604458.4375,1999.9000,
	2026/03/30 15:45:14	,	393544	,	2691	,10.4542,1999.9000,-0.4618,1.4029,595463.1250,27.3825,604650.2500,1999.9000,
	2026/03/30 15:45:14	,	394544	,	2692	,10.4547,1999.9000,-0.4618,1.3853,595363.0000,27.3835,604759.0000,1999.9000,
	2026/03/30 15:45:14	,	395544	,	2693	,10.4552,1999.9000,-0.4618,1.3707,595341.8125,27.3844,604843.5625,1999.9000,
	2026/03/30 15:45:14	,	396544	,	2694	,10.4557,1999.9000,-0.4621,1.3585,595324.0625,27.3881,604931.7500,1999.9000,
	2026/03/30 15:45:14	,	397544	,	2695	,10.4562,1999.9000,-0.4655,1.3484,595121.6875,27.3928,605138.3125,1999.9000,
	2026/03/30 15:45:14	,	398544	,	2696	,10.4567,1999.9000,-0.4716,1.3399,594769.5625,27.3982,605263.3125,1999.9000,
	2026/03/30 15:45:14	,	399544	,	2697	,10.4572,1999.9000,-0.4782,1.3328,594769.5625,27.4027,605263.3125,1999.9000,
	2026/03/30 15:45:14	,	400544	,	2698	,10.4578,1999.9000,-0.4782,1.3270,594769.5625,27.4110,605263.3125,1999.9000,
	2026/03/30 15:45:14	,	401544	,	2699	,10.4583,1999.9000,-0.4782,1.0236,594769.5625,27.4179,605263.3125,1999.9000,
	2026/03/30 15:45:14	,	402544	,	2700	,10.4587,1999.9000,-0.4782,0.7709,594769.5625,27.4191,605263.3125,1999.9000,
	2026/03/30 15:45:14	,	403544	,	2701	,10.4592,1999.9000,-0.4782,0.4608,594775.6250,27.4201,605058.0000,1999.9000,
	2026/03/30 15:45:14	,	404544	,	2702	,10.4598,1999.9000,-0.4759,0.2023,594927.5000,27.4210,604937.1875,1999.9000,
	2026/03/30 15:45:14	,	405544	,	2703	,10.4604,1999.9000,-0.4719,-0.0130,594946.1875,27.4217,604840.5625,1999.9000,
	2026/03/30 15:45:14	,	406544	,	2704	,10.4609,1999.9000,-0.4682,-0.1925,594959.6250,27.4101,604758.3750,1999.9000,
	2026/03/30 15:45:14	,	407544	,	2705	,10.4614,1999.9000,-0.4645,-0.3420,595133.6250,27.4004,604592.3125,1999.9000,
	2026/03/30 15:45:14	,	408544	,	2706	,10.4619,1999.9000,-0.4577,-0.4667,595479.8125,27.3923,604399.6250,1999.9000,
	2026/03/30 15:45:14	,	409544	,	2707	,10.4624,1999.9000,-0.4501,-0.5705,595498.2500,27.3855,604399.6250,1999.9000,
	2026/03/30 15:45:14	,	410544	,	2708	,10.4629,1999.9000,-0.4457,-0.2592,595504.3750,27.3799,604399.6250,1999.9000,
	2026/03/30 15:45:14	,	411544	,	2709	,10.4634,1999.9000,-0.4457,0.0998,595507.5000,27.3753,604399.6250,1999.9000,
	2026/03/30 15:45:14	,	412544	,	2710	,10.4639,1999.9000,-0.4457,0.4983,595509.3750,27.3714,604399.6250,1999.9000,
	2026/03/30 15:45:14	,	413544	,	2711	,10.4644,1999.9000,-0.4457,0.8305,595510.6250,27.3651,604607.3750,1999.9000,
	2026/03/30 15:45:14	,	414544	,	2712	,10.4649,1999.9000,-0.4457,1.5052,595385.6875,27.3629,604735.4375,1999.9000,
	2026/03/30 15:45:14	,	415544	,	2713	,10.4654,1999.9000,-0.4483,2.0674,595357.9375,27.3641,604829.6875,1999.9000,
	2026/03/30 15:45:14	,	416544	,	2714	,10.4659,1999.9000,-0.4505,2.5360,595341.5625,27.3667,604866.8125,1999.9000,
	2026/03/30 15:45:14	,	417544	,	2715	,10.4664,1999.9000,-0.4513,2.7274,595220.5625,27.3688,605047.6875,1999.9000,
	2026/03/30 15:45:14	,	418544	,	2716	,10.4669,1999.9000,-0.4563,2.7876,594913.7500,27.3706,605341.2500,1999.9000,
	2026/03/30 15:45:14	,	419544	,	2717	,10.4674,1999.9000,-0.4625,2.8376,594715.3750,27.3736,605341.2500,1999.9000,
	2026/03/30 15:45:14	,	420544	,	2718	,10.4678,1999.9000,-0.4625,2.9789,594715.3750,27.3761,605341.2500,1999.9000,
	2026/03/30 15:45:14	,	421544	,	2719	,10.4682,1999.9000,-0.4625,3.0965,594715.3750,27.3782,605341.2500,1999.9000,
	2026/03/30 15:45:14	,	422544	,	2720	,10.4688,1999.9000,-0.4625,3.0951,594715.3750,27.3799,605341.2500,1999.9000,
	2026/03/30 15:45:14	,	423544	,	2721	,10.4693,1999.9000,-0.4625,2.9945,594715.3750,27.3814,605099.0625,1999.9000,
	2026/03/30 15:45:14	,	424544	,	2722	,10.4697,1999.9000,-0.4600,2.9106,594879.8125,27.3719,604939.0000,1999.9000,
	2026/03/30 15:45:14	,	425544	,	2723	,10.4702,1999.9000,-0.4557,2.7412,594907.5625,27.3624,604833.8750,1999.9000,
	2026/03/30 15:45:14	,	426544	,	2724	,10.4706,1999.9000,-0.4519,2.6001,594920.1875,27.3546,604745.6875,1999.9000,
	2026/03/30 15:45:14	,	427544	,	2725	,10.4711,1999.9000,-0.4490,2.3830,595023.3750,27.3481,604637.0000,1999.9000,
	2026/03/30 15:45:14	,	428544	,	2726	,10.4716,1999.9000,-0.4439,2.1026,595321.9375,27.3426,604382.0625,1999.9000,
	2026/03/30 15:45:14	,	429544	,	2727	,10.4721,1999.9000,-0.4357,1.8690,595601.3750,27.3350,604382.0625,1999.9000,
	2026/03/30 15:45:14	,	430544	,	2728	,10.4725,1999.9000,-0.4296,1.6743,595601.3750,27.3317,604382.0625,1999.9000,
	2026/03/30 15:45:14	,	431544	,	2729	,10.4729,1999.9000,-0.4294,1.6115,595601.3750,27.3321,604382.0625,1999.9000,
	2026/03/30 15:45:14	,	432544	,	2730	,10.4734,1999.9000,-0.4293,1.5592,595601.3750,27.3339,604382.0625,1999.9000,
	2026/03/30 15:45:14	,	433544	,	2731	,10.4738,1999.9000,-0.4293,2.3114,595601.3750,27.3399,604534.9375,1999.9000,
	2026/03/30 15:45:14	,	434544	,	2732	,10.4743,1999.9000,-0.4293,2.9382,595427.9375,27.3450,604696.7500,1999.9000,
	2026/03/30 15:45:14	,	435544	,	2733	,10.4748,1999.9000,-0.4292,2.9382,595389.8125,27.3492,604798.2500,1999.9000,
	2026/03/30 15:45:14	,	436544	,	2734	,10.4752,1999.9000,-0.4296,3.4605,595365.1875,27.3527,604834.1875,1999.9000,
	2026/03/30 15:45:14	,	437544	,	2735	,10.4757,1999.9000,-0.4328,3.8958,595270.6875,27.3557,604971.6250,1999.9000,
	2026/03/30 15:45:14	,	438544	,	2736	,10.4762,1999.9000,-0.4362,4.2586,595051.3750,27.3581,605258.5000,1999.9000,
	2026/03/30 15:45:14	,	439544	,	2737	,10.4766,1999.9000,-0.4433,4.1630,594702.2500,27.3601,605258.5000,1999.9000,
	2026/03/30 15:45:14	,	440544	,	2738	,10.4771,1999.9000,-0.4475,3.7849,594702.2500,27.3618,605258.5000,1999.9000,
	2026/03/30 15:45:14	,	441544	,	2739	,10.4776,1999.9000,-0.4475,3.4698,594702.2500,27.3571,605258.5000,1999.9000,
	2026/03/30 15:45:14	,	442544	,	2740	,10.4781,1999.9000,-0.4475,2.9088,594702.2500,27.3532,605258.5000,1999.9000,
	2026/03/30 15:45:14	,	443544	,	2741	,10.4786,1999.9000,-0.4475,2.4413,594702.2500,27.3499,605170.3750,1999.9000,
	2026/03/30 15:45:14	,	444544	,	2742	,10.4790,1999.9000,-0.4475,2.0518,594832.1250,27.3457,605170.3750,1999.9000,
	2026/03/30 15:45:14	,	445544	,	2743	,10.4794,1999.9000,-0.4438,1.7271,594930.5000,27.3422,604991.5625,1999.9000,
	2026/03/30 15:45:14	,	446544	,	2744	,10.4799,1999.9000,-0.4403,1.5560,594941.1875,27.3392,604875.5625,1999.9000,
	2026/03/30 15:45:14	,	447544	,	2745	,10.4802,1999.9000,-0.4371,1.4135,594958.6875,27.3368,604785.0000,1999.9000,
	2026/03/30 15:45:14	,	448544	,	2746	,10.4806,1999.9000,-0.4327,1.1952,595197.9375,27.3347,604744.4375,1999.9000,
	2026/03/30 15:45:14	,	449544	,	2747	,10.4810,1999.9000,-0.4244,1.0133,595568.5625,27.3330,604476.9375,1999.9000,
	2026/03/30 15:45:14	,	450544	,	2748	,10.4814,1999.9000,-0.4174,0.8618,595568.5625,27.3316,604474.2500,1999.9000,
	2026/03/30 15:45:14	,	451544	,	2749	,10.4819,1999.9000,-0.4135,0.8349,595568.5625,27.3304,604473.3750,1999.9000,
	2026/03/30 15:45:14	,	452544	,	2750	,10.4823,1999.9000,-0.4135,0.8126,595568.5625,27.3325,604472.8750,1999.9000,
	2026/03/30 15:45:14	,	453544	,	2751	,10.4828,1999.9000,-0.4135,0.1971,595568.5625,27.3373,604472.5625,1999.9000,
	2026/03/30 15:45:14	,	454544	,	2752	,10.4832,1999.9000,-0.4135,-0.9127,595482.7500,27.3413,604472.3750,1999.9000,
	2026/03/30 15:45:14	,	455544	,	2753	,10.4836,1999.9000,-0.4135,-1.8375,595361.8125,27.3461,604658.7500,1999.9000,
	2026/03/30 15:45:14	,	456544	,	2754	,10.4840,1999.9000,-0.4138,-2.1107,595341.5625,27.3532,604853.8125,1999.9000,
	2026/03/30 15:45:14	,	457544	,	2755	,10.4844,1999.9000,-0.4165,-2.3385,595323.0625,27.3532,604853.8125,1999.9000,
	2026/03/30 15:45:14	,	458544	,	2756	,10.4848,1999.9000,-0.4173,-1.8320,595137.8125,27.3560,604946.8125,1999.9000,
	2026/03/30 15:45:14	,	459544	,	2757	,10.4852,1999.9000,-0.4235,-1.4098,594804.1250,27.3569,605173.9375,1999.9000,
	2026/03/30 15:45:14	,	460544	,	2758	,10.4857,1999.9000,-0.4288,-1.0581,594782.6875,27.3576,605255.5000,1999.9000,
	2026/03/30 15:45:14	,	461544	,	2759	,10.4862,1999.9000,-0.4288,-0.6655,594775.5625,27.3582,605255.5000,1999.9000,
	2026/03/30 15:45:14	,	462544	,	2760	,10.4866,1999.9000,-0.4288,-0.2388,594771.9375,27.3586,605255.5000,1999.9000,
	2026/03/30 15:45:14	,	463544	,	2761	,10.4871,1999.9000,-0.4288,0.1167,594769.8125,27.3636,605255.5000,1999.9000,
	2026/03/30 15:45:14	,	464544	,	2762	,10.4875,1999.9000,-0.4288,0.4130,594768.3750,27.3647,605255.5000,1999.9000,
	2026/03/30 15:45:14	,	465544	,	2763	,10.4879,1999.9000,-0.4255,0.6599,594884.6250,27.3626,605041.6250,1999.9000,
	2026/03/30 15:45:14	,	466544	,	2764	,10.4883,1999.9000,-0.4223,0.8656,594901.5625,27.3562,604920.3125,1999.9000,
	2026/03/30 15:45:14	,	467544	,	2765	,10.4887,1999.9000,-0.4194,1.0371,594916.1250,27.3555,604821.8125,1999.9000,
	2026/03/30 15:45:14	,	468544	,	2766	,10.4891,1999.9000,-0.4162,1.0805,595083.0000,27.3549,604784.6875,1999.9000,
	2026/03/30 15:45:14	,	469544	,	2767	,10.4895,1999.9000,-0.4093,0.2214,595434.5000,27.3575,604565.6875,1999.9000,
	2026/03/30 15:45:14	,	470544	,	2768	,10.4899,1999.9000,-0.4014,-0.4945,595542.3750,27.3612,604411.0625,1999.9000,
	2026/03/30 15:45:14	,	471544	,	2769	,10.4903,1999.9000,-0.3961,-1.1906,595542.3750,27.3642,604411.0625,1999.9000,
	2026/03/30 15:45:14	,	472544	,	2770	,10.4907,1999.9000,-0.3959,-1.7706,595542.3750,27.3668,604411.0625,1999.9000,
	2026/03/30 15:45:14	,	473544	,	2771	,10.4910,1999.9000,-0.3958,-2.2540,595542.3750,27.3750,604411.0625,1999.9000,
	2026/03/30 15:45:14	,	474544	,	2772	,10.4914,1999.9000,-0.3957,-2.6568,595542.3750,27.3819,604411.0625,1999.9000,
	2026/03/30 15:45:14	,	475544	,	2773	,10.4919,1999.9000,-0.3957,-2.9925,595387.4375,27.3875,604619.4375,1999.9000,
	2026/03/30 15:45:14	,	476544	,	2774	,10.4923,1999.9000,-0.3957,-3.0733,595357.6875,27.3923,604749.9375,1999.9000,
	2026/03/30 15:45:14	,	477544	,	2775	,10.4927,1999.9000,-0.3960,-3.1406,595342.0000,27.4008,604841.7500,1999.9000,
	2026/03/30 15:45:14	,	478544	,	2776	,10.4931,1999.9000,-0.3994,-3.1967,595233.1250,27.4079,604879.1875,1999.9000,
	2026/03/30 15:45:14	,	479544	,	2777	,10.4935,1999.9000,-0.4042,-3.1440,594946.5000,27.4093,605075.5000,1999.9000,
	2026/03/30 15:45:14	,	480544	,	2778	,10.4940,1999.9000,-0.4109,-3.1000,594699.3125,27.4089,605337.0625,1999.9000,
	2026/03/30 15:45:14	,	481544	,	2779	,10.4944,1999.9000,-0.4109,-3.0634,594699.3125,27.4070,605337.0625,1999.9000,
	2026/03/30 15:45:14	,	482544	,	2780	,10.4948,1999.9000,-0.4109,-2.6350,594699.3125,27.4055,605337.0625,1999.9000,
	2026/03/30 15:45:14	,	483544	,	2781	,10.4952,1999.9000,-0.4109,-2.2780,594699.3125,27.4042,605337.0625,1999.9000,
	2026/03/30 15:45:14	,	484544	,	2782	,10.4955,1999.9000,-0.4109,-1.7815,594699.3125,27.4046,605337.0625,1999.9000,
	2026/03/30 15:45:14	,	485544	,	2783	,10.4959,1999.9000,-0.4078,-1.9647,594867.2500,27.4035,605099.0625,1999.9000,
	2026/03/30 15:45:14	,	486544	,	2784	,10.4962,1999.9000,-0.4043,-2.1173,594867.2500,27.4010,604945.0625,1999.9000,
	2026/03/30 15:45:14	,	487544	,	2785	,10.4966,1999.9000,-0.4012,-1.7471,594904.8750,27.3990,604853.2500,1999.9000,
	2026/03/30 15:45:14	,	488544	,	2786	,10.4970,1999.9000,-0.3986,-1.4386,594925.5000,27.3988,604813.6875,1999.9000,
	2026/03/30 15:45:14	,	489544	,	2787	,10.4974,1999.9000,-0.3934,-1.0820,595035.8750,27.3986,604647.3125,1999.9000,
	2026/03/30 15:45:14	,	490544	,	2788	,10.4977,1999.9000,-0.3855,-0.4865,595309.4375,27.3969,604370.0000,1999.9000,
	2026/03/30 15:45:14	,	491544	,	2789	,10.4981,1999.9000,-0.3802,0.1093,595622.1875,27.3940,604370.0000,1999.9000,
	2026/03/30 15:45:14	,	492544	,	2790	,10.4985,1999.9000,-0.3798,0.5063,595622.1875,27.3931,604370.0000,1999.9000,
	2026/03/30 15:45:14	,	493544	,	2791	,10.4989,1999.9000,-0.3797,0.7376,595622.1875,27.3923,604370.0000,1999.9000,
	2026/03/30 15:45:14	,	494544	,	2792	,10.4993,1999.9000,-0.3796,0.9304,595622.1875,27.3932,604370.0000,1999.9000,
	2026/03/30 15:45:14	,	495544	,	2793	,10.4997,1999.9000,-0.3796,1.0911,595622.1875,27.3955,604576.0000,1999.9000,
	2026/03/30 15:45:14	,	496544	,	2794	,10.5002,1999.9000,-0.3795,1.2250,595430.3125,27.3974,604733.0000,1999.9000,
	2026/03/30 15:45:14	,	497544	,	2795	,10.5006,1999.9000,-0.3798,1.3365,595333.1875,27.4021,604838.6875,1999.9000,
	2026/03/30 15:45:14	,	498544	,	2796	,10.5010,1999.9000,-0.3820,1.4295,595317.4375,27.4059,604875.8125,1999.9000,
	2026/03/30 15:45:14	,	499544	,	2797	,10.5014,1999.9000,-0.3851,1.4721,595052.6250,27.4118,605311.0625,1999.9000,
	2026/03/30 15:45:14	,	500544	,	2798	,10.5018,1999.9000,-0.3918,1.4721,595052.6250,27.4118,605311.0625,1999.9000,
	2026/03/30 15:45:14	,	501544	,	2799	,10.5018,1999.9000,-0.3947,1.3435,594698.6875,27.4110,605311.0625,1999.9000,
	2026/03/30 15:45:14	,	502544	,	2800	,10.5024,1999.9000,-0.3947,1.2364,594698.6875,27.4103,605311.0625,1999.9000,
	2026/03/30 15:45:14	,	503544	,	2801	,10.5028,1999.9000,-0.3947,1.1471,594698.6875,27.4097,605311.0625,1999.9000,
	2026/03/30 15:45:14	,	504544	,	2802	,10.5031,1999.9000,-0.3947,0.8738,594698.6875,27.4031,605311.0625,1999.9000,
	2026/03/30 15:45:14	,	505544	,	2803	,10.5034,1999.9000,-0.3947,0.8449,594698.6875,27.3977,605162.5000,1999.9000,
	2026/03/30 15:45:14	,	506544	,	2804	,10.5038,1999.9000,-0.3907,0.6219,594804.1250,27.3931,604983.6875,1999.9000,
	2026/03/30 15:45:14	,	507544	,	2805	,10.5041,1999.9000,-0.3870,0.2372,594901.8750,27.3908,604871.3750,1999.9000,
	2026/03/30 15:45:14	,	508544	,	2806	,10.5045,1999.9000,-0.3836,-0.0835,594918.2500,27.3905,604777.7500,1999.9000,
	2026/03/30 15:45:14	,	509544	,	2807	,10.5048,1999.9000,-0.3791,-0.3507,594932.2500,27.3932,604670.8125,1999.9000,
	2026/03/30 15:45:14	,	510544	,	2808	,10.5051,1999.9000,-0.3709,-0.5733,595133.6250,27.3955,604437.0625,1999.9000,
	2026/03/30 15:45:14	,	511544	,	2809	,10.5054,1999.9000,-0.3644,-0.4605,595520.8750,27.3974,604437.0625,1999.9000,
	2026/03/30 15:45:14	,	512544	,	2810	,10.5057,1999.9000,-0.3640,-0.3664,595520.8750,27.3990,604437.0625,1999.9000,
	2026/03/30 15:45:14	,	513544	,	2811	,10.5060,1999.9000,-0.3639,-0.2880,595520.8750,27.4003,604437.0625,1999.9000,
	2026/03/30 15:45:14	,	514544	,	2812	,10.5064,1999.9000,-0.3638,-0.3222,595520.8750,27.4014,604437.0625,1999.9000,
	2026/03/30 15:45:14	,	515544	,	2813	,10.5067,1999.9000,-0.3638,-0.2512,595520.8750,27.4023,604448.9375,1999.9000,
	2026/03/30 15:45:14	,	516544	,	2814	,10.5070,1999.9000,-0.3638,-0.0925,595515.6250,27.4031,604682.3125,1999.9000,
	2026/03/30 15:45:14	,	517544	,	2815	,10.5074,1999.9000,-0.3641,0.0397,595362.4375,27.4037,604782.5625,1999.9000,
	2026/03/30 15:45:14	,	518544	,	2816	,10.5077,1999.9000,-0.3672,0.1499,595343.9375,27.4043,604879.2500,1999.9000,
	2026/03/30 15:45:14	,	519544	,	2817	,10.5081,1999.9000,-0.3681,0.5401,595328.8750,27.4047,604972.1875,1999.9000,
	2026/03/30 15:45:14	,	520544	,	2818	,10.5084,1999.9000,-0.3747,0.9648,595170.5625,27.4020,605210.1875,1999.9000,
	2026/03/30 15:45:14	,	521544	,	2819	,10.5088,1999.9000,-0.3794,1.3187,594834.5000,27.3967,605221.3125,1999.9000,
	2026/03/30 15:45:14	,	522544	,	2820	,10.5091,1999.9000,-0.3794,1.6136,594800.0000,27.3923,605225.0000,1999.9000,
	2026/03/30 15:45:14	,	523544	,	2821	,10.5095,1999.9000,-0.3794,1.8593,594788.5000,27.3901,605226.8750,1999.9000,
	2026/03/30 15:45:14	,	524544	,	2822	,10.5099,1999.9000,-0.3794,1.9646,594782.6875,27.3868,605228.0000,1999.9000,
	2026/03/30 15:45:14	,	525544	,	2823	,10.5102,1999.9000,-0.3794,1.4556,594779.2500,27.3841,605228.7500,1999.9000,
	2026/03/30 15:45:14	,	526544	,	2824	,10.5102,1999.9000,-0.3750,1.0313,594776.9375,27.3818,605015.7500,1999.9000,
	2026/03/30 15:45:14	,	527544	,	2825	,10.5105,1999.9000,-0.3714,0.5783,594888.7500,27.3783,604891.9375,1999.9000,
	2026/03/30 15:45:14	,	528544	,	2826	,10.5107,1999.9000,-0.3681,0.1014,594910.2500,27.3724,604803.0625,1999.9000,
	2026/03/30 15:45:14	,	529544	,	2827	,10.5109,1999.9000,-0.3645,-0.2961,594925.8750,27.3705,604764.4375,1999.9000,
	2026/03/30 15:45:14	,	530544	,	2828	,10.5112,1999.9000,-0.3574,-0.6273,595076.4375,27.3690,604545.8125,1999.9000,
	2026/03/30 15:45:14	,	531544	,	2829	,10.5115,1999.9000,-0.3499,-0.8039,595414.8125,27.3676,604431.0000,1999.9000,
	2026/03/30 15:45:14	,	532544	,	2830	,10.5118,1999.9000,-0.3450,-0.5531,595561.3750,27.3665,604431.0000,1999.9000,
	2026/03/30 15:45:14	,	533544	,	2831	,10.5121,1999.9000,-0.3450,-0.1452,595561.3750,27.3656,604431.0000,1999.9000,
	2026/03/30 15:45:14	,	534544	,	2832	,10.5124,1999.9000,-0.3450,0.1947,595561.3750,27.3649,604431.0000,1999.9000,
	2026/03/30 15:45:14	,	535544	,	2833	,10.5127,1999.9000,-0.3450,0.3785,595561.3750,27.3643,604431.0000,1999.9000,
	2026/03/30 15:45:14	,	536544	,	2834	,10.5131,1999.9000,-0.3450,0.6312,595561.3750,27.3637,604621.3125,1999.9000,
	2026/03/30 15:45:14	,	537544	,	2835	,10.5133,1999.9000,-0.3452,0.9412,595384.4375,27.3663,604742.7500,1999.9000,
	2026/03/30 15:45:14	,	538544	,	2836	,10.5136,1999.9000,-0.3477,1.1001,595351.6875,27.3685,604835.1250,1999.9000,
	2026/03/30 15:45:14	,	539544	,	2837	,10.5140,1999.9000,-0.3484,1.1330,595337.9375,27.3719,604919.6875,1999.9000,
	2026/03/30 15:45:14	,	540544	,	2838	,10.5143,1999.9000,-0.3538,1.1604,595252.1875,27.3747,605111.1875,1999.9000,
	2026/03/30 15:45:14	,	541544	,	2839	,10.5146,1999.9000,-0.3538,1.2827,594981.6875,27.3770,605321.3125,1999.9000,
	2026/03/30 15:45:14	,	542544	,	2840	,10.5148,1999.9000,-0.3602,1.2852,594692.6875,27.3804,605321.3125,1999.9000,
	2026/03/30 15:45:14	,	543544	,	2841	,10.5153,1999.9000,-0.3602,1.3867,594692.6875,27.3848,605321.3125,1999.9000,
	2026/03/30 15:45:14	,	544544	,	2842	,10.5153,1999.9000,-0.3602,1.4714,594692.6875,27.3870,605321.3125,1999.9000,
	2026/03/30 15:45:14	,	545544	,	2843	,10.5156,1999.9000,-0.3602,1.2434,594692.6875,27.3888,605321.3125,1999.9000,
	2026/03/30 15:45:14	,	546544	,	2844	,10.5159,1999.9000,-0.3599,0.9540,594692.6875,27.3888,605085.1875,1999.9000,
	2026/03/30 15:45:14	,	547544	,	2845	,10.5162,1999.9000,-0.3545,0.7129,594869.6875,27.3811,604931.1250,1999.9000,
	2026/03/30 15:45:14	,	548544	,	2846	,10.5164,1999.9000,-0.3511,0.4124,594904.8750,27.3747,604834.5000,1999.9000,
	2026/03/30 15:45:14	,	549544	,	2847	,10.5167,1999.9000,-0.3482,-0.0369,594923.0625,27.3785,604795.8750,1999.9000,
	2026/03/30 15:45:14	,	550544	,	2848	,10.5171,1999.9000,-0.3428,-0.4113,595007.3125,27.3711,604606.1875,1999.9000,
	2026/03/30 15:45:14	,	551544	,	2849	,10.5173,1999.9000,-0.3350,-0.7234,595251.0000,27.3648,604370.6250,1999.9000,
	2026/03/30 15:45:14	,	552544	,	2850	,10.5176,1999.9000,-0.3298,-1.0829,595618.0000,27.3596,604370.6250,1999.9000,
	2026/03/30 15:45:14	,	553544	,	2851	,10.5179,1999.9000,-0.3298,-1.3824,595618.0000,27.3599,604370.6250,1999.9000,
	2026/03/30 15:45:14	,	554544	,	2852	,10.5181,1999.9000,-0.3298,-1.6321,595618.0000,27.3601,604370.6250,1999.9000,
	2026/03/30 15:45:14	,	555544	,	2853	,10.5183,1999.9000,-0.3298,-1.8401,595618.0000,27.3603,604370.6250,1999.9000,
	2026/03/30 15:45:14	,	556544	,	2854	,10.5186,1999.9000,-0.3298,-2.0135,595618.0000,27.3650,604592.9375,1999.9000,
	2026/03/30 15:45:14	,	557544	,	2855	,10.5189,1999.9000,-0.3298,-1.6606,595452.3750,27.3659,604713.1250,1999.9000,
	2026/03/30 15:45:14	,	558544	,	2856	,10.5192,1999.9000,-0.3301,-1.2671,595348.1250,27.3666,604807.3125,1999.9000,
	2026/03/30 15:45:14	,	559544	,	2857	,10.5194,1999.9000,-0.3329,-0.9391,595330.0000,27.3703,604894.3125,1999.9000,
	2026/03/30 15:45:14	,	560544	,	2858	,10.5197,1999.9000,-0.3361,-0.6658,595313.3750,27.3734,605033.8750,1999.9000,
	2026/03/30 15:45:14	,	561544	,	2859	,10.5199,1999.9000,-0.3427,-0.4380,595092.5000,27.3759,605321.9375,1999.9000,
	2026/03/30 15:45:14	,	562544	,	2860	,10.5202,1999.9000,-0.3427,-0.0493,594735.0000,27.3826,605321.9375,1999.9000,
	2026/03/30 15:45:14	,	563544	,	2861	,10.5204,1999.9000,-0.3427,0.0757,594735.0000,27.3882,605321.9375,1999.9000,
	2026/03/30 15:45:14	,	564544	,	2862	,10.5207,1999.9000,-0.3427,0.1799,594735.0000,27.3928,605321.9375,1999.9000,
	2026/03/30 15:45:14	,	565544	,	2863	,10.5210,1999.9000,-0.3427,0.2667,594735.0000,27.3967,605321.9375,1999.9000,
	2026/03/30 15:45:14	,	566544	,	2864	,10.5212,1999.9000,-0.3427,0.3390,594735.0000,27.4045,605141.3750,1999.9000,
	2026/03/30 15:45:14	,	567544	,	2865	,10.5215,1999.9000,-0.3427,0.7972,594746.1250,27.4110,604977.6250,1999.9000,
	2026/03/30 15:45:14	,	568544	,	2866	,10.5218,1999.9000,-0.3380,1.1790,594918.5000,27.4118,604864.0625,1999.9000,
	2026/03/30 15:45:14	,	569544	,	2867	,10.5220,1999.9000,-0.3342,1.4972,594936.3750,27.4079,604825.4375,1999.9000,
	2026/03/30 15:45:14	,	570544	,	2868	,10.5222,1999.9000,-0.3313,1.2650,594951.8750,27.4001,604669.0000,1999.9000,
	2026/03/30 15:45:14	,	571544	,	2869	,10.5224,1999.9000,-0.3271,0.8725,595138.3750,27.3936,604403.8750,1999.9000,
	2026/03/30 15:45:14	,	572544	,	2870	,10.5226,1999.9000,-0.3191,0.7444,595507.7500,27.3882,604403.8750,1999.9000,
	2026/03/30 15:45:14	,	573544	,	2871	,10.5228,1999.9000,-0.3124,0.9361,595512.5000,27.3837,604403.8750,1999.9000,
	2026/03/30 15:45:14	,	574544	,	2872	,10.5230,1999.9000,-0.3116,1.0958,595514.1250,27.3784,604403.8750,1999.9000,
	2026/03/30 15:45:14	,	575544	,	2873	,10.5232,1999.9000,-0.3113,0.9305,595514.8750,27.3740,604403.8750,1999.9000,
	2026/03/30 15:45:14	,	576544	,	2874	,10.5235,1999.9000,-0.3112,0.5938,595515.3750,27.3703,604526.4375,1999.9000,
	2026/03/30 15:45:14	,	577544	,	2875	,10.5237,1999.9000,-0.3111,-0.0847,595515.6875,27.3688,604696.1875,1999.9000,
	2026/03/30 15:45:14	,	578544	,	2876	,10.5240,1999.9000,-0.3111,-0.7496,595380.3125,27.3675,604797.6250,1999.9000,
	2026/03/30 15:45:14	,	579544	,	2877	,10.5242,1999.9000,-0.3114,-1.3037,595352.9375,27.3665,604835.1250,1999.9000,
	2026/03/30 15:45:14	,	580544	,	2878	,10.5245,1999.9000,-0.3149,-1.7654,595338.5625,27.3656,604970.3750,1999.9000,
	2026/03/30 15:45:14	,	581544	,	2879	,10.5247,1999.9000,-0.3174,-2.1502,595203.3125,27.3648,605236.1875,1999.9000,
	2026/03/30 15:45:14	,	582544	,	2880	,10.5249,1999.9000,-0.3237,-2.4708,594889.9375,27.3642,605236.1875,1999.9000,
	2026/03/30 15:45:14	,	583544	,	2881	,10.5251,1999.9000,-0.3292,-2.4396,594720.1250,27.3683,605236.1875,1999.9000,
	2026/03/30 15:45:14	,	584544	,	2882	,10.5253,1999.9000,-0.3292,-2.4136,594720.1250,27.3683,605236.1875,1999.9000,
	2026/03/30 15:45:14	,	585544	,	2883	,10.5255,1999.9000,-0.3292,-2.3919,594720.1250,27.3717,605236.1875,1999.9000,
	2026/03/30 15:45:14	,	586544	,	2884	,10.5256,1999.9000,-0.3292,-2.3738,594720.1250,27.3668,605233.7500,1999.9000,
	2026/03/30 15:45:14	,	587544	,	2885	,10.5257,1999.9000,-0.3292,-2.3588,594720.1250,27.3628,605021.1250,1999.9000,
	2026/03/30 15:45:14	,	588544	,	2886	,10.5259,1999.9000,-0.3248,-2.1473,594858.3750,27.3595,604908.1875,1999.9000,
	2026/03/30 15:45:14	,	589544	,	2887	,10.5261,1999.9000,-0.3209,-1.9710,594886.3750,27.3567,604812.1875,1999.9000,
	2026/03/30 15:45:14	,	590544	,	2888	,10.5263,1999.9000,-0.3176,-2.0231,594904.0625,27.3529,604720.3125,1999.9000,
	2026/03/30 15:45:14	,	591544	,	2889	,10.5265,1999.9000,-0.3143,-2.2655,595031.1250,27.3497,604501.6875,1999.9000,
	2026/03/30 15:45:14	,	592544	,	2890	,10.5267,1999.9000,-0.3074,-2.4674,595355.8125,27.3485,604484.1875,1999.9000,
	2026/03/30 15:45:14	,	593544	,	2891	,10.5269,1999.9000,-0.3003,-2.6357,595590.0000,27.3476,604478.3750,1999.9000,
	2026/03/30 15:45:14	,	594544	,	2892	,10.5271,1999.9000,-0.2958,-2.5770,595590.0000,27.3468,604475.5000,1999.9000,
	2026/03/30 15:45:14	,	595544	,	2893	,10.5273,1999.9000,-0.2958,-2.5281,595590.0000,27.3446,604473.7500,1999.9000,
	2026/03/30 15:45:14	,	596544	,	2894	,10.5275,1999.9000,-0.2958,-2.1889,595590.0000,27.3458,604472.5625,1999.9000,
	2026/03/30 15:45:14	,	597544	,	2895	,10.5277,1999.9000,-0.2958,-1.9062,595590.0000,27.3514,604472.5625,1999.9000,
	2026/03/30 15:45:14	,	598544	,	2896	,10.5279,1999.9000,-0.2958,-1.3723,595426.7500,27.3576,604656.9375,1999.9000,
	2026/03/30 15:45:14	,	599544	,	2897	,10.5281,1999.9000,-0.2960,-0.8278,595387.4375,27.3628,604763.2500,1999.9000,
	2026/03/30 15:45:14	,	600544	,	2898	,10.5282,1999.9000,-0.2985,-0.3741,595364.0000,27.3671,604847.1875,1999.9000,
	2026/03/30 15:45:14	,	601544	,	2899	,10.5284,1999.9000,-0.2992,0.0040,595261.6875,27.3707,604887.3125,1999.9000,
	2026/03/30 15:45:14	,	602544	,	2900	,10.5286,1999.9000,-0.3046,0.3190,595022.8125,27.3737,605134.6875,1999.9000,
	2026/03/30 15:45:14	,	603544	,	2901	,10.5287,1999.9000,-0.3110,0.5816,594665.9375,27.3762,605271.8125,1999.9000,
	2026/03/30 15:45:14	,	604544	,	2902	,10.5289,1999.9000,-0.3110,0.8004,594665.9375,27.3828,605271.8125,1999.9000,
	2026/03/30 15:45:14	,	605544	,	2903	,10.5290,1999.9000,-0.3110,0.9827,594665.9375,27.3883,605271.8125,1999.9000,
	2026/03/30 15:45:14	,	606544	,	2904	,10.5292,1999.9000,-0.3110,1.1347,594665.9375,27.3884,605271.8125,1999.9000,
	2026/03/30 15:45:14	,	607544	,	2905	,10.5293,1999.9000,-0.3110,1.2613,594665.9375,27.3884,605271.8125,1999.9000,
	2026/03/30 15:45:14	,	608544	,	2906	,10.5295,1999.9000,-0.3110,1.3668,594838.1250,27.3885,605058.0000,1999.9000,
	2026/03/30 15:45:14	,	609544	,	2907	,10.5297,1999.9000,-0.3068,1.3553,594929.2500,27.3885,604924.5000,1999.9000,
	2026/03/30 15:45:14	,	610544	,	2908	,10.5298,1999.9000,-0.3034,1.2462,594945.3750,27.3870,604830.3125,1999.9000,
	2026/03/30 15:45:14	,	611544	,	2909	,10.5300,1999.9000,-0.3003,1.2548,594961.3125,27.3842,604796.8125,1999.9000,
	2026/03/30 15:45:14	,	612544	,	2910	,10.5302,1999.9000,-0.2948,1.1624,595216.4375,27.3803,604609.8125,1999.9000,
	2026/03/30 15:45:14	,	613544	,	2911	,10.5303,1999.9000,-0.2873,1.0855,595588.2500,27.3771,604388.1250,1999.9000,
	2026/03/30 15:45:14	,	614544	,	2912	,10.5305,1999.9000,-0.2824,1.0213,595588.2500,27.3760,604388.1250,1999.9000,
	2026/03/30 15:45:14	,	615544	,	2913	,10.5307,1999.9000,-0.2824,0.9679,595588.2500,27.3750,604388.1250,1999.9000,
	2026/03/30 15:45:14	,	616544	,	2914	,10.5309,1999.9000,-0.2824,0.9234,595588.2500,27.3727,604388.1250,1999.9000,
	2026/03/30 15:45:14	,	617544	,	2915	,10.5310,1999.9000,-0.2824,0.8863,595588.2500,27.3708,604388.1250,1999.9000,
	2026/03/30 15:45:14	,	618544	,	2916	,10.5312,1999.9000,-0.2824,0.3580,595478.6250,27.3661,604609.8125,1999.9000,
	2026/03/30 15:45:14	,	619544	,	2917	,10.5314,1999.9000,-0.2825,-0.0823,595370.1875,27.3622,604743.8750,1999.9000,
	2026/03/30 15:45:14	,	620544	,	2918	,10.5315,1999.9000,-0.2849,-0.4491,595350.8125,27.3620,604835.1250,1999.9000,
	2026/03/30 15:45:14	,	621544	,	2919	,10.5317,1999.9000,-0.2857,-0.5559,595329.8750,27.3619,604874.9375,1999.9000,
	2026/03/30 15:45:14	,	622544	,	2920	,10.5318,1999.9000,-0.2900,-0.6449,595113.3750,27.3618,605060.3750,1999.9000,
	2026/03/30 15:45:14	,	623544	,	2921	,10.5320,1999.9000,-0.2967,-0.6449,594766.0000,27.3586,605346.6875,1999.9000,
	2026/03/30 15:45:14	,	624544	,	2922	,10.5321,1999.9000,-0.2971,-0.0514,594766.0000,27.3560,605346.6875,1999.9000,
	2026/03/30 15:45:14	,	625544	,	2923	,10.5323,1999.9000,-0.2973,0.1735,594766.0000,27.3599,605346.6875,1999.9000,
	2026/03/30 15:45:14	,	626544	,	2924	,10.5324,1999.9000,-0.2974,0.3608,594766.0000,27.3632,605346.6875,1999.9000,
	2026/03/30 15:45:14	,	627544	,	2925	,10.5325,1999.9000,-0.2974,0.5169,594766.0000,27.3689,605346.6875,1999.9000,
	2026/03/30 15:45:14	,	628544	,	2926	,10.5327,1999.9000,-0.2975,0.6470,594768.1875,27.3737,605110.5625,1999.9000,
	2026/03/30 15:45:14	,	629544	,	2927	,10.5328,1999.9000,-0.2938,0.6560,594907.2500,27.3777,604949.8750,1999.9000,
	2026/03/30 15:45:14	,	630544	,	2928	,10.5329,1999.9000,-0.2906,0.2655,594930.1875,27.3811,604845.9375,1999.9000,
	2026/03/30 15:45:14	,	631544	,	2929	,10.5331,1999.9000,-0.2880,-0.0598,594944.5625,27.3839,604807.9375,1999.9000,
	2026/03/30 15:45:14	,	632544	,	2930	,10.5332,1999.9000,-0.2840,-0.3310,595107.4375,27.3892,604656.3125,1999.9000,
	2026/03/30 15:45:14	,	633544	,	2931	,10.5333,1999.9000,-0.2762,-0.5569,595469.6250,27.3952,604393.5625,1999.9000,
	2026/03/30 15:45:14	,	634544	,	2932	,10.5334,1999.9000,-0.2698,-0.7452,595499.1250,27.3987,604393.5625,1999.9000,
	2026/03/30 15:45:14	,	635544	,	2933	,10.5335,1999.9000,-0.2666,-0.9021,595508.9375,27.4031,604393.5625,1999.9000,
	2026/03/30 15:45:14	,	636544	,	2934	,10.5336,1999.9000,-0.2666,-0.6350,595513.8750,27.4068,604393.5625,1999.9000,
	2026/03/30 15:45:14	,	637544	,	2935	,10.5337,1999.9000,-0.2666,-0.4124,595516.8125,27.4099,604393.5625,1999.9000,
	2026/03/30 15:45:14	,	638544	,	2936	,10.5338,1999.9000,-0.2666,-0.6247,595518.7500,27.4109,604557.2500,1999.9000,
	2026/03/30 15:45:14	,	639544	,	2937	,10.5339,1999.9000,-0.2666,-0.9012,595379.0625,27.4117,604706.5000,1999.9000,
	2026/03/30 15:45:14	,	640544	,	2938	,10.5340,1999.9000,-0.2689,-0.6342,595349.8750,27.4140,604802.5000,1999.9000,
	2026/03/30 15:45:14	,	641544	,	2939	,10.5342,1999.9000,-0.2698,-0.6107,595335.3750,27.4143,604886.4375,1999.9000,
	2026/03/30 15:45:14	,	642544	,	2940	,10.5343,1999.9000,-0.2732,-0.8895,595219.4375,27.4146,604990.3125,1999.9000,
	2026/03/30 15:45:14	,	643544	,	2941	,10.5344,1999.9000,-0.2795,-1.1218,594925.1250,27.4148,605266.9375,1999.9000,
	2026/03/30 15:45:14	,	644544	,	2942	,10.5345,1999.9000,-0.2852,-1.0170,594726.0625,27.4135,605266.9375,1999.9000,
	2026/03/30 15:45:14	,	645544	,	2943	,10.5345,1999.9000,-0.2852,-0.9297,594726.0625,27.4109,605266.9375,1999.9000,
	2026/03/30 15:45:14	,	646544	,	2944	,10.5346,1999.9000,-0.2852,-0.8569,594726.0625,27.4072,605266.9375,1999.9000,
	2026/03/30 15:45:14	,	647544	,	2945	,10.5347,1999.9000,-0.2852,-0.7962,594726.0625,27.4025,605266.9375,1999.9000,
	2026/03/30 15:45:14	,	648544	,	2946	,10.5348,1999.9000,-0.2852,-0.1488,594726.0625,27.3987,605183.5625,1999.9000,
	2026/03/30 15:45:14	,	649544	,	2947	,10.5349,1999.9000,-0.2823,0.3906,594884.6250,27.3955,605004.8750,1999.9000,
	2026/03/30 15:45:14	,	650544	,	2948	,10.5350,1999.9000,-0.2791,0.8402,594917.6875,27.3928,604896.7500,1999.9000,
	2026/03/30 15:45:14	,	651544	,	2949	,10.5350,1999.9000,-0.2761,1.2149,594935.2500,27.3906,604807.3125,1999.9000,
	2026/03/30 15:45:14	,	652544	,	2950	,10.5351,1999.9000,-0.2728,1.4276,595035.8750,27.3872,604719.7500,1999.9000,
	2026/03/30 15:45:14	,	653544	,	2951	,10.5352,1999.9000,-0.2657,1.4276,595328.4375,27.3844,604486.0000,1999.9000,
	2026/03/30 15:45:14	,	654544	,	2952	,10.5353,1999.9000,-0.2589,1.6049,595608.5000,27.3820,604483.2500,1999.9000,
	2026/03/30 15:45:14	,	655544	,	2953	,10.5354,1999.9000,-0.2562,1.2552,595608.5000,27.3771,604482.3125,1999.9000,
	2026/03/30 15:45:14	,	656544	,	2954	,10.5354,1999.9000,-0.2562,1.1628,595608.5000,27.3713,604481.9375,1999.9000,
	2026/03/30 15:45:14	,	657544	,	2955	,10.5355,1999.9000,-0.2562,1.3842,595608.5000,27.3711,604481.6875,1999.9000,
	2026/03/30 15:45:14	,	658544	,	2956	,10.5356,1999.9000,-0.2562,1.5687,595608.5000,27.3710,604481.5000,1999.9000,
	2026/03/30 15:45:14	,	659544	,	2957	,10.5356,1999.9000,-0.2562,1.7225,595438.0625,27.3709,604670.2500,1999.9000,
	2026/03/30 15:45:14	,	660544	,	2958	,10.5357,1999.9000,-0.2565,1.8506,595357.6875,27.3708,604782.5625,1999.9000,
	2026/03/30 15:45:14	,	661544	,	2959	,10.5357,1999.9000,-0.2594,1.7584,595342.8125,27.3707,604873.1875,1999.9000,
	2026/03/30 15:45:14	,	662544	,	2960	,10.5358,1999.9000,-0.2601,1.5822,595323.3125,27.3707,604957.1250,1999.9000,
	2026/03/30 15:45:14	,	663544	,	2961	,10.5358,1999.9000,-0.2660,1.4352,595053.7500,27.3706,605189.6250,1999.9000,
	2026/03/30 15:45:14	,	664544	,	2962	,10.5359,1999.9000,-0.2725,1.3128,594687.3750,27.3751,605226.5000,1999.9000,
	2026/03/30 15:45:14	,	665544	,	2963	,10.5359,1999.9000,-0.2725,1.3103,594687.3750,27.3789,605238.8125,1999.9000,
	2026/03/30 15:45:14	,	666544	,	2964	,10.5360,1999.9000,-0.2725,1.1074,594687.3750,27.3820,605248.6250,1999.9000,
	2026/03/30 15:45:14	,	667544	,	2965	,10.5360,1999.9000,-0.2725,1.1074,594687.3750,27.3877,605248.6250,1999.9000,
	2026/03/30 15:45:14	,	668544	,	2966	,10.5361,1999.9000,-0.2725,0.9402,594687.3750,27.3894,605251.0625,1999.9000,
	2026/03/30 15:45:14	,	669544	,	2967	,10.5362,1999.9000,-0.2725,0.8008,594820.8125,27.3862,605058.5625,1999.9000,
	2026/03/30 15:45:14	,	670544	,	2968	,10.5363,1999.9000,-0.2684,0.6846,594927.5000,27.3866,604936.5625,1999.9000,
	2026/03/30 15:45:14	,	671544	,	2969	,10.5363,1999.9000,-0.2652,0.5879,594944.1250,27.3885,604839.9375,1999.9000,
	2026/03/30 15:45:14	,	672544	,	2970	,10.5364,1999.9000,-0.2624,0.5072,594954.8750,27.3900,604742.1250,1999.9000,
	2026/03/30 15:45:14	,	673544	,	2971	,10.5365,1999.9000,-0.2568,0.4400,595169.9375,27.3898,604544.5625,1999.9000,
	2026/03/30 15:45:14	,	674544	,	2972	,10.5365,1999.9000,-0.2492,0.3840,595553.0625,27.3896,604413.5000,1999.9000,
	2026/03/30 15:45:14	,	675544	,	2973	,10.5365,1999.9000,-0.2442,0.3373,595553.0625,27.3879,604413.5000,1999.9000,
	2026/03/30 15:45:14	,	676544	,	2974	,10.5366,1999.9000,-0.2442,0.2984,595553.0625,27.3834,604413.5000,1999.9000,
	2026/03/30 15:45:14	,	677544	,	2975	,10.5366,1999.9000,-0.2442,0.2660,595553.0625,27.3797,604413.5000,1999.9000,
	2026/03/30 15:45:14	,	678544	,	2976	,10.5366,1999.9000,-0.2442,0.1395,595553.0625,27.3766,604413.5000,1999.9000,
	2026/03/30 15:45:14	,	679544	,	2977	,10.5367,1999.9000,-0.2442,0.0341,595544.0625,27.3710,604629.7500,1999.9000,
	2026/03/30 15:45:14	,	680544	,	2978	,10.5367,1999.9000,-0.2444,-0.0538,595388.0625,27.3663,604755.4375,1999.9000,
	2026/03/30 15:45:14	,	681544	,	2979	,10.5367,1999.9000,-0.2474,-0.0275,595368.0625,27.3624,604846.5625,1999.9000,
	2026/03/30 15:45:14	,	682544	,	2980	,10.5368,1999.9000,-0.2482,0.3923,595349.3125,27.3591,604886.1250,1999.9000,
	2026/03/30 15:45:14	,	683544	,	2981	,10.5368,1999.9000,-0.2529,0.7421,595168.1875,27.3564,605103.8750,1999.9000,
	2026/03/30 15:45:14	,	684544	,	2982	,10.5368,1999.9000,-0.2601,0.9342,594836.3125,27.3541,605346.0625,1999.9000,
	2026/03/30 15:45:14	,	685544	,	2983	,10.5368,1999.9000,-0.2610,0.9947,594800.8750,27.3523,605346.0625,1999.9000,
	2026/03/30 15:45:14	,	686544	,	2984	,10.5368,1999.9000,-0.2614,1.0452,594789.0625,27.3430,605346.0625,1999.9000,
	2026/03/30 15:45:14	,	687544	,	2985	,10.5368,1999.9000,-0.2615,1.0873,594783.1250,27.3354,605346.0625,1999.9000,
	2026/03/30 15:45:14	,	688544	,	2986	,10.5368,1999.9000,-0.2616,1.2218,594779.6250,27.3290,605346.0625,1999.9000,
	2026/03/30 15:45:14	,	689544	,	2987	,10.5368,1999.9000,-0.2617,1.4334,594777.1875,27.3236,605103.3125,1999.9000,
	2026/03/30 15:45:14	,	690544	,	2988	,10.5368,1999.9000,-0.2585,1.5102,594890.5000,27.3192,604957.6875,1999.9000,
	2026/03/30 15:45:14	,	691544	,	2989	,10.5367,1999.9000,-0.2554,1.4748,594910.2500,27.3140,604852.6250,1999.9000,
	2026/03/30 15:45:14	,	692544	,	2990	,10.5367,1999.9000,-0.2528,1.4452,594924.5000,27.3081,604814.6250,1999.9000,
	2026/03/30 15:45:14	,	693544	,	2991	,10.5367,1999.9000,-0.2484,0.8238,595076.4375,27.3032,604648.5000,1999.9000,
	2026/03/30 15:45:14	,	694544	,	2992	,10.5367,1999.9000,-0.2405,0.3059,595425.0000,27.2991,604387.5000,1999.9000,
	2026/03/30 15:45:14	,	695544	,	2993	,10.5368,1999.9000,-0.2344,-0.1257,595551.8750,27.3033,604387.5000,1999.9000,
	2026/03/30 15:45:14	,	696544	,	2994	,10.5368,1999.9000,-0.2341,-0.4853,595551.8750,27.3068,604387.5000,1999.9000,
	2026/03/30 15:45:14	,	697544	,	2995	,10.5368,1999.9000,-0.2340,-0.7850,595551.8750,27.3113,604387.5000,1999.9000,
	2026/03/30 15:45:14	,	698544	,	2996	,10.5369,1999.9000,-0.2340,-1.0348,595551.8750,27.3150,604387.5000,1999.9000,
	2026/03/30 15:45:14	,	699544	,	2997	,10.5369,1999.9000,-0.2340,-1.1434,595551.8750,27.3181,604603.1875,1999.9000,
	2026/03/30 15:45:14	,	700544	,	2998	,10.5369,1999.9000,-0.2340,-1.0350,595396.3750,27.3237,604742.7500,1999.9000,
	2026/03/30 15:45:14	,	701544	,	2999	,10.5369,1999.9000,-0.2362,-0.8452,595364.7500,27.3284,604782.8750,1999.9000,
	2026/03/30 15:45:14	,	702544	,	3000	,10.5369,1999.9000,-0.2370,-0.6870,595347.9375,27.3323,604894.3125,1999.9000,
	2026/03/30 15:45:14	,	703544	,	3001	,10.5370,1999.9000,-0.2403,-0.4557,595236.0625,27.3356,605027.1875,1999.9000,
	2026/03/30 15:45:14	,	704544	,	3002	,10.5370,1999.9000,-0.2467,-0.2630,594946.5000,27.3383,605326.1250,1999.9000,
	2026/03/30 15:45:14	,	705544	,	3003	,10.5370,1999.9000,-0.2522,-0.1024,594695.1250,27.3452,605326.1250,1999.9000,
	2026/03/30 15:45:14	,	706544	,	3004	,10.5370,1999.9000,-0.2522,-0.0680,594695.1250,27.3509,605326.1250,1999.9000,
	2026/03/30 15:45:14	,	707544	,	3005	,10.5370,1999.9000,-0.2522,-0.0393,594695.1250,27.3511,605326.1250,1999.9000,
	2026/03/30 15:45:14	,	708544	,	3006	,10.5370,1999.9000,-0.2522,0.0840,594695.1250,27.3511,605326.1250,1999.9000,
	2026/03/30 15:45:14	,	709544	,	3007	,10.5369,1999.9000,-0.2522,0.1868,594695.1250,27.3439,605166.0625,1999.9000,
	2026/03/30 15:45:14	,	710544	,	3008	,10.5369,1999.9000,-0.2485,0.2724,594856.5625,27.3439,604998.8125,1999.9000,
	2026/03/30 15:45:14	,	711544	,	3009	,10.5369,1999.9000,-0.2445,0.3438,594892.6250,27.3438,604893.0625,1999.9000,
	2026/03/30 15:45:14	,	712544	,	3010	,10.5369,1999.9000,-0.2413,0.3038,594911.2500,27.3451,604810.9375,1999.9000,
	2026/03/30 15:45:14	,	713544	,	3011	,10.5368,1999.9000,-0.2380,0.2705,595019.2500,27.3463,604708.8750,1999.9000,
	2026/03/30 15:45:14	,	714544	,	3012	,10.5368,1999.9000,-0.2313,0.2427,595289.1250,27.3457,604463.0625,1999.9000,
	2026/03/30 15:45:14	,	715544	,	3013	,10.5368,1999.9000,-0.2246,0.1201,595631.7500,27.3452,604463.0625,1999.9000,
	2026/03/30 15:45:14	,	716544	,	3014	,10.5368,1999.9000,-0.2210,0.0179,595631.7500,27.3448,604463.0625,1999.9000,
	2026/03/30 15:45:14	,	717544	,	3015	,10.5368,1999.9000,-0.2210,-0.2662,595631.7500,27.3445,604463.0625,1999.9000,
	2026/03/30 15:45:14	,	718544	,	3016	,10.5368,1999.9000,-0.2210,-0.5029,595631.7500,27.3457,604463.0625,1999.9000,
	2026/03/30 15:45:14	,	719544	,	3017	,10.5368,1999.9000,-0.2210,-0.7002,595631.7500,27.3528,604471.1875,1999.9000,
	2026/03/30 15:45:14	,	720544	,	3018	,10.5369,1999.9000,-0.2210,-0.8646,595442.8750,27.3588,604701.6250,1999.9000,
	2026/03/30 15:45:14	,	721544	,	3019	,10.5369,1999.9000,-0.2213,-0.8027,595345.6875,27.3592,604812.7500,1999.9000,
	2026/03/30 15:45:14	,	722544	,	3020	,10.5369,1999.9000,-0.2244,-0.7511,595326.0625,27.3641,604853.1875,1999.9000,
	2026/03/30 15:45:14	,	723544	,	3021	,10.5369,1999.9000,-0.2250,-0.7080,595302.6250,27.3682,604971.0000,1999.9000,
	2026/03/30 15:45:14	,	724544	,	3022	,10.5369,1999.9000,-0.2307,-0.4732,595060.3125,27.3716,605215.0000,1999.9000,
	2026/03/30 15:45:14	,	725544	,	3023	,10.5369,1999.9000,-0.2370,-0.2776,594705.8125,27.3729,605236.5000,1999.9000,
	2026/03/30 15:45:14	,	726544	,	3024	,10.5369,1999.9000,-0.2370,-0.1145,594705.8125,27.3740,605243.6250,1999.9000,
	2026/03/30 15:45:14	,	727544	,	3025	,10.5369,1999.9000,-0.2370,0.0213,594705.8125,27.3749,605247.2500,1999.9000,
	2026/03/30 15:45:14	,	728544	,	3026	,10.5369,1999.9000,-0.2370,0.1346,594705.8125,27.3726,605249.3750,1999.9000,
	2026/03/30 15:45:14	,	729544	,	3027	,10.5368,1999.9000,-0.2370,0.2289,594705.8125,27.3691,605250.8125,1999.9000,
	2026/03/30 15:45:14	,	730544	,	3028	,10.5368,1999.9000,-0.2340,0.3076,594823.8125,27.3663,605050.1250,1999.9000,
	2026/03/30 15:45:14	,	731544	,	3029	,10.5368,1999.9000,-0.2340,0.3731,594919.1250,27.3623,604933.0000,1999.9000,
	2026/03/30 15:45:14	,	732544	,	3030	,10.5367,1999.9000,-0.2263,0.3282,594932.5625,27.3591,604828.4375,1999.9000,
	2026/03/30 15:45:14	,	733544	,	3031	,10.5367,1999.9000,-0.2220,0.1914,594945.3750,27.3579,604736.0625,1999.9000,
	2026/03/30 15:45:14	,	734544	,	3032	,10.5366,1999.9000,-0.2140,0.0773,595144.9375,27.3630,604551.8750,1999.9000,
	2026/03/30 15:45:14	,	735544	,	3033	,10.5365,1999.9000,-0.2036,-0.0177,595517.3125,27.3642,604514.3750,1999.9000,
	2026/03/30 15:45:14	,	736544	,	3034	,10.5365,1999.9000,-0.1952,-0.0969,595517.3125,27.3653,604501.8750,1999.9000,
	2026/03/30 15:45:14	,	737544	,	3035	,10.5364,1999.9000,-0.1881,-0.1629,595517.3125,27.3722,604495.6250,1999.9000,
	2026/03/30 15:45:14	,	738544	,	3036	,10.5363,1999.9000,-0.1831,-0.3174,595517.3125,27.3780,604491.8750,1999.9000,
	2026/03/30 15:45:14	,	739544	,	3037	,10.5363,1999.9000,-0.1821,-0.4462,595517.3125,27.3828,604489.3750,1999.9000,
	2026/03/30 15:45:14	,	740544	,	3038	,10.5362,1999.9000,-0.1815,-0.5534,595512.1250,27.3868,604662.9375,1999.9000,
	2026/03/30 15:45:14	,	741544	,	3039	,10.5362,1999.9000,-0.1785,-0.6428,595349.3125,27.3840,604775.9375,1999.9000,
	2026/03/30 15:45:14	,	742544	,	3040	,10.5361,1999.9000,-0.1782,-0.7173,595326.9375,27.3695,604865.9375,1999.9000,
	2026/03/30 15:45:14	,	743544	,	3041	,10.5361,1999.9000,-0.1782,-0.5805,595313.5000,27.3574,604948.6875,1999.9000,
	2026/03/30 15:45:14	,	744544	,	3042	,10.5361,1999.9000,-0.1778,-0.4664,595162.8125,27.3474,605129.8125,1999.9000,
	2026/03/30 15:45:14	,	745544	,	3043	,10.5360,1999.9000,-0.1778,-0.3714,594841.6875,27.3389,605313.5000,1999.9000,
	2026/03/30 15:45:14	,	746544	,	3044	,10.5359,1999.9000,-0.1776,-0.2922,594751.6875,27.3320,605313.5000,1999.9000,
	2026/03/30 15:45:14	,	747544	,	3045	,10.5358,1999.9000,-0.1754,-0.1267,594751.6875,27.3323,605313.5000,1999.9000,
	2026/03/30 15:45:14	,	748544	,	3046	,10.5357,1999.9000,-0.1747,0.0112,594751.6875,27.3371,605313.5000,1999.9000,
	2026/03/30 15:45:14	,	749544	,	3047	,10.5356,1999.9000,-0.1745,0.0267,594751.6875,27.3411,605313.5000,1999.9000,
	2026/03/30 15:45:14	,	750544	,	3048	,10.5355,1999.9000,-0.1693,-0.1594,594751.6875,27.3444,605099.0625,1999.9000,
	2026/03/30 15:45:14	,	751544	,	3049	,10.5354,1999.9000,-0.1618,-0.3145,594889.3750,27.3472,605099.0625,1999.9000,
	2026/03/30 15:45:14	,	752544	,	3050	,10.5353,1999.9000,-0.1547,-0.6426,594915.0000,27.3465,604853.8125,1999.9000,
	2026/03/30 15:45:14	,	753544	,	3051	,10.5352,1999.9000,-0.1482,-0.7172,594929.0625,27.3459,604853.8125,1999.9000,
	2026/03/30 15:45:14	,	754544	,	3052	,10.5351,1999.9000,-0.1423,-0.7793,595057.9375,27.3453,604814.8750,1999.9000,
	2026/03/30 15:45:14	,	755544	,	3053	,10.5350,1999.9000,-0.1350,-0.8310,595391.0000,27.3464,604618.3125,1999.9000,
	2026/03/30 15:45:14	,	756544	,	3054	,10.5349,1999.9000,-0.1247,-0.8742,595566.7500,27.3474,604375.4375,1999.9000,
	2026/03/30 15:45:14	,	757544	,	3055	,10.5348,1999.9000,-0.1168,-0.8106,595566.7500,27.3481,604375.4375,1999.9000,
	2026/03/30 15:45:14	,	758544	,	3056	,10.5347,1999.9000,-0.1108,-0.4593,595566.7500,27.3594,604375.4375,1999.9000,
	2026/03/30 15:45:14	,	759544	,	3057	,10.5346,1999.9000,-0.1101,-0.1665,595566.7500,27.3689,604375.4375,1999.9000,
	2026/03/30 15:45:14	,	760544	,	3058	,10.5345,1999.9000,-0.1099,0.2765,595566.7500,27.3768,604375.4375,1999.9000,
	2026/03/30 15:45:14	,	761544	,	3059	,10.5344,1999.9000,-0.1097,0.6456,595398.7500,27.3833,604590.5000,1999.9000,
	2026/03/30 15:45:14	,	762544	,	3060	,10.5343,1999.9000,-0.1097,0.9532,595362.4375,27.3888,604730.6250,1999.9000,
	2026/03/30 15:45:14	,	763544	,	3061	,10.5341,1999.9000,-0.1096,1.5080,595343.5625,27.3918,604823.0000,1999.9000,
	2026/03/30 15:45:14	,	764544	,	3062	,10.5340,1999.9000,-0.1098,1.9703,595252.8125,27.3821,604862.8125,1999.9000,
	2026/03/30 15:45:14	,	765544	,	3063	,10.5338,1999.9000,-0.1127,2.1566,594999.0000,27.3740,605042.2500,1999.9000,
	2026/03/30 15:45:14	,	766544	,	3064	,10.5337,1999.9000,-0.1188,2.2124,594667.0625,27.3672,605339.4375,1999.9000,
	2026/03/30 15:45:14	,	767544	,	3065	,10.5336,1999.9000,-0.1219,2.1594,594667.0625,27.3617,605339.4375,1999.9000,
	2026/03/30 15:45:14	,	768544	,	3066	,10.5335,1999.9000,-0.1219,2.2147,594667.0625,27.3570,605339.4375,1999.9000,
	2026/03/30 15:45:14	,	769544	,	3067	,10.5334,1999.9000,-0.1219,2.1613,594667.0625,27.3531,605339.4375,1999.9000,
	2026/03/30 15:45:14	,	770544	,	3068	,10.5333,1999.9000,-0.1219,2.1168,594667.0625,27.3529,605339.4375,1999.9000,
	2026/03/30 15:45:14	,	771544	,	3069	,10.5331,1999.9000,-0.1219,2.0798,594851.8125,27.3527,605151.6250,1999.9000,
	2026/03/30 15:45:14	,	772544	,	3070	,10.5330,1999.9000,-0.1180,2.0489,594932.2500,27.3526,604984.9375,1999.9000,
	2026/03/30 15:45:14	,	773544	,	3071	,10.5328,1999.9000,-0.1147,1.7247,594936.6875,27.3571,604866.5000,1999.9000,
	2026/03/30 15:45:14	,	774544	,	3072	,10.5327,1999.9000,-0.1119,1.4546,594950.3125,27.3608,604778.9375,1999.9000,
	2026/03/30 15:45:14	,	775544	,	3073	,10.5326,1999.9000,-0.1084,1.2294,595231.3125,27.3639,604676.8750,1999.9000,
	2026/03/30 15:45:14	,	776544	,	3074	,10.5325,1999.9000,-0.1011,1.0419,595615.6250,27.3665,604424.3750,1999.9000,
	2026/03/30 15:45:14	,	777544	,	3075	,10.5323,1999.9000,-0.0944,0.8855,595615.6250,27.3717,604424.3750,1999.9000,
	2026/03/30 15:45:14	,	778544	,	3076	,10.5322,1999.9000,-0.0944,0.4568,595615.6250,27.3791,604424.3750,1999.9000,
	2026/03/30 15:45:14	,	779544	,	3077	,10.5321,1999.9000,-0.0944,0.0996,595615.6250,27.3868,604424.3750,1999.9000,
	2026/03/30 15:45:14	,	780544	,	3078	,10.5319,1999.9000,-0.0944,-0.1981,595615.6250,27.3931,604424.3750,1999.9000,
	2026/03/30 15:45:14	,	781544	,	3079	,10.5318,1999.9000,-0.0944,-0.2473,595450.6250,27.3985,604540.3750,1999.9000,
	2026/03/30 15:45:14	,	782544	,	3080	,10.5317,1999.9000,-0.0944,-0.1887,595344.5625,27.4014,604702.1875,1999.9000,
	2026/03/30 15:45:14	,	783544	,	3081	,10.5315,1999.9000,-0.0972,-0.1400,595325.4375,27.4039,604808.5625,1999.9000,
	2026/03/30 15:45:14	,	784544	,	3082	,10.5313,1999.9000,-0.0982,-0.0993,595307.9375,27.4059,604849.0000,1999.9000,
	2026/03/30 15:45:14	,	785544	,	3083	,10.5311,1999.9000,-0.1012,-0.0655,595085.9375,27.4061,604986.1250,1999.9000,
	2026/03/30 15:45:14	,	786544	,	3084	,10.5310,1999.9000,-0.1069,0.1617,594724.8750,27.4062,605250.0625,1999.9000,
	2026/03/30 15:45:14	,	787544	,	3085	,10.5308,1999.9000,-0.1135,0.4505,594724.8750,27.4063,605250.0625,1999.9000,
	2026/03/30 15:45:14	,	788544	,	3086	,10.5307,1999.9000,-0.1135,1.0890,594724.8750,27.4064,605250.0625,1999.9000,
	2026/03/30 15:45:14	,	789544	,	3087	,10.5305,1999.9000,-0.1135,1.7206,594724.8750,27.4080,605250.0625,1999.9000,
	2026/03/30 15:45:14	,	790544	,	3088	,10.5303,1999.9000,-0.1135,2.2470,594724.8750,27.4109,605250.0625,1999.9000,
	2026/03/30 15:45:14	,	791544	,	3089	,10.5301,1999.9000,-0.1135,2.5861,594731.5000,27.4133,605245.5000,1999.9000,
	2026/03/30 15:45:14	,	792544	,	3090	,10.5299,1999.9000,-0.1133,2.3713,594886.3750,27.4152,605028.4375,1999.9000,
	2026/03/30 15:45:14	,	793544	,	3091	,10.5297,1999.9000,-0.1089,2.0929,594914.3750,27.4169,604918.4375,1999.9000,
	2026/03/30 15:45:14	,	794544	,	3092	,10.5295,1999.9000,-0.1059,1.8609,594936.6250,27.4183,604832.6875,1999.9000,
	2026/03/30 15:45:14	,	795544	,	3093	,10.5294,1999.9000,-0.1032,1.6675,594936.6250,27.4210,604746.9375,1999.9000,
	2026/03/30 15:45:14	,	796544	,	3094	,10.5292,1999.9000,-0.0974,1.5064,595126.4375,27.4125,604534.9375,1999.9000,
	2026/03/30 15:45:14	,	797544	,	3095	,10.5290,1999.9000,-0.0899,1.3721,595482.1875,27.4055,604504.4375,1999.9000,
	2026/03/30 15:45:14	,	798544	,	3096	,10.5288,1999.9000,-0.0848,1.2602,595495.5625,27.3996,604494.2500,1999.9000,
	2026/03/30 15:45:14	,	799544	,	3097	,10.5287,1999.9000,-0.0848,1.2664,595500.0000,27.3947,604489.1875,1999.9000,
	2026/03/30 15:45:14	,	800544	,	3098	,10.5284,1999.9000,-0.0848,1.2716,595502.2500,27.3906,604486.1875,1999.9000,
	2026/03/30 15:45:14	,	801544	,	3099	,10.5282,1999.9000,-0.0848,1.3754,595503.6250,27.3872,604484.1250,1999.9000,
	2026/03/30 15:45:14	,	802544	,	3100	,10.5280,1999.9000,-0.0848,1.7603,595504.5000,27.3844,604672.6250,1999.9000,
	2026/03/30 15:45:14	,	803544	,	3101	,10.5278,1999.9000,-0.0851,2.1806,595376.1250,27.3774,604777.1250,1999.9000,
	2026/03/30 15:45:14	,	804544	,	3102	,10.5276,1999.9000,-0.0887,2.5308,595348.6875,27.3671,604816.3750,1999.9000,
	2026/03/30 15:45:14	,	805544	,	3103	,10.5273,1999.9000,-0.0896,2.8226,595328.4375,27.3585,604939.6250,1999.9000,
	2026/03/30 15:45:14	,	806544	,	3104	,10.5271,1999.9000,-0.0949,2.9663,595177.6875,27.3513,605146.8125,1999.9000,
	2026/03/30 15:45:14	,	807544	,	3105	,10.5269,1999.9000,-0.1017,2.8872,594866.6875,27.3453,605283.3125,1999.9000,
	2026/03/30 15:45:14	,	808544	,	3106	,10.5267,1999.9000,-0.1019,2.7217,594727.3125,27.3403,605283.3125,1999.9000,
	2026/03/30 15:45:14	,	809544	,	3107	,10.5265,1999.9000,-0.1020,2.5838,594727.3125,27.3361,605283.3125,1999.9000,
	2026/03/30 15:45:14	,	810544	,	3108	,10.5263,1999.9000,-0.1021,2.5684,594727.3125,27.3327,605283.3125,1999.9000,
	2026/03/30 15:45:14	,	811544	,	3109	,10.5261,1999.9000,-0.1021,2.5555,594727.3125,27.3328,605283.3125,1999.9000,
	2026/03/30 15:45:14	,	812544	,	3110	,10.5259,1999.9000,-0.1021,2.5448,594727.3125,27.3360,605059.7500,1999.9000,
	2026/03/30 15:45:14	,	813544	,	3111	,10.5257,1999.9000,-0.0979,2.2375,594869.1250,27.3402,604927.5625,1999.9000,
	2026/03/30 15:45:14	,	814544	,	3112	,10.5256,1999.9000,-0.0941,1.9813,594895.3125,27.3513,604830.3125,1999.9000,
	2026/03/30 15:45:14	,	815544	,	3113	,10.5254,1999.9000,-0.0910,1.7679,594910.0625,27.3606,604794.0625,1999.9000,
	2026/03/30 15:45:14	,	816544	,	3114	,10.5252,1999.9000,-0.0863,1.5900,595028.1250,27.3607,604599.5625,1999.9000,
	2026/03/30 15:45:14	,	817544	,	3115	,10.5250,1999.9000,-0.0785,1.5413,595345.6875,27.3577,604420.1875,1999.9000,
	2026/03/30 15:45:14	,	818544	,	3116	,10.5248,1999.9000,-0.0728,1.9980,595580.5000,27.3583,604420.1875,1999.9000,
	2026/03/30 15:45:14	,	819544	,	3117	,10.5245,1999.9000,-0.0724,2.2792,595580.5000,27.3633,604420.1875,1999.9000,
	2026/03/30 15:45:14	,	820544	,	3118	,10.5243,1999.9000,-0.0722,2.1156,595580.5000,27.3706,604420.1875,1999.9000,
	2026/03/30 15:45:14	,	821544	,	3119	,10.5241,1999.9000,-0.0721,1.8798,595580.5000,27.3766,604420.1875,1999.9000,
	2026/03/30 15:45:14	,	822544	,	3120	,10.5239,1999.9000,-0.0721,1.7827,595580.5000,27.3801,604627.3125,1999.9000,
	2026/03/30 15:45:14	,	823544	,	3121	,10.5237,1999.9000,-0.0720,2.0998,595406.5000,27.3831,604748.1250,1999.9000,
	2026/03/30 15:45:14	,	824544	,	3122	,10.5234,1999.9000,-0.0724,2.4634,595323.0625,27.3855,604833.8750,1999.9000,
	2026/03/30 15:45:14	,	825544	,	3123	,10.5231,1999.9000,-0.0755,2.7665,595308.7500,27.3876,604865.9375,1999.9000,
	2026/03/30 15:45:14	,	826544	,	3124	,10.5229,1999.9000,-0.0785,2.9196,595220.5625,27.3893,605032.6250,1999.9000,
	2026/03/30 15:45:14	,	827544	,	3125	,10.5226,1999.9000,-0.0851,2.9477,594993.0000,27.3892,605343.6250,1999.9000,
	2026/03/30 15:45:14	,	828544	,	3126	,10.5224,1999.9000,-0.0894,2.9711,594665.3125,27.3892,605343.6250,1999.9000,
	2026/03/30 15:45:14	,	829544	,	3127	,10.5221,1999.9000,-0.0894,2.9906,594665.3125,27.3918,605343.6250,1999.9000,
	2026/03/30 15:45:14	,	830544	,	3128	,10.5218,1999.9000,-0.0894,3.0068,594665.3125,27.3913,605343.6250,1999.9000,
	2026/03/30 15:45:14	,	831544	,	3129	,10.5216,1999.9000,-0.0894,2.9209,594665.3125,27.3969,605343.6250,1999.9000,
	2026/03/30 15:45:14	,	832544	,	3130	,10.5214,1999.9000,-0.0894,2.6503,594665.3125,27.3971,605132.8750,1999.9000,
	2026/03/30 15:45:14	,	833544	,	3131	,10.5211,1999.9000,-0.0854,2.4249,594840.5000,27.3971,604982.4375,1999.9000,
	2026/03/30 15:45:14	,	834544	,	3132	,10.5209,1999.9000,-0.0819,2.0380,594879.5000,27.3957,604871.9375,1999.9000,
	2026/03/30 15:45:14	,	835544	,	3133	,10.5206,1999.9000,-0.0788,1.7157,594897.1250,27.3960,604780.7500,1999.9000,
	2026/03/30 15:45:14	,	836544	,	3134	,10.5203,1999.9000,-0.0748,1.4470,594915.0000,27.3994,604659.3750,1999.9000,
	2026/03/30 15:45:14	,	837544	,	3135	,10.5200,1999.9000,-0.0669,1.2232,595199.1875,27.4022,604391.8125,1999.9000,
	2026/03/30 15:45:14	,	838544	,	3136	,10.5197,1999.9000,-0.0598,0.9372,595593.0000,27.4014,604391.8125,1999.9000,
	2026/03/30 15:45:14	,	839544	,	3137	,10.5195,1999.9000,-0.0577,0.6988,595593.0000,27.3978,604391.8125,1999.9000,
	2026/03/30 15:45:14	,	840544	,	3138	,10.5192,1999.9000,-0.0577,0.5002,595593.0000,27.3978,604391.8125,1999.9000,
	2026/03/30 15:45:14	,	841544	,	3139	,10.5190,1999.9000,-0.0577,0.4341,595593.0000,27.3947,604391.8125,1999.9000,
	2026/03/30 15:45:14	,	842544	,	3140	,10.5187,1999.9000,-0.0577,0.4786,595593.0000,27.3876,604567.5000,1999.9000,
	2026/03/30 15:45:14	,	843544	,	3141	,10.5187,1999.9000,-0.0577,0.8140,595464.3125,27.3801,604714.3125,1999.9000,
	2026/03/30 15:45:14	,	844544	,	3142	,10.5181,1999.9000,-0.0600,1.0935,595346.3125,27.3739,604813.3750,1999.9000,
	2026/03/30 15:45:14	,	845544	,	3143	,10.5178,1999.9000,-0.0609,1.3265,595330.2500,27.3657,604848.7500,1999.9000,
	2026/03/30 15:45:14	,	846544	,	3144	,10.5175,1999.9000,-0.0639,1.6201,595315.5000,27.3588,604985.5000,1999.9000,
	2026/03/30 15:45:14	,	847544	,	3145	,10.5172,1999.9000,-0.0698,1.8648,595122.8750,27.3561,605270.6250,1999.9000,
	2026/03/30 15:45:14	,	848544	,	3146	,10.5170,1999.9000,-0.0764,2.0687,594763.6250,27.3539,605270.6250,1999.9000,
	2026/03/30 15:45:14	,	849544	,	3147	,10.5167,1999.9000,-0.0764,2.2386,594763.6250,27.3521,605270.6250,1999.9000,
	2026/03/30 15:45:14	,	850544	,	3148	,10.5164,1999.9000,-0.0764,2.2807,594763.6250,27.3520,605270.6250,1999.9000,
	2026/03/30 15:45:14	,	851544	,	3149	,10.5161,1999.9000,-0.0764,2.4152,594763.6250,27.3536,605270.6250,1999.9000,
	2026/03/30 15:45:14	,	852544	,	3150	,10.5159,1999.9000,-0.0764,2.5274,594763.6250,27.3548,605257.3125,1999.9000,
	2026/03/30 15:45:14	,	853544	,	3151	,10.5156,1999.9000,-0.0760,2.8198,594765.6250,27.3589,605009.0625,1999.9000,
	2026/03/30 15:45:14	,	854544	,	3152	,10.5152,1999.9000,-0.0707,2.8645,594894.7500,27.3669,604898.5000,1999.9000,
	2026/03/30 15:45:14	,	855544	,	3153	,10.5148,1999.9000,-0.0675,2.7028,594917.0625,27.3736,604810.9375,1999.9000,
	2026/03/30 15:45:14	,	856544	,	3154	,10.5145,1999.9000,-0.0642,2.5681,594930.3125,27.3792,604709.4375,1999.9000,
	2026/03/30 15:45:14	,	857544	,	3155	,10.5143,1999.9000,-0.0577,2.5553,595093.1250,27.3792,604474.5625,1999.9000,
	2026/03/30 15:45:14	,	858544	,	3156	,10.5140,1999.9000,-0.0497,2.5446,595455.9375,27.3792,604474.5625,1999.9000,
	2026/03/30 15:45:14	,	859544	,	3157	,10.5137,1999.9000,-0.0447,2.5357,595546.5000,27.3793,604474.5625,1999.9000,
	2026/03/30 15:45:14	,	860544	,	3158	,10.5135,1999.9000,-0.0447,2.4288,595546.5000,27.3777,604474.5625,1999.9000,
	2026/03/30 15:45:14	,	861544	,	3159	,10.5133,1999.9000,-0.0447,2.2403,595546.5000,27.3765,604474.5625,1999.9000,
	2026/03/30 15:45:14	,	862544	,	3160	,10.5130,1999.9000,-0.0447,1.7847,595546.5000,27.3755,604477.5625,1999.9000,
	2026/03/30 15:45:14	,	863544	,	3161	,10.5127,1999.9000,-0.0447,1.4051,595546.5000,27.3746,604677.5000,1999.9000,
	2026/03/30 15:45:14	,	864544	,	3162	,10.5125,1999.9000,-0.0450,1.0888,595381.4375,27.3739,604778.9375,1999.9000,
	2026/03/30 15:45:14	,	865544	,	3163	,10.5122,1999.9000,-0.0476,0.7257,595346.6250,27.3734,604817.3125,1999.9000,
	2026/03/30 15:45:14	,	866544	,	3164	,10.5119,1999.9000,-0.0481,0.4231,595327.1250,27.3744,604943.2500,1999.9000,
	2026/03/30 15:45:14	,	867544	,	3165	,10.5116,1999.9000,-0.0526,0.2704,595202.1875,27.3736,605184.8125,1999.9000,
	2026/03/30 15:45:14	,	868544	,	3166	,10.5113,1999.9000,-0.0593,0.1432,594917.3750,27.3731,605277.8750,1999.9000,
	2026/03/30 15:45:14	,	869544	,	3167	,10.5110,1999.9000,-0.0593,0.6340,594694.5000,27.3726,605277.8750,1999.9000,
	2026/03/30 15:45:14	,	870544	,	3168	,10.5107,1999.9000,-0.0593,1.0430,594694.5000,27.3753,605277.8750,1999.9000,
	2026/03/30 15:45:14	,	871544	,	3169	,10.5103,1999.9000,-0.0593,1.0430,594694.5000,27.3790,605277.8750,1999.9000,
	2026/03/30 15:45:14	,	872544	,	3170	,10.5100,1999.9000,-0.0593,1.3839,594694.5000,27.3776,605277.8750,1999.9000,
	2026/03/30 15:45:14	,	873544	,	3171	,10.5096,1999.9000,-0.0593,1.6679,594694.5000,27.3763,605062.8125,1999.9000,
	2026/03/30 15:45:14	,	874544	,	3172	,10.5093,1999.9000,-0.0552,1.9046,594863.7500,27.3723,604947.4375,1999.9000,
	2026/03/30 15:45:14	,	875544	,	3173	,10.5089,1999.9000,-0.0518,2.1019,594895.5625,27.3689,604856.8125,1999.9000,
	2026/03/30 15:45:14	,	876544	,	3174	,10.5085,1999.9000,-0.0488,2.2662,594910.0000,27.3676,604759.0000,1999.9000,
	2026/03/30 15:45:14	,	877544	,	3175	,10.5081,1999.9000,-0.0436,2.1048,595004.3750,27.3681,604565.1250,1999.9000,
	2026/03/30 15:45:14	,	878544	,	3176	,10.5077,1999.9000,-0.0354,1.6718,595292.0625,27.3669,604436.4375,1999.9000,
	2026/03/30 15:45:14	,	879544	,	3177	,10.5074,1999.9000,-0.0293,1.3110,595603.1250,27.3644,604436.4375,1999.9000,
	2026/03/30 15:45:14	,	880544	,	3178	,10.5070,1999.9000,-0.0292,1.0104,595603.1250,27.3624,604436.4375,1999.9000,
	2026/03/30 15:45:14	,	881544	,	3179	,10.5067,1999.9000,-0.0292,0.7598,595603.1250,27.3606,604436.4375,1999.9000,
	2026/03/30 15:45:14	,	882544	,	3180	,10.5064,1999.9000,-0.0292,0.5510,595603.1250,27.3561,604436.4375,1999.9000,
	2026/03/30 15:45:14	,	883544	,	3181	,10.5060,1999.9000,-0.0292,0.4310,595603.1250,27.3524,604653.3125,1999.9000,
	2026/03/30 15:45:14	,	884544	,	3182	,10.5057,1999.9000,-0.0292,0.4310,595411.8750,27.3447,604781.9375,1999.9000,
	2026/03/30 15:45:14	,	885544	,	3183	,10.5053,1999.9000,-0.0296,0.7743,595326.0625,27.3382,604821.5000,1999.9000,
	2026/03/30 15:45:14	,	886544	,	3184	,10.5050,1999.9000,-0.0327,1.0605,595311.8125,27.3314,604925.6875,1999.9000,
	2026/03/30 15:45:14	,	887544	,	3185	,10.5047,1999.9000,-0.0354,1.2990,595292.3125,27.3257,605094.8125,1999.9000,
	2026/03/30 15:45:14	,	888544	,	3186	,10.5044,1999.9000,-0.0420,1.4977,595037.6875,27.3209,605322.5000,1999.9000,
	2026/03/30 15:45:14	,	889544	,	3187	,10.5041,1999.9000,-0.0463,1.3648,594677.8125,27.3184,605322.5000,1999.9000,
	2026/03/30 15:45:14	,	890544	,	3188	,10.5038,1999.9000,-0.0463,1.1547,594677.8125,27.3164,605322.5000,1999.9000,
	2026/03/30 15:45:14	,	891544	,	3189	,10.5034,1999.9000,-0.0463,0.7806,594677.8125,27.3147,605322.5000,1999.9000,
	2026/03/30 15:45:14	,	892544	,	3190	,10.5030,1999.9000,-0.0463,0.3694,594677.8125,27.3132,605322.5000,1999.9000,
	2026/03/30 15:45:14	,	893544	,	3191	,10.5026,1999.9000,-0.0463,-0.0728,594677.8125,27.3121,605079.7500,1999.9000,
	2026/03/30 15:45:14	,	894544	,	3192	,10.5022,1999.9000,-0.0423,-0.4412,594798.1875,27.3126,604931.7500,1999.9000,
	2026/03/30 15:45:14	,	895544	,	3193	,10.5018,1999.9000,-0.0387,-0.7483,594897.1250,27.3146,604840.5625,1999.9000,
	2026/03/30 15:45:14	,	896544	,	3194	,10.5014,1999.9000,-0.0356,-1.0041,594910.4375,27.3193,604805.1875,1999.9000,
	2026/03/30 15:45:14	,	897544	,	3195	,10.5010,1999.9000,-0.0317,-1.1179,594921.3125,27.3263,604646.6875,1999.9000,
	2026/03/30 15:45:14	,	898544	,	3196	,10.5006,1999.9000,-0.0240,-1.2127,595139.0000,27.3321,604372.4375,1999.9000,
	2026/03/30 15:45:14	,	899544	,	3197	,10.5003,1999.9000,-0.0172,-0.9933,595529.8750,27.3369,604372.4375,1999.9000,
	2026/03/30 15:45:14	,	900544	,	3198	,10.4999,1999.9000,-0.0138,-0.6115,595529.8750,27.3409,604372.4375,1999.9000,
	2026/03/30 15:45:14	,	901544	,	3199	,10.4995,1999.9000,-0.0138,-0.2933,595529.8750,27.3443,604372.4375,1999.9000,
	2026/03/30 15:45:14	,	902544	,	3200	,10.4991,1999.9000,-0.0138,0.0713,595529.8750,27.3471,604372.4375,1999.9000,
	2026/03/30 15:45:14	,	903544	,	3201	,10.4988,1999.9000,-0.0138,0.5741,595529.8750,27.3510,604579.6250,1999.9000,
	2026/03/30 15:45:14	,	904544	,	3202	,10.4984,1999.9000,-0.0138,0.9931,595520.1250,27.3527,604579.6250,1999.9000,
	2026/03/30 15:45:14	,	905544	,	3203	,10.4980,1999.9000,-0.0140,1.0439,595340.3750,27.3510,604728.1875,1999.9000,
	2026/03/30 15:45:14	,	906544	,	3204	,10.4980,1999.9000,-0.0168,1.0861,595319.8750,27.3496,604818.1875,1999.9000,
	2026/03/30 15:45:14	,	907544	,	3205	,10.4976,1999.9000,-0.0177,1.1214,595309.4375,27.3485,604858.6250,1999.9000,
	2026/03/30 15:45:14	,	908544	,	3206	,10.4973,1999.9000,-0.0242,1.1507,595164.5625,27.3491,605023.5625,1999.9000,
	2026/03/30 15:45:14	,	909544	,	3207	,10.4969,1999.9000,-0.0302,1.1752,594823.8125,27.3496,605319.5625,1999.9000,
	2026/03/30 15:45:14	,	910544	,	3208	,10.4965,1999.9000,-0.0302,1.1956,594790.1250,27.3515,605319.5625,1999.9000,
	2026/03/30 15:45:14	,	911544	,	3209	,10.4961,1999.9000,-0.0302,1.2126,594778.9375,27.3531,605319.5625,1999.9000,
	2026/03/30 15:45:14	,	912544	,	3210	,10.4958,1999.9000,-0.0302,1.2268,594773.3125,27.3544,605319.5625,1999.9000,
	2026/03/30 15:45:14	,	913544	,	3211	,10.4954,1999.9000,-0.0302,1.6365,594769.8750,27.3555,605319.5625,1999.9000,
	2026/03/30 15:45:14	,	914544	,	3212	,10.4949,1999.9000,-0.0258,1.9779,594767.6250,27.3565,605170.3750,1999.9000,
	2026/03/30 15:45:14	,	915544	,	3213	,10.4945,1999.9000,-0.0224,2.2624,594894.7500,27.3603,605001.1875,1999.9000,
	2026/03/30 15:45:14	,	916544	,	3214	,10.4940,1999.9000,-0.0198,2.4995,594918.2500,27.3665,604903.3750,1999.9000,
	2026/03/30 15:45:14	,	917544	,	3215	,10.4936,1999.9000,-0.0171,2.6971,594929.6875,27.3748,604818.1875,1999.9000,
	2026/03/30 15:45:14	,	918544	,	3216	,10.4932,1999.9000,-0.0107,2.8617,595071.0625,27.3817,604731.8125,1999.9000,
	2026/03/30 15:45:14	,	919544	,	3217	,10.4928,1999.9000,-0.0032,2.8994,595410.0625,27.3874,604486.0000,1999.9000,
	2026/03/30 15:45:14	,	920544	,	3218	,10.4924,1999.9000,0.0021,2.8314,595545.8750,27.3922,604486.0000,1999.9000,
	2026/03/30 15:45:14	,	921544	,	3219	,10.4919,1999.9000,0.0021,2.6752,595545.8750,27.3885,604486.0000,1999.9000,
	2026/03/30 15:45:14	,	922544	,	3220	,10.4914,1999.9000,0.0021,2.4456,595545.8750,27.3855,604486.0000,1999.9000,
	2026/03/30 15:45:14	,	923544	,	3221	,10.4910,1999.9000,0.0021,2.2543,595545.8750,27.3830,604486.0000,1999.9000,
	2026/03/30 15:45:14	,	924544	,	3222	,10.4906,1999.9000,0.0021,2.1943,595545.8750,27.3778,604496.0625,1999.9000,
	2026/03/30 15:45:14	,	925544	,	3223	,10.4902,1999.9000,0.0021,2.0448,595387.4375,27.3735,604716.1250,1999.9000,
	2026/03/30 15:45:14	,	926544	,	3224	,10.4899,1999.9000,0.0019,1.5224,595352.0000,27.3699,604814.6250,1999.9000,
	2026/03/30 15:45:14	,	927544	,	3225	,10.4895,1999.9000,0.0019,1.0870,595329.4375,27.3669,604852.6250,1999.9000,
	2026/03/30 15:45:14	,	928544	,	3226	,10.4890,1999.9000,-0.0006,1.1221,595219.4375,27.3644,604974.6875,1999.9000,
	2026/03/30 15:45:14	,	929544	,	3227	,10.4886,1999.9000,-0.0050,1.1514,594950.7500,27.3654,605222.2500,1999.9000,
	2026/03/30 15:45:14	,	930544	,	3228	,10.4882,1999.9000,-0.0115,1.1757,594693.9375,27.3662,605222.2500,1999.9000,
	2026/03/30 15:45:14	,	931544	,	3229	,10.4878,1999.9000,-0.0117,0.9971,594693.9375,27.3623,605222.2500,1999.9000,
	2026/03/30 15:45:14	,	932544	,	3230	,10.4873,1999.9000,-0.0117,0.6493,594693.9375,27.3636,605222.2500,1999.9000,
	2026/03/30 15:45:14	,	933544	,	3231	,10.4869,1999.9000,-0.0117,0.2599,594693.9375,27.3647,605222.2500,1999.9000,
	2026/03/30 15:45:14	,	934544	,	3232	,10.4865,1999.9000,-0.0117,-0.0645,594693.9375,27.3702,605221.4375,1999.9000,
	2026/03/30 15:45:14	,	935544	,	3233	,10.4861,1999.9000,-0.0117,-0.0364,594856.0000,27.3733,605022.9375,1999.9000,
	2026/03/30 15:45:14	,	936544	,	3234	,10.4856,1999.9000,-0.0079,-0.0130,594887.5000,27.3774,604897.9375,1999.9000,
	2026/03/30 15:45:14	,	937544	,	3235	,10.4851,1999.9000,-0.0043,0.0064,594902.5000,27.3808,604800.6875,1999.9000,
	2026/03/30 15:45:14	,	938544	,	3236	,10.4847,1999.9000,-0.0012,0.0227,594991.2500,27.3836,604762.6250,1999.9000,
	2026/03/30 15:45:14	,	939544	,	3237	,10.4842,1999.9000,0.0039,0.0362,595261.6875,27.3859,604539.7500,1999.9000,
	2026/03/30 15:45:14	,	940544	,	3238	,10.4837,1999.9000,0.0118,0.0475,595605.5000,27.3879,604441.2500,1999.9000,
	2026/03/30 15:45:14	,	941544	,	3239	,10.4833,1999.9000,0.0172,0.0569,595605.5000,27.3895,604441.2500,1999.9000,
	2026/03/30 15:45:14	,	942544	,	3240	,10.4829,1999.9000,0.0180,0.0647,595605.5000,27.3909,604441.2500,1999.9000,
	2026/03/30 15:45:14	,	943544	,	3241	,10.4824,1999.9000,0.0183,0.0712,595605.5000,27.3921,604441.2500,1999.9000,
	2026/03/30 15:45:14	,	944544	,	3242	,10.4821,1999.9000,0.0184,0.0767,595605.5000,27.3930,604441.2500,1999.9000,
	2026/03/30 15:45:14	,	945544	,	3243	,10.4817,1999.9000,0.0185,-0.0183,595411.8750,27.3938,604632.7500,1999.9000,
	2026/03/30 15:45:14	,	946544	,	3244	,10.4814,1999.9000,0.0186,-0.0974,595323.0625,27.3960,604754.8125,1999.9000,
	2026/03/30 15:45:14	,	947544	,	3245	,10.4810,1999.9000,0.0183,-0.1633,595307.8750,27.3993,604858.0625,1999.9000,
	2026/03/30 15:45:14	,	948544	,	3246	,10.4805,1999.9000,0.0159,0.0802,595290.7500,27.4037,604951.1250,1999.9000,
	2026/03/30 15:45:14	,	949544	,	3247	,10.4800,1999.9000,0.0130,0.3825,595063.3125,27.4057,605137.6875,1999.9000,
	2026/03/30 15:45:14	,	950544	,	3248	,10.4795,1999.9000,0.0066,0.6345,594705.2500,27.4074,605297.7500,1999.9000,
	2026/03/30 15:45:14	,	951544	,	3249	,10.4790,1999.9000,0.0058,1.0434,594705.2500,27.4089,605297.7500,1999.9000,
	2026/03/30 15:45:14	,	952544	,	3250	,10.4785,1999.9000,0.0056,1.4837,594705.2500,27.4070,605297.7500,1999.9000,
	2026/03/30 15:45:14	,	953544	,	3251	,10.4780,1999.9000,0.0054,1.5521,594705.2500,27.4055,605297.7500,1999.9000,
	2026/03/30 15:45:14	,	954544	,	3252	,10.4775,1999.9000,0.0054,2.0071,594705.2500,27.4072,605297.7500,1999.9000,
	2026/03/30 15:45:14	,	955544	,	3253	,10.4770,1999.9000,0.0053,2.3862,594717.3125,27.4087,605074.3125,1999.9000,
	2026/03/30 15:45:14	,	956544	,	3254	,10.4766,1999.9000,0.0090,2.7021,594899.5000,27.4069,604950.5000,1999.9000,
	2026/03/30 15:45:14	,	957544	,	3255	,10.4761,1999.9000,0.0126,2.9654,594919.1250,27.4038,604857.4375,1999.9000,
	2026/03/30 15:45:14	,	958544	,	3256	,10.4756,1999.9000,0.0159,3.1848,594931.4375,27.4013,604771.6875,1999.9000,
	2026/03/30 15:45:14	,	959544	,	3257	,10.4751,1999.9000,0.0202,3.3676,595128.8750,27.4013,604623.7500,1999.9000,
	2026/03/30 15:45:14	,	960544	,	3258	,10.4746,1999.9000,0.0281,3.5200,595505.3750,27.3946,604383.9375,1999.9000,
	2026/03/30 15:45:14	,	961544	,	3259	,10.4742,1999.9000,0.0349,3.1496,595505.3750,27.3890,604383.9375,1999.9000,
	2026/03/30 15:45:14	,	962544	,	3260	,10.4738,1999.9000,0.0395,2.8409,595505.3750,27.3905,604383.9375,1999.9000,
	2026/03/30 15:45:14	,	963544	,	3261	,10.4734,1999.9000,0.0395,2.3847,595505.3750,27.3856,604383.9375,1999.9000,
	2026/03/30 15:45:14	,	964544	,	3262	,10.4729,1999.9000,0.0395,1.9051,595505.3750,27.3815,604383.9375,1999.9000,
	2026/03/30 15:45:14	,	965544	,	3263	,10.4725,1999.9000,0.0395,1.3065,595501.4375,27.3766,604609.1875,1999.9000,
	2026/03/30 15:45:14	,	966544	,	3264	,10.4720,1999.9000,0.0395,0.8076,595354.0625,27.3740,604737.8125,1999.9000,
	2026/03/30 15:45:14	,	967544	,	3265	,10.4715,1999.9000,0.0392,0.3919,595330.8125,27.3719,604835.6875,1999.9000,
	2026/03/30 15:45:14	,	968544	,	3266	,10.4710,1999.9000,0.0358,0.0455,595317.5000,27.3701,604931.1250,1999.9000,
	2026/03/30 15:45:14	,	969544	,	3267	,10.4704,1999.9000,0.0334,-0.0442,595179.5000,27.3688,605064.0625,1999.9000,
	2026/03/30 15:45:14	,	970544	,	3268	,10.4699,1999.9000,0.0273,-0.1190,594850.6250,27.3688,605356.9375,1999.9000,
	2026/03/30 15:45:14	,	971544	,	3269	,10.4694,1999.9000,0.0220,-0.2808,594744.5625,27.3675,605356.9375,1999.9000,
	2026/03/30 15:45:14	,	972544	,	3270	,10.4689,1999.9000,0.0220,-0.3162,594744.5625,27.3665,605356.9375,1999.9000,
	2026/03/30 15:45:14	,	973544	,	3271	,10.4684,1999.9000,0.0220,-0.3456,594744.5625,27.3671,605356.9375,1999.9000,
	2026/03/30 15:45:14	,	974544	,	3272	,10.4679,1999.9000,0.0220,-0.0718,594744.5625,27.3691,605356.9375,1999.9000,
	2026/03/30 15:45:14	,	975544	,	3273	,10.4675,1999.9000,0.0220,0.1564,594744.5625,27.3708,605158.2500,1999.9000,
	2026/03/30 15:45:14	,	976544	,	3274	,10.4671,1999.9000,0.0263,0.4461,594872.6250,27.3722,604990.3125,1999.9000,
	2026/03/30 15:45:14	,	977544	,	3275	,10.4666,1999.9000,0.0298,0.6875,594891.4375,27.3750,604876.7500,1999.9000,
	2026/03/30 15:45:14	,	978544	,	3276	,10.4661,1999.9000,0.0328,0.8886,594902.0625,27.3788,604795.2500,1999.9000,
	2026/03/30 15:45:14	,	979544	,	3277	,10.4656,1999.9000,0.0359,1.0563,595022.2500,27.3819,604672.6250,1999.9000,
	2026/03/30 15:45:14	,	980544	,	3278	,10.4651,1999.9000,0.0425,1.1960,595355.8125,27.3861,604411.0625,1999.9000,
	2026/03/30 15:45:14	,	981544	,	3279	,10.4646,1999.9000,0.0499,1.3124,595574.5000,27.3895,604411.0625,1999.9000,
	2026/03/30 15:45:14	,	982544	,	3280	,10.4641,1999.9000,0.0550,1.4094,595574.5000,27.3925,604411.0625,1999.9000,
	2026/03/30 15:45:14	,	983544	,	3281	,10.4636,1999.9000,0.0550,1.4902,595574.5000,27.3949,604411.0625,1999.9000,
	2026/03/30 15:45:14	,	984544	,	3282	,10.4630,1999.9000,0.0550,1.6571,595574.5000,27.3968,604411.0625,1999.9000,
	2026/03/30 15:45:14	,	985544	,	3283	,10.4625,1999.9000,0.0550,1.7961,595574.5000,27.3985,604563.3125,1999.9000,
	2026/03/30 15:45:14	,	986544	,	3284	,10.4620,1999.9000,0.0550,1.9119,595410.0625,27.3984,604731.2500,1999.9000,
	2026/03/30 15:45:14	,	987544	,	3285	,10.4615,1999.9000,0.0550,2.1080,595373.4375,27.3906,604824.2500,1999.9000,
	2026/03/30 15:45:14	,	988544	,	3286	,10.4610,1999.9000,0.0547,2.2713,595354.8125,27.3842,604860.5000,1999.9000,
	2026/03/30 15:45:14	,	989544	,	3287	,10.4605,1999.9000,0.0517,2.6064,595255.1875,27.3788,605000.5625,1999.9000,
	2026/03/30 15:45:14	,	990544	,	3288	,10.4600,1999.9000,0.0475,2.8856,594991.8125,27.3743,605255.5000,1999.9000,
	2026/03/30 15:45:14	,	991544	,	3289	,10.4595,1999.9000,0.0415,3.1183,594646.2500,27.3706,605255.5000,1999.9000,
	2026/03/30 15:45:14	,	992544	,	3290	,10.4590,1999.9000,0.0412,2.8149,594646.2500,27.3675,605255.5000,1999.9000,
	2026/03/30 15:45:14	,	993544	,	3291	,10.4586,1999.9000,0.0411,2.5620,594646.2500,27.3649,605255.5000,1999.9000,
	2026/03/30 15:45:14	,	994544	,	3292	,10.4580,1999.9000,0.0411,2.2518,594646.2500,27.3673,605255.5000,1999.9000,
	2026/03/30 15:45:14	,	995544	,	3293	,10.4574,1999.9000,0.0411,1.9933,594646.2500,27.3708,605247.2500,1999.9000,
	2026/03/30 15:45:14	,	996544	,	3294	,10.4569,1999.9000,0.0411,1.7778,594813.6875,27.3738,605016.8750,1999.9000,
	2026/03/30 15:45:14	,	997544	,	3295	,10.4563,1999.9000,0.0440,1.6978,594901.2500,27.3763,604896.1250,1999.9000,
	2026/03/30 15:45:14	,	998544	,	3296	,10.4558,1999.9000,0.0468,1.5316,594913.7500,27.3768,604806.7500,1999.9000,
	2026/03/30 15:45:14	,	999544	,	3297	,10.4552,1999.9000,0.0496,1.3931,594933.5625,27.3788,604725.1875,1999.9000,
	2026/03/30 15:45:15	,	000544	,	3298	,10.4547,1999.9000,0.0549,1.2777,595221.8125,27.3865,604525.8750,1999.9000,
	2026/03/30 15:45:15	,	001544	,	3299	,10.4542,1999.9000,0.0628,1.1816,595602.5000,27.3930,604516.2500,1999.9000,
	2026/03/30 15:45:15	,	002544	,	3300	,10.4537,1999.9000,0.0685,0.9025,595602.5000,27.3999,604513.0000,1999.9000,
	2026/03/30 15:45:15	,	003544	,	3301	,10.4532,1999.9000,0.0689,0.6699,595602.5000,27.4056,604511.4375,1999.9000,
	2026/03/30 15:45:15	,	004544	,	3302	,10.4527,1999.9000,0.0691,0.4761,595602.5000,27.4104,604510.4375,1999.9000,
	2026/03/30 15:45:15	,	005544	,	3303	,10.4521,1999.9000,0.0692,0.3146,595602.5000,27.4053,604509.7500,1999.9000,
	2026/03/30 15:45:15	,	006544	,	3304	,10.4516,1999.9000,0.0692,0.1800,595445.2500,27.4055,604687.7500,1999.9000,
	2026/03/30 15:45:15	,	007544	,	3305	,10.4511,1999.9000,0.0692,0.0678,595326.6875,27.4058,604792.8125,1999.9000,
	2026/03/30 15:45:15	,	008544	,	3306	,10.4506,1999.9000,0.0690,-0.0256,595303.7500,27.4014,604875.5625,1999.9000,
	2026/03/30 15:45:15	,	009544	,	3307	,10.4501,1999.9000,0.0662,-0.1035,595285.7500,27.3977,604916.0000,1999.9000,
	2026/03/30 15:45:15	,	010544	,	3308	,10.4496,1999.9000,0.0627,0.1300,595094.3125,27.3992,605164.3125,1999.9000,
	2026/03/30 15:45:15	,	011544	,	3309	,10.4492,1999.9000,0.0554,0.9214,594750.5000,27.4005,605279.6250,1999.9000,
	2026/03/30 15:45:15	,	012544	,	3310	,10.4486,1999.9000,0.0519,1.5810,594750.5000,27.3970,605279.6250,1999.9000,
	2026/03/30 15:45:15	,	013544	,	3311	,10.4481,1999.9000,0.0519,2.1306,594750.5000,27.3941,605279.6250,1999.9000,
	2026/03/30 15:45:15	,	014544	,	3312	,10.4475,1999.9000,0.0519,2.5886,594750.5000,27.3917,605279.6250,1999.9000,
	2026/03/30 15:45:15	,	015544	,	3313	,10.4469,1999.9000,0.0519,2.7713,594750.5000,27.3896,605279.6250,1999.9000,
	2026/03/30 15:45:15	,	016544	,	3314	,10.4464,1999.9000,0.0519,2.5257,594755.9375,27.3956,605070.6250,1999.9000,
	2026/03/30 15:45:15	,	017544	,	3315	,10.4458,1999.9000,0.0558,2.0226,594900.6250,27.4005,604946.8125,1999.9000,
	2026/03/30 15:45:15	,	018544	,	3316	,10.4452,1999.9000,0.0595,1.6033,594919.4375,27.4015,604847.1875,1999.9000,
	2026/03/30 15:45:15	,	019544	,	3317	,10.4447,1999.9000,0.0629,1.2539,594931.0000,27.3948,604763.8125,1999.9000,
	2026/03/30 15:45:15	,	020544	,	3318	,10.4442,1999.9000,0.0677,0.9628,595092.5000,27.3877,604598.9375,1999.9000,
	2026/03/30 15:45:15	,	021544	,	3319	,10.4436,1999.9000,0.0765,0.7202,595449.3750,27.3802,604420.1875,1999.9000,
	2026/03/30 15:45:15	,	022544	,	3320	,10.4431,1999.9000,0.0837,0.5180,595478.3125,27.3755,604420.1875,1999.9000,
	2026/03/30 15:45:15	,	023544	,	3321	,10.4426,1999.9000,0.0879,0.2500,595487.9375,27.3715,604420.1875,1999.9000,
	2026/03/30 15:45:15	,	024544	,	3322	,10.4421,1999.9000,0.0879,0.1262,595492.7500,27.3683,604420.1875,1999.9000,
	2026/03/30 15:45:15	,	025544	,	3323	,10.4415,1999.9000,0.0879,0.0230,595495.6875,27.3655,604420.1875,1999.9000,
	2026/03/30 15:45:15	,	026544	,	3324	,10.4410,1999.9000,0.0879,0.0365,595497.6250,27.3633,604636.4375,1999.9000,
	2026/03/30 15:45:15	,	027544	,	3325	,10.4404,1999.9000,0.0879,0.3461,595358.8125,27.3614,604762.0000,1999.9000,
	2026/03/30 15:45:15	,	028544	,	3326	,10.4398,1999.9000,0.0857,0.3057,595328.7500,27.3690,604851.3750,1999.9000,
	2026/03/30 15:45:15	,	029544	,	3327	,10.4392,1999.9000,0.0848,0.2721,595310.5625,27.3753,604887.0625,1999.9000,
	2026/03/30 15:45:15	,	030544	,	3328	,10.4387,1999.9000,0.0814,0.2441,595183.0625,27.3806,605067.6250,1999.9000,
	2026/03/30 15:45:15	,	031544	,	3329	,10.4381,1999.9000,0.0747,0.2207,594879.2500,27.3804,605357.5625,1999.9000,
	2026/03/30 15:45:15	,	032544	,	3330	,10.4375,1999.9000,0.0684,0.4996,594703.4375,27.3848,605357.5625,1999.9000,
	2026/03/30 15:45:15	,	033544	,	3331	,10.4369,1999.9000,0.0684,0.9311,594703.4375,27.3839,605357.5625,1999.9000,
	2026/03/30 15:45:15	,	034544	,	3332	,10.4363,1999.9000,0.0684,1.3900,594703.4375,27.3756,605357.5625,1999.9000,
	2026/03/30 15:45:15	,	035544	,	3333	,10.4357,1999.9000,0.0684,1.7725,594703.4375,27.3747,605357.5625,1999.9000,
	2026/03/30 15:45:15	,	036544	,	3334	,10.4352,1999.9000,0.0684,2.0913,594703.4375,27.3678,605116.0000,1999.9000,
	2026/03/30 15:45:15	,	037544	,	3335	,10.4346,1999.9000,0.0718,2.3569,594860.7500,27.3606,604960.7500,1999.9000,
	2026/03/30 15:45:15	,	038544	,	3336	,10.4340,1999.9000,0.0752,2.5782,594887.8750,27.3546,604849.0000,1999.9000,
	2026/03/30 15:45:15	,	039544	,	3337	,10.4334,1999.9000,0.0782,2.2653,594900.8750,27.3511,604765.6875,1999.9000,
	2026/03/30 15:45:15	,	040544	,	3338	,10.4329,1999.9000,0.0813,1.9051,595009.6875,27.3482,604654.5000,1999.9000,
	2026/03/30 15:45:15	,	041544	,	3339	,10.4323,1999.9000,0.0880,1.3064,595318.3125,27.3458,604392.3750,1999.9000,
	2026/03/30 15:45:15	,	042544	,	3340	,10.4317,1999.9000,0.0957,0.8076,595568.5625,27.3453,604392.3750,1999.9000,
	2026/03/30 15:45:15	,	043544	,	3341	,10.4311,1999.9000,0.1009,0.2924,595568.5625,27.3449,604392.3750,1999.9000,
	2026/03/30 15:45:15	,	044544	,	3342	,10.4306,1999.9000,0.1009,-0.1369,595568.5625,27.3445,604392.3750,1999.9000,
	2026/03/30 15:45:15	,	045544	,	3343	,10.4299,1999.9000,0.1009,-0.5941,595568.5625,27.3442,604392.3750,1999.9000,
	2026/03/30 15:45:15	,	046544	,	3344	,10.4293,1999.9000,0.1009,-0.9752,595568.5625,27.3470,604589.8750,1999.9000,
	2026/03/30 15:45:15	,	047544	,	3345	,10.4288,1999.9000,0.1009,-1.2927,595391.6250,27.3494,604737.8125,1999.9000,
	2026/03/30 15:45:15	,	048544	,	3346	,10.4282,1999.9000,0.1007,-1.3584,595355.6250,27.3513,604831.5000,1999.9000,
	2026/03/30 15:45:15	,	049544	,	3347	,10.4276,1999.9000,0.0979,-1.4131,595336.4375,27.3530,604868.3125,1999.9000,
	2026/03/30 15:45:15	,	050544	,	3348	,10.4270,1999.9000,0.0972,-1.2597,595255.1875,27.3544,605016.3125,1999.9000,
	2026/03/30 15:45:15	,	051544	,	3349	,10.4264,1999.9000,0.0915,-1.1319,595021.6250,27.3555,605291.6875,1999.9000,
	2026/03/30 15:45:15	,	052544	,	3350	,10.4259,1999.9000,0.0848,-0.8265,594671.3125,27.3579,605291.6875,1999.9000,
	2026/03/30 15:45:15	,	053544	,	3351	,10.4254,1999.9000,0.0848,-0.3730,594671.3125,27.3600,605291.6875,1999.9000,
	2026/03/30 15:45:15	,	054544	,	3352	,10.4248,1999.9000,0.0848,0.0049,594671.3125,27.3602,605291.6875,1999.9000,
	2026/03/30 15:45:15	,	055544	,	3353	,10.4242,1999.9000,0.0848,0.3198,594671.3125,27.3588,605291.6875,1999.9000,
	2026/03/30 15:45:15	,	056544	,	3354	,10.4236,1999.9000,0.0848,0.3833,594671.3125,27.3576,605190.8750,1999.9000,
	2026/03/30 15:45:15	,	057544	,	3355	,10.4230,1999.9000,0.0852,0.1378,594811.8750,27.3598,605190.8750,1999.9000,
	2026/03/30 15:45:15	,	058544	,	3356	,10.4230,1999.9000,0.0906,0.0327,594900.0625,27.3615,605011.4375,1999.9000,
	2026/03/30 15:45:15	,	059544	,	3357	,10.4218,1999.9000,0.0940,-0.1544,594913.1250,27.3645,604903.3750,1999.9000,
	2026/03/30 15:45:15	,	060544	,	3358	,10.4211,1999.9000,0.0970,-0.3103,594929.6250,27.3670,604815.7500,1999.9000,
	2026/03/30 15:45:15	,	061544	,	3359	,10.4205,1999.9000,0.1027,-0.4402,595183.6875,27.3690,604726.3750,1999.9000,
	2026/03/30 15:45:15	,	062544	,	3360	,10.4199,1999.9000,0.1109,-0.5485,595560.2500,27.3723,604493.2500,1999.9000,
	2026/03/30 15:45:15	,	063544	,	3361	,10.4192,1999.9000,0.1166,-0.5392,595560.2500,27.3750,604493.2500,1999.9000,
	2026/03/30 15:45:15	,	064544	,	3362	,10.4186,1999.9000,0.1169,-0.5315,595560.2500,27.3773,604493.2500,1999.9000,
	2026/03/30 15:45:15	,	065544	,	3363	,10.4180,1999.9000,0.1170,-0.5251,595560.2500,27.3807,604493.2500,1999.9000,
	2026/03/30 15:45:15	,	066544	,	3364	,10.4173,1999.9000,0.1171,-0.5198,595560.2500,27.3835,604493.2500,1999.9000,
	2026/03/30 15:45:15	,	067544	,	3365	,10.4168,1999.9000,0.1171,-0.2169,595457.7500,27.3859,604494.1250,1999.9000,
	2026/03/30 15:45:15	,	068544	,	3366	,10.4163,1999.9000,0.1171,0.0355,595348.6875,27.3879,604685.9375,1999.9000,
	2026/03/30 15:45:15	,	069544	,	3367	,10.4157,1999.9000,0.1150,0.2459,595334.1250,27.3880,604797.6250,1999.9000,
	2026/03/30 15:45:15	,	070544	,	3368	,10.4151,1999.9000,0.1140,0.4212,595317.6875,27.3835,604880.3750,1999.9000,
	2026/03/30 15:45:15	,	071544	,	3369	,10.4145,1999.9000,0.1090,0.5672,595130.0625,27.3798,604919.3750,1999.9000,
	2026/03/30 15:45:15	,	072544	,	3370	,10.4138,1999.9000,0.1019,0.5672,594797.5625,27.3767,605183.5625,1999.9000,
	2026/03/30 15:45:15	,	073544	,	3371	,10.4132,1999.9000,0.1010,0.6889,594780.8750,27.3741,605221.3125,1999.9000,
	2026/03/30 15:45:15	,	074544	,	3372	,10.4126,1999.9000,0.1007,0.6909,594775.3125,27.3719,605233.9375,1999.9000,
	2026/03/30 15:45:15	,	075544	,	3373	,10.4120,1999.9000,0.1005,0.7920,594772.5000,27.3701,605240.2500,1999.9000,
	2026/03/30 15:45:15	,	076544	,	3374	,10.4114,1999.9000,0.1004,0.9465,594770.8750,27.3686,605244.0000,1999.9000,
	2026/03/30 15:45:15	,	077544	,	3375	,10.4108,1999.9000,0.1004,0.9465,594769.7500,27.3674,605246.5625,1999.9000,
	2026/03/30 15:45:15	,	078544	,	3376	,10.4102,1999.9000,0.1036,1.0050,594884.6250,27.3679,605044.1250,1999.9000,
	2026/03/30 15:45:15	,	079544	,	3377	,10.4096,1999.9000,0.1066,1.0538,594905.6875,27.3683,604927.5625,1999.9000,
	2026/03/30 15:45:15	,	080544	,	3378	,10.4090,1999.9000,0.1096,1.0454,594918.3125,27.3686,604841.1250,1999.9000,
	2026/03/30 15:45:15	,	081544	,	3379	,10.4084,1999.9000,0.1140,1.0874,595060.9375,27.3688,604755.4375,1999.9000,
	2026/03/30 15:45:15	,	082544	,	3380	,10.4078,1999.9000,0.1224,1.1224,595411.2500,27.3721,604568.7500,1999.9000,
	2026/03/30 15:45:15	,	083544	,	3381	,10.4072,1999.9000,0.1294,1.2511,595529.2500,27.3749,604452.1875,1999.9000,
	2026/03/30 15:45:15	,	084544	,	3382	,10.4065,1999.9000,0.1301,1.3583,595529.2500,27.3772,604452.1875,1999.9000,
	2026/03/30 15:45:15	,	085544	,	3383	,10.4059,1999.9000,0.1303,1.4477,595529.2500,27.3806,604452.1875,1999.9000,
	2026/03/30 15:45:15	,	086544	,	3384	,10.4052,1999.9000,0.1304,1.3232,595529.2500,27.3835,604452.1875,1999.9000,
	2026/03/30 15:45:15	,	087544	,	3385	,10.4046,1999.9000,0.1305,1.3232,595529.2500,27.3835,604452.1875,1999.9000,
	2026/03/30 15:45:15	,	088544	,	3386	,10.4040,1999.9000,0.1305,1.4184,595375.5625,27.3858,604662.3750,1999.9000,
	2026/03/30 15:45:15	,	089544	,	3387	,10.4034,1999.9000,0.1282,1.4977,595344.5625,27.3832,604783.8125,1999.9000,
	2026/03/30 15:45:15	,	090544	,	3388	,10.4027,1999.9000,0.1273,1.5638,595323.9375,27.3811,604876.1875,1999.9000,
	2026/03/30 15:45:15	,	091544	,	3389	,10.4021,1999.9000,0.1241,1.6189,595197.3750,27.3777,604910.9375,1999.9000,
	2026/03/30 15:45:15	,	092544	,	3390	,10.4015,1999.9000,0.1182,1.9633,594906.6250,27.3689,605114.7500,1999.9000,
	2026/03/30 15:45:15	,	093544	,	3391	,10.4008,1999.9000,0.1154,2.4492,594689.7500,27.3569,605351.5000,1999.9000,
	2026/03/30 15:45:15	,	094544	,	3392	,10.4002,1999.9000,0.1154,2.8541,594689.7500,27.3469,605351.5000,1999.9000,
	2026/03/30 15:45:15	,	095544	,	3393	,10.3996,1999.9000,0.1154,3.2910,594689.7500,27.3386,605351.5000,1999.9000,
	2026/03/30 15:45:15	,	096544	,	3394	,10.3990,1999.9000,0.1154,3.7545,594689.7500,27.3316,605351.5000,1999.9000,
	2026/03/30 15:45:15	,	097544	,	3395	,10.3985,1999.9000,0.1154,4.1408,594689.7500,27.3259,605351.5000,1999.9000,
	2026/03/30 15:45:15	,	098544	,	3396	,10.3979,1999.9000,0.1203,4.4492,594836.3125,27.3339,604955.3125,1999.9000,
	2026/03/30 15:45:15	,	099544	,	3397	,10.3979,1999.9000,0.1246,4.4492,594836.3125,27.3339,604955.3125,1999.9000,
	2026/03/30 15:45:15	,	100544	,	3398	,10.3973,1999.9000,0.1281,4.5207,594890.5000,27.3369,604856.8125,1999.9000,
	2026/03/30 15:45:15	,	101544	,	3399	,10.3967,1999.9000,0.1316,4.4809,594890.5000,27.3394,604819.6875,1999.9000,
	2026/03/30 15:45:15	,	102544	,	3400	,10.3961,1999.9000,0.1387,4.2488,595276.5625,27.3415,604644.8125,1999.9000,
	2026/03/30 15:45:15	,	103544	,	3401	,10.3918,1999.9000,0.1462,3.6574,595579.2500,27.3432,604371.8125,1999.9000,
	2026/03/30 15:45:15	,	104544	,	3402	,10.3915,1999.9000,0.1516,3.1647,595579.2500,27.3447,604371.8125,1999.9000,
	2026/03/30 15:45:15	,	105544	,	3403	,10.3913,1999.9000,0.1516,2.4556,595579.2500,27.3444,604371.8125,1999.9000,
	2026/03/30 15:45:15	,	106544	,	3404	,10.3909,1999.9000,0.1516,1.6657,595579.2500,27.3441,604371.8125,1999.9000,
	2026/03/30 15:45:15	,	107544	,	3405	,10.3905,1999.9000,0.1516,1.0075,595579.2500,27.3439,604371.8125,1999.9000,
	2026/03/30 15:45:15	,	108544	,	3406	,10.3903,1999.9000,0.1516,0.3595,595579.2500,27.3467,604589.2500,1999.9000,
	2026/03/30 15:45:15	,	109544	,	3407	,10.3899,1999.9000,0.1516,-0.0810,595401.1250,27.3491,604745.6875,1999.9000,
	2026/03/30 15:45:15	,	110544	,	3408	,10.3895,1999.9000,0.1514,-0.4481,595363.5625,27.3511,604844.1875,1999.9000,
	2026/03/30 15:45:15	,	111544	,	3409	,10.3890,1999.9000,0.1483,-0.5550,595343.0625,27.3528,604883.1250,1999.9000,
	2026/03/30 15:45:15	,	112544	,	3410	,10.3886,1999.9000,0.1474,-0.3457,595252.8125,27.3542,605048.9375,1999.9000,
	2026/03/30 15:45:15	,	113544	,	3411	,10.3881,1999.9000,0.1416,-0.4697,595040.0625,27.3523,605331.6250,1999.9000,
	2026/03/30 15:45:15	,	114544	,	3412	,10.3876,1999.9000,0.1352,-0.2747,594688.5625,27.3400,605331.6250,1999.9000,
	2026/03/30 15:45:15	,	115544	,	3413	,10.3871,1999.9000,0.1348,-0.1121,594688.5625,27.3298,605331.6250,1999.9000,
	2026/03/30 15:45:15	,	116544	,	3414	,10.3866,1999.9000,0.1347,0.0234,594688.5625,27.3212,605331.6250,1999.9000,
	2026/03/30 15:45:15	,	117544	,	3415	,10.3860,1999.9000,0.1346,0.1363,594688.5625,27.3142,605331.6250,1999.9000,
	2026/03/30 15:45:15	,	118544	,	3416	,10.3854,1999.9000,0.1346,0.2303,594688.5625,27.3082,605184.8125,1999.9000,
	2026/03/30 15:45:15	,	119544	,	3417	,10.3847,1999.9000,0.1346,0.3087,594808.3125,27.3033,605019.9375,1999.9000,
	2026/03/30 15:45:15	,	120544	,	3418	,10.3841,1999.9000,0.1380,0.1751,594900.6250,27.3068,604912.4375,1999.9000,
	2026/03/30 15:45:15	,	121544	,	3419	,10.3835,1999.9000,0.1415,0.0638,594913.7500,27.3128,604821.8125,1999.9000,
	2026/03/30 15:45:15	,	122544	,	3420	,10.3828,1999.9000,0.1449,0.0705,594928.1250,27.3193,604712.5000,1999.9000,
	2026/03/30 15:45:15	,	123544	,	3421	,10.3822,1999.9000,0.1512,-0.0234,595150.3125,27.3263,604470.3125,1999.9000,
	2026/03/30 15:45:15	,	124544	,	3422	,10.3779,1999.9000,0.1596,-0.2012,595519.1250,27.3336,604470.3125,1999.9000,
	2026/03/30 15:45:15	,	125544	,	3423	,10.3777,1999.9000,0.1653,-0.2498,595519.1250,27.3413,604470.3125,1999.9000,
	2026/03/30 15:45:15	,	126544	,	3424	,10.3775,1999.9000,0.1653,-0.2903,595519.1250,27.3476,604470.3125,1999.9000,
	2026/03/30 15:45:15	,	127544	,	3425	,10.3773,1999.9000,0.1653,-0.2246,595519.1250,27.3560,604470.3125,1999.9000,
	2026/03/30 15:45:15	,	128544	,	3426	,10.3770,1999.9000,0.1653,-0.2694,595519.1250,27.3629,604554.8125,1999.9000,
	2026/03/30 15:45:15	,	129544	,	3427	,10.3767,1999.9000,0.1653,-0.2071,595508.0000,27.3703,604728.1875,1999.9000,
	2026/03/30 15:45:15	,	130544	,	3428	,10.3764,1999.9000,0.1651,-0.1553,595325.4375,27.3764,604830.8750,1999.9000,
	2026/03/30 15:45:15	,	131544	,	3429	,10.3759,1999.9000,0.1617,-0.0126,595304.8750,27.3815,604868.8750,1999.9000,
	2026/03/30 15:45:15	,	132544	,	3430	,10.3755,1999.9000,0.1609,0.1063,595289.5000,27.3918,604989.7500,1999.9000,
	2026/03/30 15:45:15	,	133544	,	3431	,10.3750,1999.9000,0.1564,0.2053,595140.7500,27.4019,605233.1250,1999.9000,
	2026/03/30 15:45:15	,	134544	,	3432	,10.3744,1999.9000,0.1500,0.2879,594813.0625,27.4089,605233.7500,1999.9000,
	2026/03/30 15:45:15	,	135544	,	3433	,10.3739,1999.9000,0.1500,0.3567,594773.4375,27.4101,605233.9375,1999.9000,
	2026/03/30 15:45:15	,	136544	,	3434	,10.3733,1999.9000,0.1500,0.5135,594760.2500,27.4111,605234.0625,1999.9000,
	2026/03/30 15:45:15	,	137544	,	3435	,10.3727,1999.9000,0.1500,0.8431,594753.6875,27.4119,605234.1250,1999.9000,
	2026/03/30 15:45:15	,	138544	,	3436	,10.3720,1999.9000,0.1500,1.1178,594749.6875,27.4126,605234.1875,1999.9000,
	2026/03/30 15:45:15	,	139544	,	3437	,10.3680,1999.9000,0.1502,1.1478,594747.0625,27.4117,605038.0625,1999.9000,
	2026/03/30 15:45:15	,	140544	,	3438	,10.3677,1999.9000,0.1556,1.1727,594878.6250,27.4078,604922.0625,1999.9000,
	2026/03/30 15:45:15	,	141544	,	3439	,10.3674,1999.9000,0.1593,1.3925,594901.2500,27.4016,604830.8750,1999.9000,
	2026/03/30 15:45:15	,	142544	,	3440	,10.3670,1999.9000,0.1623,1.5756,594913.1875,27.3964,604748.7500,1999.9000,
	2026/03/30 15:45:15	,	143544	,	3441	,10.3668,1999.9000,0.1668,1.7282,595047.2500,27.3920,604550.6250,1999.9000,
	2026/03/30 15:45:15	,	144544	,	3442	,10.3665,1999.9000,0.1751,1.8554,595393.3750,27.3884,604464.8125,1999.9000,
	2026/03/30 15:45:15	,	145544	,	3443	,10.3661,1999.9000,0.1818,1.9614,595531.0000,27.3854,604464.8125,1999.9000,
	2026/03/30 15:45:15	,	146544	,	3444	,10.3656,1999.9000,0.1858,1.5523,595531.0000,27.3828,604464.8125,1999.9000,
	2026/03/30 15:45:15	,	147544	,	3445	,10.3651,1999.9000,0.1858,1.1120,595531.0000,27.3792,604464.8125,1999.9000,
	2026/03/30 15:45:15	,	148544	,	3446	,10.3646,1999.9000,0.1858,0.7450,595531.0000,27.3762,604464.8125,1999.9000,
	2026/03/30 15:45:15	,	149544	,	3447	,10.3641,1999.9000,0.1858,0.3397,595531.0000,27.3737,604652.6875,1999.9000,
	2026/03/30 15:45:15	,	150544	,	3448	,10.3636,1999.9000,0.1858,0.0020,595368.3750,27.3716,604757.8125,1999.9000,
	2026/03/30 15:45:15	,	151544	,	3449	,10.3630,1999.9000,0.1855,-0.3789,595336.4375,27.3699,604843.0000,1999.9000,
	2026/03/30 15:45:15	,	152544	,	3450	,10.3624,1999.9000,0.1830,-0.5969,595320.2500,27.3684,604930.5625,1999.9000,
	2026/03/30 15:45:15	,	153544	,	3451	,10.3618,1999.9000,0.1821,-0.7785,595222.4375,27.3733,605136.5000,1999.9000,
	2026/03/30 15:45:15	,	154544	,	3452	,10.3612,1999.9000,0.1755,-0.9299,594945.3750,27.3789,605294.7500,1999.9000,
	2026/03/30 15:45:15	,	155544	,	3453	,10.3605,1999.9000,0.1710,-1.0560,594659.3125,27.3836,605294.7500,1999.9000,
	2026/03/30 15:45:15	,	156544	,	3454	,10.3563,1999.9000,0.1710,-1.0616,594659.3125,27.3875,605294.7500,1999.9000,
	2026/03/30 15:45:15	,	157544	,	3455	,10.3561,1999.9000,0.1710,-0.4695,594659.3125,27.3907,605294.7500,1999.9000,
	2026/03/30 15:45:15	,	158544	,	3456	,10.3558,1999.9000,0.1710,0.1234,594659.3125,27.3949,605294.7500,1999.9000,
	2026/03/30 15:45:15	,	159544	,	3457	,10.3554,1999.9000,0.1710,0.8165,594659.3125,27.3969,605079.7500,1999.9000,
	2026/03/30 15:45:15	,	160544	,	3458	,10.3550,1999.9000,0.1754,1.3940,594828.5625,27.3986,604963.1875,1999.9000,
	2026/03/30 15:45:15	,	161544	,	3459	,10.3547,1999.9000,0.1790,1.8753,594865.1875,27.4000,604870.1250,1999.9000,
	2026/03/30 15:45:15	,	162544	,	3460	,10.3543,1999.9000,0.1818,2.2764,594882.9375,27.3966,604781.3125,1999.9000,
	2026/03/30 15:45:15	,	163544	,	3461	,10.3538,1999.9000,0.1847,2.4117,594967.3750,27.3922,604626.6875,1999.9000,
	2026/03/30 15:45:15	,	164544	,	3462	,10.3534,1999.9000,0.1912,2.5244,595228.3125,27.3900,604417.7500,1999.9000,
	2026/03/30 15:45:15	,	165544	,	3463	,10.3528,1999.9000,0.1974,1.8226,595610.2500,27.3867,604417.7500,1999.9000,
	2026/03/30 15:45:15	,	166544	,	3464	,10.3523,1999.9000,0.1983,1.2377,595610.2500,27.3825,604417.7500,1999.9000,
	2026/03/30 15:45:15	,	167544	,	3465	,10.3517,1999.9000,0.1986,0.7503,595610.2500,27.3774,604417.7500,1999.9000,
	2026/03/30 15:45:15	,	168544	,	3466	,10.3512,1999.9000,0.1987,0.3442,595610.2500,27.3732,604417.7500,1999.9000,
	2026/03/30 15:45:15	,	169544	,	3467	,10.3505,1999.9000,0.1988,0.0057,595610.2500,27.3696,604629.7500,1999.9000,
	2026/03/30 15:45:15	,	170544	,	3468	,10.3498,1999.9000,0.1989,-0.2764,595418.4375,27.3667,604775.9375,1999.9000,
	2026/03/30 15:45:15	,	171544	,	3469	,10.3458,1999.9000,0.1986,-0.5114,595311.1875,27.3642,604868.9375,1999.9000,
	2026/03/30 15:45:15	,	172544	,	3470	,10.3454,1999.9000,0.1960,-0.5083,595293.8750,27.3622,604907.6250,1999.9000,
	2026/03/30 15:45:15	,	173544	,	3471	,10.3451,1999.9000,0.1951,-0.5058,595280.0000,27.3605,605092.4375,1999.9000,
	2026/03/30 15:45:15	,	174544	,	3472	,10.3448,1999.9000,0.1891,-0.2052,595068.6875,27.3651,605381.7500,1999.9000,
	2026/03/30 15:45:15	,	175544	,	3473	,10.3445,1999.9000,0.1827,0.0452,594708.1875,27.3691,605381.7500,1999.9000,
	2026/03/30 15:45:15	,	176544	,	3474	,10.3441,1999.9000,0.1827,0.5524,594708.1875,27.3723,605381.7500,1999.9000,
	2026/03/30 15:45:15	,	177544	,	3475	,10.3437,1999.9000,0.1827,0.9750,594708.1875,27.3689,605381.7500,1999.9000,
	2026/03/30 15:45:15	,	178544	,	3476	,10.3433,1999.9000,0.1827,1.7251,594708.1875,27.3722,605381.7500,1999.9000,
	2026/03/30 15:45:15	,	179544	,	3477	,10.3428,1999.9000,0.1827,2.3501,594708.1875,27.3749,605155.1875,1999.9000,
	2026/03/30 15:45:15	,	180544	,	3478	,10.3423,1999.9000,0.1864,2.8710,594796.3750,27.3711,604988.5000,1999.9000,
	2026/03/30 15:45:15	,	181544	,	3479	,10.3417,1999.9000,0.1907,3.3051,594900.6250,27.3679,604884.0625,1999.9000,
	2026/03/30 15:45:15	,	182544	,	3480	,10.3412,1999.9000,0.1945,3.5674,594918.5000,27.3652,604799.4375,1999.9000,
	2026/03/30 15:45:15	,	183544	,	3481	,10.3406,1999.9000,0.1979,3.3880,594931.6250,27.3615,604687.1250,1999.9000,
	2026/03/30 15:45:15	,	184544	,	3482	,10.3399,1999.9000,0.2041,3.1391,595116.9375,27.3599,604437.6875,1999.9000,
	2026/03/30 15:45:15	,	185544	,	3483	,10.3393,1999.9000,0.2123,2.3348,595479.8125,27.3586,604437.6875,1999.9000,
	2026/03/30 15:45:15	,	186544	,	3484	,10.3387,1999.9000,0.2179,1.6645,595479.8125,27.3575,604437.6875,1999.9000,
	2026/03/30 15:45:15	,	187544	,	3485	,10.3344,1999.9000,0.2179,1.1060,595479.8125,27.3565,604437.6875,1999.9000,
	2026/03/30 15:45:15	,	188544	,	3486	,10.3341,1999.9000,0.2179,0.5411,595479.8125,27.3558,604437.6875,1999.9000,
	2026/03/30 15:45:15	,	189544	,	3487	,10.3339,1999.9000,0.2179,0.0703,595479.8125,27.3551,604574.1875,1999.9000,
	2026/03/30 15:45:15	,	190544	,	3488	,10.3336,1999.9000,0.2179,-0.2225,595477.6250,27.3576,604726.3750,1999.9000,
	2026/03/30 15:45:15	,	191544	,	3489	,10.3332,1999.9000,0.2179,-0.4665,595324.3125,27.3598,604817.0000,1999.9000,
	2026/03/30 15:45:15	,	192544	,	3490	,10.3329,1999.9000,0.2176,-0.5704,595300.4375,27.3615,604902.1875,1999.9000,
	2026/03/30 15:45:15	,	193544	,	3491	,10.3325,1999.9000,0.2148,-0.3586,595287.5625,27.3630,605000.5625,1999.9000,
	2026/03/30 15:45:15	,	194544	,	3492	,10.3319,1999.9000,0.2113,-0.0825,595160.4375,27.3611,605271.8125,1999.9000,
	2026/03/30 15:45:15	,	195544	,	3493	,10.3314,1999.9000,0.2047,0.4459,594847.6250,27.3596,605271.8125,1999.9000,
	2026/03/30 15:45:15	,	196544	,	3494	,10.3309,1999.9000,0.2013,0.8863,594710.0000,27.3614,605271.8125,1999.9000,
	2026/03/30 15:45:15	,	197544	,	3495	,10.3303,1999.9000,0.2013,1.2532,594710.0000,27.3629,605271.8125,1999.9000,
	2026/03/30 15:45:15	,	198544	,	3496	,10.3298,1999.9000,0.2013,1.5590,594710.0000,27.3656,605271.8125,1999.9000,
	2026/03/30 15:45:15	,	199544	,	3497	,10.3293,1999.9000,0.2013,1.8139,594710.0000,27.3679,605264.1250,1999.9000,
	2026/03/30 15:45:15	,	200544	,	3498	,10.3287,1999.9000,0.2013,1.7278,594710.0000,27.3698,605027.8125,1999.9000,
	2026/03/30 15:45:15	,	201544	,	3499	,10.3281,1999.9000,0.2047,1.6561,594851.2500,27.3745,604922.6875,1999.9000,
	2026/03/30 15:45:15	,	202544	,	3500	,10.3275,1999.9000,0.2078,1.5964,594885.8125,27.3784,604838.1250,1999.9000,
	2026/03/30 15:45:15	,	203544	,	3501	,10.3231,1999.9000,0.2104,0.9497,594905.0625,27.3816,604749.3750,1999.9000,
	2026/03/30 15:45:15	,	204544	,	3502	,10.3227,1999.9000,0.2147,0.4109,595038.2500,27.3843,604526.4375,1999.9000,
	2026/03/30 15:45:15	,	205544	,	3503	,10.3223,1999.9000,0.2225,-0.0382,595344.5625,27.3865,604513.4375,1999.9000,
	2026/03/30 15:45:15	,	206544	,	3504	,10.3219,1999.9000,0.2285,-0.4124,595557.2500,27.3884,604509.1250,1999.9000,
	2026/03/30 15:45:15	,	207544	,	3505	,10.3215,1999.9000,0.2314,-0.6248,595557.2500,27.3900,604506.9375,1999.9000,
	2026/03/30 15:45:15	,	208544	,	3506	,10.3211,1999.9000,0.2314,-0.7023,595557.2500,27.3898,604505.6875,1999.9000,
	2026/03/30 15:45:15	,	209544	,	3507	,10.3207,1999.9000,0.2314,-0.7669,595557.2500,27.3898,604505.6875,1999.9000,
	2026/03/30 15:45:15	,	210544	,	3508	,10.3202,1999.9000,0.2314,-0.8207,595557.2500,27.3896,604504.8125,1999.9000,
	2026/03/30 15:45:15	,	211544	,	3509	,10.3197,1999.9000,0.2314,-0.7661,595391.6250,27.3894,604693.7500,1999.9000,
	2026/03/30 15:45:15	,	212544	,	3510	,10.3192,1999.9000,0.2292,-0.6211,595307.5625,27.3893,604807.9375,1999.9000,
	2026/03/30 15:45:15	,	213544	,	3511	,10.3186,1999.9000,0.2282,-0.1024,595291.5625,27.3892,604900.3125,1999.9000,
	2026/03/30 15:45:15	,	214544	,	3512	,10.3181,1999.9000,0.2243,0.4294,595271.1250,27.3906,604986.7500,1999.9000,
	2026/03/30 15:45:15	,	215544	,	3513	,10.3175,1999.9000,0.2176,0.9720,594985.2500,27.3918,605191.4375,1999.9000,
	2026/03/30 15:45:15	,	216544	,	3514	,10.3169,1999.9000,0.2128,1.5236,594651.5625,27.3928,605318.3125,1999.9000,
	2026/03/30 15:45:15	,	217544	,	3515	,10.3163,1999.9000,0.2128,2.2817,594651.5625,27.3967,605318.3125,1999.9000,
	2026/03/30 15:45:15	,	218544	,	3516	,10.3156,1999.9000,0.2128,2.9135,594651.5625,27.4029,605318.3125,1999.9000,
	2026/03/30 15:45:15	,	219544	,	3517	,10.3149,1999.9000,0.2128,3.4400,594651.5625,27.4082,605318.3125,1999.9000,
	2026/03/30 15:45:15	,	220544	,	3518	,10.3108,1999.9000,0.2128,3.8787,594651.5625,27.4110,605318.3125,1999.9000,
	2026/03/30 15:45:15	,	221544	,	3519	,10.3105,1999.9000,0.2171,4.2443,594814.8750,27.4134,605112.3125,1999.9000,
	2026/03/30 15:45:15	,	222544	,	3520	,10.3102,1999.9000,0.2207,3.7532,594854.8125,27.4153,604971.0000,1999.9000,
	2026/03/30 15:45:15	,	223544	,	3521	,10.3097,1999.9000,0.2235,3.2444,594875.4375,27.4155,604867.7500,1999.9000,
	2026/03/30 15:45:15	,	224544	,	3522	,10.3092,1999.9000,0.2265,2.7210,594894.9375,27.4140,604774.6875,1999.9000,
	2026/03/30 15:45:15	,	225544	,	3523	,10.3087,1999.9000,0.2330,2.2848,595190.8125,27.4098,604603.1875,1999.9000,
	2026/03/30 15:45:15	,	226544	,	3524	,10.3083,1999.9000,0.2396,1.7224,595580.5000,27.4048,604457.0000,1999.9000,
	2026/03/30 15:45:15	,	227544	,	3525	,10.3078,1999.9000,0.2441,1.2537,595580.5000,27.3884,604457.0000,1999.9000,
	2026/03/30 15:45:15	,	228544	,	3526	,10.3072,1999.9000,0.2441,0.9626,595580.5000,27.3884,604457.0000,1999.9000,
	2026/03/30 15:45:15	,	229544	,	3527	,10.3067,1999.9000,0.2441,0.6205,595580.5000,27.3793,604457.0000,1999.9000,
	2026/03/30 15:45:15	,	230544	,	3528	,10.3062,1999.9000,0.2441,0.3355,595580.5000,27.3717,604457.0000,1999.9000,
	2026/03/30 15:45:15	,	231544	,	3529	,10.3056,1999.9000,0.2441,0.1974,595441.0625,27.3653,604666.0000,1999.9000,
	2026/03/30 15:45:15	,	232544	,	3530	,10.3051,1999.9000,0.2438,0.1818,595339.8125,27.3585,604797.0625,1999.9000,
	2026/03/30 15:45:15	,	233544	,	3531	,10.3045,1999.9000,0.2414,0.1688,595321.0000,27.3528,604886.4375,1999.9000,
	2026/03/30 15:45:15	,	234544	,	3532	,10.3038,1999.9000,0.2408,0.1580,595301.2500,27.3481,604921.5000,1999.9000,
	2026/03/30 15:45:15	,	235544	,	3533	,10.3032,1999.9000,0.2351,0.2484,595091.3125,27.3457,605103.3125,1999.9000,
	2026/03/30 15:45:15	,	236544	,	3534	,10.2990,1999.9000,0.2288,0.5228,594736.1875,27.3467,605375.0625,1999.9000,
	2026/03/30 15:45:15	,	237544	,	3535	,10.2985,1999.9000,0.2288,0.7514,594736.1875,27.3507,605375.0625,1999.9000,
	2026/03/30 15:45:15	,	238544	,	3536	,10.2980,1999.9000,0.2288,0.9419,594736.1875,27.3539,605375.0625,1999.9000,
	2026/03/30 15:45:15	,	239544	,	3537	,10.2977,1999.9000,0.2288,1.1006,594736.1875,27.3566,605375.0625,1999.9000,
	2026/03/30 15:45:15	,	240544	,	3538	,10.2973,1999.9000,0.2288,0.9345,594736.1875,27.3589,605375.0625,1999.9000,
	2026/03/30 15:45:15	,	241544	,	3539	,10.2969,1999.9000,0.2288,0.3982,594741.5000,27.3608,605140.1250,1999.9000,
	2026/03/30 15:45:15	,	242544	,	3540	,10.2964,1999.9000,0.2317,-0.0488,594886.3750,27.3624,604976.4375,1999.9000,
	2026/03/30 15:45:15	,	243544	,	3541	,10.2959,1999.9000,0.2346,-0.4212,594907.7500,27.3637,604871.3750,1999.9000,
	2026/03/30 15:45:15	,	244544	,	3542	,10.2954,1999.9000,0.2377,-0.7316,594920.1250,27.3694,604837.2500,1999.9000,
	2026/03/30 15:45:15	,	245544	,	3543	,10.2948,1999.9000,0.2439,-0.9903,595080.0000,27.3741,604689.5625,1999.9000,
	2026/03/30 15:45:15	,	246544	,	3544	,10.2942,1999.9000,0.2516,-1.2058,595437.5000,27.3811,604418.9375,1999.9000,
	2026/03/30 15:45:15	,	247544	,	3545	,10.2936,1999.9000,0.2561,-1.3854,595462.8125,27.3869,604418.9375,1999.9000,
	2026/03/30 15:45:15	,	248544	,	3546	,10.2895,1999.9000,0.2561,-1.2367,595471.1875,27.3918,604418.9375,1999.9000,
	2026/03/30 15:45:15	,	249544	,	3547	,10.2891,1999.9000,0.2561,-1.0132,595475.4375,27.3958,604418.9375,1999.9000,
	2026/03/30 15:45:15	,	250544	,	3548	,10.2888,1999.9000,0.2561,-0.8271,595477.9375,27.3961,604418.9375,1999.9000,
	2026/03/30 15:45:15	,	251544	,	3549	,10.2884,1999.9000,0.2561,-0.6719,595479.6250,27.3949,604587.5000,1999.9000,
	2026/03/30 15:45:15	,	252544	,	3550	,10.2880,1999.9000,0.2557,-0.6421,595342.1875,27.3939,604754.1875,1999.9000,
	2026/03/30 15:45:15	,	253544	,	3551	,10.2877,1999.9000,0.2526,-0.6172,595319.8750,27.3930,604862.3125,1999.9000,
	2026/03/30 15:45:15	,	254544	,	3552	,10.2873,1999.9000,0.2521,-0.5965,595309.6250,27.3907,604899.4375,1999.9000,
	2026/03/30 15:45:15	,	255544	,	3553	,10.2869,1999.9000,0.2479,-0.4798,595197.9375,27.3889,605049.5000,1999.9000,
	2026/03/30 15:45:15	,	256544	,	3554	,10.2863,1999.9000,0.2410,-0.3825,594900.6250,27.3904,605337.6875,1999.9000,
	2026/03/30 15:45:15	,	257544	,	3555	,10.2857,1999.9000,0.2371,-0.3014,594711.1875,27.3916,605337.6875,1999.9000,
	2026/03/30 15:45:15	,	258544	,	3556	,10.2851,1999.9000,0.2371,-0.1344,594711.1875,27.3926,605337.6875,1999.9000,
	2026/03/30 15:45:15	,	259544	,	3557	,10.2844,1999.9000,0.2371,0.0048,594711.1875,27.3934,605337.6875,1999.9000,
	2026/03/30 15:45:15	,	260544	,	3558	,10.2838,1999.9000,0.2371,0.4192,594711.1875,27.3957,605337.6875,1999.9000,
	2026/03/30 15:45:15	,	261544	,	3559	,10.2831,1999.9000,0.2371,0.9635,594711.1875,27.3960,605230.7500,1999.9000,
	2026/03/30 15:45:15	,	262544	,	3560	,10.2825,1999.9000,0.2401,1.4171,594872.0625,27.3963,605045.9375,1999.9000,
	2026/03/30 15:45:15	,	263544	,	3561	,10.2784,1999.9000,0.2428,1.5961,594903.3750,27.3966,604948.6875,1999.9000,
	2026/03/30 15:45:15	,	264544	,	3562	,10.2779,1999.9000,0.2453,1.4469,594916.7500,27.3937,604908.8750,1999.9000,
	2026/03/30 15:45:15	,	265544	,	3563	,10.2777,1999.9000,0.2500,1.3225,595009.6875,27.3913,604768.6250,1999.9000,
	2026/03/30 15:45:15	,	266544	,	3564	,10.2773,1999.9000,0.2583,1.2189,595305.8125,27.3909,604522.2500,1999.9000,
	2026/03/30 15:45:15	,	267544	,	3565	,10.2770,1999.9000,0.2645,1.1325,595563.2500,27.3905,604522.2500,1999.9000,
	2026/03/30 15:45:15	,	268544	,	3566	,10.2766,1999.9000,0.2652,1.0605,595563.2500,27.3841,604522.2500,1999.9000,
	2026/03/30 15:45:15	,	269544	,	3567	,10.2762,1999.9000,0.2654,1.0006,595563.2500,27.3787,604522.2500,1999.9000,
	2026/03/30 15:45:15	,	270544	,	3568	,10.2758,1999.9000,0.2654,1.0006,595563.2500,27.3758,604522.2500,1999.9000,
	2026/03/30 15:45:15	,	271544	,	3569	,10.2752,1999.9000,0.2656,0.9090,595563.2500,27.3734,604529.3125,1999.9000,
	2026/03/30 15:45:15	,	272544	,	3570	,10.2747,1999.9000,0.2656,0.8742,595392.8125,27.3714,604755.4375,1999.9000,
	2026/03/30 15:45:15	,	273544	,	3571	,10.2747,1999.9000,0.2654,0.9448,595310.5625,27.3696,604862.8750,1999.9000,
	2026/03/30 15:45:15	,	274544	,	3572	,10.2735,1999.9000,0.2631,1.0036,595294.4375,27.3682,604902.4375,1999.9000,
	2026/03/30 15:45:15	,	275544	,	3573	,10.2729,1999.9000,0.2605,1.1521,595270.8750,27.3671,605028.9375,1999.9000,
	2026/03/30 15:45:15	,	276544	,	3574	,10.2723,1999.9000,0.2540,1.8726,594993.0000,27.3630,605265.8125,1999.9000,
	2026/03/30 15:45:15	,	277544	,	3575	,10.2682,1999.9000,0.2488,2.4731,594640.9375,27.3627,605296.5625,1999.9000,
	2026/03/30 15:45:15	,	278544	,	3576	,10.2678,1999.9000,0.2488,2.9735,594640.9375,27.3624,605306.8750,1999.9000,
	2026/03/30 15:45:15	,	279544	,	3577	,10.2675,1999.9000,0.2488,3.5894,594640.9375,27.3729,605312.0000,1999.9000,
	2026/03/30 15:45:15	,	280544	,	3578	,10.2672,1999.9000,0.2488,4.1027,594640.9375,27.3816,605315.0625,1999.9000,
	2026/03/30 15:45:15	,	281544	,	3579	,10.2668,1999.9000,0.2488,4.5305,594640.9375,27.3889,605317.1250,1999.9000,
	2026/03/30 15:45:15	,	282544	,	3580	,10.2664,1999.9000,0.2490,4.4890,594800.5625,27.3949,605114.1250,1999.9000,
	2026/03/30 15:45:15	,	283544	,	3581	,10.2660,1999.9000,0.2523,4.4545,594894.7500,27.3954,604999.3750,1999.9000,
	2026/03/30 15:45:15	,	284544	,	3582	,10.2655,1999.9000,0.2547,4.2268,594907.5625,27.3958,604909.4375,1999.9000,
	2026/03/30 15:45:15	,	285544	,	3583	,10.2650,1999.9000,0.2580,3.8380,594921.3125,27.3961,604814.6250,1999.9000,
	2026/03/30 15:45:15	,	286544	,	3584	,10.2644,1999.9000,0.2653,3.3151,595151.5000,27.3964,604628.5625,1999.9000,
	2026/03/30 15:45:15	,	287544	,	3585	,10.2603,1999.9000,0.2653,2.6805,595525.6250,27.3935,604532.5000,1999.9000,
	2026/03/30 15:45:15	,	288544	,	3586	,10.2603,1999.9000,0.2718,2.1516,595525.6250,27.3835,604532.5000,1999.9000,
	2026/03/30 15:45:15	,	289544	,	3587	,10.2602,1999.9000,0.2718,1.7108,595525.6250,27.3798,604532.5000,1999.9000,
	2026/03/30 15:45:15	,	290544	,	3588	,10.2599,1999.9000,0.2718,1.2440,595525.6250,27.3767,604532.5000,1999.9000,
	2026/03/30 15:45:15	,	291544	,	3589	,10.2595,1999.9000,0.2718,0.8551,595525.6250,27.3726,604532.5000,1999.9000,
	2026/03/30 15:45:15	,	292544	,	3590	,10.2592,1999.9000,0.2718,0.6304,595434.5000,27.3661,604740.8750,1999.9000,
	2026/03/30 15:45:15	,	293544	,	3591	,10.2588,1999.9000,0.2696,0.4432,595321.9375,27.3607,604861.6875,1999.9000,
	2026/03/30 15:45:15	,	294544	,	3592	,10.2584,1999.9000,0.2670,0.2871,595301.3750,27.3562,604902.1875,1999.9000,
	2026/03/30 15:45:15	,	295544	,	3593	,10.2579,1999.9000,0.2648,0.1571,595283.5625,27.3555,605011.4375,1999.9000,
	2026/03/30 15:45:15	,	296544	,	3594	,10.2574,1999.9000,0.2621,-0.3491,595106.1875,27.3549,605187.8750,1999.9000,
	2026/03/30 15:45:15	,	297544	,	3595	,10.2568,1999.9000,0.2555,-0.7710,594764.8125,27.3544,605450.5625,1999.9000,
	2026/03/30 15:45:15	,	298544	,	3596	,10.2562,1999.9000,0.2478,-1.1226,594749.8750,27.3524,605450.5625,1999.9000,
	2026/03/30 15:45:15	,	299544	,	3597	,10.2556,1999.9000,0.2455,-0.8187,594744.9375,27.3478,605450.5625,1999.9000,
	2026/03/30 15:45:15	,	300544	,	3598	,10.2550,1999.9000,0.2455,-0.5654,594742.4375,27.3439,605450.5625,1999.9000,
	2026/03/30 15:45:15	,	301544	,	3599	,10.2543,1999.9000,0.2455,-0.3544,594740.9375,27.3438,605450.5625,1999.9000,
	2026/03/30 15:45:15	,	302544	,	3600	,10.2537,1999.9000,0.2455,-0.0791,594739.9375,27.3436,605222.2500,1999.9000,
	2026/03/30 15:45:15	,	303544	,	3601	,10.2531,1999.9000,0.2455,0.1504,594868.5000,27.3435,605091.1875,1999.9000,
	2026/03/30 15:45:15	,	304544	,	3602	,10.2524,1999.9000,0.2489,0.3416,594892.3125,27.3433,604993.9375,1999.9000,
	2026/03/30 15:45:15	,	305544	,	3603	,10.2517,1999.9000,0.2517,0.3416,594908.5625,27.3463,604957.4375,1999.9000,
	2026/03/30 15:45:15	,	306544	,	3604	,10.2475,1999.9000,0.2540,0.6004,595072.8750,27.3488,604795.8750,1999.9000,
	2026/03/30 15:45:15	,	307544	,	3605	,10.2472,1999.9000,0.2595,0.8160,595408.8750,27.3508,604583.8125,1999.9000,
	2026/03/30 15:45:15	,	308544	,	3606	,10.2467,1999.9000,0.2666,0.9958,595489.3125,27.3525,604583.8125,1999.9000,
	2026/03/30 15:45:15	,	309544	,	3607	,10.2463,1999.9000,0.2712,1.3445,595489.3125,27.3524,604583.8125,1999.9000,
	2026/03/30 15:45:15	,	310544	,	3608	,10.2459,1999.9000,0.2712,1.6351,595489.3125,27.3523,604583.8125,1999.9000,
	2026/03/30 15:45:15	,	311544	,	3609	,10.2455,1999.9000,0.2712,1.8773,595489.3125,27.3523,604583.8125,1999.9000,
	2026/03/30 15:45:15	,	312544	,	3610	,10.2450,1999.9000,0.2712,2.0791,595489.3125,27.3522,604822.4375,1999.9000,
	2026/03/30 15:45:15	,	313544	,	3611	,10.2445,1999.9000,0.2712,2.2472,595332.0625,27.3521,604990.9375,1999.9000,
	2026/03/30 15:45:15	,	314544	,	3612	,10.2440,1999.9000,0.2691,2.3874,595298.3750,27.3521,605073.6875,1999.9000,
	2026/03/30 15:45:15	,	315544	,	3613	,10.2435,1999.9000,0.2680,2.5042,595277.8125,27.3506,605090.3125,1999.9000,
	2026/03/30 15:45:15	,	316544	,	3614	,10.2429,1999.9000,0.2653,2.5020,595165.8125,27.3477,605202.9375,1999.9000,
	2026/03/30 15:45:15	,	317544	,	3615	,10.2423,1999.9000,0.2612,2.5002,594892.8750,27.3469,605469.3125,1999.9000,
	2026/03/30 15:45:15	,	318544	,	3616	,10.2417,1999.9000,0.2541,2.2156,594657.5625,27.3493,605469.3125,1999.9000,
	2026/03/30 15:45:15	,	319544	,	3617	,10.2411,1999.9000,0.2518,2.2156,594657.5625,27.3527,605469.3125,1999.9000,
	2026/03/30 15:45:15	,	320544	,	3618	,10.2369,1999.9000,0.2518,2.1621,594657.5625,27.3557,605469.3125,1999.9000,
	2026/03/30 15:45:15	,	321544	,	3619	,10.2365,1999.9000,0.2518,2.1175,594657.5625,27.3581,605469.3125,1999.9000,
	2026/03/30 15:45:15	,	322544	,	3620	,10.2362,1999.9000,0.2518,2.0803,594657.5625,27.3601,605237.9375,1999.9000,
	2026/03/30 15:45:15	,	323544	,	3621	,10.2358,1999.9000,0.2518,2.0493,594828.0000,27.3618,605056.1875,1999.9000,
	2026/03/30 15:45:15	,	324544	,	3622	,10.2355,1999.9000,0.2549,1.8246,594865.1875,27.3632,604958.9375,1999.9000,
	2026/03/30 15:45:15	,	325544	,	3623	,10.2351,1999.9000,0.2572,1.6372,594885.3750,27.3644,604874.9375,1999.9000,
	2026/03/30 15:45:15	,	326544	,	3624	,10.2347,1999.9000,0.2582,1.5806,594997.7500,27.3654,604759.0000,1999.9000,
	2026/03/30 15:45:15	,	327544	,	3625	,10.2343,1999.9000,0.2629,1.5335,595264.6875,27.3632,604502.3125,1999.9000,
	2026/03/30 15:45:15	,	328544	,	3626	,10.2337,1999.9000,0.2700,1.5936,595567.3750,27.3613,604502.3125,1999.9000,
	2026/03/30 15:45:15	,	329544	,	3627	,10.2332,1999.9000,0.2754,1.6437,595567.3750,27.3597,604502.3125,1999.9000,
	2026/03/30 15:45:15	,	330544	,	3628	,10.2325,1999.9000,0.2754,1.5860,595567.3750,27.3584,604502.3125,1999.9000,
	2026/03/30 15:45:15	,	331544	,	3629	,10.2319,1999.9000,0.2754,1.5380,595567.3750,27.3573,604502.3125,1999.9000,
	2026/03/30 15:45:15	,	332544	,	3630	,10.2313,1999.9000,0.2754,1.1000,595567.3750,27.3626,604599.5625,1999.9000,
	2026/03/30 15:45:15	,	333544	,	3631	,10.2307,1999.9000,0.2754,1.1329,595376.1250,27.3684,604765.0625,1999.9000,
	2026/03/30 15:45:15	,	334544	,	3632	,10.2300,1999.9000,0.2732,1.1604,595290.3125,27.3684,604869.5000,1999.9000,
	2026/03/30 15:45:15	,	335544	,	3633	,10.2259,1999.9000,0.2722,1.1832,595274.8125,27.3733,604907.8750,1999.9000,
	2026/03/30 15:45:15	,	336544	,	3634	,10.2253,1999.9000,0.2698,1.4012,595254.1250,27.3774,605032.6250,1999.9000,
	2026/03/30 15:45:15	,	337544	,	3635	,10.2249,1999.9000,0.2670,1.4834,595009.1250,27.3808,605276.6250,1999.9000,
	2026/03/30 15:45:15	,	338544	,	3636	,10.2246,1999.9000,0.2601,1.2535,594657.5625,27.3836,605276.6250,1999.9000,
	2026/03/30 15:45:15	,	339544	,	3637	,10.2242,1999.9000,0.2541,1.0619,594657.5625,27.3859,605276.6250,1999.9000,
	2026/03/30 15:45:15	,	340544	,	3638	,10.2239,1999.9000,0.2539,0.9022,594657.5625,27.3879,605276.6250,1999.9000,
	2026/03/30 15:45:15	,	341544	,	3639	,10.2234,1999.9000,0.2538,0.8686,594657.5625,27.3895,605276.6250,1999.9000,
	2026/03/30 15:45:15	,	342544	,	3640	,10.2229,1999.9000,0.2537,0.8407,594657.5625,27.3909,605274.5000,1999.9000,
	2026/03/30 15:45:15	,	343544	,	3641	,10.2223,1999.9000,0.2537,0.8173,594778.5000,27.3875,605048.3125,1999.9000,
	2026/03/30 15:45:15	,	344544	,	3642	,10.2217,1999.9000,0.2537,0.7979,594876.2500,27.3922,604929.3125,1999.9000,
	2026/03/30 15:45:15	,	345544	,	3643	,10.2211,1999.9000,0.2560,0.6822,594892.8750,27.3962,604835.6875,1999.9000,
	2026/03/30 15:45:15	,	346544	,	3644	,10.2205,1999.9000,0.2571,0.5858,594909.8125,27.3995,604797.3125,1999.9000,
	2026/03/30 15:45:15	,	347544	,	3645	,10.2199,1999.9000,0.2609,0.2071,595131.8125,27.4023,604561.5000,1999.9000,
	2026/03/30 15:45:15	,	348544	,	3646	,10.2193,1999.9000,0.2674,-0.1085,595504.8125,27.3985,604536.1250,1999.9000,
	2026/03/30 15:45:15	,	349544	,	3647	,10.2187,1999.9000,0.2735,0.0263,595504.8125,27.3938,604527.6875,1999.9000,
	2026/03/30 15:45:15	,	350544	,	3648	,10.2181,1999.9000,0.2737,0.1387,595504.8125,27.3883,604523.5000,1999.9000,
	2026/03/30 15:45:15	,	351544	,	3649	,10.2175,1999.9000,0.2738,-0.0660,595504.8125,27.3838,604520.9375,1999.9000,
	2026/03/30 15:45:15	,	352544	,	3650	,10.2132,1999.9000,0.2738,-0.3361,595504.8125,27.3785,604519.2500,1999.9000,
	2026/03/30 15:45:15	,	353544	,	3651	,10.2127,1999.9000,0.2738,-0.4617,595495.0000,27.3726,604699.1875,1999.9000,
	2026/03/30 15:45:15	,	354544	,	3652	,10.2124,1999.9000,0.2738,-0.3675,595328.4375,27.3646,604809.1250,1999.9000,
	2026/03/30 15:45:15	,	355544	,	3653	,10.2121,1999.9000,0.2712,-0.2889,595300.1250,27.3579,604898.5000,1999.9000,
	2026/03/30 15:45:15	,	356544	,	3654	,10.2116,1999.9000,0.2690,0.2739,595280.8125,27.3523,604939.0625,1999.9000,
	2026/03/30 15:45:15	,	357544	,	3655	,10.2113,1999.9000,0.2666,0.7430,595125.3125,27.3462,605169.1250,1999.9000,
	2026/03/30 15:45:15	,	358544	,	3656	,10.2108,1999.9000,0.2601,1.2333,594800.0000,27.3410,605320.6875,1999.9000,
	2026/03/30 15:45:15	,	359544	,	3657	,10.2104,1999.9000,0.2530,1.5424,594762.4375,27.3383,605320.6875,1999.9000,
	2026/03/30 15:45:15	,	360544	,	3658	,10.2099,1999.9000,0.2523,1.8000,594749.9375,27.3360,605320.6875,1999.9000,
	2026/03/30 15:45:15	,	361544	,	3659	,10.2094,1999.9000,0.2521,2.0147,594743.6875,27.3340,605320.6875,1999.9000,
	2026/03/30 15:45:15	,	362544	,	3660	,10.2087,1999.9000,0.2520,2.1936,594739.8750,27.3370,605320.6875,1999.9000,
	2026/03/30 15:45:15	,	363544	,	3661	,10.2047,1999.9000,0.2520,1.9448,594737.3750,27.3410,605320.6875,1999.9000,
	2026/03/30 15:45:15	,	364544	,	3662	,10.2043,1999.9000,0.2519,1.3395,594851.2500,27.3459,604966.8125,1999.9000,
	2026/03/30 15:45:15	,	365544	,	3663	,10.2040,1999.9000,0.2551,0.7357,594869.6875,27.3500,604966.8125,1999.9000,
	2026/03/30 15:45:15	,	366544	,	3664	,10.2037,1999.9000,0.2583,0.2325,594883.0000,27.3549,604868.3750,1999.9000,
	2026/03/30 15:45:15	,	367544	,	3665	,10.2033,1999.9000,0.2616,-0.1868,595018.0000,27.3574,604786.7500,1999.9000,
	2026/03/30 15:45:15	,	368544	,	3666	,10.2030,1999.9000,0.2684,-0.5363,595355.2500,27.3581,604626.1250,1999.9000,
	2026/03/30 15:45:15	,	369544	,	3667	,10.2026,1999.9000,0.2761,-0.8275,595541.1250,27.3586,604406.8750,1999.9000,
	2026/03/30 15:45:15	,	370544	,	3668	,10.2022,1999.9000,0.2764,-1.0701,595541.1250,27.3590,604406.8750,1999.9000,
	2026/03/30 15:45:15	,	371544	,	3669	,10.2017,1999.9000,0.2765,-1.2724,595541.1250,27.3609,604406.8750,1999.9000,
	2026/03/30 15:45:15	,	372544	,	3670	,10.2011,1999.9000,0.2765,-1.4409,595541.1250,27.3624,604406.8750,1999.9000,
	2026/03/30 15:45:15	,	373544	,	3671	,10.2006,1999.9000,0.2765,-1.4819,595541.1250,27.3638,604406.8750,1999.9000,
	2026/03/30 15:45:15	,	374544	,	3672	,10.2000,1999.9000,0.2766,-1.1181,595370.7500,27.3694,604629.7500,1999.9000,
	2026/03/30 15:45:15	,	375544	,	3673	,10.1994,1999.9000,0.2733,-0.8150,595336.8125,27.3757,604765.0625,1999.9000,
	2026/03/30 15:45:15	,	376544	,	3674	,10.1988,1999.9000,0.2704,-0.5623,595319.3125,27.3839,604853.8125,1999.9000,
	2026/03/30 15:45:15	,	377544	,	3675	,10.1943,1999.9000,0.2678,-0.3518,595220.0625,27.3908,604886.6875,1999.9000,
	2026/03/30 15:45:15	,	378544	,	3676	,10.1940,1999.9000,0.2623,-0.1764,594950.1250,27.3966,605056.8125,1999.9000,
	2026/03/30 15:45:15	,	379544	,	3677	,10.1938,1999.9000,0.2543,0.0693,594661.7500,27.4013,605362.3750,1999.9000,
	2026/03/30 15:45:15	,	380544	,	3678	,10.1935,1999.9000,0.2503,0.2740,594661.7500,27.4038,605362.3750,1999.9000,
	2026/03/30 15:45:15	,	381544	,	3679	,10.1931,1999.9000,0.2503,0.6435,594661.7500,27.4043,605362.3750,1999.9000,
	2026/03/30 15:45:15	,	382544	,	3680	,10.1928,1999.9000,0.2503,1.0509,594661.7500,27.4032,605362.3750,1999.9000,
	2026/03/30 15:45:15	,	383544	,	3681	,10.1924,1999.9000,0.2503,1.3905,594661.7500,27.4008,605362.3750,1999.9000,
	2026/03/30 15:45:15	,	384544	,	3682	,10.1920,1999.9000,0.2503,1.7729,594836.3125,27.3957,605151.6250,1999.9000,
	2026/03/30 15:45:15	,	385544	,	3683	,10.1914,1999.9000,0.2533,2.0916,594920.3750,27.3899,604989.7500,1999.9000,
	2026/03/30 15:45:15	,	386544	,	3684	,10.1908,1999.9000,0.2557,2.1582,594931.6875,27.3836,604894.3125,1999.9000,
	2026/03/30 15:45:15	,	387544	,	3685	,10.1902,1999.9000,0.2567,2.1142,594948.3750,27.3722,604855.6875,1999.9000,
	2026/03/30 15:45:15	,	388544	,	3686	,10.1896,1999.9000,0.2614,2.0776,595232.5625,27.3673,604695.6250,1999.9000,
	2026/03/30 15:45:15	,	389544	,	3687	,10.1890,1999.9000,0.2682,2.0471,595607.2500,27.3586,604433.5000,1999.9000,
	2026/03/30 15:45:15	,	390544	,	3688	,10.1847,1999.9000,0.2728,2.0216,595607.2500,27.3514,604433.5000,1999.9000,
	2026/03/30 15:45:15	,	391544	,	3689	,10.1842,1999.9000,0.2728,1.6025,595607.2500,27.3454,604433.5000,1999.9000,
	2026/03/30 15:45:15	,	392544	,	3690	,10.1838,1999.9000,0.2728,0.8554,595607.2500,27.3404,604433.5000,1999.9000,
	2026/03/30 15:45:15	,	393544	,	3691	,10.1836,1999.9000,0.2728,0.2328,595607.2500,27.3347,604433.5000,1999.9000,
	2026/03/30 15:45:15	,	394544	,	3692	,10.1832,1999.9000,0.2728,0.1118,595437.5000,27.3284,604575.3750,1999.9000,
	2026/03/30 15:45:15	,	395544	,	3693	,10.1829,1999.9000,0.2728,0.2100,595339.8125,27.3308,604745.1250,1999.9000,
	2026/03/30 15:45:15	,	396544	,	3694	,10.1825,1999.9000,0.2705,0.3912,595323.3750,27.3359,604835.6875,1999.9000,
	2026/03/30 15:45:15	,	397544	,	3695	,10.1821,1999.9000,0.2697,0.4428,595306.4375,27.3401,604875.2500,1999.9000,
	2026/03/30 15:45:15	,	398544	,	3696	,10.1817,1999.9000,0.2655,0.4858,595090.1250,27.3482,605019.9375,1999.9000,
	2026/03/30 15:45:15	,	399544	,	3697	,10.1813,1999.9000,0.2583,0.5216,594727.3125,27.3549,605284.4375,1999.9000,
	2026/03/30 15:45:15	,	400544	,	3698	,10.1807,1999.9000,0.2522,0.6509,594727.3125,27.3605,605284.4375,1999.9000,
	2026/03/30 15:45:15	,	401544	,	3699	,10.1801,1999.9000,0.2522,0.8582,594727.3125,27.3667,605284.4375,1999.9000,
	2026/03/30 15:45:15	,	402544	,	3700	,10.1795,1999.9000,0.2522,1.0309,594727.3125,27.3734,605284.4375,1999.9000,
	2026/03/30 15:45:15	,	403544	,	3701	,10.1788,1999.9000,0.2522,1.1748,594727.3125,27.3805,605284.4375,1999.9000,
	2026/03/30 15:45:15	,	404544	,	3702	,10.1781,1999.9000,0.2522,1.3942,594736.1250,27.3849,605273.0625,1999.9000,
	2026/03/30 15:45:15	,	405544	,	3703	,10.1741,1999.9000,0.2524,1.5771,594884.6250,27.3870,605018.1250,1999.9000,
	2026/03/30 15:45:15	,	406544	,	3704	,10.1736,1999.9000,0.2562,1.7294,594884.6250,27.3888,604906.3750,1999.9000,
	2026/03/30 15:45:15	,	407544	,	3705	,10.1731,1999.9000,0.2584,1.8564,594901.5625,27.3934,604867.4375,1999.9000,
	2026/03/30 15:45:15	,	408544	,	3706	,10.1726,1999.9000,0.2616,1.9622,594916.3750,27.3971,604750.5000,1999.9000,
	2026/03/30 15:45:15	,	409544	,	3707	,10.1721,1999.9000,0.2687,1.9509,595097.2500,27.4003,604527.0625,1999.9000,
	2026/03/30 15:45:15	,	410544	,	3708	,10.1718,1999.9000,0.2750,1.9415,595451.1875,27.3984,604510.4375,1999.9000,
	2026/03/30 15:45:15	,	411544	,	3709	,10.1713,1999.9000,0.2759,1.9336,595460.1875,27.3937,604504.9375,1999.9000,
	2026/03/30 15:45:15	,	412544	,	3710	,10.1710,1999.9000,0.2762,1.8276,595463.1875,27.3898,604502.1250,1999.9000,
	2026/03/30 15:45:15	,	413544	,	3711	,10.1705,1999.9000,0.2764,1.5403,595464.6875,27.3881,604500.5000,1999.9000,
	2026/03/30 15:45:15	,	414544	,	3712	,10.1700,1999.9000,0.2765,1.4999,595465.5625,27.3881,604499.4375,1999.9000,
	2026/03/30 15:45:15	,	415544	,	3713	,10.1694,1999.9000,0.2766,1.4662,595466.0625,27.3867,604693.1875,1999.9000,
	2026/03/30 15:45:15	,	416544	,	3714	,10.1688,1999.9000,0.2744,1.5375,595334.4375,27.3855,604806.7500,1999.9000,
	2026/03/30 15:45:15	,	417544	,	3715	,10.1682,1999.9000,0.2721,1.5970,595315.0625,27.3845,604890.0625,1999.9000,
	2026/03/30 15:45:15	,	418544	,	3716	,10.1675,1999.9000,0.2692,1.9450,595299.3125,27.3837,604972.8125,1999.9000,
	2026/03/30 15:45:15	,	419544	,	3717	,10.1669,1999.9000,0.2625,2.0360,595157.4375,27.3830,605188.5000,1999.9000,
	2026/03/30 15:45:15	,	420544	,	3718	,10.1662,1999.9000,0.2557,2.1119,594838.6875,27.3824,605281.4375,1999.9000,
	2026/03/30 15:45:15	,	421544	,	3719	,10.1618,1999.9000,0.2557,2.1751,594701.6875,27.3819,605281.4375,1999.9000,
	2026/03/30 15:45:15	,	422544	,	3720	,10.1616,1999.9000,0.2557,2.3273,594701.6875,27.3815,605281.4375,1999.9000,
	2026/03/30 15:45:15	,	423544	,	3721	,10.1613,1999.9000,0.2557,2.4541,594701.6875,27.3811,605281.4375,1999.9000,
	2026/03/30 15:45:15	,	424544	,	3722	,10.1610,1999.9000,0.2557,2.4603,594701.6875,27.3808,605281.4375,1999.9000,
	2026/03/30 15:45:15	,	425544	,	3723	,10.1607,1999.9000,0.2557,2.0676,594701.6875,27.3806,605067.0625,1999.9000,
	2026/03/30 15:45:15	,	426544	,	3724	,10.1604,1999.9000,0.2594,1.4419,594843.5000,27.3804,604933.5625,1999.9000,
	2026/03/30 15:45:15	,	427544	,	3725	,10.1600,1999.9000,0.2622,0.7215,594869.9375,27.3803,604835.1250,1999.9000,
	2026/03/30 15:45:15	,	428544	,	3726	,10.1594,1999.9000,0.2647,0.1212,594887.1875,27.3847,604798.2500,1999.9000,
	2026/03/30 15:45:15	,	429544	,	3727	,10.1588,1999.9000,0.2702,-0.3791,595009.6875,27.3884,604594.1250,1999.9000,
	2026/03/30 15:45:15	,	430544	,	3728	,10.1582,1999.9000,0.2765,-0.7960,595335.5625,27.3915,604438.8750,1999.9000,
	2026/03/30 15:45:15	,	431544	,	3729	,10.1576,1999.9000,0.2770,-1.1434,595559.0000,27.3940,604438.8750,1999.9000,
	2026/03/30 15:45:15	,	432544	,	3730	,10.1570,1999.9000,0.2772,-1.4329,595559.0000,27.3962,604438.8750,1999.9000,
	2026/03/30 15:45:15	,	433544	,	3731	,10.1564,1999.9000,0.2773,-1.3757,595559.0000,27.3980,604438.8750,1999.9000,
	2026/03/30 15:45:15	,	434544	,	3732	,10.1558,1999.9000,0.2774,-1.0296,595559.0000,27.3995,604438.8750,1999.9000,
	2026/03/30 15:45:15	,	435544	,	3733	,10.1552,1999.9000,0.2774,-0.7412,595559.0000,27.4007,604648.5000,1999.9000,
	2026/03/30 15:45:15	,	436544	,	3734	,10.1509,1999.9000,0.2747,-0.5009,595385.0625,27.4017,604769.2500,1999.9000,
	2026/03/30 15:45:15	,	437544	,	3735	,10.1506,1999.9000,0.2724,-0.3006,595299.8125,27.3995,604808.8125,1999.9000,
	2026/03/30 15:45:15	,	438544	,	3736	,10.1503,1999.9000,0.2714,-0.0343,595285.2500,27.3931,604920.8750,1999.9000,
	2026/03/30 15:45:15	,	439544	,	3737	,10.1500,1999.9000,0.2653,0.2872,595264.1250,27.3878,605086.3750,1999.9000,
	2026/03/30 15:45:15	,	440544	,	3738	,10.1496,1999.9000,0.2579,0.5550,594983.5000,27.3819,605354.5625,1999.9000,
	2026/03/30 15:45:15	,	441544	,	3739	,10.1492,1999.9000,0.2533,0.7783,594637.3125,27.3769,605354.5625,1999.9000,
	2026/03/30 15:45:15	,	442544	,	3740	,10.1488,1999.9000,0.2533,0.9643,594637.3125,27.3727,605354.5625,1999.9000,
	2026/03/30 15:45:15	,	443544	,	3741	,10.1483,1999.9000,0.2533,1.1193,594637.3125,27.3693,605354.5625,1999.9000,
	2026/03/30 15:45:15	,	444544	,	3742	,10.1477,1999.9000,0.2533,1.2485,594637.3125,27.3648,605354.5625,1999.9000,
	2026/03/30 15:45:15	,	445544	,	3743	,10.1471,1999.9000,0.2533,1.3562,594637.3125,27.3611,605123.2500,1999.9000,
	2026/03/30 15:45:15	,	446544	,	3744	,10.1465,1999.9000,0.2565,1.4459,594826.7500,27.3581,604971.0000,1999.9000,
	2026/03/30 15:45:15	,	447544	,	3745	,10.1459,1999.9000,0.2590,1.5206,594908.3750,27.3571,604865.9375,1999.9000,
	2026/03/30 15:45:15	,	448544	,	3746	,10.1419,1999.9000,0.2598,1.5829,594923.2500,27.3593,604825.5000,1999.9000,
	2026/03/30 15:45:15	,	449544	,	3747	,10.1417,1999.9000,0.2646,1.5354,594942.3750,27.3626,604672.6250,1999.9000,
	2026/03/30 15:45:15	,	450544	,	3748	,10.1413,1999.9000,0.2716,1.3963,595196.1875,27.3654,604393.5625,1999.9000,
	2026/03/30 15:45:15	,	451544	,	3749	,10.1410,1999.9000,0.2752,1.2803,595563.7500,27.3678,604393.5625,1999.9000,
	2026/03/30 15:45:15	,	452544	,	3750	,10.1408,1999.9000,0.2752,1.1837,595563.7500,27.3697,604393.5625,1999.9000,
	2026/03/30 15:45:15	,	453544	,	3751	,10.1405,1999.9000,0.2752,1.1032,595563.7500,27.3714,604393.5625,1999.9000,
	2026/03/30 15:45:15	,	454544	,	3752	,10.1401,1999.9000,0.2752,1.0361,595563.7500,27.3727,604393.5625,1999.9000,
	2026/03/30 15:45:15	,	455544	,	3753	,10.1396,1999.9000,0.2752,0.9802,595563.7500,27.3738,604583.8125,1999.9000,
	2026/03/30 15:45:15	,	456544	,	3754	,10.1390,1999.9000,0.2715,0.9337,595438.6875,27.3747,604745.1250,1999.9000,
	2026/03/30 15:45:15	,	457544	,	3755	,10.1385,1999.9000,0.2683,0.8948,595330.2500,27.3755,604835.6875,1999.9000,
	2026/03/30 15:45:15	,	458544	,	3756	,10.1379,1999.9000,0.2657,0.7630,595312.9375,27.3762,604871.3750,1999.9000,
	2026/03/30 15:45:15	,	459544	,	3757	,10.1372,1999.9000,0.2618,0.7526,595296.5000,27.3762,605013.8750,1999.9000,
	2026/03/30 15:45:15	,	460544	,	3758	,10.1366,1999.9000,0.2546,0.7440,595110.3750,27.3767,605301.4375,1999.9000,
	2026/03/30 15:45:15	,	461544	,	3759	,10.1326,1999.9000,0.2487,0.7368,594767.8125,27.3646,605301.4375,1999.9000,
	2026/03/30 15:45:15	,	462544	,	3760	,10.1323,1999.9000,0.2486,0.8302,594767.8125,27.3646,605301.4375,1999.9000,
	2026/03/30 15:45:15	,	463544	,	3761	,10.1321,1999.9000,0.2486,0.9081,594767.8125,27.3579,605301.4375,1999.9000,
	2026/03/30 15:45:15	,	464544	,	3762	,10.1319,1999.9000,0.2486,0.7741,594767.8125,27.3554,605301.4375,1999.9000,
	2026/03/30 15:45:15	,	465544	,	3763	,10.1316,1999.9000,0.2486,0.6624,594767.8125,27.3532,605188.5000,1999.9000,
	2026/03/30 15:45:15	,	466544	,	3764	,10.1313,1999.9000,0.2486,0.5693,594769.5625,27.3439,605012.6875,1999.9000,
	2026/03/30 15:45:15	,	467544	,	3765	,10.1313,1999.9000,0.2486,0.4917,594897.1250,27.3361,604907.6250,1999.9000,
	2026/03/30 15:45:15	,	468544	,	3766	,10.1305,1999.9000,0.2511,0.2281,594914.0625,27.3296,604868.0625,1999.9000,
	2026/03/30 15:45:15	,	469544	,	3767	,10.1300,1999.9000,0.2519,0.0085,594924.0625,27.3242,604734.8750,1999.9000,
	2026/03/30 15:45:15	,	470544	,	3768	,10.1295,1999.9000,0.2552,-0.5725,595077.0000,27.3211,604499.9375,1999.9000,
	2026/03/30 15:45:15	,	471544	,	3769	,10.1289,1999.9000,0.2614,-1.0566,595437.5000,27.3247,604499.9375,1999.9000,
	2026/03/30 15:45:15	,	472544	,	3770	,10.1283,1999.9000,0.2665,-1.7584,595469.3125,27.3339,604499.9375,1999.9000,
	2026/03/30 15:45:15	,	473544	,	3771	,10.1283,1999.9000,0.2665,-2.3433,595479.9375,27.3415,604499.9375,1999.9000,
	2026/03/30 15:45:15	,	474544	,	3772	,10.1237,1999.9000,0.2665,-2.5323,595485.2500,27.3478,604499.9375,1999.9000,
	2026/03/30 15:45:15	,	475544	,	3773	,10.1237,1999.9000,0.2665,-2.6898,595488.4375,27.3531,604503.4375,1999.9000,
	2026/03/30 15:45:15	,	476544	,	3774	,10.1233,1999.9000,0.2665,-2.4231,595490.5625,27.3575,604699.1875,1999.9000,
	2026/03/30 15:45:15	,	477544	,	3775	,10.1229,1999.9000,0.2664,-2.2009,595363.5625,27.3565,604817.0000,1999.9000,
	2026/03/30 15:45:15	,	478544	,	3776	,10.1226,1999.9000,0.2626,-2.0157,595339.5000,27.3558,604857.1250,1999.9000,
	2026/03/30 15:45:15	,	479544	,	3777	,10.1222,1999.9000,0.2601,-1.6625,595323.6875,27.3536,604975.2500,1999.9000,
	2026/03/30 15:45:15	,	480544	,	3778	,10.1219,1999.9000,0.2570,-1.1691,595203.3125,27.3503,605209.5625,1999.9000,
	2026/03/30 15:45:15	,	481544	,	3779	,10.1215,1999.9000,0.2500,-0.7580,594899.5000,27.3475,605237.0000,1999.9000,
	2026/03/30 15:45:15	,	482544	,	3780	,10.1211,1999.9000,0.2430,-0.4154,594709.4375,27.3452,605246.2500,1999.9000,
	2026/03/30 15:45:15	,	483544	,	3781	,10.1207,1999.9000,0.2420,-0.0304,594709.4375,27.3433,605250.8125,1999.9000,
	2026/03/30 15:45:15	,	484544	,	3782	,10.1203,1999.9000,0.2417,0.2904,594709.4375,27.3417,605253.6250,1999.9000,
	2026/03/30 15:45:15	,	485544	,	3783	,10.1198,1999.9000,0.2415,0.5577,594709.4375,27.3403,605255.3750,1999.9000,
	2026/03/30 15:45:15	,	486544	,	3784	,10.1192,1999.9000,0.2414,0.9794,594709.4375,27.3392,605046.5625,1999.9000,
	2026/03/30 15:45:15	,	487544	,	3785	,10.1186,1999.9000,0.2414,1.3309,594853.6250,27.3383,604919.0625,1999.9000,
	2026/03/30 15:45:15	,	488544	,	3786	,10.1180,1999.9000,0.2436,1.4248,594882.5000,27.3436,604827.8125,1999.9000,
	2026/03/30 15:45:15	,	489544	,	3787	,10.1173,1999.9000,0.2445,1.5031,594898.5000,27.3496,604788.6250,1999.9000,
	2026/03/30 15:45:15	,	490544	,	3788	,10.1132,1999.9000,0.2471,1.5683,595003.7500,27.3545,604563.9375,1999.9000,
	2026/03/30 15:45:15	,	491544	,	3789	,10.1127,1999.9000,0.2523,1.6226,595299.8125,27.3587,604443.7500,1999.9000,
	2026/03/30 15:45:15	,	492544	,	3790	,10.1123,1999.9000,0.2584,1.6679,595577.5000,27.3622,604443.7500,1999.9000,
	2026/03/30 15:45:15	,	493544	,	3791	,10.1120,1999.9000,0.2584,1.5067,595577.5000,27.3650,604443.7500,1999.9000,
	2026/03/30 15:45:15	,	494544	,	3792	,10.1116,1999.9000,0.2584,1.3724,595577.5000,27.3659,604443.7500,1999.9000,
	2026/03/30 15:45:15	,	495544	,	3793	,10.1113,1999.9000,0.2584,1.1610,595577.5000,27.3666,604443.7500,1999.9000,
	2026/03/30 15:45:15	,	496544	,	3794	,10.1110,1999.9000,0.2584,0.9848,595577.5000,27.3687,604650.8750,1999.9000,
	2026/03/30 15:45:15	,	497544	,	3795	,10.1106,1999.9000,0.2583,0.9374,595396.3750,27.3598,604777.7500,1999.9000,
	2026/03/30 15:45:15	,	498544	,	3796	,10.1102,1999.9000,0.2544,0.8980,595304.0625,27.3524,604871.9375,1999.9000,
	2026/03/30 15:45:15	,	499544	,	3797	,10.1097,1999.9000,0.2516,0.5667,595289.4375,27.3462,604909.9375,1999.9000,
	2026/03/30 15:45:15	,	500544	,	3798	,10.1092,1999.9000,0.2492,0.5890,595275.0000,27.3411,605120.8125,1999.9000,
	2026/03/30 15:45:15	,	501544	,	3799	,10.1087,1999.9000,0.2438,0.7071,595035.3125,27.3398,605349.1250,1999.9000,
	2026/03/30 15:45:15	,	502544	,	3800	,10.1081,1999.9000,0.2364,0.8055,594679.0000,27.3434,605349.1250,1999.9000,
	2026/03/30 15:45:15	,	503544	,	3801	,10.1075,1999.9000,0.2313,0.8875,594679.0000,27.3463,605349.1250,1999.9000,
	2026/03/30 15:45:15	,	504544	,	3802	,10.1069,1999.9000,0.2313,1.1548,594679.0000,27.3488,605349.1250,1999.9000,
	2026/03/30 15:45:15	,	505544	,	3803	,10.1028,1999.9000,0.2313,1.3776,594679.0000,27.3508,605349.1250,1999.9000,
	2026/03/30 15:45:15	,	506544	,	3804	,10.1025,1999.9000,0.2313,1.5632,594679.0000,27.3525,605118.9375,1999.9000,
	2026/03/30 15:45:15	,	507544	,	3805	,10.1021,1999.9000,0.2313,1.7179,594799.3750,27.3539,604977.6250,1999.9000,
	2026/03/30 15:45:15	,	508544	,	3806	,10.1017,1999.9000,0.2316,1.8468,594907.2500,27.3521,604881.0000,1999.9000,
	2026/03/30 15:45:15	,	509544	,	3807	,10.1014,1999.9000,0.2352,1.7552,594923.6250,27.3505,604799.4375,1999.9000,
	2026/03/30 15:45:15	,	510544	,	3808	,10.1011,1999.9000,0.2362,1.6789,594937.8750,27.3492,604655.0625,1999.9000,
	2026/03/30 15:45:15	,	511544	,	3809	,10.1008,1999.9000,0.2413,1.6154,595164.5625,27.3481,604373.6875,1999.9000,
	2026/03/30 15:45:15	,	512544	,	3810	,10.1003,1999.9000,0.2483,2.1593,595544.7500,27.3503,604373.6875,1999.9000,
	2026/03/30 15:45:15	,	513544	,	3811	,10.0999,1999.9000,0.2507,2.0156,595544.7500,27.3521,604373.6875,1999.9000,
	2026/03/30 15:45:15	,	514544	,	3812	,10.0995,1999.9000,0.2507,1.8960,595544.7500,27.3536,604373.6875,1999.9000,
	2026/03/30 15:45:15	,	515544	,	3813	,10.0990,1999.9000,0.2507,1.7962,595544.7500,27.3549,604373.6875,1999.9000,
	2026/03/30 15:45:15	,	516544	,	3814	,10.0984,1999.9000,0.2507,1.7131,595544.7500,27.3590,604594.1250,1999.9000,
	2026/03/30 15:45:15	,	517544	,	3815	,10.0978,1999.9000,0.2507,1.6439,595533.8125,27.3624,604744.5000,1999.9000,
	2026/03/30 15:45:15	,	518544	,	3816	,10.0972,1999.9000,0.2469,1.7851,595348.1250,27.3652,604841.7500,1999.9000,
	2026/03/30 15:45:15	,	519544	,	3817	,10.0966,1999.9000,0.2434,2.0023,595325.1250,27.3675,604841.7500,1999.9000,
	2026/03/30 15:45:15	,	520544	,	3818	,10.0960,1999.9000,0.2403,2.1832,595304.6250,27.3665,605027.8125,1999.9000,
	2026/03/30 15:45:15	,	521544	,	3819	,10.0954,1999.9000,0.2356,2.3340,595122.8750,27.3656,605328.5625,1999.9000,
	2026/03/30 15:45:15	,	522544	,	3820	,10.0947,1999.9000,0.2276,2.5592,594787.4375,27.3648,605328.5625,1999.9000,
	2026/03/30 15:45:15	,	523544	,	3821	,10.0907,1999.9000,0.2214,2.6473,594769.5625,27.3627,605328.5625,1999.9000,
	2026/03/30 15:45:15	,	524544	,	3822	,10.0904,1999.9000,0.2211,2.7208,594763.6250,27.3578,605328.5625,1999.9000,
	2026/03/30 15:45:15	,	525544	,	3823	,10.0901,1999.9000,0.2210,2.7208,594760.6250,27.3538,605328.5625,1999.9000,
	2026/03/30 15:45:15	,	526544	,	3824	,10.0898,1999.9000,0.2209,2.7820,594758.8750,27.3505,605328.5625,1999.9000,
	2026/03/30 15:45:15	,	527544	,	3825	,10.0895,1999.9000,0.2209,2.8330,594757.6250,27.3523,605165.4375,1999.9000,
	2026/03/30 15:45:15	,	528544	,	3826	,10.0892,1999.9000,0.2209,2.8755,594889.3750,27.3537,604990.3125,1999.9000,
	2026/03/30 15:45:15	,	529544	,	3827	,10.0888,1999.9000,0.2232,2.7120,594913.5000,27.3519,604882.8125,1999.9000,
	2026/03/30 15:45:15	,	530544	,	3828	,10.0884,1999.9000,0.2240,2.2773,594924.1250,27.3535,604798.8750,1999.9000,
	2026/03/30 15:45:15	,	531544	,	3829	,10.0880,1999.9000,0.2276,1.8156,595050.8125,27.3547,604696.7500,1999.9000,
	2026/03/30 15:45:15	,	532544	,	3830	,10.0876,1999.9000,0.2341,1.4309,595399.9375,27.3558,604454.5625,1999.9000,
	2026/03/30 15:45:15	,	533544	,	3831	,10.0870,1999.9000,0.2392,1.1102,595525.0625,27.3582,604454.5625,1999.9000,
	2026/03/30 15:45:15	,	534544	,	3832	,10.0864,1999.9000,0.2392,0.8430,595525.0625,27.3602,604454.5625,1999.9000,
	2026/03/30 15:45:15	,	535544	,	3833	,10.0858,1999.9000,0.2392,0.6204,595525.0625,27.3604,604454.5625,1999.9000,
	2026/03/30 15:45:15	,	536544	,	3834	,10.0853,1999.9000,0.2392,0.4348,595525.0625,27.3605,604454.5625,1999.9000,
	2026/03/30 15:45:15	,	537544	,	3835	,10.0848,1999.9000,0.2392,0.1807,595525.0625,27.3591,604467.8125,1999.9000,
	2026/03/30 15:45:15	,	538544	,	3836	,10.0842,1999.9000,0.2357,-0.0311,595365.3750,27.3579,604701.6250,1999.9000,
	2026/03/30 15:45:15	,	539544	,	3837	,10.0836,1999.9000,0.2325,-0.1080,595334.1250,27.3569,604798.8750,1999.9000,
	2026/03/30 15:45:15	,	540544	,	3838	,10.0830,1999.9000,0.2298,0.2257,595318.5625,27.3561,604894.8750,1999.9000,
	2026/03/30 15:45:15	,	541544	,	3839	,10.0824,1999.9000,0.2263,1.0012,595202.6875,27.3554,604985.5000,1999.9000,
	2026/03/30 15:45:15	,	542544	,	3840	,10.0819,1999.9000,0.2185,1.3490,594928.6250,27.3548,605237.3750,1999.9000,
	2026/03/30 15:45:15	,	543544	,	3841	,10.0813,1999.9000,0.2108,1.6389,594687.9375,27.3589,605238.6250,1999.9000,
	2026/03/30 15:45:15	,	544544	,	3842	,10.0808,1999.9000,0.2051,1.9799,594687.9375,27.3653,605239.0625,1999.9000,
	2026/03/30 15:45:15	,	545544	,	3843	,10.0802,1999.9000,0.2051,2.2641,594687.9375,27.3708,605239.2500,1999.9000,
	2026/03/30 15:45:15	,	546544	,	3844	,10.0797,1999.9000,0.2051,2.5009,594687.9375,27.3768,605239.3750,1999.9000,
	2026/03/30 15:45:15	,	547544	,	3845	,10.0791,1999.9000,0.2051,2.5987,594687.9375,27.3833,605239.4375,1999.9000,
	2026/03/30 15:45:15	,	548544	,	3846	,10.0785,1999.9000,0.2051,2.6803,594857.7500,27.3873,605041.0625,1999.9000,
	2026/03/30 15:45:15	,	549544	,	3847	,10.0780,1999.9000,0.2051,2.0519,594892.6250,27.3905,604923.8750,1999.9000,
	2026/03/30 15:45:15	,	550544	,	3848	,10.0774,1999.9000,0.2054,1.5283,594912.8125,27.3932,604834.5000,1999.9000,
	2026/03/30 15:45:15	,	551544	,	3849	,10.0731,1999.9000,0.2089,0.9925,595011.5000,27.3940,604745.1250,1999.9000,
	2026/03/30 15:45:15	,	552544	,	3850	,10.0728,1999.9000,0.2144,0.5460,595269.4375,27.3931,604539.1250,1999.9000,
	2026/03/30 15:45:15	,	553544	,	3851	,10.0726,1999.9000,0.2200,0.1739,595605.5000,27.3893,604508.6250,1999.9000,
	2026/03/30 15:45:15	,	554544	,	3852	,10.0722,1999.9000,0.2200,-0.1362,595605.5000,27.3846,604498.5000,1999.9000,
	2026/03/30 15:45:15	,	555544	,	3853	,10.0718,1999.9000,0.2200,-0.2952,595605.5000,27.3807,604493.4375,1999.9000,
	2026/03/30 15:45:15	,	556544	,	3854	,10.0714,1999.9000,0.2200,-0.3281,595605.5000,27.3774,604490.3750,1999.9000,
	2026/03/30 15:45:15	,	557544	,	3855	,10.0710,1999.9000,0.2200,-0.3556,595605.5000,27.3747,604488.3125,1999.9000,
	2026/03/30 15:45:15	,	558544	,	3856	,10.0706,1999.9000,0.2164,-0.1795,595419.0000,27.3724,604678.1250,1999.9000,
	2026/03/30 15:45:15	,	559544	,	3857	,10.0701,1999.9000,0.2125,0.2656,595330.2500,27.3705,604792.8125,1999.9000,
	2026/03/30 15:45:15	,	560544	,	3858	,10.0696,1999.9000,0.2089,0.6365,595314.5000,27.3690,604886.4375,1999.9000,
	2026/03/30 15:45:15	,	561544	,	3859	,10.0692,1999.9000,0.2055,0.6472,595295.6875,27.3676,604926.3125,1999.9000,
	2026/03/30 15:45:15	,	562544	,	3860	,10.0687,1999.9000,0.1989,0.6561,595055.5625,27.3681,605156.4375,1999.9000,
	2026/03/30 15:45:15	,	563544	,	3861	,10.0682,1999.9000,0.1910,0.8625,594704.0625,27.3700,605306.2500,1999.9000,
	2026/03/30 15:45:15	,	564544	,	3862	,10.0677,1999.9000,0.1859,1.0345,594704.0625,27.3715,605306.2500,1999.9000,
	2026/03/30 15:45:15	,	565544	,	3863	,10.0673,1999.9000,0.1859,1.2773,594704.0625,27.3713,605306.2500,1999.9000,
	2026/03/30 15:45:15	,	566544	,	3864	,10.0668,1999.9000,0.1859,1.7780,594704.0625,27.3696,605306.2500,1999.9000,
	2026/03/30 15:45:15	,	567544	,	3865	,10.0662,1999.9000,0.1859,2.1953,594704.0625,27.3697,605306.2500,1999.9000,
	2026/03/30 15:45:15	,	568544	,	3866	,10.0656,1999.9000,0.1859,2.4436,594801.1250,27.3698,605090.5625,1999.9000,
	2026/03/30 15:45:15	,	569544	,	3867	,10.0651,1999.9000,0.1860,2.6505,594900.0625,27.3699,604952.2500,1999.9000,
	2026/03/30 15:45:15	,	570544	,	3868	,10.0645,1999.9000,0.1882,2.8229,594912.8750,27.3699,604851.3750,1999.9000,
	2026/03/30 15:45:15	,	571544	,	3869	,10.0639,1999.9000,0.1888,2.6682,594927.5000,27.3700,604813.6875,1999.9000,
	2026/03/30 15:45:15	,	572544	,	3870	,10.0633,1999.9000,0.1933,2.1413,595136.0000,27.3701,604630.3750,1999.9000,
	2026/03/30 15:45:15	,	573544	,	3871	,10.0593,1999.9000,0.1998,1.6028,595500.6250,27.3701,604408.6875,1999.9000,
	2026/03/30 15:45:15	,	574544	,	3872	,10.0591,1999.9000,0.2027,0.7561,595500.6250,27.3701,604408.6875,1999.9000,
	2026/03/30 15:45:15	,	575544	,	3873	,10.0589,1999.9000,0.2027,-0.4468,595500.6250,27.3701,604408.6875,1999.9000,
	2026/03/30 15:45:15	,	576544	,	3874	,10.0585,1999.9000,0.2027,-1.4492,595500.6250,27.3701,604408.6875,1999.9000,
	2026/03/30 15:45:15	,	577544	,	3875	,10.0582,1999.9000,0.2027,-2.2846,595500.6250,27.3671,604408.6875,1999.9000,
	2026/03/30 15:45:15	,	578544	,	3876	,10.0579,1999.9000,0.2027,-2.9807,595499.0625,27.3646,604618.8750,1999.9000,
	2026/03/30 15:45:15	,	579544	,	3877	,10.0575,1999.9000,0.1995,-3.0635,595346.3125,27.3624,604738.4375,1999.9000,
	2026/03/30 15:45:15	,	580544	,	3878	,10.0571,1999.9000,0.1961,-3.1324,595323.6875,27.3607,604834.5000,1999.9000,
	2026/03/30 15:45:15	,	581544	,	3879	,10.0567,1999.9000,0.1928,-2.7920,595307.8125,27.3592,604916.6250,1999.9000,
	2026/03/30 15:45:15	,	582544	,	3880	,10.0564,1999.9000,0.1873,-2.1104,595150.3125,27.3580,605041.6250,1999.9000,
	2026/03/30 15:45:15	,	583544	,	3881	,10.0560,1999.9000,0.1784,-1.4429,594822.6250,27.3585,605340.6250,1999.9000,
	2026/03/30 15:45:15	,	584544	,	3882	,10.0556,1999.9000,0.1717,-0.7872,594715.3750,27.3574,605340.6250,1999.9000,
	2026/03/30 15:45:15	,	585544	,	3883	,10.0550,1999.9000,0.1714,-0.0419,594715.3750,27.3574,605340.6250,1999.9000,
	2026/03/30 15:45:15	,	586544	,	3884	,10.0545,1999.9000,0.1713,0.5793,594715.3750,27.3565,605340.6250,1999.9000,
	2026/03/30 15:45:15	,	587544	,	3885	,10.0539,1999.9000,0.1712,1.0969,594715.3750,27.3573,605340.6250,1999.9000,
	2026/03/30 15:45:15	,	588544	,	3886	,10.0534,1999.9000,0.1712,1.5282,594715.3750,27.3579,605126.2500,1999.9000,
	2026/03/30 15:45:15	,	589544	,	3887	,10.0529,1999.9000,0.1711,1.6887,594861.3750,27.3585,604977.0625,1999.9000,
	2026/03/30 15:45:15	,	590544	,	3888	,10.0523,1999.9000,0.1715,1.0267,594892.6250,27.3574,604890.0625,1999.9000,
	2026/03/30 15:45:15	,	591544	,	3889	,10.0517,1999.9000,0.1749,0.4750,594911.3750,27.3596,604807.3125,1999.9000,
	2026/03/30 15:45:15	,	592544	,	3890	,10.0512,1999.9000,0.1777,-0.0842,595043.0625,27.3613,604690.7500,1999.9000,
	2026/03/30 15:45:15	,	593544	,	3891	,10.0507,1999.9000,0.1842,-0.5502,595371.3125,27.3613,604428.6250,1999.9000,
	2026/03/30 15:45:15	,	594544	,	3892	,10.0502,1999.9000,0.1879,-1.0381,595573.8750,27.3628,604428.6250,1999.9000,
	2026/03/30 15:45:15	,	595544	,	3893	,10.0497,1999.9000,0.1879,-1.3451,595573.8750,27.3640,604428.6250,1999.9000,
	2026/03/30 15:45:15	,	596544	,	3894	,10.0492,1999.9000,0.1879,-1.5015,595573.8750,27.3650,604428.6250,1999.9000,
	2026/03/30 15:45:15	,	597544	,	3895	,10.0486,1999.9000,0.1879,-1.5324,595573.8750,27.3659,604428.6250,1999.9000,
	2026/03/30 15:45:15	,	598544	,	3896	,10.0480,1999.9000,0.1879,-1.5581,595573.8750,27.3651,604547.5625,1999.9000,
	2026/03/30 15:45:15	,	599544	,	3897	,10.0473,1999.9000,0.1843,-1.4800,595414.8125,27.3660,604701.0625,1999.9000,
	2026/03/30 15:45:15	,	600544	,	3898	,10.0468,1999.9000,0.1810,-1.0171,595376.1250,27.3682,604803.6875,1999.9000,
	2026/03/30 15:45:15	,	601544	,	3899	,10.0461,1999.9000,0.1778,-0.3329,595353.8125,27.3716,604891.9375,1999.9000,
	2026/03/30 15:45:15	,	602544	,	3900	,10.0455,1999.9000,0.1733,0.3367,595246.8125,27.3745,604994.5625,1999.9000,
	2026/03/30 15:45:15	,	603544	,	3901	,10.0450,1999.9000,0.1646,0.8948,594981.6875,27.3768,605263.3125,1999.9000,
	2026/03/30 15:45:15	,	604544	,	3902	,10.0444,1999.9000,0.1563,1.3598,594643.8750,27.3788,605263.3125,1999.9000,
	2026/03/30 15:45:15	,	605544	,	3903	,10.0439,1999.9000,0.1511,1.6478,594643.8750,27.3789,605263.3125,1999.9000,
	2026/03/30 15:45:15	,	606544	,	3904	,10.0433,1999.9000,0.1511,1.8879,594643.8750,27.3759,605263.3125,1999.9000,
	2026/03/30 15:45:15	,	607544	,	3905	,10.0428,1999.9000,0.1511,1.9885,594643.8750,27.3735,605263.3125,1999.9000,
	2026/03/30 15:45:15	,	608544	,	3906	,10.0423,1999.9000,0.1511,1.7738,594643.8750,27.3714,605253.1875,1999.9000,
	2026/03/30 15:45:15	,	609544	,	3907	,10.0418,1999.9000,0.1511,1.4955,594819.6250,27.3697,605003.0000,1999.9000,
	2026/03/30 15:45:15	,	610544	,	3908	,10.0413,1999.9000,0.1514,1.2636,594905.3750,27.3668,604894.3125,1999.9000,
	2026/03/30 15:45:15	,	611544	,	3909	,10.0408,1999.9000,0.1546,1.0703,594921.5000,27.3643,604854.4375,1999.9000,
	2026/03/30 15:45:15	,	612544	,	3910	,10.0403,1999.9000,0.1556,0.7103,594942.7500,27.3592,604746.3125,1999.9000,
	2026/03/30 15:45:15	,	613544	,	3911	,10.0398,1999.9000,0.1556,0.2113,595221.8125,27.3519,604528.8750,1999.9000,
	2026/03/30 15:45:15	,	614544	,	3912	,10.0392,1999.9000,0.1679,-0.2045,595588.8750,27.3458,604515.0000,1999.9000,
	2026/03/30 15:45:15	,	615544	,	3913	,10.0387,1999.9000,0.1679,-0.3520,595588.8750,27.3438,604510.3750,1999.9000,
	2026/03/30 15:45:15	,	616544	,	3914	,10.0382,1999.9000,0.1679,-0.2761,595588.8750,27.3451,604508.0625,1999.9000,
	2026/03/30 15:45:15	,	617544	,	3915	,10.0377,1999.9000,0.1679,-0.0138,595588.8750,27.3463,604506.6875,1999.9000,
	2026/03/30 15:45:15	,	618544	,	3916	,10.0372,1999.9000,0.1679,0.2048,595588.8750,27.3472,604505.8125,1999.9000,
	2026/03/30 15:45:15	,	619544	,	3917	,10.0366,1999.9000,0.1676,0.1880,595451.8125,27.3510,604682.9375,1999.9000,
	2026/03/30 15:45:15	,	620544	,	3918	,10.0361,1999.9000,0.1632,0.1739,595346.3125,27.3634,604789.8125,1999.9000,
	2026/03/30 15:45:15	,	621544	,	3919	,10.0355,1999.9000,0.1605,0.1623,595325.4375,27.3737,604874.9375,1999.9000,
	2026/03/30 15:45:15	,	622544	,	3920	,10.0350,1999.9000,0.1576,0.3515,595306.8125,27.3823,604915.4375,1999.9000,
	2026/03/30 15:45:15	,	623544	,	3921	,10.0344,1999.9000,0.1510,0.5092,595091.9375,27.3894,605152.8125,1999.9000,
	2026/03/30 15:45:15	,	624544	,	3922	,10.0339,1999.9000,0.1425,0.6406,594740.3750,27.3893,605276.6250,1999.9000,
	2026/03/30 15:45:15	,	625544	,	3923	,10.0333,1999.9000,0.1360,0.5511,594740.3750,27.3877,605276.6250,1999.9000,
	2026/03/30 15:45:15	,	626544	,	3924	,10.0328,1999.9000,0.1356,0.4766,594740.3750,27.3863,605276.6250,1999.9000,
	2026/03/30 15:45:15	,	627544	,	3925	,10.0323,1999.9000,0.1354,0.8124,594740.3750,27.3836,605276.6250,1999.9000,
	2026/03/30 15:45:15	,	628544	,	3926	,10.0318,1999.9000,0.1353,1.0922,594740.3750,27.3814,605276.6250,1999.9000,
	2026/03/30 15:45:15	,	629544	,	3927	,10.0312,1999.9000,0.1353,1.4248,594747.0625,27.3795,605060.3750,1999.9000,
	2026/03/30 15:45:15	,	630544	,	3928	,10.0307,1999.9000,0.1353,1.7020,594898.2500,27.3780,604939.0000,1999.9000,
	2026/03/30 15:45:15	,	631544	,	3929	,10.0302,1999.9000,0.1355,1.8336,594916.7500,27.3767,604841.1250,1999.9000,
	2026/03/30 15:45:15	,	632544	,	3930	,10.0298,1999.9000,0.1383,1.4458,594930.0625,27.3756,604751.7500,1999.9000,
	2026/03/30 15:45:15	,	633544	,	3931	,10.0293,1999.9000,0.1424,1.1227,595104.4375,27.3686,604576.0000,1999.9000,
	2026/03/30 15:45:15	,	634544	,	3932	,10.0288,1999.9000,0.1486,0.9529,595470.2500,27.3628,604408.0625,1999.9000,
	2026/03/30 15:45:15	,	635544	,	3933	,10.0283,1999.9000,0.1486,0.8114,595484.8125,27.3579,604408.0625,1999.9000,
	2026/03/30 15:45:15	,	636544	,	3934	,10.0277,1999.9000,0.1486,0.6935,595489.6875,27.3539,604408.0625,1999.9000,
	2026/03/30 15:45:15	,	637544	,	3935	,10.0271,1999.9000,0.1486,0.5952,595492.1250,27.3505,604408.0625,1999.9000,
	2026/03/30 15:45:15	,	638544	,	3936	,10.0265,1999.9000,0.1486,0.5133,595493.6250,27.3477,604408.0625,1999.9000,
	2026/03/30 15:45:15	,	639544	,	3937	,10.0259,1999.9000,0.1485,0.3456,595494.5625,27.3454,604620.6875,1999.9000,
	2026/03/30 15:45:15	,	640544	,	3938	,10.0253,1999.9000,0.1438,0.3053,595354.6875,27.3434,604742.1250,1999.9000,
	2026/03/30 15:45:15	,	641544	,	3939	,10.0247,1999.9000,0.1400,0.2717,595324.6250,27.3418,604833.8750,1999.9000,
	2026/03/30 15:45:15	,	642544	,	3940	,10.0241,1999.9000,0.1366,0.2438,595306.6250,27.3389,604917.2500,1999.9000,
	2026/03/30 15:45:15	,	643544	,	3941	,10.0235,1999.9000,0.1310,0.8173,595175.9375,27.3456,605077.8750,1999.9000,
	2026/03/30 15:45:15	,	644544	,	3942	,10.0231,1999.9000,0.1224,1.2952,594873.8750,27.3512,605348.5000,1999.9000,
	2026/03/30 15:45:15	,	645544	,	3943	,10.0226,1999.9000,0.1160,1.3951,594718.3125,27.3514,605348.5000,1999.9000,
	2026/03/30 15:45:15	,	646544	,	3944	,10.0222,1999.9000,0.1136,1.4783,594718.3125,27.3469,605348.5000,1999.9000,
	2026/03/30 15:45:15	,	647544	,	3945	,10.0217,1999.9000,0.1136,1.7466,594718.3125,27.3432,605348.5000,1999.9000,
	2026/03/30 15:45:15	,	648544	,	3946	,10.0213,1999.9000,0.1136,2.0697,594718.3125,27.3446,605348.5000,1999.9000,
	2026/03/30 15:45:15	,	649544	,	3947	,10.0208,1999.9000,0.1136,2.3389,594718.3125,27.3443,605122.6250,1999.9000,
	2026/03/30 15:45:15	,	650544	,	3948	,10.0203,1999.9000,0.1136,2.4637,594857.1250,27.3441,604974.6875,1999.9000,
	2026/03/30 15:45:15	,	651544	,	3949	,10.0199,1999.9000,0.1136,2.4683,594890.5000,27.3439,604869.5000,1999.9000,
	2026/03/30 15:45:15	,	652544	,	3950	,10.0193,1999.9000,0.1139,2.3727,594906.8125,27.3406,604829.0625,1999.9000,
	2026/03/30 15:45:15	,	653544	,	3951	,10.0188,1999.9000,0.1173,2.2930,595025.7500,27.3349,604664.8125,1999.9000,
	2026/03/30 15:45:15	,	654544	,	3952	,10.0182,1999.9000,0.1204,2.2265,595336.1875,27.3301,604383.9375,1999.9000,
	2026/03/30 15:45:15	,	655544	,	3953	,10.0177,1999.9000,0.1272,2.2707,595587.0000,27.3261,604383.9375,1999.9000,
	2026/03/30 15:45:15	,	656544	,	3954	,10.0172,1999.9000,0.1299,2.3074,595587.0000,27.3228,604383.9375,1999.9000,
	2026/03/30 15:45:15	,	657544	,	3955	,10.0166,1999.9000,0.1299,2.1391,595587.0000,27.3200,604383.9375,1999.9000,
	2026/03/30 15:45:15	,	658544	,	3956	,10.0162,1999.9000,0.1299,1.9989,595587.0000,27.3177,604383.9375,1999.9000,
	2026/03/30 15:45:15	,	659544	,	3957	,10.0157,1999.9000,0.1299,1.8820,595587.0000,27.3250,604556.6875,1999.9000,
	2026/03/30 15:45:15	,	660544	,	3958	,10.0157,1999.9000,0.1299,2.0830,595407.0625,27.3325,604706.5000,1999.9000,
	2026/03/30 15:45:15	,	661544	,	3959	,10.0153,1999.9000,0.1264,2.5489,595326.6875,27.3403,604802.5000,1999.9000,
	2026/03/30 15:45:15	,	662544	,	3960	,10.0148,1999.9000,0.1234,2.9372,595319.8750,27.3469,604888.2500,1999.9000,
	2026/03/30 15:45:15	,	663544	,	3961	,10.0138,1999.9000,0.1209,2.9624,595301.0625,27.3538,605001.8125,1999.9000,
	2026/03/30 15:45:15	,	664544	,	3962	,10.0138,1999.9000,0.1172,2.7844,595010.2500,27.3611,605283.3125,1999.9000,
	2026/03/30 15:45:15	,	665544	,	3963	,10.0133,1999.9000,0.1091,2.5366,594646.2500,27.3688,605283.3125,1999.9000,
	2026/03/30 15:45:15	,	666544	,	3964	,10.0128,1999.9000,0.1016,1.9322,594646.2500,27.3751,605283.3125,1999.9000,
	2026/03/30 15:45:15	,	667544	,	3965	,10.0124,1999.9000,0.0968,1.6275,594646.2500,27.3804,605283.3125,1999.9000,
	2026/03/30 15:45:15	,	668544	,	3966	,10.0119,1999.9000,0.0968,1.2741,594646.2500,27.3848,605283.3125,1999.9000,
	2026/03/30 15:45:15	,	669544	,	3967	,10.0108,1999.9000,0.0968,0.9795,594646.2500,27.3885,605283.3125,1999.9000,
	2026/03/30 15:45:15	,	670544	,	3968	,10.0108,1999.9000,0.0968,0.7341,594826.1875,27.3901,605168.5000,1999.9000,
	2026/03/30 15:45:15	,	671544	,	3969	,10.0098,1999.9000,0.0968,0.5296,594914.3750,27.3913,604984.9375,1999.9000,
	2026/03/30 15:45:15	,	672544	,	3970	,10.0098,1999.9000,0.0989,0.3592,594925.1250,27.3924,604872.5625,1999.9000,
	2026/03/30 15:45:15	,	673544	,	3971	,10.0093,1999.9000,0.0997,0.2172,594938.3750,27.3933,604787.3750,1999.9000,
	2026/03/30 15:45:15	,	674544	,	3972	,10.0089,1999.9000,0.1025,0.0988,595192.5625,27.3940,604747.5625,1999.9000,
	2026/03/30 15:45:15	,	675544	,	3973	,10.0084,1999.9000,0.1081,0.0002,595573.8750,27.3901,604477.5000,1999.9000,
	2026/03/30 15:45:15	,	676544	,	3974	,10.0080,1999.9000,0.1135,-0.0820,595573.8750,27.3867,604477.5000,1999.9000,
	2026/03/30 15:45:15	,	677544	,	3975	,10.0075,1999.9000,0.1135,-0.2500,595573.8750,27.3840,604477.5000,1999.9000,
	2026/03/30 15:45:15	,	678544	,	3976	,10.0070,1999.9000,0.1135,-0.4894,595573.8750,27.3817,604477.5000,1999.9000,
	2026/03/30 15:45:15	,	679544	,	3977	,10.0066,1999.9000,0.1135,-0.6890,595573.8750,27.3798,604477.5000,1999.9000,
	2026/03/30 15:45:15	,	680544	,	3978	,10.0062,1999.9000,0.1135,-0.8552,595466.6875,27.3797,604482.0000,1999.9000,
	2026/03/30 15:45:15	,	681544	,	3979	,10.0058,1999.9000,0.1109,-0.9938,595339.8125,27.3797,604673.8125,1999.9000,
	2026/03/30 15:45:15	,	682544	,	3980	,10.0053,1999.9000,0.1073,-0.8109,595321.3125,27.3796,604775.3125,1999.9000,
	2026/03/30 15:45:15	,	683544	,	3981	,10.0048,1999.9000,0.1041,-0.3600,595310.5625,27.3796,604867.1250,1999.9000,
	2026/03/30 15:45:15	,	684544	,	3982	,10.0044,1999.9000,0.1005,0.2147,595139.0000,27.3796,604964.9375,1999.9000,
	2026/03/30 15:45:15	,	685544	,	3983	,10.0040,1999.9000,0.0934,0.7931,594785.6875,27.3796,605212.0000,1999.9000,
	2026/03/30 15:45:15	,	686544	,	3984	,10.0035,1999.9000,0.0854,1.4740,594781.2500,27.3796,605234.3125,1999.9000,
	2026/03/30 15:45:15	,	687544	,	3985	,10.0031,1999.9000,0.0803,2.0414,594779.6875,27.3811,605241.8125,1999.9000,
	2026/03/30 15:45:15	,	688544	,	3986	,10.0027,1999.9000,0.0803,2.3154,594778.9375,27.3839,605245.5000,1999.9000,
	2026/03/30 15:45:15	,	689544	,	3987	,10.0023,1999.9000,0.0803,2.4441,594778.5000,27.3862,605247.7500,1999.9000,
	2026/03/30 15:45:15	,	690544	,	3988	,10.0020,1999.9000,0.0803,2.3525,594778.2500,27.3866,605249.1875,1999.9000,
	2026/03/30 15:45:15	,	691544	,	3989	,10.0016,1999.9000,0.0803,1.8783,594900.6250,27.3869,605047.6875,1999.9000,
	2026/03/30 15:45:15	,	692544	,	3990	,10.0012,1999.9000,0.0827,1.4831,594915.2500,27.3857,604926.9375,1999.9000,
	2026/03/30 15:45:15	,	693544	,	3991	,10.0008,1999.9000,0.0835,0.3579,594923.0625,27.3846,604828.4375,1999.9000,
	2026/03/30 15:45:15	,	694544	,	3992	,10.0003,1999.9000,0.0841,-0.5797,595063.3125,27.3838,604737.3125,1999.9000,
	2026/03/30 15:45:15	,	695544	,	3993	,9.9998,1999.9000,0.0894,-1.4605,595424.3750,27.3816,604559.1250,1999.9000,
	2026/03/30 15:45:15	,	696544	,	3994	,9.9993,1999.9000,0.0955,-2.1945,595463.1250,27.3797,604448.5625,1999.9000,
	2026/03/30 15:45:15	,	697544	,	3995	,9.9988,1999.9000,0.0958,-2.7067,595476.0625,27.3766,604448.5625,1999.9000,
	2026/03/30 15:45:15	,	698544	,	3996	,9.9983,1999.9000,0.0959,-3.1335,595482.5000,27.3709,604448.5625,1999.9000,
	2026/03/30 15:45:15	,	699544	,	3997	,9.9977,1999.9000,0.0959,-3.3898,595486.4375,27.3708,604448.5625,1999.9000,
	2026/03/30 15:45:15	,	700544	,	3998	,9.9973,1999.9000,0.0959,-3.3049,595489.0000,27.3738,604448.5625,1999.9000,
	2026/03/30 15:45:15	,	701544	,	3999	,9.9969,1999.9000,0.0960,-3.1346,595489.0000,27.3763,604650.2500,1999.9000,
	2026/03/30 15:45:15	,	702544	,	4000	,9.9964,1999.9000,0.0925,-2.9928,595360.0625,27.3753,604769.2500,1999.9000,
	2026/03/30 15:45:15	,	703544	,	4001	,9.9961,1999.9000,0.0892,-2.7751,595316.9375,27.3729,604861.1250,1999.9000,
	2026/03/30 15:45:15	,	704544	,	4002	,9.9957,1999.9000,0.0865,-2.4942,595316.9375,27.3709,604897.6250,1999.9000,
	2026/03/30 15:45:15	,	705544	,	4003	,9.9953,1999.9000,0.0817,-2.2601,595195.5625,27.3693,605116.5625,1999.9000,
	2026/03/30 15:45:15	,	706544	,	4004	,9.9948,1999.9000,0.0738,-2.0651,594667.0625,27.3680,605302.0000,1999.9000,
	2026/03/30 15:45:15	,	707544	,	4005	,9.9944,1999.9000,0.0680,-1.8031,594667.0625,27.3699,605302.0000,1999.9000,
	2026/03/30 15:45:15	,	708544	,	4006	,9.9941,1999.9000,0.0656,-1.5847,594667.0625,27.3715,605302.0000,1999.9000,
	2026/03/30 15:45:15	,	709544	,	4007	,9.9936,1999.9000,0.0656,-1.2038,594667.0625,27.3697,605302.0000,1999.9000,
	2026/03/30 15:45:15	,	710544	,	4008	,9.9932,1999.9000,0.0656,-0.5880,594667.0625,27.3683,605302.0000,1999.9000,
	2026/03/30 15:45:15	,	711544	,	4009	,9.9928,1999.9000,0.0656,-0.0748,594841.0625,27.3702,605067.0625,1999.9000,
	2026/03/30 15:45:15	,	712544	,	4010	,9.9923,1999.9000,0.0656,0.3529,594878.6250,27.3733,604933.5625,1999.9000,
	2026/03/30 15:45:15	,	713544	,	4011	,9.9919,1999.9000,0.0658,0.7093,594895.6875,27.3758,604849.0000,1999.9000,
	2026/03/30 15:45:15	,	714544	,	4012	,9.9914,1999.9000,0.0687,1.0063,594895.6875,27.3758,604765.6875,1999.9000,
	2026/03/30 15:45:15	,	715544	,	4013	,9.9910,1999.9000,0.0719,1.1543,594984.0625,27.3780,604617.0625,1999.9000,
	2026/03/30 15:45:15	,	716544	,	4014	,9.9905,1999.9000,0.0786,1.2777,595265.9375,27.3751,604376.0625,1999.9000,
	2026/03/30 15:45:15	,	717544	,	4015	,9.9901,1999.9000,0.0819,1.3805,595585.8750,27.3728,604376.0625,1999.9000,
	2026/03/30 15:45:15	,	718544	,	4016	,9.9896,1999.9000,0.0819,1.3666,595585.8750,27.3693,604376.0625,1999.9000,
	2026/03/30 15:45:15	,	719544	,	4017	,9.9893,1999.9000,0.0819,1.3551,595585.8750,27.3649,604376.0625,1999.9000,
	2026/03/30 15:45:15	,	720544	,	4018	,9.9889,1999.9000,0.0819,1.0471,595585.8750,27.3566,604376.0625,1999.9000,
	2026/03/30 15:45:15	,	721544	,	4019	,9.9885,1999.9000,0.0819,0.7904,595585.8750,27.3498,604594.7500,1999.9000,
	2026/03/30 15:45:15	,	722544	,	4020	,9.9881,1999.9000,0.0779,0.5765,595407.6875,27.3440,604729.4375,1999.9000,
	2026/03/30 15:45:15	,	723544	,	4021	,9.9877,1999.9000,0.0740,0.3983,595318.9375,27.3392,604830.8750,1999.9000,
	2026/03/30 15:45:15	,	724544	,	4022	,9.9873,1999.9000,0.0708,0.2497,595304.0000,27.3429,604915.4375,1999.9000,
	2026/03/30 15:45:15	,	725544	,	4023	,9.9869,1999.9000,0.0665,0.1260,595286.8750,27.3460,605038.0625,1999.9000,
	2026/03/30 15:45:15	,	726544	,	4024	,9.9865,1999.9000,0.0582,0.0228,595035.3125,27.3469,605323.1250,1999.9000,
	2026/03/30 15:45:15	,	727544	,	4025	,9.9861,1999.9000,0.0511,0.0363,594673.0625,27.3493,605323.1250,1999.9000,
	2026/03/30 15:45:15	,	728544	,	4026	,9.9858,1999.9000,0.0480,0.0476,594673.0625,27.3513,605323.1250,1999.9000,
	2026/03/30 15:45:15	,	729544	,	4027	,9.9854,1999.9000,0.0480,0.0570,594673.0625,27.3575,605323.1250,1999.9000,
	2026/03/30 15:45:15	,	730544	,	4028	,9.9850,1999.9000,0.0480,0.4627,594673.0625,27.3627,605323.1250,1999.9000,
	2026/03/30 15:45:15	,	731544	,	4029	,9.9846,1999.9000,0.0480,0.8008,594673.0625,27.3670,605167.8750,1999.9000,
	2026/03/30 15:45:15	,	732544	,	4030	,9.9842,1999.9000,0.0480,1.0825,594802.9375,27.3691,604995.7500,1999.9000,
	2026/03/30 15:45:15	,	733544	,	4031	,9.9838,1999.9000,0.0483,1.3173,594894.7500,27.3662,604887.0000,1999.9000,
	2026/03/30 15:45:15	,	734544	,	4032	,9.9835,1999.9000,0.0516,1.1151,594913.1250,27.3638,604848.6875,1999.9000,
	2026/03/30 15:45:15	,	735544	,	4033	,9.9832,1999.9000,0.0543,0.8471,594929.4375,27.3618,604706.5000,1999.9000,
	2026/03/30 15:45:15	,	736544	,	4034	,9.9828,1999.9000,0.0608,0.6237,595152.0625,27.3602,604450.3750,1999.9000,
	2026/03/30 15:45:15	,	737544	,	4035	,9.9824,1999.9000,0.0648,0.4376,595538.7500,27.3588,604450.3750,1999.9000,
	2026/03/30 15:45:15	,	738544	,	4036	,9.9821,1999.9000,0.0648,0.2825,595538.7500,27.3546,604450.3750,1999.9000,
	2026/03/30 15:45:15	,	739544	,	4037	,9.9817,1999.9000,0.0648,0.1533,595538.7500,27.3481,604450.3750,1999.9000,
	2026/03/30 15:45:15	,	740544	,	4038	,9.9814,1999.9000,0.0648,0.1533,595538.7500,27.3426,604450.3750,1999.9000,
	2026/03/30 15:45:15	,	741544	,	4039	,9.9810,1999.9000,0.0648,-0.1534,595538.7500,27.3381,604463.8125,1999.9000,
	2026/03/30 15:45:15	,	742544	,	4040	,9.9805,1999.9000,0.0648,-0.4089,595525.6250,27.3343,604699.8125,1999.9000,
	2026/03/30 15:45:15	,	743544	,	4041	,9.9801,1999.9000,0.0571,-0.6219,595344.5625,27.3312,604800.6875,1999.9000,
	2026/03/30 15:45:15	,	744544	,	4042	,9.9797,1999.9000,0.0541,-1.0978,595322.7500,27.3285,604834.8125,1999.9000,
	2026/03/30 15:45:15	,	745544	,	4043	,9.9794,1999.9000,0.0512,-1.1959,595304.0000,27.3263,604950.5000,1999.9000,
	2026/03/30 15:45:15	,	746544	,	4044	,9.9790,1999.9000,0.0443,-0.9793,595131.2500,27.3245,605212.0000,1999.9000,
	2026/03/30 15:45:15	,	747544	,	4045	,9.9786,1999.9000,0.0363,-0.7988,594805.9375,27.3245,605212.0000,1999.9000,
	2026/03/30 15:45:15	,	748544	,	4046	,9.9782,1999.9000,0.0308,-0.6483,594771.3750,27.3260,605212.0000,1999.9000,
	2026/03/30 15:45:15	,	749544	,	4047	,9.9779,1999.9000,0.0308,-0.8214,594759.8125,27.3273,605212.0000,1999.9000,
	2026/03/30 15:45:15	,	750544	,	4048	,9.9775,1999.9000,0.0308,-1.3635,594754.0625,27.3283,605212.0000,1999.9000,
	2026/03/30 15:45:15	,	751544	,	4049	,9.9772,1999.9000,0.0308,-1.8152,594750.6250,27.3292,605209.4375,1999.9000,
	2026/03/30 15:45:15	,	752544	,	4050	,9.9768,1999.9000,0.0308,-1.3959,594748.3125,27.3269,605007.2500,1999.9000,
	2026/03/30 15:45:15	,	753544	,	4051	,9.9765,1999.9000,0.0311,-1.0465,594875.0000,27.3250,604901.5625,1999.9000,
	2026/03/30 15:45:15	,	754544	,	4052	,9.9762,1999.9000,0.0342,-1.4516,594895.8750,27.3234,604864.4375,1999.9000,
	2026/03/30 15:45:15	,	755544	,	4053	,9.9759,1999.9000,0.0347,-1.7892,594908.3750,27.3312,604747.5625,1999.9000,
	2026/03/30 15:45:15	,	756544	,	4054	,9.9756,1999.9000,0.0398,-2.0705,595048.4375,27.3301,604538.5625,1999.9000,
	2026/03/30 15:45:15	,	757544	,	4055	,9.9752,1999.9000,0.0463,-2.3050,595391.0000,27.3276,604450.3750,1999.9000,
	2026/03/30 15:45:15	,	758544	,	4056	,9.9748,1999.9000,0.0463,-2.3014,595526.8750,27.3256,604450.3750,1999.9000,
	2026/03/30 15:45:15	,	759544	,	4057	,9.9744,1999.9000,0.0463,-2.1989,595526.8750,27.3254,604450.3750,1999.9000,
	2026/03/30 15:45:15	,	760544	,	4058	,9.9740,1999.9000,0.0463,-2.0141,595526.8750,27.3268,604450.3750,1999.9000,
	2026/03/30 15:45:15	,	761544	,	4059	,9.9736,1999.9000,0.0463,-1.9595,595526.8750,27.3355,604450.3750,1999.9000,
	2026/03/30 15:45:15	,	762544	,	4060	,9.9733,1999.9000,0.0463,-1.9140,595526.8750,27.3459,604646.6875,1999.9000,
	2026/03/30 15:45:15	,	763544	,	4061	,9.9730,1999.9000,0.0426,-1.8761,595373.7500,27.3546,604768.0625,1999.9000,
	2026/03/30 15:45:15	,	764544	,	4062	,9.9727,1999.9000,0.0392,-1.8446,595343.9375,27.3511,604867.1250,1999.9000,
	2026/03/30 15:45:15	,	765544	,	4063	,9.9724,1999.9000,0.0362,-2.0172,595326.6875,27.3482,604951.6250,1999.9000,
	2026/03/30 15:45:15	,	766544	,	4064	,9.9721,1999.9000,0.0305,-2.1610,595211.6875,27.3518,605140.1250,1999.9000,
	2026/03/30 15:45:15	,	767544	,	4065	,9.9719,1999.9000,0.0222,-2.2809,594940.0000,27.3625,605299.5625,1999.9000,
	2026/03/30 15:45:15	,	768544	,	4066	,9.9716,1999.9000,0.0161,-2.3808,594687.3750,27.3639,605299.5625,1999.9000,
	2026/03/30 15:45:15	,	769544	,	4067	,9.9713,1999.9000,0.0161,-2.4641,594687.3750,27.3649,605299.5625,1999.9000,
	2026/03/30 15:45:15	,	770544	,	4068	,9.9710,1999.9000,0.0161,-2.2350,594687.3750,27.3659,605299.5625,1999.9000,
	2026/03/30 15:45:15	,	771544	,	4069	,9.9707,1999.9000,0.0161,-2.0442,594687.3750,27.3666,605299.5625,1999.9000,
	2026/03/30 15:45:15	,	772544	,	4070	,9.9703,1999.9000,0.0161,-1.8851,594687.3750,27.3702,605073.0625,1999.9000,
	2026/03/30 15:45:15	,	773544	,	4071	,9.9701,1999.9000,0.0161,-1.7526,594850.0000,27.3733,604934.7500,1999.9000,
	2026/03/30 15:45:15	,	774544	,	4072	,9.9697,1999.9000,0.0165,-1.6421,594886.0625,27.3758,604841.1250,1999.9000,
	2026/03/30 15:45:15	,	775544	,	4073	,9.9693,1999.9000,0.0197,-1.7490,594903.6250,27.3780,604803.0625,1999.9000,
	2026/03/30 15:45:15	,	776544	,	4074	,9.9690,1999.9000,0.0231,-1.8381,594988.2500,27.3797,604600.8125,1999.9000,
	2026/03/30 15:45:15	,	777544	,	4075	,9.9687,1999.9000,0.0295,-1.9123,595252.1875,27.3889,604397.8125,1999.9000,
	2026/03/30 15:45:15	,	778544	,	4076	,9.9684,1999.9000,0.0296,-1.9742,595616.2500,27.3964,604397.8125,1999.9000,
	2026/03/30 15:45:15	,	779544	,	4077	,9.9681,1999.9000,0.0297,-2.0257,595616.2500,27.4028,604397.8125,1999.9000,
	2026/03/30 15:45:15	,	780544	,	4078	,9.9679,1999.9000,0.0297,-2.0687,595616.2500,27.4080,604397.8125,1999.9000,
	2026/03/30 15:45:15	,	781544	,	4079	,9.9676,1999.9000,0.0297,-1.9055,595616.2500,27.4124,604397.8125,1999.9000,
	2026/03/30 15:45:15	,	782544	,	4080	,9.9674,1999.9000,0.0297,-1.7696,595616.2500,27.4191,604611.0625,1999.9000,
	2026/03/30 15:45:15	,	783544	,	4081	,9.9672,1999.9000,0.0297,-1.6563,595445.2500,27.4247,604739.6875,1999.9000,
	2026/03/30 15:45:15	,	784544	,	4082	,9.9670,1999.9000,0.0224,-1.5619,595337.4375,27.4294,604827.8125,1999.9000,
	2026/03/30 15:45:15	,	785544	,	4083	,9.9667,1999.9000,0.0193,-1.4832,595321.6250,27.4333,604910.0000,1999.9000,
	2026/03/30 15:45:15	,	786544	,	4084	,9.9664,1999.9000,0.0150,-1.4176,595307.3750,27.4304,605058.0000,1999.9000,
	2026/03/30 15:45:15	,	787544	,	4085	,9.9662,1999.9000,0.0064,-1.3630,595083.0000,27.4188,605358.1875,1999.9000,
	2026/03/30 15:45:15	,	788544	,	4086	,9.9659,1999.9000,-0.0007,-1.3175,594723.6875,27.4092,605358.1875,1999.9000,
	2026/03/30 15:45:15	,	789544	,	4087	,9.9657,1999.9000,-0.0014,-1.2795,594723.6875,27.3982,605358.1875,1999.9000,
	2026/03/30 15:45:15	,	790544	,	4088	,9.9654,1999.9000,-0.0017,-1.2479,594723.6875,27.3844,605358.1875,1999.9000,
	2026/03/30 15:45:15	,	791544	,	4089	,9.9650,1999.9000,-0.0018,-1.2216,594723.6875,27.3729,605358.1875,1999.9000,
	2026/03/30 15:45:15	,	792544	,	4090	,9.9647,1999.9000,-0.0018,-1.1996,594723.6875,27.3679,605125.6250,1999.9000,
	2026/03/30 15:45:15	,	793544	,	4091	,9.9644,1999.9000,-0.0019,-0.9824,594735.0625,27.3667,604972.8125,1999.9000,
	2026/03/30 15:45:15	,	794544	,	4092	,9.9642,1999.9000,0.0004,-0.6024,594903.0000,27.3719,604863.5000,1999.9000,
	2026/03/30 15:45:15	,	795544	,	4093	,9.9639,1999.9000,0.0027,-0.2857,594916.1250,27.3762,604771.6875,1999.9000,
	2026/03/30 15:45:15	,	796544	,	4094	,9.9637,1999.9000,0.0054,-0.2208,594924.6875,27.3798,604654.5000,1999.9000,
	2026/03/30 15:45:15	,	797544	,	4095	,9.9635,1999.9000,0.0117,-0.6640,595109.8125,27.3828,604400.8125,1999.9000,
	2026/03/30 15:45:15	,	798544	,	4096	,9.9632,1999.9000,0.0163,-1.0334,595492.3125,27.3868,604400.8125,1999.9000,
	2026/03/30 15:45:15	,	799544	,	4097	,9.9630,1999.9000,0.0163,-0.8439,595498.0000,27.3917,604400.8125,1999.9000,
	2026/03/30 15:45:15	,	800544	,	4098	,9.9627,1999.9000,0.0163,-0.4870,595499.8750,27.3957,604400.8125,1999.9000,
	2026/03/30 15:45:15	,	801544	,	4099	,9.9624,1999.9000,0.0163,-0.1895,595500.8125,27.3976,604400.8125,1999.9000,
	2026/03/30 15:45:15	,	802544	,	4100	,9.9622,1999.9000,0.0163,0.0583,595501.3750,27.3992,604551.8750,1999.9000,
	2026/03/30 15:45:15	,	803544	,	4101	,9.9620,1999.9000,0.0125,0.2648,595501.7500,27.3974,604716.1250,1999.9000,
	2026/03/30 15:45:15	,	804544	,	4102	,9.9618,1999.9000,0.0091,0.4370,595374.3125,27.3959,604821.8125,1999.9000,
	2026/03/30 15:45:15	,	805544	,	4103	,9.9615,1999.9000,0.0062,0.5804,595345.5000,27.3947,604910.0000,1999.9000,
	2026/03/30 15:45:15	,	806544	,	4104	,9.9612,1999.9000,0.0030,0.6999,595325.5000,27.3937,605008.4375,1999.9000,
	2026/03/30 15:45:15	,	807544	,	4105	,9.9610,1999.9000,-0.0040,0.7995,595167.0000,27.3928,605253.6875,1999.9000,
	2026/03/30 15:45:15	,	808544	,	4106	,9.9607,1999.9000,-0.0114,0.8825,594843.5000,27.3906,605253.6875,1999.9000,
	2026/03/30 15:45:15	,	809544	,	4107	,9.9606,1999.9000,-0.0164,0.8522,594711.8125,27.3887,605253.6875,1999.9000,
	2026/03/30 15:45:15	,	810544	,	4108	,9.9603,1999.9000,-0.0164,0.8270,594711.8125,27.3872,605253.6875,1999.9000,
	2026/03/30 15:45:15	,	811544	,	4109	,9.9601,1999.9000,-0.0164,0.6070,594711.8125,27.3859,605253.6875,1999.9000,
	2026/03/30 15:45:15	,	812544	,	4110	,9.9598,1999.9000,-0.0164,0.3242,594711.8125,27.3848,605241.6250,1999.9000,
	2026/03/30 15:45:15	,	813544	,	4111	,9.9596,1999.9000,-0.0164,-0.0110,594711.8125,27.3839,604990.9375,1999.9000,
	2026/03/30 15:45:15	,	814544	,	4112	,9.9594,1999.9000,-0.0163,-0.3897,594861.9375,27.3847,604889.5000,1999.9000,
	2026/03/30 15:45:15	,	815544	,	4113	,9.9592,1999.9000,-0.0161,-0.7053,594891.4375,27.3838,604850.5625,1999.9000,
	2026/03/30 15:45:15	,	816544	,	4114	,9.9590,1999.9000,-0.0139,-1.0678,594906.4375,27.3831,604728.8125,1999.9000,
	2026/03/30 15:45:15	,	817544	,	4115	,9.9588,1999.9000,-0.0089,-1.4694,595024.0000,27.3840,604510.8125,1999.9000,
	2026/03/30 15:45:15	,	818544	,	4116	,9.9586,1999.9000,-0.0023,-1.8040,595354.0625,27.3848,604493.2500,1999.9000,
	2026/03/30 15:45:15	,	819544	,	4117	,9.9583,1999.9000,-0.0023,-2.0829,595547.1250,27.3869,604487.3750,1999.9000,
	2026/03/30 15:45:15	,	820544	,	4118	,9.9581,1999.9000,-0.0023,-2.3153,595547.1250,27.3888,604484.4375,1999.9000,
	2026/03/30 15:45:15	,	821544	,	4119	,9.9579,1999.9000,-0.0023,-2.1110,595547.1250,27.3903,604484.4375,1999.9000,
	2026/03/30 15:45:15	,	822544	,	4120	,9.9577,1999.9000,-0.0023,-1.8413,595547.1250,27.3915,604481.5625,1999.9000,
	2026/03/30 15:45:15	,	823544	,	4121	,9.9575,1999.9000,-0.0025,-1.5171,595547.1250,27.3971,604655.6875,1999.9000,
	2026/03/30 15:45:15	,	824544	,	4122	,9.9573,1999.9000,-0.0073,-1.1475,595379.6875,27.4034,604655.6875,1999.9000,
	2026/03/30 15:45:15	,	825544	,	4123	,9.9571,1999.9000,-0.0104,-0.8395,595348.1875,27.4085,604769.2500,1999.9000,
	2026/03/30 15:45:15	,	826544	,	4124	,9.9569,1999.9000,-0.0132,-0.3688,595228.3125,27.4052,604951.6250,1999.9000,
	2026/03/30 15:45:15	,	827544	,	4125	,9.9567,1999.9000,-0.0132,-0.3688,595228.3125,27.3994,604951.6250,1999.9000,
	2026/03/30 15:45:15	,	828544	,	4126	,9.9565,1999.9000,-0.0189,-0.3895,594970.3750,27.3915,605164.9375,1999.9000,
	2026/03/30 15:45:15	,	829544	,	4127	,9.9565,1999.9000,-0.0271,-0.2078,594662.3125,27.3834,605292.9375,1999.9000,
	2026/03/30 15:45:15	,	830544	,	4128	,9.9561,1999.9000,-0.0328,-0.0564,594662.3125,27.3751,605292.9375,1999.9000,
	2026/03/30 15:45:15	,	831544	,	4129	,9.9558,1999.9000,-0.0328,-0.4276,594662.3125,27.3651,605292.9375,1999.9000,
	2026/03/30 15:45:15	,	832544	,	4130	,9.9556,1999.9000,-0.0328,-1.1348,594662.3125,27.3568,605292.9375,1999.9000,
	2026/03/30 15:45:15	,	833544	,	4131	,9.9554,1999.9000,-0.0328,-1.7241,594662.3125,27.3499,605292.9375,1999.9000,
	2026/03/30 15:45:15	,	834544	,	4132	,9.9552,1999.9000,-0.0328,-2.1158,594825.6250,27.3442,605074.3125,1999.9000,
	2026/03/30 15:45:15	,	835544	,	4133	,9.9549,1999.9000,-0.0327,-2.1437,594864.5625,27.3424,604945.6250,1999.9000,
	2026/03/30 15:45:15	,	836544	,	4134	,9.9548,1999.9000,-0.0303,-2.4655,594887.5000,27.3455,604855.6875,1999.9000,
	2026/03/30 15:45:15	,	837544	,	4135	,9.9546,1999.9000,-0.0295,-2.4351,594973.9375,27.3455,604771.0625,1999.9000,
	2026/03/30 15:45:15	,	838544	,	4136	,9.9544,1999.9000,-0.0250,-2.4099,595217.6250,27.3511,604595.3125,1999.9000,
	2026/03/30 15:45:15	,	839544	,	4137	,9.9542,1999.9000,-0.0183,-2.3888,595598.3750,27.3574,604432.8750,1999.9000,
	2026/03/30 15:45:15	,	840544	,	4138	,9.9540,1999.9000,-0.0178,-1.9734,595598.3750,27.3626,604432.8750,1999.9000,
	2026/03/30 15:45:15	,	841544	,	4139	,9.9539,1999.9000,-0.0176,-1.4282,595598.3750,27.3669,604432.8750,1999.9000,
	2026/03/30 15:45:15	,	842544	,	4140	,9.9537,1999.9000,-0.0175,-0.8744,595598.3750,27.3721,604432.8750,1999.9000,
	2026/03/30 15:45:15	,	843544	,	4141	,9.9535,1999.9000,-0.0174,-0.4130,595598.3750,27.3748,604432.8750,1999.9000,
	2026/03/30 15:45:15	,	844544	,	4142	,9.9533,1999.9000,-0.0174,-0.0284,595441.6250,27.3741,604637.0000,1999.9000,
	2026/03/30 15:45:15	,	845544	,	4143	,9.9531,1999.9000,-0.0213,0.3915,595349.3125,27.3734,604754.1875,1999.9000,
	2026/03/30 15:45:15	,	846544	,	4144	,9.9529,1999.9000,-0.0248,0.6420,595326.3750,27.3774,604836.3125,1999.9000,
	2026/03/30 15:45:15	,	847544	,	4145	,9.9527,1999.9000,-0.0276,0.8508,595303.6875,27.3763,604870.4375,1999.9000,
	2026/03/30 15:45:15	,	848544	,	4146	,9.9525,1999.9000,-0.0315,1.0247,595084.1875,27.3753,605065.1875,1999.9000,
	2026/03/30 15:45:15	,	849544	,	4147	,9.9524,1999.9000,-0.0389,0.5728,594738.0000,27.3806,605336.4375,1999.9000,
	2026/03/30 15:45:15	,	850544	,	4148	,9.9522,1999.9000,-0.0449,0.1962,594738.0000,27.3850,605336.4375,1999.9000,
	2026/03/30 15:45:15	,	851544	,	4149	,9.9521,1999.9000,-0.0453,-0.1176,594738.0000,27.3856,605336.4375,1999.9000,
	2026/03/30 15:45:15	,	852544	,	4150	,9.9519,1999.9000,-0.0455,0.2177,594738.0000,27.3861,605336.4375,1999.9000,
	2026/03/30 15:45:15	,	853544	,	4151	,9.9517,1999.9000,-0.0456,0.6961,594738.0000,27.3865,605336.4375,1999.9000,
	2026/03/30 15:45:15	,	854544	,	4152	,9.9516,1999.9000,-0.0456,0.9953,594743.5000,27.3823,605100.8750,1999.9000,
	2026/03/30 15:45:15	,	855544	,	4153	,9.9514,1999.9000,-0.0457,1.2446,594894.1250,27.3787,604952.2500,1999.9000,
	2026/03/30 15:45:15	,	856544	,	4154	,9.9512,1999.9000,-0.0453,1.4524,594913.7500,27.3743,604859.8750,1999.9000,
	2026/03/30 15:45:15	,	857544	,	4155	,9.9511,1999.9000,-0.0420,1.7250,594925.5000,27.3645,604821.8125,1999.9000,
	2026/03/30 15:45:15	,	858544	,	4156	,9.9510,1999.9000,-0.0398,2.0517,595095.5000,27.3563,604657.5625,1999.9000,
	2026/03/30 15:45:15	,	859544	,	4157	,9.9509,1999.9000,-0.0340,2.3239,595452.3750,27.3495,604380.9375,1999.9000,
	2026/03/30 15:45:15	,	860544	,	4158	,9.9507,1999.9000,-0.0309,2.3518,595471.3750,27.3453,604380.9375,1999.9000,
	2026/03/30 15:45:15	,	861544	,	4159	,9.9506,1999.9000,-0.0309,2.3750,595477.7500,27.3464,604380.9375,1999.9000,
	2026/03/30 15:45:15	,	862544	,	4160	,9.9506,1999.9000,-0.0309,2.3944,595480.9375,27.3473,604380.9375,1999.9000,
	2026/03/30 15:45:15	,	863544	,	4161	,9.9505,1999.9000,-0.0309,2.6095,595482.8125,27.3481,604380.9375,1999.9000,
	2026/03/30 15:45:15	,	864544	,	4162	,9.9503,1999.9000,-0.0309,2.7887,595484.0625,27.3487,604559.6875,1999.9000,
	2026/03/30 15:45:15	,	865544	,	4163	,9.9502,1999.9000,-0.0350,2.9381,595356.4375,27.3508,604708.2500,1999.9000,
	2026/03/30 15:45:15	,	866544	,	4164	,9.9501,1999.9000,-0.0386,3.0626,595329.0625,27.3525,604800.0625,1999.9000,
	2026/03/30 15:45:15	,	867544	,	4165	,9.9499,1999.9000,-0.0416,3.1663,595316.7500,27.3524,604887.0000,1999.9000,
	2026/03/30 15:45:15	,	868544	,	4166	,9.9497,1999.9000,-0.0447,3.2527,595198.5625,27.3523,605006.0000,1999.9000,
	2026/03/30 15:45:15	,	869544	,	4167	,9.9496,1999.9000,-0.0516,3.3248,594888.1250,27.3523,605295.3750,1999.9000,
	2026/03/30 15:45:15	,	870544	,	4168	,9.9494,1999.9000,-0.0589,3.3848,594708.8125,27.3522,605295.3750,1999.9000,
	2026/03/30 15:45:15	,	871544	,	4169	,9.9493,1999.9000,-0.0622,3.4348,594708.8125,27.3506,605295.3750,1999.9000,
	2026/03/30 15:45:15	,	872544	,	4170	,9.9490,1999.9000,-0.0622,3.4765,594708.8125,27.3493,605295.3750,1999.9000,
	2026/03/30 15:45:15	,	873544	,	4171	,9.9490,1999.9000,-0.0622,3.6107,594708.8125,27.3467,605295.3750,1999.9000,
	2026/03/30 15:45:15	,	874544	,	4172	,9.9489,1999.9000,-0.0622,3.9215,594708.8125,27.3445,605184.8125,1999.9000,
	2026/03/30 15:45:15	,	875544	,	4173	,9.9488,1999.9000,-0.0622,4.1805,594859.0000,27.3427,605008.4375,1999.9000,
	2026/03/30 15:45:15	,	876544	,	4174	,9.9486,1999.9000,-0.0594,4.1974,594887.2500,27.3412,604908.8125,1999.9000,
	2026/03/30 15:45:15	,	877544	,	4175	,9.9485,1999.9000,-0.0572,4.1120,594902.5000,27.3399,604806.1250,1999.9000,
	2026/03/30 15:45:15	,	878544	,	4176	,9.9484,1999.9000,-0.0562,3.9413,595003.1250,27.3389,604695.6250,1999.9000,
	2026/03/30 15:45:15	,	879544	,	4177	,9.9483,1999.9000,-0.0499,3.6997,595296.3125,27.3380,604451.5625,1999.9000,
	2026/03/30 15:45:15	,	880544	,	4178	,9.9482,1999.9000,-0.0437,3.2993,595587.6250,27.3373,604451.5625,1999.9000,
	2026/03/30 15:45:15	,	881544	,	4179	,9.9481,1999.9000,-0.0437,2.9657,595587.6250,27.3382,604451.5625,1999.9000,
	2026/03/30 15:45:15	,	882544	,	4180	,9.9480,1999.9000,-0.0437,2.4887,595587.6250,27.3389,604451.5625,1999.9000,
	2026/03/30 15:45:15	,	883544	,	4181	,9.9479,1999.9000,-0.0437,2.0912,595587.6250,27.3396,604451.5625,1999.9000,
	2026/03/30 15:45:15	,	884544	,	4182	,9.9478,1999.9000,-0.0437,1.7600,595587.6250,27.3401,604458.3125,1999.9000,
	2026/03/30 15:45:15	,	885544	,	4183	,9.9477,1999.9000,-0.0439,1.4840,595401.1250,27.3390,604678.1250,1999.9000,
	2026/03/30 15:45:15	,	886544	,	4184	,9.9476,1999.9000,-0.0487,1.3534,595309.4375,27.3397,604780.7500,1999.9000,
	2026/03/30 15:45:15	,	887544	,	4185	,9.9476,1999.9000,-0.0521,1.3441,595294.2500,27.3417,604867.7500,1999.9000,
	2026/03/30 15:45:15	,	888544	,	4186	,9.9474,1999.9000,-0.0552,1.3364,595276.4375,27.3434,604956.5625,1999.9000,
	2026/03/30 15:45:15	,	889544	,	4187	,9.9473,1999.9000,-0.0613,1.3299,595016.8750,27.3478,605189.6250,1999.9000,
	2026/03/30 15:45:15	,	890544	,	4188	,9.9472,1999.9000,-0.0696,1.3245,594659.9375,27.3485,605209.8750,1999.9000,
	2026/03/30 15:45:15	,	891544	,	4189	,9.9472,1999.9000,-0.0755,1.4195,594659.9375,27.3491,605216.6250,1999.9000,
	2026/03/30 15:45:15	,	892544	,	4190	,9.9471,1999.9000,-0.0755,1.3992,594659.9375,27.3496,605219.9375,1999.9000,
	2026/03/30 15:45:15	,	893544	,	4191	,9.9470,1999.9000,-0.0755,1.4817,594659.9375,27.3500,605222.0000,1999.9000,
	2026/03/30 15:45:15	,	894544	,	4192	,9.9470,1999.9000,-0.0755,1.5505,594659.9375,27.3533,605223.3750,1999.9000,
	2026/03/30 15:45:15	,	895544	,	4193	,9.9469,1999.9000,-0.0755,1.6078,594822.6250,27.3561,605028.4375,1999.9000,
	2026/03/30 15:45:15	,	896544	,	4194	,9.9468,1999.9000,-0.0752,1.5561,594907.7500,27.3585,604911.1875,1999.9000,
	2026/03/30 15:45:15	,	897544	,	4195	,9.9467,1999.9000,-0.0715,1.5130,594915.8125,27.3605,604817.0000,1999.9000,
	2026/03/30 15:45:15	,	898544	,	4196	,9.9467,1999.9000,-0.0707,1.4771,594926.8750,27.3621,604728.8125,1999.9000,
	2026/03/30 15:45:15	,	899544	,	4197	,9.9466,1999.9000,-0.0661,1.4472,595169.9375,27.3680,604550.6250,1999.9000,
	2026/03/30 15:45:15	,	900544	,	4198	,9.9465,1999.9000,-0.0594,1.1238,595550.6875,27.3730,604439.5000,1999.9000,
	2026/03/30 15:45:15	,	901544	,	4199	,9.9464,1999.9000,-0.0566,1.0533,595550.6875,27.3771,604439.5000,1999.9000,
	2026/03/30 15:45:15	,	902544	,	4200	,9.9464,1999.9000,-0.0566,0.9945,595550.6875,27.3806,604439.5000,1999.9000,
	2026/03/30 15:45:15	,	903544	,	4201	,9.9463,1999.9000,-0.0566,0.9456,595550.6875,27.3834,604439.5000,1999.9000,
	2026/03/30 15:45:15	,	904544	,	4202	,9.9462,1999.9000,-0.0566,0.7058,595550.6875,27.3858,604439.5000,1999.9000,
	2026/03/30 15:45:15	,	905544	,	4203	,9.9461,1999.9000,-0.0566,0.5060,595464.8750,27.3878,604643.0000,1999.9000,
	2026/03/30 15:45:15	,	906544	,	4204	,9.9461,1999.9000,-0.0600,0.5385,595350.5000,27.3895,604768.6250,1999.9000,
	2026/03/30 15:45:15	,	907544	,	4205	,9.9460,1999.9000,-0.0632,0.5655,595330.2500,27.3908,604858.6250,1999.9000,
	2026/03/30 15:45:15	,	908544	,	4206	,9.9459,1999.9000,-0.0660,0.5880,595312.3125,27.3950,604897.0000,1999.9000,
	2026/03/30 15:45:15	,	909544	,	4207	,9.9459,1999.9000,-0.0706,0.8058,595126.4375,27.3985,605109.9375,1999.9000,
	2026/03/30 15:45:15	,	910544	,	4208	,9.9458,1999.9000,-0.0788,0.9872,594788.6250,27.4015,605311.0625,1999.9000,
	2026/03/30 15:45:15	,	911544	,	4209	,9.9458,1999.9000,-0.0852,1.1384,594771.6875,27.4009,605311.0625,1999.9000,
	2026/03/30 15:45:15	,	912544	,	4210	,9.9458,1999.9000,-0.0856,1.2644,594766.0625,27.3988,605311.0625,1999.9000,
	2026/03/30 15:45:15	,	913544	,	4211	,9.9457,1999.9000,-0.0857,1.3694,594763.1875,27.3956,605311.0625,1999.9000,
	2026/03/30 15:45:15	,	914544	,	4212	,9.9457,1999.9000,-0.0858,1.4569,594761.5000,27.3929,605311.0625,1999.9000,
	2026/03/30 15:45:15	,	915544	,	4213	,9.9457,1999.9000,-0.0858,1.5298,594760.3125,27.3906,605082.7500,1999.9000,
	2026/03/30 15:45:15	,	916544	,	4214	,9.9457,1999.9000,-0.0858,1.7895,594888.7500,27.3887,604939.6250,1999.9000,
	2026/03/30 15:45:15	,	917544	,	4215	,9.9456,1999.9000,-0.0836,2.0060,594913.7500,27.3872,604835.6875,1999.9000,
	2026/03/30 15:45:15	,	918544	,	4216	,9.9456,1999.9000,-0.0826,1.9874,594927.8750,27.3859,604798.8750,1999.9000,
	2026/03/30 15:45:15	,	919544	,	4217	,9.9455,1999.9000,-0.0788,1.9719,595070.5000,27.3848,604623.1250,1999.9000,
	2026/03/30 15:45:15	,	920544	,	4218	,9.9454,1999.9000,-0.0722,1.8595,595422.0000,27.3839,604376.0625,1999.9000,
	2026/03/30 15:45:15	,	921544	,	4219	,9.9454,1999.9000,-0.0667,1.7658,595529.8750,27.3832,604376.0625,1999.9000,
	2026/03/30 15:45:15	,	922544	,	4220	,9.9453,1999.9000,-0.0667,1.5883,595529.8750,27.3887,604376.0625,1999.9000,
	2026/03/30 15:45:15	,	923544	,	4221	,9.9453,1999.9000,-0.0667,1.5399,595529.8750,27.3932,604376.0625,1999.9000,
	2026/03/30 15:45:15	,	924544	,	4222	,9.9453,1999.9000,-0.0667,1.4995,595529.8750,27.3970,604376.0625,1999.9000,
	2026/03/30 15:45:15	,	925544	,	4223	,9.9453,1999.9000,-0.0667,1.4658,595529.8750,27.4002,604598.3750,1999.9000,
	2026/03/30 15:45:15	,	926544	,	4224	,9.9452,1999.9000,-0.0697,1.4378,595371.9375,27.4028,604736.0625,1999.9000,
	2026/03/30 15:45:15	,	927544	,	4225	,9.9452,1999.9000,-0.0730,2.0113,595342.1875,27.4050,604828.4375,1999.9000,
	2026/03/30 15:45:15	,	928544	,	4226	,9.9452,1999.9000,-0.0759,2.5886,595325.4375,27.4084,604863.1875,1999.9000,
	2026/03/30 15:45:15	,	929544	,	4227	,9.9451,1999.9000,-0.0793,3.0698,595204.5625,27.4112,605022.3750,1999.9000,
	2026/03/30 15:45:15	,	930544	,	4228	,9.9451,1999.9000,-0.0864,3.4707,594910.2500,27.4136,605317.1250,1999.9000,
	2026/03/30 15:45:15	,	931544	,	4229	,9.9451,1999.9000,-0.0933,3.8048,594679.6250,27.4048,605317.1250,1999.9000,
	2026/03/30 15:45:15	,	932544	,	4230	,9.9450,1999.9000,-0.0943,3.9838,594679.6250,27.3975,605317.1250,1999.9000,
	2026/03/30 15:45:15	,	933544	,	4231	,9.9450,1999.9000,-0.0946,3.8345,594679.6250,27.3915,605317.1250,1999.9000,
	2026/03/30 15:45:15	,	934544	,	4232	,9.9450,1999.9000,-0.0948,3.7101,594679.6250,27.3864,605317.1250,1999.9000,
	2026/03/30 15:45:15	,	935544	,	4233	,9.9449,1999.9000,-0.0949,3.5070,594679.6250,27.3807,605146.8125,1999.9000,
	2026/03/30 15:45:15	,	936544	,	4234	,9.9449,1999.9000,-0.0950,3.1387,594845.8750,27.3744,604978.8750,1999.9000,
	2026/03/30 15:45:15	,	937544	,	4235	,9.9448,1999.9000,-0.0926,2.8319,594879.2500,27.3691,604871.9375,1999.9000,
	2026/03/30 15:45:15	,	938544	,	4236	,9.9448,1999.9000,-0.0916,2.5762,594895.5000,27.3647,604832.0625,1999.9000,
	2026/03/30 15:45:15	,	939544	,	4237	,9.9448,1999.9000,-0.0889,2.3631,594982.2500,27.3626,604688.3750,1999.9000,
	2026/03/30 15:45:15	,	940544	,	4238	,9.9448,1999.9000,-0.0839,2.1855,595270.6875,27.3608,604445.5625,1999.9000,
	2026/03/30 15:45:15	,	941544	,	4239	,9.9448,1999.9000,-0.0780,1.9380,595590.0000,27.3624,604445.5625,1999.9000,
	2026/03/30 15:45:15	,	942544	,	4240	,9.9448,1999.9000,-0.0780,1.2344,595590.0000,27.3637,604445.5625,1999.9000,
	2026/03/30 15:45:15	,	943544	,	4241	,9.9448,1999.9000,-0.0780,0.6481,595590.0000,27.3648,604445.5625,1999.9000,
	2026/03/30 15:45:15	,	944544	,	4242	,9.9448,1999.9000,-0.0780,0.1595,595590.0000,27.3657,604445.5625,1999.9000,
	2026/03/30 15:45:15	,	945544	,	4243	,9.9448,1999.9000,-0.0780,-0.2477,595590.0000,27.3665,604551.8750,1999.9000,
	2026/03/30 15:45:15	,	946544	,	4244	,9.9448,1999.9000,-0.0781,-0.2477,595407.0625,27.3641,604720.3125,1999.9000,
	2026/03/30 15:45:15	,	947544	,	4245	,9.9448,1999.9000,-0.0823,-0.8697,595320.6875,27.3605,604804.8750,1999.9000,
	2026/03/30 15:45:15	,	948544	,	4246	,9.9448,1999.9000,-0.0855,-1.0059,595302.2500,27.3575,604839.0000,1999.9000,
	2026/03/30 15:45:15	,	949544	,	4247	,9.9448,1999.9000,-0.0885,-1.1193,595280.0000,27.3551,604963.1875,1999.9000,
	2026/03/30 15:45:15	,	950544	,	4248	,9.9448,1999.9000,-0.0945,-1.2139,595038.2500,27.3530,605223.5000,1999.9000,
	2026/03/30 15:45:15	,	951544	,	4249	,9.9448,1999.9000,-0.1020,-1.2139,594684.9375,27.3530,605224.4375,1999.9000,
	2026/03/30 15:45:15	,	952544	,	4250	,9.9449,1999.9000,-0.1063,-0.9943,594684.9375,27.3530,605224.7500,1999.9000,
	2026/03/30 15:45:15	,	953544	,	4251	,9.9449,1999.9000,-0.1063,-0.6587,594684.9375,27.3589,605224.8125,1999.9000,
	2026/03/30 15:45:15	,	954544	,	4252	,9.9449,1999.9000,-0.1063,-0.6587,594684.9375,27.3639,605224.8750,1999.9000,
	2026/03/30 15:45:15	,	955544	,	4253	,9.9449,1999.9000,-0.1063,-0.4257,594684.9375,27.3680,605224.9375,1999.9000,
	2026/03/30 15:45:15	,	956544	,	4254	,9.9449,1999.9000,-0.1063,-0.4257,594802.3750,27.3714,605036.8125,1999.9000,
	2026/03/30 15:45:15	,	957544	,	4255	,9.9449,1999.9000,-0.1038,-0.3374,594887.5000,27.3758,604917.8750,1999.9000,
	2026/03/30 15:45:15	,	958544	,	4256	,9.9448,1999.9000,-0.1015,-0.2639,594900.6250,27.3780,604818.1875,1999.9000,
	2026/03/30 15:45:15	,	959544	,	4257	,9.9448,1999.9000,-0.1004,-0.2026,594915.3750,27.3797,604730.6250,1999.9000,
	2026/03/30 15:45:15	,	960544	,	4258	,9.9448,1999.9000,-0.0947,-0.2510,595141.3750,27.3812,604521.6250,1999.9000,
	2026/03/30 15:45:15	,	961544	,	4259	,9.9448,1999.9000,-0.0877,-0.2913,595526.2500,27.3824,604486.9375,1999.9000,
	2026/03/30 15:45:15	,	962544	,	4260	,9.9448,1999.9000,-0.0869,-0.3249,595526.2500,27.3824,604475.3750,1999.9000,
	2026/03/30 15:45:15	,	963544	,	4261	,9.9447,1999.9000,-0.0866,-0.5519,595526.2500,27.3835,604469.5625,1999.9000,
	2026/03/30 15:45:15	,	964544	,	4262	,9.9447,1999.9000,-0.0864,-0.7410,595526.2500,27.3843,604466.0625,1999.9000,
	2026/03/30 15:45:15	,	965544	,	4263	,9.9447,1999.9000,-0.0863,-0.8986,595526.2500,27.3850,604463.7500,1999.9000,
	2026/03/30 15:45:15	,	966544	,	4264	,9.9447,1999.9000,-0.0863,-1.0300,595516.7500,27.3871,604655.0625,1999.9000,
	2026/03/30 15:45:15	,	967544	,	4265	,9.9448,1999.9000,-0.0892,-0.9405,595334.4375,27.3889,604768.6250,1999.9000,
	2026/03/30 15:45:15	,	968544	,	4266	,9.9448,1999.9000,-0.0924,-0.8659,595310.8750,27.3904,604809.1250,1999.9000,
	2026/03/30 15:45:15	,	969544	,	4267	,9.9449,1999.9000,-0.0953,-0.2069,595295.2500,27.3901,604922.0625,1999.9000,
	2026/03/30 15:45:15	,	970544	,	4268	,9.9449,1999.9000,-0.1001,0.4418,595146.7500,27.3898,605128.6875,1999.9000,
	2026/03/30 15:45:15	,	971544	,	4269	,9.9450,1999.9000,-0.1083,0.9823,594811.8750,27.3896,605273.0000,1999.9000,
	2026/03/30 15:45:15	,	972544	,	4270	,9.9450,1999.9000,-0.1146,1.4327,594782.3125,27.3894,605273.0000,1999.9000,
	2026/03/30 15:45:15	,	973544	,	4271	,9.9451,1999.9000,-0.1148,1.8081,594772.5000,27.3893,605273.0000,1999.9000,
	2026/03/30 15:45:15	,	974544	,	4272	,9.9452,1999.9000,-0.1148,2.1209,594767.6250,27.3892,605273.0000,1999.9000,
	2026/03/30 15:45:15	,	975544	,	4273	,9.9453,1999.9000,-0.1149,2.0831,594764.6875,27.3891,605273.0000,1999.9000,
	2026/03/30 15:45:15	,	976544	,	4274	,9.9453,1999.9000,-0.1149,2.0517,594762.7500,27.3890,605273.0000,1999.9000,
	2026/03/30 15:45:15	,	977544	,	4275	,9.9454,1999.9000,-0.1149,2.0255,594882.1875,27.3859,605059.7500,1999.9000,
	2026/03/30 15:45:15	,	978544	,	4276	,9.9454,1999.9000,-0.1147,2.0036,594902.5000,27.3864,604928.1250,1999.9000,
	2026/03/30 15:45:15	,	979544	,	4277	,9.9454,1999.9000,-0.1144,1.7865,594911.1875,27.3867,604840.5625,1999.9000,
	2026/03/30 15:45:15	,	980544	,	4278	,9.9454,1999.9000,-0.1115,1.2076,595028.1250,27.3871,604805.8125,1999.9000,
	2026/03/30 15:45:15	,	981544	,	4279	,9.9455,1999.9000,-0.1062,0.7252,595365.3750,27.3889,604609.8125,1999.9000,
	2026/03/30 15:45:15	,	982544	,	4280	,9.9455,1999.9000,-0.1062,0.3233,595541.7500,27.3904,604380.3125,1999.9000,
	2026/03/30 15:45:15	,	983544	,	4281	,9.9455,1999.9000,-0.1062,0.3862,595541.7500,27.3916,604380.3125,1999.9000,
	2026/03/30 15:45:15	,	984544	,	4282	,9.9456,1999.9000,-0.1062,0.4386,595541.7500,27.3926,604380.3125,1999.9000,
	2026/03/30 15:45:15	,	985544	,	4283	,9.9457,1999.9000,-0.1062,0.4823,595541.7500,27.3934,604380.3125,1999.9000,
	2026/03/30 15:45:15	,	986544	,	4284	,9.9458,1999.9000,-0.1112,0.4192,595541.7500,27.4018,604380.3125,1999.9000,
	2026/03/30 15:45:15	,	987544	,	4285	,9.9459,1999.9000,-0.1174,0.3667,595386.2500,27.4088,604603.1875,1999.9000,
	2026/03/30 15:45:15	,	988544	,	4286	,9.9460,1999.9000,-0.1233,0.3229,595352.5625,27.4146,604743.8750,1999.9000,
	2026/03/30 15:45:15	,	989544	,	4287	,9.9460,1999.9000,-0.1286,0.3858,595337.7500,27.4194,604835.6875,1999.9000,
	2026/03/30 15:45:15	,	990544	,	4288	,9.9461,1999.9000,-0.1349,0.7367,595242.6875,27.4234,604871.0000,1999.9000,
	2026/03/30 15:45:15	,	991544	,	4289	,9.9462,1999.9000,-0.1453,1.0292,594974.5000,27.4237,605043.5000,1999.9000,
	2026/03/30 15:45:15	,	992544	,	4290	,9.9463,1999.9000,-0.1557,1.2728,594676.6250,27.4254,605346.6875,1999.9000,
	2026/03/30 15:45:15	,	993544	,	4291	,9.9463,1999.9000,-0.1641,1.4759,594676.6250,27.4285,605346.6875,1999.9000,
	2026/03/30 15:45:15	,	994544	,	4292	,9.9464,1999.9000,-0.1709,1.6451,594676.6250,27.4340,605346.6875,1999.9000,
	2026/03/30 15:45:15	,	995544	,	4293	,9.9465,1999.9000,-0.1714,2.1841,594676.6250,27.4387,605346.6875,1999.9000,
	2026/03/30 15:45:15	,	996544	,	4294	,9.9465,1999.9000,-0.1716,2.6331,594676.6250,27.4426,605346.6875,1999.9000,
	2026/03/30 15:45:15	,	997544	,	4295	,9.9466,1999.9000,-0.1717,2.6095,594854.1875,27.4412,605126.2500,1999.9000,
	2026/03/30 15:45:15	,	998544	,	4296	,9.9466,1999.9000,-0.1717,2.3908,594937.6250,27.4386,604874.3125,1999.9000,
	2026/03/30 15:45:15	,	999544	,	4297	,9.9467,1999.9000,-0.1717,2.2086,594944.1250,27.4363,604874.3125,1999.9000,
	2026/03/30 15:45:16	,	000544	,	4298	,9.9468,1999.9000,-0.1716,1.8578,594960.4375,27.4360,604785.0000,1999.9000,
	2026/03/30 15:45:16	,	001544	,	4299	,9.9469,1999.9000,-0.1662,1.5655,595251.0000,27.4281,604661.7500,1999.9000,
	2026/03/30 15:45:16	,	002544	,	4300	,9.9469,1999.9000,-0.1605,1.3219,595619.7500,27.4185,604397.2500,1999.9000,
	2026/03/30 15:45:16	,	003544	,	4301	,9.9470,1999.9000,-0.1605,1.1189,595619.7500,27.4028,604397.2500,1999.9000,
	2026/03/30 15:45:16	,	004544	,	4302	,9.9471,1999.9000,-0.1605,0.9497,595619.7500,27.3898,604397.2500,1999.9000,
	2026/03/30 15:45:16	,	005544	,	4303	,9.9472,1999.9000,-0.1605,1.0077,595619.7500,27.3804,604397.2500,1999.9000,
	2026/03/30 15:45:16	,	006544	,	4304	,9.9473,1999.9000,-0.1605,1.0560,595619.7500,27.3726,604397.2500,1999.9000,
	2026/03/30 15:45:16	,	007544	,	4305	,9.9475,1999.9000,-0.1605,1.1957,595421.3750,27.3661,604548.8125,1999.9000,
	2026/03/30 15:45:16	,	008544	,	4306	,9.9476,1999.9000,-0.1609,1.3122,595323.0625,27.3607,604689.5625,1999.9000,
	2026/03/30 15:45:16	,	009544	,	4307	,9.9478,1999.9000,-0.1661,1.8071,595309.7500,27.3562,604781.3125,1999.9000,
	2026/03/30 15:45:16	,	010544	,	4308	,9.9479,1999.9000,-0.1692,1.8217,595294.1875,27.3509,604870.1250,1999.9000,
	2026/03/30 15:45:16	,	011544	,	4309	,9.9480,1999.9000,-0.1720,1.7343,595072.8750,27.3480,604980.6875,1999.9000,
	2026/03/30 15:45:16	,	012544	,	4310	,9.9481,1999.9000,-0.1779,1.6615,594716.5625,27.3456,605262.7500,1999.9000,
	2026/03/30 15:45:16	,	013544	,	4311	,9.9482,1999.9000,-0.1857,1.6009,594716.5625,27.3421,605262.7500,1999.9000,
	2026/03/30 15:45:16	,	014544	,	4312	,9.9484,1999.9000,-0.1907,1.3514,594716.5625,27.3392,605262.7500,1999.9000,
	2026/03/30 15:45:16	,	015544	,	4313	,9.9485,1999.9000,-0.1907,1.1435,594716.5625,27.3428,605262.7500,1999.9000,
	2026/03/30 15:45:16	,	016544	,	4314	,9.9486,1999.9000,-0.1907,0.9702,594716.5625,27.3459,605262.7500,1999.9000,
	2026/03/30 15:45:16	,	017544	,	4315	,9.9487,1999.9000,-0.1907,0.5274,594726.5000,27.3453,605249.8750,1999.9000,
	2026/03/30 15:45:16	,	018544	,	4316	,9.9489,1999.9000,-0.1907,0.1584,594726.5000,27.3419,605002.4375,1999.9000,
	2026/03/30 15:45:16	,	019544	,	4317	,9.9490,1999.9000,-0.1881,-0.1491,594901.2500,27.3420,604900.3125,1999.9000,
	2026/03/30 15:45:16	,	020544	,	4318	,9.9491,1999.9000,-0.1871,-0.4054,594924.5000,27.3421,604815.1250,1999.9000,
	2026/03/30 15:45:16	,	021544	,	4319	,9.9492,1999.9000,-0.1845,-0.6189,594941.1250,27.3499,604728.1875,1999.9000,
	2026/03/30 15:45:16	,	022544	,	4320	,9.9493,1999.9000,-0.1803,-0.5979,595133.0625,27.3563,604499.9375,1999.9000,
	2026/03/30 15:45:16	,	023544	,	4321	,9.9495,1999.9000,-0.1736,-0.4810,595501.2500,27.3541,604490.5000,1999.9000,
	2026/03/30 15:45:16	,	024544	,	4322	,9.9496,1999.9000,-0.1727,-0.3835,595502.3750,27.3522,604487.3750,1999.9000,
	2026/03/30 15:45:16	,	025544	,	4323	,9.9497,1999.9000,-0.1725,0.1951,595502.8125,27.3568,604485.8125,1999.9000,
	2026/03/30 15:45:16	,	026544	,	4324	,9.9499,1999.9000,-0.1723,0.6773,595503.0000,27.3621,604484.8750,1999.9000,
	2026/03/30 15:45:16	,	027544	,	4325	,9.9501,1999.9000,-0.1723,0.7806,595503.1250,27.3695,604484.2500,1999.9000,
	2026/03/30 15:45:16	,	028544	,	4326	,9.9502,1999.9000,-0.1722,0.8668,595503.1875,27.3758,604668.3750,1999.9000,
	2026/03/30 15:45:16	,	029544	,	4327	,9.9503,1999.9000,-0.1754,0.9386,595370.7500,27.3794,604765.0625,1999.9000,
	2026/03/30 15:45:16	,	030544	,	4328	,9.9505,1999.9000,-0.1787,1.2968,595348.6875,27.3810,604852.6250,1999.9000,
	2026/03/30 15:45:16	,	031544	,	4329	,9.9507,1999.9000,-0.1818,1.5954,595337.6250,27.3823,604938.4375,1999.9000,
	2026/03/30 15:45:16	,	032544	,	4330	,9.9508,1999.9000,-0.1867,1.9436,595199.1875,27.3833,605152.2500,1999.9000,
	2026/03/30 15:45:16	,	033544	,	4331	,9.9510,1999.9000,-0.1950,2.2339,594875.6250,27.3842,605258.5000,1999.9000,
	2026/03/30 15:45:16	,	034544	,	4332	,9.9511,1999.9000,-0.2013,2.0778,594751.6875,27.3758,605258.5000,1999.9000,
	2026/03/30 15:45:16	,	035544	,	4333	,9.9513,1999.9000,-0.2018,1.9478,594751.6875,27.3687,605258.5000,1999.9000,
	2026/03/30 15:45:16	,	036544	,	4334	,9.9514,1999.9000,-0.2019,1.8394,594751.6875,27.3629,605258.5000,1999.9000,
	2026/03/30 15:45:16	,	037544	,	4335	,9.9516,1999.9000,-0.2020,1.6496,594751.6875,27.3565,605258.5000,1999.9000,
	2026/03/30 15:45:16	,	038544	,	4336	,9.9518,1999.9000,-0.2021,1.4915,594751.6875,27.3511,605055.5625,1999.9000,
	2026/03/30 15:45:16	,	039544	,	4337	,9.9520,1999.9000,-0.2021,1.3597,594901.2500,27.3482,604932.3750,1999.9000,
	2026/03/30 15:45:16	,	040544	,	4338	,9.9521,1999.9000,-0.2018,0.7525,594935.2500,27.3519,604836.3125,1999.9000,
	2026/03/30 15:45:16	,	041544	,	4339	,9.9523,1999.9000,-0.1990,0.2465,594935.2500,27.3550,604795.8750,1999.9000,
	2026/03/30 15:45:16	,	042544	,	4340	,9.9525,1999.9000,-0.1963,-0.1752,595044.8750,27.3575,604572.3750,1999.9000,
	2026/03/30 15:45:16	,	043544	,	4341	,9.9525,1999.9000,-0.1899,-0.5266,595342.7500,27.3597,604423.1250,1999.9000,
	2026/03/30 15:45:16	,	044544	,	4342	,9.9527,1999.9000,-0.1872,-0.8194,595581.1250,27.3599,604423.1250,1999.9000,
	2026/03/30 15:45:16	,	045544	,	4343	,9.9529,1999.9000,-0.1872,-0.7650,595581.1250,27.3601,604423.1250,1999.9000,
	2026/03/30 15:45:16	,	046544	,	4344	,9.9532,1999.9000,-0.1872,-0.5207,595581.1250,27.3603,604423.1250,1999.9000,
	2026/03/30 15:45:16	,	047544	,	4345	,9.9534,1999.9000,-0.1872,-0.3171,595581.1250,27.3604,604423.1250,1999.9000,
	2026/03/30 15:45:16	,	048544	,	4346	,9.9534,1999.9000,-0.1872,-0.2470,595581.1250,27.3605,604630.3750,1999.9000,
	2026/03/30 15:45:16	,	049544	,	4347	,9.9537,1999.9000,-0.1913,-0.1885,595404.6875,27.3591,604744.5000,1999.9000,
	2026/03/30 15:45:16	,	050544	,	4348	,9.9539,1999.9000,-0.1950,-0.1398,595320.6875,27.3579,604828.4375,1999.9000,
	2026/03/30 15:45:16	,	051544	,	4349	,9.9540,1999.9000,-0.1981,-0.0992,595304.0000,27.3569,604865.9375,1999.9000,
	2026/03/30 15:45:16	,	052544	,	4350	,9.9542,1999.9000,-0.2018,-0.0653,595280.0000,27.3561,605073.6875,1999.9000,
	2026/03/30 15:45:16	,	053544	,	4351	,9.9544,1999.9000,-0.2095,-0.0371,594985.2500,27.3554,605323.7500,1999.9000,
	2026/03/30 15:45:16	,	054544	,	4352	,9.9546,1999.9000,-0.2169,-0.0136,594653.4375,27.3548,605323.7500,1999.9000,
	2026/03/30 15:45:16	,	055544	,	4353	,9.9548,1999.9000,-0.2209,-0.1930,594653.4375,27.3558,605323.7500,1999.9000,
	2026/03/30 15:45:16	,	056544	,	4354	,9.9548,1999.9000,-0.2209,-0.3425,594653.4375,27.3567,605323.7500,1999.9000,
	2026/03/30 15:45:16	,	057544	,	4355	,9.9550,1999.9000,-0.2209,-0.4670,594653.4375,27.3574,605323.7500,1999.9000,
	2026/03/30 15:45:16	,	058544	,	4356	,9.9552,1999.9000,-0.2209,-0.6703,594653.4375,27.3626,605085.7500,1999.9000,
	2026/03/30 15:45:16	,	059544	,	4357	,9.9555,1999.9000,-0.2209,-0.7402,594830.9375,27.3670,604940.8125,1999.9000,
	2026/03/30 15:45:16	,	060544	,	4358	,9.9558,1999.9000,-0.2185,-0.8980,594911.3750,27.3675,604842.3750,1999.9000,
	2026/03/30 15:45:16	,	061544	,	4359	,9.9561,1999.9000,-0.2175,-1.1289,594924.5000,27.3680,604801.8750,1999.9000,
	2026/03/30 15:45:16	,	062544	,	4360	,9.9563,1999.9000,-0.2144,-1.3213,594942.7500,27.3714,604627.3125,1999.9000,
	2026/03/30 15:45:16	,	063544	,	4361	,9.9565,1999.9000,-0.2091,-1.6806,595207.5000,27.3743,604349.5000,1999.9000,
	2026/03/30 15:45:16	,	064544	,	4362	,9.9567,1999.9000,-0.2038,-1.9801,595580.5000,27.3767,604349.5000,1999.9000,
	2026/03/30 15:45:16	,	065544	,	4363	,9.9569,1999.9000,-0.2038,-2.2296,595580.5000,27.3817,604349.5000,1999.9000,
	2026/03/30 15:45:16	,	066544	,	4364	,9.9572,1999.9000,-0.2038,-2.2386,595580.5000,27.3859,604349.5000,1999.9000,
	2026/03/30 15:45:16	,	067544	,	4365	,9.9574,1999.9000,-0.2038,-2.2461,595580.5000,27.3833,604349.5000,1999.9000,
	2026/03/30 15:45:16	,	068544	,	4366	,9.9577,1999.9000,-0.2038,-2.2523,595580.5000,27.3842,604563.3125,1999.9000,
	2026/03/30 15:45:16	,	069544	,	4367	,9.9579,1999.9000,-0.2072,-2.1580,595479.8125,27.3880,604717.9375,1999.9000,
	2026/03/30 15:45:16	,	070544	,	4368	,9.9581,1999.9000,-0.2108,-2.0795,595375.5625,27.3896,604814.0000,1999.9000,
	2026/03/30 15:45:16	,	071544	,	4369	,9.9583,1999.9000,-0.2143,-1.9145,595354.6875,27.3894,604907.6250,1999.9000,
	2026/03/30 15:45:16	,	072544	,	4370	,9.9586,1999.9000,-0.2176,-1.4786,595335.3750,27.3893,605026.0000,1999.9000,
	2026/03/30 15:45:16	,	073544	,	4371	,9.9588,1999.9000,-0.2242,-1.1154,595131.2500,27.3831,605306.2500,1999.9000,
	2026/03/30 15:45:16	,	074544	,	4372	,9.9590,1999.9000,-0.2320,-0.8127,594774.9375,27.3748,605306.2500,1999.9000,
	2026/03/30 15:45:16	,	075544	,	4373	,9.9593,1999.9000,-0.2374,-0.5605,594774.9375,27.3680,605306.2500,1999.9000,
	2026/03/30 15:45:16	,	076544	,	4374	,9.9595,1999.9000,-0.2374,-0.3503,594774.9375,27.3699,605306.2500,1999.9000,
	2026/03/30 15:45:16	,	077544	,	4375	,9.9598,1999.9000,-0.2374,-0.1751,594774.9375,27.3699,605306.2500,1999.9000,
	2026/03/30 15:45:16	,	078544	,	4376	,9.9601,1999.9000,-0.2374,-0.2281,594774.9375,27.3700,605147.3750,1999.9000,
	2026/03/30 15:45:16	,	079544	,	4377	,9.9603,1999.9000,-0.2374,-0.2722,594779.5625,27.3701,604983.0625,1999.9000,
	2026/03/30 15:45:16	,	080544	,	4378	,9.9606,1999.9000,-0.2373,-0.3090,594916.1250,27.3701,604870.7500,1999.9000,
	2026/03/30 15:45:16	,	081544	,	4379	,9.9609,1999.9000,-0.2342,-0.3397,594934.3125,27.3717,604779.5000,1999.9000,
	2026/03/30 15:45:16	,	082544	,	4380	,9.9612,1999.9000,-0.2333,-0.1663,594944.9375,27.3729,604687.1250,1999.9000,
	2026/03/30 15:45:16	,	083544	,	4381	,9.9614,1999.9000,-0.2282,0.0777,595106.1875,27.3756,604449.7500,1999.9000,
	2026/03/30 15:45:16	,	084544	,	4382	,9.9616,1999.9000,-0.2218,0.3805,595463.6875,27.3792,604449.7500,1999.9000,
	2026/03/30 15:45:16	,	085544	,	4383	,9.9619,1999.9000,-0.2216,0.6328,595495.9375,27.3823,604449.7500,1999.9000,
	2026/03/30 15:45:16	,	086544	,	4384	,9.9622,1999.9000,-0.2216,0.8431,595506.6250,27.3849,604449.7500,1999.9000,
	2026/03/30 15:45:16	,	087544	,	4385	,9.9624,1999.9000,-0.2216,1.2172,595512.0000,27.3870,604449.7500,1999.9000,
	2026/03/30 15:45:16	,	088544	,	4386	,9.9626,1999.9000,-0.2215,2.0264,595515.1875,27.3870,604458.8750,1999.9000,
	2026/03/30 15:45:16	,	089544	,	4387	,9.9628,1999.9000,-0.2215,2.7007,595517.3125,27.3946,604682.9375,1999.9000,
	2026/03/30 15:45:16	,	090544	,	4388	,9.9631,1999.9000,-0.2253,2.7653,595382.6875,27.4043,604776.5000,1999.9000,
	2026/03/30 15:45:16	,	091544	,	4389	,9.9634,1999.9000,-0.2288,2.5207,595348.1875,27.4124,604810.3125,1999.9000,
	2026/03/30 15:45:16	,	092544	,	4390	,9.9636,1999.9000,-0.2320,2.3168,595327.3125,27.4130,604925.1250,1999.9000,
	2026/03/30 15:45:16	,	093544	,	4391	,9.9639,1999.9000,-0.2374,2.1469,595195.5625,27.4104,605178.7500,1999.9000,
	2026/03/30 15:45:16	,	094544	,	4392	,9.9642,1999.9000,-0.2461,2.0054,594893.5000,27.3992,605214.1250,1999.9000,
	2026/03/30 15:45:16	,	095544	,	4393	,9.9645,1999.9000,-0.2527,1.8874,594704.0625,27.3913,605225.9375,1999.9000,
	2026/03/30 15:45:16	,	096544	,	4394	,9.9647,1999.9000,-0.2535,1.6896,594704.0625,27.3913,605231.8125,1999.9000,
	2026/03/30 15:45:16	,	097544	,	4395	,9.9650,1999.9000,-0.2538,1.5248,594704.0625,27.3847,605235.3750,1999.9000,
	2026/03/30 15:45:16	,	098544	,	4396	,9.9652,1999.9000,-0.2539,1.3875,594704.0625,27.3777,605237.6875,1999.9000,
	2026/03/30 15:45:16	,	099544	,	4397	,9.9655,1999.9000,-0.2540,1.3725,594704.0625,27.3704,605050.1250,1999.9000,
	2026/03/30 15:45:16	,	100544	,	4398	,9.9658,1999.9000,-0.2541,1.3600,594850.6250,27.3643,604926.9375,1999.9000,
	2026/03/30 15:45:16	,	101544	,	4399	,9.9661,1999.9000,-0.2538,1.3496,594880.6875,27.3592,604822.4375,1999.9000,
	2026/03/30 15:45:16	,	102544	,	4400	,9.9665,1999.9000,-0.2517,0.5451,594896.2500,27.3564,604727.0000,1999.9000,
	2026/03/30 15:45:16	,	103544	,	4401	,9.9667,1999.9000,-0.2491,-0.1253,595004.9375,27.3557,604537.9375,1999.9000,
	2026/03/30 15:45:16	,	104544	,	4402	,9.9670,1999.9000,-0.2426,-0.4850,595310.5625,27.3597,604441.8750,1999.9000,
	2026/03/30 15:45:16	,	105544	,	4403	,9.9673,1999.9000,-0.2382,-0.7847,595592.3750,27.3629,604441.8750,1999.9000,
	2026/03/30 15:45:16	,	106544	,	4404	,9.9676,1999.9000,-0.2382,-1.2335,595592.3750,27.3657,604441.8750,1999.9000,
	2026/03/30 15:45:16	,	107544	,	4405	,9.9679,1999.9000,-0.2382,-1.6074,595592.3750,27.3680,604441.8750,1999.9000,
	2026/03/30 15:45:16	,	108544	,	4406	,9.9683,1999.9000,-0.2382,-1.9190,595592.3750,27.3714,604441.8750,1999.9000,
	2026/03/30 15:45:16	,	109544	,	4407	,9.9686,1999.9000,-0.2382,-2.0793,595592.3750,27.3743,604646.6875,1999.9000,
	2026/03/30 15:45:16	,	110544	,	4408	,9.9689,1999.9000,-0.2416,-2.1133,595422.0000,27.3767,604771.6875,1999.9000,
	2026/03/30 15:45:16	,	111544	,	4409	,9.9692,1999.9000,-0.2446,-2.0422,595330.8125,27.3771,604859.8750,1999.9000,
	2026/03/30 15:45:16	,	112544	,	4410	,9.9695,1999.9000,-0.2472,-1.5850,595318.8750,27.3760,604896.7500,1999.9000,
	2026/03/30 15:45:16	,	113544	,	4411	,9.9698,1999.9000,-0.2510,-1.2041,595301.8125,27.3750,605113.5625,1999.9000,
	2026/03/30 15:45:16	,	114544	,	4412	,9.9702,1999.9000,-0.2591,-0.7871,595048.4375,27.3742,605318.3125,1999.9000,
	2026/03/30 15:45:16	,	115544	,	4413	,9.9705,1999.9000,-0.2665,-0.4397,594688.5625,27.3736,605318.3125,1999.9000,
	2026/03/30 15:45:16	,	116544	,	4414	,9.9709,1999.9000,-0.2702,-0.2496,594688.5625,27.3715,605318.3125,1999.9000,
	2026/03/30 15:45:16	,	117544	,	4415	,9.9712,1999.9000,-0.2702,-0.4891,594688.5625,27.3698,605318.3125,1999.9000,
	2026/03/30 15:45:16	,	118544	,	4416	,9.9715,1999.9000,-0.2702,-0.1913,594688.5625,27.3683,605318.3125,1999.9000,
	2026/03/30 15:45:16	,	119544	,	4417	,9.9718,1999.9000,-0.2702,0.3552,594688.5625,27.3671,605091.8125,1999.9000,
	2026/03/30 15:45:16	,	120544	,	4418	,9.9721,1999.9000,-0.2702,0.8107,594826.7500,27.3661,604963.1875,1999.9000,
	2026/03/30 15:45:16	,	121544	,	4419	,9.9725,1999.9000,-0.2699,0.0961,594915.5000,27.3653,604856.2500,1999.9000,
	2026/03/30 15:45:16	,	122544	,	4420	,9.9728,1999.9000,-0.2673,-0.4995,594931.3125,27.3646,604758.3750,1999.9000,
	2026/03/30 15:45:16	,	123544	,	4421	,9.9730,1999.9000,-0.2665,-0.9958,594947.9375,27.3610,604614.6250,1999.9000,
	2026/03/30 15:45:16	,	124544	,	4422	,9.9733,1999.9000,-0.2603,-1.4093,595189.6250,27.3579,604390.5625,1999.9000,
	2026/03/30 15:45:16	,	125544	,	4423	,9.9736,1999.9000,-0.2554,-1.6545,595566.1875,27.3569,604390.5625,1999.9000,
	2026/03/30 15:45:16	,	126544	,	4424	,9.9739,1999.9000,-0.2554,-1.2620,595566.1875,27.3576,604390.5625,1999.9000,
	2026/03/30 15:45:16	,	127544	,	4425	,9.9742,1999.9000,-0.2554,-0.9349,595566.1875,27.3582,604390.5625,1999.9000,
	2026/03/30 15:45:16	,	128544	,	4426	,9.9746,1999.9000,-0.2554,-0.6623,595566.1875,27.3587,604390.5625,1999.9000,
	2026/03/30 15:45:16	,	129544	,	4427	,9.9750,1999.9000,-0.2554,-0.4351,595566.1875,27.3591,604390.5625,1999.9000,
	2026/03/30 15:45:16	,	130544	,	4428	,9.9753,1999.9000,-0.2598,-0.2458,595466.6875,27.3594,604602.5625,1999.9000,
	2026/03/30 15:45:16	,	131544	,	4429	,9.9757,1999.9000,-0.2638,-0.0880,595348.6875,27.3597,604734.8750,1999.9000,
	2026/03/30 15:45:16	,	132544	,	4430	,9.9761,1999.9000,-0.2674,0.0434,595328.1250,27.3599,604820.6250,1999.9000,
	2026/03/30 15:45:16	,	133544	,	4431	,9.9765,1999.9000,-0.2708,0.1530,595314.3125,27.3601,604859.8750,1999.9000,
	2026/03/30 15:45:16	,	134544	,	4432	,9.9769,1999.9000,-0.2779,0.2443,595143.7500,27.3603,605026.0000,1999.9000,
	2026/03/30 15:45:16	,	135544	,	4433	,9.9773,1999.9000,-0.2864,0.4198,594783.8750,27.3604,605323.1250,1999.9000,
	2026/03/30 15:45:16	,	136544	,	4434	,9.9776,1999.9000,-0.2924,0.7651,594780.0000,27.3605,605323.1250,1999.9000,
	2026/03/30 15:45:16	,	137544	,	4435	,9.9779,1999.9000,-0.2924,1.0528,594778.7500,27.3606,605323.1250,1999.9000,
	2026/03/30 15:45:16	,	138544	,	4436	,9.9783,1999.9000,-0.2924,1.2925,594778.0625,27.3622,605323.1250,1999.9000,
	2026/03/30 15:45:16	,	139544	,	4437	,9.9787,1999.9000,-0.2924,1.4923,594777.6875,27.3636,605323.1250,1999.9000,
	2026/03/30 15:45:16	,	140544	,	4438	,9.9790,1999.9000,-0.2924,1.6588,594777.4375,27.3647,605128.0625,1999.9000,
	2026/03/30 15:45:16	,	141544	,	4439	,9.9794,1999.9000,-0.2922,1.7975,594897.1250,27.3656,604960.1250,1999.9000,
	2026/03/30 15:45:16	,	142544	,	4440	,9.9797,1999.9000,-0.2894,2.0126,594917.9375,27.3664,604860.5000,1999.9000,
	2026/03/30 15:45:16	,	143544	,	4441	,9.9800,1999.9000,-0.2886,2.1919,594928.8125,27.3685,604775.9375,1999.9000,
	2026/03/30 15:45:16	,	144544	,	4442	,9.9804,1999.9000,-0.2832,2.3412,595057.3750,27.3704,604670.2500,1999.9000,
	2026/03/30 15:45:16	,	145544	,	4443	,9.9807,1999.9000,-0.2765,2.3662,595401.7500,27.3703,604425.6250,1999.9000,
	2026/03/30 15:45:16	,	146544	,	4444	,9.9811,1999.9000,-0.2765,2.4866,595537.0000,27.3642,604425.6250,1999.9000,
	2026/03/30 15:45:16	,	147544	,	4445	,9.9815,1999.9000,-0.2765,2.5868,595537.0000,27.3591,604425.6250,1999.9000,
	2026/03/30 15:45:16	,	148544	,	4446	,9.9819,1999.9000,-0.2765,2.6704,595537.0000,27.3549,604425.6250,1999.9000,
	2026/03/30 15:45:16	,	149544	,	4447	,9.9823,1999.9000,-0.2765,2.5410,595537.0000,27.3513,604425.6250,1999.9000,
	2026/03/30 15:45:16	,	150544	,	4448	,9.9827,1999.9000,-0.2765,2.4333,595537.0000,27.3484,604525.2500,1999.9000,
	2026/03/30 15:45:16	,	151544	,	4449	,9.9831,1999.9000,-0.2801,2.3435,595388.6250,27.3490,604698.6250,1999.9000,
	2026/03/30 15:45:16	,	152544	,	4450	,9.9835,1999.9000,-0.2835,2.2686,595355.2500,27.3495,604797.0625,1999.9000,
	2026/03/30 15:45:16	,	153544	,	4451	,9.9839,1999.9000,-0.2867,2.2062,595336.1875,27.3499,604830.8750,1999.9000,
	2026/03/30 15:45:16	,	154544	,	4452	,9.9843,1999.9000,-0.2923,2.1543,595221.1875,27.3502,604961.3750,1999.9000,
	2026/03/30 15:45:16	,	155544	,	4453	,9.9848,1999.9000,-0.3010,1.9120,594931.6250,27.3505,605220.4375,1999.9000,
	2026/03/30 15:45:16	,	156544	,	4454	,9.9852,1999.9000,-0.3077,1.9091,594699.8750,27.3507,605220.4375,1999.9000,
	2026/03/30 15:45:16	,	157544	,	4455	,9.9857,1999.9000,-0.3082,2.1056,594699.8750,27.3525,605220.4375,1999.9000,
	2026/03/30 15:45:16	,	158544	,	4456	,9.9860,1999.9000,-0.3084,2.3688,594699.8750,27.3539,605220.4375,1999.9000,
	2026/03/30 15:45:16	,	159544	,	4457	,9.9865,1999.9000,-0.3085,2.5882,594699.8750,27.3551,605220.4375,1999.9000,
	2026/03/30 15:45:16	,	160544	,	4458	,9.9869,1999.9000,-0.3085,2.7710,594699.8750,27.3546,605220.0000,1999.9000,
	2026/03/30 15:45:16	,	161544	,	4459	,9.9872,1999.9000,-0.3086,2.6249,594859.5000,27.3542,605018.6875,1999.9000,
	2026/03/30 15:45:16	,	162544	,	4460	,9.9876,1999.9000,-0.3083,2.5031,594895.2500,27.3538,604891.3125,1999.9000,
	2026/03/30 15:45:16	,	163544	,	4461	,9.9880,1999.9000,-0.3058,2.4017,594914.5625,27.3611,604794.0625,1999.9000,
	2026/03/30 15:45:16	,	164544	,	4462	,9.9884,1999.9000,-0.3035,2.3171,595009.1250,27.3672,604754.8125,1999.9000,
	2026/03/30 15:45:16	,	165544	,	4463	,9.9889,1999.9000,-0.2976,2.0477,595283.8125,27.3723,604515.0000,1999.9000,
	2026/03/30 15:45:16	,	166544	,	4464	,9.9893,1999.9000,-0.2968,1.7238,595608.5000,27.3750,604479.0625,1999.9000,
	2026/03/30 15:45:16	,	167544	,	4465	,9.9897,1999.9000,-0.2966,1.3543,595608.5000,27.3773,604467.0625,1999.9000,
	2026/03/30 15:45:16	,	168544	,	4466	,9.9901,1999.9000,-0.2964,1.0464,595608.5000,27.3792,604461.0625,1999.9000,
	2026/03/30 15:45:16	,	169544	,	4467	,9.9905,1999.9000,-0.2964,0.7899,595608.5000,27.3807,604457.5000,1999.9000,
	2026/03/30 15:45:16	,	170544	,	4468	,9.9909,1999.9000,-0.2963,0.5761,595608.5000,27.3820,604455.0625,1999.9000,
	2026/03/30 15:45:16	,	171544	,	4469	,9.9913,1999.9000,-0.3002,0.4974,595435.6875,27.3831,604642.4375,1999.9000,
	2026/03/30 15:45:16	,	172544	,	4470	,9.9918,1999.9000,-0.3038,0.5313,595342.1875,27.3840,604759.6250,1999.9000,
	2026/03/30 15:45:16	,	173544	,	4471	,9.9922,1999.9000,-0.3067,1.1563,595330.2500,27.3848,604850.8125,1999.9000,
	2026/03/30 15:45:16	,	174544	,	4472	,9.9926,1999.9000,-0.3103,1.6772,595313.9375,27.3855,604937.8125,1999.9000,
	2026/03/30 15:45:16	,	175544	,	4473	,9.9931,1999.9000,-0.3181,1.6772,595077.6250,27.3875,605136.5000,1999.9000,
	2026/03/30 15:45:16	,	176544	,	4474	,9.9934,1999.9000,-0.3253,2.2108,594705.2500,27.3892,605261.5000,1999.9000,
	2026/03/30 15:45:16	,	177544	,	4475	,9.9939,1999.9000,-0.3296,2.6554,594705.2500,27.3906,605261.5000,1999.9000,
	2026/03/30 15:45:16	,	178544	,	4476	,9.9943,1999.9000,-0.3296,3.0260,594705.2500,27.3857,605261.5000,1999.9000,
	2026/03/30 15:45:16	,	179544	,	4477	,9.9947,1999.9000,-0.3296,3.2353,594705.2500,27.3816,605261.5000,1999.9000,
	2026/03/30 15:45:16	,	180544	,	4478	,9.9951,1999.9000,-0.3296,3.2107,594705.2500,27.3767,605261.5000,1999.9000,
	2026/03/30 15:45:16	,	181544	,	4479	,9.9956,1999.9000,-0.3296,2.8919,594718.3750,27.3725,605038.6875,1999.9000,
	2026/03/30 15:45:16	,	182544	,	4480	,9.9960,1999.9000,-0.3293,2.6262,594903.6250,27.3676,604914.2500,1999.9000,
	2026/03/30 15:45:16	,	183544	,	4481	,9.9964,1999.9000,-0.3266,2.4047,594919.7500,27.3635,604829.6875,1999.9000,
	2026/03/30 15:45:16	,	184544	,	4482	,9.9968,1999.9000,-0.3258,2.0213,594933.5625,27.3600,604792.1875,1999.9000,
	2026/03/30 15:45:16	,	185544	,	4483	,9.9973,1999.9000,-0.3198,1.3038,595152.0625,27.3571,604602.5625,1999.9000,
	2026/03/30 15:45:16	,	186544	,	4484	,9.9977,1999.9000,-0.3147,1.1038,595532.8125,27.3547,604399.0000,1999.9000,
	2026/03/30 15:45:16	,	187544	,	4485	,9.9981,1999.9000,-0.3147,1.0366,595532.8125,27.3558,604399.0000,1999.9000,
	2026/03/30 15:45:16	,	188544	,	4486	,9.9985,1999.9000,-0.3147,1.0801,595532.8125,27.3567,604399.0000,1999.9000,
	2026/03/30 15:45:16	,	189544	,	4487	,9.9989,1999.9000,-0.3147,1.2158,595532.8125,27.3605,604399.0000,1999.9000,
	2026/03/30 15:45:16	,	190544	,	4488	,9.9994,1999.9000,-0.3147,1.4284,595532.8125,27.3636,604399.0000,1999.9000,
	2026/03/30 15:45:16	,	191544	,	4489	,10.0000,1999.9000,-0.3147,1.6055,595526.1875,27.3663,604627.9375,1999.9000,
	2026/03/30 15:45:16	,	192544	,	4490	,10.0005,1999.9000,-0.3181,1.8526,595367.8125,27.3654,604751.7500,1999.9000,
	2026/03/30 15:45:16	,	193544	,	4491	,10.0009,1999.9000,-0.3215,2.1580,595346.6250,27.3647,604835.1250,1999.9000,
	2026/03/30 15:45:16	,	194544	,	4492	,10.0014,1999.9000,-0.3247,2.4125,595330.2500,27.3641,604871.0625,1999.9000,
	2026/03/30 15:45:16	,	195544	,	4493	,10.0018,1999.9000,-0.3280,2.6246,595174.7500,27.3636,605053.7500,1999.9000,
	2026/03/30 15:45:16	,	196544	,	4494	,10.0022,1999.9000,-0.3350,2.8013,594848.8125,27.3632,605359.3750,1999.9000,
	2026/03/30 15:45:16	,	197544	,	4495	,10.0026,1999.9000,-0.3429,2.9486,594749.3125,27.3629,605359.3750,1999.9000,
	2026/03/30 15:45:16	,	198544	,	4496	,10.0031,1999.9000,-0.3483,2.9718,594749.3125,27.3610,605359.3750,1999.9000,
	2026/03/30 15:45:16	,	199544	,	4497	,10.0035,1999.9000,-0.3483,2.9912,594749.3125,27.3595,605359.3750,1999.9000,
	2026/03/30 15:45:16	,	200544	,	4498	,10.0041,1999.9000,-0.3483,3.0074,594749.3125,27.3583,605359.3750,1999.9000,
	2026/03/30 15:45:16	,	201544	,	4499	,10.0045,1999.9000,-0.3483,2.6229,594749.3125,27.3572,605134.1250,1999.9000,
	2026/03/30 15:45:16	,	202544	,	4500	,10.0049,1999.9000,-0.3483,2.2031,594888.7500,27.3563,604980.6875,1999.9000,
	2026/03/30 15:45:16	,	203544	,	4501	,10.0054,1999.9000,-0.3481,1.4553,594909.3125,27.3541,604878.6250,1999.9000,
	2026/03/30 15:45:16	,	204544	,	4502	,10.0058,1999.9000,-0.3454,0.9317,594921.5000,27.3507,604783.8125,1999.9000,
	2026/03/30 15:45:16	,	205544	,	4503	,10.0063,1999.9000,-0.3448,0.4953,595054.3750,27.3463,604658.7500,1999.9000,
	2026/03/30 15:45:16	,	206544	,	4504	,10.0067,1999.9000,-0.3398,0.0321,595388.6250,27.3427,604403.2500,1999.9000,
	2026/03/30 15:45:16	,	207544	,	4505	,10.0073,1999.9000,-0.3336,-0.3538,595575.1250,27.3397,604403.2500,1999.9000,
	2026/03/30 15:45:16	,	208544	,	4506	,10.0078,1999.9000,-0.3336,-0.6754,595575.1250,27.3371,604403.2500,1999.9000,
	2026/03/30 15:45:16	,	209544	,	4507	,10.0083,1999.9000,-0.3336,-0.8440,595575.1250,27.3365,604403.2500,1999.9000,
	2026/03/30 15:45:16	,	210544	,	4508	,10.0088,1999.9000,-0.3336,-0.8849,595575.1250,27.3406,604403.2500,1999.9000,
	2026/03/30 15:45:16	,	211544	,	4509	,10.0093,1999.9000,-0.3336,-0.9191,595575.1250,27.3441,604541.6250,1999.9000,
	2026/03/30 15:45:16	,	212544	,	4510	,10.0097,1999.9000,-0.3339,-0.8481,595401.1250,27.3545,604696.7500,1999.9000,
	2026/03/30 15:45:16	,	213544	,	4511	,10.0102,1999.9000,-0.3396,-0.7889,595320.6875,27.3545,604791.6250,1999.9000,
	2026/03/30 15:45:16	,	214544	,	4512	,10.0102,1999.9000,-0.3432,-0.2422,595309.1250,27.3633,604878.6250,1999.9000,
	2026/03/30 15:45:16	,	215544	,	4513	,10.0111,1999.9000,-0.3462,0.2134,595286.1875,27.3705,604993.9375,1999.9000,
	2026/03/30 15:45:16	,	216544	,	4514	,10.0116,1999.9000,-0.3515,0.5930,594976.8750,27.3766,605271.8125,1999.9000,
	2026/03/30 15:45:16	,	217544	,	4515	,10.0121,1999.9000,-0.3598,0.9094,594674.2500,27.3817,605271.8125,1999.9000,
	2026/03/30 15:45:16	,	218544	,	4516	,10.0126,1999.9000,-0.3658,1.2725,594674.2500,27.3889,605271.8125,1999.9000,
	2026/03/30 15:45:16	,	219544	,	4517	,10.0130,1999.9000,-0.3667,1.5751,594674.2500,27.3950,605271.8125,1999.9000,
	2026/03/30 15:45:16	,	220544	,	4518	,10.0135,1999.9000,-0.3670,1.7278,594674.2500,27.3939,605271.8125,1999.9000,
	2026/03/30 15:45:16	,	221544	,	4519	,10.0139,1999.9000,-0.3672,1.8550,594674.2500,27.3930,605175.7500,1999.9000,
	2026/03/30 15:45:16	,	222544	,	4520	,10.0145,1999.9000,-0.3673,1.7621,594852.3750,27.3907,604991.5625,1999.9000,
	2026/03/30 15:45:16	,	223544	,	4521	,10.0150,1999.9000,-0.3673,1.2868,594892.3125,27.3889,604881.6250,1999.9000,
	2026/03/30 15:45:16	,	224544	,	4522	,10.0155,1999.9000,-0.3671,0.8907,594911.5625,27.3873,604780.7500,1999.9000,
	2026/03/30 15:45:16	,	225544	,	4523	,10.0160,1999.9000,-0.3649,0.5606,595008.5000,27.3845,604696.1875,1999.9000,
	2026/03/30 15:45:16	,	226544	,	4524	,10.0164,1999.9000,-0.3619,0.2855,595259.9375,27.3806,604479.9375,1999.9000,
	2026/03/30 15:45:16	,	227544	,	4525	,10.0169,1999.9000,-0.3556,-0.2421,595632.8750,27.3774,604479.9375,1999.9000,
	2026/03/30 15:45:16	,	228544	,	4526	,10.0174,1999.9000,-0.3532,-0.6818,595632.8750,27.3747,604479.9375,1999.9000,
	2026/03/30 15:45:16	,	229544	,	4527	,10.0179,1999.9000,-0.3532,-1.3467,595632.8750,27.3739,604479.9375,1999.9000,
	2026/03/30 15:45:16	,	230544	,	4528	,10.0185,1999.9000,-0.3532,-1.9007,595632.8750,27.3718,604479.9375,1999.9000,
	2026/03/30 15:45:16	,	231544	,	4529	,10.0190,1999.9000,-0.3532,-2.3624,595632.8750,27.3685,604481.9375,1999.9000,
	2026/03/30 15:45:16	,	232544	,	4530	,10.0194,1999.9000,-0.3532,-2.1503,595455.3750,27.3673,604675.0625,1999.9000,
	2026/03/30 15:45:16	,	233544	,	4531	,10.0199,1999.9000,-0.3571,-1.9735,595355.8125,27.3663,604792.8125,1999.9000,
	2026/03/30 15:45:16	,	234544	,	4532	,10.0205,1999.9000,-0.3607,-1.8263,595335.8750,27.3623,604829.6875,1999.9000,
	2026/03/30 15:45:16	,	235544	,	4533	,10.0210,1999.9000,-0.3639,-1.7035,595314.3750,27.3591,604943.2500,1999.9000,
	2026/03/30 15:45:16	,	236544	,	4534	,10.0215,1999.9000,-0.3685,-1.1039,595086.5625,27.3563,605168.5000,1999.9000,
	2026/03/30 15:45:16	,	237544	,	4535	,10.0220,1999.9000,-0.3770,-0.6041,594733.8125,27.3541,605205.0625,1999.9000,
	2026/03/30 15:45:16	,	238544	,	4536	,10.0226,1999.9000,-0.3844,-0.1877,594733.8125,27.3522,605217.2500,1999.9000,
	2026/03/30 15:45:16	,	239544	,	4537	,10.0231,1999.9000,-0.3887,0.1593,594733.8125,27.3507,605223.3125,1999.9000,
	2026/03/30 15:45:16	,	240544	,	4538	,10.0236,1999.9000,-0.3887,0.4485,594733.8125,27.3493,605226.9375,1999.9000,
	2026/03/30 15:45:16	,	241544	,	4539	,10.0241,1999.9000,-0.3887,0.6895,594733.8125,27.3467,605229.4375,1999.9000,
	2026/03/30 15:45:16	,	242544	,	4540	,10.0245,1999.9000,-0.3887,0.8903,594745.3125,27.3400,605034.4375,1999.9000,
	2026/03/30 15:45:16	,	243544	,	4541	,10.0250,1999.9000,-0.3887,1.0576,594921.5000,27.3343,604915.4375,1999.9000,
	2026/03/30 15:45:16	,	244544	,	4542	,10.0255,1999.9000,-0.3884,1.1971,594937.5625,27.3342,604821.8125,1999.9000,
	2026/03/30 15:45:16	,	245544	,	4543	,10.0261,1999.9000,-0.3859,1.2138,594947.9375,27.3341,604739.0625,1999.9000,
	2026/03/30 15:45:16	,	246544	,	4544	,10.0266,1999.9000,-0.3850,1.4267,595126.4375,27.3387,604562.1250,1999.9000,
	2026/03/30 15:45:16	,	247544	,	4545	,10.0266,1999.9000,-0.3782,1.6042,595491.6875,27.3424,604399.6250,1999.9000,
	2026/03/30 15:45:16	,	248544	,	4546	,10.0271,1999.9000,-0.3725,1.5531,595500.3125,27.3425,604399.6250,1999.9000,
	2026/03/30 15:45:16	,	249544	,	4547	,10.0276,1999.9000,-0.3725,1.5105,595503.1875,27.3501,604399.6250,1999.9000,
	2026/03/30 15:45:16	,	250544	,	4548	,10.0282,1999.9000,-0.3725,0.9776,595504.6250,27.3566,604399.6250,1999.9000,
	2026/03/30 15:45:16	,	251544	,	4549	,10.0287,1999.9000,-0.3725,0.4341,595505.5000,27.3634,604399.6250,1999.9000,
	2026/03/30 15:45:16	,	252544	,	4550	,10.0293,1999.9000,-0.3725,-0.0188,595506.1250,27.3707,604613.4375,1999.9000,
	2026/03/30 15:45:16	,	253544	,	4551	,10.0299,1999.9000,-0.3725,-0.6947,595375.5625,27.3767,604738.4375,1999.9000,
	2026/03/30 15:45:16	,	254544	,	4552	,10.0304,1999.9000,-0.3762,-1.2579,595347.5625,27.3802,604778.3750,1999.9000,
	2026/03/30 15:45:16	,	255544	,	4553	,10.0310,1999.9000,-0.3800,-1.7273,595328.2500,27.3801,604883.4375,1999.9000,
	2026/03/30 15:45:16	,	256544	,	4554	,10.0321,1999.9000,-0.3839,-2.1184,595186.6875,27.3784,605056.8125,1999.9000,
	2026/03/30 15:45:16	,	257544	,	4555	,10.0321,1999.9000,-0.3916,-2.1459,594864.3125,27.3786,605315.8750,1999.9000,
	2026/03/30 15:45:16	,	258544	,	4556	,10.0327,1999.9000,-0.3996,-1.5720,594714.1875,27.3772,605315.8750,1999.9000,
	2026/03/30 15:45:16	,	259544	,	4557	,10.0332,1999.9000,-0.4052,-1.0937,594714.1875,27.3729,605315.8750,1999.9000,
	2026/03/30 15:45:16	,	260544	,	4558	,10.0337,1999.9000,-0.4052,-0.5957,594714.1875,27.3694,605315.8750,1999.9000,
	2026/03/30 15:45:16	,	261544	,	4559	,10.0343,1999.9000,-0.4052,0.6151,594714.1875,27.3665,605315.8750,1999.9000,
	2026/03/30 15:45:16	,	262544	,	4560	,10.0348,1999.9000,-0.4052,1.6241,594714.1875,27.3641,605076.1250,1999.9000,
	2026/03/30 15:45:16	,	263544	,	4561	,10.0354,1999.9000,-0.4052,2.4650,594857.7500,27.3620,604931.1250,1999.9000,
	2026/03/30 15:45:16	,	264544	,	4562	,10.0359,1999.9000,-0.4050,3.1657,594891.4375,27.3603,604831.5000,1999.9000,
	2026/03/30 15:45:16	,	265544	,	4563	,10.0364,1999.9000,-0.4026,2.5559,594915.1875,27.3650,604793.4375,1999.9000,
	2026/03/30 15:45:16	,	266544	,	4564	,10.0370,1999.9000,-0.4019,2.0477,595047.2500,27.3690,604635.8125,1999.9000,
	2026/03/30 15:45:16	,	267544	,	4565	,10.0375,1999.9000,-0.3969,1.6243,595355.8125,27.3722,604366.4375,1999.9000,
	2026/03/30 15:45:16	,	268544	,	4566	,10.0381,1999.9000,-0.3910,1.1719,595570.3750,27.3750,604366.4375,1999.9000,
	2026/03/30 15:45:16	,	269544	,	4567	,10.0387,1999.9000,-0.3910,0.7950,595570.3750,27.3727,604366.4375,1999.9000,
	2026/03/30 15:45:16	,	270544	,	4568	,10.0392,1999.9000,-0.3910,0.4808,595570.3750,27.3677,604366.4375,1999.9000,
	2026/03/30 15:45:16	,	271544	,	4569	,10.0398,1999.9000,-0.3910,0.2191,595570.3750,27.3636,604366.4375,1999.9000,
	2026/03/30 15:45:16	,	272544	,	4570	,10.0403,1999.9000,-0.3910,0.0009,595570.3750,27.3601,604541.0000,1999.9000,
	2026/03/30 15:45:16	,	273544	,	4571	,10.0409,1999.9000,-0.3938,0.0181,595394.5625,27.3572,604693.7500,1999.9000,
	2026/03/30 15:45:16	,	274544	,	4572	,10.0415,1999.9000,-0.3979,0.1319,595356.4375,27.3548,604799.4375,1999.9000,
	2026/03/30 15:45:16	,	275544	,	4573	,10.0420,1999.9000,-0.4017,0.1272,595334.6250,27.3528,604887.6250,1999.9000,
	2026/03/30 15:45:16	,	276544	,	4574	,10.0426,1999.9000,-0.4050,-0.0756,595235.5000,27.3512,605005.4375,1999.9000,
	2026/03/30 15:45:16	,	277544	,	4575	,10.0432,1999.9000,-0.4107,0.0538,594989.4375,27.3498,605291.1250,1999.9000,
	2026/03/30 15:45:16	,	278544	,	4576	,10.0437,1999.9000,-0.4188,0.3605,594656.9375,27.3547,605291.1250,1999.9000,
	2026/03/30 15:45:16	,	279544	,	4577	,10.0443,1999.9000,-0.4247,0.6162,594656.9375,27.3649,605291.1250,1999.9000,
	2026/03/30 15:45:16	,	280544	,	4578	,10.0448,1999.9000,-0.4247,0.8292,594656.9375,27.3735,605291.1250,1999.9000,
	2026/03/30 15:45:16	,	281544	,	4579	,10.0454,1999.9000,-0.4247,0.9073,594656.9375,27.3806,605291.1250,1999.9000,
	2026/03/30 15:45:16	,	282544	,	4580	,10.0459,1999.9000,-0.4247,0.9723,594656.9375,27.3865,605291.1250,1999.9000,
	2026/03/30 15:45:16	,	283544	,	4581	,10.0465,1999.9000,-0.4247,1.0265,594835.7500,27.3853,605167.3125,1999.9000,
	2026/03/30 15:45:16	,	284544	,	4582	,10.0471,1999.9000,-0.4247,1.0717,594932.8750,27.3843,604992.7500,1999.9000,
	2026/03/30 15:45:16	,	285544	,	4583	,10.0476,1999.9000,-0.4225,1.1093,594946.5625,27.3835,604886.4375,1999.9000,
	2026/03/30 15:45:16	,	286544	,	4584	,10.0482,1999.9000,-0.4217,0.9418,594961.4375,27.3782,604804.8750,1999.9000,
	2026/03/30 15:45:16	,	287544	,	4585	,10.0488,1999.9000,-0.4172,0.6032,595202.6875,27.3708,604701.6250,1999.9000,
	2026/03/30 15:45:16	,	288544	,	4586	,10.0493,1999.9000,-0.4104,0.1221,595574.5000,27.3646,604452.1875,1999.9000,
	2026/03/30 15:45:16	,	289544	,	4587	,10.0499,1999.9000,-0.4094,-0.2789,595574.5000,27.3564,604452.1875,1999.9000,
	2026/03/30 15:45:16	,	290544	,	4588	,10.0504,1999.9000,-0.4091,-0.4140,595574.5000,27.3496,604452.1875,1999.9000,
	2026/03/30 15:45:16	,	291544	,	4589	,10.0510,1999.9000,-0.4089,-0.5267,595574.5000,27.3469,604452.1875,1999.9000,
	2026/03/30 15:45:16	,	292544	,	4590	,10.0515,1999.9000,-0.4088,-0.8195,595574.5000,27.3447,604452.1875,1999.9000,
	2026/03/30 15:45:16	,	293544	,	4591	,10.0521,1999.9000,-0.4087,-1.0635,595466.0625,27.3428,604462.7500,1999.9000,
	2026/03/30 15:45:16	,	294544	,	4592	,10.0527,1999.9000,-0.4122,-1.2668,595350.5000,27.3413,604692.5625,1999.9000,
	2026/03/30 15:45:16	,	295544	,	4593	,10.0533,1999.9000,-0.4159,-1.2373,595330.2500,27.3400,604795.8750,1999.9000,
	2026/03/30 15:45:16	,	296544	,	4594	,10.0539,1999.9000,-0.4192,-1.1133,595314.1875,27.3420,604965.5625,1999.9000,
	2026/03/30 15:45:16	,	297544	,	4595	,10.0545,1999.9000,-0.4236,-0.7114,595117.5625,27.3498,604965.5625,1999.9000,
	2026/03/30 15:45:16	,	298544	,	4596	,10.0551,1999.9000,-0.4318,-0.3766,594777.3125,27.3563,605196.2500,1999.9000,
	2026/03/30 15:45:16	,	299544	,	4597	,10.0557,1999.9000,-0.4386,-0.0976,594777.3125,27.3617,605211.0625,1999.9000,
	2026/03/30 15:45:16	,	300544	,	4598	,10.0598,1999.9000,-0.4416,0.1349,594777.3125,27.3646,605216.0000,1999.9000,
	2026/03/30 15:45:16	,	301544	,	4599	,10.0600,1999.9000,-0.4416,0.3287,594777.3125,27.3671,605218.5000,1999.9000,
	2026/03/30 15:45:16	,	302544	,	4600	,10.0602,1999.9000,-0.4416,0.6891,594777.3125,27.3707,605219.9375,1999.9000,
	2026/03/30 15:45:16	,	303544	,	4601	,10.0604,1999.9000,-0.4416,0.9895,594778.3125,27.3736,605220.8750,1999.9000,
	2026/03/30 15:45:16	,	304544	,	4602	,10.0606,1999.9000,-0.4416,1.0408,594891.1250,27.3761,605021.1250,1999.9000,
	2026/03/30 15:45:16	,	305544	,	4603	,10.0609,1999.9000,-0.4412,0.8847,594907.7500,27.3767,604911.1875,1999.9000,
	2026/03/30 15:45:16	,	306544	,	4604	,10.0612,1999.9000,-0.4379,0.6551,594913.5625,27.3771,604815.7500,1999.9000,
	2026/03/30 15:45:16	,	307544	,	4605	,10.0616,1999.9000,-0.4356,0.4637,595048.4375,27.3775,604716.1250,1999.9000,
	2026/03/30 15:45:16	,	308544	,	4606	,10.0621,1999.9000,-0.4295,0.1053,595411.8750,27.3778,604518.5625,1999.9000,
	2026/03/30 15:45:16	,	309544	,	4607	,10.0625,1999.9000,-0.4271,-0.1933,595502.4375,27.3766,604437.0625,1999.9000,
	2026/03/30 15:45:16	,	310544	,	4608	,10.0629,1999.9000,-0.4271,-0.4422,595502.4375,27.3694,604437.0625,1999.9000,
	2026/03/30 15:45:16	,	311544	,	4609	,10.0633,1999.9000,-0.4271,-0.6496,595502.4375,27.3635,604437.0625,1999.9000,
	2026/03/30 15:45:16	,	312544	,	4610	,10.0639,1999.9000,-0.4271,-0.8225,595502.4375,27.3585,604437.0625,1999.9000,
	2026/03/30 15:45:16	,	313544	,	4611	,10.0644,1999.9000,-0.4271,-0.9665,595502.4375,27.3543,604437.0625,1999.9000,
	2026/03/30 15:45:16	,	314544	,	4612	,10.0650,1999.9000,-0.4311,-1.0865,595364.1875,27.3509,604633.3750,1999.9000,
	2026/03/30 15:45:16	,	315544	,	4613	,10.0655,1999.9000,-0.4347,-0.9876,595337.6875,27.3526,604747.5625,1999.9000,
	2026/03/30 15:45:16	,	316544	,	4614	,10.0661,1999.9000,-0.4379,-0.8057,595324.5000,27.3540,604787.6875,1999.9000,
	2026/03/30 15:45:16	,	317544	,	4615	,10.0666,1999.9000,-0.4415,-0.5546,595222.4375,27.3552,604899.1250,1999.9000,
	2026/03/30 15:45:16	,	318544	,	4616	,10.0673,1999.9000,-0.4490,-0.2459,594924.5000,27.3562,605085.1875,1999.9000,
	2026/03/30 15:45:16	,	319544	,	4617	,10.0679,1999.9000,-0.4570,-0.0881,594708.8125,27.3570,605311.0625,1999.9000,
	2026/03/30 15:45:16	,	320544	,	4618	,10.0686,1999.9000,-0.4600,-0.1556,594708.8125,27.3592,605311.0625,1999.9000,
	2026/03/30 15:45:16	,	321544	,	4619	,10.0692,1999.9000,-0.4600,-0.4108,594708.8125,27.3610,605311.0625,1999.9000,
	2026/03/30 15:45:16	,	322544	,	4620	,10.0698,1999.9000,-0.4600,-0.4245,594708.8125,27.3611,605311.0625,1999.9000,
	2026/03/30 15:45:16	,	323544	,	4621	,10.0705,1999.9000,-0.4600,-0.1375,594708.8125,27.3611,605311.0625,1999.9000,
	2026/03/30 15:45:16	,	324544	,	4622	,10.0711,1999.9000,-0.4600,0.1017,594708.8125,27.3626,605086.3750,1999.9000,
	2026/03/30 15:45:16	,	325544	,	4623	,10.0717,1999.9000,-0.4574,0.1021,594870.2500,27.3639,604939.6250,1999.9000,
	2026/03/30 15:45:16	,	326544	,	4624	,10.0723,1999.9000,-0.4565,0.1024,594900.9375,27.3649,604837.5625,1999.9000,
	2026/03/30 15:45:16	,	327544	,	4625	,10.0729,1999.9000,-0.4539,0.1026,594918.3125,27.3659,604800.1250,1999.9000,
	2026/03/30 15:45:16	,	328544	,	4626	,10.0735,1999.9000,-0.4492,0.1028,595027.0000,27.3666,604618.3125,1999.9000,
	2026/03/30 15:45:16	,	329544	,	4627	,10.0741,1999.9000,-0.4450,0.6004,595319.5625,27.3672,604356.1875,1999.9000,
	2026/03/30 15:45:16	,	330544	,	4628	,10.0748,1999.9000,-0.4450,1.0150,595605.5000,27.3631,604356.1875,1999.9000,
	2026/03/30 15:45:16	,	331544	,	4629	,10.0754,1999.9000,-0.4450,1.3605,595605.5000,27.3643,604356.1875,1999.9000,
	2026/03/30 15:45:16	,	332544	,	4630	,10.0761,1999.9000,-0.4450,1.3500,595605.5000,27.3668,604356.1875,1999.9000,
	2026/03/30 15:45:16	,	333544	,	4631	,10.0767,1999.9000,-0.4450,1.3413,595605.5000,27.3689,604356.1875,1999.9000,
	2026/03/30 15:45:16	,	334544	,	4632	,10.0773,1999.9000,-0.4503,1.3340,595605.5000,27.3707,604575.3750,1999.9000,
	2026/03/30 15:45:16	,	335544	,	4633	,10.0779,1999.9000,-0.4548,1.0295,595428.5625,27.3767,604710.6875,1999.9000,
	2026/03/30 15:45:16	,	336544	,	4634	,10.0785,1999.9000,-0.4586,0.7758,595335.5625,27.3787,604800.6875,1999.9000,
	2026/03/30 15:45:16	,	337544	,	4635	,10.0826,1999.9000,-0.4618,0.5643,595319.5000,27.3834,604888.8750,1999.9000,
	2026/03/30 15:45:16	,	338544	,	4636	,10.0829,1999.9000,-0.4675,0.3881,595297.4375,27.3873,605019.9375,1999.9000,
	2026/03/30 15:45:16	,	339544	,	4637	,10.0832,1999.9000,-0.4756,0.3407,595032.9375,27.3936,605322.5000,1999.9000,
	2026/03/30 15:45:16	,	340544	,	4638	,10.0835,1999.9000,-0.4813,0.1023,594674.2500,27.3936,605322.5000,1999.9000,
	2026/03/30 15:45:16	,	341544	,	4639	,10.0838,1999.9000,-0.4813,-0.1959,594674.2500,27.3989,605322.5000,1999.9000,
	2026/03/30 15:45:16	,	342544	,	4640	,10.0841,1999.9000,-0.4813,-0.3449,594674.2500,27.4033,605322.5000,1999.9000,
	2026/03/30 15:45:16	,	343544	,	4641	,10.0844,1999.9000,-0.4813,-0.2701,594674.2500,27.4069,605322.5000,1999.9000,
	2026/03/30 15:45:16	,	344544	,	4642	,10.0848,1999.9000,-0.4813,0.0907,594674.2500,27.4069,605150.3750,1999.9000,
	2026/03/30 15:45:16	,	345544	,	4643	,10.0852,1999.9000,-0.4811,0.3913,594822.6250,27.4069,604971.0000,1999.9000,
	2026/03/30 15:45:16	,	346544	,	4644	,10.0857,1999.9000,-0.4779,0.6418,594919.1250,27.4100,604855.0625,1999.9000,
	2026/03/30 15:45:16	,	347544	,	4645	,10.0863,1999.9000,-0.4770,0.8506,594929.8750,27.4094,604764.4375,1999.9000,
	2026/03/30 15:45:16	,	348544	,	4646	,10.0869,1999.9000,-0.4725,1.0246,594944.1875,27.4090,604657.5625,1999.9000,
	2026/03/30 15:45:16	,	349544	,	4647	,10.0874,1999.9000,-0.4663,1.1695,595172.9375,27.4056,604403.2500,1999.9000,
	2026/03/30 15:45:16	,	350544	,	4648	,10.0879,1999.9000,-0.4663,1.2903,595553.6250,27.3921,604403.2500,1999.9000,
	2026/03/30 15:45:16	,	351544	,	4649	,10.0885,1999.9000,-0.4663,0.9931,595553.6250,27.3808,604403.2500,1999.9000,
	2026/03/30 15:45:16	,	352544	,	4650	,10.0891,1999.9000,-0.4663,0.7454,595553.6250,27.3760,604403.2500,1999.9000,
	2026/03/30 15:45:16	,	353544	,	4651	,10.0897,1999.9000,-0.4663,0.5390,595553.6250,27.3720,604403.2500,1999.9000,
	2026/03/30 15:45:16	,	354544	,	4652	,10.0903,1999.9000,-0.4664,0.3670,595553.6250,27.3641,604545.8125,1999.9000,
	2026/03/30 15:45:16	,	355544	,	4653	,10.0944,1999.9000,-0.4711,0.3232,595469.6250,27.3575,604710.6875,1999.9000,
	2026/03/30 15:45:16	,	356544	,	4654	,10.0947,1999.9000,-0.4754,0.1872,595347.5625,27.3520,604798.8750,1999.9000,
	2026/03/30 15:45:16	,	357544	,	4655	,10.0949,1999.9000,-0.4794,0.0738,595325.4375,27.3474,604834.1875,1999.9000,
	2026/03/30 15:45:16	,	358544	,	4656	,10.0952,1999.9000,-0.4849,-0.0207,595309.7500,27.3466,604964.3125,1999.9000,
	2026/03/30 15:45:16	,	359544	,	4657	,10.0955,1999.9000,-0.4940,0.0001,595144.9375,27.3460,605225.2500,1999.9000,
	2026/03/30 15:45:16	,	360544	,	4658	,10.0959,1999.9000,-0.5012,0.0174,594812.5000,27.3454,605225.2500,1999.9000,
	2026/03/30 15:45:16	,	361544	,	4659	,10.0963,1999.9000,-0.5044,0.0318,594788.9375,27.3450,605225.2500,1999.9000,
	2026/03/30 15:45:16	,	362544	,	4660	,10.0968,1999.9000,-0.5044,-0.0557,594781.0625,27.3508,605225.2500,1999.9000,
	2026/03/30 15:45:16	,	363544	,	4661	,10.0973,1999.9000,-0.5044,-0.1285,594777.1250,27.3616,605225.2500,1999.9000,
	2026/03/30 15:45:16	,	364544	,	4662	,10.0978,1999.9000,-0.5044,-0.1893,594774.7500,27.3707,605222.0000,1999.9000,
	2026/03/30 15:45:16	,	365544	,	4663	,10.0984,1999.9000,-0.5044,0.2575,594773.2500,27.3798,605013.2500,1999.9000,
	2026/03/30 15:45:16	,	366544	,	4664	,10.0990,1999.9000,-0.5023,0.7292,594900.6250,27.3874,604893.6875,1999.9000,
	2026/03/30 15:45:16	,	367544	,	4665	,10.0995,1999.9000,-0.5014,1.0229,594921.1875,27.3921,604795.2500,1999.9000,
	2026/03/30 15:45:16	,	368544	,	4666	,10.1001,1999.9000,-0.5014,0.7703,594933.0625,27.3961,604755.1250,1999.9000,
	2026/03/30 15:45:16	,	369544	,	4667	,10.1006,1999.9000,-0.4977,0.5597,595068.6875,27.3964,604501.6875,1999.9000,
	2026/03/30 15:45:16	,	370544	,	4668	,10.1012,1999.9000,-0.4914,0.6827,595413.0625,27.3951,604479.0625,1999.9000,
	2026/03/30 15:45:16	,	371544	,	4669	,10.1018,1999.9000,-0.4871,1.0836,595531.6250,27.3940,604471.5000,1999.9000,
	2026/03/30 15:45:16	,	372544	,	4670	,10.1059,1999.9000,-0.4871,1.1193,595531.6250,27.3916,604467.7500,1999.9000,
	2026/03/30 15:45:16	,	373544	,	4671	,10.1061,1999.9000,-0.4871,1.1490,595531.6250,27.3880,604465.4375,1999.9000,
	2026/03/30 15:45:16	,	374544	,	4672	,10.1064,1999.9000,-0.4871,1.1737,595531.6250,27.3851,604464.0000,1999.9000,
	2026/03/30 15:45:16	,	375544	,	4673	,10.1068,1999.9000,-0.4871,1.1944,595531.6250,27.3841,604653.3125,1999.9000,
	2026/03/30 15:45:16	,	376544	,	4674	,10.1071,1999.9000,-0.4908,1.2116,595386.8125,27.3833,604766.2500,1999.9000,
	2026/03/30 15:45:16	,	377544	,	4675	,10.1074,1999.9000,-0.4944,1.2259,595357.0625,27.3811,604852.0000,1999.9000,
	2026/03/30 15:45:16	,	378544	,	4676	,10.1078,1999.9000,-0.4974,1.3373,595337.4375,27.3793,604891.9375,1999.9000,
	2026/03/30 15:45:16	,	379544	,	4677	,10.1082,1999.9000,-0.5007,1.6291,595209.3125,27.3747,605137.6875,1999.9000,
	2026/03/30 15:45:16	,	380544	,	4678	,10.1087,1999.9000,-0.5078,1.6733,594929.8750,27.3694,605273.5625,1999.9000,
	2026/03/30 15:45:16	,	381544	,	4679	,10.1092,1999.9000,-0.5148,1.7102,594690.3125,27.3650,605273.5625,1999.9000,
	2026/03/30 15:45:16	,	382544	,	4680	,10.1097,1999.9000,-0.5189,1.7102,594690.3125,27.3613,605273.5625,1999.9000,
	2026/03/30 15:45:16	,	383544	,	4681	,10.1103,1999.9000,-0.5189,1.4017,594690.3125,27.3582,605273.5625,1999.9000,
	2026/03/30 15:45:16	,	384544	,	4682	,10.1109,1999.9000,-0.5189,1.1854,594690.3125,27.3556,605273.5625,1999.9000,
	2026/03/30 15:45:16	,	385544	,	4683	,10.1116,1999.9000,-0.5189,1.0052,594690.3125,27.3535,605055.5625,1999.9000,
	2026/03/30 15:45:16	,	386544	,	4684	,10.1122,1999.9000,-0.5189,0.9544,594847.6250,27.3563,604924.5000,1999.9000,
	2026/03/30 15:45:16	,	387544	,	4685	,10.1128,1999.9000,-0.5186,0.9121,594883.6875,27.3586,604816.3750,1999.9000,
	2026/03/30 15:45:16	,	388544	,	4686	,10.1169,1999.9000,-0.5158,0.8769,594902.0625,27.3606,604776.5000,1999.9000,
	2026/03/30 15:45:16	,	389544	,	4687	,10.1172,1999.9000,-0.5150,0.8475,594993.6250,27.3637,604579.6250,1999.9000,
	2026/03/30 15:45:16	,	390544	,	4688	,10.1174,1999.9000,-0.5091,0.8231,595261.6875,27.3725,604383.9375,1999.9000,
	2026/03/30 15:45:16	,	391544	,	4689	,10.1177,1999.9000,-0.5050,0.8027,595612.6250,27.3752,604383.9375,1999.9000,
	2026/03/30 15:45:16	,	392544	,	4690	,10.1180,1999.9000,-0.5050,0.7857,595612.6250,27.3774,604383.9375,1999.9000,
	2026/03/30 15:45:16	,	393544	,	4691	,10.1184,1999.9000,-0.5050,0.7857,595612.6250,27.3777,604383.9375,1999.9000,
	2026/03/30 15:45:16	,	394544	,	4692	,10.1188,1999.9000,-0.5050,0.7715,595612.6250,27.3780,604383.9375,1999.9000,
	2026/03/30 15:45:16	,	395544	,	4693	,10.1193,1999.9000,-0.5050,0.9323,595612.6250,27.3782,604591.6875,1999.9000,
	2026/03/30 15:45:16	,	396544	,	4694	,10.1198,1999.9000,-0.5085,1.1921,595421.3750,27.3784,604715.5000,1999.9000,
	2026/03/30 15:45:16	,	397544	,	4695	,10.1204,1999.9000,-0.5116,1.1921,595324.3125,27.3786,604800.6875,1999.9000,
	2026/03/30 15:45:16	,	398544	,	4696	,10.1209,1999.9000,-0.5149,1.4086,595311.5000,27.3787,604837.8750,1999.9000,
	2026/03/30 15:45:16	,	399544	,	4697	,10.1214,1999.9000,-0.5184,1.5891,595293.7500,27.3788,605037.4375,1999.9000,
	2026/03/30 15:45:16	,	400544	,	4698	,10.1220,1999.9000,-0.5250,1.7394,595050.8125,27.3789,605347.9375,1999.9000,
	2026/03/30 15:45:16	,	401544	,	4699	,10.1227,1999.9000,-0.5336,1.8647,594692.6875,27.3790,605347.9375,1999.9000,
	2026/03/30 15:45:16	,	402544	,	4700	,10.1234,1999.9000,-0.5394,2.0686,594692.6875,27.3790,605347.9375,1999.9000,
	2026/03/30 15:45:16	,	403544	,	4701	,10.1240,1999.9000,-0.5394,2.2385,594692.6875,27.3791,605347.9375,1999.9000,
	2026/03/30 15:45:16	,	404544	,	4702	,10.1247,1999.9000,-0.5394,2.2807,594692.6875,27.3792,605347.9375,1999.9000,
	2026/03/30 15:45:16	,	405544	,	4703	,10.1253,1999.9000,-0.5394,2.3158,594692.6875,27.3792,605122.6250,1999.9000,
	2026/03/30 15:45:16	,	406544	,	4704	,10.1293,1999.9000,-0.5394,2.3450,594814.2500,27.3792,604964.3125,1999.9000,
	2026/03/30 15:45:16	,	407544	,	4705	,10.1295,1999.9000,-0.5392,2.0710,594904.2500,27.3793,604850.8125,1999.9000,
	2026/03/30 15:45:16	,	408544	,	4706	,10.1300,1999.9000,-0.5355,1.5442,594911.0625,27.3869,604765.6875,1999.9000,
	2026/03/30 15:45:16	,	409544	,	4707	,10.1304,1999.9000,-0.5347,0.8067,594924.9375,27.3933,604659.3750,1999.9000,
	2026/03/30 15:45:16	,	410544	,	4708	,10.1307,1999.9000,-0.5299,0.0928,595139.0000,27.3895,604388.1250,1999.9000,
	2026/03/30 15:45:16	,	411544	,	4709	,10.1311,1999.9000,-0.5234,-0.5022,595509.5625,27.3939,604388.1250,1999.9000,
	2026/03/30 15:45:16	,	412544	,	4710	,10.1316,1999.9000,-0.5234,-0.9981,595509.5625,27.3991,604388.1250,1999.9000,
	2026/03/30 15:45:16	,	413544	,	4711	,10.1321,1999.9000,-0.5234,-1.4112,595509.5625,27.4019,604388.1250,1999.9000,
	2026/03/30 15:45:16	,	414544	,	4712	,10.1326,1999.9000,-0.5234,-1.7556,595509.5625,27.4043,604388.1250,1999.9000,
	2026/03/30 15:45:16	,	415544	,	4713	,10.1332,1999.9000,-0.5234,-2.0425,595509.5625,27.4063,604560.2500,1999.9000,
	2026/03/30 15:45:16	,	416544	,	4714	,10.1338,1999.9000,-0.5234,-1.7842,595507.7500,27.4079,604719.7500,1999.9000,
	2026/03/30 15:45:16	,	417544	,	4715	,10.1344,1999.9000,-0.5277,-1.3701,595376.1250,27.4062,604820.6250,1999.9000,
	2026/03/30 15:45:16	,	418544	,	4716	,10.1350,1999.9000,-0.5319,-1.0250,595353.4375,27.4017,604855.0625,1999.9000,
	2026/03/30 15:45:16	,	419544	,	4717	,10.1356,1999.9000,-0.5356,-0.7373,595336.3750,27.3980,604984.9375,1999.9000,
	2026/03/30 15:45:16	,	420544	,	4718	,10.1362,1999.9000,-0.5409,-0.3982,595178.3125,27.3949,605255.5000,1999.9000,
	2026/03/30 15:45:16	,	421544	,	4719	,10.1368,1999.9000,-0.5494,-0.0161,594842.8750,27.3908,605255.5000,1999.9000,
	2026/03/30 15:45:16	,	422544	,	4720	,10.1375,1999.9000,-0.5557,0.3023,594736.8125,27.3843,605255.5000,1999.9000,
	2026/03/30 15:45:16	,	423544	,	4721	,10.1417,1999.9000,-0.5566,0.7888,594736.8125,27.3789,605255.5000,1999.9000,
	2026/03/30 15:45:16	,	424544	,	4722	,10.1419,1999.9000,-0.5566,0.7888,594736.8125,27.3775,605255.5000,1999.9000,
	2026/03/30 15:45:16	,	425544	,	4723	,10.1423,1999.9000,-0.5567,1.0725,594736.8125,27.3809,605160.6250,1999.9000,
	2026/03/30 15:45:16	,	426544	,	4724	,10.1423,1999.9000,-0.5567,1.3090,594736.8125,27.3837,604987.8750,1999.9000,
	2026/03/30 15:45:16	,	427544	,	4725	,10.1432,1999.9000,-0.5568,1.5060,594879.8125,27.3860,604885.2500,1999.9000,
	2026/03/30 15:45:16	,	428544	,	4726	,10.1436,1999.9000,-0.5565,1.6702,594909.0000,27.3880,604801.9375,1999.9000,
	2026/03/30 15:45:16	,	429544	,	4727	,10.1441,1999.9000,-0.5539,1.8071,594924.3125,27.3851,604711.3125,1999.9000,
	2026/03/30 15:45:16	,	430544	,	4728	,10.1445,1999.9000,-0.5529,1.9211,595051.3750,27.3872,604489.6250,1999.9000,
	2026/03/30 15:45:16	,	431544	,	4729	,10.1450,1999.9000,-0.5462,2.0161,595379.0625,27.3905,604489.6250,1999.9000,
	2026/03/30 15:45:16	,	432544	,	4730	,10.1455,1999.9000,-0.5426,2.0953,595554.8750,27.3917,604489.6250,1999.9000,
	2026/03/30 15:45:16	,	433544	,	4731	,10.1461,1999.9000,-0.5426,1.9624,595554.8750,27.3866,604489.6250,1999.9000,
	2026/03/30 15:45:16	,	434544	,	4732	,10.1467,1999.9000,-0.5426,1.8516,595554.8750,27.3793,604489.6250,1999.9000,
	2026/03/30 15:45:16	,	435544	,	4733	,10.1473,1999.9000,-0.5426,1.7592,595554.8750,27.3671,604489.6250,1999.9000,
	2026/03/30 15:45:16	,	436544	,	4734	,10.1513,1999.9000,-0.5426,1.5828,595554.8750,27.3630,604490.9375,1999.9000,
	2026/03/30 15:45:16	,	437544	,	4735	,10.1517,1999.9000,-0.5457,1.4358,595395.1875,27.3627,604686.5000,1999.9000,
	2026/03/30 15:45:16	,	438544	,	4736	,10.1517,1999.9000,-0.5488,1.3133,595358.3125,27.3670,604788.6250,1999.9000,
	2026/03/30 15:45:16	,	439544	,	4737	,10.1521,1999.9000,-0.5518,1.3107,595341.1250,27.3675,604829.0625,1999.9000,
	2026/03/30 15:45:16	,	440544	,	4738	,10.1525,1999.9000,-0.5555,1.7064,595252.8125,27.3665,604942.0000,1999.9000,
	2026/03/30 15:45:16	,	441544	,	4739	,10.1528,1999.9000,-0.5630,1.9367,594983.5000,27.3625,605159.4375,1999.9000,
	2026/03/30 15:45:16	,	442544	,	4740	,10.1532,1999.9000,-0.5701,2.1286,594669.5000,27.3638,605249.4375,1999.9000,
	2026/03/30 15:45:16	,	443544	,	4741	,10.1536,1999.9000,-0.5749,1.7911,594669.5000,27.3679,605249.4375,1999.9000,
	2026/03/30 15:45:16	,	444544	,	4742	,10.1542,1999.9000,-0.5749,1.4104,594669.5000,27.3714,605249.4375,1999.9000,
	2026/03/30 15:45:16	,	445544	,	4743	,10.1547,1999.9000,-0.5749,1.0932,594669.5000,27.3743,605249.4375,1999.9000,
	2026/03/30 15:45:16	,	446544	,	4744	,10.1552,1999.9000,-0.5749,0.9283,594669.5000,27.3751,605249.4375,1999.9000,
	2026/03/30 15:45:16	,	447544	,	4745	,10.1557,1999.9000,-0.5749,0.7909,594844.6250,27.3758,605030.1875,1999.9000,
	2026/03/30 15:45:16	,	448544	,	4746	,10.1563,1999.9000,-0.5746,0.5769,594880.6875,27.3764,604916.6250,1999.9000,
	2026/03/30 15:45:16	,	449544	,	4747	,10.1569,1999.9000,-0.5718,0.3986,594898.4375,27.3769,604823.6250,1999.9000,
	2026/03/30 15:45:16	,	450544	,	4748	,10.1576,1999.9000,-0.5710,0.2500,594983.5000,27.3773,604741.5000,1999.9000,
	2026/03/30 15:45:16	,	451544	,	4749	,10.1616,1999.9000,-0.5647,0.2257,595227.8125,27.3762,604559.6875,1999.9000,
	2026/03/30 15:45:16	,	452544	,	4750	,10.1618,1999.9000,-0.5584,0.2054,595603.7500,27.3752,604425.6250,1999.9000,
	2026/03/30 15:45:16	,	453544	,	4751	,10.1621,1999.9000,-0.5582,0.1884,595603.7500,27.3744,604425.6250,1999.9000,
	2026/03/30 15:45:16	,	454544	,	4752	,10.1625,1999.9000,-0.5582,0.1744,595603.7500,27.3736,604425.6250,1999.9000,
	2026/03/30 15:45:16	,	455544	,	4753	,10.1629,1999.9000,-0.5582,0.1626,595603.7500,27.3746,604425.6250,1999.9000,
	2026/03/30 15:45:16	,	456544	,	4754	,10.1633,1999.9000,-0.5582,0.1528,595603.7500,27.3784,604425.6250,1999.9000,
	2026/03/30 15:45:16	,	457544	,	4755	,10.1638,1999.9000,-0.5582,0.1447,595450.6250,27.3832,604635.8125,1999.9000,
	2026/03/30 15:45:16	,	458544	,	4756	,10.1643,1999.9000,-0.5615,0.1379,595350.5000,27.3871,604753.0000,1999.9000,
	2026/03/30 15:45:16	,	459544	,	4757	,10.1648,1999.9000,-0.5645,0.1322,595327.8125,27.3905,604789.8750,1999.9000,
	2026/03/30 15:45:16	,	460544	,	4758	,10.1654,1999.9000,-0.5672,0.1275,595309.6250,27.3932,604890.0625,1999.9000,
	2026/03/30 15:45:16	,	461544	,	4759	,10.1660,1999.9000,-0.5732,0.0241,595102.0625,27.3955,605072.5000,1999.9000,
	2026/03/30 15:45:16	,	462544	,	4760	,10.1701,1999.9000,-0.5811,-0.0621,594740.3750,27.3974,605326.1250,1999.9000,
	2026/03/30 15:45:16	,	463544	,	4761	,10.1704,1999.9000,-0.5866,-0.1339,594740.3750,27.3990,605326.1250,1999.9000,
	2026/03/30 15:45:16	,	464544	,	4762	,10.1707,1999.9000,-0.5871,-0.0943,594740.3750,27.4003,605326.1250,1999.9000,
	2026/03/30 15:45:16	,	465544	,	4763	,10.1711,1999.9000,-0.5872,0.1377,594740.3750,27.4003,605326.1250,1999.9000,
	2026/03/30 15:45:16	,	466544	,	4764	,10.1715,1999.9000,-0.5873,0.4305,594740.3750,27.3850,605326.1250,1999.9000,
	2026/03/30 15:45:16	,	467544	,	4765	,10.1718,1999.9000,-0.5873,0.7739,594747.0000,27.3850,605088.1875,1999.9000,
	2026/03/30 15:45:16	,	468544	,	4766	,10.1723,1999.9000,-0.5873,1.2591,594892.3125,27.3765,604942.0000,1999.9000,
	2026/03/30 15:45:16	,	469544	,	4767	,10.1727,1999.9000,-0.5871,1.6634,594909.3125,27.3723,604843.5625,1999.9000,
	2026/03/30 15:45:16	,	470544	,	4768	,10.1732,1999.9000,-0.5847,2.0003,594926.8750,27.3690,604809.1250,1999.9000,
	2026/03/30 15:45:16	,	471544	,	4769	,10.1738,1999.9000,-0.5808,2.2811,595123.5000,27.3661,604647.3125,1999.9000,
	2026/03/30 15:45:16	,	472544	,	4770	,10.1744,1999.9000,-0.5745,2.5151,595490.5000,27.3637,604370.0000,1999.9000,
	2026/03/30 15:45:16	,	473544	,	4771	,10.1750,1999.9000,-0.5720,2.8095,595496.5000,27.3618,604370.0000,1999.9000,
	2026/03/30 15:45:16	,	474544	,	4772	,10.1756,1999.9000,-0.5720,3.1544,595498.5000,27.3601,604370.0000,1999.9000,
	2026/03/30 15:45:16	,	475544	,	4773	,10.1797,1999.9000,-0.5720,3.3423,595499.4375,27.3587,604370.0000,1999.9000,
	2026/03/30 15:45:16	,	476544	,	4774	,10.1801,1999.9000,-0.5720,3.3994,595500.0625,27.3576,604370.0000,1999.9000,
	2026/03/30 15:45:16	,	477544	,	4775	,10.1805,1999.9000,-0.5720,3.3475,595500.5000,27.3567,604530.6875,1999.9000,
	2026/03/30 15:45:16	,	478544	,	4776	,10.1808,1999.9000,-0.5745,3.3043,595382.6875,27.3559,604702.1875,1999.9000,
	2026/03/30 15:45:16	,	479544	,	4777	,10.1811,1999.9000,-0.5767,3.4672,595357.0625,27.3552,604803.6875,1999.9000,
	2026/03/30 15:45:16	,	480544	,	4778	,10.1815,1999.9000,-0.5776,3.7024,595339.3750,27.3547,604885.8750,1999.9000,
	2026/03/30 15:45:16	,	481544	,	4779	,10.1819,1999.9000,-0.5827,3.8985,595192.5625,27.3542,605007.8750,1999.9000,
	2026/03/30 15:45:16	,	482544	,	4780	,10.1824,1999.9000,-0.5907,4.0618,594882.7500,27.3538,605302.5625,1999.9000,
	2026/03/30 15:45:16	,	483544	,	4781	,10.1829,1999.9000,-0.5970,3.8995,594720.1250,27.3551,605302.5625,1999.9000,
	2026/03/30 15:45:16	,	484544	,	4782	,10.1835,1999.9000,-0.5970,3.4659,594720.1250,27.3561,605302.5625,1999.9000,
	2026/03/30 15:45:16	,	485544	,	4783	,10.1840,1999.9000,-0.5970,3.1045,594720.1250,27.3569,605302.5625,1999.9000,
	2026/03/30 15:45:16	,	486544	,	4784	,10.1846,1999.9000,-0.5970,3.1018,594720.1250,27.3591,605302.5625,1999.9000,
	2026/03/30 15:45:16	,	487544	,	4785	,10.1852,1999.9000,-0.5970,3.0995,594720.1250,27.3610,605171.5000,1999.9000,
	2026/03/30 15:45:16	,	488544	,	4786	,10.1894,1999.9000,-0.5969,3.0976,594868.5000,27.3625,604997.0000,1999.9000,
	2026/03/30 15:45:16	,	489544	,	4787	,10.1897,1999.9000,-0.5935,2.7976,594896.5000,27.3638,604891.9375,1999.9000,
	2026/03/30 15:45:16	,	490544	,	4788	,10.1901,1999.9000,-0.5913,2.5476,594910.0625,27.3664,604805.5000,1999.9000,
	2026/03/30 15:45:16	,	491544	,	4789	,10.1904,1999.9000,-0.5878,2.5382,595012.6875,27.3685,604707.0625,1999.9000,
	2026/03/30 15:45:16	,	492544	,	4790	,10.1908,1999.9000,-0.5806,2.5304,595318.9375,27.3719,604460.0000,1999.9000,
	2026/03/30 15:45:16	,	493544	,	4791	,10.1911,1999.9000,-0.5749,2.5239,595568.0000,27.3747,604460.0000,1999.9000,
	2026/03/30 15:45:16	,	494544	,	4792	,10.1915,1999.9000,-0.5749,2.6179,595568.0000,27.3770,604460.0000,1999.9000,
	2026/03/30 15:45:16	,	495544	,	4793	,10.1920,1999.9000,-0.5749,2.7957,595568.0000,27.3789,604460.0000,1999.9000,
	2026/03/30 15:45:16	,	496544	,	4794	,10.1925,1999.9000,-0.5749,2.7450,595568.0000,27.3820,604460.0000,1999.9000,
	2026/03/30 15:45:16	,	497544	,	4795	,10.1931,1999.9000,-0.5749,2.2053,595568.0000,27.3907,604468.5000,1999.9000,
	2026/03/30 15:45:16	,	498544	,	4796	,10.1937,1999.9000,-0.5752,2.2530,595382.6875,27.4011,604693.1875,1999.9000,
	2026/03/30 15:45:16	,	499544	,	4797	,10.1943,1999.9000,-0.5799,2.3922,595343.0625,27.4097,604798.2500,1999.9000,
	2026/03/30 15:45:16	,	500544	,	4798	,10.1984,1999.9000,-0.5830,2.5082,595325.6250,27.4138,604881.6250,1999.9000,
	2026/03/30 15:45:16	,	501544	,	4799	,10.1988,1999.9000,-0.5868,2.7043,595309.3750,27.4172,604968.6250,1999.9000,
	2026/03/30 15:45:16	,	502544	,	4800	,10.1991,1999.9000,-0.5943,2.8677,595023.3750,27.4201,605209.5625,1999.9000,
	2026/03/30 15:45:16	,	503544	,	4801	,10.1994,1999.9000,-0.6011,3.0039,594648.0625,27.4164,605211.4375,1999.9000,
	2026/03/30 15:45:16	,	504544	,	4802	,10.1997,1999.9000,-0.6049,3.1174,594648.0625,27.4133,605212.0000,1999.9000,
	2026/03/30 15:45:16	,	505544	,	4803	,10.2001,1999.9000,-0.6049,3.2120,594648.0625,27.4092,605212.3125,1999.9000,
	2026/03/30 15:45:16	,	506544	,	4804	,10.2006,1999.9000,-0.6049,3.4898,594648.0625,27.4012,605212.5000,1999.9000,
	2026/03/30 15:45:16	,	507544	,	4805	,10.2010,1999.9000,-0.6049,3.7213,594648.0625,27.3884,605212.6250,1999.9000,
	2026/03/30 15:45:16	,	508544	,	4806	,10.2015,1999.9000,-0.6049,3.9142,594821.3750,27.3777,605000.0000,1999.9000,
	2026/03/30 15:45:16	,	509544	,	4807	,10.2020,1999.9000,-0.6045,3.8760,594910.2500,27.3734,604881.6250,1999.9000,
	2026/03/30 15:45:16	,	510544	,	4808	,10.2027,1999.9000,-0.6013,3.6452,594924.2500,27.3698,604786.1875,1999.9000,
	2026/03/30 15:45:16	,	511544	,	4809	,10.2033,1999.9000,-0.6004,3.4529,594944.3750,27.3668,604749.0625,1999.9000,
	2026/03/30 15:45:16	,	512544	,	4810	,10.2039,1999.9000,-0.5945,3.2926,595213.4375,27.3644,604529.5000,1999.9000,
	2026/03/30 15:45:16	,	513544	,	4811	,10.2046,1999.9000,-0.5894,3.0596,595594.1250,27.3623,604494.4375,1999.9000,
	2026/03/30 15:45:16	,	514544	,	4812	,10.2091,1999.9000,-0.5894,2.2685,595594.1250,27.3605,604482.7500,1999.9000,
	2026/03/30 15:45:16	,	515544	,	4813	,10.2095,1999.9000,-0.5894,1.6093,595594.1250,27.3591,604476.8750,1999.9000,
	2026/03/30 15:45:16	,	516544	,	4814	,10.2099,1999.9000,-0.5894,1.0600,595594.1250,27.3579,604473.3750,1999.9000,
	2026/03/30 15:45:16	,	517544	,	4815	,10.2102,1999.9000,-0.5894,0.8012,595594.1250,27.3585,604471.0000,1999.9000,
	2026/03/30 15:45:16	,	518544	,	4816	,10.2105,1999.9000,-0.5926,0.5855,595454.1875,27.3589,604649.6875,1999.9000,
	2026/03/30 15:45:16	,	519544	,	4817	,10.2108,1999.9000,-0.5960,0.2068,595330.2500,27.3593,604761.4375,1999.9000,
	2026/03/30 15:45:16	,	520544	,	4818	,10.2112,1999.9000,-0.5990,-0.1088,595315.3125,27.3596,604851.3750,1999.9000,
	2026/03/30 15:45:16	,	521544	,	4819	,10.2117,1999.9000,-0.6015,-0.1728,595302.0625,27.3599,604887.0625,1999.9000,
	2026/03/30 15:45:16	,	522544	,	4820	,10.2122,1999.9000,-0.6068,0.1717,595122.3125,27.3601,605109.3125,1999.9000,
	2026/03/30 15:45:16	,	523544	,	4821	,10.2127,1999.9000,-0.6135,0.4588,594782.1250,27.3618,605276.0625,1999.9000,
	2026/03/30 15:45:16	,	524544	,	4822	,10.2133,1999.9000,-0.6138,0.3002,594775.8750,27.3647,605276.0625,1999.9000,
	2026/03/30 15:45:16	,	525544	,	4823	,10.2139,1999.9000,-0.6139,0.1680,594773.7500,27.3672,605276.0625,1999.9000,
	2026/03/30 15:45:16	,	526544	,	4824	,10.2145,1999.9000,-0.6139,-0.0416,594772.6875,27.3692,605276.0625,1999.9000,
	2026/03/30 15:45:16	,	527544	,	4825	,10.2152,1999.9000,-0.6140,-0.2163,594772.0625,27.3724,605276.0625,1999.9000,
	2026/03/30 15:45:16	,	528544	,	4826	,10.2158,1999.9000,-0.6140,-0.3619,594771.6875,27.3751,605041.6250,1999.9000,
	2026/03/30 15:45:16	,	529544	,	4827	,10.2198,1999.9000,-0.6108,-0.4832,594899.5000,27.3789,604916.0000,1999.9000,
	2026/03/30 15:45:16	,	530544	,	4828	,10.2201,1999.9000,-0.6078,-0.7833,594923.0625,27.3851,604832.1250,1999.9000,
	2026/03/30 15:45:16	,	531544	,	4829	,10.2204,1999.9000,-0.6051,-1.0333,594936.1875,27.3902,604794.0625,1999.9000,
	2026/03/30 15:45:16	,	532544	,	4830	,10.2208,1999.9000,-0.5998,-1.2417,595095.5000,27.3945,604607.3750,1999.9000,
	2026/03/30 15:45:16	,	533544	,	4831	,10.2212,1999.9000,-0.5925,-1.3158,595445.8125,27.3981,604362.1875,1999.9000,
	2026/03/30 15:45:16	,	534544	,	4832	,10.2216,1999.9000,-0.5895,-1.3776,595550.6875,27.4011,604362.1875,1999.9000,
	2026/03/30 15:45:16	,	535544	,	4833	,10.2221,1999.9000,-0.5895,-1.4291,595550.6875,27.4021,604362.1875,1999.9000,
	2026/03/30 15:45:16	,	536544	,	4834	,10.2226,1999.9000,-0.5895,-1.5715,595550.6875,27.3998,604362.1875,1999.9000,
	2026/03/30 15:45:16	,	537544	,	4835	,10.2232,1999.9000,-0.5895,-1.5907,595550.6875,27.3980,604362.1875,1999.9000,
	2026/03/30 15:45:16	,	538544	,	4836	,10.2238,1999.9000,-0.5895,-1.5072,595550.6875,27.3918,604580.8125,1999.9000,
	2026/03/30 15:45:16	,	539544	,	4837	,10.2244,1999.9000,-0.5923,-1.2387,595387.4375,27.3867,604702.8125,1999.9000,
	2026/03/30 15:45:16	,	540544	,	4838	,10.2250,1999.9000,-0.5951,-1.1144,595352.5625,27.3840,604743.0000,1999.9000,
	2026/03/30 15:45:16	,	541544	,	4839	,10.2256,1999.9000,-0.5978,-0.8119,595338.3125,27.3832,604871.9375,1999.9000,
	2026/03/30 15:45:16	,	542544	,	4840	,10.2262,1999.9000,-0.6028,-0.4603,595231.9375,27.3826,605007.2500,1999.9000,
	2026/03/30 15:45:16	,	543544	,	4841	,10.2305,1999.9000,-0.6112,-0.1673,594929.8750,27.3805,605297.7500,1999.9000,
	2026/03/30 15:45:16	,	544544	,	4842	,10.2309,1999.9000,-0.6171,0.0768,594706.4375,27.3773,605297.7500,1999.9000,
	2026/03/30 15:45:16	,	545544	,	4843	,10.2311,1999.9000,-0.6171,0.2803,594706.4375,27.3746,605297.7500,1999.9000,
	2026/03/30 15:45:16	,	546544	,	4844	,10.2314,1999.9000,-0.6171,0.5493,594706.4375,27.3693,605297.7500,1999.9000,
	2026/03/30 15:45:16	,	547544	,	4845	,10.2318,1999.9000,-0.6171,0.3756,594706.4375,27.3694,605297.7500,1999.9000,
	2026/03/30 15:45:16	,	548544	,	4846	,10.2322,1999.9000,-0.6171,0.2308,594706.4375,27.3665,605097.8750,1999.9000,
	2026/03/30 15:45:16	,	549544	,	4847	,10.2326,1999.9000,-0.6171,0.5081,594868.5000,27.3625,604933.0000,1999.9000,
	2026/03/30 15:45:16	,	550544	,	4848	,10.2331,1999.9000,-0.6145,0.3412,594901.8750,27.3593,604840.5625,1999.9000,
	2026/03/30 15:45:16	,	551544	,	4849	,10.2336,1999.9000,-0.6116,0.1027,594920.1250,27.3581,604752.3750,1999.9000,
	2026/03/30 15:45:16	,	552544	,	4850	,10.2342,1999.9000,-0.6094,0.0035,595028.1250,27.3586,604630.9375,1999.9000,
	2026/03/30 15:45:16	,	553544	,	4851	,10.2348,1999.9000,-0.6061,0.0202,595320.0625,27.3590,604358.5625,1999.9000,
	2026/03/30 15:45:16	,	554544	,	4852	,10.2354,1999.9000,-0.5993,0.0341,595615.6250,27.3593,604358.5625,1999.9000,
	2026/03/30 15:45:16	,	555544	,	4853	,10.2360,1999.9000,-0.5938,-0.1532,595615.6250,27.3642,604358.5625,1999.9000,
	2026/03/30 15:45:16	,	556544	,	4854	,10.2366,1999.9000,-0.5938,-0.1103,595615.6250,27.3637,604358.5625,1999.9000,
	2026/03/30 15:45:16	,	557544	,	4855	,10.2408,1999.9000,-0.5938,-0.0746,595615.6250,27.3633,604358.5625,1999.9000,
	2026/03/30 15:45:16	,	558544	,	4856	,10.2412,1999.9000,-0.5938,-0.0449,595615.6250,27.3629,604463.0625,1999.9000,
	2026/03/30 15:45:16	,	559544	,	4857	,10.2416,1999.9000,-0.5938,0.1789,595441.6250,27.3626,604623.7500,1999.9000,
	2026/03/30 15:45:16	,	560544	,	4858	,10.2419,1999.9000,-0.5941,0.5643,595354.6875,27.3624,604716.7500,1999.9000,
	2026/03/30 15:45:16	,	561544	,	4859	,10.2422,1999.9000,-0.5982,0.8854,595339.1875,27.3667,604749.3750,1999.9000,
	2026/03/30 15:45:16	,	562544	,	4860	,10.2426,1999.9000,-0.5990,1.1531,595317.3750,27.3734,604881.6250,1999.9000,
	2026/03/30 15:45:16	,	563544	,	4861	,10.2430,1999.9000,-0.6022,1.3761,595045.4375,27.3714,605157.0625,1999.9000,
	2026/03/30 15:45:16	,	564544	,	4862	,10.2436,1999.9000,-0.6084,1.5620,594691.5625,27.3666,605157.0625,1999.9000,
	2026/03/30 15:45:16	,	565544	,	4863	,10.2441,1999.9000,-0.6138,1.7168,594691.5625,27.3626,605157.0625,1999.9000,
	2026/03/30 15:45:16	,	566544	,	4864	,10.2447,1999.9000,-0.6138,1.8459,594691.5625,27.3624,605157.0625,1999.9000,
	2026/03/30 15:45:16	,	567544	,	4865	,10.2453,1999.9000,-0.6138,1.4561,594691.5625,27.3637,605157.0625,1999.9000,
	2026/03/30 15:45:16	,	568544	,	4866	,10.2494,1999.9000,-0.6138,1.1312,594691.5625,27.3709,605150.1875,1999.9000,
	2026/03/30 15:45:16	,	569544	,	4867	,10.2496,1999.9000,-0.6138,0.8605,594823.8125,27.3754,604922.6875,1999.9000,
	2026/03/30 15:45:16	,	570544	,	4868	,10.2498,1999.9000,-0.6136,0.6350,594928.1250,27.3745,604810.9375,1999.9000,
	2026/03/30 15:45:16	,	571544	,	4869	,10.2501,1999.9000,-0.6090,0.4470,594940.6250,27.3693,604711.3125,1999.9000,
	2026/03/30 15:45:16	,	572544	,	4870	,10.2504,1999.9000,-0.6061,0.2903,594954.2500,27.3694,604618.3125,1999.9000,
	2026/03/30 15:45:16	,	573544	,	4871	,10.2507,1999.9000,-0.6030,-0.0392,595188.4375,27.3695,604416.5625,1999.9000,
	2026/03/30 15:45:16	,	574544	,	4872	,10.2511,1999.9000,-0.5967,-0.1148,595570.9375,27.3696,604386.6250,1999.9000,
	2026/03/30 15:45:16	,	575544	,	4873	,10.2516,1999.9000,-0.5907,-0.1778,595570.9375,27.3697,604376.6250,1999.9000,
	2026/03/30 15:45:16	,	576544	,	4874	,10.2521,1999.9000,-0.5907,-0.0314,595570.9375,27.3637,604371.6250,1999.9000,
	2026/03/30 15:45:16	,	577544	,	4875	,10.2527,1999.9000,-0.5907,0.0906,595570.9375,27.3587,604368.6875,1999.9000,
	2026/03/30 15:45:16	,	578544	,	4876	,10.2533,1999.9000,-0.5907,0.1923,595570.9375,27.3545,604366.6875,1999.9000,
	2026/03/30 15:45:16	,	579544	,	4877	,10.2539,1999.9000,-0.5907,0.0781,595558.5625,27.3541,604566.3125,1999.9000,
	2026/03/30 15:45:16	,	580544	,	4878	,10.2546,1999.9000,-0.5934,0.1819,595385.6875,27.3553,604690.7500,1999.9000,
	2026/03/30 15:45:16	,	581544	,	4879	,10.2552,1999.9000,-0.5960,0.3678,595364.1875,27.3547,604775.3125,1999.9000,
	2026/03/30 15:45:16	,	582544	,	4880	,10.2594,1999.9000,-0.5970,0.8212,595349.9375,27.3543,604814.6250,1999.9000,
	2026/03/30 15:45:16	,	583544	,	4881	,10.2598,1999.9000,-0.6001,1.1990,595187.2500,27.3539,605052.0000,1999.9000,
	2026/03/30 15:45:16	,	584544	,	4882	,10.2601,1999.9000,-0.6058,1.5139,594845.2500,27.3536,605186.6250,1999.9000,
	2026/03/30 15:45:16	,	585544	,	4883	,10.2604,1999.9000,-0.6127,1.8757,594818.0625,27.3533,605186.6250,1999.9000,
	2026/03/30 15:45:16	,	586544	,	4884	,10.2608,1999.9000,-0.6127,2.1772,594809.0625,27.3546,605186.6250,1999.9000,
	2026/03/30 15:45:16	,	587544	,	4885	,10.2612,1999.9000,-0.6127,2.4285,594804.5625,27.3557,605186.6250,1999.9000,
	2026/03/30 15:45:16	,	588544	,	4886	,10.2616,1999.9000,-0.6127,2.6379,594801.8750,27.3551,605186.6250,1999.9000,
	2026/03/30 15:45:16	,	589544	,	4887	,10.2620,1999.9000,-0.6127,2.8124,594800.0625,27.3545,604972.8125,1999.9000,
	2026/03/30 15:45:16	,	590544	,	4888	,10.2626,1999.9000,-0.6125,2.9578,594920.3750,27.3557,604839.9375,1999.9000,
	2026/03/30 15:45:16	,	591544	,	4889	,10.2631,1999.9000,-0.6085,2.9796,594942.3750,27.3557,604839.9375,1999.9000,
	2026/03/30 15:45:16	,	592544	,	4890	,10.2637,1999.9000,-0.6058,2.9976,594955.3125,27.3581,604741.5000,1999.9000,
	2026/03/30 15:45:16	,	593544	,	4891	,10.2643,1999.9000,-0.6048,3.0127,595091.3125,27.3601,604705.2500,1999.9000,
	2026/03/30 15:45:16	,	594544	,	4892	,10.2650,1999.9000,-0.5995,2.9258,595419.0000,27.3649,604496.8750,1999.9000,
	2026/03/30 15:45:16	,	595544	,	4893	,10.2656,1999.9000,-0.5891,2.8534,595598.3750,27.3691,604353.6875,1999.9000,
	2026/03/30 15:45:16	,	596544	,	4894	,10.2697,1999.9000,-0.5891,2.8925,595598.3750,27.3691,604353.6875,1999.9000,
	2026/03/30 15:45:16	,	597544	,	4895	,10.2703,1999.9000,-0.5891,3.0246,595598.3750,27.3708,604353.6875,1999.9000,
	2026/03/30 15:45:16	,	598544	,	4896	,10.2707,1999.9000,-0.5891,3.2341,595598.3750,27.3738,604353.6875,1999.9000,
	2026/03/30 15:45:16	,	599544	,	4897	,10.2709,1999.9000,-0.5891,3.4087,595598.3750,27.3762,604353.6875,1999.9000,
	2026/03/30 15:45:16	,	600544	,	4898	,10.2713,1999.9000,-0.5891,3.5542,595445.8125,27.3768,604566.9375,1999.9000,
	2026/03/30 15:45:16	,	601544	,	4899	,10.2716,1999.9000,-0.5921,3.0786,595416.3750,27.3772,604678.6250,1999.9000,
	2026/03/30 15:45:16	,	602544	,	4900	,10.2721,1999.9000,-0.5952,2.4834,595392.6250,27.3776,604716.1250,1999.9000,
	2026/03/30 15:45:16	,	603544	,	4901	,10.2725,1999.9000,-0.5981,1.9873,595256.9375,27.3779,604822.4375,1999.9000,
	2026/03/30 15:45:16	,	604544	,	4902	,10.2731,1999.9000,-0.6030,1.6734,594978.7500,27.3782,604986.7500,1999.9000,
	2026/03/30 15:45:16	,	605544	,	4903	,10.2736,1999.9000,-0.6109,1.4118,594693.9375,27.3784,605278.4375,1999.9000,
	2026/03/30 15:45:16	,	606544	,	4904	,10.2742,1999.9000,-0.6161,1.0944,594693.9375,27.3740,605278.4375,1999.9000,
	2026/03/30 15:45:16	,	607544	,	4905	,10.2747,1999.9000,-0.6161,0.8298,594693.9375,27.3703,605278.4375,1999.9000,
	2026/03/30 15:45:16	,	608544	,	4906	,10.2753,1999.9000,-0.6161,0.6093,594693.9375,27.3688,605278.4375,1999.9000,
	2026/03/30 15:45:16	,	609544	,	4907	,10.2759,1999.9000,-0.6161,0.5251,594693.9375,27.3706,605278.4375,1999.9000,
	2026/03/30 15:45:16	,	610544	,	4908	,10.2801,1999.9000,-0.6161,0.4549,594855.3750,27.3721,605041.0625,1999.9000,
	2026/03/30 15:45:16	,	611544	,	4909	,10.2805,1999.9000,-0.6136,0.5953,594892.3125,27.3718,604883.4375,1999.9000,
	2026/03/30 15:45:16	,	612544	,	4910	,10.2809,1999.9000,-0.6127,0.5953,594910.1875,27.3700,604781.3125,1999.9000,
	2026/03/30 15:45:16	,	613544	,	4911	,10.2812,1999.9000,-0.6102,0.8118,595010.8750,27.3670,604695.6250,1999.9000,
	2026/03/30 15:45:16	,	614544	,	4912	,10.2815,1999.9000,-0.6067,0.9923,595288.5625,27.3660,604580.2500,1999.9000,
	2026/03/30 15:45:16	,	615544	,	4913	,10.2818,1999.9000,-0.5993,1.1426,595653.7500,27.3667,604322.8750,1999.9000,
	2026/03/30 15:45:16	,	616544	,	4914	,10.2822,1999.9000,-0.5935,1.3674,595653.7500,27.3673,604322.8750,1999.9000,
	2026/03/30 15:45:16	,	617544	,	4915	,10.2827,1999.9000,-0.5935,1.5547,595653.7500,27.3678,604322.8750,1999.9000,
	2026/03/30 15:45:16	,	618544	,	4916	,10.2832,1999.9000,-0.5935,1.7108,595653.7500,27.3682,604322.8750,1999.9000,
	2026/03/30 15:45:16	,	619544	,	4917	,10.2838,1999.9000,-0.5935,1.8409,595653.7500,27.3685,604322.8750,1999.9000,
	2026/03/30 15:45:16	,	620544	,	4918	,10.2844,1999.9000,-0.5935,2.1482,595464.8750,27.3765,604499.3125,1999.9000,
	2026/03/30 15:45:16	,	621544	,	4919	,10.2850,1999.9000,-0.5956,2.4043,595363.5625,27.3861,604646.0625,1999.9000,
	2026/03/30 15:45:16	,	622544	,	4920	,10.2856,1999.9000,-0.5980,2.6178,595351.0625,27.3942,604736.0625,1999.9000,
	2026/03/30 15:45:16	,	623544	,	4921	,10.2897,1999.9000,-0.5988,2.7956,595335.2500,27.4024,604772.6250,1999.9000,
	2026/03/30 15:45:16	,	624544	,	4922	,10.2902,1999.9000,-0.6022,2.9439,595107.4375,27.4092,604927.5625,1999.9000,
	2026/03/30 15:45:16	,	625544	,	4923	,10.2905,1999.9000,-0.6089,3.0674,594756.5000,27.4134,605217.4375,1999.9000,
	2026/03/30 15:45:16	,	626544	,	4924	,10.2908,1999.9000,-0.6147,3.2698,594756.5000,27.4124,605217.4375,1999.9000,
	2026/03/30 15:45:16	,	627544	,	4925	,10.2912,1999.9000,-0.6149,3.3390,594756.5000,27.4099,605217.4375,1999.9000,
	2026/03/30 15:45:16	,	628544	,	4926	,10.2916,1999.9000,-0.6149,3.2972,594756.5000,27.4079,605217.4375,1999.9000,
	2026/03/30 15:45:16	,	629544	,	4927	,10.2920,1999.9000,-0.6150,3.1628,594756.5000,27.4047,605217.4375,1999.9000,
	2026/03/30 15:45:16	,	630544	,	4928	,10.2920,1999.9000,-0.6150,3.0509,594767.6250,27.4020,605107.5000,1999.9000,
	2026/03/30 15:45:16	,	631544	,	4929	,10.2926,1999.9000,-0.6150,2.9576,594933.3750,27.4013,604925.6875,1999.9000,
	2026/03/30 15:45:16	,	632544	,	4930	,10.2931,1999.9000,-0.6128,2.5815,594951.8750,27.3992,604806.7500,1999.9000,
	2026/03/30 15:45:16	,	633544	,	4931	,10.2936,1999.9000,-0.6120,1.8701,594951.8750,27.3974,604716.7500,1999.9000,
	2026/03/30 15:45:16	,	634544	,	4932	,10.2941,1999.9000,-0.6092,1.2773,595162.8125,27.3960,604678.6250,1999.9000,
	2026/03/30 15:45:16	,	635544	,	4933	,10.2947,1999.9000,-0.6032,0.7833,595162.8125,27.3902,604415.9375,1999.9000,
	2026/03/30 15:45:16	,	636544	,	4934	,10.2953,1999.9000,-0.5975,0.3717,595558.4375,27.3899,604415.9375,1999.9000,
	2026/03/30 15:45:16	,	637544	,	4935	,10.2995,1999.9000,-0.5947,0.0286,595558.4375,27.3912,604415.9375,1999.9000,
	2026/03/30 15:45:16	,	638544	,	4936	,10.2999,1999.9000,-0.5947,-0.2573,595558.4375,27.3938,604415.9375,1999.9000,
	2026/03/30 15:45:16	,	639544	,	4937	,10.3003,1999.9000,-0.5947,-0.3960,595558.4375,27.3945,604415.9375,1999.9000,
	2026/03/30 15:45:16	,	640544	,	4938	,10.3007,1999.9000,-0.5947,-0.5117,595558.4375,27.3874,604420.2500,1999.9000,
	2026/03/30 15:45:16	,	641544	,	4939	,10.3010,1999.9000,-0.5947,-0.5085,595407.0625,27.3815,604627.9375,1999.9000,
	2026/03/30 15:45:16	,	642544	,	4940	,10.3014,1999.9000,-0.5948,-0.5059,595407.0625,27.3766,604732.3750,1999.9000,
	2026/03/30 15:45:16	,	643544	,	4941	,10.3018,1999.9000,-0.5951,-0.5038,595381.7500,27.3740,604770.8125,1999.9000,
	2026/03/30 15:45:16	,	644544	,	4942	,10.3022,1999.9000,-0.5981,-0.5020,595362.8125,27.3719,604899.7500,1999.9000,
	2026/03/30 15:45:16	,	645544	,	4943	,10.3027,1999.9000,-0.6041,-0.5005,595207.5000,27.3685,605119.5625,1999.9000,
	2026/03/30 15:45:16	,	646544	,	4944	,10.3032,1999.9000,-0.6113,-0.5987,594880.3750,27.3658,605157.0000,1999.9000,
	2026/03/30 15:45:16	,	647544	,	4945	,10.3037,1999.9000,-0.6116,-0.7800,594767.1875,27.3604,605169.5000,1999.9000,
	2026/03/30 15:45:16	,	648544	,	4946	,10.3043,1999.9000,-0.6117,-0.9311,594767.1875,27.3560,605175.7500,1999.9000,
	2026/03/30 15:45:16	,	649544	,	4947	,10.3049,1999.9000,-0.6117,-1.0570,594767.1875,27.3523,605179.4375,1999.9000,
	2026/03/30 15:45:16	,	650544	,	4948	,10.3090,1999.9000,-0.6118,-1.1620,594767.1875,27.3491,605182.0000,1999.9000,
	2026/03/30 15:45:16	,	651544	,	4949	,10.3093,1999.9000,-0.6118,-1.2494,594767.1875,27.3466,604978.2500,1999.9000,
	2026/03/30 15:45:16	,	652544	,	4950	,10.3097,1999.9000,-0.6090,-1.2228,594916.7500,27.3444,604847.1875,1999.9000,
	2026/03/30 15:45:16	,	653544	,	4951	,10.3100,1999.9000,-0.6066,-1.3001,594939.6875,27.3457,604760.8125,1999.9000,
	2026/03/30 15:45:16	,	654544	,	4952	,10.3103,1999.9000,-0.6042,-1.3645,594947.9375,27.3498,604727.8750,1999.9000,
	2026/03/30 15:45:16	,	655544	,	4953	,10.3107,1999.9000,-0.5989,-1.3188,595059.1250,27.3501,604513.1875,1999.9000,
	2026/03/30 15:45:16	,	656544	,	4954	,10.3111,1999.9000,-0.5919,-1.1811,595377.3125,27.3504,604373.6875,1999.9000,
	2026/03/30 15:45:16	,	657544	,	4955	,10.3115,1999.9000,-0.5919,-1.0664,595594.1250,27.3537,604373.6875,1999.9000,
	2026/03/30 15:45:16	,	658544	,	4956	,10.3120,1999.9000,-0.5919,-0.7719,595594.1250,27.3565,604373.6875,1999.9000,
	2026/03/30 15:45:16	,	659544	,	4957	,10.3125,1999.9000,-0.5919,-0.3275,595594.1250,27.3603,604373.6875,1999.9000,
	2026/03/30 15:45:16	,	660544	,	4958	,10.3132,1999.9000,-0.5919,-0.3551,595594.1250,27.3650,604373.6875,1999.9000,
	2026/03/30 15:45:16	,	661544	,	4959	,10.3138,1999.9000,-0.5919,-0.3781,595594.1250,27.3674,604576.0000,1999.9000,
	2026/03/30 15:45:16	,	662544	,	4960	,10.3144,1999.9000,-0.5949,-0.3972,595419.0000,27.3679,604701.0625,1999.9000,
	2026/03/30 15:45:16	,	663544	,	4961	,10.3184,1999.9000,-0.5972,-0.4132,595383.8750,27.3652,604783.1875,1999.9000,
	2026/03/30 15:45:16	,	664544	,	4962	,10.3189,1999.9000,-0.5994,-0.6254,595365.0000,27.3660,604818.8125,1999.9000,
	2026/03/30 15:45:16	,	665544	,	4963	,10.3193,1999.9000,-0.6042,-0.8023,595281.4375,27.3683,605038.0625,1999.9000,
	2026/03/30 15:45:16	,	666544	,	4964	,10.3197,1999.9000,-0.6121,-0.7507,595022.8125,27.3717,605300.1875,1999.9000,
	2026/03/30 15:45:16	,	667544	,	4965	,10.3201,1999.9000,-0.6178,-0.7078,594698.6875,27.3745,605300.1875,1999.9000,
	2026/03/30 15:45:16	,	668544	,	4966	,10.3204,1999.9000,-0.6178,-0.6720,594698.6875,27.3707,605300.1875,1999.9000,
	2026/03/30 15:45:16	,	669544	,	4967	,10.3208,1999.9000,-0.6178,-0.6421,594698.6875,27.3676,605300.1875,1999.9000,
	2026/03/30 15:45:16	,	670544	,	4968	,10.3213,1999.9000,-0.6178,-0.5178,594698.6875,27.3711,605300.1875,1999.9000,
	2026/03/30 15:45:16	,	671544	,	4969	,10.3217,1999.9000,-0.6178,-0.1158,594698.6875,27.3740,605070.0625,1999.9000,
	2026/03/30 15:45:16	,	672544	,	4970	,10.3222,1999.9000,-0.6149,0.2193,594870.2500,27.3764,604923.8750,1999.9000,
	2026/03/30 15:45:16	,	673544	,	4971	,10.3227,1999.9000,-0.6118,0.4985,594951.2500,27.3769,604810.3125,1999.9000,
	2026/03/30 15:45:16	,	674544	,	4972	,10.3233,1999.9000,-0.6091,0.4327,594961.6875,27.3773,604719.1875,1999.9000,
	2026/03/30 15:45:16	,	675544	,	4973	,10.3239,1999.9000,-0.6042,0.2784,594980.6875,27.3731,604582.6875,1999.9000,
	2026/03/30 15:45:16	,	676544	,	4974	,10.3246,1999.9000,-0.5958,0.1498,595258.1875,27.3696,604315.0625,1999.9000,
	2026/03/30 15:45:16	,	677544	,	4975	,10.3288,1999.9000,-0.5895,0.0427,595627.5000,27.3667,604315.0625,1999.9000,
	2026/03/30 15:45:16	,	678544	,	4976	,10.3292,1999.9000,-0.5895,-0.0466,595627.5000,27.3627,604315.0625,1999.9000,
	2026/03/30 15:45:16	,	679544	,	4977	,10.3296,1999.9000,-0.5895,-0.1210,595627.5000,27.3594,604315.0625,1999.9000,
	2026/03/30 15:45:16	,	680544	,	4978	,10.3299,1999.9000,-0.5895,-0.2824,595627.5000,27.3566,604315.0625,1999.9000,
	2026/03/30 15:45:16	,	681544	,	4979	,10.3302,1999.9000,-0.5895,-0.3175,595627.5000,27.3512,604522.2500,1999.9000,
	2026/03/30 15:45:16	,	682544	,	4980	,10.3305,1999.9000,-0.5896,-0.3468,595481.5625,27.3437,604662.3750,1999.9000,
	2026/03/30 15:45:16	,	683544	,	4981	,10.3309,1999.9000,-0.5935,-0.3711,595370.7500,27.3375,604755.9375,1999.9000,
	2026/03/30 15:45:16	,	684544	,	4982	,10.3314,1999.9000,-0.5958,0.0065,595350.7500,27.3323,604845.9375,1999.9000,
	2026/03/30 15:45:16	,	685544	,	4983	,10.3319,1999.9000,-0.5988,0.3211,595330.8125,27.3279,604978.8750,1999.9000,
	2026/03/30 15:45:16	,	686544	,	4984	,10.3324,1999.9000,-0.6053,0.6828,595121.1250,27.3243,605271.1875,1999.9000,
	2026/03/30 15:45:16	,	687544	,	4985	,10.3329,1999.9000,-0.6099,0.9842,594771.9375,27.3228,605271.1875,1999.9000,
	2026/03/30 15:45:16	,	688544	,	4986	,10.3335,1999.9000,-0.6099,1.2354,594771.9375,27.3261,605271.1875,1999.9000,
	2026/03/30 15:45:16	,	689544	,	4987	,10.3341,1999.9000,-0.6099,1.4447,594771.9375,27.3289,605271.1875,1999.9000,
	2026/03/30 15:45:16	,	690544	,	4988	,10.3347,1999.9000,-0.6099,1.6191,594771.9375,27.3373,605271.1875,1999.9000,
	2026/03/30 15:45:16	,	691544	,	4989	,10.3353,1999.9000,-0.6099,1.7645,594771.9375,27.3443,605103.3125,1999.9000,
	2026/03/30 15:45:16	,	692544	,	4990	,10.3359,1999.9000,-0.6066,1.8856,594776.0625,27.3502,604925.1250,1999.9000,
	2026/03/30 15:45:16	,	693544	,	4991	,10.3366,1999.9000,-0.6041,1.9866,594911.3750,27.3551,604815.1250,1999.9000,
	2026/03/30 15:45:16	,	694544	,	4992	,10.3408,1999.9000,-0.6032,1.8717,594930.5000,27.3591,604733.6250,1999.9000,
	2026/03/30 15:45:16	,	695544	,	4993	,10.3411,1999.9000,-0.6003,1.7760,594944.7500,27.3625,604645.4375,1999.9000,
	2026/03/30 15:45:16	,	696544	,	4994	,10.3413,1999.9000,-0.5943,1.6963,595112.7500,27.3622,604387.5000,1999.9000,
	2026/03/30 15:45:16	,	697544	,	4995	,10.3415,1999.9000,-0.5885,1.7293,595467.8750,27.3620,604387.5000,1999.9000,
	2026/03/30 15:45:16	,	698544	,	4996	,10.3419,1999.9000,-0.5884,1.7568,595500.6250,27.3603,604387.5000,1999.9000,
	2026/03/30 15:45:16	,	699544	,	4997	,10.3423,1999.9000,-0.5883,1.7798,595511.5625,27.3589,604387.5000,1999.9000,
	2026/03/30 15:45:16	,	700544	,	4998	,10.3427,1999.9000,-0.5883,1.7989,595517.0625,27.3562,604387.5000,1999.9000,
	2026/03/30 15:45:16	,	701544	,	4999	,10.3431,1999.9000,-0.5883,1.7153,595520.3125,27.3540,604400.3750,1999.9000,
	2026/03/30 15:45:16	,	702544	,	5000	,10.3436,1999.9000,-0.5883,1.6457,595522.4375,27.3536,604649.0625,1999.9000,
	2026/03/30 15:45:16	,	703544	,	5001	,10.3441,1999.9000,-0.5905,1.6871,595388.0625,27.3534,604754.1875,1999.9000,
	2026/03/30 15:45:16	,	704544	,	5002	,10.3447,1999.9000,-0.5912,1.7217,595361.1875,27.3531,604793.1250,1999.9000,
	2026/03/30 15:45:16	,	705544	,	5003	,10.3453,1999.9000,-0.5935,1.7505,595344.5625,27.3529,604922.0625,1999.9000,
	2026/03/30 15:45:16	,	706544	,	5004	,10.3460,1999.9000,-0.5987,1.6750,595219.4375,27.3512,605164.3125,1999.9000,
	2026/03/30 15:45:16	,	707544	,	5005	,10.3466,1999.9000,-0.6052,1.3137,594911.3750,27.3468,605168.8125,1999.9000,
	2026/03/30 15:45:16	,	708544	,	5006	,10.3472,1999.9000,-0.6061,1.0126,594767.1875,27.3431,605170.3125,1999.9000,
	2026/03/30 15:45:16	,	709544	,	5007	,10.3479,1999.9000,-0.6064,1.1595,594767.1875,27.3415,605171.0625,1999.9000,
	2026/03/30 15:45:16	,	710544	,	5008	,10.3485,1999.9000,-0.6065,1.2820,594767.1875,27.3402,605171.4375,1999.9000,
	2026/03/30 15:45:16	,	711544	,	5009	,10.3526,1999.9000,-0.6066,1.3841,594767.1875,27.3391,605171.7500,1999.9000,
	2026/03/30 15:45:16	,	712544	,	5010	,10.3528,1999.9000,-0.6067,1.4691,594767.1875,27.3382,604987.3125,1999.9000,
	2026/03/30 15:45:16	,	713544	,	5011	,10.3531,1999.9000,-0.6039,1.5400,594917.9375,27.3375,604861.1250,1999.9000,
	2026/03/30 15:45:16	,	714544	,	5012	,10.3535,1999.9000,-0.6012,1.4996,594946.8125,27.3429,604750.5000,1999.9000,
	2026/03/30 15:45:16	,	715544	,	5013	,10.3538,1999.9000,-0.5984,1.4659,594957.4375,27.3490,604668.3750,1999.9000,
	2026/03/30 15:45:16	,	716544	,	5014	,10.3541,1999.9000,-0.5925,1.4379,595051.3750,27.3586,604482.3750,1999.9000,
	2026/03/30 15:45:16	,	717544	,	5015	,10.3546,1999.9000,-0.5850,0.9171,595353.4375,27.3586,604454.6250,1999.9000,
	2026/03/30 15:45:16	,	718544	,	5016	,10.3551,1999.9000,-0.5812,0.4832,595641.8750,27.3667,604445.3750,1999.9000,
	2026/03/30 15:45:16	,	719544	,	5017	,10.3556,1999.9000,-0.5812,0.1215,595641.8750,27.3734,604440.6875,1999.9000,
	2026/03/30 15:45:16	,	720544	,	5018	,10.3561,1999.9000,-0.5812,-0.1798,595641.8750,27.3790,604437.9375,1999.9000,
	2026/03/30 15:45:16	,	721544	,	5019	,10.3567,1999.9000,-0.5812,-0.4310,595641.8750,27.3836,604436.0625,1999.9000,
	2026/03/30 15:45:16	,	722544	,	5020	,10.3573,1999.9000,-0.5812,-0.5408,595641.8750,27.3891,604621.8750,1999.9000,
	2026/03/30 15:45:16	,	723544	,	5021	,10.3579,1999.9000,-0.5815,-0.4333,595463.1250,27.3951,604745.1250,1999.9000,
	2026/03/30 15:45:16	,	724544	,	5022	,10.3585,1999.9000,-0.5851,-0.1449,595370.7500,27.3970,604785.0625,1999.9000,
	2026/03/30 15:45:16	,	725544	,	5023	,10.3592,1999.9000,-0.5851,0.0955,595355.0000,27.3987,604897.3750,1999.9000,
	2026/03/30 15:45:16	,	726544	,	5024	,10.3598,1999.9000,-0.5912,0.4948,595333.4375,27.4001,605090.0000,1999.9000,
	2026/03/30 15:45:16	,	727544	,	5025	,10.3604,1999.9000,-0.5983,0.8276,595054.3750,27.4012,605231.9375,1999.9000,
	2026/03/30 15:45:16	,	728544	,	5026	,10.3646,1999.9000,-0.5983,1.1048,594693.3125,27.4052,605231.9375,1999.9000,
	2026/03/30 15:45:16	,	729544	,	5027	,10.3650,1999.9000,-0.5983,1.5349,594693.3125,27.4086,605231.9375,1999.9000,
	2026/03/30 15:45:16	,	730544	,	5028	,10.3653,1999.9000,-0.5983,1.8932,594693.3125,27.4113,605231.9375,1999.9000,
	2026/03/30 15:45:16	,	731544	,	5029	,10.3656,1999.9000,-0.5983,2.1918,594693.3125,27.4106,605231.9375,1999.9000,
	2026/03/30 15:45:16	,	732544	,	5030	,10.3659,1999.9000,-0.5983,2.2417,594693.3125,27.4085,605015.7500,1999.9000,
	2026/03/30 15:45:16	,	733544	,	5031	,10.3662,1999.9000,-0.5981,2.0844,594844.0625,27.4082,604882.1875,1999.9000,
	2026/03/30 15:45:16	,	734544	,	5032	,10.3665,1999.9000,-0.5927,1.8538,594941.7500,27.4126,604791.0625,1999.9000,
	2026/03/30 15:45:16	,	735544	,	5033	,10.3669,1999.9000,-0.5892,1.6616,594954.0000,27.4131,604750.5000,1999.9000,
	2026/03/30 15:45:16	,	736544	,	5034	,10.3674,1999.9000,-0.5864,1.5014,594969.1875,27.4136,604562.6875,1999.9000,
	2026/03/30 15:45:16	,	737544	,	5035	,10.3678,1999.9000,-0.5819,1.6664,595223.0000,27.4125,604342.2500,1999.9000,
	2026/03/30 15:45:16	,	738544	,	5036	,10.3683,1999.9000,-0.5742,1.5055,595600.7500,27.4116,604342.2500,1999.9000,
	2026/03/30 15:45:16	,	739544	,	5037	,10.3689,1999.9000,-0.5687,1.2719,595600.7500,27.4108,604342.2500,1999.9000,
	2026/03/30 15:45:16	,	740544	,	5038	,10.3695,1999.9000,-0.5687,1.0772,595600.7500,27.4102,604342.2500,1999.9000,
	2026/03/30 15:45:16	,	741544	,	5039	,10.3701,1999.9000,-0.5687,0.9150,595600.7500,27.4112,604342.2500,1999.9000,
	2026/03/30 15:45:16	,	742544	,	5040	,10.3708,1999.9000,-0.5687,0.7798,595600.7500,27.4104,604342.2500,1999.9000,
	2026/03/30 15:45:16	,	743544	,	5041	,10.3714,1999.9000,-0.5687,0.6671,595486.3750,27.4099,604561.5000,1999.9000,
	2026/03/30 15:45:16	,	744544	,	5042	,10.3721,1999.9000,-0.5687,0.5733,595373.7500,27.4063,604700.4375,1999.9000,
	2026/03/30 15:45:16	,	745544	,	5043	,10.3727,1999.9000,-0.5690,0.4950,595360.3750,27.4034,604789.8125,1999.9000,
	2026/03/30 15:45:16	,	746544	,	5044	,10.3734,1999.9000,-0.5716,0.4298,595343.3125,27.4009,604828.4375,1999.9000,
	2026/03/30 15:45:16	,	747544	,	5045	,10.3740,1999.9000,-0.5740,0.3755,595152.6875,27.3958,605001.1875,1999.9000,
	2026/03/30 15:45:16	,	748544	,	5046	,10.3747,1999.9000,-0.5803,0.3302,594800.0000,27.3916,605289.9375,1999.9000,
	2026/03/30 15:45:16	,	749544	,	5047	,10.3753,1999.9000,-0.5849,0.1930,594795.5000,27.3865,605289.9375,1999.9000,
	2026/03/30 15:45:16	,	750544	,	5048	,10.3760,1999.9000,-0.5849,0.0787,594794.0000,27.3792,605289.9375,1999.9000,
	2026/03/30 15:45:16	,	751544	,	5049	,10.3766,1999.9000,-0.5849,-0.0166,594793.2500,27.3732,605289.9375,1999.9000,
	2026/03/30 15:45:16	,	752544	,	5050	,10.3773,1999.9000,-0.5849,0.0035,594792.8125,27.3711,605289.9375,1999.9000,
	2026/03/30 15:45:16	,	753544	,	5051	,10.3779,1999.9000,-0.5849,0.0202,594792.5000,27.3710,605079.1250,1999.9000,
	2026/03/30 15:45:16	,	754544	,	5052	,10.3786,1999.9000,-0.5808,0.0342,594917.3750,27.3694,604922.6875,1999.9000,
	2026/03/30 15:45:16	,	755544	,	5053	,10.3792,1999.9000,-0.5774,0.0458,594943.3125,27.3634,604838.1250,1999.9000,
	2026/03/30 15:45:16	,	756544	,	5054	,10.3798,1999.9000,-0.5747,0.0555,594957.8750,27.3585,604755.4375,1999.9000,
	2026/03/30 15:45:16	,	757544	,	5055	,10.3840,1999.9000,-0.5712,0.3620,595108.6250,27.3605,604634.0000,1999.9000,
	2026/03/30 15:45:16	,	758544	,	5056	,10.3841,1999.9000,-0.5639,0.8163,595462.5000,27.3621,604370.0000,1999.9000,
	2026/03/30 15:45:16	,	759544	,	5057	,10.3844,1999.9000,-0.5572,1.1949,595548.3125,27.3650,604370.0000,1999.9000,
	2026/03/30 15:45:16	,	760544	,	5058	,10.3847,1999.9000,-0.5563,1.5105,595548.3125,27.3659,604370.0000,1999.9000,
	2026/03/30 15:45:16	,	761544	,	5059	,10.3850,1999.9000,-0.5560,1.6739,595548.3125,27.3666,604370.0000,1999.9000,
	2026/03/30 15:45:16	,	762544	,	5060	,10.3854,1999.9000,-0.5559,1.7107,595548.3125,27.3672,604370.0000,1999.9000,
	2026/03/30 15:45:16	,	763544	,	5061	,10.3858,1999.9000,-0.5558,1.7413,595548.3125,27.3693,604495.0625,1999.9000,
	2026/03/30 15:45:16	,	764544	,	5062	,10.3862,1999.9000,-0.5558,1.4684,595400.5625,27.3709,604667.8125,1999.9000,
	2026/03/30 15:45:16	,	765544	,	5063	,10.3867,1999.9000,-0.5579,1.2410,595371.6250,27.3723,604765.0625,1999.9000,
	2026/03/30 15:45:16	,	766544	,	5064	,10.3872,1999.9000,-0.5589,1.0515,595353.1250,27.3735,604799.1250,1999.9000,
	2026/03/30 15:45:16	,	767544	,	5065	,10.3877,1999.9000,-0.5625,0.8935,595226.5625,27.3776,604932.3750,1999.9000,
	2026/03/30 15:45:16	,	768544	,	5066	,10.3882,1999.9000,-0.5689,0.7619,594932.8750,27.3855,605211.4375,1999.9000,
	2026/03/30 15:45:16	,	769544	,	5067	,10.3888,1999.9000,-0.5758,0.6522,594739.1875,27.3921,605211.4375,1999.9000,
	2026/03/30 15:45:16	,	770544	,	5068	,10.3894,1999.9000,-0.5758,0.5609,594739.1875,27.3976,605211.4375,1999.9000,
	2026/03/30 15:45:16	,	771544	,	5069	,10.3894,1999.9000,-0.5758,0.1863,594739.1875,27.4022,605211.4375,1999.9000,
	2026/03/30 15:45:16	,	772544	,	5070	,10.3905,1999.9000,-0.5758,-0.1259,594739.1875,27.4061,605211.4375,1999.9000,
	2026/03/30 15:45:16	,	773544	,	5071	,10.3911,1999.9000,-0.5758,-0.3860,594739.1875,27.4092,605205.0625,1999.9000,
	2026/03/30 15:45:16	,	774544	,	5072	,10.3918,1999.9000,-0.5727,-0.6028,594892.8750,27.4134,604971.6250,1999.9000,
	2026/03/30 15:45:16	,	775544	,	5073	,10.3924,1999.9000,-0.5688,-0.7834,594923.8750,27.4170,604862.3125,1999.9000,
	2026/03/30 15:45:16	,	776544	,	5074	,10.3929,1999.9000,-0.5656,-0.9340,594935.2500,27.4199,604774.0625,1999.9000,
	2026/03/30 15:45:16	,	777544	,	5075	,10.3935,1999.9000,-0.5628,-1.0594,594952.8125,27.4208,604678.1250,1999.9000,
	2026/03/30 15:45:16	,	778544	,	5076	,10.3977,1999.9000,-0.5568,-1.5619,595289.1250,27.4123,604450.3750,1999.9000,
	2026/03/30 15:45:16	,	779544	,	5077	,10.3980,1999.9000,-0.5495,-1.9806,595618.6250,27.4053,604441.2500,1999.9000,
	2026/03/30 15:45:16	,	780544	,	5078	,10.3982,1999.9000,-0.5445,-2.0310,595618.6250,27.4055,604438.2500,1999.9000,
	2026/03/30 15:45:16	,	781544	,	5079	,10.3985,1999.9000,-0.5445,-2.0731,595618.6250,27.3997,604436.6875,1999.9000,
	2026/03/30 15:45:16	,	782544	,	5080	,10.3988,1999.9000,-0.5445,-2.1082,595618.6250,27.3947,604435.7500,1999.9000,
	2026/03/30 15:45:16	,	783544	,	5081	,10.3990,1999.9000,-0.5445,-2.1374,595618.6250,27.3815,604435.1250,1999.9000,
	2026/03/30 15:45:16	,	784544	,	5082	,10.3994,1999.9000,-0.5445,-2.1618,595438.0625,27.3674,604630.3750,1999.9000,
	2026/03/30 15:45:16	,	785544	,	5083	,10.3997,1999.9000,-0.5446,-2.1820,595352.8750,27.3542,604746.3125,1999.9000,
	2026/03/30 15:45:16	,	786544	,	5084	,10.4001,1999.9000,-0.5449,-2.1990,595336.4375,27.3431,604830.3125,1999.9000,
	2026/03/30 15:45:16	,	787544	,	5085	,10.4006,1999.9000,-0.5452,-1.4173,595315.2500,27.3339,604868.6250,1999.9000,
	2026/03/30 15:45:16	,	788544	,	5086	,10.4011,1999.9000,-0.5500,-0.7658,595069.8750,27.3262,605118.3750,1999.9000,
	2026/03/30 15:45:16	,	789544	,	5087	,10.4016,1999.9000,-0.5560,-0.0240,594718.9375,27.3198,605232.5000,1999.9000,
	2026/03/30 15:45:16	,	790544	,	5088	,10.4021,1999.9000,-0.5560,0.5941,594718.9375,27.3130,605232.5000,1999.9000,
	2026/03/30 15:45:16	,	791544	,	5089	,10.4026,1999.9000,-0.5560,1.1093,594718.9375,27.3088,605232.5000,1999.9000,
	2026/03/30 15:45:16	,	792544	,	5090	,10.4032,1999.9000,-0.5560,1.5385,594718.9375,27.3205,605232.5000,1999.9000,
	2026/03/30 15:45:16	,	793544	,	5091	,10.4037,1999.9000,-0.5560,1.8963,594718.9375,27.3319,605232.5000,1999.9000,
	2026/03/30 15:45:16	,	794544	,	5092	,10.4041,1999.9000,-0.5559,1.8960,594819.6250,27.3414,605024.1250,1999.9000,
	2026/03/30 15:45:16	,	795544	,	5093	,10.4047,1999.9000,-0.5520,1.8957,594926.2500,27.3538,604899.1250,1999.9000,
	2026/03/30 15:45:16	,	796544	,	5094	,10.4052,1999.9000,-0.5491,1.8955,594939.6875,27.3642,604805.5000,1999.9000,
	2026/03/30 15:45:16	,	797544	,	5095	,10.4058,1999.9000,-0.5470,1.8953,594948.5625,27.3683,604721.5625,1999.9000,
	2026/03/30 15:45:16	,	798544	,	5096	,10.4064,1999.9000,-0.5430,1.8952,595153.3125,27.3717,604559.6875,1999.9000,
	2026/03/30 15:45:16	,	799544	,	5097	,10.4069,1999.9000,-0.5358,1.8950,595527.4375,27.3745,604405.0625,1999.9000,
	2026/03/30 15:45:16	,	800544	,	5098	,10.4075,1999.9000,-0.5303,2.1933,595527.4375,27.3738,604405.0625,1999.9000,
	2026/03/30 15:45:16	,	801544	,	5099	,10.4081,1999.9000,-0.5295,2.4419,595527.4375,27.3732,604405.0625,1999.9000,
	2026/03/30 15:45:16	,	802544	,	5100	,10.4087,1999.9000,-0.5293,2.6491,595527.4375,27.3711,604405.0625,1999.9000,
	2026/03/30 15:45:16	,	803544	,	5101	,10.4094,1999.9000,-0.5291,2.8218,595527.4375,27.3680,604405.0625,1999.9000,
	2026/03/30 15:45:16	,	804544	,	5102	,10.4135,1999.9000,-0.5290,2.3688,595525.0000,27.3653,604612.2500,1999.9000,
	2026/03/30 15:45:16	,	805544	,	5103	,10.4138,1999.9000,-0.5290,1.9913,595377.9375,27.3631,604736.0625,1999.9000,
	2026/03/30 15:45:16	,	806544	,	5104	,10.4142,1999.9000,-0.5291,1.6767,595353.1875,27.3612,604830.3125,1999.9000,
	2026/03/30 15:45:16	,	807544	,	5105	,10.4144,1999.9000,-0.5293,1.6135,595337.0000,27.3597,604862.0000,1999.9000,
	2026/03/30 15:45:16	,	808544	,	5106	,10.4147,1999.9000,-0.5329,1.3619,595182.4375,27.3614,605041.6250,1999.9000,
	2026/03/30 15:45:16	,	809544	,	5107	,10.4150,1999.9000,-0.5393,1.1522,594848.2500,27.3598,605332.1875,1999.9000,
	2026/03/30 15:45:16	,	810544	,	5108	,10.4153,1999.9000,-0.5445,0.9775,594762.4375,27.3646,605332.1875,1999.9000,
	2026/03/30 15:45:16	,	811544	,	5109	,10.4157,1999.9000,-0.5445,0.9775,594762.4375,27.3701,605332.1875,1999.9000,
	2026/03/30 15:45:16	,	812544	,	5110	,10.4161,1999.9000,-0.5445,0.7106,594762.4375,27.3747,605332.1875,1999.9000,
	2026/03/30 15:45:16	,	813544	,	5111	,10.4165,1999.9000,-0.5445,0.8084,594762.4375,27.3801,605332.1875,1999.9000,
	2026/03/30 15:45:16	,	814544	,	5112	,10.4169,1999.9000,-0.5445,0.8899,594762.4375,27.3845,605095.4375,1999.9000,
	2026/03/30 15:45:16	,	815544	,	5113	,10.4174,1999.9000,-0.5405,0.9579,594886.3750,27.3883,604938.4375,1999.9000,
	2026/03/30 15:45:16	,	816544	,	5114	,10.4179,1999.9000,-0.5366,0.7161,594912.3125,27.3914,604835.1250,1999.9000,
	2026/03/30 15:45:16	,	817544	,	5115	,10.4184,1999.9000,-0.5333,0.4151,594926.0625,27.3925,604750.5000,1999.9000,
	2026/03/30 15:45:16	,	818544	,	5116	,10.4189,1999.9000,-0.5293,0.0648,595056.1875,27.3933,604633.3750,1999.9000,
	2026/03/30 15:45:16	,	819544	,	5117	,10.4194,1999.9000,-0.5214,-0.2271,595388.6250,27.3941,604364.5625,1999.9000,
	2026/03/30 15:45:16	,	820544	,	5118	,10.4198,1999.9000,-0.5143,-0.4704,595562.6250,27.3947,604364.5625,1999.9000,
	2026/03/30 15:45:16	,	821544	,	5119	,10.4204,1999.9000,-0.5098,-0.3747,595562.6250,27.3921,604364.5625,1999.9000,
	2026/03/30 15:45:16	,	822544	,	5120	,10.4204,1999.9000,-0.5098,-0.5933,595562.6250,27.3870,604364.5625,1999.9000,
	2026/03/30 15:45:16	,	823544	,	5121	,10.4210,1999.9000,-0.5098,-0.7756,595562.6250,27.3796,604364.5625,1999.9000,
	2026/03/30 15:45:16	,	824544	,	5122	,10.4215,1999.9000,-0.5098,-0.7285,595562.6250,27.3735,604534.3125,1999.9000,
	2026/03/30 15:45:16	,	825544	,	5123	,10.4221,1999.9000,-0.5098,-0.5897,595392.1875,27.3714,604683.5000,1999.9000,
	2026/03/30 15:45:16	,	826544	,	5124	,10.4227,1999.9000,-0.5122,-0.4741,595360.6250,27.3697,604781.9375,1999.9000,
	2026/03/30 15:45:16	,	827544	,	5125	,10.4232,1999.9000,-0.5132,-0.3778,595343.6875,27.3714,604864.6875,1999.9000,
	2026/03/30 15:45:16	,	828544	,	5126	,10.4238,1999.9000,-0.5164,-0.2975,595248.0625,27.3696,604972.1875,1999.9000,
	2026/03/30 15:45:16	,	829544	,	5127	,10.4245,1999.9000,-0.5218,-0.2975,594984.6250,27.3682,605256.0625,1999.9000,
	2026/03/30 15:45:16	,	830544	,	5128	,10.4251,1999.9000,-0.5252,-0.1749,594693.3125,27.3671,605256.0625,1999.9000,
	2026/03/30 15:45:16	,	831544	,	5129	,10.4257,1999.9000,-0.5252,-0.1284,594693.3125,27.3661,605256.0625,1999.9000,
	2026/03/30 15:45:16	,	832544	,	5130	,10.4263,1999.9000,-0.5252,-0.0897,594693.3125,27.3653,605256.0625,1999.9000,
	2026/03/30 15:45:16	,	833544	,	5131	,10.4269,1999.9000,-0.5252,-0.0897,594693.3125,27.3676,605256.0625,1999.9000,
	2026/03/30 15:45:16	,	834544	,	5132	,10.4275,1999.9000,-0.5252,0.0523,594693.3125,27.3665,605172.1250,1999.9000,
	2026/03/30 15:45:16	,	835544	,	5133	,10.4280,1999.9000,-0.5214,0.0523,594870.2500,27.3656,604983.6875,1999.9000,
	2026/03/30 15:45:16	,	836544	,	5134	,10.4286,1999.9000,-0.5185,0.0609,594903.9375,27.3573,604884.0625,1999.9000,
	2026/03/30 15:45:16	,	837544	,	5135	,10.4291,1999.9000,-0.5161,0.0681,594921.5000,27.3503,604801.9375,1999.9000,
	2026/03/30 15:45:16	,	838544	,	5136	,10.4297,1999.9000,-0.5136,0.0741,595009.6875,27.3460,604710.0625,1999.9000,
	2026/03/30 15:45:16	,	839544	,	5137	,10.4302,1999.9000,-0.5075,0.0790,595260.5625,27.3485,604478.7500,1999.9000,
	2026/03/30 15:45:16	,	840544	,	5138	,10.4308,1999.9000,-0.5003,-0.0163,595625.7500,27.3506,604478.7500,1999.9000,
	2026/03/30 15:45:16	,	841544	,	5139	,10.4313,1999.9000,-0.4954,0.0037,595625.7500,27.3463,604478.7500,1999.9000,
	2026/03/30 15:45:16	,	842544	,	5140	,10.4319,1999.9000,-0.4953,0.2194,595625.7500,27.3463,604478.7500,1999.9000,
	2026/03/30 15:45:16	,	843544	,	5141	,10.4324,1999.9000,-0.4953,0.3991,595625.7500,27.3411,604478.7500,1999.9000,
	2026/03/30 15:45:16	,	844544	,	5142	,10.4329,1999.9000,-0.4953,0.7478,595625.7500,27.3384,604482.1875,1999.9000,
	2026/03/30 15:45:16	,	845544	,	5143	,10.4335,1999.9000,-0.4953,1.0383,595470.8750,27.3360,604670.8125,1999.9000,
	2026/03/30 15:45:16	,	846544	,	5144	,10.4340,1999.9000,-0.4953,1.2805,595367.8125,27.3357,604777.1250,1999.9000,
	2026/03/30 15:45:16	,	847544	,	5145	,10.4346,1999.9000,-0.4955,1.4823,595348.1875,27.3399,604864.6875,1999.9000,
	2026/03/30 15:45:16	,	848544	,	5146	,10.4351,1999.9000,-0.4980,1.8494,595327.6875,27.3434,604953.5000,1999.9000,
	2026/03/30 15:45:16	,	849544	,	5147	,10.4357,1999.9000,-0.5031,2.1553,595100.2500,27.3478,605188.5000,1999.9000,
	2026/03/30 15:45:16	,	850544	,	5148	,10.4362,1999.9000,-0.5106,2.4103,594744.5625,27.3516,605226.1875,1999.9000,
	2026/03/30 15:45:16	,	851544	,	5149	,10.4368,1999.9000,-0.5106,2.6227,594744.5625,27.3547,605238.8125,1999.9000,
	2026/03/30 15:45:16	,	852544	,	5150	,10.4375,1999.9000,-0.5106,2.7997,594744.5625,27.3573,605245.0625,1999.9000,
	2026/03/30 15:45:16	,	853544	,	5151	,10.4381,1999.9000,-0.5106,2.9473,594744.5625,27.3595,605248.8125,1999.9000,
	2026/03/30 15:45:16	,	854544	,	5152	,10.4387,1999.9000,-0.5106,3.2692,594744.5625,27.3613,605251.3125,1999.9000,
	2026/03/30 15:45:16	,	855544	,	5153	,10.4393,1999.9000,-0.5105,3.7364,594754.1875,27.3628,605039.8750,1999.9000,
	2026/03/30 15:45:16	,	856544	,	5154	,10.4399,1999.9000,-0.5056,4.1257,594924.5000,27.3625,604917.2500,1999.9000,
	2026/03/30 15:45:16	,	857544	,	5155	,10.4405,1999.9000,-0.5021,4.4501,594945.0625,27.3623,604835.1250,1999.9000,
	2026/03/30 15:45:16	,	858544	,	5156	,10.4410,1999.9000,-0.4988,4.5215,594959.8125,27.3621,604746.3125,1999.9000,
	2026/03/30 15:45:16	,	859544	,	5157	,10.4416,1999.9000,-0.4933,4.0837,595140.1875,27.3635,604550.6250,1999.9000,
	2026/03/30 15:45:16	,	860544	,	5158	,10.4421,1999.9000,-0.4850,3.7188,595507.7500,27.3646,604415.9375,1999.9000,
	2026/03/30 15:45:16	,	861544	,	5159	,10.4426,1999.9000,-0.4792,3.4147,595508.0625,27.3655,604415.9375,1999.9000,
	2026/03/30 15:45:16	,	862544	,	5160	,10.4431,1999.9000,-0.4782,3.1614,595508.1875,27.3663,604415.9375,1999.9000,
	2026/03/30 15:45:16	,	863544	,	5161	,10.4436,1999.9000,-0.4779,2.9502,595508.2500,27.3700,604415.9375,1999.9000,
	2026/03/30 15:45:16	,	864544	,	5162	,10.4441,1999.9000,-0.4777,2.7742,595508.3125,27.3732,604415.9375,1999.9000,
	2026/03/30 15:45:16	,	865544	,	5163	,10.4446,1999.9000,-0.4776,3.0255,595508.3125,27.3757,604626.1250,1999.9000,
	2026/03/30 15:45:16	,	866544	,	5164	,10.4451,1999.9000,-0.4775,3.2349,595371.3125,27.3748,604748.1250,1999.9000,
	2026/03/30 15:45:16	,	867544	,	5165	,10.4456,1999.9000,-0.4777,3.4094,595339.7500,27.3741,604829.6875,1999.9000,
	2026/03/30 15:45:16	,	868544	,	5166	,10.4462,1999.9000,-0.4780,3.5548,595322.3125,27.3719,604864.6875,1999.9000,
	2026/03/30 15:45:16	,	869544	,	5167	,10.4467,1999.9000,-0.4825,3.6759,595181.8750,27.3701,605077.3125,1999.9000,
	2026/03/30 15:45:16	,	870544	,	5168	,10.4473,1999.9000,-0.4892,3.3790,594876.8750,27.3671,605292.3125,1999.9000,
	2026/03/30 15:45:16	,	871544	,	5169	,10.4479,1999.9000,-0.4920,3.0321,594741.0000,27.3646,605292.3125,1999.9000,
	2026/03/30 15:45:16	,	872544	,	5170	,10.4485,1999.9000,-0.4920,2.7430,594741.0000,27.3624,605292.3125,1999.9000,
	2026/03/30 15:45:16	,	873544	,	5171	,10.4490,1999.9000,-0.4920,2.2037,594741.0000,27.3607,605292.3125,1999.9000,
	2026/03/30 15:45:16	,	874544	,	5172	,10.4495,1999.9000,-0.4920,1.7542,594741.0000,27.3608,605292.3125,1999.9000,
	2026/03/30 15:45:16	,	875544	,	5173	,10.4500,1999.9000,-0.4920,1.3797,594741.0000,27.3608,605067.0625,1999.9000,
	2026/03/30 15:45:16	,	876544	,	5174	,10.4506,1999.9000,-0.4879,1.0676,594894.7500,27.3609,604927.5625,1999.9000,
	2026/03/30 15:45:16	,	877544	,	5175	,10.4511,1999.9000,-0.4842,0.8075,594921.5625,27.3609,604823.0000,1999.9000,
	2026/03/30 15:45:16	,	878544	,	5176	,10.4516,1999.9000,-0.4811,0.2923,594931.8750,27.3610,604783.4375,1999.9000,
	2026/03/30 15:45:16	,	879544	,	5177	,10.4521,1999.9000,-0.4774,-0.2364,595034.1250,27.3610,604609.8125,1999.9000,
	2026/03/30 15:45:16	,	880544	,	5178	,10.4526,1999.9000,-0.4698,-0.7766,595339.8125,27.3564,604331.3750,1999.9000,
	2026/03/30 15:45:16	,	881544	,	5179	,10.4531,1999.9000,-0.4633,-1.3261,595574.5000,27.3526,604331.3750,1999.9000,
	2026/03/30 15:45:16	,	882544	,	5180	,10.4536,1999.9000,-0.4604,-1.7841,595574.5000,27.3525,604331.3750,1999.9000,
	2026/03/30 15:45:16	,	883544	,	5181	,10.4542,1999.9000,-0.4604,-2.1658,595574.5000,27.3524,604331.3750,1999.9000,
	2026/03/30 15:45:16	,	884544	,	5182	,10.4547,1999.9000,-0.4604,-2.4838,595574.5000,27.3523,604331.3750,1999.9000,
	2026/03/30 15:45:16	,	885544	,	5183	,10.4552,1999.9000,-0.4604,-2.6494,595574.5000,27.3523,604555.4375,1999.9000,
	2026/03/30 15:45:16	,	886544	,	5184	,10.4557,1999.9000,-0.4604,-2.7873,595423.8125,27.3522,604714.3125,1999.9000,
	2026/03/30 15:45:16	,	887544	,	5185	,10.4562,1999.9000,-0.4631,-2.8028,595391.0000,27.3491,604817.5625,1999.9000,
	2026/03/30 15:45:16	,	888544	,	5186	,10.4566,1999.9000,-0.4653,-2.4179,595366.5000,27.3465,604853.8125,1999.9000,
	2026/03/30 15:45:16	,	889544	,	5187	,10.4571,1999.9000,-0.4674,-1.7986,595240.8125,27.3444,604853.8125,1999.9000,
	2026/03/30 15:45:16	,	890544	,	5188	,10.4576,1999.9000,-0.4732,-1.2826,594993.6250,27.3426,605010.8750,1999.9000,
	2026/03/30 15:45:16	,	891544	,	5189	,10.4581,1999.9000,-0.4788,-0.7531,594673.6875,27.3411,605303.1875,1999.9000,
	2026/03/30 15:45:16	,	892544	,	5190	,10.4586,1999.9000,-0.4788,-0.4113,594673.6875,27.3383,605303.1875,1999.9000,
	2026/03/30 15:45:16	,	893544	,	5191	,10.4591,1999.9000,-0.4788,-0.1265,594673.6875,27.3360,605303.1875,1999.9000,
	2026/03/30 15:45:16	,	894544	,	5192	,10.4596,1999.9000,-0.4788,0.1108,594673.6875,27.3341,605303.1875,1999.9000,
	2026/03/30 15:45:16	,	895544	,	5193	,10.4602,1999.9000,-0.4788,0.4081,594673.6875,27.3294,605303.1875,1999.9000,
	2026/03/30 15:45:16	,	896544	,	5194	,10.4608,1999.9000,-0.4757,0.6558,594854.7500,27.3255,605147.9375,1999.9000,
	2026/03/30 15:45:16	,	897544	,	5195	,10.4613,1999.9000,-0.4715,0.8623,594892.8750,27.3223,604969.7500,1999.9000,
	2026/03/30 15:45:16	,	898544	,	5196	,10.4618,1999.9000,-0.4678,0.6364,594909.6250,27.3196,604854.4375,1999.9000,
	2026/03/30 15:45:16	,	899544	,	5197	,10.4623,1999.9000,-0.4643,0.3487,594925.4375,27.3173,604765.0625,1999.9000,
	2026/03/30 15:45:16	,	900544	,	5198	,10.4628,1999.9000,-0.4576,0.0095,595197.9375,27.3155,604660.0000,1999.9000,
	2026/03/30 15:45:16	,	901544	,	5199	,10.4632,1999.9000,-0.4505,-0.1738,595574.5000,27.3139,604408.6875,1999.9000,
	2026/03/30 15:45:16	,	902544	,	5200	,10.4637,1999.9000,-0.4465,-0.3264,595574.5000,27.3142,604408.6875,1999.9000,
	2026/03/30 15:45:16	,	903544	,	5201	,10.4641,1999.9000,-0.4465,-0.3542,595574.5000,27.3159,604408.6875,1999.9000,
	2026/03/30 15:45:16	,	904544	,	5202	,10.4646,1999.9000,-0.4465,-0.3773,595574.5000,27.3173,604408.6875,1999.9000,
	2026/03/30 15:45:16	,	905544	,	5203	,10.4651,1999.9000,-0.4465,-0.3966,595574.5000,27.3200,604408.6875,1999.9000,
	2026/03/30 15:45:16	,	906544	,	5204	,10.4656,1999.9000,-0.4465,-0.3132,595455.3750,27.3238,604512.5625,1999.9000,
	2026/03/30 15:45:16	,	907544	,	5205	,10.4661,1999.9000,-0.4487,-0.2437,595338.5625,27.3270,604686.5000,1999.9000,
	2026/03/30 15:45:16	,	908544	,	5206	,10.4666,1999.9000,-0.4497,-0.0863,595315.0625,27.3342,604777.7500,1999.9000,
	2026/03/30 15:45:16	,	909544	,	5207	,10.4672,1999.9000,-0.4521,0.0449,595296.1250,27.3417,604814.0000,1999.9000,
	2026/03/30 15:45:16	,	910544	,	5208	,10.4677,1999.9000,-0.4564,0.0547,595108.0000,27.3480,604932.3750,1999.9000,
	2026/03/30 15:45:16	,	911544	,	5209	,10.4682,1999.9000,-0.4564,0.0629,594756.5000,27.3517,605187.8750,1999.9000,
	2026/03/30 15:45:16	,	912544	,	5210	,10.4687,1999.9000,-0.4624,0.0697,594756.5000,27.3548,605199.9375,1999.9000,
	2026/03/30 15:45:16	,	913544	,	5211	,10.4692,1999.9000,-0.4624,-0.1235,594756.5000,27.3574,605203.9375,1999.9000,
	2026/03/30 15:45:16	,	914544	,	5212	,10.4697,1999.9000,-0.4624,-0.2846,594756.5000,27.3596,605205.9375,1999.9000,
	2026/03/30 15:45:16	,	915544	,	5213	,10.4702,1999.9000,-0.4624,-0.4188,594756.5000,27.3613,605207.0625,1999.9000,
	2026/03/30 15:45:16	,	916544	,	5214	,10.4706,1999.9000,-0.4624,-0.5306,594758.8750,27.3644,605207.8750,1999.9000,
	2026/03/30 15:45:16	,	917544	,	5215	,10.4711,1999.9000,-0.4597,-0.6238,594891.1250,27.3714,605012.6875,1999.9000,
	2026/03/30 15:45:16	,	918544	,	5216	,10.4715,1999.9000,-0.4559,-0.5025,594914.3750,27.3774,604897.9375,1999.9000,
	2026/03/30 15:45:16	,	919544	,	5217	,10.4720,1999.9000,-0.4522,-0.4015,594930.6875,27.3823,604798.8750,1999.9000,
	2026/03/30 15:45:16	,	920544	,	5218	,10.4724,1999.9000,-0.4484,-0.3172,595111.5625,27.3864,604710.6875,1999.9000,
	2026/03/30 15:45:16	,	921544	,	5219	,10.4728,1999.9000,-0.4421,-0.1476,595462.5000,27.3898,604505.3750,1999.9000,
	2026/03/30 15:45:16	,	922544	,	5220	,10.4733,1999.9000,-0.4336,-0.0062,595489.5625,27.3927,604469.4375,1999.9000,
	2026/03/30 15:45:16	,	923544	,	5221	,10.4738,1999.9000,-0.4277,0.0121,595498.6875,27.3950,604457.4375,1999.9000,
	2026/03/30 15:45:16	,	924544	,	5222	,10.4743,1999.9000,-0.4277,0.0274,595503.1875,27.3955,604451.4375,1999.9000,
	2026/03/30 15:45:16	,	925544	,	5223	,10.4747,1999.9000,-0.4277,-0.0593,595505.9375,27.3959,604447.8125,1999.9000,
	2026/03/30 15:45:16	,	926544	,	5224	,10.4752,1999.9000,-0.4277,-0.1316,595507.7500,27.3962,604445.5000,1999.9000,
	2026/03/30 15:45:16	,	927544	,	5225	,10.4756,1999.9000,-0.4277,-0.1918,595365.3750,27.3919,604631.5625,1999.9000,
	2026/03/30 15:45:16	,	928544	,	5226	,10.4760,1999.9000,-0.4279,-0.2420,595345.6875,27.3883,604752.3750,1999.9000,
	2026/03/30 15:45:16	,	929544	,	5227	,10.4764,1999.9000,-0.4311,-0.1844,595334.1875,27.3853,604847.8125,1999.9000,
	2026/03/30 15:45:16	,	930544	,	5228	,10.4769,1999.9000,-0.4322,-0.1363,595223.0000,27.3828,604883.1250,1999.9000,
	2026/03/30 15:45:16	,	931544	,	5229	,10.4774,1999.9000,-0.4368,-0.0963,594926.8750,27.3853,605117.8125,1999.9000,
	2026/03/30 15:45:16	,	932544	,	5230	,10.4779,1999.9000,-0.4433,-0.0629,594712.3750,27.3874,605268.7500,1999.9000,
	2026/03/30 15:45:16	,	933544	,	5231	,10.4784,1999.9000,-0.4461,-0.1346,594712.3750,27.3891,605268.7500,1999.9000,
	2026/03/30 15:45:16	,	934544	,	5232	,10.4788,1999.9000,-0.4461,-0.1943,594712.3750,27.3890,605268.7500,1999.9000,
	2026/03/30 15:45:16	,	935544	,	5233	,10.4792,1999.9000,-0.4461,-0.6420,594712.3750,27.3859,605268.7500,1999.9000,
	2026/03/30 15:45:16	,	936544	,	5234	,10.4797,1999.9000,-0.4461,-1.0151,594712.3750,27.3848,605268.7500,1999.9000,
	2026/03/30 15:45:16	,	937544	,	5235	,10.4801,1999.9000,-0.4461,-1.3259,594875.0000,27.3855,605055.5625,1999.9000,
	2026/03/30 15:45:16	,	938544	,	5236	,10.4805,1999.9000,-0.4422,-1.6845,594911.3750,27.3875,604928.1250,1999.9000,
	2026/03/30 15:45:16	,	939544	,	5237	,10.4809,1999.9000,-0.4383,-1.9833,594929.8750,27.3892,604829.6875,1999.9000,
	2026/03/30 15:45:16	,	940544	,	5238	,10.4813,1999.9000,-0.4349,-2.2322,595040.6875,27.3891,604745.6875,1999.9000,
	2026/03/30 15:45:16	,	941544	,	5239	,10.4817,1999.9000,-0.4304,-2.3403,595326.6875,27.3875,604594.1250,1999.9000,
	2026/03/30 15:45:16	,	942544	,	5240	,10.4822,1999.9000,-0.4224,-2.7287,595591.7500,27.3861,604391.1875,1999.9000,
	2026/03/30 15:45:16	,	943544	,	5241	,10.4826,1999.9000,-0.4160,-2.7540,595591.7500,27.3850,604391.1875,1999.9000,
	2026/03/30 15:45:16	,	944544	,	5242	,10.4831,1999.9000,-0.4129,-2.6756,595591.7500,27.3841,604391.1875,1999.9000,
	2026/03/30 15:45:16	,	945544	,	5243	,10.4836,1999.9000,-0.4129,-2.2123,595591.7500,27.3833,604391.1875,1999.9000,
	2026/03/30 15:45:16	,	946544	,	5244	,10.4841,1999.9000,-0.4129,-1.7268,595591.7500,27.3827,604391.1875,1999.9000,
	2026/03/30 15:45:16	,	947544	,	5245	,10.4845,1999.9000,-0.4129,-1.1233,595415.4375,27.3821,604610.4375,1999.9000,
	2026/03/30 15:45:16	,	948544	,	5246	,10.4850,1999.9000,-0.4129,-0.6203,595328.4375,27.3817,604737.8125,1999.9000,
	2026/03/30 15:45:16	,	949544	,	5247	,10.4855,1999.9000,-0.4132,-0.2012,595328.4375,27.3813,604824.8750,1999.9000,
	2026/03/30 15:45:16	,	950544	,	5248	,10.4859,1999.9000,-0.4157,0.2475,595318.0000,27.3810,604864.6875,1999.9000,
	2026/03/30 15:45:16	,	951544	,	5249	,10.4864,1999.9000,-0.4164,0.6215,595298.2500,27.3807,605047.6875,1999.9000,
	2026/03/30 15:45:16	,	952544	,	5250	,10.4868,1999.9000,-0.4223,0.8336,595031.7500,27.3805,605334.6250,1999.9000,
	2026/03/30 15:45:16	,	953544	,	5251	,10.4872,1999.9000,-0.4275,0.8115,594687.3750,27.3803,605334.6250,1999.9000,
	2026/03/30 15:45:16	,	954544	,	5252	,10.4877,1999.9000,-0.4275,0.7930,594687.3750,27.3802,605334.6250,1999.9000,
	2026/03/30 15:45:16	,	955544	,	5253	,10.4881,1999.9000,-0.4275,0.7776,594687.3750,27.3801,605334.6250,1999.9000,
	2026/03/30 15:45:16	,	956544	,	5254	,10.4884,1999.9000,-0.4275,0.7648,594687.3750,27.3799,605334.6250,1999.9000,
	2026/03/30 15:45:16	,	957544	,	5255	,10.4889,1999.9000,-0.4275,0.7541,594687.3750,27.3798,605127.4375,1999.9000,
	2026/03/30 15:45:16	,	958544	,	5256	,10.4893,1999.9000,-0.4231,0.7452,594835.7500,27.3844,604966.8125,1999.9000,
	2026/03/30 15:45:16	,	959544	,	5257	,10.4897,1999.9000,-0.4193,0.5389,594925.6250,27.3881,604860.5000,1999.9000,
	2026/03/30 15:45:16	,	960544	,	5258	,10.4901,1999.9000,-0.4159,0.5658,594936.0625,27.3928,604775.9375,1999.9000,
	2026/03/30 15:45:16	,	961544	,	5259	,10.4905,1999.9000,-0.4123,0.5883,594948.5000,27.4013,604667.1875,1999.9000,
	2026/03/30 15:45:16	,	962544	,	5260	,10.4908,1999.9000,-0.4053,0.6071,595165.8125,27.4083,604402.0625,1999.9000,
	2026/03/30 15:45:16	,	963544	,	5261	,10.4912,1999.9000,-0.3977,0.4237,595541.7500,27.4142,604402.0625,1999.9000,
	2026/03/30 15:45:16	,	964544	,	5262	,10.4916,1999.9000,-0.3940,0.2709,595541.7500,27.4160,604402.0625,1999.9000,
	2026/03/30 15:45:16	,	965544	,	5263	,10.4920,1999.9000,-0.3940,0.1436,595541.7500,27.4145,604402.0625,1999.9000,
	2026/03/30 15:45:16	,	966544	,	5264	,10.4923,1999.9000,-0.3940,0.0375,595541.7500,27.4132,604402.0625,1999.9000,
	2026/03/30 15:45:16	,	967544	,	5265	,10.4927,1999.9000,-0.3940,0.1481,595541.7500,27.4132,604519.8125,1999.9000,
	2026/03/30 15:45:16	,	968544	,	5266	,10.4931,1999.9000,-0.3940,0.3396,595529.2500,27.4152,604690.7500,1999.9000,
	2026/03/30 15:45:16	,	969544	,	5267	,10.4935,1999.9000,-0.3964,0.3998,595341.5625,27.4169,604780.1250,1999.9000,
	2026/03/30 15:45:16	,	970544	,	5268	,10.4939,1999.9000,-0.3972,0.2510,595317.1875,27.4152,604818.1875,1999.9000,
	2026/03/30 15:45:16	,	971544	,	5269	,10.4943,1999.9000,-0.3994,0.4254,595304.4375,27.4092,604974.0625,1999.9000,
	2026/03/30 15:45:16	,	972544	,	5270	,10.4947,1999.9000,-0.4041,0.6703,595150.9375,27.4028,605250.6250,1999.9000,
	2026/03/30 15:45:16	,	973544	,	5271	,10.4951,1999.9000,-0.4108,0.8743,594805.9375,27.3943,605250.6250,1999.9000,
	2026/03/30 15:45:16	,	974544	,	5272	,10.4955,1999.9000,-0.4108,1.0443,594790.7500,27.3857,605250.6250,1999.9000,
	2026/03/30 15:45:16	,	975544	,	5273	,10.4959,1999.9000,-0.4108,0.7881,594785.6875,27.3786,605250.6250,1999.9000,
	2026/03/30 15:45:16	,	976544	,	5274	,10.4963,1999.9000,-0.4108,0.5746,594783.1875,27.3726,605250.6250,1999.9000,
	2026/03/30 15:45:16	,	977544	,	5275	,10.4966,1999.9000,-0.4108,0.3967,594781.6875,27.3676,605242.6250,1999.9000,
	2026/03/30 15:45:16	,	978544	,	5276	,10.4970,1999.9000,-0.4107,0.2484,594780.6875,27.3635,605022.3750,1999.9000,
	2026/03/30 15:45:16	,	979544	,	5277	,10.4974,1999.9000,-0.4067,0.1248,594906.6250,27.3600,604912.4375,1999.9000,
	2026/03/30 15:45:16	,	980544	,	5278	,10.4978,1999.9000,-0.4032,-0.5750,594928.0625,27.3572,604811.5625,1999.9000,
	2026/03/30 15:45:16	,	981544	,	5279	,10.4982,1999.9000,-0.4001,-1.1582,594938.5625,27.3563,604720.3125,1999.9000,
	2026/03/30 15:45:16	,	982544	,	5280	,10.4986,1999.9000,-0.3944,-1.0473,595072.8750,27.3647,604501.6875,1999.9000,
	2026/03/30 15:45:16	,	983544	,	5281	,10.4989,1999.9000,-0.3801,-0.7560,595536.3750,27.3776,604486.8125,1999.9000,
	2026/03/30 15:45:16	,	984544	,	5282	,10.4993,1999.9000,-0.3801,-0.5132,595536.3750,27.3776,604486.8125,1999.9000,
	2026/03/30 15:45:16	,	985544	,	5283	,10.4998,1999.9000,-0.3780,-0.4103,595536.3750,27.3764,604484.9375,1999.9000,
	2026/03/30 15:45:16	,	986544	,	5284	,10.5002,1999.9000,-0.3780,-0.6231,595536.3750,27.3754,604483.8125,1999.9000,
	2026/03/30 15:45:16	,	987544	,	5285	,10.5005,1999.9000,-0.3780,-0.8003,595536.3750,27.3745,604483.0625,1999.9000,
	2026/03/30 15:45:16	,	988544	,	5286	,10.5008,1999.9000,-0.3780,-0.9480,595536.3750,27.3799,604665.4375,1999.9000,
	2026/03/30 15:45:16	,	989544	,	5287	,10.5012,1999.9000,-0.3780,-0.7727,595389.8125,27.3844,604763.2500,1999.9000,
	2026/03/30 15:45:16	,	990544	,	5288	,10.5015,1999.9000,-0.3801,-0.6266,595357.9375,27.3820,604803.3750,1999.9000,
	2026/03/30 15:45:16	,	991544	,	5289	,10.5019,1999.9000,-0.3808,-0.7038,595338.9375,27.3801,604922.6875,1999.9000,
	2026/03/30 15:45:16	,	992544	,	5290	,10.5023,1999.9000,-0.3847,-0.8676,595212.8125,27.3784,605135.3125,1999.9000,
	2026/03/30 15:45:16	,	993544	,	5291	,10.5027,1999.9000,-0.3909,-1.0041,594923.8750,27.3771,605254.8750,1999.9000,
	2026/03/30 15:45:16	,	994544	,	5292	,10.5031,1999.9000,-0.3913,-1.0184,594698.0625,27.3759,605254.8750,1999.9000,
	2026/03/30 15:45:16	,	995544	,	5293	,10.5035,1999.9000,-0.3914,-0.6324,594698.0625,27.3735,605254.8750,1999.9000,
	2026/03/30 15:45:16	,	996544	,	5294	,10.5038,1999.9000,-0.3915,-0.3108,594698.0625,27.3684,605254.8750,1999.9000,
	2026/03/30 15:45:16	,	997544	,	5295	,10.5041,1999.9000,-0.3915,-0.0427,594698.0625,27.3610,605254.8750,1999.9000,
	2026/03/30 15:45:16	,	998544	,	5296	,10.5044,1999.9000,-0.3915,0.1807,594698.0625,27.3549,605041.0625,1999.9000,
	2026/03/30 15:45:16	,	999544	,	5297	,10.5048,1999.9000,-0.3879,0.5658,594864.8750,27.3499,604914.8750,1999.9000,
	2026/03/30 15:45:17	,	000544	,	5298	,10.5051,1999.9000,-0.3843,0.8867,594900.9375,27.3441,604820.0625,1999.9000,
	2026/03/30 15:45:17	,	001544	,	5299	,10.5054,1999.9000,-0.3811,1.1541,594917.7500,27.3393,604781.0625,1999.9000,
	2026/03/30 15:45:17	,	002544	,	5300	,10.5058,1999.9000,-0.3766,1.1780,594937.6250,27.3353,604572.9375,1999.9000,
	2026/03/30 15:45:17	,	003544	,	5301	,10.5061,1999.9000,-0.3687,1.0985,595269.4375,27.3320,604396.6250,1999.9000,
	2026/03/30 15:45:17	,	004544	,	5302	,10.5065,1999.9000,-0.3627,1.0322,595610.8750,27.3292,604396.6250,1999.9000,
	2026/03/30 15:45:17	,	005544	,	5303	,10.5068,1999.9000,-0.3625,0.9769,595610.8750,27.3269,604396.6250,1999.9000,
	2026/03/30 15:45:17	,	006544	,	5304	,10.5072,1999.9000,-0.3625,0.9309,595610.8750,27.3280,604396.6250,1999.9000,
	2026/03/30 15:45:17	,	007544	,	5305	,10.5075,1999.9000,-0.3624,0.4946,595610.8750,27.3290,604396.6250,1999.9000,
	2026/03/30 15:45:17	,	008544	,	5306	,10.5079,1999.9000,-0.3624,0.1311,595610.8750,27.3297,604601.9375,1999.9000,
	2026/03/30 15:45:17	,	009544	,	5307	,10.5082,1999.9000,-0.3624,-0.1719,595429.1250,27.3350,604718.5625,1999.9000,
	2026/03/30 15:45:17	,	010544	,	5308	,10.5085,1999.9000,-0.3627,-0.4243,595321.9375,27.3393,604757.5000,1999.9000,
	2026/03/30 15:45:17	,	011544	,	5309	,10.5088,1999.9000,-0.3660,-0.6347,595304.0625,27.3429,604893.6875,1999.9000,
	2026/03/30 15:45:17	,	012544	,	5310	,10.5092,1999.9000,-0.3682,-0.8100,595289.3125,27.3490,605067.0625,1999.9000,
	2026/03/30 15:45:17	,	013544	,	5311	,10.5092,1999.9000,-0.3743,-0.9561,595052.6250,27.3541,605334.6250,1999.9000,
	2026/03/30 15:45:17	,	014544	,	5312	,10.5095,1999.9000,-0.3788,-0.7795,594687.9375,27.3598,605334.6250,1999.9000,
	2026/03/30 15:45:17	,	015544	,	5313	,10.5098,1999.9000,-0.3788,-0.9307,594687.9375,27.3646,605334.6250,1999.9000,
	2026/03/30 15:45:17	,	016544	,	5314	,10.5101,1999.9000,-0.3788,-0.9572,594687.9375,27.3701,605334.6250,1999.9000,
	2026/03/30 15:45:17	,	017544	,	5315	,10.5103,1999.9000,-0.3788,-0.7804,594687.9375,27.3747,605334.6250,1999.9000,
	2026/03/30 15:45:17	,	018544	,	5316	,10.5106,1999.9000,-0.3788,-0.7325,594687.9375,27.3786,605099.0625,1999.9000,
	2026/03/30 15:45:17	,	019544	,	5317	,10.5109,1999.9000,-0.3744,-0.7920,594817.8750,27.3818,604955.9375,1999.9000,
	2026/03/30 15:45:17	,	020544	,	5318	,10.5112,1999.9000,-0.3702,-0.8416,594913.7500,27.3844,604844.1875,1999.9000,
	2026/03/30 15:45:17	,	021544	,	5319	,10.5115,1999.9000,-0.3667,-0.7835,594925.3750,27.3820,604746.9375,1999.9000,
	2026/03/30 15:45:17	,	022544	,	5320	,10.5118,1999.9000,-0.3632,-0.7351,594938.5625,27.3771,604617.0625,1999.9000,
	2026/03/30 15:45:17	,	023544	,	5321	,10.5121,1999.9000,-0.3562,-0.6947,595146.7500,27.3713,604353.6875,1999.9000,
	2026/03/30 15:45:17	,	024544	,	5322	,10.5125,1999.9000,-0.3492,-0.6611,595522.6875,27.3665,604353.6875,1999.9000,
	2026/03/30 15:45:17	,	025544	,	5323	,10.5127,1999.9000,-0.3446,-0.5336,595522.6875,27.3626,604353.6875,1999.9000,
	2026/03/30 15:45:17	,	026544	,	5324	,10.5130,1999.9000,-0.3446,-0.5268,595522.6875,27.3593,604353.6875,1999.9000,
	2026/03/30 15:45:17	,	027544	,	5325	,10.5133,1999.9000,-0.3446,-0.5212,595522.6875,27.3565,604353.6875,1999.9000,
	2026/03/30 15:45:17	,	028544	,	5326	,10.5136,1999.9000,-0.3446,-0.5165,595522.6875,27.3558,604571.7500,1999.9000,
	2026/03/30 15:45:17	,	029544	,	5327	,10.5140,1999.9000,-0.3446,-0.4131,595519.6875,27.3566,604729.4375,1999.9000,
	2026/03/30 15:45:17	,	030544	,	5328	,10.5143,1999.9000,-0.3449,-0.3269,595383.2500,27.3635,604827.2500,1999.9000,
	2026/03/30 15:45:17	,	031544	,	5329	,10.5145,1999.9000,-0.3473,-0.2551,595363.0000,27.3692,604867.1875,1999.9000,
	2026/03/30 15:45:17	,	032544	,	5330	,10.5148,1999.9000,-0.3479,-0.1953,595346.8750,27.3740,605013.8750,1999.9000,
	2026/03/30 15:45:17	,	033544	,	5331	,10.5151,1999.9000,-0.3530,0.1530,595180.6875,27.3779,605290.5000,1999.9000,
	2026/03/30 15:45:17	,	034544	,	5332	,10.5154,1999.9000,-0.3592,0.4432,594848.8125,27.3812,605290.5000,1999.9000,
	2026/03/30 15:45:17	,	035544	,	5333	,10.5158,1999.9000,-0.3592,0.8840,594751.1250,27.3840,605290.5000,1999.9000,
	2026/03/30 15:45:17	,	036544	,	5334	,10.5160,1999.9000,-0.3592,1.2514,594751.1250,27.3878,605290.5000,1999.9000,
	2026/03/30 15:45:17	,	037544	,	5335	,10.5163,1999.9000,-0.3592,1.5575,594751.1250,27.3895,605290.5000,1999.9000,
	2026/03/30 15:45:17	,	038544	,	5336	,10.5166,1999.9000,-0.3592,1.8126,594751.1250,27.3878,605155.1875,1999.9000,
	2026/03/30 15:45:17	,	039544	,	5337	,10.5169,1999.9000,-0.3591,2.0252,594751.1250,27.3849,604964.3125,1999.9000,
	2026/03/30 15:45:17	,	040544	,	5338	,10.5172,1999.9000,-0.3551,2.2023,594884.6250,27.3840,604855.0625,1999.9000,
	2026/03/30 15:45:17	,	041544	,	5339	,10.5174,1999.9000,-0.3514,2.2505,594911.0625,27.3862,604817.9375,1999.9000,
	2026/03/30 15:45:17	,	042544	,	5340	,10.5177,1999.9000,-0.3479,2.2906,594925.3125,27.3882,604682.9375,1999.9000,
	2026/03/30 15:45:17	,	043544	,	5341	,10.5179,1999.9000,-0.3420,2.2246,595054.3750,27.3852,604444.9375,1999.9000,
	2026/03/30 15:45:17	,	044544	,	5342	,10.5182,1999.9000,-0.3340,2.0701,595382.6875,27.3827,604444.9375,1999.9000,
	2026/03/30 15:45:17	,	045544	,	5343	,10.5185,1999.9000,-0.3286,1.9413,595571.5000,27.3807,604444.9375,1999.9000,
	2026/03/30 15:45:17	,	046544	,	5344	,10.5187,1999.9000,-0.3280,2.0330,595571.5000,27.3804,604444.9375,1999.9000,
	2026/03/30 15:45:17	,	047544	,	5345	,10.5189,1999.9000,-0.3278,2.3083,595571.5000,27.3833,604444.9375,1999.9000,
	2026/03/30 15:45:17	,	048544	,	5346	,10.5192,1999.9000,-0.3277,2.3388,595571.5000,27.3857,604452.5625,1999.9000,
	2026/03/30 15:45:17	,	049544	,	5347	,10.5195,1999.9000,-0.3277,2.0658,595571.5000,27.3892,604673.1875,1999.9000,
	2026/03/30 15:45:17	,	050544	,	5348	,10.5197,1999.9000,-0.3276,1.8383,595405.3125,27.3922,604673.1875,1999.9000,
	2026/03/30 15:45:17	,	051544	,	5349	,10.5200,1999.9000,-0.3278,2.0466,595367.8125,27.3946,604770.5000,1999.9000,
	2026/03/30 15:45:17	,	052544	,	5350	,10.5202,1999.9000,-0.3300,2.2202,595345.9375,27.3967,604852.6250,1999.9000,
	2026/03/30 15:45:17	,	053544	,	5351	,10.5204,1999.9000,-0.3336,2.3648,595233.6875,27.3968,604941.3750,1999.9000,
	2026/03/30 15:45:17	,	054544	,	5352	,10.5207,1999.9000,-0.3404,2.3648,594969.1250,27.3939,605175.1875,1999.9000,
	2026/03/30 15:45:17	,	055544	,	5353	,10.5210,1999.9000,-0.3411,2.0875,594690.3125,27.3885,605214.7500,1999.9000,
	2026/03/30 15:45:17	,	056544	,	5354	,10.5213,1999.9000,-0.3413,1.8563,594690.3125,27.3824,605227.9375,1999.9000,
	2026/03/30 15:45:17	,	057544	,	5355	,10.5215,1999.9000,-0.3414,1.4648,594690.3125,27.3758,605234.5000,1999.9000,
	2026/03/30 15:45:17	,	058544	,	5356	,10.5217,1999.9000,-0.3415,1.0390,594690.3125,27.3672,605238.4375,1999.9000,
	2026/03/30 15:45:17	,	059544	,	5357	,10.5219,1999.9000,-0.3415,0.6842,594690.3125,27.3601,605241.0625,1999.9000,
	2026/03/30 15:45:17	,	060544	,	5358	,10.5221,1999.9000,-0.3373,0.3885,594874.4375,27.3542,605051.3750,1999.9000,
	2026/03/30 15:45:17	,	061544	,	5359	,10.5223,1999.9000,-0.3333,0.1422,594899.5000,27.3523,604917.2500,1999.9000,
	2026/03/30 15:45:17	,	062544	,	5360	,10.5225,1999.9000,-0.3303,-0.0632,594916.7500,27.3507,604824.2500,1999.9000,
	2026/03/30 15:45:17	,	063544	,	5361	,10.5227,1999.9000,-0.3263,-0.2343,595009.6875,27.3478,604787.3750,1999.9000,
	2026/03/30 15:45:17	,	064544	,	5362	,10.5229,1999.9000,-0.3190,-0.3769,595255.1875,27.3455,604557.2500,1999.9000,
	2026/03/30 15:45:17	,	065544	,	5363	,10.5231,1999.9000,-0.3133,-0.4957,595642.5000,27.3481,604432.2500,1999.9000,
	2026/03/30 15:45:17	,	066544	,	5364	,10.5234,1999.9000,-0.3096,-0.6942,595642.5000,27.3503,604432.2500,1999.9000,
	2026/03/30 15:45:17	,	067544	,	5365	,10.5236,1999.9000,-0.3096,-0.7601,595642.5000,27.3521,604432.2500,1999.9000,
	2026/03/30 15:45:17	,	068544	,	5366	,10.5238,1999.9000,-0.3096,-1.1135,595642.5000,27.3536,604432.2500,1999.9000,
	2026/03/30 15:45:17	,	069544	,	5367	,10.5240,1999.9000,-0.3096,-1.4080,595642.5000,27.3548,604432.2500,1999.9000,
	2026/03/30 15:45:17	,	070544	,	5368	,10.5243,1999.9000,-0.3096,-1.3549,595461.9375,27.3544,604633.3750,1999.9000,
	2026/03/30 15:45:17	,	071544	,	5369	,10.5246,1999.9000,-0.3100,-1.0123,595358.8125,27.3509,604739.0625,1999.9000,
	2026/03/30 15:45:17	,	072544	,	5370	,10.5248,1999.9000,-0.3136,-0.7268,595343.3125,27.3450,604829.0625,1999.9000,
	2026/03/30 15:45:17	,	073544	,	5371	,10.5250,1999.9000,-0.3164,-0.5884,595329.8750,27.3401,604869.5000,1999.9000,
	2026/03/30 15:45:17	,	074544	,	5372	,10.5253,1999.9000,-0.3164,-0.3735,595113.3750,27.3360,605112.9375,1999.9000,
	2026/03/30 15:45:17	,	075544	,	5373	,10.5255,1999.9000,-0.3282,-0.0950,594748.7500,27.3325,605318.3125,1999.9000,
	2026/03/30 15:45:17	,	076544	,	5374	,10.5257,1999.9000,-0.3282,0.1371,594748.7500,27.3297,605318.3125,1999.9000,
	2026/03/30 15:45:17	,	077544	,	5375	,10.5259,1999.9000,-0.3282,0.3305,594748.7500,27.3334,605318.3125,1999.9000,
	2026/03/30 15:45:17	,	078544	,	5376	,10.5261,1999.9000,-0.3282,0.4917,594748.7500,27.3380,605318.3125,1999.9000,
	2026/03/30 15:45:17	,	079544	,	5377	,10.5263,1999.9000,-0.3282,0.7255,594748.7500,27.3418,605318.3125,1999.9000,
	2026/03/30 15:45:17	,	080544	,	5378	,10.5265,1999.9000,-0.3240,0.7213,594756.1875,27.3450,605084.5625,1999.9000,
	2026/03/30 15:45:17	,	081544	,	5379	,10.5267,1999.9000,-0.3202,0.7179,594906.0000,27.3477,604947.4375,1999.9000,
	2026/03/30 15:45:17	,	082544	,	5380	,10.5269,1999.9000,-0.3166,0.9140,594922.4375,27.3530,604850.2500,1999.9000,
	2026/03/30 15:45:17	,	083544	,	5381	,10.5271,1999.9000,-0.3129,0.8784,594931.2500,27.3544,604764.4375,1999.9000,
	2026/03/30 15:45:17	,	084544	,	5382	,10.5273,1999.9000,-0.3057,0.6499,595103.2500,27.3524,604619.4375,1999.9000,
	2026/03/30 15:45:17	,	085544	,	5383	,10.5275,1999.9000,-0.3057,0.4594,595470.2500,27.3463,604345.3125,1999.9000,
	2026/03/30 15:45:17	,	086544	,	5384	,10.5276,1999.9000,-0.2934,0.1017,595477.3750,27.3411,604345.3125,1999.9000,
	2026/03/30 15:45:17	,	087544	,	5385	,10.5278,1999.9000,-0.2934,-0.4948,595479.7500,27.3352,604345.3125,1999.9000,
	2026/03/30 15:45:17	,	088544	,	5386	,10.5280,1999.9000,-0.2934,-0.9918,595481.0000,27.3304,604345.3125,1999.9000,
	2026/03/30 15:45:17	,	089544	,	5387	,10.5282,1999.9000,-0.2934,-1.4061,595481.6875,27.3264,604345.3125,1999.9000,
	2026/03/30 15:45:17	,	090544	,	5388	,10.5283,1999.9000,-0.2934,-1.7512,595482.1875,27.3230,604566.9375,1999.9000,
	2026/03/30 15:45:17	,	091544	,	5389	,10.5285,1999.9000,-0.2934,-2.0389,595366.5625,27.3202,604727.5625,1999.9000,
	2026/03/30 15:45:17	,	092544	,	5390	,10.5287,1999.9000,-0.2958,-1.8807,595346.0000,27.3202,604827.8125,1999.9000,
	2026/03/30 15:45:17	,	093544	,	5391	,10.5289,1999.9000,-0.2967,-1.4505,595329.0625,27.3209,604865.5625,1999.9000,
	2026/03/30 15:45:17	,	094544	,	5392	,10.5290,1999.9000,-0.2994,-0.6941,595183.6875,27.3276,605027.1875,1999.9000,
	2026/03/30 15:45:17	,	095544	,	5393	,10.5292,1999.9000,-0.3045,-0.0637,594869.6875,27.3347,605316.5000,1999.9000,
	2026/03/30 15:45:17	,	096544	,	5394	,10.5294,1999.9000,-0.3107,0.4616,594742.1875,27.3406,605316.5000,1999.9000,
	2026/03/30 15:45:17	,	097544	,	5395	,10.5296,1999.9000,-0.3107,0.8994,594742.1875,27.3487,605316.5000,1999.9000,
	2026/03/30 15:45:17	,	098544	,	5396	,10.5298,1999.9000,-0.3107,0.8662,594742.1875,27.3568,605316.5000,1999.9000,
	2026/03/30 15:45:17	,	099544	,	5397	,10.5300,1999.9000,-0.3107,1.2366,594742.1875,27.3636,605316.5000,1999.9000,
	2026/03/30 15:45:17	,	100544	,	5398	,10.5301,1999.9000,-0.3107,1.7441,594742.1875,27.3678,605151.6250,1999.9000,
	2026/03/30 15:45:17	,	101544	,	5399	,10.5302,1999.9000,-0.3085,1.9681,594882.1875,27.3682,604995.7500,1999.9000,
	2026/03/30 15:45:17	,	102544	,	5400	,10.5304,1999.9000,-0.3051,2.1548,594909.6250,27.3671,604888.8750,1999.9000,
	2026/03/30 15:45:17	,	103544	,	5401	,10.5305,1999.9000,-0.3022,1.6140,594923.9375,27.3661,604793.4375,1999.9000,
	2026/03/30 15:45:17	,	104544	,	5402	,10.5306,1999.9000,-0.2994,1.1634,595030.5625,27.3653,604688.3750,1999.9000,
	2026/03/30 15:45:17	,	105544	,	5403	,10.5307,1999.9000,-0.2936,0.7878,595353.4375,27.3646,604431.6250,1999.9000,
	2026/03/30 15:45:17	,	106544	,	5404	,10.5309,1999.9000,-0.2858,1.1712,595591.2500,27.3640,604431.6250,1999.9000,
	2026/03/30 15:45:17	,	107544	,	5405	,10.5310,1999.9000,-0.2805,1.4907,595591.2500,27.3635,604431.6250,1999.9000,
	2026/03/30 15:45:17	,	108544	,	5406	,10.5312,1999.9000,-0.2805,1.1601,595591.2500,27.3662,604431.6250,1999.9000,
	2026/03/30 15:45:17	,	109544	,	5407	,10.5314,1999.9000,-0.2805,0.8846,595591.2500,27.3684,604431.6250,1999.9000,
	2026/03/30 15:45:17	,	110544	,	5408	,10.5315,1999.9000,-0.2805,0.6550,595591.2500,27.3702,604524.6250,1999.9000,
	2026/03/30 15:45:17	,	111544	,	5409	,10.5317,1999.9000,-0.2805,0.4637,595407.0625,27.3718,604690.7500,1999.9000,
	2026/03/30 15:45:17	,	112544	,	5410	,10.5318,1999.9000,-0.2808,0.5032,595323.0625,27.3741,604793.4375,1999.9000,
	2026/03/30 15:45:17	,	113544	,	5411	,10.5320,1999.9000,-0.2845,0.5361,595311.8125,27.3741,604832.6875,1999.9000,
	2026/03/30 15:45:17	,	114544	,	5412	,10.5321,1999.9000,-0.2851,0.5635,595293.1250,27.3765,604969.2500,1999.9000,
	2026/03/30 15:45:17	,	115544	,	5413	,10.5322,1999.9000,-0.2896,0.5864,595007.3125,27.3785,605233.7500,1999.9000,
	2026/03/30 15:45:17	,	116544	,	5414	,10.5322,1999.9000,-0.2966,0.7049,594656.3750,27.3772,605233.7500,1999.9000,
	2026/03/30 15:45:17	,	117544	,	5415	,10.5325,1999.9000,-0.2975,0.8037,594656.3750,27.3760,605233.7500,1999.9000,
	2026/03/30 15:45:17	,	118544	,	5416	,10.5326,1999.9000,-0.2978,0.8860,594656.3750,27.3735,605233.7500,1999.9000,
	2026/03/30 15:45:17	,	119544	,	5417	,10.5327,1999.9000,-0.2980,1.1536,594656.3750,27.3729,605233.7500,1999.9000,
	2026/03/30 15:45:17	,	120544	,	5418	,10.5328,1999.9000,-0.2980,1.3765,594656.3750,27.3786,605230.8750,1999.9000,
	2026/03/30 15:45:17	,	121544	,	5419	,10.5330,1999.9000,-0.2981,1.5623,594825.0000,27.3833,605007.2500,1999.9000,
	2026/03/30 15:45:17	,	122544	,	5420	,10.5331,1999.9000,-0.2945,1.7171,594911.3750,27.3811,604880.3750,1999.9000,
	2026/03/30 15:45:17	,	123544	,	5421	,10.5332,1999.9000,-0.2911,1.8461,594927.4375,27.3778,604783.8125,1999.9000,
	2026/03/30 15:45:17	,	124544	,	5422	,10.5333,1999.9000,-0.2881,1.7547,594945.7500,27.3750,604743.8750,1999.9000,
	2026/03/30 15:45:17	,	125544	,	5423	,10.5334,1999.9000,-0.2834,1.6785,595209.8750,27.3727,604505.9375,1999.9000,
	2026/03/30 15:45:17	,	126544	,	5424	,10.5335,1999.9000,-0.2751,1.5156,595599.5000,27.3708,604482.6250,1999.9000,
	2026/03/30 15:45:17	,	127544	,	5425	,10.5336,1999.9000,-0.2688,1.3798,595599.5000,27.3692,604474.9375,1999.9000,
	2026/03/30 15:45:17	,	128544	,	5426	,10.5337,1999.9000,-0.2678,1.2666,595599.5000,27.3678,604471.0000,1999.9000,
	2026/03/30 15:45:17	,	129544	,	5427	,10.5338,1999.9000,-0.2675,1.1723,595599.5000,27.3667,604468.6875,1999.9000,
	2026/03/30 15:45:17	,	130544	,	5428	,10.5339,1999.9000,-0.2674,0.9942,595599.5000,27.3719,604467.1250,1999.9000,
	2026/03/30 15:45:17	,	131544	,	5429	,10.5340,1999.9000,-0.2673,0.8458,595458.9375,27.3762,604647.3125,1999.9000,
	2026/03/30 15:45:17	,	132544	,	5430	,10.5342,1999.9000,-0.2672,0.7222,595336.8125,27.3798,604764.4375,1999.9000,
	2026/03/30 15:45:17	,	133544	,	5431	,10.5343,1999.9000,-0.2675,0.7186,595317.7500,27.3828,604845.9375,1999.9000,
	2026/03/30 15:45:17	,	134544	,	5432	,10.5344,1999.9000,-0.2702,0.7156,595301.3125,27.3868,604883.7500,1999.9000,
	2026/03/30 15:45:17	,	135544	,	5433	,10.5345,1999.9000,-0.2726,0.7131,595112.7500,27.3947,605132.8750,1999.9000,
	2026/03/30 15:45:17	,	136544	,	5434	,10.5346,1999.9000,-0.2789,0.7111,594773.7500,27.4013,605266.9375,1999.9000,
	2026/03/30 15:45:17	,	137544	,	5435	,10.5347,1999.9000,-0.2843,0.6099,594773.7500,27.4022,605266.9375,1999.9000,
	2026/03/30 15:45:17	,	138544	,	5436	,10.5348,1999.9000,-0.2843,0.5255,594773.7500,27.4030,605266.9375,1999.9000,
	2026/03/30 15:45:17	,	139544	,	5437	,10.5349,1999.9000,-0.2843,0.1568,594773.7500,27.4067,605266.9375,1999.9000,
	2026/03/30 15:45:17	,	140544	,	5438	,10.5349,1999.9000,-0.2843,-0.1504,594773.7500,27.4098,605266.9375,1999.9000,
	2026/03/30 15:45:17	,	141544	,	5439	,10.5350,1999.9000,-0.2843,-0.4065,594775.9375,27.4123,605066.4375,1999.9000,
	2026/03/30 15:45:17	,	142544	,	5440	,10.5351,1999.9000,-0.2809,-0.6198,594901.8750,27.4114,604948.0625,1999.9000,
	2026/03/30 15:45:17	,	143544	,	5441	,10.5352,1999.9000,-0.2773,-0.6982,594917.9375,27.4107,604855.0625,1999.9000,
	2026/03/30 15:45:17	,	144544	,	5442	,10.5353,1999.9000,-0.2744,-0.7634,594934.0000,27.4100,604815.7500,1999.9000,
	2026/03/30 15:45:17	,	145544	,	5443	,10.5354,1999.9000,-0.2714,-0.8178,595117.5625,27.4110,604613.4375,1999.9000,
	2026/03/30 15:45:17	,	146544	,	5444	,10.5355,1999.9000,-0.2646,-0.8632,595479.1875,27.4118,604402.6250,1999.9000,
	2026/03/30 15:45:17	,	147544	,	5445	,10.5356,1999.9000,-0.2582,-0.6025,595509.0000,27.4126,604402.6250,1999.9000,
	2026/03/30 15:45:17	,	148544	,	5446	,10.5357,1999.9000,-0.2551,-0.3853,595518.9375,27.4131,604402.6250,1999.9000,
	2026/03/30 15:45:17	,	149544	,	5447	,10.5358,1999.9000,-0.2551,-0.2043,595523.8750,27.4136,604402.6250,1999.9000,
	2026/03/30 15:45:17	,	150544	,	5448	,10.5358,1999.9000,-0.2551,-0.0535,595526.8750,27.4140,604402.6250,1999.9000,
	2026/03/30 15:45:17	,	151544	,	5449	,10.5359,1999.9000,-0.2551,0.0722,595528.8125,27.4144,604620.0625,1999.9000,
	2026/03/30 15:45:17	,	152544	,	5450	,10.5359,1999.9000,-0.2551,0.2765,595388.6250,27.4147,604745.6875,1999.9000,
	2026/03/30 15:45:17	,	153544	,	5451	,10.5360,1999.9000,-0.2575,0.4466,595357.0625,27.4134,604838.1250,1999.9000,
	2026/03/30 15:45:17	,	154544	,	5452	,10.5361,1999.9000,-0.2597,0.5885,595341.0000,27.4092,604872.8750,1999.9000,
	2026/03/30 15:45:17	,	155544	,	5453	,10.5361,1999.9000,-0.2618,0.8061,595220.0625,27.4043,605049.5000,1999.9000,
	2026/03/30 15:45:17	,	156544	,	5454	,10.5362,1999.9000,-0.2674,0.8880,594909.6250,27.3986,605356.3125,1999.9000,
	2026/03/30 15:45:17	,	157544	,	5455	,10.5362,1999.9000,-0.2736,0.9563,594711.8125,27.3954,605356.3125,1999.9000,
	2026/03/30 15:45:17	,	158544	,	5456	,10.5363,1999.9000,-0.2736,1.0132,594711.8125,27.3943,605356.3125,1999.9000,
	2026/03/30 15:45:17	,	159544	,	5457	,10.5363,1999.9000,-0.2736,1.0606,594711.8125,27.3933,605356.3125,1999.9000,
	2026/03/30 15:45:17	,	160544	,	5458	,10.5364,1999.9000,-0.2736,0.9011,594711.8125,27.3925,605356.3125,1999.9000,
	2026/03/30 15:45:17	,	161544	,	5459	,10.5364,1999.9000,-0.2736,0.7682,594711.8125,27.3919,605143.7500,1999.9000,
	2026/03/30 15:45:17	,	162544	,	5460	,10.5365,1999.9000,-0.2709,0.6575,594865.5000,27.3913,604992.7500,1999.9000,
	2026/03/30 15:45:17	,	163544	,	5461	,10.5365,1999.9000,-0.2670,0.3663,594895.3125,27.3924,604878.6250,1999.9000,
	2026/03/30 15:45:17	,	164544	,	5462	,10.5366,1999.9000,-0.2637,0.1236,594909.4375,27.3933,604771.0625,1999.9000,
	2026/03/30 15:45:17	,	165544	,	5463	,10.5366,1999.9000,-0.2607,-0.5760,595009.6875,27.3940,604652.6875,1999.9000,
	2026/03/30 15:45:17	,	166544	,	5464	,10.5366,1999.9000,-0.2549,-1.1590,595304.6250,27.3946,604394.7500,1999.9000,
	2026/03/30 15:45:17	,	167544	,	5465	,10.5367,1999.9000,-0.2474,-1.1475,595594.7500,27.3952,604394.7500,1999.9000,
	2026/03/30 15:45:17	,	168544	,	5466	,10.5367,1999.9000,-0.2435,-1.1379,595594.7500,27.3956,604394.7500,1999.9000,
	2026/03/30 15:45:17	,	169544	,	5467	,10.5367,1999.9000,-0.2435,-1.2293,595594.7500,27.3944,604394.7500,1999.9000,
	2026/03/30 15:45:17	,	170544	,	5468	,10.5367,1999.9000,-0.2435,-1.2061,595594.7500,27.3935,604394.7500,1999.9000,
	2026/03/30 15:45:17	,	171544	,	5469	,10.5367,1999.9000,-0.2435,-1.1867,595594.7500,27.3912,604537.9375,1999.9000,
	2026/03/30 15:45:17	,	172544	,	5470	,10.5367,1999.9000,-0.2435,-0.9716,595413.0625,27.3862,604701.6250,1999.9000,
	2026/03/30 15:45:17	,	173544	,	5471	,10.5367,1999.9000,-0.2460,-0.6929,595324.8750,27.3804,604797.6250,1999.9000,
	2026/03/30 15:45:17	,	174544	,	5472	,10.5367,1999.9000,-0.2481,-0.4606,595310.2500,27.3757,604832.4375,1999.9000,
	2026/03/30 15:45:17	,	175544	,	5473	,10.5367,1999.9000,-0.2490,-0.2671,595292.2500,27.3748,604981.8750,1999.9000,
	2026/03/30 15:45:17	,	176544	,	5474	,10.5367,1999.9000,-0.2539,-0.1058,595035.8750,27.3710,605255.5000,1999.9000,
	2026/03/30 15:45:17	,	177544	,	5475	,10.5367,1999.9000,-0.2606,0.0287,594685.5625,27.3678,605255.5000,1999.9000,
	2026/03/30 15:45:17	,	178544	,	5476	,10.5367,1999.9000,-0.2606,0.2401,594685.5625,27.3682,605255.5000,1999.9000,
	2026/03/30 15:45:17	,	179544	,	5477	,10.5367,1999.9000,-0.2606,0.4164,594685.5625,27.3686,605255.5000,1999.9000,
	2026/03/30 15:45:17	,	180544	,	5478	,10.5367,1999.9000,-0.2606,0.5632,594685.5625,27.3688,605255.5000,1999.9000,
	2026/03/30 15:45:17	,	181544	,	5479	,10.5368,1999.9000,-0.2606,0.6856,594685.5625,27.3691,605242.8125,1999.9000,
	2026/03/30 15:45:17	,	182544	,	5480	,10.5368,1999.9000,-0.2606,0.7876,594832.1250,27.3708,604997.6250,1999.9000,
	2026/03/30 15:45:17	,	183544	,	5481	,10.5368,1999.9000,-0.2569,0.7731,594923.8750,27.3707,604893.6875,1999.9000,
	2026/03/30 15:45:17	,	184544	,	5482	,10.5368,1999.9000,-0.2537,0.7611,594934.6250,27.3707,604855.0625,1999.9000,
	2026/03/30 15:45:17	,	185544	,	5483	,10.5368,1999.9000,-0.2509,0.7510,594949.1250,27.3706,604724.0000,1999.9000,
	2026/03/30 15:45:17	,	186544	,	5484	,10.5368,1999.9000,-0.2462,-0.1526,595178.3125,27.3690,604493.2500,1999.9000,
	2026/03/30 15:45:17	,	187544	,	5485	,10.5368,1999.9000,-0.2382,-1.3036,595547.7500,27.3677,604478.4375,1999.9000,
	2026/03/30 15:45:17	,	188544	,	5486	,10.5368,1999.9000,-0.2324,-2.2627,595547.7500,27.3666,604473.5000,1999.9000,
	2026/03/30 15:45:17	,	189544	,	5487	,10.5368,1999.9000,-0.2324,-3.0619,595547.7500,27.3718,604471.0625,1999.9000,
	2026/03/30 15:45:17	,	190544	,	5488	,10.5368,1999.9000,-0.2324,-3.7280,595547.7500,27.3761,604469.6250,1999.9000,
	2026/03/30 15:45:17	,	191544	,	5489	,10.5368,1999.9000,-0.2324,-3.9846,595547.7500,27.3843,604468.6875,1999.9000,
	2026/03/30 15:45:17	,	192544	,	5490	,10.5368,1999.9000,-0.2324,-4.0990,595534.7500,27.3911,604673.8125,1999.9000,
	2026/03/30 15:45:17	,	193544	,	5491	,10.5368,1999.9000,-0.2326,-4.1943,595355.8125,27.3983,604791.0625,1999.9000,
	2026/03/30 15:45:17	,	194544	,	5492	,10.5368,1999.9000,-0.2351,-3.7764,595330.8125,27.4058,604791.0625,1999.9000,
	2026/03/30 15:45:17	,	195544	,	5493	,10.5368,1999.9000,-0.2358,-3.4281,595310.1250,27.4121,604831.1875,1999.9000,
	2026/03/30 15:45:17	,	196544	,	5494	,10.5368,1999.9000,-0.2395,-3.1378,595136.0000,27.4174,604953.5000,1999.9000,
	2026/03/30 15:45:17	,	197544	,	5495	,10.5368,1999.9000,-0.2468,-2.5976,594805.3125,27.4202,605192.0625,1999.9000,
	2026/03/30 15:45:17	,	198544	,	5496	,10.5368,1999.9000,-0.2510,-1.8489,594786.6250,27.4225,605230.1250,1999.9000,
	2026/03/30 15:45:17	,	199544	,	5497	,10.5368,1999.9000,-0.2510,-1.1255,594780.3125,27.4230,605242.7500,1999.9000,
	2026/03/30 15:45:17	,	200544	,	5498	,10.5368,1999.9000,-0.2510,-0.5227,594777.1875,27.4203,605249.1250,1999.9000,
	2026/03/30 15:45:17	,	201544	,	5499	,10.5368,1999.9000,-0.2510,-0.0204,594775.3125,27.4226,605253.0000,1999.9000,
	2026/03/30 15:45:17	,	202544	,	5500	,10.5368,1999.9000,-0.2510,0.3982,594774.1250,27.4200,605255.5000,1999.9000,
	2026/03/30 15:45:17	,	203544	,	5501	,10.5368,1999.9000,-0.2467,0.6476,594904.8750,27.4132,605060.3750,1999.9000,
	2026/03/30 15:45:17	,	204544	,	5502	,10.5368,1999.9000,-0.2430,0.9549,594925.4375,27.4061,604933.0000,1999.9000,
	2026/03/30 15:45:17	,	205544	,	5503	,10.5368,1999.9000,-0.2400,1.2109,594937.2500,27.4001,604832.1250,1999.9000,
	2026/03/30 15:45:17	,	206544	,	5504	,10.5368,1999.9000,-0.2366,1.4243,595068.6875,27.3936,604749.9375,1999.9000,
	2026/03/30 15:45:17	,	207544	,	5505	,10.5368,1999.9000,-0.2293,1.6021,595404.6875,27.3898,604582.6875,1999.9000,
	2026/03/30 15:45:17	,	208544	,	5506	,10.5367,1999.9000,-0.2227,1.7503,595544.7500,27.3850,604425.6250,1999.9000,
	2026/03/30 15:45:17	,	209544	,	5507	,10.5367,1999.9000,-0.2197,1.8738,595544.7500,27.3810,604425.6250,1999.9000,
	2026/03/30 15:45:17	,	210544	,	5508	,10.5367,1999.9000,-0.2197,1.9767,595544.7500,27.3777,604425.6250,1999.9000,
	2026/03/30 15:45:17	,	211544	,	5509	,10.5367,1999.9000,-0.2197,2.0625,595544.7500,27.3749,604425.6250,1999.9000,
	2026/03/30 15:45:17	,	212544	,	5510	,10.5367,1999.9000,-0.2197,2.1339,595544.7500,27.3742,604425.6250,1999.9000,
	2026/03/30 15:45:17	,	213544	,	5511	,10.5367,1999.9000,-0.2197,2.3924,595392.1875,27.3735,604625.5000,1999.9000,
	2026/03/30 15:45:17	,	214544	,	5512	,10.5367,1999.9000,-0.2200,2.6078,595360.3750,27.3730,604751.1250,1999.9000,
	2026/03/30 15:45:17	,	215544	,	5513	,10.5367,1999.9000,-0.2225,3.3842,595341.3750,27.3741,604839.3125,1999.9000,
	2026/03/30 15:45:17	,	216544	,	5514	,10.5368,1999.9000,-0.2232,4.0312,595228.3125,27.3735,604877.3750,1999.9000,
	2026/03/30 15:45:17	,	217544	,	5515	,10.5368,1999.9000,-0.2290,4.5703,594950.7500,27.3729,605083.9375,1999.9000,
	2026/03/30 15:45:17	,	218544	,	5516	,10.5368,1999.9000,-0.2348,5.0196,594693.9375,27.3633,605350.8750,1999.9000,
	2026/03/30 15:45:17	,	219544	,	5517	,10.5369,1999.9000,-0.2348,5.3940,594693.9375,27.3633,605350.8750,1999.9000,
	2026/03/30 15:45:17	,	220544	,	5518	,10.5369,1999.9000,-0.2348,5.7060,594693.9375,27.3553,605350.8750,1999.9000,
	2026/03/30 15:45:17	,	221544	,	5519	,10.5369,1999.9000,-0.2348,5.7670,594693.9375,27.3471,605350.8750,1999.9000,
	2026/03/30 15:45:17	,	222544	,	5520	,10.5369,1999.9000,-0.2348,5.3206,594693.9375,27.3316,605350.8750,1999.9000,
	2026/03/30 15:45:17	,	223544	,	5521	,10.5369,1999.9000,-0.2300,4.8490,594864.8750,27.3273,605111.1875,1999.9000,
	2026/03/30 15:45:17	,	224544	,	5522	,10.5369,1999.9000,-0.2260,4.3566,594898.8750,27.3273,604952.2500,1999.9000,
	2026/03/30 15:45:17	,	225544	,	5523	,10.5369,1999.9000,-0.2228,3.9462,594917.3750,27.3238,604837.5625,1999.9000,
	2026/03/30 15:45:17	,	226544	,	5524	,10.5369,1999.9000,-0.2197,3.6042,595023.3750,27.3209,604800.3750,1999.9000,
	2026/03/30 15:45:17	,	227544	,	5525	,10.5369,1999.9000,-0.2133,3.3193,595281.9375,27.3215,604642.4375,1999.9000,
	2026/03/30 15:45:17	,	228544	,	5526	,10.5369,1999.9000,-0.2051,3.0818,595638.2500,27.3235,604373.6875,1999.9000,
	2026/03/30 15:45:17	,	229544	,	5527	,10.5368,1999.9000,-0.1992,2.8839,595638.2500,27.3266,604373.6875,1999.9000,
	2026/03/30 15:45:17	,	230544	,	5528	,10.5368,1999.9000,-0.1991,2.7190,595638.2500,27.3266,604373.6875,1999.9000,
	2026/03/30 15:45:17	,	231544	,	5529	,10.5368,1999.9000,-0.1990,2.5816,595638.2500,27.3278,604373.6875,1999.9000,
	2026/03/30 15:45:17	,	232544	,	5530	,10.5368,1999.9000,-0.1990,2.4670,595638.2500,27.3333,604373.6875,1999.9000,
	2026/03/30 15:45:17	,	233544	,	5531	,10.5368,1999.9000,-0.1990,2.3716,595456.5625,27.3410,604581.4375,1999.9000,
	2026/03/30 15:45:17	,	234544	,	5532	,10.5368,1999.9000,-0.1990,2.5905,595363.5625,27.3443,604726.3750,1999.9000,
	2026/03/30 15:45:17	,	235544	,	5533	,10.5368,1999.9000,-0.1993,2.4745,595346.6250,27.3441,604819.4375,1999.9000,
	2026/03/30 15:45:17	,	236544	,	5534	,10.5368,1999.9000,-0.2020,2.3778,595327.2500,27.3469,604855.3750,1999.9000,
	2026/03/30 15:45:17	,	237544	,	5535	,10.5369,1999.9000,-0.2062,2.2972,595084.1875,27.3493,605007.8750,1999.9000,
	2026/03/30 15:45:17	,	238544	,	5536	,10.5369,1999.9000,-0.2130,2.1306,594717.1875,27.3482,605301.4375,1999.9000,
	2026/03/30 15:45:17	,	239544	,	5537	,10.5369,1999.9000,-0.2136,2.0913,594717.1875,27.3473,605301.4375,1999.9000,
	2026/03/30 15:45:17	,	240544	,	5538	,10.5369,1999.9000,-0.2138,1.9590,594717.1875,27.3496,605301.4375,1999.9000,
	2026/03/30 15:45:17	,	241544	,	5539	,10.5370,1999.9000,-0.2139,1.8487,594717.1875,27.3545,605301.4375,1999.9000,
	2026/03/30 15:45:17	,	242544	,	5540	,10.5370,1999.9000,-0.2139,1.8563,594717.1875,27.3587,605301.4375,1999.9000,
	2026/03/30 15:45:17	,	243544	,	5541	,10.5370,1999.9000,-0.2140,1.6637,594808.8750,27.3637,605182.4375,1999.9000,
	2026/03/30 15:45:17	,	244544	,	5542	,10.5370,1999.9000,-0.2140,1.6637,594808.8750,27.3694,605004.8750,1999.9000,
	2026/03/30 15:45:17	,	245544	,	5543	,10.5370,1999.9000,-0.2082,1.3695,594945.0625,27.3741,604895.5000,1999.9000,
	2026/03/30 15:45:17	,	246544	,	5544	,10.5370,1999.9000,-0.2058,1.2580,594958.2500,27.3780,604809.6875,1999.9000,
	2026/03/30 15:45:17	,	247544	,	5545	,10.5370,1999.9000,-0.2013,0.9662,595155.0625,27.3813,604724.6250,1999.9000,
	2026/03/30 15:45:17	,	248544	,	5546	,10.5370,1999.9000,-0.1936,0.7230,595531.6250,27.3841,604492.6875,1999.9000,
	2026/03/30 15:45:17	,	249544	,	5547	,10.5370,1999.9000,-0.1880,0.5203,595531.6250,27.3864,604492.6875,1999.9000,
	2026/03/30 15:45:17	,	250544	,	5548	,10.5370,1999.9000,-0.1880,0.3515,595531.6250,27.3867,604492.6875,1999.9000,
	2026/03/30 15:45:17	,	251544	,	5549	,10.5370,1999.9000,-0.1880,0.2107,595531.6250,27.3871,604492.6875,1999.9000,
	2026/03/30 15:45:17	,	252544	,	5550	,10.5369,1999.9000,-0.1880,0.4913,595531.6250,27.3873,604492.6875,1999.9000,
	2026/03/30 15:45:17	,	253544	,	5551	,10.5369,1999.9000,-0.1880,0.9241,595531.6250,27.3830,604497.0000,1999.9000,
	2026/03/30 15:45:17	,	254544	,	5552	,10.5369,1999.9000,-0.1911,1.3843,595525.6250,27.3793,604687.1250,1999.9000,
	2026/03/30 15:45:17	,	255544	,	5553	,10.5369,1999.9000,-0.1941,1.7677,595355.2500,27.3747,604775.9375,1999.9000,
	2026/03/30 15:45:17	,	256544	,	5554	,10.5369,1999.9000,-0.1969,2.0872,595338.5625,27.3709,604864.0625,1999.9000,
	2026/03/30 15:45:17	,	257544	,	5555	,10.5369,1999.9000,-0.2011,2.3535,595327.8125,27.3678,604959.5000,1999.9000,
	2026/03/30 15:45:17	,	258544	,	5556	,10.5369,1999.9000,-0.2092,2.5754,595180.6875,27.3606,605196.2500,1999.9000,
	2026/03/30 15:45:17	,	259544	,	5557	,10.5369,1999.9000,-0.2161,2.7604,594847.0000,27.3546,605229.5000,1999.9000,
	2026/03/30 15:45:17	,	260544	,	5558	,10.5369,1999.9000,-0.2188,2.8150,594738.0000,27.3557,605240.5625,1999.9000,
	2026/03/30 15:45:17	,	261544	,	5559	,10.5369,1999.9000,-0.2188,2.4626,594738.0000,27.3566,605246.0625,1999.9000,
	2026/03/30 15:45:17	,	262544	,	5560	,10.5369,1999.9000,-0.2188,2.0695,594738.0000,27.3589,605249.3750,1999.9000,
	2026/03/30 15:45:17	,	263544	,	5561	,10.5370,1999.9000,-0.2188,1.1450,594738.0000,27.3608,605251.6875,1999.9000,
	2026/03/30 15:45:17	,	264544	,	5562	,10.5370,1999.9000,-0.2188,0.3747,594738.0000,27.3623,605053.1250,1999.9000,
	2026/03/30 15:45:17	,	265544	,	5563	,10.5369,1999.9000,-0.2160,0.4290,594883.3750,27.3621,604926.3125,1999.9000,
	2026/03/30 15:45:17	,	266544	,	5564	,10.5369,1999.9000,-0.2134,0.4743,594910.4375,27.3635,604834.5000,1999.9000,
	2026/03/30 15:45:17	,	267544	,	5565	,10.5369,1999.9000,-0.2098,0.5120,594928.1875,27.3692,604742.1250,1999.9000,
	2026/03/30 15:45:17	,	268544	,	5566	,10.5369,1999.9000,-0.2025,0.5435,595385.0625,27.3770,604542.7500,1999.9000,
	2026/03/30 15:45:17	,	269544	,	5567	,10.5369,1999.9000,-0.1958,0.6692,595385.0625,27.3805,604449.1250,1999.9000,
	2026/03/30 15:45:17	,	270544	,	5568	,10.5370,1999.9000,-0.1949,0.9728,595564.3750,27.3833,604449.1250,1999.9000,
	2026/03/30 15:45:17	,	271544	,	5569	,10.5370,1999.9000,-0.1946,1.4249,595564.3750,27.3796,604449.1250,1999.9000,
	2026/03/30 15:45:17	,	272544	,	5570	,10.5370,1999.9000,-0.1944,1.8015,595564.3750,27.3735,604449.1250,1999.9000,
	2026/03/30 15:45:17	,	273544	,	5571	,10.5370,1999.9000,-0.1943,2.1154,595564.3750,27.3729,604449.1250,1999.9000,
	2026/03/30 15:45:17	,	274544	,	5572	,10.5370,1999.9000,-0.1943,2.3770,595402.3125,27.3771,604660.5000,1999.9000,
	2026/03/30 15:45:17	,	275544	,	5573	,10.5370,1999.9000,-0.1943,2.3770,595402.3125,27.3759,604776.5000,1999.9000,
	2026/03/30 15:45:17	,	276544	,	5574	,10.5370,1999.9000,-0.1946,2.3961,595321.9375,27.3750,604814.6250,1999.9000,
	2026/03/30 15:45:17	,	277544	,	5575	,10.5370,1999.9000,-0.1977,2.4119,595312.0625,27.3742,604925.1250,1999.9000,
	2026/03/30 15:45:17	,	278544	,	5576	,10.5370,1999.9000,-0.1986,2.6241,595291.1250,27.3690,605109.9375,1999.9000,
	2026/03/30 15:45:17	,	279544	,	5577	,10.5369,1999.9000,-0.2051,2.5025,594992.3750,27.3692,605315.2500,1999.9000,
	2026/03/30 15:45:17	,	280544	,	5578	,10.5369,1999.9000,-0.2114,2.4011,594683.8125,27.3694,605315.2500,1999.9000,
	2026/03/30 15:45:17	,	281544	,	5579	,10.5369,1999.9000,-0.2158,2.1177,594683.8125,27.3695,605315.2500,1999.9000,
	2026/03/30 15:45:17	,	282544	,	5580	,10.5369,1999.9000,-0.2158,1.7821,594683.8125,27.3681,605315.2500,1999.9000,
	2026/03/30 15:45:17	,	283544	,	5581	,10.5369,1999.9000,-0.2158,1.5024,594683.8125,27.3654,605315.2500,1999.9000,
	2026/03/30 15:45:17	,	284544	,	5582	,10.5369,1999.9000,-0.2158,1.2693,594683.8125,27.3632,605085.7500,1999.9000,
	2026/03/30 15:45:17	,	285544	,	5583	,10.5369,1999.9000,-0.2158,1.0751,594858.3750,27.3582,604939.0000,1999.9000,
	2026/03/30 15:45:17	,	286544	,	5584	,10.5369,1999.9000,-0.2157,0.9132,594897.0625,27.3541,604839.9375,1999.9000,
	2026/03/30 15:45:17	,	287544	,	5585	,10.5369,1999.9000,-0.2155,0.7783,594913.9375,27.3538,604802.2500,1999.9000,
	2026/03/30 15:45:17	,	288544	,	5586	,10.5369,1999.9000,-0.2153,0.6659,594932.9375,27.3535,604615.8750,1999.9000,
	2026/03/30 15:45:17	,	289544	,	5587	,10.5369,1999.9000,-0.2101,0.5722,595230.6875,27.3532,604360.3750,1999.9000,
	2026/03/30 15:45:17	,	290544	,	5588	,10.5369,1999.9000,-0.2045,0.4942,595601.3750,27.3530,604360.3750,1999.9000,
	2026/03/30 15:45:17	,	291544	,	5589	,10.5368,1999.9000,-0.2019,0.5286,595601.3750,27.3528,604360.3750,1999.9000,
	2026/03/30 15:45:17	,	292544	,	5590	,10.5368,1999.9000,-0.2019,0.5573,595601.3750,27.3603,604360.3750,1999.9000,
	2026/03/30 15:45:17	,	293544	,	5591	,10.5368,1999.9000,-0.2019,0.5812,595601.3750,27.3666,604360.3750,1999.9000,
	2026/03/30 15:45:17	,	294544	,	5592	,10.5368,1999.9000,-0.2019,0.8001,595601.3750,27.3718,604578.3750,1999.9000,
	2026/03/30 15:45:17	,	295544	,	5593	,10.5368,1999.9000,-0.2019,0.9825,595447.6250,27.3761,604717.3125,1999.9000,
	2026/03/30 15:45:17	,	296544	,	5594	,10.5368,1999.9000,-0.2047,1.1344,595350.5000,27.3767,604815.1250,1999.9000,
	2026/03/30 15:45:17	,	297544	,	5595	,10.5368,1999.9000,-0.2070,1.2611,595337.9375,27.3771,604854.4375,1999.9000,
	2026/03/30 15:45:17	,	298544	,	5596	,10.5369,1999.9000,-0.2076,1.7646,595320.0625,27.3806,605032.6250,1999.9000,
	2026/03/30 15:45:17	,	299544	,	5597	,10.5369,1999.9000,-0.2121,2.1841,595097.8750,27.3804,605334.0000,1999.9000,
	2026/03/30 15:45:17	,	300544	,	5598	,10.5369,1999.9000,-0.2183,1.9369,594744.5625,27.3802,605334.0000,1999.9000,
	2026/03/30 15:45:17	,	301544	,	5599	,10.5369,1999.9000,-0.2183,1.5319,594744.5625,27.3801,605334.0000,1999.9000,
	2026/03/30 15:45:17	,	302544	,	5600	,10.5369,1999.9000,-0.2183,1.1944,594744.5625,27.3799,605334.0000,1999.9000,
	2026/03/30 15:45:17	,	303544	,	5601	,10.5369,1999.9000,-0.2183,0.9132,594744.5625,27.3798,605334.0000,1999.9000,
	2026/03/30 15:45:17	,	304544	,	5602	,10.5369,1999.9000,-0.2183,0.4799,594744.5625,27.3798,605144.3750,1999.9000,
	2026/03/30 15:45:17	,	305544	,	5603	,10.5369,1999.9000,-0.2182,0.1188,594750.1875,27.3828,604977.6250,1999.9000,
	2026/03/30 15:45:17	,	306544	,	5604	,10.5369,1999.9000,-0.2138,-0.1821,594893.5000,27.3868,604881.0000,1999.9000,
	2026/03/30 15:45:17	,	307544	,	5605	,10.5369,1999.9000,-0.2105,-0.5323,594912.8750,27.3901,604840.8125,1999.9000,
	2026/03/30 15:45:17	,	308544	,	5606	,10.5369,1999.9000,-0.2084,-0.8242,594928.4375,27.3929,604693.1875,1999.9000,
	2026/03/30 15:45:17	,	309544	,	5607	,10.5370,1999.9000,-0.2044,-1.2664,595124.0625,27.3953,604429.8125,1999.9000,
	2026/03/30 15:45:17	,	310544	,	5608	,10.5370,1999.9000,-0.1973,-1.6348,595488.7500,27.3957,604429.8125,1999.9000,
	2026/03/30 15:45:17	,	311544	,	5609	,10.5370,1999.9000,-0.1918,-1.9419,595504.5000,27.3960,604429.8125,1999.9000,
	2026/03/30 15:45:17	,	312544	,	5610	,10.5369,1999.9000,-0.1897,-2.1978,595509.7500,27.3963,604429.8125,1999.9000,
	2026/03/30 15:45:17	,	313544	,	5611	,10.5369,1999.9000,-0.1897,-2.4110,595512.3750,27.3966,604429.8125,1999.9000,
	2026/03/30 15:45:17	,	314544	,	5612	,10.5369,1999.9000,-0.1897,-2.5887,595514.0000,27.3937,604543.3750,1999.9000,
	2026/03/30 15:45:17	,	315544	,	5613	,10.5368,1999.9000,-0.1897,-2.5378,595515.0000,27.3913,604710.6875,1999.9000,
	2026/03/30 15:45:17	,	316544	,	5614	,10.5368,1999.9000,-0.1897,-2.0976,595387.4375,27.3893,604804.8750,1999.9000,
	2026/03/30 15:45:17	,	317544	,	5615	,10.5368,1999.9000,-0.1918,-1.7306,595368.9375,27.3877,604886.4375,1999.9000,
	2026/03/30 15:45:17	,	318544	,	5616	,10.5368,1999.9000,-0.1928,-1.3254,595355.5000,27.3863,604978.8750,1999.9000,
	2026/03/30 15:45:17	,	319544	,	5617	,10.5368,1999.9000,-0.1979,-0.9877,595217.6250,27.3851,605240.3750,1999.9000,
	2026/03/30 15:45:17	,	320544	,	5618	,10.5368,1999.9000,-0.2062,-0.5074,594895.8750,27.3842,605240.3750,1999.9000,
	2026/03/30 15:45:17	,	321544	,	5619	,10.5368,1999.9000,-0.2131,-0.1071,594735.6250,27.3834,605240.3750,1999.9000,
	2026/03/30 15:45:17	,	322544	,	5620	,10.5368,1999.9000,-0.2139,0.4255,594735.6250,27.3858,605240.3750,1999.9000,
	2026/03/30 15:45:17	,	323544	,	5621	,10.5369,1999.9000,-0.2141,0.6703,594735.6250,27.3878,605240.3750,1999.9000,
	2026/03/30 15:45:17	,	324544	,	5622	,10.5369,1999.9000,-0.2142,0.8743,594735.6250,27.3864,605237.6250,1999.9000,
	2026/03/30 15:45:17	,	325544	,	5623	,10.5369,1999.9000,-0.2143,1.0443,594735.6250,27.3837,605024.1250,1999.9000,
	2026/03/30 15:45:17	,	326544	,	5624	,10.5369,1999.9000,-0.2144,0.9871,594877.3750,27.3784,604910.0000,1999.9000,
	2026/03/30 15:45:17	,	327544	,	5625	,10.5369,1999.9000,-0.2122,0.9393,594901.8125,27.3740,604828.4375,1999.9000,
	2026/03/30 15:45:17	,	328544	,	5626	,10.5369,1999.9000,-0.2114,0.8996,594912.0000,27.3703,604791.5625,1999.9000,
	2026/03/30 15:45:17	,	329544	,	5627	,10.5369,1999.9000,-0.2083,0.8664,595027.0000,27.3688,604545.8125,1999.9000,
	2026/03/30 15:45:17	,	330544	,	5628	,10.5369,1999.9000,-0.2026,0.8388,595346.3125,27.3675,604510.4375,1999.9000,
	2026/03/30 15:45:17	,	331544	,	5629	,10.5369,1999.9000,-0.1986,0.8158,595579.8750,27.3665,604498.6875,1999.9000,
	2026/03/30 15:45:17	,	332544	,	5630	,10.5369,1999.9000,-0.1986,0.5977,595579.8750,27.3656,604492.8125,1999.9000,
	2026/03/30 15:45:17	,	333544	,	5631	,10.5369,1999.9000,-0.1986,0.4159,595579.8750,27.3648,604489.2500,1999.9000,
	2026/03/30 15:45:17	,	334544	,	5632	,10.5369,1999.9000,-0.1986,0.2644,595579.8750,27.3642,604486.9375,1999.9000,
	2026/03/30 15:45:17	,	335544	,	5633	,10.5370,1999.9000,-0.1986,0.1382,595579.8750,27.3652,604662.3750,1999.9000,
	2026/03/30 15:45:17	,	336544	,	5634	,10.5370,1999.9000,-0.2010,0.2319,595408.3125,27.3691,604759.6250,1999.9000,
	2026/03/30 15:45:17	,	337544	,	5635	,10.5370,1999.9000,-0.2032,0.3101,595324.3125,27.3723,604843.0000,1999.9000,
	2026/03/30 15:45:17	,	338544	,	5636	,10.5370,1999.9000,-0.2054,0.3752,595310.5625,27.3750,604926.9375,1999.9000,
	2026/03/30 15:45:17	,	339544	,	5637	,10.5370,1999.9000,-0.2080,0.4294,595290.1250,27.3773,605146.8125,1999.9000,
	2026/03/30 15:45:17	,	340544	,	5638	,10.5370,1999.9000,-0.2143,0.6736,595014.5000,27.3762,605287.5000,1999.9000,
	2026/03/30 15:45:17	,	341544	,	5639	,10.5370,1999.9000,-0.2185,1.0760,594668.8750,27.3762,605287.5000,1999.9000,
	2026/03/30 15:45:17	,	342544	,	5640	,10.5370,1999.9000,-0.2185,1.4114,594668.8750,27.3752,605287.5000,1999.9000,
	2026/03/30 15:45:17	,	343544	,	5641	,10.5370,1999.9000,-0.2185,1.8898,594668.8750,27.3713,605287.5000,1999.9000,
	2026/03/30 15:45:17	,	344544	,	5642	,10.5370,1999.9000,-0.2185,2.2884,594668.8750,27.3681,605287.5000,1999.9000,
	2026/03/30 15:45:17	,	345544	,	5643	,10.5369,1999.9000,-0.2185,2.6207,594668.8750,27.3654,605071.2500,1999.9000,
	2026/03/30 15:45:17	,	346544	,	5644	,10.5370,1999.9000,-0.2142,2.8975,594851.8125,27.3632,604949.8750,1999.9000,
	2026/03/30 15:45:17	,	347544	,	5645	,10.5370,1999.9000,-0.2107,3.1282,594891.4375,27.3613,604850.8125,1999.9000,
	2026/03/30 15:45:17	,	348544	,	5646	,10.5370,1999.9000,-0.2077,3.3205,594910.1875,27.3613,604850.8125,1999.9000,
	2026/03/30 15:45:17	,	349544	,	5647	,10.5370,1999.9000,-0.2048,3.4807,594929.6875,27.3628,604810.9375,1999.9000,
	2026/03/30 15:45:17	,	350544	,	5648	,10.5370,1999.9000,-0.1986,3.5147,595193.8125,27.3640,604614.0000,1999.9000,
	2026/03/30 15:45:17	,	351544	,	5649	,10.5370,1999.9000,-0.1918,3.5431,595564.3750,27.3650,604405.6250,1999.9000,
	2026/03/30 15:45:17	,	352544	,	5650	,10.5370,1999.9000,-0.1918,3.0694,595564.3750,27.3674,604405.6250,1999.9000,
	2026/03/30 15:45:17	,	353544	,	5651	,10.5370,1999.9000,-0.1918,2.5751,595564.3750,27.3694,604405.6250,1999.9000,
	2026/03/30 15:45:17	,	354544	,	5652	,10.5370,1999.9000,-0.1918,2.1632,595564.3750,27.3726,604405.6250,1999.9000,
	2026/03/30 15:45:17	,	355544	,	5653	,10.5370,1999.9000,-0.1918,1.9195,595564.3750,27.3753,604405.6250,1999.9000,
	2026/03/30 15:45:17	,	356544	,	5654	,10.5370,1999.9000,-0.1920,2.2137,595426.7500,27.3775,604620.0625,1999.9000,
	2026/03/30 15:45:17	,	357544	,	5655	,10.5370,1999.9000,-0.1964,2.5584,595324.3125,27.3748,604758.3750,1999.9000,
	2026/03/30 15:45:17	,	358544	,	5656	,10.5370,1999.9000,-0.1990,2.8456,595307.8750,27.3725,604848.3750,1999.9000,
	2026/03/30 15:45:17	,	359544	,	5657	,10.5370,1999.9000,-0.2012,3.1845,595297.6250,27.3707,604931.1250,1999.9000,
	2026/03/30 15:45:17	,	360544	,	5658	,10.5370,1999.9000,-0.2066,3.5663,595143.1875,27.3691,605080.9375,1999.9000,
	2026/03/30 15:45:17	,	361544	,	5659	,10.5370,1999.9000,-0.2145,3.8845,594777.3125,27.3678,605369.0000,1999.9000,
	2026/03/30 15:45:17	,	362544	,	5660	,10.5370,1999.9000,-0.2200,4.1497,594777.3125,27.3667,605369.0000,1999.9000,
	2026/03/30 15:45:17	,	363544	,	5661	,10.5370,1999.9000,-0.2200,4.3706,594777.3125,27.3658,605369.0000,1999.9000,
	2026/03/30 15:45:17	,	364544	,	5662	,10.5370,1999.9000,-0.2200,4.4553,594777.3125,27.3665,605369.0000,1999.9000,
	2026/03/30 15:45:17	,	365544	,	5663	,10.5369,1999.9000,-0.2200,3.7301,594777.3125,27.3671,605369.0000,1999.9000,
	2026/03/30 15:45:17	,	366544	,	5664	,10.5369,1999.9000,-0.2200,3.1257,594779.6875,27.3677,605129.3125,1999.9000,
	2026/03/30 15:45:17	,	367544	,	5665	,10.5369,1999.9000,-0.2173,2.5226,594898.8750,27.3681,604957.1250,1999.9000,
	2026/03/30 15:45:17	,	368544	,	5666	,10.5369,1999.9000,-0.2149,2.0200,594926.5625,27.3685,604852.6250,1999.9000,
	2026/03/30 15:45:17	,	369544	,	5667	,10.5369,1999.9000,-0.2126,1.6012,594940.1875,27.3688,604818.1875,1999.9000,
	2026/03/30 15:45:17	,	370544	,	5668	,10.5369,1999.9000,-0.2078,1.2521,595096.0625,27.3690,604667.1875,1999.9000,
	2026/03/30 15:45:17	,	371544	,	5669	,10.5369,1999.9000,-0.2002,0.9613,595450.6250,27.3662,604396.0000,1999.9000,
	2026/03/30 15:45:17	,	372544	,	5670	,10.5369,1999.9000,-0.1996,0.7189,595486.6250,27.3608,604396.0000,1999.9000,
	2026/03/30 15:45:17	,	373544	,	5671	,10.5369,1999.9000,-0.1995,0.5169,595498.6875,27.3562,604396.0000,1999.9000,
	2026/03/30 15:45:17	,	374544	,	5672	,10.5369,1999.9000,-0.1994,0.3486,595504.6250,27.3525,604396.0000,1999.9000,
	2026/03/30 15:45:17	,	375544	,	5673	,10.5369,1999.9000,-0.1993,0.2084,595508.2500,27.3493,604583.8125,1999.9000,
	2026/03/30 15:45:17	,	376544	,	5674	,10.5369,1999.9000,-0.1993,0.0915,595510.6250,27.3467,604583.8125,1999.9000,
	2026/03/30 15:45:17	,	377544	,	5675	,10.5369,1999.9000,-0.2026,0.0935,595371.3125,27.3446,604737.8125,1999.9000,
	2026/03/30 15:45:17	,	378544	,	5676	,10.5369,1999.9000,-0.2057,0.1947,595339.1250,27.3412,604824.2500,1999.9000,
	2026/03/30 15:45:17	,	379544	,	5677	,10.5369,1999.9000,-0.2080,0.2791,595323.6875,27.3384,604862.5625,1999.9000,
	2026/03/30 15:45:17	,	380544	,	5678	,10.5369,1999.9000,-0.2117,0.3493,595212.8125,27.3361,605009.6875,1999.9000,
	2026/03/30 15:45:17	,	381544	,	5679	,10.5369,1999.9000,-0.2189,0.0100,594918.5000,27.3342,605282.6875,1999.9000,
	2026/03/30 15:45:17	,	382544	,	5680	,10.5369,1999.9000,-0.2245,-0.2728,594698.6875,27.3356,605282.6875,1999.9000,
	2026/03/30 15:45:17	,	383544	,	5681	,10.5369,1999.9000,-0.2245,-0.1105,594698.6875,27.3368,605282.6875,1999.9000,
	2026/03/30 15:45:17	,	384544	,	5682	,10.5369,1999.9000,-0.2245,0.3231,594698.6875,27.3424,605282.6875,1999.9000,
	2026/03/30 15:45:17	,	385544	,	5683	,10.5369,1999.9000,-0.2245,0.6845,594698.6875,27.3486,605282.6875,1999.9000,
	2026/03/30 15:45:17	,	386544	,	5684	,10.5369,1999.9000,-0.2245,0.9856,594698.6875,27.3537,605190.8750,1999.9000,
	2026/03/30 15:45:17	,	387544	,	5685	,10.5369,1999.9000,-0.2242,1.2365,594853.0000,27.3580,605003.6250,1999.9000,
	2026/03/30 15:45:17	,	388544	,	5686	,10.5369,1999.9000,-0.2194,1.3462,594879.5000,27.3616,604897.3750,1999.9000,
	2026/03/30 15:45:17	,	389544	,	5687	,10.5369,1999.9000,-0.2168,1.4376,594897.2500,27.3646,604812.7500,1999.9000,
	2026/03/30 15:45:17	,	390544	,	5688	,10.5369,1999.9000,-0.2135,1.5137,595004.9375,27.3671,604726.3750,1999.9000,
	2026/03/30 15:45:17	,	391544	,	5689	,10.5369,1999.9000,-0.2066,0.9803,595290.3125,27.3645,604499.3125,1999.9000,
	2026/03/30 15:45:17	,	392544	,	5690	,10.5369,1999.9000,-0.2012,0.4363,595621.0000,27.3609,604499.3125,1999.9000,
	2026/03/30 15:45:17	,	393544	,	5691	,10.5368,1999.9000,-0.2012,-0.0170,595621.0000,27.3487,604499.3125,1999.9000,
	2026/03/30 15:45:17	,	394544	,	5692	,10.5368,1999.9000,-0.2012,-0.3947,595621.0000,27.3386,604499.3125,1999.9000,
	2026/03/30 15:45:17	,	395544	,	5693	,10.5368,1999.9000,-0.2012,-0.7095,595621.0000,27.3301,604499.3125,1999.9000,
	2026/03/30 15:45:17	,	396544	,	5694	,10.5368,1999.9000,-0.2012,-0.8724,595621.0000,27.3231,604499.5000,1999.9000,
	2026/03/30 15:45:17	,	397544	,	5695	,10.5368,1999.9000,-0.2039,-0.7097,595440.4375,27.3172,604687.1250,1999.9000,
	2026/03/30 15:45:17	,	398544	,	5696	,10.5368,1999.9000,-0.2065,-0.3751,595342.7500,27.3139,604797.0625,1999.9000,
	2026/03/30 15:45:17	,	399544	,	5697	,10.5368,1999.9000,-0.2074,-0.0963,595325.1250,27.3110,604879.8125,1999.9000,
	2026/03/30 15:45:17	,	400544	,	5698	,10.5368,1999.9000,-0.2107,0.3349,595305.0000,27.3102,604916.3125,1999.9000,
	2026/03/30 15:45:17	,	401544	,	5699	,10.5368,1999.9000,-0.2174,0.6943,595055.0000,27.3111,605168.5000,1999.9000,
	2026/03/30 15:45:17	,	402544	,	5700	,10.5368,1999.9000,-0.2241,0.9938,594707.6250,27.3179,605282.6875,1999.9000,
	2026/03/30 15:45:17	,	403544	,	5701	,10.5368,1999.9000,-0.2241,1.1439,594707.6250,27.3266,605282.6875,1999.9000,
	2026/03/30 15:45:17	,	404544	,	5702	,10.5368,1999.9000,-0.2241,1.2690,594707.6250,27.3339,605282.6875,1999.9000,
	2026/03/30 15:45:17	,	405544	,	5703	,10.5368,1999.9000,-0.2241,1.3732,594707.6250,27.3430,605282.6875,1999.9000,
	2026/03/30 15:45:17	,	406544	,	5704	,10.5368,1999.9000,-0.2241,1.3606,594707.6250,27.3521,605282.6875,1999.9000,
	2026/03/30 15:45:17	,	407544	,	5705	,10.5368,1999.9000,-0.2211,0.7533,594815.5000,27.3598,605059.7500,1999.9000,
	2026/03/30 15:45:17	,	408544	,	5706	,10.5368,1999.9000,-0.2180,0.2471,594923.2500,27.3661,604937.1875,1999.9000,
	2026/03/30 15:45:17	,	409544	,	5707	,10.5368,1999.9000,-0.2157,-0.1746,594937.3125,27.3668,604839.9375,1999.9000,
	2026/03/30 15:45:17	,	410544	,	5708	,10.5368,1999.9000,-0.2130,-0.5261,594950.5625,27.3674,604752.3750,1999.9000,
	2026/03/30 15:45:17	,	411544	,	5709	,10.5368,1999.9000,-0.2062,-0.7195,595171.1875,27.3663,604572.9375,1999.9000,
	2026/03/30 15:45:17	,	412544	,	5710	,10.5368,1999.9000,-0.1986,-0.5823,595541.1250,27.3655,604436.4375,1999.9000,
	2026/03/30 15:45:17	,	413544	,	5711	,10.5368,1999.9000,-0.1986,-0.4679,595541.1250,27.3648,604436.4375,1999.9000,
	2026/03/30 15:45:17	,	414544	,	5712	,10.5368,1999.9000,-0.1986,-0.3726,595541.1250,27.3642,604436.4375,1999.9000,
	2026/03/30 15:45:17	,	415544	,	5713	,10.5368,1999.9000,-0.1986,-0.2932,595541.1250,27.3637,604436.4375,1999.9000,
	2026/03/30 15:45:17	,	416544	,	5714	,10.5368,1999.9000,-0.1986,-0.1276,595541.1250,27.3694,604436.4375,1999.9000,
	2026/03/30 15:45:17	,	417544	,	5715	,10.5368,1999.9000,-0.1989,-0.0890,595535.5000,27.3756,604659.3750,1999.9000,
	2026/03/30 15:45:17	,	418544	,	5716	,10.5368,1999.9000,-0.2041,-0.0568,595386.2500,27.3808,604780.1250,1999.9000,
	2026/03/30 15:45:17	,	419544	,	5717	,10.5368,1999.9000,-0.2080,-0.0301,595360.3750,27.3882,604817.5625,1999.9000,
	2026/03/30 15:45:17	,	420544	,	5718	,10.5368,1999.9000,-0.2117,-0.0077,595341.3750,27.3944,604934.7500,1999.9000,
	2026/03/30 15:45:17	,	421544	,	5719	,10.5368,1999.9000,-0.2183,0.0109,595162.1875,27.4026,605096.0000,1999.9000,
	2026/03/30 15:45:17	,	422544	,	5720	,10.5368,1999.9000,-0.2266,-0.0731,594814.2500,27.4064,605339.4375,1999.9000,
	2026/03/30 15:45:17	,	423544	,	5721	,10.5369,1999.9000,-0.2317,-0.1431,594784.1875,27.4095,605339.4375,1999.9000,
	2026/03/30 15:45:17	,	424544	,	5722	,10.5369,1999.9000,-0.2317,-0.2014,594774.1875,27.4121,605339.4375,1999.9000,
	2026/03/30 15:45:17	,	425544	,	5723	,10.5369,1999.9000,-0.2317,-0.2500,594769.1875,27.4112,605339.4375,1999.9000,
	2026/03/30 15:45:17	,	426544	,	5724	,10.5369,1999.9000,-0.2317,-0.2905,594766.1875,27.4075,605339.4375,1999.9000,
	2026/03/30 15:45:17	,	427544	,	5725	,10.5369,1999.9000,-0.2317,-0.1253,594764.1875,27.4043,605115.3750,1999.9000,
	2026/03/30 15:45:17	,	428544	,	5726	,10.5369,1999.9000,-0.2286,0.1119,594884.6250,27.4017,604966.1875,1999.9000,
	2026/03/30 15:45:17	,	429544	,	5727	,10.5369,1999.9000,-0.2257,0.3095,594908.3750,27.3980,604850.2500,1999.9000,
	2026/03/30 15:45:17	,	430544	,	5728	,10.5368,1999.9000,-0.2230,0.3747,594922.1250,27.3949,604751.1250,1999.9000,
	2026/03/30 15:45:17	,	431544	,	5729	,10.5368,1999.9000,-0.2175,0.4290,595062.1250,27.3923,604625.5000,1999.9000,
	2026/03/30 15:45:17	,	432544	,	5730	,10.5369,1999.9000,-0.2092,0.4743,595413.6875,27.3902,604362.8125,1999.9000,
	2026/03/30 15:45:17	,	433544	,	5731	,10.5369,1999.9000,-0.2027,0.5120,595561.3750,27.3899,604362.8125,1999.9000,
	2026/03/30 15:45:17	,	434544	,	5732	,10.5369,1999.9000,-0.2018,0.5435,595561.3750,27.3912,604362.8125,1999.9000,
	2026/03/30 15:45:17	,	435544	,	5733	,10.5369,1999.9000,-0.2014,0.6692,595561.3750,27.3923,604362.8125,1999.9000,
	2026/03/30 15:45:17	,	436544	,	5734	,10.5369,1999.9000,-0.2013,0.7739,595561.3750,27.3932,604362.8125,1999.9000,
	2026/03/30 15:45:17	,	437544	,	5735	,10.5368,1999.9000,-0.2012,0.8612,595561.3750,27.3940,604574.8125,1999.9000,
	2026/03/30 15:45:17	,	438544	,	5736	,10.5368,1999.9000,-0.2011,1.0334,595395.1875,27.4007,604725.1875,1999.9000,
	2026/03/30 15:45:17	,	439544	,	5737	,10.5368,1999.9000,-0.2014,1.2764,595363.0625,27.4002,604820.0625,1999.9000,
	2026/03/30 15:45:17	,	440544	,	5738	,10.5368,1999.9000,-0.2047,1.4788,595344.5625,27.3998,604902.1875,1999.9000,
	2026/03/30 15:45:17	,	441544	,	5739	,10.5368,1999.9000,-0.2081,1.6476,595243.2500,27.4056,605023.5625,1999.9000,
	2026/03/30 15:45:17	,	442544	,	5740	,10.5368,1999.9000,-0.2148,2.1861,594972.1250,27.4043,605311.6875,1999.9000,
	2026/03/30 15:45:17	,	443544	,	5741	,10.5368,1999.9000,-0.2157,2.6348,594682.0000,27.4032,605311.6875,1999.9000,
	2026/03/30 15:45:17	,	444544	,	5742	,10.5368,1999.9000,-0.2160,2.6109,594682.0000,27.4084,605311.6875,1999.9000,
	2026/03/30 15:45:17	,	445544	,	5743	,10.5368,1999.9000,-0.2162,2.5910,594682.0000,27.4143,605311.6875,1999.9000,
	2026/03/30 15:45:17	,	446544	,	5744	,10.5368,1999.9000,-0.2163,2.5744,594682.0000,27.4191,605311.6875,1999.9000,
	2026/03/30 15:45:17	,	447544	,	5745	,10.5368,1999.9000,-0.2164,2.4610,594682.0000,27.4232,605164.9375,1999.9000,
	2026/03/30 15:45:17	,	448544	,	5746	,10.5368,1999.9000,-0.2132,2.3666,594853.6250,27.4266,605000.5625,1999.9000,
	2026/03/30 15:45:17	,	449544	,	5747	,10.5367,1999.9000,-0.2110,1.5916,594937.0000,27.4294,604900.9375,1999.9000,
	2026/03/30 15:45:17	,	450544	,	5748	,10.5367,1999.9000,-0.2103,0.6473,594942.9375,27.4302,604815.7500,1999.9000,
	2026/03/30 15:45:17	,	451544	,	5749	,10.5367,1999.9000,-0.2076,-0.1396,594963.6250,27.4309,604719.1875,1999.9000,
	2026/03/30 15:45:17	,	452544	,	5750	,10.5367,1999.9000,-0.2018,-0.9943,595265.9375,27.4254,604468.5000,1999.9000,
	2026/03/30 15:45:17	,	453544	,	5751	,10.5367,1999.9000,-0.1988,-1.7065,595630.5000,27.4208,604468.5000,1999.9000,
	2026/03/30 15:45:17	,	454544	,	5752	,10.5367,1999.9000,-0.1988,-2.3995,595630.5000,27.4170,604468.5000,1999.9000,
	2026/03/30 15:45:17	,	455544	,	5753	,10.5367,1999.9000,-0.1988,-2.9770,595630.5000,27.4153,604468.5000,1999.9000,
	2026/03/30 15:45:17	,	456544	,	5754	,10.5368,1999.9000,-0.1988,-3.4583,595630.5000,27.4139,604468.5000,1999.9000,
	2026/03/30 15:45:17	,	457544	,	5755	,10.5368,1999.9000,-0.1988,-3.8593,595630.5000,27.4112,604475.7500,1999.9000,
	2026/03/30 15:45:17	,	458544	,	5756	,10.5368,1999.9000,-0.2025,-4.1935,595440.4375,27.4090,604694.3750,1999.9000,
	2026/03/30 15:45:17	,	459544	,	5757	,10.5369,1999.9000,-0.2025,-4.0741,595345.1250,27.4071,604792.1875,1999.9000,
	2026/03/30 15:45:17	,	460544	,	5758	,10.5369,1999.9000,-0.2054,-3.6762,595331.4375,27.4055,604877.3750,1999.9000,
	2026/03/30 15:45:17	,	461544	,	5759	,10.5369,1999.9000,-0.2078,-2.9467,595316.1250,27.4042,604966.8125,1999.9000,
	2026/03/30 15:45:17	,	462544	,	5760	,10.5369,1999.9000,-0.2110,-1.9409,595089.5000,27.4031,605202.3125,1999.9000,
	2026/03/30 15:45:17	,	463544	,	5761	,10.5369,1999.9000,-0.2182,-1.1028,594717.7500,27.4022,605213.5000,1999.9000,
	2026/03/30 15:45:17	,	464544	,	5762	,10.5369,1999.9000,-0.2251,-0.4043,594717.7500,27.4015,605217.2500,1999.9000,
	2026/03/30 15:45:17	,	465544	,	5763	,10.5369,1999.9000,-0.2251,-0.2201,594717.7500,27.3963,605219.0625,1999.9000,
	2026/03/30 15:45:17	,	466544	,	5764	,10.5369,1999.9000,-0.2251,-0.0666,594717.7500,27.3919,605220.1875,1999.9000,
	2026/03/30 15:45:17	,	467544	,	5765	,10.5369,1999.9000,-0.2251,-0.0382,594717.7500,27.3883,605221.0000,1999.9000,
	2026/03/30 15:45:17	,	468544	,	5766	,10.5369,1999.9000,-0.2251,-0.0145,594730.4375,27.3853,605021.1250,1999.9000,
	2026/03/30 15:45:17	,	469544	,	5767	,10.5368,1999.9000,-0.2249,-0.1938,594901.2500,27.3853,604903.3750,1999.9000,
	2026/03/30 15:45:17	,	470544	,	5768	,10.5368,1999.9000,-0.2200,-0.3431,594920.5625,27.3889,604807.3125,1999.9000,
	2026/03/30 15:45:17	,	471544	,	5769	,10.5368,1999.9000,-0.2165,-0.4675,594938.1875,27.3919,604725.1875,1999.9000,
	2026/03/30 15:45:17	,	472544	,	5770	,10.5368,1999.9000,-0.2126,-0.5713,595146.7500,27.3881,604524.0000,1999.9000,
	2026/03/30 15:45:17	,	473544	,	5771	,10.5368,1999.9000,-0.2051,-0.4587,595525.0625,27.3912,604498.0625,1999.9000,
	2026/03/30 15:45:17	,	474544	,	5772	,10.5368,1999.9000,-0.1972,-0.3650,595525.0625,27.3912,604489.3750,1999.9000,
	2026/03/30 15:45:17	,	475544	,	5773	,10.5368,1999.9000,-0.1918,-0.2868,595525.0625,27.3938,604485.0625,1999.9000,
	2026/03/30 15:45:17	,	476544	,	5774	,10.5368,1999.9000,-0.1918,-0.2217,595525.0625,27.3914,604482.4375,1999.9000,
	2026/03/30 15:45:17	,	477544	,	5775	,10.5368,1999.9000,-0.1918,-0.1674,595525.0625,27.3894,604480.8125,1999.9000,
	2026/03/30 15:45:17	,	478544	,	5776	,10.5368,1999.9000,-0.1918,-0.1222,595519.2500,27.3939,604666.5625,1999.9000,
	2026/03/30 15:45:17	,	479544	,	5777	,10.5368,1999.9000,-0.1918,0.0149,595360.0625,27.3930,604765.0625,1999.9000,
	2026/03/30 15:45:17	,	480544	,	5778	,10.5368,1999.9000,-0.1921,0.4277,595334.7500,27.3922,604805.1875,1999.9000,
	2026/03/30 15:45:17	,	481544	,	5779	,10.5368,1999.9000,-0.1964,0.7716,595322.1250,27.3916,604923.2500,1999.9000,
	2026/03/30 15:45:17	,	482544	,	5780	,10.5368,1999.9000,-0.1998,1.0582,595182.4375,27.3865,605107.5000,1999.9000,
	2026/03/30 15:45:17	,	483544	,	5781	,10.5368,1999.9000,-0.2065,1.0981,594856.0000,27.3792,605291.1250,1999.9000,
	2026/03/30 15:45:17	,	484544	,	5782	,10.5368,1999.9000,-0.2147,1.1313,594748.7500,27.3762,605291.1250,1999.9000,
	2026/03/30 15:45:17	,	485544	,	5783	,10.5368,1999.9000,-0.2178,1.1590,594748.7500,27.3768,605291.1250,1999.9000,
	2026/03/30 15:45:17	,	486544	,	5784	,10.5368,1999.9000,-0.2178,1.0827,594748.7500,27.3742,605291.1250,1999.9000,
	2026/03/30 15:45:17	,	487544	,	5785	,10.5369,1999.9000,-0.2178,0.9195,594748.7500,27.3720,605291.1250,1999.9000,
	2026/03/30 15:45:17	,	488544	,	5786	,10.5369,1999.9000,-0.2178,0.5846,594748.7500,27.3702,605088.1875,1999.9000,
	2026/03/30 15:45:17	,	489544	,	5787	,10.5369,1999.9000,-0.2178,0.0071,594896.5000,27.3687,604960.7500,1999.9000,
	2026/03/30 15:45:17	,	490544	,	5788	,10.5369,1999.9000,-0.2135,-0.4741,594921.1875,27.3674,604867.7500,1999.9000,
	2026/03/30 15:45:17	,	491544	,	5789	,10.5369,1999.9000,-0.2096,-0.4741,594934.0000,27.3664,604827.8125,1999.9000,
	2026/03/30 15:45:17	,	492544	,	5790	,10.5369,1999.9000,-0.2064,-0.8751,595049.0000,27.3655,604626.6875,1999.9000,
	2026/03/30 15:45:17	,	493544	,	5791	,10.5370,1999.9000,-0.2006,-1.2093,595361.1875,27.3648,604372.4375,1999.9000,
	2026/03/30 15:45:17	,	494544	,	5792	,10.5370,1999.9000,-0.1925,-1.4878,595564.3750,27.3611,604372.4375,1999.9000,
	2026/03/30 15:45:17	,	495544	,	5793	,10.5370,1999.9000,-0.1892,-1.6205,595564.3750,27.3581,604372.4375,1999.9000,
	2026/03/30 15:45:17	,	496544	,	5794	,10.5370,1999.9000,-0.1892,-1.7310,595564.3750,27.3555,604372.4375,1999.9000,
	2026/03/30 15:45:17	,	497544	,	5795	,10.5370,1999.9000,-0.1892,-1.7236,595564.3750,27.3534,604372.4375,1999.9000,
	2026/03/30 15:45:17	,	498544	,	5796	,10.5370,1999.9000,-0.1892,-1.5185,595564.3750,27.3517,604604.3750,1999.9000,
	2026/03/30 15:45:17	,	499544	,	5797	,10.5370,1999.9000,-0.1892,-1.2481,595398.1875,27.3532,604746.3125,1999.9000,
	2026/03/30 15:45:17	,	500544	,	5798	,10.5370,1999.9000,-0.1931,-1.0228,595364.8125,27.3576,604746.3125,1999.9000,
	2026/03/30 15:45:17	,	501544	,	5799	,10.5370,1999.9000,-0.1964,-0.8350,595364.8125,27.3612,604829.6875,1999.9000,
	2026/03/30 15:45:17	,	502544	,	5800	,10.5369,1999.9000,-0.1990,-0.5790,595259.9375,27.3612,604865.6250,1999.9000,
	2026/03/30 15:45:17	,	503544	,	5801	,10.5369,1999.9000,-0.2037,-0.3657,595006.7500,27.3612,605035.0000,1999.9000,
	2026/03/30 15:45:17	,	504544	,	5802	,10.5369,1999.9000,-0.2119,0.0110,594666.5000,27.3612,605341.2500,1999.9000,
	2026/03/30 15:45:17	,	505544	,	5803	,10.5369,1999.9000,-0.2183,0.5238,594666.5000,27.3612,605341.2500,1999.9000,
	2026/03/30 15:45:17	,	506544	,	5804	,10.5369,1999.9000,-0.2184,0.9512,594666.5000,27.3612,605341.2500,1999.9000,
	2026/03/30 15:45:17	,	507544	,	5805	,10.5369,1999.9000,-0.2184,1.3073,594666.5000,27.3612,605341.2500,1999.9000,
	2026/03/30 15:45:17	,	508544	,	5806	,10.5369,1999.9000,-0.2184,1.0073,594666.5000,27.3612,605341.2500,1999.9000,
	2026/03/30 15:45:17	,	509544	,	5807	,10.5369,1999.9000,-0.2184,1.3541,594844.0625,27.3596,605152.8125,1999.9000,
	2026/03/30 15:45:17	,	510544	,	5808	,10.5369,1999.9000,-0.2184,1.5436,594883.1250,27.3599,604986.1250,1999.9000,
	2026/03/30 15:45:17	,	511544	,	5809	,10.5369,1999.9000,-0.2181,1.2042,594904.2500,27.3632,604874.3125,1999.9000,
	2026/03/30 15:45:17	,	512544	,	5810	,10.5369,1999.9000,-0.2156,0.9213,594996.6250,27.3659,604785.0000,1999.9000,
	2026/03/30 15:45:17	,	513544	,	5811	,10.5369,1999.9000,-0.2125,0.6856,595233.6875,27.3696,604681.0625,1999.9000,
	2026/03/30 15:45:17	,	514544	,	5812	,10.5369,1999.9000,-0.2054,0.4892,595597.7500,27.3728,604419.5625,1999.9000,
	2026/03/30 15:45:17	,	515544	,	5813	,10.5369,1999.9000,-0.2001,0.3255,595597.7500,27.3739,604419.5625,1999.9000,
	2026/03/30 15:45:17	,	516544	,	5814	,10.5369,1999.9000,-0.2001,0.1891,595597.7500,27.3749,604419.5625,1999.9000,
	2026/03/30 15:45:17	,	517544	,	5815	,10.5369,1999.9000,-0.2001,0.0754,595597.7500,27.3695,604419.5625,1999.9000,
	2026/03/30 15:45:17	,	518544	,	5816	,10.5369,1999.9000,-0.2001,-0.0193,595597.7500,27.3696,604419.5625,1999.9000,
	2026/03/30 15:45:17	,	519544	,	5817	,10.5369,1999.9000,-0.2001,-0.0983,595454.7500,27.3697,604561.5000,1999.9000,
	2026/03/30 15:45:17	,	520544	,	5818	,10.5369,1999.9000,-0.2024,-0.1640,595343.3125,27.3698,604725.7500,1999.9000,
	2026/03/30 15:45:17	,	521544	,	5819	,10.5369,1999.9000,-0.2053,-0.2189,595326.3750,27.3699,604810.9375,1999.9000,
	2026/03/30 15:45:17	,	522544	,	5820	,10.5369,1999.9000,-0.2082,-0.2646,595310.7500,27.3654,604848.1250,1999.9000,
	2026/03/30 15:45:17	,	523544	,	5821	,10.5369,1999.9000,-0.2121,-0.3026,595119.3125,27.3601,604977.6250,1999.9000,
	2026/03/30 15:45:17	,	524544	,	5822	,10.5369,1999.9000,-0.2196,-0.1354,594767.1875,27.3618,605234.3750,1999.9000,
	2026/03/30 15:45:17	,	525544	,	5823	,10.5369,1999.9000,-0.2261,0.0040,594767.1875,27.3647,605234.3750,1999.9000,
	2026/03/30 15:45:17	,	526544	,	5824	,10.5369,1999.9000,-0.2261,0.1201,594767.1875,27.3672,605234.3750,1999.9000,
	2026/03/30 15:45:17	,	527544	,	5825	,10.5369,1999.9000,-0.2261,0.2169,594767.1875,27.3692,605234.3750,1999.9000,
	2026/03/30 15:45:17	,	528544	,	5826	,10.5369,1999.9000,-0.2261,0.2975,594767.1875,27.3663,605234.3750,1999.9000,
	2026/03/30 15:45:17	,	529544	,	5827	,10.5369,1999.9000,-0.2261,0.3647,594770.2500,27.3639,605230.7500,1999.9000,
	2026/03/30 15:45:17	,	530544	,	5828	,10.5369,1999.9000,-0.2213,0.4207,594898.8750,27.3604,605015.1250,1999.9000,
	2026/03/30 15:45:17	,	531544	,	5829	,10.5369,1999.9000,-0.2170,0.4674,594915.8125,27.3590,604886.4375,1999.9000,
	2026/03/30 15:45:17	,	532544	,	5830	,10.5369,1999.9000,-0.2135,0.5063,594929.0625,27.3578,604801.3125,1999.9000,
	2026/03/30 15:45:17	,	533544	,	5831	,10.5369,1999.9000,-0.2099,0.5387,595113.9375,27.3568,604718.5625,1999.9000,
	2026/03/30 15:45:17	,	534544	,	5832	,10.5369,1999.9000,-0.2027,0.5657,595478.0000,27.3560,604504.1250,1999.9000,
	2026/03/30 15:45:17	,	535544	,	5833	,10.5369,1999.9000,-0.1952,0.4887,595489.3125,27.3538,604488.6875,1999.9000,
	2026/03/30 15:45:17	,	536544	,	5834	,10.5369,1999.9000,-0.1930,0.2256,595493.1250,27.3535,604483.5625,1999.9000,
	2026/03/30 15:45:17	,	537544	,	5835	,10.5369,1999.9000,-0.1930,0.0064,595495.0000,27.3532,604481.0000,1999.9000,
	2026/03/30 15:45:17	,	538544	,	5836	,10.5369,1999.9000,-0.1930,-0.1763,595496.1875,27.3530,604479.4375,1999.9000,
	2026/03/30 15:45:17	,	539544	,	5837	,10.5368,1999.9000,-0.1930,-0.6270,595496.9375,27.3559,604478.3750,1999.9000,
	2026/03/30 15:45:17	,	540544	,	5838	,10.5369,1999.9000,-0.1930,-1.0025,595383.8750,27.3598,604673.1875,1999.9000,
	2026/03/30 15:45:17	,	541544	,	5839	,10.5369,1999.9000,-0.1971,-1.3155,595360.9375,27.3646,604777.7500,1999.9000,
	2026/03/30 15:45:17	,	542544	,	5840	,10.5369,1999.9000,-0.2008,-1.5763,595345.3125,27.3686,604814.6250,1999.9000,
	2026/03/30 15:45:17	,	543544	,	5841	,10.5369,1999.9000,-0.2041,-1.7937,595225.3750,27.3719,604925.1250,1999.9000,
	2026/03/30 15:45:17	,	544544	,	5842	,10.5369,1999.9000,-0.2103,-1.4774,594908.3750,27.3747,605141.9375,1999.9000,
	2026/03/30 15:45:17	,	545544	,	5843	,10.5369,1999.9000,-0.2173,-1.1144,594701.6875,27.3877,605266.3750,1999.9000,
	2026/03/30 15:45:17	,	546544	,	5844	,10.5369,1999.9000,-0.2173,-0.7124,594701.6875,27.3985,605266.3750,1999.9000,
	2026/03/30 15:45:17	,	547544	,	5845	,10.5369,1999.9000,-0.2173,-0.3774,594701.6875,27.3969,605266.3750,1999.9000,
	2026/03/30 15:45:17	,	548544	,	5846	,10.5369,1999.9000,-0.2173,-0.0982,594701.6875,27.3955,605266.3750,1999.9000,
	2026/03/30 15:45:17	,	549544	,	5847	,10.5369,1999.9000,-0.2173,0.1344,594701.6875,27.3913,605266.3750,1999.9000,
	2026/03/30 15:45:17	,	550544	,	5848	,10.5368,1999.9000,-0.2171,0.3283,594860.1250,27.3878,605048.9375,1999.9000,
	2026/03/30 15:45:17	,	551544	,	5849	,10.5368,1999.9000,-0.2127,0.4898,594897.0625,27.3864,604920.3125,1999.9000,
	2026/03/30 15:45:17	,	552544	,	5850	,10.5368,1999.9000,-0.2095,0.6244,594917.3750,27.3852,604824.8750,1999.9000,
	2026/03/30 15:45:17	,	553544	,	5851	,10.5367,1999.9000,-0.2072,0.4382,595032.9375,27.3843,604741.5000,1999.9000,
	2026/03/30 15:45:17	,	554544	,	5852	,10.5367,1999.9000,-0.2028,0.1835,595336.1875,27.3835,604576.6250,1999.9000,
	2026/03/30 15:45:17	,	555544	,	5853	,10.5367,1999.9000,-0.1976,-0.0287,595603.7500,27.3828,604404.5000,1999.9000,
	2026/03/30 15:45:17	,	556544	,	5854	,10.5367,1999.9000,-0.1976,-0.2055,595603.7500,27.3822,604404.5000,1999.9000,
	2026/03/30 15:45:17	,	557544	,	5855	,10.5367,1999.9000,-0.1976,-0.3529,595603.7500,27.3787,604404.5000,1999.9000,
	2026/03/30 15:45:17	,	558544	,	5856	,10.5366,1999.9000,-0.1976,-0.3763,595603.7500,27.3742,604404.5000,1999.9000,
	2026/03/30 15:45:17	,	559544	,	5857	,10.5366,1999.9000,-0.1976,-0.3957,595603.7500,27.3705,604404.5000,1999.9000,
	2026/03/30 15:45:17	,	560544	,	5858	,10.5366,1999.9000,-0.2027,-0.2130,595426.1875,27.3674,604623.1250,1999.9000,
	2026/03/30 15:45:17	,	561544	,	5859	,10.5366,1999.9000,-0.2072,-0.0607,595340.3750,27.3648,604757.8125,1999.9000,
	2026/03/30 15:45:17	,	562544	,	5860	,10.5366,1999.9000,-0.2108,0.0662,595327.3125,27.3627,604861.6875,1999.9000,
	2026/03/30 15:45:17	,	563544	,	5861	,10.5366,1999.9000,-0.2138,0.2714,595304.6250,27.3609,604894.2500,1999.9000,
	2026/03/30 15:45:17	,	564544	,	5862	,10.5366,1999.9000,-0.2187,0.6414,595304.6250,27.3625,605071.8750,1999.9000,
	2026/03/30 15:45:17	,	565544	,	5863	,10.5366,1999.9000,-0.2268,0.9497,595000.7500,27.3760,605366.0625,1999.9000,
	2026/03/30 15:45:17	,	566544	,	5864	,10.5366,1999.9000,-0.2328,1.0077,594645.0625,27.3872,605366.0625,1999.9000,
	2026/03/30 15:45:17	,	567544	,	5865	,10.5366,1999.9000,-0.2328,1.0560,594645.0625,27.3966,605366.0625,1999.9000,
	2026/03/30 15:45:17	,	568544	,	5866	,10.5366,1999.9000,-0.2328,1.0963,594645.0625,27.4090,605366.0625,1999.9000,
	2026/03/30 15:45:17	,	569544	,	5867	,10.5366,1999.9000,-0.2328,1.1298,594645.0625,27.4194,605366.0625,1999.9000,
	2026/03/30 15:45:17	,	570544	,	5868	,10.5366,1999.9000,-0.2328,1.3567,594645.0625,27.4234,605123.8125,1999.9000,
	2026/03/30 15:45:17	,	571544	,	5869	,10.5366,1999.9000,-0.2327,1.5458,594820.8125,27.4237,604962.5625,1999.9000,
	2026/03/30 15:45:17	,	572544	,	5870	,10.5366,1999.9000,-0.2301,1.7034,594901.8750,27.4209,604867.1250,1999.9000,
	2026/03/30 15:45:17	,	573544	,	5871	,10.5366,1999.9000,-0.2294,1.8347,594919.7500,27.4155,604827.5625,1999.9000,
	2026/03/30 15:45:17	,	574544	,	5872	,10.5366,1999.9000,-0.2256,1.9441,594940.0000,27.4095,604668.3750,1999.9000,
	2026/03/30 15:45:17	,	575544	,	5873	,10.5367,1999.9000,-0.2189,2.5327,595198.5625,27.4045,604399.0000,1999.9000,
	2026/03/30 15:45:17	,	576544	,	5874	,10.5367,1999.9000,-0.2134,3.0231,595579.8750,27.4034,604399.0000,1999.9000,
	2026/03/30 15:45:17	,	577544	,	5875	,10.5367,1999.9000,-0.2098,3.4319,595579.8750,27.4024,604399.0000,1999.9000,
	2026/03/30 15:45:17	,	578544	,	5876	,10.5368,1999.9000,-0.2098,3.6730,595579.8750,27.3986,604399.0000,1999.9000,
	2026/03/30 15:45:17	,	579544	,	5877	,10.5368,1999.9000,-0.2098,3.8739,595579.8750,27.3923,604399.0000,1999.9000,
	2026/03/30 15:45:17	,	580544	,	5878	,10.5368,1999.9000,-0.2098,3.7430,595579.8750,27.3871,604554.2500,1999.9000,
	2026/03/30 15:45:17	,	581544	,	5879	,10.5368,1999.9000,-0.2098,3.6338,595478.0000,27.3813,604716.1250,1999.9000,
	2026/03/30 15:45:17	,	582544	,	5880	,10.5369,1999.9000,-0.2101,3.5429,595357.6875,27.3779,604804.3125,1999.9000,
	2026/03/30 15:45:17	,	583544	,	5881	,10.5369,1999.9000,-0.2104,3.4671,595334.1250,27.3767,604844.5000,1999.9000,
	2026/03/30 15:45:17	,	584544	,	5882	,10.5369,1999.9000,-0.2132,3.4039,595318.3125,27.3741,605001.1875,1999.9000,
	2026/03/30 15:45:17	,	585544	,	5883	,10.5369,1999.9000,-0.2180,3.3513,595141.3750,27.3704,605286.3125,1999.9000,
	2026/03/30 15:45:17	,	586544	,	5884	,10.5369,1999.9000,-0.2180,3.3074,594786.8750,27.3673,605286.3125,1999.9000,
	2026/03/30 15:45:17	,	587544	,	5885	,10.5369,1999.9000,-0.2180,2.8730,594786.8750,27.3647,605286.3125,1999.9000,
	2026/03/30 15:45:17	,	588544	,	5886	,10.5369,1999.9000,-0.2180,2.7099,594782.6875,27.3656,605286.3125,1999.9000,
	2026/03/30 15:45:17	,	589544	,	5887	,10.5369,1999.9000,-0.2180,2.3750,594780.6250,27.3680,605286.3125,1999.9000,
	2026/03/30 15:45:17	,	590544	,	5888	,10.5369,1999.9000,-0.2179,2.0960,594779.4375,27.3729,605180.6250,1999.9000,
	2026/03/30 15:45:17	,	591544	,	5889	,10.5369,1999.9000,-0.2120,1.8634,594778.5625,27.3771,605000.0000,1999.9000,
	2026/03/30 15:45:17	,	592544	,	5890	,10.5369,1999.9000,-0.2079,1.6696,594904.2500,27.3805,604900.3125,1999.9000,
	2026/03/30 15:45:17	,	593544	,	5891	,10.5369,1999.9000,-0.2045,1.3092,594919.7500,27.3834,604807.9375,1999.9000,
	2026/03/30 15:45:17	,	594544	,	5892	,10.5368,1999.9000,-0.2009,1.0088,594931.2500,27.3858,604708.8750,1999.9000,
	2026/03/30 15:45:17	,	595544	,	5893	,10.5369,1999.9000,-0.1940,0.7585,595090.1250,27.3858,604479.3750,1999.9000,
	2026/03/30 15:45:17	,	596544	,	5894	,10.5369,1999.9000,-0.1873,0.7489,595438.6875,27.3832,604479.3750,1999.9000,
	2026/03/30 15:45:17	,	597544	,	5895	,10.5369,1999.9000,-0.1864,0.7409,595531.6250,27.3811,604479.3750,1999.9000,
	2026/03/30 15:45:17	,	598544	,	5896	,10.5369,1999.9000,-0.1861,0.7342,595531.6250,27.3747,604479.3750,1999.9000,
	2026/03/30 15:45:17	,	599544	,	5897	,10.5369,1999.9000,-0.1859,0.7286,595531.6250,27.3663,604479.3750,1999.9000,
	2026/03/30 15:45:17	,	600544	,	5898	,10.5369,1999.9000,-0.1858,1.0224,595531.6250,27.3593,604479.3750,1999.9000,
	2026/03/30 15:45:17	,	601544	,	5899	,10.5369,1999.9000,-0.1857,1.2672,595531.6250,27.3535,604675.0625,1999.9000,
	2026/03/30 15:45:17	,	602544	,	5900	,10.5369,1999.9000,-0.1880,1.8691,595378.5000,27.3487,604776.5000,1999.9000,
	2026/03/30 15:45:17	,	603544	,	5901	,10.5369,1999.9000,-0.1890,2.4702,595349.8750,27.3493,604814.0000,1999.9000,
	2026/03/30 15:45:17	,	604544	,	5902	,10.5369,1999.9000,-0.1923,3.0705,595337.3750,27.3497,604945.0625,1999.9000,
	2026/03/30 15:45:17	,	605544	,	5903	,10.5369,1999.9000,-0.1980,3.5708,595242.0625,27.3653,605180.6250,1999.9000,
	2026/03/30 15:45:17	,	606544	,	5904	,10.5369,1999.9000,-0.2049,3.9877,594940.0000,27.3814,605220.4375,1999.9000,
	2026/03/30 15:45:17	,	607544	,	5905	,10.5369,1999.9000,-0.2099,4.3352,594714.7500,27.3948,605233.7500,1999.9000,
	2026/03/30 15:45:17	,	608544	,	5906	,10.5369,1999.9000,-0.2102,4.1273,594714.7500,27.4060,605240.4375,1999.9000,
	2026/03/30 15:45:17	,	609544	,	5907	,10.5369,1999.9000,-0.2103,3.8546,594714.7500,27.4153,605244.4375,1999.9000,
	2026/03/30 15:45:17	,	610544	,	5908	,10.5369,1999.9000,-0.2104,3.6274,594714.7500,27.4231,605247.1250,1999.9000,
	2026/03/30 15:45:17	,	611544	,	5909	,10.5369,1999.9000,-0.2104,3.2391,594714.7500,27.4250,605044.1250,1999.9000,
	2026/03/30 15:45:17	,	612544	,	5910	,10.5368,1999.9000,-0.2104,2.9155,594875.6250,27.4250,604915.4375,1999.9000,
	2026/03/30 15:45:17	,	613544	,	5911	,10.5368,1999.9000,-0.2103,2.6459,594905.1250,27.4250,604827.8125,1999.9000,
	2026/03/30 15:45:17	,	614544	,	5912	,10.5368,1999.9000,-0.2100,2.4211,594922.1250,27.4220,604793.0625,1999.9000,
	2026/03/30 15:45:17	,	615544	,	5913	,10.5368,1999.9000,-0.2047,2.1344,595015.6250,27.4195,604576.0000,1999.9000,
	2026/03/30 15:45:17	,	616544	,	5914	,10.5367,1999.9000,-0.1986,1.5970,595291.5625,27.4158,604454.5625,1999.9000,
	2026/03/30 15:45:17	,	617544	,	5915	,10.5367,1999.9000,-0.1978,1.1492,595616.8750,27.4113,604454.5625,1999.9000,
	2026/03/30 15:45:17	,	618544	,	5916	,10.5367,1999.9000,-0.1975,0.7761,595616.8750,27.3999,604454.5625,1999.9000,
	2026/03/30 15:45:17	,	619544	,	5917	,10.5367,1999.9000,-0.1974,0.7635,595616.8750,27.3904,604454.5625,1999.9000,
	2026/03/30 15:45:17	,	620544	,	5918	,10.5367,1999.9000,-0.1973,0.7530,595616.8750,27.3824,604454.5625,1999.9000,
	2026/03/30 15:45:17	,	621544	,	5919	,10.5367,1999.9000,-0.1973,0.7443,595616.8750,27.3835,604645.4375,1999.9000,
	2026/03/30 15:45:17	,	622544	,	5920	,10.5367,1999.9000,-0.2003,0.7370,595430.9375,27.3858,604753.0000,1999.9000,
	2026/03/30 15:45:17	,	623544	,	5921	,10.5367,1999.9000,-0.2032,0.7310,595327.8125,27.3878,604841.7500,1999.9000,
	2026/03/30 15:45:17	,	624544	,	5922	,10.5367,1999.9000,-0.2054,0.7259,595320.3750,27.3895,604923.8750,1999.9000,
	2026/03/30 15:45:17	,	625544	,	5923	,10.5367,1999.9000,-0.2093,0.7217,595311.3750,27.3939,605093.0625,1999.9000,
	2026/03/30 15:45:17	,	626544	,	5924	,10.5367,1999.9000,-0.2156,0.8177,595082.3750,27.3991,605315.8750,1999.9000,
	2026/03/30 15:45:17	,	627544	,	5925	,10.5367,1999.9000,-0.2156,1.0966,594721.3125,27.4035,605315.8750,1999.9000,
	2026/03/30 15:45:17	,	628544	,	5926	,10.5367,1999.9000,-0.2156,1.1301,594721.3125,27.4071,605315.8750,1999.9000,
	2026/03/30 15:45:17	,	629544	,	5927	,10.5367,1999.9000,-0.2156,1.0586,594721.3125,27.4101,605315.8750,1999.9000,
	2026/03/30 15:45:17	,	630544	,	5928	,10.5367,1999.9000,-0.2156,1.0984,594721.3125,27.4127,605315.8750,1999.9000,
	2026/03/30 15:45:17	,	631544	,	5929	,10.5367,1999.9000,-0.2154,1.1316,594721.3125,27.4132,605091.1875,1999.9000,
	2026/03/30 15:45:17	,	632544	,	5930	,10.5367,1999.9000,-0.2113,1.0598,594829.7500,27.4137,604944.4375,1999.9000,
	2026/03/30 15:45:17	,	633544	,	5931	,10.5367,1999.9000,-0.2087,1.0994,594923.2500,27.4110,604832.6875,1999.9000,
	2026/03/30 15:45:17	,	634544	,	5932	,10.5368,1999.9000,-0.2079,1.2319,594936.3750,27.4088,604751.1250,1999.9000,
	2026/03/30 15:45:17	,	635544	,	5933	,10.5368,1999.9000,-0.2040,1.3423,594948.3750,27.4008,604617.6875,1999.9000,
	2026/03/30 15:45:17	,	636544	,	5934	,10.5368,1999.9000,-0.2040,1.4343,595160.4375,27.3896,604350.7500,1999.9000,
	2026/03/30 15:45:17	,	637544	,	5935	,10.5368,1999.9000,-0.1977,1.6105,595532.8125,27.3803,604350.7500,1999.9000,
	2026/03/30 15:45:17	,	638544	,	5936	,10.5368,1999.9000,-0.1940,1.7573,595532.8125,27.3649,604350.7500,1999.9000,
	2026/03/30 15:45:17	,	639544	,	5937	,10.5368,1999.9000,-0.1940,1.7801,595532.8125,27.3521,604350.7500,1999.9000,
	2026/03/30 15:45:17	,	640544	,	5938	,10.5368,1999.9000,-0.1940,1.7992,595532.8125,27.3414,604350.7500,1999.9000,
	2026/03/30 15:45:17	,	641544	,	5939	,10.5368,1999.9000,-0.1940,1.8151,595532.8125,27.3325,604576.0000,1999.9000,
	2026/03/30 15:45:17	,	642544	,	5940	,10.5369,1999.9000,-0.1940,1.6293,595525.1875,27.3251,604713.7500,1999.9000,
	2026/03/30 15:45:17	,	643544	,	5941	,10.5369,1999.9000,-0.1973,1.4746,595365.3750,27.3204,604796.5000,1999.9000,
	2026/03/30 15:45:17	,	644544	,	5942	,10.5369,1999.9000,-0.2004,1.3456,595338.5625,27.3256,604835.1250,1999.9000,
	2026/03/30 15:45:17	,	645544	,	5943	,10.5369,1999.9000,-0.2029,1.1386,595320.0625,27.3300,604999.3750,1999.9000,
	2026/03/30 15:45:17	,	646544	,	5944	,10.5369,1999.9000,-0.2063,0.8667,595157.4375,27.3337,605298.3750,1999.9000,
	2026/03/30 15:45:17	,	647544	,	5945	,10.5369,1999.9000,-0.2134,0.6401,594823.1875,27.3367,605298.3750,1999.9000,
	2026/03/30 15:45:17	,	648544	,	5946	,10.5369,1999.9000,-0.2194,0.5507,594792.2500,27.3423,605298.3750,1999.9000,
	2026/03/30 15:45:17	,	649544	,	5947	,10.5369,1999.9000,-0.2202,0.4762,594781.9375,27.3439,605298.3750,1999.9000,
	2026/03/30 15:45:17	,	650544	,	5948	,10.5369,1999.9000,-0.2205,0.3147,594776.7500,27.3453,605298.3750,1999.9000,
	2026/03/30 15:45:17	,	651544	,	5949	,10.5369,1999.9000,-0.2206,0.5780,594773.6250,27.3494,605158.8750,1999.9000,
	2026/03/30 15:45:17	,	652544	,	5950	,10.5369,1999.9000,-0.2207,0.7974,594771.5625,27.3499,604978.2500,1999.9000,
	2026/03/30 15:45:17	,	653544	,	5951	,10.5369,1999.9000,-0.2208,0.4829,594902.5000,27.3502,604978.2500,1999.9000,
	2026/03/30 15:45:17	,	654544	,	5952	,10.5369,1999.9000,-0.2186,0.2208,594921.1875,27.3490,604858.6250,1999.9000,
	2026/03/30 15:45:17	,	655544	,	5953	,10.5368,1999.9000,-0.2176,0.0023,594931.2500,27.3479,604769.2500,1999.9000,
	2026/03/30 15:45:17	,	656544	,	5954	,10.5368,1999.9000,-0.2139,0.1187,595052.6250,27.3517,604672.0625,1999.9000,
	2026/03/30 15:45:17	,	657544	,	5955	,10.5368,1999.9000,-0.2073,0.0168,595385.6875,27.3548,604421.3750,1999.9000,
	2026/03/30 15:45:17	,	658544	,	5956	,10.5368,1999.9000,-0.2009,-0.0682,595557.2500,27.3573,604421.3750,1999.9000,
	2026/03/30 15:45:17	,	659544	,	5957	,10.5368,1999.9000,-0.1981,0.0600,595557.2500,27.3595,604421.3750,1999.9000,
	2026/03/30 15:45:17	,	660544	,	5958	,10.5368,1999.9000,-0.1981,0.1668,595557.2500,27.3567,604421.3750,1999.9000,
	2026/03/30 15:45:17	,	661544	,	5959	,10.5368,1999.9000,-0.1981,0.2558,595557.2500,27.3590,604421.3750,1999.9000,
	2026/03/30 15:45:17	,	662544	,	5960	,10.5368,1999.9000,-0.1981,0.3299,595557.2500,27.3654,604523.5000,1999.9000,
	2026/03/30 15:45:17	,	663544	,	5961	,10.5368,1999.9000,-0.1981,0.4912,595396.3750,27.3708,604701.0625,1999.9000,
	2026/03/30 15:45:17	,	664544	,	5962	,10.5368,1999.9000,-0.2007,0.8245,595357.3125,27.3753,604799.4375,1999.9000,
	2026/03/30 15:45:17	,	665544	,	5963	,10.5369,1999.9000,-0.2029,1.1023,595336.5625,27.3790,604882.1875,1999.9000,
	2026/03/30 15:45:17	,	666544	,	5964	,10.5369,1999.9000,-0.2039,1.3338,595232.5625,27.3821,604971.6250,1999.9000,
	2026/03/30 15:45:17	,	667544	,	5965	,10.5369,1999.9000,-0.2104,1.5267,594951.2500,27.3832,605217.4375,1999.9000,
	2026/03/30 15:45:17	,	668544	,	5966	,10.5369,1999.9000,-0.2165,1.6875,594691.5625,27.3841,605218.9375,1999.9000,
	2026/03/30 15:45:17	,	669544	,	5967	,10.5369,1999.9000,-0.2165,1.8214,594691.5625,27.3864,605219.4375,1999.9000,
	2026/03/30 15:45:17	,	670544	,	5968	,10.5369,1999.9000,-0.2165,1.9331,594691.5625,27.3868,605219.6875,1999.9000,
	2026/03/30 15:45:17	,	671544	,	5969	,10.5368,1999.9000,-0.2165,1.7277,594691.5625,27.3871,605219.8125,1999.9000,
	2026/03/30 15:45:17	,	672544	,	5970	,10.5368,1999.9000,-0.2165,1.5565,594691.5625,27.3873,605219.8750,1999.9000,
	2026/03/30 15:45:17	,	673544	,	5971	,10.5368,1999.9000,-0.2162,1.2149,594859.5000,27.3875,605024.1250,1999.9000,
	2026/03/30 15:45:17	,	674544	,	5972	,10.5368,1999.9000,-0.2117,0.8308,594897.4375,27.3877,604910.0000,1999.9000,
	2026/03/30 15:45:17	,	675544	,	5973	,10.5368,1999.9000,-0.2085,0.4112,595007.8750,27.3894,604731.2500,1999.9000,
	2026/03/30 15:45:17	,	676544	,	5974	,10.5368,1999.9000,-0.2085,0.0616,595007.8750,27.3907,604731.2500,1999.9000,
	2026/03/30 15:45:17	,	677544	,	5975	,10.5368,1999.9000,-0.2031,-0.2298,595270.0625,27.3919,604535.5625,1999.9000,
	2026/03/30 15:45:17	,	678544	,	5976	,10.5368,1999.9000,-0.1973,-0.4726,595643.0000,27.3883,604497.1875,1999.9000,
	2026/03/30 15:45:17	,	679544	,	5977	,10.5368,1999.9000,-0.1973,-0.6749,595643.0000,27.3899,604484.3750,1999.9000,
	2026/03/30 15:45:17	,	680544	,	5978	,10.5368,1999.9000,-0.1973,-0.7441,595643.0000,27.3912,604478.0000,1999.9000,
	2026/03/30 15:45:17	,	681544	,	5979	,10.5368,1999.9000,-0.1973,-0.8017,595643.0000,27.3923,604474.1875,1999.9000,
	2026/03/30 15:45:17	,	682544	,	5980	,10.5368,1999.9000,-0.1973,-0.7503,595643.0000,27.3932,604471.6250,1999.9000,
	2026/03/30 15:45:17	,	683544	,	5981	,10.5368,1999.9000,-0.2002,-0.7074,595447.6250,27.3924,604665.4375,1999.9000,
	2026/03/30 15:45:17	,	684544	,	5982	,10.5368,1999.9000,-0.2035,-0.6716,595343.9375,27.3887,604778.9375,1999.9000,
	2026/03/30 15:45:17	,	685544	,	5983	,10.5368,1999.9000,-0.2064,-0.6419,595326.6875,27.3841,604817.5625,1999.9000,
	2026/03/30 15:45:17	,	686544	,	5984	,10.5368,1999.9000,-0.2090,-0.7165,595310.5625,27.3833,604929.9375,1999.9000,
	2026/03/30 15:45:17	,	687544	,	5985	,10.5368,1999.9000,-0.2139,-0.8782,595099.0625,27.3827,605125.0000,1999.9000,
	2026/03/30 15:45:17	,	688544	,	5986	,10.5368,1999.9000,-0.2214,-1.0129,594743.9375,27.3745,605312.2500,1999.9000,
	2026/03/30 15:45:17	,	689544	,	5987	,10.5368,1999.9000,-0.2244,-1.1252,594743.9375,27.3677,605312.2500,1999.9000,
	2026/03/30 15:45:17	,	690544	,	5988	,10.5368,1999.9000,-0.2244,-1.2188,594743.9375,27.3620,605312.2500,1999.9000,
	2026/03/30 15:45:17	,	691544	,	5989	,10.5368,1999.9000,-0.2244,-1.2968,594743.9375,27.3573,605312.2500,1999.9000,
	2026/03/30 15:45:17	,	692544	,	5990	,10.5368,1999.9000,-0.2244,-0.9639,594743.9375,27.3534,605312.2500,1999.9000,
	2026/03/30 15:45:17	,	693544	,	5991	,10.5368,1999.9000,-0.2244,-0.6864,594750.4375,27.3531,605079.7500,1999.9000,
	2026/03/30 15:45:17	,	694544	,	5992	,10.5368,1999.9000,-0.2206,-0.1568,594888.7500,27.3575,604942.6250,1999.9000,
	2026/03/30 15:45:17	,	695544	,	5993	,10.5368,1999.9000,-0.2169,0.2845,594910.2500,27.3612,604849.0000,1999.9000,
	2026/03/30 15:45:17	,	696544	,	5994	,10.5368,1999.9000,-0.2136,0.6523,594923.9375,27.3642,604810.0000,1999.9000,
	2026/03/30 15:45:17	,	697544	,	5995	,10.5368,1999.9000,-0.2083,0.9588,595118.1250,27.3668,604617.0625,1999.9000,
	2026/03/30 15:45:17	,	698544	,	5996	,10.5368,1999.9000,-0.2000,1.2142,595498.8750,27.3689,604391.8125,1999.9000,
	2026/03/30 15:45:17	,	699544	,	5997	,10.5368,1999.9000,-0.1942,1.4271,595498.8750,27.3707,604391.8125,1999.9000,
	2026/03/30 15:45:17	,	700544	,	5998	,10.5368,1999.9000,-0.1939,1.6044,595498.8750,27.3752,604391.8125,1999.9000,
	2026/03/30 15:45:17	,	701544	,	5999	,10.5368,1999.9000,-0.1938,1.7522,595498.8750,27.3789,604391.8125,1999.9000,
	2026/03/30 15:45:17	,	702544	,	6000	,10.5367,1999.9000,-0.1937,1.6764,595498.8750,27.3881,604391.8125,1999.9000,
	2026/03/30 15:45:17	,	703544	,	6001	,10.5367,1999.9000,-0.1937,1.6133,595498.4375,27.3959,604613.4375,1999.9000,
	2026/03/30 15:45:17	,	704544	,	6002	,10.5367,1999.9000,-0.1936,1.5607,595368.9375,27.3992,604745.6875,1999.9000,
	2026/03/30 15:45:17	,	705544	,	6003	,10.5367,1999.9000,-0.1940,1.5168,595351.6875,27.4051,604848.3750,1999.9000,
	2026/03/30 15:45:17	,	706544	,	6004	,10.5367,1999.9000,-0.1975,1.5798,595337.6250,27.4100,604887.9375,1999.9000,
	2026/03/30 15:45:17	,	707544	,	6005	,10.5367,1999.9000,-0.2007,1.6322,595196.1875,27.4140,605068.2500,1999.9000,
	2026/03/30 15:45:17	,	708544	,	6006	,10.5367,1999.9000,-0.2079,1.7754,594863.1250,27.4174,605358.7500,1999.9000,
	2026/03/30 15:45:17	,	709544	,	6007	,10.5367,1999.9000,-0.2141,1.7952,594736.1875,27.4203,605358.7500,1999.9000,
	2026/03/30 15:45:17	,	710544	,	6008	,10.5367,1999.9000,-0.2191,1.8117,594736.1875,27.4196,605358.7500,1999.9000,
	2026/03/30 15:45:17	,	711544	,	6009	,10.5367,1999.9000,-0.2199,1.8117,594736.1875,27.4159,605358.7500,1999.9000,
	2026/03/30 15:45:17	,	712544	,	6010	,10.5368,1999.9000,-0.2201,1.8255,594736.1875,27.4083,605358.7500,1999.9000,
	2026/03/30 15:45:17	,	713544	,	6011	,10.5368,1999.9000,-0.2202,1.7375,594736.1875,27.4004,605154.0000,1999.9000,
	2026/03/30 15:45:17	,	714544	,	6012	,10.5368,1999.9000,-0.2203,1.6642,594884.6250,27.3939,604984.3125,1999.9000,
	2026/03/30 15:45:17	,	715544	,	6013	,10.5368,1999.9000,-0.2204,1.6031,594909.0000,27.3884,604876.7500,1999.9000,
	2026/03/30 15:45:17	,	716544	,	6014	,10.5368,1999.9000,-0.2203,0.9553,594924.0625,27.3838,604795.2500,1999.9000,
	2026/03/30 15:45:17	,	717544	,	6015	,10.5368,1999.9000,-0.2200,0.4155,595045.4375,27.3785,604682.3125,1999.9000,
	2026/03/30 15:45:17	,	718544	,	6016	,10.5368,1999.9000,-0.2132,-0.4092,595354.0625,27.3726,604409.9375,1999.9000,
	2026/03/30 15:45:17	,	719544	,	6017	,10.5368,1999.9000,-0.2087,-0.4092,595589.3750,27.3676,604409.9375,1999.9000,
	2026/03/30 15:45:17	,	720544	,	6018	,10.5368,1999.9000,-0.2087,-0.7216,595589.3750,27.3650,604409.9375,1999.9000,
	2026/03/30 15:45:17	,	721544	,	6019	,10.5368,1999.9000,-0.2087,-0.7829,595589.3750,27.3650,604409.9375,1999.9000,
	2026/03/30 15:45:17	,	722544	,	6020	,10.5368,1999.9000,-0.2087,-0.8341,595589.3750,27.3628,604409.9375,1999.9000,
	2026/03/30 15:45:17	,	723544	,	6021	,10.5368,1999.9000,-0.2087,-0.5783,595589.3750,27.3686,604566.3125,1999.9000,
	2026/03/30 15:45:17	,	724544	,	6022	,10.5368,1999.9000,-0.2114,-0.3651,595416.0625,27.3704,604723.3750,1999.9000,
	2026/03/30 15:45:17	,	725544	,	6023	,10.5368,1999.9000,-0.2124,0.0115,595335.0000,27.3674,604814.6250,1999.9000,
	2026/03/30 15:45:17	,	726544	,	6024	,10.5368,1999.9000,-0.2131,0.5242,595323.0625,27.3617,604851.6875,1999.9000,
	2026/03/30 15:45:17	,	727544	,	6025	,10.5368,1999.9000,-0.2154,0.7526,595298.2500,27.3571,604984.3125,1999.9000,
	2026/03/30 15:45:17	,	728544	,	6026	,10.5368,1999.9000,-0.2199,0.9429,594989.4375,27.3608,605241.6250,1999.9000,
	2026/03/30 15:45:17	,	729544	,	6027	,10.5368,1999.9000,-0.2230,1.1015,594657.5625,27.3654,605241.6250,1999.9000,
	2026/03/30 15:45:17	,	730544	,	6028	,10.5368,1999.9000,-0.2230,1.4326,594657.5625,27.3678,605241.6250,1999.9000,
	2026/03/30 15:45:17	,	731544	,	6029	,10.5368,1999.9000,-0.2230,1.8080,594657.5625,27.3590,605241.6250,1999.9000,
	2026/03/30 15:45:17	,	732544	,	6030	,10.5368,1999.9000,-0.2230,2.0213,594657.5625,27.3517,605241.6250,1999.9000,
	2026/03/30 15:45:17	,	733544	,	6031	,10.5368,1999.9000,-0.2230,2.1991,594657.5625,27.3457,605233.9375,1999.9000,
	2026/03/30 15:45:17	,	734544	,	6032	,10.5368,1999.9000,-0.2181,2.3473,594835.7500,27.3406,605002.4375,1999.9000,
	2026/03/30 15:45:17	,	735544	,	6033	,10.5368,1999.9000,-0.2139,2.2718,594875.0625,27.3410,604882.1875,1999.9000,
	2026/03/30 15:45:17	,	736544	,	6034	,10.5368,1999.9000,-0.2105,2.2089,594898.0625,27.3413,604791.6250,1999.9000,
	2026/03/30 15:45:17	,	737544	,	6035	,10.5368,1999.9000,-0.2075,1.9575,594991.8125,27.3415,604753.8750,1999.9000,
	2026/03/30 15:45:17	,	738544	,	6036	,10.5368,1999.9000,-0.2015,1.7481,595229.5625,27.3417,604508.9375,1999.9000,
	2026/03/30 15:45:17	,	739544	,	6037	,10.5369,1999.9000,-0.1944,1.4740,595601.8750,27.3419,604495.3125,1999.9000,
	2026/03/30 15:45:17	,	740544	,	6038	,10.5369,1999.9000,-0.1921,0.9473,595601.8750,27.3436,604490.8125,1999.9000,
	2026/03/30 15:45:17	,	741544	,	6039	,10.5369,1999.9000,-0.1921,0.5083,595601.8750,27.3496,604488.5625,1999.9000,
	2026/03/30 15:45:17	,	742544	,	6040	,10.5369,1999.9000,-0.1921,0.1425,595601.8750,27.3545,604487.2500,1999.9000,
	2026/03/30 15:45:17	,	743544	,	6041	,10.5369,1999.9000,-0.1921,-0.1624,595601.8750,27.3602,604486.3750,1999.9000,
	2026/03/30 15:45:17	,	744544	,	6042	,10.5369,1999.9000,-0.1921,-0.4164,595453.0000,27.3634,604674.4375,1999.9000,
	2026/03/30 15:45:17	,	745544	,	6043	,10.5369,1999.9000,-0.1943,-0.6281,595344.5625,27.3661,604780.7500,1999.9000,
	2026/03/30 15:45:17	,	746544	,	6044	,10.5369,1999.9000,-0.1953,-0.8046,595326.3750,27.3683,604875.5625,1999.9000,
	2026/03/30 15:45:17	,	747544	,	6045	,10.5369,1999.9000,-0.1978,-0.9516,595312.0000,27.3702,604963.7500,1999.9000,
	2026/03/30 15:45:17	,	748544	,	6046	,10.5368,1999.9000,-0.2025,-0.2783,595124.6875,27.3717,605178.7500,1999.9000,
	2026/03/30 15:45:17	,	749544	,	6047	,10.5368,1999.9000,-0.2096,0.2828,594776.7500,27.3715,605282.0625,1999.9000,
	2026/03/30 15:45:17	,	750544	,	6048	,10.5368,1999.9000,-0.2139,0.6508,594776.7500,27.3667,605282.0625,1999.9000,
	2026/03/30 15:45:17	,	751544	,	6049	,10.5368,1999.9000,-0.2139,0.9576,594776.7500,27.3627,605282.0625,1999.9000,
	2026/03/30 15:45:17	,	752544	,	6050	,10.5368,1999.9000,-0.2139,1.2132,594776.7500,27.3594,605282.0625,1999.9000,
	2026/03/30 15:45:17	,	753544	,	6051	,10.5368,1999.9000,-0.2139,1.2273,594776.7500,27.3566,605282.0625,1999.9000,
	2026/03/30 15:45:17	,	754544	,	6052	,10.5368,1999.9000,-0.2139,1.2390,594780.0625,27.3543,605070.6250,1999.9000,
	2026/03/30 15:45:17	,	755544	,	6053	,10.5368,1999.9000,-0.2137,1.4477,594912.0000,27.3555,604952.2500,1999.9000,
	2026/03/30 15:45:17	,	756544	,	6054	,10.5367,1999.9000,-0.2134,1.6216,594930.1875,27.3564,604861.6875,1999.9000,
	2026/03/30 15:45:17	,	757544	,	6055	,10.5367,1999.9000,-0.2132,1.6671,594946.9375,27.3648,604768.0625,1999.9000,
	2026/03/30 15:45:17	,	758544	,	6056	,10.5368,1999.9000,-0.2094,1.6055,595122.3125,27.3734,604594.7500,1999.9000,
	2026/03/30 15:45:17	,	759544	,	6057	,10.5368,1999.9000,-0.2035,1.5542,595480.3750,27.3805,604434.6875,1999.9000,
	2026/03/30 15:45:17	,	760544	,	6058	,10.5368,1999.9000,-0.2035,1.5114,595498.5625,27.3849,604434.6875,1999.9000,
	2026/03/30 15:45:17	,	761544	,	6059	,10.5368,1999.9000,-0.2035,1.4758,595504.5625,27.3885,604434.6875,1999.9000,
	2026/03/30 15:45:17	,	762544	,	6060	,10.5368,1999.9000,-0.2035,1.4461,595507.6250,27.3916,604434.6875,1999.9000,
	2026/03/30 15:45:17	,	763544	,	6061	,10.5368,1999.9000,-0.2035,1.4213,595509.5000,27.3941,604434.6875,1999.9000,
	2026/03/30 15:45:17	,	764544	,	6062	,10.5368,1999.9000,-0.2036,1.3012,595510.6875,27.3963,604646.6875,1999.9000,
	2026/03/30 15:45:17	,	765544	,	6063	,10.5368,1999.9000,-0.2073,1.1017,595371.9375,27.3934,604775.9375,1999.9000,
	2026/03/30 15:45:17	,	766544	,	6064	,10.5368,1999.9000,-0.2101,1.0348,595341.2500,27.3911,604869.5000,1999.9000,
	2026/03/30 15:45:17	,	767544	,	6065	,10.5368,1999.9000,-0.2125,0.9792,595323.0625,27.3892,604907.6250,1999.9000,
	2026/03/30 15:45:17	,	768544	,	6066	,10.5369,1999.9000,-0.2159,1.0322,595195.5625,27.3876,605099.6875,1999.9000,
	2026/03/30 15:45:17	,	769544	,	6067	,10.5369,1999.9000,-0.2228,1.0764,594888.1250,27.3801,605354.5625,1999.9000,
	2026/03/30 15:45:17	,	770544	,	6068	,10.5369,1999.9000,-0.2233,1.0138,594729.6875,27.3739,605354.5625,1999.9000,
	2026/03/30 15:45:17	,	771544	,	6069	,10.5369,1999.9000,-0.2235,0.9616,594729.6875,27.3672,605354.5625,1999.9000,
	2026/03/30 15:45:17	,	772544	,	6070	,10.5369,1999.9000,-0.2235,0.9182,594729.6875,27.3616,605354.5625,1999.9000,
	2026/03/30 15:45:17	,	773544	,	6071	,10.5369,1999.9000,-0.2236,0.8819,594729.6875,27.3584,605354.5625,1999.9000,
	2026/03/30 15:45:17	,	774544	,	6072	,10.5368,1999.9000,-0.2236,0.9512,594729.6875,27.3558,605122.0000,1999.9000,
	2026/03/30 15:45:17	,	775544	,	6073	,10.5368,1999.9000,-0.2192,1.4068,594893.5000,27.3521,604962.5625,1999.9000,
	2026/03/30 15:45:17	,	776544	,	6074	,10.5368,1999.9000,-0.2153,1.6870,594927.8125,27.3475,604862.3125,1999.9000,
	2026/03/30 15:45:17	,	777544	,	6075	,10.5368,1999.9000,-0.2118,1.9205,594941.0000,27.3437,604775.9375,1999.9000,
	2026/03/30 15:45:17	,	778544	,	6076	,10.5368,1999.9000,-0.2079,1.8167,595032.9375,27.3374,604652.1250,1999.9000,
	2026/03/30 15:45:17	,	779544	,	6077	,10.5368,1999.9000,-0.2005,1.7302,595326.6875,27.3322,604384.5000,1999.9000,
	2026/03/30 15:45:17	,	780544	,	6078	,10.5368,1999.9000,-0.1944,1.6581,595582.2500,27.3279,604384.5000,1999.9000,
	2026/03/30 15:45:17	,	781544	,	6079	,10.5368,1999.9000,-0.1944,1.1006,595582.2500,27.3243,604384.5000,1999.9000,
	2026/03/30 15:45:17	,	782544	,	6080	,10.5367,1999.9000,-0.1944,0.9345,595582.2500,27.3212,604384.5000,1999.9000,
	2026/03/30 15:45:17	,	783544	,	6081	,10.5367,1999.9000,-0.1944,0.4976,595582.2500,27.3187,604384.5000,1999.9000,
	2026/03/30 15:45:17	,	784544	,	6082	,10.5367,1999.9000,-0.1944,0.0341,595582.2500,27.3212,604566.3125,1999.9000,
	2026/03/30 15:45:17	,	785544	,	6083	,10.5367,1999.9000,-0.1944,-0.3521,595410.0625,27.3264,604713.7500,1999.9000,
	2026/03/30 15:45:17	,	786544	,	6084	,10.5367,1999.9000,-0.1976,-0.6740,595317.1250,27.3352,604795.8750,1999.9000,
	2026/03/30 15:45:17	,	787544	,	6085	,10.5367,1999.9000,-0.1997,-0.8428,595308.7500,27.3441,604885.2500,1999.9000,
	2026/03/30 15:45:17	,	788544	,	6086	,10.5367,1999.9000,-0.2020,-0.9834,595290.3125,27.3515,605001.1875,1999.9000,
	2026/03/30 15:45:17	,	789544	,	6087	,10.5367,1999.9000,-0.2085,-0.9017,595028.1250,27.3562,605286.3125,1999.9000,
	2026/03/30 15:45:17	,	790544	,	6088	,10.5367,1999.9000,-0.2154,-0.7341,594670.6875,27.3600,605286.3125,1999.9000,
	2026/03/30 15:45:17	,	791544	,	6089	,10.5367,1999.9000,-0.2204,-0.1965,594670.6875,27.3648,605286.3125,1999.9000,
	2026/03/30 15:45:17	,	792544	,	6090	,10.5367,1999.9000,-0.2204,0.3509,594670.6875,27.3703,605286.3125,1999.9000,
	2026/03/30 15:45:17	,	793544	,	6091	,10.5368,1999.9000,-0.2204,0.8071,594670.6875,27.3749,605286.3125,1999.9000,
	2026/03/30 15:45:17	,	794544	,	6092	,10.5368,1999.9000,-0.2204,1.1873,594670.6875,27.3802,605194.5000,1999.9000,
	2026/03/30 15:45:17	,	795544	,	6093	,10.5368,1999.9000,-0.2204,1.4046,594833.9375,27.3831,605015.7500,1999.9000,
	2026/03/30 15:45:17	,	796544	,	6094	,10.5368,1999.9000,-0.2183,1.0883,594938.7500,27.3856,604902.1875,1999.9000,
	2026/03/30 15:45:17	,	797544	,	6095	,10.5368,1999.9000,-0.2174,1.1232,594951.0000,27.3876,604814.6250,1999.9000,
	2026/03/30 15:45:17	,	798544	,	6096	,10.5368,1999.9000,-0.2145,1.4507,594963.6250,27.3893,604720.3125,1999.9000,
	2026/03/30 15:45:17	,	799544	,	6097	,10.5368,1999.9000,-0.2091,1.7236,595192.5625,27.3922,604487.2500,1999.9000,
	2026/03/30 15:45:17	,	800544	,	6098	,10.5368,1999.9000,-0.2027,1.6526,595568.5625,27.3947,604487.2500,1999.9000,
	2026/03/30 15:45:17	,	801544	,	6099	,10.5368,1999.9000,-0.2019,1.3945,595568.5625,27.3921,604487.2500,1999.9000,
	2026/03/30 15:45:17	,	802544	,	6100	,10.5368,1999.9000,-0.2016,0.9804,595568.5625,27.3900,604487.2500,1999.9000,
	2026/03/30 15:45:17	,	803544	,	6101	,10.5368,1999.9000,-0.2016,0.6354,595568.5625,27.3883,604487.2500,1999.9000,
	2026/03/30 15:45:17	,	804544	,	6102	,10.5369,1999.9000,-0.2014,0.5468,595568.5625,27.3852,604490.1875,1999.9000,
	2026/03/30 15:45:17	,	805544	,	6103	,10.5369,1999.9000,-0.2014,0.5725,595459.5000,27.3782,604691.3125,1999.9000,
	2026/03/30 15:45:17	,	806544	,	6104	,10.5369,1999.9000,-0.2017,0.4944,595355.2500,27.3707,604804.8750,1999.9000,
	2026/03/30 15:45:17	,	807544	,	6105	,10.5369,1999.9000,-0.2056,0.4293,595336.1875,27.3646,604890.6875,1999.9000,
	2026/03/30 15:45:17	,	808544	,	6106	,10.5369,1999.9000,-0.2065,0.3750,595320.8750,27.3594,604972.1875,1999.9000,
	2026/03/30 15:45:17	,	809544	,	6107	,10.5369,1999.9000,-0.2127,0.4293,595137.8125,27.3536,605205.3750,1999.9000,
	2026/03/30 15:45:17	,	810544	,	6108	,10.5369,1999.9000,-0.2203,0.4746,594779.6875,27.3487,605205.3750,1999.9000,
	2026/03/30 15:45:17	,	811544	,	6109	,10.5369,1999.9000,-0.2232,0.5123,594768.4375,27.3447,605233.7500,1999.9000,
	2026/03/30 15:45:17	,	812544	,	6110	,10.5368,1999.9000,-0.2232,0.6431,594764.6250,27.3428,605243.1875,1999.9000,
	2026/03/30 15:45:17	,	813544	,	6111	,10.5368,1999.9000,-0.2232,0.7522,594762.7500,27.3444,605247.9375,1999.9000,
	2026/03/30 15:45:17	,	814544	,	6112	,10.5368,1999.9000,-0.2232,1.5394,594761.6250,27.3487,605252.6875,1999.9000,
	2026/03/30 15:45:17	,	815544	,	6113	,10.5368,1999.9000,-0.2232,2.1954,594760.8750,27.3523,605252.6875,1999.9000,
	2026/03/30 15:45:17	,	816544	,	6114	,10.5368,1999.9000,-0.2194,2.7421,594887.5000,27.3553,604934.7500,1999.9000,
	2026/03/30 15:45:17	,	817544	,	6115	,10.5368,1999.9000,-0.2161,2.5013,594914.0625,27.3609,604934.7500,1999.9000,
	2026/03/30 15:45:17	,	818544	,	6116	,10.5368,1999.9000,-0.2161,2.2012,594927.1250,27.3670,604838.6875,1999.9000,
	2026/03/30 15:45:17	,	819544	,	6117	,10.5368,1999.9000,-0.2133,1.9512,595072.2500,27.3721,604798.8750,1999.9000,
	2026/03/30 15:45:17	,	820544	,	6118	,10.5368,1999.9000,-0.2081,1.7428,595420.1875,27.3749,604572.9375,1999.9000,
	2026/03/30 15:45:17	,	821544	,	6119	,10.5368,1999.9000,-0.2000,1.5691,595541.1250,27.3787,604460.6250,1999.9000,
	2026/03/30 15:45:17	,	822544	,	6120	,10.5368,1999.9000,-0.1961,1.4244,595541.1250,27.3819,604460.6250,1999.9000,
	2026/03/30 15:45:17	,	823544	,	6121	,10.5368,1999.9000,-0.1961,1.2043,595541.1250,27.3845,604460.6250,1999.9000,
	2026/03/30 15:45:17	,	824544	,	6122	,10.5368,1999.9000,-0.1961,0.8219,595541.1250,27.3867,604460.6250,1999.9000,
	2026/03/30 15:45:17	,	825544	,	6123	,10.5367,1999.9000,-0.1961,0.5033,595541.1250,27.3886,604460.6250,1999.9000,
	2026/03/30 15:45:17	,	826544	,	6124	,10.5367,1999.9000,-0.1961,0.4367,595388.0625,27.3871,604657.5625,1999.9000,
	2026/03/30 15:45:17	,	827544	,	6125	,10.5367,1999.9000,-0.1997,0.3813,595357.0625,27.3812,604771.0625,1999.9000,
	2026/03/30 15:45:17	,	828544	,	6126	,10.5368,1999.9000,-0.2028,0.3350,595339.3750,27.3809,604852.6250,1999.9000,
	2026/03/30 15:45:17	,	829544	,	6127	,10.5368,1999.9000,-0.2057,0.5949,595220.5625,27.3837,604934.1250,1999.9000,
	2026/03/30 15:45:17	,	830544	,	6128	,10.5368,1999.9000,-0.2105,0.5131,594925.6250,27.3861,605105.1250,1999.9000,
	2026/03/30 15:45:17	,	831544	,	6129	,10.5368,1999.9000,-0.2188,0.3454,594710.5625,27.3804,605337.6875,1999.9000,
	2026/03/30 15:45:17	,	832544	,	6130	,10.5368,1999.9000,-0.2252,0.2057,594710.5625,27.3756,605337.6875,1999.9000,
	2026/03/30 15:45:17	,	833544	,	6131	,10.5368,1999.9000,-0.2252,0.1887,594710.5625,27.3778,605337.6875,1999.9000,
	2026/03/30 15:45:17	,	834544	,	6132	,10.5368,1999.9000,-0.2252,0.4730,594710.5625,27.3811,605337.6875,1999.9000,
	2026/03/30 15:45:17	,	835544	,	6133	,10.5368,1999.9000,-0.2252,0.4115,594710.5625,27.3839,605337.6875,1999.9000,
	2026/03/30 15:45:17	,	836544	,	6134	,10.5368,1999.9000,-0.2252,0.3602,594861.3750,27.3877,605096.6250,1999.9000,
	2026/03/30 15:45:17	,	837544	,	6135	,10.5368,1999.9000,-0.2251,0.4170,594890.1875,27.3909,604943.8125,1999.9000,
	2026/03/30 15:45:17	,	838544	,	6136	,10.5368,1999.9000,-0.2220,0.3648,594905.7500,27.3921,604833.8750,1999.9000,
	2026/03/30 15:45:17	,	839544	,	6137	,10.5368,1999.9000,-0.2211,0.4208,595005.5000,27.3930,604752.3750,1999.9000,
	2026/03/30 15:45:17	,	840544	,	6138	,10.5368,1999.9000,-0.2174,0.4674,595289.1250,27.3954,604628.5625,1999.9000,
	2026/03/30 15:45:17	,	841544	,	6139	,10.5368,1999.9000,-0.2111,0.5063,595614.5000,27.4003,604381.5000,1999.9000,
	2026/03/30 15:45:17	,	842544	,	6140	,10.5368,1999.9000,-0.2062,0.5387,595614.5000,27.4014,604381.5000,1999.9000,
	2026/03/30 15:45:17	,	843544	,	6141	,10.5368,1999.9000,-0.2062,0.5657,595614.5000,27.4023,604381.5000,1999.9000,
	2026/03/30 15:45:17	,	844544	,	6142	,10.5368,1999.9000,-0.2062,0.6877,595614.5000,27.4016,604381.5000,1999.9000,
	2026/03/30 15:45:17	,	845544	,	6143	,10.5369,1999.9000,-0.2062,0.7893,595614.5000,27.3979,604593.5000,1999.9000,
	2026/03/30 15:45:17	,	846544	,	6144	,10.5369,1999.9000,-0.2062,0.8740,595435.1250,27.3948,604593.5000,1999.9000,
	2026/03/30 15:45:17	,	847544	,	6145	,10.5369,1999.9000,-0.2096,0.9446,595341.5625,27.3948,604727.0000,1999.9000,
	2026/03/30 15:45:17	,	848544	,	6146	,10.5369,1999.9000,-0.2127,0.8045,595319.8750,27.3938,604821.1875,1999.9000,
	2026/03/30 15:45:17	,	849544	,	6147	,10.5368,1999.9000,-0.2155,0.6877,595297.8750,27.3929,604917.8750,1999.9000,
	2026/03/30 15:45:17	,	850544	,	6148	,10.5368,1999.9000,-0.2187,0.3915,595056.7500,27.3877,605045.3125,1999.9000,
	2026/03/30 15:45:17	,	851544	,	6149	,10.5368,1999.9000,-0.2254,0.0451,594694.5000,27.3817,605337.6875,1999.9000,
	2026/03/30 15:45:17	,	852544	,	6150	,10.5368,1999.9000,-0.2306,-0.4425,594694.5000,27.3768,605337.6875,1999.9000,
	2026/03/30 15:45:17	,	853544	,	6151	,10.5368,1999.9000,-0.2306,-0.8488,594694.5000,27.3742,605337.6875,1999.9000,
	2026/03/30 15:45:17	,	854544	,	6152	,10.5368,1999.9000,-0.2306,-0.9884,594694.5000,27.3766,605337.6875,1999.9000,
	2026/03/30 15:45:17	,	855544	,	6153	,10.5368,1999.9000,-0.2306,-1.0053,594694.5000,27.3786,605337.6875,1999.9000,
	2026/03/30 15:45:17	,	856544	,	6154	,10.5367,1999.9000,-0.2306,-1.0194,594789.2500,27.3802,605155.8125,1999.9000,
	2026/03/30 15:45:17	,	857544	,	6155	,10.5367,1999.9000,-0.2259,-1.0311,594893.5000,27.3816,604978.2500,1999.9000,
	2026/03/30 15:45:17	,	858544	,	6156	,10.5367,1999.9000,-0.2223,-0.8420,594915.8125,27.3828,604866.5000,1999.9000,
	2026/03/30 15:45:17	,	859544	,	6157	,10.5368,1999.9000,-0.2197,-0.6843,594935.8125,27.3898,604827.8125,1999.9000,
	2026/03/30 15:45:17	,	860544	,	6158	,10.5368,1999.9000,-0.2187,-0.5530,595159.8125,27.3957,604693.7500,1999.9000,
	2026/03/30 15:45:17	,	861544	,	6159	,10.5368,1999.9000,-0.2127,-0.4435,595529.2500,27.4007,604449.1250,1999.9000,
	2026/03/30 15:45:17	,	862544	,	6160	,10.5368,1999.9000,-0.2073,0.0456,595529.2500,27.4048,604449.1250,1999.9000,
	2026/03/30 15:45:17	,	863544	,	6161	,10.5368,1999.9000,-0.2073,0.4532,595529.2500,27.4021,604449.1250,1999.9000,
	2026/03/30 15:45:17	,	864544	,	6162	,10.5368,1999.9000,-0.2073,0.3950,595529.2500,27.4059,604449.1250,1999.9000,
	2026/03/30 15:45:17	,	865544	,	6163	,10.5368,1999.9000,-0.2073,0.1475,595529.2500,27.4046,604449.1250,1999.9000,
	2026/03/30 15:45:17	,	866544	,	6164	,10.5368,1999.9000,-0.2073,-0.0587,595523.4375,27.4034,604461.3125,1999.9000,
	2026/03/30 15:45:17	,	867544	,	6165	,10.5368,1999.9000,-0.2100,-0.2305,595359.4375,27.4025,604679.8750,1999.9000,
	2026/03/30 15:45:17	,	868544	,	6166	,10.5368,1999.9000,-0.2124,-0.1748,595336.8125,27.4017,604780.7500,1999.9000,
	2026/03/30 15:45:17	,	869544	,	6167	,10.5368,1999.9000,-0.2131,0.2695,595324.0625,27.4010,604869.5000,1999.9000,
	2026/03/30 15:45:17	,	870544	,	6168	,10.5368,1999.9000,-0.2136,0.6398,595177.6875,27.3959,604960.7500,1999.9000,
	2026/03/30 15:45:17	,	871544	,	6169	,10.5368,1999.9000,-0.2184,0.7494,594835.7500,27.3962,605202.3125,1999.9000,
	2026/03/30 15:45:17	,	872544	,	6170	,10.5368,1999.9000,-0.2242,1.1392,594744.5625,27.3980,605215.3125,1999.9000,
	2026/03/30 15:45:17	,	873544	,	6171	,10.5368,1999.9000,-0.2242,1.4640,594744.5625,27.3980,605219.6250,1999.9000,
	2026/03/30 15:45:17	,	874544	,	6172	,10.5368,1999.9000,-0.2242,1.7347,594744.5625,27.3995,605221.8125,1999.9000,
	2026/03/30 15:45:17	,	875544	,	6173	,10.5368,1999.9000,-0.2242,1.8608,594744.5625,27.4007,605223.1250,1999.9000,
	2026/03/30 15:45:17	,	876544	,	6174	,10.5368,1999.9000,-0.2242,1.9659,594744.5625,27.4017,605224.0000,1999.9000,
	2026/03/30 15:45:17	,	877544	,	6175	,10.5368,1999.9000,-0.2221,2.0534,594744.5625,27.3995,605028.9375,1999.9000,
	2026/03/30 15:45:17	,	878544	,	6176	,10.5368,1999.9000,-0.2189,1.9275,594885.1250,27.3977,604919.0625,1999.9000,
	2026/03/30 15:45:17	,	879544	,	6177	,10.5368,1999.9000,-0.2165,1.8225,594915.2500,27.3962,604820.0625,1999.9000,
	2026/03/30 15:45:17	,	880544	,	6178	,10.5368,1999.9000,-0.2155,1.9339,594930.4375,27.3934,604736.6875,1999.9000,
	2026/03/30 15:45:17	,	881544	,	6179	,10.5368,1999.9000,-0.2102,1.7284,595059.7500,27.3911,604539.7500,1999.9000,
	2026/03/30 15:45:17	,	882544	,	6180	,10.5368,1999.9000,-0.2035,1.7561,595385.0625,27.3891,604507.6875,1999.9000,
	2026/03/30 15:45:17	,	883544	,	6181	,10.5368,1999.9000,-0.2028,1.8786,595551.2500,27.3875,604497.0000,1999.9000,
	2026/03/30 15:45:17	,	884544	,	6182	,10.5368,1999.9000,-0.2026,2.0802,595551.2500,27.3846,604491.6875,1999.9000,
	2026/03/30 15:45:17	,	885544	,	6183	,10.5368,1999.9000,-0.2025,2.2482,595551.2500,27.3822,604488.4375,1999.9000,
	2026/03/30 15:45:17	,	886544	,	6184	,10.5368,1999.9000,-0.2024,2.1892,595551.2500,27.3802,604486.3750,1999.9000,
	2026/03/30 15:45:17	,	887544	,	6185	,10.5369,1999.9000,-0.2024,2.1401,595551.2500,27.3770,604672.0625,1999.9000,
	2026/03/30 15:45:17	,	888544	,	6186	,10.5369,1999.9000,-0.2054,2.0991,595390.4375,27.3683,604767.4375,1999.9000,
	2026/03/30 15:45:17	,	889544	,	6187	,10.5369,1999.9000,-0.2086,2.0650,595351.3750,27.3610,604805.8125,1999.9000,
	2026/03/30 15:45:17	,	890544	,	6188	,10.5369,1999.9000,-0.2108,2.1361,595329.8750,27.3549,604935.9375,1999.9000,
	2026/03/30 15:45:17	,	891544	,	6189	,10.5369,1999.9000,-0.2145,2.1953,595225.9375,27.3498,605139.5625,1999.9000,
	2026/03/30 15:45:17	,	892544	,	6190	,10.5369,1999.9000,-0.2212,2.1451,594960.2500,27.3441,605311.0625,1999.9000,
	2026/03/30 15:45:17	,	893544	,	6191	,10.5370,1999.9000,-0.2264,2.1033,594679.6250,27.3408,605311.0625,1999.9000,
	2026/03/30 15:45:17	,	894544	,	6192	,10.5369,1999.9000,-0.2265,1.8696,594679.6250,27.3381,605311.0625,1999.9000,
	2026/03/30 15:45:17	,	895544	,	6193	,10.5369,1999.9000,-0.2265,1.8737,594679.6250,27.3374,605311.0625,1999.9000,
	2026/03/30 15:45:17	,	896544	,	6194	,10.5369,1999.9000,-0.2265,1.8772,594679.6250,27.3414,605311.0625,1999.9000,
	2026/03/30 15:45:17	,	897544	,	6195	,10.5369,1999.9000,-0.2265,1.6811,594679.6250,27.3477,605093.0625,1999.9000,
	2026/03/30 15:45:17	,	898544	,	6196	,10.5369,1999.9000,-0.2265,1.4182,594847.6250,27.3515,604958.9375,1999.9000,
	2026/03/30 15:45:17	,	899544	,	6197	,10.5369,1999.9000,-0.2262,1.1992,594884.8125,27.3531,604868.9375,1999.9000,
	2026/03/30 15:45:17	,	900544	,	6198	,10.5369,1999.9000,-0.2234,1.0166,594901.8125,27.3560,604781.9375,1999.9000,
	2026/03/30 15:45:17	,	901544	,	6199	,10.5369,1999.9000,-0.2212,0.9640,594918.6250,27.3629,604617.0625,1999.9000,
	2026/03/30 15:45:17	,	902544	,	6200	,10.5369,1999.9000,-0.2152,0.9201,595218.8125,27.3687,604398.4375,1999.9000,
	2026/03/30 15:45:17	,	903544	,	6201	,10.5369,1999.9000,-0.2101,0.1872,595596.5625,27.3735,604398.4375,1999.9000,
	2026/03/30 15:45:17	,	904544	,	6202	,10.5369,1999.9000,-0.2070,-0.4235,595596.5625,27.3822,604398.4375,1999.9000,
	2026/03/30 15:45:17	,	905544	,	6203	,10.5369,1999.9000,-0.2070,0.1617,595596.5625,27.3909,604398.4375,1999.9000,
	2026/03/30 15:45:17	,	906544	,	6204	,10.5369,1999.9000,-0.2070,0.6495,595596.5625,27.3981,604398.4375,1999.9000,
	2026/03/30 15:45:17	,	907544	,	6205	,10.5369,1999.9000,-0.2070,1.0559,595596.5625,27.4042,604621.3125,1999.9000,
	2026/03/30 15:45:17	,	908544	,	6206	,10.5369,1999.9000,-0.2070,1.2951,595447.6250,27.4092,604756.5625,1999.9000,
	2026/03/30 15:45:17	,	909544	,	6207	,10.5369,1999.9000,-0.2073,1.4945,595342.1875,27.4134,604841.1250,1999.9000,
	2026/03/30 15:45:17	,	910544	,	6208	,10.5369,1999.9000,-0.2107,1.6606,595327.3125,27.4154,604881.2500,1999.9000,
	2026/03/30 15:45:17	,	911544	,	6209	,10.5369,1999.9000,-0.2128,1.8985,595311.0000,27.4170,605062.8125,1999.9000,
	2026/03/30 15:45:17	,	912544	,	6210	,10.5369,1999.9000,-0.2185,2.0968,595096.6875,27.4184,605364.1875,1999.9000,
	2026/03/30 15:45:17	,	913544	,	6211	,10.5369,1999.9000,-0.2190,2.1625,594736.1875,27.4195,605364.1875,1999.9000,
	2026/03/30 15:45:17	,	914544	,	6212	,10.5369,1999.9000,-0.2191,2.2173,594736.1875,27.4189,605364.1875,1999.9000,
	2026/03/30 15:45:17	,	915544	,	6213	,10.5369,1999.9000,-0.2192,2.2630,594736.1875,27.4185,605364.1875,1999.9000,
	2026/03/30 15:45:17	,	916544	,	6214	,10.5369,1999.9000,-0.2193,2.3010,594736.1875,27.4181,605364.1875,1999.9000,
	2026/03/30 15:45:17	,	917544	,	6215	,10.5369,1999.9000,-0.2193,2.4322,594736.1875,27.4162,605145.5625,1999.9000,
	2026/03/30 15:45:17	,	918544	,	6216	,10.5369,1999.9000,-0.2144,2.5415,594744.8750,27.4131,604979.5000,1999.9000,
	2026/03/30 15:45:17	,	919544	,	6217	,10.5369,1999.9000,-0.2101,2.6326,594904.8750,27.4106,604878.0000,1999.9000,
	2026/03/30 15:45:17	,	920544	,	6218	,10.5369,1999.9000,-0.2067,2.6091,594923.8750,27.4039,604840.1875,1999.9000,
	2026/03/30 15:45:17	,	921544	,	6219	,10.5369,1999.9000,-0.2037,2.6889,594938.8125,27.3983,604687.7500,1999.9000,
	2026/03/30 15:45:17	,	922544	,	6220	,10.5369,1999.9000,-0.1974,2.7554,595122.3125,27.3936,604417.7500,1999.9000,
	2026/03/30 15:45:17	,	923544	,	6221	,10.5369,1999.9000,-0.1910,2.8109,595487.5000,27.3897,604417.7500,1999.9000,
	2026/03/30 15:45:17	,	924544	,	6222	,10.5369,1999.9000,-0.1910,2.8571,595507.1250,27.3880,604417.7500,1999.9000,
	2026/03/30 15:45:17	,	925544	,	6223	,10.5369,1999.9000,-0.1910,2.7961,595513.6875,27.3850,604417.7500,1999.9000,
	2026/03/30 15:45:17	,	926544	,	6224	,10.5368,1999.9000,-0.1910,2.6458,595517.0000,27.3795,604417.7500,1999.9000,
	2026/03/30 15:45:17	,	927544	,	6225	,10.5368,1999.9000,-0.1910,2.4211,595518.9375,27.3749,604559.6875,1999.9000,
	2026/03/30 15:45:17	,	928544	,	6226	,10.5368,1999.9000,-0.1961,2.0349,595520.2500,27.3726,604716.7500,1999.9000,
	2026/03/30 15:45:17	,	929544	,	6227	,10.5368,1999.9000,-0.2008,1.6136,595385.6875,27.3707,604809.1250,1999.9000,
	2026/03/30 15:45:17	,	930544	,	6228	,10.5368,1999.9000,-0.2046,1.6136,595357.9375,27.3675,604848.7500,1999.9000,
	2026/03/30 15:45:17	,	931544	,	6229	,10.5368,1999.9000,-0.2080,1.2625,595344.5000,27.3619,604994.5625,1999.9000,
	2026/03/30 15:45:17	,	932544	,	6230	,10.5368,1999.9000,-0.2145,0.9699,595220.5625,27.3602,605269.3750,1999.9000,
	2026/03/30 15:45:17	,	933544	,	6231	,10.5368,1999.9000,-0.2227,0.1416,594902.5000,27.3588,605269.3750,1999.9000,
	2026/03/30 15:45:17	,	934544	,	6232	,10.5368,1999.9000,-0.2284,0.1416,594742.1875,27.3577,605269.3750,1999.9000,
	2026/03/30 15:45:17	,	935544	,	6233	,10.5368,1999.9000,-0.2285,-0.0636,594742.1875,27.3567,605269.3750,1999.9000,
	2026/03/30 15:45:17	,	936544	,	6234	,10.5368,1999.9000,-0.2285,-0.1352,594742.1875,27.3560,605269.3750,1999.9000,
	2026/03/30 15:45:17	,	937544	,	6235	,10.5368,1999.9000,-0.2286,-0.0953,594742.1875,27.3553,605260.1250,1999.9000,
	2026/03/30 15:45:17	,	938544	,	6236	,10.5368,1999.9000,-0.2286,-0.1616,594742.1875,27.3547,605022.3750,1999.9000,
	2026/03/30 15:45:17	,	939544	,	6237	,10.5368,1999.9000,-0.2286,-0.3163,594880.3750,27.3558,604907.0000,1999.9000,
	2026/03/30 15:45:17	,	940544	,	6238	,10.5368,1999.9000,-0.2283,-0.4452,594906.3125,27.3567,604817.0000,1999.9000,
	2026/03/30 15:45:17	,	941544	,	6239	,10.5368,1999.9000,-0.2256,-0.7516,594923.0625,27.3574,604725.7500,1999.9000,
	2026/03/30 15:45:17	,	942544	,	6240	,10.5368,1999.9000,-0.2210,-0.8080,595050.8125,27.3581,604511.3750,1999.9000,
	2026/03/30 15:45:17	,	943544	,	6241	,10.5368,1999.9000,-0.2134,-0.8549,595365.3750,27.3586,604499.5625,1999.9000,
	2026/03/30 15:45:17	,	944544	,	6242	,10.5368,1999.9000,-0.2080,-1.2920,595554.8750,27.3590,604495.6250,1999.9000,
	2026/03/30 15:45:17	,	945544	,	6243	,10.5368,1999.9000,-0.2071,-1.6562,595554.8750,27.3609,604493.6875,1999.9000,
	2026/03/30 15:45:17	,	946544	,	6244	,10.5368,1999.9000,-0.2068,-1.9597,595554.8750,27.3624,604492.5000,1999.9000,
	2026/03/30 15:45:17	,	947544	,	6245	,10.5368,1999.9000,-0.2067,-2.2126,595554.8750,27.3638,604491.6875,1999.9000,
	2026/03/30 15:45:17	,	948544	,	6246	,10.5368,1999.9000,-0.2066,-2.1249,595554.8750,27.3664,604690.7500,1999.9000,
	2026/03/30 15:45:17	,	949544	,	6247	,10.5368,1999.9000,-0.2066,-1.8530,595375.5625,27.3685,604804.3125,1999.9000,
	2026/03/30 15:45:17	,	950544	,	6248	,10.5368,1999.9000,-0.2067,-1.5268,595336.1875,27.3704,604839.3125,1999.9000,
	2026/03/30 15:45:17	,	951544	,	6249	,10.5368,1999.9000,-0.2069,-1.1556,595319.1250,27.3719,604951.6250,1999.9000,
	2026/03/30 15:45:17	,	952544	,	6250	,10.5368,1999.9000,-0.2111,-0.8462,595301.3750,27.3716,605161.8750,1999.9000,
	2026/03/30 15:45:17	,	953544	,	6251	,10.5368,1999.9000,-0.2174,-0.5884,595016.8750,27.3714,605283.3125,1999.9000,
	2026/03/30 15:45:17	,	954544	,	6252	,10.5368,1999.9000,-0.2183,-0.0751,594667.6875,27.3712,605283.3125,1999.9000,
	2026/03/30 15:45:17	,	955544	,	6253	,10.5368,1999.9000,-0.2186,0.3526,594667.6875,27.3726,605283.3125,1999.9000,
	2026/03/30 15:45:17	,	956544	,	6254	,10.5368,1999.9000,-0.2188,0.7091,594667.6875,27.3737,605283.3125,1999.9000,
	2026/03/30 15:45:17	,	957544	,	6255	,10.5368,1999.9000,-0.2189,0.8072,594667.6875,27.3716,605283.3125,1999.9000,
	2026/03/30 15:45:17	,	958544	,	6256	,10.5369,1999.9000,-0.2190,0.8889,594667.6875,27.3699,605073.0625,1999.9000,
	2026/03/30 15:45:17	,	959544	,	6257	,10.5369,1999.9000,-0.2157,0.8575,594850.6250,27.3745,604939.0000,1999.9000,
	2026/03/30 15:45:17	,	960544	,	6258	,10.5369,1999.9000,-0.2131,0.8314,594931.0000,27.3784,604833.8750,1999.9000,
	2026/03/30 15:45:17	,	961544	,	6259	,10.5369,1999.9000,-0.2124,0.9091,594937.0000,27.3862,604751.1250,1999.9000,
	2026/03/30 15:45:17	,	962544	,	6260	,10.5369,1999.9000,-0.2097,0.9738,594949.1250,27.3927,604589.8750,1999.9000,
	2026/03/30 15:45:17	,	963544	,	6261	,10.5369,1999.9000,-0.2042,0.9283,595195.5625,27.3981,604421.3750,1999.9000,
	2026/03/30 15:45:17	,	964544	,	6262	,10.5369,1999.9000,-0.2042,0.9899,595570.3750,27.4026,604421.3750,1999.9000,
	2026/03/30 15:45:17	,	965544	,	6263	,10.5369,1999.9000,-0.2042,1.1406,595570.3750,27.4049,604421.3750,1999.9000,
	2026/03/30 15:45:17	,	966544	,	6264	,10.5369,1999.9000,-0.2042,1.3657,595570.3750,27.4067,604421.3750,1999.9000,
	2026/03/30 15:45:17	,	967544	,	6265	,10.5369,1999.9000,-0.2042,1.5533,595570.3750,27.4083,604421.3750,1999.9000,
	2026/03/30 15:45:17	,	968544	,	6266	,10.5369,1999.9000,-0.2042,1.7096,595570.3750,27.4050,604421.3750,1999.9000,
	2026/03/30 15:45:17	,	969544	,	6267	,10.5368,1999.9000,-0.2085,1.5415,595466.0625,27.4023,604638.8125,1999.9000,
	2026/03/30 15:45:17	,	970544	,	6268	,10.5369,1999.9000,-0.2122,1.4014,595364.1875,27.3939,604766.8750,1999.9000,
	2026/03/30 15:45:17	,	971544	,	6269	,10.5369,1999.9000,-0.2154,1.7820,595341.5625,27.3869,604856.8125,1999.9000,
	2026/03/30 15:45:17	,	972544	,	6270	,10.5369,1999.9000,-0.2191,2.0991,595321.7500,27.3869,604893.6875,1999.9000,
	2026/03/30 15:45:17	,	973544	,	6271	,10.5369,1999.9000,-0.2267,1.8660,595115.7500,27.3842,605080.9375,1999.9000,
	2026/03/30 15:45:17	,	974544	,	6272	,10.5369,1999.9000,-0.2338,1.4729,594763.0000,27.3773,605361.2500,1999.9000,
	2026/03/30 15:45:17	,	975544	,	6273	,10.5369,1999.9000,-0.2338,1.1452,594763.0000,27.3715,605361.2500,1999.9000,
	2026/03/30 15:45:17	,	976544	,	6274	,10.5369,1999.9000,-0.2338,0.8722,594763.0000,27.3637,605361.2500,1999.9000,
	2026/03/30 15:45:17	,	977544	,	6275	,10.5369,1999.9000,-0.2338,0.8436,594763.0000,27.3571,605361.2500,1999.9000,
	2026/03/30 15:45:17	,	978544	,	6276	,10.5369,1999.9000,-0.2338,0.6209,594763.0000,27.3441,605361.2500,1999.9000,
	2026/03/30 15:45:17	,	979544	,	6277	,10.5369,1999.9000,-0.2337,0.4352,594764.6875,27.3332,605140.7500,1999.9000,
	2026/03/30 15:45:17	,	980544	,	6278	,10.5369,1999.9000,-0.2303,0.2805,594896.5000,27.3241,604990.9375,1999.9000,
	2026/03/30 15:45:17	,	981544	,	6279	,10.5369,1999.9000,-0.2274,0.2511,594918.2500,27.3165,604884.6250,1999.9000,
	2026/03/30 15:45:17	,	982544	,	6280	,10.5368,1999.9000,-0.2240,0.5250,594932.2500,27.3102,604795.2500,1999.9000,
	2026/03/30 15:45:17	,	983544	,	6281	,10.5368,1999.9000,-0.2169,0.8527,595084.7500,27.3049,604663.5625,1999.9000,
	2026/03/30 15:45:17	,	984544	,	6282	,10.5368,1999.9000,-0.2096,1.3247,595441.6250,27.3113,604382.0625,1999.9000,
	2026/03/30 15:45:17	,	985544	,	6283	,10.5368,1999.9000,-0.2043,1.7181,595522.6875,27.3211,604382.0625,1999.9000,
	2026/03/30 15:45:17	,	986544	,	6284	,10.5368,1999.9000,-0.2043,1.8470,595522.6875,27.3308,604382.0625,1999.9000,
	2026/03/30 15:45:17	,	987544	,	6285	,10.5368,1999.9000,-0.2043,2.1533,595522.6875,27.3389,604382.0625,1999.9000,
	2026/03/30 15:45:17	,	988544	,	6286	,10.5368,1999.9000,-0.2043,2.4086,595522.6875,27.3457,604382.0625,1999.9000,
	2026/03/30 15:45:17	,	989544	,	6287	,10.5368,1999.9000,-0.2043,2.4223,595522.6875,27.3513,604564.5625,1999.9000,
	2026/03/30 15:45:17	,	990544	,	6288	,10.5368,1999.9000,-0.2045,2.4338,595385.0625,27.3560,604719.1875,1999.9000,
	2026/03/30 15:45:17	,	991544	,	6289	,10.5369,1999.9000,-0.2048,2.4434,595352.9375,27.3599,604810.3125,1999.9000,
	2026/03/30 15:45:17	,	992544	,	6290	,10.5369,1999.9000,-0.2071,2.3519,595335.0625,27.3632,604846.2500,1999.9000,
	2026/03/30 15:45:17	,	993544	,	6291	,10.5369,1999.9000,-0.2113,2.2757,595218.8125,27.3628,605000.0000,1999.9000,
	2026/03/30 15:45:17	,	994544	,	6292	,10.5370,1999.9000,-0.2172,2.2121,594912.6250,27.3610,605286.3125,1999.9000,
	2026/03/30 15:45:17	,	995544	,	6293	,10.5370,1999.9000,-0.2176,2.1592,594730.2500,27.3595,605286.3125,1999.9000,
	2026/03/30 15:45:17	,	996544	,	6294	,10.5370,1999.9000,-0.2177,1.9161,594730.2500,27.3582,605286.3125,1999.9000,
	2026/03/30 15:45:17	,	997544	,	6295	,10.5371,1999.9000,-0.2177,1.7135,594730.2500,27.3572,605286.3125,1999.9000,
	2026/03/30 15:45:17	,	998544	,	6296	,10.5371,1999.9000,-0.2177,1.4453,594730.2500,27.3563,605286.3125,1999.9000,
	2026/03/30 15:45:17	,	999544	,	6297	,10.5372,1999.9000,-0.2178,1.2217,594730.2500,27.3540,605178.7500,1999.9000,
	2026/03/30 15:45:18	,	000544	,	6298	,10.5372,1999.9000,-0.2149,1.0354,594887.0000,27.3491,605007.8750,1999.9000,
	2026/03/30 15:45:18	,	001544	,	6299	,10.5372,1999.9000,-0.2149,0.6812,594923.0625,27.3450,604906.3750,1999.9000,
	2026/03/30 15:45:18	,	002544	,	6300	,10.5372,1999.9000,-0.2124,0.1871,594939.0000,27.3401,604812.1875,1999.9000,
	2026/03/30 15:45:18	,	003544	,	6301	,10.5373,1999.9000,-0.2114,-0.2247,595027.0000,27.3390,604709.4375,1999.9000,
	2026/03/30 15:45:18	,	004544	,	6302	,10.5373,1999.9000,-0.2053,-0.5678,595323.0625,27.3381,604475.7500,1999.9000,
	2026/03/30 15:45:18	,	005544	,	6303	,10.5373,1999.9000,-0.1980,-0.4559,595598.3750,27.3343,604475.7500,1999.9000,
	2026/03/30 15:45:18	,	006544	,	6304	,10.5373,1999.9000,-0.1929,-0.3626,595598.3750,27.3312,604475.7500,1999.9000,
	2026/03/30 15:45:18	,	007544	,	6305	,10.5373,1999.9000,-0.1929,-0.2848,595598.3750,27.3285,604475.7500,1999.9000,
	2026/03/30 15:45:18	,	008544	,	6306	,10.5374,1999.9000,-0.1929,-0.5185,595598.3750,27.3263,604475.7500,1999.9000,
	2026/03/30 15:45:18	,	009544	,	6307	,10.5374,1999.9000,-0.1929,-0.7132,595598.3750,27.3275,604479.7500,1999.9000,
	2026/03/30 15:45:18	,	010544	,	6308	,10.5374,1999.9000,-0.1929,-0.8754,595433.9375,27.3285,604689.5625,1999.9000,
	2026/03/30 15:45:18	,	011544	,	6309	,10.5374,1999.9000,-0.1956,-1.0106,595352.3125,27.3324,604791.6250,1999.9000,
	2026/03/30 15:45:18	,	012544	,	6310	,10.5374,1999.9000,-0.1990,-1.2228,595332.3125,27.3373,604832.1250,1999.9000,
	2026/03/30 15:45:18	,	013544	,	6311	,10.5374,1999.9000,-0.2023,-1.3996,595309.3750,27.3443,604961.3750,1999.9000,
	2026/03/30 15:45:18	,	014544	,	6312	,10.5374,1999.9000,-0.2080,-1.5469,595040.6875,27.3547,605190.8750,1999.9000,
	2026/03/30 15:45:18	,	015544	,	6313	,10.5374,1999.9000,-0.2170,-1.6697,594686.7500,27.3634,605222.9375,1999.9000,
	2026/03/30 15:45:18	,	016544	,	6314	,10.5374,1999.9000,-0.2236,-1.8714,594686.7500,27.3707,605233.6250,1999.9000,
	2026/03/30 15:45:18	,	017544	,	6315	,10.5374,1999.9000,-0.2278,-1.9401,594686.7500,27.3767,605238.9375,1999.9000,
	2026/03/30 15:45:18	,	018544	,	6316	,10.5373,1999.9000,-0.2278,-1.7984,594686.7500,27.3817,605242.1875,1999.9000,
	2026/03/30 15:45:18	,	019544	,	6317	,10.5373,1999.9000,-0.2278,-1.1829,594686.7500,27.3874,605244.2500,1999.9000,
	2026/03/30 15:45:18	,	020544	,	6318	,10.5373,1999.9000,-0.2278,-0.6700,594816.6250,27.3922,605056.1875,1999.9000,
	2026/03/30 15:45:18	,	021544	,	6319	,10.5373,1999.9000,-0.2278,-0.2426,594901.2500,27.3931,604935.3750,1999.9000,
	2026/03/30 15:45:18	,	022544	,	6320	,10.5373,1999.9000,-0.2276,0.1135,594909.6250,27.3939,604835.1250,1999.9000,
	2026/03/30 15:45:18	,	023544	,	6321	,10.5373,1999.9000,-0.2274,0.4104,594926.2500,27.3946,604795.3125,1999.9000,
	2026/03/30 15:45:18	,	024544	,	6322	,10.5373,1999.9000,-0.2241,0.1603,595178.3125,27.3936,604570.5625,1999.9000,
	2026/03/30 15:45:18	,	025544	,	6323	,10.5373,1999.9000,-0.2182,-0.0480,595544.7500,27.3928,604449.7500,1999.9000,
	2026/03/30 15:45:18	,	026544	,	6324	,10.5373,1999.9000,-0.2140,0.2757,595544.7500,27.3936,604449.7500,1999.9000,
	2026/03/30 15:45:18	,	027544	,	6325	,10.5373,1999.9000,-0.2140,0.5455,595544.7500,27.3943,604449.7500,1999.9000,
	2026/03/30 15:45:18	,	028544	,	6326	,10.5373,1999.9000,-0.2140,0.8698,595544.7500,27.3949,604449.7500,1999.9000,
	2026/03/30 15:45:18	,	029544	,	6327	,10.5373,1999.9000,-0.2140,1.3390,595544.7500,27.3953,604449.7500,1999.9000,
	2026/03/30 15:45:18	,	030544	,	6328	,10.5373,1999.9000,-0.2140,1.8294,595460.1250,27.3957,604651.5000,1999.9000,
	2026/03/30 15:45:18	,	031544	,	6329	,10.5373,1999.9000,-0.2172,2.5366,595349.3125,27.3961,604773.5000,1999.9000,
	2026/03/30 15:45:18	,	032544	,	6330	,10.5374,1999.9000,-0.2200,2.8275,595335.3750,27.3964,604860.5000,1999.9000,
	2026/03/30 15:45:18	,	033544	,	6331	,10.5374,1999.9000,-0.2211,3.0698,595325.1250,27.3966,604894.8750,1999.9000,
	2026/03/30 15:45:18	,	034544	,	6332	,10.5374,1999.9000,-0.2246,3.3713,595165.8125,27.3983,605103.8750,1999.9000,
	2026/03/30 15:45:18	,	035544	,	6333	,10.5374,1999.9000,-0.2303,3.9210,594811.8750,27.3998,605311.0625,1999.9000,
	2026/03/30 15:45:18	,	036544	,	6334	,10.5374,1999.9000,-0.2303,4.3790,594793.6875,27.3994,605311.0625,1999.9000,
	2026/03/30 15:45:18	,	037544	,	6335	,10.5374,1999.9000,-0.2303,4.4623,594787.6250,27.3991,605311.0625,1999.9000,
	2026/03/30 15:45:18	,	038544	,	6336	,10.5374,1999.9000,-0.2303,4.3327,594784.6875,27.4004,605311.0625,1999.9000,
	2026/03/30 15:45:18	,	039544	,	6337	,10.5374,1999.9000,-0.2303,3.7274,594782.8125,27.4015,605311.0625,1999.9000,
	2026/03/30 15:45:18	,	040544	,	6338	,10.5373,1999.9000,-0.2302,3.2229,594781.6250,27.4024,605091.8125,1999.9000,
	2026/03/30 15:45:18	,	041544	,	6339	,10.5373,1999.9000,-0.2245,2.6036,594904.2500,27.4016,604950.5000,1999.9000,
	2026/03/30 15:45:18	,	042544	,	6340	,10.5373,1999.9000,-0.2199,2.0875,594921.1875,27.4010,604850.2500,1999.9000,
	2026/03/30 15:45:18	,	043544	,	6341	,10.5373,1999.9000,-0.2160,1.4585,594931.8125,27.4005,604765.0625,1999.9000,
	2026/03/30 15:45:18	,	044544	,	6342	,10.5372,1999.9000,-0.2122,0.9343,595066.3125,27.4000,604620.0625,1999.9000,
	2026/03/30 15:45:18	,	045544	,	6343	,10.5372,1999.9000,-0.2050,0.4975,595411.2500,27.3981,604389.9375,1999.9000,
	2026/03/30 15:45:18	,	046544	,	6344	,10.5372,1999.9000,-0.1981,0.0340,595537.6250,27.3950,604389.9375,1999.9000,
	2026/03/30 15:45:18	,	047544	,	6345	,10.5372,1999.9000,-0.1971,-0.4517,595537.6250,27.3924,604389.9375,1999.9000,
	2026/03/30 15:45:18	,	048544	,	6346	,10.5372,1999.9000,-0.1967,-0.8565,595537.6250,27.3902,604389.9375,1999.9000,
	2026/03/30 15:45:18	,	049544	,	6347	,10.5372,1999.9000,-0.1966,-1.1938,595537.6250,27.3884,604389.9375,1999.9000,
	2026/03/30 15:45:18	,	050544	,	6348	,10.5372,1999.9000,-0.1965,-1.4749,595537.6250,27.3869,604591.0625,1999.9000,
	2026/03/30 15:45:18	,	051544	,	6349	,10.5372,1999.9000,-0.1964,-1.4107,595385.6875,27.3887,604730.6250,1999.9000,
	2026/03/30 15:45:18	,	052544	,	6350	,10.5372,1999.9000,-0.1995,-1.3572,595355.0000,27.3887,604830.8750,1999.9000,
	2026/03/30 15:45:18	,	053544	,	6351	,10.5372,1999.9000,-0.2026,-1.0142,595340.1875,27.3887,604917.2500,1999.9000,
	2026/03/30 15:45:18	,	054544	,	6352	,10.5372,1999.9000,-0.2054,-0.5295,595234.3125,27.3887,605049.5000,1999.9000,
	2026/03/30 15:45:18	,	055544	,	6353	,10.5373,1999.9000,-0.2119,0.0735,594950.7500,27.3902,605339.4375,1999.9000,
	2026/03/30 15:45:18	,	056544	,	6354	,10.5373,1999.9000,-0.2196,0.5759,594678.4375,27.3915,605339.4375,1999.9000,
	2026/03/30 15:45:18	,	057544	,	6355	,10.5373,1999.9000,-0.2249,0.7957,594678.4375,27.3910,605339.4375,1999.9000,
	2026/03/30 15:45:18	,	058544	,	6356	,10.5373,1999.9000,-0.2249,1.1777,594678.4375,27.3875,605339.4375,1999.9000,
	2026/03/30 15:45:18	,	059544	,	6357	,10.5373,1999.9000,-0.2249,1.6951,594678.4375,27.3847,605339.4375,1999.9000,
	2026/03/30 15:45:18	,	060544	,	6358	,10.5373,1999.9000,-0.2249,2.1262,594678.4375,27.3823,605148.5625,1999.9000,
	2026/03/30 15:45:18	,	061544	,	6359	,10.5374,1999.9000,-0.2249,2.4855,594853.6250,27.3772,604978.2500,1999.9000,
	2026/03/30 15:45:18	,	062544	,	6360	,10.5374,1999.9000,-0.2248,2.7848,594936.3750,27.3761,604878.0000,1999.9000,
	2026/03/30 15:45:18	,	063544	,	6361	,10.5374,1999.9000,-0.2223,3.0343,594950.7500,27.3751,604837.5000,1999.9000,
	2026/03/30 15:45:18	,	064544	,	6362	,10.5374,1999.9000,-0.2201,3.1428,594975.3125,27.3743,604688.9375,1999.9000,
	2026/03/30 15:45:18	,	065544	,	6363	,10.5374,1999.9000,-0.2142,3.2331,595286.1875,27.3736,604437.6875,1999.9000,
	2026/03/30 15:45:18	,	066544	,	6364	,10.5374,1999.9000,-0.2060,3.3084,595609.6250,27.3731,604437.6875,1999.9000,
	2026/03/30 15:45:18	,	067544	,	6365	,10.5375,1999.9000,-0.2007,3.3712,595609.6250,27.3772,604437.6875,1999.9000,
	2026/03/30 15:45:18	,	068544	,	6366	,10.5375,1999.9000,-0.2007,3.4235,595609.6250,27.3806,604437.6875,1999.9000,
	2026/03/30 15:45:18	,	069544	,	6367	,10.5375,1999.9000,-0.2007,3.4671,595609.6250,27.3819,604437.6875,1999.9000,
	2026/03/30 15:45:18	,	070544	,	6368	,10.5375,1999.9000,-0.2007,3.5034,595609.6250,27.3831,604533.7500,1999.9000,
	2026/03/30 15:45:18	,	071544	,	6369	,10.5375,1999.9000,-0.2007,3.2352,595435.1250,27.3855,604705.2500,1999.9000,
	2026/03/30 15:45:18	,	072544	,	6370	,10.5375,1999.9000,-0.2030,2.8128,595396.1250,27.3875,604807.3125,1999.9000,
	2026/03/30 15:45:18	,	073544	,	6371	,10.5375,1999.9000,-0.2040,2.4608,595369.5625,27.3877,604842.6875,1999.9000,
	2026/03/30 15:45:18	,	074544	,	6372	,10.5375,1999.9000,-0.2065,2.3664,595268.8125,27.3879,604975.8125,1999.9000,
	2026/03/30 15:45:18	,	075544	,	6373	,10.5375,1999.9000,-0.2105,2.6856,595063.8750,27.3880,605234.3750,1999.9000,
	2026/03/30 15:45:18	,	076544	,	6374	,10.5375,1999.9000,-0.2177,2.9516,594702.8125,27.3881,605234.3750,1999.9000,
	2026/03/30 15:45:18	,	077544	,	6375	,10.5375,1999.9000,-0.2224,3.1733,594702.8125,27.3882,605234.3750,1999.9000,
	2026/03/30 15:45:18	,	078544	,	6376	,10.5374,1999.9000,-0.2224,3.1591,594702.8125,27.3867,605234.3750,1999.9000,
	2026/03/30 15:45:18	,	079544	,	6377	,10.5374,1999.9000,-0.2224,2.3515,594702.8125,27.3871,605234.3750,1999.9000,
	2026/03/30 15:45:18	,	080544	,	6378	,10.5374,1999.9000,-0.2224,2.2753,594702.8125,27.3873,605234.1875,1999.9000,
	2026/03/30 15:45:18	,	081544	,	6379	,10.5374,1999.9000,-0.2224,2.4108,594804.1250,27.3860,605028.4375,1999.9000,
	2026/03/30 15:45:18	,	082544	,	6380	,10.5374,1999.9000,-0.2187,2.8221,594916.7500,27.3849,604916.0000,1999.9000,
	2026/03/30 15:45:18	,	083544	,	6381	,10.5374,1999.9000,-0.2155,3.1648,594932.5625,27.3840,604824.8750,1999.9000,
	2026/03/30 15:45:18	,	084544	,	6382	,10.5373,1999.9000,-0.2130,3.3510,594945.5625,27.3832,604741.5000,1999.9000,
	2026/03/30 15:45:18	,	085544	,	6383	,10.5373,1999.9000,-0.2091,3.3072,595148.5000,27.3780,604539.7500,1999.9000,
	2026/03/30 15:45:18	,	086544	,	6384	,10.5373,1999.9000,-0.2021,3.0717,595519.1250,27.3721,604501.0625,1999.9000,
	2026/03/30 15:45:18	,	087544	,	6385	,10.5373,1999.9000,-0.1986,2.8755,595519.1250,27.3672,604488.1875,1999.9000,
	2026/03/30 15:45:18	,	088544	,	6386	,10.5373,1999.9000,-0.1986,2.7120,595519.1250,27.3632,604481.7500,1999.9000,
	2026/03/30 15:45:18	,	089544	,	6387	,10.5373,1999.9000,-0.1986,2.3768,595519.1250,27.3598,604477.8125,1999.9000,
	2026/03/30 15:45:18	,	090544	,	6388	,10.5373,1999.9000,-0.1986,2.0974,595519.1250,27.3585,604475.2500,1999.9000,
	2026/03/30 15:45:18	,	091544	,	6389	,10.5373,1999.9000,-0.1986,1.8647,595511.3125,27.3620,604661.7500,1999.9000,
	2026/03/30 15:45:18	,	092544	,	6390	,10.5373,1999.9000,-0.2016,1.6707,595336.1875,27.3725,604766.2500,1999.9000,
	2026/03/30 15:45:18	,	093544	,	6391	,10.5373,1999.9000,-0.2044,1.5090,595312.0625,27.3813,604858.0625,1999.9000,
	2026/03/30 15:45:18	,	094544	,	6392	,10.5373,1999.9000,-0.2071,1.3743,595302.0625,27.3886,604951.6250,1999.9000,
	2026/03/30 15:45:18	,	095544	,	6393	,10.5373,1999.9000,-0.2112,1.4610,595175.9375,27.3947,605146.1875,1999.9000,
	2026/03/30 15:45:18	,	096544	,	6394	,10.5373,1999.9000,-0.2193,1.7322,594856.0000,27.3998,605302.5625,1999.9000,
	2026/03/30 15:45:18	,	097544	,	6395	,10.5373,1999.9000,-0.2262,2.0576,594756.5000,27.3998,605302.5625,1999.9000,
	2026/03/30 15:45:18	,	098544	,	6396	,10.5373,1999.9000,-0.2264,2.3288,594756.5000,27.4041,605302.5625,1999.9000,
	2026/03/30 15:45:18	,	099544	,	6397	,10.5373,1999.9000,-0.2265,2.5549,594756.5000,27.4076,605302.5625,1999.9000,
	2026/03/30 15:45:18	,	100544	,	6398	,10.5373,1999.9000,-0.2265,2.6437,594756.5000,27.4105,605302.5625,1999.9000,
	2026/03/30 15:45:18	,	101544	,	6399	,10.5373,1999.9000,-0.2266,2.5188,594756.5000,27.4069,605066.4375,1999.9000,
	2026/03/30 15:45:18	,	102544	,	6400	,10.5373,1999.9000,-0.2266,2.3153,594897.6250,27.4038,604930.5625,1999.9000,
	2026/03/30 15:45:18	,	103544	,	6401	,10.5373,1999.9000,-0.2237,1.9467,594923.5625,27.4013,604845.9375,1999.9000,
	2026/03/30 15:45:18	,	104544	,	6402	,10.5374,1999.9000,-0.2212,1.6396,594935.4375,27.3976,604808.2500,1999.9000,
	2026/03/30 15:45:18	,	105544	,	6403	,10.5374,1999.9000,-0.2185,1.3836,595051.3750,27.3916,604613.4375,1999.9000,
	2026/03/30 15:45:18	,	106544	,	6404	,10.5374,1999.9000,-0.2121,1.1703,595378.5000,27.3850,604396.0000,1999.9000,
	2026/03/30 15:45:18	,	107544	,	6405	,10.5374,1999.9000,-0.2063,0.9926,595556.0625,27.3810,604396.0000,1999.9000,
	2026/03/30 15:45:18	,	108544	,	6406	,10.5374,1999.9000,-0.2063,0.8445,595556.0625,27.3823,604396.0000,1999.9000,
	2026/03/30 15:45:18	,	109544	,	6407	,10.5374,1999.9000,-0.2063,0.6216,595556.0625,27.3833,604396.0000,1999.9000,
	2026/03/30 15:45:18	,	110544	,	6408	,10.5374,1999.9000,-0.2063,0.0379,595556.0625,27.3857,604396.0000,1999.9000,
	2026/03/30 15:45:18	,	111544	,	6409	,10.5374,1999.9000,-0.2063,0.0489,595556.0625,27.3816,604615.8750,1999.9000,
	2026/03/30 15:45:18	,	112544	,	6410	,10.5374,1999.9000,-0.2094,0.1575,595398.1875,27.3782,604762.0000,1999.9000,
	2026/03/30 15:45:18	,	113544	,	6411	,10.5374,1999.9000,-0.2121,0.2481,595317.6875,27.3814,604858.0625,1999.9000,
	2026/03/30 15:45:18	,	114544	,	6412	,10.5374,1999.9000,-0.2132,0.3235,595304.0000,27.3842,604892.7500,1999.9000,
	2026/03/30 15:45:18	,	115544	,	6413	,10.5374,1999.9000,-0.2165,0.2869,595278.8125,27.3864,605057.3750,1999.9000,
	2026/03/30 15:45:18	,	116544	,	6414	,10.5374,1999.9000,-0.2225,0.2564,594971.0000,27.3883,605057.3750,1999.9000,
	2026/03/30 15:45:18	,	117544	,	6415	,10.5374,1999.9000,-0.2297,0.3305,594655.8125,27.3899,605355.1875,1999.9000,
	2026/03/30 15:45:18	,	118544	,	6416	,10.5374,1999.9000,-0.2297,0.5911,594655.8125,27.3912,605355.1875,1999.9000,
	2026/03/30 15:45:18	,	119544	,	6417	,10.5374,1999.9000,-0.2297,0.8083,594655.8125,27.3877,605355.1875,1999.9000,
	2026/03/30 15:45:18	,	120544	,	6418	,10.5374,1999.9000,-0.2297,0.9893,594655.8125,27.3848,605355.1875,1999.9000,
	2026/03/30 15:45:18	,	121544	,	6419	,10.5374,1999.9000,-0.2297,1.1402,594655.8125,27.3824,605355.1875,1999.9000,
	2026/03/30 15:45:18	,	122544	,	6420	,10.5374,1999.9000,-0.2273,0.8680,594839.8750,27.3804,605129.3125,1999.9000,
	2026/03/30 15:45:18	,	123544	,	6421	,10.5373,1999.9000,-0.2224,0.6412,594925.6250,27.3818,604985.5000,1999.9000,
	2026/03/30 15:45:18	,	124544	,	6422	,10.5373,1999.9000,-0.2178,0.7506,594937.9375,27.3829,604892.4375,1999.9000,
	2026/03/30 15:45:18	,	125544	,	6423	,10.5373,1999.9000,-0.2135,0.3444,594955.6875,27.3838,604801.3125,1999.9000,
	2026/03/30 15:45:18	,	126544	,	6424	,10.5373,1999.9000,-0.2064,0.0059,595239.6875,27.3816,604679.8750,1999.9000,
	2026/03/30 15:45:18	,	127544	,	6425	,10.5373,1999.9000,-0.1981,-0.2762,595612.6250,27.3797,604402.6250,1999.9000,
	2026/03/30 15:45:18	,	128544	,	6426	,10.5373,1999.9000,-0.1974,-0.0139,595612.6250,27.3782,604402.6250,1999.9000,
	2026/03/30 15:45:18	,	129544	,	6427	,10.5373,1999.9000,-0.1971,0.5031,595612.6250,27.3799,604402.6250,1999.9000,
	2026/03/30 15:45:18	,	130544	,	6428	,10.5373,1999.9000,-0.1970,0.9339,595612.6250,27.3814,604402.6250,1999.9000,
	2026/03/30 15:45:18	,	131544	,	6429	,10.5373,1999.9000,-0.1969,1.2929,595612.6250,27.3780,604402.6250,1999.9000,
	2026/03/30 15:45:18	,	132544	,	6430	,10.5374,1999.9000,-0.1969,1.2937,595451.8125,27.3721,604555.4375,1999.9000,
	2026/03/30 15:45:18	,	133544	,	6431	,10.5374,1999.9000,-0.2004,1.5928,595346.3125,27.3657,604719.7500,1999.9000,
	2026/03/30 15:45:18	,	134544	,	6432	,10.5374,1999.9000,-0.2035,2.1404,595330.5000,27.3603,604809.1250,1999.9000,
	2026/03/30 15:45:18	,	135544	,	6433	,10.5374,1999.9000,-0.2060,2.5968,595319.3125,27.3605,604896.7500,1999.9000,
	2026/03/30 15:45:18	,	136544	,	6434	,10.5374,1999.9000,-0.2110,2.9771,595112.1875,27.3606,605011.4375,1999.9000,
	2026/03/30 15:45:18	,	137544	,	6435	,10.5374,1999.9000,-0.2188,3.0951,594755.8750,27.3561,605281.4375,1999.9000,
	2026/03/30 15:45:18	,	138544	,	6436	,10.5374,1999.9000,-0.2244,3.1934,594755.8750,27.3524,605281.4375,1999.9000,
	2026/03/30 15:45:18	,	139544	,	6437	,10.5374,1999.9000,-0.2244,3.2753,594755.8750,27.3493,605281.4375,1999.9000,
	2026/03/30 15:45:18	,	140544	,	6438	,10.5374,1999.9000,-0.2244,3.3436,594755.8750,27.3497,605281.4375,1999.9000,
	2026/03/30 15:45:18	,	141544	,	6439	,10.5374,1999.9000,-0.2244,3.4005,594755.8750,27.3562,605281.4375,1999.9000,
	2026/03/30 15:45:18	,	142544	,	6440	,10.5374,1999.9000,-0.2244,3.3484,594763.4375,27.3646,605268.8750,1999.9000,
	2026/03/30 15:45:18	,	143544	,	6441	,10.5374,1999.9000,-0.2244,3.2056,594904.2500,27.3717,605017.5000,1999.9000,
	2026/03/30 15:45:18	,	144544	,	6442	,10.5374,1999.9000,-0.2241,2.9870,594917.3750,27.3699,604898.5000,1999.9000,
	2026/03/30 15:45:18	,	145544	,	6443	,10.5375,1999.9000,-0.2215,2.0091,594927.6875,27.3776,604803.6875,1999.9000,
	2026/03/30 15:45:18	,	146544	,	6444	,10.5375,1999.9000,-0.2181,1.1942,595107.4375,27.3840,604764.4375,1999.9000,
	2026/03/30 15:45:18	,	147544	,	6445	,10.5375,1999.9000,-0.2108,0.5151,595481.0000,27.3893,604509.5625,1999.9000,
	2026/03/30 15:45:18	,	148544	,	6446	,10.5375,1999.9000,-0.2052,0.5151,595495.3125,27.3846,604500.1250,1999.9000,
	2026/03/30 15:45:18	,	149544	,	6447	,10.5375,1999.9000,-0.2052,-0.0508,595500.0625,27.3807,604497.0000,1999.9000,
	2026/03/30 15:45:18	,	150544	,	6448	,10.5375,1999.9000,-0.2052,-0.5224,595502.4375,27.3775,604495.4375,1999.9000,
	2026/03/30 15:45:18	,	151544	,	6449	,10.5375,1999.9000,-0.2052,-0.7164,595503.9375,27.3747,604494.5000,1999.9000,
	2026/03/30 15:45:18	,	152544	,	6450	,10.5375,1999.9000,-0.2052,-0.6792,595504.8125,27.3618,604493.9375,1999.9000,
	2026/03/30 15:45:18	,	153544	,	6451	,10.5374,1999.9000,-0.2083,-0.6481,595366.0000,27.3510,604675.6875,1999.9000,
	2026/03/30 15:45:18	,	154544	,	6452	,10.5374,1999.9000,-0.2117,-0.6223,595341.8125,27.3420,604778.9375,1999.9000,
	2026/03/30 15:45:18	,	155544	,	6453	,10.5374,1999.9000,-0.2148,-0.6007,595326.0000,27.3482,604818.5000,1999.9000,
	2026/03/30 15:45:18	,	156544	,	6454	,10.5374,1999.9000,-0.2190,-0.5828,595192.5625,27.3534,604937.8125,1999.9000,
	2026/03/30 15:45:18	,	157544	,	6455	,10.5374,1999.9000,-0.2266,-0.0704,594879.2500,27.3578,605163.0625,1999.9000,
	2026/03/30 15:45:18	,	158544	,	6456	,10.5374,1999.9000,-0.2272,0.3565,594711.8125,27.3614,605259.1250,1999.9000,
	2026/03/30 15:45:18	,	159544	,	6457	,10.5374,1999.9000,-0.2274,0.7123,594711.8125,27.3644,605259.1250,1999.9000,
	2026/03/30 15:45:18	,	160544	,	6458	,10.5374,1999.9000,-0.2275,1.0088,594711.8125,27.3669,605259.1250,1999.9000,
	2026/03/30 15:45:18	,	161544	,	6459	,10.5374,1999.9000,-0.2275,1.2559,594711.8125,27.3690,605259.1250,1999.9000,
	2026/03/30 15:45:18	,	162544	,	6460	,10.5374,1999.9000,-0.2276,1.4618,594711.8125,27.3708,605259.1250,1999.9000,
	2026/03/30 15:45:18	,	163544	,	6461	,10.5374,1999.9000,-0.2237,1.6333,594866.6875,27.3722,605059.1875,1999.9000,
	2026/03/30 15:45:18	,	164544	,	6462	,10.5374,1999.9000,-0.2202,1.7763,594899.1875,27.3734,604941.3750,1999.9000,
	2026/03/30 15:45:18	,	165544	,	6463	,10.5374,1999.9000,-0.2171,1.8955,594913.1875,27.3744,604844.1875,1999.9000,
	2026/03/30 15:45:18	,	166544	,	6464	,10.5374,1999.9000,-0.2133,1.7958,595021.0000,27.3753,604754.1875,1999.9000,
	2026/03/30 15:45:18	,	167544	,	6465	,10.5374,1999.9000,-0.2062,1.7128,595345.6875,27.3759,604580.2500,1999.9000,
	2026/03/30 15:45:18	,	168544	,	6466	,10.5374,1999.9000,-0.2021,1.6436,595569.7500,27.3781,604434.0625,1999.9000,
	2026/03/30 15:45:18	,	169544	,	6467	,10.5374,1999.9000,-0.2021,1.5859,595569.7500,27.3783,604434.0625,1999.9000,
	2026/03/30 15:45:18	,	170544	,	6468	,10.5374,1999.9000,-0.2021,1.6373,595569.7500,27.3785,604434.0625,1999.9000,
	2026/03/30 15:45:18	,	171544	,	6469	,10.5374,1999.9000,-0.2021,1.6802,595569.7500,27.3802,604434.0625,1999.9000,
	2026/03/30 15:45:18	,	172544	,	6470	,10.5373,1999.9000,-0.2021,1.7159,595569.7500,27.3831,604434.0625,1999.9000,
	2026/03/30 15:45:18	,	173544	,	6471	,10.5374,1999.9000,-0.2058,1.7456,595397.5625,27.3856,604645.4375,1999.9000,
	2026/03/30 15:45:18	,	174544	,	6472	,10.5374,1999.9000,-0.2058,1.8699,595314.1875,27.3891,604765.0625,1999.9000,
	2026/03/30 15:45:18	,	175544	,	6473	,10.5374,1999.9000,-0.2091,1.9735,595306.7500,27.3921,604868.3750,1999.9000,
	2026/03/30 15:45:18	,	176544	,	6474	,10.5374,1999.9000,-0.2120,1.9603,595288.3750,27.3946,604907.6250,1999.9000,
	2026/03/30 15:45:18	,	177544	,	6475	,10.5374,1999.9000,-0.2146,1.9493,595005.5000,27.3951,605108.1250,1999.9000,
	2026/03/30 15:45:18	,	178544	,	6476	,10.5373,1999.9000,-0.2204,1.5423,594665.9375,27.3955,605358.7500,1999.9000,
	2026/03/30 15:45:18	,	179544	,	6477	,10.5373,1999.9000,-0.2244,1.2031,594665.9375,27.3974,605358.7500,1999.9000,
	2026/03/30 15:45:18	,	180544	,	6478	,10.5373,1999.9000,-0.2244,0.9204,594665.9375,27.4005,605358.7500,1999.9000,
	2026/03/30 15:45:18	,	181544	,	6479	,10.5373,1999.9000,-0.2244,0.6848,594665.9375,27.4016,605358.7500,1999.9000,
	2026/03/30 15:45:18	,	182544	,	6480	,10.5373,1999.9000,-0.2244,0.0906,594665.9375,27.4010,605358.7500,1999.9000,
	2026/03/30 15:45:18	,	183544	,	6481	,10.5373,1999.9000,-0.2244,-0.4045,594849.3750,27.4004,605125.0000,1999.9000,
	2026/03/30 15:45:18	,	184544	,	6482	,10.5373,1999.9000,-0.2198,-0.8172,594936.3750,27.4000,604983.0625,1999.9000,
	2026/03/30 15:45:18	,	185544	,	6483	,10.5373,1999.9000,-0.2158,-0.7631,594949.8125,27.3966,604871.3750,1999.9000,
	2026/03/30 15:45:18	,	186544	,	6484	,10.5373,1999.9000,-0.2126,-0.7181,594949.8125,27.3968,604785.5625,1999.9000,
	2026/03/30 15:45:18	,	187544	,	6485	,10.5373,1999.9000,-0.2097,-0.4816,594965.0000,27.4000,604660.5000,1999.9000,
	2026/03/30 15:45:18	,	188544	,	6486	,10.5373,1999.9000,-0.2036,-0.1851,595209.3125,27.4027,604385.7500,1999.9000,
	2026/03/30 15:45:18	,	189544	,	6487	,10.5373,1999.9000,-0.1965,0.0620,595586.4375,27.4079,604385.7500,1999.9000,
	2026/03/30 15:45:18	,	190544	,	6488	,10.5373,1999.9000,-0.1965,0.3674,595586.4375,27.4139,604385.7500,1999.9000,
	2026/03/30 15:45:18	,	191544	,	6489	,10.5373,1999.9000,-0.1965,0.8209,595586.4375,27.4188,604385.7500,1999.9000,
	2026/03/30 15:45:18	,	192544	,	6490	,10.5372,1999.9000,-0.1965,1.1987,595586.4375,27.4230,604385.7500,1999.9000,
	2026/03/30 15:45:18	,	193544	,	6491	,10.5372,1999.9000,-0.1965,1.5136,595586.4375,27.4264,604588.6875,1999.9000,
	2026/03/30 15:45:18	,	194544	,	6492	,10.5372,1999.9000,-0.2001,1.4776,595453.5625,27.4293,604726.3750,1999.9000,
	2026/03/30 15:45:18	,	195544	,	6493	,10.5372,1999.9000,-0.2037,1.4476,595343.9375,27.4301,604818.8125,1999.9000,
	2026/03/30 15:45:18	,	196544	,	6494	,10.5372,1999.9000,-0.2066,1.4226,595325.4375,27.4293,604903.3750,1999.9000,
	2026/03/30 15:45:18	,	197544	,	6495	,10.5372,1999.9000,-0.2092,1.7002,595311.1250,27.4225,605006.6250,1999.9000,
	2026/03/30 15:45:18	,	198544	,	6496	,10.5372,1999.9000,-0.2149,1.9315,595123.5000,27.4123,605275.4375,1999.9000,
	2026/03/30 15:45:18	,	199544	,	6497	,10.5372,1999.9000,-0.2235,2.1243,594771.3750,27.4038,605275.4375,1999.9000,
	2026/03/30 15:45:18	,	200544	,	6498	,10.5372,1999.9000,-0.2296,2.2849,594771.3750,27.3951,605275.4375,1999.9000,
	2026/03/30 15:45:18	,	201544	,	6499	,10.5372,1999.9000,-0.2296,2.4188,594771.3750,27.3880,605275.4375,1999.9000,
	2026/03/30 15:45:18	,	202544	,	6500	,10.5372,1999.9000,-0.2296,2.5303,594771.3750,27.3835,605275.4375,1999.9000,
	2026/03/30 15:45:18	,	203544	,	6501	,10.5372,1999.9000,-0.2296,2.6233,594771.3750,27.3797,605168.5000,1999.9000,
	2026/03/30 15:45:18	,	204544	,	6502	,10.5372,1999.9000,-0.2296,2.5018,594774.1875,27.3766,604990.9375,1999.9000,
	2026/03/30 15:45:18	,	205544	,	6503	,10.5372,1999.9000,-0.2273,2.2016,594908.3750,27.3786,604882.8125,1999.9000,
	2026/03/30 15:45:18	,	206544	,	6504	,10.5373,1999.9000,-0.2249,1.8520,594928.0625,27.3803,604799.4375,1999.9000,
	2026/03/30 15:45:18	,	207544	,	6505	,10.5372,1999.9000,-0.2226,1.5606,594941.7500,27.3817,604710.6875,1999.9000,
	2026/03/30 15:45:18	,	208544	,	6506	,10.5372,1999.9000,-0.2185,1.3179,595098.5000,27.3828,604483.5625,1999.9000,
	2026/03/30 15:45:18	,	209544	,	6507	,10.5372,1999.9000,-0.2114,1.1155,595447.6250,27.3838,604483.5625,1999.9000,
	2026/03/30 15:45:18	,	210544	,	6508	,10.5372,1999.9000,-0.2069,1.0464,595487.5000,27.3846,604483.5625,1999.9000,
	2026/03/30 15:45:18	,	211544	,	6509	,10.5372,1999.9000,-0.2069,0.9888,595500.8750,27.3853,604483.5625,1999.9000,
	2026/03/30 15:45:18	,	212544	,	6510	,10.5372,1999.9000,-0.2069,0.9408,595507.5000,27.3874,604483.5625,1999.9000,
	2026/03/30 15:45:18	,	213544	,	6511	,10.5372,1999.9000,-0.2069,0.9008,595511.5625,27.3891,604490.3125,1999.9000,
	2026/03/30 15:45:18	,	214544	,	6512	,10.5372,1999.9000,-0.2069,0.8674,595514.1875,27.3890,604704.0000,1999.9000,
	2026/03/30 15:45:18	,	215544	,	6513	,10.5372,1999.9000,-0.2069,1.0386,595371.3125,27.3859,604805.5000,1999.9000,
	2026/03/30 15:45:18	,	216544	,	6514	,10.5372,1999.9000,-0.2093,1.3802,595341.8125,27.3818,604888.2500,1999.9000,
	2026/03/30 15:45:18	,	217544	,	6515	,10.5372,1999.9000,-0.2115,1.6648,595327.8125,27.3768,604981.2500,1999.9000,
	2026/03/30 15:45:18	,	218544	,	6516	,10.5372,1999.9000,-0.2152,1.9020,595211.6875,27.3757,605227.1250,1999.9000,
	2026/03/30 15:45:18	,	219544	,	6517	,10.5372,1999.9000,-0.2222,2.0002,594907.2500,27.3748,605232.8125,1999.9000,
	2026/03/30 15:45:18	,	220544	,	6518	,10.5373,1999.9000,-0.2273,2.2810,594704.6250,27.3741,605234.7500,1999.9000,
	2026/03/30 15:45:18	,	221544	,	6519	,10.5373,1999.9000,-0.2284,2.5150,594704.6250,27.3704,605235.7500,1999.9000,
