#BeginHeader,,
#FormatType,M-M20X\NORMAL,
#FormatVersion,V_1.1.9.7,
测量模式,正常模式,
采集开始时间,	2026/03/30 16:20:03.067972	,
采样周期,1ms,
保存选项,Standard,
,
通道条件,
通道编号,,,(M-1)M208,(M-1)M208,(M-1)M208,(M-1)M208,(M-1)M208,(M-1)M208,(M-1)M208,(M-1)M208,
波形名,,,CH1,CH2,CH3,CH4,CH5,CH6,CH7,CH8,
输入,,,20mA,PT100(3线),20V,0~1A,0~1A,PT100(3线),0~1A,PT100(4线),
单位,,,mA,℃,V,mA,℃,℃,mA,mA,
#EndHeader,
时间,μs,运行时间ms,(M-1)CH1,(M-1)CH2,(M-1)CH3,(M-1)CH4,(M-1)CH5,(M-1)CH6,(M-1)CH7,(M-1)CH8,
	2026/03/30 16:20:03	,	067972	,	0	,10.5367,1999.9000,-0.2196,796.9431,594724.8750,27.6327,605249.6875,1999.9000,
	2026/03/30 16:20:03	,	068972	,	1	,10.5367,1999.9000,-0.2196,796.9431,594724.8750,27.6327,605249.6875,1999.9000,
	2026/03/30 16:20:03	,	069972	,	2	,10.5367,1999.9000,-0.2196,796.8348,594724.8750,27.6301,605046.5625,1999.9000,
	2026/03/30 16:20:03	,	070972	,	3	,10.5367,1999.9000,-0.2196,796.7446,594854.1875,27.6280,604924.5000,1999.9000,
	2026/03/30 16:20:03	,	071972	,	4	,10.5367,1999.9000,-0.2196,796.4705,594888.1250,27.6278,604923.5625,1999.9000,
	2026/03/30 16:20:03	,	072972	,	5	,10.5367,1999.9000,-0.2113,796.2421,595247.4375,27.6276,604923.2500,1999.9000,
	2026/03/30 16:20:03	,	073972	,	6	,10.5367,1999.9000,-0.2113,796.0517,595247.4375,27.6275,604923.1250,1999.9000,
	2026/03/30 16:20:03	,	074972	,	7	,10.5368,1999.9000,-0.2113,795.8931,595247.4375,27.6273,604923.0625,1999.9000,
	2026/03/30 16:20:03	,	075972	,	8	,10.5368,1999.9000,-0.2113,795.7609,595247.4375,27.6272,604923.0000,1999.9000,
	2026/03/30 16:20:03	,	076972	,	9	,10.5368,1999.9000,-0.2113,795.9492,595247.4375,27.6271,605130.4375,1999.9000,
	2026/03/30 16:20:03	,	077972	,	10	,10.5368,1999.9000,-0.2170,796.2055,594954.8750,27.6271,605314.0625,1999.9000,
	2026/03/30 16:20:03	,	078972	,	11	,10.5368,1999.9000,-0.2170,796.4192,594665.9375,27.6270,605314.0625,1999.9000,
	2026/03/30 16:20:03	,	079972	,	12	,10.5368,1999.9000,-0.2170,796.5972,594665.9375,27.6270,605314.0625,1999.9000,
	2026/03/30 16:20:03	,	080972	,	13	,10.5368,1999.9000,-0.2170,796.7455,594665.9375,27.6254,605314.0625,1999.9000,
	2026/03/30 16:20:03	,	081972	,	14	,10.5368,1999.9000,-0.2170,796.8691,594665.9375,27.6241,605314.0625,1999.9000,
	2026/03/30 16:20:03	,	082972	,	15	,10.5368,1999.9000,-0.2132,796.9722,594665.9375,27.6245,605103.8750,1999.9000,
	2026/03/30 16:20:03	,	083972	,	16	,10.5368,1999.9000,-0.2095,797.0580,594819.0000,27.6249,604968.6250,1999.9000,
	2026/03/30 16:20:03	,	084972	,	17	,10.5368,1999.9000,-0.2063,797.1296,594900.6250,27.6237,604865.9375,1999.9000,
	2026/03/30 16:20:03	,	085972	,	18	,10.5368,1999.9000,-0.2037,797.0897,594922.6875,27.6226,604780.1250,1999.9000,
	2026/03/30 16:20:03	,	086972	,	19	,10.5368,1999.9000,-0.1989,796.9570,595016.2500,27.6218,604611.6250,1999.9000,
	2026/03/30 16:20:03	,	087972	,	20	,10.5368,1999.9000,-0.1927,796.8465,595307.0000,27.6211,604369.3750,1999.9000,
	2026/03/30 16:20:03	,	088972	,	21	,10.5367,1999.9000,-0.1918,796.7544,595677.0000,27.6205,604369.3750,1999.9000,
	2026/03/30 16:20:03	,	089972	,	22	,10.5367,1999.9000,-0.1915,796.6776,595677.0000,27.6215,604369.3750,1999.9000,
	2026/03/30 16:20:03	,	090972	,	23	,10.5367,1999.9000,-0.1914,796.6136,595677.0000,27.6224,604369.3750,1999.9000,
	2026/03/30 16:20:03	,	091972	,	24	,10.5367,1999.9000,-0.1913,796.5603,595677.0000,27.6277,604369.3750,1999.9000,
	2026/03/30 16:20:03	,	092972	,	25	,10.5367,1999.9000,-0.1912,796.5158,595677.0000,27.6351,604575.3750,1999.9000,
	2026/03/30 16:20:03	,	093972	,	26	,10.5367,1999.9000,-0.1947,796.3793,595510.1875,27.6413,604702.8125,1999.9000,
	2026/03/30 16:20:03	,	094972	,	27	,10.5368,1999.9000,-0.1986,796.3651,595414.2500,27.6465,604810.3125,1999.9000,
	2026/03/30 16:20:03	,	095972	,	28	,10.5368,1999.9000,-0.2022,796.3531,595390.7500,27.6524,604901.5625,1999.9000,
	2026/03/30 16:20:03	,	096972	,	29	,10.5368,1999.9000,-0.2079,796.2437,595309.4375,27.6573,605055.5625,1999.9000,
	2026/03/30 16:20:03	,	097972	,	30	,10.5368,1999.9000,-0.2167,795.9536,595099.6875,27.6613,605367.8125,1999.9000,
	2026/03/30 16:20:03	,	098972	,	31	,10.5368,1999.9000,-0.2233,795.7119,594742.1875,27.6632,605367.8125,1999.9000,
	2026/03/30 16:20:03	,	099972	,	32	,10.5368,1999.9000,-0.2233,795.7094,594742.1875,27.6647,605367.8125,1999.9000,
	2026/03/30 16:20:03	,	100972	,	33	,10.5368,1999.9000,-0.2233,795.7073,594742.1875,27.6660,605367.8125,1999.9000,
	2026/03/30 16:20:03	,	101972	,	34	,10.5368,1999.9000,-0.2233,795.7055,594742.1875,27.6655,605367.8125,1999.9000,
	2026/03/30 16:20:03	,	102972	,	35	,10.5368,1999.9000,-0.2233,796.0025,594742.1875,27.6636,605146.1875,1999.9000,
	2026/03/30 16:20:03	,	103972	,	36	,10.5368,1999.9000,-0.2231,796.1505,594748.0000,27.6560,604999.3750,1999.9000,
	2026/03/30 16:20:03	,	104972	,	37	,10.5368,1999.9000,-0.2186,796.2739,594894.7500,27.6495,604878.6250,1999.9000,
	2026/03/30 16:20:03	,	105972	,	38	,10.5367,1999.9000,-0.2157,796.3766,594922.7500,27.6366,604790.4375,1999.9000,
	2026/03/30 16:20:03	,	106972	,	39	,10.5367,1999.9000,-0.2110,796.4622,594943.5625,27.6334,604672.0625,1999.9000,
	2026/03/30 16:20:03	,	107972	,	40	,10.5367,1999.9000,-0.2025,796.5336,595172.9375,27.6308,604401.4375,1999.9000,
	2026/03/30 16:20:03	,	108972	,	41	,10.5367,1999.9000,-0.1957,796.0957,595554.8750,27.6286,604401.4375,1999.9000,
	2026/03/30 16:20:03	,	109972	,	42	,10.5367,1999.9000,-0.1957,795.7308,595554.8750,27.6267,604401.4375,1999.9000,
	2026/03/30 16:20:03	,	110972	,	43	,10.5367,1999.9000,-0.1930,795.3273,595554.8750,27.6221,604401.4375,1999.9000,
	2026/03/30 16:20:03	,	111972	,	44	,10.5366,1999.9000,-0.1930,794.9910,595554.8750,27.6152,604401.4375,1999.9000,
	2026/03/30 16:20:03	,	112972	,	45	,10.5366,1999.9000,-0.1930,794.4123,595554.8750,27.6125,604516.1875,1999.9000,
	2026/03/30 16:20:03	,	113972	,	46	,10.5366,1999.9000,-0.1930,793.9301,595552.6875,27.6118,604673.1875,1999.9000,
	2026/03/30 16:20:03	,	114972	,	47	,10.5366,1999.9000,-0.1930,793.4287,595406.5000,27.6128,604783.1875,1999.9000,
	2026/03/30 16:20:03	,	115972	,	48	,10.5367,1999.9000,-0.1932,793.0109,595377.3125,27.6136,604881.6250,1999.9000,
	2026/03/30 16:20:03	,	116972	,	49	,10.5367,1999.9000,-0.1935,792.8617,595358.2500,27.6142,605001.1875,1999.9000,
	2026/03/30 16:20:03	,	117972	,	50	,10.5367,1999.9000,-0.1972,792.3395,595184.2500,27.6148,605271.1875,1999.9000,
	2026/03/30 16:20:03	,	118972	,	51	,10.5368,1999.9000,-0.2034,791.9042,594839.8750,27.6168,605271.1875,1999.9000,
	2026/03/30 16:20:03	,	119972	,	52	,10.5368,1999.9000,-0.2090,791.5416,594721.9375,27.6168,605271.1875,1999.9000,
	2026/03/30 16:20:03	,	120972	,	53	,10.5368,1999.9000,-0.2094,791.2394,594721.9375,27.6215,605271.1875,1999.9000,
	2026/03/30 16:20:03	,	121972	,	54	,10.5368,1999.9000,-0.2095,791.0870,594721.9375,27.6254,605271.1875,1999.9000,
	2026/03/30 16:20:03	,	122972	,	55	,10.5368,1999.9000,-0.2096,791.2584,594721.9375,27.6287,605263.5625,1999.9000,
	2026/03/30 16:20:03	,	123972	,	56	,10.5368,1999.9000,-0.2096,791.6998,594721.9375,27.6314,605042.2500,1999.9000,
	2026/03/30 16:20:03	,	124972	,	57	,10.5368,1999.9000,-0.2097,792.0674,594868.5000,27.6382,604914.2500,1999.9000,
	2026/03/30 16:20:03	,	125972	,	58	,10.5368,1999.9000,-0.2093,791.7771,594900.9375,27.6439,604809.6875,1999.9000,
	2026/03/30 16:20:03	,	126972	,	59	,10.5368,1999.9000,-0.2061,792.1320,594922.3125,27.6487,604710.6875,1999.9000,
	2026/03/30 16:20:03	,	127972	,	60	,10.5368,1999.9000,-0.2051,792.5271,595078.8125,27.6527,604468.5000,1999.9000,
	2026/03/30 16:20:03	,	128972	,	61	,10.5368,1999.9000,-0.1982,792.9559,595419.6250,27.6514,604463.3750,1999.9000,
	2026/03/30 16:20:03	,	129972	,	62	,10.5368,1999.9000,-0.1944,793.4127,595616.8750,27.6564,604461.6250,1999.9000,
	2026/03/30 16:20:03	,	130972	,	63	,10.5368,1999.9000,-0.1944,793.7933,595616.8750,27.6652,604460.8125,1999.9000,
	2026/03/30 16:20:03	,	131972	,	64	,10.5368,1999.9000,-0.1944,794.1106,595616.8750,27.6726,604460.3125,1999.9000,
	2026/03/30 16:20:03	,	132972	,	65	,10.5368,1999.9000,-0.1944,794.3749,595616.8750,27.6787,604460.0000,1999.9000,
	2026/03/30 16:20:03	,	133972	,	66	,10.5368,1999.9000,-0.1944,794.5952,595616.8750,27.6837,604644.2500,1999.9000,
	2026/03/30 16:20:03	,	134972	,	67	,10.5368,1999.9000,-0.1986,794.8783,595463.1250,27.6880,604751.7500,1999.9000,
	2026/03/30 16:20:03	,	135972	,	68	,10.5368,1999.9000,-0.2024,795.2136,595424.4375,27.6915,604853.2500,1999.9000,
	2026/03/30 16:20:03	,	136972	,	69	,10.5368,1999.9000,-0.2057,795.5926,595398.0000,27.6944,604952.2500,1999.9000,
	2026/03/30 16:20:03	,	137972	,	70	,10.5368,1999.9000,-0.2089,795.8089,595267.0625,27.6969,605181.8125,1999.9000,
	2026/03/30 16:20:03	,	138972	,	71	,10.5368,1999.9000,-0.2157,795.9891,594989.4375,27.7005,605288.7500,1999.9000,
	2026/03/30 16:20:03	,	139972	,	72	,10.5368,1999.9000,-0.2234,796.2389,594642.6875,27.7034,605288.7500,1999.9000,
	2026/03/30 16:20:03	,	140972	,	73	,10.5368,1999.9000,-0.2280,796.3475,594642.6875,27.7059,605288.7500,1999.9000,
	2026/03/30 16:20:03	,	141972	,	74	,10.5368,1999.9000,-0.2280,796.4380,594642.6875,27.7095,605288.7500,1999.9000,
	2026/03/30 16:20:03	,	142972	,	75	,10.5368,1999.9000,-0.2280,796.5134,594642.6875,27.7125,605288.7500,1999.9000,
	2026/03/30 16:20:03	,	143972	,	76	,10.5367,1999.9000,-0.2280,796.5763,594642.6875,27.7150,605288.7500,1999.9000,
	2026/03/30 16:20:03	,	144972	,	77	,10.5367,1999.9000,-0.2280,796.4297,594815.5000,27.7170,605080.3125,1999.9000,
	2026/03/30 16:20:03	,	145972	,	78	,10.5367,1999.9000,-0.2251,796.1086,594902.5000,27.7188,604948.0625,1999.9000,
	2026/03/30 16:20:03	,	146972	,	79	,10.5367,1999.9000,-0.2222,795.7415,594919.4375,27.7203,604839.3125,1999.9000,
	2026/03/30 16:20:03	,	147972	,	80	,10.5367,1999.9000,-0.2187,795.1371,594944.9375,27.7214,604743.3125,1999.9000,
	2026/03/30 16:20:03	,	148972	,	81	,10.5367,1999.9000,-0.2111,794.6336,595270.6875,27.7209,604556.0625,1999.9000,
	2026/03/30 16:20:03	,	149972	,	82	,10.5367,1999.9000,-0.2017,794.5124,595638.8750,27.7205,604383.3125,1999.9000,
	2026/03/30 16:20:03	,	150972	,	83	,10.5367,1999.9000,-0.1946,794.4114,595638.8750,27.7201,604383.3125,1999.9000,
	2026/03/30 16:20:03	,	151972	,	84	,10.5367,1999.9000,-0.1894,794.3272,595638.8750,27.7183,604383.3125,1999.9000,
	2026/03/30 16:20:03	,	152972	,	85	,10.5367,1999.9000,-0.1894,794.2570,595638.8750,27.7152,604383.3125,1999.9000,
	2026/03/30 16:20:03	,	153972	,	86	,10.5367,1999.9000,-0.1894,794.4969,595638.8750,27.7127,604383.3125,1999.9000,
	2026/03/30 16:20:03	,	154972	,	87	,10.5367,1999.9000,-0.1894,795.2938,595527.4375,27.7105,604595.8750,1999.9000,
	2026/03/30 16:20:03	,	155972	,	88	,10.5368,1999.9000,-0.1894,795.9578,595418.4375,27.7042,604734.2500,1999.9000,
	2026/03/30 16:20:03	,	156972	,	89	,10.5368,1999.9000,-0.1897,796.5111,595395.7500,27.6989,604838.1250,1999.9000,
	2026/03/30 16:20:03	,	157972	,	90	,10.5368,1999.9000,-0.1922,796.9723,595374.0625,27.6945,604878.5625,1999.9000,
	2026/03/30 16:20:03	,	158972	,	91	,10.5368,1999.9000,-0.1959,797.3565,595129.4375,27.6908,605090.5625,1999.9000,
	2026/03/30 16:20:03	,	159972	,	92	,10.5368,1999.9000,-0.2023,797.6768,594757.0625,27.6816,605347.3125,1999.9000,
	2026/03/30 16:20:03	,	160972	,	93	,10.5369,1999.9000,-0.2067,797.9436,594757.0625,27.6725,605347.3125,1999.9000,
	2026/03/30 16:20:03	,	161972	,	94	,10.5369,1999.9000,-0.2067,797.8676,594757.0625,27.6649,605347.3125,1999.9000,
	2026/03/30 16:20:03	,	162972	,	95	,10.5369,1999.9000,-0.2067,797.7047,594757.0625,27.6585,605347.3125,1999.9000,
	2026/03/30 16:20:03	,	163972	,	96	,10.5369,1999.9000,-0.2067,797.3701,594757.0625,27.6517,605347.3125,1999.9000,
	2026/03/30 16:20:03	,	164972	,	97	,10.5368,1999.9000,-0.2067,797.0912,594758.8125,27.6445,605117.1875,1999.9000,
	2026/03/30 16:20:03	,	165972	,	98	,10.5368,1999.9000,-0.2044,796.8588,594887.0000,27.6400,604965.5625,1999.9000,
	2026/03/30 16:20:03	,	166972	,	99	,10.5368,1999.9000,-0.2012,796.5656,594915.2500,27.6362,604863.5000,1999.9000,
	2026/03/30 16:20:03	,	167972	,	100	,10.5368,1999.9000,-0.1990,796.2218,594939.8125,27.6362,604781.9375,1999.9000,
	2026/03/30 16:20:03	,	168972	,	101	,10.5368,1999.9000,-0.1956,795.8359,595173.5625,27.6361,604646.6875,1999.9000,
	2026/03/30 16:20:03	,	169972	,	102	,10.5368,1999.9000,-0.1899,795.4148,595549.5000,27.6361,604359.1250,1999.9000,
	2026/03/30 16:20:03	,	170972	,	103	,10.5368,1999.9000,-0.1869,794.8650,595563.7500,27.6345,604359.1250,1999.9000,
	2026/03/30 16:20:03	,	171972	,	104	,10.5368,1999.9000,-0.1869,794.3073,595568.5000,27.6332,604359.1250,1999.9000,
	2026/03/30 16:20:03	,	172972	,	105	,10.5368,1999.9000,-0.1869,793.8425,595570.9375,27.6352,604359.1250,1999.9000,
	2026/03/30 16:20:03	,	173972	,	106	,10.5368,1999.9000,-0.1869,793.4553,595572.3125,27.6368,604359.1250,1999.9000,
	2026/03/30 16:20:03	,	174972	,	107	,10.5367,1999.9000,-0.1869,793.1326,595573.3125,27.6412,604534.9375,1999.9000,
	2026/03/30 16:20:03	,	175972	,	108	,10.5367,1999.9000,-0.1901,792.9630,595433.9375,27.6449,604680.5000,1999.9000,
	2026/03/30 16:20:03	,	176972	,	109	,10.5367,1999.9000,-0.1926,792.8218,595399.0625,27.6479,604786.7500,1999.9000,
	2026/03/30 16:20:03	,	177972	,	110	,10.5367,1999.9000,-0.1932,793.2015,595379.3125,27.6536,604893.6875,1999.9000,
	2026/03/30 16:20:03	,	178972	,	111	,10.5368,1999.9000,-0.1961,793.5179,595228.9375,27.6583,605023.5625,1999.9000,
	2026/03/30 16:20:03	,	179972	,	112	,10.5368,1999.9000,-0.2025,793.7816,594897.1250,27.6637,605312.8750,1999.9000,
	2026/03/30 16:20:03	,	180972	,	113	,10.5368,1999.9000,-0.2086,794.6976,594708.1875,27.6743,605312.8750,1999.9000,
	2026/03/30 16:20:03	,	181972	,	114	,10.5368,1999.9000,-0.2139,795.4609,594708.1875,27.6832,605312.8750,1999.9000,
	2026/03/30 16:20:03	,	182972	,	115	,10.5368,1999.9000,-0.2139,795.6992,594708.1875,27.6905,605312.8750,1999.9000,
	2026/03/30 16:20:03	,	183972	,	116	,10.5368,1999.9000,-0.2139,795.5994,594708.1875,27.6967,605312.8750,1999.9000,
	2026/03/30 16:20:03	,	184972	,	117	,10.5368,1999.9000,-0.2139,795.3171,594708.1875,27.7003,605190.8750,1999.9000,
	2026/03/30 16:20:03	,	185972	,	118	,10.5368,1999.9000,-0.2139,795.0820,594854.7500,27.7033,605018.1250,1999.9000,
	2026/03/30 16:20:03	,	186972	,	119	,10.5368,1999.9000,-0.2139,794.8860,594890.8125,27.7058,604904.5625,1999.9000,
	2026/03/30 16:20:03	,	187972	,	120	,10.5368,1999.9000,-0.2137,794.9216,594911.7500,27.7017,604801.3125,1999.9000,
	2026/03/30 16:20:03	,	188972	,	121	,10.5368,1999.9000,-0.2099,794.9514,595053.1875,27.6954,604690.7500,1999.9000,
	2026/03/30 16:20:03	,	189972	,	122	,10.5367,1999.9000,-0.2041,794.9761,595377.3125,27.6900,604439.5000,1999.9000,
	2026/03/30 16:20:03	,	190972	,	123	,10.5367,1999.9000,-0.1991,794.7977,595649.6250,27.6856,604439.5000,1999.9000,
	2026/03/30 16:20:03	,	191972	,	124	,10.5367,1999.9000,-0.1982,794.6492,595649.6250,27.6849,604439.5000,1999.9000,
	2026/03/30 16:20:03	,	192972	,	125	,10.5367,1999.9000,-0.1979,794.7243,595649.6250,27.6905,604439.5000,1999.9000,
	2026/03/30 16:20:03	,	193972	,	126	,10.5367,1999.9000,-0.1978,794.7869,595649.6250,27.6951,604439.5000,1999.9000,
	2026/03/30 16:20:03	,	194972	,	127	,10.5368,1999.9000,-0.1977,794.8391,595649.6250,27.6990,604449.0625,1999.9000,
	2026/03/30 16:20:03	,	195972	,	128	,10.5368,1999.9000,-0.1977,794.8825,595486.3750,27.7022,604668.3750,1999.9000,
	2026/03/30 16:20:03	,	196972	,	129	,10.5368,1999.9000,-0.1980,795.0182,595400.5625,27.7049,604766.2500,1999.9000,
	2026/03/30 16:20:03	,	197972	,	130	,10.5368,1999.9000,-0.2010,795.3303,595377.6250,27.7071,604865.3125,1999.9000,
	2026/03/30 16:20:03	,	198972	,	131	,10.5368,1999.9000,-0.2015,795.7892,595286.1875,27.7090,604966.1875,1999.9000,
	2026/03/30 16:20:03	,	199972	,	132	,10.5368,1999.9000,-0.2060,796.1717,595032.3750,27.7044,605199.9375,1999.9000,
	2026/03/30 16:20:03	,	200972	,	133	,10.5368,1999.9000,-0.2108,796.4904,594675.4375,27.6991,605227.3750,1999.9000,
	2026/03/30 16:20:03	,	201972	,	134	,10.5368,1999.9000,-0.2108,796.7560,594675.4375,27.6932,605236.6250,1999.9000,
	2026/03/30 16:20:03	,	202972	,	135	,10.5368,1999.9000,-0.2108,796.9774,594675.4375,27.6882,605241.1875,1999.9000,
	2026/03/30 16:20:03	,	203972	,	136	,10.5368,1999.9000,-0.2108,797.0623,594675.4375,27.6841,605243.9375,1999.9000,
	2026/03/30 16:20:03	,	204972	,	137	,10.5368,1999.9000,-0.2108,796.8348,594675.4375,27.6806,605245.8125,1999.9000,
	2026/03/30 16:20:03	,	205972	,	138	,10.5368,1999.9000,-0.2085,796.2473,594817.8750,27.6777,605050.1250,1999.9000,
	2026/03/30 16:20:03	,	206972	,	139	,10.5367,1999.9000,-0.2047,795.6581,594898.8750,27.6753,604934.7500,1999.9000,
	2026/03/30 16:20:03	,	207972	,	140	,10.5367,1999.9000,-0.2011,795.1672,594915.5625,27.6733,604838.6875,1999.9000,
	2026/03/30 16:20:03	,	208972	,	141	,10.5367,1999.9000,-0.1980,794.7581,594938.0000,27.6717,604751.1250,1999.9000,
	2026/03/30 16:20:03	,	209972	,	142	,10.5367,1999.9000,-0.1922,794.0192,595229.5625,27.6703,604541.6250,1999.9000,
	2026/03/30 16:20:03	,	210972	,	143	,10.5367,1999.9000,-0.1854,793.4035,595604.3125,27.6691,604421.3750,1999.9000,
	2026/03/30 16:20:03	,	211972	,	144	,10.5367,1999.9000,-0.1854,792.8904,595604.3125,27.6682,604421.3750,1999.9000,
	2026/03/30 16:20:03	,	212972	,	145	,10.5367,1999.9000,-0.1854,792.5624,595604.3125,27.6674,604421.3750,1999.9000,
	2026/03/30 16:20:03	,	213972	,	146	,10.5367,1999.9000,-0.1854,792.1895,595604.3125,27.6697,604421.3750,1999.9000,
	2026/03/30 16:20:03	,	214972	,	147	,10.5367,1999.9000,-0.1854,791.9783,595604.3125,27.6717,604421.3750,1999.9000,
	2026/03/30 16:20:03	,	215972	,	148	,10.5368,1999.9000,-0.1858,792.2996,595593.2500,27.6734,604617.0625,1999.9000,
	2026/03/30 16:20:03	,	216972	,	149	,10.5368,1999.9000,-0.1922,792.5674,595422.5625,27.6747,604736.0625,1999.9000,
	2026/03/30 16:20:03	,	217972	,	150	,10.5368,1999.9000,-0.1975,792.4921,595398.4375,27.6759,604832.1250,1999.9000,
	2026/03/30 16:20:03	,	218972	,	151	,10.5368,1999.9000,-0.2030,792.7278,595376.8750,27.6753,604925.1250,1999.9000,
	2026/03/30 16:20:03	,	219972	,	152	,10.5368,1999.9000,-0.2114,792.9243,595153.3125,27.6764,605120.8125,1999.9000,
	2026/03/30 16:20:03	,	220972	,	153	,10.5368,1999.9000,-0.2223,792.9885,594791.0000,27.6773,605325.5625,1999.9000,
	2026/03/30 16:20:03	,	221972	,	154	,10.5367,1999.9000,-0.2299,793.0419,594773.1250,27.6780,605325.5625,1999.9000,
	2026/03/30 16:20:03	,	222972	,	155	,10.5368,1999.9000,-0.2299,793.0865,594767.1250,27.6786,605325.5625,1999.9000,
	2026/03/30 16:20:03	,	223972	,	156	,10.5367,1999.9000,-0.2299,793.1237,594764.1875,27.6791,605325.5625,1999.9000,
	2026/03/30 16:20:03	,	224972	,	157	,10.5367,1999.9000,-0.2299,793.1546,594762.3750,27.6795,605325.5625,1999.9000,
	2026/03/30 16:20:03	,	225972	,	158	,10.5367,1999.9000,-0.2299,793.1804,594761.2500,27.6799,605118.3750,1999.9000,
	2026/03/30 16:20:03	,	226972	,	159	,10.5367,1999.9000,-0.2277,793.2019,594880.3750,27.6863,604978.2500,1999.9000,
	2026/03/30 16:20:03	,	227972	,	160	,10.5367,1999.9000,-0.2246,793.2198,594906.6250,27.6916,604855.0625,1999.9000,
	2026/03/30 16:20:03	,	228972	,	161	,10.5367,1999.9000,-0.2213,793.2198,594924.9375,27.6945,604766.8750,1999.9000,
	2026/03/30 16:20:03	,	229972	,	162	,10.5367,1999.9000,-0.2151,793.2471,595112.7500,27.6955,604612.2500,1999.9000,
	2026/03/30 16:20:03	,	230972	,	163	,10.5366,1999.9000,-0.2053,793.5560,595472.6250,27.6962,604356.7500,1999.9000,
	2026/03/30 16:20:03	,	231972	,	164	,10.5366,1999.9000,-0.1980,793.8133,595593.0000,27.6968,604356.7500,1999.9000,
	2026/03/30 16:20:03	,	232972	,	165	,10.5366,1999.9000,-0.1933,793.7293,595593.0000,27.6974,604356.7500,1999.9000,
	2026/03/30 16:20:03	,	233972	,	166	,10.5366,1999.9000,-0.1933,793.6594,595593.0000,27.6978,604356.7500,1999.9000,
	2026/03/30 16:20:03	,	234972	,	167	,10.5366,1999.9000,-0.1933,793.5016,595593.0000,27.6890,604356.7500,1999.9000,
	2026/03/30 16:20:03	,	235972	,	168	,10.5367,1999.9000,-0.1933,793.3700,595593.0000,27.6816,604571.7500,1999.9000,
	2026/03/30 16:20:03	,	236972	,	169	,10.5367,1999.9000,-0.1933,793.3599,595444.0625,27.6756,604716.7500,1999.9000,
	2026/03/30 16:20:03	,	237972	,	170	,10.5367,1999.9000,-0.1935,793.3599,595406.2500,27.6705,604816.3750,1999.9000,
	2026/03/30 16:20:03	,	238972	,	171	,10.5367,1999.9000,-0.1937,793.6499,595381.1250,27.6677,604905.1250,1999.9000,
	2026/03/30 16:20:03	,	239972	,	172	,10.5367,1999.9000,-0.1968,793.9910,595229.5625,27.6655,605041.6250,1999.9000,
	2026/03/30 16:20:03	,	240972	,	173	,10.5367,1999.9000,-0.2026,794.1758,594920.3750,27.6605,605337.0625,1999.9000,
	2026/03/30 16:20:03	,	241972	,	174	,10.5367,1999.9000,-0.2070,794.4293,594685.5625,27.6580,605337.0625,1999.9000,
	2026/03/30 16:20:03	,	242972	,	175	,10.5366,1999.9000,-0.2075,794.9161,594685.5625,27.6573,605337.0625,1999.9000,
	2026/03/30 16:20:03	,	243972	,	176	,10.5366,1999.9000,-0.2077,795.4441,594685.5625,27.6568,605337.0625,1999.9000,
	2026/03/30 16:20:03	,	244972	,	177	,10.5366,1999.9000,-0.2078,795.8841,594685.5625,27.6579,605337.0625,1999.9000,
	2026/03/30 16:20:03	,	245972	,	178	,10.5366,1999.9000,-0.2078,795.9524,594685.5625,27.6588,605166.6875,1999.9000,
	2026/03/30 16:20:03	,	246972	,	179	,10.5366,1999.9000,-0.2079,795.9524,594837.5000,27.6588,605003.6250,1999.9000,
	2026/03/30 16:20:03	,	247972	,	180	,10.5366,1999.9000,-0.2077,796.0093,594918.5000,27.6565,604884.6250,1999.9000,
	2026/03/30 16:20:03	,	248972	,	181	,10.5366,1999.9000,-0.2074,796.0566,594935.2500,27.6530,604788.6250,1999.9000,
	2026/03/30 16:20:03	,	249972	,	182	,10.5366,1999.9000,-0.2050,796.0961,595038.8750,27.6502,604674.4375,1999.9000,
	2026/03/30 16:20:03	,	250972	,	183	,10.5366,1999.9000,-0.2006,795.9301,595336.8125,27.6478,604412.3125,1999.9000,
	2026/03/30 16:20:03	,	251972	,	184	,10.5366,1999.9000,-0.1970,795.7917,595663.8750,27.6458,604412.3125,1999.9000,
	2026/03/30 16:20:03	,	252972	,	185	,10.5367,1999.9000,-0.1970,795.6764,595663.8750,27.6441,604412.3125,1999.9000,
	2026/03/30 16:20:03	,	253972	,	186	,10.5367,1999.9000,-0.1970,795.5803,595663.8750,27.6504,604412.3125,1999.9000,
	2026/03/30 16:20:03	,	254972	,	187	,10.5367,1999.9000,-0.1970,795.4008,595663.8750,27.6464,604412.3125,1999.9000,
	2026/03/30 16:20:03	,	255972	,	188	,10.5367,1999.9000,-0.1970,795.3506,595663.8750,27.6416,604513.7500,1999.9000,
	2026/03/30 16:20:03	,	256972	,	189	,10.5367,1999.9000,-0.1972,795.3089,595495.8750,27.6376,604676.2500,1999.9000,
	2026/03/30 16:20:03	,	257972	,	190	,10.5367,1999.9000,-0.2001,795.2740,595392.8125,27.6343,604792.8125,1999.9000,
	2026/03/30 16:20:03	,	258972	,	191	,10.5367,1999.9000,-0.2022,795.3444,595372.8125,27.6315,604890.6875,1999.9000,
	2026/03/30 16:20:03	,	259972	,	192	,10.5368,1999.9000,-0.2049,795.4032,595350.0625,27.6277,604983.6875,1999.9000,
	2026/03/30 16:20:03	,	260972	,	193	,10.5368,1999.9000,-0.2113,795.4521,595072.8750,27.6244,605244.0000,1999.9000,
	2026/03/30 16:20:03	,	261972	,	194	,10.5368,1999.9000,-0.2176,795.4929,594712.3750,27.6218,605244.0000,1999.9000,
	2026/03/30 16:20:03	,	262972	,	195	,10.5368,1999.9000,-0.2215,795.5269,594712.3750,27.6195,605244.0000,1999.9000,
	2026/03/30 16:20:03	,	263972	,	196	,10.5368,1999.9000,-0.2215,795.5552,594712.3750,27.6161,605244.0000,1999.9000,
	2026/03/30 16:20:03	,	264972	,	197	,10.5368,1999.9000,-0.2215,795.4793,594712.3750,27.6149,605244.0000,1999.9000,
	2026/03/30 16:20:03	,	265972	,	198	,10.5368,1999.9000,-0.2215,795.2172,594712.3750,27.6138,605240.0000,1999.9000,
	2026/03/30 16:20:03	,	266972	,	199	,10.5368,1999.9000,-0.2215,794.9987,594725.6875,27.6129,605023.5625,1999.9000,
	2026/03/30 16:20:03	,	267972	,	200	,10.5368,1999.9000,-0.2191,794.8166,594890.5000,27.6137,604893.0625,1999.9000,
	2026/03/30 16:20:03	,	268972	,	201	,10.5368,1999.9000,-0.2168,794.6649,594912.8750,27.6158,604801.9375,1999.9000,
	2026/03/30 16:20:03	,	269972	,	202	,10.5369,1999.9000,-0.2145,794.5384,594934.4375,27.6161,604711.8750,1999.9000,
	2026/03/30 16:20:03	,	270972	,	203	,10.5369,1999.9000,-0.2091,794.6320,595197.9375,27.6148,604484.1875,1999.9000,
	2026/03/30 16:20:03	,	271972	,	204	,10.5369,1999.9000,-0.2031,794.7100,595576.3125,27.6153,604469.7500,1999.9000,
	2026/03/30 16:20:03	,	272972	,	205	,10.5369,1999.9000,-0.2004,794.7750,595576.3125,27.6172,604464.8125,1999.9000,
	2026/03/30 16:20:03	,	273972	,	206	,10.5369,1999.9000,-0.2004,794.8292,595576.3125,27.6188,604462.4375,1999.9000,
	2026/03/30 16:20:03	,	274972	,	207	,10.5369,1999.9000,-0.2004,794.8743,595576.3125,27.6201,604460.9375,1999.9000,
	2026/03/30 16:20:03	,	275972	,	208	,10.5369,1999.9000,-0.2004,795.0114,595576.3125,27.6212,604459.9375,1999.9000,
	2026/03/30 16:20:03	,	276972	,	209	,10.5369,1999.9000,-0.2004,795.1256,595570.8125,27.6191,604640.0000,1999.9000,
	2026/03/30 16:20:03	,	277972	,	210	,10.5369,1999.9000,-0.2031,795.1213,595429.1250,27.6173,604751.1250,1999.9000,
	2026/03/30 16:20:03	,	278972	,	211	,10.5369,1999.9000,-0.2056,795.1177,595398.7500,27.6189,604852.0000,1999.9000,
	2026/03/30 16:20:03	,	279972	,	212	,10.5368,1999.9000,-0.2056,795.1123,595375.3125,27.6296,604935.9375,1999.9000,
	2026/03/30 16:20:03	,	280972	,	213	,10.5368,1999.9000,-0.2122,795.1123,595175.3125,27.6296,605155.1875,1999.9000,
	2026/03/30 16:20:03	,	281972	,	214	,10.5368,1999.9000,-0.2172,795.1102,594829.7500,27.6337,605309.2500,1999.9000,
	2026/03/30 16:20:03	,	282972	,	215	,10.5368,1999.9000,-0.2172,795.1085,594740.3750,27.6371,605309.2500,1999.9000,
	2026/03/30 16:20:03	,	283972	,	216	,10.5368,1999.9000,-0.2172,795.1071,594740.3750,27.6400,605309.2500,1999.9000,
	2026/03/30 16:20:03	,	284972	,	217	,10.5368,1999.9000,-0.2172,795.1059,594740.3750,27.6423,605309.2500,1999.9000,
	2026/03/30 16:20:03	,	285972	,	218	,10.5368,1999.9000,-0.2172,795.3038,594740.3750,27.6443,605309.2500,1999.9000,
	2026/03/30 16:20:03	,	286972	,	219	,10.5368,1999.9000,-0.2117,795.4688,594740.3750,27.6459,605088.7500,1999.9000,
	2026/03/30 16:20:03	,	287972	,	220	,10.5368,1999.9000,-0.2069,795.6062,594872.0625,27.6458,604944.4375,1999.9000,
	2026/03/30 16:20:03	,	288972	,	221	,10.5367,1999.9000,-0.2028,795.7208,594903.0000,27.6441,604835.1250,1999.9000,
	2026/03/30 16:20:03	,	289972	,	222	,10.5367,1999.9000,-0.1993,795.6173,594922.8750,27.6427,604747.5625,1999.9000,
	2026/03/30 16:20:03	,	290972	,	223	,10.5367,1999.9000,-0.1993,795.4316,595100.8750,27.6416,604582.0625,1999.9000,
	2026/03/30 16:20:03	,	291972	,	224	,10.5366,1999.9000,-0.1938,794.9784,595454.7500,27.6422,604372.4375,1999.9000,
	2026/03/30 16:20:03	,	292972	,	225	,10.5366,1999.9000,-0.1857,794.3024,595610.8750,27.6442,604372.4375,1999.9000,
	2026/03/30 16:20:03	,	293972	,	226	,10.5366,1999.9000,-0.1855,793.7390,595610.8750,27.6443,604372.4375,1999.9000,
	2026/03/30 16:20:03	,	294972	,	227	,10.5366,1999.9000,-0.1855,793.2695,595610.8750,27.6444,604372.4375,1999.9000,
	2026/03/30 16:20:03	,	295972	,	228	,10.5365,1999.9000,-0.1855,792.8782,595610.8750,27.6445,604372.4375,1999.9000,
	2026/03/30 16:20:03	,	296972	,	229	,10.5365,1999.9000,-0.1854,792.5522,595610.8750,27.6446,604372.4375,1999.9000,
	2026/03/30 16:20:03	,	297972	,	230	,10.5365,1999.9000,-0.1854,792.2805,595459.5000,27.6447,604585.6250,1999.9000,
	2026/03/30 16:20:03	,	298972	,	231	,10.5365,1999.9000,-0.1896,792.0541,595374.3125,27.6447,604727.0000,1999.9000,
	2026/03/30 16:20:03	,	299972	,	232	,10.5366,1999.9000,-0.1930,791.9648,595357.6875,27.6448,604838.1250,1999.9000,
	2026/03/30 16:20:03	,	300972	,	233	,10.5366,1999.9000,-0.1952,791.9901,595253.3750,27.6448,604921.5000,1999.9000,
	2026/03/30 16:20:03	,	301972	,	234	,10.5366,1999.9000,-0.1990,792.3094,594949.5000,27.6448,605080.9375,1999.9000,
	2026/03/30 16:20:03	,	302972	,	235	,10.5367,1999.9000,-0.2062,792.5755,594665.9375,27.6449,605391.3750,1999.9000,
	2026/03/30 16:20:03	,	303972	,	236	,10.5367,1999.9000,-0.2103,792.7973,594665.9375,27.6449,605391.3750,1999.9000,
	2026/03/30 16:20:03	,	304972	,	237	,10.5367,1999.9000,-0.2103,793.1812,594665.9375,27.6434,605391.3750,1999.9000,
	2026/03/30 16:20:03	,	305972	,	238	,10.5367,1999.9000,-0.2103,793.6004,594665.9375,27.6421,605391.3750,1999.9000,
	2026/03/30 16:20:03	,	306972	,	239	,10.5367,1999.9000,-0.2103,794.2483,594665.9375,27.6472,605391.3750,1999.9000,
	2026/03/30 16:20:03	,	307972	,	240	,10.5367,1999.9000,-0.2103,794.7881,594829.1250,27.6545,605166.0625,1999.9000,
	2026/03/30 16:20:03	,	308972	,	241	,10.5367,1999.9000,-0.2079,795.2380,594915.0000,27.6620,605001.8125,1999.9000,
	2026/03/30 16:20:03	,	309972	,	242	,10.5366,1999.9000,-0.2054,795.6129,594936.0625,27.6683,604884.6250,1999.9000,
	2026/03/30 16:20:03	,	310972	,	243	,10.5366,1999.9000,-0.2026,795.9253,595031.1250,27.6721,604790.4375,1999.9000,
	2026/03/30 16:20:03	,	311972	,	244	,10.5367,1999.9000,-0.1977,795.8872,595308.8125,27.6782,604665.4375,1999.9000,
	2026/03/30 16:20:03	,	312972	,	245	,10.5367,1999.9000,-0.1888,795.8555,595669.8750,27.6834,604385.7500,1999.9000,
	2026/03/30 16:20:03	,	313972	,	246	,10.5367,1999.9000,-0.1814,795.7296,595669.8750,27.6877,604385.7500,1999.9000,
	2026/03/30 16:20:03	,	314972	,	247	,10.5368,1999.9000,-0.1787,795.6246,595669.8750,27.6882,604385.7500,1999.9000,
	2026/03/30 16:20:03	,	315972	,	248	,10.5368,1999.9000,-0.1787,795.5371,595669.8750,27.6871,604385.7500,1999.9000,
	2026/03/30 16:20:03	,	316972	,	249	,10.5368,1999.9000,-0.1787,795.4642,595669.8750,27.6816,604385.7500,1999.9000,
	2026/03/30 16:20:03	,	317972	,	250	,10.5368,1999.9000,-0.1787,795.4035,595499.4375,27.6771,604548.1875,1999.9000,
	2026/03/30 16:20:03	,	318972	,	251	,10.5368,1999.9000,-0.1787,795.4523,595395.8125,27.6717,604705.8750,1999.9000,
	2026/03/30 16:20:03	,	319972	,	252	,10.5368,1999.9000,-0.1818,795.4931,595372.5625,27.6673,604806.1250,1999.9000,
	2026/03/30 16:20:03	,	320972	,	253	,10.5368,1999.9000,-0.1849,795.6266,595347.7500,27.6636,604888.8750,1999.9000,
	2026/03/30 16:20:03	,	321972	,	254	,10.5368,1999.9000,-0.1887,795.7378,595072.8750,27.6605,604994.5625,1999.9000,
	2026/03/30 16:20:03	,	322972	,	255	,10.5368,1999.9000,-0.1965,796.0293,594714.1875,27.6579,605276.6250,1999.9000,
	2026/03/30 16:20:03	,	323972	,	256	,10.5368,1999.9000,-0.2042,796.0733,594714.1875,27.6542,605276.6250,1999.9000,
	2026/03/30 16:20:03	,	324972	,	257	,10.5368,1999.9000,-0.2097,796.3090,594714.1875,27.6512,605276.6250,1999.9000,
	2026/03/30 16:20:03	,	325972	,	258	,10.5368,1999.9000,-0.2097,796.5054,594714.1875,27.6486,605276.6250,1999.9000,
	2026/03/30 16:20:03	,	326972	,	259	,10.5368,1999.9000,-0.2097,796.9675,594714.1875,27.6465,605276.6250,1999.9000,
	2026/03/30 16:20:03	,	327972	,	260	,10.5368,1999.9000,-0.2097,797.0541,594714.1875,27.6447,605266.6250,1999.9000,
	2026/03/30 16:20:03	,	328972	,	261	,10.5368,1999.9000,-0.2097,797.1263,594895.2500,27.6433,605033.8750,1999.9000,
	2026/03/30 16:20:03	,	329972	,	262	,10.5368,1999.9000,-0.2094,797.1865,594910.4375,27.6420,604915.4375,1999.9000,
	2026/03/30 16:20:03	,	330972	,	263	,10.5368,1999.9000,-0.2052,797.2366,594928.1875,27.6425,604814.6250,1999.9000,
	2026/03/30 16:20:03	,	331972	,	264	,10.5368,1999.9000,-0.2022,796.7811,595172.9375,27.6445,604717.3125,1999.9000,
	2026/03/30 16:20:03	,	332972	,	265	,10.5368,1999.9000,-0.1959,796.7993,595560.2500,27.6507,604479.9375,1999.9000,
	2026/03/30 16:20:03	,	333972	,	266	,10.5368,1999.9000,-0.1892,796.8145,595564.6875,27.6574,604476.6250,1999.9000,
	2026/03/30 16:20:03	,	334972	,	267	,10.5368,1999.9000,-0.1892,796.8271,595566.1250,27.6629,604475.5625,1999.9000,
	2026/03/30 16:20:03	,	335972	,	268	,10.5368,1999.9000,-0.1892,796.4398,595566.9375,27.6660,604475.0000,1999.9000,
	2026/03/30 16:20:03	,	336972	,	269	,10.5368,1999.9000,-0.1892,796.0176,595567.3750,27.6687,604474.6875,1999.9000,
	2026/03/30 16:20:03	,	337972	,	270	,10.5368,1999.9000,-0.1892,795.6656,595567.6250,27.6708,604474.4375,1999.9000,
	2026/03/30 16:20:03	,	338972	,	271	,10.5368,1999.9000,-0.1913,795.4719,595432.6875,27.6742,604646.6875,1999.9000,
	2026/03/30 16:20:03	,	339972	,	272	,10.5368,1999.9000,-0.1962,795.4099,595402.6250,27.6754,604754.1875,1999.9000,
	2026/03/30 16:20:03	,	340972	,	273	,10.5368,1999.9000,-0.2004,795.6567,595382.6250,27.6765,604845.9375,1999.9000,
	2026/03/30 16:20:03	,	341972	,	274	,10.5368,1999.9000,-0.2043,796.1607,595206.9375,27.6758,604937.1875,1999.9000,
	2026/03/30 16:20:03	,	342972	,	275	,10.5368,1999.9000,-0.2109,795.9839,594862.5000,27.6753,605182.4375,1999.9000,
	2026/03/30 16:20:03	,	343972	,	276	,10.5368,1999.9000,-0.2192,795.7371,594862.5000,27.6687,605263.9375,1999.9000,
	2026/03/30 16:20:03	,	344972	,	277	,10.5368,1999.9000,-0.2245,795.5314,594737.4375,27.6663,605263.9375,1999.9000,
	2026/03/30 16:20:03	,	345972	,	278	,10.5368,1999.9000,-0.2245,795.4595,594737.4375,27.6643,605263.9375,1999.9000,
	2026/03/30 16:20:03	,	346972	,	279	,10.5368,1999.9000,-0.2245,795.5984,594737.4375,27.6580,605263.9375,1999.9000,
	2026/03/30 16:20:03	,	347972	,	280	,10.5368,1999.9000,-0.2245,795.7144,594737.4375,27.6528,605263.9375,1999.9000,
	2026/03/30 16:20:03	,	348972	,	281	,10.5368,1999.9000,-0.2245,796.2088,594737.4375,27.6485,605054.3750,1999.9000,
	2026/03/30 16:20:03	,	349972	,	282	,10.5368,1999.9000,-0.2211,796.6208,594867.2500,27.6448,604928.1250,1999.9000,
	2026/03/30 16:20:03	,	350972	,	283	,10.5368,1999.9000,-0.2178,796.5663,594890.8125,27.6449,604839.3125,1999.9000,
	2026/03/30 16:20:03	,	351972	,	284	,10.5368,1999.9000,-0.2150,796.5209,594907.0000,27.6464,604747.5625,1999.9000,
	2026/03/30 16:20:03	,	352972	,	285	,10.5368,1999.9000,-0.2100,796.4830,595410.6875,27.6492,604544.5625,1999.9000,
	2026/03/30 16:20:03	,	353972	,	286	,10.5368,1999.9000,-0.2026,796.4514,595619.7500,27.6531,604392.3750,1999.9000,
	2026/03/30 16:20:03	,	354972	,	287	,10.5368,1999.9000,-0.1977,796.1266,595619.7500,27.6563,604392.3750,1999.9000,
	2026/03/30 16:20:03	,	355972	,	288	,10.5368,1999.9000,-0.1977,795.3587,595619.7500,27.6590,604392.3750,1999.9000,
	2026/03/30 16:20:03	,	356972	,	289	,10.5368,1999.9000,-0.1977,794.7187,595619.7500,27.6658,604392.3750,1999.9000,
	2026/03/30 16:20:03	,	357972	,	290	,10.5369,1999.9000,-0.1977,794.1854,595619.7500,27.6715,604392.3750,1999.9000,
	2026/03/30 16:20:03	,	358972	,	291	,10.5369,1999.9000,-0.1977,793.7410,595619.7500,27.6763,604599.5625,1999.9000,
	2026/03/30 16:20:03	,	359972	,	292	,10.5369,1999.9000,-0.1977,793.8680,595461.9375,27.6757,604725.7500,1999.9000,
	2026/03/30 16:20:03	,	360972	,	293	,10.5369,1999.9000,-0.2000,793.9738,595380.8750,27.6751,604826.6875,1999.9000,
	2026/03/30 16:20:03	,	361972	,	294	,10.5369,1999.9000,-0.2006,794.4599,595362.4375,27.6762,604917.2500,1999.9000,
	2026/03/30 16:20:03	,	362972	,	295	,10.5370,1999.9000,-0.2039,794.8650,595267.6875,27.6756,605097.8750,1999.9000,
	2026/03/30 16:20:03	,	363972	,	296	,10.5370,1999.9000,-0.2097,795.2026,594990.0000,27.6675,605364.8125,1999.9000,
	2026/03/30 16:20:03	,	364972	,	297	,10.5370,1999.9000,-0.2098,795.6829,594667.6875,27.6591,605364.8125,1999.9000,
	2026/03/30 16:20:03	,	365972	,	298	,10.5370,1999.9000,-0.2098,796.0830,594667.6875,27.6522,605364.8125,1999.9000,
	2026/03/30 16:20:03	,	366972	,	299	,10.5370,1999.9000,-0.2098,796.4166,594667.6875,27.6480,605364.8125,1999.9000,
	2026/03/30 16:20:03	,	367972	,	300	,10.5370,1999.9000,-0.2098,796.6945,594667.6875,27.6520,605364.8125,1999.9000,
	2026/03/30 16:20:03	,	368972	,	301	,10.5370,1999.9000,-0.2098,797.1251,594667.6875,27.6520,605134.1250,1999.9000,
	2026/03/30 16:20:03	,	369972	,	302	,10.5370,1999.9000,-0.2065,797.4839,594828.5625,27.6554,604979.5000,1999.9000,
	2026/03/30 16:20:03	,	370972	,	303	,10.5370,1999.9000,-0.2038,797.7828,594919.1250,27.6583,604873.1875,1999.9000,
	2026/03/30 16:20:03	,	371972	,	304	,10.5370,1999.9000,-0.2030,798.0320,594939.0625,27.6515,604787.3750,1999.9000,
	2026/03/30 16:20:03	,	372972	,	305	,10.5370,1999.9000,-0.1997,798.1402,594965.0000,27.6549,604639.4375,1999.9000,
	2026/03/30 16:20:03	,	373972	,	306	,10.5369,1999.9000,-0.1938,797.6335,595275.4375,27.6579,604356.1875,1999.9000,
	2026/03/30 16:20:03	,	374972	,	307	,10.5369,1999.9000,-0.1907,797.2112,595649.6250,27.6603,604356.1875,1999.9000,
	2026/03/30 16:20:03	,	375972	,	308	,10.5369,1999.9000,-0.1907,796.2625,595649.6250,27.6608,604356.1875,1999.9000,
	2026/03/30 16:20:03	,	376972	,	309	,10.5369,1999.9000,-0.1907,795.4719,595649.6250,27.6597,604356.1875,1999.9000,
	2026/03/30 16:20:03	,	377972	,	310	,10.5369,1999.9000,-0.1907,794.8130,595649.6250,27.6588,604356.1875,1999.9000,
	2026/03/30 16:20:03	,	378972	,	311	,10.5368,1999.9000,-0.1907,794.4630,595649.6250,27.6580,604560.8750,1999.9000,
	2026/03/30 16:20:03	,	379972	,	312	,10.5368,1999.9000,-0.1941,794.3702,595495.2500,27.6589,604704.6250,1999.9000,
	2026/03/30 16:20:03	,	380972	,	313	,10.5368,1999.9000,-0.1971,794.2928,595389.1875,27.6612,604801.9375,1999.9000,
	2026/03/30 16:20:03	,	381972	,	314	,10.5368,1999.9000,-0.1993,794.2283,595370.1250,27.6615,604892.4375,1999.9000,
	2026/03/30 16:20:03	,	382972	,	315	,10.5368,1999.9000,-0.2020,794.1746,595354.0625,27.6603,605027.8125,1999.9000,
	2026/03/30 16:20:03	,	383972	,	316	,10.5368,1999.9000,-0.2086,794.1299,595125.8750,27.6593,605337.0625,1999.9000,
	2026/03/30 16:20:03	,	384972	,	317	,10.5368,1999.9000,-0.2149,794.2916,594752.8750,27.6584,605337.0625,1999.9000,
	2026/03/30 16:20:03	,	385972	,	318	,10.5368,1999.9000,-0.2154,794.4263,594752.8750,27.6532,605337.0625,1999.9000,
	2026/03/30 16:20:03	,	386972	,	319	,10.5368,1999.9000,-0.2156,794.5386,594752.8750,27.6488,605337.0625,1999.9000,
	2026/03/30 16:20:03	,	387972	,	320	,10.5368,1999.9000,-0.2157,794.6321,594752.8750,27.6436,605337.0625,1999.9000,
	2026/03/30 16:20:03	,	388972	,	321	,10.5368,1999.9000,-0.2157,794.7101,594752.8750,27.6392,605175.1875,1999.9000,
	2026/03/30 16:20:03	,	389972	,	322	,10.5368,1999.9000,-0.2158,794.7750,594757.1250,27.6356,604995.1875,1999.9000,
	2026/03/30 16:20:03	,	390972	,	323	,10.5368,1999.9000,-0.2133,794.8292,594891.1250,27.6326,604872.5625,1999.9000,
	2026/03/30 16:20:03	,	391972	,	324	,10.5368,1999.9000,-0.2123,794.6754,594913.7500,27.6316,604777.7500,1999.9000,
	2026/03/30 16:20:03	,	392972	,	325	,10.5368,1999.9000,-0.2089,794.5472,594932.0625,27.6308,604682.3125,1999.9000,
	2026/03/30 16:20:03	,	393972	,	326	,10.5368,1999.9000,-0.2027,794.4404,595141.3750,27.6362,604434.6875,1999.9000,
	2026/03/30 16:20:03	,	394972	,	327	,10.5368,1999.9000,-0.1959,794.5503,595513.7500,27.6423,604434.6875,1999.9000,
	2026/03/30 16:20:03	,	395972	,	328	,10.5368,1999.9000,-0.1919,794.7413,595535.8125,27.6488,604434.6875,1999.9000,
	2026/03/30 16:20:03	,	396972	,	329	,10.5368,1999.9000,-0.1919,794.9006,595543.1250,27.6543,604434.6875,1999.9000,
	2026/03/30 16:20:03	,	397972	,	330	,10.5368,1999.9000,-0.1919,794.8343,595546.8125,27.6573,604434.6875,1999.9000,
	2026/03/30 16:20:03	,	398972	,	331	,10.5368,1999.9000,-0.1919,794.7791,595549.0000,27.6598,604446.2500,1999.9000,
	2026/03/30 16:20:03	,	399972	,	332	,10.5368,1999.9000,-0.1919,794.7330,595550.5000,27.6620,604673.8125,1999.9000,
	2026/03/30 16:20:03	,	400972	,	333	,10.5368,1999.9000,-0.1922,794.6947,595420.8125,27.6637,604786.1875,1999.9000,
	2026/03/30 16:20:03	,	401972	,	334	,10.5368,1999.9000,-0.1955,794.8617,595392.5000,27.6652,604878.0000,1999.9000,
	2026/03/30 16:20:03	,	402972	,	335	,10.5368,1999.9000,-0.1965,794.8020,595374.5000,27.6633,604971.6250,1999.9000,
	2026/03/30 16:20:03	,	403972	,	336	,10.5368,1999.9000,-0.2033,794.7521,595226.5625,27.6618,605228.9375,1999.9000,
	2026/03/30 16:20:03	,	404972	,	337	,10.5368,1999.9000,-0.2111,794.7106,594902.5000,27.6606,605240.1250,1999.9000,
	2026/03/30 16:20:03	,	405972	,	338	,10.5368,1999.9000,-0.2149,794.6760,594698.6875,27.6595,605243.8125,1999.9000,
	2026/03/30 16:20:03	,	406972	,	339	,10.5368,1999.9000,-0.2149,794.6472,594698.6875,27.6586,605245.6875,1999.9000,
	2026/03/30 16:20:03	,	407972	,	340	,10.5368,1999.9000,-0.2149,794.7227,594698.6875,27.6579,605246.8125,1999.9000,
	2026/03/30 16:20:03	,	408972	,	341	,10.5368,1999.9000,-0.2149,795.0839,594698.6875,27.6557,605247.5625,1999.9000,
	2026/03/30 16:20:03	,	409972	,	342	,10.5368,1999.9000,-0.2149,795.3849,594698.6875,27.6539,605050.7500,1999.9000,
	2026/03/30 16:20:03	,	410972	,	343	,10.5368,1999.9000,-0.2115,795.5364,594838.1250,27.6540,604934.7500,1999.9000,
	2026/03/30 16:20:03	,	411972	,	344	,10.5368,1999.9000,-0.2087,795.6626,594871.8125,27.6540,604829.0625,1999.9000,
	2026/03/30 16:20:03	,	412972	,	345	,10.5368,1999.9000,-0.2061,795.7677,594894.3125,27.6540,604728.8125,1999.9000,
	2026/03/30 16:20:03	,	413972	,	346	,10.5368,1999.9000,-0.2008,795.6564,595054.3750,27.6540,604519.1875,1999.9000,
	2026/03/30 16:20:03	,	414972	,	347	,10.5368,1999.9000,-0.1934,795.5637,595389.8125,27.6540,604427.4375,1999.9000,
	2026/03/30 16:20:03	,	415972	,	348	,10.5368,1999.9000,-0.1934,795.4865,595639.5000,27.6540,604427.4375,1999.9000,
	2026/03/30 16:20:03	,	416972	,	349	,10.5368,1999.9000,-0.1934,795.4221,595639.5000,27.6556,604427.4375,1999.9000,
	2026/03/30 16:20:03	,	417972	,	350	,10.5368,1999.9000,-0.1934,795.3683,595639.5000,27.6569,604427.4375,1999.9000,
	2026/03/30 16:20:03	,	418972	,	351	,10.5367,1999.9000,-0.1934,795.2241,595639.5000,27.6579,604427.4375,1999.9000,
	2026/03/30 16:20:03	,	419972	,	352	,10.5367,1999.9000,-0.1937,795.1040,595639.5000,27.6588,604623.1250,1999.9000,
	2026/03/30 16:20:03	,	420972	,	353	,10.5367,1999.9000,-0.1997,795.0038,595478.6250,27.6611,604740.8750,1999.9000,
	2026/03/30 16:20:03	,	421972	,	354	,10.5368,1999.9000,-0.2035,795.1193,595385.0625,27.6645,604849.6250,1999.9000,
	2026/03/30 16:20:03	,	422972	,	355	,10.5368,1999.9000,-0.2069,795.2155,595367.5000,27.6674,604934.7500,1999.9000,
	2026/03/30 16:20:03	,	423972	,	356	,10.5368,1999.9000,-0.2120,795.2957,595284.9375,27.6697,605132.2500,1999.9000,
	2026/03/30 16:20:03	,	424972	,	357	,10.5368,1999.9000,-0.2199,795.3625,595014.5000,27.6717,605332.8125,1999.9000,
	2026/03/30 16:20:03	,	425972	,	358	,10.5368,1999.9000,-0.2256,795.1198,594655.8125,27.6734,605332.8125,1999.9000,
	2026/03/30 16:20:03	,	426972	,	359	,10.5368,1999.9000,-0.2256,794.9175,594655.8125,27.6747,605332.8125,1999.9000,
	2026/03/30 16:20:03	,	427972	,	360	,10.5368,1999.9000,-0.2256,794.7490,594655.8125,27.6759,605332.8125,1999.9000,
	2026/03/30 16:20:03	,	428972	,	361	,10.5368,1999.9000,-0.2256,794.6085,594655.8125,27.6723,605332.8125,1999.9000,
	2026/03/30 16:20:03	,	429972	,	362	,10.5368,1999.9000,-0.2256,794.4915,594655.8125,27.6678,605100.8750,1999.9000,
	2026/03/30 16:20:03	,	430972	,	363	,10.5367,1999.9000,-0.2223,794.3939,594820.8125,27.6639,604945.0625,1999.9000,
	2026/03/30 16:20:03	,	431972	,	364	,10.5367,1999.9000,-0.2191,794.3126,594906.0000,27.6608,604839.9375,1999.9000,
	2026/03/30 16:20:03	,	432972	,	365	,10.5367,1999.9000,-0.2161,794.2449,594922.4375,27.6581,604800.3750,1999.9000,
	2026/03/30 16:20:03	,	433972	,	366	,10.5367,1999.9000,-0.2117,794.1885,594946.3750,27.6575,604609.8125,1999.9000,
	2026/03/30 16:20:03	,	434972	,	367	,10.5367,1999.9000,-0.2041,794.0420,595245.6875,27.6585,604362.1875,1999.9000,
	2026/03/30 16:20:03	,	435972	,	368	,10.5367,1999.9000,-0.1986,793.9199,595618.0000,27.6593,604362.1875,1999.9000,
	2026/03/30 16:20:03	,	436972	,	369	,10.5367,1999.9000,-0.1981,793.9176,595618.0000,27.6600,604362.1875,1999.9000,
	2026/03/30 16:20:03	,	437972	,	370	,10.5367,1999.9000,-0.1979,793.9157,595618.0000,27.6605,604362.1875,1999.9000,
	2026/03/30 16:20:03	,	438972	,	371	,10.5367,1999.9000,-0.1978,793.9141,595618.0000,27.6610,604362.1875,1999.9000,
	2026/03/30 16:20:03	,	439972	,	372	,10.5367,1999.9000,-0.1977,793.9127,595618.0000,27.6614,604583.1875,1999.9000,
	2026/03/30 16:20:03	,	440972	,	373	,10.5368,1999.9000,-0.1977,794.1106,595521.5000,27.6617,604722.1250,1999.9000,
	2026/03/30 16:20:03	,	441972	,	374	,10.5368,1999.9000,-0.1980,794.4744,595397.5625,27.6605,604815.1250,1999.9000,
	2026/03/30 16:20:03	,	442972	,	375	,10.5368,1999.9000,-0.2016,794.8771,595368.0625,27.6579,604908.1875,1999.9000,
	2026/03/30 16:20:03	,	443972	,	376	,10.5368,1999.9000,-0.2042,795.2126,595347.6875,27.6557,605050.1250,1999.9000,
	2026/03/30 16:20:03	,	444972	,	377	,10.5368,1999.9000,-0.2107,795.4924,595139.5625,27.6539,605363.0000,1999.9000,
	2026/03/30 16:20:03	,	445972	,	378	,10.5369,1999.9000,-0.2170,795.7253,594781.5000,27.6555,605363.0000,1999.9000,
	2026/03/30 16:20:03	,	446972	,	379	,10.5369,1999.9000,-0.2172,795.9195,594774.6250,27.6614,605363.0000,1999.9000,
	2026/03/30 16:20:03	,	447972	,	380	,10.5369,1999.9000,-0.2172,795.8823,594772.3750,27.6663,605363.0000,1999.9000,
	2026/03/30 16:20:03	,	448972	,	381	,10.5369,1999.9000,-0.2172,795.8514,594771.2500,27.6704,605363.0000,1999.9000,
	2026/03/30 16:20:03	,	449972	,	382	,10.5369,1999.9000,-0.2173,795.8256,594770.5625,27.6738,605164.9375,1999.9000,
	2026/03/30 16:20:03	,	450972	,	383	,10.5369,1999.9000,-0.2173,795.6052,594770.0625,27.6766,605164.9375,1999.9000,
	2026/03/30 16:20:03	,	451972	,	384	,10.5369,1999.9000,-0.2170,795.2226,594917.0625,27.6805,604892.4375,1999.9000,
	2026/03/30 16:20:03	,	452972	,	385	,10.5369,1999.9000,-0.2167,794.9037,594917.0625,27.6822,604892.4375,1999.9000,
	2026/03/30 16:20:03	,	453972	,	386	,10.5369,1999.9000,-0.2141,794.6379,594935.4375,27.6821,604807.9375,1999.9000,
	2026/03/30 16:20:03	,	454972	,	387	,10.5368,1999.9000,-0.2091,794.4164,595125.8750,27.6790,604687.1250,1999.9000,
	2026/03/30 16:20:03	,	455972	,	388	,10.5369,1999.9000,-0.2033,794.2319,595493.5000,27.6764,604412.3125,1999.9000,
	2026/03/30 16:20:03	,	456972	,	389	,10.5368,1999.9000,-0.1988,794.0782,595579.8750,27.6742,604412.3125,1999.9000,
	2026/03/30 16:20:03	,	457972	,	390	,10.5368,1999.9000,-0.1945,793.9501,595579.8750,27.6724,604412.3125,1999.9000,
	2026/03/30 16:20:03	,	458972	,	391	,10.5368,1999.9000,-0.1919,793.8433,595579.8750,27.6739,604412.3125,1999.9000,
	2026/03/30 16:20:03	,	459972	,	392	,10.5368,1999.9000,-0.1918,793.7543,595579.8750,27.6722,604412.3125,1999.9000,
	2026/03/30 16:20:03	,	460972	,	393	,10.5368,1999.9000,-0.1917,793.7543,595579.8750,27.6707,604531.8750,1999.9000,
	2026/03/30 16:20:03	,	461972	,	394	,10.5368,1999.9000,-0.1917,793.7797,595438.0625,27.6695,604705.8750,1999.9000,
	2026/03/30 16:20:03	,	462972	,	395	,10.5368,1999.9000,-0.1917,793.9002,595401.5000,27.6699,604815.1250,1999.9000,
	2026/03/30 16:20:03	,	463972	,	396	,10.5368,1999.9000,-0.1917,794.0007,595381.3125,27.6719,604896.7500,1999.9000,
	2026/03/30 16:20:03	,	464972	,	397	,10.5369,1999.9000,-0.1962,794.0844,595243.8125,27.6720,605004.2500,1999.9000,
	2026/03/30 16:20:03	,	465972	,	398	,10.5369,1999.9000,-0.2027,794.1542,594932.2500,27.6721,605279.6250,1999.9000,
	2026/03/30 16:20:03	,	466972	,	399	,10.5369,1999.9000,-0.2070,794.3118,594713.5625,27.6721,605279.6250,1999.9000,
	2026/03/30 16:20:03	,	467972	,	400	,10.5369,1999.9000,-0.2070,794.4432,594713.5625,27.6707,605279.6250,1999.9000,
	2026/03/30 16:20:03	,	468972	,	401	,10.5369,1999.9000,-0.2070,794.5527,594713.5625,27.6710,605279.6250,1999.9000,
	2026/03/30 16:20:03	,	469972	,	402	,10.5369,1999.9000,-0.2070,794.6439,594713.5625,27.6728,605279.6250,1999.9000,
	2026/03/30 16:20:03	,	470972	,	403	,10.5369,1999.9000,-0.2070,794.7198,594713.5625,27.6743,605271.0000,1999.9000,
	2026/03/30 16:20:03	,	471972	,	404	,10.5369,1999.9000,-0.2070,794.7831,594860.7500,27.6724,605036.2500,1999.9000,
	2026/03/30 16:20:03	,	472972	,	405	,10.5369,1999.9000,-0.2067,794.8359,594896.8125,27.6679,604915.4375,1999.9000,
	2026/03/30 16:20:03	,	473972	,	406	,10.5369,1999.9000,-0.2033,794.7805,594916.5625,27.6641,604807.3125,1999.9000,
	2026/03/30 16:20:03	,	474972	,	407	,10.5369,1999.9000,-0.2026,794.7343,595035.8750,27.6609,604715.5000,1999.9000,
	2026/03/30 16:20:03	,	475972	,	408	,10.5369,1999.9000,-0.1977,794.6957,595337.4375,27.6583,604485.3750,1999.9000,
	2026/03/30 16:20:03	,	476972	,	409	,10.5369,1999.9000,-0.1919,794.6637,595650.1875,27.6469,604472.0625,1999.9000,
	2026/03/30 16:20:03	,	477972	,	410	,10.5369,1999.9000,-0.1919,794.6370,595650.1875,27.6374,604467.6875,1999.9000,
	2026/03/30 16:20:03	,	478972	,	411	,10.5369,1999.9000,-0.1919,794.3162,595650.1875,27.6295,604465.4375,1999.9000,
	2026/03/30 16:20:03	,	479972	,	412	,10.5369,1999.9000,-0.1919,794.0490,595650.1875,27.6245,604464.1875,1999.9000,
	2026/03/30 16:20:03	,	480972	,	413	,10.5369,1999.9000,-0.1919,793.8262,595650.1875,27.6279,604463.3125,1999.9000,
	2026/03/30 16:20:03	,	481972	,	414	,10.5369,1999.9000,-0.1953,793.7401,595485.1250,27.6307,604650.2500,1999.9000,
	2026/03/30 16:20:03	,	482972	,	415	,10.5369,1999.9000,-0.1986,793.7678,595391.0000,27.6347,604765.0625,1999.9000,
	2026/03/30 16:20:03	,	483972	,	416	,10.5369,1999.9000,-0.2013,793.8903,595371.0625,27.6349,604852.6250,1999.9000,
	2026/03/30 16:20:03	,	484972	,	417	,10.5370,1999.9000,-0.2037,793.9924,595285.5625,27.6381,604939.0000,1999.9000,
	2026/03/30 16:20:03	,	485972	,	418	,10.5370,1999.9000,-0.2084,794.0775,595041.2500,27.6408,605158.2500,1999.9000,
	2026/03/30 16:20:03	,	486972	,	419	,10.5370,1999.9000,-0.2159,794.5463,594682.5625,27.6430,605288.7500,1999.9000,
	2026/03/30 16:20:03	,	487972	,	420	,10.5370,1999.9000,-0.2211,794.9369,594682.5625,27.6449,605288.7500,1999.9000,
	2026/03/30 16:20:03	,	488972	,	421	,10.5369,1999.9000,-0.2211,795.2625,594682.5625,27.6464,605288.7500,1999.9000,
	2026/03/30 16:20:03	,	489972	,	422	,10.5369,1999.9000,-0.2211,795.5338,594682.5625,27.6492,605288.7500,1999.9000,
	2026/03/30 16:20:03	,	490972	,	423	,10.5369,1999.9000,-0.2211,795.7598,594682.5625,27.6531,605288.7500,1999.9000,
	2026/03/30 16:20:03	,	491972	,	424	,10.5369,1999.9000,-0.2211,795.8488,594805.3125,27.6578,605075.5000,1999.9000,
	2026/03/30 16:20:03	,	492972	,	425	,10.5369,1999.9000,-0.2207,795.8235,594907.2500,27.6633,604937.8125,1999.9000,
	2026/03/30 16:20:03	,	493972	,	426	,10.5369,1999.9000,-0.2165,795.8024,594924.5000,27.6679,604835.6875,1999.9000,
	2026/03/30 16:20:03	,	494972	,	427	,10.5369,1999.9000,-0.2104,795.7701,594945.5625,27.6717,604583.1875,1999.9000,
	2026/03/30 16:20:03	,	495972	,	428	,10.5369,1999.9000,-0.2104,795.7701,595216.4375,27.6717,604583.1875,1999.9000,
	2026/03/30 16:20:03	,	496972	,	429	,10.5368,1999.9000,-0.2036,795.7579,595600.1250,27.6749,604384.5000,1999.9000,
	2026/03/30 16:20:03	,	497972	,	430	,10.5368,1999.9000,-0.1993,795.6483,595600.1250,27.6775,604384.5000,1999.9000,
	2026/03/30 16:20:03	,	498972	,	431	,10.5368,1999.9000,-0.1993,795.5569,595600.1250,27.6798,604384.5000,1999.9000,
	2026/03/30 16:20:03	,	499972	,	432	,10.5368,1999.9000,-0.1993,795.5802,595600.1250,27.6816,604384.5000,1999.9000,
	2026/03/30 16:20:03	,	500972	,	433	,10.5368,1999.9000,-0.1993,795.5996,595600.1250,27.6832,604384.5000,1999.9000,
	2026/03/30 16:20:03	,	501972	,	434	,10.5368,1999.9000,-0.1993,795.5163,595591.6875,27.6829,604605.0000,1999.9000,
	2026/03/30 16:20:03	,	502972	,	435	,10.5368,1999.9000,-0.2024,795.4468,595423.8125,27.6782,604740.2500,1999.9000,
	2026/03/30 16:20:03	,	503972	,	436	,10.5368,1999.9000,-0.2051,795.3890,595395.8125,27.6742,604838.1250,1999.9000,
	2026/03/30 16:20:03	,	504972	,	437	,10.5367,1999.9000,-0.2062,795.3409,595371.3125,27.6708,604926.9375,1999.9000,
	2026/03/30 16:20:03	,	505972	,	438	,10.5367,1999.9000,-0.2100,795.3007,595156.2500,27.6681,605099.6875,1999.9000,
	2026/03/30 16:20:03	,	506972	,	439	,10.5367,1999.9000,-0.2161,795.2672,594805.3125,27.6703,605366.6250,1999.9000,
	2026/03/30 16:20:03	,	507972	,	440	,10.5367,1999.9000,-0.2202,794.7420,594774.3750,27.6722,605366.6250,1999.9000,
	2026/03/30 16:20:03	,	508972	,	441	,10.5367,1999.9000,-0.2202,793.9064,594764.0000,27.6692,605366.6250,1999.9000,
	2026/03/30 16:20:03	,	509972	,	442	,10.5367,1999.9000,-0.2202,793.2101,594758.8750,27.6652,605366.6250,1999.9000,
	2026/03/30 16:20:03	,	510972	,	443	,10.5367,1999.9000,-0.2202,792.6298,594755.7500,27.6633,605366.6250,1999.9000,
	2026/03/30 16:20:03	,	511972	,	444	,10.5367,1999.9000,-0.2202,792.1462,594753.7500,27.6618,605140.1250,1999.9000,
	2026/03/30 16:20:03	,	512972	,	445	,10.5367,1999.9000,-0.2158,791.7432,594862.5000,27.6590,604982.4375,1999.9000,
	2026/03/30 16:20:03	,	513972	,	446	,10.5367,1999.9000,-0.2115,791.4073,594891.6875,27.6567,604873.1875,1999.9000,
	2026/03/30 16:20:03	,	514972	,	447	,10.5367,1999.9000,-0.2078,791.1275,594913.7500,27.6563,604786.1875,1999.9000,
	2026/03/30 16:20:03	,	515972	,	448	,10.5367,1999.9000,-0.2045,791.0933,595098.5000,27.6559,604666.5625,1999.9000,
	2026/03/30 16:20:03	,	516972	,	449	,10.5366,1999.9000,-0.1984,791.2637,595457.7500,27.6541,604387.5000,1999.9000,
	2026/03/30 16:20:03	,	517972	,	450	,10.5366,1999.9000,-0.1961,791.4057,595608.5000,27.6480,604387.5000,1999.9000,
	2026/03/30 16:20:03	,	518972	,	451	,10.5366,1999.9000,-0.1961,791.7230,595608.5000,27.6429,604387.5000,1999.9000,
	2026/03/30 16:20:03	,	519972	,	452	,10.5366,1999.9000,-0.1961,791.9874,595608.5000,27.6372,604387.5000,1999.9000,
	2026/03/30 16:20:03	,	520972	,	453	,10.5366,1999.9000,-0.1961,792.2078,595608.5000,27.6324,604387.5000,1999.9000,
	2026/03/30 16:20:03	,	521972	,	454	,10.5366,1999.9000,-0.1961,792.3914,595608.5000,27.6284,604556.0625,1999.9000,
	2026/03/30 16:20:03	,	522972	,	455	,10.5366,1999.9000,-0.2000,792.6439,595458.9375,27.6251,604708.8750,1999.9000,
	2026/03/30 16:20:03	,	523972	,	456	,10.5366,1999.9000,-0.2032,792.8543,595366.0000,27.6223,604812.7500,1999.9000,
	2026/03/30 16:20:03	,	524972	,	457	,10.5367,1999.9000,-0.2055,793.0296,595348.6875,27.6200,604852.9375,1999.9000,
	2026/03/30 16:20:03	,	525972	,	458	,10.5367,1999.9000,-0.2065,793.1757,595251.5625,27.6226,605000.5625,1999.9000,
	2026/03/30 16:20:03	,	526972	,	459	,10.5367,1999.9000,-0.2123,793.2974,594949.5000,27.6263,605288.7500,1999.9000,
	2026/03/30 16:20:03	,	527972	,	460	,10.5367,1999.9000,-0.2178,793.3989,594670.6875,27.6310,605288.7500,1999.9000,
	2026/03/30 16:20:03	,	528972	,	461	,10.5367,1999.9000,-0.2185,793.4835,594670.6875,27.6364,605288.7500,1999.9000,
	2026/03/30 16:20:03	,	529972	,	462	,10.5367,1999.9000,-0.2187,793.5539,594670.6875,27.6424,605288.7500,1999.9000,
	2026/03/30 16:20:03	,	530972	,	463	,10.5367,1999.9000,-0.2188,793.6127,594670.6875,27.6474,605288.7500,1999.9000,
	2026/03/30 16:20:03	,	531972	,	464	,10.5367,1999.9000,-0.2189,793.8606,594670.6875,27.6500,605275.9375,1999.9000,
	2026/03/30 16:20:03	,	532972	,	465	,10.5367,1999.9000,-0.2190,793.8682,594826.1875,27.6523,605034.4375,1999.9000,
	2026/03/30 16:20:03	,	533972	,	466	,10.5367,1999.9000,-0.2186,793.5761,594908.3750,27.6541,604926.9375,1999.9000,
	2026/03/30 16:20:03	,	534972	,	467	,10.5368,1999.9000,-0.2147,793.2332,594923.8750,27.6541,604829.6875,1999.9000,
	2026/03/30 16:20:03	,	535972	,	468	,10.5368,1999.9000,-0.2123,792.9474,595009.1250,27.6526,604719.1875,1999.9000,
	2026/03/30 16:20:03	,	536972	,	469	,10.5368,1999.9000,-0.2069,792.7094,595300.4375,27.6498,604472.0625,1999.9000,
	2026/03/30 16:20:03	,	537972	,	470	,10.5368,1999.9000,-0.1996,792.5110,595670.4375,27.6475,604472.0625,1999.9000,
	2026/03/30 16:20:03	,	538972	,	471	,10.5368,1999.9000,-0.1947,792.9424,595670.4375,27.6455,604472.0625,1999.9000,
	2026/03/30 16:20:03	,	539972	,	472	,10.5368,1999.9000,-0.1938,793.3021,595670.4375,27.6424,604472.0625,1999.9000,
	2026/03/30 16:20:03	,	540972	,	473	,10.5368,1999.9000,-0.1935,793.6017,595670.4375,27.6398,604472.0625,1999.9000,
	2026/03/30 16:20:03	,	541972	,	474	,10.5368,1999.9000,-0.1933,793.8514,595670.4375,27.6346,604475.4375,1999.9000,
	2026/03/30 16:20:03	,	542972	,	475	,10.5368,1999.9000,-0.1932,794.0595,595500.6250,27.6333,604666.0000,1999.9000,
	2026/03/30 16:20:03	,	543972	,	476	,10.5368,1999.9000,-0.1932,794.2329,595395.1875,27.6322,604778.3750,1999.9000,
	2026/03/30 16:20:03	,	544972	,	477	,10.5368,1999.9000,-0.1935,794.4769,595374.9375,27.6313,604866.5000,1999.9000,
	2026/03/30 16:20:03	,	545972	,	478	,10.5368,1999.9000,-0.1979,794.6802,595351.0625,27.6305,604952.8750,1999.9000,
	2026/03/30 16:20:03	,	546972	,	479	,10.5368,1999.9000,-0.2038,795.0486,595081.8125,27.6299,605189.6250,1999.9000,
	2026/03/30 16:20:03	,	547972	,	480	,10.5368,1999.9000,-0.2129,795.5544,594717.1875,27.6324,605273.5625,1999.9000,
	2026/03/30 16:20:03	,	548972	,	481	,10.5368,1999.9000,-0.2205,795.9761,594717.1875,27.6345,605273.5625,1999.9000,
	2026/03/30 16:20:03	,	549972	,	482	,10.5368,1999.9000,-0.2271,796.6259,594717.1875,27.6363,605273.5625,1999.9000,
	2026/03/30 16:20:03	,	550972	,	483	,10.5368,1999.9000,-0.2271,797.1673,594717.1875,27.6408,605273.5625,1999.9000,
	2026/03/30 16:20:03	,	551972	,	484	,10.5367,1999.9000,-0.2271,797.6185,594717.1875,27.6445,605273.5625,1999.9000,
	2026/03/30 16:20:03	,	552972	,	485	,10.5367,1999.9000,-0.2271,797.9946,594727.3125,27.6446,605068.2500,1999.9000,
	2026/03/30 16:20:03	,	553972	,	486	,10.5368,1999.9000,-0.2271,798.3079,594884.6250,27.6447,604930.5625,1999.9000,
	2026/03/30 16:20:03	,	554972	,	487	,10.5368,1999.9000,-0.2268,798.2706,594907.5625,27.6478,604826.6875,1999.9000,
	2026/03/30 16:20:03	,	555972	,	488	,10.5367,1999.9000,-0.2225,797.9411,594928.6875,27.6504,604790.1250,1999.9000,
	2026/03/30 16:20:03	,	556972	,	489	,10.5367,1999.9000,-0.2175,797.5670,595171.7500,27.6525,604560.8750,1999.9000,
	2026/03/30 16:20:03	,	557972	,	490	,10.5367,1999.9000,-0.2088,797.2553,595552.5000,27.6559,604418.9375,1999.9000,
	2026/03/30 16:20:03	,	558972	,	491	,10.5367,1999.9000,-0.2016,796.8961,595552.5000,27.6586,604418.9375,1999.9000,
	2026/03/30 16:20:03	,	559972	,	492	,10.5367,1999.9000,-0.1957,796.6962,595552.5000,27.6609,604418.9375,1999.9000,
	2026/03/30 16:20:03	,	560972	,	493	,10.5367,1999.9000,-0.1953,796.5297,595552.5000,27.6644,604418.9375,1999.9000,
	2026/03/30 16:20:03	,	561972	,	494	,10.5367,1999.9000,-0.1951,796.3908,595552.5000,27.6672,604418.9375,1999.9000,
	2026/03/30 16:20:03	,	562972	,	495	,10.5367,1999.9000,-0.1951,796.2751,595548.3125,27.6697,604623.1250,1999.9000,
	2026/03/30 16:20:03	,	563972	,	496	,10.5367,1999.9000,-0.1950,796.1788,595408.8750,27.6702,604740.8750,1999.9000,
	2026/03/30 16:20:03	,	564972	,	497	,10.5367,1999.9000,-0.1950,796.2974,595384.7500,27.6705,604838.6875,1999.9000,
	2026/03/30 16:20:03	,	565972	,	498	,10.5367,1999.9000,-0.1952,796.4957,595366.1875,27.6708,604933.5625,1999.9000,
	2026/03/30 16:20:03	,	566972	,	499	,10.5367,1999.9000,-0.1991,796.8599,595193.8125,27.6696,605118.3750,1999.9000,
	2026/03/30 16:20:03	,	567972	,	500	,10.5367,1999.9000,-0.2057,797.2629,594864.8750,27.6640,605359.3750,1999.9000,
	2026/03/30 16:20:03	,	568972	,	501	,10.5367,1999.9000,-0.2100,797.5988,594723.6875,27.6578,605359.3750,1999.9000,
	2026/03/30 16:20:03	,	569972	,	502	,10.5367,1999.9000,-0.2100,797.7792,594723.6875,27.6495,605359.3750,1999.9000,
	2026/03/30 16:20:03	,	570972	,	503	,10.5367,1999.9000,-0.2100,797.9295,594723.6875,27.6411,605359.3750,1999.9000,
	2026/03/30 16:20:03	,	571972	,	504	,10.5367,1999.9000,-0.2100,798.0547,594723.6875,27.6280,605359.3750,1999.9000,
	2026/03/30 16:20:03	,	572972	,	505	,10.5367,1999.9000,-0.2100,797.9601,594723.6875,27.6232,605134.1250,1999.9000,
	2026/03/30 16:20:03	,	573972	,	506	,10.5367,1999.9000,-0.2057,797.8814,594854.1875,27.6207,604980.6875,1999.9000,
	2026/03/30 16:20:03	,	574972	,	507	,10.5367,1999.9000,-0.2020,797.6168,594889.3750,27.6187,604875.5625,1999.9000,
	2026/03/30 16:20:03	,	575972	,	508	,10.5367,1999.9000,-0.1991,797.0978,594912.8125,27.6170,604786.7500,1999.9000,
	2026/03/30 16:20:03	,	576972	,	509	,10.5367,1999.9000,-0.1959,796.4664,595079.3750,27.6201,604630.9375,1999.9000,
	2026/03/30 16:20:03	,	577972	,	510	,10.5368,1999.9000,-0.1891,795.6418,595427.9375,27.6227,604350.7500,1999.9000,
	2026/03/30 16:20:03	,	578972	,	511	,10.5368,1999.9000,-0.1891,795.6418,595619.2500,27.6264,604350.7500,1999.9000,
	2026/03/30 16:20:03	,	579972	,	512	,10.5368,1999.9000,-0.1830,794.5809,595619.2500,27.6311,604350.7500,1999.9000,
	2026/03/30 16:20:03	,	580972	,	513	,10.5368,1999.9000,-0.1830,794.2696,595619.2500,27.6349,604350.7500,1999.9000,
	2026/03/30 16:20:03	,	581972	,	514	,10.5369,1999.9000,-0.1830,794.0101,595619.2500,27.6381,604350.7500,1999.9000,
	2026/03/30 16:20:03	,	582972	,	515	,10.5369,1999.9000,-0.1830,793.7938,595619.2500,27.6408,604565.6875,1999.9000,
	2026/03/30 16:20:03	,	583972	,	516	,10.5369,1999.9000,-0.1851,793.7131,595466.0625,27.6399,604713.1250,1999.9000,
	2026/03/30 16:20:03	,	584972	,	517	,10.5369,1999.9000,-0.1884,793.6458,595383.8750,27.6393,604806.1250,1999.9000,
	2026/03/30 16:20:03	,	585972	,	518	,10.5369,1999.9000,-0.1914,793.5897,595365.7500,27.6387,604845.3750,1999.9000,
	2026/03/30 16:20:03	,	586972	,	519	,10.5369,1999.9000,-0.1947,793.5430,595265.9375,27.6382,605018.6875,1999.9000,
	2026/03/30 16:20:03	,	587972	,	520	,10.5369,1999.9000,-0.2016,793.5042,594981.1250,27.6363,605337.6875,1999.9000,
	2026/03/30 16:20:03	,	588972	,	521	,10.5369,1999.9000,-0.2090,793.4717,594655.1875,27.6347,605337.6875,1999.9000,
	2026/03/30 16:20:03	,	589972	,	522	,10.5369,1999.9000,-0.2097,793.3452,594655.1875,27.6333,605337.6875,1999.9000,
	2026/03/30 16:20:03	,	590972	,	523	,10.5369,1999.9000,-0.2100,793.2397,594655.1875,27.6307,605337.6875,1999.9000,
	2026/03/30 16:20:03	,	591972	,	524	,10.5369,1999.9000,-0.2101,793.1518,594655.1875,27.6285,605337.6875,1999.9000,
	2026/03/30 16:20:03	,	592972	,	525	,10.5369,1999.9000,-0.2101,793.0786,594655.1875,27.6282,605180.6250,1999.9000,
	2026/03/30 16:20:03	,	593972	,	526	,10.5369,1999.9000,-0.2102,793.0176,594818.4375,27.6310,605001.8125,1999.9000,
	2026/03/30 16:20:03	,	594972	,	527	,10.5369,1999.9000,-0.2071,793.0662,594906.6250,27.6349,604885.8750,1999.9000,
	2026/03/30 16:20:03	,	595972	,	528	,10.5369,1999.9000,-0.2039,793.7036,594926.8750,27.6381,604791.0625,1999.9000,
	2026/03/30 16:20:03	,	596972	,	529	,10.5369,1999.9000,-0.2002,794.2347,594952.5000,27.6423,604685.9375,1999.9000,
	2026/03/30 16:20:03	,	597972	,	530	,10.5368,1999.9000,-0.1934,794.6774,595277.1875,27.6458,604429.8125,1999.9000,
	2026/03/30 16:20:03	,	598972	,	531	,10.5368,1999.9000,-0.1856,795.2451,595658.5000,27.6487,604429.8125,1999.9000,
	2026/03/30 16:20:03	,	599972	,	532	,10.5367,1999.9000,-0.1818,795.5193,595658.5000,27.6512,604429.8125,1999.9000,
	2026/03/30 16:20:03	,	600972	,	533	,10.5367,1999.9000,-0.1818,795.7479,595658.5000,27.6517,604429.8125,1999.9000,
	2026/03/30 16:20:03	,	601972	,	534	,10.5366,1999.9000,-0.1818,796.2367,595658.5000,27.6521,604429.8125,1999.9000,
	2026/03/30 16:20:03	,	602972	,	535	,10.5365,1999.9000,-0.1818,796.5446,595658.5000,27.6524,604440.3750,1999.9000,
	2026/03/30 16:20:03	,	603972	,	536	,10.5364,1999.9000,-0.1818,796.6022,595517.8750,27.6527,604669.0000,1999.9000,
	2026/03/30 16:20:03	,	604972	,	537	,10.5363,1999.9000,-0.1842,796.8492,595401.1250,27.6515,604669.0000,1999.9000,
	2026/03/30 16:20:03	,	605972	,	538	,10.5362,1999.9000,-0.1852,797.0550,595376.6875,27.6488,604778.9375,1999.9000,
	2026/03/30 16:20:03	,	606972	,	539	,10.5361,1999.9000,-0.1878,797.2265,595352.8750,27.6406,604866.5000,1999.9000,
	2026/03/30 16:20:03	,	607972	,	540	,10.5360,1999.9000,-0.1923,797.3694,595107.4375,27.6321,604961.3750,1999.9000,
	2026/03/30 16:20:03	,	608972	,	541	,10.5358,1999.9000,-0.1999,797.4885,594760.0625,27.6251,605228.3125,1999.9000,
	2026/03/30 16:20:03	,	609972	,	542	,10.5356,1999.9000,-0.2054,797.4883,594760.0625,27.6207,605228.3125,1999.9000,
	2026/03/30 16:20:03	,	610972	,	543	,10.5354,1999.9000,-0.2081,797.4882,594760.0625,27.6172,605228.3125,1999.9000,
	2026/03/30 16:20:03	,	611972	,	544	,10.5352,1999.9000,-0.2081,797.4880,594760.0625,27.6203,605228.3125,1999.9000,
	2026/03/30 16:20:03	,	612972	,	545	,10.5350,1999.9000,-0.2081,797.4880,594760.0625,27.6229,605228.3125,1999.9000,
	2026/03/30 16:20:03	,	613972	,	546	,10.5348,1999.9000,-0.2081,797.1894,594761.7500,27.6250,605225.8750,1999.9000,
	2026/03/30 16:20:03	,	614972	,	547	,10.5346,1999.9000,-0.2081,796.8412,594892.3125,27.6268,605016.3125,1999.9000,
	2026/03/30 16:20:03	,	615972	,	548	,10.5344,1999.9000,-0.2078,796.4515,594923.0625,27.6283,604902.1875,1999.9000,
	2026/03/30 16:20:03	,	616972	,	549	,10.5343,1999.9000,-0.2053,796.1267,594945.0000,27.6296,604809.1250,1999.9000,
	2026/03/30 16:20:03	,	617972	,	550	,10.5341,1999.9000,-0.2016,795.5576,595161.0625,27.6246,604723.3750,1999.9000,
	2026/03/30 16:20:03	,	618972	,	551	,10.5338,1999.9000,-0.1936,795.0834,595529.8750,27.6246,604516.8125,1999.9000,
	2026/03/30 16:20:03	,	619972	,	552	,10.5336,1999.9000,-0.1865,794.9868,595550.4375,27.6203,604483.5625,1999.9000,
	2026/03/30 16:20:03	,	620972	,	553	,10.5333,1999.9000,-0.1865,794.9061,595557.2500,27.6223,604467.0000,1999.9000,
	2026/03/30 16:20:03	,	621972	,	554	,10.5331,1999.9000,-0.1732,794.8390,595560.6875,27.6215,604463.6875,1999.9000,
	2026/03/30 16:20:03	,	622972	,	555	,10.5328,1999.9000,-0.1696,794.7831,595562.7500,27.6215,604463.6875,1999.9000,
	2026/03/30 16:20:03	,	623972	,	556	,10.5325,1999.9000,-0.1675,794.7364,595564.0625,27.6208,604461.5000,1999.9000,
	2026/03/30 16:20:03	,	624972	,	557	,10.5322,1999.9000,-0.1646,794.8964,595429.1250,27.6203,604649.0625,1999.9000,
	2026/03/30 16:20:03	,	625972	,	558	,10.5320,1999.9000,-0.1611,795.0298,595400.5000,27.6213,604766.8750,1999.9000,
	2026/03/30 16:20:03	,	626972	,	559	,10.5317,1999.9000,-0.1565,795.4394,595380.8750,27.6237,604859.2500,1999.9000,
	2026/03/30 16:20:03	,	627972	,	560	,10.5313,1999.9000,-0.1528,795.4823,595212.8125,27.6288,604899.4375,1999.9000,
	2026/03/30 16:20:03	,	628972	,	561	,10.5311,1999.9000,-0.1526,795.5180,594869.6875,27.6346,605130.4375,1999.9000,
	2026/03/30 16:20:03	,	629972	,	562	,10.5307,1999.9000,-0.1502,795.5478,594698.0625,27.6394,605318.9375,1999.9000,
	2026/03/30 16:20:03	,	630972	,	563	,10.5304,1999.9000,-0.1454,795.9705,594698.0625,27.6418,605318.9375,1999.9000,
	2026/03/30 16:20:03	,	631972	,	564	,10.5300,1999.9000,-0.1385,796.3228,594698.0625,27.6470,605318.9375,1999.9000,
	2026/03/30 16:20:03	,	632972	,	565	,10.5297,1999.9000,-0.1278,796.6164,594698.0625,27.6512,605318.9375,1999.9000,
	2026/03/30 16:20:03	,	633972	,	566	,10.5292,1999.9000,-0.1148,796.3636,594698.0625,27.6578,605318.9375,1999.9000,
	2026/03/30 16:20:03	,	634972	,	567	,10.5288,1999.9000,-0.1026,796.1530,594847.6250,27.6618,605109.3125,1999.9000,
	2026/03/30 16:20:03	,	635972	,	568	,10.5285,1999.9000,-0.0922,795.8781,594884.2500,27.6666,604963.7500,1999.9000,
	2026/03/30 16:20:03	,	636972	,	569	,10.5281,1999.9000,-0.0844,795.2510,594906.6250,27.6707,604855.0625,1999.9000,
	2026/03/30 16:20:03	,	637972	,	570	,10.5277,1999.9000,-0.0780,794.6290,595057.3750,27.6740,604768.6250,1999.9000,
	2026/03/30 16:20:03	,	638972	,	571	,10.5273,1999.9000,-0.0691,794.1106,595395.1875,27.6768,604600.8125,1999.9000,
	2026/03/30 16:20:03	,	639972	,	572	,10.5269,1999.9000,-0.0618,793.6786,595638.2500,27.6807,604356.7500,1999.9000,
	2026/03/30 16:20:03	,	640972	,	573	,10.5265,1999.9000,-0.0568,793.3187,595638.2500,27.6900,604356.7500,1999.9000,
	2026/03/30 16:20:03	,	641972	,	574	,10.5260,1999.9000,-0.0561,793.0188,595638.2500,27.6917,604356.7500,1999.9000,
	2026/03/30 16:20:03	,	642972	,	575	,10.5256,1999.9000,-0.0559,793.0673,595638.2500,27.6931,604356.7500,1999.9000,
	2026/03/30 16:20:03	,	643972	,	576	,10.5252,1999.9000,-0.0557,793.2070,595638.2500,27.7003,604356.7500,1999.9000,
	2026/03/30 16:20:03	,	644972	,	577	,10.5248,1999.9000,-0.0557,793.3235,595475.0000,27.7110,604566.3125,1999.9000,
	2026/03/30 16:20:03	,	645972	,	578	,10.5244,1999.9000,-0.0556,793.6196,595386.2500,27.7198,604703.4375,1999.9000,
	2026/03/30 16:20:03	,	646972	,	579	,10.5240,1999.9000,-0.0556,794.2642,595364.7500,27.7226,604806.1250,1999.9000,
	2026/03/30 16:20:03	,	647972	,	580	,10.5235,1999.9000,-0.0558,794.8013,595338.1250,27.7188,604894.3125,1999.9000,
	2026/03/30 16:20:03	,	648972	,	581	,10.5231,1999.9000,-0.0608,795.1495,595028.7500,27.7157,605048.9375,1999.9000,
	2026/03/30 16:20:03	,	649972	,	582	,10.5226,1999.9000,-0.0608,795.4396,594669.5000,27.7115,605361.2500,1999.9000,
	2026/03/30 16:20:03	,	650972	,	583	,10.5222,1999.9000,-0.0608,795.6815,594669.5000,27.7081,605361.2500,1999.9000,
	2026/03/30 16:20:03	,	651972	,	584	,10.5217,1999.9000,-0.0608,795.8830,594669.5000,27.7052,605361.2500,1999.9000,
	2026/03/30 16:20:03	,	652972	,	585	,10.5213,1999.9000,-0.0608,796.0508,594669.5000,27.6982,605361.2500,1999.9000,
	2026/03/30 16:20:03	,	653972	,	586	,10.5208,1999.9000,-0.0608,796.1908,594669.5000,27.6924,605361.2500,1999.9000,
	2026/03/30 16:20:03	,	654972	,	587	,10.5202,1999.9000,-0.0606,796.3074,594669.5000,27.6876,605160.6250,1999.9000,
	2026/03/30 16:20:03	,	655972	,	588	,10.5196,1999.9000,-0.0535,796.4045,594810.6875,27.6866,604998.1875,1999.9000,
	2026/03/30 16:20:03	,	656972	,	589	,10.5191,1999.9000,-0.0476,796.4855,594901.8750,27.6827,604887.6250,1999.9000,
	2026/03/30 16:20:03	,	657972	,	590	,10.5185,1999.9000,-0.0420,796.4536,594917.9375,27.6795,604792.1875,1999.9000,
	2026/03/30 16:20:03	,	658972	,	591	,10.5179,1999.9000,-0.0365,796.3275,594943.0000,27.6768,604669.6250,1999.9000,
	2026/03/30 16:20:03	,	659972	,	592	,10.5173,1999.9000,-0.0276,796.2223,595247.4375,27.6745,604394.1875,1999.9000,
	2026/03/30 16:20:03	,	660972	,	593	,10.5167,1999.9000,-0.0177,795.9357,595632.3750,27.6726,604394.1875,1999.9000,
	2026/03/30 16:20:03	,	661972	,	594	,10.5161,1999.9000,-0.0105,795.6970,595632.3750,27.6741,604394.1875,1999.9000,
	2026/03/30 16:20:03	,	662972	,	595	,10.5154,1999.9000,-0.0045,795.3985,595632.3750,27.6754,604394.1875,1999.9000,
	2026/03/30 16:20:03	,	663972	,	596	,10.5149,1999.9000,-0.0006,795.1498,595632.3750,27.6734,604394.1875,1999.9000,
	2026/03/30 16:20:03	,	664972	,	597	,10.5144,1999.9000,-0.0001,794.8430,595632.3750,27.6656,604529.5000,1999.9000,
	2026/03/30 16:20:03	,	665972	,	598	,10.5138,1999.9000,0.0003,794.5874,595516.1250,27.6576,604685.9375,1999.9000,
	2026/03/30 16:20:03	,	666972	,	599	,10.5132,1999.9000,0.0005,794.1755,595405.3125,27.6509,604798.2500,1999.9000,
	2026/03/30 16:20:03	,	667972	,	600	,10.5126,1999.9000,0.0007,793.8322,595351.8750,27.6560,604885.2500,1999.9000,
	2026/03/30 16:20:03	,	668972	,	601	,10.5121,1999.9000,0.0007,793.7450,595351.8750,27.6633,604991.5625,1999.9000,
	2026/03/30 16:20:03	,	669972	,	602	,10.5115,1999.9000,0.0010,793.4734,595118.1250,27.6664,605276.0625,1999.9000,
	2026/03/30 16:20:03	,	670972	,	603	,10.5108,1999.9000,0.0013,793.5455,594754.6875,27.6583,605276.0625,1999.9000,
	2026/03/30 16:20:03	,	671972	,	604	,10.5067,1999.9000,0.0016,793.7051,594754.6875,27.6515,605276.0625,1999.9000,
	2026/03/30 16:20:03	,	672972	,	605	,10.5065,1999.9000,0.0019,793.7386,594754.6875,27.6519,605276.0625,1999.9000,
	2026/03/30 16:20:03	,	673972	,	606	,10.5062,1999.9000,0.0021,793.7665,594754.6875,27.6523,605276.0625,1999.9000,
	2026/03/30 16:20:03	,	674972	,	607	,10.5058,1999.9000,0.0093,793.7899,594754.6875,27.6526,605268.0625,1999.9000,
	2026/03/30 16:20:03	,	675972	,	608	,10.5053,1999.9000,0.0171,793.8093,594755.5000,27.6513,605044.6875,1999.9000,
	2026/03/30 16:20:03	,	676972	,	609	,10.5049,1999.9000,0.0243,793.8255,594871.5000,27.6457,604917.2500,1999.9000,
	2026/03/30 16:20:03	,	677972	,	610	,10.5045,1999.9000,0.0311,793.8389,594898.5625,27.6410,604808.5625,1999.9000,
	2026/03/30 16:20:03	,	678972	,	611	,10.5040,1999.9000,0.0375,793.8389,594922.1250,27.6386,604706.5000,1999.9000,
	2026/03/30 16:20:03	,	679972	,	612	,10.5035,1999.9000,0.0461,793.8501,595136.0000,27.6397,604470.3125,1999.9000,
	2026/03/30 16:20:03	,	680972	,	613	,10.5030,1999.9000,0.0574,793.6605,595497.0625,27.6406,604467.5625,1999.9000,
	2026/03/30 16:20:03	,	681972	,	614	,10.5024,1999.9000,0.0666,793.5025,595536.6875,27.6413,604466.6875,1999.9000,
	2026/03/30 16:20:03	,	682972	,	615	,10.5018,1999.9000,0.0745,793.3708,595549.9375,27.6435,604466.1875,1999.9000,
	2026/03/30 16:20:03	,	683972	,	616	,10.4977,1999.9000,0.0807,793.2611,595556.5000,27.6513,604465.8750,1999.9000,
	2026/03/30 16:20:03	,	684972	,	617	,10.4974,1999.9000,0.0839,793.1697,595560.5000,27.6579,604465.6875,1999.9000,
	2026/03/30 16:20:03	,	685972	,	618	,10.4970,1999.9000,0.0846,793.0935,595563.1250,27.6634,604655.0625,1999.9000,
	2026/03/30 16:20:03	,	686972	,	619	,10.4966,1999.9000,0.0874,793.0300,595439.2500,27.6680,604768.0625,1999.9000,
	2026/03/30 16:20:03	,	687972	,	620	,10.4962,1999.9000,0.0899,792.9771,595402.5625,27.6718,604867.7500,1999.9000,
	2026/03/30 16:20:03	,	688972	,	621	,10.4958,1999.9000,0.0909,793.5298,595377.6875,27.6734,604955.3125,1999.9000,
	2026/03/30 16:20:03	,	689972	,	622	,10.4952,1999.9000,0.0913,793.9904,595228.3125,27.6748,605182.4375,1999.9000,
	2026/03/30 16:20:03	,	690972	,	623	,10.4947,1999.9000,0.0918,794.3743,594907.2500,27.6760,605288.7500,1999.9000,
	2026/03/30 16:20:03	,	691972	,	624	,10.4941,1999.9000,0.0920,794.8932,594707.6250,27.6769,605288.7500,1999.9000,
	2026/03/30 16:20:03	,	692972	,	625	,10.4936,1999.9000,0.0945,795.3255,594707.6250,27.6762,605288.7500,1999.9000,
	2026/03/30 16:20:03	,	693972	,	626	,10.4929,1999.9000,0.0951,795.6858,594707.6250,27.6756,605288.7500,1999.9000,
	2026/03/30 16:20:03	,	694972	,	627	,10.4923,1999.9000,0.1020,795.7870,594707.6250,27.6750,605288.7500,1999.9000,
	2026/03/30 16:20:03	,	695972	,	628	,10.4916,1999.9000,0.1106,795.8715,594707.6250,27.6716,605073.0625,1999.9000,
	2026/03/30 16:20:03	,	696972	,	629	,10.4910,1999.9000,0.1184,795.8424,594854.1875,27.6717,604937.8125,1999.9000,
	2026/03/30 16:20:03	,	697972	,	630	,10.4866,1999.9000,0.1256,795.7187,594892.6250,27.6749,604829.6875,1999.9000,
	2026/03/30 16:20:03	,	698972	,	631	,10.4862,1999.9000,0.1322,795.6155,594918.1250,27.6745,604748.1250,1999.9000,
	2026/03/30 16:20:03	,	699972	,	632	,10.4856,1999.9000,0.1399,795.3306,595056.7500,27.6742,604577.2500,1999.9000,
	2026/03/30 16:20:03	,	700972	,	633	,10.4852,1999.9000,0.1512,794.9937,595375.5625,27.6739,604418.3125,1999.9000,
	2026/03/30 16:20:03	,	701972	,	634	,10.4848,1999.9000,0.1612,794.5140,595653.1250,27.6782,604418.3125,1999.9000,
	2026/03/30 16:20:03	,	702972	,	635	,10.4844,1999.9000,0.1688,794.1143,595653.1250,27.6819,604418.3125,1999.9000,
	2026/03/30 16:20:03	,	703972	,	636	,10.4838,1999.9000,0.1736,793.6818,595653.1250,27.6849,604418.3125,1999.9000,
	2026/03/30 16:20:03	,	704972	,	637	,10.4832,1999.9000,0.1736,793.3213,595653.1250,27.6874,604418.3125,1999.9000,
	2026/03/30 16:20:03	,	705972	,	638	,10.4791,1999.9000,0.1736,793.0208,595653.1250,27.6895,604624.8750,1999.9000,
	2026/03/30 16:20:03	,	706972	,	639	,10.4788,1999.9000,0.1736,792.6710,595484.5625,27.6913,604755.9375,1999.9000,
	2026/03/30 16:20:03	,	707972	,	640	,10.4784,1999.9000,0.1736,792.3795,595397.5625,27.6927,604845.3750,1999.9000,
	2026/03/30 16:20:03	,	708972	,	641	,10.4780,1999.9000,0.1733,792.1365,595384.7500,27.6939,604885.0000,1999.9000,
	2026/03/30 16:20:03	,	709972	,	642	,10.4775,1999.9000,0.1688,792.3320,595360.2500,27.6934,605100.8750,1999.9000,
	2026/03/30 16:20:03	,	710972	,	643	,10.4771,1999.9000,0.1615,792.7933,595058.5625,27.6914,605359.3750,1999.9000,
	2026/03/30 16:20:03	,	711972	,	644	,10.4765,1999.9000,0.1537,793.3767,594692.1250,27.6898,605359.3750,1999.9000,
	2026/03/30 16:20:03	,	712972	,	645	,10.4759,1999.9000,0.1479,793.8629,594692.1250,27.6884,605359.3750,1999.9000,
	2026/03/30 16:20:03	,	713972	,	646	,10.4717,1999.9000,0.1479,794.2680,594692.1250,27.6858,605359.3750,1999.9000,
	2026/03/30 16:20:03	,	714972	,	647	,10.4713,1999.9000,0.1479,794.6055,594692.1250,27.6835,605359.3750,1999.9000,
	2026/03/30 16:20:03	,	715972	,	648	,10.4708,1999.9000,0.1479,794.8869,594692.1250,27.6817,605127.4375,1999.9000,
	2026/03/30 16:20:03	,	716972	,	649	,10.4703,1999.9000,0.1479,795.5192,594778.5000,27.6801,604983.0625,1999.9000,
	2026/03/30 16:20:03	,	717972	,	650	,10.4697,1999.9000,0.1481,795.6483,594874.4375,27.6789,604872.5625,1999.9000,
	2026/03/30 16:20:03	,	718972	,	651	,10.4692,1999.9000,0.1519,795.7558,594899.8125,27.6763,604779.5000,1999.9000,
	2026/03/30 16:20:03	,	719972	,	652	,10.4686,1999.9000,0.1544,795.8455,594925.1250,27.6741,604643.0000,1999.9000,
	2026/03/30 16:20:03	,	720972	,	653	,10.4645,1999.9000,0.1604,795.9202,595208.6875,27.6678,604354.9375,1999.9000,
	2026/03/30 16:20:03	,	721972	,	654	,10.4641,1999.9000,0.1672,795.8829,595593.6250,27.6655,604354.9375,1999.9000,
	2026/03/30 16:20:03	,	722972	,	655	,10.4636,1999.9000,0.1702,795.8519,595593.6250,27.6636,604354.9375,1999.9000,
	2026/03/30 16:20:03	,	723972	,	656	,10.4631,1999.9000,0.1702,795.6271,595593.6250,27.6621,604354.9375,1999.9000,
	2026/03/30 16:20:03	,	724972	,	657	,10.4626,1999.9000,0.1702,795.4397,595593.6250,27.6608,604354.9375,1999.9000,
	2026/03/30 16:20:03	,	725972	,	658	,10.4621,1999.9000,0.1702,795.0847,595593.6250,27.6597,604558.5000,1999.9000,
	2026/03/30 16:20:03	,	726972	,	659	,10.4615,1999.9000,0.1702,794.7888,595584.0625,27.6587,604694.3750,1999.9000,
	2026/03/30 16:20:03	,	727972	,	660	,10.4574,1999.9000,0.1678,794.3433,595419.0000,27.6595,604797.0625,1999.9000,
	2026/03/30 16:20:03	,	728972	,	661	,10.4570,1999.9000,0.1668,793.8726,595392.4375,27.6601,604896.1250,1999.9000,
	2026/03/30 16:20:03	,	729972	,	662	,10.4564,1999.9000,0.1641,793.3808,595368.5625,27.6607,605020.5625,1999.9000,
	2026/03/30 16:20:03	,	730972	,	663	,10.4558,1999.9000,0.1597,792.9710,595148.5000,27.6611,605314.6875,1999.9000,
	2026/03/30 16:20:03	,	731972	,	664	,10.4553,1999.9000,0.1535,792.6295,594796.3750,27.6615,605314.6875,1999.9000,
	2026/03/30 16:20:03	,	732972	,	665	,10.4548,1999.9000,0.1530,792.3450,594771.9375,27.6618,605314.6875,1999.9000,
	2026/03/30 16:20:03	,	733972	,	666	,10.4541,1999.9000,0.1528,792.1078,594763.8750,27.6606,605314.6875,1999.9000,
	2026/03/30 16:20:03	,	734972	,	667	,10.4499,1999.9000,0.1527,791.8108,594759.7500,27.6595,605314.6875,1999.9000,
	2026/03/30 16:20:03	,	735972	,	668	,10.4494,1999.9000,0.1526,791.5632,594757.3125,27.6556,605200.5625,1999.9000,
	2026/03/30 16:20:03	,	736972	,	669	,10.4488,1999.9000,0.1526,791.5558,594755.6875,27.6508,605028.4375,1999.9000,
	2026/03/30 16:20:03	,	737972	,	670	,10.4482,1999.9000,0.1559,792.1465,594869.6875,27.6483,604908.8125,1999.9000,
	2026/03/30 16:20:03	,	738972	,	671	,10.4477,1999.9000,0.1592,792.7382,594904.5625,27.6462,604814.0000,1999.9000,
	2026/03/30 16:20:03	,	739972	,	672	,10.4472,1999.9000,0.1622,793.2313,594927.5000,27.6429,604712.5000,1999.9000,
	2026/03/30 16:20:03	,	740972	,	673	,10.4465,1999.9000,0.1675,793.5427,595102.6250,27.6418,604457.0000,1999.9000,
	2026/03/30 16:20:03	,	741972	,	674	,10.4418,1999.9000,0.1752,793.8022,595466.0625,27.6438,604457.0000,1999.9000,
	2026/03/30 16:20:03	,	742972	,	675	,10.4413,1999.9000,0.1803,794.0185,595613.8750,27.6410,604457.0000,1999.9000,
	2026/03/30 16:20:03	,	743972	,	676	,10.4408,1999.9000,0.1803,794.1987,595613.8750,27.6410,604457.0000,1999.9000,
	2026/03/30 16:20:03	,	744972	,	677	,10.4403,1999.9000,0.1803,794.3489,595613.8750,27.6386,604457.0000,1999.9000,
	2026/03/30 16:20:03	,	745972	,	678	,10.4397,1999.9000,0.1803,794.5735,595613.8750,27.6381,604463.1250,1999.9000,
	2026/03/30 16:20:03	,	746972	,	679	,10.4391,1999.9000,0.1803,794.7607,595613.8750,27.6423,604676.2500,1999.9000,
	2026/03/30 16:20:03	,	747972	,	680	,10.4385,1999.9000,0.1800,794.9167,595461.3125,27.6458,604786.1875,1999.9000,
	2026/03/30 16:20:03	,	748972	,	681	,10.4341,1999.9000,0.1764,795.0468,595367.1875,27.6512,604881.0000,1999.9000,
	2026/03/30 16:20:03	,	749972	,	682	,10.4334,1999.9000,0.1755,795.3540,595345.6875,27.6512,604973.4375,1999.9000,
	2026/03/30 16:20:03	,	750972	,	683	,10.4328,1999.9000,0.1713,795.6101,595224.8125,27.6501,605218.6875,1999.9000,
	2026/03/30 16:20:03	,	751972	,	684	,10.4322,1999.9000,0.1640,795.8235,594922.1250,27.6478,605251.2500,1999.9000,
	2026/03/30 16:20:03	,	752972	,	685	,10.4316,1999.9000,0.1583,796.0013,594663.5625,27.6458,605262.1250,1999.9000,
	2026/03/30 16:20:03	,	753972	,	686	,10.4311,1999.9000,0.1583,796.0500,594663.5625,27.6411,605267.5625,1999.9000,
	2026/03/30 16:20:03	,	754972	,	687	,10.4268,1999.9000,0.1583,796.1901,594663.5625,27.6372,605270.8750,1999.9000,
	2026/03/30 16:20:03	,	755972	,	688	,10.4261,1999.9000,0.1583,796.3068,594663.5625,27.6339,605273.0000,1999.9000,
	2026/03/30 16:20:03	,	756972	,	689	,10.4255,1999.9000,0.1583,796.4041,594663.5625,27.6312,605082.7500,1999.9000,
	2026/03/30 16:20:03	,	757972	,	690	,10.4249,1999.9000,0.1615,796.3857,594814.2500,27.6319,605082.7500,1999.9000,
	2026/03/30 16:20:03	,	758972	,	691	,10.4243,1999.9000,0.1652,796.3703,594896.5000,27.6341,604958.9375,1999.9000,
	2026/03/30 16:20:03	,	759972	,	692	,10.4237,1999.9000,0.1681,796.3575,594915.5625,27.6359,604848.3750,1999.9000,
	2026/03/30 16:20:03	,	760972	,	693	,10.4192,1999.9000,0.1718,796.2474,595014.5000,27.6374,604753.0000,1999.9000,
	2026/03/30 16:20:03	,	761972	,	694	,10.4185,1999.9000,0.1787,795.8572,595312.3125,27.6387,604546.4375,1999.9000,
	2026/03/30 16:20:03	,	762972	,	695	,10.4185,1999.9000,0.1843,795.8304,595668.6250,27.6398,604402.0625,1999.9000,
	2026/03/30 16:20:03	,	763972	,	696	,10.4179,1999.9000,0.1845,795.8082,595668.6250,27.6406,604402.0625,1999.9000,
	2026/03/30 16:20:03	,	764972	,	697	,10.4173,1999.9000,0.1846,795.7896,595668.6250,27.6413,604402.0625,1999.9000,
	2026/03/30 16:20:03	,	765972	,	698	,10.4167,1999.9000,0.1846,795.7741,595668.6250,27.6420,604402.0625,1999.9000,
	2026/03/30 16:20:03	,	766972	,	699	,10.4161,1999.9000,0.1846,795.4628,595668.6250,27.6425,604402.0625,1999.9000,
	2026/03/30 16:20:03	,	767972	,	700	,10.4117,1999.9000,0.1847,795.8002,595487.5000,27.6429,604614.0000,1999.9000,
	2026/03/30 16:20:03	,	768972	,	701	,10.4111,1999.9000,0.1819,796.4793,595389.8125,27.6524,604742.1250,1999.9000,
	2026/03/30 16:20:03	,	769972	,	702	,10.4105,1999.9000,0.1795,797.0452,595368.4375,27.6603,604836.9375,1999.9000,
	2026/03/30 16:20:03	,	770972	,	703	,10.4099,1999.9000,0.1766,797.5167,595343.1875,27.6669,604923.2500,1999.9000,
	2026/03/30 16:20:03	,	771972	,	704	,10.4093,1999.9000,0.1700,797.5118,595066.3125,27.6724,605118.9375,1999.9000,
	2026/03/30 16:20:03	,	772972	,	705	,10.4088,1999.9000,0.1637,797.3088,594704.0625,27.6770,605344.8750,1999.9000,
	2026/03/30 16:20:03	,	773972	,	706	,10.4043,1999.9000,0.1637,797.1396,594704.0625,27.6778,605344.8750,1999.9000,
	2026/03/30 16:20:03	,	774972	,	707	,10.4036,1999.9000,0.1637,796.9986,594704.0625,27.6784,605344.8750,1999.9000,
	2026/03/30 16:20:03	,	775972	,	708	,10.4030,1999.9000,0.1637,796.8811,594704.0625,27.6759,605344.8750,1999.9000,
	2026/03/30 16:20:03	,	776972	,	709	,10.4023,1999.9000,0.1637,796.7832,594704.0625,27.6677,605344.8750,1999.9000,
	2026/03/30 16:20:03	,	777972	,	710	,10.4015,1999.9000,0.1637,796.6021,594717.1875,27.6609,605131.6875,1999.9000,
	2026/03/30 16:20:03	,	778972	,	711	,10.3972,1999.9000,0.1670,796.4512,594889.9375,27.6536,604986.1250,1999.9000,
	2026/03/30 16:20:03	,	779972	,	712	,10.3967,1999.9000,0.1699,796.3256,594913.7500,27.6476,604858.6250,1999.9000,
	2026/03/30 16:20:03	,	780972	,	713	,10.3961,1999.9000,0.1729,796.2207,594933.4375,27.6441,604760.8125,1999.9000,
	2026/03/30 16:20:03	,	781972	,	714	,10.3954,1999.9000,0.1795,796.1334,595175.3125,27.6458,604607.3750,1999.9000,
	2026/03/30 16:20:03	,	782972	,	715	,10.3947,1999.9000,0.1867,796.0606,595558.4375,27.6441,604373.6875,1999.9000,
	2026/03/30 16:20:03	,	783972	,	716	,10.3940,1999.9000,0.1907,795.8010,595558.4375,27.6427,604373.6875,1999.9000,
	2026/03/30 16:20:03	,	784972	,	717	,10.3898,1999.9000,0.1907,795.5847,595558.4375,27.6447,604373.6875,1999.9000,
	2026/03/30 16:20:03	,	785972	,	718	,10.3891,1999.9000,0.1907,795.3050,595558.4375,27.6462,604373.6875,1999.9000,
	2026/03/30 16:20:03	,	786972	,	719	,10.3883,1999.9000,0.1907,795.3704,595558.4375,27.6476,604373.6875,1999.9000,
	2026/03/30 16:20:03	,	787972	,	720	,10.3876,1999.9000,0.1907,795.4248,595554.5000,27.6486,604583.8125,1999.9000,
	2026/03/30 16:20:03	,	788972	,	721	,10.3869,1999.9000,0.1880,795.4702,595415.4375,27.6465,604731.2500,1999.9000,
	2026/03/30 16:20:03	,	789972	,	722	,10.3827,1999.9000,0.1858,795.2095,595385.0625,27.6447,604831.5000,1999.9000,
	2026/03/30 16:20:03	,	790972	,	723	,10.3819,1999.9000,0.1849,794.7934,595363.2500,27.6433,604923.8750,1999.9000,
	2026/03/30 16:20:03	,	791972	,	724	,10.3811,1999.9000,0.1791,794.6456,595177.1250,27.6390,605058.0000,1999.9000,
	2026/03/30 16:20:03	,	792972	,	725	,10.3805,1999.9000,0.1723,794.7213,594833.9375,27.6354,605360.6250,1999.9000,
	2026/03/30 16:20:03	,	793972	,	726	,10.3799,1999.9000,0.1713,794.7844,594717.1875,27.6294,605360.6250,1999.9000,
	2026/03/30 16:20:03	,	794972	,	727	,10.3756,1999.9000,0.1710,795.0359,594717.1875,27.6243,605360.6250,1999.9000,
	2026/03/30 16:20:03	,	795972	,	728	,10.3750,1999.9000,0.1708,795.2455,594717.1875,27.6201,605360.6250,1999.9000,
	2026/03/30 16:20:03	,	796972	,	729	,10.3744,1999.9000,0.1707,795.2213,594717.1875,27.6197,605360.6250,1999.9000,
	2026/03/30 16:20:03	,	797972	,	730	,10.3738,1999.9000,0.1707,795.2011,594717.1875,27.6270,605186.6250,1999.9000,
	2026/03/30 16:20:03	,	798972	,	731	,10.3731,1999.9000,0.1736,795.1842,594848.8125,27.6331,605015.7500,1999.9000,
	2026/03/30 16:20:03	,	799972	,	732	,10.3690,1999.9000,0.1764,795.1701,594887.2500,27.6381,604897.9375,1999.9000,
	2026/03/30 16:20:03	,	800972	,	733	,10.3683,1999.9000,0.1788,795.1584,594912.0000,27.6438,604806.1250,1999.9000,
	2026/03/30 16:20:03	,	801972	,	734	,10.3676,1999.9000,0.1839,794.3528,595088.3125,27.6501,604704.6250,1999.9000,
	2026/03/30 16:20:03	,	802972	,	735	,10.3668,1999.9000,0.1915,794.0795,595439.8750,27.6554,604451.0000,1999.9000,
	2026/03/30 16:20:03	,	803972	,	736	,10.3661,1999.9000,0.1969,793.8516,595623.3750,27.6598,604451.0000,1999.9000,
	2026/03/30 16:20:03	,	804972	,	737	,10.3620,1999.9000,0.1969,793.6617,595623.3750,27.6649,604451.0000,1999.9000,
	2026/03/30 16:20:03	,	805972	,	738	,10.3612,1999.9000,0.1969,793.5035,595623.3750,27.6693,604451.0000,1999.9000,
	2026/03/30 16:20:03	,	806972	,	739	,10.3604,1999.9000,0.1969,793.3717,595623.3750,27.6729,604451.0000,1999.9000,
	2026/03/30 16:20:03	,	807972	,	740	,10.3597,1999.9000,0.1969,793.4608,595623.3750,27.6758,604538.5625,1999.9000,
	2026/03/30 16:20:03	,	808972	,	741	,10.3589,1999.9000,0.1968,793.5350,595467.2500,27.6783,604706.5000,1999.9000,
	2026/03/30 16:20:03	,	809972	,	742	,10.3546,1999.9000,0.1938,793.9948,595378.5000,27.6789,604815.1250,1999.9000,
	2026/03/30 16:20:03	,	810972	,	743	,10.3539,1999.9000,0.1928,794.3779,595359.7500,27.6778,604901.5625,1999.9000,
	2026/03/30 16:20:03	,	811972	,	744	,10.3532,1999.9000,0.1881,794.6971,595261.6875,27.6769,604992.7500,1999.9000,
	2026/03/30 16:20:03	,	812972	,	745	,10.3525,1999.9000,0.1811,794.9632,594968.0000,27.6777,605250.6250,1999.9000,
	2026/03/30 16:20:03	,	813972	,	746	,10.3517,1999.9000,0.1759,795.1849,594655.8125,27.6784,605252.5000,1999.9000,
	2026/03/30 16:20:03	,	814972	,	747	,10.3471,1999.9000,0.1759,795.3697,594655.8125,27.6774,605253.0625,1999.9000,
	2026/03/30 16:20:03	,	815972	,	748	,10.3464,1999.9000,0.1759,796.0210,594655.8125,27.6765,605253.3750,1999.9000,
	2026/03/30 16:20:03	,	816972	,	749	,10.3457,1999.9000,0.1759,796.5638,594655.8125,27.6758,605253.5625,1999.9000,
	2026/03/30 16:20:03	,	817972	,	750	,10.3450,1999.9000,0.1759,797.0162,594655.8125,27.6753,605253.6875,1999.9000,
	2026/03/30 16:20:03	,	818972	,	751	,10.3443,1999.9000,0.1792,797.4926,594820.2500,27.6748,605062.2500,1999.9000,
	2026/03/30 16:20:03	,	819972	,	752	,10.3397,1999.9000,0.1824,797.7902,594916.1250,27.6775,604938.4375,1999.9000,
	2026/03/30 16:20:03	,	820972	,	753	,10.3391,1999.9000,0.1848,797.9387,594936.3750,27.6797,604838.6875,1999.9000,
	2026/03/30 16:20:03	,	821972	,	754	,10.3384,1999.9000,0.1885,798.0624,594962.3750,27.6815,604756.5625,1999.9000,
	2026/03/30 16:20:03	,	822972	,	755	,10.3376,1999.9000,0.1956,797.3696,595275.4375,27.6831,604533.1250,1999.9000,
	2026/03/30 16:20:03	,	823972	,	756	,10.3369,1999.9000,0.2011,796.7924,595644.2500,27.6844,604499.3125,1999.9000,
	2026/03/30 16:20:03	,	824972	,	757	,10.3329,1999.9000,0.2011,796.3113,595644.2500,27.6855,604488.0625,1999.9000,
	2026/03/30 16:20:03	,	825972	,	758	,10.3322,1999.9000,0.2011,795.7115,595644.2500,27.6863,604482.3750,1999.9000,
	2026/03/30 16:20:03	,	826972	,	759	,10.3315,1999.9000,0.2011,795.2117,595644.2500,27.6871,604479.0000,1999.9000,
	2026/03/30 16:20:03	,	827972	,	760	,10.3308,1999.9000,0.2011,794.7952,595644.2500,27.6877,604476.7500,1999.9000,
	2026/03/30 16:20:03	,	828972	,	761	,10.3301,1999.9000,0.2011,794.4481,595497.6250,27.6882,604660.5000,1999.9000,
	2026/03/30 16:20:03	,	829972	,	762	,10.3256,1999.9000,0.1986,794.3577,595401.7500,27.6887,604776.5000,1999.9000,
	2026/03/30 16:20:03	,	830972	,	763	,10.3248,1999.9000,0.1976,794.2825,595374.8750,27.6921,604888.2500,1999.9000,
	2026/03/30 16:20:03	,	831972	,	764	,10.3240,1999.9000,0.1942,794.4188,595293.9375,27.6919,604981.2500,1999.9000,
	2026/03/30 16:20:03	,	832972	,	765	,10.3233,1999.9000,0.1878,794.6318,595084.7500,27.6886,605191.4375,1999.9000,
	2026/03/30 16:20:03	,	833972	,	766	,10.3225,1999.9000,0.1819,794.8093,594723.6875,27.6920,605333.3750,1999.9000,
	2026/03/30 16:20:03	,	834972	,	767	,10.3180,1999.9000,0.1819,794.9572,594723.6875,27.6949,605333.3750,1999.9000,
	2026/03/30 16:20:03	,	835972	,	768	,10.3173,1999.9000,0.1819,795.0805,594723.6875,27.6911,605333.3750,1999.9000,
	2026/03/30 16:20:03	,	836972	,	769	,10.3165,1999.9000,0.1819,795.2827,594723.6875,27.6880,605333.3750,1999.9000,
	2026/03/30 16:20:03	,	837972	,	770	,10.3157,1999.9000,0.1819,795.4512,594723.6875,27.6885,605333.3750,1999.9000,
	2026/03/30 16:20:03	,	838972	,	771	,10.3150,1999.9000,0.1819,795.4921,594728.9375,27.6889,605114.1250,1999.9000,
	2026/03/30 16:20:03	,	839972	,	772	,10.3105,1999.9000,0.1820,795.3273,594871.5000,27.6892,604977.6250,1999.9000,
	2026/03/30 16:20:03	,	840972	,	773	,10.3099,1999.9000,0.1858,795.1899,594895.3125,27.6895,604867.1250,1999.9000,
	2026/03/30 16:20:03	,	841972	,	774	,10.3092,1999.9000,0.1887,795.0754,594914.4375,27.6912,604826.6875,1999.9000,
	2026/03/30 16:20:03	,	842972	,	775	,10.3084,1999.9000,0.1915,795.0795,595140.1875,27.6911,604614.6250,1999.9000,
	2026/03/30 16:20:03	,	843972	,	776	,10.3076,1999.9000,0.1977,795.0829,595516.7500,27.6911,604409.9375,1999.9000,
	2026/03/30 16:20:03	,	844972	,	777	,10.3034,1999.9000,0.2041,794.9863,595531.6250,27.6910,604409.9375,1999.9000,
	2026/03/30 16:20:03	,	845972	,	778	,10.3027,1999.9000,0.2044,794.7068,595536.5625,27.6925,604409.9375,1999.9000,
	2026/03/30 16:20:03	,	846972	,	779	,10.3020,1999.9000,0.2045,794.5733,595539.0625,27.6937,604409.9375,1999.9000,
	2026/03/30 16:20:03	,	847972	,	780	,10.3013,1999.9000,0.2045,794.4622,595540.5625,27.6948,604409.9375,1999.9000,
	2026/03/30 16:20:03	,	848972	,	781	,10.2972,1999.9000,0.2046,794.3696,595541.6250,27.6941,604618.8750,1999.9000,
	2026/03/30 16:20:03	,	849972	,	782	,10.2964,1999.9000,0.2046,794.2923,595423.1875,27.6936,604749.9375,1999.9000,
	2026/03/30 16:20:03	,	850972	,	783	,10.2956,1999.9000,0.2021,794.2280,595391.3750,27.6824,604841.7500,1999.9000,
	2026/03/30 16:20:03	,	851972	,	784	,10.2948,1999.9000,0.2010,794.1743,595371.0000,27.6732,604925.1250,1999.9000,
	2026/03/30 16:20:03	,	852972	,	785	,10.2906,1999.9000,0.1982,794.5276,595212.3125,27.6624,605085.7500,1999.9000,
	2026/03/30 16:20:03	,	853972	,	786	,10.2900,1999.9000,0.1933,794.8220,594877.3750,27.6534,605396.2500,1999.9000,
	2026/03/30 16:20:03	,	854972	,	787	,10.2893,1999.9000,0.1866,795.0672,594718.3125,27.6459,605396.2500,1999.9000,
	2026/03/30 16:20:03	,	855972	,	788	,10.2886,1999.9000,0.1856,795.3711,594718.3125,27.6396,605396.2500,1999.9000,
	2026/03/30 16:20:03	,	856972	,	789	,10.2879,1999.9000,0.1853,795.8233,594718.3125,27.6374,605396.2500,1999.9000,
	2026/03/30 16:20:03	,	857972	,	790	,10.2836,1999.9000,0.1851,796.2001,594718.3125,27.6357,605396.2500,1999.9000,
	2026/03/30 16:20:03	,	858972	,	791	,10.2828,1999.9000,0.1850,796.4147,594718.3125,27.6372,605158.2500,1999.9000,
	2026/03/30 16:20:03	,	859972	,	792	,10.2821,1999.9000,0.1849,796.5934,594853.6250,27.6385,605004.2500,1999.9000,
	2026/03/30 16:20:03	,	860972	,	793	,10.2813,1999.9000,0.1877,796.5435,594881.3125,27.6396,604900.3125,1999.9000,
	2026/03/30 16:20:03	,	861972	,	794	,10.2806,1999.9000,0.1904,796.5018,594899.6875,27.6405,604818.8125,1999.9000,
	2026/03/30 16:20:03	,	862972	,	795	,10.2764,1999.9000,0.1927,796.2682,595038.8750,27.6397,604702.8125,1999.9000,
	2026/03/30 16:20:03	,	863972	,	796	,10.2755,1999.9000,0.1979,795.7751,595385.0625,27.6437,604426.1875,1999.9000,
	2026/03/30 16:20:03	,	864972	,	797	,10.2748,1999.9000,0.2053,795.3641,595624.0000,27.6470,604426.1875,1999.9000,
	2026/03/30 16:20:03	,	865972	,	798	,10.2741,1999.9000,0.2086,795.0217,595624.0000,27.6481,604426.1875,1999.9000,
	2026/03/30 16:20:03	,	866972	,	799	,10.2733,1999.9000,0.2086,794.7363,595624.0000,27.6461,604426.1875,1999.9000,
	2026/03/30 16:20:03	,	867972	,	800	,10.2685,1999.9000,0.2086,794.7969,595624.0000,27.6444,604426.1875,1999.9000,
	2026/03/30 16:20:03	,	868972	,	801	,10.2678,1999.9000,0.2086,794.8474,595624.0000,27.6444,604571.1875,1999.9000,
	2026/03/30 16:20:03	,	869972	,	802	,10.2671,1999.9000,0.2086,794.8895,595455.9375,27.6460,604727.0000,1999.9000,
	2026/03/30 16:20:03	,	870972	,	803	,10.2663,1999.9000,0.2056,794.9246,595370.7500,27.6473,604825.4375,1999.9000,
	2026/03/30 16:20:03	,	871972	,	804	,10.2656,1999.9000,0.2030,794.9538,595352.5625,27.6485,604913.6250,1999.9000,
	2026/03/30 16:20:03	,	872972	,	805	,10.2609,1999.9000,0.2020,794.9781,595261.6875,27.6494,605021.1250,1999.9000,
	2026/03/30 16:20:03	,	873972	,	806	,10.2602,1999.9000,0.1972,794.5011,594991.8125,27.6502,605297.1250,1999.9000,
	2026/03/30 16:20:03	,	874972	,	807	,10.2596,1999.9000,0.1900,793.9045,594639.0625,27.6509,605297.1250,1999.9000,
	2026/03/30 16:20:03	,	875972	,	808	,10.2588,1999.9000,0.1849,793.3079,594639.0625,27.6514,605297.1250,1999.9000,
	2026/03/30 16:20:03	,	876972	,	809	,10.2547,1999.9000,0.1849,792.8109,594639.0625,27.6534,605297.1250,1999.9000,
	2026/03/30 16:20:03	,	877972	,	810	,10.2541,1999.9000,0.1849,792.4960,594639.0625,27.6551,605297.1250,1999.9000,
	2026/03/30 16:20:03	,	878972	,	811	,10.2536,1999.9000,0.1849,792.4326,594639.0625,27.6564,605287.5625,1999.9000,
	2026/03/30 16:20:03	,	879972	,	812	,10.2529,1999.9000,0.1849,792.3798,594795.1875,27.6576,605061.0000,1999.9000,
	2026/03/30 16:20:03	,	880972	,	813	,10.2522,1999.9000,0.1880,792.5347,594889.3750,27.6586,604946.8125,1999.9000,
	2026/03/30 16:20:03	,	881972	,	814	,10.2477,1999.9000,0.1907,792.6638,594912.3125,27.6609,604848.3750,1999.9000,
	2026/03/30 16:20:03	,	882972	,	815	,10.2468,1999.9000,0.1917,792.7714,594934.8125,27.6628,604758.3750,1999.9000,
	2026/03/30 16:20:03	,	883972	,	816	,10.2459,1999.9000,0.1961,792.8611,595230.6875,27.6644,604510.8125,1999.9000,
	2026/03/30 16:20:03	,	884972	,	817	,10.2451,1999.9000,0.2032,792.9358,595615.6250,27.6658,604500.1875,1999.9000,
	2026/03/30 16:20:03	,	885972	,	818	,10.2444,1999.9000,0.2088,792.7991,595615.6250,27.6669,604496.6875,1999.9000,
	2026/03/30 16:20:03	,	886972	,	819	,10.2403,1999.9000,0.2113,792.6852,595615.6250,27.6663,604494.9375,1999.9000,
	2026/03/30 16:20:03	,	887972	,	820	,10.2396,1999.9000,0.2113,792.5903,595615.6250,27.6658,604493.8750,1999.9000,
	2026/03/30 16:20:03	,	888972	,	821	,10.2388,1999.9000,0.2113,792.5112,595615.6250,27.6669,604493.1875,1999.9000,
	2026/03/30 16:20:03	,	889972	,	822	,10.2381,1999.9000,0.2113,792.4453,595514.3750,27.6678,604672.6250,1999.9000,
	2026/03/30 16:20:03	,	890972	,	823	,10.2374,1999.9000,0.2113,792.3904,595402.9375,27.6671,604790.4375,1999.9000,
	2026/03/30 16:20:03	,	891972	,	824	,10.2329,1999.9000,0.2087,792.3447,595373.4375,27.6665,604889.5000,1999.9000,
	2026/03/30 16:20:03	,	892972	,	825	,10.2320,1999.9000,0.2062,792.3065,595348.8750,27.6644,604975.8125,1999.9000,
	2026/03/30 16:20:03	,	893972	,	826	,10.2313,1999.9000,0.2027,792.3742,595115.7500,27.6627,605209.5625,1999.9000,
	2026/03/30 16:20:03	,	894972	,	827	,10.2305,1999.9000,0.1954,792.4306,594759.4375,27.6597,605313.5000,1999.9000,
	2026/03/30 16:20:03	,	895972	,	828	,10.2297,1999.9000,0.1889,792.4776,594755.6250,27.6573,605313.5000,1999.9000,
	2026/03/30 16:20:03	,	896972	,	829	,10.2253,1999.9000,0.1879,792.4776,594754.3125,27.6537,605313.5000,1999.9000,
	2026/03/30 16:20:03	,	897972	,	830	,10.2244,1999.9000,0.1876,792.9147,594753.6875,27.6462,605313.5000,1999.9000,
	2026/03/30 16:20:03	,	898972	,	831	,10.2234,1999.9000,0.1874,793.2789,594753.3125,27.6399,605313.5000,1999.9000,
	2026/03/30 16:20:03	,	899972	,	832	,10.2226,1999.9000,0.1873,793.5825,594753.0625,27.6392,605091.8125,1999.9000,
	2026/03/30 16:20:03	,	900972	,	833	,10.2218,1999.9000,0.1873,793.8353,594863.7500,27.6386,604957.6875,1999.9000,
	2026/03/30 16:20:03	,	901972	,	834	,10.2172,1999.9000,0.1898,794.0461,594887.2500,27.6382,604853.8125,1999.9000,
	2026/03/30 16:20:03	,	902972	,	835	,10.2164,1999.9000,0.1922,794.2218,594906.8750,27.6378,604768.0625,1999.9000,
	2026/03/30 16:20:03	,	903972	,	836	,10.2158,1999.9000,0.1949,794.3681,595108.6250,27.6375,604586.8750,1999.9000,
	2026/03/30 16:20:03	,	904972	,	837	,10.2151,1999.9000,0.2013,794.4901,595482.1875,27.6372,604438.3125,1999.9000,
	2026/03/30 16:20:03	,	905972	,	838	,10.2143,1999.9000,0.2077,794.8901,595567.3750,27.6401,604438.3125,1999.9000,
	2026/03/30 16:20:03	,	906972	,	839	,10.2098,1999.9000,0.2085,795.3229,595567.3750,27.6424,604438.3125,1999.9000,
	2026/03/30 16:20:03	,	907972	,	840	,10.2091,1999.9000,0.2088,795.6837,595567.3750,27.6444,604438.3125,1999.9000,
	2026/03/30 16:20:03	,	908972	,	841	,10.2084,1999.9000,0.2090,795.8848,595567.3750,27.6460,604438.3125,1999.9000,
	2026/03/30 16:20:03	,	909972	,	842	,10.2076,1999.9000,0.2090,795.9529,595567.3750,27.6428,604638.1875,1999.9000,
	2026/03/30 16:20:03	,	910972	,	843	,10.2068,1999.9000,0.2091,796.0097,595429.1250,27.6386,604766.2500,1999.9000,
	2026/03/30 16:20:03	,	911972	,	844	,10.2021,1999.9000,0.2063,796.1565,595346.9375,27.6350,604862.8750,1999.9000,
	2026/03/30 16:20:03	,	912972	,	845	,10.2015,1999.9000,0.2034,796.3783,595325.4375,27.6321,604862.8750,1999.9000,
	2026/03/30 16:20:03	,	913972	,	846	,10.2009,1999.9000,0.2008,796.6627,595199.1875,27.6327,604953.5000,1999.9000,
	2026/03/30 16:20:03	,	914972	,	847	,10.2002,1999.9000,0.1951,796.8995,594888.1250,27.6302,605382.3125,1999.9000,
	2026/03/30 16:20:03	,	915972	,	848	,10.1994,1999.9000,0.1883,796.8980,594677.8125,27.6281,605382.3125,1999.9000,
	2026/03/30 16:20:03	,	916972	,	849	,10.1951,1999.9000,0.1882,796.7973,594677.8125,27.6263,605382.3125,1999.9000,
	2026/03/30 16:20:03	,	917972	,	850	,10.1943,1999.9000,0.1881,796.7133,594677.8125,27.6249,605382.3125,1999.9000,
	2026/03/30 16:20:03	,	918972	,	851	,10.1934,1999.9000,0.1881,796.5439,594677.8125,27.6267,605382.3125,1999.9000,
	2026/03/30 16:20:03	,	919972	,	852	,10.1925,1999.9000,0.1881,796.4027,594677.8125,27.6282,605382.3125,1999.9000,
	2026/03/30 16:20:03	,	920972	,	853	,10.1917,1999.9000,0.1880,796.2850,594828.0000,27.6295,605161.2500,1999.9000,
	2026/03/30 16:20:03	,	921972	,	854	,10.1875,1999.9000,0.1916,795.9880,594865.1875,27.6305,604900.3125,1999.9000,
	2026/03/30 16:20:03	,	922972	,	855	,10.1867,1999.9000,0.1950,795.6411,594889.1250,27.6329,604900.3125,1999.9000,
	2026/03/30 16:20:03	,	923972	,	856	,10.1859,1999.9000,0.1980,795.3520,595031.7500,27.6349,604810.9375,1999.9000,
	2026/03/30 16:20:03	,	924972	,	857	,10.1851,1999.9000,0.2037,795.1110,595349.3125,27.6382,604665.4375,1999.9000,
	2026/03/30 16:20:03	,	925972	,	858	,10.1843,1999.9000,0.2108,794.9102,595632.8750,27.6409,604373.0625,1999.9000,
	2026/03/30 16:20:03	,	926972	,	859	,10.1799,1999.9000,0.2144,794.7428,595632.8750,27.6446,604373.0625,1999.9000,
	2026/03/30 16:20:03	,	927972	,	860	,10.1791,1999.9000,0.2144,794.6034,595632.8750,27.6477,604373.0625,1999.9000,
	2026/03/30 16:20:03	,	928972	,	861	,10.1784,1999.9000,0.2144,794.3878,595632.8750,27.6518,604373.0625,1999.9000,
	2026/03/30 16:20:03	,	929972	,	862	,10.1777,1999.9000,0.2144,794.2080,595632.8750,27.6537,604373.0625,1999.9000,
	2026/03/30 16:20:03	,	930972	,	863	,10.1770,1999.9000,0.2144,794.0582,595473.2500,27.6553,604580.8125,1999.9000,
	2026/03/30 16:20:03	,	931972	,	864	,10.1722,1999.9000,0.2119,794.0330,595379.0625,27.6597,604728.8125,1999.9000,
	2026/03/30 16:20:03	,	932972	,	865	,10.1713,1999.9000,0.2097,794.3102,595356.1250,27.6634,604834.5000,1999.9000,
	2026/03/30 16:20:03	,	933972	,	866	,10.1706,1999.9000,0.2087,794.5413,595267.6875,27.6664,604926.3125,1999.9000,
	2026/03/30 16:20:03	,	934972	,	867	,10.1699,1999.9000,0.2035,794.7339,595017.4375,27.6690,605057.3750,1999.9000,
	2026/03/30 16:20:03	,	935972	,	868	,10.1692,1999.9000,0.1963,794.8944,594658.7500,27.6711,605356.9375,1999.9000,
	2026/03/30 16:20:03	,	936972	,	869	,10.1649,1999.9000,0.1915,795.0281,594658.7500,27.6729,605356.9375,1999.9000,
	2026/03/30 16:20:03	,	937972	,	870	,10.1640,1999.9000,0.1915,795.2390,594658.7500,27.6743,605356.9375,1999.9000,
	2026/03/30 16:20:03	,	938972	,	871	,10.1631,1999.9000,0.1915,795.5143,594658.7500,27.6756,605356.9375,1999.9000,
	2026/03/30 16:20:03	,	939972	,	872	,10.1623,1999.9000,0.1915,795.6442,594658.7500,27.6781,605356.9375,1999.9000,
	2026/03/30 16:20:03	,	940972	,	873	,10.1616,1999.9000,0.1915,795.7524,594801.7500,27.6787,605234.3750,1999.9000,
	2026/03/30 16:20:03	,	941972	,	874	,10.1567,1999.9000,0.1918,795.8426,594898.8750,27.6792,605059.7500,1999.9000,
	2026/03/30 16:20:03	,	942972	,	875	,10.1560,1999.9000,0.1960,795.9178,594919.7500,27.6796,604939.6250,1999.9000,
	2026/03/30 16:20:03	,	943972	,	876	,10.1554,1999.9000,0.1983,795.9804,594943.5625,27.6799,604836.9375,1999.9000,
	2026/03/30 16:20:03	,	944972	,	877	,10.1547,1999.9000,0.2022,796.0326,595220.0625,27.6772,604736.0625,1999.9000,
	2026/03/30 16:20:03	,	945972	,	878	,10.1541,1999.9000,0.2094,796.0761,595600.7500,27.6703,604494.4375,1999.9000,
	2026/03/30 16:20:03	,	946972	,	879	,10.1500,1999.9000,0.2143,796.1124,595600.7500,27.6646,604494.4375,1999.9000,
	2026/03/30 16:20:03	,	947972	,	880	,10.1500,1999.9000,0.2143,796.1425,595600.7500,27.6598,604494.4375,1999.9000,
	2026/03/30 16:20:03	,	948972	,	881	,10.1493,1999.9000,0.2143,796.1677,595600.7500,27.6558,604494.4375,1999.9000,
	2026/03/30 16:20:03	,	949972	,	882	,10.1485,1999.9000,0.2143,796.2881,595600.7500,27.6540,604494.4375,1999.9000,
	2026/03/30 16:20:03	,	950972	,	883	,10.1470,1999.9000,0.2143,796.2891,595600.7500,27.6525,604502.1875,1999.9000,
	2026/03/30 16:20:03	,	951972	,	884	,10.1425,1999.9000,0.2140,796.2898,595517.3125,27.6512,604712.5000,1999.9000,
	2026/03/30 16:20:03	,	952972	,	885	,10.1418,1999.9000,0.2100,796.2905,595404.1250,27.6532,604809.6875,1999.9000,
	2026/03/30 16:20:03	,	953972	,	886	,10.1418,1999.9000,0.2091,796.2910,595374.0000,27.6549,604892.4375,1999.9000,
	2026/03/30 16:20:03	,	954972	,	887	,10.1411,1999.9000,0.2050,796.2914,595347.9375,27.6594,604986.7500,1999.9000,
	2026/03/30 16:20:03	,	955972	,	888	,10.1403,1999.9000,0.1981,796.3912,595130.0625,27.6600,605247.6875,1999.9000,
	2026/03/30 16:20:03	,	956972	,	889	,10.1396,1999.9000,0.1918,796.3749,594780.8750,27.6606,605274.2500,1999.9000,
	2026/03/30 16:20:03	,	957972	,	890	,10.1353,1999.9000,0.1918,796.3614,594758.8750,27.6626,605283.1250,1999.9000,
	2026/03/30 16:20:03	,	958972	,	891	,10.1345,1999.9000,0.1918,796.3501,594751.5000,27.6658,605287.5000,1999.9000,
	2026/03/30 16:20:03	,	959972	,	892	,10.1339,1999.9000,0.1918,796.5397,594747.8750,27.6714,605290.1875,1999.9000,
	2026/03/30 16:20:03	,	960972	,	893	,10.1333,1999.9000,0.1918,796.6976,594745.6875,27.6823,605291.8750,1999.9000,
	2026/03/30 16:20:03	,	961972	,	894	,10.1327,1999.9000,0.1919,796.8293,594744.1875,27.6913,605094.1875,1999.9000,
	2026/03/30 16:20:03	,	962972	,	895	,10.1285,1999.9000,0.1949,796.9389,594873.8750,27.6989,604961.9375,1999.9000,
	2026/03/30 16:20:03	,	963972	,	896	,10.1279,1999.9000,0.1975,797.0303,594902.7500,27.7036,604867.1250,1999.9000,
	2026/03/30 16:20:03	,	964972	,	897	,10.1273,1999.9000,0.2007,796.8081,594922.5625,27.7076,604782.5625,1999.9000,
	2026/03/30 16:20:03	,	965972	,	898	,10.1266,1999.9000,0.2075,796.6229,595113.3750,27.7109,604570.0000,1999.9000,
	2026/03/30 16:20:03	,	966972	,	899	,10.1259,1999.9000,0.2141,796.4686,595479.8125,27.7106,604458.8125,1999.9000,
	2026/03/30 16:20:03	,	967972	,	900	,10.1216,1999.9000,0.2149,796.2404,595579.8750,27.7104,604458.8125,1999.9000,
	2026/03/30 16:20:03	,	968972	,	901	,10.1208,1999.9000,0.2152,796.0504,595579.8750,27.7071,604458.8125,1999.9000,
	2026/03/30 16:20:03	,	969972	,	902	,10.1200,1999.9000,0.2153,795.8918,595579.8750,27.7029,604458.8125,1999.9000,
	2026/03/30 16:20:03	,	970972	,	903	,10.1193,1999.9000,0.2154,795.8593,595579.8750,27.6993,604458.8125,1999.9000,
	2026/03/30 16:20:03	,	971972	,	904	,10.1186,1999.9000,0.2154,795.8322,595579.8750,27.6964,604660.0000,1999.9000,
	2026/03/30 16:20:03	,	972972	,	905	,10.1145,1999.9000,0.2131,795.8096,595441.6250,27.6940,604781.9375,1999.9000,
	2026/03/30 16:20:03	,	973972	,	906	,10.1138,1999.9000,0.2109,795.7908,595404.4375,27.6919,604872.5625,1999.9000,
	2026/03/30 16:20:03	,	974972	,	907	,10.1131,1999.9000,0.2083,796.5710,595378.8750,27.6917,604963.1875,1999.9000,
	2026/03/30 16:20:03	,	975972	,	908	,10.1124,1999.9000,0.2017,797.2211,595225.9375,27.6946,605159.4375,1999.9000,
	2026/03/30 16:20:03	,	976972	,	909	,10.1117,1999.9000,0.1940,797.7628,594915.0000,27.6970,605364.8125,1999.9000,
	2026/03/30 16:20:03	,	977972	,	910	,10.1077,1999.9000,0.1892,797.8163,594676.6250,27.6991,605364.8125,1999.9000,
	2026/03/30 16:20:03	,	978972	,	911	,10.1070,1999.9000,0.1892,797.7615,594676.6250,27.7007,605364.8125,1999.9000,
	2026/03/30 16:20:03	,	979972	,	912	,10.1063,1999.9000,0.1892,797.4174,594676.6250,27.7036,605364.8125,1999.9000,
	2026/03/30 16:20:03	,	980972	,	913	,10.1055,1999.9000,0.1892,797.1306,594676.6250,27.7061,605364.8125,1999.9000,
	2026/03/30 16:20:03	,	981972	,	914	,10.1048,1999.9000,0.1892,796.8917,594676.6250,27.7066,605146.8125,1999.9000,
	2026/03/30 16:20:03	,	982972	,	915	,10.1041,1999.9000,0.1923,796.6925,594833.3750,27.6993,605010.3125,1999.9000,
	2026/03/30 16:20:03	,	983972	,	916	,10.0996,1999.9000,0.1948,796.4271,594916.1250,27.6934,604906.3750,1999.9000,
	2026/03/30 16:20:03	,	984972	,	917	,10.0989,1999.9000,0.1957,795.9075,594927.8125,27.6884,604815.7500,1999.9000,
	2026/03/30 16:20:03	,	985972	,	918	,10.0981,1999.9000,0.2015,795.4745,595015.0625,27.6842,604651.5000,1999.9000,
	2026/03/30 16:20:03	,	986972	,	919	,10.0973,1999.9000,0.2079,795.1136,595317.1250,27.6807,604414.7500,1999.9000,
	2026/03/30 16:20:03	,	987972	,	920	,10.0967,1999.9000,0.2119,794.9124,595647.8125,27.6778,604414.7500,1999.9000,
	2026/03/30 16:20:03	,	988972	,	921	,10.0961,1999.9000,0.2119,794.9436,595647.8125,27.6738,604414.7500,1999.9000,
	2026/03/30 16:20:03	,	989972	,	922	,10.0916,1999.9000,0.2119,795.1686,595647.8125,27.6706,604414.7500,1999.9000,
	2026/03/30 16:20:03	,	990972	,	923	,10.0911,1999.9000,0.2119,795.3561,595647.8125,27.6678,604414.7500,1999.9000,
	2026/03/30 16:20:03	,	991972	,	924	,10.0906,1999.9000,0.2119,795.5123,595647.8125,27.6640,604633.3750,1999.9000,
	2026/03/30 16:20:03	,	992972	,	925	,10.0899,1999.9000,0.2096,795.6425,595474.4375,27.6593,604773.5000,1999.9000,
	2026/03/30 16:20:03	,	993972	,	926	,10.0892,1999.9000,0.2071,795.7510,595377.3125,27.6593,604865.9375,1999.9000,
	2026/03/30 16:20:03	,	994972	,	927	,10.0885,1999.9000,0.2047,795.8414,595357.6875,27.6554,604903.6875,1999.9000,
	2026/03/30 16:20:03	,	995972	,	928	,10.0836,1999.9000,0.1999,795.8173,595333.1875,27.6537,605087.6250,1999.9000,
	2026/03/30 16:20:03	,	996972	,	929	,10.0830,1999.9000,0.1925,795.5982,595056.7500,27.6538,605396.8750,1999.9000,
	2026/03/30 16:20:03	,	997972	,	930	,10.0825,1999.9000,0.1874,795.4157,594691.5625,27.6600,605396.8750,1999.9000,
	2026/03/30 16:20:03	,	998972	,	931	,10.0818,1999.9000,0.1874,795.2636,594691.5625,27.6651,605396.8750,1999.9000,
	2026/03/30 16:20:03	,	999972	,	932	,10.0812,1999.9000,0.1874,795.1368,594691.5625,27.6694,605396.8750,1999.9000,
	2026/03/30 16:20:04	,	000972	,	933	,10.0806,1999.9000,0.1874,795.0312,594691.5625,27.6730,605396.8750,1999.9000,
	2026/03/30 16:20:04	,	001972	,	934	,10.0764,1999.9000,0.1874,794.6448,594691.5625,27.6760,605230.1250,1999.9000,
	2026/03/30 16:20:04	,	002972	,	935	,10.0759,1999.9000,0.1903,794.3228,594703.6250,27.6784,605064.6250,1999.9000,
	2026/03/30 16:20:04	,	003972	,	936	,10.0753,1999.9000,0.1929,794.3528,594868.5000,27.6805,604946.8125,1999.9000,
	2026/03/30 16:20:04	,	004972	,	937	,10.0748,1999.9000,0.1939,794.3779,594891.1250,27.6807,604849.6250,1999.9000,
	2026/03/30 16:20:04	,	005972	,	938	,10.0743,1999.9000,0.1986,794.4982,594913.1875,27.6808,604733.6250,1999.9000,
	2026/03/30 16:20:04	,	006972	,	939	,10.0737,1999.9000,0.2055,794.7974,595165.8125,27.6810,604458.2500,1999.9000,
	2026/03/30 16:20:04	,	007972	,	940	,10.0690,1999.9000,0.2103,794.8478,595542.3750,27.6765,604458.2500,1999.9000,
	2026/03/30 16:20:04	,	008972	,	941	,10.0682,1999.9000,0.2103,795.0887,595542.3750,27.6728,604458.2500,1999.9000,
	2026/03/30 16:20:04	,	009972	,	942	,10.0674,1999.9000,0.2103,795.2896,595542.3750,27.6697,604458.2500,1999.9000,
	2026/03/30 16:20:04	,	010972	,	943	,10.0667,1999.9000,0.2103,795.4569,595542.3750,27.6671,604458.2500,1999.9000,
	2026/03/30 16:20:04	,	011972	,	944	,10.0661,1999.9000,0.2103,795.5963,595542.3750,27.6649,604569.3750,1999.9000,
	2026/03/30 16:20:04	,	012972	,	945	,10.0620,1999.9000,0.2101,796.0109,595539.5000,27.6632,604731.8125,1999.9000,
	2026/03/30 16:20:04	,	013972	,	946	,10.0615,1999.9000,0.2061,796.5554,595396.9375,27.6601,604841.7500,1999.9000,
	2026/03/30 16:20:04	,	014972	,	947	,10.0609,1999.9000,0.2037,797.0092,595365.3750,27.6546,604933.0000,1999.9000,
	2026/03/30 16:20:04	,	015972	,	948	,10.0604,1999.9000,0.2003,797.3873,595341.9375,27.6484,605029.5625,1999.9000,
	2026/03/30 16:20:04	,	016972	,	949	,10.0599,1999.9000,0.1933,797.7023,595156.8750,27.6433,605299.5625,1999.9000,
	2026/03/30 16:20:04	,	017972	,	950	,10.0594,1999.9000,0.1878,797.9650,594819.0000,27.6390,605299.5625,1999.9000,
	2026/03/30 16:20:04	,	018972	,	951	,10.0587,1999.9000,0.1878,798.1838,594714.7500,27.6354,605299.5625,1999.9000,
	2026/03/30 16:20:04	,	019972	,	952	,10.0544,1999.9000,0.1878,798.3661,594714.7500,27.6324,605299.5625,1999.9000,
	2026/03/30 16:20:04	,	020972	,	953	,10.0538,1999.9000,0.1878,798.1201,594714.7500,27.6299,605299.5625,1999.9000,
	2026/03/30 16:20:04	,	021972	,	954	,10.0532,1999.9000,0.1878,797.8157,594714.7500,27.6279,605294.8125,1999.9000,
	2026/03/30 16:20:04	,	022972	,	955	,10.0526,1999.9000,0.1878,797.2636,594714.7500,27.6262,605077.8750,1999.9000,
	2026/03/30 16:20:04	,	023972	,	956	,10.0520,1999.9000,0.1879,796.8035,594838.1250,27.6247,604967.3750,1999.9000,
	2026/03/30 16:20:04	,	024972	,	957	,10.0514,1999.9000,0.1904,796.4201,594868.1875,27.6250,604873.1875,1999.9000,
	2026/03/30 16:20:04	,	025972	,	958	,10.0473,1999.9000,0.1912,796.1006,594889.8750,27.6253,604773.5000,1999.9000,
	2026/03/30 16:20:04	,	026972	,	959	,10.0466,1999.9000,0.1941,795.8344,595064.5000,27.6255,604547.0000,1999.9000,
	2026/03/30 16:20:04	,	027972	,	960	,10.0458,1999.9000,0.2006,795.6125,595414.8125,27.6257,604522.2500,1999.9000,
	2026/03/30 16:20:04	,	028972	,	961	,10.0452,1999.9000,0.2068,795.4277,595581.1250,27.6213,604514.0000,1999.9000,
	2026/03/30 16:20:04	,	029972	,	962	,10.0446,1999.9000,0.2068,795.2736,595581.1250,27.6176,604509.8750,1999.9000,
	2026/03/30 16:20:04	,	030972	,	963	,10.0440,1999.9000,0.2068,795.3441,595581.1250,27.6146,604507.3750,1999.9000,
	2026/03/30 16:20:04	,	031972	,	964	,10.0434,1999.9000,0.2068,795.5024,595581.1250,27.6120,604505.7500,1999.9000,
	2026/03/30 16:20:04	,	032972	,	965	,10.0392,1999.9000,0.2068,795.6342,595581.1250,27.6129,604694.3750,1999.9000,
	2026/03/30 16:20:04	,	033972	,	966	,10.0387,1999.9000,0.2068,795.9431,595432.1250,27.6137,604807.3125,1999.9000,
	2026/03/30 16:20:04	,	034972	,	967	,10.0382,1999.9000,0.2031,796.4988,595343.3125,27.6144,604897.3750,1999.9000,
	2026/03/30 16:20:04	,	035972	,	968	,10.0376,1999.9000,0.2003,796.8625,595326.0625,27.6149,604984.3125,1999.9000,
	2026/03/30 16:20:04	,	036972	,	969	,10.0371,1999.9000,0.1978,796.9667,595223.0000,27.6214,605203.5625,1999.9000,
	2026/03/30 16:20:04	,	037972	,	970	,10.0366,1999.9000,0.1919,797.0535,594934.0000,27.6269,605350.3125,1999.9000,
	2026/03/30 16:20:04	,	038972	,	971	,10.0361,1999.9000,0.1853,797.2252,594649.8125,27.6361,605350.3125,1999.9000,
	2026/03/30 16:20:04	,	039972	,	972	,10.0354,1999.9000,0.1818,797.3684,594649.8125,27.6513,605350.3125,1999.9000,
	2026/03/30 16:20:04	,	040972	,	973	,10.0309,1999.9000,0.1818,797.4877,594649.8125,27.6701,605350.3125,1999.9000,
	2026/03/30 16:20:04	,	041972	,	974	,10.0303,1999.9000,0.1818,797.4876,594649.8125,27.6857,605350.3125,1999.9000,
	2026/03/30 16:20:04	,	042972	,	975	,10.0297,1999.9000,0.1818,797.4875,594649.8125,27.6942,605130.4375,1999.9000,
	2026/03/30 16:20:04	,	043972	,	976	,10.0291,1999.9000,0.1818,797.3880,594801.7500,27.7013,604997.0000,1999.9000,
	2026/03/30 16:20:04	,	044972	,	977	,10.0285,1999.9000,0.1846,797.3051,594882.1875,27.7010,604891.3125,1999.9000,
	2026/03/30 16:20:04	,	045972	,	978	,10.0279,1999.9000,0.1872,797.2360,594900.9375,27.6978,604809.6875,1999.9000,
	2026/03/30 16:20:04	,	046972	,	979	,10.0274,1999.9000,0.1899,796.9794,594985.2500,27.6951,604640.0000,1999.9000,
	2026/03/30 16:20:04	,	047972	,	980	,10.0267,1999.9000,0.1959,796.6662,595263.5625,27.6883,604451.5625,1999.9000,
	2026/03/30 16:20:04	,	048972	,	981	,10.0222,1999.9000,0.2032,796.3057,595637.6250,27.6826,604451.5625,1999.9000,
	2026/03/30 16:20:04	,	049972	,	982	,10.0215,1999.9000,0.2041,796.0052,595637.6250,27.6764,604451.5625,1999.9000,
	2026/03/30 16:20:04	,	050972	,	983	,10.0209,1999.9000,0.2043,795.7549,595637.6250,27.6711,604451.5625,1999.9000,
	2026/03/30 16:20:04	,	051972	,	984	,10.0203,1999.9000,0.2045,795.3473,595637.6250,27.6668,604451.5625,1999.9000,
	2026/03/30 16:20:04	,	052972	,	985	,10.0197,1999.9000,0.2046,795.0077,595481.0000,27.6601,604650.8750,1999.9000,
	2026/03/30 16:20:04	,	053972	,	986	,10.0191,1999.9000,0.2046,794.7246,595481.0000,27.6601,604790.4375,1999.9000,
	2026/03/30 16:20:04	,	054972	,	987	,10.0184,1999.9000,0.2020,794.4888,595375.5625,27.6576,604893.0625,1999.9000,
	2026/03/30 16:20:04	,	055972	,	988	,10.0178,1999.9000,0.1994,794.2922,595345.1250,27.6555,604978.2500,1999.9000,
	2026/03/30 16:20:04	,	056972	,	989	,10.0135,1999.9000,0.1972,794.8247,595261.6875,27.6537,605136.5000,1999.9000,
	2026/03/30 16:20:04	,	057972	,	990	,10.0131,1999.9000,0.1922,795.2685,595061.5000,27.6538,605445.7500,1999.9000,
	2026/03/30 16:20:04	,	058972	,	991	,10.0128,1999.9000,0.1848,795.6382,594704.0625,27.6539,605445.7500,1999.9000,
	2026/03/30 16:20:04	,	059972	,	992	,10.0124,1999.9000,0.1807,795.9465,594704.0625,27.6539,605445.7500,1999.9000,
	2026/03/30 16:20:04	,	060972	,	993	,10.0120,1999.9000,0.1807,796.2033,594704.0625,27.6540,605445.7500,1999.9000,
	2026/03/30 16:20:04	,	061972	,	994	,10.0115,1999.9000,0.1807,796.4173,594704.0625,27.6540,605445.7500,1999.9000,
	2026/03/30 16:20:04	,	062972	,	995	,10.0108,1999.9000,0.1807,796.4961,594704.0625,27.6540,605222.8750,1999.9000,
	2026/03/30 16:20:04	,	063972	,	996	,10.0102,1999.9000,0.1807,796.1639,594713.4375,27.6540,605068.8750,1999.9000,
	2026/03/30 16:20:04	,	064972	,	997	,10.0096,1999.9000,0.1837,795.7877,594872.6250,27.6540,604963.1875,1999.9000,
	2026/03/30 16:20:04	,	065972	,	998	,10.0053,1999.9000,0.1861,795.1757,594897.6250,27.6540,604963.1875,1999.9000,
	2026/03/30 16:20:04	,	066972	,	999	,10.0048,1999.9000,0.1870,794.6656,594918.3125,27.6525,604868.3750,1999.9000,
	2026/03/30 16:20:04	,	067972	,	1000	,10.0044,1999.9000,0.1917,793.8427,595147.9375,27.6497,604741.5000,1999.9000,
	2026/03/30 16:20:04	,	068972	,	1001	,10.0039,1999.9000,0.1984,793.1570,595526.2500,27.6459,604463.6875,1999.9000,
	2026/03/30 16:20:04	,	069972	,	1002	,10.0034,1999.9000,0.2032,792.3866,595527.4375,27.6442,604463.6875,1999.9000,
	2026/03/30 16:20:04	,	070972	,	1003	,10.0029,1999.9000,0.2032,791.7446,595527.8125,27.6443,604463.6875,1999.9000,
	2026/03/30 16:20:04	,	071972	,	1004	,10.0024,1999.9000,0.2032,791.4086,595528.0000,27.6445,604463.6875,1999.9000,
	2026/03/30 16:20:04	,	072972	,	1005	,10.0018,1999.9000,0.2032,791.1285,595528.1250,27.6445,604463.6875,1999.9000,
	2026/03/30 16:20:04	,	073972	,	1006	,10.0012,1999.9000,0.2032,791.3925,595528.1875,27.6446,604644.8125,1999.9000,
	2026/03/30 16:20:04	,	074972	,	1007	,10.0005,1999.9000,0.2007,791.6125,595396.3750,27.6431,604823.0000,1999.9000,
	2026/03/30 16:20:04	,	075972	,	1008	,9.9965,1999.9000,0.1973,791.8953,595367.1875,27.6419,604932.3750,1999.9000,
	2026/03/30 16:20:04	,	076972	,	1009	,9.9963,1999.9000,0.1944,792.7278,595344.3125,27.6409,605029.5625,1999.9000,
	2026/03/30 16:20:04	,	077972	,	1010	,9.9959,1999.9000,0.1905,793.5211,595157.4375,27.6401,605152.2500,1999.9000,
	2026/03/30 16:20:04	,	078972	,	1011	,9.9955,1999.9000,0.1829,794.1821,594825.0000,27.6378,605443.9375,1999.9000,
	2026/03/30 16:20:04	,	079972	,	1012	,9.9950,1999.9000,0.1771,794.8325,594678.4375,27.6360,605443.9375,1999.9000,
	2026/03/30 16:20:04	,	080972	,	1013	,9.9944,1999.9000,0.1771,795.3744,594678.4375,27.6360,605443.9375,1999.9000,
	2026/03/30 16:20:04	,	081972	,	1014	,9.9938,1999.9000,0.1771,795.8260,594678.4375,27.6359,605443.9375,1999.9000,
	2026/03/30 16:20:04	,	082972	,	1015	,9.9931,1999.9000,0.1771,796.2023,594678.4375,27.6359,605443.9375,1999.9000,
	2026/03/30 16:20:04	,	083972	,	1016	,9.9925,1999.9000,0.1771,796.5159,594678.4375,27.6344,605435.1250,1999.9000,
	2026/03/30 16:20:04	,	084972	,	1017	,9.9919,1999.9000,0.1772,796.5784,594807.7500,27.6331,605227.6875,1999.9000,
	2026/03/30 16:20:04	,	085972	,	1018	,9.9912,1999.9000,0.1797,796.6304,594836.2500,27.6321,605129.8125,1999.9000,
	2026/03/30 16:20:04	,	086972	,	1019	,9.9871,1999.9000,0.1806,796.4748,594853.8125,27.6358,605093.3125,1999.9000,
	2026/03/30 16:20:04	,	087972	,	1020	,9.9867,1999.9000,0.1843,796.0468,594999.0000,27.6388,604984.3125,1999.9000,
	2026/03/30 16:20:04	,	088972	,	1021	,9.9863,1999.9000,0.1910,795.5905,595333.8125,27.6413,604778.9375,1999.9000,
	2026/03/30 16:20:04	,	089972	,	1022	,9.9859,1999.9000,0.1969,795.2104,595584.0000,27.6404,604661.1250,1999.9000,
	2026/03/30 16:20:04	,	090972	,	1023	,9.9855,1999.9000,0.1969,794.9930,595584.0000,27.6397,604661.1250,1999.9000,
	2026/03/30 16:20:04	,	091972	,	1024	,9.9852,1999.9000,0.1969,794.8120,595584.0000,27.6390,604661.1250,1999.9000,
	2026/03/30 16:20:04	,	092972	,	1025	,9.9847,1999.9000,0.1969,794.3625,595584.0000,27.6385,604661.1250,1999.9000,
	2026/03/30 16:20:04	,	093972	,	1026	,9.9842,1999.9000,0.1969,793.9880,595584.0000,27.6381,604661.1250,1999.9000,
	2026/03/30 16:20:04	,	094972	,	1027	,9.9836,1999.9000,0.1945,793.8749,595414.8125,27.6377,604814.6250,1999.9000,
	2026/03/30 16:20:04	,	095972	,	1028	,9.9830,1999.9000,0.1917,793.8749,595330.8125,27.6374,604972.8125,1999.9000,
	2026/03/30 16:20:04	,	096972	,	1029	,9.9824,1999.9000,0.1893,793.8845,595313.5625,27.6371,604972.8125,1999.9000,
	2026/03/30 16:20:04	,	097972	,	1030	,9.9817,1999.9000,0.1863,793.9875,595227.1875,27.6369,605061.0000,1999.9000,
	2026/03/30 16:20:04	,	098972	,	1031	,9.9777,1999.9000,0.1795,794.0735,594949.5000,27.6337,605286.8750,1999.9000,
	2026/03/30 16:20:04	,	099972	,	1032	,9.9774,1999.9000,0.1721,794.2446,594606.9375,27.6310,605305.0000,1999.9000,
	2026/03/30 16:20:04	,	100972	,	1033	,9.9772,1999.9000,0.1688,794.5861,594606.9375,27.6288,605311.0625,1999.9000,
	2026/03/30 16:20:04	,	101972	,	1034	,9.9768,1999.9000,0.1688,794.8707,594606.9375,27.6299,605314.0625,1999.9000,
	2026/03/30 16:20:04	,	102972	,	1035	,9.9764,1999.9000,0.1688,795.1078,594606.9375,27.6386,605315.9375,1999.9000,
	2026/03/30 16:20:04	,	103972	,	1036	,9.9760,1999.9000,0.1688,795.3054,594606.9375,27.6503,605317.1250,1999.9000,
	2026/03/30 16:20:04	,	104972	,	1037	,9.9756,1999.9000,0.1688,795.3707,594771.3750,27.6601,605112.9375,1999.9000,
	2026/03/30 16:20:04	,	105972	,	1038	,9.9751,1999.9000,0.1718,795.4250,594811.2500,27.6668,604984.3125,1999.9000,
	2026/03/30 16:20:04	,	106972	,	1039	,9.9747,1999.9000,0.1744,795.5698,594837.5000,27.6723,604874.3125,1999.9000,
	2026/03/30 16:20:04	,	107972	,	1040	,9.9742,1999.9000,0.1768,795.5698,594951.2500,27.6769,604785.0000,1999.9000,
	2026/03/30 16:20:04	,	108972	,	1041	,9.9737,1999.9000,0.1821,795.6086,595211.0625,27.6777,604600.1875,1999.9000,
	2026/03/30 16:20:04	,	109972	,	1042	,9.9732,1999.9000,0.1882,795.6086,595573.3750,27.6768,604450.3750,1999.9000,
	2026/03/30 16:20:04	,	110972	,	1043	,9.9727,1999.9000,0.1883,795.5239,595573.3750,27.6731,604450.3750,1999.9000,
	2026/03/30 16:20:04	,	111972	,	1044	,9.9722,1999.9000,0.1883,795.4532,595573.3750,27.6654,604450.3750,1999.9000,
	2026/03/30 16:20:04	,	112972	,	1045	,9.9717,1999.9000,0.1883,795.3943,595573.3750,27.6589,604450.3750,1999.9000,
	2026/03/30 16:20:04	,	113972	,	1046	,9.9711,1999.9000,0.1883,795.3452,595573.3750,27.6459,604450.3750,1999.9000,
	2026/03/30 16:20:04	,	114972	,	1047	,9.9705,1999.9000,0.1883,795.3043,595474.4375,27.6351,604657.5625,1999.9000,
	2026/03/30 16:20:04	,	115972	,	1048	,9.9700,1999.9000,0.1852,795.2702,595355.8125,27.6261,604777.7500,1999.9000,
	2026/03/30 16:20:04	,	116972	,	1049	,9.9694,1999.9000,0.1821,795.2418,595331.4375,27.6186,604866.5000,1999.9000,
	2026/03/30 16:20:04	,	117972	,	1050	,9.9688,1999.9000,0.1791,795.2181,595310.0000,27.6186,604949.2500,1999.9000,
	2026/03/30 16:20:04	,	118972	,	1051	,9.9683,1999.9000,0.1734,795.5963,595084.7500,27.6123,605129.8125,1999.9000,
	2026/03/30 16:20:04	,	119972	,	1052	,9.9677,1999.9000,0.1658,796.2098,594732.6250,27.6117,605358.1875,1999.9000,
	2026/03/30 16:20:04	,	120972	,	1053	,9.9672,1999.9000,0.1607,796.7212,594732.6250,27.6111,605358.1875,1999.9000,
	2026/03/30 16:20:04	,	121972	,	1054	,9.9666,1999.9000,0.1607,796.7494,594732.6250,27.6137,605358.1875,1999.9000,
	2026/03/30 16:20:04	,	122972	,	1055	,9.9661,1999.9000,0.1607,796.7729,594732.6250,27.6159,605358.1875,1999.9000,
	2026/03/30 16:20:04	,	123972	,	1056	,9.9656,1999.9000,0.1607,796.7925,594732.6250,27.6192,605358.1875,1999.9000,
	2026/03/30 16:20:04	,	124972	,	1057	,9.9650,1999.9000,0.1607,796.8088,594736.0625,27.6220,605145.5625,1999.9000,
	2026/03/30 16:20:04	,	125972	,	1058	,9.9645,1999.9000,0.1609,796.8224,594867.2500,27.6228,604996.3750,1999.9000,
	2026/03/30 16:20:04	,	126972	,	1059	,9.9639,1999.9000,0.1638,796.7343,594890.5000,27.6234,604881.0000,1999.9000,
	2026/03/30 16:20:04	,	127972	,	1060	,9.9634,1999.9000,0.1647,796.6608,594908.8125,27.6240,604841.7500,1999.9000,
	2026/03/30 16:20:04	,	128972	,	1061	,9.9628,1999.9000,0.1697,796.5997,595120.5000,27.6321,604670.2500,1999.9000,
	2026/03/30 16:20:04	,	129972	,	1062	,9.9623,1999.9000,0.1769,796.6481,595494.6875,27.6418,604389.3750,1999.9000,
	2026/03/30 16:20:04	,	130972	,	1063	,9.9618,1999.9000,0.1803,796.6885,595518.2500,27.6500,604389.3750,1999.9000,
	2026/03/30 16:20:04	,	131972	,	1064	,9.9613,1999.9000,0.1803,796.6226,595526.0625,27.6553,604389.3750,1999.9000,
	2026/03/30 16:20:04	,	132972	,	1065	,9.9609,1999.9000,0.1803,796.5679,595530.0000,27.6505,604389.3750,1999.9000,
	2026/03/30 16:20:04	,	133972	,	1066	,9.9605,1999.9000,0.1803,796.5222,595532.3125,27.6557,604389.3750,1999.9000,
	2026/03/30 16:20:04	,	134972	,	1067	,9.9600,1999.9000,0.1803,796.3846,595533.8750,27.6615,604571.7500,1999.9000,
	2026/03/30 16:20:04	,	135972	,	1068	,9.9595,1999.9000,0.1765,796.4688,595395.8125,27.6664,604722.7500,1999.9000,
	2026/03/30 16:20:04	,	136972	,	1069	,9.9591,1999.9000,0.1732,796.6385,595364.8125,27.6690,604824.2500,1999.9000,
	2026/03/30 16:20:04	,	137972	,	1070	,9.9587,1999.9000,0.1706,796.7800,595343.9375,27.6681,604916.0000,1999.9000,
	2026/03/30 16:20:04	,	138972	,	1071	,9.9583,1999.9000,0.1667,797.0956,595190.1875,27.6666,605048.9375,1999.9000,
	2026/03/30 16:20:04	,	139972	,	1072	,9.9579,1999.9000,0.1589,797.0956,594872.6250,27.6666,605344.8750,1999.9000,
	2026/03/30 16:20:04	,	140972	,	1073	,9.9574,1999.9000,0.1525,797.2603,594682.5625,27.6660,605344.8750,1999.9000,
	2026/03/30 16:20:04	,	141972	,	1074	,9.9574,1999.9000,0.1494,797.3976,594682.5625,27.6656,605344.8750,1999.9000,
	2026/03/30 16:20:04	,	142972	,	1075	,9.9566,1999.9000,0.1494,797.5121,594682.5625,27.6652,605344.8750,1999.9000,
	2026/03/30 16:20:04	,	143972	,	1076	,9.9566,1999.9000,0.1494,797.6074,594682.5625,27.6649,605344.8750,1999.9000,
	2026/03/30 16:20:04	,	144972	,	1077	,9.9561,1999.9000,0.1494,797.5874,594682.5625,27.6662,605198.1250,1999.9000,
	2026/03/30 16:20:04	,	145972	,	1078	,9.9557,1999.9000,0.1494,797.5707,594833.3750,27.6672,605026.5625,1999.9000,
	2026/03/30 16:20:04	,	146972	,	1079	,9.9554,1999.9000,0.1517,797.3578,594870.3125,27.6681,604910.5625,1999.9000,
	2026/03/30 16:20:04	,	147972	,	1080	,9.9550,1999.9000,0.1526,797.0809,594895.1250,27.6719,604826.0625,1999.9000,
	2026/03/30 16:20:04	,	148972	,	1081	,9.9546,1999.9000,0.1560,796.7508,595035.8750,27.6750,604718.5625,1999.9000,
	2026/03/30 16:20:04	,	149972	,	1082	,9.9542,1999.9000,0.1623,796.5751,595351.0625,27.6777,604455.8125,1999.9000,
	2026/03/30 16:20:04	,	150972	,	1083	,9.9538,1999.9000,0.1657,796.4287,595618.6250,27.6799,604455.8125,1999.9000,
	2026/03/30 16:20:04	,	151972	,	1084	,9.9535,1999.9000,0.1657,796.3068,595618.6250,27.6817,604455.8125,1999.9000,
	2026/03/30 16:20:04	,	152972	,	1085	,9.9532,1999.9000,0.1657,796.2051,595618.6250,27.6832,604455.8125,1999.9000,
	2026/03/30 16:20:04	,	153972	,	1086	,9.9528,1999.9000,0.1657,796.5182,595618.6250,27.6768,604455.8125,1999.9000,
	2026/03/30 16:20:04	,	154972	,	1087	,9.9525,1999.9000,0.1657,796.7792,595618.6250,27.6715,604464.7500,1999.9000,
	2026/03/30 16:20:04	,	155972	,	1088	,9.9522,1999.9000,0.1617,797.2951,595451.8125,27.6778,604672.0625,1999.9000,
	2026/03/30 16:20:04	,	156972	,	1089	,9.9518,1999.9000,0.1582,797.7251,595360.0625,27.6784,604769.8750,1999.9000,
	2026/03/30 16:20:04	,	157972	,	1090	,9.9515,1999.9000,0.1552,798.0834,595341.8750,27.6805,604864.0625,1999.9000,
	2026/03/30 16:20:04	,	158972	,	1091	,9.9513,1999.9000,0.1517,798.5809,595254.5625,27.6853,604963.1875,1999.9000,
	2026/03/30 16:20:04	,	159972	,	1092	,9.9510,1999.9000,0.1441,798.9955,594995.3750,27.6893,605228.3125,1999.9000,
	2026/03/30 16:20:04	,	160972	,	1093	,9.9507,1999.9000,0.1359,799.1420,594634.3125,27.6926,605243.0625,1999.9000,
	2026/03/30 16:20:04	,	161972	,	1094	,9.9504,1999.9000,0.1296,799.2642,594634.3125,27.6923,605248.0625,1999.9000,
	2026/03/30 16:20:04	,	162972	,	1095	,9.9501,1999.9000,0.1244,799.1670,594634.3125,27.6920,605250.5000,1999.9000,
	2026/03/30 16:20:04	,	163972	,	1096	,9.9498,1999.9000,0.1242,799.0859,594634.3125,27.6903,605252.0000,1999.9000,
	2026/03/30 16:20:04	,	164972	,	1097	,9.9496,1999.9000,0.1241,798.8195,594634.3125,27.6889,605253.0000,1999.9000,
	2026/03/30 16:20:04	,	165972	,	1098	,9.9494,1999.9000,0.1240,798.3986,594790.4375,27.6846,605062.2500,1999.9000,
	2026/03/30 16:20:04	,	166972	,	1099	,9.9491,1999.9000,0.1240,797.9482,594897.6250,27.6811,604944.4375,1999.9000,
	2026/03/30 16:20:04	,	167972	,	1100	,9.9489,1999.9000,0.1240,797.5730,594918.1875,27.6766,604835.6875,1999.9000,
	2026/03/30 16:20:04	,	168972	,	1101	,9.9486,1999.9000,0.1239,796.8624,594939.3750,27.6729,604747.5625,1999.9000,
	2026/03/30 16:20:04	,	169972	,	1102	,9.9483,1999.9000,0.1239,796.1708,595210.4375,27.6697,604538.5625,1999.9000,
	2026/03/30 16:20:04	,	170972	,	1103	,9.9481,1999.9000,0.1239,795.4950,595585.8750,27.6671,604450.3750,1999.9000,
	2026/03/30 16:20:04	,	171972	,	1104	,9.9479,1999.9000,0.1238,794.9318,595585.8750,27.6634,604450.3750,1999.9000,
	2026/03/30 16:20:04	,	172972	,	1105	,9.9477,1999.9000,0.1236,794.4624,595585.8750,27.6604,604450.3750,1999.9000,
	2026/03/30 16:20:04	,	173972	,	1106	,9.9475,1999.9000,0.1190,794.0712,595585.8750,27.6593,604450.3750,1999.9000,
	2026/03/30 16:20:04	,	174972	,	1107	,9.9474,1999.9000,0.1117,793.8448,595585.8750,27.6600,604450.3750,1999.9000,
	2026/03/30 16:20:04	,	175972	,	1108	,9.9472,1999.9000,0.1043,793.7556,595573.6875,27.6605,604647.3125,1999.9000,
	2026/03/30 16:20:04	,	176972	,	1109	,9.9471,1999.9000,0.0974,793.6812,595398.1875,27.6610,604768.0625,1999.9000,
	2026/03/30 16:20:04	,	177972	,	1110	,9.9469,1999.9000,0.0907,793.7186,595370.7500,27.6614,604859.2500,1999.9000,
	2026/03/30 16:20:04	,	178972	,	1111	,9.9468,1999.9000,0.0841,793.8494,595348.4375,27.6617,604897.3750,1999.9000,
	2026/03/30 16:20:04	,	179972	,	1112	,9.9466,1999.9000,0.0747,793.9583,595135.4375,27.6620,605131.6875,1999.9000,
	2026/03/30 16:20:04	,	180972	,	1113	,9.9465,1999.9000,0.0635,794.0492,594784.5000,27.6622,605317.1250,1999.9000,
	2026/03/30 16:20:04	,	181972	,	1114	,9.9464,1999.9000,0.0635,794.2243,594784.5000,27.6563,605317.1250,1999.9000,
	2026/03/30 16:20:04	,	182972	,	1115	,9.9462,1999.9000,0.0477,794.3703,594754.3125,27.6514,605317.1250,1999.9000,
	2026/03/30 16:20:04	,	183972	,	1116	,9.9461,1999.9000,0.0426,794.4918,594750.5625,27.6473,605317.1250,1999.9000,
	2026/03/30 16:20:04	,	184972	,	1117	,9.9459,1999.9000,0.0418,794.5931,594748.3125,27.6438,605317.1250,1999.9000,
	2026/03/30 16:20:04	,	185972	,	1118	,9.9458,1999.9000,0.0413,794.5781,594746.7500,27.6440,605097.8750,1999.9000,
	2026/03/30 16:20:04	,	186972	,	1119	,9.9457,1999.9000,0.0409,794.5656,594858.3750,27.6442,604965.5625,1999.9000,
	2026/03/30 16:20:04	,	187972	,	1120	,9.9456,1999.9000,0.0407,794.3563,594884.6250,27.6443,604862.3125,1999.9000,
	2026/03/30 16:20:04	,	188972	,	1121	,9.9455,1999.9000,0.0405,793.9828,594903.2500,27.6444,604768.0625,1999.9000,
	2026/03/30 16:20:04	,	189972	,	1122	,9.9454,1999.9000,0.0403,793.3732,595083.5625,27.6445,604594.1250,1999.9000,
	2026/03/30 16:20:04	,	190972	,	1123	,9.9453,1999.9000,0.0382,792.8652,595442.8750,27.6446,604374.2500,1999.9000,
	2026/03/30 16:20:04	,	191972	,	1124	,9.9453,1999.9000,0.0377,792.4418,595567.3750,27.6508,604374.2500,1999.9000,
	2026/03/30 16:20:04	,	192972	,	1125	,9.9452,1999.9000,0.0374,792.0890,595567.3750,27.6513,604374.2500,1999.9000,
	2026/03/30 16:20:04	,	193972	,	1126	,9.9452,1999.9000,0.0373,792.2924,595567.3750,27.6518,604374.2500,1999.9000,
	2026/03/30 16:20:04	,	194972	,	1127	,9.9451,1999.9000,0.0318,792.5614,595567.3750,27.6522,604374.2500,1999.9000,
	2026/03/30 16:20:04	,	195972	,	1128	,9.9451,1999.9000,0.0250,792.7856,595567.3750,27.6541,604591.0625,1999.9000,
	2026/03/30 16:20:04	,	196972	,	1129	,9.9450,1999.9000,0.0184,792.9724,595423.1875,27.6617,604736.0625,1999.9000,
	2026/03/30 16:20:04	,	197972	,	1130	,9.9450,1999.9000,0.0122,793.3270,595388.0625,27.6681,604835.1250,1999.9000,
	2026/03/30 16:20:04	,	198972	,	1131	,9.9449,1999.9000,0.0066,793.7219,595363.5000,27.6719,604874.6875,1999.9000,
	2026/03/30 16:20:04	,	199972	,	1132	,9.9449,1999.9000,-0.0005,794.9464,595214.6875,27.6705,605058.0000,1999.9000,
	2026/03/30 16:20:04	,	200972	,	1133	,9.9449,1999.9000,-0.0005,796.2651,594912.0000,27.6677,605370.8750,1999.9000,
	2026/03/30 16:20:04	,	201972	,	1134	,9.9449,1999.9000,-0.0110,797.0657,594662.3125,27.6670,605370.8750,1999.9000,
	2026/03/30 16:20:04	,	202972	,	1135	,9.9449,1999.9000,-0.0196,796.9370,594662.3125,27.6649,605370.8750,1999.9000,
	2026/03/30 16:20:04	,	203972	,	1136	,9.9448,1999.9000,-0.0268,796.6309,594662.3125,27.6616,605370.8750,1999.9000,
	2026/03/30 16:20:04	,	204972	,	1137	,9.9448,1999.9000,-0.0322,796.3757,594662.3125,27.6588,605370.8750,1999.9000,
	2026/03/30 16:20:04	,	205972	,	1138	,9.9448,1999.9000,-0.0330,796.1631,594662.3125,27.6519,605170.3750,1999.9000,
	2026/03/30 16:20:04	,	206972	,	1139	,9.9448,1999.9000,-0.0332,795.9859,594827.3750,27.6462,605004.2500,1999.9000,
	2026/03/30 16:20:04	,	207972	,	1140	,9.9448,1999.9000,-0.0333,795.6393,594867.2500,27.6460,604889.5000,1999.9000,
	2026/03/30 16:20:04	,	208972	,	1141	,9.9448,1999.9000,-0.0334,795.3504,594890.5000,27.6458,604804.3125,1999.9000,
	2026/03/30 16:20:04	,	209972	,	1142	,9.9448,1999.9000,-0.0334,795.1097,595019.2500,27.6457,604688.9375,1999.9000,
	2026/03/30 16:20:04	,	210972	,	1143	,9.9448,1999.9000,-0.0335,794.8096,595318.3125,27.6456,604418.9375,1999.9000,
	2026/03/30 16:20:04	,	211972	,	1144	,9.9448,1999.9000,-0.0303,794.4601,595650.1875,27.6455,604418.9375,1999.9000,
	2026/03/30 16:20:04	,	212972	,	1145	,9.9449,1999.9000,-0.0303,794.1688,595650.1875,27.6454,604418.9375,1999.9000,
	2026/03/30 16:20:04	,	213972	,	1146	,9.9449,1999.9000,-0.0303,793.9261,595650.1875,27.6469,604418.9375,1999.9000,
	2026/03/30 16:20:04	,	214972	,	1147	,9.9450,1999.9000,-0.0303,793.7238,595650.1875,27.6481,604418.9375,1999.9000,
	2026/03/30 16:20:04	,	215972	,	1148	,9.9450,1999.9000,-0.0303,793.6548,595650.1875,27.6491,604528.3125,1999.9000,
	2026/03/30 16:20:04	,	216972	,	1149	,9.9451,1999.9000,-0.0350,793.4977,595479.8125,27.6530,604687.7500,1999.9000,
	2026/03/30 16:20:04	,	217972	,	1150	,9.9453,1999.9000,-0.0405,793.4663,595379.6875,27.6562,604791.0625,1999.9000,
	2026/03/30 16:20:04	,	218972	,	1151	,9.9454,1999.9000,-0.0459,793.4401,595357.3125,27.6589,604879.8125,1999.9000,
	2026/03/30 16:20:04	,	219972	,	1152	,9.9455,1999.9000,-0.0510,793.5178,595276.0625,27.6581,604879.8125,1999.9000,
	2026/03/30 16:20:04	,	220972	,	1153	,9.9457,1999.9000,-0.0565,793.8809,595042.5000,27.6575,604990.9375,1999.9000,
	2026/03/30 16:20:04	,	221972	,	1154	,9.9458,1999.9000,-0.0658,794.1836,594682.5625,27.6600,605270.0000,1999.9000,
	2026/03/30 16:20:04	,	222972	,	1155	,9.9460,1999.9000,-0.0749,794.8337,594682.5625,27.6621,605270.0000,1999.9000,
	2026/03/30 16:20:04	,	223972	,	1156	,9.9461,1999.9000,-0.0815,795.3754,594682.5625,27.6684,605270.0000,1999.9000,
	2026/03/30 16:20:04	,	224972	,	1157	,9.9463,1999.9000,-0.0867,795.8268,594682.5625,27.6737,605270.0000,1999.9000,
	2026/03/30 16:20:04	,	225972	,	1158	,9.9465,1999.9000,-0.0868,796.2031,594682.5625,27.6704,605270.0000,1999.9000,
	2026/03/30 16:20:04	,	226972	,	1159	,9.9467,1999.9000,-0.0869,796.5166,594780.3125,27.6677,605265.1875,1999.9000,
	2026/03/30 16:20:04	,	227972	,	1160	,9.9469,1999.9000,-0.0869,796.6784,594885.1250,27.6716,605061.6250,1999.9000,
	2026/03/30 16:20:04	,	228972	,	1161	,9.9470,1999.9000,-0.0869,796.6143,594909.6250,27.6748,604939.0000,1999.9000,
	2026/03/30 16:20:04	,	229972	,	1162	,9.9472,1999.9000,-0.0869,796.5608,594932.5000,27.6698,604831.5000,1999.9000,
	2026/03/30 16:20:04	,	230972	,	1163	,9.9473,1999.9000,-0.0868,796.5163,595203.3125,27.6626,604743.8750,1999.9000,
	2026/03/30 16:20:04	,	231972	,	1164	,9.9475,1999.9000,-0.0825,796.4792,595579.2500,27.6566,604518.0000,1999.9000,
	2026/03/30 16:20:04	,	232972	,	1165	,9.9477,1999.9000,-0.0825,796.3488,595579.2500,27.6516,604486.9375,1999.9000,
	2026/03/30 16:20:04	,	233972	,	1166	,9.9480,1999.9000,-0.0825,796.3396,595579.2500,27.6475,604476.5625,1999.9000,
	2026/03/30 16:20:04	,	234972	,	1167	,9.9482,1999.9000,-0.0825,796.3320,595579.2500,27.6471,604471.3750,1999.9000,
	2026/03/30 16:20:04	,	235972	,	1168	,9.9485,1999.9000,-0.0825,796.3256,595579.2500,27.6467,604468.3125,1999.9000,
	2026/03/30 16:20:04	,	236972	,	1169	,9.9488,1999.9000,-0.0825,796.3203,595573.1250,27.6464,604466.1875,1999.9000,
	2026/03/30 16:20:04	,	237972	,	1170	,9.9491,1999.9000,-0.0893,796.3158,595416.6250,27.6508,604648.5000,1999.9000,
	2026/03/30 16:20:04	,	238972	,	1171	,9.9494,1999.9000,-0.0965,796.3121,595416.6250,27.6559,604771.6875,1999.9000,
	2026/03/30 16:20:04	,	239972	,	1172	,9.9496,1999.9000,-0.1040,796.3090,595361.3750,27.6602,604878.0000,1999.9000,
	2026/03/30 16:20:04	,	240972	,	1173	,9.9499,1999.9000,-0.1121,796.4059,595162.1875,27.6653,604960.1250,1999.9000,
	2026/03/30 16:20:04	,	241972	,	1174	,9.9502,1999.9000,-0.1240,796.4867,594816.6250,27.6695,605161.8750,1999.9000,
	2026/03/30 16:20:04	,	242972	,	1175	,9.9505,1999.9000,-0.1379,796.5540,594723.1250,27.6731,605301.4375,1999.9000,
	2026/03/30 16:20:04	,	243972	,	1176	,9.9508,1999.9000,-0.1495,796.5106,594723.1250,27.6745,605301.4375,1999.9000,
	2026/03/30 16:20:04	,	244972	,	1177	,9.9511,1999.9000,-0.1596,796.4744,594723.1250,27.6772,605301.4375,1999.9000,
	2026/03/30 16:20:04	,	245972	,	1178	,9.9514,1999.9000,-0.1664,796.4443,594723.1250,27.6795,605301.4375,1999.9000,
	2026/03/30 16:20:04	,	246972	,	1179	,9.9517,1999.9000,-0.1688,796.4192,594723.1250,27.6799,605301.4375,1999.9000,
	2026/03/30 16:20:04	,	247972	,	1180	,9.9520,1999.9000,-0.1688,796.6967,594853.0000,27.6787,605091.8125,1999.9000,
	2026/03/30 16:20:04	,	248972	,	1181	,9.9524,1999.9000,-0.1688,796.9279,594889.3750,27.6787,604958.9375,1999.9000,
	2026/03/30 16:20:04	,	249972	,	1182	,9.9527,1999.9000,-0.1688,796.8221,594889.3750,27.6776,604850.2500,1999.9000,
	2026/03/30 16:20:04	,	250972	,	1183	,9.9532,1999.9000,-0.1688,796.7341,594912.9375,27.6752,604756.5625,1999.9000,
	2026/03/30 16:20:04	,	251972	,	1184	,9.9535,1999.9000,-0.1688,796.6606,595099.6875,27.6732,604567.5000,1999.9000,
	2026/03/30 16:20:04	,	252972	,	1185	,9.9538,1999.9000,-0.1659,796.5994,595448.1875,27.6731,604406.8750,1999.9000,
	2026/03/30 16:20:04	,	253972	,	1186	,9.9542,1999.9000,-0.1659,796.5484,595591.2500,27.6730,604406.8750,1999.9000,
	2026/03/30 16:20:04	,	254972	,	1187	,9.9546,1999.9000,-0.1659,796.1080,595591.2500,27.6714,604406.8750,1999.9000,
	2026/03/30 16:20:04	,	255972	,	1188	,9.9550,1999.9000,-0.1659,795.7411,595591.2500,27.6716,604406.8750,1999.9000,
	2026/03/30 16:20:04	,	256972	,	1189	,9.9554,1999.9000,-0.1659,795.4353,595591.2500,27.6733,604406.8750,1999.9000,
	2026/03/30 16:20:04	,	257972	,	1190	,9.9559,1999.9000,-0.1719,795.1804,595450.0000,27.6747,604624.3125,1999.9000,
	2026/03/30 16:20:04	,	258972	,	1191	,9.9563,1999.9000,-0.1779,795.0675,595450.0000,27.6728,604747.5625,1999.9000,
	2026/03/30 16:20:04	,	259972	,	1192	,9.9568,1999.9000,-0.1836,794.9734,595416.6250,27.6712,604843.0000,1999.9000,
	2026/03/30 16:20:04	,	260972	,	1193	,9.9572,1999.9000,-0.1890,794.8951,595392.5625,27.6699,604932.3750,1999.9000,
	2026/03/30 16:20:04	,	261972	,	1194	,9.9577,1999.9000,-0.1962,795.3271,595263.5625,27.6688,605099.6875,1999.9000,
	2026/03/30 16:20:04	,	262972	,	1195	,9.9582,1999.9000,-0.2065,795.6871,594971.0000,27.6679,605363.0000,1999.9000,
	2026/03/30 16:20:04	,	263972	,	1196	,9.9586,1999.9000,-0.2149,795.9871,594664.1250,27.6671,605363.0000,1999.9000,
	2026/03/30 16:20:04	,	264972	,	1197	,9.9592,1999.9000,-0.2220,796.2372,594664.1250,27.6665,605363.0000,1999.9000,
	2026/03/30 16:20:04	,	265972	,	1198	,9.9597,1999.9000,-0.2275,796.4455,594664.1250,27.6659,605363.0000,1999.9000,
	2026/03/30 16:20:04	,	266972	,	1199	,9.9602,1999.9000,-0.2296,796.6192,594664.1250,27.6621,605132.8750,1999.9000,
	2026/03/30 16:20:04	,	267972	,	1200	,9.9607,1999.9000,-0.2298,796.7639,594664.1250,27.6621,605132.8750,1999.9000,
	2026/03/30 16:20:04	,	268972	,	1201	,9.9613,1999.9000,-0.2299,796.7849,594807.1250,27.6592,604976.4375,1999.9000,
	2026/03/30 16:20:04	,	269972	,	1202	,9.9618,1999.9000,-0.2300,796.5041,594899.5000,27.6599,604869.5000,1999.9000,
	2026/03/30 16:20:04	,	270972	,	1203	,9.9623,1999.9000,-0.2300,796.0711,594917.0625,27.6574,604788.0000,1999.9000,
	2026/03/30 16:20:04	,	271972	,	1204	,9.9628,1999.9000,-0.2301,795.0140,595005.5000,27.6553,604661.7500,1999.9000,
	2026/03/30 16:20:04	,	272972	,	1205	,9.9633,1999.9000,-0.2302,794.1331,595290.9375,27.6536,604384.5000,1999.9000,
	2026/03/30 16:20:04	,	273972	,	1206	,9.9638,1999.9000,-0.2306,793.3989,595656.1250,27.6522,604384.5000,1999.9000,
	2026/03/30 16:20:04	,	274972	,	1207	,9.9643,1999.9000,-0.2337,792.7872,595656.1250,27.6510,604384.5000,1999.9000,
	2026/03/30 16:20:04	,	275972	,	1208	,9.9649,1999.9000,-0.2337,792.2774,595656.1250,27.6515,604384.5000,1999.9000,
	2026/03/30 16:20:04	,	276972	,	1209	,9.9655,1999.9000,-0.2342,792.0515,595656.1250,27.6611,604384.5000,1999.9000,
	2026/03/30 16:20:04	,	277972	,	1210	,9.9660,1999.9000,-0.2426,791.9627,595656.1250,27.6737,604544.0000,1999.9000,
	2026/03/30 16:20:04	,	278972	,	1211	,9.9666,1999.9000,-0.2495,792.9830,595476.8125,27.6842,604699.1875,1999.9000,
	2026/03/30 16:20:04	,	279972	,	1212	,9.9671,1999.9000,-0.2558,793.8332,595370.1875,27.6929,604812.7500,1999.9000,
	2026/03/30 16:20:04	,	280972	,	1213	,9.9677,1999.9000,-0.2617,794.5417,595351.6875,27.7002,604906.3750,1999.9000,
	2026/03/30 16:20:04	,	281972	,	1214	,9.9683,1999.9000,-0.2686,795.3310,595331.6250,27.7063,605013.2500,1999.9000,
	2026/03/30 16:20:04	,	282972	,	1215	,9.9689,1999.9000,-0.2797,795.9888,595080.0000,27.7082,605294.7500,1999.9000,
	2026/03/30 16:20:04	,	283972	,	1216	,9.9695,1999.9000,-0.2903,796.5369,594720.1250,27.7069,605294.7500,1999.9000,
	2026/03/30 16:20:04	,	284972	,	1217	,9.9736,1999.9000,-0.2990,796.7948,594720.1250,27.7057,605294.7500,1999.9000,
	2026/03/30 16:20:04	,	285972	,	1218	,9.9739,1999.9000,-0.3063,796.6118,594720.1250,27.7048,605294.7500,1999.9000,
	2026/03/30 16:20:04	,	286972	,	1219	,9.9742,1999.9000,-0.3103,796.3598,594720.1250,27.7025,605294.7500,1999.9000,
	2026/03/30 16:20:04	,	287972	,	1220	,9.9745,1999.9000,-0.3106,796.1498,594720.1250,27.7005,605206.6250,1999.9000,
	2026/03/30 16:20:04	,	288972	,	1221	,9.9747,1999.9000,-0.3111,795.9749,594728.4375,27.6974,605030.8125,1999.9000,
	2026/03/30 16:20:04	,	289972	,	1222	,9.9751,1999.9000,-0.3133,795.8290,594875.6250,27.6948,604918.4375,1999.9000,
	2026/03/30 16:20:04	,	290972	,	1223	,9.9755,1999.9000,-0.3143,795.2101,594900.3125,27.6926,604820.6250,1999.9000,
	2026/03/30 16:20:04	,	291972	,	1224	,9.9760,1999.9000,-0.3146,794.6943,594925.0625,27.6908,604719.7500,1999.9000,
	2026/03/30 16:20:04	,	292972	,	1225	,9.9765,1999.9000,-0.3151,794.7619,595169.9375,27.6862,604466.6875,1999.9000,
	2026/03/30 16:20:04	,	293972	,	1226	,9.9770,1999.9000,-0.3154,794.8182,595543.5000,27.6824,604466.6875,1999.9000,
	2026/03/30 16:20:04	,	294972	,	1227	,9.9776,1999.9000,-0.3157,794.8652,595551.2500,27.6762,604466.6875,1999.9000,
	2026/03/30 16:20:04	,	295972	,	1228	,9.9783,1999.9000,-0.3189,794.7053,595553.8125,27.6710,604466.6875,1999.9000,
	2026/03/30 16:20:04	,	296972	,	1229	,9.9826,1999.9000,-0.3236,794.4727,595555.1250,27.6697,604466.6875,1999.9000,
	2026/03/30 16:20:04	,	297972	,	1230	,9.9829,1999.9000,-0.3314,794.2788,595555.8750,27.6687,604472.3125,1999.9000,
	2026/03/30 16:20:04	,	298972	,	1231	,9.9832,1999.9000,-0.3393,794.2167,595556.3750,27.6678,604677.5000,1999.9000,
	2026/03/30 16:20:04	,	299972	,	1232	,9.9836,1999.9000,-0.3469,794.3640,595438.0625,27.6670,604786.1875,1999.9000,
	2026/03/30 16:20:04	,	300972	,	1233	,9.9840,1999.9000,-0.3542,794.4866,595408.9375,27.6664,604885.2500,1999.9000,
	2026/03/30 16:20:04	,	301972	,	1234	,9.9845,1999.9000,-0.3613,794.3899,595386.8750,27.6659,604984.9375,1999.9000,
	2026/03/30 16:20:04	,	302972	,	1235	,9.9850,1999.9000,-0.3718,794.5082,595212.3125,27.6655,605224.6875,1999.9000,
	2026/03/30 16:20:04	,	303972	,	1236	,9.9855,1999.9000,-0.3838,794.9053,594879.2500,27.6651,605253.6875,1999.9000,
	2026/03/30 16:20:04	,	304972	,	1237	,9.9861,1999.9000,-0.3934,795.6340,594717.1875,27.6618,605263.3125,1999.9000,
	2026/03/30 16:20:04	,	305972	,	1238	,9.9901,1999.9000,-0.4018,796.2413,594717.1875,27.6574,605268.1250,1999.9000,
	2026/03/30 16:20:04	,	306972	,	1239	,9.9901,1999.9000,-0.4073,796.7474,594717.1875,27.6554,605271.0625,1999.9000,
	2026/03/30 16:20:04	,	307972	,	1240	,9.9908,1999.9000,-0.4081,797.1691,594717.1875,27.6552,605272.9375,1999.9000,
	2026/03/30 16:20:04	,	308972	,	1241	,9.9908,1999.9000,-0.4087,797.1691,594717.1875,27.6550,605077.8750,1999.9000,
	2026/03/30 16:20:04	,	309972	,	1242	,9.9912,1999.9000,-0.4119,796.8353,594855.3750,27.6518,604939.6250,1999.9000,
	2026/03/30 16:20:04	,	310972	,	1243	,9.9921,1999.9000,-0.4149,796.8444,594890.1875,27.6492,604826.0625,1999.9000,
	2026/03/30 16:20:04	,	311972	,	1244	,9.9921,1999.9000,-0.4186,796.5536,594912.5625,27.6500,604737.8125,1999.9000,
	2026/03/30 16:20:04	,	312972	,	1245	,9.9926,1999.9000,-0.4188,796.2119,595075.8125,27.6507,604541.6250,1999.9000,
	2026/03/30 16:20:04	,	313972	,	1246	,9.9939,1999.9000,-0.4192,795.9271,595422.0000,27.6513,604421.3750,1999.9000,
	2026/03/30 16:20:04	,	314972	,	1247	,9.9945,1999.9000,-0.4194,795.6898,595620.3750,27.6548,604421.3750,1999.9000,
	2026/03/30 16:20:04	,	315972	,	1248	,9.9952,1999.9000,-0.4217,795.5915,595620.3750,27.6578,604421.3750,1999.9000,
	2026/03/30 16:20:04	,	316972	,	1249	,9.9993,1999.9000,-0.4258,795.8080,595620.3750,27.6572,604421.3750,1999.9000,
	2026/03/30 16:20:04	,	317972	,	1250	,10.0000,1999.9000,-0.4336,795.9885,595620.3750,27.6551,604421.3750,1999.9000,
	2026/03/30 16:20:04	,	318972	,	1251	,10.0005,1999.9000,-0.4431,796.1387,595620.3750,27.6550,604613.4375,1999.9000,
	2026/03/30 16:20:04	,	319972	,	1252	,10.0010,1999.9000,-0.4527,796.2640,595463.6875,27.6548,604735.4375,1999.9000,
	2026/03/30 16:20:04	,	320972	,	1253	,10.0015,1999.9000,-0.4620,796.4679,595371.3125,27.6547,604831.5000,1999.9000,
	2026/03/30 16:20:04	,	321972	,	1254	,10.0020,1999.9000,-0.4705,796.6378,595349.8750,27.6531,604918.4375,1999.9000,
	2026/03/30 16:20:04	,	322972	,	1255	,10.0025,1999.9000,-0.4807,796.6799,595258.6875,27.6487,605112.3125,1999.9000,
	2026/03/30 16:20:04	,	323972	,	1256	,10.0032,1999.9000,-0.4937,796.7150,594988.8750,27.6450,605350.3125,1999.9000,
	2026/03/30 16:20:04	,	324972	,	1257	,10.0073,1999.9000,-0.5044,797.0426,594636.1250,27.6420,605350.3125,1999.9000,
	2026/03/30 16:20:04	,	325972	,	1258	,10.0077,1999.9000,-0.5138,797.3156,594636.1250,27.6456,605350.3125,1999.9000,
	2026/03/30 16:20:04	,	326972	,	1259	,10.0083,1999.9000,-0.5217,797.5432,594636.1250,27.6546,605350.3125,1999.9000,
	2026/03/30 16:20:04	,	327972	,	1260	,10.0083,1999.9000,-0.5265,797.7328,594636.1250,27.6622,605350.3125,1999.9000,
	2026/03/30 16:20:04	,	328972	,	1261	,10.0088,1999.9000,-0.5296,797.7914,594636.1250,27.6685,605135.3125,1999.9000,
	2026/03/30 16:20:04	,	329972	,	1262	,10.0092,1999.9000,-0.5329,797.8401,594813.0625,27.6737,604998.1875,1999.9000,
	2026/03/30 16:20:04	,	330972	,	1263	,10.0097,1999.9000,-0.5362,797.8808,594912.6250,27.6781,604876.7500,1999.9000,
	2026/03/30 16:20:04	,	331972	,	1264	,10.0103,1999.9000,-0.5398,797.9147,594930.1875,27.6818,604789.8125,1999.9000,
	2026/03/30 16:20:04	,	332972	,	1265	,10.0150,1999.9000,-0.5403,797.9430,594955.6875,27.6848,604649.0625,1999.9000,
	2026/03/30 16:20:04	,	333972	,	1266	,10.0150,1999.9000,-0.5407,797.8671,595280.8125,27.6873,604362.8125,1999.9000,
	2026/03/30 16:20:04	,	334972	,	1267	,10.0155,1999.9000,-0.5410,797.8671,595657.3750,27.6894,604362.8125,1999.9000,
	2026/03/30 16:20:04	,	335972	,	1268	,10.0161,1999.9000,-0.5444,797.7510,595657.3750,27.6912,604362.8125,1999.9000,
	2026/03/30 16:20:04	,	336972	,	1269	,10.0166,1999.9000,-0.5484,797.5081,595657.3750,27.6927,604362.8125,1999.9000,
	2026/03/30 16:20:04	,	337972	,	1270	,10.0171,1999.9000,-0.5552,797.3057,595657.3750,27.6939,604362.8125,1999.9000,
	2026/03/30 16:20:04	,	338972	,	1271	,10.0176,1999.9000,-0.5639,797.1370,595657.3750,27.6949,604585.0625,1999.9000,
	2026/03/30 16:20:04	,	339972	,	1272	,10.0217,1999.9000,-0.5722,796.9965,595516.7500,27.6973,604726.3750,1999.9000,
	2026/03/30 16:20:04	,	340972	,	1273	,10.0224,1999.9000,-0.5805,796.9965,595403.5625,27.6992,604830.8750,1999.9000,
	2026/03/30 16:20:04	,	341972	,	1274	,10.0229,1999.9000,-0.5887,796.9788,595379.3750,27.7009,604913.0000,1999.9000,
	2026/03/30 16:20:04	,	342972	,	1275	,10.0234,1999.9000,-0.5977,796.9641,595355.2500,27.7007,605046.5625,1999.9000,
	2026/03/30 16:20:04	,	343972	,	1276	,10.0238,1999.9000,-0.6106,796.9518,595109.8125,27.6960,605342.5000,1999.9000,
	2026/03/30 16:20:04	,	344972	,	1277	,10.0243,1999.9000,-0.6225,796.9415,594750.5000,27.6921,605342.5000,1999.9000,
	2026/03/30 16:20:04	,	345972	,	1278	,10.0249,1999.9000,-0.6322,796.8336,594750.5000,27.6888,605342.5000,1999.9000,
	2026/03/30 16:20:04	,	346972	,	1279	,10.0293,1999.9000,-0.6410,796.7436,594750.5000,27.6876,605342.5000,1999.9000,
	2026/03/30 16:20:04	,	347972	,	1280	,10.0300,1999.9000,-0.6476,796.6686,594750.5000,27.6866,605342.5000,1999.9000,
	2026/03/30 16:20:04	,	348972	,	1281	,10.0305,1999.9000,-0.6520,796.6061,594750.5000,27.6858,605184.1875,1999.9000,
	2026/03/30 16:20:04	,	349972	,	1282	,10.0311,1999.9000,-0.6568,796.5540,594752.0000,27.6851,605007.8750,1999.9000,
	2026/03/30 16:20:04	,	350972	,	1283	,10.0316,1999.9000,-0.6618,796.5106,594881.0000,27.6845,604891.3125,1999.9000,
	2026/03/30 16:20:04	,	351972	,	1284	,10.0321,1999.9000,-0.6666,796.4443,594924.3125,27.6841,604802.5000,1999.9000,
	2026/03/30 16:20:04	,	352972	,	1285	,10.0327,1999.9000,-0.6694,796.4443,594924.3125,27.6836,604701.6250,1999.9000,
	2026/03/30 16:20:04	,	353972	,	1286	,10.0367,1999.9000,-0.6695,796.4192,595139.0000,27.6833,604436.4375,1999.9000,
	2026/03/30 16:20:04	,	354972	,	1287	,10.0375,1999.9000,-0.6697,796.3983,595506.6250,27.6831,604436.4375,1999.9000,
	2026/03/30 16:20:04	,	355972	,	1288	,10.0381,1999.9000,-0.6722,796.1819,595530.6875,27.6828,604436.4375,1999.9000,
	2026/03/30 16:20:04	,	356972	,	1289	,10.0388,1999.9000,-0.6767,796.2005,595538.7500,27.6796,604436.4375,1999.9000,
	2026/03/30 16:20:04	,	357972	,	1290	,10.0394,1999.9000,-0.6838,796.2160,595542.8125,27.6769,604436.4375,1999.9000,
	2026/03/30 16:20:04	,	358972	,	1291	,10.0400,1999.9000,-0.6933,796.2289,595545.2500,27.6777,604449.2500,1999.9000,
	2026/03/30 16:20:04	,	359972	,	1292	,10.0406,1999.9000,-0.7026,795.9413,595546.8125,27.6783,604673.8125,1999.9000,
	2026/03/30 16:20:04	,	360972	,	1293	,10.0451,1999.9000,-0.7114,795.6022,595412.4375,27.6789,604781.3125,1999.9000,
	2026/03/30 16:20:04	,	361972	,	1294	,10.0456,1999.9000,-0.7200,795.4189,595382.3750,27.6794,604874.9375,1999.9000,
	2026/03/30 16:20:04	,	362972	,	1295	,10.0461,1999.9000,-0.7290,795.7637,595361.0000,27.6797,604986.1250,1999.9000,
	2026/03/30 16:20:04	,	363972	,	1296	,10.0466,1999.9000,-0.7416,796.0510,595200.9375,27.6801,605247.0625,1999.9000,
	2026/03/30 16:20:04	,	364972	,	1297	,10.0473,1999.9000,-0.7553,796.2903,594875.0000,27.6803,605247.0625,1999.9000,
	2026/03/30 16:20:04	,	365972	,	1298	,10.0479,1999.9000,-0.7661,795.8930,594692.1250,27.6805,605247.0625,1999.9000,
	2026/03/30 16:20:04	,	366972	,	1299	,10.0523,1999.9000,-0.7754,795.5619,594692.1250,27.6807,605247.0625,1999.9000,
	2026/03/30 16:20:04	,	367972	,	1300	,10.0528,1999.9000,-0.7820,795.2859,594692.1250,27.6807,605247.0625,1999.9000,
	2026/03/30 16:20:04	,	368972	,	1301	,10.0534,1999.9000,-0.7852,795.0560,594692.1250,27.6809,605246.2500,1999.9000,
	2026/03/30 16:20:04	,	369972	,	1302	,10.0540,1999.9000,-0.7884,795.0634,594692.1250,27.6810,605039.2500,1999.9000,
	2026/03/30 16:20:04	,	370972	,	1303	,10.0548,1999.9000,-0.7922,795.0694,594842.2500,27.6811,604914.2500,1999.9000,
	2026/03/30 16:20:04	,	371972	,	1304	,10.0554,1999.9000,-0.7964,794.8755,594926.2500,27.6827,604818.1875,1999.9000,
	2026/03/30 16:20:04	,	372972	,	1305	,10.0599,1999.9000,-0.8004,794.8135,594945.3750,27.6837,604727.0000,1999.9000,
	2026/03/30 16:20:04	,	373972	,	1306	,10.0605,1999.9000,-0.8005,794.8613,595068.0625,27.6837,604727.0000,1999.9000,
	2026/03/30 16:20:04	,	374972	,	1307	,10.0610,1999.9000,-0.8008,794.9011,595389.1875,27.6833,604511.3750,1999.9000,
	2026/03/30 16:20:04	,	375972	,	1308	,10.0616,1999.9000,-0.8030,794.9342,595638.2500,27.6876,604416.5625,1999.9000,
	2026/03/30 16:20:04	,	376972	,	1309	,10.0622,1999.9000,-0.8071,794.8624,595638.2500,27.6866,604416.5625,1999.9000,
	2026/03/30 16:20:04	,	377972	,	1310	,10.0628,1999.9000,-0.8135,794.8024,595638.2500,27.6827,604416.5625,1999.9000,
	2026/03/30 16:20:04	,	378972	,	1311	,10.0669,1999.9000,-0.8226,794.7526,595638.2500,27.6826,604416.5625,1999.9000,
	2026/03/30 16:20:04	,	379972	,	1312	,10.0676,1999.9000,-0.8319,794.7109,595638.2500,27.6824,604416.5625,1999.9000,
	2026/03/30 16:20:04	,	380972	,	1313	,10.0681,1999.9000,-0.8401,794.6763,595475.6250,27.6777,604599.5625,1999.9000,
	2026/03/30 16:20:04	,	381972	,	1314	,10.0687,1999.9000,-0.8480,794.6475,595389.8125,27.6738,604711.3125,1999.9000,
	2026/03/30 16:20:04	,	382972	,	1315	,10.0693,1999.9000,-0.8480,794.6234,595370.5000,27.6812,604816.3750,1999.9000,
	2026/03/30 16:20:04	,	383972	,	1316	,10.0700,1999.9000,-0.8560,794.8022,595344.3125,27.6874,604909.4375,1999.9000,
	2026/03/30 16:20:04	,	384972	,	1317	,10.0748,1999.9000,-0.8670,794.9514,595041.2500,27.6819,605109.3125,1999.9000,
	2026/03/30 16:20:04	,	385972	,	1318	,10.0755,1999.9000,-0.8812,795.0756,594676.6250,27.6880,605256.6875,1999.9000,
	2026/03/30 16:20:04	,	386972	,	1319	,10.0762,1999.9000,-0.8931,795.1791,594676.6250,27.6930,605256.6875,1999.9000,
	2026/03/30 16:20:04	,	387972	,	1320	,10.0768,1999.9000,-0.9036,795.2654,594676.6250,27.6881,605256.6875,1999.9000,
	2026/03/30 16:20:04	,	388972	,	1321	,10.0774,1999.9000,-0.9118,795.7351,594676.6250,27.6825,605256.6875,1999.9000,
	2026/03/30 16:20:04	,	389972	,	1322	,10.0780,1999.9000,-0.9164,796.1266,594676.6250,27.6732,605256.6875,1999.9000,
	2026/03/30 16:20:04	,	390972	,	1323	,10.0823,1999.9000,-0.9192,796.0551,594819.0000,27.6654,605043.5000,1999.9000,
	2026/03/30 16:20:04	,	391972	,	1324	,10.0831,1999.9000,-0.9228,795.7964,594918.5000,27.6590,604904.0000,1999.9000,
	2026/03/30 16:20:04	,	392972	,	1325	,10.0837,1999.9000,-0.9265,795.4814,594934.6250,27.6536,604786.7500,1999.9000,
	2026/03/30 16:20:04	,	393972	,	1326	,10.0844,1999.9000,-0.9305,795.2188,594954.8750,27.6506,604691.3125,1999.9000,
	2026/03/30 16:20:04	,	394972	,	1327	,10.0851,1999.9000,-0.9309,795.0995,595241.4375,27.6482,604519.1875,1999.9000,
	2026/03/30 16:20:04	,	395972	,	1328	,10.0857,1999.9000,-0.9312,795.0001,595629.8750,27.6461,604270.3750,1999.9000,
	2026/03/30 16:20:04	,	396972	,	1329	,10.0902,1999.9000,-0.9316,794.9173,595629.8750,27.6460,604270.3750,1999.9000,
	2026/03/30 16:20:04	,	397972	,	1330	,10.0909,1999.9000,-0.9342,794.8483,595629.8750,27.6458,604270.3750,1999.9000,
	2026/03/30 16:20:04	,	398972	,	1331	,10.0916,1999.9000,-0.9383,794.7908,595629.8750,27.6457,604270.3750,1999.9000,
	2026/03/30 16:20:04	,	399972	,	1332	,10.0923,1999.9000,-0.9456,794.8423,595629.8750,27.6455,604270.3750,1999.9000,
	2026/03/30 16:20:04	,	400972	,	1333	,10.0930,1999.9000,-0.9553,795.0842,595542.3750,27.6455,604460.6250,1999.9000,
	2026/03/30 16:20:04	,	401972	,	1334	,10.0973,1999.9000,-0.9652,795.2857,595430.9375,27.6454,604590.5000,1999.9000,
	2026/03/30 16:20:04	,	402972	,	1335	,10.0978,1999.9000,-0.9749,795.4537,595405.6250,27.6484,604694.3750,1999.9000,
	2026/03/30 16:20:04	,	403972	,	1336	,10.0984,1999.9000,-0.9844,795.6932,595383.8750,27.6509,604779.5000,1999.9000,
	2026/03/30 16:20:04	,	404972	,	1337	,10.0991,1999.9000,-0.9948,795.7932,595169.9375,27.6545,604933.0000,1999.9000,
	2026/03/30 16:20:04	,	405972	,	1338	,10.0998,1999.9000,-1.0087,795.8766,594816.0625,27.6574,605237.9375,1999.9000,
	2026/03/30 16:20:04	,	406972	,	1339	,10.1038,1999.9000,-1.0210,795.9460,594794.9375,27.6600,605237.9375,1999.9000,
	2026/03/30 16:20:04	,	407972	,	1340	,10.1045,1999.9000,-1.0310,796.0040,594787.8125,27.6621,605237.9375,1999.9000,
	2026/03/30 16:20:04	,	408972	,	1341	,10.1052,1999.9000,-1.0394,796.0523,594784.3125,27.6638,605237.9375,1999.9000,
	2026/03/30 16:20:04	,	409972	,	1342	,10.1059,1999.9000,-1.0445,795.8936,594782.1875,27.6699,605237.9375,1999.9000,
	2026/03/30 16:20:04	,	410972	,	1343	,10.1066,1999.9000,-1.0467,795.7613,594780.7500,27.6749,605031.3750,1999.9000,
	2026/03/30 16:20:04	,	411972	,	1344	,10.1108,1999.9000,-1.0491,795.6511,594887.0000,27.6791,604871.3750,1999.9000,
	2026/03/30 16:20:04	,	412972	,	1345	,10.1114,1999.9000,-1.0516,795.5593,594912.6250,27.6780,604750.5000,1999.9000,
	2026/03/30 16:20:04	,	413972	,	1346	,10.1120,1999.9000,-1.0544,795.4827,594934.2500,27.6755,604655.0625,1999.9000,
	2026/03/30 16:20:04	,	414972	,	1347	,10.1127,1999.9000,-1.0547,795.4189,595138.3750,27.6735,604528.3125,1999.9000,
	2026/03/30 16:20:04	,	415972	,	1348	,10.1134,1999.9000,-1.0548,795.2662,595498.2500,27.6779,604250.5000,1999.9000,
	2026/03/30 16:20:04	,	416972	,	1349	,10.1175,1999.9000,-1.0552,795.1391,595598.3750,27.6816,604250.5000,1999.9000,
	2026/03/30 16:20:04	,	417972	,	1350	,10.1184,1999.9000,-1.0577,795.1326,595598.3750,27.6801,604250.5000,1999.9000,
	2026/03/30 16:20:04	,	418972	,	1351	,10.1192,1999.9000,-1.0621,795.2266,595598.3750,27.6772,604250.5000,1999.9000,
	2026/03/30 16:20:04	,	419972	,	1352	,10.1198,1999.9000,-1.0690,795.6034,595598.3750,27.6749,604250.5000,1999.9000,
	2026/03/30 16:20:04	,	420972	,	1353	,10.1206,1999.9000,-1.0784,795.6190,595598.3750,27.6745,604395.3750,1999.9000,
	2026/03/30 16:20:04	,	421972	,	1354	,10.1248,1999.9000,-1.0876,795.6319,595455.9375,27.6818,604550.6250,1999.9000,
	2026/03/30 16:20:04	,	422972	,	1355	,10.1253,1999.9000,-1.0962,795.9412,595427.3750,27.6909,604662.3750,1999.9000,
	2026/03/30 16:20:04	,	423972	,	1356	,10.1260,1999.9000,-1.1046,796.1989,595406.3125,27.6955,604751.1250,1999.9000,
	2026/03/30 16:20:04	,	424972	,	1357	,10.1267,1999.9000,-1.1133,796.4136,595258.6875,27.6932,604858.6250,1999.9000,
	2026/03/30 16:20:04	,	425972	,	1358	,10.1274,1999.9000,-1.1257,796.5926,594947.7500,27.6897,605138.9375,1999.9000,
	2026/03/30 16:20:04	,	426972	,	1359	,10.1317,1999.9000,-1.1387,796.7417,594728.4375,27.6792,605138.9375,1999.9000,
	2026/03/30 16:20:04	,	427972	,	1360	,10.1324,1999.9000,-1.1487,796.8659,594728.4375,27.6705,605138.9375,1999.9000,
	2026/03/30 16:20:04	,	428972	,	1361	,10.1332,1999.9000,-1.1572,796.7706,594728.4375,27.6632,605138.9375,1999.9000,
	2026/03/30 16:20:04	,	429972	,	1362	,10.1340,1999.9000,-1.1632,796.8900,594728.4375,27.6540,605138.9375,1999.9000,
	2026/03/30 16:20:04	,	430972	,	1363	,10.1348,1999.9000,-1.1657,796.7906,594728.4375,27.6434,605131.5625,1999.9000,
	2026/03/30 16:20:04	,	431972	,	1364	,10.1389,1999.9000,-1.1668,796.6083,594879.8125,27.6345,604911.1875,1999.9000,
	2026/03/30 16:20:04	,	432972	,	1365	,10.1396,1999.9000,-1.1702,796.5558,594914.3750,27.6270,604796.5000,1999.9000,
	2026/03/30 16:20:04	,	433972	,	1366	,10.1404,1999.9000,-1.1708,796.5121,594935.4375,27.6209,604702.8125,1999.9000,
	2026/03/30 16:20:04	,	434972	,	1367	,10.1412,1999.9000,-1.1710,796.4757,595062.1250,27.6188,604612.2500,1999.9000,
	2026/03/30 16:20:04	,	435972	,	1368	,10.1420,1999.9000,-1.1713,796.3459,595367.8125,27.6171,604377.2500,1999.9000,
	2026/03/30 16:20:04	,	436972	,	1369	,10.1463,1999.9000,-1.1715,795.8398,595696.0625,27.6156,604354.3125,1999.9000,
	2026/03/30 16:20:04	,	437972	,	1370	,10.1470,1999.9000,-1.1739,795.4181,595696.0625,27.6175,604346.6875,1999.9000,
	2026/03/30 16:20:04	,	438972	,	1371	,10.1477,1999.9000,-1.1743,795.0667,595696.0625,27.6251,604342.8750,1999.9000,
	2026/03/30 16:20:04	,	439972	,	1372	,10.1485,1999.9000,-1.1744,794.6743,595696.0625,27.6330,604340.5625,1999.9000,
	2026/03/30 16:20:04	,	440972	,	1373	,10.1492,1999.9000,-1.1802,794.3474,595696.0625,27.6411,604339.0625,1999.9000,
	2026/03/30 16:20:04	,	441972	,	1374	,10.1492,1999.9000,-1.1865,794.0748,595532.8125,27.6464,604514.3750,1999.9000,
	2026/03/30 16:20:04	,	442972	,	1375	,10.1543,1999.9000,-1.1931,793.8478,595430.3125,27.6492,604624.3125,1999.9000,
	2026/03/30 16:20:04	,	443972	,	1376	,10.1551,1999.9000,-1.1999,794.0565,595409.7500,27.6515,604727.0000,1999.9000,
	2026/03/30 16:20:04	,	444972	,	1377	,10.1558,1999.9000,-1.2068,794.2303,595386.0625,27.6505,604817.0000,1999.9000,
	2026/03/30 16:20:04	,	445972	,	1378	,10.1565,1999.9000,-1.2165,794.5742,595096.0625,27.6496,605050.7500,1999.9000,
	2026/03/30 16:20:04	,	446972	,	1379	,10.1608,1999.9000,-1.2290,794.8608,594721.9375,27.6488,605161.8750,1999.9000,
	2026/03/30 16:20:04	,	447972	,	1380	,10.1614,1999.9000,-1.2389,795.0996,594721.9375,27.6482,605161.8750,1999.9000,
	2026/03/30 16:20:04	,	448972	,	1381	,10.1622,1999.9000,-1.2476,795.3981,594721.9375,27.6476,605161.8750,1999.9000,
	2026/03/30 16:20:04	,	449972	,	1382	,10.1631,1999.9000,-1.2542,795.7462,594721.9375,27.6472,605161.8750,1999.9000,
	2026/03/30 16:20:04	,	450972	,	1383	,10.1638,1999.9000,-1.2572,796.1359,594721.9375,27.6468,605161.8750,1999.9000,
	2026/03/30 16:20:04	,	451972	,	1384	,10.1684,1999.9000,-1.2581,796.4606,594833.3750,27.6481,604949.8750,1999.9000,
	2026/03/30 16:20:04	,	452972	,	1385	,10.1692,1999.9000,-1.2611,796.6317,594934.0000,27.6491,604820.6250,1999.9000,
	2026/03/30 16:20:04	,	453972	,	1386	,10.1700,1999.9000,-1.2634,796.7742,594951.3125,27.6499,604724.6250,1999.9000,
	2026/03/30 16:20:04	,	454972	,	1387	,10.1707,1999.9000,-1.2644,796.8931,594971.4375,27.6537,604638.1875,1999.9000,
	2026/03/30 16:20:04	,	455972	,	1388	,10.1715,1999.9000,-1.2650,796.8926,595228.9375,27.6583,604457.6250,1999.9000,
	2026/03/30 16:20:04	,	456972	,	1389	,10.1755,1999.9000,-1.2653,796.8923,595610.8750,27.6622,604293.3125,1999.9000,
	2026/03/30 16:20:04	,	457972	,	1390	,10.1762,1999.9000,-1.2657,796.8920,595610.8750,27.6655,604293.3125,1999.9000,
	2026/03/30 16:20:04	,	458972	,	1391	,10.1770,1999.9000,-1.2694,796.8917,595610.8750,27.6682,604293.3125,1999.9000,
	2026/03/30 16:20:04	,	459972	,	1392	,10.1778,1999.9000,-1.2740,796.8915,595610.8750,27.6720,604293.3125,1999.9000,
	2026/03/30 16:20:04	,	460972	,	1393	,10.1820,1999.9000,-1.2810,796.7919,595610.8750,27.6736,604293.3125,1999.9000,
	2026/03/30 16:20:04	,	461972	,	1394	,10.1825,1999.9000,-1.2891,796.7088,595606.3125,27.6749,604502.3125,1999.9000,
	2026/03/30 16:20:04	,	462972	,	1395	,10.1832,1999.9000,-1.2963,796.6396,595469.6250,27.6760,604631.5625,1999.9000,
	2026/03/30 16:20:04	,	463972	,	1396	,10.1840,1999.9000,-1.3030,796.5819,595439.5625,27.6770,604725.1875,1999.9000,
	2026/03/30 16:20:04	,	464972	,	1397	,10.1880,1999.9000,-1.3092,796.5338,595414.8125,27.6777,604809.1250,1999.9000,
	2026/03/30 16:20:04	,	465972	,	1398	,10.1887,1999.9000,-1.3166,796.2949,595206.9375,27.6784,604984.9375,1999.9000,
	2026/03/30 16:20:04	,	466972	,	1399	,10.1895,1999.9000,-1.3277,796.0957,594856.5625,27.6759,605262.7500,1999.9000,
	2026/03/30 16:20:04	,	467972	,	1400	,10.1903,1999.9000,-1.3373,795.9297,594822.9375,27.6692,605262.7500,1999.9000,
	2026/03/30 16:20:04	,	468972	,	1401	,10.1910,1999.9000,-1.3450,795.7915,594811.6875,27.6636,605262.7500,1999.9000,
	2026/03/30 16:20:04	,	469972	,	1402	,10.1955,1999.9000,-1.3515,795.6762,594806.0625,27.6590,605262.7500,1999.9000,
	2026/03/30 16:20:04	,	470972	,	1403	,10.1962,1999.9000,-1.3551,795.5802,594802.6875,27.6551,605262.7500,1999.9000,
	2026/03/30 16:20:04	,	471972	,	1404	,10.1970,1999.9000,-1.3557,795.5001,594800.4375,27.6519,605043.5000,1999.9000,
	2026/03/30 16:20:04	,	472972	,	1405	,10.1978,1999.9000,-1.3584,795.9308,594920.8750,27.6492,604885.2500,1999.9000,
	2026/03/30 16:20:04	,	473972	,	1406	,10.1986,1999.9000,-1.3584,796.2897,594950.1250,27.6470,604770.5000,1999.9000,
	2026/03/30 16:20:04	,	474972	,	1407	,10.2026,1999.9000,-1.3584,796.5887,594968.3750,27.6451,604680.5000,1999.9000,
	2026/03/30 16:20:04	,	475972	,	1408	,10.2033,1999.9000,-1.3585,796.8380,595142.5625,27.6436,604535.5625,1999.9000,
	2026/03/30 16:20:04	,	476972	,	1409	,10.2042,1999.9000,-1.3608,797.0457,595507.1875,27.6438,604245.5625,1999.9000,
	2026/03/30 16:20:04	,	477972	,	1410	,10.2050,1999.9000,-1.3609,797.2188,595653.7500,27.6440,604245.5625,1999.9000,
	2026/03/30 16:20:04	,	478972	,	1411	,10.2057,1999.9000,-1.3616,797.0646,595653.7500,27.6442,604245.5625,1999.9000,
	2026/03/30 16:20:04	,	479972	,	1412	,10.2105,1999.9000,-1.3619,796.8365,595653.7500,27.6473,604245.5625,1999.9000,
	2026/03/30 16:20:04	,	480972	,	1413	,10.2114,1999.9000,-1.3621,796.7461,595653.7500,27.6531,604245.5625,1999.9000,
	2026/03/30 16:20:04	,	481972	,	1414	,10.2121,1999.9000,-1.3621,796.7461,595653.7500,27.6578,604451.0000,1999.9000,
	2026/03/30 16:20:04	,	482972	,	1415	,10.2128,1999.9000,-1.3760,796.4255,595498.2500,27.6618,604588.6875,1999.9000,
	2026/03/30 16:20:04	,	483972	,	1416	,10.2136,1999.9000,-1.3820,796.4035,595459.1875,27.6621,604690.1250,1999.9000,
	2026/03/30 16:20:04	,	484972	,	1417	,10.2136,1999.9000,-1.3879,796.3852,595434.7500,27.6608,604782.5625,1999.9000,
	2026/03/30 16:20:04	,	485972	,	1418	,10.2193,1999.9000,-1.3943,796.6683,595302.8125,27.6566,604908.1875,1999.9000,
	2026/03/30 16:20:04	,	486972	,	1419	,10.2201,1999.9000,-1.4048,796.9043,595010.2500,27.6532,605206.6250,1999.9000,
	2026/03/30 16:20:04	,	487972	,	1420	,10.2209,1999.9000,-1.4156,797.1010,594709.4375,27.6533,605206.6250,1999.9000,
	2026/03/30 16:20:04	,	488972	,	1421	,10.2217,1999.9000,-1.4237,797.2648,594709.4375,27.6535,605206.6250,1999.9000,
	2026/03/30 16:20:04	,	489972	,	1422	,10.2260,1999.9000,-1.4302,797.2024,594709.4375,27.6536,605206.6250,1999.9000,
	2026/03/30 16:20:04	,	490972	,	1423	,10.2267,1999.9000,-1.4339,797.1505,594709.4375,27.6536,605206.6250,1999.9000,
	2026/03/30 16:20:04	,	491972	,	1424	,10.2274,1999.9000,-1.4343,797.1071,594709.4375,27.6583,605105.1250,1999.9000,
	2026/03/30 16:20:04	,	492972	,	1425	,10.2282,1999.9000,-1.4347,796.8720,594859.0000,27.6622,604927.5625,1999.9000,
	2026/03/30 16:20:04	,	493972	,	1426	,10.2289,1999.9000,-1.4372,796.6761,594897.1250,27.6655,604807.3125,1999.9000,
	2026/03/30 16:20:04	,	494972	,	1427	,10.2335,1999.9000,-1.4373,796.5129,594922.5625,27.6655,604716.7500,1999.9000,
	2026/03/30 16:20:04	,	495972	,	1428	,10.2343,1999.9000,-1.4374,796.1780,595043.0625,27.6697,604610.4375,1999.9000,
	2026/03/30 16:20:04	,	496972	,	1429	,10.2351,1999.9000,-1.4378,796.0978,595336.1875,27.6747,604356.7500,1999.9000,
	2026/03/30 16:20:04	,	497972	,	1430	,10.2359,1999.9000,-1.4380,796.0309,595701.4375,27.6790,604356.7500,1999.9000,
	2026/03/30 16:20:04	,	498972	,	1431	,10.2367,1999.9000,-1.4383,795.9752,595701.4375,27.6809,604356.7500,1999.9000,
	2026/03/30 16:20:04	,	499972	,	1432	,10.2412,1999.9000,-1.4411,795.9288,595701.4375,27.6812,604356.7500,1999.9000,
	2026/03/30 16:20:04	,	500972	,	1433	,10.2419,1999.9000,-1.4415,795.9896,595701.4375,27.6812,604356.7500,1999.9000,
	2026/03/30 16:20:04	,	501972	,	1434	,10.2427,1999.9000,-1.4480,796.0403,595701.4375,27.6813,604364.2500,1999.9000,
	2026/03/30 16:20:04	,	502972	,	1435	,10.2435,1999.9000,-1.4543,796.0826,595529.2500,27.6813,604580.2500,1999.9000,
	2026/03/30 16:20:04	,	503972	,	1436	,10.2443,1999.9000,-1.4601,796.1177,595433.3125,27.6814,604697.3750,1999.9000,
	2026/03/30 16:20:04	,	504972	,	1437	,10.2491,1999.9000,-1.4653,796.2465,595411.2500,27.6814,604789.8125,1999.9000,
	2026/03/30 16:20:04	,	505972	,	1438	,10.2499,1999.9000,-1.4702,796.4533,595390.0000,27.6815,604881.0000,1999.9000,
	2026/03/30 16:20:04	,	506972	,	1439	,10.2505,1999.9000,-1.4776,796.6256,595140.7500,27.6845,605127.4375,1999.9000,
	2026/03/30 16:20:04	,	507972	,	1440	,10.2512,1999.9000,-1.4872,796.7692,594767.1875,27.6871,605156.1250,1999.9000,
	2026/03/30 16:20:04	,	508972	,	1441	,10.2520,1999.9000,-1.4936,796.7895,594767.1875,27.6908,605165.6875,1999.9000,
	2026/03/30 16:20:04	,	509972	,	1442	,10.2565,1999.9000,-1.4936,796.5078,594767.1875,27.6954,605170.5000,1999.9000,
	2026/03/30 16:20:04	,	510972	,	1443	,10.2571,1999.9000,-1.4936,796.2731,594767.1875,27.6992,605173.3125,1999.9000,
	2026/03/30 16:20:04	,	511972	,	1444	,10.2580,1999.9000,-1.4936,796.4755,594767.1875,27.7023,605175.2500,1999.9000,
	2026/03/30 16:20:04	,	512972	,	1445	,10.2588,1999.9000,-1.4936,796.2463,594776.7500,27.7050,604972.1875,1999.9000,
	2026/03/30 16:20:04	,	513972	,	1446	,10.2596,1999.9000,-1.4935,795.8563,594925.6250,27.7057,604845.9375,1999.9000,
	2026/03/30 16:20:04	,	514972	,	1447	,10.2641,1999.9000,-1.4933,795.5313,594950.3750,27.7032,604745.6875,1999.9000,
	2026/03/30 16:20:04	,	515972	,	1448	,10.2649,1999.9000,-1.4930,795.3599,594969.1250,27.6996,604705.5625,1999.9000,
	2026/03/30 16:20:04	,	516972	,	1449	,10.2649,1999.9000,-1.4896,795.3165,595189.0625,27.6951,604464.8125,1999.9000,
	2026/03/30 16:20:04	,	517972	,	1450	,10.2662,1999.9000,-1.4851,795.1809,595570.3750,27.6898,604341.6250,1999.9000,
	2026/03/30 16:20:04	,	518972	,	1451	,10.2669,1999.9000,-1.4851,795.0679,595583.1875,27.6854,604341.6250,1999.9000,
	2026/03/30 16:20:04	,	519972	,	1452	,10.2713,1999.9000,-1.4851,794.9738,595587.4375,27.6787,604341.6250,1999.9000,
	2026/03/30 16:20:04	,	520972	,	1453	,10.2722,1999.9000,-1.4851,794.2985,595589.5625,27.6761,604341.6250,1999.9000,
	2026/03/30 16:20:04	,	521972	,	1454	,10.2722,1999.9000,-1.4851,793.6363,595590.8750,27.6740,604341.6250,1999.9000,
	2026/03/30 16:20:04	,	522972	,	1455	,10.2738,1999.9000,-1.4914,793.1838,595591.6875,27.6692,604539.1250,1999.9000,
	2026/03/30 16:20:04	,	523972	,	1456	,10.2738,1999.9000,-1.4972,792.6080,595458.9375,27.6652,604663.5625,1999.9000,
	2026/03/30 16:20:04	,	524972	,	1457	,10.2746,1999.9000,-1.5019,792.1281,595423.8125,27.6618,604767.4375,1999.9000,
	2026/03/30 16:20:04	,	525972	,	1458	,10.2791,1999.9000,-1.5049,791.7280,595404.5000,27.6621,604851.3750,1999.9000,
	2026/03/30 16:20:04	,	526972	,	1459	,10.2797,1999.9000,-1.5085,791.5938,595227.8125,27.6638,605054.9375,1999.9000,
	2026/03/30 16:20:04	,	527972	,	1460	,10.2804,1999.9000,-1.5155,792.2776,594887.5000,27.6653,605269.3750,1999.9000,
	2026/03/30 16:20:04	,	528972	,	1461	,10.2812,1999.9000,-1.5218,792.8474,594774.3750,27.6695,605269.3750,1999.9000,
	2026/03/30 16:20:04	,	529972	,	1462	,10.2819,1999.9000,-1.5242,793.3223,594774.3750,27.6731,605269.3750,1999.9000,
	2026/03/30 16:20:04	,	530972	,	1463	,10.2864,1999.9000,-1.5242,793.7180,594774.3750,27.6760,605269.3750,1999.9000,
	2026/03/30 16:20:04	,	531972	,	1464	,10.2873,1999.9000,-1.5242,794.1473,594774.3750,27.6785,605269.3750,1999.9000,
	2026/03/30 16:20:04	,	532972	,	1465	,10.2879,1999.9000,-1.5242,794.6045,594774.3750,27.6805,605269.3750,1999.9000,
	2026/03/30 16:20:04	,	533972	,	1466	,10.2886,1999.9000,-1.5242,794.9855,594903.6250,27.6777,605059.7500,1999.9000,
	2026/03/30 16:20:04	,	534972	,	1467	,10.2893,1999.9000,-1.5208,795.2036,594931.3125,27.6692,604920.8750,1999.9000,
	2026/03/30 16:20:04	,	535972	,	1468	,10.2940,1999.9000,-1.5177,795.2857,594949.3125,27.6621,604802.5000,1999.9000,
	2026/03/30 16:20:04	,	536972	,	1469	,10.2948,1999.9000,-1.5137,795.3542,595098.5000,27.6562,604713.1250,1999.9000,
	2026/03/30 16:20:04	,	537972	,	1470	,10.2954,1999.9000,-1.5059,795.5108,595441.0625,27.6512,604557.2500,1999.9000,
	2026/03/30 16:20:04	,	538972	,	1471	,10.2962,1999.9000,-1.4990,795.7407,595647.2500,27.6472,604307.8125,1999.9000,
	2026/03/30 16:20:04	,	539972	,	1472	,10.2968,1999.9000,-1.4938,795.9323,595647.2500,27.6422,604307.8125,1999.9000,
	2026/03/30 16:20:04	,	540972	,	1473	,10.3011,1999.9000,-1.4938,796.0920,595647.2500,27.6366,604307.8125,1999.9000,
	2026/03/30 16:20:04	,	541972	,	1474	,10.3019,1999.9000,-1.4938,796.2251,595647.2500,27.6334,604307.8125,1999.9000,
	2026/03/30 16:20:04	,	542972	,	1475	,10.3026,1999.9000,-1.4938,796.1370,595647.2500,27.6384,604307.8125,1999.9000,
	2026/03/30 16:20:04	,	543972	,	1476	,10.3034,1999.9000,-1.4938,796.0637,595487.5000,27.6441,604527.0625,1999.9000,
	2026/03/30 16:20:04	,	544972	,	1477	,10.3041,1999.9000,-1.4939,796.0025,595450.3125,27.6519,604653.9375,1999.9000,
	2026/03/30 16:20:04	,	545972	,	1478	,10.3086,1999.9000,-1.4941,795.9515,595368.3750,27.6538,604749.9375,1999.9000,
	2026/03/30 16:20:04	,	546972	,	1479	,10.3093,1999.9000,-1.4968,795.5112,595334.1250,27.6477,604838.1250,1999.9000,
	2026/03/30 16:20:04	,	547972	,	1480	,10.3101,1999.9000,-1.5017,795.1443,595019.8125,27.6427,604962.5625,1999.9000,
	2026/03/30 16:20:04	,	548972	,	1481	,10.3108,1999.9000,-1.5069,794.6395,594683.8125,27.6385,605258.5000,1999.9000,
	2026/03/30 16:20:04	,	549972	,	1482	,10.3116,1999.9000,-1.5069,794.2188,594683.8125,27.6350,605258.5000,1999.9000,
	2026/03/30 16:20:04	,	550972	,	1483	,10.3165,1999.9000,-1.5069,793.6693,594683.8125,27.6290,605258.5000,1999.9000,
	2026/03/30 16:20:04	,	551972	,	1484	,10.3170,1999.9000,-1.5069,793.2114,594683.8125,27.6241,605258.5000,1999.9000,
	2026/03/30 16:20:04	,	552972	,	1485	,10.3175,1999.9000,-1.5069,793.2114,594683.8125,27.6199,605258.5000,1999.9000,
	2026/03/30 16:20:04	,	553972	,	1486	,10.3182,1999.9000,-1.5028,792.7108,594847.6250,27.6165,605101.4375,1999.9000,
	2026/03/30 16:20:04	,	554972	,	1487	,10.3189,1999.9000,-1.4987,792.7108,594847.6250,27.6166,604941.3750,1999.9000,
	2026/03/30 16:20:04	,	555972	,	1488	,10.3230,1999.9000,-1.4948,792.8274,594958.4375,27.6168,604829.0625,1999.9000,
	2026/03/30 16:20:04	,	556972	,	1489	,10.3237,1999.9000,-1.4911,792.8274,594958.4375,27.6184,604729.4375,1999.9000,
	2026/03/30 16:20:04	,	557972	,	1490	,10.3245,1999.9000,-1.4845,793.3394,595312.3125,27.6229,604615.2500,1999.9000,
	2026/03/30 16:20:04	,	558972	,	1491	,10.3252,1999.9000,-1.4773,793.5333,595700.8750,27.6311,604350.1250,1999.9000,
	2026/03/30 16:20:04	,	559972	,	1492	,10.3260,1999.9000,-1.4731,793.8939,595700.8750,27.6396,604350.1250,1999.9000,
	2026/03/30 16:20:04	,	560972	,	1493	,10.3305,1999.9000,-1.4699,794.1944,595700.8750,27.6466,604350.1250,1999.9000,
	2026/03/30 16:20:04	,	561972	,	1494	,10.3311,1999.9000,-1.4696,794.1944,595700.8750,27.6524,604350.1250,1999.9000,
	2026/03/30 16:20:04	,	562972	,	1495	,10.3318,1999.9000,-1.4694,794.3716,595700.8750,27.6573,604350.1250,1999.9000,
	2026/03/30 16:20:04	,	563972	,	1496	,10.3326,1999.9000,-1.4694,794.3716,595700.8750,27.6614,604447.9375,1999.9000,
	2026/03/30 16:20:04	,	564972	,	1497	,10.3333,1999.9000,-1.4694,794.4930,595525.0625,27.6693,604615.2500,1999.9000,
	2026/03/30 16:20:04	,	565972	,	1498	,10.3377,1999.9000,-1.4693,794.5941,595410.0625,27.6760,604730.0000,1999.9000,
	2026/03/30 16:20:04	,	566972	,	1499	,10.3385,1999.9000,-1.4693,794.1810,595383.3125,27.6815,604826.0625,1999.9000,
	2026/03/30 16:20:04	,	567972	,	1500	,10.3393,1999.9000,-1.4693,794.3342,595364.6250,27.6861,604934.1250,1999.9000,
	2026/03/30 16:20:04	,	568972	,	1501	,10.3401,1999.9000,-1.4693,794.5613,595139.5625,27.6792,605200.5625,1999.9000,
	2026/03/30 16:20:04	,	569972	,	1502	,10.3408,1999.9000,-1.4693,794.7506,594777.3125,27.6735,605200.5625,1999.9000,
	2026/03/30 16:20:04	,	570972	,	1503	,10.3450,1999.9000,-1.4693,795.3062,594777.3125,27.6687,605200.5625,1999.9000,
	2026/03/30 16:20:04	,	571972	,	1504	,10.3455,1999.9000,-1.4693,796.0676,594777.3125,27.6724,605200.5625,1999.9000,
	2026/03/30 16:20:04	,	572972	,	1505	,10.3464,1999.9000,-1.4693,796.7021,594777.3125,27.6785,605200.5625,1999.9000,
	2026/03/30 16:20:04	,	573972	,	1506	,10.3471,1999.9000,-1.4670,797.2309,594777.3125,27.6806,605199.0000,1999.9000,
	2026/03/30 16:20:04	,	574972	,	1507	,10.3478,1999.9000,-1.4612,797.2736,594781.0000,27.6808,604993.9375,1999.9000,
	2026/03/30 16:20:04	,	575972	,	1508	,10.3522,1999.9000,-1.4558,797.3092,594910.7500,27.6809,604867.7500,1999.9000,
	2026/03/30 16:20:04	,	576972	,	1509	,10.3529,1999.9000,-1.4504,797.3389,594934.8750,27.6811,604772.9375,1999.9000,
	2026/03/30 16:20:04	,	577972	,	1510	,10.3535,1999.9000,-1.4452,797.2642,594956.0625,27.6812,604689.5625,1999.9000,
	2026/03/30 16:20:04	,	578972	,	1511	,10.3542,1999.9000,-1.4376,797.2018,595163.4375,27.6813,604469.1250,1999.9000,
	2026/03/30 16:20:04	,	579972	,	1512	,10.3550,1999.9000,-1.4278,797.0505,595537.0000,27.6813,604432.2500,1999.9000,
	2026/03/30 16:20:04	,	580972	,	1513	,10.3593,1999.9000,-1.4211,796.8248,595564.1250,27.6814,604419.9375,1999.9000,
	2026/03/30 16:20:04	,	581972	,	1514	,10.3600,1999.9000,-1.4211,796.5374,595573.1875,27.6814,604413.8125,1999.9000,
	2026/03/30 16:20:04	,	582972	,	1515	,10.3607,1999.9000,-1.4211,796.2977,595577.6875,27.6876,604410.1875,1999.9000,
	2026/03/30 16:20:04	,	583972	,	1516	,10.3614,1999.9000,-1.4211,796.0981,595580.3750,27.6927,604407.6875,1999.9000,
	2026/03/30 16:20:04	,	584972	,	1517	,10.3621,1999.9000,-1.4211,795.9317,595582.1250,27.6969,604590.5000,1999.9000,
	2026/03/30 16:20:04	,	585972	,	1518	,10.3663,1999.9000,-1.4214,795.7930,595450.6250,27.7005,604714.8750,1999.9000,
	2026/03/30 16:20:04	,	586972	,	1519	,10.3671,1999.9000,-1.4265,795.6775,595417.8125,27.7034,604818.8125,1999.9000,
	2026/03/30 16:20:04	,	587972	,	1520	,10.3678,1999.9000,-1.4299,795.5812,595396.0000,27.7029,604859.0000,1999.9000,
	2026/03/30 16:20:04	,	588972	,	1521	,10.3684,1999.9000,-1.4350,795.5010,595233.6875,27.7024,605111.1875,1999.9000,
	2026/03/30 16:20:04	,	589972	,	1522	,10.3690,1999.9000,-1.4436,795.4341,594906.0000,27.6944,605266.3750,1999.9000,
	2026/03/30 16:20:04	,	590972	,	1523	,10.3731,1999.9000,-1.4501,794.9805,594722.5000,27.6846,605266.3750,1999.9000,
	2026/03/30 16:20:04	,	591972	,	1524	,10.3739,1999.9000,-1.4502,794.6025,594722.5000,27.6765,605266.3750,1999.9000,
	2026/03/30 16:20:04	,	592972	,	1525	,10.3746,1999.9000,-1.4503,794.7850,594722.5000,27.6697,605266.3750,1999.9000,
	2026/03/30 16:20:04	,	593972	,	1526	,10.3753,1999.9000,-1.4503,795.3348,594722.5000,27.6641,605266.3750,1999.9000,
	2026/03/30 16:20:04	,	594972	,	1527	,10.3760,1999.9000,-1.4503,795.7930,594722.5000,27.6609,605057.3750,1999.9000,
	2026/03/30 16:20:04	,	595972	,	1528	,10.3803,1999.9000,-1.4503,796.1749,594857.7500,27.6598,604923.8750,1999.9000,
	2026/03/30 16:20:04	,	596972	,	1529	,10.3808,1999.9000,-1.4464,796.4931,594889.6250,27.6588,604820.6250,1999.9000,
	2026/03/30 16:20:04	,	597972	,	1530	,10.3815,1999.9000,-1.4427,796.3604,594912.1250,27.6581,604730.6250,1999.9000,
	2026/03/30 16:20:04	,	598972	,	1531	,10.3822,1999.9000,-1.4377,796.2498,595060.3125,27.6666,604562.6875,1999.9000,
	2026/03/30 16:20:04	,	599972	,	1532	,10.3828,1999.9000,-1.4285,796.1576,595395.1875,27.6752,604342.8750,1999.9000,
	2026/03/30 16:20:04	,	600972	,	1533	,10.3834,1999.9000,-1.4202,796.0808,595659.7500,27.6824,604342.8750,1999.9000,
	2026/03/30 16:20:04	,	601972	,	1534	,10.3880,1999.9000,-1.4137,795.9174,595659.7500,27.6884,604342.8750,1999.9000,
	2026/03/30 16:20:04	,	602972	,	1535	,10.3888,1999.9000,-1.4087,795.6816,595659.7500,27.6933,604342.8750,1999.9000,
	2026/03/30 16:20:04	,	603972	,	1536	,10.3895,1999.9000,-1.4079,795.3857,595659.7500,27.6975,604342.8750,1999.9000,
	2026/03/30 16:20:04	,	604972	,	1537	,10.3901,1999.9000,-1.4076,795.0397,595659.7500,27.6994,604550.0000,1999.9000,
	2026/03/30 16:20:04	,	605972	,	1538	,10.3908,1999.9000,-1.4074,794.7513,595498.2500,27.6995,604681.0625,1999.9000,
	2026/03/30 16:20:04	,	606972	,	1539	,10.3949,1999.9000,-1.4074,794.7099,595417.2500,27.6980,604778.9375,1999.9000,
	2026/03/30 16:20:04	,	607972	,	1540	,10.3956,1999.9000,-1.4073,794.7750,595398.8125,27.6953,604815.7500,1999.9000,
	2026/03/30 16:20:04	,	608972	,	1541	,10.3963,1999.9000,-1.4073,794.9286,595314.7500,27.6915,605003.6250,1999.9000,
	2026/03/30 16:20:04	,	609972	,	1542	,10.3969,1999.9000,-1.4073,795.2556,595052.6250,27.6884,605314.0625,1999.9000,
	2026/03/30 16:20:04	,	610972	,	1543	,10.3976,1999.9000,-1.4073,795.5280,594690.3125,27.6857,605314.0625,1999.9000,
	2026/03/30 16:20:04	,	611972	,	1544	,10.4016,1999.9000,-1.4074,795.7551,594690.3125,27.6835,605314.0625,1999.9000,
	2026/03/30 16:20:04	,	612972	,	1545	,10.4022,1999.9000,-1.4074,795.9443,594690.3125,27.6816,605314.0625,1999.9000,
	2026/03/30 16:20:04	,	613972	,	1546	,10.4027,1999.9000,-1.4074,796.1019,594690.3125,27.6801,605314.0625,1999.9000,
	2026/03/30 16:20:04	,	614972	,	1547	,10.4033,1999.9000,-1.4049,796.0344,594690.3125,27.6789,605100.8750,1999.9000,
	2026/03/30 16:20:04	,	615972	,	1548	,10.4040,1999.9000,-1.3994,795.9781,594845.8750,27.6778,604948.0625,1999.9000,
	2026/03/30 16:20:04	,	616972	,	1549	,10.4083,1999.9000,-1.3945,795.9313,594941.7500,27.6769,604837.5625,1999.9000,
	2026/03/30 16:20:04	,	617972	,	1550	,10.4088,1999.9000,-1.3900,795.7927,594956.1250,27.6762,604751.1250,1999.9000,
	2026/03/30 16:20:04	,	618972	,	1551	,10.4094,1999.9000,-1.3851,795.2794,594978.9375,27.6786,604631.5625,1999.9000,
	2026/03/30 16:20:04	,	619972	,	1552	,10.4099,1999.9000,-1.3760,794.8516,595264.6875,27.6807,604355.5625,1999.9000,
	2026/03/30 16:20:04	,	620972	,	1553	,10.4104,1999.9000,-1.3657,794.3956,595647.8125,27.6762,604355.5625,1999.9000,
	2026/03/30 16:20:04	,	621972	,	1554	,10.4110,1999.9000,-1.3576,794.0156,595647.8125,27.6710,604355.5625,1999.9000,
	2026/03/30 16:20:04	,	622972	,	1555	,10.4117,1999.9000,-1.3509,793.7984,595647.8125,27.6710,604355.5625,1999.9000,
	2026/03/30 16:20:04	,	623972	,	1556	,10.4162,1999.9000,-1.3471,793.6174,595647.8125,27.6667,604355.5625,1999.9000,
	2026/03/30 16:20:04	,	624972	,	1557	,10.4171,1999.9000,-1.3468,793.4667,595647.8125,27.6646,604501.6875,1999.9000,
	2026/03/30 16:20:04	,	625972	,	1558	,10.4178,1999.9000,-1.3466,793.3409,595540.5625,27.6628,604656.9375,1999.9000,
	2026/03/30 16:20:04	,	626972	,	1559	,10.4184,1999.9000,-1.3465,793.4352,595430.3125,27.6614,604767.4375,1999.9000,
	2026/03/30 16:20:04	,	627972	,	1560	,10.4190,1999.9000,-1.3464,793.5137,595405.8750,27.6602,604861.1250,1999.9000,
	2026/03/30 16:20:04	,	628972	,	1561	,10.4196,1999.9000,-1.3464,793.7781,595383.0625,27.6592,604981.8750,1999.9000,
	2026/03/30 16:20:04	,	629972	,	1562	,10.4242,1999.9000,-1.3462,794.2968,595157.4375,27.6583,605260.8750,1999.9000,
	2026/03/30 16:20:04	,	630972	,	1563	,10.4247,1999.9000,-1.3460,794.8286,594794.0000,27.6561,605260.8750,1999.9000,
	2026/03/30 16:20:04	,	631972	,	1564	,10.4252,1999.9000,-1.3458,795.2716,594786.5625,27.6558,605260.8750,1999.9000,
	2026/03/30 16:20:04	,	632972	,	1565	,10.4257,1999.9000,-1.3456,795.6409,594784.1250,27.6555,605260.8750,1999.9000,
	2026/03/30 16:20:04	,	633972	,	1566	,10.4263,1999.9000,-1.3455,795.8491,594782.8125,27.6553,605260.8750,1999.9000,
	2026/03/30 16:20:04	,	634972	,	1567	,10.4269,1999.9000,-1.3379,795.7243,594782.1250,27.6566,605248.4375,1999.9000,
	2026/03/30 16:20:04	,	635972	,	1568	,10.4311,1999.9000,-1.3302,795.6202,594781.6250,27.6669,605007.2500,1999.9000,
	2026/03/30 16:20:04	,	636972	,	1569	,10.4317,1999.9000,-1.3228,795.4340,594898.8750,27.6770,604889.5000,1999.9000,
	2026/03/30 16:20:04	,	637972	,	1570	,10.4323,1999.9000,-1.3153,795.2788,594925.9375,27.6839,604784.3750,1999.9000,
	2026/03/30 16:20:04	,	638972	,	1571	,10.4329,1999.9000,-1.3080,795.1495,594949.3125,27.6896,604679.8750,1999.9000,
	2026/03/30 16:20:04	,	639972	,	1572	,10.4334,1999.9000,-1.2981,795.0417,595157.4375,27.6944,604425.0000,1999.9000,
	2026/03/30 16:20:04	,	640972	,	1573	,10.4340,1999.9000,-1.2856,794.9520,595532.2500,27.6983,604425.0000,1999.9000,
	2026/03/30 16:20:04	,	641972	,	1574	,10.4381,1999.9000,-1.2757,794.8772,595568.3125,27.6971,604425.0000,1999.9000,
	2026/03/30 16:20:04	,	642972	,	1575	,10.4387,1999.9000,-1.2674,794.3175,595580.3125,27.6900,604425.0000,1999.9000,
	2026/03/30 16:20:04	,	643972	,	1576	,10.4392,1999.9000,-1.2608,793.8511,595586.3125,27.6840,604425.0000,1999.9000,
	2026/03/30 16:20:04	,	644972	,	1577	,10.4398,1999.9000,-1.2573,793.9597,595589.9375,27.6791,604425.5000,1999.9000,
	2026/03/30 16:20:04	,	645972	,	1578	,10.4403,1999.9000,-1.2550,794.0502,595592.3750,27.6749,604603.7500,1999.9000,
	2026/03/30 16:20:04	,	646972	,	1579	,10.4409,1999.9000,-1.2526,794.1257,595460.1250,27.6714,604728.1875,1999.9000,
	2026/03/30 16:20:04	,	647972	,	1580	,10.4415,1999.9000,-1.2502,794.1886,595427.9375,27.6655,604833.8750,1999.9000,
	2026/03/30 16:20:04	,	648972	,	1581	,10.4460,1999.9000,-1.2500,794.2410,595405.5000,27.6651,604922.0625,1999.9000,
	2026/03/30 16:20:04	,	649972	,	1582	,10.4466,1999.9000,-1.2497,794.2847,595261.6875,27.6648,605145.5625,1999.9000,
	2026/03/30 16:20:04	,	650972	,	1583	,10.4470,1999.9000,-1.2494,794.4205,594951.8750,27.6722,605185.6875,1999.9000,
	2026/03/30 16:20:04	,	651972	,	1584	,10.4474,1999.9000,-1.2490,794.5338,594725.5000,27.6784,605199.1250,1999.9000,
	2026/03/30 16:20:04	,	652972	,	1585	,10.4479,1999.9000,-1.2467,794.5287,594725.5000,27.6835,605205.8750,1999.9000,
	2026/03/30 16:20:04	,	653972	,	1586	,10.4485,1999.9000,-1.2442,794.2260,594725.5000,27.6832,605209.8125,1999.9000,
	2026/03/30 16:20:04	,	654972	,	1587	,10.4491,1999.9000,-1.2360,793.9738,594725.5000,27.6829,605212.5000,1999.9000,
	2026/03/30 16:20:04	,	655972	,	1588	,10.4532,1999.9000,-1.2253,793.7635,594725.5000,27.6827,605018.6875,1999.9000,
	2026/03/30 16:20:04	,	656972	,	1589	,10.4536,1999.9000,-1.2150,793.5884,594867.2500,27.6826,604891.3125,1999.9000,
	2026/03/30 16:20:04	,	657972	,	1590	,10.4542,1999.9000,-1.2055,793.4424,594899.5000,27.6824,604786.1875,1999.9000,
	2026/03/30 16:20:04	,	658972	,	1591	,10.4549,1999.9000,-1.1971,793.3208,594920.1250,27.6823,604703.4375,1999.9000,
	2026/03/30 16:20:04	,	659972	,	1592	,10.4555,1999.9000,-1.1880,793.2194,595037.1250,27.6822,604521.6250,1999.9000,
	2026/03/30 16:20:04	,	660972	,	1593	,10.4559,1999.9000,-1.1754,793.1349,595346.3125,27.6805,604369.3750,1999.9000,
	2026/03/30 16:20:04	,	661972	,	1594	,10.4565,1999.9000,-1.1643,793.0645,595665.1250,27.6792,604369.3750,1999.9000,
	2026/03/30 16:20:04	,	662972	,	1595	,10.4572,1999.9000,-1.1547,793.4037,595665.1250,27.6781,604369.3750,1999.9000,
	2026/03/30 16:20:04	,	663972	,	1596	,10.4615,1999.9000,-1.1463,793.7859,595665.1250,27.6787,604369.3750,1999.9000,
	2026/03/30 16:20:04	,	664972	,	1597	,10.4621,1999.9000,-1.1401,794.1044,595665.1250,27.6792,604369.3750,1999.9000,
	2026/03/30 16:20:04	,	665972	,	1598	,10.4627,1999.9000,-1.1360,794.3698,595665.1250,27.6780,604564.5625,1999.9000,
	2026/03/30 16:20:04	,	666972	,	1599	,10.4631,1999.9000,-1.1316,794.7899,595491.6875,27.6802,604683.5000,1999.9000,
	2026/03/30 16:20:04	,	667972	,	1600	,10.4636,1999.9000,-1.1276,795.1400,595396.9375,27.6850,604792.1875,1999.9000,
	2026/03/30 16:20:04	,	668972	,	1601	,10.4641,1999.9000,-1.1239,795.4317,595380.8750,27.6890,604894.3125,1999.9000,
	2026/03/30 16:20:04	,	669972	,	1602	,10.4647,1999.9000,-1.1233,795.9732,595357.8750,27.6923,605074.9375,1999.9000,
	2026/03/30 16:20:04	,	670972	,	1603	,10.4688,1999.9000,-1.1230,796.4245,595067.5000,27.6936,605335.8125,1999.9000,
	2026/03/30 16:20:04	,	671972	,	1604	,10.4691,1999.9000,-1.1226,796.7011,594702.8125,27.6947,605335.8125,1999.9000,
	2026/03/30 16:20:04	,	672972	,	1605	,10.4694,1999.9000,-1.1222,796.8322,594702.8125,27.6955,605335.8125,1999.9000,
	2026/03/30 16:20:04	,	673972	,	1606	,10.4699,1999.9000,-1.1174,796.9413,594702.8125,27.6963,605335.8125,1999.9000,
	2026/03/30 16:20:04	,	674972	,	1607	,10.4704,1999.9000,-1.1111,797.0323,594702.8125,27.6969,605335.8125,1999.9000,
	2026/03/30 16:20:04	,	675972	,	1608	,10.4709,1999.9000,-1.1019,797.1082,594702.8125,27.6913,605103.8750,1999.9000,
	2026/03/30 16:20:04	,	676972	,	1609	,10.4714,1999.9000,-1.0928,796.8730,594807.1250,27.6866,604961.9375,1999.9000,
	2026/03/30 16:20:04	,	677972	,	1610	,10.4721,1999.9000,-1.0837,796.5775,594897.1250,27.6827,604861.1250,1999.9000,
	2026/03/30 16:20:04	,	678972	,	1611	,10.4761,1999.9000,-1.0745,796.3311,594917.6875,27.6795,604766.2500,1999.9000,
	2026/03/30 16:20:04	,	679972	,	1612	,10.4765,1999.9000,-1.0650,795.9269,594938.9375,27.6768,604623.1250,1999.9000,
	2026/03/30 16:20:04	,	680972	,	1613	,10.4769,1999.9000,-1.0518,795.4907,595208.0625,27.6730,604623.1250,1999.9000,
	2026/03/30 16:20:04	,	681972	,	1614	,10.4774,1999.9000,-1.0382,795.0276,595599.5000,27.6668,604327.1875,1999.9000,
	2026/03/30 16:20:04	,	682972	,	1615	,10.4778,1999.9000,-1.0272,794.4429,595599.5000,27.6617,604327.1875,1999.9000,
	2026/03/30 16:20:04	,	683972	,	1616	,10.4782,1999.9000,-1.0174,793.9554,595599.5000,27.6604,604327.1875,1999.9000,
	2026/03/30 16:20:04	,	684972	,	1617	,10.4787,1999.9000,-1.0099,793.5494,595599.5000,27.6594,604327.1875,1999.9000,
	2026/03/30 16:20:04	,	685972	,	1618	,10.4792,1999.9000,-1.0053,793.2109,595599.5000,27.6585,604327.1875,1999.9000,
	2026/03/30 16:20:04	,	686972	,	1619	,10.4798,1999.9000,-1.0013,793.5258,595589.3750,27.6578,604537.3125,1999.9000,
	2026/03/30 16:20:04	,	687972	,	1620	,10.4840,1999.9000,-0.9969,793.8876,595416.0625,27.6573,604691.3125,1999.9000,
	2026/03/30 16:20:04	,	688972	,	1621	,10.4843,1999.9000,-0.9924,794.1891,595391.6250,27.6644,604793.4375,1999.9000,
	2026/03/30 16:20:04	,	689972	,	1622	,10.4847,1999.9000,-0.9882,794.4404,595372.1250,27.6703,604833.2500,1999.9000,
	2026/03/30 16:20:04	,	690972	,	1623	,10.4853,1999.9000,-0.9881,794.6497,595181.8750,27.6753,604997.6250,1999.9000,
	2026/03/30 16:20:04	,	691972	,	1624	,10.4857,1999.9000,-0.9879,794.8242,594829.7500,27.6794,605297.1250,1999.9000,
	2026/03/30 16:20:04	,	692972	,	1625	,10.4861,1999.9000,-0.9874,794.7707,594798.4375,27.6751,605297.1250,1999.9000,
	2026/03/30 16:20:04	,	693972	,	1626	,10.4866,1999.9000,-0.9822,794.7261,594788.0000,27.6670,605297.1250,1999.9000,
	2026/03/30 16:20:04	,	694972	,	1627	,10.4872,1999.9000,-0.9757,794.6888,594782.8125,27.6603,605297.1250,1999.9000,
	2026/03/30 16:20:04	,	695972	,	1628	,10.4877,1999.9000,-0.9655,794.6580,594779.6250,27.6547,605297.1250,1999.9000,
	2026/03/30 16:20:04	,	696972	,	1629	,10.4884,1999.9000,-0.9547,794.4332,594777.5625,27.6500,605184.8125,1999.9000,
	2026/03/30 16:20:04	,	697972	,	1630	,10.4890,1999.9000,-0.9450,794.2459,594880.3750,27.6461,605010.8750,1999.9000,
	2026/03/30 16:20:04	,	698972	,	1631	,10.4896,1999.9000,-0.9359,794.0898,594908.3750,27.6429,604806.1250,1999.9000,
	2026/03/30 16:20:04	,	699972	,	1632	,10.4896,1999.9000,-0.9268,793.9597,594927.6875,27.6478,604806.1250,1999.9000,
	2026/03/30 16:20:04	,	700972	,	1633	,10.4938,1999.9000,-0.9149,794.0502,595099.6875,27.6535,604696.1875,1999.9000,
	2026/03/30 16:20:04	,	701972	,	1634	,10.4945,1999.9000,-0.9004,794.9215,595453.0000,27.6581,604435.2500,1999.9000,
	2026/03/30 16:20:04	,	702972	,	1635	,10.4948,1999.9000,-0.8886,795.6476,595603.7500,27.6621,604435.2500,1999.9000,
	2026/03/30 16:20:04	,	703972	,	1636	,10.4951,1999.9000,-0.8784,795.5563,595603.7500,27.6638,604435.2500,1999.9000,
	2026/03/30 16:20:04	,	704972	,	1637	,10.4955,1999.9000,-0.8702,795.4802,595603.7500,27.6607,604435.2500,1999.9000,
	2026/03/30 16:20:04	,	705972	,	1638	,10.4960,1999.9000,-0.8646,795.4168,595603.7500,27.6566,604435.2500,1999.9000,
	2026/03/30 16:20:04	,	706972	,	1639	,10.4965,1999.9000,-0.8600,795.3640,595603.7500,27.6531,604442.1250,1999.9000,
	2026/03/30 16:20:04	,	707972	,	1640	,10.4971,1999.9000,-0.8550,795.3199,595472.6250,27.6518,604649.6875,1999.9000,
	2026/03/30 16:20:04	,	708972	,	1641	,10.4977,1999.9000,-0.8501,795.2833,595436.2500,27.6506,604765.0625,1999.9000,
	2026/03/30 16:20:04	,	709972	,	1642	,10.4982,1999.9000,-0.8453,795.1532,595410.1875,27.6497,604868.3750,1999.9000,
	2026/03/30 16:20:04	,	710972	,	1643	,10.4988,1999.9000,-0.8449,794.9454,595258.6875,27.6489,604967.3750,1999.9000,
	2026/03/30 16:20:04	,	711972	,	1644	,10.5031,1999.9000,-0.8447,794.7722,594962.0000,27.6528,605226.5000,1999.9000,
	2026/03/30 16:20:04	,	712972	,	1645	,10.5031,1999.9000,-0.8443,794.6279,594683.8125,27.6576,605230.7500,1999.9000,
	2026/03/30 16:20:04	,	713972	,	1646	,10.5035,1999.9000,-0.8439,794.5076,594683.8125,27.6617,605232.1250,1999.9000,
	2026/03/30 16:20:04	,	714972	,	1647	,10.5038,1999.9000,-0.8391,794.4074,594683.8125,27.6650,605232.8125,1999.9000,
	2026/03/30 16:20:04	,	715972	,	1648	,10.5041,1999.9000,-0.8319,794.3239,594683.8125,27.6678,605233.2500,1999.9000,
	2026/03/30 16:20:04	,	716972	,	1649	,10.5044,1999.9000,-0.8226,794.2543,594683.8125,27.6686,605233.5000,1999.9000,
	2026/03/30 16:20:04	,	717972	,	1650	,10.5048,1999.9000,-0.8136,794.1962,594838.1250,27.6707,605030.8125,1999.9000,
	2026/03/30 16:20:04	,	718972	,	1651	,10.5051,1999.9000,-0.8044,794.1479,594927.5000,27.6726,604908.1875,1999.9000,
	2026/03/30 16:20:04	,	719972	,	1652	,10.5055,1999.9000,-0.7955,794.1077,594945.0625,27.6756,604809.6875,1999.9000,
	2026/03/30 16:20:04	,	720972	,	1653	,10.5059,1999.9000,-0.7852,794.0740,595041.8750,27.6781,604722.7500,1999.9000,
	2026/03/30 16:20:04	,	721972	,	1654	,10.5064,1999.9000,-0.7716,794.0461,595326.6875,27.6772,604513.1875,1999.9000,
	2026/03/30 16:20:04	,	722972	,	1655	,10.5069,1999.9000,-0.7597,793.9233,595683.5625,27.6764,604404.5000,1999.9000,
	2026/03/30 16:20:04	,	723972	,	1656	,10.5075,1999.9000,-0.7498,793.9205,595683.5625,27.6757,604404.5000,1999.9000,
	2026/03/30 16:20:04	,	724972	,	1657	,10.5080,1999.9000,-0.7413,793.9181,595683.5625,27.6752,604404.5000,1999.9000,
	2026/03/30 16:20:04	,	725972	,	1658	,10.5086,1999.9000,-0.7356,794.1151,595683.5625,27.6778,604404.5000,1999.9000,
	2026/03/30 16:20:04	,	726972	,	1659	,10.5091,1999.9000,-0.7320,794.2792,595683.5625,27.6769,604404.5000,1999.9000,
	2026/03/30 16:20:04	,	727972	,	1660	,10.5096,1999.9000,-0.7282,794.6150,595512.5625,27.6700,604594.7500,1999.9000,
	2026/03/30 16:20:04	,	728972	,	1661	,10.5102,1999.9000,-0.7247,794.9942,595413.0625,27.6644,604724.6250,1999.9000,
	2026/03/30 16:20:04	,	729972	,	1662	,10.5108,1999.9000,-0.7209,795.3102,595386.8125,27.6596,604843.0000,1999.9000,
	2026/03/30 16:20:04	,	730972	,	1663	,10.5114,1999.9000,-0.7204,795.5735,595361.1875,27.6587,604931.7500,1999.9000,
	2026/03/30 16:20:04	,	731972	,	1664	,10.5119,1999.9000,-0.7200,795.7930,595096.6875,27.6641,605108.6875,1999.9000,
	2026/03/30 16:20:04	,	732972	,	1665	,10.5126,1999.9000,-0.7196,795.9759,594732.6250,27.6700,605311.0625,1999.9000,
	2026/03/30 16:20:04	,	733972	,	1666	,10.5132,1999.9000,-0.7193,796.0289,594732.6250,27.6750,605311.0625,1999.9000,
	2026/03/30 16:20:04	,	734972	,	1667	,10.5138,1999.9000,-0.7193,795.8741,594732.6250,27.6777,605311.0625,1999.9000,
	2026/03/30 16:20:04	,	735972	,	1668	,10.5143,1999.9000,-0.7090,795.7451,594732.6250,27.6814,605311.0625,1999.9000,
	2026/03/30 16:20:04	,	736972	,	1669	,10.5148,1999.9000,-0.7090,795.6376,594732.6250,27.6845,605311.0625,1999.9000,
	2026/03/30 16:20:04	,	737972	,	1670	,10.5153,1999.9000,-0.6904,795.5480,594745.6875,27.6871,605099.6875,1999.9000,
	2026/03/30 16:20:04	,	738972	,	1671	,10.5159,1999.9000,-0.6904,795.4733,594910.2500,27.6877,604952.8750,1999.9000,
	2026/03/30 16:20:04	,	739972	,	1672	,10.5164,1999.9000,-0.6815,795.3116,594932.5625,27.6882,604841.7500,1999.9000,
	2026/03/30 16:20:04	,	740972	,	1673	,10.5170,1999.9000,-0.6732,795.3116,594932.5625,27.6825,604750.5000,1999.9000,
	2026/03/30 16:20:04	,	741972	,	1674	,10.5175,1999.9000,-0.6649,795.0646,595195.5625,27.6778,604588.6875,1999.9000,
	2026/03/30 16:20:04	,	742972	,	1675	,10.5181,1999.9000,-0.6415,794.9710,595586.4375,27.6738,604363.3750,1999.9000,
	2026/03/30 16:20:04	,	743972	,	1676	,10.5186,1999.9000,-0.6322,794.8930,595586.4375,27.6706,604363.3750,1999.9000,
	2026/03/30 16:20:04	,	744972	,	1677	,10.5191,1999.9000,-0.6239,795.4249,595586.4375,27.6678,604363.3750,1999.9000,
	2026/03/30 16:20:04	,	745972	,	1678	,10.5195,1999.9000,-0.6239,795.8680,595586.4375,27.6678,604363.3750,1999.9000,
	2026/03/30 16:20:04	,	746972	,	1679	,10.5200,1999.9000,-0.6182,795.8395,595586.4375,27.6656,604363.3750,1999.9000,
	2026/03/30 16:20:04	,	747972	,	1680	,10.5205,1999.9000,-0.6155,795.6167,595582.0000,27.6637,604582.0625,1999.9000,
	2026/03/30 16:20:04	,	748972	,	1681	,10.5210,1999.9000,-0.6134,795.6301,595434.5000,27.6621,604716.7500,1999.9000,
	2026/03/30 16:20:04	,	749972	,	1682	,10.5215,1999.9000,-0.6111,796.0391,595402.5625,27.6608,604814.0000,1999.9000,
	2026/03/30 16:20:04	,	750972	,	1683	,10.5220,1999.9000,-0.6082,796.3799,595381.8125,27.6628,604852.9375,1999.9000,
	2026/03/30 16:20:04	,	751972	,	1684	,10.5225,1999.9000,-0.6049,796.6639,595201.5625,27.6644,605027.1875,1999.9000,
	2026/03/30 16:20:04	,	752972	,	1685	,10.5230,1999.9000,-0.6048,796.5027,594858.3750,27.6673,605325.5625,1999.9000,
	2026/03/30 16:20:04	,	753972	,	1686	,10.5234,1999.9000,-0.6046,796.3684,594731.4375,27.6697,605325.5625,1999.9000,
	2026/03/30 16:20:04	,	754972	,	1687	,10.5238,1999.9000,-0.6043,796.6544,594731.4375,27.6702,605325.5625,1999.9000,
	2026/03/30 16:20:04	,	755972	,	1688	,10.5242,1999.9000,-0.6010,796.8926,594731.4375,27.6705,605325.5625,1999.9000,
	2026/03/30 16:20:04	,	756972	,	1689	,10.5245,1999.9000,-0.5964,797.0912,594731.4375,27.6693,605325.5625,1999.9000,
	2026/03/30 16:20:04	,	757972	,	1690	,10.5249,1999.9000,-0.5883,796.8588,594731.4375,27.6683,605139.5625,1999.9000,
	2026/03/30 16:20:04	,	758972	,	1691	,10.5254,1999.9000,-0.5793,796.4661,594873.2500,27.6675,604980.0625,1999.9000,
	2026/03/30 16:20:04	,	759972	,	1692	,10.5259,1999.9000,-0.5705,795.9401,594910.8125,27.6668,604870.7500,1999.9000,
	2026/03/30 16:20:04	,	760972	,	1693	,10.5263,1999.9000,-0.5618,795.4022,594931.2500,27.6662,604782.5625,1999.9000,
	2026/03/30 16:20:04	,	761972	,	1694	,10.5267,1999.9000,-0.5536,795.0533,595084.1875,27.6657,604667.1875,1999.9000,
	2026/03/30 16:20:04	,	762972	,	1695	,10.5271,1999.9000,-0.5429,794.7626,595417.8125,27.6654,604403.8750,1999.9000,
	2026/03/30 16:20:04	,	763972	,	1696	,10.5274,1999.9000,-0.5304,794.5204,595618.6250,27.6757,604403.8750,1999.9000,
	2026/03/30 16:20:04	,	764972	,	1697	,10.5277,1999.9000,-0.5203,794.3186,595618.6250,27.6844,604403.8750,1999.9000,
	2026/03/30 16:20:04	,	765972	,	1698	,10.5281,1999.9000,-0.5112,794.5483,595618.6250,27.6915,604403.8750,1999.9000,
	2026/03/30 16:20:04	,	766972	,	1699	,10.5285,1999.9000,-0.5043,794.8392,595618.6250,27.6975,604403.8750,1999.9000,
	2026/03/30 16:20:04	,	767972	,	1700	,10.5289,1999.9000,-0.5006,794.8392,595618.6250,27.7040,604498.0625,1999.9000,
	2026/03/30 16:20:04	,	768972	,	1701	,10.5292,1999.9000,-0.4996,795.4794,595456.5625,27.7079,604658.7500,1999.9000,
	2026/03/30 16:20:04	,	769972	,	1702	,10.5296,1999.9000,-0.4965,796.1125,595373.1250,27.7066,604763.2500,1999.9000,
	2026/03/30 16:20:04	,	770972	,	1703	,10.5299,1999.9000,-0.4963,796.6400,595359.1250,27.7040,604855.6875,1999.9000,
	2026/03/30 16:20:04	,	771972	,	1704	,10.5301,1999.9000,-0.4960,797.0797,595277.8125,27.6972,604971.6250,1999.9000,
	2026/03/30 16:20:04	,	772972	,	1705	,10.5304,1999.9000,-0.4957,797.4460,595001.3750,27.6915,605241.6250,1999.9000,
	2026/03/30 16:20:04	,	773972	,	1706	,10.5307,1999.9000,-0.4955,797.7513,594674.8125,27.6914,605241.6250,1999.9000,
	2026/03/30 16:20:04	,	774972	,	1707	,10.5310,1999.9000,-0.4924,797.9063,594674.8125,27.6913,605241.6250,1999.9000,
	2026/03/30 16:20:04	,	775972	,	1708	,10.5314,1999.9000,-0.4924,798.1349,594674.8125,27.6928,605241.6250,1999.9000,
	2026/03/30 16:20:04	,	776972	,	1709	,10.5317,1999.9000,-0.4923,798.2260,594674.8125,27.6940,605241.6250,1999.9000,
	2026/03/30 16:20:04	,	777972	,	1710	,10.5320,1999.9000,-0.4858,798.1028,594674.8125,27.6934,605239.1875,1999.9000,
	2026/03/30 16:20:04	,	778972	,	1711	,10.5322,1999.9000,-0.4778,798.0003,594835.1250,27.6930,605044.1250,1999.9000,
	2026/03/30 16:20:04	,	779972	,	1712	,10.5325,1999.9000,-0.4703,797.6164,594915.5000,27.6926,604923.8750,1999.9000,
	2026/03/30 16:20:04	,	780972	,	1713	,10.5327,1999.9000,-0.4633,797.1970,594932.1875,27.6923,604817.0000,1999.9000,
	2026/03/30 16:20:04	,	781972	,	1714	,10.5329,1999.9000,-0.4565,796.8475,595018.6250,27.6921,604707.6875,1999.9000,
	2026/03/30 16:20:04	,	782972	,	1715	,10.5331,1999.9000,-0.4478,796.5562,595296.8750,27.6919,604472.6875,1999.9000,
	2026/03/30 16:20:04	,	783972	,	1716	,10.5333,1999.9000,-0.4356,796.3135,595671.6250,27.6932,604453.0625,1999.9000,
	2026/03/30 16:20:04	,	784972	,	1717	,10.5335,1999.9000,-0.4249,796.1112,595671.6250,27.6943,604446.5625,1999.9000,
	2026/03/30 16:20:04	,	785972	,	1718	,10.5337,1999.9000,-0.4159,795.9427,595671.6250,27.6937,604443.2500,1999.9000,
	2026/03/30 16:20:04	,	786972	,	1719	,10.5339,1999.9000,-0.4087,795.8022,595671.6250,27.6902,604441.3125,1999.9000,
	2026/03/30 16:20:04	,	787972	,	1720	,10.5341,1999.9000,-0.4047,795.6851,595671.6250,27.6918,604440.0625,1999.9000,
	2026/03/30 16:20:04	,	788972	,	1721	,10.5343,1999.9000,-0.4039,795.5876,595508.3750,27.6962,604624.8750,1999.9000,
	2026/03/30 16:20:04	,	789972	,	1722	,10.5345,1999.9000,-0.4018,795.7053,595405.3125,27.6999,604751.7500,1999.9000,
	2026/03/30 16:20:04	,	790972	,	1723	,10.5348,1999.9000,-0.4014,795.8033,595384.1250,27.6999,604848.3750,1999.9000,
	2026/03/30 16:20:04	,	791972	,	1724	,10.5349,1999.9000,-0.4011,795.8851,595363.5625,27.6999,604931.1250,1999.9000,
	2026/03/30 16:20:04	,	792972	,	1725	,10.5351,1999.9000,-0.4009,795.9532,595124.0625,27.6999,605152.2500,1999.9000,
	2026/03/30 16:20:04	,	793972	,	1726	,10.5352,1999.9000,-0.4006,796.0099,594763.0000,27.6999,605283.3125,1999.9000,
	2026/03/30 16:20:04	,	794972	,	1727	,10.5354,1999.9000,-0.4004,796.0572,594763.0000,27.6999,605283.3125,1999.9000,
	2026/03/30 16:20:04	,	795972	,	1728	,10.5355,1999.9000,-0.3982,796.0966,594763.0000,27.6999,605283.3125,1999.9000,
	2026/03/30 16:20:04	,	796972	,	1729	,10.5356,1999.9000,-0.3976,796.1294,594763.0000,27.6999,605283.3125,1999.9000,
	2026/03/30 16:20:04	,	797972	,	1730	,10.5357,1999.9000,-0.3945,795.8584,594763.0000,27.6999,605283.3125,1999.9000,
	2026/03/30 16:20:04	,	798972	,	1731	,10.5359,1999.9000,-0.3870,795.6325,594767.5625,27.6999,605074.9375,1999.9000,
	2026/03/30 16:20:04	,	799972	,	1732	,10.5360,1999.9000,-0.3798,795.4442,594900.6250,27.6999,604940.8125,1999.9000,
	2026/03/30 16:20:04	,	800972	,	1733	,10.5361,1999.9000,-0.3729,795.1879,594922.4375,27.6954,604836.9375,1999.9000,
	2026/03/30 16:20:04	,	801972	,	1734	,10.5362,1999.9000,-0.3667,794.7754,594941.1250,27.6916,604796.4375,1999.9000,
	2026/03/30 16:20:04	,	802972	,	1735	,10.5363,1999.9000,-0.3601,794.4316,595159.8125,27.6884,604576.6250,1999.9000,
	2026/03/30 16:20:04	,	803972	,	1736	,10.5364,1999.9000,-0.3497,794.3441,595538.1875,27.6857,604386.3750,1999.9000,
	2026/03/30 16:20:04	,	804972	,	1737	,10.5365,1999.9000,-0.3395,794.2711,595560.2500,27.6804,604386.3750,1999.9000,
	2026/03/30 16:20:04	,	805972	,	1738	,10.5365,1999.9000,-0.3316,794.2103,595567.5625,27.6760,604386.3750,1999.9000,
	2026/03/30 16:20:04	,	806972	,	1739	,10.5366,1999.9000,-0.3251,794.1596,595571.1875,27.6708,604386.3750,1999.9000,
	2026/03/30 16:20:04	,	807972	,	1740	,10.5366,1999.9000,-0.3213,794.1173,595573.4375,27.6666,604386.3750,1999.9000,
	2026/03/30 16:20:04	,	808972	,	1741	,10.5367,1999.9000,-0.3207,794.3806,595574.8750,27.6629,604592.9375,1999.9000,
	2026/03/30 16:20:04	,	809972	,	1742	,10.5367,1999.9000,-0.3202,795.0974,595451.1875,27.6600,604731.2500,1999.9000,
	2026/03/30 16:20:04	,	810972	,	1743	,10.5368,1999.9000,-0.3199,795.6946,595420.5000,27.6575,604841.1250,1999.9000,
	2026/03/30 16:20:04	,	811972	,	1744	,10.5368,1999.9000,-0.3197,795.6950,595397.1250,27.6539,604925.1250,1999.9000,
	2026/03/30 16:20:04	,	812972	,	1745	,10.5368,1999.9000,-0.3196,795.6953,595222.4375,27.6509,605091.1875,1999.9000,
	2026/03/30 16:20:04	,	813972	,	1746	,10.5368,1999.9000,-0.3195,795.9940,594886.3750,27.6499,605372.0625,1999.9000,
	2026/03/30 16:20:04	,	814972	,	1747	,10.5368,1999.9000,-0.3192,796.5413,594715.9375,27.6506,605372.0625,1999.9000,
	2026/03/30 16:20:04	,	815972	,	1748	,10.5367,1999.9000,-0.3170,797.0968,594715.9375,27.6558,605372.0625,1999.9000,
	2026/03/30 16:20:04	,	816972	,	1749	,10.5367,1999.9000,-0.3170,797.1619,594715.9375,27.6601,605372.0625,1999.9000,
	2026/03/30 16:20:04	,	817972	,	1750	,10.5367,1999.9000,-0.3170,797.0172,594715.9375,27.6591,605372.0625,1999.9000,
	2026/03/30 16:20:04	,	818972	,	1751	,10.5367,1999.9000,-0.3141,796.7971,594715.9375,27.6583,605150.3750,1999.9000,
	2026/03/30 16:20:04	,	819972	,	1752	,10.5367,1999.9000,-0.3077,796.7131,594852.3750,27.6576,604983.0625,1999.9000,
	2026/03/30 16:20:04	,	820972	,	1753	,10.5367,1999.9000,-0.3019,796.7427,594884.6250,27.6571,604864.6875,1999.9000,
	2026/03/30 16:20:04	,	821972	,	1754	,10.5366,1999.9000,-0.2968,796.8668,594908.4375,27.6566,604775.9375,1999.9000,
	2026/03/30 16:20:04	,	822972	,	1755	,10.5366,1999.9000,-0.2919,796.8707,595072.8750,27.6562,604637.0000,1999.9000,
	2026/03/30 16:20:04	,	823972	,	1756	,10.5366,1999.9000,-0.2838,796.7745,595398.1875,27.6559,604354.3125,1999.9000,
	2026/03/30 16:20:04	,	824972	,	1757	,10.5366,1999.9000,-0.2739,796.6944,595646.6250,27.6556,604354.3125,1999.9000,
	2026/03/30 16:20:04	,	825972	,	1758	,10.5366,1999.9000,-0.2664,796.7271,595646.6250,27.6569,604354.3125,1999.9000,
	2026/03/30 16:20:04	,	826972	,	1759	,10.5366,1999.9000,-0.2600,796.7543,595646.6250,27.6580,604354.3125,1999.9000,
	2026/03/30 16:20:04	,	827972	,	1760	,10.5366,1999.9000,-0.2556,796.7770,595646.6250,27.6589,604354.3125,1999.9000,
	2026/03/30 16:20:04	,	828972	,	1761	,10.5366,1999.9000,-0.2550,796.6964,595646.6250,27.6596,604542.7500,1999.9000,
	2026/03/30 16:20:04	,	829972	,	1762	,10.5366,1999.9000,-0.2548,796.6293,595481.5625,27.6618,604696.1875,1999.9000,
	2026/03/30 16:20:04	,	830972	,	1763	,10.5366,1999.9000,-0.2547,796.5734,595394.0000,27.6635,604795.8750,1999.9000,
	2026/03/30 16:20:04	,	831972	,	1764	,10.5365,1999.9000,-0.2546,796.6262,595375.2500,27.6650,604882.8125,1999.9000,
	2026/03/30 16:20:04	,	832972	,	1765	,10.5365,1999.9000,-0.2546,796.7697,595286.6875,27.6663,605000.0000,1999.9000,
	2026/03/30 16:20:04	,	833972	,	1766	,10.5364,1999.9000,-0.2546,796.7897,595018.6250,27.6673,605000.0000,1999.9000,
	2026/03/30 16:20:04	,	834972	,	1767	,10.5363,1999.9000,-0.2595,796.1102,594667.6875,27.6682,605285.6875,1999.9000,
	2026/03/30 16:20:04	,	835972	,	1768	,10.5362,1999.9000,-0.2595,795.7429,594667.6875,27.6689,605285.6875,1999.9000,
	2026/03/30 16:20:04	,	836972	,	1769	,10.5361,1999.9000,-0.2595,795.4368,594667.6875,27.6695,605285.6875,1999.9000,
	2026/03/30 16:20:04	,	837972	,	1770	,10.5359,1999.9000,-0.2595,795.6791,594667.6875,27.6715,605285.6875,1999.9000,
	2026/03/30 16:20:04	,	838972	,	1771	,10.5357,1999.9000,-0.2595,796.2789,594667.6875,27.6747,605285.6875,1999.9000,
	2026/03/30 16:20:04	,	839972	,	1772	,10.5355,1999.9000,-0.2541,796.2814,594824.3750,27.6759,605199.3125,1999.9000,
	2026/03/30 16:20:04	,	840972	,	1773	,10.5354,1999.9000,-0.2494,796.2834,594917.9375,27.6753,605036.2500,1999.9000,
	2026/03/30 16:20:04	,	841972	,	1774	,10.5352,1999.9000,-0.2448,796.2851,594939.1250,27.6733,604818.1875,1999.9000,
	2026/03/30 16:20:04	,	842972	,	1775	,10.5350,1999.9000,-0.2403,796.2865,594962.0625,27.6717,604715.5000,1999.9000,
	2026/03/30 16:20:04	,	843972	,	1776	,10.5348,1999.9000,-0.2337,796.2877,595252.1875,27.6657,604715.5000,1999.9000,
	2026/03/30 16:20:04	,	844972	,	1777	,10.5346,1999.9000,-0.2237,796.2886,595629.3750,27.6607,604473.3125,1999.9000,
	2026/03/30 16:20:04	,	845972	,	1778	,10.5344,1999.9000,-0.2157,796.2895,595629.3750,27.6566,604473.3125,1999.9000,
	2026/03/30 16:20:04	,	846972	,	1779	,10.5341,1999.9000,-0.2095,796.2902,595629.3750,27.6531,604473.3125,1999.9000,
	2026/03/30 16:20:04	,	847972	,	1780	,10.5339,1999.9000,-0.2052,796.2907,595629.3750,27.6487,604473.3125,1999.9000,
	2026/03/30 16:20:04	,	848972	,	1781	,10.5337,1999.9000,-0.2049,796.1917,595629.3750,27.6450,604473.3125,1999.9000,
	2026/03/30 16:20:04	,	849972	,	1782	,10.5334,1999.9000,-0.2047,796.0098,595509.0000,27.6435,604476.5000,1999.9000,
	2026/03/30 16:20:04	,	850972	,	1783	,10.5332,1999.9000,-0.2046,795.8582,595509.0000,27.6422,604680.5000,1999.9000,
	2026/03/30 16:20:04	,	851972	,	1784	,10.5330,1999.9000,-0.2022,795.7318,595395.8125,27.6397,604789.1875,1999.9000,
	2026/03/30 16:20:04	,	852972	,	1785	,10.5328,1999.9000,-0.1978,795.6265,595374.6250,27.6390,604876.1875,1999.9000,
	2026/03/30 16:20:04	,	853972	,	1786	,10.5325,1999.9000,-0.1935,795.5387,595354.5000,27.6385,604916.0000,1999.9000,
	2026/03/30 16:20:04	,	854972	,	1787	,10.5322,1999.9000,-0.1930,795.4656,595136.5625,27.6365,605185.4375,1999.9000,
	2026/03/30 16:20:04	,	855972	,	1788	,10.5320,1999.9000,-0.1901,795.4046,594783.2500,27.6349,605225.0000,1999.9000,
	2026/03/30 16:20:04	,	856972	,	1789	,10.5316,1999.9000,-0.1852,795.3539,594775.2500,27.6350,605238.1875,1999.9000,
	2026/03/30 16:20:04	,	857972	,	1790	,10.5313,1999.9000,-0.1784,795.3115,594772.5625,27.6397,605244.8125,1999.9000,
	2026/03/30 16:20:04	,	858972	,	1791	,10.5309,1999.9000,-0.1682,795.2763,594771.2500,27.6437,605248.7500,1999.9000,
	2026/03/30 16:20:04	,	859972	,	1792	,10.5306,1999.9000,-0.1556,795.2469,594770.3750,27.6485,605251.4375,1999.9000,
	2026/03/30 16:20:04	,	860972	,	1793	,10.5302,1999.9000,-0.1440,795.0234,594769.8125,27.6571,605058.5625,1999.9000,
	2026/03/30 16:20:04	,	861972	,	1794	,10.5299,1999.9000,-0.1335,795.0362,594887.5000,27.6642,604925.1250,1999.9000,
	2026/03/30 16:20:04	,	862972	,	1795	,10.5295,1999.9000,-0.1242,795.1462,594911.9375,27.6702,604824.8750,1999.9000,
	2026/03/30 16:20:04	,	863972	,	1796	,10.5292,1999.9000,-0.1148,795.1385,594930.4375,27.6782,604739.6875,1999.9000,
	2026/03/30 16:20:04	,	864972	,	1797	,10.5288,1999.9000,-0.1024,794.9331,595129.4375,27.6849,604545.8125,1999.9000,
	2026/03/30 16:20:04	,	865972	,	1798	,10.5284,1999.9000,-0.0909,794.7619,595501.2500,27.6874,604417.7500,1999.9000,
	2026/03/30 16:20:04	,	866972	,	1799	,10.5280,1999.9000,-0.0822,794.6193,595581.6250,27.6895,604417.7500,1999.9000,
	2026/03/30 16:20:04	,	867972	,	1800	,10.5276,1999.9000,-0.0754,794.5005,595581.6250,27.6897,604417.7500,1999.9000,
	2026/03/30 16:20:04	,	868972	,	1801	,10.5272,1999.9000,-0.0719,794.4014,595581.6250,27.6884,604417.7500,1999.9000,
	2026/03/30 16:20:04	,	869972	,	1802	,10.5268,1999.9000,-0.0719,794.5179,595581.6250,27.6884,604417.7500,1999.9000,
	2026/03/30 16:20:04	,	870972	,	1803	,10.5264,1999.9000,-0.0719,794.4160,595581.6250,27.6873,604627.9375,1999.9000,
	2026/03/30 16:20:04	,	871972	,	1804	,10.5260,1999.9000,-0.0719,794.1321,595435.6875,27.6863,604758.3750,1999.9000,
	2026/03/30 16:20:04	,	872972	,	1805	,10.5256,1999.9000,-0.0719,794.0944,595400.5000,27.6825,604847.1875,1999.9000,
	2026/03/30 16:20:04	,	873972	,	1806	,10.5251,1999.9000,-0.0719,794.0630,595378.8750,27.6793,604928.6875,1999.9000,
	2026/03/30 16:20:04	,	874972	,	1807	,10.5246,1999.9000,-0.0759,793.8380,595225.9375,27.6797,605110.5625,1999.9000,
	2026/03/30 16:20:04	,	875972	,	1808	,10.5241,1999.9000,-0.0768,793.8494,594898.8750,27.6800,605340.0625,1999.9000,
	2026/03/30 16:20:04	,	876972	,	1809	,10.5236,1999.9000,-0.0770,794.1572,594698.6875,27.6803,605340.0625,1999.9000,
	2026/03/30 16:20:04	,	877972	,	1810	,10.5232,1999.9000,-0.0772,794.4138,594698.6875,27.6805,605340.0625,1999.9000,
	2026/03/30 16:20:04	,	878972	,	1811	,10.5226,1999.9000,-0.0773,794.7271,594698.6875,27.6822,605340.0625,1999.9000,
	2026/03/30 16:20:04	,	879972	,	1812	,10.5222,1999.9000,-0.0773,795.0877,594698.6875,27.6837,605340.0625,1999.9000,
	2026/03/30 16:20:04	,	880972	,	1813	,10.5217,1999.9000,-0.0715,795.3881,594698.6875,27.6849,605126.8125,1999.9000,
	2026/03/30 16:20:04	,	881972	,	1814	,10.5213,1999.9000,-0.0658,795.6385,594843.5000,27.6859,604982.4375,1999.9000,
	2026/03/30 16:20:04	,	882972	,	1815	,10.5208,1999.9000,-0.0606,795.8472,594879.8125,27.6867,604860.5000,1999.9000,
	2026/03/30 16:20:04	,	883972	,	1816	,10.5203,1999.9000,-0.0555,796.0210,594903.8125,27.6828,604768.0625,1999.9000,
	2026/03/30 16:20:04	,	884972	,	1817	,10.5198,1999.9000,-0.0472,796.0665,595041.8750,27.6780,604632.1250,1999.9000,
	2026/03/30 16:20:04	,	885972	,	1818	,10.5193,1999.9000,-0.0375,796.0049,595354.6875,27.6710,604347.6875,1999.9000,
	2026/03/30 16:20:04	,	886972	,	1819	,10.5187,1999.9000,-0.0303,795.8541,595649.0000,27.6636,604347.6875,1999.9000,
	2026/03/30 16:20:04	,	887972	,	1820	,10.5182,1999.9000,-0.0238,795.6290,595649.0000,27.6575,604347.6875,1999.9000,
	2026/03/30 16:20:04	,	888972	,	1821	,10.5176,1999.9000,-0.0193,795.4413,595649.0000,27.6523,604347.6875,1999.9000,
	2026/03/30 16:20:04	,	889972	,	1822	,10.5169,1999.9000,-0.0185,795.2849,595649.0000,27.6481,604347.6875,1999.9000,
	2026/03/30 16:20:04	,	890972	,	1823	,10.5163,1999.9000,-0.0180,795.1547,595649.0000,27.6445,604567.5000,1999.9000,
	2026/03/30 16:20:04	,	891972	,	1824	,10.5157,1999.9000,-0.0177,794.7476,595476.1875,27.6446,604716.1250,1999.9000,
	2026/03/30 16:20:04	,	892972	,	1825	,10.5152,1999.9000,-0.0176,794.6074,595389.8125,27.6447,604814.6250,1999.9000,
	2026/03/30 16:20:04	,	893972	,	1826	,10.5145,1999.9000,-0.0175,794.4905,595369.5625,27.6447,604854.4375,1999.9000,
	2026/03/30 16:20:04	,	894972	,	1827	,10.5140,1999.9000,-0.0174,794.4926,595343.0000,27.6448,605026.0000,1999.9000,
	2026/03/30 16:20:04	,	895972	,	1828	,10.5135,1999.9000,-0.0171,794.6933,595045.4375,27.6479,605329.8125,1999.9000,
	2026/03/30 16:20:04	,	896972	,	1829	,10.5129,1999.9000,-0.0149,794.8605,594681.4375,27.6489,605329.8125,1999.9000,
	2026/03/30 16:20:04	,	897972	,	1830	,10.5123,1999.9000,-0.0148,794.9999,594681.4375,27.6483,605329.8125,1999.9000,
	2026/03/30 16:20:04	,	898972	,	1831	,10.5123,1999.9000,-0.0147,795.3149,594681.4375,27.6477,605329.8125,1999.9000,
	2026/03/30 16:20:04	,	899972	,	1832	,10.5110,1999.9000,-0.0114,795.5776,594681.4375,27.6473,605329.8125,1999.9000,
	2026/03/30 16:20:04	,	900972	,	1833	,10.5067,1999.9000,-0.0033,795.9954,594681.4375,27.6469,605184.1875,1999.9000,
	2026/03/30 16:20:04	,	901972	,	1834	,10.5064,1999.9000,0.0042,796.3435,594808.3125,27.6466,605007.2500,1999.9000,
	2026/03/30 16:20:04	,	902972	,	1835	,10.5061,1999.9000,0.0114,796.6335,594901.8750,27.6463,604889.5000,1999.9000,
	2026/03/30 16:20:04	,	903972	,	1836	,10.5057,1999.9000,0.0181,796.7759,594920.9375,27.6461,604797.0625,1999.9000,
	2026/03/30 16:20:04	,	904972	,	1837	,10.5053,1999.9000,0.0264,796.8945,594942.1875,27.6459,604691.3125,1999.9000,
	2026/03/30 16:20:04	,	905972	,	1838	,10.5049,1999.9000,0.0376,796.8938,595213.4375,27.6442,604430.4375,1999.9000,
	2026/03/30 16:20:04	,	906972	,	1839	,10.5049,1999.9000,0.0466,796.7938,595592.3750,27.6428,604430.4375,1999.9000,
	2026/03/30 16:20:04	,	907972	,	1840	,10.5046,1999.9000,0.0541,796.3125,595592.3750,27.6416,604430.4375,1999.9000,
	2026/03/30 16:20:04	,	908972	,	1841	,10.5042,1999.9000,0.0602,795.9114,595592.3750,27.6407,604430.4375,1999.9000,
	2026/03/30 16:20:04	,	909972	,	1842	,10.5037,1999.9000,0.0635,795.5772,595592.3750,27.6399,604430.4375,1999.9000,
	2026/03/30 16:20:04	,	910972	,	1843	,10.5032,1999.9000,0.0644,795.2987,595592.3750,27.6438,604442.9375,1999.9000,
	2026/03/30 16:20:04	,	911972	,	1844	,10.5027,1999.9000,0.0674,795.5640,595583.3750,27.6471,604681.6875,1999.9000,
	2026/03/30 16:20:04	,	912972	,	1845	,10.5021,1999.9000,0.0698,795.7851,595411.8750,27.6452,604781.9375,1999.9000,
	2026/03/30 16:20:04	,	913972	,	1846	,10.5015,1999.9000,0.0700,795.4719,595388.0625,27.6391,604869.5000,1999.9000,
	2026/03/30 16:20:04	,	914972	,	1847	,10.4974,1999.9000,0.0702,795.4100,595369.3750,27.6339,604968.0000,1999.9000,
	2026/03/30 16:20:04	,	915972	,	1848	,10.4969,1999.9000,0.0705,795.3583,595167.0000,27.6358,605210.1875,1999.9000,
	2026/03/30 16:20:04	,	916972	,	1849	,10.4964,1999.9000,0.0709,795.3152,594813.6875,27.6404,605222.5625,1999.9000,
	2026/03/30 16:20:04	,	917972	,	1850	,10.4960,1999.9000,0.0713,795.2794,594783.3125,27.6473,605226.6875,1999.9000,
	2026/03/30 16:20:04	,	918972	,	1851	,10.4956,1999.9000,0.0739,795.2495,594773.1875,27.6530,605228.7500,1999.9000,
	2026/03/30 16:20:04	,	919972	,	1852	,10.4952,1999.9000,0.0785,795.2245,594768.1250,27.6578,605230.0000,1999.9000,
	2026/03/30 16:20:04	,	920972	,	1853	,10.4948,1999.9000,0.0865,794.8058,594765.0625,27.6617,605230.7500,1999.9000,
	2026/03/30 16:20:04	,	921972	,	1854	,10.4943,1999.9000,0.0942,794.4570,594763.0625,27.6651,605036.8125,1999.9000,
	2026/03/30 16:20:04	,	922972	,	1855	,10.4938,1999.9000,0.1014,794.5642,594864.8750,27.6678,604908.8125,1999.9000,
	2026/03/30 16:20:04	,	923972	,	1856	,10.4932,1999.9000,0.1014,794.6535,594897.6250,27.6701,604811.5625,1999.9000,
	2026/03/30 16:20:04	,	924972	,	1857	,10.4926,1999.9000,0.1084,794.5289,594921.5000,27.6721,604727.5625,1999.9000,
	2026/03/30 16:20:04	,	925972	,	1858	,10.4884,1999.9000,0.1164,794.6241,595114.5625,27.6737,604525.8750,1999.9000,
	2026/03/30 16:20:04	,	926972	,	1859	,10.4879,1999.9000,0.1284,794.7034,595465.5000,27.6750,604431.6250,1999.9000,
	2026/03/30 16:20:04	,	927972	,	1860	,10.4875,1999.9000,0.1395,794.5706,595584.6250,27.6807,604431.6250,1999.9000,
	2026/03/30 16:20:04	,	928972	,	1861	,10.4871,1999.9000,0.1483,794.3604,595584.6250,27.6870,604431.6250,1999.9000,
	2026/03/30 16:20:04	,	929972	,	1862	,10.4867,1999.9000,0.1554,794.2847,595584.6250,27.6907,604431.6250,1999.9000,
	2026/03/30 16:20:04	,	930972	,	1863	,10.4863,1999.9000,0.1594,794.2216,595584.6250,27.6892,604431.6250,1999.9000,
	2026/03/30 16:20:04	,	931972	,	1864	,10.4858,1999.9000,0.1598,794.1690,595584.6250,27.6925,604626.6875,1999.9000,
	2026/03/30 16:20:04	,	932972	,	1865	,10.4852,1999.9000,0.1600,794.1252,595428.5625,27.6983,604752.3750,1999.9000,
	2026/03/30 16:20:04	,	933972	,	1866	,10.4846,1999.9000,0.1601,794.0887,595394.2500,27.7031,604849.0000,1999.9000,
	2026/03/30 16:20:04	,	934972	,	1867	,10.4803,1999.9000,0.1601,794.0583,595374.9375,27.7072,604889.1875,1999.9000,
	2026/03/30 16:20:04	,	935972	,	1868	,10.4798,1999.9000,0.1601,794.2319,595245.6875,27.7091,605140.7500,1999.9000,
	2026/03/30 16:20:04	,	936972	,	1869	,10.4794,1999.9000,0.1564,794.3765,594939.3750,27.7030,605302.5625,1999.9000,
	2026/03/30 16:20:04	,	937972	,	1870	,10.4789,1999.9000,0.1505,794.5966,594690.3125,27.6979,605302.5625,1999.9000,
	2026/03/30 16:20:04	,	938972	,	1871	,10.4784,1999.9000,0.1463,794.7800,594690.3125,27.6936,605302.5625,1999.9000,
	2026/03/30 16:20:04	,	939972	,	1872	,10.4780,1999.9000,0.1463,795.2311,594690.3125,27.6886,605302.5625,1999.9000,
	2026/03/30 16:20:04	,	940972	,	1873	,10.4775,1999.9000,0.1463,795.9056,594690.3125,27.6844,605302.5625,1999.9000,
	2026/03/30 16:20:04	,	941972	,	1874	,10.4768,1999.9000,0.1463,796.4677,594690.3125,27.6808,605091.8125,1999.9000,
	2026/03/30 16:20:04	,	942972	,	1875	,10.4727,1999.9000,0.1463,796.9360,594834.5000,27.6779,604954.0625,1999.9000,
	2026/03/30 16:20:04	,	943972	,	1876	,10.4722,1999.9000,0.1466,797.3263,594918.5000,27.6755,604847.8125,1999.9000,
	2026/03/30 16:20:04	,	944972	,	1877	,10.4718,1999.9000,0.1491,797.3531,594934.8750,27.6689,604808.5625,1999.9000,
	2026/03/30 16:20:04	,	945972	,	1878	,10.4714,1999.9000,0.1498,797.2760,595028.1250,27.6603,604614.0000,1999.9000,
	2026/03/30 16:20:04	,	946972	,	1879	,10.4709,1999.9000,0.1551,796.9134,595331.4375,27.6532,604376.0625,1999.9000,
	2026/03/30 16:20:04	,	947972	,	1880	,10.4703,1999.9000,0.1613,796.6111,595672.8750,27.6549,604376.0625,1999.9000,
	2026/03/30 16:20:04	,	948972	,	1881	,10.4698,1999.9000,0.1654,796.3593,595672.8750,27.6593,604376.0625,1999.9000,
	2026/03/30 16:20:04	,	949972	,	1882	,10.4692,1999.9000,0.1654,796.1494,595672.8750,27.6676,604376.0625,1999.9000,
	2026/03/30 16:20:04	,	950972	,	1883	,10.4685,1999.9000,0.1654,795.7755,595672.8750,27.6745,604376.0625,1999.9000,
	2026/03/30 16:20:04	,	951972	,	1884	,10.4641,1999.9000,0.1654,795.4640,595672.8750,27.6818,604593.5000,1999.9000,
	2026/03/30 16:20:04	,	952972	,	1885	,10.4635,1999.9000,0.1654,795.4033,595499.4375,27.6909,604730.6250,1999.9000,
	2026/03/30 16:20:04	,	953972	,	1886	,10.4629,1999.9000,0.1651,795.3527,595399.9375,27.6986,604831.5000,1999.9000,
	2026/03/30 16:20:04	,	954972	,	1887	,10.4624,1999.9000,0.1610,795.3107,595380.0000,27.7049,604919.6875,1999.9000,
	2026/03/30 16:20:04	,	955972	,	1888	,10.4618,1999.9000,0.1587,795.2756,595354.5000,27.7071,605068.8750,1999.9000,
	2026/03/30 16:20:04	,	956972	,	1889	,10.4614,1999.9000,0.1536,795.2756,595081.1875,27.7090,605375.0625,1999.9000,
	2026/03/30 16:20:04	,	957972	,	1890	,10.4608,1999.9000,0.1464,795.2219,594718.3125,27.7090,605375.0625,1999.9000,
	2026/03/30 16:20:04	,	958972	,	1891	,10.4567,1999.9000,0.1454,795.2015,594718.3125,27.7029,605375.0625,1999.9000,
	2026/03/30 16:20:04	,	959972	,	1892	,10.4562,1999.9000,0.1450,795.1846,594718.3125,27.6978,605375.0625,1999.9000,
	2026/03/30 16:20:04	,	960972	,	1893	,10.4557,1999.9000,0.1449,795.1705,594718.3125,27.6936,605375.0625,1999.9000,
	2026/03/30 16:20:04	,	961972	,	1894	,10.4552,1999.9000,0.1447,795.1587,594718.3125,27.6870,605166.6875,1999.9000,
	2026/03/30 16:20:04	,	962972	,	1895	,10.4547,1999.9000,0.1447,795.1489,594729.2500,27.6785,604995.7500,1999.9000,
	2026/03/30 16:20:04	,	963972	,	1896	,10.4542,1999.9000,0.1481,795.0413,594889.3750,27.6699,604876.7500,1999.9000,
	2026/03/30 16:20:04	,	964972	,	1897	,10.4536,1999.9000,0.1516,794.6532,594910.2500,27.6566,604792.8125,1999.9000,
	2026/03/30 16:20:04	,	965972	,	1898	,10.4493,1999.9000,0.1548,794.3298,594932.2500,27.6516,604680.5000,1999.9000,
	2026/03/30 16:20:04	,	966972	,	1899	,10.4487,1999.9000,0.1601,794.4581,595190.8125,27.6474,604406.8750,1999.9000,
	2026/03/30 16:20:04	,	967972	,	1900	,10.4481,1999.9000,0.1680,794.5651,595576.3125,27.6440,604406.8750,1999.9000,
	2026/03/30 16:20:04	,	968972	,	1901	,10.4474,1999.9000,0.1736,794.6542,595576.3125,27.6411,604406.8750,1999.9000,
	2026/03/30 16:20:04	,	969972	,	1902	,10.4469,1999.9000,0.1736,794.5295,595576.3125,27.6387,604406.8750,1999.9000,
	2026/03/30 16:20:04	,	970972	,	1903	,10.4463,1999.9000,0.1736,794.4257,595576.3125,27.6473,604406.8750,1999.9000,
	2026/03/30 16:20:04	,	971972	,	1904	,10.4457,1999.9000,0.1736,794.3391,595576.3125,27.6546,604529.5000,1999.9000,
	2026/03/30 16:20:04	,	972972	,	1905	,10.4451,1999.9000,0.1736,794.2669,595570.6875,27.6606,604690.1250,1999.9000,
	2026/03/30 16:20:04	,	973972	,	1906	,10.4406,1999.9000,0.1733,794.4057,595418.4375,27.6657,604794.6250,1999.9000,
	2026/03/30 16:20:04	,	974972	,	1907	,10.4400,1999.9000,0.1699,794.9194,595389.8125,27.6698,604890.6875,1999.9000,
	2026/03/30 16:20:04	,	975972	,	1908	,10.4393,1999.9000,0.1691,795.3473,595369.5625,27.6657,604998.8125,1999.9000,
	2026/03/30 16:20:04	,	976972	,	1909	,10.4387,1999.9000,0.1652,795.7040,595186.0625,27.6607,605274.1875,1999.9000,
	2026/03/30 16:20:04	,	977972	,	1910	,10.4380,1999.9000,0.1586,796.2996,594843.5000,27.6566,605274.1875,1999.9000,
	2026/03/30 16:20:04	,	978972	,	1911	,10.4374,1999.9000,0.1532,796.7960,594735.0000,27.6531,605274.1875,1999.9000,
	2026/03/30 16:20:04	,	979972	,	1912	,10.4330,1999.9000,0.1532,796.9112,594735.0000,27.6502,605274.1875,1999.9000,
	2026/03/30 16:20:04	,	980972	,	1913	,10.4326,1999.9000,0.1532,796.9112,594735.0000,27.6494,605274.1875,1999.9000,
	2026/03/30 16:20:04	,	981972	,	1914	,10.4322,1999.9000,0.1532,796.9078,594735.0000,27.6486,605267.7500,1999.9000,
	2026/03/30 16:20:04	,	982972	,	1915	,10.4317,1999.9000,0.1532,796.9050,594735.0000,27.6511,605038.6875,1999.9000,
	2026/03/30 16:20:04	,	983972	,	1916	,10.4311,1999.9000,0.1535,796.9026,594864.8750,27.6531,604919.6875,1999.9000,
	2026/03/30 16:20:04	,	984972	,	1917	,10.4304,1999.9000,0.1581,796.9005,594896.1875,27.6548,604823.6250,1999.9000,
	2026/03/30 16:20:04	,	985972	,	1918	,10.4260,1999.9000,0.1609,796.7994,594917.7500,27.6608,604733.0000,1999.9000,
	2026/03/30 16:20:04	,	986972	,	1919	,10.4253,1999.9000,0.1646,796.7151,595092.5000,27.6658,604507.7500,1999.9000,
	2026/03/30 16:20:04	,	987972	,	1920	,10.4248,1999.9000,0.1719,796.6448,595445.8125,27.6654,604497.8125,1999.9000,
	2026/03/30 16:20:04	,	988972	,	1921	,10.4243,1999.9000,0.1780,796.5863,595628.1250,27.6651,604494.4375,1999.9000,
	2026/03/30 16:20:04	,	989972	,	1922	,10.4237,1999.9000,0.1780,796.5375,595628.1250,27.6648,604492.8125,1999.9000,
	2026/03/30 16:20:04	,	990972	,	1923	,10.4195,1999.9000,0.1780,796.4968,595628.1250,27.6600,604491.8125,1999.9000,
	2026/03/30 16:20:04	,	991972	,	1924	,10.4190,1999.9000,0.1780,796.1645,595628.1250,27.6560,604491.1250,1999.9000,
	2026/03/30 16:20:04	,	992972	,	1925	,10.4184,1999.9000,0.1780,795.7881,595628.1250,27.6526,604673.8125,1999.9000,
	2026/03/30 16:20:04	,	993972	,	1926	,10.4178,1999.9000,0.1780,795.3750,595480.3750,27.6526,604673.8125,1999.9000,
	2026/03/30 16:20:04	,	994972	,	1927	,10.4172,1999.9000,0.1752,795.1302,595389.8125,27.6498,604778.9375,1999.9000,
	2026/03/30 16:20:04	,	995972	,	1928	,10.4167,1999.9000,0.1743,794.9263,595371.6250,27.6475,604865.9375,1999.9000,
	2026/03/30 16:20:04	,	996972	,	1929	,10.4126,1999.9000,0.1711,794.7563,595277.1875,27.6455,604960.7500,1999.9000,
	2026/03/30 16:20:04	,	997972	,	1930	,10.4122,1999.9000,0.1651,794.8136,594997.1875,27.6516,605183.5625,1999.9000,
	2026/03/30 16:20:04	,	998972	,	1931	,10.4117,1999.9000,0.1588,794.8613,594690.3125,27.6581,605308.6250,1999.9000,
	2026/03/30 16:20:04	,	999972	,	1932	,10.4110,1999.9000,0.1588,795.1001,594690.3125,27.6651,605308.6250,1999.9000,
	2026/03/30 16:20:05	,	000972	,	1933	,10.4103,1999.9000,0.1588,795.2990,594690.3125,27.6709,605308.6250,1999.9000,
	2026/03/30 16:20:05	,	001972	,	1934	,10.4060,1999.9000,0.1588,795.4648,594690.3125,27.6742,605308.6250,1999.9000,
	2026/03/30 16:20:05	,	002972	,	1935	,10.4052,1999.9000,0.1588,795.6030,594690.3125,27.6770,605308.6250,1999.9000,
	2026/03/30 16:20:05	,	003972	,	1936	,10.4045,1999.9000,0.1588,795.7181,594847.0000,27.6793,605105.1250,1999.9000,
	2026/03/30 16:20:05	,	004972	,	1937	,10.4039,1999.9000,0.1622,795.2172,594927.5000,27.6812,604975.2500,1999.9000,
	2026/03/30 16:20:05	,	005972	,	1938	,10.4033,1999.9000,0.1650,794.7997,594940.6250,27.6798,604863.5000,1999.9000,
	2026/03/30 16:20:05	,	006972	,	1939	,10.4026,1999.9000,0.1680,794.4519,594963.8750,27.6755,604771.6875,1999.9000,
	2026/03/30 16:20:05	,	007972	,	1940	,10.3979,1999.9000,0.1744,794.1620,595276.0625,27.6628,604595.3125,1999.9000,
	2026/03/30 16:20:05	,	008972	,	1941	,10.3971,1999.9000,0.1816,793.9203,595655.5000,27.6522,604387.0000,1999.9000,
	2026/03/30 16:20:05	,	009972	,	1942	,10.3965,1999.9000,0.1843,793.6196,595655.5000,27.6433,604387.0000,1999.9000,
	2026/03/30 16:20:05	,	010972	,	1943	,10.3960,1999.9000,0.1843,793.5679,595655.5000,27.6360,604387.0000,1999.9000,
	2026/03/30 16:20:05	,	011972	,	1944	,10.3954,1999.9000,0.1843,793.5248,595655.5000,27.6299,604387.0000,1999.9000,
	2026/03/30 16:20:05	,	012972	,	1945	,10.3947,1999.9000,0.1843,793.4889,595655.5000,27.6431,604387.0000,1999.9000,
	2026/03/30 16:20:05	,	013972	,	1946	,10.3902,1999.9000,0.1843,793.4590,595511.3750,27.6556,604598.9375,1999.9000,
	2026/03/30 16:20:05	,	014972	,	1947	,10.3896,1999.9000,0.1820,793.4341,595413.6875,27.6676,604724.0000,1999.9000,
	2026/03/30 16:20:05	,	015972	,	1948	,10.3890,1999.9000,0.1809,793.6123,595391.6250,27.6791,604827.2500,1999.9000,
	2026/03/30 16:20:05	,	016972	,	1949	,10.3883,1999.9000,0.1779,793.7608,595366.1250,27.6917,604919.0625,1999.9000,
	2026/03/30 16:20:05	,	017972	,	1950	,10.3876,1999.9000,0.1729,793.8845,595113.9375,27.7023,605088.7500,1999.9000,
	2026/03/30 16:20:05	,	018972	,	1951	,10.3834,1999.9000,0.1657,794.0870,594752.8750,27.7080,605364.8125,1999.9000,
	2026/03/30 16:20:05	,	019972	,	1952	,10.3829,1999.9000,0.1650,794.4548,594752.8750,27.7128,605364.8125,1999.9000,
	2026/03/30 16:20:05	,	020972	,	1953	,10.3821,1999.9000,0.1647,794.7612,594752.8750,27.7152,605364.8125,1999.9000,
	2026/03/30 16:20:05	,	021972	,	1954	,10.3814,1999.9000,0.1646,795.0166,594752.8750,27.7188,605364.8125,1999.9000,
	2026/03/30 16:20:05	,	022972	,	1955	,10.3807,1999.9000,0.1646,795.2295,594752.8750,27.7171,605364.8125,1999.9000,
	2026/03/30 16:20:05	,	023972	,	1956	,10.3763,1999.9000,0.1645,795.4069,594756.0625,27.7143,605133.5000,1999.9000,
	2026/03/30 16:20:05	,	024972	,	1957	,10.3757,1999.9000,0.1677,795.5546,594878.6250,27.7058,604982.4375,1999.9000,
	2026/03/30 16:20:05	,	025972	,	1958	,10.3749,1999.9000,0.1711,795.6779,594902.7500,27.6987,604877.3750,1999.9000,
	2026/03/30 16:20:05	,	026972	,	1959	,10.3743,1999.9000,0.1741,795.6810,594924.7500,27.6928,604837.5000,1999.9000,
	2026/03/30 16:20:05	,	027972	,	1960	,10.3736,1999.9000,0.1795,795.4847,595156.2500,27.6894,604664.8125,1999.9000,
	2026/03/30 16:20:05	,	028972	,	1961	,10.3695,1999.9000,0.1874,795.3210,595544.7500,27.6866,604378.5000,1999.9000,
	2026/03/30 16:20:05	,	029972	,	1962	,10.3689,1999.9000,0.1927,795.1848,595559.0000,27.6843,604378.5000,1999.9000,
	2026/03/30 16:20:05	,	030972	,	1963	,10.3683,1999.9000,0.1927,795.2701,595563.8125,27.6823,604378.5000,1999.9000,
	2026/03/30 16:20:05	,	031972	,	1964	,10.3676,1999.9000,0.1927,795.3412,595566.1875,27.6807,604378.5000,1999.9000,
	2026/03/30 16:20:05	,	032972	,	1965	,10.3668,1999.9000,0.1927,795.4005,595567.6875,27.6793,604378.5000,1999.9000,
	2026/03/30 16:20:05	,	033972	,	1966	,10.3624,1999.9000,0.1927,795.3504,595568.5625,27.6782,604554.8125,1999.9000,
	2026/03/30 16:20:05	,	034972	,	1967	,10.3616,1999.9000,0.1924,795.5076,595439.2500,27.6726,604707.6875,1999.9000,
	2026/03/30 16:20:05	,	035972	,	1968	,10.3609,1999.9000,0.1881,795.6385,595406.5000,27.6726,604818.8125,1999.9000,
	2026/03/30 16:20:05	,	036972	,	1969	,10.3603,1999.9000,0.1860,795.8472,595383.2500,27.6726,604906.3750,1999.9000,
	2026/03/30 16:20:05	,	037972	,	1970	,10.3596,1999.9000,0.1822,796.1206,595210.4375,27.6726,605019.3125,1999.9000,
	2026/03/30 16:20:05	,	038972	,	1971	,10.3552,1999.9000,0.1752,796.3483,594880.3750,27.6650,605305.0000,1999.9000,
	2026/03/30 16:20:05	,	039972	,	1972	,10.3545,1999.9000,0.1702,796.5381,594724.8750,27.6571,605305.0000,1999.9000,
	2026/03/30 16:20:05	,	040972	,	1973	,10.3537,1999.9000,0.1702,796.6964,594724.8750,27.6505,605305.0000,1999.9000,
	2026/03/30 16:20:05	,	041972	,	1974	,10.3530,1999.9000,0.1702,796.8282,594724.8750,27.6450,605305.0000,1999.9000,
	2026/03/30 16:20:05	,	042972	,	1975	,10.3524,1999.9000,0.1702,796.9380,594724.8750,27.6420,605305.0000,1999.9000,
	2026/03/30 16:20:05	,	043972	,	1976	,10.3483,1999.9000,0.1702,797.1058,594724.8750,27.6471,605027.8125,1999.9000,
	2026/03/30 16:20:05	,	044972	,	1977	,10.3473,1999.9000,0.1736,797.1058,594867.2500,27.6467,605027.8125,1999.9000,
	2026/03/30 16:20:05	,	045972	,	1978	,10.3465,1999.9000,0.1767,797.1695,594899.1250,27.6464,604917.8750,1999.9000,
	2026/03/30 16:20:05	,	046972	,	1979	,10.3457,1999.9000,0.1793,797.2225,594914.3125,27.6462,604810.3125,1999.9000,
	2026/03/30 16:20:05	,	047972	,	1980	,10.3450,1999.9000,0.1831,797.0676,595046.0000,27.6491,604701.6250,1999.9000,
	2026/03/30 16:20:05	,	048972	,	1981	,10.3402,1999.9000,0.1904,796.5408,595385.6875,27.6514,604458.2500,1999.9000,
	2026/03/30 16:20:05	,	049972	,	1982	,10.3394,1999.9000,0.1965,795.9027,595620.3750,27.6534,604458.2500,1999.9000,
	2026/03/30 16:20:05	,	050972	,	1983	,10.3388,1999.9000,0.1971,795.3710,595620.3750,27.6551,604458.2500,1999.9000,
	2026/03/30 16:20:05	,	051972	,	1984	,10.3382,1999.9000,0.1973,795.1269,595620.3750,27.6534,604458.2500,1999.9000,
	2026/03/30 16:20:05	,	052972	,	1985	,10.3375,1999.9000,0.1974,794.9234,595620.3750,27.6520,604458.2500,1999.9000,
	2026/03/30 16:20:05	,	053972	,	1986	,10.3369,1999.9000,0.1975,794.8533,595620.3750,27.6508,604462.0625,1999.9000,
	2026/03/30 16:20:05	,	054972	,	1987	,10.3323,1999.9000,0.1975,795.0934,595463.6875,27.6483,604657.5625,1999.9000,
	2026/03/30 16:20:05	,	055972	,	1988	,10.3316,1999.9000,0.1953,794.9951,595382.0625,27.6462,604773.5000,1999.9000,
	2026/03/30 16:20:05	,	056972	,	1989	,10.3308,1999.9000,0.1943,794.9130,595360.6250,27.6399,604873.1875,1999.9000,
	2026/03/30 16:20:05	,	057972	,	1990	,10.3300,1999.9000,0.1908,794.8447,595263.5625,27.6347,604969.7500,1999.9000,
	2026/03/30 16:20:05	,	058972	,	1991	,10.3293,1999.9000,0.1844,794.7878,594999.5625,27.6349,605212.0000,1999.9000,
	2026/03/30 16:20:05	,	059972	,	1992	,10.3250,1999.9000,0.1782,794.8398,594650.4375,27.6366,605247.6875,1999.9000,
	2026/03/30 16:20:05	,	060972	,	1993	,10.3243,1999.9000,0.1782,794.8832,594650.4375,27.6380,605259.5625,1999.9000,
	2026/03/30 16:20:05	,	061972	,	1994	,10.3235,1999.9000,0.1782,794.9194,594650.4375,27.6437,605265.5000,1999.9000,
	2026/03/30 16:20:05	,	062972	,	1995	,10.3227,1999.9000,0.1782,794.9495,594650.4375,27.6485,605269.0000,1999.9000,
	2026/03/30 16:20:05	,	063972	,	1996	,10.3219,1999.9000,0.1782,794.9745,594650.4375,27.6525,605271.3750,1999.9000,
	2026/03/30 16:20:05	,	064972	,	1997	,10.3174,1999.9000,0.1782,794.9954,594822.0000,27.6573,605086.3750,1999.9000,
	2026/03/30 16:20:05	,	065972	,	1998	,10.3165,1999.9000,0.1811,795.0128,594910.7500,27.6629,604961.3750,1999.9000,
	2026/03/30 16:20:05	,	066972	,	1999	,10.3156,1999.9000,0.1837,795.0273,594928.6250,27.6676,604855.0625,1999.9000,
	2026/03/30 16:20:05	,	067972	,	2000	,10.3148,1999.9000,0.1866,795.0394,594951.2500,27.6714,604763.2500,1999.9000,
	2026/03/30 16:20:05	,	068972	,	2001	,10.3141,1999.9000,0.1932,795.0496,595242.6875,27.6747,604567.5000,1999.9000,
	2026/03/30 16:20:05	,	069972	,	2002	,10.3098,1999.9000,0.2004,795.0579,595618.6250,27.6774,604435.8750,1999.9000,
	2026/03/30 16:20:05	,	070972	,	2003	,10.3091,1999.9000,0.2038,795.0649,595618.6250,27.6796,604435.8750,1999.9000,
	2026/03/30 16:20:05	,	071972	,	2004	,10.3083,1999.9000,0.2038,794.9713,595618.6250,27.6845,604435.8750,1999.9000,
	2026/03/30 16:20:05	,	072972	,	2005	,10.3076,1999.9000,0.2038,794.6942,595618.6250,27.6886,604435.8750,1999.9000,
	2026/03/30 16:20:05	,	073972	,	2006	,10.3069,1999.9000,0.2038,794.6624,595618.6250,27.6920,604435.8750,1999.9000,
	2026/03/30 16:20:05	,	074972	,	2007	,10.3025,1999.9000,0.2038,794.8347,595497.0625,27.6949,604631.5625,1999.9000,
	2026/03/30 16:20:05	,	075972	,	2008	,10.3018,1999.9000,0.2012,794.9784,595395.1875,27.6972,604749.3750,1999.9000,
	2026/03/30 16:20:05	,	076972	,	2009	,10.3011,1999.9000,0.1988,795.0982,595371.3125,27.6992,604850.8125,1999.9000,
	2026/03/30 16:20:05	,	077972	,	2010	,10.3003,1999.9000,0.1965,795.1980,595347.5000,27.7009,604945.0625,1999.9000,
	2026/03/30 16:20:05	,	078972	,	2011	,10.2995,1999.9000,0.1911,795.1816,595115.7500,27.7007,605129.3125,1999.9000,
	2026/03/30 16:20:05	,	079972	,	2012	,10.2949,1999.9000,0.1839,795.0686,594758.2500,27.6960,605343.6250,1999.9000,
	2026/03/30 16:20:05	,	080972	,	2013	,10.2940,1999.9000,0.1812,795.0739,594757.3125,27.6921,605343.6250,1999.9000,
	2026/03/30 16:20:05	,	081972	,	2014	,10.2932,1999.9000,0.1812,795.1777,594757.0000,27.6888,605343.6250,1999.9000,
	2026/03/30 16:20:05	,	082972	,	2015	,10.2924,1999.9000,0.1812,795.3636,594756.8125,27.6861,605343.6250,1999.9000,
	2026/03/30 16:20:05	,	083972	,	2016	,10.2916,1999.9000,0.1812,795.5187,594756.6875,27.6838,605343.6250,1999.9000,
	2026/03/30 16:20:05	,	084972	,	2017	,10.2873,1999.9000,0.1812,795.7473,594756.6250,27.6819,605124.3750,1999.9000,
	2026/03/30 16:20:05	,	085972	,	2018	,10.2866,1999.9000,0.1843,795.9378,594881.0000,27.6804,604974.0625,1999.9000,
	2026/03/30 16:20:05	,	086972	,	2019	,10.2858,1999.9000,0.1871,795.9971,594908.3750,27.6791,604865.9375,1999.9000,
	2026/03/30 16:20:05	,	087972	,	2020	,10.2851,1999.9000,0.1893,796.0465,594928.4375,27.6826,604827.2500,1999.9000,
	2026/03/30 16:20:05	,	088972	,	2021	,10.2843,1999.9000,0.1940,796.1871,595114.5625,27.6855,604641.8750,1999.9000,
	2026/03/30 16:20:05	,	089972	,	2022	,10.2843,1999.9000,0.2010,796.3043,595495.2500,27.6879,604369.3750,1999.9000,
	2026/03/30 16:20:05	,	090972	,	2023	,10.2803,1999.9000,0.2056,796.3025,595588.8750,27.6899,604369.3750,1999.9000,
	2026/03/30 16:20:05	,	091972	,	2024	,10.2796,1999.9000,0.2056,796.3010,595588.8750,27.6916,604369.3750,1999.9000,
	2026/03/30 16:20:05	,	092972	,	2025	,10.2788,1999.9000,0.2056,796.2998,595588.8750,27.6930,604369.3750,1999.9000,
	2026/03/30 16:20:05	,	093972	,	2026	,10.2780,1999.9000,0.2056,796.2988,595588.8750,27.6926,604369.3750,1999.9000,
	2026/03/30 16:20:05	,	094972	,	2027	,10.2772,1999.9000,0.2056,796.2979,595588.8750,27.6877,604591.6875,1999.9000,
	2026/03/30 16:20:05	,	095972	,	2028	,10.2724,1999.9000,0.2029,796.2972,595457.1250,27.6837,604729.4375,1999.9000,
	2026/03/30 16:20:05	,	096972	,	2029	,10.2716,1999.9000,0.2004,796.2966,595422.0000,27.6803,604833.8750,1999.9000,
	2026/03/30 16:20:05	,	097972	,	2030	,10.2708,1999.9000,0.1994,796.2961,595339.8125,27.6775,604917.2500,1999.9000,
	2026/03/30 16:20:05	,	098972	,	2031	,10.2700,1999.9000,0.1946,796.2958,595227.1875,27.6751,605061.6250,1999.9000,
	2026/03/30 16:20:05	,	099972	,	2032	,10.2693,1999.9000,0.1876,796.4943,594907.7500,27.6732,605365.4375,1999.9000,
	2026/03/30 16:20:05	,	100972	,	2033	,10.2649,1999.9000,0.1824,796.4609,594699.3125,27.6715,605365.4375,1999.9000,
	2026/03/30 16:20:05	,	101972	,	2034	,10.2640,1999.9000,0.1824,796.4330,594699.3125,27.6702,605365.4375,1999.9000,
	2026/03/30 16:20:05	,	102972	,	2035	,10.2633,1999.9000,0.1824,796.4098,594699.3125,27.6690,605365.4375,1999.9000,
	2026/03/30 16:20:05	,	103972	,	2036	,10.2626,1999.9000,0.1824,796.4899,594699.3125,27.6696,605365.4375,1999.9000,
	2026/03/30 16:20:05	,	104972	,	2037	,10.2619,1999.9000,0.1824,796.6562,594699.3125,27.6701,605182.4375,1999.9000,
	2026/03/30 16:20:05	,	105972	,	2038	,10.2574,1999.9000,0.1824,796.7947,594847.6250,27.6705,605017.5000,1999.9000,
	2026/03/30 16:20:05	,	106972	,	2039	,10.2565,1999.9000,0.1848,796.8107,594884.8125,27.6723,604902.1875,1999.9000,
	2026/03/30 16:20:05	,	107972	,	2040	,10.2557,1999.9000,0.1880,796.1277,594907.4375,27.6815,604805.5000,1999.9000,
	2026/03/30 16:20:05	,	108972	,	2041	,10.2551,1999.9000,0.1907,795.5585,595038.2500,27.6892,604691.9375,1999.9000,
	2026/03/30 16:20:05	,	109972	,	2042	,10.2544,1999.9000,0.1944,795.2831,595346.3125,27.6986,604437.0625,1999.9000,
	2026/03/30 16:20:05	,	110972	,	2043	,10.2500,1999.9000,0.2014,795.2525,595642.5000,27.7064,604437.0625,1999.9000,
	2026/03/30 16:20:05	,	111972	,	2044	,10.2490,1999.9000,0.2067,795.2271,595642.5000,27.7099,604437.0625,1999.9000,
	2026/03/30 16:20:05	,	112972	,	2045	,10.2482,1999.9000,0.2071,795.2059,595642.5000,27.7052,604437.0625,1999.9000,
	2026/03/30 16:20:05	,	113972	,	2046	,10.2474,1999.9000,0.2072,794.9893,595642.5000,27.6967,604437.0625,1999.9000,
	2026/03/30 16:20:05	,	114972	,	2047	,10.2466,1999.9000,0.2073,794.8088,595642.5000,27.6896,604530.6875,1999.9000,
	2026/03/30 16:20:05	,	115972	,	2048	,10.2425,1999.9000,0.2073,794.6584,595480.3750,27.6822,604699.8125,1999.9000,
	2026/03/30 16:20:05	,	116972	,	2049	,10.2418,1999.9000,0.2073,794.5331,595395.1875,27.6699,604813.3750,1999.9000,
	2026/03/30 16:20:05	,	117972	,	2050	,10.2411,1999.9000,0.2051,794.6275,595375.5000,27.6699,604894.8750,1999.9000,
	2026/03/30 16:20:05	,	118972	,	2051	,10.2405,1999.9000,0.2040,794.7062,595286.6875,27.6596,604992.7500,1999.9000,
	2026/03/30 16:20:05	,	119972	,	2052	,10.2397,1999.9000,0.1999,794.7719,595032.9375,27.6511,605247.6875,1999.9000,
	2026/03/30 16:20:05	,	120972	,	2053	,10.2352,1999.9000,0.1928,795.3239,594675.4375,27.6440,605256.4375,1999.9000,
	2026/03/30 16:20:05	,	121972	,	2054	,10.2344,1999.9000,0.1863,794.9882,594675.4375,27.6380,605259.3750,1999.9000,
	2026/03/30 16:20:05	,	122972	,	2055	,10.2335,1999.9000,0.1855,794.8079,594675.4375,27.6331,605260.7500,1999.9000,
	2026/03/30 16:20:05	,	123972	,	2056	,10.2327,1999.9000,0.1853,795.3539,594675.4375,27.6290,605261.6250,1999.9000,
	2026/03/30 16:20:05	,	124972	,	2057	,10.2320,1999.9000,0.1852,795.8090,594675.4375,27.6317,605262.1875,1999.9000,
	2026/03/30 16:20:05	,	125972	,	2058	,10.2276,1999.9000,0.1851,796.1882,594797.0000,27.6339,605059.7500,1999.9000,
	2026/03/30 16:20:05	,	126972	,	2059	,10.2266,1999.9000,0.1851,796.3052,594897.1250,27.6403,604942.0000,1999.9000,
	2026/03/30 16:20:05	,	127972	,	2060	,10.2258,1999.9000,0.1877,795.9054,594912.8750,27.6457,604849.6250,1999.9000,
	2026/03/30 16:20:05	,	128972	,	2061	,10.2250,1999.9000,0.1902,795.5722,594933.8125,27.6501,604751.7500,1999.9000,
	2026/03/30 16:20:05	,	129972	,	2062	,10.2242,1999.9000,0.1931,795.2946,595209.8750,27.6539,604538.5625,1999.9000,
	2026/03/30 16:20:05	,	130972	,	2063	,10.2195,1999.9000,0.1995,795.0632,595596.0000,27.6585,604504.1250,1999.9000,
	2026/03/30 16:20:05	,	131972	,	2064	,10.2188,1999.9000,0.2061,794.7709,595596.0000,27.6639,604492.6875,1999.9000,
	2026/03/30 16:20:05	,	132972	,	2065	,10.2180,1999.9000,0.2090,794.5272,595596.0000,27.6668,604486.9375,1999.9000,
	2026/03/30 16:20:05	,	133972	,	2066	,10.2172,1999.9000,0.2090,794.3243,595596.0000,27.6678,604483.4375,1999.9000,
	2026/03/30 16:20:05	,	134972	,	2067	,10.2165,1999.9000,0.2090,794.5530,595596.0000,27.6686,604481.1875,1999.9000,
	2026/03/30 16:20:05	,	135972	,	2068	,10.2120,1999.9000,0.2090,794.9426,595583.3750,27.6677,604650.2500,1999.9000,
	2026/03/30 16:20:05	,	136972	,	2069	,10.2113,1999.9000,0.2090,795.2672,595409.5000,27.6655,604768.6250,1999.9000,
	2026/03/30 16:20:05	,	137972	,	2070	,10.2105,1999.9000,0.2066,795.7367,595382.9375,27.6636,604871.9375,1999.9000,
	2026/03/30 16:20:05	,	138972	,	2071	,10.2097,1999.9000,0.2043,796.1279,595358.3750,27.6620,604957.6875,1999.9000,
	2026/03/30 16:20:05	,	139972	,	2072	,10.2089,1999.9000,0.2018,796.4540,595141.3750,27.6607,605158.2500,1999.9000,
	2026/03/30 16:20:05	,	140972	,	2073	,10.2044,1999.9000,0.1956,796.7256,594785.6875,27.6596,605338.1875,1999.9000,
	2026/03/30 16:20:05	,	141972	,	2074	,10.2037,1999.9000,0.1879,797.0515,594765.3750,27.6572,605338.1875,1999.9000,
	2026/03/30 16:20:05	,	142972	,	2075	,10.2030,1999.9000,0.1874,797.4226,594758.6250,27.6551,605338.1875,1999.9000,
	2026/03/30 16:20:05	,	143972	,	2076	,10.2023,1999.9000,0.1872,797.6323,594755.2500,27.6535,605338.1875,1999.9000,
	2026/03/30 16:20:05	,	144972	,	2077	,10.1981,1999.9000,0.1871,797.7076,594753.2500,27.6520,605338.1875,1999.9000,
	2026/03/30 16:20:05	,	145972	,	2078	,10.1974,1999.9000,0.1871,797.5714,594751.8750,27.6539,605338.1875,1999.9000,
	2026/03/30 16:20:05	,	146972	,	2079	,10.1966,1999.9000,0.1870,797.4579,594873.2500,27.6555,605132.2500,1999.9000,
	2026/03/30 16:20:05	,	147972	,	2080	,10.1959,1999.9000,0.1897,797.3633,594903.0000,27.6537,604990.9375,1999.9000,
	2026/03/30 16:20:05	,	148972	,	2081	,10.1952,1999.9000,0.1922,797.2845,594927.2500,27.6523,604884.0625,1999.9000,
	2026/03/30 16:20:05	,	149972	,	2082	,10.1906,1999.9000,0.1944,797.1194,595115.7500,27.6495,604795.8750,1999.9000,
	2026/03/30 16:20:05	,	150972	,	2083	,10.1899,1999.9000,0.1996,796.8823,595115.7500,27.6457,604631.5625,1999.9000,
	2026/03/30 16:20:05	,	151972	,	2084	,10.1893,1999.9000,0.2070,796.6847,595470.2500,27.6425,604392.3750,1999.9000,
	2026/03/30 16:20:05	,	152972	,	2085	,10.1887,1999.9000,0.2110,796.5201,595588.8750,27.6399,604392.3750,1999.9000,
	2026/03/30 16:20:05	,	153972	,	2086	,10.1880,1999.9000,0.2110,796.3829,595588.8750,27.6392,604392.3750,1999.9000,
	2026/03/30 16:20:05	,	154972	,	2087	,10.1833,1999.9000,0.2110,796.1691,595588.8750,27.6387,604392.3750,1999.9000,
	2026/03/30 16:20:05	,	155972	,	2088	,10.1825,1999.9000,0.2110,795.6924,595588.8750,27.6382,604392.3750,1999.9000,
	2026/03/30 16:20:05	,	156972	,	2089	,10.1818,1999.9000,0.2110,795.6932,595588.8750,27.6378,604594.7500,1999.9000,
	2026/03/30 16:20:05	,	157972	,	2090	,10.1811,1999.9000,0.2083,795.6937,595448.8125,27.6375,604735.4375,1999.9000,
	2026/03/30 16:20:05	,	158972	,	2091	,10.1804,1999.9000,0.2073,795.6942,595410.3750,27.6403,604846.5625,1999.9000,
	2026/03/30 16:20:05	,	159972	,	2092	,10.1759,1999.9000,0.2047,795.7941,595385.8750,27.6441,604887.0625,1999.9000,
	2026/03/30 16:20:05	,	160972	,	2093	,10.1750,1999.9000,0.2011,795.8773,595242.0625,27.6550,605068.8750,1999.9000,
	2026/03/30 16:20:05	,	161972	,	2094	,10.1743,1999.9000,0.1944,795.8472,594937.0000,27.6640,605379.8750,1999.9000,
	2026/03/30 16:20:05	,	162972	,	2095	,10.1735,1999.9000,0.1905,795.6232,594687.3750,27.6715,605379.8750,1999.9000,
	2026/03/30 16:20:05	,	163972	,	2096	,10.1728,1999.9000,0.1905,795.4365,594687.3750,27.6778,605379.8750,1999.9000,
	2026/03/30 16:20:05	,	164972	,	2097	,10.1688,1999.9000,0.1905,795.4799,594687.3750,27.6754,605379.8750,1999.9000,
	2026/03/30 16:20:05	,	165972	,	2098	,10.1679,1999.9000,0.1905,795.5161,594687.3750,27.6733,605379.8750,1999.9000,
	2026/03/30 16:20:05	,	166972	,	2099	,10.1672,1999.9000,0.1905,795.3472,594687.3750,27.6717,605192.6875,1999.9000,
	2026/03/30 16:20:05	,	167972	,	2100	,10.1665,1999.9000,0.1940,795.2065,594845.8750,27.6718,605026.0000,1999.9000,
	2026/03/30 16:20:05	,	168972	,	2101	,10.1657,1999.9000,0.1969,794.9899,594881.9375,27.6720,604906.3750,1999.9000,
	2026/03/30 16:20:05	,	169972	,	2102	,10.1610,1999.9000,0.1991,794.9088,594902.5000,27.6720,604812.7500,1999.9000,
	2026/03/30 16:20:05	,	170972	,	2103	,10.1603,1999.9000,0.2026,794.8411,595022.8125,27.6721,604691.9375,1999.9000,
	2026/03/30 16:20:05	,	171972	,	2104	,10.1596,1999.9000,0.2097,794.6853,595318.9375,27.6721,604414.1250,1999.9000,
	2026/03/30 16:20:05	,	172972	,	2105	,10.1588,1999.9000,0.2150,794.5554,595650.7500,27.6722,604414.1250,1999.9000,
	2026/03/30 16:20:05	,	173972	,	2106	,10.1581,1999.9000,0.2150,794.4472,595650.7500,27.6723,604414.1250,1999.9000,
	2026/03/30 16:20:05	,	174972	,	2107	,10.1533,1999.9000,0.2150,794.3570,595650.7500,27.6632,604414.1250,1999.9000,
	2026/03/30 16:20:05	,	175972	,	2108	,10.1526,1999.9000,0.2150,794.7793,595650.7500,27.6556,604414.1250,1999.9000,
	2026/03/30 16:20:05	,	176972	,	2109	,10.1520,1999.9000,0.2150,795.1311,595650.7500,27.6416,604557.8750,1999.9000,
	2026/03/30 16:20:05	,	177972	,	2110	,10.1513,1999.9000,0.2146,795.5239,595475.0000,27.6299,604714.3125,1999.9000,
	2026/03/30 16:20:05	,	178972	,	2111	,10.1507,1999.9000,0.2098,795.8511,595388.0625,27.6187,604815.1250,1999.9000,
	2026/03/30 16:20:05	,	179972	,	2112	,10.1464,1999.9000,0.2071,796.1238,595371.9375,27.6094,604910.0000,1999.9000,
	2026/03/30 16:20:05	,	180972	,	2113	,10.1456,1999.9000,0.2036,796.3511,595348.6875,27.6016,605012.6875,1999.9000,
	2026/03/30 16:20:05	,	181972	,	2114	,10.1448,1999.9000,0.1963,796.5405,595069.2500,27.5966,605291.1250,1999.9000,
	2026/03/30 16:20:05	,	182972	,	2115	,10.1440,1999.9000,0.1901,796.6982,594701.0625,27.6001,605291.1250,1999.9000,
	2026/03/30 16:20:05	,	183972	,	2116	,10.1433,1999.9000,0.1898,796.8298,594701.0625,27.6152,605291.1250,1999.9000,
	2026/03/30 16:20:05	,	184972	,	2117	,10.1387,1999.9000,0.1897,796.7405,594701.0625,27.6339,605291.1250,1999.9000,
	2026/03/30 16:20:05	,	185972	,	2118	,10.1381,1999.9000,0.1897,796.6660,594701.0625,27.6495,605291.1250,1999.9000,
	2026/03/30 16:20:05	,	186972	,	2119	,10.1375,1999.9000,0.1896,796.6039,594701.0625,27.6625,605286.3750,1999.9000,
	2026/03/30 16:20:05	,	187972	,	2120	,10.1368,1999.9000,0.1896,796.3532,594714.0625,27.6733,605079.7500,1999.9000,
	2026/03/30 16:20:05	,	188972	,	2121	,10.1361,1999.9000,0.1925,795.9454,594875.6250,27.6824,604950.5000,1999.9000,
	2026/03/30 16:20:05	,	189972	,	2122	,10.1318,1999.9000,0.1953,795.6055,594899.5000,27.6792,604843.5625,1999.9000,
	2026/03/30 16:20:05	,	190972	,	2123	,10.1311,1999.9000,0.1985,795.3223,594922.1250,27.6735,604744.5000,1999.9000,
	2026/03/30 16:20:05	,	191972	,	2124	,10.1305,1999.9000,0.2055,795.0862,595177.6875,27.6687,604502.3125,1999.9000,
	2026/03/30 16:20:05	,	192972	,	2125	,10.1300,1999.9000,0.2122,795.0885,595561.3750,27.6648,604501.6875,1999.9000,
	2026/03/30 16:20:05	,	193972	,	2126	,10.1294,1999.9000,0.2132,795.2894,595561.3750,27.6615,604501.4375,1999.9000,
	2026/03/30 16:20:05	,	194972	,	2127	,10.1253,1999.9000,0.2135,795.4568,595561.3750,27.6587,604501.3750,1999.9000,
	2026/03/30 16:20:05	,	195972	,	2128	,10.1246,1999.9000,0.2137,795.1984,595561.3750,27.6595,604501.3125,1999.9000,
	2026/03/30 16:20:05	,	196972	,	2129	,10.1240,1999.9000,0.2138,794.9830,595561.3750,27.6662,604501.3125,1999.9000,
	2026/03/30 16:20:05	,	197972	,	2130	,10.1232,1999.9000,0.2139,794.4056,595556.8125,27.6719,604683.5000,1999.9000,
	2026/03/30 16:20:05	,	198972	,	2131	,10.1225,1999.9000,0.2112,794.7203,595411.2500,27.6765,604807.3125,1999.9000,
	2026/03/30 16:20:05	,	199972	,	2132	,10.1177,1999.9000,0.2083,794.7203,595381.7500,27.6804,604903.3750,1999.9000,
	2026/03/30 16:20:05	,	200972	,	2133	,10.1169,1999.9000,0.2054,794.9825,595360.6250,27.6837,604989.1250,1999.9000,
	2026/03/30 16:20:05	,	201972	,	2134	,10.1163,1999.9000,0.1991,795.0021,595176.5625,27.6864,605209.0000,1999.9000,
	2026/03/30 16:20:05	,	202972	,	2135	,10.1156,1999.9000,0.1919,795.0184,594823.8125,27.6886,605315.2500,1999.9000,
	2026/03/30 16:20:05	,	203972	,	2136	,10.1149,1999.9000,0.1883,795.0320,594720.7500,27.6890,605315.2500,1999.9000,
	2026/03/30 16:20:05	,	204972	,	2137	,10.1142,1999.9000,0.1883,794.8444,594720.7500,27.6893,605315.2500,1999.9000,
	2026/03/30 16:20:05	,	205972	,	2138	,10.1101,1999.9000,0.1883,794.6880,594720.7500,27.6895,605315.2500,1999.9000,
	2026/03/30 16:20:05	,	206972	,	2139	,10.1092,1999.9000,0.1883,794.7567,594720.7500,27.6913,605315.2500,1999.9000,
	2026/03/30 16:20:05	,	207972	,	2140	,10.1084,1999.9000,0.1883,794.8139,594720.7500,27.6927,605097.8750,1999.9000,
	2026/03/30 16:20:05	,	208972	,	2141	,10.1077,1999.9000,0.1911,794.6626,594849.3750,27.6878,604962.5625,1999.9000,
	2026/03/30 16:20:05	,	209972	,	2142	,10.1070,1999.9000,0.1937,794.3376,594882.4375,27.6837,604862.8750,1999.9000,
	2026/03/30 16:20:05	,	210972	,	2143	,10.1029,1999.9000,0.1964,794.0668,594902.5000,27.6864,604778.9375,1999.9000,
	2026/03/30 16:20:05	,	211972	,	2144	,10.1023,1999.9000,0.2021,793.5427,595056.1875,27.6886,604596.5000,1999.9000,
	2026/03/30 16:20:05	,	212972	,	2145	,10.1017,1999.9000,0.2095,793.1059,595414.2500,27.6905,604430.4375,1999.9000,
	2026/03/30 16:20:05	,	213972	,	2146	,10.1010,1999.9000,0.2121,792.6424,595600.7500,27.6875,604430.4375,1999.9000,
	2026/03/30 16:20:05	,	214972	,	2147	,10.1004,1999.9000,0.2121,792.2562,595600.7500,27.6850,604430.4375,1999.9000,
	2026/03/30 16:20:05	,	215972	,	2148	,10.0960,1999.9000,0.2121,791.9344,595600.7500,27.6814,604430.4375,1999.9000,
	2026/03/30 16:20:05	,	216972	,	2149	,10.0954,1999.9000,0.2121,791.6662,595600.7500,27.6784,604430.4375,1999.9000,
	2026/03/30 16:20:05	,	217972	,	2150	,10.0948,1999.9000,0.2121,791.7411,595600.7500,27.6744,604630.3750,1999.9000,
	2026/03/30 16:20:05	,	218972	,	2151	,10.0941,1999.9000,0.2088,791.8036,595448.1875,27.6710,604755.9375,1999.9000,
	2026/03/30 16:20:05	,	219972	,	2152	,10.0935,1999.9000,0.2059,792.0546,595412.4375,27.6682,604865.9375,1999.9000,
	2026/03/30 16:20:05	,	220972	,	2153	,10.0929,1999.9000,0.2037,792.2637,595390.0000,27.6658,604959.5000,1999.9000,
	2026/03/30 16:20:05	,	221972	,	2154	,10.0885,1999.9000,0.1992,792.8359,595259.3125,27.6669,605128.6875,1999.9000,
	2026/03/30 16:20:05	,	222972	,	2155	,10.0877,1999.9000,0.1914,793.4122,594969.7500,27.6694,605393.1875,1999.9000,
	2026/03/30 16:20:05	,	223972	,	2156	,10.0870,1999.9000,0.1857,793.8925,594648.0625,27.6714,605393.1875,1999.9000,
	2026/03/30 16:20:05	,	224972	,	2157	,10.0864,1999.9000,0.1857,794.2927,594648.0625,27.6732,605393.1875,1999.9000,
	2026/03/30 16:20:05	,	225972	,	2158	,10.0858,1999.9000,0.1857,794.5267,594648.0625,27.6745,605393.1875,1999.9000,
	2026/03/30 16:20:05	,	226972	,	2159	,10.0852,1999.9000,0.1857,794.8212,594648.0625,27.6772,605393.1875,1999.9000,
	2026/03/30 16:20:05	,	227972	,	2160	,10.0804,1999.9000,0.1857,795.0667,594648.0625,27.6795,605155.1875,1999.9000,
	2026/03/30 16:20:05	,	228972	,	2161	,10.0799,1999.9000,0.1858,795.2712,594814.2500,27.6814,605007.2500,1999.9000,
	2026/03/30 16:20:05	,	229972	,	2162	,10.0793,1999.9000,0.1895,795.4415,594901.2500,27.6830,604897.9375,1999.9000,
	2026/03/30 16:20:05	,	230972	,	2163	,10.0787,1999.9000,0.1924,795.5836,594917.0625,27.6782,604812.1875,1999.9000,
	2026/03/30 16:20:05	,	231972	,	2164	,10.0781,1999.9000,0.1971,795.7020,595005.5000,27.6742,604684.1250,1999.9000,
	2026/03/30 16:20:05	,	232972	,	2165	,10.0775,1999.9000,0.2048,795.4026,595284.9375,27.6693,604412.8750,1999.9000,
	2026/03/30 16:20:05	,	233972	,	2166	,10.0734,1999.9000,0.2103,795.1532,595660.8750,27.6652,604412.8750,1999.9000,
	2026/03/30 16:20:05	,	234972	,	2167	,10.0728,1999.9000,0.2103,795.2438,595660.8750,27.6619,604412.8750,1999.9000,
	2026/03/30 16:20:05	,	235972	,	2168	,10.0722,1999.9000,0.2103,795.0209,595660.8750,27.6590,604412.8750,1999.9000,
	2026/03/30 16:20:05	,	236972	,	2169	,10.0716,1999.9000,0.2103,794.8351,595660.8750,27.6567,604412.8750,1999.9000,
	2026/03/30 16:20:05	,	237972	,	2170	,10.0709,1999.9000,0.2103,794.6803,595660.8750,27.6547,604603.1875,1999.9000,
	2026/03/30 16:20:05	,	238972	,	2171	,10.0666,1999.9000,0.2101,794.5513,595488.7500,27.6531,604758.3750,1999.9000,
	2026/03/30 16:20:05	,	239972	,	2172	,10.0660,1999.9000,0.2062,794.4438,595387.4375,27.6518,604851.3750,1999.9000,
	2026/03/30 16:20:05	,	240972	,	2173	,10.0652,1999.9000,0.2040,794.4537,595363.3125,27.6506,604935.9375,1999.9000,
	2026/03/30 16:20:05	,	241972	,	2174	,10.0646,1999.9000,0.2007,794.5613,595337.9375,27.6497,605061.6250,1999.9000,
	2026/03/30 16:20:05	,	242972	,	2175	,10.0640,1999.9000,0.1933,794.6511,595082.3750,27.6497,605350.3125,1999.9000,
	2026/03/30 16:20:05	,	243972	,	2176	,10.0633,1999.9000,0.1867,794.6265,594723.1250,27.6489,605350.3125,1999.9000,
	2026/03/30 16:20:05	,	244972	,	2177	,10.0590,1999.9000,0.1857,794.6059,594723.1250,27.6513,605350.3125,1999.9000,
	2026/03/30 16:20:05	,	245972	,	2178	,10.0584,1999.9000,0.1854,794.5888,594723.1250,27.6564,605350.3125,1999.9000,
	2026/03/30 16:20:05	,	246972	,	2179	,10.0579,1999.9000,0.1853,794.3756,594723.1250,27.6636,605350.3125,1999.9000,
	2026/03/30 16:20:05	,	247972	,	2180	,10.0575,1999.9000,0.1852,794.2974,594723.1250,27.6712,605230.7500,1999.9000,
	2026/03/30 16:20:05	,	248972	,	2181	,10.0570,1999.9000,0.1851,793.9337,594731.5000,27.6760,605059.7500,1999.9000,
	2026/03/30 16:20:05	,	249972	,	2182	,10.0565,1999.9000,0.1872,793.5313,594878.6250,27.6785,604945.6250,1999.9000,
	2026/03/30 16:20:05	,	250972	,	2183	,10.0558,1999.9000,0.1895,793.1958,594903.3750,27.6760,604846.5625,1999.9000,
	2026/03/30 16:20:05	,	251972	,	2184	,10.0515,1999.9000,0.1922,792.9164,594922.1250,27.6738,604751.7500,1999.9000,
	2026/03/30 16:20:05	,	252972	,	2185	,10.0509,1999.9000,0.1988,792.7829,595136.0000,27.6767,604505.3750,1999.9000,
	2026/03/30 16:20:05	,	253972	,	2186	,10.0502,1999.9000,0.2049,792.7712,595521.5000,27.6790,604505.3750,1999.9000,
	2026/03/30 16:20:05	,	254972	,	2187	,10.0496,1999.9000,0.2054,792.8608,595537.0000,27.6810,604505.3750,1999.9000,
	2026/03/30 16:20:05	,	255972	,	2188	,10.0490,1999.9000,0.2055,793.0351,595542.1875,27.6826,604505.3750,1999.9000,
	2026/03/30 16:20:05	,	256972	,	2189	,10.0484,1999.9000,0.2056,793.1803,595544.7500,27.6794,604505.3750,1999.9000,
	2026/03/30 16:20:05	,	257972	,	2190	,10.0440,1999.9000,0.2056,793.5997,595546.2500,27.6752,604509.8750,1999.9000,
	2026/03/30 16:20:05	,	258972	,	2191	,10.0434,1999.9000,0.2057,794.3471,595547.3125,27.6732,604710.6875,1999.9000,
	2026/03/30 16:20:05	,	259972	,	2192	,10.0428,1999.9000,0.2032,795.0694,595426.1875,27.6731,604819.4375,1999.9000,
	2026/03/30 16:20:05	,	260972	,	2193	,10.0423,1999.9000,0.2009,795.6714,595393.6875,27.6730,604920.3125,1999.9000,
	2026/03/30 16:20:05	,	261972	,	2194	,10.0418,1999.9000,0.1981,796.2724,595367.5625,27.6714,605018.6875,1999.9000,
	2026/03/30 16:20:05	,	262972	,	2195	,10.0413,1999.9000,0.1916,796.7733,595175.9375,27.6716,605268.7500,1999.9000,
	2026/03/30 16:20:05	,	263972	,	2196	,10.0408,1999.9000,0.1843,797.1907,594839.2500,27.6717,605288.7500,1999.9000,
	2026/03/30 16:20:05	,	264972	,	2197	,10.0367,1999.9000,0.1819,797.5386,594692.1250,27.6672,605295.3750,1999.9000,
	2026/03/30 16:20:05	,	265972	,	2198	,10.0362,1999.9000,0.1819,797.7289,594692.1250,27.6635,605298.6875,1999.9000,
	2026/03/30 16:20:05	,	266972	,	2199	,10.0357,1999.9000,0.1819,797.7881,594692.1250,27.6604,605300.6875,1999.9000,
	2026/03/30 16:20:05	,	267972	,	2200	,10.0352,1999.9000,0.1819,797.5391,594692.1250,27.6518,605302.0625,1999.9000,
	2026/03/30 16:20:05	,	268972	,	2201	,10.0345,1999.9000,0.1819,796.6352,594692.1250,27.6445,605114.7500,1999.9000,
	2026/03/30 16:20:05	,	269972	,	2202	,10.0339,1999.9000,0.1846,795.8820,594829.7500,27.6416,604990.3125,1999.9000,
	2026/03/30 16:20:05	,	270972	,	2203	,10.0299,1999.9000,0.1870,795.2542,594862.2500,27.6391,604885.2500,1999.9000,
	2026/03/30 16:20:05	,	271972	,	2204	,10.0293,1999.9000,0.1895,794.5322,594880.3750,27.6340,604794.0625,1999.9000,
	2026/03/30 16:20:05	,	272972	,	2205	,10.0288,1999.9000,0.1950,793.8311,595027.5625,27.6297,604593.5000,1999.9000,
	2026/03/30 16:20:05	,	273972	,	2206	,10.0283,1999.9000,0.2020,793.2466,595380.3125,27.6292,604499.3125,1999.9000,
	2026/03/30 16:20:05	,	274972	,	2207	,10.0279,1999.9000,0.2049,792.8592,595606.7500,27.6303,604499.3125,1999.9000,
	2026/03/30 16:20:05	,	275972	,	2208	,10.0274,1999.9000,0.2049,792.7353,595606.7500,27.6343,604499.3125,1999.9000,
	2026/03/30 16:20:05	,	276972	,	2209	,10.0269,1999.9000,0.2049,793.0299,595606.7500,27.6376,604499.3125,1999.9000,
	2026/03/30 16:20:05	,	277972	,	2210	,10.0262,1999.9000,0.2049,793.3749,595606.7500,27.6404,604499.3125,1999.9000,
	2026/03/30 16:20:05	,	278972	,	2211	,10.0217,1999.9000,0.2049,793.6624,595606.7500,27.6427,604701.0625,1999.9000,
	2026/03/30 16:20:05	,	279972	,	2212	,10.0212,1999.9000,0.2020,793.9020,595443.4375,27.6461,604829.0625,1999.9000,
	2026/03/30 16:20:05	,	280972	,	2213	,10.0207,1999.9000,0.1993,794.1017,595360.0625,27.6490,604931.1250,1999.9000,
	2026/03/30 16:20:05	,	281972	,	2214	,10.0202,1999.9000,0.1969,794.2681,595340.6875,27.6545,605016.8750,1999.9000,
	2026/03/30 16:20:05	,	282972	,	2215	,10.0196,1999.9000,0.1921,794.1083,595242.0625,27.6620,605190.8750,1999.9000,
	2026/03/30 16:20:05	,	283972	,	2216	,10.0189,1999.9000,0.1844,793.9752,594969.7500,27.6683,605419.1875,1999.9000,
	2026/03/30 16:20:05	,	284972	,	2217	,10.0147,1999.9000,0.1792,793.8642,594614.6875,27.6706,605419.1875,1999.9000,
	2026/03/30 16:20:05	,	285972	,	2218	,10.0140,1999.9000,0.1792,793.7718,594614.6875,27.6724,605419.1875,1999.9000,
	2026/03/30 16:20:05	,	286972	,	2219	,10.0135,1999.9000,0.1792,793.6947,594614.6875,27.6770,605419.1875,1999.9000,
	2026/03/30 16:20:05	,	287972	,	2220	,10.0131,1999.9000,0.1792,794.0284,594614.6875,27.6808,605419.1875,1999.9000,
	2026/03/30 16:20:05	,	288972	,	2221	,10.0128,1999.9000,0.1792,794.3064,594614.6875,27.6840,605198.7500,1999.9000,
	2026/03/30 16:20:05	,	289972	,	2222	,10.0128,1999.9000,0.1792,794.7371,594782.1250,27.6867,605053.7500,1999.9000,
	2026/03/30 16:20:05	,	290972	,	2223	,10.0124,1999.9000,0.1818,795.0960,594879.8125,27.6889,604948.6875,1999.9000,
	2026/03/30 16:20:05	,	291972	,	2224	,10.0114,1999.9000,0.1843,795.3951,594899.8125,27.6816,604864.6875,1999.9000,
	2026/03/30 16:20:05	,	292972	,	2225	,10.0114,1999.9000,0.1866,795.6443,594925.1250,27.6755,604726.3750,1999.9000,
	2026/03/30 16:20:05	,	293972	,	2226	,10.0108,1999.9000,0.1907,795.5536,595227.8125,27.6720,604479.9375,1999.9000,
	2026/03/30 16:20:05	,	294972	,	2227	,10.0101,1999.9000,0.1978,795.4780,595605.5000,27.6766,604479.9375,1999.9000,
	2026/03/30 16:20:05	,	295972	,	2228	,10.0057,1999.9000,0.2029,795.4150,595605.5000,27.6744,604479.9375,1999.9000,
	2026/03/30 16:20:05	,	296972	,	2229	,10.0051,1999.9000,0.2029,795.2630,595605.5000,27.6726,604479.9375,1999.9000,
	2026/03/30 16:20:05	,	297972	,	2230	,10.0046,1999.9000,0.2029,794.8380,595605.5000,27.6710,604479.9375,1999.9000,
	2026/03/30 16:20:05	,	298972	,	2231	,10.0042,1999.9000,0.2029,794.3842,595605.5000,27.6697,604479.9375,1999.9000,
	2026/03/30 16:20:05	,	299972	,	2232	,10.0037,1999.9000,0.2029,794.0062,595463.6875,27.6687,604695.0000,1999.9000,
	2026/03/30 16:20:05	,	300972	,	2233	,10.0033,1999.9000,0.2003,793.7906,595355.2500,27.6678,604832.6875,1999.9000,
	2026/03/30 16:20:05	,	301972	,	2234	,10.0028,1999.9000,0.1977,793.9093,595334.7500,27.6670,604948.6875,1999.9000,
	2026/03/30 16:20:05	,	302972	,	2235	,10.0022,1999.9000,0.1953,794.1077,595310.8125,27.6633,605041.6250,1999.9000,
	2026/03/30 16:20:05	,	303972	,	2236	,10.0015,1999.9000,0.1915,794.2731,595075.8125,27.6603,605185.4375,1999.9000,
	2026/03/30 16:20:05	,	304972	,	2237	,10.0009,1999.9000,0.1838,794.4109,594721.3125,27.6578,605496.5000,1999.9000,
	2026/03/30 16:20:05	,	305972	,	2238	,10.0002,1999.9000,0.1774,794.5258,594721.3125,27.6526,605496.5000,1999.9000,
	2026/03/30 16:20:05	,	306972	,	2239	,9.9960,1999.9000,0.1768,794.7210,594721.3125,27.6483,605496.5000,1999.9000,
	2026/03/30 16:20:05	,	307972	,	2240	,9.9956,1999.9000,0.1766,794.8836,594721.3125,27.6447,605496.5000,1999.9000,
	2026/03/30 16:20:05	,	308972	,	2241	,9.9951,1999.9000,0.1765,795.2181,594721.3125,27.6417,605496.5000,1999.9000,
	2026/03/30 16:20:05	,	309972	,	2242	,9.9945,1999.9000,0.1764,795.3974,594724.1875,27.6392,605355.1875,1999.9000,
	2026/03/30 16:20:05	,	310972	,	2243	,9.9940,1999.9000,0.1764,795.5468,594859.0000,27.6371,605209.0000,1999.9000,
	2026/03/30 16:20:05	,	311972	,	2244	,9.9935,1999.9000,0.1787,795.6712,594883.1250,27.6354,605115.3750,1999.9000,
	2026/03/30 16:20:05	,	312972	,	2245	,9.9930,1999.9000,0.1796,795.6755,594895.1250,27.6355,605080.6875,1999.9000,
	2026/03/30 16:20:05	,	313972	,	2246	,9.9924,1999.9000,0.1831,795.1816,595074.0625,27.6355,604968.0000,1999.9000,
	2026/03/30 16:20:05	,	314972	,	2247	,9.9917,1999.9000,0.1893,795.2675,595442.8750,27.6432,604754.1875,1999.9000,
	2026/03/30 16:20:05	,	315972	,	2248	,9.9875,1999.9000,0.1951,795.2396,595536.3750,27.6496,604741.5000,1999.9000,
	2026/03/30 16:20:05	,	316972	,	2249	,9.9872,1999.9000,0.1954,795.2162,595536.3750,27.6565,604737.2500,1999.9000,
	2026/03/30 16:20:05	,	317972	,	2250	,9.9869,1999.9000,0.1955,795.1968,595536.3750,27.6652,604735.1250,1999.9000,
	2026/03/30 16:20:05	,	318972	,	2251	,9.9866,1999.9000,0.1955,794.6833,595536.3750,27.6726,604733.8125,1999.9000,
	2026/03/30 16:20:05	,	319972	,	2252	,9.9863,1999.9000,0.1956,794.5538,595536.3750,27.6787,604733.0000,1999.9000,
	2026/03/30 16:20:05	,	320972	,	2253	,9.9860,1999.9000,0.1956,794.6449,595392.1875,27.6837,604869.5000,1999.9000,
	2026/03/30 16:20:05	,	321972	,	2254	,9.9856,1999.9000,0.1928,794.8202,595356.1250,27.6880,604909.7500,1999.9000,
	2026/03/30 16:20:05	,	322972	,	2255	,9.9851,1999.9000,0.1900,795.0658,595331.3750,27.6915,605021.7500,1999.9000,
	2026/03/30 16:20:05	,	323972	,	2256	,9.9845,1999.9000,0.1869,795.2704,595179.5000,27.6898,605061.0000,1999.9000,
	2026/03/30 16:20:05	,	324972	,	2257	,9.9839,1999.9000,0.1801,795.5404,594873.8750,27.6931,605343.1250,1999.9000,
	2026/03/30 16:20:05	,	325972	,	2258	,9.9833,1999.9000,0.1725,795.6659,594660.5625,27.6912,605343.1250,1999.9000,
	2026/03/30 16:20:05	,	326972	,	2259	,9.9827,1999.9000,0.1690,795.7705,594660.5625,27.6896,605343.1250,1999.9000,
	2026/03/30 16:20:05	,	327972	,	2260	,9.9821,1999.9000,0.1690,795.8577,594660.5625,27.6883,605343.1250,1999.9000,
	2026/03/30 16:20:05	,	328972	,	2261	,9.9815,1999.9000,0.1690,796.0298,594660.5625,27.6871,605343.1250,1999.9000,
	2026/03/30 16:20:05	,	329972	,	2262	,9.9809,1999.9000,0.1690,796.1733,594660.5625,27.6862,605337.8125,1999.9000,
	2026/03/30 16:20:05	,	330972	,	2263	,9.9767,1999.9000,0.1690,796.4918,594803.5625,27.6855,605110.5625,1999.9000,
	2026/03/30 16:20:05	,	331972	,	2264	,9.9763,1999.9000,0.1716,796.7572,594838.6875,27.6909,604980.6875,1999.9000,
	2026/03/30 16:20:05	,	332972	,	2265	,9.9759,1999.9000,0.1737,796.6799,594858.5625,27.6955,604866.5000,1999.9000,
	2026/03/30 16:20:05	,	333972	,	2266	,9.9756,1999.9000,0.1747,796.6155,594980.5000,27.6978,604777.7500,1999.9000,
	2026/03/30 16:20:05	,	334972	,	2267	,9.9752,1999.9000,0.1806,796.5619,595307.0000,27.7012,604566.9375,1999.9000,
	2026/03/30 16:20:05	,	335972	,	2268	,9.9749,1999.9000,0.1871,796.5172,595596.0000,27.7056,604530.3750,1999.9000,
	2026/03/30 16:20:05	,	336972	,	2269	,9.9746,1999.9000,0.1879,796.4799,595596.0000,27.7123,604518.1875,1999.9000,
	2026/03/30 16:20:05	,	337972	,	2270	,9.9742,1999.9000,0.1882,796.4489,595596.0000,27.7179,604512.1250,1999.9000,
	2026/03/30 16:20:05	,	338972	,	2271	,9.9738,1999.9000,0.1884,796.4230,595596.0000,27.7164,604508.5000,1999.9000,
	2026/03/30 16:20:05	,	339972	,	2272	,9.9733,1999.9000,0.1885,796.4014,595596.0000,27.7152,604506.0625,1999.9000,
	2026/03/30 16:20:05	,	340972	,	2273	,9.9727,1999.9000,0.1885,795.7866,595440.4375,27.7142,604685.3125,1999.9000,
	2026/03/30 16:20:05	,	341972	,	2274	,9.9722,1999.9000,0.1856,795.6722,595350.5000,27.7088,604802.5000,1999.9000,
	2026/03/30 16:20:05	,	342972	,	2275	,9.9716,1999.9000,0.1826,795.7757,595334.1250,27.7042,604894.3125,1999.9000,
	2026/03/30 16:20:05	,	343972	,	2276	,9.9711,1999.9000,0.1799,795.8620,595253.9375,27.7005,604931.1250,1999.9000,
	2026/03/30 16:20:05	,	344972	,	2277	,9.9705,1999.9000,0.1747,795.9340,595005.5000,27.6973,605172.1250,1999.9000,
	2026/03/30 16:20:05	,	345972	,	2278	,9.9700,1999.9000,0.1670,796.0934,594648.6250,27.6947,605312.2500,1999.9000,
	2026/03/30 16:20:05	,	346972	,	2279	,9.9694,1999.9000,0.1617,796.2262,594648.6250,27.6925,605312.2500,1999.9000,
	2026/03/30 16:20:05	,	347972	,	2280	,9.9687,1999.9000,0.1617,796.7348,594648.6250,27.6907,605312.2500,1999.9000,
	2026/03/30 16:20:05	,	348972	,	2281	,9.9682,1999.9000,0.1617,797.1586,594648.6250,27.6892,605312.2500,1999.9000,
	2026/03/30 16:20:05	,	349972	,	2282	,9.9677,1999.9000,0.1617,797.5118,594648.6250,27.6880,605312.2500,1999.9000,
	2026/03/30 16:20:05	,	350972	,	2283	,9.9672,1999.9000,0.1617,797.8062,594785.6875,27.6869,605103.8750,1999.9000,
	2026/03/30 16:20:05	,	351972	,	2284	,9.9667,1999.9000,0.1619,797.8525,594879.2500,27.6860,604972.8125,1999.9000,
	2026/03/30 16:20:05	,	352972	,	2285	,9.9662,1999.9000,0.1655,797.8911,594897.6250,27.6853,604863.5000,1999.9000,
	2026/03/30 16:20:05	,	353972	,	2286	,9.9656,1999.9000,0.1664,797.9232,594918.6875,27.6847,604777.7500,1999.9000,
	2026/03/30 16:20:05	,	354972	,	2287	,9.9651,1999.9000,0.1709,797.3532,595195.0000,27.6842,604605.6250,1999.9000,
	2026/03/30 16:20:05	,	355972	,	2288	,9.9645,1999.9000,0.1775,796.8782,595579.2500,27.6838,604391.1875,1999.9000,
	2026/03/30 16:20:05	,	356972	,	2289	,9.9640,1999.9000,0.1811,796.4824,595579.2500,27.6850,604391.1875,1999.9000,
	2026/03/30 16:20:05	,	357972	,	2290	,9.9635,1999.9000,0.1811,795.9536,595579.2500,27.6844,604391.1875,1999.9000,
	2026/03/30 16:20:05	,	358972	,	2291	,9.9630,1999.9000,0.1811,795.4134,595579.2500,27.6855,604391.1875,1999.9000,
	2026/03/30 16:20:05	,	359972	,	2292	,9.9624,1999.9000,0.1811,795.0627,595579.2500,27.6863,604391.1875,1999.9000,
	2026/03/30 16:20:05	,	360972	,	2293	,9.9620,1999.9000,0.1811,794.9694,595486.9375,27.6886,604605.6250,1999.9000,
	2026/03/30 16:20:05	,	361972	,	2294	,9.9615,1999.9000,0.1777,794.8917,595366.0000,27.6905,604749.3750,1999.9000,
	2026/03/30 16:20:05	,	362972	,	2295	,9.9611,1999.9000,0.1743,794.6279,595340.3750,27.6905,604849.0000,1999.9000,
	2026/03/30 16:20:05	,	363972	,	2296	,9.9606,1999.9000,0.1711,794.7067,595321.8750,27.6906,604931.7500,1999.9000,
	2026/03/30 16:20:05	,	364972	,	2297	,9.9601,1999.9000,0.1668,794.7722,595128.8750,27.6860,605087.6250,1999.9000,
	2026/03/30 16:20:05	,	365972	,	2298	,9.9597,1999.9000,0.1587,794.8268,594776.7500,27.6823,605387.7500,1999.9000,
	2026/03/30 16:20:05	,	366972	,	2299	,9.9592,1999.9000,0.1522,794.8723,594756.7500,27.6822,605387.7500,1999.9000,
	2026/03/30 16:20:05	,	367972	,	2300	,9.9587,1999.9000,0.1517,794.9103,594750.1250,27.6822,605387.7500,1999.9000,
	2026/03/30 16:20:05	,	368972	,	2301	,9.9583,1999.9000,0.1515,794.5439,594746.8125,27.6821,605387.7500,1999.9000,
	2026/03/30 16:20:05	,	369972	,	2302	,9.9579,1999.9000,0.1515,794.2387,594744.8125,27.6790,605387.7500,1999.9000,
	2026/03/30 16:20:05	,	370972	,	2303	,9.9575,1999.9000,0.1514,793.9844,594743.5000,27.6748,605152.2500,1999.9000,
	2026/03/30 16:20:05	,	371972	,	2304	,9.9571,1999.9000,0.1514,793.7723,594858.3750,27.6699,604993.3125,1999.9000,
	2026/03/30 16:20:05	,	372972	,	2305	,9.9567,1999.9000,0.1517,793.4963,594889.0625,27.6688,604893.6875,1999.9000,
	2026/03/30 16:20:05	,	373972	,	2306	,9.9564,1999.9000,0.1551,793.2662,594910.5625,27.6709,604806.1250,1999.9000,
	2026/03/30 16:20:05	,	374972	,	2307	,9.9559,1999.9000,0.1575,793.0745,595094.8750,27.6727,604682.9375,1999.9000,
	2026/03/30 16:20:05	,	375972	,	2308	,9.9554,1999.9000,0.1637,792.9147,595452.3750,27.6742,604411.6875,1999.9000,
	2026/03/30 16:20:05	,	376972	,	2309	,9.9550,1999.9000,0.1693,792.7816,595569.7500,27.6739,604411.6875,1999.9000,
	2026/03/30 16:20:05	,	377972	,	2310	,9.9545,1999.9000,0.1693,792.6705,595569.7500,27.6737,604411.6875,1999.9000,
	2026/03/30 16:20:05	,	378972	,	2311	,9.9542,1999.9000,0.1693,792.5781,595569.7500,27.6750,604411.6875,1999.9000,
	2026/03/30 16:20:05	,	379972	,	2312	,9.9538,1999.9000,0.1693,792.5010,595569.7500,27.6761,604411.6875,1999.9000,
	2026/03/30 16:20:05	,	380972	,	2313	,9.9535,1999.9000,0.1693,792.6357,595569.7500,27.6771,604563.9375,1999.9000,
	2026/03/30 16:20:05	,	381972	,	2314	,9.9531,1999.9000,0.1656,792.8475,595429.7500,27.6778,604723.3750,1999.9000,
	2026/03/30 16:20:05	,	382972	,	2315	,9.9528,1999.9000,0.1615,793.4218,595394.0000,27.6785,604828.4375,1999.9000,
	2026/03/30 16:20:05	,	383972	,	2316	,9.9525,1999.9000,0.1582,793.6021,595368.0000,27.6790,604916.6250,1999.9000,
	2026/03/30 16:20:05	,	384972	,	2317	,9.9522,1999.9000,0.1549,794.0507,595208.0625,27.6794,605020.5625,1999.9000,
	2026/03/30 16:20:05	,	385972	,	2318	,9.9520,1999.9000,0.1480,794.5239,594910.2500,27.6798,605297.1250,1999.9000,
	2026/03/30 16:20:05	,	386972	,	2319	,9.9517,1999.9000,0.1406,794.9183,594662.3125,27.6801,605297.1250,1999.9000,
	2026/03/30 16:20:05	,	387972	,	2320	,9.9513,1999.9000,0.1354,795.2469,594662.3125,27.6773,605297.1250,1999.9000,
	2026/03/30 16:20:05	,	388972	,	2321	,9.9510,1999.9000,0.1331,795.4214,594662.3125,27.6703,605297.1250,1999.9000,
	2026/03/30 16:20:05	,	389972	,	2322	,9.9507,1999.9000,0.1331,795.5668,594662.3125,27.6703,605297.1250,1999.9000,
	2026/03/30 16:20:05	,	390972	,	2323	,9.9504,1999.9000,0.1331,795.3895,594662.3125,27.6676,605285.0625,1999.9000,
	2026/03/30 16:20:05	,	391972	,	2324	,9.9501,1999.9000,0.1331,795.2417,594812.5000,27.6654,605040.5000,1999.9000,
	2026/03/30 16:20:05	,	392972	,	2325	,9.9498,1999.9000,0.1331,795.1186,594894.7500,27.6650,604919.0625,1999.9000,
	2026/03/30 16:20:05	,	393972	,	2326	,9.9495,1999.9000,0.1332,794.8171,594914.3750,27.6648,604822.4375,1999.9000,
	2026/03/30 16:20:05	,	394972	,	2327	,9.9493,1999.9000,0.1334,794.4663,595008.5000,27.6645,604725.1875,1999.9000,
	2026/03/30 16:20:05	,	395972	,	2328	,9.9490,1999.9000,0.1375,794.1740,595307.5625,27.6643,604484.8125,1999.9000,
	2026/03/30 16:20:05	,	396972	,	2329	,9.9487,1999.9000,0.1375,793.8310,595661.5000,27.6642,604484.8125,1999.9000,
	2026/03/30 16:20:05	,	397972	,	2330	,9.9484,1999.9000,0.1375,793.5451,595661.5000,27.6641,604484.8125,1999.9000,
	2026/03/30 16:20:05	,	398972	,	2331	,9.9482,1999.9000,0.1375,793.3068,595661.5000,27.6655,604484.8125,1999.9000,
	2026/03/30 16:20:05	,	399972	,	2332	,9.9480,1999.9000,0.1375,793.1083,595661.5000,27.6682,604484.8125,1999.9000,
	2026/03/30 16:20:05	,	400972	,	2333	,9.9478,1999.9000,0.1326,792.8434,595661.5000,27.6704,604486.2500,1999.9000,
	2026/03/30 16:20:05	,	401972	,	2334	,9.9476,1999.9000,0.1253,792.7221,595473.2500,27.6723,604679.2500,1999.9000,
	2026/03/30 16:20:05	,	402972	,	2335	,9.9474,1999.9000,0.1180,792.6210,595368.3750,27.6738,604795.2500,1999.9000,
	2026/03/30 16:20:05	,	403972	,	2336	,9.9472,1999.9000,0.1108,792.5368,595350.7500,27.6782,604887.6250,1999.9000,
	2026/03/30 16:20:05	,	404972	,	2337	,9.9470,1999.9000,0.1040,792.5662,595329.6250,27.6818,604970.3750,1999.9000,
	2026/03/30 16:20:05	,	405972	,	2338	,9.9469,1999.9000,0.0946,792.6901,595053.1875,27.6848,605183.0625,1999.9000,
	2026/03/30 16:20:05	,	406972	,	2339	,9.9468,1999.9000,0.0830,792.7932,594692.6875,27.6874,605270.0000,1999.9000,
	2026/03/30 16:20:05	,	407972	,	2340	,9.9466,1999.9000,0.0739,792.9788,594692.6875,27.6864,605270.0000,1999.9000,
	2026/03/30 16:20:05	,	408972	,	2341	,9.9464,1999.9000,0.0662,793.1334,594692.6875,27.6810,605270.0000,1999.9000,
	2026/03/30 16:20:05	,	409972	,	2342	,9.9463,1999.9000,0.0607,793.4612,594692.6875,27.6765,605270.0000,1999.9000,
	2026/03/30 16:20:05	,	410972	,	2343	,9.9462,1999.9000,0.0597,793.7343,594692.6875,27.6728,605270.0000,1999.9000,
	2026/03/30 16:20:05	,	411972	,	2344	,9.9460,1999.9000,0.0576,793.9619,594705.6250,27.6697,605065.8125,1999.9000,
	2026/03/30 16:20:05	,	412972	,	2345	,9.9459,1999.9000,0.0566,794.1515,594876.8750,27.6671,604940.8125,1999.9000,
	2026/03/30 16:20:05	,	413972	,	2346	,9.9457,1999.9000,0.0541,794.1515,594898.6250,27.6649,604837.5625,1999.9000,
	2026/03/30 16:20:05	,	414972	,	2347	,9.9456,1999.9000,0.0538,794.4412,594919.5625,27.6632,604751.1250,1999.9000,
	2026/03/30 16:20:05	,	415972	,	2348	,9.9455,1999.9000,0.0536,794.4412,595162.1875,27.6617,604563.3125,1999.9000,
	2026/03/30 16:20:05	,	416972	,	2349	,9.9453,1999.9000,0.0535,794.5510,595547.1250,27.6635,604413.5000,1999.9000,
	2026/03/30 16:20:05	,	417972	,	2350	,9.9452,1999.9000,0.0510,794.6425,595547.1250,27.6650,604413.5000,1999.9000,
	2026/03/30 16:20:05	,	418972	,	2351	,9.9451,1999.9000,0.0508,794.7187,595547.1250,27.6632,604413.5000,1999.9000,
	2026/03/30 16:20:05	,	419972	,	2352	,9.9451,1999.9000,0.0507,794.7822,595547.1250,27.6601,604413.5000,1999.9000,
	2026/03/30 16:20:05	,	420972	,	2353	,9.9450,1999.9000,0.0455,794.9346,595547.1250,27.6576,604413.5000,1999.9000,
	2026/03/30 16:20:05	,	421972	,	2354	,9.9449,1999.9000,0.0385,795.2606,595546.6250,27.6555,604624.3125,1999.9000,
	2026/03/30 16:20:05	,	422972	,	2355	,9.9449,1999.9000,0.0320,795.6317,595426.1875,27.6537,604751.1250,1999.9000,
	2026/03/30 16:20:05	,	423972	,	2356	,9.9449,1999.9000,0.0258,796.0403,595397.8750,27.6523,604852.0000,1999.9000,
	2026/03/30 16:20:05	,	424972	,	2357	,9.9449,1999.9000,0.0200,796.3810,595378.1250,27.6526,604939.6250,1999.9000,
	2026/03/30 16:20:05	,	425972	,	2358	,9.9448,1999.9000,0.0126,796.7643,595188.4375,27.6529,605124.3750,1999.9000,
	2026/03/30 16:20:05	,	426972	,	2359	,9.9449,1999.9000,0.0016,797.0837,594829.7500,27.6546,605348.5000,1999.9000,
	2026/03/30 16:20:05	,	427972	,	2360	,9.9449,1999.9000,-0.0077,797.3500,594715.9375,27.6560,605348.5000,1999.9000,
	2026/03/30 16:20:05	,	428972	,	2361	,9.9449,1999.9000,-0.0155,797.7567,594715.9375,27.6573,605348.5000,1999.9000,
	2026/03/30 16:20:05	,	429972	,	2362	,9.9449,1999.9000,-0.0211,797.7567,594715.9375,27.6567,605348.5000,1999.9000,
	2026/03/30 16:20:05	,	430972	,	2363	,9.9449,1999.9000,-0.0212,797.9108,594715.9375,27.6578,605348.5000,1999.9000,
	2026/03/30 16:20:05	,	431972	,	2364	,9.9449,1999.9000,-0.0212,798.0391,594715.9375,27.6588,605120.1875,1999.9000,
	2026/03/30 16:20:05	,	432972	,	2365	,9.9448,1999.9000,-0.0213,798.2352,594846.4375,27.6626,604962.5625,1999.9000,
	2026/03/30 16:20:05	,	433972	,	2366	,9.9448,1999.9000,-0.0213,798.2352,594878.0000,27.6658,604854.4375,1999.9000,
	2026/03/30 16:20:05	,	434972	,	2367	,9.9448,1999.9000,-0.0213,798.2100,594898.4375,27.6730,604814.6250,1999.9000,
	2026/03/30 16:20:05	,	435972	,	2368	,9.9448,1999.9000,-0.0213,797.6917,595064.5000,27.6790,604641.2500,1999.9000,
	2026/03/30 16:20:05	,	436972	,	2369	,9.9447,1999.9000,-0.0211,797.4586,595414.2500,27.6840,604363.3750,1999.9000,
	2026/03/30 16:20:05	,	437972	,	2370	,9.9447,1999.9000,-0.0209,797.2645,595596.0000,27.6882,604363.3750,1999.9000,
	2026/03/30 16:20:05	,	438972	,	2371	,9.9447,1999.9000,-0.0207,797.1027,595596.0000,27.6917,604363.3750,1999.9000,
	2026/03/30 16:20:05	,	439972	,	2372	,9.9447,1999.9000,-0.0206,796.9678,595596.0000,27.6977,604363.3750,1999.9000,
	2026/03/30 16:20:05	,	440972	,	2373	,9.9448,1999.9000,-0.0205,796.8554,595596.0000,27.6995,604363.3750,1999.9000,
	2026/03/30 16:20:05	,	441972	,	2374	,9.9448,1999.9000,-0.0260,796.7618,595596.0000,27.6996,604574.8125,1999.9000,
	2026/03/30 16:20:05	,	442972	,	2375	,9.9449,1999.9000,-0.0317,796.7832,595438.6875,27.6935,604717.3125,1999.9000,
	2026/03/30 16:20:05	,	443972	,	2376	,9.9449,1999.9000,-0.0374,796.8011,595357.6875,27.6885,604812.7500,1999.9000,
	2026/03/30 16:20:05	,	444972	,	2377	,9.9450,1999.9000,-0.0427,796.8160,595338.0000,27.6904,604897.9375,1999.9000,
	2026/03/30 16:20:05	,	445972	,	2378	,9.9452,1999.9000,-0.0481,796.8284,595235.5000,27.6981,605028.9375,1999.9000,
	2026/03/30 16:20:05	,	446972	,	2379	,9.9453,1999.9000,-0.0571,796.8387,594946.5000,27.7060,605326.7500,1999.9000,
	2026/03/30 16:20:05	,	447972	,	2380	,9.9454,1999.9000,-0.0659,796.8473,594657.5625,27.7127,605326.7500,1999.9000,
	2026/03/30 16:20:05	,	448972	,	2381	,9.9455,1999.9000,-0.0725,796.8544,594657.5625,27.7059,605326.7500,1999.9000,
	2026/03/30 16:20:05	,	449972	,	2382	,9.9455,1999.9000,-0.0779,796.8604,594657.5625,27.7126,605326.7500,1999.9000,
	2026/03/30 16:20:05	,	450972	,	2383	,9.9456,1999.9000,-0.0779,796.8654,594657.5625,27.7181,605326.7500,1999.9000,
	2026/03/30 16:20:05	,	451972	,	2384	,9.9457,1999.9000,-0.0779,796.8696,594657.5625,27.7227,605326.7500,1999.9000,
	2026/03/30 16:20:05	,	452972	,	2385	,9.9458,1999.9000,-0.0779,797.1715,594657.5625,27.7143,605203.5625,1999.9000,
	2026/03/30 16:20:05	,	453972	,	2386	,9.9460,1999.9000,-0.0779,797.4231,594816.6250,27.7074,605035.6250,1999.9000,
	2026/03/30 16:20:05	,	454972	,	2387	,9.9461,1999.9000,-0.0779,797.6328,594855.9375,27.6985,604913.0000,1999.9000,
	2026/03/30 16:20:05	,	455972	,	2388	,9.9463,1999.9000,-0.0779,797.8074,594879.7500,27.6911,604808.5625,1999.9000,
	2026/03/30 16:20:05	,	456972	,	2389	,9.9465,1999.9000,-0.0739,797.6546,594999.5625,27.6850,604702.8125,1999.9000,
	2026/03/30 16:20:05	,	457972	,	2390	,9.9467,1999.9000,-0.0730,797.3283,595277.1875,27.6798,604453.3750,1999.9000,
	2026/03/30 16:20:05	,	458972	,	2391	,9.9470,1999.9000,-0.0727,797.0564,595645.3750,27.6725,604453.3750,1999.9000,
	2026/03/30 16:20:05	,	459972	,	2392	,9.9472,1999.9000,-0.0725,797.0287,595645.3750,27.6633,604453.3750,1999.9000,
	2026/03/30 16:20:05	,	460972	,	2393	,9.9474,1999.9000,-0.0725,797.0057,595645.3750,27.6557,604453.3750,1999.9000,
	2026/03/30 16:20:05	,	461972	,	2394	,9.9477,1999.9000,-0.0724,796.7875,595645.3750,27.6524,604453.3750,1999.9000,
	2026/03/30 16:20:05	,	462972	,	2395	,9.9479,1999.9000,-0.0772,796.5063,595507.7500,27.6527,604463.3750,1999.9000,
	2026/03/30 16:20:05	,	463972	,	2396	,9.9482,1999.9000,-0.0823,796.0729,595398.1875,27.6530,604685.3125,1999.9000,
	2026/03/30 16:20:05	,	464972	,	2397	,9.9484,1999.9000,-0.0874,795.6123,595376.6875,27.6532,604784.3750,1999.9000,
	2026/03/30 16:20:05	,	465972	,	2398	,9.9487,1999.9000,-0.0926,795.2285,595296.3125,27.6549,604874.9375,1999.9000,
	2026/03/30 16:20:05	,	466972	,	2399	,9.9489,1999.9000,-0.0926,794.9087,595296.3125,27.6578,604969.7500,1999.9000,
	2026/03/30 16:20:05	,	467972	,	2400	,9.9492,1999.9000,-0.1013,794.7416,595080.0000,27.6602,605225.2500,1999.9000,
	2026/03/30 16:20:05	,	468972	,	2401	,9.9494,1999.9000,-0.1125,794.5029,594721.3125,27.6622,605244.3125,1999.9000,
	2026/03/30 16:20:05	,	469972	,	2402	,9.9496,1999.9000,-0.1220,794.3040,594721.3125,27.6655,605250.6875,1999.9000,
	2026/03/30 16:20:05	,	470972	,	2403	,9.9499,1999.9000,-0.1313,794.1382,594721.3125,27.6697,605253.8750,1999.9000,
	2026/03/30 16:20:05	,	471972	,	2404	,9.9502,1999.9000,-0.1391,794.0001,594721.3125,27.6732,605255.7500,1999.9000,
	2026/03/30 16:20:05	,	472972	,	2405	,9.9504,1999.9000,-0.1442,793.8849,594721.3125,27.6746,605257.0000,1999.9000,
	2026/03/30 16:20:05	,	473972	,	2406	,9.9507,1999.9000,-0.1485,793.7890,594729.6875,27.6758,605062.8125,1999.9000,
	2026/03/30 16:20:05	,	474972	,	2407	,9.9510,1999.9000,-0.1528,793.9080,594884.6250,27.6768,604929.9375,1999.9000,
	2026/03/30 16:20:05	,	475972	,	2408	,9.9513,1999.9000,-0.1539,794.0071,594911.6875,27.6776,604827.2500,1999.9000,
	2026/03/30 16:20:05	,	476972	,	2409	,9.9517,1999.9000,-0.1542,794.0898,594933.5625,27.6783,604788.0000,1999.9000,
	2026/03/30 16:20:05	,	477972	,	2410	,9.9520,1999.9000,-0.1546,794.1586,595159.2500,27.6788,604535.5625,1999.9000,
	2026/03/30 16:20:05	,	478972	,	2411	,9.9520,1999.9000,-0.1549,794.2161,595535.7500,27.6823,604429.1875,1999.9000,
	2026/03/30 16:20:05	,	479972	,	2412	,9.9527,1999.9000,-0.1552,794.6617,595547.6875,27.6822,604429.1875,1999.9000,
	2026/03/30 16:20:05	,	480972	,	2413	,9.9531,1999.9000,-0.1592,795.2322,595551.6250,27.6821,604429.1875,1999.9000,
	2026/03/30 16:20:05	,	481972	,	2414	,9.9531,1999.9000,-0.1592,795.7075,595553.6250,27.6820,604429.1875,1999.9000,
	2026/03/30 16:20:05	,	482972	,	2415	,9.9535,1999.9000,-0.1593,796.1036,595554.8750,27.6790,604429.1875,1999.9000,
	2026/03/30 16:20:05	,	483972	,	2416	,9.9539,1999.9000,-0.1641,796.3342,595555.6250,27.6764,604617.0625,1999.9000,
	2026/03/30 16:20:05	,	484972	,	2417	,9.9544,1999.9000,-0.1685,796.4269,595420.8125,27.6742,604746.9375,1999.9000,
	2026/03/30 16:20:05	,	485972	,	2418	,9.9551,1999.9000,-0.1731,796.5042,595385.3750,27.6724,604852.0000,1999.9000,
	2026/03/30 16:20:05	,	486972	,	2419	,9.9551,1999.9000,-0.1777,796.5685,595361.8125,27.6709,604936.5625,1999.9000,
	2026/03/30 16:20:05	,	487972	,	2420	,9.9556,1999.9000,-0.1846,796.6222,595183.0625,27.6666,605123.8125,1999.9000,
	2026/03/30 16:20:05	,	488972	,	2421	,9.9560,1999.9000,-0.1952,796.6669,594854.1875,27.6630,605333.3750,1999.9000,
	2026/03/30 16:20:05	,	489972	,	2422	,9.9565,1999.9000,-0.2039,796.5052,594720.7500,27.6630,605333.3750,1999.9000,
	2026/03/30 16:20:05	,	490972	,	2423	,9.9569,1999.9000,-0.2109,796.3705,594720.7500,27.6631,605333.3750,1999.9000,
	2026/03/30 16:20:05	,	491972	,	2424	,9.9573,1999.9000,-0.2162,796.2582,594720.7500,27.6631,605333.3750,1999.9000,
	2026/03/30 16:20:05	,	492972	,	2425	,9.9578,1999.9000,-0.2172,796.1646,594720.7500,27.6631,605333.3750,1999.9000,
	2026/03/30 16:20:05	,	493972	,	2426	,9.9582,1999.9000,-0.2176,796.0866,594720.7500,27.6632,605107.5000,1999.9000,
	2026/03/30 16:20:05	,	494972	,	2427	,9.9587,1999.9000,-0.2179,795.5242,594849.3750,27.6601,604967.3750,1999.9000,
	2026/03/30 16:20:05	,	495972	,	2428	,9.9592,1999.9000,-0.2180,795.0555,594877.1250,27.6576,604861.1250,1999.9000,
	2026/03/30 16:20:05	,	496972	,	2429	,9.9596,1999.9000,-0.2181,794.6651,594895.5000,27.6555,604777.7500,1999.9000,
	2026/03/30 16:20:05	,	497972	,	2430	,9.9602,1999.9000,-0.2182,794.4391,595038.2500,27.6522,604623.7500,1999.9000,
	2026/03/30 16:20:05	,	498972	,	2431	,9.9607,1999.9000,-0.2184,794.3503,595376.6875,27.6495,604381.5000,1999.9000,
	2026/03/30 16:20:05	,	499972	,	2432	,9.9611,1999.9000,-0.2187,794.2763,595613.8750,27.6472,604381.5000,1999.9000,
	2026/03/30 16:20:05	,	500972	,	2433	,9.9616,1999.9000,-0.2217,794.2147,595613.8750,27.6453,604381.5000,1999.9000,
	2026/03/30 16:20:05	,	501972	,	2434	,9.9622,1999.9000,-0.2219,794.1633,595613.8750,27.6437,604381.5000,1999.9000,
	2026/03/30 16:20:05	,	502972	,	2435	,9.9628,1999.9000,-0.2220,794.1204,595613.8750,27.6440,604381.5000,1999.9000,
	2026/03/30 16:20:05	,	503972	,	2436	,9.9634,1999.9000,-0.2287,794.1842,595613.8750,27.6426,604589.8750,1999.9000,
	2026/03/30 16:20:05	,	504972	,	2437	,9.9639,1999.9000,-0.2351,794.1379,595450.6250,27.6430,604721.5625,1999.9000,
	2026/03/30 16:20:05	,	505972	,	2438	,9.9645,1999.9000,-0.2411,794.0993,595410.6250,27.6449,604812.7500,1999.9000,
	2026/03/30 16:20:05	,	506972	,	2439	,9.9650,1999.9000,-0.2470,794.3655,595385.6250,27.6464,604904.5625,1999.9000,
	2026/03/30 16:20:05	,	507972	,	2440	,9.9657,1999.9000,-0.2536,794.5874,595279.0000,27.6477,605048.9375,1999.9000,
	2026/03/30 16:20:05	,	508972	,	2441	,9.9662,1999.9000,-0.2641,794.7723,595014.5000,27.6503,605341.8750,1999.9000,
	2026/03/30 16:20:05	,	509972	,	2442	,9.9668,1999.9000,-0.2743,794.9263,594656.9375,27.6524,605341.8750,1999.9000,
	2026/03/30 16:20:05	,	510972	,	2443	,9.9674,1999.9000,-0.2825,795.1542,594656.9375,27.6527,605341.8750,1999.9000,
	2026/03/30 16:20:05	,	511972	,	2444	,9.9680,1999.9000,-0.2894,795.2446,594656.9375,27.6530,605341.8750,1999.9000,
	2026/03/30 16:20:05	,	512972	,	2445	,9.9686,1999.9000,-0.2936,795.3199,594656.9375,27.6547,605341.8750,1999.9000,
	2026/03/30 16:20:05	,	513972	,	2446	,9.9692,1999.9000,-0.2943,795.3828,594656.9375,27.6592,605158.2500,1999.9000,
	2026/03/30 16:20:05	,	514972	,	2447	,9.9699,1999.9000,-0.2950,795.4351,594825.6250,27.6629,605003.0000,1999.9000,
	2026/03/30 16:20:05	,	515972	,	2448	,9.9705,1999.9000,-0.2976,795.3792,594912.0000,27.6691,604890.6875,1999.9000,
	2026/03/30 16:20:05	,	516972	,	2449	,9.9712,1999.9000,-0.2978,795.3327,594931.0625,27.6743,604806.1250,1999.9000,
	2026/03/30 16:20:05	,	517972	,	2450	,9.9718,1999.9000,-0.2980,795.0950,594953.7500,27.6816,604684.6875,1999.9000,
	2026/03/30 16:20:05	,	518972	,	2451	,9.9725,1999.9000,-0.2984,794.8968,595259.9375,27.6907,604411.0625,1999.9000,
	2026/03/30 16:20:05	,	519972	,	2452	,9.9765,1999.9000,-0.2987,794.5327,595641.8750,27.6983,604411.0625,1999.9000,
	2026/03/30 16:20:05	,	520972	,	2453	,9.9768,1999.9000,-0.2989,794.2294,595641.8750,27.7047,604411.0625,1999.9000,
	2026/03/30 16:20:05	,	521972	,	2454	,9.9771,1999.9000,-0.3016,793.9766,595641.8750,27.7116,604411.0625,1999.9000,
	2026/03/30 16:20:05	,	522972	,	2455	,9.9774,1999.9000,-0.3049,793.9649,595641.8750,27.7173,604411.0625,1999.9000,
	2026/03/30 16:20:05	,	523972	,	2456	,9.9778,1999.9000,-0.3128,793.9551,595641.8750,27.7205,604528.3125,1999.9000,
	2026/03/30 16:20:05	,	524972	,	2457	,9.9781,1999.9000,-0.3209,793.9470,595515.5000,27.7232,604676.8750,1999.9000,
	2026/03/30 16:20:05	,	525972	,	2458	,9.9786,1999.9000,-0.3285,793.6418,595400.5625,27.7224,604784.3750,1999.9000,
	2026/03/30 16:20:05	,	526972	,	2459	,9.9791,1999.9000,-0.3358,793.6859,595375.5000,27.7217,604882.8125,1999.9000,
	2026/03/30 16:20:05	,	527972	,	2460	,9.9797,1999.9000,-0.3428,793.7226,595350.8750,27.7211,604996.3750,1999.9000,
	2026/03/30 16:20:05	,	528972	,	2461	,9.9803,1999.9000,-0.3529,793.9521,595118.1250,27.7206,605258.5000,1999.9000,
	2026/03/30 16:20:05	,	529972	,	2462	,9.9844,1999.9000,-0.3647,794.0440,594769.0000,27.7202,605258.5000,1999.9000,
	2026/03/30 16:20:05	,	530972	,	2463	,9.9847,1999.9000,-0.3737,794.2199,594765.7500,27.7199,605258.5000,1999.9000,
	2026/03/30 16:20:05	,	531972	,	2464	,9.9851,1999.9000,-0.3818,794.3666,594764.6250,27.7166,605258.5000,1999.9000,
	2026/03/30 16:20:05	,	532972	,	2465	,9.9856,1999.9000,-0.3878,794.4888,594764.1250,27.7138,605258.5000,1999.9000,
	2026/03/30 16:20:05	,	533972	,	2466	,9.9861,1999.9000,-0.3904,794.5907,594763.8125,27.7115,605252.6875,1999.9000,
	2026/03/30 16:20:05	,	534972	,	2467	,9.9864,1999.9000,-0.3926,794.6756,594763.5625,27.7096,605029.5625,1999.9000,
	2026/03/30 16:20:05	,	535972	,	2468	,9.9869,1999.9000,-0.3954,794.7463,594881.0000,27.7049,604915.4375,1999.9000,
	2026/03/30 16:20:05	,	536972	,	2469	,9.9875,1999.9000,-0.3984,794.7058,594904.5625,27.6980,604822.4375,1999.9000,
	2026/03/30 16:20:05	,	537972	,	2470	,9.9881,1999.9000,-0.3991,794.1746,594927.6875,27.6922,604732.3750,1999.9000,
	2026/03/30 16:20:05	,	538972	,	2471	,9.9887,1999.9000,-0.3996,793.7320,595149.1250,27.6874,604503.5000,1999.9000,
	2026/03/30 16:20:05	,	539972	,	2472	,9.9893,1999.9000,-0.4000,793.3632,595507.7500,27.6834,604473.6250,1999.9000,
	2026/03/30 16:20:05	,	540972	,	2473	,9.9937,1999.9000,-0.4004,793.0558,595545.8750,27.6801,604463.6875,1999.9000,
	2026/03/30 16:20:05	,	541972	,	2474	,9.9942,1999.9000,-0.4029,792.8990,595558.5625,27.6772,604458.6875,1999.9000,
	2026/03/30 16:20:05	,	542972	,	2475	,9.9946,1999.9000,-0.4074,792.8680,595565.0000,27.6780,604455.7500,1999.9000,
	2026/03/30 16:20:05	,	543972	,	2476	,9.9950,1999.9000,-0.4150,792.8421,595568.8125,27.6786,604453.7500,1999.9000,
	2026/03/30 16:20:05	,	544972	,	2477	,9.9955,1999.9000,-0.4237,792.8205,595571.3750,27.6791,604640.6250,1999.9000,
	2026/03/30 16:20:05	,	545972	,	2478	,9.9960,1999.9000,-0.4318,792.9020,595436.8750,27.6811,604755.4375,1999.9000,
	2026/03/30 16:20:05	,	546972	,	2479	,9.9965,1999.9000,-0.4394,793.1688,595401.7500,27.6827,604845.9375,1999.9000,
	2026/03/30 16:20:05	,	547972	,	2480	,9.9971,1999.9000,-0.4467,793.3912,595377.6875,27.6825,604931.1250,1999.9000,
	2026/03/30 16:20:05	,	548972	,	2481	,9.9977,1999.9000,-0.4558,793.5765,595211.6875,27.6824,605149.8125,1999.9000,
	2026/03/30 16:20:05	,	549972	,	2482	,10.0017,1999.9000,-0.4683,793.5320,594892.3125,27.6823,605292.9375,1999.9000,
	2026/03/30 16:20:05	,	550972	,	2483	,10.0023,1999.9000,-0.4791,793.3955,594681.4375,27.6822,605292.9375,1999.9000,
	2026/03/30 16:20:05	,	551972	,	2484	,10.0027,1999.9000,-0.4889,793.2817,594681.4375,27.6805,605292.9375,1999.9000,
	2026/03/30 16:20:05	,	552972	,	2485	,10.0032,1999.9000,-0.4969,793.4853,594681.4375,27.6807,605292.9375,1999.9000,
	2026/03/30 16:20:05	,	553972	,	2486	,10.0037,1999.9000,-0.5013,793.7544,594681.4375,27.6793,605292.9375,1999.9000,
	2026/03/30 16:20:05	,	554972	,	2487	,10.0042,1999.9000,-0.5038,793.9786,594681.4375,27.6767,605076.6875,1999.9000,
	2026/03/30 16:20:05	,	555972	,	2488	,10.0047,1999.9000,-0.5065,794.1655,594824.3750,27.6760,604939.0000,1999.9000,
	2026/03/30 16:20:05	,	556972	,	2489	,10.0053,1999.9000,-0.5091,794.7191,594907.7500,27.6754,604828.4375,1999.9000,
	2026/03/30 16:20:05	,	557972	,	2490	,10.0094,1999.9000,-0.5122,795.1804,594925.3750,27.6749,604733.6250,1999.9000,
	2026/03/30 16:20:05	,	558972	,	2491	,10.0102,1999.9000,-0.5126,795.5649,595031.1250,27.6745,604564.5625,1999.9000,
	2026/03/30 16:20:05	,	559972	,	2492	,10.0107,1999.9000,-0.5129,795.8853,595348.6875,27.6742,604383.3125,1999.9000,
	2026/03/30 16:20:05	,	560972	,	2493	,10.0112,1999.9000,-0.5132,795.8853,595649.0000,27.6739,604383.3125,1999.9000,
	2026/03/30 16:20:05	,	561972	,	2494	,10.0118,1999.9000,-0.5161,796.7561,595649.0000,27.6721,604383.3125,1999.9000,
	2026/03/30 16:20:05	,	562972	,	2495	,10.0122,1999.9000,-0.5204,796.9774,595649.0000,27.6661,604383.3125,1999.9000,
	2026/03/30 16:20:05	,	563972	,	2496	,10.0128,1999.9000,-0.5279,797.0624,595649.0000,27.6672,604383.3125,1999.9000,
	2026/03/30 16:20:05	,	564972	,	2497	,10.0134,1999.9000,-0.5376,797.1332,595649.0000,27.6711,604594.1250,1999.9000,
	2026/03/30 16:20:05	,	565972	,	2498	,10.0180,1999.9000,-0.5469,796.9933,595477.3750,27.6744,604724.0000,1999.9000,
	2026/03/30 16:20:05	,	566972	,	2499	,10.0183,1999.9000,-0.5558,797.0756,595390.4375,27.6771,604825.4375,1999.9000,
	2026/03/30 16:20:05	,	567972	,	2500	,10.0188,1999.9000,-0.5642,797.1442,595369.0000,27.6825,604913.6250,1999.9000,
	2026/03/30 16:20:05	,	568972	,	2501	,10.0192,1999.9000,-0.5733,797.2015,595280.8125,27.6884,605061.0000,1999.9000,
	2026/03/30 16:20:05	,	569972	,	2502	,10.0197,1999.9000,-0.5863,797.1497,595038.2500,27.6965,605357.5625,1999.9000,
	2026/03/30 16:20:05	,	570972	,	2503	,10.0202,1999.9000,-0.5990,797.0070,594688.5625,27.7031,605357.5625,1999.9000,
	2026/03/30 16:20:05	,	571972	,	2504	,10.0208,1999.9000,-0.6096,796.7886,594688.5625,27.7087,605357.5625,1999.9000,
	2026/03/30 16:20:05	,	572972	,	2505	,10.0249,1999.9000,-0.6191,796.7061,594688.5625,27.7134,605357.5625,1999.9000,
	2026/03/30 16:20:05	,	573972	,	2506	,10.0254,1999.9000,-0.6255,796.7368,594688.5625,27.7172,605357.5625,1999.9000,
	2026/03/30 16:20:05	,	574972	,	2507	,10.0260,1999.9000,-0.6289,796.8619,594688.5625,27.7204,605139.5625,1999.9000,
	2026/03/30 16:20:05	,	575972	,	2508	,10.0266,1999.9000,-0.6325,796.8666,594812.5000,27.7231,604989.1250,1999.9000,
	2026/03/30 16:20:05	,	576972	,	2509	,10.0271,1999.9000,-0.6367,796.7711,594919.1250,27.7254,604882.1875,1999.9000,
	2026/03/30 16:20:05	,	577972	,	2510	,10.0277,1999.9000,-0.6410,796.4927,594939.3750,27.7242,604790.4375,1999.9000,
	2026/03/30 16:20:05	,	578972	,	2511	,10.0317,1999.9000,-0.6437,796.2605,594958.2500,27.7232,604655.0625,1999.9000,
	2026/03/30 16:20:05	,	579972	,	2512	,10.0322,1999.9000,-0.6441,796.5644,595220.5625,27.7224,604376.0625,1999.9000,
	2026/03/30 16:20:05	,	580972	,	2513	,10.0327,1999.9000,-0.6443,796.8177,595606.1250,27.7217,604376.0625,1999.9000,
	2026/03/30 16:20:05	,	581972	,	2514	,10.0333,1999.9000,-0.6445,796.7303,595606.1250,27.7211,604376.0625,1999.9000,
	2026/03/30 16:20:05	,	582972	,	2515	,10.0338,1999.9000,-0.6480,796.4586,595606.1250,27.7176,604376.0625,1999.9000,
	2026/03/30 16:20:05	,	583972	,	2516	,10.0345,1999.9000,-0.6536,796.2322,595606.1250,27.7177,604376.0625,1999.9000,
	2026/03/30 16:20:05	,	584972	,	2517	,10.0388,1999.9000,-0.6625,796.0435,595606.1250,27.7132,604542.7500,1999.9000,
	2026/03/30 16:20:05	,	585972	,	2518	,10.0392,1999.9000,-0.6720,796.0852,595593.1875,27.7080,604699.1875,1999.9000,
	2026/03/30 16:20:05	,	586972	,	2519	,10.0397,1999.9000,-0.6817,796.5178,595413.0625,27.7051,604794.0625,1999.9000,
	2026/03/30 16:20:05	,	587972	,	2520	,10.0402,1999.9000,-0.6912,796.8784,595388.9375,27.7042,604885.8750,1999.9000,
	2026/03/30 16:20:05	,	588972	,	2521	,10.0408,1999.9000,-0.7008,797.1788,595368.9375,27.7035,604993.3125,1999.9000,
	2026/03/30 16:20:05	,	589972	,	2522	,10.0413,1999.9000,-0.7137,797.4291,595161.6250,27.7029,605266.9375,1999.9000,
	2026/03/30 16:20:05	,	590972	,	2523	,10.0454,1999.9000,-0.7278,797.6378,594797.0000,27.7024,605266.9375,1999.9000,
	2026/03/30 16:20:05	,	591972	,	2524	,10.0458,1999.9000,-0.7394,797.8117,594767.1875,27.7020,605266.9375,1999.9000,
	2026/03/30 16:20:05	,	592972	,	2525	,10.0463,1999.9000,-0.7499,797.9566,594757.2500,27.7017,605266.9375,1999.9000,
	2026/03/30 16:20:05	,	593972	,	2526	,10.0469,1999.9000,-0.7578,798.4752,594752.3125,27.7014,605266.9375,1999.9000,
	2026/03/30 16:20:05	,	594972	,	2527	,10.0475,1999.9000,-0.7622,798.5095,594749.3125,27.7012,605253.4375,1999.9000,
	2026/03/30 16:20:05	,	595972	,	2528	,10.0481,1999.9000,-0.7660,798.5380,594747.3125,27.7010,605008.4375,1999.9000,
	2026/03/30 16:20:05	,	596972	,	2529	,10.0523,1999.9000,-0.7700,798.2634,594863.7500,27.6992,604894.3125,1999.9000,
	2026/03/30 16:20:05	,	597972	,	2530	,10.0530,1999.9000,-0.7742,798.0347,594896.5000,27.6963,604795.2500,1999.9000,
	2026/03/30 16:20:05	,	598972	,	2531	,10.0536,1999.9000,-0.7786,797.5455,594916.9375,27.6939,604698.0000,1999.9000,
	2026/03/30 16:20:05	,	599972	,	2532	,10.0543,1999.9000,-0.7791,796.8395,595100.8750,27.6903,604452.1875,1999.9000,
	2026/03/30 16:20:05	,	600972	,	2533	,10.0549,1999.9000,-0.7795,796.1517,595462.5000,27.6873,604452.1875,1999.9000,
	2026/03/30 16:20:05	,	601972	,	2534	,10.0556,1999.9000,-0.7800,795.3795,595598.3750,27.6848,604452.1875,1999.9000,
	2026/03/30 16:20:05	,	602972	,	2535	,10.0602,1999.9000,-0.7836,794.4377,595598.3750,27.6828,604452.1875,1999.9000,
	2026/03/30 16:20:05	,	603972	,	2536	,10.0608,1999.9000,-0.7877,793.1554,595598.3750,27.6780,604452.1875,1999.9000,
	2026/03/30 16:20:05	,	604972	,	2537	,10.0614,1999.9000,-0.7877,793.1554,595598.3750,27.6771,604454.1875,1999.9000,
	2026/03/30 16:20:05	,	605972	,	2538	,10.0619,1999.9000,-0.8040,791.1964,595598.3750,27.6779,604454.1875,1999.9000,
	2026/03/30 16:20:05	,	606972	,	2539	,10.0625,1999.9000,-0.8125,790.4543,595452.3750,27.6816,604746.9375,1999.9000,
	2026/03/30 16:20:05	,	607972	,	2540	,10.0666,1999.9000,-0.8209,789.8359,595417.8125,27.6770,604746.9375,1999.9000,
	2026/03/30 16:20:05	,	608972	,	2541	,10.0670,1999.9000,-0.8287,790.4149,595394.0000,27.6747,604841.1250,1999.9000,
	2026/03/30 16:20:05	,	609972	,	2542	,10.0675,1999.9000,-0.8383,790.8972,595247.4375,27.6713,604941.3750,1999.9000,
	2026/03/30 16:20:05	,	610972	,	2543	,10.0682,1999.9000,-0.8511,791.2993,594944.7500,27.6684,605180.0000,1999.9000,
	2026/03/30 16:20:05	,	611972	,	2544	,10.0689,1999.9000,-0.8620,792.0322,594693.9375,27.6661,605215.9375,1999.9000,
	2026/03/30 16:20:05	,	612972	,	2545	,10.0694,1999.9000,-0.8719,792.6430,594693.9375,27.6656,605227.9375,1999.9000,
	2026/03/30 16:20:05	,	613972	,	2546	,10.0738,1999.9000,-0.8805,793.1520,594693.9375,27.6652,605233.9375,1999.9000,
	2026/03/30 16:20:05	,	614972	,	2547	,10.0743,1999.9000,-0.8860,793.1783,594693.9375,27.6634,605237.5000,1999.9000,
	2026/03/30 16:20:05	,	615972	,	2548	,10.0749,1999.9000,-0.8899,793.5980,594693.9375,27.6634,605239.9375,1999.9000,
	2026/03/30 16:20:05	,	616972	,	2549	,10.0756,1999.9000,-0.8942,793.9478,594847.0000,27.6619,605038.6875,1999.9000,
	2026/03/30 16:20:05	,	617972	,	2550	,10.0763,1999.9000,-0.8987,794.3387,594932.8750,27.6606,604906.3750,1999.9000,
	2026/03/30 16:20:05	,	618972	,	2551	,10.0769,1999.9000,-0.9034,794.6645,594948.8750,27.6595,604798.8750,1999.9000,
	2026/03/30 16:20:05	,	619972	,	2552	,10.0814,1999.9000,-0.9063,794.9361,595041.8750,27.6586,604704.0000,1999.9000,
	2026/03/30 16:20:05	,	620972	,	2553	,10.0822,1999.9000,-0.9064,794.9634,595342.7500,27.6594,604508.9375,1999.9000,
	2026/03/30 16:20:05	,	621972	,	2554	,10.0829,1999.9000,-0.9070,794.6877,595680.6250,27.6631,604347.6875,1999.9000,
	2026/03/30 16:20:05	,	622972	,	2555	,10.0836,1999.9000,-0.9117,794.6877,595680.6250,27.6632,604347.6875,1999.9000,
	2026/03/30 16:20:05	,	623972	,	2556	,10.0843,1999.9000,-0.9168,794.2665,595680.6250,27.6617,604347.6875,1999.9000,
	2026/03/30 16:20:05	,	624972	,	2557	,10.0849,1999.9000,-0.9247,794.0075,595680.6250,27.6620,604347.6875,1999.9000,
	2026/03/30 16:20:05	,	625972	,	2558	,10.0895,1999.9000,-0.9342,793.7917,595680.6250,27.6637,604347.6875,1999.9000,
	2026/03/30 16:20:05	,	626972	,	2559	,10.0902,1999.9000,-0.9428,793.6119,595507.7500,27.6652,604545.1875,1999.9000,
	2026/03/30 16:20:05	,	627972	,	2560	,10.0908,1999.9000,-0.9508,793.4620,595409.5000,27.6664,604662.3750,1999.9000,
	2026/03/30 16:20:05	,	628972	,	2561	,10.0914,1999.9000,-0.9581,793.3371,595392.1875,27.6705,604755.9375,1999.9000,
	2026/03/30 16:20:05	,	629972	,	2562	,10.0920,1999.9000,-0.9666,793.5314,595368.0000,27.6815,604796.4375,1999.9000,
	2026/03/30 16:20:05	,	630972	,	2563	,10.0927,1999.9000,-0.9794,794.3896,595084.7500,27.6907,605012.0625,1999.9000,
	2026/03/30 16:20:05	,	631972	,	2564	,10.0974,1999.9000,-0.9918,794.3896,594713.0000,27.6983,605231.9375,1999.9000,
	2026/03/30 16:20:05	,	632972	,	2565	,10.0981,1999.9000,-1.0024,795.1049,594713.0000,27.7047,605231.9375,1999.9000,
	2026/03/30 16:20:05	,	633972	,	2566	,10.0989,1999.9000,-1.0116,795.7009,594713.0000,27.7100,605231.9375,1999.9000,
	2026/03/30 16:20:05	,	634972	,	2567	,10.0997,1999.9000,-1.0178,796.1976,594713.0000,27.7145,605231.9375,1999.9000,
	2026/03/30 16:20:05	,	635972	,	2568	,10.1004,1999.9000,-1.0213,796.6115,594713.0000,27.7182,605231.9375,1999.9000,
	2026/03/30 16:20:05	,	636972	,	2569	,10.1011,1999.9000,-1.0249,797.0558,594726.2500,27.7182,604994.5625,1999.9000,
	2026/03/30 16:20:05	,	637972	,	2570	,10.1055,1999.9000,-1.0288,797.4261,594904.8750,27.7151,604836.3125,1999.9000,
	2026/03/30 16:20:05	,	638972	,	2571	,10.1062,1999.9000,-1.0330,797.7348,594931.3125,27.7004,604724.0000,1999.9000,
	2026/03/30 16:20:05	,	639972	,	2572	,10.1069,1999.9000,-1.0369,797.9920,594954.0625,27.6911,604635.8125,1999.9000,
	2026/03/30 16:20:05	,	640972	,	2573	,10.1076,1999.9000,-1.0369,798.1068,595197.9375,27.6926,604504.1250,1999.9000,
	2026/03/30 16:20:05	,	641972	,	2574	,10.1084,1999.9000,-1.0370,797.7052,595582.8750,27.6969,604228.0625,1999.9000,
	2026/03/30 16:20:05	,	642972	,	2575	,10.1124,1999.9000,-1.0397,797.6689,595582.8750,27.6974,604228.0625,1999.9000,
	2026/03/30 16:20:05	,	643972	,	2576	,10.1133,1999.9000,-1.0436,797.3402,595582.8750,27.6978,604228.0625,1999.9000,
	2026/03/30 16:20:05	,	644972	,	2577	,10.1141,1999.9000,-1.0498,796.6684,595582.8750,27.6982,604228.0625,1999.9000,
	2026/03/30 16:20:05	,	645972	,	2578	,10.1147,1999.9000,-1.0582,796.1086,595582.8750,27.6969,604228.0625,1999.9000,
	2026/03/30 16:20:05	,	646972	,	2579	,10.1154,1999.9000,-1.0661,795.6420,595579.1875,27.6974,604417.7500,1999.9000,
	2026/03/30 16:20:05	,	647972	,	2580	,10.1195,1999.9000,-1.0734,795.9572,595441.6250,27.6982,604663.5625,1999.9000,
	2026/03/30 16:20:05	,	648972	,	2581	,10.1202,1999.9000,-1.0734,795.9572,595412.1875,27.6982,604663.5625,1999.9000,
	2026/03/30 16:20:05	,	649972	,	2582	,10.1209,1999.9000,-1.0802,796.4111,595392.5625,27.6970,604757.1875,1999.9000,
	2026/03/30 16:20:05	,	650972	,	2583	,10.1216,1999.9000,-1.0869,796.7895,595219.4375,27.6868,604894.8750,1999.9000,
	2026/03/30 16:20:05	,	651972	,	2584	,10.1223,1999.9000,-1.0972,797.1047,594878.6250,27.6814,605187.2500,1999.9000,
	2026/03/30 16:20:05	,	652972	,	2585	,10.1264,1999.9000,-1.1087,797.3674,594766.0000,27.6768,605187.2500,1999.9000,
	2026/03/30 16:20:05	,	653972	,	2586	,10.1272,1999.9000,-1.1176,797.5863,594766.0000,27.6731,605187.2500,1999.9000,
	2026/03/30 16:20:05	,	654972	,	2587	,10.1280,1999.9000,-1.1260,797.7687,594766.0000,27.6699,605187.2500,1999.9000,
	2026/03/30 16:20:05	,	655972	,	2588	,10.1287,1999.9000,-1.1323,798.0203,594766.0000,27.6673,605187.2500,1999.9000,
	2026/03/30 16:20:05	,	656972	,	2589	,10.1293,1999.9000,-1.1354,798.2299,594766.0000,27.6713,605061.6250,1999.9000,
	2026/03/30 16:20:05	,	657972	,	2590	,10.1334,1999.9000,-1.1385,798.4046,594897.1250,27.6745,604901.5625,1999.9000,
	2026/03/30 16:20:05	,	658972	,	2591	,10.1343,1999.9000,-1.1422,798.5502,594930.7500,27.6772,604778.3750,1999.9000,
	2026/03/30 16:20:05	,	659972	,	2592	,10.1350,1999.9000,-1.1463,798.6714,594952.5000,27.6795,604678.6250,1999.9000,
	2026/03/30 16:20:05	,	660972	,	2593	,10.1357,1999.9000,-1.1505,798.1757,595116.3125,27.6814,604567.5000,1999.9000,
	2026/03/30 16:20:05	,	661972	,	2594	,10.1364,1999.9000,-1.1509,797.4641,595473.2500,27.6830,604300.5625,1999.9000,
	2026/03/30 16:20:05	,	662972	,	2595	,10.1409,1999.9000,-1.1512,796.8711,595649.0000,27.6812,604300.5625,1999.9000,
	2026/03/30 16:20:05	,	663972	,	2596	,10.1417,1999.9000,-1.1517,797.1728,595649.0000,27.6798,604300.5625,1999.9000,
	2026/03/30 16:20:05	,	664972	,	2597	,10.1425,1999.9000,-1.1556,797.2252,595649.0000,27.6770,604300.5625,1999.9000,
	2026/03/30 16:20:05	,	665972	,	2598	,10.1432,1999.9000,-1.1597,797.2689,595649.0000,27.6747,604300.5625,1999.9000,
	2026/03/30 16:20:05	,	666972	,	2599	,10.1440,1999.9000,-1.1665,797.3053,595649.0000,27.6729,604311.8125,1999.9000,
	2026/03/30 16:20:05	,	667972	,	2600	,10.1483,1999.9000,-1.1742,797.3356,595490.5000,27.6728,604545.8125,1999.9000,
	2026/03/30 16:20:05	,	668972	,	2601	,10.1488,1999.9000,-1.1815,797.3610,595452.6875,27.6727,604656.9375,1999.9000,
	2026/03/30 16:20:05	,	669972	,	2602	,10.1488,1999.9000,-1.1888,797.5809,595427.5625,27.6727,604755.9375,1999.9000,
	2026/03/30 16:20:05	,	670972	,	2603	,10.1502,1999.9000,-1.1956,797.7643,595292.6875,27.6726,604853.2500,1999.9000,
	2026/03/30 16:20:05	,	671972	,	2604	,10.1509,1999.9000,-1.2044,797.7181,594999.5625,27.6726,605106.8750,1999.9000,
	2026/03/30 16:20:05	,	672972	,	2605	,10.1509,1999.9000,-1.2156,797.5802,594693.9375,27.6726,605116.3125,1999.9000,
	2026/03/30 16:20:05	,	673972	,	2606	,10.1553,1999.9000,-1.2240,797.2663,594693.9375,27.6726,605119.3750,1999.9000,
	2026/03/30 16:20:05	,	674972	,	2607	,10.1560,1999.9000,-1.2304,796.9053,594693.9375,27.6741,605120.9375,1999.9000,
	2026/03/30 16:20:05	,	675972	,	2608	,10.1567,1999.9000,-1.2346,796.6044,594693.9375,27.6815,605121.8750,1999.9000,
	2026/03/30 16:20:05	,	676972	,	2609	,10.1574,1999.9000,-1.2350,796.2542,594693.9375,27.6876,605122.5000,1999.9000,
	2026/03/30 16:20:05	,	677972	,	2610	,10.1582,1999.9000,-1.2352,795.5645,594865.5000,27.6866,604946.8125,1999.9000,
	2026/03/30 16:20:05	,	678972	,	2611	,10.1626,1999.9000,-1.2354,794.9896,594966.2500,27.6858,604832.1250,1999.9000,
	2026/03/30 16:20:05	,	679972	,	2612	,10.1634,1999.9000,-1.2356,794.5107,594982.8750,27.6851,604725.1875,1999.9000,
	2026/03/30 16:20:05	,	680972	,	2613	,10.1641,1999.9000,-1.2359,794.1115,595007.5625,27.6906,604634.5625,1999.9000,
	2026/03/30 16:20:05	,	681972	,	2614	,10.1648,1999.9000,-1.2361,793.9778,595336.1875,27.6952,604428.6250,1999.9000,
	2026/03/30 16:20:05	,	682972	,	2615	,10.1656,1999.9000,-1.2364,793.8663,595702.6250,27.6930,604303.6250,1999.9000,
	2026/03/30 16:20:05	,	683972	,	2616	,10.1702,1999.9000,-1.2395,793.8730,595702.6250,27.6819,604303.6250,1999.9000,
	2026/03/30 16:20:05	,	684972	,	2617	,10.1709,1999.9000,-1.2397,793.8785,595702.6250,27.6727,604303.6250,1999.9000,
	2026/03/30 16:20:05	,	685972	,	2618	,10.1717,1999.9000,-1.2403,793.8831,595702.6250,27.6651,604303.6250,1999.9000,
	2026/03/30 16:20:05	,	686972	,	2619	,10.1725,1999.9000,-1.2485,793.8870,595702.6250,27.6648,604303.6250,1999.9000,
	2026/03/30 16:20:05	,	687972	,	2620	,10.1733,1999.9000,-1.2576,793.8902,595545.3750,27.6660,604503.5000,1999.9000,
	2026/03/30 16:20:05	,	688972	,	2621	,10.1774,1999.9000,-1.2663,794.0918,595442.2500,27.6687,604624.3125,1999.9000,
	2026/03/30 16:20:05	,	689972	,	2622	,10.1782,1999.9000,-1.2750,794.2598,595416.6250,27.6693,604730.0000,1999.9000,
	2026/03/30 16:20:05	,	690972	,	2623	,10.1791,1999.9000,-1.2931,794.9807,595394.0000,27.6683,604832.6875,1999.9000,
	2026/03/30 16:20:05	,	691972	,	2624	,10.1799,1999.9000,-1.2931,794.9807,595140.7500,27.6690,605036.8125,1999.9000,
	2026/03/30 16:20:05	,	692972	,	2625	,10.1806,1999.9000,-1.3069,795.4979,594764.8125,27.6711,605218.0625,1999.9000,
	2026/03/30 16:20:05	,	693972	,	2626	,10.1853,1999.9000,-1.3195,796.0284,594764.8125,27.6729,605218.0625,1999.9000,
	2026/03/30 16:20:05	,	694972	,	2627	,10.1861,1999.9000,-1.3300,796.4705,594764.8125,27.6758,605218.0625,1999.9000,
	2026/03/30 16:20:05	,	695972	,	2628	,10.1868,1999.9000,-1.3388,796.8389,594764.8125,27.6814,605218.0625,1999.9000,
	2026/03/30 16:20:05	,	696972	,	2629	,10.1875,1999.9000,-1.3443,797.5438,594764.8125,27.6860,605218.0625,1999.9000,
	2026/03/30 16:20:05	,	697972	,	2630	,10.1882,1999.9000,-1.3469,797.7334,594772.3750,27.6898,604998.8125,1999.9000,
	2026/03/30 16:20:05	,	698972	,	2631	,10.1928,1999.9000,-1.3497,797.8913,594917.3750,27.6931,604856.8125,1999.9000,
	2026/03/30 16:20:05	,	699972	,	2632	,10.1936,1999.9000,-1.3524,797.9235,594937.6250,27.6957,604749.9375,1999.9000,
	2026/03/30 16:20:05	,	700972	,	2633	,10.1944,1999.9000,-1.3532,797.8508,594954.6875,27.6980,604666.5625,1999.9000,
	2026/03/30 16:20:05	,	701972	,	2634	,10.1952,1999.9000,-1.3534,797.4918,595179.5000,27.6998,604498.6875,1999.9000,
	2026/03/30 16:20:05	,	702972	,	2635	,10.1960,1999.9000,-1.3538,796.9938,595565.6250,27.7014,604263.1250,1999.9000,
	2026/03/30 16:20:05	,	703972	,	2636	,10.2005,1999.9000,-1.3541,796.5787,595585.5625,27.6981,604263.1250,1999.9000,
	2026/03/30 16:20:05	,	704972	,	2637	,10.2013,1999.9000,-1.3544,796.2327,595592.1875,27.6954,604263.1250,1999.9000,
	2026/03/30 16:20:05	,	705972	,	2638	,10.2021,1999.9000,-1.3577,795.9444,595595.5000,27.6916,604263.1250,1999.9000,
	2026/03/30 16:20:05	,	706972	,	2639	,10.2029,1999.9000,-1.3577,795.7042,595597.5000,27.6884,604263.1250,1999.9000,
	2026/03/30 16:20:05	,	707972	,	2640	,10.2070,1999.9000,-1.3634,795.5040,595598.8750,27.6826,604480.5625,1999.9000,
	2026/03/30 16:20:05	,	708972	,	2641	,10.2076,1999.9000,-1.3694,795.3372,595472.6250,27.6779,604616.4375,1999.9000,
	2026/03/30 16:20:05	,	709972	,	2642	,10.2083,1999.9000,-1.3754,795.4966,595443.4375,27.6739,604722.1250,1999.9000,
	2026/03/30 16:20:05	,	710972	,	2643	,10.2091,1999.9000,-1.3808,795.6295,595422.5625,27.6707,604810.9375,1999.9000,
	2026/03/30 16:20:05	,	711972	,	2644	,10.2098,1999.9000,-1.3859,795.7402,595244.4375,27.6679,604957.6875,1999.9000,
	2026/03/30 16:20:05	,	712972	,	2645	,10.2143,1999.9000,-1.3940,795.8323,594909.6250,27.6733,605258.5000,1999.9000,
	2026/03/30 16:20:05	,	713972	,	2646	,10.2151,1999.9000,-1.4023,796.0087,594743.9375,27.6823,605258.5000,1999.9000,
	2026/03/30 16:20:05	,	714972	,	2647	,10.2158,1999.9000,-1.4079,796.4541,594743.9375,27.6898,605258.5000,1999.9000,
	2026/03/30 16:20:05	,	715972	,	2648	,10.2166,1999.9000,-1.4127,796.5269,594743.9375,27.6961,605258.5000,1999.9000,
	2026/03/30 16:20:05	,	716972	,	2649	,10.2174,1999.9000,-1.4131,796.5874,594743.9375,27.7013,605258.5000,1999.9000,
	2026/03/30 16:20:05	,	717972	,	2650	,10.2219,1999.9000,-1.4133,796.6379,594743.9375,27.7056,605064.6250,1999.9000,
	2026/03/30 16:20:05	,	718972	,	2651	,10.2227,1999.9000,-1.4136,796.6801,594883.3750,27.7092,604904.0000,1999.9000,
	2026/03/30 16:20:05	,	719972	,	2652	,10.2234,1999.9000,-1.4137,796.7151,594923.0625,27.7123,604796.5000,1999.9000,
	2026/03/30 16:20:05	,	720972	,	2653	,10.2242,1999.9000,-1.4138,796.7443,594946.5000,27.7102,604699.8125,1999.9000,
	2026/03/30 16:20:05	,	721972	,	2654	,10.2249,1999.9000,-1.4139,796.7687,595097.8750,27.7055,604582.0625,1999.9000,
	2026/03/30 16:20:05	,	722972	,	2655	,10.2296,1999.9000,-1.4139,796.7890,595436.3125,27.7015,604315.0625,1999.9000,
	2026/03/30 16:20:05	,	723972	,	2656	,10.2302,1999.9000,-1.4140,796.8059,595675.2500,27.6982,604315.0625,1999.9000,
	2026/03/30 16:20:05	,	724972	,	2657	,10.2309,1999.9000,-1.4142,796.8200,595675.2500,27.6939,604315.0625,1999.9000,
	2026/03/30 16:20:05	,	725972	,	2658	,10.2317,1999.9000,-1.4144,796.8317,595675.2500,27.6888,604315.0625,1999.9000,
	2026/03/30 16:20:05	,	726972	,	2659	,10.2358,1999.9000,-1.4192,796.8415,595675.2500,27.6846,604315.0625,1999.9000,
	2026/03/30 16:20:05	,	727972	,	2660	,10.2365,1999.9000,-1.4266,796.7502,595675.2500,27.6811,604447.3125,1999.9000,
	2026/03/30 16:20:05	,	728972	,	2661	,10.2372,1999.9000,-1.4349,796.6741,595509.5625,27.6796,604614.6250,1999.9000,
	2026/03/30 16:20:05	,	729972	,	2662	,10.2380,1999.9000,-1.4424,796.6107,595425.0000,27.6785,604713.7500,1999.9000,
	2026/03/30 16:20:05	,	730972	,	2663	,10.2387,1999.9000,-1.4494,796.5579,595406.2500,27.6805,604798.2500,1999.9000,
	2026/03/30 16:20:05	,	731972	,	2664	,10.2434,1999.9000,-1.4559,796.6133,595320.0625,27.6822,604907.6250,1999.9000,
	2026/03/30 16:20:05	,	732972	,	2665	,10.2442,1999.9000,-1.4647,796.7590,595059.1250,27.6837,605179.3750,1999.9000,
	2026/03/30 16:20:05	,	733972	,	2666	,10.2452,1999.9000,-1.4758,796.8804,594702.2500,27.6864,605179.3750,1999.9000,
	2026/03/30 16:20:05	,	734972	,	2667	,10.2459,1999.9000,-1.4841,797.0809,594702.2500,27.6886,605179.3750,1999.9000,
	2026/03/30 16:20:05	,	735972	,	2668	,10.2466,1999.9000,-1.4910,797.2481,594702.2500,27.6905,605179.3750,1999.9000,
	2026/03/30 16:20:05	,	736972	,	2669	,10.2509,1999.9000,-1.4957,797.3875,594702.2500,27.6921,605179.3750,1999.9000,
	2026/03/30 16:20:05	,	737972	,	2670	,10.2517,1999.9000,-1.4958,797.5036,594702.2500,27.6965,605172.3125,1999.9000,
	2026/03/30 16:20:05	,	738972	,	2671	,10.2524,1999.9000,-1.4958,797.6998,594846.4375,27.6971,604938.4375,1999.9000,
	2026/03/30 16:20:05	,	739972	,	2672	,10.2532,1999.9000,-1.4958,797.8633,594938.2500,27.6975,604825.4375,1999.9000,
	2026/03/30 16:20:05	,	740972	,	2673	,10.2540,1999.9000,-1.4958,797.9001,594957.3125,27.6979,604727.0000,1999.9000,
	2026/03/30 16:20:05	,	741972	,	2674	,10.2587,1999.9000,-1.4958,797.9308,594981.1250,27.7029,604629.1875,1999.9000,
	2026/03/30 16:20:05	,	742972	,	2675	,10.2593,1999.9000,-1.4955,797.8569,595280.8125,27.7024,604403.2500,1999.9000,
	2026/03/30 16:20:05	,	743972	,	2676	,10.2600,1999.9000,-1.4888,797.7953,595665.1250,27.6974,604382.6875,1999.9000,
	2026/03/30 16:20:05	,	744972	,	2677	,10.2608,1999.9000,-1.4864,797.7440,595665.1250,27.6932,604375.8750,1999.9000,
	2026/03/30 16:20:05	,	745972	,	2678	,10.2616,1999.9000,-1.4864,797.5023,595665.1250,27.6932,604372.4375,1999.9000,
	2026/03/30 16:20:05	,	746972	,	2679	,10.2659,1999.9000,-1.4864,797.4998,595665.1250,27.6898,604370.3750,1999.9000,
	2026/03/30 16:20:05	,	747972	,	2680	,10.2666,1999.9000,-1.4864,797.4977,595665.1250,27.6869,604369.0000,1999.9000,
	2026/03/30 16:20:05	,	748972	,	2681	,10.2673,1999.9000,-1.4864,797.2970,595665.1250,27.6830,604556.6875,1999.9000,
	2026/03/30 16:20:05	,	749972	,	2682	,10.2681,1999.9000,-1.4897,797.1298,595539.3750,27.6797,604669.0000,1999.9000,
	2026/03/30 16:20:05	,	750972	,	2683	,10.2688,1999.9000,-1.4927,797.1894,595407.3750,27.6770,604763.2500,1999.9000,
	2026/03/30 16:20:05	,	751972	,	2684	,10.2735,1999.9000,-1.4953,797.3386,595385.2500,27.6747,604854.4375,1999.9000,
	2026/03/30 16:20:05	,	752972	,	2685	,10.2743,1999.9000,-1.4992,797.4628,595156.8750,27.6774,605071.8750,1999.9000,
	2026/03/30 16:20:05	,	753972	,	2686	,10.2750,1999.9000,-1.5069,797.8647,594798.1875,27.6796,605219.2500,1999.9000,
	2026/03/30 16:20:05	,	754972	,	2687	,10.2758,1999.9000,-1.5136,798.1997,594798.1875,27.6815,605219.2500,1999.9000,
	2026/03/30 16:20:05	,	755972	,	2688	,10.2765,1999.9000,-1.5141,798.4788,594798.1875,27.6785,605219.2500,1999.9000,
	2026/03/30 16:20:05	,	756972	,	2689	,10.2809,1999.9000,-1.5142,797.9156,594798.1875,27.6760,605219.2500,1999.9000,
	2026/03/30 16:20:05	,	757972	,	2690	,10.2817,1999.9000,-1.5143,797.4464,594798.1875,27.6738,605219.2500,1999.9000,
	2026/03/30 16:20:05	,	758972	,	2691	,10.2824,1999.9000,-1.5144,797.4532,594798.1875,27.6706,605219.2500,1999.9000,
	2026/03/30 16:20:05	,	759972	,	2692	,10.2831,1999.9000,-1.5144,797.4589,594798.3125,27.6678,605012.6875,1999.9000,
	2026/03/30 16:20:05	,	760972	,	2693	,10.2838,1999.9000,-1.5120,797.1652,594910.2500,27.6656,604879.2500,1999.9000,
	2026/03/30 16:20:05	,	761972	,	2694	,10.2881,1999.9000,-1.5098,796.8210,594927.8125,27.6621,604766.8750,1999.9000,
	2026/03/30 16:20:05	,	762972	,	2695	,10.2889,1999.9000,-1.5068,796.2357,594943.9375,27.6532,604666.0000,1999.9000,
	2026/03/30 16:20:05	,	763972	,	2696	,10.2896,1999.9000,-1.5002,796.0463,595137.8125,27.6534,604480.5625,1999.9000,
	2026/03/30 16:20:05	,	764972	,	2697	,10.2904,1999.9000,-1.4943,795.9881,595516.7500,27.6535,604312.6250,1999.9000,
	2026/03/30 16:20:05	,	765972	,	2698	,10.2948,1999.9000,-1.4936,795.9396,595615.0000,27.6628,604312.6250,1999.9000,
	2026/03/30 16:20:05	,	766972	,	2699	,10.2955,1999.9000,-1.4933,795.8990,595615.0000,27.6705,604312.6250,1999.9000,
	2026/03/30 16:20:05	,	767972	,	2700	,10.2962,1999.9000,-1.4932,795.8653,595615.0000,27.6770,604312.6250,1999.9000,
	2026/03/30 16:20:05	,	768972	,	2701	,10.2969,1999.9000,-1.4931,795.8372,595615.0000,27.6777,604312.6250,1999.9000,
	2026/03/30 16:20:05	,	769972	,	2702	,10.2975,1999.9000,-1.4930,795.7144,595615.0000,27.6769,604519.1875,1999.9000,
	2026/03/30 16:20:05	,	770972	,	2703	,10.3021,1999.9000,-1.4953,795.6119,595470.8750,27.6761,604653.9375,1999.9000,
	2026/03/30 16:20:05	,	771972	,	2704	,10.3028,1999.9000,-1.4976,795.5266,595438.6875,27.6756,604753.5625,1999.9000,
	2026/03/30 16:20:05	,	772972	,	2705	,10.3035,1999.9000,-1.5003,795.4554,595413.8750,27.6735,604837.5625,1999.9000,
	2026/03/30 16:20:05	,	773972	,	2706	,10.3042,1999.9000,-1.5071,795.1973,595245.6875,27.6718,605004.2500,1999.9000,
	2026/03/30 16:20:05	,	774972	,	2707	,10.3048,1999.9000,-1.5145,794.9821,594932.8750,27.6704,605300.1875,1999.9000,
	2026/03/30 16:20:05	,	775972	,	2708	,10.3091,1999.9000,-1.5145,795.0017,594732.6250,27.6692,605300.1875,1999.9000,
	2026/03/30 16:20:05	,	776972	,	2709	,10.3100,1999.9000,-1.5146,795.0181,594732.6250,27.6682,605300.1875,1999.9000,
	2026/03/30 16:20:05	,	777972	,	2710	,10.3107,1999.9000,-1.5146,795.0317,594732.6250,27.6659,605300.1875,1999.9000,
	2026/03/30 16:20:05	,	778972	,	2711	,10.3114,1999.9000,-1.5146,795.0431,594732.6250,27.6639,605300.1875,1999.9000,
	2026/03/30 16:20:05	,	779972	,	2712	,10.3122,1999.9000,-1.5146,795.0526,594732.6250,27.6623,605080.9375,1999.9000,
	2026/03/30 16:20:05	,	780972	,	2713	,10.3167,1999.9000,-1.5115,795.0605,594876.2500,27.6594,604929.9375,1999.9000,
	2026/03/30 16:20:05	,	781972	,	2714	,10.3172,1999.9000,-1.5091,795.0670,594911.3750,27.6585,604814.6250,1999.9000,
	2026/03/30 16:20:05	,	782972	,	2715	,10.3179,1999.9000,-1.5066,795.0725,594930.8125,27.6578,604720.9375,1999.9000,
	2026/03/30 16:20:05	,	783972	,	2716	,10.3186,1999.9000,-1.5003,795.0770,595062.1250,27.6573,604583.1875,1999.9000,
	2026/03/30 16:20:05	,	784972	,	2717	,10.3194,1999.9000,-1.4919,794.9814,595389.8125,27.6674,604311.4375,1999.9000,
	2026/03/30 16:20:05	,	785972	,	2718	,10.3237,1999.9000,-1.4854,794.9017,595686.5000,27.6759,604311.4375,1999.9000,
	2026/03/30 16:20:05	,	786972	,	2719	,10.3243,1999.9000,-1.4800,794.5368,595686.5000,27.6830,604311.4375,1999.9000,
	2026/03/30 16:20:05	,	787972	,	2720	,10.3249,1999.9000,-1.4769,794.1332,595686.5000,27.6889,604311.4375,1999.9000,
	2026/03/30 16:20:05	,	788972	,	2721	,10.3256,1999.9000,-1.4768,793.7971,595686.5000,27.6983,604311.4375,1999.9000,
	2026/03/30 16:20:05	,	789972	,	2722	,10.3264,1999.9000,-1.4767,793.5168,595686.5000,27.7062,604475.7500,1999.9000,
	2026/03/30 16:20:05	,	790972	,	2723	,10.3307,1999.9000,-1.4767,793.3828,595522.6875,27.7128,604619.4375,1999.9000,
	2026/03/30 16:20:05	,	791972	,	2724	,10.3315,1999.9000,-1.4767,793.6689,595427.9375,27.7106,604728.1875,1999.9000,
	2026/03/30 16:20:05	,	792972	,	2725	,10.3323,1999.9000,-1.4767,794.3054,595409.1875,27.7073,604816.3750,1999.9000,
	2026/03/30 16:20:05	,	793972	,	2726	,10.3331,1999.9000,-1.4767,794.8356,595327.8125,27.7046,604931.7500,1999.9000,
	2026/03/30 16:20:05	,	794972	,	2727	,10.3338,1999.9000,-1.4767,795.2775,595069.8750,27.7023,605227.1250,1999.9000,
	2026/03/30 16:20:05	,	795972	,	2728	,10.3381,1999.9000,-1.4766,795.7453,594711.1875,27.7004,605227.1250,1999.9000,
	2026/03/30 16:20:05	,	796972	,	2729	,10.3388,1999.9000,-1.4764,796.3340,594711.1875,27.6973,605227.1250,1999.9000,
	2026/03/30 16:20:05	,	797972	,	2730	,10.3396,1999.9000,-1.4763,796.8246,594711.1875,27.6901,605227.1250,1999.9000,
	2026/03/30 16:20:05	,	798972	,	2731	,10.3403,1999.9000,-1.4761,797.0346,594711.1875,27.6841,605227.1250,1999.9000,
	2026/03/30 16:20:05	,	799972	,	2732	,10.3410,1999.9000,-1.4692,797.0106,594711.1875,27.6837,605134.6875,1999.9000,
	2026/03/30 16:20:05	,	800972	,	2733	,10.3450,1999.9000,-1.4639,796.7916,594830.9375,27.6849,604963.7500,1999.9000,
	2026/03/30 16:20:05	,	801972	,	2734	,10.3460,1999.9000,-1.4589,796.5096,594920.3750,27.6859,604847.1875,1999.9000,
	2026/03/30 16:20:05	,	802972	,	2735	,10.3467,1999.9000,-1.4543,796.3741,594940.3125,27.6867,604742.1250,1999.9000,
	2026/03/30 16:20:05	,	803972	,	2736	,10.3474,1999.9000,-1.4477,796.2612,594965.4375,27.6874,604640.6250,1999.9000,
	2026/03/30 16:20:05	,	804972	,	2737	,10.3480,1999.9000,-1.4384,796.1671,595246.8125,27.6880,604391.8125,1999.9000,
	2026/03/30 16:20:05	,	805972	,	2738	,10.3521,1999.9000,-1.4317,795.9893,595629.8750,27.6884,604391.8125,1999.9000,
	2026/03/30 16:20:05	,	806972	,	2739	,10.3528,1999.9000,-1.4315,795.8410,595629.8750,27.6889,604391.8125,1999.9000,
	2026/03/30 16:20:05	,	807972	,	2740	,10.3535,1999.9000,-1.4314,795.9164,595629.8750,27.6846,604391.8125,1999.9000,
	2026/03/30 16:20:05	,	808972	,	2741	,10.3543,1999.9000,-1.4313,795.9794,595629.8750,27.6811,604391.8125,1999.9000,
	2026/03/30 16:20:05	,	809972	,	2742	,10.3551,1999.9000,-1.4313,796.0317,595629.8750,27.6781,604396.5625,1999.9000,
	2026/03/30 16:20:05	,	810972	,	2743	,10.3596,1999.9000,-1.4313,796.0754,595619.5000,27.6757,604600.1875,1999.9000,
	2026/03/30 16:20:05	,	811972	,	2744	,10.3603,1999.9000,-1.4316,795.7139,595432.1250,27.6736,604722.7500,1999.9000,
	2026/03/30 16:20:05	,	812972	,	2745	,10.3610,1999.9000,-1.4352,795.4126,595405.2500,27.6719,604819.4375,1999.9000,
	2026/03/30 16:20:05	,	813972	,	2746	,10.3617,1999.9000,-1.4386,795.1615,595384.8125,27.6705,604910.5625,1999.9000,
	2026/03/30 16:20:05	,	814972	,	2747	,10.3625,1999.9000,-1.4463,795.3502,595183.0625,27.6678,605147.9375,1999.9000,
	2026/03/30 16:20:05	,	815972	,	2748	,10.3669,1999.9000,-1.4531,795.1095,594829.7500,27.6655,605179.3750,1999.9000,
	2026/03/30 16:20:05	,	816972	,	2749	,10.3674,1999.9000,-1.4541,794.3121,594798.1875,27.6651,605189.8125,1999.9000,
	2026/03/30 16:20:05	,	817972	,	2750	,10.3681,1999.9000,-1.4544,794.2445,594787.6250,27.6648,605195.1250,1999.9000,
	2026/03/30 16:20:05	,	818972	,	2751	,10.3689,1999.9000,-1.4546,794.2875,594779.2500,27.6646,605200.3750,1999.9000,
	2026/03/30 16:20:05	,	819972	,	2752	,10.3696,1999.9000,-1.4547,794.6219,594779.2500,27.6628,605200.3750,1999.9000,
	2026/03/30 16:20:05	,	820972	,	2753	,10.3703,1999.9000,-1.4548,795.0994,594777.1250,27.6598,605004.2500,1999.9000,
	2026/03/30 16:20:05	,	821972	,	2754	,10.3749,1999.9000,-1.4512,795.4974,594894.1250,27.6574,604874.3125,1999.9000,
	2026/03/30 16:20:05	,	822972	,	2755	,10.3756,1999.9000,-1.4474,795.8290,594925.1250,27.6614,604768.0625,1999.9000,
	2026/03/30 16:20:05	,	823972	,	2756	,10.3762,1999.9000,-1.4430,796.1054,594946.1250,27.6648,604684.1250,1999.9000,
	2026/03/30 16:20:05	,	824972	,	2757	,10.3769,1999.9000,-1.4348,796.3357,595131.2500,27.6676,604494.4375,1999.9000,
	2026/03/30 16:20:05	,	825972	,	2758	,10.3776,1999.9000,-1.4270,796.5276,595499.4375,27.6715,604369.3750,1999.9000,
	2026/03/30 16:20:05	,	826972	,	2759	,10.3783,1999.9000,-1.4204,796.7870,595606.1250,27.6777,604369.3750,1999.9000,
	2026/03/30 16:20:05	,	827972	,	2760	,10.3832,1999.9000,-1.4142,797.0033,595606.1250,27.6830,604369.3750,1999.9000,
	2026/03/30 16:20:05	,	828972	,	2761	,10.3840,1999.9000,-1.4102,797.0840,595606.1250,27.6904,604369.3750,1999.9000,
	2026/03/30 16:20:05	,	829972	,	2762	,10.3846,1999.9000,-1.4102,796.8528,595606.1250,27.6996,604369.3750,1999.9000,
	2026/03/30 16:20:05	,	830972	,	2763	,10.3854,1999.9000,-1.4102,796.5607,595606.1250,27.7073,604572.3750,1999.9000,
	2026/03/30 16:20:05	,	831972	,	2764	,10.3860,1999.9000,-1.4102,796.1183,595457.1250,27.7153,604702.1875,1999.9000,
	2026/03/30 16:20:05	,	832972	,	2765	,10.3866,1999.9000,-1.4102,795.7496,595423.4375,27.7218,604800.0625,1999.9000,
	2026/03/30 16:20:05	,	833972	,	2766	,10.3912,1999.9000,-1.4102,795.4423,595400.3125,27.7274,604837.2500,1999.9000,
	2026/03/30 16:20:05	,	834972	,	2767	,10.3920,1999.9000,-1.4105,795.1863,595256.3125,27.7289,605056.1875,1999.9000,
	2026/03/30 16:20:05	,	835972	,	2768	,10.3926,1999.9000,-1.4166,794.9730,594951.2500,27.7287,605291.1250,1999.9000,
	2026/03/30 16:20:05	,	836972	,	2769	,10.3933,1999.9000,-1.4166,795.0936,594696.3125,27.7285,605291.1250,1999.9000,
	2026/03/30 16:20:05	,	837972	,	2770	,10.3940,1999.9000,-1.4166,795.7910,594696.3125,27.7176,605291.1250,1999.9000,
	2026/03/30 16:20:05	,	838972	,	2771	,10.3981,1999.9000,-1.4166,796.3721,594696.3125,27.7025,605291.1250,1999.9000,
	2026/03/30 16:20:05	,	839972	,	2772	,10.3987,1999.9000,-1.4166,796.8564,594696.3125,27.6883,605291.1250,1999.9000,
	2026/03/30 16:20:05	,	840972	,	2773	,10.3993,1999.9000,-1.4166,797.2599,594696.3125,27.6765,605063.4375,1999.9000,
	2026/03/30 16:20:05	,	841972	,	2774	,10.3999,1999.9000,-1.4106,797.5962,594849.3750,27.6667,604917.8750,1999.9000,
	2026/03/30 16:20:05	,	842972	,	2775	,10.4005,1999.9000,-1.4050,797.5781,594887.8125,27.6600,604810.9375,1999.9000,
	2026/03/30 16:20:05	,	843972	,	2776	,10.4012,1999.9000,-1.3997,797.1650,594911.5625,27.6560,604724.0000,1999.9000,
	2026/03/30 16:20:05	,	844972	,	2777	,10.4057,1999.9000,-1.3940,796.7214,595043.6250,27.6572,604575.3750,1999.9000,
	2026/03/30 16:20:05	,	845972	,	2778	,10.4064,1999.9000,-1.3848,796.0533,595353.4375,27.6582,604293.3125,1999.9000,
	2026/03/30 16:20:05	,	846972	,	2779	,10.4071,1999.9000,-1.3747,796.0533,595693.6875,27.6591,604293.3125,1999.9000,
	2026/03/30 16:20:05	,	847972	,	2780	,10.4077,1999.9000,-1.3673,795.4965,595693.6875,27.6598,604293.3125,1999.9000,
	2026/03/30 16:20:05	,	848972	,	2781	,10.4083,1999.9000,-1.3615,795.0324,595693.6875,27.6634,604293.3125,1999.9000,
	2026/03/30 16:20:05	,	849972	,	2782	,10.4089,1999.9000,-1.3581,794.6458,595693.6875,27.6665,604293.3125,1999.9000,
	2026/03/30 16:20:05	,	850972	,	2783	,10.4132,1999.9000,-1.3580,794.3235,595693.6875,27.6675,604508.3125,1999.9000,
	2026/03/30 16:20:05	,	851972	,	2784	,10.4139,1999.9000,-1.3580,794.2540,595523.8750,27.6683,604650.8750,1999.9000,
	2026/03/30 16:20:05	,	852972	,	2785	,10.4146,1999.9000,-1.3579,794.2955,595421.3750,27.6675,604761.4375,1999.9000,
	2026/03/30 16:20:05	,	853972	,	2786	,10.4152,1999.9000,-1.3579,794.2307,595401.7500,27.6668,604849.6250,1999.9000,
	2026/03/30 16:20:05	,	854972	,	2787	,10.4158,1999.9000,-1.3579,794.4751,595379.6875,27.6662,604981.8750,1999.9000,
	2026/03/30 16:20:05	,	855972	,	2788	,10.4164,1999.9000,-1.3579,794.8776,595102.6250,27.6657,605284.4375,1999.9000,
	2026/03/30 16:20:05	,	856972	,	2789	,10.4204,1999.9000,-1.3579,795.3126,594738.6250,27.6654,605284.4375,1999.9000,
	2026/03/30 16:20:05	,	857972	,	2790	,10.4211,1999.9000,-1.3578,795.5756,594738.6250,27.6620,605284.4375,1999.9000,
	2026/03/30 16:20:05	,	858972	,	2791	,10.4218,1999.9000,-1.3578,795.5958,594738.6250,27.6591,605284.4375,1999.9000,
	2026/03/30 16:20:05	,	859972	,	2792	,10.4223,1999.9000,-1.3577,795.6125,594738.6250,27.6598,605284.4375,1999.9000,
	2026/03/30 16:20:05	,	860972	,	2793	,10.4223,1999.9000,-1.3575,795.6266,594738.6250,27.6604,605120.1875,1999.9000,
	2026/03/30 16:20:05	,	861972	,	2794	,10.4229,1999.9000,-1.3502,795.5388,594750.0625,27.6609,604966.8125,1999.9000,
	2026/03/30 16:20:05	,	862972	,	2795	,10.4235,1999.9000,-1.3446,795.5652,594907.7500,27.6613,604858.0625,1999.9000,
	2026/03/30 16:20:05	,	863972	,	2796	,10.4280,1999.9000,-1.3394,795.4876,594927.1875,27.6586,604763.8125,1999.9000,
	2026/03/30 16:20:05	,	864972	,	2797	,10.4290,1999.9000,-1.3341,795.4230,594946.1250,27.6594,604655.0625,1999.9000,
	2026/03/30 16:20:05	,	865972	,	2798	,10.4290,1999.9000,-1.3261,795.2697,595192.5625,27.6594,604387.0000,1999.9000,
	2026/03/30 16:20:05	,	866972	,	2799	,10.4296,1999.9000,-1.3145,795.2415,595581.6250,27.6600,604387.0000,1999.9000,
	2026/03/30 16:20:05	,	867972	,	2800	,10.4301,1999.9000,-1.3047,795.2178,595581.6250,27.6636,604387.0000,1999.9000,
	2026/03/30 16:20:05	,	868972	,	2801	,10.4306,1999.9000,-1.2960,795.1982,595581.6250,27.6666,604387.0000,1999.9000,
	2026/03/30 16:20:05	,	869972	,	2802	,10.4313,1999.9000,-1.2890,795.1818,595581.6250,27.6661,604387.0000,1999.9000,
	2026/03/30 16:20:05	,	870972	,	2803	,10.4360,1999.9000,-1.2848,795.4666,595581.6250,27.6656,604398.9375,1999.9000,
	2026/03/30 16:20:05	,	871972	,	2804	,10.4366,1999.9000,-1.2820,795.4055,595579.1875,27.6652,604617.6875,1999.9000,
	2026/03/30 16:20:05	,	872972	,	2805	,10.4372,1999.9000,-1.2790,795.6530,595436.3125,27.6649,604730.6250,1999.9000,
	2026/03/30 16:20:05	,	873972	,	2806	,10.4377,1999.9000,-1.2759,796.0582,595408.3125,27.6646,604826.6875,1999.9000,
	2026/03/30 16:20:05	,	874972	,	2807	,10.4382,1999.9000,-1.2750,796.3958,595387.0000,27.6644,604935.9375,1999.9000,
	2026/03/30 16:20:05	,	875972	,	2808	,10.4389,1999.9000,-1.2747,796.6772,595197.3750,27.6627,605208.3750,1999.9000,
	2026/03/30 16:20:05	,	876972	,	2809	,10.4431,1999.9000,-1.2742,796.7128,594857.1250,27.6613,605208.3750,1999.9000,
	2026/03/30 16:20:05	,	877972	,	2810	,10.4436,1999.9000,-1.2739,796.4440,594760.0625,27.6601,605208.3750,1999.9000,
	2026/03/30 16:20:05	,	878972	,	2811	,10.4441,1999.9000,-1.2717,796.2200,594760.0625,27.6591,605208.3750,1999.9000,
	2026/03/30 16:20:05	,	879972	,	2812	,10.4447,1999.9000,-1.2689,796.0333,594760.0625,27.6598,605208.3750,1999.9000,
	2026/03/30 16:20:05	,	880972	,	2813	,10.4452,1999.9000,-1.2623,795.8777,594760.0625,27.6650,605208.1875,1999.9000,
	2026/03/30 16:20:05	,	881972	,	2814	,10.4458,1999.9000,-1.2532,795.7481,594760.0625,27.6693,605015.7500,1999.9000,
	2026/03/30 16:20:05	,	882972	,	2815	,10.4464,1999.9000,-1.2441,795.5406,594893.5000,27.6729,604894.8750,1999.9000,
	2026/03/30 16:20:05	,	883972	,	2816	,10.4470,1999.9000,-1.2342,795.1688,594926.2500,27.6759,604793.4375,1999.9000,
	2026/03/30 16:20:05	,	884972	,	2817	,10.4518,1999.9000,-1.2238,795.0579,594947.1250,27.6829,604696.1875,1999.9000,
	2026/03/30 16:20:05	,	885972	,	2818	,10.4522,1999.9000,-1.2122,795.0648,595105.6250,27.6888,604478.7500,1999.9000,
	2026/03/30 16:20:05	,	886972	,	2819	,10.4527,1999.9000,-1.1970,795.0706,595451.8125,27.6937,604393.0000,1999.9000,
	2026/03/30 16:20:05	,	887972	,	2820	,10.4532,1999.9000,-1.1832,794.7771,595644.8750,27.6978,604393.0000,1999.9000,
	2026/03/30 16:20:05	,	888972	,	2821	,10.4537,1999.9000,-1.1720,794.5324,595644.8750,27.6982,604393.0000,1999.9000,
	2026/03/30 16:20:05	,	889972	,	2822	,10.4542,1999.9000,-1.1623,794.3286,595644.8750,27.6985,604393.0000,1999.9000,
	2026/03/30 16:20:05	,	890972	,	2823	,10.4549,1999.9000,-1.1556,794.1588,595644.8750,27.6987,604393.0000,1999.9000,
	2026/03/30 16:20:05	,	891972	,	2824	,10.4593,1999.9000,-1.1520,794.0172,595644.8750,27.6989,604586.8750,1999.9000,
	2026/03/30 16:20:05	,	892972	,	2825	,10.4598,1999.9000,-1.1493,794.1977,595484.5625,27.6991,604703.4375,1999.9000,
	2026/03/30 16:20:05	,	893972	,	2826	,10.4603,1999.9000,-1.1483,794.2486,595395.1875,27.6992,604804.8750,1999.9000,
	2026/03/30 16:20:05	,	894972	,	2827	,10.4608,1999.9000,-1.1479,793.9926,595379.3750,27.6978,604900.9375,1999.9000,
	2026/03/30 16:20:05	,	895972	,	2828	,10.4612,1999.9000,-1.1477,794.0776,595284.9375,27.6967,605117.1875,1999.9000,
	2026/03/30 16:20:05	,	896972	,	2829	,10.4616,1999.9000,-1.1453,794.2480,594997.7500,27.6895,605288.7500,1999.9000,
	2026/03/30 16:20:05	,	897972	,	2830	,10.4622,1999.9000,-1.1453,794.2905,594691.5625,27.6837,605288.7500,1999.9000,
	2026/03/30 16:20:05	,	898972	,	2831	,10.4629,1999.9000,-1.1452,794.1270,594691.5625,27.6772,605288.7500,1999.9000,
	2026/03/30 16:20:05	,	899972	,	2832	,10.4670,1999.9000,-1.1448,794.0902,594691.5625,27.6719,605288.7500,1999.9000,
	2026/03/30 16:20:05	,	900972	,	2833	,10.4673,1999.9000,-1.1402,794.1591,594691.5625,27.6674,605288.7500,1999.9000,
	2026/03/30 16:20:05	,	901972	,	2834	,10.4678,1999.9000,-1.1314,794.2164,594691.5625,27.6591,605075.5000,1999.9000,
	2026/03/30 16:20:05	,	902972	,	2835	,10.4682,1999.9000,-1.1220,794.3636,594842.2500,27.6491,604945.6250,1999.9000,
	2026/03/30 16:20:05	,	903972	,	2836	,10.4687,1999.9000,-1.1129,794.4864,594926.2500,27.6408,604839.3125,1999.9000,
	2026/03/30 16:20:05	,	904972	,	2837	,10.4692,1999.9000,-1.0961,794.6738,594964.0000,27.6451,604740.8750,1999.9000,
	2026/03/30 16:20:05	,	905972	,	2838	,10.4697,1999.9000,-1.0961,794.6738,594964.0000,27.6451,604574.1875,1999.9000,
	2026/03/30 16:20:05	,	906972	,	2839	,10.4704,1999.9000,-1.0839,794.7449,595300.4375,27.6497,604574.1875,1999.9000,
	2026/03/30 16:20:05	,	907972	,	2840	,10.4710,1999.9000,-1.0706,794.8041,595671.0000,27.6611,604340.4375,1999.9000,
	2026/03/30 16:20:05	,	908972	,	2841	,10.4758,1999.9000,-1.0592,794.8533,595671.0000,27.6630,604340.4375,1999.9000,
	2026/03/30 16:20:05	,	909972	,	2842	,10.4761,1999.9000,-1.0490,794.8944,595671.0000,27.6646,604340.4375,1999.9000,
	2026/03/30 16:20:05	,	910972	,	2843	,10.4765,1999.9000,-1.0414,794.9287,595671.0000,27.6659,604340.4375,1999.9000,
	2026/03/30 16:20:05	,	911972	,	2844	,10.4769,1999.9000,-1.0371,794.9572,595671.0000,27.6670,604340.4375,1999.9000,
	2026/03/30 16:20:05	,	912972	,	2845	,10.4773,1999.9000,-1.0335,794.9810,595514.3750,27.6756,604563.9375,1999.9000,
	2026/03/30 16:20:05	,	913972	,	2846	,10.4778,1999.9000,-1.0300,794.7024,595407.0625,27.6796,604701.0625,1999.9000,
	2026/03/30 16:20:05	,	914972	,	2847	,10.4784,1999.9000,-1.0264,794.2713,595381.4375,27.6738,604795.2500,1999.9000,
	2026/03/30 16:20:05	,	915972	,	2848	,10.4789,1999.9000,-1.0234,793.9120,595358.6250,27.6690,604882.1875,1999.9000,
	2026/03/30 16:20:05	,	916972	,	2849	,10.4795,1999.9000,-1.0231,793.5132,595108.0000,27.6650,605030.8125,1999.9000,
	2026/03/30 16:20:05	,	917972	,	2850	,10.4836,1999.9000,-1.0228,793.1808,594742.1875,27.6617,605334.0000,1999.9000,
	2026/03/30 16:20:05	,	918972	,	2851	,10.4839,1999.9000,-1.0224,792.9037,594742.1875,27.6589,605334.0000,1999.9000,
	2026/03/30 16:20:05	,	919972	,	2852	,10.4844,1999.9000,-1.0175,792.7724,594742.1875,27.6566,605334.0000,1999.9000,
	2026/03/30 16:20:05	,	920972	,	2853	,10.4848,1999.9000,-1.0109,792.6630,594742.1875,27.6546,605334.0000,1999.9000,
	2026/03/30 16:20:05	,	921972	,	2854	,10.4852,1999.9000,-1.0004,793.2681,594742.1875,27.6530,605334.0000,1999.9000,
	2026/03/30 16:20:05	,	922972	,	2855	,10.4856,1999.9000,-0.9893,793.9713,594750.5625,27.6502,605130.4375,1999.9000,
	2026/03/30 16:20:05	,	923972	,	2856	,10.4860,1999.9000,-0.9789,794.5573,594901.8750,27.6478,604974.0625,1999.9000,
	2026/03/30 16:20:05	,	924972	,	2857	,10.4866,1999.9000,-0.9688,795.0457,594927.1875,27.6458,604865.3125,1999.9000,
	2026/03/30 16:20:05	,	925972	,	2858	,10.4873,1999.9000,-0.9587,795.4526,594950.3125,27.6441,604778.3750,1999.9000,
	2026/03/30 16:20:05	,	926972	,	2859	,10.4878,1999.9000,-0.9457,795.9907,595189.6250,27.6427,604660.5000,1999.9000,
	2026/03/30 16:20:05	,	927972	,	2860	,10.4884,1999.9000,-0.9299,796.4390,595561.3750,27.6416,604383.9375,1999.9000,
	2026/03/30 16:20:05	,	928972	,	2861	,10.4890,1999.9000,-0.9172,796.4148,595567.6875,27.6406,604383.9375,1999.9000,
	2026/03/30 16:20:05	,	929972	,	2862	,10.4897,1999.9000,-0.9065,796.1957,595569.7500,27.6399,604383.9375,1999.9000,
	2026/03/30 16:20:05	,	930972	,	2863	,10.4938,1999.9000,-0.8983,795.8140,595570.8125,27.6392,604383.9375,1999.9000,
	2026/03/30 16:20:05	,	931972	,	2864	,10.4943,1999.9000,-0.8932,795.4960,595571.3750,27.6386,604383.9375,1999.9000,
	2026/03/30 16:20:05	,	932972	,	2865	,10.4947,1999.9000,-0.8892,795.2310,595571.8125,27.6397,604524.0000,1999.9000,
	2026/03/30 16:20:05	,	933972	,	2866	,10.4951,1999.9000,-0.8842,795.0102,595442.2500,27.6421,604681.0625,1999.9000,
	2026/03/30 16:20:05	,	934972	,	2867	,10.4955,1999.9000,-0.8788,794.8262,595412.4375,27.6441,604778.3750,1999.9000,
	2026/03/30 16:20:05	,	935972	,	2868	,10.4959,1999.9000,-0.8731,794.5734,595389.3750,27.6458,604870.7500,1999.9000,
	2026/03/30 16:20:05	,	936972	,	2869	,10.4964,1999.9000,-0.8703,794.3627,595212.8125,27.6472,604982.4375,1999.9000,
	2026/03/30 16:20:05	,	937972	,	2870	,10.4969,1999.9000,-0.8700,794.1872,594882.1875,27.6484,605256.6875,1999.9000,
	2026/03/30 16:20:05	,	938972	,	2871	,10.4975,1999.9000,-0.8698,794.2398,594708.8125,27.6493,605256.6875,1999.9000,
	2026/03/30 16:20:05	,	939972	,	2872	,10.4981,1999.9000,-0.8674,794.2837,594708.8125,27.6532,605256.6875,1999.9000,
	2026/03/30 16:20:05	,	940972	,	2873	,10.4987,1999.9000,-0.8637,794.3202,594708.8125,27.6579,605256.6875,1999.9000,
	2026/03/30 16:20:05	,	941972	,	2874	,10.4993,1999.9000,-0.8567,794.1517,594708.8125,27.6619,605256.6875,1999.9000,
	2026/03/30 16:20:05	,	942972	,	2875	,10.5000,1999.9000,-0.8477,794.0114,594708.8125,27.6652,605247.3750,1999.9000,
	2026/03/30 16:20:05	,	943972	,	2876	,10.5040,1999.9000,-0.8394,793.8943,594848.2500,27.6679,605020.5625,1999.9000,
	2026/03/30 16:20:05	,	944972	,	2877	,10.5044,1999.9000,-0.8308,793.9958,594887.8750,27.6687,604908.8125,1999.9000,
	2026/03/30 16:20:05	,	945972	,	2878	,10.5047,1999.9000,-0.8224,794.0803,594912.3750,27.6693,604812.7500,1999.9000,
	2026/03/30 16:20:05	,	946972	,	2879	,10.5049,1999.9000,-0.8127,793.8524,595057.9375,27.6699,604711.8750,1999.9000,
	2026/03/30 16:20:05	,	947972	,	2880	,10.5051,1999.9000,-0.7993,793.6624,595379.6875,27.6703,604470.3125,1999.9000,
	2026/03/30 16:20:05	,	948972	,	2881	,10.5054,1999.9000,-0.7875,793.5042,595638.8750,27.6707,604463.3750,1999.9000,
	2026/03/30 16:20:05	,	949972	,	2882	,10.5058,1999.9000,-0.7777,793.3722,595638.8750,27.6710,604461.0625,1999.9000,
	2026/03/30 16:20:05	,	950972	,	2883	,10.5062,1999.9000,-0.7692,793.2623,595638.8750,27.6697,604459.8750,1999.9000,
	2026/03/30 16:20:05	,	951972	,	2884	,10.5067,1999.9000,-0.7635,793.1707,595638.8750,27.6702,604459.1875,1999.9000,
	2026/03/30 16:20:05	,	952972	,	2885	,10.5071,1999.9000,-0.7601,793.0944,595638.8750,27.6706,604458.7500,1999.9000,
	2026/03/30 16:20:05	,	953972	,	2886	,10.5076,1999.9000,-0.7567,793.0307,595463.6875,27.6694,604643.6250,1999.9000,
	2026/03/30 16:20:05	,	954972	,	2887	,10.5081,1999.9000,-0.7530,792.9777,595382.0625,27.6653,604763.8125,1999.9000,
	2026/03/30 16:20:05	,	955972	,	2888	,10.5087,1999.9000,-0.7488,792.9335,595366.2500,27.6619,604849.0000,1999.9000,
	2026/03/30 16:20:05	,	956972	,	2889	,10.5092,1999.9000,-0.7449,792.8967,595277.8125,27.6606,604930.5625,1999.9000,
	2026/03/30 16:20:05	,	957972	,	2890	,10.5098,1999.9000,-0.7448,792.9654,595004.9375,27.6595,605156.4375,1999.9000,
	2026/03/30 16:20:05	,	958972	,	2891	,10.5104,1999.9000,-0.7448,793.1222,594651.0625,27.6586,605276.6250,1999.9000,
	2026/03/30 16:20:05	,	959972	,	2892	,10.5109,1999.9000,-0.7422,793.3524,594651.0625,27.6563,605276.6250,1999.9000,
	2026/03/30 16:20:05	,	960972	,	2893	,10.5115,1999.9000,-0.7388,793.5441,594651.0625,27.6514,605276.6250,1999.9000,
	2026/03/30 16:20:05	,	961972	,	2894	,10.5120,1999.9000,-0.7325,794.2013,594651.0625,27.6473,605276.6250,1999.9000,
	2026/03/30 16:20:05	,	962972	,	2895	,10.5126,1999.9000,-0.7229,794.7490,594651.0625,27.6469,605276.6250,1999.9000,
	2026/03/30 16:20:05	,	963972	,	2896	,10.5131,1999.9000,-0.7135,795.2054,594817.8750,27.6466,605062.2500,1999.9000,
	2026/03/30 16:20:05	,	964972	,	2897	,10.5137,1999.9000,-0.7045,795.5857,594910.7500,27.6463,604925.1250,1999.9000,
	2026/03/30 16:20:05	,	965972	,	2898	,10.5142,1999.9000,-0.6962,795.5048,594928.3750,27.6461,604818.8125,1999.9000,
	2026/03/30 16:20:05	,	966972	,	2899	,10.5147,1999.9000,-0.6879,795.4373,594950.9375,27.6474,604731.8125,1999.9000,
	2026/03/30 16:20:05	,	967972	,	2900	,10.5153,1999.9000,-0.6765,795.3810,595253.9375,27.6486,604550.6250,1999.9000,
	2026/03/30 16:20:05	,	968972	,	2901	,10.5158,1999.9000,-0.6649,795.4336,595644.2500,27.6495,604380.9375,1999.9000,
	2026/03/30 16:20:05	,	969972	,	2902	,10.5163,1999.9000,-0.6559,795.6764,595644.2500,27.6503,604380.9375,1999.9000,
	2026/03/30 16:20:05	,	970972	,	2903	,10.5168,1999.9000,-0.6479,795.8787,595644.2500,27.6509,604380.9375,1999.9000,
	2026/03/30 16:20:05	,	971972	,	2904	,10.5174,1999.9000,-0.6419,795.8484,595644.2500,27.6591,604380.9375,1999.9000,
	2026/03/30 16:20:05	,	972972	,	2905	,10.5180,1999.9000,-0.6389,795.8231,595644.2500,27.6659,604380.9375,1999.9000,
	2026/03/30 16:20:05	,	973972	,	2906	,10.5186,1999.9000,-0.6366,796.0010,595528.6250,27.6732,604588.1250,1999.9000,
	2026/03/30 16:20:05	,	974972	,	2907	,10.5191,1999.9000,-0.6344,796.2487,595411.2500,27.6776,604716.7500,1999.9000,
	2026/03/30 16:20:05	,	975972	,	2908	,10.5196,1999.9000,-0.6341,796.4551,595384.1250,27.6813,604810.9375,1999.9000,
	2026/03/30 16:20:05	,	976972	,	2909	,10.5201,1999.9000,-0.6338,796.6272,595361.3750,27.6875,604892.4375,1999.9000,
	2026/03/30 16:20:05	,	977972	,	2910	,10.5207,1999.9000,-0.6334,796.7706,595135.4375,27.6941,605065.1875,1999.9000,
	2026/03/30 16:20:05	,	978972	,	2911	,10.5212,1999.9000,-0.6312,796.8900,594777.3125,27.6997,605352.1250,1999.9000,
	2026/03/30 16:20:05	,	979972	,	2912	,10.5217,1999.9000,-0.6310,796.5916,594771.9375,27.7043,605352.1250,1999.9000,
	2026/03/30 16:20:05	,	980972	,	2913	,10.5222,1999.9000,-0.6307,796.3430,594770.1875,27.7082,605352.1250,1999.9000,
	2026/03/30 16:20:05	,	981972	,	2914	,10.5227,1999.9000,-0.6257,796.1359,594769.3125,27.7098,605352.1250,1999.9000,
	2026/03/30 16:20:05	,	982972	,	2915	,10.5232,1999.9000,-0.6167,795.9632,594768.7500,27.7082,605352.1250,1999.9000,
	2026/03/30 16:20:05	,	983972	,	2916	,10.5237,1999.9000,-0.6072,795.8193,594768.3750,27.7099,605132.8750,1999.9000,
	2026/03/30 16:20:05	,	984972	,	2917	,10.5241,1999.9000,-0.5984,795.6994,594885.7500,27.7112,604981.8750,1999.9000,
	2026/03/30 16:20:05	,	985972	,	2918	,10.5245,1999.9000,-0.5900,795.5995,594915.5625,27.7109,604864.6875,1999.9000,
	2026/03/30 16:20:05	,	986972	,	2919	,10.5248,1999.9000,-0.5818,795.5163,594936.8125,27.7060,604765.0625,1999.9000,
	2026/03/30 16:20:05	,	987972	,	2920	,10.5252,1999.9000,-0.5708,795.4468,595140.7500,27.7020,604632.1250,1999.9000,
	2026/03/30 16:20:05	,	988972	,	2921	,10.5256,1999.9000,-0.5708,795.3890,595506.6250,27.7001,604351.3125,1999.9000,
	2026/03/30 16:20:05	,	989972	,	2922	,10.5260,1999.9000,-0.5465,795.3409,595541.7500,27.7001,604351.3125,1999.9000,
	2026/03/30 16:20:05	,	990972	,	2923	,10.5264,1999.9000,-0.5372,795.2012,595553.4375,27.6986,604351.3125,1999.9000,
	2026/03/30 16:20:05	,	991972	,	2924	,10.5267,1999.9000,-0.5300,795.0849,595559.3125,27.7003,604351.3125,1999.9000,
	2026/03/30 16:20:05	,	992972	,	2925	,10.5271,1999.9000,-0.5262,794.9879,595562.8125,27.7018,604351.3125,1999.9000,
	2026/03/30 16:20:05	,	993972	,	2926	,10.5275,1999.9000,-0.5240,794.9071,595565.1250,27.7030,604543.3750,1999.9000,
	2026/03/30 16:20:05	,	994972	,	2927	,10.5279,1999.9000,-0.5215,794.8397,595437.5000,27.7010,604696.7500,1999.9000,
	2026/03/30 16:20:05	,	995972	,	2928	,10.5283,1999.9000,-0.5186,794.7836,595405.8750,27.6993,604795.2500,1999.9000,
	2026/03/30 16:20:05	,	996972	,	2929	,10.5286,1999.9000,-0.5156,794.7369,595385.4375,27.6979,604892.4375,1999.9000,
	2026/03/30 16:20:05	,	997972	,	2930	,10.5289,1999.9000,-0.5155,794.7974,595236.6875,27.6967,605013.8750,1999.9000,
	2026/03/30 16:20:05	,	998972	,	2931	,10.5293,1999.9000,-0.5154,795.0468,594912.0000,27.6972,605299.0000,1999.9000,
	2026/03/30 16:20:05	,	999972	,	2932	,10.5296,1999.9000,-0.5151,795.2546,594706.4375,27.6977,605299.0000,1999.9000,
	2026/03/30 16:20:06	,	000972	,	2933	,10.5300,1999.9000,-0.5148,795.4277,594706.4375,27.6981,605299.0000,1999.9000,
	2026/03/30 16:20:06	,	001972	,	2934	,10.5303,1999.9000,-0.5109,795.3730,594706.4375,27.6999,605299.0000,1999.9000,
	2026/03/30 16:20:06	,	002972	,	2935	,10.5306,1999.9000,-0.5046,795.3275,594706.4375,27.7015,605299.0000,1999.9000,
	2026/03/30 16:20:06	,	003972	,	2936	,10.5309,1999.9000,-0.4964,795.2896,594706.4375,27.7058,605179.3750,1999.9000,
	2026/03/30 16:20:06	,	004972	,	2937	,10.5311,1999.9000,-0.4890,795.4569,594848.8125,27.7094,605012.6875,1999.9000,
	2026/03/30 16:20:06	,	005972	,	2938	,10.5314,1999.9000,-0.4818,795.5963,594880.4375,27.7124,604908.1875,1999.9000,
	2026/03/30 16:20:06	,	006972	,	2939	,10.5318,1999.9000,-0.4749,795.5136,594901.6875,27.7149,604810.9375,1999.9000,
	2026/03/30 16:20:06	,	007972	,	2940	,10.5320,1999.9000,-0.4667,795.3452,595040.0625,27.7155,604698.6250,1999.9000,
	2026/03/30 16:20:06	,	008972	,	2941	,10.5323,1999.9000,-0.4548,795.2048,595362.4375,27.7175,604446.6875,1999.9000,
	2026/03/30 16:20:06	,	009972	,	2942	,10.5325,1999.9000,-0.4447,794.9883,595654.3750,27.7206,604446.6875,1999.9000,
	2026/03/30 16:20:06	,	010972	,	2943	,10.5328,1999.9000,-0.4366,794.8080,595654.3750,27.7202,604446.6875,1999.9000,
	2026/03/30 16:20:06	,	011972	,	2944	,10.5331,1999.9000,-0.4303,794.6577,595654.3750,27.7168,604446.6875,1999.9000,
	2026/03/30 16:20:06	,	012972	,	2945	,10.5333,1999.9000,-0.4303,794.5324,595654.3750,27.7125,604446.6875,1999.9000,
	2026/03/30 16:20:06	,	013972	,	2946	,10.5336,1999.9000,-0.4266,794.4281,595654.3750,27.7089,604454.9375,1999.9000,
	2026/03/30 16:20:06	,	014972	,	2947	,10.5338,1999.9000,-0.4257,794.3411,595485.1250,27.7074,604676.2500,1999.9000,
	2026/03/30 16:20:06	,	015972	,	2948	,10.5339,1999.9000,-0.4227,794.7660,595383.2500,27.7062,604775.9375,1999.9000,
	2026/03/30 16:20:06	,	016972	,	2949	,10.5342,1999.9000,-0.4206,795.2195,595364.5000,27.7036,604868.3750,1999.9000,
	2026/03/30 16:20:06	,	017972	,	2950	,10.5343,1999.9000,-0.4205,795.5975,595342.0000,27.6984,604974.0625,1999.9000,
	2026/03/30 16:20:06	,	018972	,	2951	,10.5345,1999.9000,-0.4204,795.9124,595056.1875,27.6895,605224.6875,1999.9000,
	2026/03/30 16:20:06	,	019972	,	2952	,10.5347,1999.9000,-0.4200,796.1749,594686.7500,27.6821,605239.7500,1999.9000,
	2026/03/30 16:20:06	,	020972	,	2953	,10.5348,1999.9000,-0.4197,796.3936,594686.7500,27.6805,605244.8125,1999.9000,
	2026/03/30 16:20:06	,	021972	,	2954	,10.5350,1999.9000,-0.4194,796.3770,594686.7500,27.6822,605247.3750,1999.9000,
	2026/03/30 16:20:06	,	022972	,	2955	,10.5352,1999.9000,-0.4163,795.8657,594686.7500,27.6837,605248.8750,1999.9000,
	2026/03/30 16:20:06	,	023972	,	2956	,10.5354,1999.9000,-0.4134,795.9370,594686.7500,27.6849,605249.9375,1999.9000,
	2026/03/30 16:20:06	,	024972	,	2957	,10.5355,1999.9000,-0.4052,795.9965,594812.5000,27.6859,605059.1875,1999.9000,
	2026/03/30 16:20:06	,	025972	,	2958	,10.5357,1999.9000,-0.3972,796.0460,594910.2500,27.6867,604919.0625,1999.9000,
	2026/03/30 16:20:06	,	026972	,	2959	,10.5358,1999.9000,-0.3898,796.0873,594924.5000,27.6874,604815.7500,1999.9000,
	2026/03/30 16:20:06	,	027972	,	2960	,10.5359,1999.9000,-0.3832,796.1216,594943.5000,27.6895,604725.7500,1999.9000,
	2026/03/30 16:20:06	,	028972	,	2961	,10.5361,1999.9000,-0.3768,795.5535,595215.8125,27.6913,604521.0625,1999.9000,
	2026/03/30 16:20:06	,	029972	,	2962	,10.5362,1999.9000,-0.3670,795.0799,595606.7500,27.6927,604417.1250,1999.9000,
	2026/03/30 16:20:06	,	030972	,	2963	,10.5363,1999.9000,-0.3568,795.1827,595606.7500,27.6939,604417.1250,1999.9000,
	2026/03/30 16:20:06	,	031972	,	2964	,10.5364,1999.9000,-0.3490,795.3680,595606.7500,27.6949,604417.1250,1999.9000,
	2026/03/30 16:20:06	,	032972	,	2965	,10.5364,1999.9000,-0.3422,795.5222,595606.7500,27.6943,604417.1250,1999.9000,
	2026/03/30 16:20:06	,	033972	,	2966	,10.5365,1999.9000,-0.3376,795.6508,595606.7500,27.6937,604417.1250,1999.9000,
	2026/03/30 16:20:06	,	034972	,	2967	,10.5365,1999.9000,-0.3369,795.7579,595594.3750,27.6932,604622.5000,1999.9000,
	2026/03/30 16:20:06	,	035972	,	2968	,10.5366,1999.9000,-0.3365,795.8472,595412.4375,27.6928,604747.5625,1999.9000,
	2026/03/30 16:20:06	,	036972	,	2969	,10.5366,1999.9000,-0.3363,795.9216,595386.0000,27.6864,604850.2500,1999.9000,
	2026/03/30 16:20:06	,	037972	,	2970	,10.5366,1999.9000,-0.3361,795.9835,595367.0000,27.6795,604890.4375,1999.9000,
	2026/03/30 16:20:06	,	038972	,	2971	,10.5366,1999.9000,-0.3360,796.0352,595155.6875,27.6737,605109.3125,1999.9000,
	2026/03/30 16:20:06	,	039972	,	2972	,10.5367,1999.9000,-0.3359,796.0782,594792.2500,27.6689,605303.8125,1999.9000,
	2026/03/30 16:20:06	,	040972	,	2973	,10.5367,1999.9000,-0.3357,796.0147,594772.2500,27.6649,605303.8125,1999.9000,
	2026/03/30 16:20:06	,	041972	,	2974	,10.5367,1999.9000,-0.3355,795.9617,594765.6250,27.6632,605303.8125,1999.9000,
	2026/03/30 16:20:06	,	042972	,	2975	,10.5367,1999.9000,-0.3352,795.9175,594762.3125,27.6617,605303.8125,1999.9000,
	2026/03/30 16:20:06	,	043972	,	2976	,10.5367,1999.9000,-0.3350,795.8807,594760.3750,27.6620,605303.8125,1999.9000,
	2026/03/30 16:20:06	,	044972	,	2977	,10.5368,1999.9000,-0.3301,795.8501,594759.0625,27.6622,605079.7500,1999.9000,
	2026/03/30 16:20:06	,	045972	,	2978	,10.5368,1999.9000,-0.3241,795.9240,594872.6250,27.6639,604938.4375,1999.9000,
	2026/03/30 16:20:06	,	046972	,	2979	,10.5368,1999.9000,-0.3182,796.0851,594902.1875,27.6653,604829.0625,1999.9000,
	2026/03/30 16:20:06	,	047972	,	2980	,10.5368,1999.9000,-0.3123,796.5178,594925.5000,27.6665,604788.6250,1999.9000,
	2026/03/30 16:20:06	,	048972	,	2981	,10.5368,1999.9000,-0.3064,796.9778,595116.9375,27.6675,604598.9375,1999.9000,
	2026/03/30 16:20:06	,	049972	,	2982	,10.5368,1999.9000,-0.2979,797.3612,595475.6250,27.6683,604345.3125,1999.9000,
	2026/03/30 16:20:06	,	050972	,	2983	,10.5368,1999.9000,-0.2877,797.5811,595596.5625,27.6705,604345.3125,1999.9000,
	2026/03/30 16:20:06	,	051972	,	2984	,10.5368,1999.9000,-0.2804,797.7644,595596.5625,27.6724,604345.3125,1999.9000,
	2026/03/30 16:20:06	,	052972	,	2985	,10.5368,1999.9000,-0.2745,797.9172,595596.5625,27.6724,604345.3125,1999.9000,
	2026/03/30 16:20:06	,	053972	,	2986	,10.5368,1999.9000,-0.2704,798.0445,595596.5625,27.6724,604345.3125,1999.9000,
	2026/03/30 16:20:06	,	054972	,	2987	,10.5368,1999.9000,-0.2699,798.1506,595596.5625,27.6724,604565.1250,1999.9000,
	2026/03/30 16:20:06	,	055972	,	2988	,10.5368,1999.9000,-0.2697,798.4379,595458.9375,27.6709,604714.8750,1999.9000,
	2026/03/30 16:20:06	,	056972	,	2989	,10.5368,1999.9000,-0.2696,798.6774,595419.6875,27.6696,604809.1250,1999.9000,
	2026/03/30 16:20:06	,	057972	,	2990	,10.5368,1999.9000,-0.2696,798.6779,595393.2500,27.6686,604849.3750,1999.9000,
	2026/03/30 16:20:06	,	058972	,	2991	,10.5368,1999.9000,-0.2695,798.6784,595248.0625,27.6677,605034.4375,1999.9000,
	2026/03/30 16:20:06	,	059972	,	2992	,10.5368,1999.9000,-0.2695,798.6788,594943.5000,27.6670,605341.8750,1999.9000,
	2026/03/30 16:20:06	,	060972	,	2993	,10.5368,1999.9000,-0.2697,798.5798,594690.9375,27.6664,605341.8750,1999.9000,
	2026/03/30 16:20:06	,	061972	,	2994	,10.5368,1999.9000,-0.2699,798.1987,594690.9375,27.6659,605341.8750,1999.9000,
	2026/03/30 16:20:06	,	062972	,	2995	,10.5368,1999.9000,-0.2701,798.1987,594690.9375,27.6670,605341.8750,1999.9000,
	2026/03/30 16:20:06	,	063972	,	2996	,10.5368,1999.9000,-0.2702,797.8812,594690.9375,27.6695,605341.8750,1999.9000,
	2026/03/30 16:20:06	,	064972	,	2997	,10.5368,1999.9000,-0.2703,797.5172,594690.9375,27.6715,605341.8750,1999.9000,
	2026/03/30 16:20:06	,	065972	,	2998	,10.5368,1999.9000,-0.2647,797.2137,594690.9375,27.6732,605175.7500,1999.9000,
	2026/03/30 16:20:06	,	066972	,	2999	,10.5368,1999.9000,-0.2589,796.9609,594830.9375,27.6746,605008.4375,1999.9000,
	2026/03/30 16:20:06	,	067972	,	3000	,10.5368,1999.9000,-0.2535,796.6508,594866.4375,27.6743,604902.7500,1999.9000,
	2026/03/30 16:20:06	,	068972	,	3001	,10.5368,1999.9000,-0.2486,796.3923,594892.0000,27.6709,604801.3125,1999.9000,
	2026/03/30 16:20:06	,	069972	,	3002	,10.5368,1999.9000,-0.2427,796.2764,595029.3750,27.6681,604676.2500,1999.9000,
	2026/03/30 16:20:06	,	070972	,	3003	,10.5367,1999.9000,-0.2337,796.1797,595331.4375,27.6658,604413.5000,1999.9000,
	2026/03/30 16:20:06	,	071972	,	3004	,10.5367,1999.9000,-0.2268,796.3977,595678.1875,27.6638,604413.5000,1999.9000,
	2026/03/30 16:20:06	,	072972	,	3005	,10.5367,1999.9000,-0.2218,796.5793,595678.1875,27.6576,604413.5000,1999.9000,
	2026/03/30 16:20:06	,	073972	,	3006	,10.5367,1999.9000,-0.2182,796.7307,595678.1875,27.6525,604413.5000,1999.9000,
	2026/03/30 16:20:06	,	074972	,	3007	,10.5367,1999.9000,-0.2179,796.4589,595678.1875,27.6482,604413.5000,1999.9000,
	2026/03/30 16:20:06	,	075972	,	3008	,10.5367,1999.9000,-0.2179,796.1329,595678.1875,27.6446,604519.8125,1999.9000,
	2026/03/30 16:20:06	,	076972	,	3009	,10.5367,1999.9000,-0.2178,795.9608,595502.4375,27.6416,604679.8750,1999.9000,
	2026/03/30 16:20:06	,	077972	,	3010	,10.5367,1999.9000,-0.2178,795.8173,595398.7500,27.6406,604785.0000,1999.9000,
	2026/03/30 16:20:06	,	078972	,	3011	,10.5367,1999.9000,-0.2178,795.6977,595374.3125,27.6414,604868.9375,1999.9000,
	2026/03/30 16:20:06	,	079972	,	3012	,10.5367,1999.9000,-0.2178,795.5981,595293.9375,27.6481,604963.1875,1999.9000,
	2026/03/30 16:20:06	,	080972	,	3013	,10.5368,1999.9000,-0.2226,795.5151,595071.0625,27.6552,605232.5000,1999.9000,
	2026/03/30 16:20:06	,	081972	,	3014	,10.5368,1999.9000,-0.2226,795.4459,594713.0000,27.6657,605233.1250,1999.9000,
	2026/03/30 16:20:06	,	082972	,	3015	,10.5368,1999.9000,-0.2226,795.3882,594713.0000,27.6745,605233.3750,1999.9000,
	2026/03/30 16:20:06	,	083972	,	3016	,10.5368,1999.9000,-0.2226,795.6385,594713.0000,27.6818,605233.4375,1999.9000,
	2026/03/30 16:20:06	,	084972	,	3017	,10.5368,1999.9000,-0.2226,796.2451,594713.0000,27.6833,605233.5000,1999.9000,
	2026/03/30 16:20:06	,	085972	,	3018	,10.5368,1999.9000,-0.2165,796.7505,594713.0000,27.6830,605233.5000,1999.9000,
	2026/03/30 16:20:06	,	086972	,	3019	,10.5368,1999.9000,-0.2096,797.1718,594726.0625,27.6828,605037.4375,1999.9000,
	2026/03/30 16:20:06	,	087972	,	3020	,10.5368,1999.9000,-0.2035,797.5228,594898.8750,27.6826,604919.6875,1999.9000,
	2026/03/30 16:20:06	,	088972	,	3021	,10.5368,1999.9000,-0.1983,797.9148,594923.6250,27.6825,604814.0000,1999.9000,
	2026/03/30 16:20:06	,	089972	,	3022	,10.5368,1999.9000,-0.1931,798.2415,594943.2500,27.6823,604718.5625,1999.9000,
	2026/03/30 16:20:06	,	090972	,	3023	,10.5368,1999.9000,-0.1844,798.5137,595189.0625,27.6822,604502.3125,1999.9000,
	2026/03/30 16:20:06	,	091972	,	3024	,10.5368,1999.9000,-0.1758,798.7405,595572.7500,27.6821,604472.6875,1999.9000,
	2026/03/30 16:20:06	,	092972	,	3025	,10.5367,1999.9000,-0.1697,799.1284,595572.7500,27.6836,604462.8750,1999.9000,
	2026/03/30 16:20:06	,	093972	,	3026	,10.5367,1999.9000,-0.1690,799.2528,595572.7500,27.6848,604458.0000,1999.9000,
	2026/03/30 16:20:06	,	094972	,	3027	,10.5367,1999.9000,-0.1688,799.1575,595572.7500,27.6858,604455.0000,1999.9000,
	2026/03/30 16:20:06	,	095972	,	3028	,10.5367,1999.9000,-0.1686,799.0781,595572.7500,27.6866,604452.9375,1999.9000,
	2026/03/30 16:20:06	,	096972	,	3029	,10.5367,1999.9000,-0.1686,799.0118,595568.0625,27.6873,604644.2500,1999.9000,
	2026/03/30 16:20:06	,	097972	,	3030	,10.5367,1999.9000,-0.1685,798.9567,595422.0000,27.6879,604761.4375,1999.9000,
	2026/03/30 16:20:06	,	098972	,	3031	,10.5367,1999.9000,-0.1688,798.9108,595394.8750,27.6853,604854.4375,1999.9000,
	2026/03/30 16:20:06	,	099972	,	3032	,10.5367,1999.9000,-0.1722,799.0715,595371.7500,27.6801,604950.5000,1999.9000,
	2026/03/30 16:20:06	,	100972	,	3033	,10.5367,1999.9000,-0.1781,799.2053,595177.6875,27.6758,605174.5625,1999.9000,
	2026/03/30 16:20:06	,	101972	,	3034	,10.5367,1999.9000,-0.1855,799.3169,594830.9375,27.6722,605323.7500,1999.9000,
	2026/03/30 16:20:06	,	102972	,	3035	,10.5367,1999.9000,-0.1906,799.4099,594742.1875,27.6692,605323.7500,1999.9000,
	2026/03/30 16:20:06	,	103972	,	3036	,10.5367,1999.9000,-0.1928,799.4872,594742.1875,27.6697,605323.7500,1999.9000,
	2026/03/30 16:20:06	,	104972	,	3037	,10.5367,1999.9000,-0.1928,799.5518,594742.1875,27.6702,605323.7500,1999.9000,
	2026/03/30 16:20:06	,	105972	,	3038	,10.5367,1999.9000,-0.1928,799.6056,594742.1875,27.6706,605323.7500,1999.9000,
	2026/03/30 16:20:06	,	106972	,	3039	,10.5367,1999.9000,-0.1928,799.6505,594742.1875,27.6724,605108.1250,1999.9000,
	2026/03/30 16:20:06	,	107972	,	3040	,10.5367,1999.9000,-0.1928,799.6878,594878.6250,27.6785,604975.2500,1999.9000,
	2026/03/30 16:20:06	,	108972	,	3041	,10.5368,1999.9000,-0.1927,799.6194,594910.2500,27.6836,604861.6875,1999.9000,
	2026/03/30 16:20:06	,	109972	,	3042	,10.5368,1999.9000,-0.1927,799.3636,594930.3125,27.6879,604774.0625,1999.9000,
	2026/03/30 16:20:06	,	110972	,	3043	,10.5368,1999.9000,-0.1899,799.0508,595095.5000,27.6899,604598.9375,1999.9000,
	2026/03/30 16:20:06	,	111972	,	3044	,10.5369,1999.9000,-0.1852,798.3923,595447.0000,27.6885,604374.2500,1999.9000,
	2026/03/30 16:20:06	,	112972	,	3045	,10.5369,1999.9000,-0.1852,797.8437,595619.2500,27.6859,604374.2500,1999.9000,
	2026/03/30 16:20:06	,	113972	,	3046	,10.5369,1999.9000,-0.1852,797.3864,595619.2500,27.6836,604374.2500,1999.9000,
	2026/03/30 16:20:06	,	114972	,	3047	,10.5369,1999.9000,-0.1852,797.0053,595619.2500,27.6836,604374.2500,1999.9000,
	2026/03/30 16:20:06	,	115972	,	3048	,10.5369,1999.9000,-0.1852,796.6877,595619.2500,27.6818,604374.2500,1999.9000,
	2026/03/30 16:20:06	,	116972	,	3049	,10.5369,1999.9000,-0.1873,796.1246,595619.2500,27.6772,604591.0625,1999.9000,
	2026/03/30 16:20:06	,	117972	,	3050	,10.5369,1999.9000,-0.1900,795.6555,595475.6250,27.6733,604719.1875,1999.9000,
	2026/03/30 16:20:06	,	118972	,	3051	,10.5369,1999.9000,-0.1927,795.5629,595393.3750,27.6702,604822.4375,1999.9000,
	2026/03/30 16:20:06	,	119972	,	3052	,10.5369,1999.9000,-0.1937,795.4857,595373.1250,27.6705,604911.1875,1999.9000,
	2026/03/30 16:20:06	,	120972	,	3053	,10.5368,1999.9000,-0.1985,795.5209,595268.8125,27.6754,605061.6250,1999.9000,
	2026/03/30 16:20:06	,	121972	,	3054	,10.5369,1999.9000,-0.2047,795.4507,594975.1250,27.6795,605361.2500,1999.9000,
	2026/03/30 16:20:06	,	122972	,	3055	,10.5369,1999.9000,-0.2073,795.3922,594677.1875,27.6829,605361.2500,1999.9000,
	2026/03/30 16:20:06	,	123972	,	3056	,10.5369,1999.9000,-0.2073,795.3435,594677.1875,27.6782,605361.2500,1999.9000,
	2026/03/30 16:20:06	,	124972	,	3057	,10.5369,1999.9000,-0.2073,795.3029,594677.1875,27.6818,605361.2500,1999.9000,
	2026/03/30 16:20:06	,	125972	,	3058	,10.5369,1999.9000,-0.2073,795.2691,594677.1875,27.6879,605361.2500,1999.9000,
	2026/03/30 16:20:06	,	126972	,	3059	,10.5369,1999.9000,-0.2073,795.2410,594677.1875,27.6899,605137.0625,1999.9000,
	2026/03/30 16:20:06	,	127972	,	3060	,10.5369,1999.9000,-0.2043,795.1180,594828.5625,27.6916,604986.1250,1999.9000,
	2026/03/30 16:20:06	,	128972	,	3061	,10.5369,1999.9000,-0.2012,795.0154,594866.1250,27.6960,604873.1875,1999.9000,
	2026/03/30 16:20:06	,	129972	,	3062	,10.5369,1999.9000,-0.1985,794.8306,594891.1250,27.6951,604772.9375,1999.9000,
	2026/03/30 16:20:06	,	130972	,	3063	,10.5369,1999.9000,-0.1943,794.6766,595015.0625,27.6944,604649.0625,1999.9000,
	2026/03/30 16:20:06	,	131972	,	3064	,10.5369,1999.9000,-0.1871,794.4487,595303.4375,27.6954,604373.6875,1999.9000,
	2026/03/30 16:20:06	,	132972	,	3065	,10.5369,1999.9000,-0.1818,794.2589,595678.7500,27.6961,604373.6875,1999.9000,
	2026/03/30 16:20:06	,	133972	,	3066	,10.5369,1999.9000,-0.1818,794.1006,595678.7500,27.6952,604373.6875,1999.9000,
	2026/03/30 16:20:06	,	134972	,	3067	,10.5369,1999.9000,-0.1818,793.9687,595678.7500,27.6945,604373.6875,1999.9000,
	2026/03/30 16:20:06	,	135972	,	3068	,10.5369,1999.9000,-0.1818,793.8588,595678.7500,27.6939,604373.6875,1999.9000,
	2026/03/30 16:20:06	,	136972	,	3069	,10.5369,1999.9000,-0.1818,793.7672,595678.7500,27.6934,604551.8750,1999.9000,
	2026/03/30 16:20:06	,	137972	,	3070	,10.5369,1999.9000,-0.1843,793.6909,595503.0000,27.6899,604705.2500,1999.9000,
	2026/03/30 16:20:06	,	138972	,	3071	,10.5368,1999.9000,-0.1880,793.6273,595399.3750,27.6839,604804.3125,1999.9000,
	2026/03/30 16:20:06	,	139972	,	3072	,10.5368,1999.9000,-0.1913,793.5743,595380.0000,27.6790,604844.7500,1999.9000,
	2026/03/30 16:20:06	,	140972	,	3073	,10.5368,1999.9000,-0.1955,793.5302,595358.6250,27.6748,604990.9375,1999.9000,
	2026/03/30 16:20:06	,	141972	,	3074	,10.5368,1999.9000,-0.2034,793.4934,595106.1875,27.6760,605283.3125,1999.9000,
	2026/03/30 16:20:06	,	142972	,	3075	,10.5368,1999.9000,-0.2101,793.5622,594745.1250,27.6770,605283.3125,1999.9000,
	2026/03/30 16:20:06	,	143972	,	3076	,10.5368,1999.9000,-0.2110,793.8185,594745.1250,27.6777,605283.3125,1999.9000,
	2026/03/30 16:20:06	,	144972	,	3077	,10.5368,1999.9000,-0.2113,794.5295,594745.1250,27.6738,605283.3125,1999.9000,
	2026/03/30 16:20:06	,	145972	,	3078	,10.5368,1999.9000,-0.2114,795.1219,594745.1250,27.6705,605283.3125,1999.9000,
	2026/03/30 16:20:06	,	146972	,	3079	,10.5368,1999.9000,-0.2115,795.6157,594745.1250,27.6678,605271.7500,1999.9000,
	2026/03/30 16:20:06	,	147972	,	3080	,10.5368,1999.9000,-0.2116,796.0271,594750.1875,27.6701,605029.5625,1999.9000,
	2026/03/30 16:20:06	,	148972	,	3081	,10.5368,1999.9000,-0.2092,796.3699,594881.6250,27.6736,604908.1875,1999.9000,
	2026/03/30 16:20:06	,	149972	,	3082	,10.5368,1999.9000,-0.2068,796.2578,594905.4375,27.6703,604812.1875,1999.9000,
	2026/03/30 16:20:06	,	150972	,	3083	,10.5368,1999.9000,-0.2040,796.0647,594925.1250,27.6646,604720.3125,1999.9000,
	2026/03/30 16:20:06	,	151972	,	3084	,10.5368,1999.9000,-0.1971,795.8044,595139.5625,27.6567,604480.5625,1999.9000,
	2026/03/30 16:20:06	,	152972	,	3085	,10.5368,1999.9000,-0.1906,795.5876,595525.6250,27.6502,604479.3750,1999.9000,
	2026/03/30 16:20:06	,	153972	,	3086	,10.5368,1999.9000,-0.1865,795.4069,595544.1250,27.6448,604478.9375,1999.9000,
	2026/03/30 16:20:06	,	154972	,	3087	,10.5368,1999.9000,-0.1865,795.2562,595550.3125,27.6448,604478.7500,1999.9000,
	2026/03/30 16:20:06	,	155972	,	3088	,10.5368,1999.9000,-0.1865,795.1307,595553.3750,27.6540,604478.6250,1999.9000,
	2026/03/30 16:20:06	,	156972	,	3089	,10.5368,1999.9000,-0.1865,795.0261,595555.2500,27.6525,604478.5625,1999.9000,
	2026/03/30 16:20:06	,	157972	,	3090	,10.5368,1999.9000,-0.1865,794.9390,595556.5000,27.6512,604655.0625,1999.9000,
	2026/03/30 16:20:06	,	158972	,	3091	,10.5368,1999.9000,-0.1888,794.8663,595450.6250,27.6609,604764.4375,1999.9000,
	2026/03/30 16:20:06	,	159972	,	3092	,10.5368,1999.9000,-0.1913,794.9052,595416.6250,27.6689,604857.4375,1999.9000,
	2026/03/30 16:20:06	,	160972	,	3093	,10.5368,1999.9000,-0.1943,795.0371,595335.5625,27.6756,604955.3125,1999.9000,
	2026/03/30 16:20:06	,	161972	,	3094	,10.5368,1999.9000,-0.2010,795.3460,595205.1250,27.6812,605190.2500,1999.9000,
	2026/03/30 16:20:06	,	162972	,	3095	,10.5368,1999.9000,-0.2086,795.4045,594866.1250,27.6858,605283.3125,1999.9000,
	2026/03/30 16:20:06	,	163972	,	3096	,10.5368,1999.9000,-0.2093,795.3537,594739.1875,27.6852,605283.3125,1999.9000,
	2026/03/30 16:20:06	,	164972	,	3097	,10.5368,1999.9000,-0.2095,795.3115,594739.1875,27.6815,605283.3125,1999.9000,
	2026/03/30 16:20:06	,	165972	,	3098	,10.5369,1999.9000,-0.2096,795.3757,594739.1875,27.6785,605283.3125,1999.9000,
	2026/03/30 16:20:06	,	166972	,	3099	,10.5369,1999.9000,-0.2097,795.4292,594739.1875,27.6744,605283.3125,1999.9000,
	2026/03/30 16:20:06	,	167972	,	3100	,10.5369,1999.9000,-0.2098,795.3743,594739.1875,27.6710,605077.3125,1999.9000,
	2026/03/30 16:20:06	,	168972	,	3101	,10.5369,1999.9000,-0.2056,794.8312,594868.5000,27.6682,604948.6875,1999.9000,
	2026/03/30 16:20:06	,	169972	,	3102	,10.5369,1999.9000,-0.2015,794.3786,594897.6250,27.6659,604843.5625,1999.9000,
	2026/03/30 16:20:06	,	170972	,	3103	,10.5368,1999.9000,-0.1972,794.0015,594916.7500,27.6624,604803.6875,1999.9000,
	2026/03/30 16:20:06	,	171972	,	3104	,10.5368,1999.9000,-0.1899,793.4883,595058.5625,27.6595,604574.8125,1999.9000,
	2026/03/30 16:20:06	,	172972	,	3105	,10.5368,1999.9000,-0.1813,793.2595,595398.7500,27.6571,604404.5000,1999.9000,
	2026/03/30 16:20:06	,	173972	,	3106	,10.5368,1999.9000,-0.1758,793.0689,595622.1875,27.6551,604404.5000,1999.9000,
	2026/03/30 16:20:06	,	174972	,	3107	,10.5368,1999.9000,-0.1758,792.9100,595622.1875,27.6534,604404.5000,1999.9000,
	2026/03/30 16:20:06	,	175972	,	3108	,10.5368,1999.9000,-0.1758,792.7776,595622.1875,27.6520,604404.5000,1999.9000,
	2026/03/30 16:20:06	,	176972	,	3109	,10.5369,1999.9000,-0.1758,793.1647,595622.1875,27.6508,604404.5000,1999.9000,
	2026/03/30 16:20:06	,	177972	,	3110	,10.5369,1999.9000,-0.1758,793.4872,595622.1875,27.6545,604606.1875,1999.9000,
	2026/03/30 16:20:06	,	178972	,	3111	,10.5369,1999.9000,-0.1797,793.8554,595458.9375,27.6605,604732.3750,1999.9000,
	2026/03/30 16:20:06	,	179972	,	3112	,10.5369,1999.9000,-0.1843,794.2618,595420.5000,27.6686,604838.6875,1999.9000,
	2026/03/30 16:20:06	,	180972	,	3113	,10.5369,1999.9000,-0.1891,794.6004,595395.5625,27.6799,604923.2500,1999.9000,
	2026/03/30 16:20:06	,	181972	,	3114	,10.5369,1999.9000,-0.1963,794.8826,595274.8125,27.6909,605096.6250,1999.9000,
	2026/03/30 16:20:06	,	182972	,	3115	,10.5369,1999.9000,-0.2057,795.1177,595008.5000,27.7001,605355.7500,1999.9000,
	2026/03/30 16:20:06	,	183972	,	3116	,10.5368,1999.9000,-0.2097,795.4132,594664.1250,27.7061,605355.7500,1999.9000,
	2026/03/30 16:20:06	,	184972	,	3117	,10.5368,1999.9000,-0.2097,795.9579,594664.1250,27.7112,605355.7500,1999.9000,
	2026/03/30 16:20:06	,	185972	,	3118	,10.5368,1999.9000,-0.2097,796.4117,594664.1250,27.7154,605355.7500,1999.9000,
	2026/03/30 16:20:06	,	186972	,	3119	,10.5368,1999.9000,-0.2097,796.7899,594664.1250,27.7190,605355.7500,1999.9000,
	2026/03/30 16:20:06	,	187972	,	3120	,10.5368,1999.9000,-0.2097,797.1051,594664.1250,27.7219,605135.3125,1999.9000,
	2026/03/30 16:20:06	,	188972	,	3121	,10.5368,1999.9000,-0.2057,797.3677,594830.3750,27.7228,604983.0625,1999.9000,
	2026/03/30 16:20:06	,	189972	,	3122	,10.5368,1999.9000,-0.2015,797.3877,594919.1250,27.7221,604873.8125,1999.9000,
	2026/03/30 16:20:06	,	190972	,	3123	,10.5368,1999.9000,-0.1974,797.2053,594934.9375,27.7214,604790.4375,1999.9000,
	2026/03/30 16:20:06	,	191972	,	3124	,10.5368,1999.9000,-0.1915,796.9540,594958.5000,27.7194,604656.9375,1999.9000,
	2026/03/30 16:20:06	,	192972	,	3125	,10.5368,1999.9000,-0.1829,796.6450,595262.3125,27.7161,604369.3750,1999.9000,
	2026/03/30 16:20:06	,	193972	,	3126	,10.5368,1999.9000,-0.1829,796.2880,595640.0625,27.7119,604369.3750,1999.9000,
	2026/03/30 16:20:06	,	194972	,	3127	,10.5368,1999.9000,-0.1766,795.9905,595640.0625,27.7099,604369.3750,1999.9000,
	2026/03/30 16:20:06	,	195972	,	3128	,10.5368,1999.9000,-0.1766,795.8421,595640.0625,27.7082,604369.3750,1999.9000,
	2026/03/30 16:20:06	,	196972	,	3129	,10.5368,1999.9000,-0.1766,795.6190,595640.0625,27.7069,604369.3750,1999.9000,
	2026/03/30 16:20:06	,	197972	,	3130	,10.5368,1999.9000,-0.1766,795.3334,595640.0625,27.7042,604567.5000,1999.9000,
	2026/03/30 16:20:06	,	198972	,	3131	,10.5368,1999.9000,-0.1766,795.0956,595521.5000,27.7020,604708.2500,1999.9000,
	2026/03/30 16:20:06	,	199972	,	3132	,10.5368,1999.9000,-0.1767,794.9968,595421.3750,27.7001,604809.6875,1999.9000,
	2026/03/30 16:20:06	,	200972	,	3133	,10.5368,1999.9000,-0.1813,794.9146,595399.0625,27.6955,604893.6875,1999.9000,
	2026/03/30 16:20:06	,	201972	,	3134	,10.5369,1999.9000,-0.1856,794.8459,595375.9375,27.6947,605024.1250,1999.9000,
	2026/03/30 16:20:06	,	202972	,	3135	,10.5368,1999.9000,-0.1903,794.7888,595141.3750,27.6941,605325.0000,1999.9000,
	2026/03/30 16:20:06	,	203972	,	3136	,10.5368,1999.9000,-0.1979,794.7411,594767.1875,27.6905,605325.0000,1999.9000,
	2026/03/30 16:20:06	,	204972	,	3137	,10.5369,1999.9000,-0.2034,794.5026,594767.1875,27.6874,605325.0000,1999.9000,
	2026/03/30 16:20:06	,	205972	,	3138	,10.5369,1999.9000,-0.2060,794.5026,594767.1875,27.6880,605325.0000,1999.9000,
	2026/03/30 16:20:06	,	206972	,	3139	,10.5368,1999.9000,-0.2060,794.5026,594767.1875,27.6900,605325.0000,1999.9000,
	2026/03/30 16:20:06	,	207972	,	3140	,10.5368,1999.9000,-0.2060,794.5027,594767.1875,27.6917,605193.8750,1999.9000,
	2026/03/30 16:20:06	,	208972	,	3141	,10.5368,1999.9000,-0.2060,794.5028,594767.5000,27.6931,605021.1250,1999.9000,
	2026/03/30 16:20:06	,	209972	,	3142	,10.5368,1999.9000,-0.2060,794.5029,594874.4375,27.6942,604906.3750,1999.9000,
	2026/03/30 16:20:06	,	210972	,	3143	,10.5368,1999.9000,-0.2033,794.4034,594900.6875,27.6936,604810.3125,1999.9000,
	2026/03/30 16:20:06	,	211972	,	3144	,10.5368,1999.9000,-0.2009,794.3206,594919.1875,27.6886,604810.3125,1999.9000,
	2026/03/30 16:20:06	,	212972	,	3145	,10.5368,1999.9000,-0.1980,794.2515,595125.8750,27.6844,604708.2500,1999.9000,
	2026/03/30 16:20:06	,	213972	,	3146	,10.5368,1999.9000,-0.1914,794.1940,595510.7500,27.6855,604452.1875,1999.9000,
	2026/03/30 16:20:06	,	214972	,	3147	,10.5368,1999.9000,-0.1851,793.9471,595529.2500,27.6863,604452.1875,1999.9000,
	2026/03/30 16:20:06	,	215972	,	3148	,10.5367,1999.9000,-0.1805,793.7413,595535.3750,27.6825,604452.1875,1999.9000,
	2026/03/30 16:20:06	,	216972	,	3149	,10.5367,1999.9000,-0.1805,793.5698,595538.5000,27.6793,604452.1875,1999.9000,
	2026/03/30 16:20:06	,	217972	,	3150	,10.5367,1999.9000,-0.1805,793.4270,595540.3125,27.6797,604452.1875,1999.9000,
	2026/03/30 16:20:06	,	218972	,	3151	,10.5368,1999.9000,-0.1805,793.3079,595541.5625,27.6800,604456.6250,1999.9000,
	2026/03/30 16:20:06	,	219972	,	3152	,10.5368,1999.9000,-0.1805,793.2087,595420.1875,27.6803,604663.5625,1999.9000,
	2026/03/30 16:20:06	,	220972	,	3153	,10.5368,1999.9000,-0.1806,793.1260,595389.8125,27.6820,604777.1250,1999.9000,
	2026/03/30 16:20:06	,	221972	,	3154	,10.5368,1999.9000,-0.1829,793.3555,595366.1875,27.6835,604871.3750,1999.9000,
	2026/03/30 16:20:06	,	222972	,	3155	,10.5368,1999.9000,-0.1837,793.5468,595210.4375,27.6832,604973.4375,1999.9000,
	2026/03/30 16:20:06	,	223972	,	3156	,10.5368,1999.9000,-0.1895,793.7062,594898.8750,27.6830,605220.4375,1999.9000,
	2026/03/30 16:20:06	,	224972	,	3157	,10.5368,1999.9000,-0.1941,793.9385,594709.4375,27.6828,605235.8750,1999.9000,
	2026/03/30 16:20:06	,	225972	,	3158	,10.5369,1999.9000,-0.1941,794.1321,594709.4375,27.6826,605241.0000,1999.9000,
	2026/03/30 16:20:06	,	226972	,	3159	,10.5369,1999.9000,-0.1941,794.1939,594709.4375,27.6824,605243.5625,1999.9000,
	2026/03/30 16:20:06	,	227972	,	3160	,10.5368,1999.9000,-0.1941,794.2454,594709.4375,27.6808,605245.1250,1999.9000,
	2026/03/30 16:20:06	,	228972	,	3161	,10.5368,1999.9000,-0.1941,794.1889,594709.4375,27.6748,605246.1250,1999.9000,
	2026/03/30 16:20:06	,	229972	,	3162	,10.5368,1999.9000,-0.1898,794.1418,594857.1250,27.6683,605052.0000,1999.9000,
	2026/03/30 16:20:06	,	230972	,	3163	,10.5368,1999.9000,-0.1865,794.1025,594890.8125,27.6614,604928.6875,1999.9000,
	2026/03/30 16:20:06	,	231972	,	3164	,10.5368,1999.9000,-0.1839,793.9704,594910.1875,27.6556,604828.4375,1999.9000,
	2026/03/30 16:20:06	,	232972	,	3165	,10.5368,1999.9000,-0.1830,793.7608,595042.5000,27.6508,604743.8750,1999.9000,
	2026/03/30 16:20:06	,	233972	,	3166	,10.5368,1999.9000,-0.1770,793.4866,595359.4375,27.6468,604531.3125,1999.9000,
	2026/03/30 16:20:06	,	234972	,	3167	,10.5368,1999.9000,-0.1708,792.8602,595644.2500,27.6434,604418.9375,1999.9000,
	2026/03/30 16:20:06	,	235972	,	3168	,10.5368,1999.9000,-0.1708,792.6367,595644.2500,27.6406,604418.9375,1999.9000,
	2026/03/30 16:20:06	,	236972	,	3169	,10.5368,1999.9000,-0.1708,792.5499,595644.2500,27.6368,604418.9375,1999.9000,
	2026/03/30 16:20:06	,	237972	,	3170	,10.5368,1999.9000,-0.1708,792.5770,595644.2500,27.6351,604418.9375,1999.9000,
	2026/03/30 16:20:06	,	238972	,	3171	,10.5368,1999.9000,-0.1708,792.5996,595644.2500,27.6337,604418.9375,1999.9000,
	2026/03/30 16:20:06	,	239972	,	3172	,10.5368,1999.9000,-0.1709,792.7180,595476.8125,27.6337,604620.6875,1999.9000,
	2026/03/30 16:20:06	,	240972	,	3173	,10.5368,1999.9000,-0.1747,793.0155,595394.0000,27.6340,604740.8750,1999.9000,
	2026/03/30 16:20:06	,	241972	,	3174	,10.5368,1999.9000,-0.1775,793.3629,595377.0000,27.6343,604840.5625,1999.9000,
	2026/03/30 16:20:06	,	242972	,	3175	,10.5368,1999.9000,-0.1801,793.6524,595294.4375,27.6346,604925.6875,1999.9000,
	2026/03/30 16:20:06	,	243972	,	3176	,10.5368,1999.9000,-0.1853,793.9931,595035.3125,27.6363,605120.1875,1999.9000,
	2026/03/30 16:20:06	,	244972	,	3177	,10.5368,1999.9000,-0.1932,794.6750,594681.4375,27.6377,605318.9375,1999.9000,
	2026/03/30 16:20:06	,	245972	,	3178	,10.5368,1999.9000,-0.1990,795.5416,594681.4375,27.6389,605318.9375,1999.9000,
	2026/03/30 16:20:06	,	246972	,	3179	,10.5368,1999.9000,-0.1990,796.2637,594681.4375,27.6400,605318.9375,1999.9000,
	2026/03/30 16:20:06	,	247972	,	3180	,10.5368,1999.9000,-0.1990,796.9651,594681.4375,27.6408,605318.9375,1999.9000,
	2026/03/30 16:20:06	,	248972	,	3181	,10.5368,1999.9000,-0.1990,797.5496,594681.4375,27.6415,605318.9375,1999.9000,
	2026/03/30 16:20:06	,	249972	,	3182	,10.5368,1999.9000,-0.1990,798.0366,594811.8750,27.6421,605102.6875,1999.9000,
	2026/03/30 16:20:06	,	250972	,	3183	,10.5368,1999.9000,-0.1990,798.3430,594918.5000,27.6425,604959.5000,1999.9000,
	2026/03/30 16:20:06	,	251972	,	3184	,10.5368,1999.9000,-0.1988,798.5982,594938.5000,27.6430,604859.2500,1999.9000,
	2026/03/30 16:20:06	,	252972	,	3185	,10.5368,1999.9000,-0.1985,798.1146,594958.1250,27.6433,604776.5000,1999.9000,
	2026/03/30 16:20:06	,	253972	,	3186	,10.5368,1999.9000,-0.1940,797.7117,595229.5625,27.6436,604615.8750,1999.9000,
	2026/03/30 16:20:06	,	254972	,	3187	,10.5368,1999.9000,-0.1874,797.1769,595610.2500,27.6438,604351.3125,1999.9000,
	2026/03/30 16:20:06	,	255972	,	3188	,10.5368,1999.9000,-0.1824,796.7312,595610.2500,27.6456,604351.3125,1999.9000,
	2026/03/30 16:20:06	,	256972	,	3189	,10.5369,1999.9000,-0.1824,796.2604,595610.2500,27.6470,604351.3125,1999.9000,
	2026/03/30 16:20:06	,	257972	,	3190	,10.5369,1999.9000,-0.1824,795.7686,595610.2500,27.6482,604351.3125,1999.9000,
	2026/03/30 16:20:06	,	258972	,	3191	,10.5369,1999.9000,-0.1824,795.4582,595610.2500,27.6537,604351.3125,1999.9000,
	2026/03/30 16:20:06	,	259972	,	3192	,10.5369,1999.9000,-0.1824,795.1995,595597.5625,27.6584,604572.3750,1999.9000,
	2026/03/30 16:20:06	,	260972	,	3193	,10.5369,1999.9000,-0.1851,795.1829,595413.6875,27.6593,604715.5000,1999.9000,
	2026/03/30 16:20:06	,	261972	,	3194	,10.5369,1999.9000,-0.1876,795.2686,595386.0000,27.6584,604804.8750,1999.9000,
	2026/03/30 16:20:06	,	262972	,	3195	,10.5370,1999.9000,-0.1886,795.3399,595366.0625,27.6577,604894.3125,1999.9000,
	2026/03/30 16:20:06	,	263972	,	3196	,10.5370,1999.9000,-0.1928,795.4988,595162.8125,27.6572,605043.5000,1999.9000,
	2026/03/30 16:20:06	,	264972	,	3197	,10.5370,1999.9000,-0.1999,795.6313,594804.7500,27.6582,605349.1250,1999.9000,
	2026/03/30 16:20:06	,	265972	,	3198	,10.5370,1999.9000,-0.2056,795.8412,594778.8125,27.6590,605349.1250,1999.9000,
	2026/03/30 16:20:06	,	266972	,	3199	,10.5370,1999.9000,-0.2056,796.0160,594770.1875,27.6567,605349.1250,1999.9000,
	2026/03/30 16:20:06	,	267972	,	3200	,10.5369,1999.9000,-0.2056,796.1617,594765.8750,27.6547,605349.1250,1999.9000,
	2026/03/30 16:20:06	,	268972	,	3201	,10.5369,1999.9000,-0.2056,796.4821,594763.3125,27.6531,605349.1250,1999.9000,
	2026/03/30 16:20:06	,	269972	,	3202	,10.5369,1999.9000,-0.2056,796.7491,594761.5625,27.6518,605169.7500,1999.9000,
	2026/03/30 16:20:06	,	270972	,	3203	,10.5369,1999.9000,-0.2019,796.9716,594887.0000,27.6506,604995.1875,1999.9000,
	2026/03/30 16:20:06	,	271972	,	3204	,10.5369,1999.9000,-0.1981,796.9581,594917.0625,27.6497,604878.6250,1999.9000,
	2026/03/30 16:20:06	,	272972	,	3205	,10.5368,1999.9000,-0.1952,796.6484,594939.3750,27.6489,604787.3750,1999.9000,
	2026/03/30 16:20:06	,	273972	,	3206	,10.5368,1999.9000,-0.1920,795.8929,595125.8750,27.6482,604676.8750,1999.9000,
	2026/03/30 16:20:06	,	274972	,	3207	,10.5368,1999.9000,-0.1853,795.2634,595486.9375,27.6477,604416.5625,1999.9000,
	2026/03/30 16:20:06	,	275972	,	3208	,10.5368,1999.9000,-0.1794,795.0372,595610.8750,27.6503,604416.5625,1999.9000,
	2026/03/30 16:20:06	,	276972	,	3209	,10.5368,1999.9000,-0.1792,794.8487,595610.8750,27.6509,604416.5625,1999.9000,
	2026/03/30 16:20:06	,	277972	,	3210	,10.5368,1999.9000,-0.1791,794.8487,595610.8750,27.6515,604416.5625,1999.9000,
	2026/03/30 16:20:06	,	278972	,	3211	,10.5368,1999.9000,-0.1790,794.3932,595610.8750,27.6534,604416.5625,1999.9000,
	2026/03/30 16:20:06	,	279972	,	3212	,10.5368,1999.9000,-0.1790,794.0136,595610.8750,27.6642,604509.5625,1999.9000,
	2026/03/30 16:20:06	,	280972	,	3213	,10.5368,1999.9000,-0.1790,793.6973,595463.1250,27.6732,604669.6250,1999.9000,
	2026/03/30 16:20:06	,	281972	,	3214	,10.5368,1999.9000,-0.1793,793.4337,595381.4375,27.6807,604773.5000,1999.9000,
	2026/03/30 16:20:06	,	282972	,	3215	,10.5368,1999.9000,-0.1819,793.5125,595360.3750,27.6870,604814.0000,1999.9000,
	2026/03/30 16:20:06	,	283972	,	3216	,10.5368,1999.9000,-0.1826,793.7771,595242.6875,27.6922,604964.3125,1999.9000,
	2026/03/30 16:20:06	,	284972	,	3217	,10.5368,1999.9000,-0.1884,793.9976,594938.2500,27.6965,605251.8750,1999.9000,
	2026/03/30 16:20:06	,	285972	,	3218	,10.5368,1999.9000,-0.1941,794.2808,594682.5625,27.7002,605251.8750,1999.9000,
	2026/03/30 16:20:06	,	286972	,	3219	,10.5368,1999.9000,-0.1946,794.6162,594682.5625,27.7032,605251.8750,1999.9000,
	2026/03/30 16:20:06	,	287972	,	3220	,10.5368,1999.9000,-0.1948,794.8958,594682.5625,27.7011,605251.8750,1999.9000,
	2026/03/30 16:20:06	,	288972	,	3221	,10.5368,1999.9000,-0.1948,795.1287,594682.5625,27.6994,605251.8750,1999.9000,
	2026/03/30 16:20:06	,	289972	,	3222	,10.5368,1999.9000,-0.1949,795.3229,594682.5625,27.7010,605247.5625,1999.9000,
	2026/03/30 16:20:06	,	290972	,	3223	,10.5368,1999.9000,-0.1949,795.3852,594832.7500,27.7024,605023.5625,1999.9000,
	2026/03/30 16:20:06	,	291972	,	3224	,10.5368,1999.9000,-0.1946,795.3377,594916.7500,27.7004,604900.3125,1999.9000,
	2026/03/30 16:20:06	,	292972	,	3225	,10.5368,1999.9000,-0.1917,795.2981,594937.0000,27.6988,604806.1250,1999.9000,
	2026/03/30 16:20:06	,	293972	,	3226	,10.5368,1999.9000,-0.1909,795.2651,595043.6250,27.7005,604765.6250,1999.9000,
	2026/03/30 16:20:06	,	294972	,	3227	,10.5368,1999.9000,-0.1852,795.2375,595336.1875,27.7019,604493.2500,1999.9000,
	2026/03/30 16:20:06	,	295972	,	3228	,10.5368,1999.9000,-0.1794,795.2146,595649.0000,27.7031,604456.7500,1999.9000,
	2026/03/30 16:20:06	,	296972	,	3229	,10.5368,1999.9000,-0.1794,795.1955,595649.0000,27.7042,604444.5625,1999.9000,
	2026/03/30 16:20:06	,	297972	,	3230	,10.5368,1999.9000,-0.1794,795.1796,595649.0000,27.7065,604438.5000,1999.9000,
	2026/03/30 16:20:06	,	298972	,	3231	,10.5368,1999.9000,-0.1794,795.1663,595649.0000,27.7085,604434.8125,1999.9000,
	2026/03/30 16:20:06	,	299972	,	3232	,10.5368,1999.9000,-0.1794,794.8568,595649.0000,27.7101,604432.4375,1999.9000,
	2026/03/30 16:20:06	,	300972	,	3233	,10.5368,1999.9000,-0.1830,794.5989,595472.6250,27.7130,604611.6250,1999.9000,
	2026/03/30 16:20:06	,	301972	,	3234	,10.5368,1999.9000,-0.1873,794.3840,595376.6875,27.7185,604731.2500,1999.9000,
	2026/03/30 16:20:06	,	302972	,	3235	,10.5368,1999.9000,-0.1915,794.2048,595358.3125,27.7230,604830.8750,1999.9000,
	2026/03/30 16:20:06	,	303972	,	3236	,10.5368,1999.9000,-0.1955,794.0556,595338.8125,27.7268,604931.7500,1999.9000,
	2026/03/30 16:20:06	,	304972	,	3237	,10.5368,1999.9000,-0.2017,793.9312,595073.4375,27.7300,605160.0625,1999.9000,
	2026/03/30 16:20:06	,	305972	,	3238	,10.5368,1999.9000,-0.2094,793.8276,594715.9375,27.7280,605295.3750,1999.9000,
	2026/03/30 16:20:06	,	306972	,	3239	,10.5368,1999.9000,-0.2097,793.7413,594715.9375,27.7248,605295.3750,1999.9000,
	2026/03/30 16:20:06	,	307972	,	3240	,10.5368,1999.9000,-0.2099,793.6693,594715.9375,27.7222,605295.3750,1999.9000,
	2026/03/30 16:20:06	,	308972	,	3241	,10.5368,1999.9000,-0.2099,793.6093,594715.9375,27.7185,605295.3750,1999.9000,
	2026/03/30 16:20:06	,	309972	,	3242	,10.5368,1999.9000,-0.2100,793.5593,594715.9375,27.7078,605295.3750,1999.9000,
	2026/03/30 16:20:06	,	310972	,	3243	,10.5368,1999.9000,-0.2100,793.5176,594726.1250,27.6989,605082.7500,1999.9000,
	2026/03/30 16:20:06	,	311972	,	3244	,10.5368,1999.9000,-0.2062,793.4830,594890.5000,27.6960,604940.8125,1999.9000,
	2026/03/30 16:20:06	,	312972	,	3245	,10.5368,1999.9000,-0.2019,793.4540,594915.5625,27.6936,604827.2500,1999.9000,
	2026/03/30 16:20:06	,	313972	,	3246	,10.5367,1999.9000,-0.1975,793.4299,594938.2500,27.6916,604739.6875,1999.9000,
	2026/03/30 16:20:06	,	314972	,	3247	,10.5367,1999.9000,-0.1909,793.4099,595189.0625,27.6900,604571.7500,1999.9000,
	2026/03/30 16:20:06	,	315972	,	3248	,10.5367,1999.9000,-0.1817,793.3931,595568.5625,27.6886,604356.7500,1999.9000,
	2026/03/30 16:20:06	,	316972	,	3249	,10.5367,1999.9000,-0.1750,793.4786,595568.5625,27.6829,604356.7500,1999.9000,
	2026/03/30 16:20:06	,	317972	,	3250	,10.5367,1999.9000,-0.1717,793.5499,595568.5625,27.6811,604356.7500,1999.9000,
	2026/03/30 16:20:06	,	318972	,	3251	,10.5367,1999.9000,-0.1717,793.8082,595568.5625,27.6812,604356.7500,1999.9000,
	2026/03/30 16:20:06	,	319972	,	3252	,10.5368,1999.9000,-0.1717,794.1229,595568.5625,27.6798,604356.7500,1999.9000,
	2026/03/30 16:20:06	,	320972	,	3253	,10.5368,1999.9000,-0.1717,794.4847,595568.1250,27.6785,604574.1875,1999.9000,
	2026/03/30 16:20:06	,	321972	,	3254	,10.5369,1999.9000,-0.1717,794.8857,595447.0000,27.6745,604723.3750,1999.9000,
	2026/03/30 16:20:06	,	322972	,	3255	,10.5369,1999.9000,-0.1746,795.1204,595415.3750,27.6711,604829.6875,1999.9000,
	2026/03/30 16:20:06	,	323972	,	3256	,10.5369,1999.9000,-0.1772,795.1169,595393.5625,27.6714,604865.0000,1999.9000,
	2026/03/30 16:20:06	,	324972	,	3257	,10.5369,1999.9000,-0.1812,795.1141,595203.3125,27.6731,605059.1875,1999.9000,
	2026/03/30 16:20:06	,	325972	,	3258	,10.5369,1999.9000,-0.1886,795.3107,594843.5000,27.6745,605346.6875,1999.9000,
	2026/03/30 16:20:06	,	326972	,	3259	,10.5369,1999.9000,-0.1947,795.4745,594757.6875,27.6757,605346.6875,1999.9000,
	2026/03/30 16:20:06	,	327972	,	3260	,10.5370,1999.9000,-0.1994,795.6110,594757.6875,27.6752,605346.6875,1999.9000,
	2026/03/30 16:20:06	,	328972	,	3261	,10.5370,1999.9000,-0.1994,795.6253,594757.6875,27.6747,605346.6875,1999.9000,
	2026/03/30 16:20:06	,	329972	,	3262	,10.5369,1999.9000,-0.1994,795.5378,594757.6875,27.6744,605346.6875,1999.9000,
	2026/03/30 16:20:06	,	330972	,	3263	,10.5369,1999.9000,-0.1994,795.4648,594757.6875,27.6802,605130.4375,1999.9000,
	2026/03/30 16:20:06	,	331972	,	3264	,10.5368,1999.9000,-0.1994,795.4040,594884.6250,27.6804,604974.0625,1999.9000,
	2026/03/30 16:20:06	,	332972	,	3265	,10.5368,1999.9000,-0.1993,795.4528,594884.6250,27.6791,604853.8125,1999.9000,
	2026/03/30 16:20:06	,	333972	,	3266	,10.5368,1999.9000,-0.1991,795.3940,594928.2500,27.6765,604755.4375,1999.9000,
	2026/03/30 16:20:06	,	334972	,	3267	,10.5368,1999.9000,-0.1959,795.1460,595085.3750,27.6743,604629.1875,1999.9000,
	2026/03/30 16:20:06	,	335972	,	3268	,10.5368,1999.9000,-0.1899,795.1383,595450.0000,27.6755,604344.6875,1999.9000,
	2026/03/30 16:20:06	,	336972	,	3269	,10.5368,1999.9000,-0.1847,794.9330,595606.7500,27.6765,604344.6875,1999.9000,
	2026/03/30 16:20:06	,	337972	,	3270	,10.5367,1999.9000,-0.1847,794.7618,595606.7500,27.6774,604344.6875,1999.9000,
	2026/03/30 16:20:06	,	338972	,	3271	,10.5367,1999.9000,-0.1847,794.7187,595606.7500,27.6781,604344.6875,1999.9000,
	2026/03/30 16:20:06	,	339972	,	3272	,10.5367,1999.9000,-0.1847,794.6828,595606.7500,27.6741,604344.6875,1999.9000,
	2026/03/30 16:20:06	,	340972	,	3273	,10.5367,1999.9000,-0.1847,794.5534,595606.7500,27.6708,604513.7500,1999.9000,
	2026/03/30 16:20:06	,	341972	,	3274	,10.5367,1999.9000,-0.1851,794.4456,595457.1250,27.6726,604683.5000,1999.9000,
	2026/03/30 16:20:06	,	342972	,	3275	,10.5367,1999.9000,-0.1886,794.3557,595373.1250,27.6741,604794.0625,1999.9000,
	2026/03/30 16:20:06	,	343972	,	3276	,10.5367,1999.9000,-0.1894,794.3803,595353.7500,27.6708,604832.4375,1999.9000,
	2026/03/30 16:20:06	,	344972	,	3277	,10.5367,1999.9000,-0.1927,794.4007,595252.1875,27.6665,604990.9375,1999.9000,
	2026/03/30 16:20:06	,	345972	,	3278	,10.5368,1999.9000,-0.1993,794.6167,594963.2500,27.6644,605268.7500,1999.9000,
	2026/03/30 16:20:06	,	346972	,	3279	,10.5368,1999.9000,-0.2051,794.5978,594676.0625,27.6673,605268.7500,1999.9000,
	2026/03/30 16:20:06	,	347972	,	3280	,10.5368,1999.9000,-0.2051,794.3831,594676.0625,27.6651,605268.7500,1999.9000,
	2026/03/30 16:20:06	,	348972	,	3281	,10.5368,1999.9000,-0.2051,794.5026,594676.0625,27.6633,605268.7500,1999.9000,
	2026/03/30 16:20:06	,	349972	,	3282	,10.5368,1999.9000,-0.2051,794.6021,594676.0625,27.6618,605268.7500,1999.9000,
	2026/03/30 16:20:06	,	350972	,	3283	,10.5369,1999.9000,-0.2051,794.6851,594676.0625,27.6605,605182.4375,1999.9000,
	2026/03/30 16:20:06	,	351972	,	3284	,10.5369,1999.9000,-0.2001,794.3563,594850.6250,27.6640,604996.3750,1999.9000,
	2026/03/30 16:20:06	,	352972	,	3285	,10.5369,1999.9000,-0.1953,794.0823,594943.5000,27.6684,604881.6250,1999.9000,
	2026/03/30 16:20:06	,	353972	,	3286	,10.5369,1999.9000,-0.1911,793.7546,594943.5000,27.6737,604790.4375,1999.9000,
	2026/03/30 16:20:06	,	354972	,	3287	,10.5369,1999.9000,-0.1871,793.4814,594958.1875,27.6781,604687.7500,1999.9000,
	2026/03/30 16:20:06	,	355972	,	3288	,10.5369,1999.9000,-0.1803,793.2538,594983.7500,27.6802,604446.1875,1999.9000,
	2026/03/30 16:20:06	,	356972	,	3289	,10.5369,1999.9000,-0.1728,793.0641,595305.8125,27.6850,604446.1875,1999.9000,
	2026/03/30 16:20:06	,	357972	,	3290	,10.5369,1999.9000,-0.1678,792.8066,595665.6875,27.6890,604446.1875,1999.9000,
	2026/03/30 16:20:06	,	358972	,	3291	,10.5369,1999.9000,-0.1678,792.6915,595665.6875,27.6923,604446.1875,1999.9000,
	2026/03/30 16:20:06	,	359972	,	3292	,10.5369,1999.9000,-0.1678,793.0928,595665.6875,27.6923,604446.1875,1999.9000,
	2026/03/30 16:20:06	,	360972	,	3293	,10.5369,1999.9000,-0.1678,793.6262,595665.6875,27.6951,604450.3750,1999.9000,
	2026/03/30 16:20:06	,	361972	,	3294	,10.5369,1999.9000,-0.1678,794.0708,595665.6875,27.6975,604640.6250,1999.9000,
	2026/03/30 16:20:06	,	362972	,	3295	,10.5369,1999.9000,-0.1702,794.4412,595504.8125,27.6979,604746.3125,1999.9000,
	2026/03/30 16:20:06	,	363972	,	3296	,10.5369,1999.9000,-0.1732,794.7499,595398.7500,27.6967,604847.1875,1999.9000,
	2026/03/30 16:20:06	,	364972	,	3297	,10.5369,1999.9000,-0.1762,795.0072,595376.3750,27.6881,604847.1875,1999.9000,
	2026/03/30 16:20:06	,	365972	,	3298	,10.5369,1999.9000,-0.1825,795.2216,595355.2500,27.6794,604949.8750,1999.9000,
	2026/03/30 16:20:06	,	366972	,	3299	,10.5369,1999.9000,-0.1911,795.6987,595109.8125,27.6721,605192.0625,1999.9000,
	2026/03/30 16:20:06	,	367972	,	3300	,10.5369,1999.9000,-0.1973,796.0963,594751.6875,27.6660,605231.5625,1999.9000,
	2026/03/30 16:20:06	,	368972	,	3301	,10.5369,1999.9000,-0.1974,796.1291,594751.6875,27.6610,605244.7500,1999.9000,
	2026/03/30 16:20:06	,	369972	,	3302	,10.5369,1999.9000,-0.1975,796.3555,594751.6875,27.6583,605251.3750,1999.9000,
	2026/03/30 16:20:06	,	370972	,	3303	,10.5370,1999.9000,-0.1975,796.5441,594751.6875,27.6592,605255.3125,1999.9000,
	2026/03/30 16:20:06	,	371972	,	3304	,10.5370,1999.9000,-0.1975,796.7013,594751.6875,27.6599,605258.0000,1999.9000,
	2026/03/30 16:20:06	,	372972	,	3305	,10.5370,1999.9000,-0.1975,796.5338,594757.2500,27.6650,605067.0625,1999.9000,
	2026/03/30 16:20:06	,	373972	,	3306	,10.5370,1999.9000,-0.1972,796.1954,594891.7500,27.6693,604934.1250,1999.9000,
	2026/03/30 16:20:06	,	374972	,	3307	,10.5369,1999.9000,-0.1938,795.9133,594915.8125,27.6729,604832.6875,1999.9000,
	2026/03/30 16:20:06	,	375972	,	3308	,10.5369,1999.9000,-0.1938,795.6783,594934.5625,27.6759,604745.6875,1999.9000,
	2026/03/30 16:20:06	,	376972	,	3309	,10.5369,1999.9000,-0.1902,795.4824,595168.8125,27.6784,604552.4375,1999.9000,
	2026/03/30 16:20:06	,	377972	,	3310	,10.5369,1999.9000,-0.1844,795.3193,595556.6250,27.6820,604404.5000,1999.9000,
	2026/03/30 16:20:06	,	378972	,	3311	,10.5369,1999.9000,-0.1812,795.1832,595559.0000,27.6835,604404.5000,1999.9000,
	2026/03/30 16:20:06	,	379972	,	3312	,10.5368,1999.9000,-0.1812,795.2687,595559.8125,27.6847,604404.5000,1999.9000,
	2026/03/30 16:20:06	,	380972	,	3313	,10.5368,1999.9000,-0.1812,795.3401,595560.2500,27.6872,604404.5000,1999.9000,
	2026/03/30 16:20:06	,	381972	,	3314	,10.5369,1999.9000,-0.1812,795.3995,595560.5000,27.6894,604404.5000,1999.9000,
	2026/03/30 16:20:06	,	382972	,	3315	,10.5369,1999.9000,-0.1812,795.5486,595560.6875,27.6911,604615.8750,1999.9000,
	2026/03/30 16:20:06	,	383972	,	3316	,10.5369,1999.9000,-0.1816,795.7722,595435.1250,27.6926,604727.0000,1999.9000,
	2026/03/30 16:20:06	,	384972	,	3317	,10.5369,1999.9000,-0.1857,795.8591,595405.0000,27.6954,604820.0625,1999.9000,
	2026/03/30 16:20:06	,	385972	,	3318	,10.5369,1999.9000,-0.1880,795.9315,595383.6875,27.6977,604858.6875,1999.9000,
	2026/03/30 16:20:06	,	386972	,	3319	,10.5369,1999.9000,-0.1914,796.0913,595217.6250,27.7011,605077.8750,1999.9000,
	2026/03/30 16:20:06	,	387972	,	3320	,10.5369,1999.9000,-0.1977,796.2245,594870.2500,27.7040,605329.8125,1999.9000,
	2026/03/30 16:20:06	,	388972	,	3321	,10.5369,1999.9000,-0.2022,796.3356,594732.6250,27.7063,605329.8125,1999.9000,
	2026/03/30 16:20:06	,	389972	,	3322	,10.5370,1999.9000,-0.2022,796.4280,594732.6250,27.7037,605329.8125,1999.9000,
	2026/03/30 16:20:06	,	390972	,	3323	,10.5370,1999.9000,-0.2022,796.5051,594732.6250,27.7016,605329.8125,1999.9000,
	2026/03/30 16:20:06	,	391972	,	3324	,10.5370,1999.9000,-0.2022,796.5693,594732.6250,27.7013,605329.8125,1999.9000,
	2026/03/30 16:20:06	,	392972	,	3325	,10.5370,1999.9000,-0.2022,796.6229,594732.6250,27.7042,605110.5625,1999.9000,
	2026/03/30 16:20:06	,	393972	,	3326	,10.5369,1999.9000,-0.1999,796.6675,594866.6875,27.7034,604962.5625,1999.9000,
	2026/03/30 16:20:06	,	394972	,	3327	,10.5369,1999.9000,-0.1956,796.4063,594901.8750,27.6998,604858.0625,1999.9000,
	2026/03/30 16:20:06	,	395972	,	3328	,10.5369,1999.9000,-0.1920,796.1885,594922.5000,27.6937,604772.9375,1999.9000,
	2026/03/30 16:20:06	,	396972	,	3329	,10.5369,1999.9000,-0.1880,796.0071,595059.1250,27.6917,604626.1250,1999.9000,
	2026/03/30 16:20:06	,	397972	,	3330	,10.5369,1999.9000,-0.1809,795.9553,595391.6250,27.6916,604335.0000,1999.9000,
	2026/03/30 16:20:06	,	398972	,	3331	,10.5368,1999.9000,-0.1749,795.9123,595639.5000,27.6914,604335.0000,1999.9000,
	2026/03/30 16:20:06	,	399972	,	3332	,10.5368,1999.9000,-0.1726,795.8763,595639.5000,27.6913,604335.0000,1999.9000,
	2026/03/30 16:20:06	,	400972	,	3333	,10.5368,1999.9000,-0.1726,795.5480,595639.5000,27.6912,604335.0000,1999.9000,
	2026/03/30 16:20:06	,	401972	,	3334	,10.5368,1999.9000,-0.1726,795.2744,595639.5000,27.6912,604335.0000,1999.9000,
	2026/03/30 16:20:06	,	402972	,	3335	,10.5368,1999.9000,-0.1726,795.0464,595639.5000,27.6957,604556.6875,1999.9000,
	2026/03/30 16:20:06	,	403972	,	3336	,10.5368,1999.9000,-0.1726,794.8563,595480.3750,27.6995,604701.0625,1999.9000,
	2026/03/30 16:20:06	,	404972	,	3337	,10.5368,1999.9000,-0.1730,794.6979,595392.8125,27.7026,604801.9375,1999.9000,
	2026/03/30 16:20:06	,	405972	,	3338	,10.5368,1999.9000,-0.1769,794.5660,595372.2500,27.7052,604886.4375,1999.9000,
	2026/03/30 16:20:06	,	406972	,	3339	,10.5368,1999.9000,-0.1806,794.4561,595283.8125,27.7074,605015.1250,1999.9000,
	2026/03/30 16:20:06	,	407972	,	3340	,10.5369,1999.9000,-0.1889,794.7623,595003.7500,27.7092,605326.7500,1999.9000,
	2026/03/30 16:20:06	,	408972	,	3341	,10.5369,1999.9000,-0.1972,795.0176,594651.5625,27.7107,605326.7500,1999.9000,
	2026/03/30 16:20:06	,	409972	,	3342	,10.5369,1999.9000,-0.2030,795.2303,594651.5625,27.7120,605326.7500,1999.9000,
	2026/03/30 16:20:06	,	410972	,	3343	,10.5369,1999.9000,-0.2030,795.4075,594651.5625,27.7115,605326.7500,1999.9000,
	2026/03/30 16:20:06	,	411972	,	3344	,10.5369,1999.9000,-0.2030,795.5552,594651.5625,27.7095,605326.7500,1999.9000,
	2026/03/30 16:20:06	,	412972	,	3345	,10.5369,1999.9000,-0.2030,795.6783,594651.5625,27.7064,605187.8750,1999.9000,
	2026/03/30 16:20:06	,	413972	,	3346	,10.5368,1999.9000,-0.2030,795.6814,594823.1875,27.7038,605027.8125,1999.9000,
	2026/03/30 16:20:06	,	414972	,	3347	,10.5368,1999.9000,-0.2026,795.6839,594913.7500,27.7032,604908.1875,1999.9000,
	2026/03/30 16:20:06	,	415972	,	3348	,10.5368,1999.9000,-0.1993,795.4871,594929.8750,27.7027,604810.9375,1999.9000,
	2026/03/30 16:20:06	,	416972	,	3349	,10.5367,1999.9000,-0.1985,795.3231,594955.3125,27.7007,604702.1875,1999.9000,
	2026/03/30 16:20:06	,	417972	,	3350	,10.5367,1999.9000,-0.1928,795.1865,595270.0625,27.6991,604437.6875,1999.9000,
	2026/03/30 16:20:06	,	418972	,	3351	,10.5367,1999.9000,-0.1874,795.1721,595650.1875,27.6977,604437.6875,1999.9000,
	2026/03/30 16:20:06	,	419972	,	3352	,10.5367,1999.9000,-0.1874,795.0606,595650.1875,27.6965,604437.6875,1999.9000,
	2026/03/30 16:20:06	,	420972	,	3353	,10.5367,1999.9000,-0.1874,794.9677,595650.1875,27.6956,604437.6875,1999.9000,
	2026/03/30 16:20:06	,	421972	,	3354	,10.5367,1999.9000,-0.1874,794.8903,595650.1875,27.6948,604437.6875,1999.9000,
	2026/03/30 16:20:06	,	422972	,	3355	,10.5367,1999.9000,-0.1874,794.8257,595650.1875,27.6941,604446.6875,1999.9000,
	2026/03/30 16:20:06	,	423972	,	3356	,10.5367,1999.9000,-0.1875,794.6724,595522.1250,27.6890,604661.1250,1999.9000,
	2026/03/30 16:20:06	,	424972	,	3357	,10.5367,1999.9000,-0.1904,794.6442,595414.2500,27.6832,604768.6250,1999.9000,
	2026/03/30 16:20:06	,	425972	,	3358	,10.5368,1999.9000,-0.1928,794.6207,595394.0000,27.6814,604865.9375,1999.9000,
	2026/03/30 16:20:06	,	426972	,	3359	,10.5368,1999.9000,-0.1951,794.6011,595374.0625,27.6830,604957.6875,1999.9000,
	2026/03/30 16:20:06	,	427972	,	3360	,10.5368,1999.9000,-0.2001,794.5848,595155.0625,27.6843,605213.8125,1999.9000,
	2026/03/30 16:20:06	,	428972	,	3361	,10.5368,1999.9000,-0.2068,795.0686,594789.8750,27.6854,605239.5000,1999.9000,
	2026/03/30 16:20:06	,	429972	,	3362	,10.5368,1999.9000,-0.2111,795.7701,594785.0625,27.6832,605248.0625,1999.9000,
	2026/03/30 16:20:06	,	430972	,	3363	,10.5368,1999.9000,-0.2111,796.3547,594783.5000,27.6784,605252.3125,1999.9000,
	2026/03/30 16:20:06	,	431972	,	3364	,10.5368,1999.9000,-0.2111,796.8419,594782.6875,27.6744,605254.8125,1999.9000,
	2026/03/30 16:20:06	,	432972	,	3365	,10.5368,1999.9000,-0.2111,797.2479,594782.1875,27.6710,605256.5625,1999.9000,
	2026/03/30 16:20:06	,	433972	,	3366	,10.5368,1999.9000,-0.2111,797.5862,594781.9375,27.6682,605058.5625,1999.9000,
	2026/03/30 16:20:06	,	434972	,	3367	,10.5368,1999.9000,-0.2088,797.1719,594887.0000,27.6658,604931.1250,1999.9000,
	2026/03/30 16:20:06	,	435972	,	3368	,10.5368,1999.9000,-0.2063,796.8265,594914.0625,27.6639,604824.8750,1999.9000,
	2026/03/30 16:20:06	,	436972	,	3369	,10.5368,1999.9000,-0.2039,796.5388,594934.4375,27.6622,604736.6875,1999.9000,
	2026/03/30 16:20:06	,	437972	,	3370	,10.5368,1999.9000,-0.1990,796.2990,595140.7500,27.6777,604532.5000,1999.9000,
	2026/03/30 16:20:06	,	438972	,	3371	,10.5368,1999.9000,-0.1917,795.9002,595508.3750,27.6905,604434.6875,1999.9000,
	2026/03/30 16:20:06	,	439972	,	3372	,10.5368,1999.9000,-0.1868,795.5679,595536.0625,27.7013,604434.6875,1999.9000,
	2026/03/30 16:20:06	,	440972	,	3373	,10.5368,1999.9000,-0.1859,795.2910,595545.3125,27.7102,604434.6875,1999.9000,
	2026/03/30 16:20:06	,	441972	,	3374	,10.5367,1999.9000,-0.1856,795.2592,595549.8750,27.7177,604434.6875,1999.9000,
	2026/03/30 16:20:06	,	442972	,	3375	,10.5367,1999.9000,-0.1855,795.0338,595552.6250,27.7224,604434.6875,1999.9000,
	2026/03/30 16:20:06	,	443972	,	3376	,10.5367,1999.9000,-0.1854,794.8458,595554.4375,27.7202,604624.8750,1999.9000,
	2026/03/30 16:20:06	,	444972	,	3377	,10.5367,1999.9000,-0.1853,794.6892,595429.7500,27.7061,604737.3125,1999.9000,
	2026/03/30 16:20:06	,	445972	,	3378	,10.5367,1999.9000,-0.1855,794.5587,595395.5000,27.6944,604832.6875,1999.9000,
	2026/03/30 16:20:06	,	446972	,	3379	,10.5367,1999.9000,-0.1878,794.4499,595370.3750,27.6846,604923.8750,1999.9000,
	2026/03/30 16:20:06	,	447972	,	3380	,10.5367,1999.9000,-0.1909,794.7571,595221.8125,27.6765,605128.0625,1999.9000,
	2026/03/30 16:20:06	,	448972	,	3381	,10.5367,1999.9000,-0.1975,795.0132,594909.6250,27.6697,605306.8750,1999.9000,
	2026/03/30 16:20:06	,	449972	,	3382	,10.5367,1999.9000,-0.2008,795.3260,594703.4375,27.6641,605306.8750,1999.9000,
	2026/03/30 16:20:06	,	450972	,	3383	,10.5367,1999.9000,-0.2008,795.5868,594703.4375,27.6594,605306.8750,1999.9000,
	2026/03/30 16:20:06	,	451972	,	3384	,10.5368,1999.9000,-0.2008,795.8040,594703.4375,27.6631,605306.8750,1999.9000,
	2026/03/30 16:20:06	,	452972	,	3385	,10.5368,1999.9000,-0.2008,795.9851,594703.4375,27.6677,605306.8750,1999.9000,
	2026/03/30 16:20:06	,	453972	,	3386	,10.5368,1999.9000,-0.2008,796.0365,594703.4375,27.6746,605082.1875,1999.9000,
	2026/03/30 16:20:06	,	454972	,	3387	,10.5368,1999.9000,-0.1978,795.8804,594848.8125,27.6804,604955.9375,1999.9000,
	2026/03/30 16:20:06	,	455972	,	3388	,10.5368,1999.9000,-0.1956,795.7503,594931.0000,27.6852,604864.6875,1999.9000,
	2026/03/30 16:20:06	,	456972	,	3389	,10.5368,1999.9000,-0.1950,795.6419,594947.4375,27.6861,604774.6875,1999.9000,
	2026/03/30 16:20:06	,	457972	,	3390	,10.5368,1999.9000,-0.1919,795.2532,595050.1875,27.6884,604607.3750,1999.9000,
	2026/03/30 16:20:06	,	458972	,	3391	,10.5368,1999.9000,-0.1857,794.9292,595370.7500,27.6904,604389.9375,1999.9000,
	2026/03/30 16:20:06	,	459972	,	3392	,10.5368,1999.9000,-0.1809,794.6592,595646.6250,27.6920,604389.9375,1999.9000,
	2026/03/30 16:20:06	,	460972	,	3393	,10.5368,1999.9000,-0.1809,794.4343,595646.6250,27.6872,604389.9375,1999.9000,
	2026/03/30 16:20:06	,	461972	,	3394	,10.5368,1999.9000,-0.1809,794.2467,595646.6250,27.6832,604389.9375,1999.9000,
	2026/03/30 16:20:06	,	462972	,	3395	,10.5368,1999.9000,-0.1809,794.0905,595646.6250,27.6799,604389.9375,1999.9000,
	2026/03/30 16:20:06	,	463972	,	3396	,10.5367,1999.9000,-0.1809,793.9604,595646.6250,27.6771,604595.3125,1999.9000,
	2026/03/30 16:20:06	,	464972	,	3397	,10.5367,1999.9000,-0.1809,794.1503,595475.0000,27.6794,604725.1875,1999.9000,
	2026/03/30 16:20:06	,	465972	,	3398	,10.5367,1999.9000,-0.1812,794.3085,595379.0625,27.6813,604821.1875,1999.9000,
	2026/03/30 16:20:06	,	466972	,	3399	,10.5367,1999.9000,-0.1842,794.5399,595355.8125,27.6829,604914.2500,1999.9000,
	2026/03/30 16:20:06	,	467972	,	3400	,10.5367,1999.9000,-0.1851,794.7327,595271.3125,27.6842,605056.8125,1999.9000,
	2026/03/30 16:20:06	,	468972	,	3401	,10.5367,1999.9000,-0.1913,794.8934,595038.2500,27.6853,605361.2500,1999.9000,
	2026/03/30 16:20:06	,	469972	,	3402	,10.5367,1999.9000,-0.1962,795.1268,594667.6875,27.6862,605361.2500,1999.9000,
	2026/03/30 16:20:06	,	470972	,	3403	,10.5367,1999.9000,-0.1962,795.3213,594667.6875,27.6885,605361.2500,1999.9000,
	2026/03/30 16:20:06	,	471972	,	3404	,10.5367,1999.9000,-0.1962,795.4833,594667.6875,27.6920,605361.2500,1999.9000,
	2026/03/30 16:20:06	,	472972	,	3405	,10.5367,1999.9000,-0.1962,795.6184,594667.6875,27.6933,605361.2500,1999.9000,
	2026/03/30 16:20:06	,	473972	,	3406	,10.5367,1999.9000,-0.1962,795.8304,594667.6875,27.6959,605152.2500,1999.9000,
	2026/03/30 16:20:06	,	474972	,	3407	,10.5367,1999.9000,-0.1961,795.9076,594807.1250,27.6997,604993.3125,1999.9000,
	2026/03/30 16:20:06	,	475972	,	3408	,10.5368,1999.9000,-0.1936,795.9720,594896.5000,27.7028,604886.4375,1999.9000,
	2026/03/30 16:20:06	,	476972	,	3409	,10.5368,1999.9000,-0.1927,796.3240,594917.0625,27.7054,604802.5000,1999.9000,
	2026/03/30 16:20:06	,	477972	,	3410	,10.5368,1999.9000,-0.1899,796.6173,594936.0000,27.7090,604684.6875,1999.9000,
	2026/03/30 16:20:06	,	478972	,	3411	,10.5368,1999.9000,-0.1846,796.8618,595201.5625,27.7121,604411.0625,1999.9000,
	2026/03/30 16:20:06	,	479972	,	3412	,10.5369,1999.9000,-0.1792,797.0655,595592.3750,27.7146,604411.0625,1999.9000,
	2026/03/30 16:20:06	,	480972	,	3413	,10.5369,1999.9000,-0.1792,797.3347,595592.3750,27.7167,604411.0625,1999.9000,
	2026/03/30 16:20:06	,	481972	,	3414	,10.5369,1999.9000,-0.1792,797.5591,595592.3750,27.7185,604411.0625,1999.9000,
	2026/03/30 16:20:06	,	482972	,	3415	,10.5369,1999.9000,-0.1792,797.7461,595592.3750,27.7139,604411.0625,1999.9000,
	2026/03/30 16:20:06	,	483972	,	3416	,10.5369,1999.9000,-0.1792,797.9019,595592.3750,27.7024,604510.8125,1999.9000,
	2026/03/30 16:20:06	,	484972	,	3417	,10.5369,1999.9000,-0.1793,798.0318,595584.3125,27.6928,604684.1250,1999.9000,
	2026/03/30 16:20:06	,	485972	,	3418	,10.5369,1999.9000,-0.1815,797.7421,595425.0000,27.6849,604783.8125,1999.9000,
	2026/03/30 16:20:06	,	486972	,	3419	,10.5368,1999.9000,-0.1823,797.4012,595392.1875,27.6782,604824.2500,1999.9000,
	2026/03/30 16:20:06	,	487972	,	3420	,10.5368,1999.9000,-0.1844,797.0176,595366.5625,27.6727,604977.0625,1999.9000,
	2026/03/30 16:20:06	,	488972	,	3421	,10.5368,1999.9000,-0.1888,796.4991,595149.1250,27.6681,605275.4375,1999.9000,
	2026/03/30 16:20:06	,	489972	,	3422	,10.5368,1999.9000,-0.1947,796.0670,594807.7500,27.6764,605275.4375,1999.9000,
	2026/03/30 16:20:06	,	490972	,	3423	,10.5367,1999.9000,-0.1975,795.7068,594787.4375,27.6849,605275.4375,1999.9000,
	2026/03/30 16:20:06	,	491972	,	3424	,10.5367,1999.9000,-0.1975,795.4067,594780.6875,27.6849,605275.4375,1999.9000,
	2026/03/30 16:20:06	,	492972	,	3425	,10.5367,1999.9000,-0.1975,795.4067,594777.3125,27.6920,605275.4375,1999.9000,
	2026/03/30 16:20:06	,	493972	,	3426	,10.5367,1999.9000,-0.1975,795.2561,594775.2500,27.6979,605269.3125,1999.9000,
	2026/03/30 16:20:06	,	494972	,	3427	,10.5367,1999.9000,-0.1975,795.1307,594773.9375,27.7074,605059.7500,1999.9000,
	2026/03/30 16:20:06	,	495972	,	3428	,10.5367,1999.9000,-0.1950,794.9266,594891.7500,27.7214,604940.1875,1999.9000,
	2026/03/30 16:20:06	,	496972	,	3429	,10.5367,1999.9000,-0.1926,794.8560,594919.4375,27.7301,604835.1250,1999.9000,
	2026/03/30 16:20:06	,	497972	,	3430	,10.5367,1999.9000,-0.1902,794.8967,594938.8125,27.7342,604733.0000,1999.9000,
	2026/03/30 16:20:06	,	498972	,	3431	,10.5367,1999.9000,-0.1850,794.9306,595127.6875,27.7331,604495.0625,1999.9000,
	2026/03/30 16:20:06	,	499972	,	3432	,10.5367,1999.9000,-0.1772,794.9588,595480.3750,27.7322,604471.8125,1999.9000,
	2026/03/30 16:20:06	,	500972	,	3433	,10.5368,1999.9000,-0.1717,794.9823,595597.7500,27.7299,604464.1250,1999.9000,
	2026/03/30 16:20:06	,	501972	,	3434	,10.5368,1999.9000,-0.1717,794.8029,595597.7500,27.7279,604460.1875,1999.9000,
	2026/03/30 16:20:06	,	502972	,	3435	,10.5368,1999.9000,-0.1717,794.5540,595597.7500,27.7233,604457.8750,1999.9000,
	2026/03/30 16:20:06	,	503972	,	3436	,10.5368,1999.9000,-0.1717,794.3465,595597.7500,27.7194,604456.3125,1999.9000,
	2026/03/30 16:20:06	,	504972	,	3437	,10.5368,1999.9000,-0.1717,794.1736,595597.7500,27.7162,604641.8750,1999.9000,
	2026/03/30 16:20:06	,	505972	,	3438	,10.5368,1999.9000,-0.1718,793.9095,595454.7500,27.7112,604763.8125,1999.9000,
	2026/03/30 16:20:06	,	506972	,	3439	,10.5368,1999.9000,-0.1760,793.9095,595420.5000,27.7112,604855.6875,1999.9000,
	2026/03/30 16:20:06	,	507972	,	3440	,10.5368,1999.9000,-0.1802,794.1080,595396.8125,27.7093,604939.0000,1999.9000,
	2026/03/30 16:20:06	,	508972	,	3441	,10.5368,1999.9000,-0.1866,794.3727,595248.0625,27.7063,605149.1875,1999.9000,
	2026/03/30 16:20:06	,	509972	,	3442	,10.5368,1999.9000,-0.1963,794.6929,594941.1250,27.7037,605266.9375,1999.9000,
	2026/03/30 16:20:06	,	510972	,	3443	,10.5367,1999.9000,-0.2036,794.9597,594682.0000,27.7016,605266.9375,1999.9000,
	2026/03/30 16:20:06	,	511972	,	3444	,10.5367,1999.9000,-0.2046,795.2816,594682.0000,27.6998,605266.9375,1999.9000,
	2026/03/30 16:20:06	,	512972	,	3445	,10.5367,1999.9000,-0.2050,795.4502,594682.0000,27.6983,605266.9375,1999.9000,
	2026/03/30 16:20:06	,	513972	,	3446	,10.5367,1999.9000,-0.2052,795.5908,594682.0000,27.6970,605266.9375,1999.9000,
	2026/03/30 16:20:06	,	514972	,	3447	,10.5366,1999.9000,-0.2053,795.7079,594682.0000,27.6960,605062.2500,1999.9000,
	2026/03/30 16:20:06	,	515972	,	3448	,10.5366,1999.9000,-0.2053,795.8055,594828.5625,27.6875,604928.6875,1999.9000,
	2026/03/30 16:20:06	,	516972	,	3449	,10.5366,1999.9000,-0.2019,795.7874,594864.5625,27.6835,604832.1250,1999.9000,
	2026/03/30 16:20:06	,	517972	,	3450	,10.5366,1999.9000,-0.1981,795.6729,594889.8750,27.6908,604832.1250,1999.9000,
	2026/03/30 16:20:06	,	518972	,	3451	,10.5366,1999.9000,-0.1928,795.1794,595024.6250,27.6969,604744.5000,1999.9000,
	2026/03/30 16:20:06	,	519972	,	3452	,10.5367,1999.9000,-0.1843,794.6688,595327.8125,27.7020,604559.1250,1999.9000,
	2026/03/30 16:20:06	,	520972	,	3453	,10.5367,1999.9000,-0.1779,794.2433,595683.0000,27.7062,604376.6875,1999.9000,
	2026/03/30 16:20:06	,	521972	,	3454	,10.5367,1999.9000,-0.1742,793.9881,595683.0000,27.7097,604376.6875,1999.9000,
	2026/03/30 16:20:06	,	522972	,	3455	,10.5368,1999.9000,-0.1742,793.7756,595683.0000,27.7127,604376.6875,1999.9000,
	2026/03/30 16:20:06	,	523972	,	3456	,10.5368,1999.9000,-0.1742,793.5984,595683.0000,27.7151,604376.6875,1999.9000,
	2026/03/30 16:20:06	,	524972	,	3457	,10.5368,1999.9000,-0.1742,793.4508,595683.0000,27.7172,604376.6875,1999.9000,
	2026/03/30 16:20:06	,	525972	,	3458	,10.5368,1999.9000,-0.1742,793.4272,595504.8125,27.7189,604592.9375,1999.9000,
	2026/03/30 16:20:06	,	526972	,	3459	,10.5368,1999.9000,-0.1745,793.4076,595402.3125,27.7188,604725.7500,1999.9000,
	2026/03/30 16:20:06	,	527972	,	3460	,10.5369,1999.9000,-0.1772,793.4907,595381.4375,27.7141,604821.1875,1999.9000,
	2026/03/30 16:20:06	,	528972	,	3461	,10.5369,1999.9000,-0.1782,793.6594,595355.6875,27.7102,604909.4375,1999.9000,
	2026/03/30 16:20:06	,	529972	,	3462	,10.5369,1999.9000,-0.1851,794.1979,595077.0000,27.7115,605076.1250,1999.9000,
	2026/03/30 16:20:06	,	530972	,	3463	,10.5368,1999.9000,-0.1901,794.6466,594706.4375,27.7081,605355.1875,1999.9000,
	2026/03/30 16:20:06	,	531972	,	3464	,10.5368,1999.9000,-0.1901,795.2195,594706.4375,27.7037,605355.1875,1999.9000,
	2026/03/30 16:20:06	,	532972	,	3465	,10.5368,1999.9000,-0.1901,795.6970,594706.4375,27.7000,605355.1875,1999.9000,
	2026/03/30 16:20:06	,	533972	,	3466	,10.5368,1999.9000,-0.1901,796.0948,594706.4375,27.6969,605355.1875,1999.9000,
	2026/03/30 16:20:06	,	534972	,	3467	,10.5367,1999.9000,-0.1901,796.4263,594706.4375,27.6913,605355.1875,1999.9000,
	2026/03/30 16:20:06	,	535972	,	3468	,10.5367,1999.9000,-0.1863,796.7026,594719.7500,27.6820,605124.3750,1999.9000,
	2026/03/30 16:20:06	,	536972	,	3469	,10.5367,1999.9000,-0.1834,796.7339,594889.9375,27.6820,604965.5625,1999.9000,
	2026/03/30 16:20:06	,	537972	,	3470	,10.5367,1999.9000,-0.1825,796.5610,594915.0000,27.6743,604852.6250,1999.9000,
	2026/03/30 16:20:06	,	538972	,	3471	,10.5367,1999.9000,-0.1798,796.0191,594938.3750,27.6664,604756.5625,1999.9000,
	2026/03/30 16:20:06	,	539972	,	3472	,10.5366,1999.9000,-0.1746,795.5676,595202.1875,27.6598,604626.1250,1999.9000,
	2026/03/30 16:20:06	,	540972	,	3473	,10.5366,1999.9000,-0.1742,795.1912,595587.0000,27.6558,604350.1250,1999.9000,
	2026/03/30 16:20:06	,	541972	,	3474	,10.5366,1999.9000,-0.1741,794.8776,595587.0000,27.6524,604350.1250,1999.9000,
	2026/03/30 16:20:06	,	542972	,	3475	,10.5366,1999.9000,-0.1740,794.9147,595587.0000,27.6497,604350.1250,1999.9000,
	2026/03/30 16:20:06	,	543972	,	3476	,10.5367,1999.9000,-0.1740,794.9455,595587.0000,27.6474,604350.1250,1999.9000,
	2026/03/30 16:20:06	,	544972	,	3477	,10.5367,1999.9000,-0.1739,794.9713,595587.0000,27.6485,604350.1250,1999.9000,
	2026/03/30 16:20:06	,	545972	,	3478	,10.5367,1999.9000,-0.1790,795.0921,595580.6875,27.6495,604553.0625,1999.9000,
	2026/03/30 16:20:06	,	546972	,	3479	,10.5367,1999.9000,-0.1839,795.3918,595412.4375,27.6503,604691.3125,1999.9000,
	2026/03/30 16:20:06	,	547972	,	3480	,10.5367,1999.9000,-0.1839,795.6416,595389.5000,27.6509,604790.4375,1999.9000,
	2026/03/30 16:20:06	,	548972	,	3481	,10.5367,1999.9000,-0.1920,795.8497,595371.7500,27.6515,604881.6250,1999.9000,
	2026/03/30 16:20:06	,	549972	,	3482	,10.5368,1999.9000,-0.1920,796.0232,595189.0625,27.6549,605001.1875,1999.9000,
	2026/03/30 16:20:06	,	550972	,	3483	,10.5368,1999.9000,-0.2073,796.1677,594845.2500,27.6594,605288.7500,1999.9000,
	2026/03/30 16:20:06	,	551972	,	3484	,10.5368,1999.9000,-0.2129,796.2881,594715.9375,27.6631,605288.7500,1999.9000,
	2026/03/30 16:20:06	,	552972	,	3485	,10.5368,1999.9000,-0.2129,796.3885,594715.9375,27.6662,605288.7500,1999.9000,
	2026/03/30 16:20:06	,	553972	,	3486	,10.5369,1999.9000,-0.2129,796.4722,594715.9375,27.6657,605288.7500,1999.9000,
	2026/03/30 16:20:06	,	554972	,	3487	,10.5369,1999.9000,-0.2129,796.4424,594715.9375,27.6638,605288.7500,1999.9000,
	2026/03/30 16:20:06	,	555972	,	3488	,10.5369,1999.9000,-0.2129,796.4175,594715.9375,27.6637,605194.5000,1999.9000,
	2026/03/30 16:20:06	,	556972	,	3489	,10.5369,1999.9000,-0.2103,796.3969,594840.5000,27.6667,605006.0000,1999.9000,
	2026/03/30 16:20:06	,	557972	,	3490	,10.5369,1999.9000,-0.2103,795.8823,594875.9375,27.6692,604893.6875,1999.9000,
	2026/03/30 16:20:06	,	558972	,	3491	,10.5369,1999.9000,-0.2075,795.4535,594900.8750,27.6682,604809.1250,1999.9000,
	2026/03/30 16:20:06	,	559972	,	3492	,10.5369,1999.9000,-0.2051,795.2950,595071.0625,27.6659,604709.4375,1999.9000,
	2026/03/30 16:20:06	,	560972	,	3493	,10.5369,1999.9000,-0.1996,794.9641,595417.2500,27.6639,604457.0000,1999.9000,
	2026/03/30 16:20:06	,	561972	,	3494	,10.5369,1999.9000,-0.1919,794.6884,595607.8750,27.6699,604457.0000,1999.9000,
	2026/03/30 16:20:06	,	562972	,	3495	,10.5369,1999.9000,-0.1862,794.4585,595607.8750,27.6750,604457.0000,1999.9000,
	2026/03/30 16:20:06	,	563972	,	3496	,10.5369,1999.9000,-0.1853,794.2670,595607.8750,27.6791,604457.0000,1999.9000,
	2026/03/30 16:20:06	,	564972	,	3497	,10.5369,1999.9000,-0.1850,794.3063,595607.8750,27.6826,604457.0000,1999.9000,
	2026/03/30 16:20:06	,	565972	,	3498	,10.5369,1999.9000,-0.1849,794.3391,595607.8750,27.6885,604460.5625,1999.9000,
	2026/03/30 16:20:06	,	566972	,	3499	,10.5369,1999.9000,-0.1848,794.4659,595455.9375,27.6980,604650.2500,1999.9000,
	2026/03/30 16:20:06	,	567972	,	3500	,10.5369,1999.9000,-0.1847,794.5716,595416.6250,27.7076,604760.2500,1999.9000,
	2026/03/30 16:20:06	,	568972	,	3501	,10.5368,1999.9000,-0.1849,794.7592,595396.5625,27.7155,604864.6875,1999.9000,
	2026/03/30 16:20:06	,	569972	,	3502	,10.5368,1999.9000,-0.1852,795.2139,595269.4375,27.7205,604965.5625,1999.9000,
	2026/03/30 16:20:06	,	570972	,	3503	,10.5368,1999.9000,-0.1902,795.5927,594972.1250,27.7171,605207.7500,1999.9000,
	2026/03/30 16:20:06	,	571972	,	3504	,10.5368,1999.9000,-0.1967,795.9085,594680.8125,27.7127,605238.8750,1999.9000,
	2026/03/30 16:20:06	,	572972	,	3505	,10.5368,1999.9000,-0.1967,796.1717,594680.8125,27.7091,605249.2500,1999.9000,
	2026/03/30 16:20:06	,	573972	,	3506	,10.5368,1999.9000,-0.1967,796.3909,594680.8125,27.6954,605254.5000,1999.9000,
	2026/03/30 16:20:06	,	574972	,	3507	,10.5368,1999.9000,-0.1967,796.5737,594680.8125,27.6839,605257.5625,1999.9000,
	2026/03/30 16:20:06	,	575972	,	3508	,10.5368,1999.9000,-0.1967,796.5269,594680.8125,27.6744,605259.6250,1999.9000,
	2026/03/30 16:20:06	,	576972	,	3509	,10.5368,1999.9000,-0.1965,796.7864,594851.2500,27.6664,605074.3125,1999.9000,
	2026/03/30 16:20:06	,	577972	,	3510	,10.5368,1999.9000,-0.1909,797.0027,594890.8125,27.6598,604956.5625,1999.9000,
	2026/03/30 16:20:06	,	578972	,	3511	,10.5368,1999.9000,-0.1868,797.1830,594911.0000,27.6604,604850.8125,1999.9000,
	2026/03/30 16:20:06	,	579972	,	3512	,10.5367,1999.9000,-0.1835,797.4326,595014.5000,27.6609,604753.0000,1999.9000,
	2026/03/30 16:20:06	,	580972	,	3513	,10.5367,1999.9000,-0.1791,797.6407,595302.1875,27.6613,604557.8750,1999.9000,
	2026/03/30 16:20:06	,	581972	,	3514	,10.5367,1999.9000,-0.1715,797.8141,595679.3750,27.6632,604413.5000,1999.9000,
	2026/03/30 16:20:06	,	582972	,	3515	,10.5367,1999.9000,-0.1657,797.9586,595679.3750,27.6647,604413.5000,1999.9000,
	2026/03/30 16:20:06	,	583972	,	3516	,10.5368,1999.9000,-0.1655,798.0789,595679.3750,27.6660,604413.5000,1999.9000,
	2026/03/30 16:20:06	,	584972	,	3517	,10.5368,1999.9000,-0.1654,798.1793,595679.3750,27.6655,604413.5000,1999.9000,
	2026/03/30 16:20:06	,	585972	,	3518	,10.5368,1999.9000,-0.1654,797.5666,595679.3750,27.6667,604413.5000,1999.9000,
	2026/03/30 16:20:06	,	586972	,	3519	,10.5369,1999.9000,-0.1654,797.0561,595502.4375,27.6707,604608.0000,1999.9000,
