#BeginHeader,,
#FormatType,M-M20X\NORMAL,
#FormatVersion,V_1.1.9.7,
测量模式,正常模式,
采集开始时间,	2026/04/30 11:45:03.648230	,
采样周期,1ms,
保存选项,Standard,
,
通道条件,
通道编号,,,(M-1)M208,(M-1)M208,(M-1)M208,(M-1)M208,(M-1)M208,(M-1)M208,(M-1)M208,(M-1)M208,
波形名,,,CH1,CH2,CH3,CH4,CH5,CH6,CH7,CH8,
输入,,,20mA,PT100(3线),20V,0~1A,0~1A,PT100(3线),0~1A,PT100(4线),
单位,,,mA,℃,V,mA,℃,℃,mA,mA,
#EndHeader,
时间,μs,运行时间ms,(M-1)CH1,(M-1)CH2,(M-1)CH3,(M-1)CH4,(M-1)CH5,(M-1)CH6,(M-1)CH7,(M-1)CH8,
	2026/04/30 11:45:03	,	648230	,	0	,10.515433,1999.9000,-0.23754014,-1189.2147,595144.3125,34.302,604693.7500,1999.9000,
	2026/04/30 11:45:03	,	649230	,	1	,10.515437,1999.9000,-0.23754014,-1189.2147,595144.3125,34.302,604693.7500,1999.9000,
	2026/04/30 11:45:03	,	650230	,	2	,10.515447,1999.9000,-0.23754014,-1189.2466,595144.3125,34.307,604693.7500,1999.9000,
	2026/04/30 11:45:03	,	651230	,	3	,10.515449,1999.9000,-0.23754014,-1189.2732,595144.3125,34.310,604693.7500,1999.9000,
	2026/04/30 11:45:03	,	652230	,	4	,10.515450,1999.9000,-0.23754014,-1189.5938,595144.3125,34.313,604698.0000,1999.9000,
	2026/04/30 11:45:03	,	653230	,	5	,10.515451,1999.9000,-0.25743046,-1190.2588,594947.1250,34.316,604900.9375,1999.9000,
	2026/04/30 11:45:03	,	654230	,	6	,10.515452,1999.9000,-0.25743046,-1190.4150,594947.1250,34.313,604900.9375,1999.9000,
	2026/04/30 11:45:03	,	655230	,	7	,10.515453,1999.9000,-0.25743046,-1190.5453,594947.1250,34.308,604900.9375,1999.9000,
	2026/04/30 11:45:03	,	656230	,	8	,10.515454,1999.9000,-0.25743046,-1190.6538,594947.1250,34.304,604900.9375,1999.9000,
	2026/04/30 11:45:03	,	657230	,	9	,10.515456,1999.9000,-0.25743046,-1190.8438,594947.1250,34.299,604900.9375,1999.9000,
	2026/04/30 11:45:03	,	658230	,	10	,10.515477,1999.9000,-0.25504187,-1191.2009,594953.5000,34.291,604890.3750,1999.9000,
	2026/04/30 11:45:03	,	659230	,	11	,10.515484,1999.9000,-0.25403035,-1191.4987,594960.8125,34.285,604774.6875,1999.9000,
	2026/04/30 11:45:03	,	660230	,	12	,10.515491,1999.9000,-0.25090119,-1191.7467,595069.8750,34.280,604743.3125,1999.9000,
	2026/04/30 11:45:03	,	661230	,	13	,10.515506,1999.9000,-0.24563871,-1191.8539,595323.6875,34.279,604723.1250,1999.9000,
	2026/04/30 11:45:03	,	662230	,	14	,10.515524,1999.9000,-0.23984683,-1191.9434,595532.8125,34.283,604713.1250,1999.9000,
	2026/04/30 11:45:03	,	663230	,	15	,10.515543,1999.9000,-0.23975229,-1192.1173,595532.8125,34.286,604707.1250,1999.9000,
	2026/04/30 11:45:03	,	664230	,	16	,10.515554,1999.9000,-0.23972079,-1192.1627,595532.8125,34.288,604703.0625,1999.9000,
	2026/04/30 11:45:03	,	665230	,	17	,10.515559,1999.9000,-0.23970501,-1192.2007,595532.8125,34.289,604699.7500,1999.9000,
	2026/04/30 11:45:03	,	666230	,	18	,10.515563,1999.9000,-0.23969558,-1192.0333,595532.8125,34.289,604709.1875,1999.9000,
	2026/04/30 11:45:03	,	667230	,	19	,10.515563,1999.9000,-0.23968928,-1191.8938,595415.4375,34.294,604825.4375,1999.9000,
	2026/04/30 11:45:03	,	668230	,	20	,10.515556,1999.9000,-0.24258204,-1191.7775,595392.1875,34.298,604852.5625,1999.9000,
	2026/04/30 11:45:03	,	669230	,	21	,10.515566,1999.9000,-0.24490763,-1191.6807,595379.8750,34.300,604940.1875,1999.9000,
	2026/04/30 11:45:03	,	670230	,	22	,10.515584,1999.9000,-0.24582778,-1191.6995,595360.1875,34.302,604966.5000,1999.9000,
	2026/04/30 11:45:03	,	671230	,	23	,10.515589,1999.9000,-0.25111550,-1191.6157,595097.2500,34.300,605065.8125,1999.9000,
	2026/04/30 11:45:03	,	672230	,	24	,10.515573,1999.9000,-0.25725397,-1191.5458,594836.3125,34.299,605065.8125,1999.9000,
	2026/04/30 11:45:03	,	673230	,	25	,10.515558,1999.9000,-0.25997663,-1191.1893,594836.3125,34.297,605065.8125,1999.9000,
	2026/04/30 11:45:03	,	674230	,	26	,10.515547,1999.9000,-0.25997663,-1190.8921,594836.3125,34.299,605065.8125,1999.9000,
	2026/04/30 11:45:03	,	675230	,	27	,10.515538,1999.9000,-0.25997663,-1190.3459,594836.3125,34.301,605065.8125,1999.9000,
	2026/04/30 11:45:03	,	676230	,	28	,10.515521,1999.9000,-0.25997663,-1189.8907,594836.3125,34.296,605056.6250,1999.9000,
	2026/04/30 11:45:03	,	677230	,	29	,10.515515,1999.9000,-0.25997663,-1189.5116,594932.2500,34.293,604933.5625,1999.9000,
	2026/04/30 11:45:03	,	678230	,	30	,10.515512,1999.9000,-0.25709015,-1189.1956,594955.5000,34.289,604898.1875,1999.9000,
	2026/04/30 11:45:03	,	679230	,	31	,10.515508,1999.9000,-0.25442421,-1188.9323,594964.1875,34.287,604788.6250,1999.9000,
	2026/04/30 11:45:03	,	680230	,	32	,10.515499,1999.9000,-0.25200412,-1188.7129,594974.5000,34.284,604755.3750,1999.9000,
	2026/04/30 11:45:03	,	681230	,	33	,10.515492,1999.9000,-0.24708197,-1188.5300,595209.3125,34.289,604730.0000,1999.9000,
	2026/04/30 11:45:03	,	682230	,	34	,10.515492,1999.9000,-0.23975229,-1188.3776,595510.7500,34.294,604717.3125,1999.9000,
	2026/04/30 11:45:03	,	683230	,	35	,10.515502,1999.9000,-0.23457173,-1188.2505,595510.7500,34.298,604709.6875,1999.9000,
	2026/04/30 11:45:03	,	684230	,	36	,10.515511,1999.9000,-0.23457173,-1188.1447,595510.7500,34.303,604704.6250,1999.9000,
	2026/04/30 11:45:03	,	685230	,	37	,10.515517,1999.9000,-0.23457173,-1188.0564,595510.7500,34.307,604700.4375,1999.9000,
	2026/04/30 11:45:03	,	686230	,	38	,10.515509,1999.9000,-0.23457173,-1187.9830,595510.7500,34.311,604706.4375,1999.9000,
	2026/04/30 11:45:03	,	687230	,	39	,10.515500,1999.9000,-0.23457173,-1187.9218,595500.6250,34.314,604801.9375,1999.9000,
	2026/04/30 11:45:03	,	688230	,	40	,10.515493,1999.9000,-0.23469462,-1187.8708,595378.5000,34.316,604826.9375,1999.9000,
	2026/04/30 11:45:03	,	689230	,	41	,10.515493,1999.9000,-0.23762208,-1187.7288,595366.2500,34.316,604911.8125,1999.9000,
	2026/04/30 11:45:03	,	690230	,	42	,10.515493,1999.9000,-0.23982792,-1187.6104,595353.2500,34.317,604941.7500,1999.9000,
	2026/04/30 11:45:03	,	691230	,	43	,10.515493,1999.9000,-0.24390556,-1187.5117,595193.1875,34.319,605042.8750,1999.9000,
	2026/04/30 11:45:03	,	692230	,	44	,10.515484,1999.9000,-0.25118479,-1187.5291,594929.8750,34.320,605042.8750,1999.9000,
	2026/04/30 11:45:03	,	693230	,	45	,10.515475,1999.9000,-0.25680020,-1187.7424,594907.2500,34.322,605042.8750,1999.9000,
	2026/04/30 11:45:03	,	694230	,	46	,10.515468,1999.9000,-0.25680020,-1187.9203,594899.6875,34.323,605042.8750,1999.9000,
	2026/04/30 11:45:03	,	695230	,	47	,10.515462,1999.9000,-0.25680020,-1188.3668,594895.9375,34.324,605042.8750,1999.9000,
	2026/04/30 11:45:03	,	696230	,	48	,10.515451,1999.9000,-0.25680020,-1188.7390,594893.6875,34.324,605041.0625,1999.9000,
	2026/04/30 11:45:03	,	697230	,	49	,10.515423,1999.9000,-0.25680020,-1189.0491,594892.2500,34.325,604950.5000,1999.9000,
	2026/04/30 11:45:03	,	698230	,	50	,10.515399,1999.9000,-0.25665736,-1189.4070,594902.9375,34.326,604915.1875,1999.9000,
	2026/04/30 11:45:03	,	699230	,	51	,10.515380,1999.9000,-0.25357971,-1189.7053,594915.3750,34.329,604817.5625,1999.9000,
	2026/04/30 11:45:03	,	700230	,	52	,10.515353,1999.9000,-0.25139907,-1190.1528,594995.3750,34.332,604785.2500,1999.9000,
	2026/04/30 11:45:03	,	701230	,	53	,10.515331,1999.9000,-0.24780673,-1190.5258,595127.0625,34.334,604692.5625,1999.9000,
	2026/04/30 11:45:03	,	702230	,	54	,10.515319,1999.9000,-0.24062201,-1190.6376,595413.6875,34.327,604692.5625,1999.9000,
	2026/04/30 11:45:03	,	703230	,	55	,10.515307,1999.9000,-0.23481752,-1190.7307,595451.8125,34.321,604692.5625,1999.9000,
	2026/04/30 11:45:03	,	704230	,	56	,10.515298,1999.9000,-0.23481752,-1190.9078,595464.5000,34.324,604692.5625,1999.9000,
	2026/04/30 11:45:03	,	705230	,	57	,10.515301,1999.9000,-0.23481752,-1191.0553,595470.8750,34.326,604692.5625,1999.9000,
	2026/04/30 11:45:03	,	706230	,	58	,10.515304,1999.9000,-0.23481752,-1191.0789,595474.6875,34.323,604695.6250,1999.9000,
	2026/04/30 11:45:03	,	707230	,	59	,10.515295,1999.9000,-0.23481752,-1191.0985,595477.2500,34.320,604786.1875,1999.9000,
	2026/04/30 11:45:03	,	708230	,	60	,10.515288,1999.9000,-0.23492888,-1191.0155,595464.0625,34.316,604817.5625,1999.9000,
	2026/04/30 11:45:03	,	709230	,	61	,10.515292,1999.9000,-0.23750864,-1190.9463,595365.3750,34.314,604910.5625,1999.9000,
	2026/04/30 11:45:03	,	710230	,	62	,10.515295,1999.9000,-0.23814203,-1190.8884,595356.1250,34.313,604941.3750,1999.9000,
	2026/04/30 11:45:03	,	711230	,	63	,10.515298,1999.9000,-0.24072285,-1190.8403,595253.9375,34.317,605045.3125,1999.9000,
	2026/04/30 11:45:03	,	712230	,	64	,10.515301,1999.9000,-0.24635088,-1190.7008,595000.1250,34.320,605056.8125,1999.9000,
	2026/04/30 11:45:03	,	713230	,	65	,10.515304,1999.9000,-0.25158817,-1190.5846,594853.6250,34.319,605060.5625,1999.9000,
	2026/04/30 11:45:03	,	714230	,	66	,10.515319,1999.9000,-0.25158817,-1190.4877,594853.6250,34.316,605062.5000,1999.9000,
	2026/04/30 11:45:03	,	715230	,	67	,10.515338,1999.9000,-0.25158817,-1190.4069,594853.6250,34.319,605063.6250,1999.9000,
	2026/04/30 11:45:03	,	716230	,	68	,10.515363,1999.9000,-0.25158817,-1190.3395,594853.6250,34.322,605064.3750,1999.9000,
	2026/04/30 11:45:03	,	717230	,	69	,10.515384,1999.9000,-0.25158817,-1190.1840,594853.6250,34.322,605064.3750,1999.9000,
	2026/04/30 11:45:03	,	718230	,	70	,10.515396,1999.9000,-0.25129089,-1190.0543,594948.8750,34.323,604910.0000,1999.9000,
	2026/04/30 11:45:03	,	719230	,	71	,10.515407,1999.9000,-0.24778152,-1189.8468,594965.8750,34.323,604877.4375,1999.9000,
	2026/04/30 11:45:03	,	720230	,	72	,10.515416,1999.9000,-0.24708825,-1189.6740,594974.3125,34.322,604775.3125,1999.9000,
	2026/04/30 11:45:03	,	721230	,	73	,10.515423,1999.9000,-0.24480680,-1189.5298,595059.7500,34.322,604775.3125,1999.9000,
	2026/04/30 11:45:03	,	722230	,	74	,10.515429,1999.9000,-0.23965144,-1189.4097,595305.1875,34.321,604746.3125,1999.9000,
	2026/04/30 11:45:03	,	723230	,	75	,10.515439,1999.9000,-0.23407385,-1189.4092,595561.3750,34.326,604729.8125,1999.9000,
	2026/04/30 11:45:03	,	724230	,	76	,10.515442,1999.9000,-0.23407385,-1189.4086,595561.3750,34.331,604721.5625,1999.9000,
	2026/04/30 11:45:03	,	725230	,	77	,10.515421,1999.9000,-0.23407385,-1189.3086,595561.3750,34.336,604716.6250,1999.9000,
	2026/04/30 11:45:03	,	726230	,	78	,10.515378,1999.9000,-0.23407385,-1189.3248,595561.3750,34.341,604713.3750,1999.9000,
	2026/04/30 11:45:03	,	727230	,	79	,10.515342,1999.9000,-0.23407385,-1189.4379,595561.3750,34.345,604710.6250,1999.9000,
	2026/04/30 11:45:03	,	728230	,	80	,10.515347,1999.9000,-0.23654439,-1189.5321,595444.0625,34.345,604720.0000,1999.9000,
	2026/04/30 11:45:03	,	729230	,	81	,10.515371,1999.9000,-0.23936786,-1189.4116,595415.1250,34.345,604835.1250,1999.9000,
	2026/04/30 11:45:03	,	730230	,	82	,10.515396,1999.9000,-0.24151695,-1189.3113,595398.7500,34.349,604865.6250,1999.9000,
	2026/04/30 11:45:03	,	731230	,	83	,10.515417,1999.9000,-0.24227953,-1189.4265,595379.8125,34.348,604959.5000,1999.9000,
	2026/04/30 11:45:03	,	732230	,	84	,10.515410,1999.9000,-0.24756724,-1189.7216,595125.3125,34.342,604985.8125,1999.9000,
	2026/04/30 11:45:03	,	733230	,	85	,10.515404,1999.9000,-0.25335914,-1190.0669,594856.5625,34.337,605009.5000,1999.9000,
	2026/04/30 11:45:03	,	734230	,	86	,10.515423,1999.9000,-0.25335914,-1190.3546,594856.5625,34.332,605021.3125,1999.9000,
	2026/04/30 11:45:03	,	735230	,	87	,10.515439,1999.9000,-0.25335914,-1190.4950,594856.5625,34.324,605028.4375,1999.9000,
	2026/04/30 11:45:03	,	736230	,	88	,10.515452,1999.9000,-0.25335914,-1190.6121,594856.5625,34.318,605033.1250,1999.9000,
	2026/04/30 11:45:03	,	737230	,	89	,10.515464,1999.9000,-0.25335914,-1190.7095,594856.5625,34.314,605037.0625,1999.9000,
	2026/04/30 11:45:03	,	738230	,	90	,10.515444,1999.9000,-0.25308603,-1190.7905,594866.8750,34.310,605028.6875,1999.9000,
	2026/04/30 11:45:03	,	739230	,	91	,10.515422,1999.9000,-0.24838023,-1190.8583,594973.3750,34.307,604918.4375,1999.9000,
	2026/04/30 11:45:03	,	740230	,	92	,10.515399,1999.9000,-0.24602945,-1190.7157,594985.2500,34.304,604885.2500,1999.9000,
	2026/04/30 11:45:03	,	741230	,	93	,10.515384,1999.9000,-0.24525425,-1190.4974,594997.9375,34.304,604781.9375,1999.9000,
	2026/04/30 11:45:03	,	742230	,	94	,10.515372,1999.9000,-0.24065983,-1190.3156,595203.3125,34.302,604755.6875,1999.9000,
	2026/04/30 11:45:03	,	743230	,	95	,10.515362,1999.9000,-0.23496248,-1189.9651,595498.8750,34.300,604731.6875,1999.9000,
	2026/04/30 11:45:03	,	744230	,	96	,10.515384,1999.9000,-0.23496248,-1189.6730,595498.8750,34.300,604719.6250,1999.9000,
	2026/04/30 11:45:03	,	745230	,	97	,10.515422,1999.9000,-0.23496248,-1189.4296,595498.8750,34.305,604712.3750,1999.9000,
	2026/04/30 11:45:03	,	746230	,	98	,10.515433,1999.9000,-0.23496248,-1189.4257,595498.8750,34.309,604707.5625,1999.9000,
	2026/04/30 11:45:03	,	747230	,	99	,10.515442,1999.9000,-0.23496248,-1189.4224,595498.8750,34.312,604703.5000,1999.9000,
	2026/04/30 11:45:03	,	748230	,	100	,10.515450,1999.9000,-0.23521352,-1189.4197,595494.4375,34.315,604710.2500,1999.9000,
	2026/04/30 11:45:03	,	749230	,	101	,10.515456,1999.9000,-0.24002330,-1189.4174,595393.3750,34.311,604812.7500,1999.9000,
	2026/04/30 11:45:03	,	750230	,	102	,10.515438,1999.9000,-0.24281524,-1189.1171,595380.8750,34.308,604837.8750,1999.9000,
	2026/04/30 11:45:03	,	751230	,	103	,10.515422,1999.9000,-0.24384253,-1188.8668,595371.1875,34.305,604930.5625,1999.9000,
	2026/04/30 11:45:03	,	752230	,	104	,10.515409,1999.9000,-0.24864495,-1188.5588,595233.1250,34.306,604967.3750,1999.9000,
	2026/04/30 11:45:03	,	753230	,	105	,10.515398,1999.9000,-0.25482130,-1188.3022,594972.1250,34.306,605082.7500,1999.9000,
	2026/04/30 11:45:03	,	754230	,	106	,10.515384,1999.9000,-0.25850818,-1188.1877,594934.6250,34.304,605082.7500,1999.9000,
	2026/04/30 11:45:03	,	755230	,	107	,10.515372,1999.9000,-0.25850818,-1188.0924,594922.1250,34.297,605082.7500,1999.9000,
	2026/04/30 11:45:03	,	756230	,	108	,10.515372,1999.9000,-0.25850818,-1188.0128,594915.8750,34.296,605082.7500,1999.9000,
	2026/04/30 11:45:03	,	757230	,	109	,10.515383,1999.9000,-0.25850818,-1187.7477,594912.1875,34.295,605082.7500,1999.9000,
	2026/04/30 11:45:03	,	758230	,	110	,10.515390,1999.9000,-0.25850818,-1187.7257,594909.6875,34.293,605071.5625,1999.9000,
	2026/04/30 11:45:03	,	759230	,	111	,10.515396,1999.9000,-0.25557756,-1187.7073,594920.0000,34.291,604944.4375,1999.9000,
	2026/04/30 11:45:03	,	760230	,	112	,10.515407,1999.9000,-0.25300619,-1187.6920,594932.3750,34.291,604911.8125,1999.9000,
	2026/04/30 11:45:03	,	761230	,	113	,10.515416,1999.9000,-0.25068063,-1188.0771,595012.6875,34.290,604807.9375,1999.9000,
	2026/04/30 11:45:03	,	762230	,	114	,10.515419,1999.9000,-0.24686137,-1188.3981,595128.2500,34.289,604775.3125,1999.9000,
	2026/04/30 11:45:03	,	763230	,	115	,10.515421,1999.9000,-0.24008001,-1188.6655,595419.6250,34.288,604686.5000,1999.9000,
	2026/04/30 11:45:03	,	764230	,	116	,10.515423,1999.9000,-0.23481122,-1188.8884,595419.6250,34.288,604686.5000,1999.9000,
	2026/04/30 11:45:03	,	765230	,	117	,10.515429,1999.9000,-0.23442048,-1189.1736,595500.0625,34.289,604686.5000,1999.9000,
	2026/04/30 11:45:03	,	766230	,	118	,10.515434,1999.9000,-0.23429021,-1189.4113,595500.0625,34.289,604686.5000,1999.9000,
	2026/04/30 11:45:03	,	767230	,	119	,10.515438,1999.9000,-0.23422509,-1189.7089,595500.0625,34.290,604686.5000,1999.9000,
	2026/04/30 11:45:03	,	768230	,	120	,10.515441,1999.9000,-0.23418602,-1190.0563,595500.0625,34.288,604694.5625,1999.9000,
	2026/04/30 11:45:03	,	769230	,	121	,10.515445,1999.9000,-0.23415996,-1190.3458,595500.0625,34.287,604815.1250,1999.9000,
	2026/04/30 11:45:03	,	770230	,	122	,10.515448,1999.9000,-0.23443866,-1190.5870,595398.1875,34.288,604843.5625,1999.9000,
	2026/04/30 11:45:03	,	771230	,	123	,10.515450,1999.9000,-0.23726283,-1190.7882,595378.8125,34.289,604928.1250,1999.9000,
	2026/04/30 11:45:03	,	772230	,	124	,10.515462,1999.9000,-0.23959474,-1190.8562,595367.1875,34.289,604956.5625,1999.9000,
	2026/04/30 11:45:03	,	773230	,	125	,10.515471,1999.9000,-0.24524796,-1190.9130,595272.4375,34.289,605052.0000,1999.9000,
	2026/04/30 11:45:03	,	774230	,	126	,10.515480,1999.9000,-0.25018275,-1190.9602,595044.8750,34.290,605052.0000,1999.9000,
	2026/04/30 11:45:03	,	775230	,	127	,10.515497,1999.9000,-0.25018275,-1190.9996,594850.6250,34.290,605052.0000,1999.9000,
	2026/04/30 11:45:03	,	776230	,	128	,10.515512,1999.9000,-0.25018275,-1191.2314,594850.6250,34.290,605052.0000,1999.9000,
	2026/04/30 11:45:03	,	777230	,	129	,10.515512,1999.9000,-0.25018275,-1191.4246,594850.6250,34.290,605052.0000,1999.9000,
	2026/04/30 11:45:03	,	778230	,	130	,10.515513,1999.9000,-0.25018275,-1191.5856,594850.6250,34.289,605048.2500,1999.9000,
	2026/04/30 11:45:03	,	779230	,	131	,10.515514,1999.9000,-0.24991487,-1191.8192,594850.6250,34.288,604946.8125,1999.9000,
	2026/04/30 11:45:03	,	780230	,	132	,10.515511,1999.9000,-0.24991487,-1192.3123,594951.2500,34.287,604912.6875,1999.9000,
	2026/04/30 11:45:03	,	781230	,	133	,10.515508,1999.9000,-0.24675424,-1192.8228,594972.1250,34.286,604816.3750,1999.9000,
	2026/04/30 11:45:03	,	782230	,	134	,10.515508,1999.9000,-0.24607988,-1193.2480,594980.3125,34.284,604789.2500,1999.9000,
	2026/04/30 11:45:03	,	783230	,	135	,10.515497,1999.9000,-0.24367867,-1193.6024,594997.7500,34.282,604707.0625,1999.9000,
	2026/04/30 11:45:03	,	784230	,	136	,10.515491,1999.9000,-0.23834684,-1193.8977,595298.6875,34.281,604707.0625,1999.9000,
	2026/04/30 11:45:03	,	785230	,	137	,10.515487,1999.9000,-0.23431332,-1194.1439,595555.5000,34.279,604707.0625,1999.9000,
	2026/04/30 11:45:03	,	786230	,	138	,10.515482,1999.9000,-0.23431332,-1194.1501,595555.5000,34.280,604707.0625,1999.9000,
	2026/04/30 11:45:03	,	787230	,	139	,10.515483,1999.9000,-0.23431332,-1194.1553,595555.5000,34.285,604707.0625,1999.9000,
	2026/04/30 11:45:03	,	788230	,	140	,10.515484,1999.9000,-0.23431332,-1194.1594,595555.5000,34.286,604708.5000,1999.9000,
	2026/04/30 11:45:03	,	789230	,	141	,10.515485,1999.9000,-0.23431332,-1194.1630,595555.5000,34.287,604721.8750,1999.9000,
	2026/04/30 11:45:03	,	790230	,	142	,10.515487,1999.9000,-0.23822711,-1193.5691,595428.5625,34.286,604844.7500,1999.9000,
	2026/04/30 11:45:03	,	791230	,	143	,10.515487,1999.9000,-0.24139720,-1192.8752,595395.7500,34.285,604871.6250,1999.9000,
	2026/04/30 11:45:03	,	792230	,	144	,10.515487,1999.9000,-0.24394336,-1192.8752,595375.5000,34.285,604953.5000,1999.9000,
	2026/04/30 11:45:03	,	793230	,	145	,10.515487,1999.9000,-0.24636348,-1192.2970,595292.6875,34.286,604984.0000,1999.9000,
	2026/04/30 11:45:03	,	794230	,	146	,10.515482,1999.9000,-0.25207976,-1191.8153,595116.3125,34.287,605071.8750,1999.9000,
	2026/04/30 11:45:03	,	795230	,	147	,10.515478,1999.9000,-0.25841993,-1191.5132,594856.5625,34.288,605071.8750,1999.9000,
	2026/04/30 11:45:03	,	796230	,	148	,10.515475,1999.9000,-0.25841993,-1191.2615,594856.5625,34.288,605071.8750,1999.9000,
	2026/04/30 11:45:03	,	797230	,	149	,10.515477,1999.9000,-0.25841993,-1190.9523,594856.5625,34.280,605071.8750,1999.9000,
	2026/04/30 11:45:03	,	798230	,	150	,10.515494,1999.9000,-0.25841993,-1190.5951,594856.5625,34.272,605071.8750,1999.9000,
	2026/04/30 11:45:03	,	799230	,	151	,10.515493,1999.9000,-0.25841993,-1190.1979,594856.5625,34.276,605059.6875,1999.9000,
	2026/04/30 11:45:03	,	800230	,	152	,10.515488,1999.9000,-0.25833276,-1189.8669,594867.1875,34.278,604922.0625,1999.9000,
	2026/04/30 11:45:03	,	801230	,	153	,10.515478,1999.9000,-0.25470152,-1189.5912,594977.5000,34.280,604889.4375,1999.9000,
	2026/04/30 11:45:03	,	802230	,	154	,10.515470,1999.9000,-0.25228772,-1189.3613,594989.4375,34.287,604785.5625,1999.9000,
	2026/04/30 11:45:03	,	803230	,	155	,10.515464,1999.9000,-0.24998106,-1189.1698,595005.0625,34.292,604753.6250,1999.9000,
	2026/04/30 11:45:03	,	804230	,	156	,10.515449,1999.9000,-0.24444126,-1189.0103,595211.6875,34.292,604729.8125,1999.9000,
	2026/04/30 11:45:03	,	805230	,	157	,10.515436,1999.9000,-0.23738259,-1188.8772,595500.6250,34.292,604717.9375,1999.9000,
	2026/04/30 11:45:03	,	806230	,	158	,10.515406,1999.9000,-0.23252344,-1188.7664,595500.6250,34.296,604710.8125,1999.9000,
	2026/04/30 11:45:03	,	807230	,	159	,10.515375,1999.9000,-0.23252344,-1189.1714,595500.6250,34.303,604706.0625,1999.9000,
	2026/04/30 11:45:03	,	808230	,	160	,10.515349,1999.9000,-0.23252344,-1189.6084,595500.6250,34.309,604702.0625,1999.9000,
	2026/04/30 11:45:03	,	809230	,	161	,10.515328,1999.9000,-0.23252344,-1190.0720,595500.6250,34.314,604709.2500,1999.9000,
	2026/04/30 11:45:03	,	810230	,	162	,10.515310,1999.9000,-0.23252344,-1190.3590,595495.5625,34.318,604806.7500,1999.9000,
	2026/04/30 11:45:03	,	811230	,	163	,10.515296,1999.9000,-0.23484904,-1190.6975,595395.8125,34.321,604836.9375,1999.9000,
	2026/04/30 11:45:03	,	812230	,	164	,10.515309,1999.9000,-0.23575972,-1191.0791,595384.7500,34.324,604935.3750,1999.9000,
	2026/04/30 11:45:03	,	813230	,	165	,10.515305,1999.9000,-0.23814517,-1191.3971,595372.3750,34.326,604969.8125,1999.9000,
	2026/04/30 11:45:03	,	814230	,	166	,10.515301,1999.9000,-0.24210307,-1191.5626,595223.0000,34.328,605061.0000,1999.9000,
	2026/04/30 11:45:03	,	815230	,	167	,10.515298,1999.9000,-0.24834244,-1191.6011,594962.6250,34.323,605061.0000,1999.9000,
	2026/04/30 11:45:03	,	816230	,	168	,10.515296,1999.9000,-0.25242007,-1191.6331,594869.1250,34.316,605061.0000,1999.9000,
	2026/04/30 11:45:03	,	817230	,	169	,10.515294,1999.9000,-0.25242007,-1191.6598,594869.1250,34.311,605061.0000,1999.9000,
	2026/04/30 11:45:03	,	818230	,	170	,10.515292,1999.9000,-0.25242007,-1191.6820,594869.1250,34.301,605061.0000,1999.9000,
	2026/04/30 11:45:03	,	819230	,	171	,10.515289,1999.9000,-0.25242007,-1191.5017,594869.1250,34.294,605048.3125,1999.9000,
	2026/04/30 11:45:03	,	820230	,	172	,10.515279,1999.9000,-0.25242007,-1191.3514,594869.1250,34.287,604903.3750,1999.9000,
	2026/04/30 11:45:03	,	821230	,	173	,10.515269,1999.9000,-0.24991801,-1191.0272,594951.2500,34.282,604872.8750,1999.9000,
	2026/04/30 11:45:03	,	822230	,	174	,10.515262,1999.9000,-0.24902938,-1190.7570,594966.5000,34.277,604784.3750,1999.9000,
	2026/04/30 11:45:03	,	823230	,	175	,10.515255,1999.9000,-0.24687397,-1190.5317,594974.5000,34.277,604755.9375,1999.9000,
	2026/04/30 11:45:03	,	824230	,	176	,10.515259,1999.9000,-0.24384883,-1190.3441,595118.1250,34.276,604729.0000,1999.9000,
	2026/04/30 11:45:03	,	825230	,	177	,10.515279,1999.9000,-0.23831534,-1190.1877,595391.6250,34.275,604715.5000,1999.9000,
	2026/04/30 11:45:03	,	826230	,	178	,10.515295,1999.9000,-0.23816094,-1190.0574,595512.5625,34.281,604707.4375,1999.9000,
	2026/04/30 11:45:03	,	827230	,	179	,10.515295,1999.9000,-0.23810947,-1189.8494,595512.5625,34.287,604702.0000,1999.9000,
	2026/04/30 11:45:03	,	828230	,	180	,10.515329,1999.9000,-0.23808374,-1189.6759,595512.5625,34.296,604697.5000,1999.9000,
	2026/04/30 11:45:03	,	829230	,	181	,10.515346,1999.9000,-0.23806830,-1189.5315,595512.5625,34.303,604703.2500,1999.9000,
	2026/04/30 11:45:03	,	830230	,	182	,10.515365,1999.9000,-0.23805800,-1189.4111,595512.5625,34.308,604805.5000,1999.9000,
	2026/04/30 11:45:03	,	831230	,	183	,10.515380,1999.9000,-0.24109468,-1189.3109,595407.6875,34.313,604836.0000,1999.9000,
	2026/04/30 11:45:03	,	832230	,	184	,10.515393,1999.9000,-0.24347068,-1189.1278,595389.5000,34.317,604923.8750,1999.9000,
	2026/04/30 11:45:03	,	833230	,	185	,10.515405,1999.9000,-0.24438454,-1189.0747,595375.5625,34.319,604951.0625,1999.9000,
	2026/04/30 11:45:03	,	834230	,	186	,10.515414,1999.9000,-0.24851260,-1189.2294,595263.5625,34.317,605046.5625,1999.9000,
	2026/04/30 11:45:03	,	835230	,	187	,10.515421,1999.9000,-0.25513008,-1189.4578,595046.0000,34.316,605046.5625,1999.9000,
	2026/04/30 11:45:03	,	836230	,	188	,10.515427,1999.9000,-0.26068249,-1189.7476,594840.5000,34.315,605046.5625,1999.9000,
	2026/04/30 11:45:03	,	837230	,	189	,10.515423,1999.9000,-0.26068249,-1189.9890,594840.5000,34.314,605046.5625,1999.9000,
	2026/04/30 11:45:03	,	838230	,	190	,10.515429,1999.9000,-0.26068249,-1190.1903,594840.5000,34.313,605046.5625,1999.9000,
	2026/04/30 11:45:03	,	839230	,	191	,10.515434,1999.9000,-0.26068249,-1190.2584,594840.5000,34.313,605043.0000,1999.9000,
	2026/04/30 11:45:03	,	840230	,	192	,10.515429,1999.9000,-0.26068249,-1190.2158,594840.5000,34.314,604953.5000,1999.9000,
	2026/04/30 11:45:03	,	841230	,	193	,10.515426,1999.9000,-0.26034847,-1190.3793,594943.5000,34.318,604917.5625,1999.9000,
	2026/04/30 11:45:03	,	842230	,	194	,10.515421,1999.9000,-0.25538847,-1190.5154,594967.3750,34.321,604813.3750,1999.9000,
	2026/04/30 11:45:03	,	843230	,	195	,10.515417,1999.9000,-0.25243267,-1190.6289,594977.1250,34.324,604781.3125,1999.9000,
	2026/04/30 11:45:03	,	844230	,	196	,10.515414,1999.9000,-0.24851890,-1190.7235,595065.1250,34.323,604692.5625,1999.9000,
	2026/04/30 11:45:03	,	845230	,	197	,10.515422,1999.9000,-0.24144132,-1190.9019,595306.4375,34.319,604692.5625,1999.9000,
	2026/04/30 11:45:03	,	846230	,	198	,10.515429,1999.9000,-0.23535953,-1191.2494,595554.8750,34.313,604692.5625,1999.9000,
	2026/04/30 11:45:03	,	847230	,	199	,10.515423,1999.9000,-0.23500974,-1191.5391,595554.8750,34.313,604692.5625,1999.9000,
	2026/04/30 11:45:03	,	848230	,	200	,10.515419,1999.9000,-0.23489314,-1191.7804,595554.8750,34.308,604692.5625,1999.9000,
	2026/04/30 11:45:03	,	849230	,	201	,10.515436,1999.9000,-0.23483485,-1191.9816,595554.8750,34.302,604697.5000,1999.9000,
	2026/04/30 11:45:03	,	850230	,	202	,10.515456,1999.9000,-0.23479989,-1192.1492,595554.8750,34.297,604787.3750,1999.9000,
	2026/04/30 11:45:03	,	851230	,	203	,10.515471,1999.9000,-0.23477657,-1192.2888,595433.9375,34.293,604817.3125,1999.9000,
	2026/04/30 11:45:03	,	852230	,	204	,10.515480,1999.9000,-0.23728804,-1192.4052,595409.1875,34.290,604905.7500,1999.9000,
	2026/04/30 11:45:03	,	853230	,	205	,10.515492,1999.9000,-0.23997287,-1192.4027,595394.0000,34.292,604934.7500,1999.9000,
	2026/04/30 11:45:03	,	854230	,	206	,10.515523,1999.9000,-0.24338245,-1192.4006,595377.8750,34.295,605031.3750,1999.9000,
	2026/04/30 11:45:03	,	855230	,	207	,10.515547,1999.9000,-0.25008190,-1192.3989,595168.1875,34.300,605032.9375,1999.9000,
	2026/04/30 11:45:03	,	856230	,	208	,10.515567,1999.9000,-0.25653553,-1192.1985,594891.1250,34.308,605033.4375,1999.9000,
	2026/04/30 11:45:03	,	857230	,	209	,10.515584,1999.9000,-0.25653869,-1191.6335,594891.1250,34.316,605033.6875,1999.9000,
	2026/04/30 11:45:03	,	858230	,	210	,10.515597,1999.9000,-0.25653973,-1191.1627,594891.1250,34.323,605033.8125,1999.9000,
	2026/04/30 11:45:03	,	859230	,	211	,10.515605,1999.9000,-0.25654024,-1190.7705,594891.1250,34.328,605033.8750,1999.9000,
	2026/04/30 11:45:03	,	860230	,	212	,10.515605,1999.9000,-0.25654057,-1190.3441,594891.1250,34.333,605022.9375,1999.9000,
	2026/04/30 11:45:03	,	861230	,	213	,10.515612,1999.9000,-0.25654078,-1189.7899,594895.5625,34.332,604891.3125,1999.9000,
	2026/04/30 11:45:03	,	862230	,	214	,10.515615,1999.9000,-0.25380027,-1189.3281,594908.6250,34.331,604857.7500,1999.9000,
	2026/04/30 11:45:03	,	863230	,	215	,10.515620,1999.9000,-0.25148731,-1188.9432,594921.8750,34.329,604760.2500,1999.9000,
	2026/04/30 11:45:03	,	864230	,	216	,10.515624,1999.9000,-0.24920586,-1188.6224,595016.2500,34.326,604733.9375,1999.9000,
	2026/04/30 11:45:03	,	865230	,	217	,10.515627,1999.9000,-0.24391186,-1188.2556,595196.8125,34.323,604721.7500,1999.9000,
	2026/04/30 11:45:03	,	866230	,	218	,10.515631,1999.9000,-0.23815779,-1187.9501,595486.3750,34.316,604715.6250,1999.9000,
	2026/04/30 11:45:03	,	867230	,	219	,10.515627,1999.9000,-0.23815779,-1187.6953,595486.3750,34.308,604712.0000,1999.9000,
	2026/04/30 11:45:03	,	868230	,	220	,10.515615,1999.9000,-0.23815779,-1187.5825,595486.3750,34.294,604709.5000,1999.9000,
	2026/04/30 11:45:03	,	869230	,	221	,10.515600,1999.9000,-0.23815779,-1187.4886,595486.3750,34.283,604707.5000,1999.9000,
	2026/04/30 11:45:03	,	870230	,	222	,10.515567,1999.9000,-0.23815779,-1187.7087,595486.3750,34.274,604717.8750,1999.9000,
	2026/04/30 11:45:03	,	871230	,	223	,10.515539,1999.9000,-0.23839307,-1188.5885,595485.5625,34.266,604832.6875,1999.9000,
	2026/04/30 11:45:03	,	872230	,	224	,10.515512,1999.9000,-0.24221653,-1189.7195,595396.3750,34.263,604862.5625,1999.9000,
	2026/04/30 11:45:03	,	873230	,	225	,10.515488,1999.9000,-0.24312721,-1190.6619,595375.8125,34.261,604958.9375,1999.9000,
	2026/04/30 11:45:03	,	874230	,	226	,10.515469,1999.9000,-0.24556939,-1191.4474,595358.3750,34.260,604958.9375,1999.9000,
	2026/04/30 11:45:03	,	875230	,	227	,10.515457,1999.9000,-0.24980459,-1192.1018,595208.0625,34.259,604989.1250,1999.9000,
	2026/04/30 11:45:03	,	876230	,	228	,10.515444,1999.9000,-0.25558385,-1192.2494,594949.5000,34.265,605014.3125,1999.9000,
	2026/04/30 11:45:03	,	877230	,	229	,10.515411,1999.9000,-0.25566894,-1192.2729,594860.7500,34.271,605026.9375,1999.9000,
	2026/04/30 11:45:03	,	878230	,	230	,10.515406,1999.9000,-0.25569731,-1192.1929,594860.7500,34.276,605034.5000,1999.9000,
	2026/04/30 11:45:03	,	879230	,	231	,10.515410,1999.9000,-0.25571150,-1191.7285,594860.7500,34.280,605039.5625,1999.9000,
	2026/04/30 11:45:03	,	880230	,	232	,10.515424,1999.9000,-0.25571999,-1191.3413,594860.7500,34.283,605043.7500,1999.9000,
	2026/04/30 11:45:03	,	881230	,	233	,10.515441,1999.9000,-0.25572565,-1190.9193,594860.7500,34.286,605034.6875,1999.9000,
	2026/04/30 11:45:03	,	882230	,	234	,10.515453,1999.9000,-0.25284231,-1190.5676,594948.3750,34.288,604911.1875,1999.9000,
	2026/04/30 11:45:03	,	883230	,	235	,10.515465,1999.9000,-0.25043482,-1190.3740,594962.6250,34.290,604878.5625,1999.9000,
	2026/04/30 11:45:03	,	884230	,	236	,10.515474,1999.9000,-0.24813445,-1190.3121,594968.1875,34.292,604785.5625,1999.9000,
	2026/04/30 11:45:03	,	885230	,	237	,10.515482,1999.9000,-0.24347700,-1190.1611,595085.9375,34.290,604758.4375,1999.9000,
	2026/04/30 11:45:03	,	886230	,	238	,10.515488,1999.9000,-0.23674606,-1189.9359,595366.5625,34.289,604733.4375,1999.9000,
	2026/04/30 11:45:03	,	887230	,	239	,10.515493,1999.9000,-0.23586056,-1189.9471,595521.5000,34.293,604720.9375,1999.9000,
	2026/04/30 11:45:03	,	888230	,	240	,10.515469,1999.9000,-0.23556541,-1189.9564,595521.5000,34.295,604713.5000,1999.9000,
	2026/04/30 11:45:03	,	889230	,	241	,10.515449,1999.9000,-0.23541783,-1189.9642,595521.5000,34.298,604708.4375,1999.9000,
	2026/04/30 11:45:03	,	890230	,	242	,10.515431,1999.9000,-0.23532929,-1190.4680,595521.5000,34.300,604704.3125,1999.9000,
	2026/04/30 11:45:03	,	891230	,	243	,10.515411,1999.9000,-0.23527023,-1190.8878,595521.5000,34.303,604709.0625,1999.9000,
	2026/04/30 11:45:03	,	892230	,	244	,10.515395,1999.9000,-0.23801912,-1190.6409,595420.1875,34.306,604801.9375,1999.9000,
	2026/04/30 11:45:03	,	893230	,	245	,10.515383,1999.9000,-0.24026908,-1190.3356,595395.1875,34.309,604829.0625,1999.9000,
	2026/04/30 11:45:03	,	894230	,	246	,10.515371,1999.9000,-0.24112621,-1190.1807,595379.4375,34.314,604912.4375,1999.9000,
	2026/04/30 11:45:03	,	895230	,	247	,10.515352,1999.9000,-0.24546224,-1190.1510,595289.1250,34.316,604944.5000,1999.9000,
	2026/04/30 11:45:03	,	896230	,	248	,10.515335,1999.9000,-0.25203562,-1190.0269,595059.1250,34.318,605056.8125,1999.9000,
	2026/04/30 11:45:03	,	897230	,	249	,10.515346,1999.9000,-0.25743046,-1189.8240,594843.5000,34.320,605056.8125,1999.9000,
	2026/04/30 11:45:03	,	898230	,	250	,10.515360,1999.9000,-0.25743046,-1189.6548,594843.5000,34.321,605056.8125,1999.9000,
	2026/04/30 11:45:03	,	899230	,	251	,10.515357,1999.9000,-0.25743046,-1189.5138,594843.5000,34.322,605056.8125,1999.9000,
	2026/04/30 11:45:03	,	900230	,	252	,10.515370,1999.9000,-0.25743046,-1189.5953,594843.5000,34.316,605056.8125,1999.9000,
	2026/04/30 11:45:03	,	901230	,	253	,10.515390,1999.9000,-0.25743046,-1189.6632,594843.5000,34.309,605049.4375,1999.9000,
	2026/04/30 11:45:03	,	902230	,	254	,10.515407,1999.9000,-0.25731280,-1189.7198,594953.6875,34.301,604940.8125,1999.9000,
	2026/04/30 11:45:03	,	903230	,	255	,10.515421,1999.9000,-0.25398305,-1189.8665,594970.6250,34.295,604906.6875,1999.9000,
	2026/04/30 11:45:03	,	904230	,	256	,10.515432,1999.9000,-0.25161967,-1189.9886,594979.3125,34.290,604798.2500,1999.9000,
	2026/04/30 11:45:03	,	905230	,	257	,10.515423,1999.9000,-0.24811555,-1190.5879,594996.8750,34.285,604768.6875,1999.9000,
	2026/04/30 11:45:03	,	906230	,	258	,10.515414,1999.9000,-0.24132788,-1191.0872,595266.4375,34.283,604743.3750,1999.9000,
	2026/04/30 11:45:03	,	907230	,	259	,10.515408,1999.9000,-0.23549187,-1191.5033,595548.3125,34.282,604730.6875,1999.9000,
	2026/04/30 11:45:03	,	908230	,	260	,10.515417,1999.9000,-0.23225877,-1191.8501,595548.3125,34.280,604723.0625,1999.9000,
	2026/04/30 11:45:03	,	909230	,	261	,10.515410,1999.9000,-0.23225877,-1191.3433,595548.3125,34.290,604718.0000,1999.9000,
	2026/04/30 11:45:03	,	910230	,	262	,10.515404,1999.9000,-0.23225877,-1190.9209,595548.3125,34.299,604713.8125,1999.9000,
	2026/04/30 11:45:03	,	911230	,	263	,10.515399,1999.9000,-0.23225877,-1190.8674,595548.3125,34.307,604719.0000,1999.9000,
	2026/04/30 11:45:03	,	912230	,	264	,10.515395,1999.9000,-0.23225877,-1190.8229,595426.7500,34.314,604805.5000,1999.9000,
	2026/04/30 11:45:03	,	913230	,	265	,10.515391,1999.9000,-0.23255180,-1190.7855,595393.6875,34.319,604829.3750,1999.9000,
	2026/04/30 11:45:03	,	914230	,	266	,10.515403,1999.9000,-0.23528391,-1190.7545,595377.8750,34.324,604856.2500,1999.9000,
	2026/04/30 11:45:03	,	915230	,	267	,10.515411,1999.9000,-0.23625445,-1190.7288,595363.6875,34.327,604969.7500,1999.9000,
	2026/04/30 11:45:03	,	916230	,	268	,10.515420,1999.9000,-0.24281524,-1190.8066,595164.0000,34.331,605003.9375,1999.9000,
	2026/04/30 11:45:03	,	917230	,	269	,10.515413,1999.9000,-0.24822268,-1190.9712,594887.5000,34.330,605015.3125,1999.9000,
	2026/04/30 11:45:03	,	918230	,	270	,10.515402,1999.9000,-0.24850945,-1191.6056,594887.5000,34.327,605021.0000,1999.9000,
	2026/04/30 11:45:03	,	919230	,	271	,10.515387,1999.9000,-0.24860503,-1192.1343,594887.5000,34.324,605024.3750,1999.9000,
	2026/04/30 11:45:03	,	920230	,	272	,10.515374,1999.9000,-0.24865282,-1192.5750,594887.5000,34.322,605026.6875,1999.9000,
	2026/04/30 11:45:03	,	921230	,	273	,10.515365,1999.9000,-0.24868150,-1192.9421,594887.5000,34.324,605026.4375,1999.9000,
	2026/04/30 11:45:03	,	922230	,	274	,10.515386,1999.9000,-0.24870062,-1193.1486,594891.6250,34.326,604944.4375,1999.9000,
	2026/04/30 11:45:03	,	923230	,	275	,10.515408,1999.9000,-0.24635717,-1193.2212,594978.1250,34.328,604911.5000,1999.9000,
	2026/04/30 11:45:03	,	924230	,	276	,10.515427,1999.9000,-0.24552213,-1193.2816,594986.1875,34.331,604814.6250,1999.9000,
	2026/04/30 11:45:03	,	925230	,	277	,10.515442,1999.9000,-0.24305473,-1193.0336,594997.2500,34.334,604780.7500,1999.9000,
	2026/04/30 11:45:03	,	926230	,	278	,10.515456,1999.9000,-0.23808217,-1192.6279,595187.8125,34.336,604691.9375,1999.9000,
	2026/04/30 11:45:03	,	927230	,	279	,10.515477,1999.9000,-0.23287638,-1191.7926,595475.0000,34.338,604691.9375,1999.9000,
	2026/04/30 11:45:03	,	928230	,	280	,10.515494,1999.9000,-0.23287638,-1190.9968,595486.6250,34.339,604691.9375,1999.9000,
	2026/04/30 11:45:03	,	929230	,	281	,10.515509,1999.9000,-0.23287638,-1190.3339,595490.5000,34.337,604691.9375,1999.9000,
	2026/04/30 11:45:03	,	930230	,	282	,10.515521,1999.9000,-0.23287638,-1189.7814,595492.4375,34.334,604691.9375,1999.9000,
	2026/04/30 11:45:03	,	931230	,	283	,10.515531,1999.9000,-0.23287638,-1189.3209,595493.6250,34.332,604695.5000,1999.9000,
	2026/04/30 11:45:03	,	932230	,	284	,10.515533,1999.9000,-0.23620404,-1188.9373,595494.3750,34.325,604783.1875,1999.9000,
	2026/04/30 11:45:03	,	933230	,	285	,10.515536,1999.9000,-0.23944348,-1188.6174,595481.9375,34.318,604805.5000,1999.9000,
	2026/04/30 11:45:03	,	934230	,	286	,10.515539,1999.9000,-0.24222910,-1188.7489,595377.3125,34.312,604828.0000,1999.9000,
	2026/04/30 11:45:03	,	935230	,	287	,10.515541,1999.9000,-0.24488242,-1188.8585,595366.2500,34.307,604933.5625,1999.9000,
	2026/04/30 11:45:03	,	936230	,	288	,10.515543,1999.9000,-0.25060499,-1188.9497,595246.8125,34.303,604970.9375,1999.9000,
	2026/04/30 11:45:03	,	937230	,	289	,10.515544,1999.9000,-0.25731704,-1189.0258,594994.7500,34.299,604992.5625,1999.9000,
	2026/04/30 11:45:03	,	938230	,	290	,10.515539,1999.9000,-0.25757226,-1189.0891,594881.6250,34.297,605003.3750,1999.9000,
	2026/04/30 11:45:03	,	939230	,	291	,10.515536,1999.9000,-0.25765735,-1189.1418,594881.6250,34.294,605009.8750,1999.9000,
	2026/04/30 11:45:03	,	940230	,	292	,10.515529,1999.9000,-0.25769988,-1189.1859,594881.6250,34.292,605014.1875,1999.9000,
	2026/04/30 11:45:03	,	941230	,	293	,10.515509,1999.9000,-0.25772542,-1189.3221,594881.6250,34.291,605017.7500,1999.9000,
	2026/04/30 11:45:03	,	942230	,	294	,10.515506,1999.9000,-0.25774243,-1189.4355,594881.6250,34.291,605009.3750,1999.9000,
	2026/04/30 11:45:03	,	943230	,	295	,10.515488,1999.9000,-0.25455028,-1189.8285,594969.7500,34.292,604904.0000,1999.9000,
	2026/04/30 11:45:03	,	944230	,	296	,10.515469,1999.9000,-0.25180244,-1190.1560,594982.8750,34.294,604871.3750,1999.9000,
	2026/04/30 11:45:03	,	945230	,	297	,10.515449,1999.9000,-0.24943274,-1190.4290,594990.8125,34.301,604775.3125,1999.9000,
	2026/04/30 11:45:03	,	946230	,	298	,10.515431,1999.9000,-0.24468075,-1191.0542,595114.5625,34.307,604748.4375,1999.9000,
	2026/04/30 11:45:03	,	947230	,	299	,10.515407,1999.9000,-0.23833425,-1191.5753,595391.0000,34.312,604730.8125,1999.9000,
	2026/04/30 11:45:03	,	948230	,	300	,10.515387,1999.9000,-0.23797502,-1191.9100,595525.0625,34.316,604722.0000,1999.9000,
	2026/04/30 11:45:03	,	949230	,	301	,10.515374,1999.9000,-0.23785529,-1192.1890,595525.0625,34.317,604716.7500,1999.9000,
	2026/04/30 11:45:03	,	950230	,	302	,10.515365,1999.9000,-0.23779540,-1192.4214,595525.0625,34.313,604713.2500,1999.9000,
	2026/04/30 11:45:03	,	951230	,	303	,10.515356,1999.9000,-0.23775949,-1192.6151,595525.0625,34.307,604710.2500,1999.9000,
	2026/04/30 11:45:03	,	952230	,	304	,10.515349,1999.9000,-0.23773552,-1192.6771,595525.0625,34.299,604718.8750,1999.9000,
	2026/04/30 11:45:03	,	953230	,	305	,10.515353,1999.9000,-0.24101277,-1192.5298,595423.1875,34.291,604817.0000,1999.9000,
	2026/04/30 11:45:03	,	954230	,	306	,10.515366,1999.9000,-0.24382994,-1192.4071,595397.5625,34.285,604842.0625,1999.9000,
	2026/04/30 11:45:03	,	955230	,	307	,10.515387,1999.9000,-0.24382994,-1192.2053,595382.0625,34.280,604926.3125,1999.9000,
	2026/04/30 11:45:03	,	956230	,	308	,10.515404,1999.9000,-0.25046632,-1192.0372,595299.3125,34.280,604960.7500,1999.9000,
	2026/04/30 11:45:03	,	957230	,	309	,10.515429,1999.9000,-0.25046632,-1191.8971,595088.9375,34.281,605048.9375,1999.9000,
	2026/04/30 11:45:03	,	958230	,	310	,10.515449,1999.9000,-0.26046190,-1191.6808,594836.3125,34.284,605048.9375,1999.9000,
	2026/04/30 11:45:03	,	959230	,	311	,10.515456,1999.9000,-0.26046190,-1191.5006,594836.3125,34.287,605048.9375,1999.9000,
	2026/04/30 11:45:03	,	960230	,	312	,10.515462,1999.9000,-0.26046190,-1191.3505,594836.3125,34.295,605048.9375,1999.9000,
	2026/04/30 11:45:03	,	961230	,	313	,10.515467,1999.9000,-0.26046190,-1191.2253,594836.3125,34.304,605048.9375,1999.9000,
	2026/04/30 11:45:03	,	962230	,	314	,10.515462,1999.9000,-0.26046190,-1191.1210,594836.3125,34.320,605036.9375,1999.9000,
	2026/04/30 11:45:03	,	963230	,	315	,10.515448,1999.9000,-0.26046190,-1191.0341,594934.6250,34.334,604905.1250,1999.9000,
	2026/04/30 11:45:03	,	964230	,	316	,10.515435,1999.9000,-0.25719726,-1191.0612,594956.9375,34.334,604876.4375,1999.9000,
	2026/04/30 11:45:03	,	965230	,	317	,10.515426,1999.9000,-0.25444943,-1191.0837,594970.5625,34.333,604782.5625,1999.9000,
	2026/04/30 11:45:03	,	966230	,	318	,10.515417,1999.9000,-0.25213015,-1191.0031,595050.8125,34.332,604754.8125,1999.9000,
	2026/04/30 11:45:03	,	967230	,	319	,10.515410,1999.9000,-0.24796429,-1191.5327,595273.0625,34.332,604730.2500,1999.9000,
	2026/04/30 11:45:03	,	968230	,	320	,10.515399,1999.9000,-0.24041402,-1191.9740,595556.6250,34.333,604717.9375,1999.9000,
	2026/04/30 11:45:03	,	969230	,	321	,10.515380,1999.9000,-0.23432595,-1192.3418,595556.6250,34.332,604710.5625,1999.9000,
	2026/04/30 11:45:03	,	970230	,	322	,10.515363,1999.9000,-0.23381545,-1192.6482,595556.6250,34.331,604705.6875,1999.9000,
	2026/04/30 11:45:03	,	971230	,	323	,10.515349,1999.9000,-0.23364529,-1192.4063,595556.6250,34.329,604701.6250,1999.9000,
	2026/04/30 11:45:03	,	972230	,	324	,10.515338,1999.9000,-0.23356020,-1192.2046,595556.6250,34.326,604705.1875,1999.9000,
	2026/04/30 11:45:03	,	973230	,	325	,10.515329,1999.9000,-0.23350915,-1192.0365,595433.9375,34.322,604718.6250,1999.9000,
	2026/04/30 11:45:03	,	974230	,	326	,10.515322,1999.9000,-0.23347512,-1191.7971,595406.2500,34.318,604838.6875,1999.9000,
	2026/04/30 11:45:03	,	975230	,	327	,10.515315,1999.9000,-0.23381020,-1191.5975,595393.2500,34.318,604869.2500,1999.9000,
	2026/04/30 11:45:03	,	976230	,	328	,10.515326,1999.9000,-0.23741409,-1191.2323,595378.5625,34.315,604956.5625,1999.9000,
	2026/04/30 11:45:03	,	977230	,	329	,10.515334,1999.9000,-0.24049596,-1190.9279,595165.1875,34.314,604995.1875,1999.9000,
	2026/04/30 11:45:03	,	978230	,	330	,10.515341,1999.9000,-0.24712607,-1190.6742,594895.2500,34.312,605008.0625,1999.9000,
	2026/04/30 11:45:03	,	979230	,	331	,10.515356,1999.9000,-0.25288644,-1190.4628,594895.2500,34.309,605014.5000,1999.9000,
	2026/04/30 11:45:03	,	980230	,	332	,10.515373,1999.9000,-0.25288644,-1190.2866,594895.2500,34.306,605018.3125,1999.9000,
	2026/04/30 11:45:03	,	981230	,	333	,10.515388,1999.9000,-0.25288644,-1190.1398,594895.2500,34.303,605020.9375,1999.9000,
	2026/04/30 11:45:03	,	982230	,	334	,10.515410,1999.9000,-0.25288644,-1189.6196,594895.2500,34.297,605017.1875,1999.9000,
	2026/04/30 11:45:03	,	983230	,	335	,10.515433,1999.9000,-0.25288644,-1189.5840,594897.3750,34.291,604925.6875,1999.9000,
	2026/04/30 11:45:03	,	984230	,	336	,10.515452,1999.9000,-0.25275514,-1189.8528,594978.1250,34.287,604893.6250,1999.9000,
	2026/04/30 11:45:03	,	985230	,	337	,10.515464,1999.9000,-0.24991173,-1190.0768,594987.0625,34.283,604792.1875,1999.9000,
	2026/04/30 11:45:03	,	986230	,	338	,10.515457,1999.9000,-0.24908927,-1190.3629,594995.0000,34.280,604765.0000,1999.9000,
	2026/04/30 11:45:03	,	987230	,	339	,10.515448,1999.9000,-0.24628784,-1190.7008,595164.0000,34.277,604739.6250,1999.9000,
	2026/04/30 11:45:03	,	988230	,	340	,10.515435,1999.9000,-0.24105057,-1190.9824,595457.7500,34.275,604726.9375,1999.9000,
	2026/04/30 11:45:03	,	989230	,	341	,10.515426,1999.9000,-0.23592673,-1191.1177,595467.5625,34.279,604719.3750,1999.9000,
	2026/04/30 11:45:03	,	990230	,	342	,10.515411,1999.9000,-0.23592673,-1190.4344,595470.8750,34.284,604714.2500,1999.9000,
	2026/04/30 11:45:03	,	991230	,	343	,10.515395,1999.9000,-0.23592673,-1190.1637,595472.5000,34.290,604710.0000,1999.9000,
	2026/04/30 11:45:03	,	992230	,	344	,10.515383,1999.9000,-0.23592673,-1189.9380,595473.5000,34.295,604716.2500,1999.9000,
	2026/04/30 11:45:03	,	993230	,	345	,10.515371,1999.9000,-0.23592673,-1189.7498,595474.0625,34.299,604817.0000,1999.9000,
	2026/04/30 11:45:03	,	994230	,	346	,10.515362,1999.9000,-0.23617883,-1189.5930,595391.0000,34.304,604843.0000,1999.9000,
	2026/04/30 11:45:03	,	995230	,	347	,10.515353,1999.9000,-0.23965144,-1189.4625,595376.1250,34.312,604865.9375,1999.9000,
	2026/04/30 11:45:03	,	996230	,	348	,10.515362,1999.9000,-0.24059995,-1189.3536,595361.3750,34.320,604956.5625,1999.9000,
	2026/04/30 11:45:03	,	997230	,	349	,10.515368,1999.9000,-0.24377321,-1189.2629,595229.5625,34.326,604994.8750,1999.9000,
	2026/04/30 11:45:03	,	998230	,	350	,10.515374,1999.9000,-0.24930669,-1189.1873,594981.6875,34.335,605010.8750,1999.9000,
	2026/04/30 11:45:03	,	999230	,	351	,10.515378,1999.9000,-0.25560278,-1189.1241,594869.6875,34.339,605018.8750,1999.9000,
	2026/04/30 11:45:04	,	000230	,	352	,10.515383,1999.9000,-0.25664580,-1189.0717,594869.6875,34.341,605023.6875,1999.9000,
	2026/04/30 11:45:04	,	001230	,	353	,10.515387,1999.9000,-0.25699350,-1188.9285,594869.6875,34.348,605026.9375,1999.9000,
	2026/04/30 11:45:04	,	002230	,	354	,10.515388,1999.9000,-0.25716734,-1188.8091,594869.6875,34.354,605029.5625,1999.9000,
	2026/04/30 11:45:04	,	003230	,	355	,10.515396,1999.9000,-0.25727165,-1188.7096,594869.6875,34.354,605019.3125,1999.9000,
	2026/04/30 11:45:04	,	004230	,	356	,10.515417,1999.9000,-0.25734118,-1189.0247,594954.2500,34.356,604890.6875,1999.9000,
	2026/04/30 11:45:04	,	005230	,	357	,10.515419,1999.9000,-0.25708401,-1189.2871,594971.6250,34.358,604859.2500,1999.9000,
	2026/04/30 11:45:04	,	006230	,	358	,10.515391,1999.9000,-0.25414693,-1189.1079,594981.1250,34.351,604769.2500,1999.9000,
	2026/04/30 11:45:04	,	007230	,	359	,10.515388,1999.9000,-0.25326145,-1188.8593,595088.9375,34.346,604740.0000,1999.9000,
	2026/04/30 11:45:04	,	008230	,	360	,10.515396,1999.9000,-0.24744119,-1188.8593,595357.0625,34.343,604727.4375,1999.9000,
	2026/04/30 11:45:04	,	009230	,	361	,10.515417,1999.9000,-0.24091193,-1189.3910,595522.6875,34.336,604721.1250,1999.9000,
	2026/04/30 11:45:04	,	010230	,	362	,10.515434,1999.9000,-0.24071024,-1189.5924,595522.6875,34.330,604717.3750,1999.9000,
	2026/04/30 11:45:04	,	011230	,	363	,10.515433,1999.9000,-0.24064301,-1189.5613,595522.6875,34.325,604714.8125,1999.9000,
	2026/04/30 11:45:04	,	012230	,	364	,10.515433,1999.9000,-0.24060941,-1189.2371,595522.6875,34.321,604712.7500,1999.9000,
	2026/04/30 11:45:04	,	013230	,	365	,10.515433,1999.9000,-0.24058925,-1188.9668,595522.6875,34.318,604721.4375,1999.9000,
	2026/04/30 11:45:04	,	014230	,	366	,10.515437,1999.9000,-0.24057581,-1188.7415,595424.3750,34.318,604826.0625,1999.9000,
	2026/04/30 11:45:04	,	015230	,	367	,10.515441,1999.9000,-0.24355893,-1188.8523,595402.0000,34.318,604858.0000,1999.9000,
	2026/04/30 11:45:04	,	016230	,	368	,10.515445,1999.9000,-0.24619332,-1188.8523,595387.8750,34.318,604954.6875,1999.9000,
	2026/04/30 11:45:04	,	017230	,	369	,10.515444,1999.9000,-0.24848107,-1188.9446,595301.6875,34.318,604986.1250,1999.9000,
	2026/04/30 11:45:04	,	018230	,	370	,10.515437,1999.9000,-0.25306290,-1189.0215,595096.0625,34.320,605009.0625,1999.9000,
	2026/04/30 11:45:04	,	019230	,	371	,10.515431,1999.9000,-0.25978124,-1189.0857,594829.1250,34.321,605020.5625,1999.9000,
	2026/04/30 11:45:04	,	020230	,	372	,10.515427,1999.9000,-0.26010582,-1189.1390,594829.1250,34.322,605027.5000,1999.9000,
	2026/04/30 11:45:04	,	021230	,	373	,10.515423,1999.9000,-0.26021400,-1189.3826,594829.1250,34.334,605032.0625,1999.9000,
	2026/04/30 11:45:04	,	022230	,	374	,10.515419,1999.9000,-0.26026812,-1189.5854,594829.1250,34.345,605035.8125,1999.9000,
	2026/04/30 11:45:04	,	023230	,	375	,10.515417,1999.9000,-0.26030058,-1189.5555,594829.1250,34.355,605025.9375,1999.9000,
	2026/04/30 11:45:04	,	024230	,	376	,10.515414,1999.9000,-0.26032221,-1189.5306,594922.1250,34.350,604890.6875,1999.9000,
	2026/04/30 11:45:04	,	025230	,	377	,10.515422,1999.9000,-0.25692627,-1189.5099,594948.6250,34.347,604862.5625,1999.9000,
	2026/04/30 11:45:04	,	026230	,	378	,10.515449,1999.9000,-0.25410911,-1189.8905,594960.8750,34.342,604771.0625,1999.9000,
	2026/04/30 11:45:04	,	027230	,	379	,10.515481,1999.9000,-0.25173309,-1190.1083,594976.5000,34.334,604743.0000,1999.9000,
	2026/04/30 11:45:04	,	028230	,	380	,10.515509,1999.9000,-0.24737185,-1190.2897,595243.2500,34.327,604722.5625,1999.9000,
	2026/04/30 11:45:04	,	029230	,	381	,10.515535,1999.9000,-0.24005480,-1190.4408,595538.7500,34.321,604712.3750,1999.9000,
	2026/04/30 11:45:04	,	030230	,	382	,10.515562,1999.9000,-0.23452131,-1190.2683,595538.7500,34.316,604712.3750,1999.9000,
	2026/04/30 11:45:04	,	031230	,	383	,10.515585,1999.9000,-0.23452131,-1190.1246,595538.7500,34.309,604706.2500,1999.9000,
	2026/04/30 11:45:04	,	032230	,	384	,10.515603,1999.9000,-0.23452131,-1190.0049,595538.7500,34.301,604702.1250,1999.9000,
	2026/04/30 11:45:04	,	033230	,	385	,10.515610,1999.9000,-0.23452131,-1189.8055,595538.7500,34.296,604698.7500,1999.9000,
	2026/04/30 11:45:04	,	034230	,	386	,10.515590,1999.9000,-0.23452131,-1189.6395,595445.2500,34.296,604704.8750,1999.9000,
	2026/04/30 11:45:04	,	035230	,	387	,10.515569,1999.9000,-0.23718092,-1189.4016,595407.3750,34.292,604810.9375,1999.9000,
	2026/04/30 11:45:04	,	036230	,	388	,10.515545,1999.9000,-0.23970187,-1189.2035,595383.5000,34.290,604836.6250,1999.9000,
	2026/04/30 11:45:04	,	037230	,	389	,10.515512,1999.9000,-0.24074492,-1189.0382,595365.8750,34.289,604929.3125,1999.9000,
	2026/04/30 11:45:04	,	038230	,	390	,10.515483,1999.9000,-0.24530467,-1188.9006,595162.8125,34.288,604959.1875,1999.9000,
	2026/04/30 11:45:04	,	039230	,	391	,10.515454,1999.9000,-0.25222471,-1188.7859,594884.0000,34.291,605064.0625,1999.9000,
	2026/04/30 11:45:04	,	040230	,	392	,10.515421,1999.9000,-0.25817415,-1188.7897,594882.1250,34.294,605064.0625,1999.9000,
	2026/04/30 11:45:04	,	041230	,	393	,10.515392,1999.9000,-0.25823402,-1188.7930,594881.5625,34.299,605064.0625,1999.9000,
	2026/04/30 11:45:04	,	042230	,	394	,10.515368,1999.9000,-0.25825396,-1188.9945,594881.2500,34.303,605064.0625,1999.9000,
	2026/04/30 11:45:04	,	043230	,	395	,10.515340,1999.9000,-0.25826395,-1189.1626,594881.0625,34.308,605064.0625,1999.9000,
	2026/04/30 11:45:04	,	044230	,	396	,10.515315,1999.9000,-0.25826994,-1189.3026,594880.9375,34.313,605051.4375,1999.9000,
	2026/04/30 11:45:04	,	045230	,	397	,10.515295,1999.9000,-0.25827393,-1189.9167,594890.7500,34.317,604902.7500,1999.9000,
	2026/04/30 11:45:04	,	046230	,	398	,10.515283,1999.9000,-0.25794637,-1190.4286,594903.4375,34.320,604870.1250,1999.9000,
	2026/04/30 11:45:04	,	047230	,	399	,10.515283,1999.9000,-0.25466371,-1191.0540,594985.8750,34.323,604777.7500,1999.9000,
	2026/04/30 11:45:04	,	048230	,	400	,10.515292,1999.9000,-0.25185287,-1191.3761,595133.0625,34.325,604747.8125,1999.9000,
	2026/04/30 11:45:04	,	049230	,	401	,10.515306,1999.9000,-0.24528578,-1191.6445,595428.5625,34.326,604722.9375,1999.9000,
	2026/04/30 11:45:04	,	050230	,	402	,10.515326,1999.9000,-0.23936786,-1191.8683,595452.3750,34.326,604710.5000,1999.9000,
	2026/04/30 11:45:04	,	051230	,	403	,10.515326,1999.9000,-0.23840672,-1192.0547,595460.3750,34.328,604703.0625,1999.9000,
	2026/04/30 11:45:04	,	052230	,	404	,10.515334,1999.9000,-0.23808636,-1191.9117,595464.3125,34.331,604698.0625,1999.9000,
	2026/04/30 11:45:04	,	053230	,	405	,10.515352,1999.9000,-0.23792617,-1191.7926,595466.6875,34.332,604693.9375,1999.9000,
	2026/04/30 11:45:04	,	054230	,	406	,10.515375,1999.9000,-0.23783007,-1191.6932,595468.3125,34.333,604700.0625,1999.9000,
	2026/04/30 11:45:04	,	055230	,	407	,10.515395,1999.9000,-0.23776598,-1191.6104,595457.0625,34.332,604803.6875,1999.9000,
	2026/04/30 11:45:04	,	056230	,	408	,10.515410,1999.9000,-0.23795208,-1191.5414,595359.4375,34.328,604835.1250,1999.9000,
	2026/04/30 11:45:04	,	057230	,	409	,10.515424,1999.9000,-0.23828574,-1191.4839,595346.9375,34.325,604931.1250,1999.9000,
	2026/04/30 11:45:04	,	058230	,	410	,10.515429,1999.9000,-0.24155477,-1191.4360,595242.6875,34.321,604957.1250,1999.9000,
	2026/04/30 11:45:04	,	059230	,	411	,10.515435,1999.9000,-0.24677946,-1191.1971,594999.0000,34.318,605059.7500,1999.9000,
	2026/04/30 11:45:04	,	060230	,	412	,10.515439,1999.9000,-0.25250202,-1190.9980,594857.1250,34.315,605059.7500,1999.9000,
	2026/04/30 11:45:04	,	061230	,	413	,10.515442,1999.9000,-0.25250202,-1191.5286,594857.1250,34.313,605059.7500,1999.9000,
	2026/04/30 11:45:04	,	062230	,	414	,10.515445,1999.9000,-0.25250202,-1191.9706,594857.1250,34.311,605059.7500,1999.9000,
	2026/04/30 11:45:04	,	063230	,	415	,10.515448,1999.9000,-0.25250202,-1192.3389,594857.1250,34.309,605059.7500,1999.9000,
	2026/04/30 11:45:04	,	064230	,	416	,10.515450,1999.9000,-0.25250202,-1192.5464,594857.1250,34.307,605056.5000,1999.9000,
	2026/04/30 11:45:04	,	065230	,	417	,10.515451,1999.9000,-0.25224257,-1192.7194,594948.3750,34.306,604970.3750,1999.9000,
	2026/04/30 11:45:04	,	066230	,	418	,10.515452,1999.9000,-0.24806513,-1192.8634,594968.9375,34.305,604936.3125,1999.9000,
	2026/04/30 11:45:04	,	067230	,	419	,10.515453,1999.9000,-0.24708197,-1193.2820,594978.5000,34.305,604834.5000,1999.9000,
	2026/04/30 11:45:04	,	068230	,	420	,10.515435,1999.9000,-0.24444754,-1193.6307,595074.0625,34.304,604801.6250,1999.9000,
	2026/04/30 11:45:04	,	069230	,	421	,10.515445,1999.9000,-0.23967037,-1193.9214,595333.1875,34.303,604709.4375,1999.9000,
	2026/04/30 11:45:04	,	070230	,	422	,10.515452,1999.9000,-0.23394150,-1193.8651,595528.0625,34.301,604705.2500,1999.9000,
	2026/04/30 11:45:04	,	071230	,	423	,10.515459,1999.9000,-0.23357910,-1193.5198,595528.0625,34.300,604703.8125,1999.9000,
	2026/04/30 11:45:04	,	072230	,	424	,10.515453,1999.9000,-0.23345830,-1193.2322,595528.0625,34.298,604703.1250,1999.9000,
	2026/04/30 11:45:04	,	073230	,	425	,10.515450,1999.9000,-0.23339792,-1192.9923,595528.0625,34.297,604702.6875,1999.9000,
	2026/04/30 11:45:04	,	074230	,	426	,10.515432,1999.9000,-0.23336165,-1192.8920,595528.0625,34.296,604702.4375,1999.9000,
	2026/04/30 11:45:04	,	075230	,	427	,10.515418,1999.9000,-0.23333749,-1192.8083,595421.3750,34.303,604713.9375,1999.9000,
	2026/04/30 11:45:04	,	076230	,	428	,10.515406,1999.9000,-0.23634900,-1192.4403,595395.5000,34.309,604826.6875,1999.9000,
	2026/04/30 11:45:04	,	077230	,	429	,10.515410,1999.9000,-0.23878804,-1191.5366,595383.8750,34.314,604860.1875,1999.9000,
	2026/04/30 11:45:04	,	078230	,	430	,10.515395,1999.9000,-0.23984367,-1190.7837,595383.8750,34.317,604960.1250,1999.9000,
	2026/04/30 11:45:04	,	079230	,	431	,10.515381,1999.9000,-0.24570173,-1190.2556,595368.4375,34.322,604993.1250,1999.9000,
	2026/04/30 11:45:04	,	080230	,	432	,10.515370,1999.9000,-0.25243896,-1189.8156,595117.5625,34.340,605010.1250,1999.9000,
	2026/04/30 11:45:04	,	081230	,	433	,10.515361,1999.9000,-0.25731704,-1189.4489,594840.5000,34.355,605018.6250,1999.9000,
	2026/04/30 11:45:04	,	082230	,	434	,10.515347,1999.9000,-0.25731704,-1189.1433,594840.5000,34.360,605023.7500,1999.9000,
	2026/04/30 11:45:04	,	083230	,	435	,10.515322,1999.9000,-0.25731704,-1188.7893,594840.5000,34.360,605027.1875,1999.9000,
	2026/04/30 11:45:04	,	084230	,	436	,10.515300,1999.9000,-0.25731704,-1188.5936,594840.5000,34.361,605030.0000,1999.9000,
	2026/04/30 11:45:04	,	085230	,	437	,10.515282,1999.9000,-0.25731704,-1188.4305,594840.5000,34.362,605019.0625,1999.9000,
	2026/04/30 11:45:04	,	086230	,	438	,10.515266,1999.9000,-0.25723928,-1188.2947,594926.2500,34.362,604893.0625,1999.9000,
	2026/04/30 11:45:04	,	087230	,	439	,10.515254,1999.9000,-0.25690457,-1188.1814,594960.4375,34.357,604862.5625,1999.9000,
	2026/04/30 11:45:04	,	088230	,	440	,10.515254,1999.9000,-0.25387591,-1188.0872,594960.4375,34.352,604777.7500,1999.9000,
	2026/04/30 11:45:04	,	089230	,	441	,10.515285,1999.9000,-0.24986130,-1188.0085,594976.5000,34.345,604753.0000,1999.9000,
	2026/04/30 11:45:04	,	090230	,	442	,10.515319,1999.9000,-0.24336354,-1187.8436,595525.6250,34.339,604735.8750,1999.9000,
	2026/04/30 11:45:04	,	091230	,	443	,10.515347,1999.9000,-0.23841618,-1187.7061,595525.6250,34.333,604727.2500,1999.9000,
	2026/04/30 11:45:04	,	092230	,	444	,10.515371,1999.9000,-0.23841618,-1187.5916,595525.6250,34.327,604722.1250,1999.9000,
	2026/04/30 11:45:04	,	093230	,	445	,10.515391,1999.9000,-0.23841618,-1187.4960,595525.6250,34.321,604718.6875,1999.9000,
	2026/04/30 11:45:04	,	094230	,	446	,10.515413,1999.9000,-0.23841618,-1187.4165,595525.6250,34.316,604715.8125,1999.9000,
	2026/04/30 11:45:04	,	095230	,	447	,10.515431,1999.9000,-0.23841618,-1187.4497,595525.6250,34.312,604723.7500,1999.9000,
	2026/04/30 11:45:04	,	096230	,	448	,10.515447,1999.9000,-0.23858845,-1187.4774,595515.3750,34.312,604823.6250,1999.9000,
	2026/04/30 11:45:04	,	097230	,	449	,10.515453,1999.9000,-0.24115141,-1187.5999,595389.1875,34.311,604852.0000,1999.9000,
	2026/04/30 11:45:04	,	098230	,	450	,10.515450,1999.9000,-0.24192977,-1187.7019,595374.6250,34.311,604952.2500,1999.9000,
	2026/04/30 11:45:04	,	099230	,	451	,10.515437,1999.9000,-0.24606095,-1187.9858,595361.2500,34.311,604979.1250,1999.9000,
	2026/04/30 11:45:04	,	100230	,	452	,10.515427,1999.9000,-0.25260913,-1188.7200,595189.6250,34.311,605004.6250,1999.9000,
	2026/04/30 11:45:04	,	101230	,	453	,10.515418,1999.9000,-0.25802290,-1189.6301,594912.6250,34.311,605017.3125,1999.9000,
	2026/04/30 11:45:04	,	102230	,	454	,10.515410,1999.9000,-0.25802290,-1190.3885,594901.3125,34.307,605025.0000,1999.9000,
	2026/04/30 11:45:04	,	103230	,	455	,10.515405,1999.9000,-0.25802290,-1191.0206,594897.5000,34.305,605030.0625,1999.9000,
	2026/04/30 11:45:04	,	104230	,	456	,10.515399,1999.9000,-0.25802290,-1191.3484,594895.6250,34.303,605034.3750,1999.9000,
	2026/04/30 11:45:04	,	105230	,	457	,10.515395,1999.9000,-0.25802290,-1191.0247,594894.5000,34.301,605027.1250,1999.9000,
	2026/04/30 11:45:04	,	106230	,	458	,10.515392,1999.9000,-0.25781700,-1190.0586,594893.7500,34.299,604914.2500,1999.9000,
	2026/04/30 11:45:04	,	107230	,	459	,10.515389,1999.9000,-0.25484648,-1189.9498,594906.3125,34.298,604881.6250,1999.9000,
	2026/04/30 11:45:04	,	108230	,	460	,10.515387,1999.9000,-0.25408074,-1190.0581,594993.6250,34.297,604788.6250,1999.9000,
	2026/04/30 11:45:04	,	109230	,	461	,10.515395,1999.9000,-0.25070581,-1190.1484,594997.4375,34.296,604757.5000,1999.9000,
	2026/04/30 11:45:04	,	110230	,	462	,10.515401,1999.9000,-0.24461773,-1189.9252,595146.1250,34.297,604733.0000,1999.9000,
	2026/04/30 11:45:04	,	111230	,	463	,10.515396,1999.9000,-0.23946869,-1189.7391,595441.6250,34.297,604720.8125,1999.9000,
	2026/04/30 11:45:04	,	112230	,	464	,10.515383,1999.9000,-0.23946869,-1189.6837,595467.5625,34.298,604713.5000,1999.9000,
	2026/04/30 11:45:04	,	113230	,	465	,10.515371,1999.9000,-0.23946869,-1189.6375,595476.1875,34.300,604708.5000,1999.9000,
	2026/04/30 11:45:04	,	114230	,	466	,10.515376,1999.9000,-0.23946869,-1189.5989,595480.5625,34.305,604704.4375,1999.9000,
	2026/04/30 11:45:04	,	115230	,	467	,10.515387,1999.9000,-0.23946869,-1189.5668,595483.1250,34.305,604711.6250,1999.9000,
	2026/04/30 11:45:04	,	116230	,	468	,10.515409,1999.9000,-0.23956005,-1189.4406,595484.8125,34.306,604804.3125,1999.9000,
	2026/04/30 11:45:04	,	117230	,	469	,10.515407,1999.9000,-0.24246863,-1189.3352,595396.9375,34.307,604833.8750,1999.9000,
	2026/04/30 11:45:04	,	118230	,	470	,10.515407,1999.9000,-0.24345179,-1189.2477,595373.7500,34.310,604933.0000,1999.9000,
	2026/04/30 11:45:04	,	119230	,	471	,10.515431,1999.9000,-0.24693070,-1189.2740,595361.0000,34.316,604961.9375,1999.9000,
	2026/04/30 11:45:04	,	120230	,	472	,10.515451,1999.9000,-0.25294316,-1189.2961,595250.4375,34.321,605063.4375,1999.9000,
	2026/04/30 11:45:04	,	121230	,	473	,10.515468,1999.9000,-0.25855228,-1189.4139,595008.5000,34.326,605063.4375,1999.9000,
	2026/04/30 11:45:04	,	122230	,	474	,10.515482,1999.9000,-0.25855228,-1189.5121,594857.7500,34.327,605063.4375,1999.9000,
	2026/04/30 11:45:04	,	123230	,	475	,10.515464,1999.9000,-0.25855228,-1189.6934,594857.7500,34.329,605063.4375,1999.9000,
	2026/04/30 11:45:04	,	124230	,	476	,10.515449,1999.9000,-0.25855228,-1189.8445,594857.7500,34.330,605063.4375,1999.9000,
	2026/04/30 11:45:04	,	125230	,	477	,10.515436,1999.9000,-0.25855228,-1189.9703,594857.7500,34.332,605053.2500,1999.9000,
	2026/04/30 11:45:04	,	126230	,	478	,10.515426,1999.9000,-0.25821722,-1190.0752,594857.7500,34.336,604934.1250,1999.9000,
	2026/04/30 11:45:04	,	127230	,	479	,10.515417,1999.9000,-0.25331500,-1190.1627,594953.1250,34.339,604902.1875,1999.9000,
	2026/04/30 11:45:04	,	128230	,	480	,10.515410,1999.9000,-0.25039700,-1190.2355,594968.5625,34.339,604803.0625,1999.9000,
	2026/04/30 11:45:04	,	129230	,	481	,10.515409,1999.9000,-0.24721430,-1190.2961,595069.2500,34.338,604774.6875,1999.9000,
	2026/04/30 11:45:04	,	130230	,	482	,10.515407,1999.9000,-0.24084890,-1190.3468,595069.2500,34.338,604691.3125,1999.9000,
	2026/04/30 11:45:04	,	131230	,	483	,10.515407,1999.9000,-0.23428182,-1190.5879,595317.6875,34.338,604691.3125,1999.9000,
	2026/04/30 11:45:04	,	132230	,	484	,10.515410,1999.9000,-0.23111172,-1190.7888,595513.7500,34.333,604691.3125,1999.9000,
	2026/04/30 11:45:04	,	133230	,	485	,10.515414,1999.9000,-0.23111172,-1190.9563,595513.7500,34.329,604691.3125,1999.9000,
	2026/04/30 11:45:04	,	134230	,	486	,10.515417,1999.9000,-0.23111172,-1191.0958,595513.7500,34.325,604691.3125,1999.9000,
	2026/04/30 11:45:04	,	135230	,	487	,10.515414,1999.9000,-0.23111172,-1191.2120,595513.7500,34.319,604695.5000,1999.9000,
	2026/04/30 11:45:04	,	136230	,	488	,10.515408,1999.9000,-0.23111172,-1191.3088,595513.7500,34.313,604789.8125,1999.9000,
	2026/04/30 11:45:04	,	137230	,	489	,10.515403,1999.9000,-0.23362637,-1191.3895,595413.6875,34.306,604817.5625,1999.9000,
	2026/04/30 11:45:04	,	138230	,	490	,10.515398,1999.9000,-0.23605908,-1191.4569,595392.8125,34.301,604908.1875,1999.9000,
	2026/04/30 11:45:04	,	139230	,	491	,10.515393,1999.9000,-0.23879433,-1191.6124,595382.6875,34.296,604940.1250,1999.9000,
	2026/04/30 11:45:04	,	140230	,	492	,10.515390,1999.9000,-0.24483831,-1191.6427,595364.5000,34.292,605039.2500,1999.9000,
	2026/04/30 11:45:04	,	141230	,	493	,10.515388,1999.9000,-0.25211754,-1191.5682,595106.1875,34.289,605039.5625,1999.9000,
	2026/04/30 11:45:04	,	142230	,	494	,10.515375,1999.9000,-0.25741786,-1191.5063,594845.8750,34.286,605039.6875,1999.9000,
	2026/04/30 11:45:04	,	143230	,	495	,10.515365,1999.9000,-0.25741786,-1191.4547,594845.8750,34.283,605039.7500,1999.9000,
	2026/04/30 11:45:04	,	144230	,	496	,10.515356,1999.9000,-0.25741786,-1191.4117,594845.8750,34.281,605039.7500,1999.9000,
	2026/04/30 11:45:04	,	145230	,	497	,10.515349,1999.9000,-0.25741786,-1191.3760,594845.8750,34.278,605039.7500,1999.9000,
	2026/04/30 11:45:04	,	146230	,	498	,10.515343,1999.9000,-0.25741786,-1191.2466,594845.8750,34.273,605026.8750,1999.9000,
	2026/04/30 11:45:04	,	147230	,	499	,10.515332,1999.9000,-0.25741786,-1191.1388,594934.0000,34.267,604879.8125,1999.9000,
	2026/04/30 11:45:04	,	148230	,	500	,10.515314,1999.9000,-0.25720882,-1190.9495,594959.3125,34.262,604843.3125,1999.9000,
	2026/04/30 11:45:04	,	149230	,	501	,10.515309,1999.9000,-0.25431079,-1190.7916,594971.8750,34.257,604754.1875,1999.9000,
	2026/04/30 11:45:04	,	150230	,	502	,10.515310,1999.9000,-0.25354818,-1190.6603,594986.0000,34.255,604728.5000,1999.9000,
	2026/04/30 11:45:04	,	151230	,	503	,10.515316,1999.9000,-0.24847478,-1190.5507,595230.6875,34.257,604719.8750,1999.9000,
	2026/04/30 11:45:04	,	152230	,	504	,10.515320,1999.9000,-0.24256946,-1190.2604,595532.2500,34.261,604715.6250,1999.9000,
	2026/04/30 11:45:04	,	153230	,	505	,10.515344,1999.9000,-0.24038252,-1190.0186,595532.2500,34.265,604713.0625,1999.9000,
	2026/04/30 11:45:04	,	154230	,	506	,10.515378,1999.9000,-0.24038252,-1189.7174,595532.2500,34.275,604711.3750,1999.9000,
	2026/04/30 11:45:04	,	155230	,	507	,10.515407,1999.9000,-0.24038252,-1189.4666,595532.2500,34.284,604710.4375,1999.9000,
	2026/04/30 11:45:04	,	156230	,	508	,10.515431,1999.9000,-0.24038252,-1188.9591,595532.2500,34.291,604721.3750,1999.9000,
	2026/04/30 11:45:04	,	157230	,	509	,10.515451,1999.9000,-0.24038252,-1188.5361,595521.1250,34.297,604835.1250,1999.9000,
	2026/04/30 11:45:04	,	158230	,	510	,10.515472,1999.9000,-0.24342027,-1188.0842,595401.1250,34.303,604865.0000,1999.9000,
	2026/04/30 11:45:04	,	159230	,	511	,10.515491,1999.9000,-0.24597274,-1187.7078,595392.4375,34.310,604958.9375,1999.9000,
	2026/04/30 11:45:04	,	160230	,	512	,10.515502,1999.9000,-0.24697481,-1187.3939,595381.3125,34.316,604991.0000,1999.9000,
	2026/04/30 11:45:04	,	161230	,	513	,10.515510,1999.9000,-0.25195998,-1187.1324,595211.6875,34.321,605008.5000,1999.9000,
	2026/04/30 11:45:04	,	162230	,	514	,10.515512,1999.9000,-0.25850818,-1187.1134,594937.6250,34.325,605017.1875,1999.9000,
	2026/04/30 11:45:04	,	163230	,	515	,10.515512,1999.9000,-0.26080224,-1187.0975,594917.6875,34.327,605022.5000,1999.9000,
	2026/04/30 11:45:04	,	164230	,	516	,10.515513,1999.9000,-0.26080224,-1187.0845,594911.0000,34.320,605025.9375,1999.9000,
	2026/04/30 11:45:04	,	165230	,	517	,10.515520,1999.9000,-0.26080224,-1187.0735,594907.6875,34.313,605028.8125,1999.9000,
	2026/04/30 11:45:04	,	166230	,	518	,10.515530,1999.9000,-0.26080224,-1187.0643,594905.6250,34.317,605018.8750,1999.9000,
	2026/04/30 11:45:04	,	167230	,	519	,10.515518,1999.9000,-0.26080224,-1187.0568,594904.3125,34.321,604897.3750,1999.9000,
	2026/04/30 11:45:04	,	168230	,	520	,10.515505,1999.9000,-0.25747457,-1187.1498,594915.0625,34.314,604869.5000,1999.9000,
	2026/04/30 11:45:04	,	169230	,	521	,10.515492,1999.9000,-0.25465110,-1187.2274,594996.6250,34.307,604778.9375,1999.9000,
	2026/04/30 11:45:04	,	170230	,	522	,10.515487,1999.9000,-0.25227514,-1187.2921,595004.0625,34.297,604749.8750,1999.9000,
	2026/04/30 11:45:04	,	171230	,	523	,10.515482,1999.9000,-0.24829201,-1187.4456,595134.1875,34.293,604727.7500,1999.9000,
	2026/04/30 11:45:04	,	172230	,	524	,10.515478,1999.9000,-0.24130899,-1187.6729,595413.6875,34.291,604716.6875,1999.9000,
	2026/04/30 11:45:04	,	173230	,	525	,10.515470,1999.9000,-0.23575658,-1187.8622,595494.1250,34.294,604710.0625,1999.9000,
	2026/04/30 11:45:04	,	174230	,	526	,10.515449,1999.9000,-0.23575658,-1188.0200,595494.1250,34.298,604705.6875,1999.9000,
	2026/04/30 11:45:04	,	175230	,	527	,10.515431,1999.9000,-0.23575658,-1188.2510,595494.1250,34.302,604702.0000,1999.9000,
	2026/04/30 11:45:04	,	176230	,	528	,10.515431,1999.9000,-0.23575658,-1188.4436,595494.1250,34.305,604710.8750,1999.9000,
	2026/04/30 11:45:04	,	177230	,	529	,10.515431,1999.9000,-0.23575658,-1188.6040,595494.1250,34.307,604823.0000,1999.9000,
	2026/04/30 11:45:04	,	178230	,	530	,10.515417,1999.9000,-0.23596247,-1188.7377,595387.4375,34.309,604849.6250,1999.9000,
	2026/04/30 11:45:04	,	179230	,	531	,10.515405,1999.9000,-0.23907793,-1189.0481,595371.6250,34.311,604875.3750,1999.9000,
	2026/04/30 11:45:04	,	180230	,	532	,10.515405,1999.9000,-0.23988779,-1189.3066,595364.5625,34.312,604986.7500,1999.9000,
	2026/04/30 11:45:04	,	181230	,	533	,10.515405,1999.9000,-0.24337617,-1189.5222,595265.3125,34.313,605022.3750,1999.9000,
	2026/04/30 11:45:04	,	182230	,	534	,10.515405,1999.9000,-0.24951467,-1189.8013,595019.8125,34.314,605034.2500,1999.9000,
	2026/04/30 11:45:04	,	183230	,	535	,10.515405,1999.9000,-0.25502926,-1190.0338,594864.3125,34.315,605040.1875,1999.9000,
	2026/04/30 11:45:04	,	184230	,	536	,10.515405,1999.9000,-0.25502926,-1190.2277,594864.3125,34.317,605040.1875,1999.9000,
	2026/04/30 11:45:04	,	185230	,	537	,10.515405,1999.9000,-0.25502926,-1190.3892,594864.3125,34.319,605043.7500,1999.9000,
	2026/04/30 11:45:04	,	186230	,	538	,10.515405,1999.9000,-0.25502926,-1190.5237,594864.3125,34.320,605046.1250,1999.9000,
	2026/04/30 11:45:04	,	187230	,	539	,10.515405,1999.9000,-0.25502926,-1190.6359,594864.3125,34.322,605036.0625,1999.9000,
	2026/04/30 11:45:04	,	188230	,	540	,10.515405,1999.9000,-0.25202933,-1190.7294,594962.0000,34.323,604907.0000,1999.9000,
	2026/04/30 11:45:04	,	189230	,	541	,10.515405,1999.9000,-0.24930041,-1190.9067,594978.1250,34.324,604874.6875,1999.9000,
	2026/04/30 11:45:04	,	190230	,	542	,10.515405,1999.9000,-0.24706304,-1191.2535,594985.4375,34.324,604774.6875,1999.9000,
	2026/04/30 11:45:04	,	191230	,	543	,10.515405,1999.9000,-0.24469335,-1191.7413,595003.5625,34.327,604745.4375,1999.9000,
	2026/04/30 11:45:04	,	192230	,	544	,10.515405,1999.9000,-0.23915355,-1192.1479,595304.6250,34.327,604719.3750,1999.9000,
	2026/04/30 11:45:04	,	193230	,	545	,10.515414,1999.9000,-0.23389739,-1192.2877,595512.0000,34.322,604706.3125,1999.9000,
	2026/04/30 11:45:04	,	194230	,	546	,10.515441,1999.9000,-0.23389739,-1192.4042,595512.0000,34.317,604698.4375,1999.9000,
	2026/04/30 11:45:04	,	195230	,	547	,10.515450,1999.9000,-0.23389739,-1192.5013,595512.0000,34.313,604693.1875,1999.9000,
	2026/04/30 11:45:04	,	196230	,	548	,10.515456,1999.9000,-0.23389739,-1192.4829,595512.0000,34.309,604688.8750,1999.9000,
	2026/04/30 11:45:04	,	197230	,	549	,10.515463,1999.9000,-0.23389739,-1192.4675,595512.0000,34.306,604693.1875,1999.9000,
	2026/04/30 11:45:04	,	198230	,	550	,10.515467,1999.9000,-0.23421563,-1192.3551,595402.3125,34.304,604788.0000,1999.9000,
	2026/04/30 11:45:04	,	199230	,	551	,10.515475,1999.9000,-0.23865567,-1192.2615,595377.0000,34.305,604817.9375,1999.9000,
	2026/04/30 11:45:04	,	200230	,	552	,10.515478,1999.9000,-0.24111360,-1192.1833,595363.2500,34.306,604904.5625,1999.9000,
	2026/04/30 11:45:04	,	201230	,	553	,10.515480,1999.9000,-0.24357784,-1191.9194,595347.8125,34.306,604935.6875,1999.9000,
	2026/04/30 11:45:04	,	202230	,	554	,10.515482,1999.9000,-0.24919957,-1191.8984,595119.9375,34.307,605040.5000,1999.9000,
	2026/04/30 11:45:04	,	203230	,	555	,10.515483,1999.9000,-0.25569731,-1191.8809,594847.6250,34.307,605040.5000,1999.9000,
	2026/04/30 11:45:04	,	204230	,	556	,10.515479,1999.9000,-0.25796616,-1191.8663,594847.6250,34.308,605040.5000,1999.9000,
	2026/04/30 11:45:04	,	205230	,	557	,10.515466,1999.9000,-0.25796616,-1191.9537,594847.6250,34.308,605040.5000,1999.9000,
	2026/04/30 11:45:04	,	206230	,	558	,10.515450,1999.9000,-0.25796616,-1192.0265,594847.6250,34.307,605040.5000,1999.9000,
	2026/04/30 11:45:04	,	207230	,	559	,10.515427,1999.9000,-0.25796616,-1192.0872,594847.6250,34.307,605038.5625,1999.9000,
	2026/04/30 11:45:04	,	208230	,	560	,10.515398,1999.9000,-0.25796616,-1191.9387,594944.1250,34.308,604949.8750,1999.9000,
	2026/04/30 11:45:04	,	209230	,	561	,10.515373,1999.9000,-0.25575402,-1191.8151,594969.1250,34.307,604919.0625,1999.9000,
	2026/04/30 11:45:04	,	210230	,	562	,10.515353,1999.9000,-0.25473934,-1191.7119,594981.3125,34.306,604825.4375,1999.9000,
	2026/04/30 11:45:04	,	211230	,	563	,10.515346,1999.9000,-0.25164488,-1191.4270,594993.1250,34.305,604793.4375,1999.9000,
	2026/04/30 11:45:04	,	212230	,	564	,10.515341,1999.9000,-0.24631305,-1191.1897,595214.6875,34.307,604699.8125,1999.9000,
	2026/04/30 11:45:04	,	213230	,	565	,10.515335,1999.9000,-0.23935522,-1190.9919,595510.7500,34.309,604699.8125,1999.9000,
	2026/04/30 11:45:04	,	214230	,	566	,10.515342,1999.9000,-0.23421879,-1190.7277,595510.7500,34.308,604699.8125,1999.9000,
	2026/04/30 11:45:04	,	215230	,	567	,10.515337,1999.9000,-0.23421879,-1190.5074,595510.7500,34.306,604699.8125,1999.9000,
	2026/04/30 11:45:04	,	216230	,	568	,10.515362,1999.9000,-0.23421879,-1190.1250,595510.7500,34.305,604704.0000,1999.9000,
	2026/04/30 11:45:04	,	217230	,	569	,10.515384,1999.9000,-0.23421879,-1189.8063,595510.7500,34.303,604704.0000,1999.9000,
	2026/04/30 11:45:04	,	218230	,	570	,10.515402,1999.9000,-0.23421879,-1189.5405,595501.8125,34.301,604717.5000,1999.9000,
	2026/04/30 11:45:04	,	219230	,	571	,10.515416,1999.9000,-0.23439737,-1189.3192,595378.5000,34.298,604839.3125,1999.9000,
	2026/04/30 11:45:04	,	220230	,	572	,10.515429,1999.9000,-0.23734477,-1188.9358,595367.1875,34.295,604868.0625,1999.9000,
	2026/04/30 11:45:04	,	221230	,	573	,10.515414,1999.9000,-0.23830906,-1188.6163,595360.6875,34.293,604955.9375,1999.9000,
	2026/04/30 11:45:04	,	222230	,	574	,10.515402,1999.9000,-0.24363455,-1188.2505,595217.6250,34.291,604993.3125,1999.9000,
	2026/04/30 11:45:04	,	223230	,	575	,10.515391,1999.9000,-0.25035289,-1188.0452,594942.3750,34.291,605008.0625,1999.9000,
	2026/04/30 11:45:04	,	224230	,	576	,10.515408,1999.9000,-0.25428557,-1187.8741,594917.6875,34.291,605015.4375,1999.9000,
	2026/04/30 11:45:04	,	225230	,	577	,10.515422,1999.9000,-0.25428557,-1187.7317,594909.4375,34.291,605019.8125,1999.9000,
	2026/04/30 11:45:04	,	226230	,	578	,10.515433,1999.9000,-0.25428557,-1187.6128,594905.3125,34.291,605022.8125,1999.9000,
	2026/04/30 11:45:04	,	227230	,	579	,10.515448,1999.9000,-0.25428557,-1187.5137,594902.8750,34.291,605025.2500,1999.9000,
	2026/04/30 11:45:04	,	228230	,	580	,10.515460,1999.9000,-0.25428557,-1187.7296,594901.2500,34.293,605016.1875,1999.9000,
	2026/04/30 11:45:04	,	229230	,	581	,10.515470,1999.9000,-0.25162596,-1188.3075,594912.1875,34.293,604902.7500,1999.9000,
	2026/04/30 11:45:04	,	230230	,	582	,10.515478,1999.9000,-0.24923107,-1189.0874,594924.9375,34.294,604865.0000,1999.9000,
	2026/04/30 11:45:04	,	231230	,	583	,10.515480,1999.9000,-0.24821953,-1190.0358,594937.6250,34.295,604761.4375,1999.9000,
	2026/04/30 11:45:04	,	232230	,	584	,10.515482,1999.9000,-0.24370389,-1190.9255,595130.0625,34.295,604736.3750,1999.9000,
	2026/04/30 11:45:04	,	233230	,	585	,10.515478,1999.9000,-0.23760948,-1191.6670,595402.3125,34.294,604720.9375,1999.9000,
	2026/04/30 11:45:04	,	234230	,	586	,10.515470,1999.9000,-0.23518936,-1192.2848,595498.2500,34.294,604713.3125,1999.9000,
	2026/04/30 11:45:04	,	235230	,	587	,10.515464,1999.9000,-0.23518936,-1192.7998,595498.2500,34.293,604708.6250,1999.9000,
	2026/04/30 11:45:04	,	236230	,	588	,10.515453,1999.9000,-0.23518936,-1193.1295,595498.2500,34.293,604705.5625,1999.9000,
	2026/04/30 11:45:04	,	237230	,	589	,10.515445,1999.9000,-0.23518936,-1192.9067,595498.2500,34.293,604702.9375,1999.9000,
	2026/04/30 11:45:04	,	238230	,	590	,10.515437,1999.9000,-0.23518936,-1192.2239,595498.2500,34.292,604713.2500,1999.9000,
	2026/04/30 11:45:04	,	239230	,	591	,10.515431,1999.9000,-0.23820822,-1191.6548,595408.3125,34.294,604828.4375,1999.9000,
	2026/04/30 11:45:04	,	240230	,	592	,10.515427,1999.9000,-0.24076067,-1191.1805,595388.3125,34.295,604856.8125,1999.9000,
	2026/04/30 11:45:04	,	241230	,	593	,10.515423,1999.9000,-0.24291608,-1190.7853,595372.5000,34.296,604943.2500,1999.9000,
	2026/04/30 11:45:04	,	242230	,	594	,10.515419,1999.9000,-0.24648322,-1190.8539,595262.3125,34.292,604978.8750,1999.9000,
	2026/04/30 11:45:04	,	243230	,	595	,10.515419,1999.9000,-0.25325829,-1190.9109,595022.8125,34.289,605061.6250,1999.9000,
	2026/04/30 11:45:04	,	244230	,	596	,10.515417,1999.9000,-0.25830019,-1190.9585,594825.0000,34.285,605061.6250,1999.9000,
	2026/04/30 11:45:04	,	245230	,	597	,10.515414,1999.9000,-0.25830019,-1190.9585,594825.0000,34.284,605061.6250,1999.9000,
	2026/04/30 11:45:04	,	246230	,	598	,10.515413,1999.9000,-0.25830019,-1190.6998,594825.0000,34.282,605061.6250,1999.9000,
	2026/04/30 11:45:04	,	247230	,	599	,10.515410,1999.9000,-0.25830019,-1190.7827,594825.0000,34.279,605061.6250,1999.9000,
	2026/04/30 11:45:04	,	248230	,	600	,10.515409,1999.9000,-0.25830019,-1190.8517,594825.0000,34.277,605049.6250,1999.9000,
	2026/04/30 11:45:04	,	249230	,	601	,10.515407,1999.9000,-0.25555864,-1190.9092,594921.5000,34.276,604900.9375,1999.9000,
	2026/04/30 11:45:04	,	250230	,	602	,10.515407,1999.9000,-0.25339064,-1190.9572,594946.8125,34.277,604870.7500,1999.9000,
	2026/04/30 11:45:04	,	251230	,	603	,10.515407,1999.9000,-0.25236651,-1190.9969,594959.1875,34.278,604783.8125,1999.9000,
	2026/04/30 11:45:04	,	252230	,	604	,10.515407,1999.9000,-0.24813445,-1190.7318,595046.6250,34.277,604756.5625,1999.9000,
	2026/04/30 11:45:04	,	253230	,	605	,10.515407,1999.9000,-0.24150434,-1190.6104,595300.4375,34.278,604738.4375,1999.9000,
	2026/04/30 11:45:04	,	254230	,	606	,10.515410,1999.9000,-0.23581961,-1190.9070,595542.3750,34.279,604729.4375,1999.9000,
	2026/04/30 11:45:04	,	255230	,	607	,10.515414,1999.9000,-0.23530281,-1191.1542,595542.3750,34.279,604724.0000,1999.9000,
	2026/04/30 11:45:04	,	256230	,	608	,10.515417,1999.9000,-0.23513055,-1191.3602,595542.3750,34.286,604720.3750,1999.9000,
	2026/04/30 11:45:04	,	257230	,	609	,10.515429,1999.9000,-0.23504442,-1191.5319,595542.3750,34.291,604717.3750,1999.9000,
	2026/04/30 11:45:04	,	258230	,	610	,10.515439,1999.9000,-0.23499273,-1191.6749,595542.3750,34.290,604727.6250,1999.9000,
	2026/04/30 11:45:04	,	259230	,	611	,10.515448,1999.9000,-0.23495828,-1191.5951,595427.9375,34.282,604846.5625,1999.9000,
	2026/04/30 11:45:04	,	260230	,	612	,10.515454,1999.9000,-0.23526567,-1191.6724,595398.1875,34.277,604872.8750,1999.9000,
	2026/04/30 11:45:04	,	261230	,	613	,10.515466,1999.9000,-0.23864307,-1191.6724,595381.8750,34.277,604955.3125,1999.9000,
	2026/04/30 11:45:04	,	262230	,	614	,10.515475,1999.9000,-0.24101277,-1191.7920,595363.0625,34.270,604984.9375,1999.9000,
	2026/04/30 11:45:04	,	263230	,	615	,10.515477,1999.9000,-0.24698742,-1191.6927,595114.5625,34.264,605087.0000,1999.9000,
	2026/04/30 11:45:04	,	264230	,	616	,10.515479,1999.9000,-0.25301248,-1191.6101,594839.2500,34.263,605087.0000,1999.9000,
	2026/04/30 11:45:04	,	265230	,	617	,10.515481,1999.9000,-0.25405869,-1191.5411,594839.2500,34.254,605087.0000,1999.9000,
	2026/04/30 11:45:04	,	266230	,	618	,10.515483,1999.9000,-0.25440744,-1191.5833,594839.2500,34.246,605087.0000,1999.9000,
	2026/04/30 11:45:04	,	267230	,	619	,10.515470,1999.9000,-0.25458178,-1191.6183,594839.2500,34.248,605087.0000,1999.9000,
	2026/04/30 11:45:04	,	268230	,	620	,10.515453,1999.9000,-0.25468642,-1191.6475,594839.2500,34.249,605075.5625,1999.9000,
	2026/04/30 11:45:04	,	269230	,	621	,10.515426,1999.9000,-0.25475615,-1191.3733,594850.7500,34.250,604940.8125,1999.9000,
	2026/04/30 11:45:04	,	270230	,	622	,10.515396,1999.9000,-0.25450337,-1190.9460,594956.6250,34.251,604904.8750,1999.9000,
	2026/04/30 11:45:04	,	271230	,	623	,10.515377,1999.9000,-0.25183395,-1190.6893,594966.2500,34.251,604804.8750,1999.9000,
	2026/04/30 11:45:04	,	272230	,	624	,10.515376,1999.9000,-0.25108397,-1190.4755,594982.8750,34.252,604774.0625,1999.9000,
	2026/04/30 11:45:04	,	273230	,	625	,10.515376,1999.9000,-0.24546856,-1190.2972,595200.9375,34.257,604680.5000,1999.9000,
	2026/04/30 11:45:04	,	274230	,	626	,10.515376,1999.9000,-0.23958211,-1190.1486,595492.3125,34.267,604680.5000,1999.9000,
	2026/04/30 11:45:04	,	275230	,	627	,10.515376,1999.9000,-0.23958211,-1190.0248,595492.3125,34.277,604680.5000,1999.9000,
	2026/04/30 11:45:04	,	276230	,	628	,10.515380,1999.9000,-0.23958211,-1189.8223,595492.3125,34.283,604680.5000,1999.9000,
	2026/04/30 11:45:04	,	277230	,	629	,10.515399,1999.9000,-0.23958211,-1189.6534,595492.3125,34.287,604680.5000,1999.9000,
	2026/04/30 11:45:04	,	278230	,	630	,10.515419,1999.9000,-0.23958211,-1189.6122,595492.3125,34.291,604690.8750,1999.9000,
	2026/04/30 11:45:04	,	279230	,	631	,10.515436,1999.9000,-0.23964411,-1189.8762,595490.9375,34.294,604815.1250,1999.9000,
	2026/04/30 11:45:04	,	280230	,	632	,10.515445,1999.9000,-0.24260725,-1190.0963,595403.5625,34.297,604846.2500,1999.9000,
	2026/04/30 11:45:04	,	281230	,	633	,10.515437,1999.9000,-0.24355578,-1190.2797,595387.1250,34.299,604871.7500,1999.9000,
	2026/04/30 11:45:04	,	282230	,	634	,10.515431,1999.9000,-0.24616811,-1190.2336,595371.5000,34.295,604980.0625,1999.9000,
	2026/04/30 11:45:04	,	283230	,	635	,10.515427,1999.9000,-0.25073102,-1190.1952,595215.2500,34.291,605013.0000,1999.9000,
	2026/04/30 11:45:04	,	284230	,	636	,10.515423,1999.9000,-0.25702080,-1190.1632,594952.5000,34.286,605023.9375,1999.9000,
	2026/04/30 11:45:04	,	285230	,	637	,10.515419,1999.9000,-0.25712478,-1190.1365,594921.5000,34.281,605029.4375,1999.9000,
	2026/04/30 11:45:04	,	286230	,	638	,10.515417,1999.9000,-0.25715947,-1190.1143,594911.1250,34.277,605032.7500,1999.9000,
	2026/04/30 11:45:04	,	287230	,	639	,10.515410,1999.9000,-0.25717679,-1189.9962,594906.0000,34.275,605034.9375,1999.9000,
	2026/04/30 11:45:04	,	288230	,	640	,10.515404,1999.9000,-0.25718719,-1189.6989,594902.8750,34.273,605036.8125,1999.9000,
	2026/04/30 11:45:04	,	289230	,	641	,10.515399,1999.9000,-0.25719413,-1189.3516,594900.8125,34.273,605024.5625,1999.9000,
	2026/04/30 11:45:04	,	290230	,	642	,10.515399,1999.9000,-0.25396416,-1189.0623,594910.6250,34.273,604884.6250,1999.9000,
	2026/04/30 11:45:04	,	291230	,	643	,10.515395,1999.9000,-0.25115329,-1188.8212,594922.8125,34.281,604852.9375,1999.9000,
	2026/04/30 11:45:04	,	292230	,	644	,10.515376,1999.9000,-0.24875838,-1188.6202,594935.4375,34.287,604756.5625,1999.9000,
	2026/04/30 11:45:04	,	293230	,	645	,10.515356,1999.9000,-0.24410725,-1188.4528,595126.4375,34.294,604730.9375,1999.9000,
	2026/04/30 11:45:04	,	294230	,	646	,10.515334,1999.9000,-0.23697925,-1188.3132,595405.9375,34.300,604721.9375,1999.9000,
	2026/04/30 11:45:04	,	295230	,	647	,10.515315,1999.9000,-0.23189951,-1188.2964,595506.6250,34.304,604717.5000,1999.9000,
	2026/04/30 11:45:04	,	296230	,	648	,10.515300,1999.9000,-0.23189951,-1188.9786,595506.6250,34.308,604714.7500,1999.9000,
	2026/04/30 11:45:04	,	297230	,	649	,10.515282,1999.9000,-0.23189951,-1189.5472,595506.6250,34.312,604713.0000,1999.9000,
	2026/04/30 11:45:04	,	298230	,	650	,10.515262,1999.9000,-0.23189951,-1190.0211,595506.6250,34.311,604711.5000,1999.9000,
	2026/04/30 11:45:04	,	299230	,	651	,10.515246,1999.9000,-0.23189951,-1190.4160,595506.6250,34.308,604721.7500,1999.9000,
	2026/04/30 11:45:04	,	300230	,	652	,10.515231,1999.9000,-0.23413056,-1190.7450,595413.0625,34.304,604832.1250,1999.9000,
	2026/04/30 11:45:04	,	301230	,	653	,10.515235,1999.9000,-0.23638682,-1190.8202,595391.8750,34.297,604862.0000,1999.9000,
	2026/04/30 11:45:04	,	302230	,	654	,10.515227,1999.9000,-0.23730066,-1190.5846,595377.2500,34.290,604961.3750,1999.9000,
	2026/04/30 11:45:04	,	303230	,	655	,10.515222,1999.9000,-0.24163039,-1190.2887,595272.4375,34.284,604996.6875,1999.9000,
	2026/04/30 11:45:04	,	304230	,	656	,10.515216,1999.9000,-0.24803993,-1190.0420,595046.0000,34.284,605017.6875,1999.9000,
	2026/04/30 11:45:04	,	305230	,	657	,10.515252,1999.9000,-0.25305662,-1189.8365,594830.3750,34.285,605028.2500,1999.9000,
	2026/04/30 11:45:04	,	306230	,	658	,10.515283,1999.9000,-0.25305662,-1189.6654,594830.3750,34.286,605034.5625,1999.9000,
	2026/04/30 11:45:04	,	307230	,	659	,10.515307,1999.9000,-0.25305662,-1189.5227,594830.3750,34.287,605038.7500,1999.9000,
	2026/04/30 11:45:04	,	308230	,	660	,10.515327,1999.9000,-0.25305662,-1189.4038,594830.3750,34.288,605042.2500,1999.9000,
	2026/04/30 11:45:04	,	309230	,	661	,10.515330,1999.9000,-0.25305662,-1189.3047,594830.3750,34.288,605033.5000,1999.9000,
	2026/04/30 11:45:04	,	310230	,	662	,10.515332,1999.9000,-0.25293267,-1189.3217,594941.1250,34.290,604914.8750,1999.9000,
	2026/04/30 11:45:04	,	311230	,	663	,10.515349,1999.9000,-0.25030246,-1189.3357,594970.3750,34.292,604883.7500,1999.9000,
	2026/04/30 11:45:04	,	312230	,	664	,10.515378,1999.9000,-0.24936657,-1189.4470,594987.8750,34.293,604789.1875,1999.9000,
	2026/04/30 11:45:04	,	313230	,	665	,10.515402,1999.9000,-0.24538030,-1189.5396,595084.7500,34.293,604759.3125,1999.9000,
	2026/04/30 11:45:04	,	314230	,	666	,10.515421,1999.9000,-0.23887624,-1189.8158,595323.0625,34.293,604737.1250,1999.9000,
	2026/04/30 11:45:04	,	315230	,	667	,10.515437,1999.9000,-0.23452131,-1190.0460,595559.0000,34.293,604725.9375,1999.9000,
	2026/04/30 11:45:04	,	316230	,	668	,10.515451,1999.9000,-0.23452131,-1190.2377,595559.0000,34.294,604719.3125,1999.9000,
	2026/04/30 11:45:04	,	317230	,	669	,10.515468,1999.9000,-0.23452131,-1190.3975,595559.0000,34.297,604714.8125,1999.9000,
	2026/04/30 11:45:04	,	318230	,	670	,10.515482,1999.9000,-0.23452131,-1190.3318,595559.0000,34.299,604711.1250,1999.9000,
	2026/04/30 11:45:04	,	319230	,	671	,10.515503,1999.9000,-0.23452131,-1190.2770,595559.0000,34.301,604717.1250,1999.9000,
	2026/04/30 11:45:04	,	320230	,	672	,10.515512,1999.9000,-0.23790570,-1190.1318,595427.9375,34.304,604818.8125,1999.9000,
	2026/04/30 11:45:04	,	321230	,	673	,10.515512,1999.9000,-0.24069764,-1189.8119,595396.9375,34.306,604850.8125,1999.9000,
	2026/04/30 11:45:04	,	322230	,	674	,10.515513,1999.9000,-0.24293497,-1189.5453,595382.8750,34.310,604946.8125,1999.9000,
	2026/04/30 11:45:04	,	323230	,	675	,10.515514,1999.9000,-0.24565132,-1189.3232,595366.8750,34.313,604977.3750,1999.9000,
	2026/04/30 11:45:04	,	324230	,	676	,10.515515,1999.9000,-0.25184655,-1189.1381,595133.0625,34.315,605059.1875,1999.9000,
	2026/04/30 11:45:04	,	325230	,	677	,10.515512,1999.9000,-0.25780231,-1188.9838,594855.3750,34.316,605059.1875,1999.9000,
	2026/04/30 11:45:04	,	326230	,	678	,10.515508,1999.9000,-0.25782752,-1189.1537,594855.3750,34.317,605059.1875,1999.9000,
	2026/04/30 11:45:04	,	327230	,	679	,10.515510,1999.9000,-0.25783592,-1189.2953,594855.3750,34.317,605059.1875,1999.9000,
	2026/04/30 11:45:04	,	328230	,	680	,10.515512,1999.9000,-0.25784013,-1189.6122,594855.3750,34.317,605059.1875,1999.9000,
	2026/04/30 11:45:04	,	329230	,	681	,10.515512,1999.9000,-0.25784013,-1189.9758,594855.3750,34.319,605049.0625,1999.9000,
	2026/04/30 11:45:04	,	330230	,	682	,10.515513,1999.9000,-0.25784263,-1190.2787,594862.0000,34.321,604925.1250,1999.9000,
	2026/04/30 11:45:04	,	331230	,	683	,10.515514,1999.9000,-0.25784433,-1190.4318,594962.0000,34.322,604889.8125,1999.9000,
	2026/04/30 11:45:04	,	332230	,	684	,10.515515,1999.9000,-0.25549564,-1190.3602,594972.4375,34.323,604794.6250,1999.9000,
	2026/04/30 11:45:04	,	333230	,	685	,10.515517,1999.9000,-0.25456920,-1190.4995,594981.5000,34.325,604762.8750,1999.9000,
	2026/04/30 11:45:04	,	334230	,	686	,10.515517,1999.9000,-0.25126675,-1190.2179,595171.7500,34.327,604674.4375,1999.9000,
	2026/04/30 11:45:04	,	335230	,	687	,10.515505,1999.9000,-0.24514084,-1189.7841,595462.5000,34.329,604674.4375,1999.9000,
	2026/04/30 11:45:04	,	336230	,	688	,10.515492,1999.9000,-0.23877540,-1189.6216,595467.8750,34.330,604674.4375,1999.9000,
	2026/04/30 11:45:04	,	337230	,	689	,10.515482,1999.9000,-0.23877540,-1189.4862,595469.6250,34.330,604674.4375,1999.9000,
	2026/04/30 11:45:04	,	338230	,	690	,10.515459,1999.9000,-0.23877540,-1189.3734,595470.5625,34.320,604674.4375,1999.9000,
	2026/04/30 11:45:04	,	339230	,	691	,10.515424,1999.9000,-0.23877540,-1189.2794,595471.0625,34.313,604682.7500,1999.9000,
	2026/04/30 11:45:04	,	340230	,	692	,10.515395,1999.9000,-0.23877540,-1189.2010,595471.4375,34.306,604682.7500,1999.9000,
	2026/04/30 11:45:04	,	341230	,	693	,10.515372,1999.9000,-0.23894243,-1189.3347,595458.2500,34.300,604782.5625,1999.9000,
	2026/04/30 11:45:04	,	342230	,	694	,10.515368,1999.9000,-0.24278373,-1189.3467,595358.2500,34.296,604816.3750,1999.9000,
	2026/04/30 11:45:04	,	343230	,	695	,10.515378,1999.9000,-0.24508409,-1189.4561,595346.9375,34.292,604914.8750,1999.9000,
	2026/04/30 11:45:04	,	344230	,	696	,10.515402,1999.9000,-0.24603260,-1189.5472,595212.3125,34.293,604947.7500,1999.9000,
	2026/04/30 11:45:04	,	345230	,	697	,10.515421,1999.9000,-0.25197262,-1189.6232,594945.3750,34.296,605059.7500,1999.9000,
	2026/04/30 11:45:04	,	346230	,	698	,10.515471,1999.9000,-0.25802919,-1189.7860,594908.7500,34.300,605059.7500,1999.9000,
	2026/04/30 11:45:04	,	347230	,	699	,10.515514,1999.9000,-0.25802919,-1190.1206,594896.5000,34.306,605059.7500,1999.9000,
	2026/04/30 11:45:04	,	348230	,	700	,10.515551,1999.9000,-0.25802919,-1190.3993,594890.3750,34.311,605059.7500,1999.9000,
	2026/04/30 11:45:04	,	349230	,	701	,10.515579,1999.9000,-0.25802919,-1190.2338,594886.7500,34.319,605059.7500,1999.9000,
	2026/04/30 11:45:04	,	350230	,	702	,10.515604,1999.9000,-0.25802919,-1189.7975,594884.3125,34.325,605051.9375,1999.9000,
	2026/04/30 11:45:04	,	351230	,	703	,10.515594,1999.9000,-0.25790629,-1189.4338,594895.9375,34.330,604939.0000,1999.9000,
	2026/04/30 11:45:04	,	352230	,	704	,10.515577,1999.9000,-0.25440532,-1189.1307,594983.5000,34.334,604908.1875,1999.9000,
	2026/04/30 11:45:04	,	353230	,	705	,10.515558,1999.9000,-0.25215536,-1188.8783,594983.5000,34.335,604810.3125,1999.9000,
	2026/04/30 11:45:04	,	354230	,	706	,10.515502,1999.9000,-0.25119427,-1188.6678,595099.0625,34.329,604783.1875,1999.9000,
	2026/04/30 11:45:04	,	355230	,	707	,10.515456,1999.9000,-0.24572694,-1188.4926,595383.8750,34.321,604742.7500,1999.9000,
	2026/04/30 11:45:04	,	356230	,	708	,10.515417,1999.9000,-0.23920397,-1188.3464,595512.5625,34.321,604742.7500,1999.9000,
	2026/04/30 11:45:04	,	357230	,	709	,10.515399,1999.9000,-0.23459062,-1188.5231,595512.5625,34.310,604734.6250,1999.9000,
	2026/04/30 11:45:04	,	358230	,	710	,10.515386,1999.9000,-0.23459062,-1188.6703,595512.5625,34.299,604729.2500,1999.9000,
	2026/04/30 11:45:04	,	359230	,	711	,10.515358,1999.9000,-0.23459062,-1188.7928,595512.5625,34.290,604724.7500,1999.9000,
	2026/04/30 11:45:04	,	360230	,	712	,10.515335,1999.9000,-0.23459062,-1188.9945,595512.5625,34.283,604724.4375,1999.9000,
	2026/04/30 11:45:04	,	361230	,	713	,10.515331,1999.9000,-0.23459062,-1189.3615,595417.8125,34.277,604737.2500,1999.9000,
	2026/04/30 11:45:04	,	362230	,	714	,10.515353,1999.9000,-0.23481856,-1189.6674,595394.2500,34.271,604852.0000,1999.9000,
	2026/04/30 11:45:04	,	363230	,	715	,10.515370,1999.9000,-0.23735109,-1189.6238,595377.6875,34.269,604880.6875,1999.9000,
	2026/04/30 11:45:04	,	364230	,	716	,10.515386,1999.9000,-0.23783951,-1189.5875,595270.0625,34.271,604975.8125,1999.9000,
	2026/04/30 11:45:04	,	365230	,	717	,10.515388,1999.9000,-0.24139720,-1189.5573,595040.0625,34.273,605006.0625,1999.9000,
	2026/04/30 11:45:04	,	366230	,	718	,10.515390,1999.9000,-0.24749790,-1189.6315,594817.2500,34.274,605017.9375,1999.9000,
	2026/04/30 11:45:04	,	367230	,	719	,10.515392,1999.9000,-0.25238225,-1189.6934,594817.2500,34.276,605023.8750,1999.9000,
	2026/04/30 11:45:04	,	368230	,	720	,10.515395,1999.9000,-0.25238225,-1190.0433,594817.2500,34.277,605027.5000,1999.9000,
	2026/04/30 11:45:04	,	369230	,	721	,10.515396,1999.9000,-0.25238225,-1190.3351,594817.2500,34.278,605029.8125,1999.9000,
	2026/04/30 11:45:04	,	370230	,	722	,10.515396,1999.9000,-0.25238225,-1190.2797,594817.2500,34.278,605031.8125,1999.9000,
	2026/04/30 11:45:04	,	371230	,	723	,10.515396,1999.9000,-0.25238225,-1190.2336,594912.6250,34.279,605022.3125,1999.9000,
	2026/04/30 11:45:04	,	372230	,	724	,10.515396,1999.9000,-0.24920586,-1190.1952,594934.6250,34.280,604906.3750,1999.9000,
	2026/04/30 11:45:04	,	373230	,	725	,10.515396,1999.9000,-0.24671011,-1190.1632,594949.6875,34.280,604870.1250,1999.9000,
	2026/04/30 11:45:04	,	374230	,	726	,10.515383,1999.9000,-0.24591601,-1190.1365,595035.3125,34.280,604783.8125,1999.9000,
	2026/04/30 11:45:04	,	375230	,	727	,10.515371,1999.9000,-0.24234886,-1190.2136,595281.9375,34.282,604752.0625,1999.9000,
	2026/04/30 11:45:04	,	376230	,	728	,10.515362,1999.9000,-0.23651917,-1190.2781,595556.0625,34.284,604736.5000,1999.9000,
	2026/04/30 11:45:04	,	377230	,	729	,10.515353,1999.9000,-0.23565888,-1190.1326,595556.0625,34.287,604728.6875,1999.9000,
	2026/04/30 11:45:04	,	378230	,	730	,10.515337,1999.9000,-0.23537213,-1189.9120,595556.0625,34.289,604724.0000,1999.9000,
	2026/04/30 11:45:04	,	379230	,	731	,10.515323,1999.9000,-0.23522875,-1189.8278,595556.0625,34.291,604720.8750,1999.9000,
	2026/04/30 11:45:04	,	380230	,	732	,10.515311,1999.9000,-0.23514274,-1189.7574,595556.0625,34.296,604718.3125,1999.9000,
	2026/04/30 11:45:04	,	381230	,	733	,10.515301,1999.9000,-0.23508538,-1189.6989,595436.8750,34.299,604727.1875,1999.9000,
	2026/04/30 11:45:04	,	382230	,	734	,10.515307,1999.9000,-0.23847921,-1189.6500,595403.1875,34.303,604832.6875,1999.9000,
	2026/04/30 11:45:04	,	383230	,	735	,10.515329,1999.9000,-0.24149804,-1189.6093,595384.8125,34.305,604858.0625,1999.9000,
	2026/04/30 11:45:04	,	384230	,	736	,10.515356,1999.9000,-0.24374168,-1189.4760,595368.5625,34.309,604883.8750,1999.9000,
	2026/04/30 11:45:04	,	385230	,	737	,10.515378,1999.9000,-0.24661557,-1189.4642,595147.3125,34.312,605001.1875,1999.9000,
	2026/04/30 11:45:04	,	386230	,	738	,10.515396,1999.9000,-0.25305030,-1189.4546,594877.3750,34.315,605027.5000,1999.9000,
	2026/04/30 11:45:04	,	387230	,	739	,10.515411,1999.9000,-0.25869724,-1189.4465,594877.3750,34.317,605036.2500,1999.9000,
	2026/04/30 11:45:04	,	388230	,	740	,10.515426,1999.9000,-0.25869724,-1189.4398,594877.3750,34.326,605043.3125,1999.9000,
	2026/04/30 11:45:04	,	389230	,	741	,10.515436,1999.9000,-0.25869724,-1189.4342,594877.3750,34.326,605043.3125,1999.9000,
	2026/04/30 11:45:04	,	390230	,	742	,10.515445,1999.9000,-0.25869724,-1189.4296,594877.3750,34.331,605045.0625,1999.9000,
	2026/04/30 11:45:04	,	391230	,	743	,10.515445,1999.9000,-0.25869724,-1189.4257,594880.3750,34.335,605035.3125,1999.9000,
	2026/04/30 11:45:04	,	392230	,	744	,10.515439,1999.9000,-0.25862056,-1189.4224,594965.0000,34.336,604919.6875,1999.9000,
	2026/04/30 11:45:04	,	393230	,	745	,10.515418,1999.9000,-0.25565320,-1189.4197,594977.1875,34.331,604887.9375,1999.9000,
	2026/04/30 11:45:04	,	394230	,	746	,10.515401,1999.9000,-0.25353560,-1189.4174,594977.1875,34.326,604789.8125,1999.9000,
	2026/04/30 11:45:04	,	395230	,	747	,10.515387,1999.9000,-0.25100201,-1189.9128,594992.1875,34.319,604757.8125,1999.9000,
	2026/04/30 11:45:04	,	396230	,	748	,10.515374,1999.9000,-0.24506520,-1190.5248,595198.5625,34.313,604731.4375,1999.9000,
	2026/04/30 11:45:04	,	397230	,	749	,10.515365,1999.9000,-0.23977749,-1191.1342,595479.8125,34.308,604718.2500,1999.9000,
	2026/04/30 11:45:04	,	398230	,	750	,10.515376,1999.9000,-0.23977749,-1191.6420,595481.3125,34.303,604710.3125,1999.9000,
	2026/04/30 11:45:04	,	399230	,	751	,10.515387,1999.9000,-0.23977749,-1192.0651,595481.7500,34.300,604705.0000,1999.9000,
	2026/04/30 11:45:04	,	400230	,	752	,10.515395,1999.9000,-0.23977749,-1192.4177,595482.0000,34.297,604700.6250,1999.9000,
	2026/04/30 11:45:04	,	401230	,	753	,10.515406,1999.9000,-0.23977749,-1192.7115,595482.1250,34.294,604708.1875,1999.9000,
	2026/04/30 11:45:04	,	402230	,	754	,10.515414,1999.9000,-0.23982687,-1192.7576,595482.1875,34.292,604815.1250,1999.9000,
	2026/04/30 11:45:04	,	403230	,	755	,10.515417,1999.9000,-0.24221653,-1192.6963,595468.9375,34.292,604839.5625,1999.9000,
	2026/04/30 11:45:04	,	404230	,	756	,10.515405,1999.9000,-0.24302952,-1192.7448,595379.0625,34.295,604866.3125,1999.9000,
	2026/04/30 11:45:04	,	405230	,	757	,10.515395,1999.9000,-0.24564502,-1192.4867,595373.7500,34.299,604980.6875,1999.9000,
	2026/04/30 11:45:04	,	406230	,	758	,10.515387,1999.9000,-0.25076255,-1191.9733,595256.3125,34.301,605018.6875,1999.9000,
	2026/04/30 11:45:04	,	407230	,	759	,10.515374,1999.9000,-0.25659224,-1191.5455,594982.8750,34.302,605031.3750,1999.9000,
	2026/04/30 11:45:04	,	408230	,	760	,10.515368,1999.9000,-0.25659224,-1191.1890,594870.8750,34.307,605037.7500,1999.9000,
	2026/04/30 11:45:04	,	409230	,	761	,10.515365,1999.9000,-0.25659224,-1191.1902,594870.8750,34.310,605041.5625,1999.9000,
	2026/04/30 11:45:04	,	410230	,	762	,10.515356,1999.9000,-0.25659224,-1191.3903,594870.8750,34.313,605044.1250,1999.9000,
	2026/04/30 11:45:04	,	411230	,	763	,10.515338,1999.9000,-0.25659224,-1191.6565,594870.8750,34.316,605038.4375,1999.9000,
	2026/04/30 11:45:04	,	412230	,	764	,10.515340,1999.9000,-0.25630656,-1191.8783,594870.8750,34.318,604927.5625,1999.9000,
	2026/04/30 11:45:04	,	413230	,	765	,10.515346,1999.9000,-0.25137389,-1192.0631,594953.1250,34.320,604893.3750,1999.9000,
	2026/04/30 11:45:04	,	414230	,	766	,10.515350,1999.9000,-0.24859454,-1192.2170,594962.6250,34.319,604792.1875,1999.9000,
	2026/04/30 11:45:04	,	415230	,	767	,10.515334,1999.9000,-0.24625005,-1192.3453,594970.8125,34.319,604763.2500,1999.9000,
	2026/04/30 11:45:04	,	416230	,	768	,10.515337,1999.9000,-0.24115773,-1192.4523,595094.3125,34.319,604736.6875,1999.9000,
	2026/04/30 11:45:04	,	417230	,	769	,10.515338,1999.9000,-0.23494355,-1192.5415,595361.8125,34.319,604723.3750,1999.9000,
	2026/04/30 11:45:04	,	418230	,	770	,10.515347,1999.9000,-0.23470092,-1192.6157,595502.4375,34.319,604715.3750,1999.9000,
	2026/04/30 11:45:04	,	419230	,	771	,10.515356,1999.9000,-0.23462003,-1192.3792,595502.4375,34.319,604710.0625,1999.9000,
	2026/04/30 11:45:04	,	420230	,	772	,10.515368,1999.9000,-0.23457959,-1192.0826,595502.4375,34.319,604705.6875,1999.9000,
	2026/04/30 11:45:04	,	421230	,	773	,10.515378,1999.9000,-0.23455533,-1191.7360,595502.4375,34.319,604709.4375,1999.9000,
	2026/04/30 11:45:04	,	422230	,	774	,10.515383,1999.9000,-0.23453917,-1191.4471,595502.4375,34.319,604800.6875,1999.9000,
	2026/04/30 11:45:04	,	423230	,	775	,10.515387,1999.9000,-0.23809475,-1191.1069,595404.6875,34.319,604829.0625,1999.9000,
	2026/04/30 11:45:04	,	424230	,	776	,10.515395,1999.9000,-0.24146654,-1190.8234,595382.3750,34.324,604918.4375,1999.9000,
	2026/04/30 11:45:04	,	425230	,	777	,10.515401,1999.9000,-0.24472485,-1190.3882,595369.8125,34.327,604949.2500,1999.9000,
	2026/04/30 11:45:04	,	426230	,	778	,10.515401,1999.9000,-0.25034028,-1190.0255,595283.8125,34.326,605048.9375,1999.9000,
	2026/04/30 11:45:04	,	427230	,	779	,10.515391,1999.9000,-0.25804812,-1189.7234,595071.0625,34.326,605048.9375,1999.9000,
	2026/04/30 11:45:04	,	428230	,	780	,10.515384,1999.9000,-0.26141354,-1189.4716,594832.7500,34.327,605048.9375,1999.9000,
	2026/04/30 11:45:04	,	429230	,	781	,10.515377,1999.9000,-0.26141354,-1189.4606,594832.7500,34.330,605048.9375,1999.9000,
	2026/04/30 11:45:04	,	430230	,	782	,10.515371,1999.9000,-0.26141354,-1189.2526,594832.7500,34.334,605048.9375,1999.9000,
	2026/04/30 11:45:04	,	431230	,	783	,10.515368,1999.9000,-0.26141354,-1189.2526,594832.7500,34.338,605044.9375,1999.9000,
	2026/04/30 11:45:04	,	432230	,	784	,10.515368,1999.9000,-0.26141354,-1189.1335,594832.7500,34.341,604945.6250,1999.9000,
	2026/04/30 11:45:04	,	433230	,	785	,10.515368,1999.9000,-0.25783381,-1189.1788,594938.2500,34.340,604917.2500,1999.9000,
	2026/04/30 11:45:04	,	434230	,	786	,10.515368,1999.9000,-0.25461960,-1189.4156,594961.4375,34.341,604819.4375,1999.9000,
	2026/04/30 11:45:04	,	435230	,	787	,10.515370,1999.9000,-0.25202933,-1189.6130,594969.8125,34.344,604786.1875,1999.9000,
	2026/04/30 11:45:04	,	436230	,	788	,10.515371,1999.9000,-0.24775000,-1189.7775,594983.9375,34.346,604702.8125,1999.9000,
	2026/04/30 11:45:04	,	437230	,	789	,10.515372,1999.9000,-0.24079217,-1189.7156,595252.1875,34.347,604702.8125,1999.9000,
	2026/04/30 11:45:04	,	438230	,	790	,10.515372,1999.9000,-0.23570617,-1189.6639,595536.3750,34.349,604702.8125,1999.9000,
	2026/04/30 11:45:04	,	439230	,	791	,10.515387,1999.9000,-0.23570617,-1189.6210,595536.3750,34.348,604702.8125,1999.9000,
	2026/04/30 11:45:04	,	440230	,	792	,10.515399,1999.9000,-0.23570617,-1189.5852,595536.3750,34.348,604702.8125,1999.9000,
	2026/04/30 11:45:04	,	441230	,	793	,10.515409,1999.9000,-0.23570617,-1189.3563,595536.3750,34.346,604704.4375,1999.9000,
	2026/04/30 11:45:04	,	442230	,	794	,10.515417,1999.9000,-0.23570617,-1189.1658,595536.3750,34.343,604785.5625,1999.9000,
	2026/04/30 11:45:04	,	443230	,	795	,10.515424,1999.9000,-0.23846030,-1189.0068,595454.1875,34.339,604815.1875,1999.9000,
	2026/04/30 11:45:04	,	444230	,	796	,10.515429,1999.9000,-0.24067244,-1188.8745,595421.7500,34.333,604904.0000,1999.9000,
	2026/04/30 11:45:04	,	445230	,	797	,10.515435,1999.9000,-0.24140665,-1188.9630,595402.1250,34.327,604936.5625,1999.9000,
	2026/04/30 11:45:04	,	446230	,	798	,10.515439,1999.9000,-0.24486981,-1189.0369,595383.4375,34.323,605035.6250,1999.9000,
	2026/04/30 11:45:04	,	447230	,	799	,10.515433,1999.9000,-0.25102723,-1189.0984,595162.8125,34.324,605042.3125,1999.9000,
	2026/04/30 11:45:04	,	448230	,	800	,10.515427,1999.9000,-0.25615740,-1189.5476,594894.7500,34.326,605044.5000,1999.9000,
	2026/04/30 11:45:04	,	449230	,	801	,10.515408,1999.9000,-0.25615740,-1189.9219,594894.7500,34.326,605045.6250,1999.9000,
	2026/04/30 11:45:04	,	450230	,	802	,10.515388,1999.9000,-0.25615740,-1190.3331,594894.7500,34.325,605046.3125,1999.9000,
	2026/04/30 11:45:04	,	451230	,	803	,10.515365,1999.9000,-0.25615740,-1190.6760,594894.7500,34.324,605046.6875,1999.9000,
	2026/04/30 11:45:04	,	452230	,	804	,10.515346,1999.9000,-0.25615740,-1191.1606,594894.7500,34.323,604963.7500,1999.9000,
	2026/04/30 11:45:04	,	453230	,	805	,10.515330,1999.9000,-0.25597146,-1191.5646,594895.5000,34.323,604929.0000,1999.9000,
	2026/04/30 11:45:04	,	454230	,	806	,10.515317,1999.9000,-0.25234443,-1191.7021,594906.5000,34.320,604844.1875,1999.9000,
	2026/04/30 11:45:04	,	455230	,	807	,10.515306,1999.9000,-0.24987391,-1191.8169,594918.4375,34.319,604810.3125,1999.9000,
	2026/04/30 11:45:04	,	456230	,	808	,10.515297,1999.9000,-0.24669120,-1191.8130,595005.5000,34.316,604708.8750,1999.9000,
	2026/04/30 11:45:04	,	457230	,	809	,10.515289,1999.9000,-0.24019346,-1191.6107,595168.1875,34.313,604703.7500,1999.9000,
	2026/04/30 11:45:04	,	458230	,	810	,10.515284,1999.9000,-0.23459694,-1191.9396,595469.0625,34.311,604702.0000,1999.9000,
	2026/04/30 11:45:04	,	459230	,	811	,10.515279,1999.9000,-0.23459694,-1191.7163,595479.5000,34.311,604701.1875,1999.9000,
	2026/04/30 11:45:04	,	460230	,	812	,10.515289,1999.9000,-0.23459694,-1191.5302,595483.0000,34.309,604700.6875,1999.9000,
	2026/04/30 11:45:04	,	461230	,	813	,10.515299,1999.9000,-0.23459694,-1191.5302,595484.6875,34.305,604700.3750,1999.9000,
	2026/04/30 11:45:04	,	462230	,	814	,10.515306,1999.9000,-0.23459694,-1191.3751,595485.7500,34.301,604711.5000,1999.9000,
	2026/04/30 11:45:04	,	463230	,	815	,10.515312,1999.9000,-0.23493832,-1192.2323,595486.4375,34.298,604836.9375,1999.9000,
	2026/04/30 11:45:04	,	464230	,	816	,10.515327,1999.9000,-0.23896450,-1192.2323,595404.1250,34.295,604864.0625,1999.9000,
	2026/04/30 11:45:04	,	465230	,	817	,10.515340,1999.9000,-0.23990668,-1192.5570,595387.4375,34.299,604957.6875,1999.9000,
	2026/04/30 11:45:04	,	466230	,	818	,10.515349,1999.9000,-0.24342658,-1192.8276,595375.3125,34.302,604984.3125,1999.9000,
	2026/04/30 11:45:04	,	467230	,	819	,10.515358,1999.9000,-0.24967223,-1193.0531,595248.0625,34.305,605011.0625,1999.9000,
	2026/04/30 11:45:04	,	468230	,	820	,10.515380,1999.9000,-0.25588009,-1193.0421,594994.7500,34.307,605024.5000,1999.9000,
	2026/04/30 11:45:04	,	469230	,	821	,10.515399,1999.9000,-0.25588009,-1193.2319,594857.7500,34.309,605032.5625,1999.9000,
	2026/04/30 11:45:04	,	470230	,	822	,10.515414,1999.9000,-0.25588009,-1193.1910,594857.7500,34.311,605037.9375,1999.9000,
	2026/04/30 11:45:04	,	471230	,	823	,10.515426,1999.9000,-0.25588009,-1192.9581,594857.7500,34.315,605042.3750,1999.9000,
	2026/04/30 11:45:04	,	472230	,	824	,10.515436,1999.9000,-0.25588009,-1192.3660,594857.7500,34.319,605033.3125,1999.9000,
	2026/04/30 11:45:04	,	473230	,	825	,10.515445,1999.9000,-0.25356081,-1191.8727,594857.7500,34.319,604917.8750,1999.9000,
	2026/04/30 11:45:04	,	474230	,	826	,10.515452,1999.9000,-0.25109029,-1191.8484,594939.3750,34.322,604882.5000,1999.9000,
	2026/04/30 11:45:04	,	475230	,	827	,10.515444,1999.9000,-0.25011969,-1191.8484,594957.2500,34.326,604781.3125,1999.9000,
	2026/04/30 11:45:04	,	476230	,	828	,10.515432,1999.9000,-0.24711975,-1191.9387,594970.3750,34.328,604751.7500,1999.9000,
	2026/04/30 11:45:04	,	477230	,	829	,10.515423,1999.9000,-0.24190770,-1191.9144,595094.3125,34.326,604665.4375,1999.9000,
	2026/04/30 11:45:04	,	478230	,	830	,10.515414,1999.9000,-0.23612212,-1191.8943,595366.5625,34.325,604665.4375,1999.9000,
	2026/04/30 11:45:04	,	479230	,	831	,10.515408,1999.9000,-0.23594250,-1191.4796,595520.8750,34.324,604665.4375,1999.9000,
	2026/04/30 11:45:04	,	480230	,	832	,10.515403,1999.9000,-0.23588262,-1191.1340,595520.8750,34.323,604665.4375,1999.9000,
	2026/04/30 11:45:04	,	481230	,	833	,10.515398,1999.9000,-0.23585267,-1190.8459,595520.8750,34.323,604665.4375,1999.9000,
	2026/04/30 11:45:04	,	482230	,	834	,10.515399,1999.9000,-0.23583473,-1190.4071,595520.8750,34.325,604675.0625,1999.9000,
	2026/04/30 11:45:04	,	483230	,	835	,10.515399,1999.9000,-0.23582275,-1190.0411,595520.8750,34.327,604794.6250,1999.9000,
	2026/04/30 11:45:04	,	484230	,	836	,10.515405,1999.9000,-0.23609324,-1189.7363,595415.4375,34.327,604826.0625,1999.9000,
	2026/04/30 11:45:04	,	485230	,	837	,10.515414,1999.9000,-0.23890777,-1189.4823,595396.9375,34.327,604916.0000,1999.9000,
	2026/04/30 11:45:04	,	486230	,	838	,10.515421,1999.9000,-0.23980899,-1189.2706,595388.2500,34.329,604948.0625,1999.9000,
	2026/04/30 11:45:04	,	487230	,	839	,10.515427,1999.9000,-0.24567023,-1189.2932,595369.5625,34.333,605054.3750,1999.9000,
	2026/04/30 11:45:04	,	488230	,	840	,10.515427,1999.9000,-0.25256503,-1189.3121,595091.3125,34.337,605054.3750,1999.9000,
	2026/04/30 11:45:04	,	489230	,	841	,10.515427,1999.9000,-0.25574142,-1189.3278,594828.5625,34.340,605054.3750,1999.9000,
	2026/04/30 11:45:04	,	490230	,	842	,10.515427,1999.9000,-0.25574142,-1189.4403,594828.5625,34.338,605054.3750,1999.9000,
	2026/04/30 11:45:04	,	491230	,	843	,10.515418,1999.9000,-0.25574142,-1189.8325,594828.5625,34.341,605054.3750,1999.9000,
	2026/04/30 11:45:04	,	492230	,	844	,10.515410,1999.9000,-0.25574142,-1190.1594,594828.5625,34.347,605044.4375,1999.9000,
	2026/04/30 11:45:04	,	493230	,	845	,10.515405,1999.9000,-0.25574142,-1190.4318,594828.5625,34.343,604927.5625,1999.9000,
	2026/04/30 11:45:04	,	494230	,	846	,10.515399,1999.9000,-0.25322679,-1190.8577,594938.2500,34.341,604927.5625,1999.9000,
	2026/04/30 11:45:04	,	495230	,	847	,10.515405,1999.9000,-0.25100833,-1191.1132,594958.5000,34.339,604894.0000,1999.9000,
	2026/04/30 11:45:04	,	496230	,	848	,10.515409,1999.9000,-0.24886553,-1191.2266,594966.2500,34.335,604782.5625,1999.9000,
	2026/04/30 11:45:04	,	497230	,	849	,10.515417,1999.9000,-0.24427739,-1191.4205,594981.1250,34.333,604756.5625,1999.9000,
	2026/04/30 11:45:04	,	498230	,	850	,10.515429,1999.9000,-0.23747082,-1191.5822,595254.5625,34.330,604733.6250,1999.9000,
	2026/04/30 11:45:04	,	499230	,	851	,10.515450,1999.9000,-0.23437637,-1191.7169,595535.7500,34.324,604722.1250,1999.9000,
	2026/04/30 11:45:04	,	500230	,	852	,10.515471,1999.9000,-0.23437637,-1191.6302,595535.7500,34.318,604715.2500,1999.9000,
	2026/04/30 11:45:04	,	501230	,	853	,10.515485,1999.9000,-0.23437637,-1191.5579,595535.7500,34.314,604710.6250,1999.9000,
	2026/04/30 11:45:04	,	502230	,	854	,10.515496,1999.9000,-0.23437637,-1191.4977,595535.7500,34.310,604706.8125,1999.9000,
	2026/04/30 11:45:04	,	503230	,	855	,10.515495,1999.9000,-0.23437637,-1191.3480,595535.7500,34.312,604721.5000,1999.9000,
	2026/04/30 11:45:04	,	504230	,	856	,10.515475,1999.9000,-0.23711789,-1191.2233,595448.8125,34.308,604721.5000,1999.9000,
	2026/04/30 11:45:04	,	505230	,	857	,10.515457,1999.9000,-0.23931111,-1191.1194,595417.0000,34.307,604838.6875,1999.9000,
	2026/04/30 11:45:04	,	506230	,	858	,10.515438,1999.9000,-0.24017139,-1190.8337,595399.0000,34.307,604871.0000,1999.9000,
	2026/04/30 11:45:04	,	507230	,	859	,10.515422,1999.9000,-0.24428999,-1190.4963,595383.6250,34.308,604964.3125,1999.9000,
	2026/04/30 11:45:04	,	508230	,	860	,10.515365,1999.9000,-0.25060499,-1189.8173,595175.3125,34.308,604996.3750,1999.9000,
	2026/04/30 11:45:04	,	509230	,	861	,10.515306,1999.9000,-0.25564057,-1189.6492,594906.0000,34.307,605007.0625,1999.9000,
	2026/04/30 11:45:04	,	510230	,	862	,10.515246,1999.9000,-0.25564057,-1189.5092,594901.8125,34.306,605012.3750,1999.9000,
	2026/04/30 11:45:04	,	511230	,	863	,10.515174,1999.9000,-0.25564057,-1189.3926,594900.3750,34.305,605015.6250,1999.9000,
	2026/04/30 11:45:04	,	512230	,	864	,10.515053,1999.9000,-0.25564057,-1189.2954,594899.7500,34.303,605017.6875,1999.9000,
	2026/04/30 11:45:04	,	513230	,	865	,10.514893,1999.9000,-0.25564057,-1189.1149,594899.3125,34.302,605017.9375,1999.9000,
	2026/04/30 11:45:04	,	514230	,	866	,10.514690,1999.9000,-0.25564057,-1188.9645,594899.0625,34.302,605006.6875,1999.9000,
	2026/04/30 11:45:04	,	515230	,	867	,10.514462,1999.9000,-0.25240746,-1189.0380,594909.8750,34.302,604887.6250,1999.9000,
	2026/04/30 11:45:04	,	516230	,	868	,10.514196,1999.9000,-0.24969745,-1189.0994,594992.3750,34.302,604856.3125,1999.9000,
	2026/04/30 11:45:04	,	517230	,	869	,10.513806,1999.9000,-0.24880880,-1189.1505,594999.5625,34.301,604759.0000,1999.9000,
	2026/04/30 11:45:04	,	518230	,	870	,10.513322,1999.9000,-0.23939306,-1189.1931,595153.8750,34.300,604733.9375,1999.9000,
	2026/04/30 11:45:04	,	519230	,	871	,10.512760,1999.9000,-0.23939306,-1189.2285,595444.0625,34.298,604725.6250,1999.9000,
	2026/04/30 11:45:04	,	520230	,	872	,10.512158,1999.9000,-0.23840989,-1189.1586,595460.1875,34.297,604721.4375,1999.9000,
	2026/04/30 11:45:04	,	521230	,	873	,10.507597,1999.9000,-0.23808217,-1189.1003,595465.5625,34.299,604719.0000,1999.9000,
	2026/04/30 11:45:04	,	522230	,	874	,10.506957,1999.9000,-0.23791829,-1189.1512,595468.2500,34.303,604717.3125,1999.9000,
	2026/04/30 11:45:04	,	523230	,	875	,10.506366,1999.9000,-0.23781998,-1189.2932,595469.8125,34.304,604716.8125,1999.9000,
	2026/04/30 11:45:04	,	524230	,	876	,10.505683,1999.9000,-0.23775443,-1189.4115,595470.9375,34.305,604728.1875,1999.9000,
	2026/04/30 11:45:04	,	525230	,	877	,10.501312,1999.9000,-0.24171863,-1189.5101,595383.2500,34.307,604856.2500,1999.9000,
	2026/04/30 11:45:04	,	526230	,	878	,10.500628,1999.9000,-0.24536140,-1189.7913,595371.3125,34.312,604884.9375,1999.9000,
	2026/04/30 11:45:04	,	527230	,	879	,10.499872,1999.9000,-0.24829201,-1190.0254,595363.7500,34.316,604971.6250,1999.9000,
	2026/04/30 11:45:04	,	528230	,	880	,10.498966,1999.9000,-0.25141168,-1190.2206,595248.5625,34.321,604998.1875,1999.9000,
	2026/04/30 11:45:04	,	529230	,	881	,10.494371,1999.9000,-0.25769517,-1190.3833,595000.7500,34.324,605019.5000,1999.9000,
	2026/04/30 11:45:04	,	530230	,	882	,10.493477,1999.9000,-0.26346183,-1190.6183,594843.5000,34.326,605030.1875,1999.9000,
	2026/04/30 11:45:04	,	531230	,	883	,10.492534,1999.9000,-0.26346183,-1190.8142,594843.5000,34.328,605036.6250,1999.9000,
	2026/04/30 11:45:04	,	532230	,	884	,10.491556,1999.9000,-0.26346183,-1190.9774,594843.5000,34.330,605040.8750,1999.9000,
	2026/04/30 11:45:04	,	533230	,	885	,10.486478,1999.9000,-0.26346183,-1191.0139,594843.5000,34.328,605044.5000,1999.9000,
	2026/04/30 11:45:04	,	534230	,	886	,10.485450,1999.9000,-0.26346183,-1191.0443,594843.5000,34.323,605034.6875,1999.9000,
	2026/04/30 11:45:04	,	535230	,	887	,10.484452,1999.9000,-0.26056275,-1190.6718,594938.2500,34.319,604915.4375,1999.9000,
	2026/04/30 11:45:04	,	536230	,	888	,10.483499,1999.9000,-0.25702080,-1190.2618,594956.3125,34.319,604890.9375,1999.9000,
	2026/04/30 11:45:04	,	537230	,	889	,10.478554,1999.9000,-0.25400195,-1189.9203,594966.1875,34.319,604809.1250,1999.9000,
	2026/04/30 11:45:04	,	538230	,	890	,10.477481,1999.9000,-0.25083187,-1189.7351,595074.6250,34.319,604775.6250,1999.9000,
	2026/04/30 11:45:04	,	539230	,	891	,10.476409,1999.9000,-0.24425219,-1189.5808,595338.5625,34.316,604750.1250,1999.9000,
	2026/04/30 11:45:04	,	540230	,	892	,10.475426,1999.9000,-0.23744561,-1189.3527,595525.6250,34.317,604737.4375,1999.9000,
	2026/04/30 11:45:04	,	541230	,	893	,10.470451,1999.9000,-0.23277554,-1189.1626,595525.6250,34.314,604729.8125,1999.9000,
	2026/04/30 11:45:04	,	542230	,	894	,10.469334,1999.9000,-0.22960545,-1189.0043,595525.6250,34.312,604724.7500,1999.9000,
	2026/04/30 11:45:04	,	543230	,	895	,10.468187,1999.9000,-0.22896576,-1188.7728,595525.6250,34.310,604720.5000,1999.9000,
	2026/04/30 11:45:04	,	544230	,	896	,10.463927,1999.9000,-0.22870842,-1188.5798,595525.6250,34.308,604726.9375,1999.9000,
	2026/04/30 11:45:04	,	545230	,	897	,10.462780,1999.9000,-0.22657400,-1188.4192,595420.8125,34.307,604829.6875,1999.9000,
	2026/04/30 11:45:04	,	546230	,	898	,10.461733,1999.9000,-0.22195436,-1188.2853,595391.3750,34.306,604857.1250,1999.9000,
	2026/04/30 11:45:04	,	547230	,	899	,10.457582,1999.9000,-0.21351548,-1188.1737,595375.5625,34.305,604883.1875,1999.9000,
	2026/04/30 11:45:04	,	548230	,	900	,10.456570,1999.9000,-0.20065232,-1187.9811,595291.5625,34.310,604990.9375,1999.9000,
	2026/04/30 11:45:04	,	549230	,	901	,10.455586,1999.9000,-0.18603081,-1187.8207,595090.7500,34.315,605028.7500,1999.9000,
	2026/04/30 11:45:04	,	550230	,	902	,10.451506,1999.9000,-0.16859211,-1187.5875,594836.8750,34.319,605041.2500,1999.9000,
	2026/04/30 11:45:04	,	551230	,	903	,10.450538,1999.9000,-0.14865769,-1187.3933,594836.8750,34.322,605047.5625,1999.9000,
	2026/04/30 11:45:04	,	552230	,	904	,10.449481,1999.9000,-0.12835142,-1187.2314,594836.8750,34.324,605051.3750,1999.9000,
	2026/04/30 11:45:04	,	553230	,	905	,10.448490,1999.9000,-0.10409355,-1186.7982,594836.8750,34.326,605053.8750,1999.9000,
	2026/04/30 11:45:04	,	554230	,	906	,10.443701,1999.9000,-0.07409423,-1186.4370,594836.8750,34.328,605047.9375,1999.9000,
	2026/04/30 11:45:04	,	555230	,	907	,10.442942,1999.9000,-0.04138489,-1185.1414,594849.2500,34.328,604937.1875,1999.9000,
	2026/04/30 11:45:04	,	556230	,	908	,10.442202,1999.9000,-0.00982258,-1183.2659,594946.0000,34.328,604909.1250,1999.9000,
	2026/04/30 11:45:04	,	557230	,	909	,10.441348,1999.9000,0.01637641,-1181.5039,594948.3750,34.325,604814.6250,1999.9000,
	2026/04/30 11:45:04	,	558230	,	910	,10.436910,1999.9000,0.03554827,-1180.0356,594961.3125,34.321,604783.1875,1999.9000,
	2026/04/30 11:45:04	,	559230	,	911	,10.435987,1999.9000,0.05204158,-1178.8121,595203.3125,34.312,604693.1875,1999.9000,
	2026/04/30 11:45:04	,	560230	,	912	,10.435153,1999.9000,0.06601399,-1177.7925,595498.8750,34.304,604693.1875,1999.9000,
	2026/04/30 11:45:04	,	561230	,	913	,10.434407,1999.9000,0.07457260,-1177.1417,595498.8750,34.305,604693.1875,1999.9000,
	2026/04/30 11:45:04	,	562230	,	914	,10.433651,1999.9000,0.07749690,-1176.7985,595498.8750,34.306,604693.1875,1999.9000,
	2026/04/30 11:45:04	,	563230	,	915	,10.428896,1999.9000,0.07749690,-1176.9102,595498.8750,34.308,604693.1875,1999.9000,
	2026/04/30 11:45:04	,	564230	,	916	,10.428256,1999.9000,0.07749690,-1177.4012,595498.8750,34.310,604702.4375,1999.9000,
	2026/04/30 11:45:04	,	565230	,	917	,10.427695,1999.9000,0.07749690,-1177.9100,595485.6250,34.310,604818.8125,1999.9000,
	2026/04/30 11:45:04	,	566230	,	918	,10.427154,1999.9000,0.07749690,-1178.5328,595355.2500,34.308,604838.6875,1999.9000,
	2026/04/30 11:45:04	,	567230	,	919	,10.426632,1999.9000,0.07739606,-1179.1514,595346.3125,34.307,604860.6875,1999.9000,
	2026/04/30 11:45:04	,	568230	,	920	,10.426201,1999.9000,0.07708935,-1180.4625,595337.6250,34.309,604960.7500,1999.9000,
	2026/04/30 11:45:04	,	569230	,	921	,10.425661,1999.9000,0.07074075,-1182.1521,595172.3125,34.307,604997.3125,1999.9000,
	2026/04/30 11:45:04	,	570230	,	922	,10.421569,1999.9000,0.06221364,-1183.7590,594907.7500,34.303,605009.5000,1999.9000,
	2026/04/30 11:45:04	,	571230	,	923	,10.421182,1999.9000,0.05497851,-1186.1923,594907.7500,34.297,605015.5625,1999.9000,
	2026/04/30 11:45:04	,	572230	,	924	,10.420764,1999.9000,0.04910469,-1188.6178,594907.7500,34.290,605019.1875,1999.9000,
	2026/04/30 11:45:04	,	573230	,	925	,10.420444,1999.9000,0.04593459,-1190.9376,594907.7500,34.284,605021.6250,1999.9000,
	2026/04/30 11:45:04	,	574230	,	926	,10.420199,1999.9000,0.04572343,-1192.8708,594907.7500,34.279,605014.0000,1999.9000,
	2026/04/30 11:45:04	,	575230	,	927	,10.419956,1999.9000,0.04564046,-1194.4817,594909.8750,34.275,604896.7500,1999.9000,
	2026/04/30 11:45:04	,	576230	,	928	,10.419654,1999.9000,0.04559900,-1195.8241,594923.0625,34.272,604862.3125,1999.9000,
	2026/04/30 11:45:04	,	577230	,	929	,10.419347,1999.9000,0.04557411,-1196.9429,595006.7500,34.269,604759.0000,1999.9000,
	2026/04/30 11:45:04	,	578230	,	930	,10.419012,1999.9000,0.04556382,-1197.8751,595013.2500,34.268,604727.0000,1999.9000,
	2026/04/30 11:45:04	,	579230	,	931	,10.418682,1999.9000,0.04562562,-1198.6520,595169.9375,34.269,604643.6250,1999.9000,
	2026/04/30 11:45:04	,	580230	,	932	,10.418373,1999.9000,0.04560674,-1199.2994,595460.7500,34.269,604643.6250,1999.9000,
	2026/04/30 11:45:04	,	581230	,	933	,10.418097,1999.9000,0.04538196,-1199.7394,595487.2500,34.272,604643.6250,1999.9000,
	2026/04/30 11:45:04	,	582230	,	934	,10.417867,1999.9000,0.04506754,-1199.8077,595496.1250,34.275,604643.6250,1999.9000,
	2026/04/30 11:45:04	,	583230	,	935	,10.417664,1999.9000,0.04480552,-1199.8646,595500.5625,34.282,604643.6250,1999.9000,
	2026/04/30 11:45:04	,	584230	,	936	,10.417495,1999.9000,0.04458719,-1199.9120,595503.2500,34.288,604646.9375,1999.9000,
	2026/04/30 11:45:04	,	585230	,	937	,10.417355,1999.9000,0.03838436,-1199.3547,595505.0000,34.296,604739.0625,1999.9000,
	2026/04/30 11:45:04	,	586230	,	938	,10.417238,1999.9000,0.03311552,-1198.7908,595417.2500,34.302,604766.6250,1999.9000,
	2026/04/30 11:45:04	,	587230	,	939	,10.417140,1999.9000,0.02784678,-1198.3208,595401.7500,34.306,604849.6250,1999.9000,
	2026/04/30 11:45:04	,	588230	,	940	,10.417059,1999.9000,0.02285529,-1197.8297,595393.8125,34.310,604882.2500,1999.9000,
	2026/04/30 11:45:04	,	589230	,	941	,10.417020,1999.9000,0.01688693,-1197.4205,595276.0625,34.313,604994.5625,1999.9000,
	2026/04/30 11:45:04	,	590230	,	942	,10.417083,1999.9000,0.00725689,-1197.0796,595019.8125,34.317,604995.4375,1999.9000,
	2026/04/30 11:45:04	,	591230	,	943	,10.417274,1999.9000,-0.00140260,-1196.4969,594867.8750,34.319,604995.7500,1999.9000,
	2026/04/30 11:45:04	,	592230	,	944	,10.417553,1999.9000,-0.00789403,-1195.8124,594867.8750,34.319,604995.9375,1999.9000,
	2026/04/30 11:45:04	,	593230	,	945	,10.417939,1999.9000,-0.01274057,-1195.0431,594867.8750,34.319,604996.0625,1999.9000,
	2026/04/30 11:45:04	,	594230	,	946	,10.418395,1999.9000,-0.01498422,-1194.3025,594867.8750,34.319,604996.1250,1999.9000,
	2026/04/30 11:45:04	,	595230	,	947	,10.418914,1999.9000,-0.01530248,-1193.5859,594867.8750,34.313,604984.3750,1999.9000,
	2026/04/30 11:45:04	,	596230	,	948	,10.419580,1999.9000,-0.01575730,-1192.9888,594958.5000,34.312,604871.9375,1999.9000,
	2026/04/30 11:45:04	,	597230	,	949	,10.424190,1999.9000,-0.01833077,-1192.4911,594970.6875,34.313,604841.4375,1999.9000,
	2026/04/30 11:45:04	,	598230	,	950	,10.424682,1999.9000,-0.02071309,-1192.0764,594974.9375,34.314,604746.9375,1999.9000,
	2026/04/30 11:45:04	,	599230	,	951	,10.425312,1999.9000,-0.02091791,-1191.7308,595068.0625,34.315,604719.7500,1999.9000,
	2026/04/30 11:45:04	,	600230	,	952	,10.426052,1999.9000,-0.02126138,-1192.2386,595333.1875,34.317,604704.4375,1999.9000,
	2026/04/30 11:45:04	,	601230	,	953	,10.426787,1999.9000,-0.02154343,-1192.6619,595554.2500,34.320,604696.7500,1999.9000,
	2026/04/30 11:45:04	,	602230	,	954	,10.431428,1999.9000,-0.02183489,-1193.3129,595554.2500,34.322,604692.1875,1999.9000,
	2026/04/30 11:45:04	,	603230	,	955	,10.432248,1999.9000,-0.02529491,-1194.1538,595554.2500,34.324,604689.1250,1999.9000,
	2026/04/30 11:45:04	,	604230	,	956	,10.433127,1999.9000,-0.03092294,-1194.8546,595554.2500,34.327,604686.5625,1999.9000,
	2026/04/30 11:45:04	,	605230	,	957	,10.434012,1999.9000,-0.03891436,-1195.4386,595554.2500,34.328,604695.6875,1999.9000,
	2026/04/30 11:45:04	,	606230	,	958	,10.434012,1999.9000,-0.04723350,-1195.9253,595439.8750,34.330,604803.0625,1999.9000,
	2026/04/30 11:45:04	,	607230	,	959	,10.439487,1999.9000,-0.05505475,-1196.3308,595414.2500,34.325,604832.6875,1999.9000,
	2026/04/30 11:45:04	,	608230	,	960	,10.440434,1999.9000,-0.06237180,-1196.6688,595397.5000,34.319,604925.6875,1999.9000,
	2026/04/30 11:45:04	,	609230	,	961	,10.441422,1999.9000,-0.06977710,-1196.1547,595377.5625,34.315,604958.3125,1999.9000,
	2026/04/30 11:45:04	,	610230	,	962	,10.446680,1999.9000,-0.08056048,-1196.2235,595117.5625,34.309,605041.6250,1999.9000,
	2026/04/30 11:45:04	,	611230	,	963	,10.447662,1999.9000,-0.09178501,-1196.2810,594860.1250,34.302,605041.6250,1999.9000,
	2026/04/30 11:45:04	,	612230	,	964	,10.448636,1999.9000,-0.10091715,-1196.3289,594860.1250,34.302,605041.6250,1999.9000,
	2026/04/30 11:45:04	,	613230	,	965	,10.449562,1999.9000,-0.10856826,-1196.6671,594860.1250,34.295,605041.6250,1999.9000,
	2026/04/30 11:45:04	,	614230	,	966	,10.454127,1999.9000,-0.11345891,-1196.9491,594860.1250,34.290,605041.6250,1999.9000,
	2026/04/30 11:45:04	,	615230	,	967	,10.455244,1999.9000,-0.11446414,-1197.1840,594860.1250,34.289,605029.8750,1999.9000,
	2026/04/30 11:45:04	,	616230	,	968	,10.456450,1999.9000,-0.11700714,-1197.3798,594968.0000,34.289,604893.6875,1999.9000,
	2026/04/30 11:45:04	,	617230	,	969	,10.460830,1999.9000,-0.11805648,-1197.5430,594990.0000,34.291,604864.0625,1999.9000,
	2026/04/30 11:45:04	,	618230	,	970	,10.461843,1999.9000,-0.12191668,-1197.6788,594998.1875,34.293,604776.5000,1999.9000,
	2026/04/30 11:45:04	,	619230	,	971	,10.462885,1999.9000,-0.12520654,-1197.9911,595010.8750,34.291,604743.3125,1999.9000,
	2026/04/30 11:45:04	,	620230	,	972	,10.467114,1999.9000,-0.12580843,-1198.2513,595254.5625,34.293,604661.1250,1999.9000,
	2026/04/30 11:45:04	,	621230	,	973	,10.468083,1999.9000,-0.12640400,-1198.4681,595552.5000,34.297,604661.1250,1999.9000,
	2026/04/30 11:45:04	,	622230	,	974	,10.469161,1999.9000,-0.13235973,-1198.2509,595552.5000,34.301,604661.1250,1999.9000,
	2026/04/30 11:45:04	,	623230	,	975	,10.473281,1999.9000,-0.14032595,-1197.8710,595552.5000,34.301,604661.1250,1999.9000,
	2026/04/30 11:45:04	,	624230	,	976	,10.474399,1999.9000,-0.15332144,-1197.4548,595552.5000,34.298,604661.1250,1999.9000,
	2026/04/30 11:45:04	,	625230	,	977	,10.475585,1999.9000,-0.17334412,-1197.1080,595552.5000,34.293,604674.3125,1999.9000,
	2026/04/30 11:45:04	,	626230	,	978	,10.479835,1999.9000,-0.19902000,-1196.1228,595539.5000,34.290,604810.3125,1999.9000,
	2026/04/30 11:45:04	,	627230	,	979	,10.479835,1999.9000,-0.22775885,-1194.9038,595398.1875,34.287,604839.9375,1999.9000,
	2026/04/30 11:45:04	,	628230	,	980	,10.480713,1999.9000,-0.25892413,-1193.2911,595381.7500,34.286,604935.3750,1999.9000,
	2026/04/30 11:45:04	,	629230	,	981	,10.481542,1999.9000,-0.29331622,-1190.3557,595366.5625,34.286,604962.5625,1999.9000,
	2026/04/30 11:45:04	,	630230	,	982	,10.482336,1999.9000,-0.33467242,-1187.9095,595195.0000,34.285,605056.8125,1999.9000,
	2026/04/30 11:45:04	,	631230	,	983	,10.486715,1999.9000,-0.38309991,-1185.7716,594912.6250,34.285,605056.8125,1999.9000,
	2026/04/30 11:45:04	,	632230	,	984	,10.487907,1999.9000,-0.43478572,-1183.4927,594902.1875,34.284,605056.8125,1999.9000,
	2026/04/30 11:45:04	,	633230	,	985	,10.488970,1999.9000,-0.49076974,-1181.5935,594898.6875,34.284,605056.8125,1999.9000,
	2026/04/30 11:45:04	,	634230	,	986	,10.489947,1999.9000,-0.55091971,-1180.0109,594897.0000,34.287,605056.8125,1999.9000,
	2026/04/30 11:45:04	,	635230	,	987	,10.494551,1999.9000,-0.61446029,-1179.0898,594895.9375,34.289,605046.5625,1999.9000,
	2026/04/30 11:45:04	,	636230	,	988	,10.495443,1999.9000,-0.68303645,-1178.4219,594895.2500,34.291,604920.3125,1999.9000,
	2026/04/30 11:45:04	,	637230	,	989	,10.496267,1999.9000,-0.75696963,-1178.7604,594906.1875,34.293,604890.6875,1999.9000,
	2026/04/30 11:45:04	,	638230	,	990	,10.497060,1999.9000,-0.83512545,-1179.3409,594919.3750,34.300,604804.8750,1999.9000,
	2026/04/30 11:45:04	,	639230	,	991	,10.497790,1999.9000,-0.91661531,-1179.9242,594932.2500,34.306,604774.0625,1999.9000,
	2026/04/30 11:45:04	,	640230	,	992	,10.502116,1999.9000,-0.99886131,-1181.0071,595122.3125,34.311,604677.5000,1999.9000,
	2026/04/30 11:45:04	,	641230	,	993	,10.502862,1999.9000,-1.08024395,-1181.9095,595411.8750,34.316,604677.5000,1999.9000,
	2026/04/30 11:45:04	,	642230	,	994	,10.503506,1999.9000,-1.16487849,-1182.6616,595501.2500,34.322,604677.5000,1999.9000,
	2026/04/30 11:45:04	,	643230	,	995	,10.504164,1999.9000,-1.25161827,-1183.2882,595501.2500,34.328,604677.5000,1999.9000,
	2026/04/30 11:45:04	,	644230	,	996	,10.504809,1999.9000,-1.33942294,-1183.8105,595501.2500,34.333,604677.5000,1999.9000,
	2026/04/30 11:45:04	,	645230	,	997	,10.505408,1999.9000,-1.42818582,-1184.2457,595501.2500,34.333,604685.2500,1999.9000,
	2026/04/30 11:45:04	,	646230	,	998	,10.506052,1999.9000,-1.51510191,-1184.0115,595501.2500,34.332,604791.0625,1999.9000,
	2026/04/30 11:45:04	,	647230	,	999	,10.510338,1999.9000,-1.59784579,-1183.7169,595401.7500,34.332,604816.6875,1999.9000,
	2026/04/30 11:45:04	,	648230	,	1000	,10.510710,1999.9000,-1.67573702,-1183.4713,595381.7500,34.342,604914.8750,1999.9000,
	2026/04/30 11:45:04	,	649230	,	1001	,10.511143,1999.9000,-1.74851048,-1183.2667,595367.7500,34.350,604951.6250,1999.9000,
	2026/04/30 11:45:04	,	650230	,	1002	,10.511559,1999.9000,-1.81745851,-1183.0963,595253.3750,34.357,605072.5000,1999.9000,
	2026/04/30 11:45:04	,	651230	,	1003	,10.511989,1999.9000,-1.88409364,-1182.9542,595004.9375,34.362,605072.5000,1999.9000,
	2026/04/30 11:45:04	,	652230	,	1004	,10.512348,1999.9000,-1.94344306,-1182.8358,594841.0625,34.350,605072.5000,1999.9000,
	2026/04/30 11:45:04	,	653230	,	1005	,10.512653,1999.9000,-1.99499011,-1183.0356,594841.0625,34.340,605072.5000,1999.9000,
	2026/04/30 11:45:04	,	654230	,	1006	,10.512978,1999.9000,-2.03926444,-1183.3016,594841.0625,34.332,605072.5000,1999.9000,
	2026/04/30 11:45:04	,	655230	,	1007	,10.513293,1999.9000,-2.07528257,-1183.7222,594841.0625,34.325,605072.5000,1999.9000,
	2026/04/30 11:45:04	,	656230	,	1008	,10.513575,1999.9000,-2.10492897,-1184.0726,594841.0625,34.317,605068.5000,1999.9000,
	2026/04/30 11:45:04	,	657230	,	1009	,10.513835,1999.9000,-2.12998724,-1185.5585,594943.0000,34.309,604974.6875,1999.9000,
	2026/04/30 11:45:04	,	658230	,	1010	,10.514051,1999.9000,-2.15070319,-1186.9955,594964.3750,34.303,604941.3750,1999.9000,
	2026/04/30 11:45:04	,	659230	,	1011	,10.514233,1999.9000,-2.16736031,-1188.3920,594977.5000,34.298,604845.9375,1999.9000,
	2026/04/30 11:45:04	,	660230	,	1012	,10.514407,1999.9000,-2.17910790,-1189.6552,595077.0000,34.294,604809.7500,1999.9000,
	2026/04/30 11:45:04	,	661230	,	1013	,10.514564,1999.9000,-2.17910790,-1190.7079,595324.8750,34.290,604705.2500,1999.9000,
	2026/04/30 11:45:04	,	662230	,	1014	,10.514684,1999.9000,-2.17910767,-1191.5851,595560.8125,34.292,604705.2500,1999.9000,
	2026/04/30 11:45:04	,	663230	,	1015	,10.514759,1999.9000,-2.17910790,-1192.3162,595560.8125,34.294,604705.2500,1999.9000,
	2026/04/30 11:45:04	,	664230	,	1016	,10.514786,1999.9000,-2.17910790,-1193.2238,595560.8125,34.295,604705.2500,1999.9000,
	2026/04/30 11:45:04	,	665230	,	1017	,10.514794,1999.9000,-2.17482877,-1194.1791,595560.8125,34.300,604705.2500,1999.9000,
	2026/04/30 11:45:04	,	666230	,	1018	,10.514786,1999.9000,-2.16928887,-1195.0746,595560.8125,34.305,604707.5000,1999.9000,
	2026/04/30 11:45:04	,	667230	,	1019	,10.514755,1999.9000,-2.16048455,-1195.8209,595448.8125,34.309,604720.1250,1999.9000,
	2026/04/30 11:45:04	,	668230	,	1020	,10.514649,1999.9000,-2.14743209,-1196.4429,595418.4375,34.312,604839.9375,1999.9000,
	2026/04/30 11:45:04	,	669230	,	1021	,10.514462,1999.9000,-2.12937593,-1196.9611,595404.1250,34.316,604872.0000,1999.9000,
	2026/04/30 11:45:04	,	670230	,	1022	,10.514187,1999.9000,-2.10663056,-1197.3929,595385.3750,34.320,604967.3750,1999.9000,
	2026/04/30 11:45:04	,	671230	,	1023	,10.513813,1999.9000,-2.08220243,-1197.7529,595124.0625,34.323,604999.0625,1999.9000,
	2026/04/30 11:45:04	,	672230	,	1024	,10.513354,1999.9000,-2.05272007,-1197.4559,594853.6250,34.327,605019.9375,1999.9000,
	2026/04/30 11:45:04	,	673230	,	1025	,10.512821,1999.9000,-2.01636147,-1197.2085,594853.6250,34.330,605030.3125,1999.9000,
	2026/04/30 11:45:04	,	674230	,	1026	,10.512204,1999.9000,-1.97416091,-1197.0023,594853.6250,34.333,605036.5625,1999.9000,
	2026/04/30 11:45:04	,	675230	,	1027	,10.507775,1999.9000,-1.92497075,-1196.8304,594853.6250,34.335,605040.6875,1999.9000,
	2026/04/30 11:45:04	,	676230	,	1028	,10.507151,1999.9000,-1.86931443,-1196.6871,594853.6250,34.337,605044.1875,1999.9000,
	2026/04/30 11:45:04	,	677230	,	1029	,10.506465,1999.9000,-1.81014144,-1196.6674,594936.3750,34.338,605032.6875,1999.9000,
	2026/04/30 11:45:04	,	678230	,	1030	,10.505855,1999.9000,-1.74851048,-1197.0487,594965.6250,34.335,604902.1875,1999.9000,
	2026/04/30 11:45:04	,	679230	,	1031	,10.505154,1999.9000,-1.68450344,-1197.3665,594978.7500,34.332,604869.2500,1999.9000,
	2026/04/30 11:45:04	,	680230	,	1032	,10.500419,1999.9000,-1.61763525,-1197.8302,594991.2500,34.326,604770.5000,1999.9000,
	2026/04/30 11:45:04	,	681230	,	1033	,10.499465,1999.9000,-1.54469788,-1198.2168,595220.0625,34.320,604741.8125,1999.9000,
	2026/04/30 11:45:04	,	682230	,	1034	,10.498502,1999.9000,-1.46824372,-1198.5388,595508.3750,34.315,604717.9375,1999.9000,
	2026/04/30 11:45:04	,	683230	,	1035	,10.494491,1999.9000,-1.39181471,-1198.8071,595508.3750,34.313,604706.0000,1999.9000,
	2026/04/30 11:45:04	,	684230	,	1036	,10.493731,1999.9000,-1.31507695,-1199.0309,595508.3750,34.309,604698.8125,1999.9000,
	2026/04/30 11:45:04	,	685230	,	1037	,10.492862,1999.9000,-1.23961222,-1199.2173,595508.3750,34.306,604694.0625,1999.9000,
	2026/04/30 11:45:04	,	686230	,	1038	,10.491951,1999.9000,-1.16608226,-1199.1736,595508.3750,34.304,604690.1250,1999.9000,
	2026/04/30 11:45:04	,	687230	,	1039	,10.487043,1999.9000,-1.09300625,-1199.1373,595501.3750,34.302,604698.7500,1999.9000,
	2026/04/30 11:45:04	,	688230	,	1040	,10.486179,1999.9000,-1.02005625,-1199.0076,595404.1250,34.300,604811.5625,1999.9000,
	2026/04/30 11:45:04	,	689230	,	1041	,10.485246,1999.9000,-1.02005625,-1199.0076,595389.5000,34.300,604928.6875,1999.9000,
	2026/04/30 11:45:04	,	690230	,	1042	,10.484258,1999.9000,-0.87434518,-1197.0686,595378.3125,34.300,604928.6875,1999.9000,
	2026/04/30 11:45:04	,	691230	,	1043	,10.479299,1999.9000,-0.80558628,-1197.0686,595221.1875,34.300,604962.2500,1999.9000,
	2026/04/30 11:45:04	,	692230	,	1044	,10.478478,1999.9000,-0.80558628,-1195.4930,594943.0000,34.300,604984.3125,1999.9000,
	2026/04/30 11:45:04	,	693230	,	1045	,10.477511,1999.9000,-0.67880756,-1192.9863,594913.5000,34.300,604995.3125,1999.9000,
	2026/04/30 11:45:04	,	694230	,	1046	,10.473490,1999.9000,-0.61828583,-1190.3007,594903.6875,34.300,605001.9375,1999.9000,
	2026/04/30 11:45:04	,	695230	,	1047	,10.472492,1999.9000,-0.55874097,-1187.8636,594898.7500,34.302,605006.3125,1999.9000,
	2026/04/30 11:45:04	,	696230	,	1048	,10.471474,1999.9000,-0.55874097,-1185.8329,594895.8125,34.305,605010.0000,1999.9000,
	2026/04/30 11:45:04	,	697230	,	1049	,10.470481,1999.9000,-0.49972543,-1184.1404,594893.8750,34.307,604999.9375,1999.9000,
	2026/04/30 11:45:04	,	698230	,	1050	,10.465447,1999.9000,-0.44501448,-1182.7301,594904.2500,34.309,604871.3750,1999.9000,
	2026/04/30 11:45:04	,	699230	,	1051	,10.464255,1999.9000,-0.39726764,-1181.5548,594916.8750,34.311,604840.8125,1999.9000,
	2026/04/30 11:45:04	,	700230	,	1052	,10.463004,1999.9000,-0.35632738,-1180.9734,594929.1875,34.314,604738.4375,1999.9000,
	2026/04/30 11:45:04	,	701230	,	1053	,10.458417,1999.9000,-0.32020846,-1180.5883,595118.1250,34.318,604707.3750,1999.9000,
	2026/04/30 11:45:04	,	702230	,	1054	,10.457375,1999.9000,-0.28379962,-1180.5657,595405.9375,34.321,604686.5000,1999.9000,
	2026/04/30 11:45:04	,	703230	,	1055	,10.456271,1999.9000,-0.24604838,-1180.8453,595506.6250,34.324,604676.1250,1999.9000,
	2026/04/30 11:45:04	,	704230	,	1056	,10.452161,1999.9000,-0.21125293,-1181.0785,595506.6250,34.326,604669.8750,1999.9000,
	2026/04/30 11:45:04	,	705230	,	1057	,10.451103,1999.9000,-0.17846794,-1181.2727,595506.6250,34.328,604665.7500,1999.9000,
	2026/04/30 11:45:04	,	706230	,	1058	,10.450165,1999.9000,-0.14705688,-1181.4346,595506.6250,34.329,604662.2500,1999.9000,
	2026/04/30 11:45:04	,	707230	,	1059	,10.449272,1999.9000,-0.11633279,-1181.5695,595506.6250,34.331,604671.3750,1999.9000,
	2026/04/30 11:45:04	,	708230	,	1060	,10.444862,1999.9000,-0.08476416,-1181.2841,595405.9375,34.332,604783.8125,1999.9000,
	2026/04/30 11:45:04	,	709230	,	1061	,10.443894,1999.9000,-0.05412829,-1180.7477,595381.8125,34.331,604814.3125,1999.9000,
	2026/04/30 11:45:04	,	710230	,	1062	,10.442996,1999.9000,-0.02864146,-1179.9028,595368.9375,34.329,604914.2500,1999.9000,
	2026/04/30 11:45:04	,	711230	,	1063	,10.442033,1999.9000,-0.01047171,-1179.1989,595260.5625,34.327,604949.8750,1999.9000,
	2026/04/30 11:45:04	,	712230	,	1064	,10.437356,1999.9000,-0.00009799,-1178.6121,595012.0625,34.326,605061.0000,1999.9000,
	2026/04/30 11:45:04	,	713230	,	1065	,10.436611,1999.9000,0.00348176,-1178.1232,595012.0625,34.317,605061.0000,1999.9000,
	2026/04/30 11:45:04	,	714230	,	1066	,10.435739,1999.9000,0.00600900,-1177.7158,594841.6875,34.310,605061.0000,1999.9000,
	2026/04/30 11:45:04	,	715230	,	1067	,10.435056,1999.9000,0.00689765,-1178.2715,594841.6875,34.304,605061.0000,1999.9000,
	2026/04/30 11:45:04	,	716230	,	1068	,10.434360,1999.9000,0.00985977,-1179.0330,594841.6875,34.299,605061.0000,1999.9000,
	2026/04/30 11:45:04	,	717230	,	1069	,10.429611,1999.9000,0.01479454,-1180.4634,594841.6875,34.294,605056.5000,1999.9000,
	2026/04/30 11:45:04	,	718230	,	1070	,10.429075,1999.9000,0.02104650,-1181.9539,594841.6875,34.291,604963.7500,1999.9000,
	2026/04/30 11:45:04	,	719230	,	1071	,10.428569,1999.9000,0.02644134,-1183.5938,594934.0000,34.289,604938.4375,1999.9000,
	2026/04/30 11:45:04	,	720230	,	1072	,10.427988,1999.9000,0.03065133,-1185.1593,594955.1875,34.288,604911.6250,1999.9000,
	2026/04/30 11:45:04	,	721230	,	1073	,10.427431,1999.9000,0.03373318,-1186.8618,594969.0000,34.287,604800.6875,1999.9000,
	2026/04/30 11:45:04	,	722230	,	1074	,10.426875,1999.9000,0.03753982,-1188.5790,595059.7500,34.288,604774.1250,1999.9000,
	2026/04/30 11:45:04	,	723230	,	1075	,10.426219,1999.9000,0.04457957,-1190.2090,595299.3125,34.288,604765.3125,1999.9000,
	2026/04/30 11:45:04	,	724230	,	1076	,10.422164,1999.9000,0.04704380,-1191.6667,595547.7500,34.289,604760.8750,1999.9000,
	2026/04/30 11:45:04	,	725230	,	1077	,10.421866,1999.9000,0.04704380,-1193.0806,595547.7500,34.292,604758.1875,1999.9000,
	2026/04/30 11:45:04	,	726230	,	1078	,10.421589,1999.9000,0.04704380,-1194.3582,595547.7500,34.301,604756.3750,1999.9000,
	2026/04/30 11:45:04	,	727230	,	1079	,10.421241,1999.9000,0.04704380,-1195.4229,595547.7500,34.310,604757.6250,1999.9000,
	2026/04/30 11:45:04	,	728230	,	1080	,10.420877,1999.9000,0.04704380,-1196.2106,595547.7500,34.318,604767.0625,1999.9000,
	2026/04/30 11:45:04	,	729230	,	1081	,10.420496,1999.9000,0.04190736,-1196.8669,595438.6875,34.323,604862.8750,1999.9000,
	2026/04/30 11:45:04	,	730230	,	1082	,10.420123,1999.9000,0.03658186,-1197.4139,595415.7500,34.324,604888.8750,1999.9000,
	2026/04/30 11:45:04	,	731230	,	1083	,10.419768,1999.9000,0.03155253,-1197.5714,595404.9375,34.317,604914.2500,1999.9000,
	2026/04/30 11:45:04	,	732230	,	1084	,10.419349,1999.9000,0.02700224,-1197.5037,595387.4375,34.311,605033.2500,1999.9000,
	2026/04/30 11:45:04	,	733230	,	1085	,10.418989,1999.9000,0.01996878,-1196.9498,595141.3750,34.306,605033.2500,1999.9000,
	2026/04/30 11:45:04	,	734230	,	1086	,10.418649,1999.9000,0.01357186,-1196.1898,594866.1250,34.302,605033.2500,1999.9000,
	2026/04/30 11:45:04	,	735230	,	1087	,10.418346,1999.9000,0.00937449,-1195.5566,594866.1250,34.299,605033.2500,1999.9000,
	2026/04/30 11:45:04	,	736230	,	1088	,10.418069,1999.9000,0.00911608,-1195.0289,594866.1250,34.296,605033.2500,1999.9000,
	2026/04/30 11:45:04	,	737230	,	1089	,10.417824,1999.9000,0.00902997,-1194.5891,594866.1250,34.300,605029.8125,1999.9000,
	2026/04/30 11:45:04	,	738230	,	1090	,10.417618,1999.9000,0.00898689,-1194.2227,594866.1250,34.303,604935.9375,1999.9000,
	2026/04/30 11:45:04	,	739230	,	1091	,10.417447,1999.9000,0.00896106,-1193.9174,594877.1250,34.309,604904.5000,1999.9000,
	2026/04/30 11:45:04	,	740230	,	1092	,10.417315,1999.9000,0.00894381,-1193.8617,594990.6250,34.309,604801.9375,1999.9000,
	2026/04/30 11:45:04	,	741230	,	1093	,10.417205,1999.9000,0.00896414,-1193.8154,594999.3125,34.314,604765.6875,1999.9000,
	2026/04/30 11:45:04	,	742230	,	1094	,10.417113,1999.9000,0.00917118,-1193.8762,595011.3125,34.317,604670.8125,1999.9000,
	2026/04/30 11:45:04	,	743230	,	1095	,10.417037,1999.9000,0.01542478,-1193.9270,595213.4375,34.321,604670.8125,1999.9000,
	2026/04/30 11:45:04	,	744230	,	1096	,10.417062,1999.9000,0.01542478,-1193.8699,595509.0000,34.320,604670.8125,1999.9000,
	2026/04/30 11:45:04	,	745230	,	1097	,10.417252,1999.9000,0.01542478,-1193.8221,595509.0000,34.319,604670.8125,1999.9000,
	2026/04/30 11:45:04	,	746230	,	1098	,10.417495,1999.9000,0.01542478,-1193.7825,595509.0000,34.314,604670.8125,1999.9000,
	2026/04/30 11:45:04	,	747230	,	1099	,10.417791,1999.9000,0.01542478,-1193.6499,595509.0000,34.310,604673.3750,1999.9000,
	2026/04/30 11:45:04	,	748230	,	1100	,10.418179,1999.9000,0.01122108,-1193.5394,595509.0000,34.306,604755.4375,1999.9000,
	2026/04/30 11:45:04	,	749230	,	1101	,10.418654,1999.9000,0.00389140,-1193.4474,595502.1250,34.302,604775.3125,1999.9000,
	2026/04/30 11:45:04	,	750230	,	1102	,10.419239,1999.9000,-0.00282691,-1193.3706,595397.5625,34.298,604795.8750,1999.9000,
	2026/04/30 11:45:04	,	751230	,	1103	,10.423296,1999.9000,-0.00866294,-1193.3066,595380.8750,34.297,604902.1875,1999.9000,
	2026/04/30 11:45:04	,	752230	,	1104	,10.423996,1999.9000,-0.01393802,-1193.2534,595369.5625,34.296,604933.2500,1999.9000,
	2026/04/30 11:45:04	,	753230	,	1105	,10.424806,1999.9000,-0.02237060,-1193.4080,595223.5625,34.294,605030.8125,1999.9000,
	2026/04/30 11:45:04	,	754230	,	1106	,10.425568,1999.9000,-0.03269390,-1193.5367,594951.8750,34.292,605030.8125,1999.9000,
	2026/04/30 11:45:04	,	755230	,	1107	,10.426275,1999.9000,-0.04187017,-1193.6440,594914.6250,34.292,605030.8125,1999.9000,
	2026/04/30 11:45:04	,	756230	,	1108	,10.430684,1999.9000,-0.05018302,-1193.7335,594902.2500,34.292,605030.8125,1999.9000,
	2026/04/30 11:45:04	,	757230	,	1109	,10.431548,1999.9000,-0.05601271,-1193.8080,594896.0000,34.293,605030.8125,1999.9000,
	2026/04/30 11:45:04	,	758230	,	1110	,10.432382,1999.9000,-0.05863450,-1193.8701,594892.3125,34.294,605018.7500,1999.9000,
	2026/04/30 11:45:04	,	759230	,	1111	,10.433269,1999.9000,-0.05955464,-1194.1207,594889.7500,34.295,604893.0625,1999.9000,
	2026/04/30 11:45:04	,	760230	,	1112	,10.437922,1999.9000,-0.06232138,-1194.3296,594900.8125,34.295,604868.3125,1999.9000,
	2026/04/30 11:45:04	,	761230	,	1113	,10.438771,1999.9000,-0.06334236,-1194.5038,594990.6250,34.296,604786.1875,1999.9000,
	2026/04/30 11:45:04	,	762230	,	1114	,10.439789,1999.9000,-0.06399152,-1194.4500,594998.3750,34.300,604758.6875,1999.9000,
	2026/04/30 11:45:04	,	763230	,	1115	,10.443879,1999.9000,-0.06651247,-1194.4050,595116.3125,34.300,604675.0625,1999.9000,
	2026/04/30 11:45:04	,	764230	,	1116	,10.444907,1999.9000,-0.06665742,-1194.5667,595401.1250,34.298,604675.0625,1999.9000,
	2026/04/30 11:45:04	,	765230	,	1117	,10.445886,1999.9000,-0.06671625,-1194.7013,595509.0000,34.302,604675.0625,1999.9000,
	2026/04/30 11:45:04	,	766230	,	1118	,10.446814,1999.9000,-0.06945568,-1194.7140,595509.0000,34.300,604675.0625,1999.9000,
	2026/04/30 11:45:04	,	767230	,	1119	,10.451744,1999.9000,-0.07415096,-1194.9236,595509.0000,34.299,604675.0625,1999.9000,
	2026/04/30 11:45:04	,	768230	,	1120	,10.452801,1999.9000,-0.08112768,-1194.8993,595509.0000,34.297,604682.8125,1999.9000,
	2026/04/30 11:45:04	,	769230	,	1121	,10.453799,1999.9000,-0.08847628,-1194.8789,595509.0000,34.296,604797.6250,1999.9000,
	2026/04/30 11:45:04	,	770230	,	1122	,10.454700,1999.9000,-0.09506226,-1194.8621,595419.0000,34.296,604828.4375,1999.9000,
	2026/04/30 11:45:04	,	771230	,	1123	,10.459548,1999.9000,-0.10123859,-1194.8479,595395.1250,34.292,604920.3125,1999.9000,
	2026/04/30 11:45:04	,	772230	,	1124	,10.460680,1999.9000,-0.10745273,-1194.8362,595382.4375,34.289,604949.5625,1999.9000,
	2026/04/30 11:45:04	,	773230	,	1125	,10.461863,1999.9000,-0.11637690,-1194.8264,595291.5625,34.286,605058.0000,1999.9000,
	2026/04/30 11:45:04	,	774230	,	1126	,10.466400,1999.9000,-0.12888083,-1194.8184,595050.1875,34.284,605058.0000,1999.9000,
	2026/04/30 11:45:04	,	775230	,	1127	,10.467293,1999.9000,-0.14081752,-1194.9110,594845.8750,34.284,605058.0000,1999.9000,
	2026/04/30 11:45:04	,	776230	,	1128	,10.468316,1999.9000,-0.15283617,-1194.9882,594845.8750,34.284,605058.0000,1999.9000,
	2026/04/30 11:45:04	,	777230	,	1129	,10.472745,1999.9000,-0.16442624,-1195.1521,594845.8750,34.282,605058.0000,1999.9000,
	2026/04/30 11:45:04	,	778230	,	1130	,10.473728,1999.9000,-0.17469281,-1195.2887,594845.8750,34.281,605047.5625,1999.9000,
	2026/04/30 11:45:04	,	779230	,	1131	,10.474801,1999.9000,-0.18691313,-1195.2034,594845.8750,34.284,604920.8750,1999.9000,
	2026/04/30 11:45:04	,	780230	,	1132	,10.478911,1999.9000,-0.20451567,-1195.1324,594942.3750,34.290,604888.5625,1999.9000,
	2026/04/30 11:45:04	,	781230	,	1133	,10.479731,1999.9000,-0.22732399,-1195.0732,594962.9375,34.295,604794.0625,1999.9000,
	2026/04/30 11:45:04	,	782230	,	1134	,10.480708,1999.9000,-0.25433600,-1194.2281,594972.7500,34.299,604767.1875,1999.9000,
	2026/04/30 11:45:04	,	783230	,	1135	,10.481674,1999.9000,-0.28327021,-1192.1313,595060.3125,34.304,604740.8750,1999.9000,
	2026/04/30 11:45:04	,	784230	,	1136	,10.485942,1999.9000,-0.31385568,-1190.0856,595304.6250,34.306,604727.7500,1999.9000,
	2026/04/30 11:45:04	,	785230	,	1137	,10.487178,1999.9000,-0.35140523,-1188.2813,595523.2500,34.308,604719.8750,1999.9000,
	2026/04/30 11:45:04	,	786230	,	1138	,10.488275,1999.9000,-0.39549041,-1186.2803,595523.2500,34.310,604714.6250,1999.9000,
	2026/04/30 11:45:04	,	787230	,	1139	,10.489264,1999.9000,-0.44594723,-1184.6128,595523.2500,34.313,604710.2500,1999.9000,
	2026/04/30 11:45:04	,	788230	,	1140	,10.493954,1999.9000,-0.50442070,-1183.2231,595523.2500,34.316,604713.6875,1999.9000,
	2026/04/30 11:45:04	,	789230	,	1141	,10.494788,1999.9000,-0.57020497,-1182.0652,595523.2500,34.318,604803.6875,1999.9000,
	2026/04/30 11:45:04	,	790230	,	1142	,10.495522,1999.9000,-0.64226007,-1181.1002,595405.9375,34.321,604831.1875,1999.9000,
	2026/04/30 11:45:04	,	791230	,	1143	,10.496307,1999.9000,-0.71990538,-1180.2961,595378.8125,34.322,604916.0000,1999.9000,
	2026/04/30 11:45:04	,	792230	,	1144	,10.497082,1999.9000,-0.80205691,-1179.6260,595365.8125,34.322,604945.3750,1999.9000,
	2026/04/30 11:45:04	,	793230	,	1145	,10.501729,1999.9000,-0.88879025,-1179.1670,595350.0625,34.320,605041.6250,1999.9000,
	2026/04/30 11:45:04	,	794230	,	1146	,10.502593,1999.9000,-0.98107600,-1179.1825,595129.4375,34.318,605047.6875,1999.9000,
	2026/04/30 11:45:04	,	795230	,	1147	,10.503347,1999.9000,-1.07304657,-1179.2948,594866.6875,34.320,605049.6875,1999.9000,
	2026/04/30 11:45:04	,	796230	,	1148	,10.504067,1999.9000,-1.16308236,-1179.3884,594866.6875,34.321,605050.7500,1999.9000,
	2026/04/30 11:45:04	,	797230	,	1149	,10.504696,1999.9000,-1.25185144,-1179.5660,594866.6875,34.322,605051.3750,1999.9000,
	2026/04/30 11:45:04	,	798230	,	1150	,10.505268,1999.9000,-1.33743775,-1179.7139,594866.6875,34.326,605051.8125,1999.9000,
	2026/04/30 11:45:04	,	799230	,	1151	,10.505925,1999.9000,-1.42008710,-1179.8370,594866.6875,34.331,605041.5000,1999.9000,
	2026/04/30 11:45:04	,	800230	,	1152	,10.510367,1999.9000,-1.50058758,-1179.9397,594874.0000,34.335,604923.2500,1999.9000,
	2026/04/30 11:45:04	,	801230	,	1153	,10.510725,1999.9000,-1.57798064,-1180.2242,594968.0000,34.339,604887.6250,1999.9000,
	2026/04/30 11:45:04	,	802230	,	1154	,10.511083,1999.9000,-1.65198326,-1180.4614,594973.0625,34.341,604783.1875,1999.9000,
	2026/04/30 11:45:04	,	803230	,	1155	,10.511344,1999.9000,-1.72156775,-1180.6591,594979.1250,34.344,604756.8750,1999.9000,
	2026/04/30 11:45:04	,	804230	,	1156	,10.511673,1999.9000,-1.78358948,-1181.0226,595165.1875,34.346,604746.1250,1999.9000,
	2026/04/30 11:45:04	,	805230	,	1157	,10.511996,1999.9000,-1.84144545,-1181.3256,595456.5625,34.347,604746.1250,1999.9000,
	2026/04/30 11:45:04	,	806230	,	1158	,10.512341,1999.9000,-1.89586639,-1181.5781,595456.5625,34.341,604740.7500,1999.9000,
	2026/04/30 11:45:04	,	807230	,	1159	,10.512692,1999.9000,-1.94544721,-1181.7886,595456.5625,34.333,604737.5625,1999.9000,
	2026/04/30 11:45:04	,	808230	,	1160	,10.512990,1999.9000,-1.99147987,-1182.0634,595456.5625,34.326,604735.3750,1999.9000,
	2026/04/30 11:45:04	,	809230	,	1161	,10.513238,1999.9000,-2.03388214,-1182.4913,595456.5625,34.323,604733.5625,1999.9000,
	2026/04/30 11:45:04	,	810230	,	1162	,10.513518,1999.9000,-2.07150745,-1183.1465,595455.5000,34.321,604745.2500,1999.9000,
	2026/04/30 11:45:04	,	811230	,	1163	,10.513827,1999.9000,-2.10429859,-1184.0902,595374.9375,34.319,604855.0625,1999.9000,
	2026/04/30 11:45:04	,	812230	,	1164	,10.514085,1999.9000,-2.13235068,-1185.0757,595358.8125,34.318,604880.6875,1999.9000,
	2026/04/30 11:45:04	,	813230	,	1165	,10.514304,1999.9000,-2.15635633,-1186.8916,595343.5000,34.313,604969.7500,1999.9000,
	2026/04/30 11:45:04	,	814230	,	1166	,10.514487,1999.9000,-2.17900085,-1188.5044,595184.8750,34.310,605005.0625,1999.9000,
	2026/04/30 11:45:04	,	815230	,	1167	,10.514640,1999.9000,-2.19732809,-1190.0474,594921.5000,34.310,605026.7500,1999.9000,
	2026/04/30 11:45:04	,	816230	,	1168	,10.514767,1999.9000,-2.19732809,-1191.3331,594900.0625,34.313,605037.5625,1999.9000,
	2026/04/30 11:45:04	,	817230	,	1169	,10.514872,1999.9000,-2.19732809,-1192.5040,594892.9375,34.315,605044.0625,1999.9000,
	2026/04/30 11:45:04	,	818230	,	1170	,10.514930,1999.9000,-2.19732809,-1193.5792,594889.3750,34.307,605048.3750,1999.9000,
	2026/04/30 11:45:04	,	819230	,	1171	,10.514954,1999.9000,-2.19732809,-1194.3759,594887.1875,34.300,605052.0625,1999.9000,
	2026/04/30 11:45:04	,	820230	,	1172	,10.514954,1999.9000,-2.19239330,-1195.0397,594885.7500,34.304,605042.8750,1999.9000,
	2026/04/30 11:45:04	,	821230	,	1173	,10.514885,1999.9000,-2.17747569,-1195.5928,594898.7500,34.313,604925.6875,1999.9000,
	2026/04/30 11:45:04	,	822230	,	1174	,10.514743,1999.9000,-2.15895915,-1196.0538,594994.2500,34.320,604892.4375,1999.9000,
	2026/04/30 11:45:04	,	823230	,	1175	,10.514550,1999.9000,-2.13669300,-1196.4379,595000.1250,34.321,604788.6250,1999.9000,
	2026/04/30 11:45:04	,	824230	,	1176	,10.514284,1999.9000,-2.10764527,-1196.4596,595117.5625,34.323,604761.7500,1999.9000,
	2026/04/30 11:45:04	,	825230	,	1177	,10.513925,1999.9000,-2.07317138,-1196.7762,595396.3750,34.326,604745.3125,1999.9000,
	2026/04/30 11:45:04	,	826230	,	1178	,10.513511,1999.9000,-2.03639698,-1196.7416,595486.9375,34.331,604737.1250,1999.9000,
	2026/04/30 11:45:04	,	827230	,	1179	,10.513001,1999.9000,-1.99671066,-1196.6132,595486.9375,34.335,604732.1250,1999.9000,
	2026/04/30 11:45:04	,	828230	,	1180	,10.512468,1999.9000,-1.95498276,-1196.5062,595486.9375,34.339,604728.8750,1999.9000,
	2026/04/30 11:45:04	,	829230	,	1181	,10.511845,1999.9000,-1.91179252,-1196.4170,595486.9375,34.342,604726.1250,1999.9000,
	2026/04/30 11:45:04	,	830230	,	1182	,10.507360,1999.9000,-1.86539435,-1196.2434,595486.9375,34.342,604732.6250,1999.9000,
	2026/04/30 11:45:04	,	831230	,	1183	,10.506703,1999.9000,-1.81479883,-1195.9991,595389.8125,34.343,604746.0000,1999.9000,
	2026/04/30 11:45:04	,	832230	,	1184	,10.505919,1999.9000,-1.76047242,-1195.8950,595371.9375,34.344,604864.0625,1999.9000,
	2026/04/30 11:45:04	,	833230	,	1185	,10.505139,1999.9000,-1.70216894,-1195.9077,595361.2500,34.344,604894.2500,1999.9000,
	2026/04/30 11:45:04	,	834230	,	1186	,10.504351,1999.9000,-1.64275014,-1195.9183,595267.0625,34.344,604977.0625,1999.9000,
	2026/04/30 11:45:04	,	835230	,	1187	,10.499525,1999.9000,-1.58210874,-1196.0266,595046.0000,34.342,605008.8125,1999.9000,
	2026/04/30 11:45:04	,	836230	,	1188	,10.498601,1999.9000,-1.51637495,-1196.2164,594854.7500,34.336,605019.3750,1999.9000,
	2026/04/30 11:45:04	,	837230	,	1189	,10.497718,1999.9000,-1.44671464,-1196.3744,594854.7500,34.326,605024.6250,1999.9000,
	2026/04/30 11:45:04	,	838230	,	1190	,10.496755,1999.9000,-1.37331080,-1196.9041,594854.7500,34.317,605027.8125,1999.9000,
	2026/04/30 11:45:04	,	839230	,	1191	,10.491570,1999.9000,-1.29578531,-1197.3455,594854.7500,34.310,605029.8750,1999.9000,
	2026/04/30 11:45:04	,	840230	,	1192	,10.490573,1999.9000,-1.21701181,-1197.7133,594854.7500,34.302,605019.4375,1999.9000,
	2026/04/30 11:45:04	,	841230	,	1193	,10.489626,1999.9000,-1.13908291,-1197.8208,594960.2500,34.296,604898.5000,1999.9000,
	2026/04/30 11:45:04	,	842230	,	1194	,10.488727,1999.9000,-1.06209934,-1197.9104,594979.8750,34.290,604866.5625,1999.9000,
	2026/04/30 11:45:04	,	843230	,	1195	,10.484303,1999.9000,-0.98585320,-1197.9852,594989.8125,34.286,604772.9375,1999.9000,
	2026/04/30 11:45:04	,	844230	,	1196	,10.483423,1999.9000,-0.90749574,-1197.4507,595008.8125,34.282,604740.2500,1999.9000,
	2026/04/30 11:45:04	,	845230	,	1197	,10.482416,1999.9000,-0.82611310,-1195.4135,595293.9375,34.282,604649.0625,1999.9000,
	2026/04/30 11:45:04	,	846230	,	1198	,10.478315,1999.9000,-0.74842370,-1193.7159,595531.6250,34.285,604649.0625,1999.9000,
	2026/04/30 11:45:04	,	847230	,	1199	,10.477407,1999.9000,-0.67585170,-1192.2018,595531.6250,34.288,604649.0625,1999.9000,
	2026/04/30 11:45:04	,	848230	,	1200	,10.476359,1999.9000,-0.60885745,-1190.2437,595531.6250,34.287,604649.0625,1999.9000,
	2026/04/30 11:45:04	,	849230	,	1201	,10.471851,1999.9000,-0.54819077,-1188.5125,595531.6250,34.288,604649.0625,1999.9000,
	2026/04/30 11:45:04	,	850230	,	1202	,10.470868,1999.9000,-0.49276760,-1187.0697,595531.6250,34.291,604660.3125,1999.9000,
	2026/04/30 11:45:04	,	851230	,	1203	,10.469826,1999.9000,-0.44179395,-1185.8676,595410.6875,34.299,604785.0000,1999.9000,
	2026/04/30 11:45:04	,	852230	,	1204	,10.465477,1999.9000,-0.39637902,-1184.7662,595373.7500,34.308,604808.2500,1999.9000,
	2026/04/30 11:45:04	,	853230	,	1205	,10.464494,1999.9000,-0.35710260,-1183.8486,595351.3125,34.313,604834.0625,1999.9000,
	2026/04/30 11:45:04	,	854230	,	1206	,10.463331,1999.9000,-0.32457602,-1183.0837,595332.8125,34.313,604933.5625,1999.9000,
	2026/04/30 11:45:04	,	855230	,	1207	,10.458834,1999.9000,-0.29844004,-1182.4464,595117.5625,34.312,604962.2500,1999.9000,
	2026/04/30 11:45:04	,	856230	,	1208	,10.457820,1999.9000,-0.27236712,-1182.7111,594849.3750,34.312,604971.7500,1999.9000,
	2026/04/30 11:45:04	,	857230	,	1209	,10.456818,1999.9000,-0.24564502,-1182.9316,594849.3750,34.311,604976.5625,1999.9000,
	2026/04/30 11:45:04	,	858230	,	1210	,10.452608,1999.9000,-0.21790193,-1183.1154,594849.3750,34.311,604979.5000,1999.9000,
	2026/04/30 11:45:04	,	859230	,	1211	,10.451715,1999.9000,-0.18693835,-1182.8707,594849.3750,34.312,604981.3750,1999.9000,
	2026/04/30 11:45:04	,	860230	,	1212	,10.450821,1999.9000,-0.15220594,-1182.2688,594849.3750,34.313,604973.1250,1999.9000,
	2026/04/30 11:45:04	,	861230	,	1213	,10.449889,1999.9000,-0.11538112,-1181.7672,594859.0000,34.313,604859.8750,1999.9000,
	2026/04/30 11:45:04	,	862230	,	1214	,10.445369,1999.9000,-0.07869498,-1181.3494,594974.5000,34.314,604825.1250,1999.9000,
	2026/04/30 11:45:04	,	863230	,	1215	,10.444506,1999.9000,-0.04658435,-1181.0010,594981.7500,34.316,604713.7500,1999.9000,
	2026/04/30 11:45:04	,	864230	,	1216	,10.443642,1999.9000,-0.02143785,-1180.5118,594987.4375,34.317,604687.1250,1999.9000,
	2026/04/30 11:45:04	,	865230	,	1217	,10.442680,1999.9000,-0.00017992,-1180.1042,595158.6250,34.320,604662.5625,1999.9000,
	2026/04/30 11:45:04	,	866230	,	1218	,10.437803,1999.9000,0.01535544,-1179.6650,595453.5625,34.323,604650.3125,1999.9000,
	2026/04/30 11:45:04	,	867230	,	1219	,10.437178,1999.9000,0.02601907,-1179.2991,595459.1875,34.325,604642.9375,1999.9000,
	2026/04/30 11:45:04	,	868230	,	1220	,10.436373,1999.9000,0.03325420,-1179.0935,595461.0625,34.325,604638.0000,1999.9000,
	2026/04/30 11:45:04	,	869230	,	1221	,10.435583,1999.9000,0.03656927,-1178.9222,595462.0000,34.324,604633.9375,1999.9000,
	2026/04/30 11:45:04	,	870230	,	1222	,10.434883,1999.9000,0.03702619,-1178.9784,595462.5625,34.320,604635.1875,1999.9000,
	2026/04/30 11:45:04	,	871230	,	1223	,10.430505,1999.9000,0.03717849,-1179.2242,595462.9375,34.317,604647.8125,1999.9000,
	2026/04/30 11:45:04	,	872230	,	1224	,10.429924,1999.9000,0.03725465,-1180.2249,595450.8125,34.314,604759.6250,1999.9000,
	2026/04/30 11:45:04	,	873230	,	1225	,10.429254,1999.9000,0.03730031,-1181.6556,595437.8750,34.312,604783.1875,1999.9000,
	2026/04/30 11:45:04	,	874230	,	1226	,10.428665,1999.9000,0.03733076,-1183.9421,595352.8750,34.310,604868.9375,1999.9000,
	2026/04/30 11:45:04	,	875230	,	1227	,10.428127,1999.9000,0.03398528,-1185.9470,595237.9375,34.307,604906.3750,1999.9000,
	2026/04/30 11:45:04	,	876230	,	1228	,10.427575,1999.9000,0.02869757,-1187.6178,594984.6250,34.304,604923.5000,1999.9000,
	2026/04/30 11:45:04	,	877230	,	1229	,10.423505,1999.9000,0.02807992,-1189.2090,594895.2500,34.302,604932.1250,1999.9000,
	2026/04/30 11:45:04	,	878230	,	1230	,10.422954,1999.9000,0.02807992,-1190.7339,594895.2500,34.305,604937.1875,1999.9000,
	2026/04/30 11:45:04	,	879230	,	1231	,10.422512,1999.9000,0.02787404,-1192.3031,594895.2500,34.309,604940.5625,1999.9000,
	2026/04/30 11:45:04	,	880230	,	1232	,10.422083,1999.9000,0.02777111,-1193.7103,594895.2500,34.314,604943.4375,1999.9000,
	2026/04/30 11:45:04	,	881230	,	1233	,10.421706,1999.9000,0.02770681,-1194.8831,594895.2500,34.317,604931.9375,1999.9000,
	2026/04/30 11:45:04	,	882230	,	1234	,10.421360,1999.9000,0.02766394,-1195.8602,594908.1875,34.318,604811.5625,1999.9000,
	2026/04/30 11:45:04	,	883230	,	1235	,10.420973,1999.9000,0.02763034,-1196.6746,595009.1250,34.321,604784.6875,1999.9000,
	2026/04/30 11:45:04	,	884230	,	1236	,10.420517,1999.9000,0.02763490,-1197.2537,595017.1250,34.324,604699.1875,1999.9000,
	2026/04/30 11:45:04	,	885230	,	1237	,10.420063,1999.9000,0.02769754,-1197.7363,595124.0625,34.326,604670.8125,1999.9000,
	2026/04/30 11:45:04	,	886230	,	1238	,10.419648,1999.9000,0.03096643,-1197.9395,595401.1250,34.325,604653.8750,1999.9000,
	2026/04/30 11:45:04	,	887230	,	1239	,10.419193,1999.9000,0.03563019,-1198.1089,595544.7500,34.324,604645.4375,1999.9000,
	2026/04/30 11:45:04	,	888230	,	1240	,10.418810,1999.9000,0.03563019,-1197.9515,595544.7500,34.323,604640.3750,1999.9000,
	2026/04/30 11:45:04	,	889230	,	1241	,10.418475,1999.9000,0.03563019,-1197.7209,595544.7500,34.322,604637.0000,1999.9000,
	2026/04/30 11:45:04	,	890230	,	1242	,10.418171,1999.9000,0.03563019,-1197.5287,595544.7500,34.325,604634.1875,1999.9000,
	2026/04/30 11:45:04	,	891230	,	1243	,10.417912,1999.9000,0.03563019,-1197.3687,595544.7500,34.327,604641.1250,1999.9000,
	2026/04/30 11:45:04	,	892230	,	1244	,10.417697,1999.9000,0.03286976,-1196.9368,595438.0625,34.323,604737.8125,1999.9000,
	2026/04/30 11:45:04	,	893230	,	1245	,10.417519,1999.9000,0.02779636,-1196.3781,595413.9375,34.319,604762.8750,1999.9000,
	2026/04/30 11:45:04	,	894230	,	1246	,10.417369,1999.9000,0.02284896,-1195.9124,595402.8750,34.323,604853.8125,1999.9000,
	2026/04/30 11:45:04	,	895230	,	1247	,10.417245,1999.9000,0.01844992,-1195.5243,595317.1250,34.327,604888.2500,1999.9000,
	2026/04/30 11:45:04	,	896230	,	1248	,10.417191,1999.9000,0.01218533,-1195.2009,595102.0625,34.331,604980.6875,1999.9000,
	2026/04/30 11:45:04	,	897230	,	1249	,10.417166,1999.9000,0.00508887,-1194.9314,594866.1250,34.333,604980.6875,1999.9000,
	2026/04/30 11:45:04	,	898230	,	1250	,10.417190,1999.9000,0.00048812,-1194.7068,594866.1250,34.335,604980.6875,1999.9000,
	2026/04/30 11:45:04	,	899230	,	1251	,10.417269,1999.9000,-0.00344457,-1194.5197,594866.1250,34.323,604980.6875,1999.9000,
	2026/04/30 11:45:04	,	900230	,	1252	,10.417455,1999.9000,-0.00655792,-1194.3638,594866.1250,34.314,604980.6875,1999.9000,
	2026/04/30 11:45:04	,	901230	,	1253	,10.417708,1999.9000,-0.00736148,-1193.8359,594866.1250,34.310,604968.5625,1999.9000,
	2026/04/30 11:45:04	,	902230	,	1254	,10.418094,1999.9000,-0.01007467,-1193.3960,594959.0000,34.313,604837.5625,1999.9000,
	2026/04/30 11:45:04	,	903230	,	1255	,10.418559,1999.9000,-0.01279730,-1193.0294,594980.1875,34.315,604808.5625,1999.9000,
	2026/04/30 11:45:04	,	904230	,	1256	,10.419130,1999.9000,-0.01565856,-1192.7240,594991.8125,34.311,604715.5000,1999.9000,
	2026/04/30 11:45:04	,	905230	,	1257	,10.419789,1999.9000,-0.01573104,-1192.2705,595074.6250,34.308,604688.0625,1999.9000,
	2026/04/30 11:45:04	,	906230	,	1258	,10.424279,1999.9000,-0.01589807,-1191.8926,595300.4375,34.305,604665.8750,1999.9000,
	2026/04/30 11:45:04	,	907230	,	1259	,10.425023,1999.9000,-0.01623209,-1191.7766,595584.6250,34.306,604654.6875,1999.9000,
	2026/04/30 11:45:04	,	908230	,	1260	,10.425698,1999.9000,-0.01853876,-1191.6799,595584.6250,34.307,604648.0625,1999.9000,
	2026/04/30 11:45:04	,	909230	,	1261	,10.426408,1999.9000,-0.01862699,-1191.6987,595584.6250,34.307,604643.5625,1999.9000,
	2026/04/30 11:45:04	,	910230	,	1262	,10.427162,1999.9000,-0.02112903,-1191.8141,595584.6250,34.308,604639.8750,1999.9000,
	2026/04/30 11:45:04	,	911230	,	1263	,10.432233,1999.9000,-0.02766460,-1191.8141,595584.6250,34.308,604647.1875,1999.9000,
	2026/04/30 11:45:04	,	912230	,	1264	,10.432918,1999.9000,-0.03522746,-1192.2085,595486.9375,34.308,604748.1250,1999.9000,
	2026/04/30 11:45:04	,	913230	,	1265	,10.433702,1999.9000,-0.04197101,-1192.5372,595457.1250,34.308,604775.8750,1999.9000,
	2026/04/30 11:45:04	,	914230	,	1266	,10.434534,1999.9000,-0.04794566,-1192.8112,595438.6250,34.312,604871.3750,1999.9000,
	2026/04/30 11:45:04	,	915230	,	1267	,10.439114,1999.9000,-0.05361780,-1193.0396,595420.2500,34.314,604898.1875,1999.9000,
	2026/04/30 11:45:04	,	916230	,	1268	,10.440187,1999.9000,-0.06123737,-1193.3292,595178.9375,34.317,605003.6250,1999.9000,
	2026/04/30 11:45:04	,	917230	,	1269	,10.441159,1999.9000,-0.07217201,-1193.5706,594900.0625,34.319,605003.6250,1999.9000,
	2026/04/30 11:45:04	,	918230	,	1270	,10.442078,1999.9000,-0.08192180,-1194.1697,594900.0625,34.320,605003.6250,1999.9000,
	2026/04/30 11:45:04	,	919230	,	1271	,10.446948,1999.9000,-0.09041110,-1194.1716,594900.0625,34.321,605003.6250,1999.9000,
	2026/04/30 11:45:04	,	920230	,	1272	,10.448199,1999.9000,-0.09709162,-1193.9741,594900.0625,34.323,605003.6250,1999.9000,
	2026/04/30 11:45:04	,	921230	,	1273	,10.449252,1999.9000,-0.10068397,-1193.8097,594900.0625,34.324,604998.8125,1999.9000,
	2026/04/30 11:45:04	,	922230	,	1274	,10.450225,1999.9000,-0.10173649,-1193.9711,594906.7500,34.324,604897.9375,1999.9000,
	2026/04/30 11:45:04	,	923230	,	1275	,10.455080,1999.9000,-0.10486875,-1194.2050,594999.5625,34.325,604863.4375,1999.9000,
	2026/04/30 11:45:04	,	924230	,	1276	,10.456198,1999.9000,-0.10709348,-1194.3999,595010.5625,34.326,604756.5625,1999.9000,
	2026/04/30 11:45:04	,	925230	,	1277	,10.457146,1999.9000,-0.10940018,-1194.4629,595020.5625,34.326,604728.5000,1999.9000,
	2026/04/30 11:45:04	,	926230	,	1278	,10.458044,1999.9000,-0.10948209,-1194.5154,595196.1875,34.328,604647.3125,1999.9000,
	2026/04/30 11:45:04	,	927230	,	1279	,10.463035,1999.9000,-0.10953461,-1194.5591,595491.6875,34.329,604647.3125,1999.9000,
	2026/04/30 11:45:04	,	928230	,	1280	,10.464107,1999.9000,-0.10991853,-1194.6949,595503.0000,34.331,604647.3125,1999.9000,
	2026/04/30 11:45:04	,	929230	,	1281	,10.465268,1999.9000,-0.11264589,-1194.9076,595506.8125,34.335,604647.3125,1999.9000,
	2026/04/30 11:45:04	,	930230	,	1282	,10.469767,1999.9000,-0.11906800,-1195.3833,595508.6875,34.338,604647.3125,1999.9000,
	2026/04/30 11:45:04	,	931230	,	1283	,10.470839,1999.9000,-0.13034298,-1195.8792,595509.8125,34.341,604654.6875,1999.9000,
	2026/04/30 11:45:04	,	932230	,	1284	,10.471811,1999.9000,-0.14541827,-1196.2924,595510.6250,34.341,604762.6250,1999.9000,
	2026/04/30 11:45:04	,	933230	,	1285	,10.472804,1999.9000,-0.16340525,-1196.6368,595497.5625,34.338,604798.2500,1999.9000,
	2026/04/30 11:45:04	,	934230	,	1286	,10.477809,1999.9000,-0.18540056,-1196.9237,595392.8125,34.332,604897.3750,1999.9000,
	2026/04/30 11:45:04	,	935230	,	1287	,10.478718,1999.9000,-0.21160586,-1197.0634,595382.6875,34.325,604925.6875,1999.9000,
	2026/04/30 11:45:04	,	936230	,	1288	,10.479746,1999.9000,-0.24197702,-1195.5883,595261.1250,34.312,605022.3750,1999.9000,
	2026/04/30 11:45:04	,	937230	,	1289	,10.483826,1999.9000,-0.27911696,-1193.4637,594997.7500,34.301,605022.3750,1999.9000,
	2026/04/30 11:45:04	,	938230	,	1290	,10.484660,1999.9000,-0.32017693,-1191.2953,594875.0000,34.292,605022.3750,1999.9000,
	2026/04/30 11:45:04	,	939230	,	1291	,10.485613,1999.9000,-0.36433774,-1188.9910,594875.0000,34.284,605022.3750,1999.9000,
	2026/04/30 11:45:04	,	940230	,	1292	,10.486581,1999.9000,-0.41214126,-1186.8717,594875.0000,34.278,605022.3750,1999.9000,
	2026/04/30 11:45:04	,	941230	,	1293	,10.491422,1999.9000,-0.46198049,-1185.1056,594875.0000,34.286,605022.3750,1999.9000,
	2026/04/30 11:45:04	,	942230	,	1294	,10.492123,1999.9000,-0.51488268,-1183.6339,594875.0000,34.295,605010.8125,1999.9000,
	2026/04/30 11:45:04	,	943230	,	1295	,10.492990,1999.9000,-0.57364601,-1182.4076,594957.8750,34.306,604885.2500,1999.9000,
	2026/04/30 11:45:04	,	944230	,	1296	,10.493917,1999.9000,-0.63895762,-1181.5845,594969.1250,34.316,604850.8125,1999.9000,
	2026/04/30 11:45:04	,	945230	,	1297	,10.498274,1999.9000,-0.71009892,-1180.9980,594977.1250,34.324,604751.1250,1999.9000,
	2026/04/30 11:45:04	,	946230	,	1298	,10.499003,1999.9000,-0.78542495,-1180.9073,595086.5625,34.329,604720.0000,1999.9000,
	2026/04/30 11:45:04	,	947230	,	1299	,10.499654,1999.9000,-0.86076355,-1181.2296,595356.4375,34.334,604709.6250,1999.9000,
	2026/04/30 11:45:04	,	948230	,	1300	,10.500388,1999.9000,-0.93850970,-1181.6970,595507.7500,34.337,604704.4375,1999.9000,
	2026/04/30 11:45:04	,	949230	,	1301	,10.501103,1999.9000,-1.01998055,-1182.2855,595507.7500,34.340,604701.3750,1999.9000,
	2026/04/30 11:45:04	,	950230	,	1302	,10.505184,1999.9000,-1.10381484,-1182.7759,595507.7500,34.340,604699.2500,1999.9000,
	2026/04/30 11:45:04	,	951230	,	1303	,10.505766,1999.9000,-1.19066787,-1183.1847,595507.7500,34.338,604701.1875,1999.9000,
	2026/04/30 11:45:04	,	952230	,	1304	,10.506307,1999.9000,-1.27967644,-1183.1273,595507.7500,34.330,604783.1875,1999.9000,
	2026/04/30 11:45:04	,	953230	,	1305	,10.506875,1999.9000,-1.36801064,-1182.9801,595397.5625,34.324,604814.8750,1999.9000,
	2026/04/30 11:45:04	,	954230	,	1306	,10.507436,1999.9000,-1.45371044,-1182.9569,595374.0000,34.324,604919.0625,1999.9000,
	2026/04/30 11:45:04	,	955230	,	1307	,10.507969,1999.9000,-1.53595006,-1182.8380,595360.6250,34.325,605000.5625,1999.9000,
	2026/04/30 11:45:04	,	956230	,	1308	,10.508533,1999.9000,-1.61450291,-1182.0426,595276.0625,34.326,605082.1875,1999.9000,
	2026/04/30 11:45:04	,	957230	,	1309	,10.509117,1999.9000,-1.69241929,-1181.3798,595060.9375,34.326,605101.1875,1999.9000,
	2026/04/30 11:45:04	,	958230	,	1310	,10.509694,1999.9000,-1.76750576,-1180.8275,594810.1250,34.326,605107.5000,1999.9000,
	2026/04/30 11:45:04	,	959230	,	1311	,10.510238,1999.9000,-1.83579850,-1180.2677,594810.1250,34.322,605110.6875,1999.9000,
	2026/04/30 11:45:04	,	960230	,	1312	,10.510840,1999.9000,-1.89747977,-1179.9008,594810.1250,34.318,605112.5625,1999.9000,
	2026/04/30 11:45:04	,	961230	,	1313	,10.511446,1999.9000,-1.95084214,-1179.8934,594810.1250,34.322,605113.8125,1999.9000,
	2026/04/30 11:45:04	,	962230	,	1314	,10.511992,1999.9000,-1.99568975,-1180.0862,594810.1250,34.324,605102.0000,1999.9000,
	2026/04/30 11:45:04	,	963230	,	1315	,10.512535,1999.9000,-2.03451252,-1180.2468,594919.7500,34.326,605102.0000,1999.9000,
	2026/04/30 11:45:04	,	964230	,	1316	,10.512988,1999.9000,-2.06848216,-1181.2760,594947.1250,34.328,604968.6250,1999.9000,
	2026/04/30 11:45:04	,	965230	,	1317	,10.513365,1999.9000,-2.09778833,-1182.7306,594959.8125,34.334,604939.3125,1999.9000,
	2026/04/30 11:45:04	,	966230	,	1318	,10.513684,1999.9000,-2.12294102,-1184.6389,594977.0000,34.342,604850.8125,1999.9000,
	2026/04/30 11:45:04	,	967230	,	1319	,10.513986,1999.9000,-2.14143872,-1186.3287,595250.4375,34.352,604827.5625,1999.9000,
	2026/04/30 11:45:04	,	968230	,	1320	,10.514252,1999.9000,-2.15449095,-1187.7369,595542.3750,34.360,604819.8750,1999.9000,
	2026/04/30 11:45:04	,	969230	,	1321	,10.514459,1999.9000,-2.16608715,-1189.3082,595542.3750,34.367,604815.9375,1999.9000,
	2026/04/30 11:45:04	,	970230	,	1322	,10.514596,1999.9000,-2.17506170,-1191.0156,595542.3750,34.373,604813.6250,1999.9000,
	2026/04/30 11:45:04	,	971230	,	1323	,10.514706,1999.9000,-2.17506170,-1192.4384,595542.3750,34.378,604812.0625,1999.9000,
	2026/04/30 11:45:04	,	972230	,	1324	,10.514791,1999.9000,-2.17506170,-1193.6240,595542.3750,34.379,604821.8125,1999.9000,
	2026/04/30 11:45:04	,	973230	,	1325	,10.514862,1999.9000,-2.17506170,-1194.6121,595446.4375,34.372,604937.8125,1999.9000,
	2026/04/30 11:45:04	,	974230	,	1326	,10.514864,1999.9000,-2.17506170,-1195.3359,595418.6875,34.364,604969.4375,1999.9000,
	2026/04/30 11:45:04	,	975230	,	1327	,10.514790,1999.9000,-2.17479610,-1195.8396,595399.6875,34.358,605075.5000,1999.9000,
	2026/04/30 11:45:04	,	976230	,	1328	,10.514698,1999.9000,-2.16126585,-1196.2595,595381.5625,34.350,605113.8125,1999.9000,
	2026/04/30 11:45:04	,	977230	,	1329	,10.514543,1999.9000,-2.14721155,-1196.6094,595166.3750,34.344,605138.8750,1999.9000,
	2026/04/30 11:45:04	,	978230	,	1330	,10.514228,1999.9000,-2.13122249,-1197.0004,594889.9375,34.336,605151.4375,1999.9000,
	2026/04/30 11:45:04	,	979230	,	1331	,10.513868,1999.9000,-2.10888696,-1197.2267,594887.5000,34.330,605159.0000,1999.9000,
	2026/04/30 11:45:04	,	980230	,	1332	,10.513390,1999.9000,-2.08047581,-1197.4153,594886.7500,34.324,605164.0000,1999.9000,
	2026/04/30 11:45:04	,	981230	,	1333	,10.512806,1999.9000,-2.04550385,-1197.2740,594886.3750,34.318,605168.1250,1999.9000,
	2026/04/30 11:45:04	,	982230	,	1334	,10.508670,1999.9000,-2.00278640,-1197.1564,594886.1250,34.312,605163.7500,1999.9000,
	2026/04/30 11:45:04	,	983230	,	1335	,10.507970,1999.9000,-1.95424533,-1197.5557,594886.0000,34.303,605061.6250,1999.9000,
	2026/04/30 11:45:04	,	984230	,	1336	,10.507299,1999.9000,-1.90189779,-1197.8885,594897.9375,34.295,604978.8750,1999.9000,
	2026/04/30 11:45:04	,	985230	,	1337	,10.506607,1999.9000,-1.84588230,-1198.1658,594911.1875,34.288,604945.3750,1999.9000,
	2026/04/30 11:45:04	,	986230	,	1338	,10.505922,1999.9000,-1.78651381,-1197.8994,594924.0000,34.287,604835.6875,1999.9000,
	2026/04/30 11:45:04	,	987230	,	1339	,10.501520,1999.9000,-1.72216022,-1197.6776,595143.7500,34.288,604808.8125,1999.9000,
	2026/04/30 11:45:04	,	988230	,	1340	,10.500628,1999.9000,-1.65150428,-1197.5922,595431.5000,34.288,604722.1250,1999.9000,
	2026/04/30 11:45:04	,	989230	,	1341	,10.499674,1999.9000,-1.57957518,-1197.7200,595441.3750,34.295,604722.1250,1999.9000,
	2026/04/30 11:45:04	,	990230	,	1342	,10.498780,1999.9000,-1.50686467,-1197.8264,595444.6250,34.301,604722.1250,1999.9000,
	2026/04/30 11:45:04	,	991230	,	1343	,10.494103,1999.9000,-1.43400908,-1197.7161,595446.2500,34.307,604722.1250,1999.9000,
	2026/04/30 11:45:04	,	992230	,	1344	,10.493165,1999.9000,-1.36309469,-1197.6243,595447.2500,34.312,604722.1250,1999.9000,
	2026/04/30 11:45:04	,	993230	,	1345	,10.492347,1999.9000,-1.29318869,-1197.7467,595447.9375,34.316,604731.0000,1999.9000,
	2026/04/30 11:45:04	,	994230	,	1346	,10.491385,1999.9000,-1.22285414,-1197.6498,595434.8750,34.320,604838.6875,1999.9000,
	2026/04/30 11:45:04	,	995230	,	1347	,10.486775,1999.9000,-1.15159941,-1197.5690,595335.0000,34.320,604872.2500,1999.9000,
	2026/04/30 11:45:04	,	996230	,	1348	,10.486775,1999.9000,-1.07934892,-1196.8053,595328.1250,34.321,604964.3125,1999.9000,
	2026/04/30 11:45:04	,	997230	,	1349	,10.484710,1999.9000,-1.00805020,-1195.9700,595227.8125,34.313,604990.6250,1999.9000,
	2026/04/30 11:45:04	,	998230	,	1350	,10.483782,1999.9000,-0.94004744,-1194.8760,594973.3750,34.305,605085.1875,1999.9000,
	2026/04/30 11:45:04	,	999230	,	1351	,10.478851,1999.9000,-0.87099236,-1193.9644,594839.8750,34.295,605085.1875,1999.9000,
	2026/04/30 11:45:05	,	000230	,	1352	,10.477913,1999.9000,-0.80168504,-1192.7073,594839.8750,34.282,605085.1875,1999.9000,
	2026/04/30 11:45:05	,	001230	,	1353	,10.476875,1999.9000,-0.73372018,-1190.1676,594839.8750,34.271,605085.1875,1999.9000,
	2026/04/30 11:45:05	,	002230	,	1354	,10.472328,1999.9000,-0.66569233,-1187.9518,594839.8750,34.263,605085.1875,1999.9000,
	2026/04/30 11:45:05	,	003230	,	1355	,10.471434,1999.9000,-0.59865385,-1186.1051,594839.8750,34.260,605074.0625,1999.9000,
	2026/04/30 11:45:05	,	004230	,	1356	,10.470531,1999.9000,-0.53511328,-1184.5663,594922.7500,34.260,604943.2500,1999.9000,
	2026/04/30 11:45:05	,	005230	,	1357	,10.466519,1999.9000,-0.47626799,-1183.2839,594938.5000,34.258,604910.9375,1999.9000,
	2026/04/30 11:45:05	,	006230	,	1358	,10.465417,1999.9000,-0.42363051,-1182.2153,594946.7500,34.260,604811.5625,1999.9000,
	2026/04/30 11:45:05	,	007230	,	1359	,10.464275,1999.9000,-0.37733325,-1181.4243,595046.6250,34.263,604781.0625,1999.9000,
	2026/04/30 11:45:05	,	008230	,	1360	,10.459936,1999.9000,-0.33414301,-1181.0636,595307.0000,34.264,604691.9375,1999.9000,
	2026/04/30 11:45:05	,	009230	,	1361	,10.458863,1999.9000,-0.29553467,-1181.3597,595490.5000,34.266,604691.9375,1999.9000,
	2026/04/30 11:45:05	,	010230	,	1362	,10.457801,1999.9000,-0.26066989,-1181.7061,595490.5000,34.267,604691.9375,1999.9000,
	2026/04/30 11:45:05	,	011230	,	1363	,10.456853,1999.9000,-0.22792272,-1182.2931,595490.5000,34.268,604691.9375,1999.9000,
	2026/04/30 11:45:05	,	012230	,	1364	,10.451803,1999.9000,-0.19816919,-1182.7822,595490.5000,34.269,604691.9375,1999.9000,
	2026/04/30 11:45:05	,	013230	,	1365	,10.451803,1999.9000,-0.17060886,-1183.1899,595490.5000,34.269,604693.1250,1999.9000,
	2026/04/30 11:45:05	,	014230	,	1366	,10.450672,1999.9000,-0.14198346,-1183.5297,595390.4375,34.270,604774.6875,1999.9000,
	2026/04/30 11:45:05	,	015230	,	1367	,10.449748,1999.9000,-0.11080559,-1183.4148,595364.1875,34.272,604804.9375,1999.9000,
	2026/04/30 11:45:05	,	016230	,	1368	,10.448795,1999.9000,-0.07827900,-1182.6228,595344.3125,34.275,604894.3125,1999.9000,
	2026/04/30 11:45:05	,	017230	,	1369	,10.443790,1999.9000,-0.04867674,-1181.9628,595249.1875,34.281,604920.8750,1999.9000,
	2026/04/30 11:45:05	,	018230	,	1370	,10.442778,1999.9000,-0.02920238,-1180.5175,595032.9375,34.286,605015.7500,1999.9000,
	2026/04/30 11:45:05	,	019230	,	1371	,10.441924,1999.9000,-0.01796525,-1179.3130,594770.7500,34.291,605021.4375,1999.9000,
	2026/04/30 11:45:05	,	020230	,	1372	,10.441080,1999.9000,-0.01013138,-1178.3093,594770.7500,34.297,605023.3125,1999.9000,
	2026/04/30 11:45:05	,	021230	,	1373	,10.436730,1999.9000,-0.00418194,-1177.4731,594770.7500,34.303,605024.2500,1999.9000,
	2026/04/30 11:45:05	,	022230	,	1374	,10.436075,1999.9000,0.00225910,-1177.6714,594770.7500,34.305,605024.8125,1999.9000,
	2026/04/30 11:45:05	,	023230	,	1375	,10.435271,1999.9000,0.00967067,-1177.9362,594770.7500,34.308,605025.1875,1999.9000,
	2026/04/30 11:45:05	,	024230	,	1376	,10.434534,1999.9000,0.01633232,-1179.2510,594885.1250,34.309,604943.8125,1999.9000,
	2026/04/30 11:45:05	,	025230	,	1377	,10.433830,1999.9000,0.02206117,-1180.8441,594912.3125,34.305,604914.5625,1999.9000,
	2026/04/30 11:45:05	,	026230	,	1378	,10.433196,1999.9000,0.02727954,-1182.6689,594928.6250,34.301,604821.8125,1999.9000,
	2026/04/30 11:45:05	,	027230	,	1379	,10.428479,1999.9000,0.03196222,-1184.7866,595018.6250,34.295,604789.2500,1999.9000,
	2026/04/30 11:45:05	,	028230	,	1380	,10.427720,1999.9000,0.03880658,-1187.1481,595231.9375,34.281,604695.6250,1999.9000,
	2026/04/30 11:45:05	,	029230	,	1381	,10.427118,1999.9000,0.04586525,-1189.3149,595520.8750,34.269,604682.9375,1999.9000,
	2026/04/30 11:45:05	,	030230	,	1382	,10.426514,1999.9000,0.04806481,-1191.3196,595520.8750,34.259,604678.6875,1999.9000,
	2026/04/30 11:45:05	,	031230	,	1383	,10.425941,1999.9000,0.04806481,-1192.9902,595520.8750,34.256,604676.5625,1999.9000,
	2026/04/30 11:45:05	,	032230	,	1384	,10.425391,1999.9000,0.04806481,-1194.3823,595520.8750,34.258,604675.2500,1999.9000,
	2026/04/30 11:45:05	,	033230	,	1385	,10.424804,1999.9000,0.04806481,-1195.5424,595520.8750,34.259,604674.3750,1999.9000,
	2026/04/30 11:45:05	,	034230	,	1386	,10.424175,1999.9000,0.04806481,-1196.4098,595520.8750,34.261,604685.2500,1999.9000,
	2026/04/30 11:45:05	,	035230	,	1387	,10.423522,1999.9000,0.04451656,-1197.0330,595508.1875,34.260,604797.6250,1999.9000,
	2026/04/30 11:45:05	,	036230	,	1388	,10.422869,1999.9000,0.04050825,-1197.6519,595375.5000,34.259,604826.0625,1999.9000,
	2026/04/30 11:45:05	,	037230	,	1389	,10.422239,1999.9000,0.03589491,-1197.8691,595375.5000,34.261,604917.2500,1999.9000,
	2026/04/30 11:45:05	,	038230	,	1390	,10.421640,1999.9000,0.02831313,-1197.7518,595360.8125,34.263,604951.4375,1999.9000,
	2026/04/30 11:45:05	,	039230	,	1391	,10.421008,1999.9000,0.01863897,-1197.6541,594916.7500,34.265,604962.8125,1999.9000,
	2026/04/30 11:45:05	,	040230	,	1392	,10.420426,1999.9000,0.01157401,-1197.4731,594916.7500,34.266,604968.5000,1999.9000,
	2026/04/30 11:45:05	,	041230	,	1393	,10.419921,1999.9000,0.01157401,-1197.3223,594913.7500,34.270,604971.8750,1999.9000,
	2026/04/30 11:45:05	,	042230	,	1394	,10.419420,1999.9000,0.01157401,-1196.9976,594912.8125,34.280,604974.1875,1999.9000,
	2026/04/30 11:45:05	,	043230	,	1395	,10.418969,1999.9000,0.01157401,-1196.7271,594912.3125,34.288,604972.1250,1999.9000,
	2026/04/30 11:45:05	,	044230	,	1396	,10.418588,1999.9000,0.01157401,-1196.3027,594911.8125,34.295,604871.3750,1999.9000,
	2026/04/30 11:45:05	,	045230	,	1397	,10.418245,1999.9000,0.01171474,-1195.8496,594911.8125,34.300,604835.3750,1999.9000,
	2026/04/30 11:45:05	,	046230	,	1398	,10.417961,1999.9000,0.01192973,-1195.3724,594923.5625,34.306,604750.5000,1999.9000,
	2026/04/30 11:45:05	,	047230	,	1399	,10.417723,1999.9000,0.01213931,-1194.9750,594935.6875,34.312,604724.8750,1999.9000,
	2026/04/30 11:45:05	,	048230	,	1400	,10.417525,1999.9000,0.01464957,-1194.5442,594947.7500,34.317,604698.5625,1999.9000,
	2026/04/30 11:45:05	,	049230	,	1401	,10.417360,1999.9000,0.01952130,-1193.9862,595149.1250,34.322,604685.4375,1999.9000,
	2026/04/30 11:45:05	,	050230	,	1402	,10.417223,1999.9000,0.01952130,-1193.5212,595436.3125,34.326,604677.6250,1999.9000,
	2026/04/30 11:45:05	,	051230	,	1403	,10.417129,1999.9000,0.01952130,-1193.1338,595469.6875,34.333,604672.3125,1999.9000,
	2026/04/30 11:45:05	,	052230	,	1404	,10.417144,1999.9000,0.01952130,-1192.7114,595480.8125,34.338,604667.9375,1999.9000,
	2026/04/30 11:45:05	,	053230	,	1405	,10.417211,1999.9000,0.01952130,-1192.2600,595486.3750,34.346,604665.2500,1999.9000,
	2026/04/30 11:45:05	,	054230	,	1406	,10.417326,1999.9000,0.01917781,-1191.8838,595489.6250,34.352,604676.4375,1999.9000,
	2026/04/30 11:45:05	,	055230	,	1407	,10.417586,1999.9000,0.01051521,-1191.5703,595491.8750,34.357,604807.9375,1999.9000,
	2026/04/30 11:45:05	,	056230	,	1408	,10.417912,1999.9000,0.00315403,-1191.3091,595408.3125,34.361,604828.4375,1999.9000,
	2026/04/30 11:45:05	,	057230	,	1409	,10.418293,1999.9000,-0.00405589,-1191.0914,595389.8125,34.365,604853.1875,1999.9000,
	2026/04/30 11:45:05	,	058230	,	1410	,10.418795,1999.9000,-0.01224898,-1190.9099,595380.5000,34.368,604963.1875,1999.9000,
	2026/04/30 11:45:05	,	059230	,	1411	,10.419411,1999.9000,-0.02305126,-1190.7588,595273.0625,34.357,605002.1250,1999.9000,
	2026/04/30 11:45:05	,	060230	,	1412	,10.423713,1999.9000,-0.03200695,-1190.7323,595014.5000,34.347,605015.1250,1999.9000,
	2026/04/30 11:45:05	,	061230	,	1413	,10.424338,1999.9000,-0.03200695,-1190.7102,594868.5000,34.340,605021.6250,1999.9000,
	2026/04/30 11:45:05	,	062230	,	1414	,10.424944,1999.9000,-0.03881982,-1190.7913,594868.5000,34.333,605025.5000,1999.9000,
	2026/04/30 11:45:05	,	063230	,	1415	,10.425656,1999.9000,-0.04414532,-1190.8589,594868.5000,34.328,605028.1250,1999.9000,
	2026/04/30 11:45:05	,	064230	,	1416	,10.429671,1999.9000,-0.04718309,-1190.9152,594868.5000,34.323,605019.1250,1999.9000,
	2026/04/30 11:45:05	,	065230	,	1417	,10.430639,1999.9000,-0.04820407,-1191.0615,594868.5000,34.319,604919.0625,1999.9000,
	2026/04/30 11:45:05	,	066230	,	1418	,10.431468,1999.9000,-0.05184684,-1191.1836,594969.7500,34.316,604894.2500,1999.9000,
	2026/04/30 11:45:05	,	067230	,	1419	,10.432299,1999.9000,-0.05416612,-1191.2853,594988.5625,34.314,604806.7500,1999.9000,
	2026/04/30 11:45:05	,	068230	,	1420	,10.436433,1999.9000,-0.05438986,-1191.3700,594998.3750,34.311,604781.6875,1999.9000,
	2026/04/30 11:45:05	,	069230	,	1421	,10.437387,1999.9000,-0.05474596,-1191.5400,595100.2500,34.310,604773.0000,1999.9000,
	2026/04/30 11:45:05	,	070230	,	1422	,10.438280,1999.9000,-0.05493186,-1191.8806,595349.3125,34.308,604768.5625,1999.9000,
	2026/04/30 11:45:05	,	071230	,	1423	,10.439210,1999.9000,-0.05534845,-1192.6620,595545.8750,34.307,604766.0000,1999.9000,
	2026/04/30 11:45:05	,	072230	,	1424	,10.443671,1999.9000,-0.05796013,-1193.3130,595545.8750,34.303,604764.2500,1999.9000,
	2026/04/30 11:45:05	,	073230	,	1425	,10.444848,1999.9000,-0.05848953,-1193.8555,595545.8750,34.299,604762.7500,1999.9000,
	2026/04/30 11:45:05	,	074230	,	1426	,10.445896,1999.9000,-0.06586963,-1194.3076,595545.8750,34.300,604767.8125,1999.9000,
	2026/04/30 11:45:05	,	075230	,	1427	,10.446881,1999.9000,-0.07462994,-1194.6844,595545.8750,34.300,604779.1875,1999.9000,
	2026/04/30 11:45:05	,	076230	,	1428	,10.452042,1999.9000,-0.08319486,-1194.7994,595430.9375,34.300,604870.7500,1999.9000,
	2026/04/30 11:45:05	,	077230	,	1429	,10.453144,1999.9000,-0.09073251,-1194.6963,595399.6250,34.292,604896.1250,1999.9000,
	2026/04/30 11:45:05	,	078230	,	1430	,10.454127,1999.9000,-0.09702860,-1194.3120,595384.6875,34.286,604978.2500,1999.9000,
	2026/04/30 11:45:05	,	079230	,	1431	,10.455050,1999.9000,-0.10334358,-1193.9917,595366.3125,34.281,605013.8750,1999.9000,
	2026/04/30 11:45:05	,	080230	,	1432	,10.460263,1999.9000,-0.11339586,-1193.9917,595111.5625,34.283,605025.7500,1999.9000,
	2026/04/30 11:45:05	,	081230	,	1433	,10.461366,1999.9000,-0.12393344,-1193.4028,594846.4375,34.284,605031.6875,1999.9000,
	2026/04/30 11:45:05	,	082230	,	1434	,10.462448,1999.9000,-0.13310342,-1193.2340,594846.4375,34.282,605035.2500,1999.9000,
	2026/04/30 11:45:05	,	083230	,	1435	,10.466996,1999.9000,-0.14158642,-1193.3918,594846.4375,34.278,605037.6875,1999.9000,
	2026/04/30 11:45:05	,	084230	,	1436	,10.467994,1999.9000,-0.14851272,-1193.8218,594846.4375,34.277,605031.6250,1999.9000,
	2026/04/30 11:45:05	,	085230	,	1437	,10.469011,1999.9000,-0.15459453,-1194.1801,594846.4375,34.276,604920.3125,1999.9000,
	2026/04/30 11:45:05	,	086230	,	1438	,10.470004,1999.9000,-0.16243470,-1194.4786,594857.2500,34.279,604893.6875,1999.9000,
	2026/04/30 11:45:05	,	087230	,	1439	,10.475039,1999.9000,-0.17327479,-1194.7274,594965.6250,34.281,604806.7500,1999.9000,
	2026/04/30 11:45:05	,	088230	,	1440	,10.475992,1999.9000,-0.18896770,-1194.8353,594976.6250,34.284,604779.5625,1999.9000,
	2026/04/30 11:45:05	,	089230	,	1441	,10.476995,1999.9000,-0.20973404,-1194.2289,594997.1875,34.287,604753.1875,1999.9000,
	2026/04/30 11:45:05	,	090230	,	1442	,10.481026,1999.9000,-0.23138273,-1193.4250,595241.4375,34.295,604740.0000,1999.9000,
	2026/04/30 11:45:05	,	091230	,	1443	,10.482009,1999.9000,-0.25522465,-1191.6610,595523.8750,34.305,604732.0625,1999.9000,
	2026/04/30 11:45:05	,	092230	,	1444	,10.483002,1999.9000,-0.28513572,-1190.0916,595523.8750,34.314,604726.7500,1999.9000,
	2026/04/30 11:45:05	,	093230	,	1445	,10.483915,1999.9000,-0.32139331,-1188.7837,595523.8750,34.321,604722.3750,1999.9000,
	2026/04/30 11:45:05	,	094230	,	1446	,10.488414,1999.9000,-0.36494905,-1187.5941,595523.8750,34.327,604724.1250,1999.9000,
	2026/04/30 11:45:05	,	095230	,	1447	,10.489650,1999.9000,-0.41574624,-1186.6029,595523.8750,34.331,604737.1875,1999.9000,
	2026/04/30 11:45:05	,	096230	,	1448	,10.490678,1999.9000,-0.47181219,-1185.7769,595438.6875,34.335,604856.2500,1999.9000,
	2026/04/30 11:45:05	,	097230	,	1449	,10.491586,1999.9000,-0.53268063,-1184.7902,595405.0000,34.339,604882.1875,1999.9000,
	2026/04/30 11:45:05	,	098230	,	1450	,10.495593,1999.9000,-0.59906358,-1184.2664,595382.0625,34.342,604965.5625,1999.9000,
	2026/04/30 11:45:05	,	099230	,	1451	,10.496561,1999.9000,-0.67128885,-1183.5314,595363.7500,34.332,604996.0625,1999.9000,
	2026/04/30 11:45:05	,	100230	,	1452	,10.497530,1999.9000,-0.75187731,-1183.2174,595159.8125,34.323,605008.8750,1999.9000,
	2026/04/30 11:45:05	,	101230	,	1453	,10.498348,1999.9000,-0.83859807,-1182.9557,594892.3125,34.314,605015.2500,1999.9000,
	2026/04/30 11:45:05	,	102230	,	1454	,10.499108,1999.9000,-0.92650372,-1182.8370,594882.7500,34.307,605019.0625,1999.9000,
	2026/04/30 11:45:05	,	103230	,	1455	,10.503397,1999.9000,-1.01462984,-1182.7382,594879.5625,34.303,605021.6250,1999.9000,
	2026/04/30 11:45:05	,	104230	,	1456	,10.504023,1999.9000,-1.10148919,-1182.5563,594878.0000,34.299,605023.6875,1999.9000,
	2026/04/30 11:45:05	,	105230	,	1457	,10.504746,1999.9000,-1.18601048,-1182.5043,594877.0000,34.296,605012.6875,1999.9000,
	2026/04/30 11:45:05	,	106230	,	1458	,10.505407,1999.9000,-1.27010942,-1182.4608,594876.3750,34.294,604894.3125,1999.9000,
	2026/04/30 11:45:05	,	107230	,	1459	,10.505981,1999.9000,-1.35396898,-1182.4247,594888.0625,34.297,604864.6875,1999.9000,
	2026/04/30 11:45:05	,	108230	,	1460	,10.506538,1999.9000,-1.43645453,-1182.3944,594975.1250,34.299,604771.0625,1999.9000,
	2026/04/30 11:45:05	,	109230	,	1461	,10.507122,1999.9000,-1.51624894,-1182.3694,594988.5625,34.301,604742.7500,1999.9000,
	2026/04/30 11:45:05	,	110230	,	1462	,10.507748,1999.9000,-1.58998036,-1182.1495,595139.0000,34.302,604731.5000,1999.9000,
	2026/04/30 11:45:05	,	111230	,	1463	,10.511887,1999.9000,-1.65749156,-1181.7672,595426.1875,34.305,604725.8125,1999.9000,
	2026/04/30 11:45:05	,	112230	,	1464	,10.512259,1999.9000,-1.72262025,-1181.4487,595448.1875,34.312,604722.4375,1999.9000,
	2026/04/30 11:45:05	,	113230	,	1465	,10.512642,1999.9000,-1.78487527,-1181.1835,595455.5625,34.318,604720.1875,1999.9000,
	2026/04/30 11:45:05	,	114230	,	1466	,10.512998,1999.9000,-1.84419954,-1180.9623,595459.1875,34.318,604718.3125,1999.9000,
	2026/04/30 11:45:05	,	115230	,	1467	,10.513305,1999.9000,-1.90105963,-1180.7780,595461.3750,34.318,604730.3125,1999.9000,
	2026/04/30 11:45:05	,	116230	,	1468	,10.513526,1999.9000,-1.95341969,-1181.1217,595462.8750,34.318,604854.4375,1999.9000,
	2026/04/30 11:45:05	,	117230	,	1469	,10.513740,1999.9000,-2.00003219,-1181.6072,595449.8750,34.323,604882.8125,1999.9000,
	2026/04/30 11:45:05	,	118230	,	1470	,10.513968,1999.9000,-2.04106069,-1182.0117,595338.5625,34.327,604882.8125,1999.9000,
	2026/04/30 11:45:05	,	119230	,	1471	,10.514181,1999.9000,-2.07699060,-1182.4484,595327.5625,34.332,604984.9375,1999.9000,
	2026/04/30 11:45:05	,	120230	,	1472	,10.514359,1999.9000,-2.11033010,-1183.5085,595227.8125,34.336,605022.6875,1999.9000,
	2026/04/30 11:45:05	,	121230	,	1473	,10.514513,1999.9000,-2.14233375,-1184.7898,594984.0625,34.339,605048.7500,1999.9000,
	2026/04/30 11:45:05	,	122230	,	1474	,10.514646,1999.9000,-2.16862082,-1186.0565,594861.9375,34.340,605053.9375,1999.9000,
	2026/04/30 11:45:05	,	123230	,	1475	,10.514762,1999.9000,-2.18943143,-1186.0565,594861.9375,34.340,605053.9375,1999.9000,
	2026/04/30 11:45:05	,	124230	,	1476	,10.514858,1999.9000,-2.19928193,-1188.5389,594861.9375,34.341,605057.5000,1999.9000,
	2026/04/30 11:45:05	,	125230	,	1477	,10.514935,1999.9000,-2.19928193,-1189.6782,594861.9375,34.342,605060.3750,1999.9000,
	2026/04/30 11:45:05	,	126230	,	1478	,10.514998,1999.9000,-2.19928193,-1190.7271,594861.9375,34.341,605050.4375,1999.9000,
	2026/04/30 11:45:05	,	127230	,	1479	,10.515041,1999.9000,-2.19928193,-1191.6011,594953.1250,34.341,604934.7500,1999.9000,
	2026/04/30 11:45:05	,	128230	,	1480	,10.515047,1999.9000,-2.19928193,-1192.6279,594973.9375,34.338,604904.5000,1999.9000,
	2026/04/30 11:45:05	,	129230	,	1481	,10.514937,1999.9000,-2.18686604,-1193.4835,594985.6875,34.335,604816.3750,1999.9000,
	2026/04/30 11:45:05	,	130230	,	1482	,10.514762,1999.9000,-2.16945267,-1194.1967,595087.1250,34.333,604787.1250,1999.9000,
	2026/04/30 11:45:05	,	131230	,	1483	,10.514501,1999.9000,-2.14497423,-1194.7909,595346.3125,34.329,604767.3125,1999.9000,
	2026/04/30 11:45:05	,	132230	,	1484	,10.514144,1999.9000,-2.11770391,-1195.2860,595541.7500,34.324,604757.3125,1999.9000,
	2026/04/30 11:45:05	,	133230	,	1485	,10.513733,1999.9000,-2.08779287,-1195.2860,595541.7500,34.320,604751.3750,1999.9000,
	2026/04/30 11:45:05	,	134230	,	1486	,10.513291,1999.9000,-2.05478716,-1195.6987,595541.7500,34.317,604747.3750,1999.9000,
	2026/04/30 11:45:05	,	135230	,	1487	,10.512774,1999.9000,-2.01964521,-1196.0426,595541.7500,34.314,604744.0000,1999.9000,
	2026/04/30 11:45:05	,	136230	,	1488	,10.512179,1999.9000,-1.98175526,-1195.9312,595541.7500,34.312,604751.2500,1999.9000,
	2026/04/30 11:45:05	,	137230	,	1489	,10.511535,1999.9000,-1.93980026,-1195.6394,595427.9375,34.310,604836.3125,1999.9000,
	2026/04/30 11:45:05	,	138230	,	1490	,10.506972,1999.9000,-1.89403236,-1195.3964,595400.2500,34.308,604857.4375,1999.9000,
	2026/04/30 11:45:05	,	139230	,	1491	,10.506153,1999.9000,-1.84483600,-1194.9948,595384.8125,34.304,604941.3750,1999.9000,
	2026/04/30 11:45:05	,	140230	,	1492	,10.505412,1999.9000,-1.79314399,-1194.6602,595299.8125,34.300,604973.1250,1999.9000,
	2026/04/30 11:45:05	,	141230	,	1493	,10.504648,1999.9000,-1.74151492,-1194.3813,595099.6875,34.297,605071.2500,1999.9000,
	2026/04/30 11:45:05	,	142230	,	1494	,10.503868,1999.9000,-1.68619883,-1194.1489,594839.2500,34.295,605071.2500,1999.9000,
	2026/04/30 11:45:05	,	143230	,	1495	,10.499137,1999.9000,-1.62573385,-1194.1542,594839.2500,34.293,605071.2500,1999.9000,
	2026/04/30 11:45:05	,	144230	,	1496	,10.498303,1999.9000,-1.56083190,-1194.2581,594839.2500,34.288,605071.2500,1999.9000,
	2026/04/30 11:45:05	,	145230	,	1497	,10.497350,1999.9000,-1.49037755,-1194.4441,594839.2500,34.286,605071.2500,1999.9000,
	2026/04/30 11:45:05	,	146230	,	1498	,10.496427,1999.9000,-1.41585195,-1194.9972,594839.2500,34.285,605059.5625,1999.9000,
	2026/04/30 11:45:05	,	147230	,	1499	,10.491899,1999.9000,-1.34048808,-1195.4579,594920.3750,34.285,604920.8750,1999.9000,
	2026/04/30 11:45:05	,	148230	,	1500	,10.490946,1999.9000,-1.26536381,-1196.1404,594948.6250,34.290,604890.3750,1999.9000,
	2026/04/30 11:45:05	,	149230	,	1501	,10.489873,1999.9000,-1.19059229,-1196.7090,594961.8125,34.295,604796.5000,1999.9000,
	2026/04/30 11:45:05	,	150230	,	1502	,10.485524,1999.9000,-1.11530399,-1197.1829,594976.1875,34.299,604766.0000,1999.9000,
	2026/04/30 11:45:05	,	151230	,	1503	,10.484482,1999.9000,-1.03657472,-1197.5779,595224.1875,34.299,604684.1250,1999.9000,
	2026/04/30 11:45:05	,	152230	,	1504	,10.483549,1999.9000,-0.95742315,-1197.7080,595514.3750,34.299,604684.1250,1999.9000,
	2026/04/30 11:45:05	,	153230	,	1505	,10.482606,1999.9000,-0.87921065,-1197.7169,595514.3750,34.312,604684.1250,1999.9000,
	2026/04/30 11:45:05	,	154230	,	1506	,10.477481,1999.9000,-0.80193084,-1196.9286,595514.3750,34.324,604684.1250,1999.9000,
	2026/04/30 11:45:05	,	155230	,	1507	,10.476484,1999.9000,-0.72902495,-1196.1722,595514.3750,34.332,604684.1250,1999.9000,
	2026/04/30 11:45:05	,	156230	,	1508	,10.475475,1999.9000,-0.66186047,-1194.5471,595514.3750,34.339,604690.3750,1999.9000,
	2026/04/30 11:45:05	,	157230	,	1509	,10.471404,1999.9000,-0.59899420,-1191.5018,595502.5625,34.345,604784.3750,1999.9000,
	2026/04/30 11:45:05	,	158230	,	1510	,10.470272,1999.9000,-0.53978342,-1188.9640,595382.0625,34.350,604814.8750,1999.9000,
	2026/04/30 11:45:05	,	159230	,	1511	,10.469238,1999.9000,-0.48444217,-1186.8492,595366.2500,34.354,604905.1250,1999.9000,
	2026/04/30 11:45:05	,	160230	,	1512	,10.464850,1999.9000,-0.43410510,-1185.0869,595352.0625,34.357,604930.8750,1999.9000,
	2026/04/30 11:45:05	,	161230	,	1513	,10.463808,1999.9000,-0.39319634,-1183.6183,595187.8125,34.358,605028.9375,1999.9000,
	2026/04/30 11:45:05	,	162230	,	1514	,10.462835,1999.9000,-0.35986936,-1182.3944,594920.3750,34.353,605028.9375,1999.9000,
	2026/04/30 11:45:05	,	163230	,	1515	,10.461858,1999.9000,-0.32929021,-1181.4741,594901.5625,34.348,605028.9375,1999.9000,
	2026/04/30 11:45:05	,	164230	,	1516	,10.456898,1999.9000,-0.29988959,-1180.9061,594895.2500,34.341,605028.9375,1999.9000,
	2026/04/30 11:45:05	,	165230	,	1517	,10.455766,1999.9000,-0.26877475,-1181.1292,594892.1875,34.335,605028.9375,1999.9000,
	2026/04/30 11:45:05	,	166230	,	1518	,10.454634,1999.9000,-0.23558642,-1181.3148,594890.2500,34.329,605022.3750,1999.9000,
	2026/04/30 11:45:05	,	167230	,	1519	,10.450552,1999.9000,-0.20258716,-1181.4697,594889.0625,34.324,604903.3750,1999.9000,
	2026/04/30 11:45:05	,	168230	,	1520	,10.449629,1999.9000,-0.16943033,-1181.5988,594900.6250,34.320,604868.3125,1999.9000,
	2026/04/30 11:45:05	,	169230	,	1521	,10.448804,1999.9000,-0.13431977,-1181.7063,594913.1250,34.315,604769.2500,1999.9000,
	2026/04/30 11:45:05	,	170230	,	1522	,10.447886,1999.9000,-0.09735632,-1181.5969,594924.4375,34.311,604740.2500,1999.9000,
	2026/04/30 11:45:05	,	171230	,	1523	,10.442897,1999.9000,-0.05908198,-1181.2074,595119.9375,34.308,604713.5000,1999.9000,
	2026/04/30 11:45:05	,	172230	,	1524	,10.442078,1999.9000,-0.02525709,-1180.7833,595410.0625,34.305,604700.1250,1999.9000,
	2026/04/30 11:45:05	,	173230	,	1525	,10.441139,1999.9000,-0.00205173,-1180.3304,595443.6875,34.303,604692.0625,1999.9000,
	2026/04/30 11:45:05	,	174230	,	1526	,10.440193,1999.9000,0.01340168,-1179.9530,595454.9375,34.303,604686.7500,1999.9000,
	2026/04/30 11:45:05	,	175230	,	1527	,10.435926,1999.9000,0.02289309,-1179.6384,595460.5625,34.302,604682.3125,1999.9000,
	2026/04/30 11:45:05	,	176230	,	1528	,10.435197,1999.9000,0.02739301,-1179.3763,595463.8750,34.307,604680.4375,1999.9000,
	2026/04/30 11:45:05	,	177230	,	1529	,10.434497,1999.9000,0.02842026,-1179.1578,595466.0625,34.307,604690.1875,1999.9000,
	2026/04/30 11:45:05	,	178230	,	1530	,10.433782,1999.9000,0.02876271,-1178.9760,595452.8125,34.308,604800.6875,1999.9000,
	2026/04/30 11:45:05	,	179230	,	1531	,10.433079,1999.9000,0.02893393,-1179.2222,595340.3750,34.311,604826.9375,1999.9000,
	2026/04/30 11:45:05	,	180230	,	1532	,10.428807,1999.9000,0.02903667,-1181.1185,595329.3750,34.314,604853.8750,1999.9000,
	2026/04/30 11:45:05	,	181230	,	1533	,10.428107,1999.9000,0.02910516,-1182.7981,595245.6875,34.313,604959.5000,1999.9000,
	2026/04/30 11:45:05	,	182230	,	1534	,10.427506,1999.9000,0.02898052,-1184.1979,595016.2500,34.313,604963.1875,1999.9000,
	2026/04/30 11:45:05	,	183230	,	1535	,10.426990,1999.9000,0.02869491,-1185.7622,594857.7500,34.312,604964.3125,1999.9000,
	2026/04/30 11:45:05	,	184230	,	1536	,10.426424,1999.9000,0.02845693,-1187.1653,594857.7500,34.312,604964.9375,1999.9000,
	2026/04/30 11:45:05	,	185230	,	1537	,10.425838,1999.9000,0.02825860,-1188.4340,594857.7500,34.311,604965.3125,1999.9000,
	2026/04/30 11:45:05	,	186230	,	1538	,10.425191,1999.9000,0.02809331,-1189.4912,594857.7500,34.311,604965.5625,1999.9000,
	2026/04/30 11:45:05	,	187230	,	1539	,10.424539,1999.9000,0.02795556,-1190.5712,594857.7500,34.314,604879.2500,1999.9000,
	2026/04/30 11:45:05	,	188230	,	1540	,10.420377,1999.9000,0.03056941,-1191.5707,594950.1250,34.313,604843.5625,1999.9000,
	2026/04/30 11:45:05	,	189230	,	1541	,10.420019,1999.9000,0.03332983,-1192.7020,594967.0625,34.311,604755.4375,1999.9000,
	2026/04/30 11:45:05	,	190230	,	1542	,10.419652,1999.9000,0.03401363,-1193.9432,594978.3125,34.311,604726.0625,1999.9000,
	2026/04/30 11:45:05	,	191230	,	1543	,10.419341,1999.9000,0.03619109,-1194.9775,595086.5625,34.314,604638.1875,1999.9000,
	2026/04/30 11:45:05	,	192230	,	1544	,10.419036,1999.9000,0.03961329,-1195.5411,595346.9375,34.316,604614.3125,1999.9000,
	2026/04/30 11:45:05	,	193230	,	1545	,10.418783,1999.9000,0.03961329,-1195.7123,595572.7500,34.317,604606.3750,1999.9000,
	2026/04/30 11:45:05	,	194230	,	1546	,10.418557,1999.9000,0.03961329,-1195.8550,595572.7500,34.317,604602.3750,1999.9000,
	2026/04/30 11:45:05	,	195230	,	1547	,10.418369,1999.9000,0.03961329,-1195.9739,595572.7500,34.317,604600.0000,1999.9000,
	2026/04/30 11:45:05	,	196230	,	1548	,10.418173,1999.9000,0.03961329,-1195.9734,595572.7500,34.318,604598.3750,1999.9000,
	2026/04/30 11:45:05	,	197230	,	1549	,10.418173,1999.9000,0.03668270,-1195.8735,595572.7500,34.319,604607.4375,1999.9000,
	2026/04/30 11:45:05	,	198230	,	1550	,10.417994,1999.9000,0.03325420,-1195.6909,595463.6875,34.322,604719.7500,1999.9000,
	2026/04/30 11:45:05	,	199230	,	1551	,10.417649,1999.9000,0.02959253,-1195.5387,595437.5000,34.325,604743.0000,1999.9000,
	2026/04/30 11:45:05	,	200230	,	1552	,10.417649,1999.9000,0.02569764,-1195.4119,595418.1875,34.327,604831.5000,1999.9000,
	2026/04/30 11:45:05	,	201230	,	1553	,10.417499,1999.9000,0.02012004,-1194.8088,595329.0625,34.332,604863.1875,1999.9000,
	2026/04/30 11:45:05	,	202230	,	1554	,10.417373,1999.9000,0.01085556,-1194.3063,595134.1875,34.336,604971.0000,1999.9000,
	2026/04/30 11:45:05	,	203230	,	1555	,10.417269,1999.9000,0.00292715,-1193.8875,594859.0000,34.341,604971.0000,1999.9000,
	2026/04/30 11:45:05	,	204230	,	1556	,10.417182,1999.9000,-0.00056437,-1193.5385,594859.0000,34.345,604971.0000,1999.9000,
	2026/04/30 11:45:05	,	205230	,	1557	,10.417182,1999.9000,-0.00093305,-1193.2477,594859.0000,34.348,604971.0000,1999.9000,
	2026/04/30 11:45:05	,	206230	,	1558	,10.417168,1999.9000,-0.00129333,-1193.0054,594859.0000,34.349,604971.0000,1999.9000,
	2026/04/30 11:45:05	,	207230	,	1559	,10.417196,1999.9000,-0.00159165,-1192.8033,594859.0000,34.350,604960.3125,1999.9000,
	2026/04/30 11:45:05	,	208230	,	1560	,10.417290,1999.9000,-0.00395505,-1192.3367,594870.8750,34.351,604838.6875,1999.9000,
	2026/04/30 11:45:05	,	209230	,	1561	,10.417432,1999.9000,-0.00409056,-1191.6235,594976.3750,34.352,604807.6250,1999.9000,
	2026/04/30 11:45:05	,	210230	,	1562	,10.417724,1999.9000,-0.00409372,-1191.6235,594983.8125,34.351,604708.8750,1999.9000,
	2026/04/30 11:45:05	,	211230	,	1563	,10.418126,1999.9000,-0.00409530,-1191.5524,594999.6250,34.343,604676.5625,1999.9000,
	2026/04/30 11:45:05	,	212230	,	1564	,10.418641,1999.9000,-0.00412143,-1191.7915,595235.5000,34.336,604591.0625,1999.9000,
	2026/04/30 11:45:05	,	213230	,	1565	,10.419193,1999.9000,-0.00425652,-1191.9907,595527.4375,34.330,604591.0625,1999.9000,
	2026/04/30 11:45:05	,	214230	,	1566	,10.419812,1999.9000,-0.00448463,-1192.4552,595527.4375,34.323,604591.0625,1999.9000,
	2026/04/30 11:45:05	,	215230	,	1567	,10.424279,1999.9000,-0.00676591,-1192.8423,595527.4375,34.318,604591.0625,1999.9000,
	2026/04/30 11:45:05	,	216230	,	1568	,10.425097,1999.9000,-0.00759151,-1193.1648,595527.4375,34.315,604591.0625,1999.9000,
	2026/04/30 11:45:05	,	217230	,	1569	,10.425887,1999.9000,-0.01500942,-1193.6326,595527.4375,34.314,604602.7500,1999.9000,
	2026/04/30 11:45:05	,	218230	,	1570	,10.426766,1999.9000,-0.02272985,-1194.1218,595523.0625,34.313,604735.4375,1999.9000,
	2026/04/30 11:45:05	,	219230	,	1571	,10.427563,1999.9000,-0.03071496,-1194.5294,595422.0000,34.316,604765.0000,1999.9000,
	2026/04/30 11:45:05	,	220230	,	1572	,10.432382,1999.9000,-0.03848580,-1194.9688,595408.9375,34.319,604852.6250,1999.9000,
	2026/04/30 11:45:05	,	221230	,	1573	,10.433155,1999.9000,-0.04611797,-1195.3347,595394.3750,34.324,604883.7500,1999.9000,
	2026/04/30 11:45:05	,	222230	,	1574	,10.434019,1999.9000,-0.05651690,-1195.6398,595230.6875,34.328,604995.1875,1999.9000,
	2026/04/30 11:45:05	,	223230	,	1575	,10.434951,1999.9000,-0.06713640,-1195.3967,594960.8750,34.334,604995.1875,1999.9000,
	2026/04/30 11:45:05	,	224230	,	1576	,10.439918,1999.9000,-0.07548075,-1195.2935,594934.9375,34.339,604995.1875,1999.9000,
	2026/04/30 11:45:05	,	225230	,	1577	,10.440737,1999.9000,-0.08273480,-1195.6053,594926.2500,34.340,604995.1875,1999.9000,
	2026/04/30 11:45:05	,	226230	,	1578	,10.441516,1999.9000,-0.08783341,-1195.8654,594921.9375,34.341,604995.1875,1999.9000,
	2026/04/30 11:45:05	,	227230	,	1579	,10.442369,1999.9000,-0.09076403,-1195.6840,594919.3750,34.345,604989.7500,1999.9000,
	2026/04/30 11:45:05	,	228230	,	1580	,10.447544,1999.9000,-0.09360639,-1195.5328,594917.6875,34.350,604885.2500,1999.9000,
	2026/04/30 11:45:05	,	229230	,	1581	,10.448526,1999.9000,-0.09687734,-1195.4071,594928.3125,34.354,604855.3125,1999.9000,
	2026/04/30 11:45:05	,	230230	,	1582	,10.449371,1999.9000,-0.09985206,-1195.7000,595009.6875,34.356,604763.8125,1999.9000,
	2026/04/30 11:45:05	,	231230	,	1583	,10.450270,1999.9000,-0.09993398,-1196.1431,595017.7500,34.353,604729.3750,1999.9000,
	2026/04/30 11:45:05	,	232230	,	1584	,10.454842,1999.9000,-0.10009365,-1196.5125,595147.3125,34.349,604638.1875,1999.9000,
	2026/04/30 11:45:05	,	233230	,	1585	,10.456063,1999.9000,-0.10056579,-1196.8202,595429.7500,34.338,604638.1875,1999.9000,
	2026/04/30 11:45:05	,	234230	,	1586	,10.457107,1999.9000,-0.10098774,-1197.0765,595535.7500,34.328,604638.1875,1999.9000,
	2026/04/30 11:45:05	,	235230	,	1587	,10.461158,1999.9000,-0.10127323,-1197.2902,595535.7500,34.321,604638.1875,1999.9000,
	2026/04/30 11:45:05	,	236230	,	1588	,10.462171,1999.9000,-0.10795061,-1197.4683,595535.7500,34.314,604638.1875,1999.9000,
	2026/04/30 11:45:05	,	237230	,	1589	,10.463272,1999.9000,-0.11695041,-1197.6167,595535.7500,34.309,604643.0000,1999.9000,
	2026/04/30 11:45:05	,	238230	,	1590	,10.467919,1999.9000,-0.11695041,-1197.7404,595535.7500,34.309,604742.1250,1999.9000,
	2026/04/30 11:45:05	,	239230	,	1591	,10.468977,1999.9000,-0.14120196,-1197.8434,595442.2500,34.312,604768.9375,1999.9000,
	2026/04/30 11:45:05	,	240230	,	1592	,10.469965,1999.9000,-0.15596844,-1197.7303,595421.6875,34.315,604855.0625,1999.9000,
	2026/04/30 11:45:05	,	241230	,	1593	,10.474145,1999.9000,-0.17408149,-1197.6361,595409.6250,34.317,604891.3125,1999.9000,
	2026/04/30 11:45:05	,	242230	,	1594	,10.475247,1999.9000,-0.19946118,-1197.5576,595304.6250,34.320,605000.5625,1999.9000,
	2026/04/30 11:45:05	,	243230	,	1595	,10.476220,1999.9000,-0.23144574,-1197.1937,595066.8750,34.323,605013.2500,1999.9000,
	2026/04/30 11:45:05	,	244230	,	1596	,10.477191,1999.9000,-0.26438829,-1196.0947,594848.8125,34.324,605017.5000,1999.9000,
	2026/04/30 11:45:05	,	245230	,	1597	,10.482099,1999.9000,-0.29933497,-1193.2888,594848.8125,34.323,605019.6875,1999.9000,
	2026/04/30 11:45:05	,	246230	,	1598	,10.483052,1999.9000,-0.29933497,-1190.8512,594848.8125,34.323,605020.9375,1999.9000,
	2026/04/30 11:45:05	,	247230	,	1599	,10.484056,1999.9000,-0.33698541,-1188.8198,594848.8125,34.322,605021.7500,1999.9000,
	2026/04/30 11:45:05	,	248230	,	1600	,10.484929,1999.9000,-0.37683535,-1187.1270,594848.8125,34.321,605008.3125,1999.9000,
	2026/04/30 11:45:05	,	249230	,	1601	,10.489725,1999.9000,-0.42102763,-1185.7162,594942.3750,34.321,604868.3750,1999.9000,
	2026/04/30 11:45:05	,	250230	,	1602	,10.490633,1999.9000,-0.47097400,-1184.5406,594963.1875,34.321,604836.0000,1999.9000,
	2026/04/30 11:45:05	,	251230	,	1603	,10.491502,1999.9000,-0.52661139,-1183.5610,594973.7500,34.321,604739.0625,1999.9000,
	2026/04/30 11:45:05	,	252230	,	1604	,10.492398,1999.9000,-0.58854491,-1183.3416,595057.9375,34.320,604716.1250,1999.9000,
	2026/04/30 11:45:05	,	253230	,	1605	,10.496397,1999.9000,-0.65468210,-1183.3575,595305.8125,34.314,604708.4375,1999.9000,
	2026/04/30 11:45:05	,	254230	,	1606	,10.497484,1999.9000,-0.72372460,-1183.5697,595563.2500,34.313,604704.6250,1999.9000,
	2026/04/30 11:45:05	,	255230	,	1607	,10.498393,1999.9000,-0.79911369,-1183.7466,595563.2500,34.313,604702.3125,1999.9000,
	2026/04/30 11:45:05	,	256230	,	1608	,10.499212,1999.9000,-0.87875688,-1183.8940,595563.2500,34.312,604700.8125,1999.9000,
	2026/04/30 11:45:05	,	257230	,	1609	,10.499864,1999.9000,-0.96147555,-1184.1165,595563.2500,34.312,604701.0625,1999.9000,
	2026/04/30 11:45:05	,	258230	,	1610	,10.500527,1999.9000,-1.04796946,-1184.3018,595563.2500,34.311,604713.5625,1999.9000,
	2026/04/30 11:45:05	,	259230	,	1611	,10.505184,1999.9000,-1.13663125,-1184.4562,595441.0625,34.317,604838.1250,1999.9000,
	2026/04/30 11:45:05	,	260230	,	1612	,10.505899,1999.9000,-1.22533739,-1184.5848,595407.6875,34.322,604870.3750,1999.9000,
	2026/04/30 11:45:05	,	261230	,	1613	,10.506565,1999.9000,-1.31314838,-1184.0952,595387.2500,34.326,604988.5000,1999.9000,
	2026/04/30 11:45:05	,	262230	,	1614	,10.507083,1999.9000,-1.39870322,-1183.4882,595367.3750,34.330,605022.3750,1999.9000,
	2026/04/30 11:45:05	,	263230	,	1615	,10.507645,1999.9000,-1.48241138,-1182.9824,595125.8750,34.332,605045.9375,1999.9000,
	2026/04/30 11:45:05	,	264230	,	1616	,10.508173,1999.9000,-1.56549561,-1182.5609,594856.5625,34.335,605057.6875,1999.9000,
	2026/04/30 11:45:05	,	265230	,	1617	,10.508752,1999.9000,-1.64274395,-1181.8118,594856.5625,34.337,605064.7500,1999.9000,
	2026/04/30 11:45:05	,	266230	,	1618	,10.509393,1999.9000,-1.71445239,-1181.1875,594856.5625,34.334,605069.5000,1999.9000,
	2026/04/30 11:45:05	,	267230	,	1619	,10.510008,1999.9000,-1.78147197,-1180.6672,594856.5625,34.331,605073.3750,1999.9000,
	2026/04/30 11:45:05	,	268230	,	1620	,10.510610,1999.9000,-1.84181082,-1180.6316,594856.5625,34.329,605064.7500,1999.9000,
	2026/04/30 11:45:05	,	269230	,	1621	,10.511150,1999.9000,-1.89542520,-1180.6018,594864.5000,34.327,604946.2500,1999.9000,
	2026/04/30 11:45:05	,	270230	,	1622	,10.511641,1999.9000,-1.94387150,-1181.5719,594955.5000,34.326,604916.6250,1999.9000,
	2026/04/30 11:45:05	,	271230	,	1623	,10.512129,1999.9000,-1.98720050,-1182.6785,594961.4375,34.325,604820.6250,1999.9000,
	2026/04/30 11:45:05	,	272230	,	1624	,10.512565,1999.9000,-2.02575207,-1183.7003,594973.5625,34.324,604790.7500,1999.9000,
	2026/04/30 11:45:05	,	273230	,	1625	,10.513008,1999.9000,-2.05889010,-1184.5518,595171.7500,34.323,604790.7500,1999.9000,
	2026/04/30 11:45:05	,	274230	,	1626	,10.513388,1999.9000,-2.08432007,-1185.6593,595475.0000,34.319,604780.7500,1999.9000,
	2026/04/30 11:45:05	,	275230	,	1627	,10.513703,1999.9000,-2.10668731,-1186.9801,595475.0000,34.316,604775.7500,1999.9000,
	2026/04/30 11:45:05	,	276230	,	1628	,10.513968,1999.9000,-2.12707543,-1188.0807,595475.0000,34.312,604772.7500,1999.9000,
	2026/04/30 11:45:05	,	277230	,	1629	,10.514187,1999.9000,-2.14489865,-1189.0973,595475.0000,34.306,604770.7500,1999.9000,
	2026/04/30 11:45:05	,	278230	,	1630	,10.514370,1999.9000,-2.16121554,-1190.1436,595475.0000,34.300,604773.1250,1999.9000,
	2026/04/30 11:45:05	,	279230	,	1631	,10.514523,1999.9000,-2.17523837,-1191.4133,595468.5000,34.299,604868.3750,1999.9000,
	2026/04/30 11:45:05	,	280230	,	1632	,10.514630,1999.9000,-2.17861009,-1192.0736,595348.1250,34.297,604901.8750,1999.9000,
	2026/04/30 11:45:05	,	281230	,	1633	,10.514709,1999.9000,-2.17861009,-1192.4248,595334.7500,34.293,604994.5625,1999.9000,
	2026/04/30 11:45:05	,	282230	,	1634	,10.514771,1999.9000,-2.17861009,-1192.7174,595326.6875,34.290,605023.2500,1999.9000,
	2026/04/30 11:45:05	,	283230	,	1635	,10.514751,1999.9000,-2.17861009,-1193.1603,595190.1875,34.287,605049.9375,1999.9000,
	2026/04/30 11:45:05	,	284230	,	1636	,10.514672,1999.9000,-2.17861009,-1193.6288,594931.0000,34.285,605175.7500,1999.9000,
	2026/04/30 11:45:05	,	285230	,	1637	,10.514550,1999.9000,-2.17007041,-1194.0193,594842.2500,34.286,605193.0000,1999.9000,
	2026/04/30 11:45:05	,	286230	,	1638	,10.514318,1999.9000,-2.15472388,-1194.3447,594842.2500,34.288,605198.7500,1999.9000,
	2026/04/30 11:45:05	,	287230	,	1639	,10.513968,1999.9000,-2.13318253,-1194.6157,594842.2500,34.290,605201.5625,1999.9000,
	2026/04/30 11:45:05	,	288230	,	1640	,10.513513,1999.9000,-2.10396457,-1194.8417,594842.2500,34.291,605203.3125,1999.9000,
	2026/04/30 11:45:05	,	289230	,	1641	,10.513003,1999.9000,-2.06752443,-1195.0299,594842.2500,34.291,605204.4375,1999.9000,
	2026/04/30 11:45:05	,	290230	,	1642	,10.512445,1999.9000,-2.02666593,-1195.1868,594926.2500,34.292,605194.9375,1999.9000,
	2026/04/30 11:45:05	,	291230	,	1643	,10.508402,1999.9000,-1.98221540,-1195.2181,594946.1875,34.294,605054.3750,1999.9000,
	2026/04/30 11:45:05	,	292230	,	1644	,10.507627,1999.9000,-1.93427300,-1195.2441,594963.8125,34.295,604947.4375,1999.9000,
	2026/04/30 11:45:05	,	293230	,	1645	,10.506892,1999.9000,-1.88271332,-1195.1664,595115.7500,34.302,604911.1875,1999.9000,
	2026/04/30 11:45:05	,	294230	,	1646	,10.506205,1999.9000,-1.82444155,-1195.2010,595389.8125,34.308,604806.7500,1999.9000,
	2026/04/30 11:45:05	,	295230	,	1647	,10.505524,1999.9000,-1.76192820,-1195.2299,595488.1250,34.313,604797.6250,1999.9000,
	2026/04/30 11:45:05	,	296230	,	1648	,10.501074,1999.9000,-1.69836247,-1195.2540,595488.1250,34.312,604793.1250,1999.9000,
	2026/04/30 11:45:05	,	297230	,	1649	,10.500284,1999.9000,-1.63218749,-1195.2740,595488.1250,34.316,604793.1250,1999.9000,
	2026/04/30 11:45:05	,	298230	,	1650	,10.499414,1999.9000,-1.56467009,-1195.3904,595488.1250,34.320,604792.1875,1999.9000,
	2026/04/30 11:45:05	,	299230	,	1651	,10.498527,1999.9000,-1.49674308,-1195.6862,595488.1250,34.323,604791.6250,1999.9000,
	2026/04/30 11:45:05	,	300230	,	1652	,10.494401,1999.9000,-1.42695045,-1195.9326,595394.5625,34.325,604801.6875,1999.9000,
	2026/04/30 11:45:05	,	301230	,	1653	,10.493343,1999.9000,-1.35505283,-1196.1381,595377.5625,34.329,604900.3125,1999.9000,
	2026/04/30 11:45:05	,	302230	,	1654	,10.492326,1999.9000,-1.28190124,-1196.3092,595366.7500,34.327,604927.7500,1999.9000,
	2026/04/30 11:45:05	,	303230	,	1655	,10.491348,1999.9000,-1.20840919,-1196.4519,595263.5625,34.326,604954.6875,1999.9000,
	2026/04/30 11:45:05	,	304230	,	1656	,10.486328,1999.9000,-1.13803041,-1196.3718,595028.7500,34.323,605075.5000,1999.9000,
	2026/04/30 11:45:05	,	305230	,	1657	,10.485315,1999.9000,-1.06988907,-1196.3051,594827.3750,34.321,605075.5000,1999.9000,
	2026/04/30 11:45:05	,	306230	,	1658	,10.484273,1999.9000,-1.00023520,-1196.0504,594827.3750,34.319,605075.5000,1999.9000,
	2026/04/30 11:45:05	,	307230	,	1659	,10.483319,1999.9000,-0.92918223,-1194.9431,594827.3750,34.319,605075.5000,1999.9000,
	2026/04/30 11:45:05	,	308230	,	1660	,10.478375,1999.9000,-0.85550112,-1193.7218,594827.3750,34.325,605075.5000,1999.9000,
	2026/04/30 11:45:05	,	309230	,	1661	,10.477392,1999.9000,-0.77967715,-1192.0078,594827.3750,34.324,605072.1875,1999.9000,
	2026/04/30 11:45:05	,	310230	,	1662	,10.476290,1999.9000,-0.70597714,-1190.1815,594917.9375,34.322,604972.8125,1999.9000,
	2026/04/30 11:45:05	,	311230	,	1663	,10.471673,1999.9000,-0.63692826,-1188.1624,594935.5625,34.320,604934.1250,1999.9000,
	2026/04/30 11:45:05	,	312230	,	1664	,10.470659,1999.9000,-0.57232887,-1186.3801,594945.5625,34.321,604825.4375,1999.9000,
	2026/04/30 11:45:05	,	313230	,	1665	,10.469775,1999.9000,-0.51211596,-1184.7955,595031.7500,34.324,604794.0625,1999.9000,
	2026/04/30 11:45:05	,	314230	,	1666	,10.465744,1999.9000,-0.45431051,-1183.4750,595271.3125,34.326,604712.5000,1999.9000,
	2026/04/30 11:45:05	,	315230	,	1667	,10.464598,1999.9000,-0.40012267,-1182.3745,595509.0000,34.328,604712.1875,1999.9000,
	2026/04/30 11:45:05	,	316230	,	1668	,10.463540,1999.9000,-0.35460055,-1181.4575,595509.0000,34.329,604712.1250,1999.9000,
	2026/04/30 11:45:05	,	317230	,	1669	,10.459340,1999.9000,-0.31576529,-1180.7927,595509.0000,34.329,604712.0625,1999.9000,
	2026/04/30 11:45:05	,	318230	,	1670	,10.458298,1999.9000,-0.28138581,-1180.6367,595509.0000,34.331,604712.0625,1999.9000,
	2026/04/30 11:45:05	,	319230	,	1671	,10.457234,1999.9000,-0.25076255,-1180.6062,595509.0000,34.332,604712.0625,1999.9000,
	2026/04/30 11:45:05	,	320230	,	1672	,10.456242,1999.9000,-0.22209302,-1180.5807,595392.8125,34.333,604723.2500,1999.9000,
	2026/04/30 11:45:05	,	321230	,	1673	,10.451476,1999.9000,-0.19403483,-1180.5594,595363.0625,34.333,604835.6875,1999.9000,
	2026/04/30 11:45:05	,	322230	,	1674	,10.450538,1999.9000,-0.16596402,-1180.5419,595350.3125,34.333,604865.3125,1999.9000,
	2026/04/30 11:45:05	,	323230	,	1675	,10.449511,1999.9000,-0.13601512,-1180.5270,595333.7500,34.332,604961.9375,1999.9000,
	2026/04/30 11:45:05	,	324230	,	1676	,10.445339,1999.9000,-0.10581411,-1179.0226,595099.0625,34.330,604992.1250,1999.9000,
	2026/04/30 11:45:05	,	325230	,	1677	,10.444326,1999.9000,-0.07849960,-1177.7690,594829.1250,34.322,605012.6875,1999.9000,
	2026/04/30 11:45:05	,	326230	,	1678	,10.443364,1999.9000,-0.05320816,-1176.7242,594829.1250,34.315,605022.9375,1999.9000,
	2026/04/30 11:45:05	,	327230	,	1679	,10.442494,1999.9000,-0.03397330,-1175.8538,594829.1250,34.310,605029.1250,1999.9000,
	2026/04/30 11:45:05	,	328230	,	1680	,10.438280,1999.9000,-0.02044208,-1175.1282,594829.1250,34.305,605033.2500,1999.9000,
	2026/04/30 11:45:05	,	329230	,	1681	,10.437416,1999.9000,-0.00834151,-1174.8220,594829.1250,34.301,605036.6875,1999.9000,
	2026/04/30 11:45:05	,	330230	,	1682	,10.436582,1999.9000,0.00218978,-1175.3627,594833.7500,34.298,605026.5625,1999.9000,
	2026/04/30 11:45:05	,	331230	,	1683	,10.435852,1999.9000,0.01001102,-1176.0121,594915.0000,34.299,604896.1250,1999.9000,
	2026/04/30 11:45:05	,	332230	,	1684	,10.435164,1999.9000,0.01597305,-1177.2496,594928.6250,34.299,604863.1875,1999.9000,
	2026/04/30 11:45:05	,	333230	,	1685	,10.430892,1999.9000,0.02092674,-1178.3804,594944.1250,34.299,604771.6875,1999.9000,
	2026/04/30 11:45:05	,	334230	,	1686	,10.430118,1999.9000,0.02730475,-1179.8201,595155.0625,34.299,604741.1875,1999.9000,
	2026/04/30 11:45:05	,	335230	,	1687	,10.429363,1999.9000,0.03718059,-1179.8201,595455.3750,34.300,604717.1250,1999.9000,
	2026/04/30 11:45:05	,	336230	,	1688	,10.428702,1999.9000,0.04478124,-1183.7605,595458.3125,34.300,604705.1250,1999.9000,
	2026/04/30 11:45:05	,	337230	,	1689	,10.428085,1999.9000,0.04497663,-1185.2982,595459.3750,34.300,604697.9375,1999.9000,
	2026/04/30 11:45:05	,	338230	,	1690	,10.427541,1999.9000,0.04504173,-1187.0770,595459.8750,34.297,604693.1250,1999.9000,
	2026/04/30 11:45:05	,	339230	,	1691	,10.426902,1999.9000,0.04507432,-1188.5593,595460.1875,34.294,604696.6250,1999.9000,
	2026/04/30 11:45:05	,	340230	,	1692	,10.422491,1999.9000,0.04509388,-1189.7947,595460.3750,34.289,604696.6250,1999.9000,
	2026/04/30 11:45:05	,	341230	,	1693	,10.422134,1999.9000,0.04510691,-1190.8241,595448.2500,34.288,604792.8125,1999.9000,
	2026/04/30 11:45:05	,	342230	,	1694	,10.421698,1999.9000,0.04477951,-1191.6820,595354.6875,34.287,604816.6875,1999.9000,
	2026/04/30 11:45:05	,	343230	,	1695	,10.421248,1999.9000,0.04098090,-1192.5959,595340.1250,34.286,604907.0000,1999.9000,
	2026/04/30 11:45:05	,	344230	,	1696	,10.420865,1999.9000,0.03730664,-1193.4569,595199.7500,34.287,604945.9375,1999.9000,
	2026/04/30 11:45:05	,	345230	,	1697	,10.420521,1999.9000,0.02910092,-1194.1744,594939.3750,34.288,604962.3750,1999.9000,
	2026/04/30 11:45:05	,	346230	,	1698	,10.420110,1999.9000,0.02083853,-1194.4740,594939.3750,34.288,604970.5625,1999.9000,
	2026/04/30 11:45:05	,	347230	,	1699	,10.419683,1999.9000,0.01506551,-1194.7235,594895.2500,34.289,604975.5000,1999.9000,
	2026/04/30 11:45:05	,	348230	,	1700	,10.419286,1999.9000,0.01506551,-1194.9315,594895.2500,34.289,604978.8125,1999.9000,
	2026/04/30 11:45:05	,	349230	,	1701	,10.418921,1999.9000,0.01506551,-1194.8064,594886.5000,34.293,604981.5000,1999.9000,
	2026/04/30 11:45:05	,	350230	,	1702	,10.418603,1999.9000,0.01506551,-1194.7020,594884.3125,34.296,604970.1250,1999.9000,
	2026/04/30 11:45:05	,	351230	,	1703	,10.418318,1999.9000,0.01506551,-1194.6151,594895.2500,34.298,604826.6875,1999.9000,
	2026/04/30 11:45:05	,	352230	,	1704	,10.418045,1999.9000,0.01734070,-1194.5428,594984.0625,34.301,604790.7500,1999.9000,
	2026/04/30 11:45:05	,	353230	,	1705	,10.417818,1999.9000,0.01793310,-1194.4824,594984.9375,34.304,604693.1875,1999.9000,
	2026/04/30 11:45:05	,	354230	,	1706	,10.417629,1999.9000,0.01831964,-1194.6311,595097.2500,34.307,604656.9375,1999.9000,
	2026/04/30 11:45:05	,	355230	,	1707	,10.417471,1999.9000,0.02271033,-1194.7550,595382.6875,34.309,604573.5625,1999.9000,
	2026/04/30 11:45:05	,	356230	,	1708	,10.417340,1999.9000,0.02518715,-1194.7550,595382.6875,34.310,604573.5625,1999.9000,
	2026/04/30 11:45:05	,	357230	,	1709	,10.417231,1999.9000,0.02518715,-1194.7589,595537.0000,34.312,604573.5625,1999.9000,
	2026/04/30 11:45:05	,	358230	,	1710	,10.417174,1999.9000,0.02518715,-1194.8616,595537.0000,34.313,604573.5625,1999.9000,
	2026/04/30 11:45:05	,	359230	,	1711	,10.417127,1999.9000,0.02518715,-1194.9470,595537.0000,34.314,604573.5625,1999.9000,
	2026/04/30 11:45:05	,	360230	,	1712	,10.417117,1999.9000,0.02518715,-1195.1177,595537.0000,34.315,604586.2500,1999.9000,
	2026/04/30 11:45:05	,	361230	,	1713	,10.417163,1999.9000,0.02097716,-1195.3594,595537.0000,34.315,604730.6250,1999.9000,
	2026/04/30 11:45:05	,	362230	,	1714	,10.417360,1999.9000,0.01591005,-1195.5608,595437.5000,34.313,604762.0000,1999.9000,
	2026/04/30 11:45:05	,	363230	,	1715	,10.417635,1999.9000,0.01005515,-1195.4302,595410.6250,34.311,604849.0000,1999.9000,
	2026/04/30 11:45:05	,	364230	,	1716	,10.417968,1999.9000,0.00321074,-1195.3214,595392.1250,34.309,604883.4375,1999.9000,
	2026/04/30 11:45:05	,	365230	,	1717	,10.418414,1999.9000,-0.00717558,-1195.5293,595291.5625,34.308,605008.4375,1999.9000,
	2026/04/30 11:45:05	,	366230	,	1718	,10.418993,1999.9000,-0.01834339,-1195.7024,595068.6875,34.310,605008.4375,1999.9000,
	2026/04/30 11:45:05	,	367230	,	1719	,10.419616,1999.9000,-0.02658691,-1195.5482,594855.3750,34.311,605008.4375,1999.9000,
	2026/04/30 11:45:05	,	368230	,	1720	,10.423713,1999.9000,-0.03329893,-1195.7183,594855.3750,34.312,605008.4375,1999.9000,
	2026/04/30 11:45:05	,	369230	,	1721	,10.424517,1999.9000,-0.03740808,-1195.8600,594855.3750,34.314,605008.4375,1999.9000,
	2026/04/30 11:45:05	,	370230	,	1722	,10.425331,1999.9000,-0.03799419,-1195.6796,594855.3750,34.316,605001.4375,1999.9000,
	2026/04/30 11:45:05	,	371230	,	1723	,10.426193,1999.9000,-0.03852781,-1195.5293,594855.3750,34.320,604896.1250,1999.9000,
	2026/04/30 11:45:05	,	372230	,	1724	,10.426984,1999.9000,-0.04148573,-1195.7024,594977.5000,34.322,604871.0000,1999.9000,
	2026/04/30 11:45:05	,	373230	,	1725	,10.431697,1999.9000,-0.04392474,-1195.5482,595000.4375,34.323,604789.8125,1999.9000,
	2026/04/30 11:45:05	,	374230	,	1726	,10.432501,1999.9000,-0.04398777,-1195.4198,595008.5000,34.324,604761.1250,1999.9000,
	2026/04/30 11:45:05	,	375230	,	1727	,10.433424,1999.9000,-0.04418313,-1195.3127,595026.0625,34.326,604737.2500,1999.9000,
	2026/04/30 11:45:05	,	376230	,	1728	,10.434288,1999.9000,-0.04469993,-1195.5220,595315.9375,34.330,604725.3125,1999.9000,
	2026/04/30 11:45:05	,	377230	,	1729	,10.438369,1999.9000,-0.04506169,-1195.3979,595575.7500,34.331,604718.1250,1999.9000,
	2026/04/30 11:45:05	,	378230	,	1730	,10.439233,1999.9000,-0.04530602,-1195.1951,595575.7500,34.334,604713.3750,1999.9000,
	2026/04/30 11:45:05	,	379230	,	1731	,10.440295,1999.9000,-0.05035948,-1195.1255,595575.7500,34.334,604709.3750,1999.9000,
	2026/04/30 11:45:05	,	380230	,	1732	,10.444565,1999.9000,-0.05697067,-1195.0675,595575.7500,34.339,604715.1250,1999.9000,
	2026/04/30 11:45:05	,	381230	,	1733	,10.445429,1999.9000,-0.06476041,-1194.9197,595575.7500,34.337,604819.4375,1999.9000,
	2026/04/30 11:45:05	,	382230	,	1734	,10.446312,1999.9000,-0.07260686,-1194.7966,595448.8125,34.335,604851.4375,1999.9000,
	2026/04/30 11:45:05	,	383230	,	1735	,10.447306,1999.9000,-0.08052265,-1194.5945,595420.1875,34.334,604950.5000,1999.9000,
	2026/04/30 11:45:05	,	384230	,	1736	,10.452399,1999.9000,-0.08809813,-1194.4260,595404.5000,34.333,604987.6250,1999.9000,
	2026/04/30 11:45:05	,	385230	,	1737	,10.453547,1999.9000,-0.09747607,-1194.2856,595387.3125,34.331,605090.0000,1999.9000,
	2026/04/30 11:45:05	,	386230	,	1738	,10.454634,1999.9000,-0.10917959,-1194.1687,595165.8125,34.322,605090.0000,1999.9000,
	2026/04/30 11:45:05	,	387230	,	1739	,10.455617,1999.9000,-0.11855123,-1194.0713,594893.5000,34.322,605090.0000,1999.9000,
	2026/04/30 11:45:05	,	388230	,	1740	,10.460472,1999.9000,-0.12610146,-1193.9901,594893.5000,34.318,605090.0000,1999.9000,
	2026/04/30 11:45:05	,	389230	,	1741	,10.461693,1999.9000,-0.13207611,-1194.1215,594893.5000,34.315,605090.0000,1999.9000,
	2026/04/30 11:45:05	,	390230	,	1742	,10.462854,1999.9000,-0.13553613,-1194.3303,594893.5000,34.313,605082.0000,1999.9000,
	2026/04/30 11:45:05	,	391230	,	1743	,10.467234,1999.9000,-0.13871254,-1194.5044,594893.5000,34.312,604963.7500,1999.9000,
	2026/04/30 11:45:05	,	392230	,	1744	,10.468217,1999.9000,-0.14398764,-1194.8484,594898.0625,34.312,604926.3125,1999.9000,
	2026/04/30 11:45:05	,	393230	,	1745	,10.469298,1999.9000,-0.15156940,-1194.9360,594989.4375,34.313,604825.4375,1999.9000,
	2026/04/30 11:45:05	,	394230	,	1746	,10.473430,1999.9000,-0.16172253,-1195.0090,595002.5000,34.314,604796.8125,1999.9000,
	2026/04/30 11:45:05	,	395230	,	1747	,10.474517,1999.9000,-0.17319286,-1195.0699,595017.0625,34.320,604713.7500,1999.9000,
	2026/04/30 11:45:05	,	396230	,	1748	,10.474517,1999.9000,-0.18583542,-1195.1207,595224.1875,34.324,604713.4375,1999.9000,
	2026/04/30 11:45:05	,	397230	,	1749	,10.475466,1999.9000,-0.20486231,-1195.0635,595522.6875,34.328,604713.3750,1999.9000,
	2026/04/30 11:45:05	,	398230	,	1750	,10.476454,1999.9000,-0.22918950,-1194.9165,595522.6875,34.326,604713.3125,1999.9000,
	2026/04/30 11:45:05	,	399230	,	1751	,10.481652,1999.9000,-0.25833800,-1194.0975,595522.6875,34.324,604713.3125,1999.9000,
	2026/04/30 11:45:05	,	400230	,	1752	,10.482635,1999.9000,-0.29455149,-1192.2214,595522.6875,34.321,604713.2500,1999.9000,
	2026/04/30 11:45:05	,	401230	,	1753	,10.483499,1999.9000,-0.33765978,-1190.1605,595522.6875,34.318,604725.1875,1999.9000,
	2026/04/30 11:45:05	,	402230	,	1754	,10.484436,1999.9000,-0.38565868,-1188.0453,595517.9375,34.315,604844.1875,1999.9000,
	2026/04/30 11:45:05	,	403230	,	1755	,10.489069,1999.9000,-0.43801886,-1186.2826,595404.1250,34.320,604868.8750,1999.9000,
	2026/04/30 11:45:05	,	404230	,	1756	,10.489903,1999.9000,-0.49497345,-1184.8137,595384.1250,34.317,604958.9375,1999.9000,
	2026/04/30 11:45:05	,	405230	,	1757	,10.490787,1999.9000,-0.55840689,-1183.5896,595367.7500,34.314,604992.7500,1999.9000,
	2026/04/30 11:45:05	,	406230	,	1758	,10.491682,1999.9000,-0.63110489,-1182.5695,595215.2500,34.312,605015.5000,1999.9000,
	2026/04/30 11:45:05	,	407230	,	1759	,10.495890,1999.9000,-0.70829642,-1181.7194,594950.1250,34.310,605026.8750,1999.9000,
	2026/04/30 11:45:05	,	408230	,	1760	,10.496859,1999.9000,-0.78886604,-1181.2101,594845.2500,34.308,605033.6875,1999.9000,
	2026/04/30 11:45:05	,	409230	,	1761	,10.497747,1999.9000,-0.87239778,-1180.8850,594845.2500,34.310,605038.2500,1999.9000,
	2026/04/30 11:45:05	,	410230	,	1762	,10.498528,1999.9000,-0.95579088,-1180.9126,594845.2500,34.312,605042.0000,1999.9000,
	2026/04/30 11:45:05	,	411230	,	1763	,10.499305,1999.9000,-1.03903902,-1181.1345,594845.2500,34.310,605035.0000,1999.9000,
	2026/04/30 11:45:05	,	412230	,	1764	,10.503755,1999.9000,-1.12349713,-1181.4188,594845.2500,34.308,604923.8750,1999.9000,
	2026/04/30 11:45:05	,	413230	,	1765	,10.504366,1999.9000,-1.20838392,-1181.6558,594929.2500,34.307,604886.1250,1999.9000,
	2026/04/30 11:45:05	,	414230	,	1766	,10.505006,1999.9000,-1.29332733,-1181.8531,594948.0625,34.306,604769.8750,1999.9000,
	2026/04/30 11:45:05	,	415230	,	1767	,10.505661,1999.9000,-1.37652504,-1182.0178,594960.8750,34.308,604739.6250,1999.9000,
	2026/04/30 11:45:05	,	416230	,	1768	,10.506257,1999.9000,-1.45381761,-1182.1550,595106.1875,34.310,604726.7500,1999.9000,
	2026/04/30 11:45:05	,	417230	,	1769	,10.506794,1999.9000,-1.52817297,-1182.2693,595385.0625,34.313,604720.3125,1999.9000,
	2026/04/30 11:45:05	,	418230	,	1770	,10.507355,1999.9000,-1.60025334,-1182.2650,595510.7500,34.315,604716.5000,1999.9000,
	2026/04/30 11:45:05	,	419230	,	1771	,10.507986,1999.9000,-1.66869724,-1181.6646,595510.7500,34.318,604713.9375,1999.9000,
	2026/04/30 11:45:05	,	420230	,	1772	,10.512006,1999.9000,-1.73496044,-1181.1643,595510.7500,34.319,604711.8125,1999.9000,
	2026/04/30 11:45:05	,	421230	,	1773	,10.512334,1999.9000,-1.79920053,-1180.7473,595510.7500,34.321,604722.5000,1999.9000,
	2026/04/30 11:45:05	,	422230	,	1774	,10.512772,1999.9000,-1.85909212,-1180.4000,595510.7500,34.317,604843.0000,1999.9000,
	2026/04/30 11:45:05	,	423230	,	1775	,10.513124,1999.9000,-1.85909212,-1180.1105,595413.0625,34.315,604868.8750,1999.9000,
	2026/04/30 11:45:05	,	424230	,	1776	,10.513412,1999.9000,-1.91397941,-1179.8691,595388.6875,34.312,604967.3750,1999.9000,
	2026/04/30 11:45:05	,	425230	,	1777	,10.513605,1999.9000,-1.96362948,-1180.5634,595371.5625,34.315,605003.3125,1999.9000,
	2026/04/30 11:45:05	,	426230	,	1778	,10.513795,1999.9000,-2.00835133,-1181.1417,595272.4375,34.313,605119.5625,1999.9000,
	2026/04/30 11:45:05	,	427230	,	1779	,10.513959,1999.9000,-2.05127048,-1181.7234,595043.6250,34.311,605119.5625,1999.9000,
	2026/04/30 11:45:05	,	428230	,	1780	,10.514124,1999.9000,-2.09004283,-1182.3075,594842.2500,34.309,605119.5625,1999.9000,
	2026/04/30 11:45:05	,	429230	,	1781	,10.514313,1999.9000,-2.12218499,-1182.7943,594842.2500,34.307,605119.5625,1999.9000,
	2026/04/30 11:45:05	,	430230	,	1782	,10.514469,1999.9000,-2.14949322,-1183.2000,594842.2500,34.303,605119.5625,1999.9000,
	2026/04/30 11:45:05	,	431230	,	1783	,10.514639,1999.9000,-2.17122984,-1183.7368,594842.2500,34.300,605119.5625,1999.9000,
	2026/04/30 11:45:05	,	432230	,	1784	,10.514782,1999.9000,-2.18677163,-1185.1791,594842.2500,34.297,604998.1875,1999.9000,
	2026/04/30 11:45:05	,	433230	,	1785	,10.514899,1999.9000,-2.19297314,-1186.4805,594950.1250,34.294,604998.1875,1999.9000,
	2026/04/30 11:45:05	,	434230	,	1786	,10.514974,1999.9000,-2.19297314,-1187.5649,594972.7500,34.292,604916.6250,1999.9000,
	2026/04/30 11:45:05	,	435230	,	1787	,10.515020,1999.9000,-2.19297314,-1188.4686,594983.0625,34.291,604878.3125,1999.9000,
	2026/04/30 11:45:05	,	436230	,	1788	,10.515045,1999.9000,-2.19297314,-1189.4207,595000.2500,34.289,604772.9375,1999.9000,
	2026/04/30 11:45:05	,	437230	,	1789	,10.514990,1999.9000,-2.19297314,-1190.2140,595274.8125,34.288,604745.6875,1999.9000,
	2026/04/30 11:45:05	,	438230	,	1790	,10.514919,1999.9000,-2.17784119,-1191.0741,595562.6250,34.289,604736.6875,1999.9000,
	2026/04/30 11:45:05	,	439230	,	1791	,10.514748,1999.9000,-2.16112089,-1191.9897,595562.6250,34.289,604732.1250,1999.9000,
	2026/04/30 11:45:05	,	440230	,	1792	,10.514520,1999.9000,-2.14136291,-1192.7528,595562.6250,34.293,604729.4375,1999.9000,
	2026/04/30 11:45:05	,	441230	,	1793	,10.514246,1999.9000,-2.11821437,-1193.3887,595562.6250,34.297,604727.6250,1999.9000,
	2026/04/30 11:45:05	,	442230	,	1794	,10.513873,1999.9000,-2.09156156,-1193.9186,595562.6250,34.301,604732.2500,1999.9000,
	2026/04/30 11:45:05	,	443230	,	1795	,10.513403,1999.9000,-2.05969048,-1194.3602,595442.8750,34.304,604829.6875,1999.9000,
	2026/04/30 11:45:05	,	444230	,	1796	,10.512852,1999.9000,-2.02224803,-1194.5292,595408.3125,34.306,604862.8750,1999.9000,
	2026/04/30 11:45:05	,	445230	,	1797	,10.508849,1999.9000,-1.98000956,-1194.4712,595390.6250,34.310,604966.1875,1999.9000,
	2026/04/30 11:45:05	,	446230	,	1798	,10.508343,1999.9000,-1.93399584,-1194.4227,595376.3125,34.313,604997.0000,1999.9000,
	2026/04/30 11:45:05	,	447230	,	1799	,10.507767,1999.9000,-1.88786864,-1194.3824,595169.3750,34.315,605097.8750,1999.9000,
	2026/04/30 11:45:05	,	448230	,	1800	,10.507091,1999.9000,-1.84098530,-1194.3488,594893.5000,34.316,605097.8750,1999.9000,
	2026/04/30 11:45:05	,	449230	,	1801	,10.506365,1999.9000,-1.78886461,-1194.4203,594893.5000,34.317,605097.8750,1999.9000,
	2026/04/30 11:45:05	,	450230	,	1802	,10.501610,1999.9000,-1.73250234,-1194.4797,594893.5000,34.317,605097.8750,1999.9000,
	2026/04/30 11:45:05	,	451230	,	1803	,10.500747,1999.9000,-1.67102909,-1194.6289,594893.5000,34.317,605097.8750,1999.9000,
	2026/04/30 11:45:05	,	452230	,	1804	,10.499902,1999.9000,-1.60327220,-1194.7532,594893.5000,34.319,605088.2500,1999.9000,
	2026/04/30 11:45:05	,	453230	,	1805	,10.499115,1999.9000,-1.53218758,-1194.8568,594897.1250,34.319,604958.3125,1999.9000,
	2026/04/30 11:45:05	,	454230	,	1806	,10.494788,1999.9000,-1.45979214,-1195.0425,594978.1250,34.319,604927.5625,1999.9000,
	2026/04/30 11:45:05	,	455230	,	1807	,10.493939,1999.9000,-1.38617408,-1195.2968,594987.9375,34.320,604836.9375,1999.9000,
	2026/04/30 11:45:05	,	456230	,	1808	,10.493100,1999.9000,-1.31181860,-1195.5087,594997.3750,34.322,604803.6875,1999.9000,
	2026/04/30 11:45:05	,	457230	,	1809	,10.492146,1999.9000,-1.23496103,-1195.5857,595169.3750,34.323,604707.6875,1999.9000,
	2026/04/30 11:45:05	,	458230	,	1810	,10.487431,1999.9000,-1.15541244,-1195.6500,595448.8125,34.325,604707.6875,1999.9000,
	2026/04/30 11:45:05	,	459230	,	1811	,10.486448,1999.9000,-1.07827759,-1195.7036,595465.8125,34.326,604707.6875,1999.9000,
	2026/04/30 11:45:05	,	460230	,	1812	,10.485415,1999.9000,-1.00288856,-1195.7482,595471.4375,34.326,604707.6875,1999.9000,
	2026/04/30 11:45:05	,	461230	,	1813	,10.481175,1999.9000,-0.92843848,-1195.7854,595474.3125,34.326,604707.6875,1999.9000,
	2026/04/30 11:45:05	,	462230	,	1814	,10.480163,1999.9000,-0.85559559,-1194.9213,595476.0000,34.327,604708.4375,1999.9000,
	2026/04/30 11:45:05	,	463230	,	1815	,10.479209,1999.9000,-0.78413296,-1192.6094,595477.0625,34.324,604720.0625,1999.9000,
	2026/04/30 11:45:05	,	464230	,	1816	,10.478264,1999.9000,-0.71456724,-1189.5886,595391.0000,34.317,604836.9375,1999.9000,
	2026/04/30 11:45:05	,	465230	,	1817	,10.473281,1999.9000,-0.64845532,-1187.0713,595369.8750,34.311,604863.8125,1999.9000,
	2026/04/30 11:45:05	,	466230	,	1818	,10.472253,1999.9000,-0.58604282,-1184.8740,595355.5000,34.306,604949.8750,1999.9000,
	2026/04/30 11:45:05	,	467230	,	1819	,10.471136,1999.9000,-0.52892435,-1183.0431,595218.1875,34.302,604980.3750,1999.9000,
	2026/04/30 11:45:05	,	468230	,	1820	,10.466698,1999.9000,-0.47939396,-1181.4177,594955.5000,34.299,604998.0000,1999.9000,
	2026/04/30 11:45:05	,	469230	,	1821	,10.465805,1999.9000,-0.43365133,-1180.0634,594857.1250,34.296,605006.8125,1999.9000,
	2026/04/30 11:45:05	,	470230	,	1822	,10.464672,1999.9000,-0.39257869,-1178.9347,594857.1250,34.295,605012.1250,1999.9000,
	2026/04/30 11:45:05	,	471230	,	1823	,10.459906,1999.9000,-0.35612571,-1177.9940,594857.1250,34.296,605015.6875,1999.9000,
	2026/04/30 11:45:05	,	472230	,	1824	,10.459026,1999.9000,-0.32041645,-1177.5087,594857.1250,34.300,605018.6250,1999.9000,
	2026/04/30 11:45:05	,	473230	,	1825	,10.458029,1999.9000,-0.28454331,-1177.2036,594857.1250,34.303,605008.8125,1999.9000,
	2026/04/30 11:45:05	,	474230	,	1826	,10.453948,1999.9000,-0.25039700,-1177.6459,594944.7500,34.306,604888.8750,1999.9000,
	2026/04/30 11:45:05	,	475230	,	1827	,10.452979,1999.9000,-0.21793345,-1178.0143,594959.0000,34.308,604852.6250,1999.9000,
	2026/04/30 11:45:05	,	476230	,	1828	,10.451921,1999.9000,-0.18660432,-1178.3213,594965.8125,34.308,604740.8750,1999.9000,
	2026/04/30 11:45:05	,	477230	,	1829	,10.447693,1999.9000,-0.15320170,-1178.5773,595079.3750,34.307,604714.6250,1999.9000,
	2026/04/30 11:45:05	,	478230	,	1830	,10.446993,1999.9000,-0.11359125,-1178.7904,595356.4375,34.304,604705.2500,1999.9000,
	2026/04/30 11:45:05	,	479230	,	1831	,10.446134,1999.9000,-0.07370979,-1178.7692,595497.0625,34.299,604700.5625,1999.9000,
	2026/04/30 11:45:05	,	480230	,	1832	,10.445272,1999.9000,-0.03844796,-1177.8563,595497.0625,34.293,604697.6875,1999.9000,
	2026/04/30 11:45:05	,	481230	,	1833	,10.440722,1999.9000,-0.01148009,-1177.0955,595497.0625,34.288,604695.8750,1999.9000,
	2026/04/30 11:45:05	,	482230	,	1834	,10.439858,1999.9000,0.00488720,-1176.4613,595497.0625,34.284,604694.3125,1999.9000,
	2026/04/30 11:45:05	,	483230	,	1835	,10.438985,1999.9000,0.01360969,-1175.9330,595497.0625,34.281,604705.8125,1999.9000,
	2026/04/30 11:45:05	,	484230	,	1836	,10.438160,1999.9000,0.01906124,-1175.4928,595384.4375,34.278,604825.4375,1999.9000,
	2026/04/30 11:45:05	,	485230	,	1837	,10.437368,1999.9000,0.02256536,-1175.9216,595365.3750,34.280,604852.0000,1999.9000,
	2026/04/30 11:45:05	,	486230	,	1838	,10.432411,1999.9000,0.02256536,-1176.2791,595355.8125,34.299,604950.5000,1999.9000,
	2026/04/30 11:45:05	,	487230	,	1839	,10.431682,1999.9000,0.02256536,-1176.8752,595337.3750,34.314,604979.7500,1999.9000,
	2026/04/30 11:45:05	,	488230	,	1840	,10.431002,1999.9000,0.02256536,-1178.5658,595078.8125,34.327,604991.5625,1999.9000,
	2026/04/30 11:45:05	,	489230	,	1841	,10.430357,1999.9000,0.02263216,-1180.3726,594821.3750,34.338,604997.4375,1999.9000,
	2026/04/30 11:45:05	,	490230	,	1842	,10.429726,1999.9000,0.02484051,-1182.6740,594821.3750,34.347,605000.9375,1999.9000,
	2026/04/30 11:45:05	,	491230	,	1843	,10.429111,1999.9000,0.02484051,-1184.8901,594821.3750,34.356,605003.3125,1999.9000,
	2026/04/30 11:45:05	,	492230	,	1844	,10.425054,1999.9000,0.02484051,-1187.0355,594821.3750,34.362,605005.2500,1999.9000,
	2026/04/30 11:45:05	,	493230	,	1845	,10.424592,1999.9000,0.02484051,-1189.0221,594821.3750,34.366,604993.6250,1999.9000,
	2026/04/30 11:45:05	,	494230	,	1846	,10.424100,1999.9000,0.02862194,-1190.7772,594931.6250,34.353,604858.0625,1999.9000,
	2026/04/30 11:45:05	,	495230	,	1847	,10.423616,1999.9000,0.03216390,-1192.3392,594959.6250,34.343,604821.1875,1999.9000,
	2026/04/30 11:45:05	,	496230	,	1848	,10.423141,1999.9000,0.03503778,-1193.6409,594977.6875,34.348,604716.7500,1999.9000,
	2026/04/30 11:45:05	,	497230	,	1849	,10.422690,1999.9000,0.03600837,-1194.7256,594997.1875,34.353,604687.4375,1999.9000,
	2026/04/30 11:45:05	,	498230	,	1850	,10.422220,1999.9000,0.04098090,-1195.6295,595280.8125,34.356,604600.1875,1999.9000,
	2026/04/30 11:45:05	,	499230	,	1851	,10.421695,1999.9000,0.04098090,-1196.3828,595566.1875,34.359,604600.1875,1999.9000,
	2026/04/30 11:45:05	,	500230	,	1852	,10.421216,1999.9000,0.04098090,-1197.0105,595566.1875,34.358,604600.1875,1999.9000,
	2026/04/30 11:45:05	,	501230	,	1853	,10.420744,1999.9000,0.04098090,-1197.4342,595566.1875,34.358,604600.1875,1999.9000,
	2026/04/30 11:45:05	,	502230	,	1854	,10.420280,1999.9000,0.04098090,-1197.5883,595566.1875,34.359,604600.1875,1999.9000,
	2026/04/30 11:45:05	,	503230	,	1855	,10.419849,1999.9000,0.03683395,-1197.7166,595566.1875,34.360,604608.4375,1999.9000,
	2026/04/30 11:45:05	,	504230	,	1856	,10.419405,1999.9000,0.03385923,-1197.8236,595481.5625,34.359,604714.3125,1999.9000,
	2026/04/30 11:45:05	,	505230	,	1857	,10.418971,1999.9000,0.03307459,-1197.2164,595447.6250,34.356,604743.3750,1999.9000,
	2026/04/30 11:45:05	,	506230	,	1858	,10.418605,1999.9000,0.03092234,-1197.1084,595427.1875,34.350,604835.6875,1999.9000,
	2026/04/30 11:45:05	,	507230	,	1859	,10.418285,1999.9000,0.02997067,-1197.0184,595345.1250,34.350,604865.5625,1999.9000,
	2026/04/30 11:45:05	,	508230	,	1860	,10.417979,1999.9000,0.02351703,-1196.9434,595183.6875,34.344,604968.0000,1999.9000,
	2026/04/30 11:45:05	,	509230	,	1861	,10.417724,1999.9000,0.01560754,-1196.4829,594925.1250,34.340,604968.0000,1999.9000,
	2026/04/30 11:45:05	,	510230	,	1862	,10.417511,1999.9000,0.00943750,-1196.0992,594925.1250,34.337,604968.0000,1999.9000,
	2026/04/30 11:45:05	,	511230	,	1863	,10.417334,1999.9000,0.00484936,-1195.3816,594925.1250,34.341,604968.0000,1999.9000,
	2026/04/30 11:45:05	,	512230	,	1864	,10.417186,1999.9000,0.00468236,-1194.7836,594925.1250,34.342,604968.0000,1999.9000,
	2026/04/30 11:45:05	,	513230	,	1865	,10.417083,1999.9000,0.00454897,-1194.7836,594925.1250,34.343,604960.7500,1999.9000,
	2026/04/30 11:45:05	,	514230	,	1866	,10.417076,1999.9000,0.00446021,-1194.2346,594926.6250,34.343,604849.6250,1999.9000,
	2026/04/30 11:45:05	,	515230	,	1867	,10.417159,1999.9000,0.00411831,-1193.8278,594937.7500,34.344,604821.1875,1999.9000,
	2026/04/30 11:45:05	,	516230	,	1868	,10.417334,1999.9000,0.00387670,-1193.4888,595018.0000,34.344,604735.4375,1999.9000,
	2026/04/30 11:45:05	,	517230	,	1869	,10.417523,1999.9000,0.00367539,-1193.2063,595028.4375,34.334,604708.8125,1999.9000,
	2026/04/30 11:45:05	,	518230	,	1870	,10.417794,1999.9000,0.00343096,-1192.9707,595198.5625,34.325,604681.8750,1999.9000,
	2026/04/30 11:45:05	,	519230	,	1871	,10.418205,1999.9000,0.00320098,-1192.7745,595488.7500,34.317,604668.3750,1999.9000,
	2026/04/30 11:45:05	,	520230	,	1872	,10.418731,1999.9000,0.00293370,-1192.6110,595507.1250,34.309,604660.3750,1999.9000,
	2026/04/30 11:45:05	,	521230	,	1873	,10.419312,1999.9000,0.00053854,-1192.4746,595513.3125,34.303,604654.9375,1999.9000,
	2026/04/30 11:45:05	,	522230	,	1874	,10.423594,1999.9000,-0.00191308,-1192.3611,595516.3750,34.298,604650.5000,1999.9000,
	2026/04/30 11:45:05	,	523230	,	1875	,10.424264,1999.9000,-0.00661466,-1192.2665,595518.1875,34.294,604651.5000,1999.9000,
	2026/04/30 11:45:05	,	524230	,	1876	,10.425004,1999.9000,-0.01236243,-1192.3866,595519.4375,34.283,604733.0000,1999.9000,
	2026/04/30 11:45:05	,	525230	,	1877	,10.425702,1999.9000,-0.01818582,-1192.5862,595435.6875,34.281,604763.8125,1999.9000,
	2026/04/30 11:45:05	,	526230	,	1878	,10.426430,1999.9000,-0.02455123,-1192.7524,595413.3125,34.287,604852.6250,1999.9000,
	2026/04/30 11:45:05	,	527230	,	1879	,10.431070,1999.9000,-0.03156577,-1192.8910,595400.6875,34.293,604880.3750,1999.9000,
	2026/04/30 11:45:05	,	528230	,	1880	,10.431934,1999.9000,-0.04079245,-1193.7029,595277.1875,34.297,604978.2500,1999.9000,
	2026/04/30 11:45:05	,	529230	,	1881	,10.432759,1999.9000,-0.05262834,-1194.3793,595024.0000,34.301,604978.2500,1999.9000,
	2026/04/30 11:45:05	,	530230	,	1882	,10.433655,1999.9000,-0.06219533,-1194.9431,594893.5000,34.304,604978.2500,1999.9000,
	2026/04/30 11:45:05	,	531230	,	1883	,10.437982,1999.9000,-0.06952501,-1195.4128,594893.5000,34.309,604978.2500,1999.9000,
	2026/04/30 11:45:05	,	532230	,	1884	,10.438965,1999.9000,-0.07515933,-1195.8043,594893.5000,34.314,604978.2500,1999.9000,
	2026/04/30 11:45:05	,	533230	,	1885	,10.439937,1999.9000,-0.07780002,-1195.9315,594893.5000,34.318,604976.6250,1999.9000,
	2026/04/30 11:45:05	,	534230	,	1886	,10.440871,1999.9000,-0.07857522,-1195.9382,594893.5000,34.321,604895.5000,1999.9000,
	2026/04/30 11:45:05	,	535230	,	1887	,10.445369,1999.9000,-0.08183986,-1195.9437,594980.5000,34.324,604862.8750,1999.9000,
	2026/04/30 11:45:05	,	536230	,	1888	,10.446441,1999.9000,-0.08510450,-1195.9482,594998.0625,34.326,604766.2500,1999.9000,
	2026/04/30 11:45:05	,	537230	,	1889	,10.447444,1999.9000,-0.08896784,-1195.8527,595008.5000,34.322,604736.0625,1999.9000,
	2026/04/30 11:45:05	,	538230	,	1890	,10.451715,1999.9000,-0.08912541,-1195.5741,595117.5625,34.318,604710.8750,1999.9000,
	2026/04/30 11:45:05	,	539230	,	1891	,10.452816,1999.9000,-0.08941112,-1195.3419,595388.6250,34.318,604698.2500,1999.9000,
	2026/04/30 11:45:05	,	540230	,	1892	,10.453839,1999.9000,-0.08961228,-1195.1484,595558.4375,34.318,604690.6875,1999.9000,
	2026/04/30 11:45:05	,	541230	,	1893	,10.454797,1999.9000,-0.08997750,-1194.9871,595558.4375,34.319,604685.6250,1999.9000,
	2026/04/30 11:45:05	,	542230	,	1894	,10.459489,1999.9000,-0.09273668,-1194.8527,595558.4375,34.319,604681.4375,1999.9000,
	2026/04/30 11:45:05	,	543230	,	1895	,10.460621,1999.9000,-0.09829536,-1194.8402,595558.4375,34.319,604679.1875,1999.9000,
	2026/04/30 11:45:05	,	544230	,	1896	,10.461792,1999.9000,-0.10636872,-1194.9292,595558.4375,34.319,604690.5625,1999.9000,
	2026/04/30 11:45:05	,	545230	,	1897	,10.466400,1999.9000,-0.11531179,-1195.4014,595451.8125,34.311,604815.1250,1999.9000,
	2026/04/30 11:45:05	,	546230	,	1898	,10.467413,1999.9000,-0.12503637,-1195.7948,595431.2500,34.308,604844.5000,1999.9000,
	2026/04/30 11:45:05	,	547230	,	1899	,10.468377,1999.9000,-0.13595839,-1196.1226,595420.1875,34.305,604935.3750,1999.9000,
	2026/04/30 11:45:05	,	548230	,	1900	,10.472567,1999.9000,-0.14950220,-1196.3958,595400.3750,34.297,604967.1250,1999.9000,
	2026/04/30 11:45:05	,	549230	,	1901	,10.473713,1999.9000,-0.16929798,-1196.6234,595130.6250,34.290,605062.8125,1999.9000,
	2026/04/30 11:45:05	,	550230	,	1902	,10.474750,1999.9000,-0.19262309,-1196.4153,594860.1250,34.276,605062.8125,1999.9000,
	2026/04/30 11:45:05	,	551230	,	1903	,10.478882,1999.9000,-0.21865192,-1195.1476,594860.1250,34.273,605062.8125,1999.9000,
	2026/04/30 11:45:05	,	552230	,	1904	,10.479909,1999.9000,-0.24739707,-1193.4943,594860.1250,34.270,605062.8125,1999.9000,
	2026/04/30 11:45:05	,	553230	,	1905	,10.480838,1999.9000,-0.27618635,-1191.6193,594860.1250,34.267,605062.8125,1999.9000,
	2026/04/30 11:45:05	,	554230	,	1906	,10.481727,1999.9000,-0.30633691,-1189.6587,594860.1250,34.268,605052.6250,1999.9000,
	2026/04/30 11:45:05	,	555230	,	1907	,10.486388,1999.9000,-0.34166175,-1188.0250,594873.0625,34.266,604947.4375,1999.9000,
	2026/04/30 11:45:05	,	556230	,	1908	,10.487327,1999.9000,-0.38296127,-1186.6637,594976.3750,34.264,604919.6875,1999.9000,
	2026/04/30 11:45:05	,	557230	,	1909	,10.488334,1999.9000,-0.43000853,-1185.1312,594979.6250,34.266,604826.0625,1999.9000,
	2026/04/30 11:45:05	,	558230	,	1910	,10.489269,1999.9000,-0.48182666,-1183.6552,594996.0000,34.268,604795.5625,1999.9000,
	2026/04/30 11:45:05	,	559230	,	1911	,10.493775,1999.9000,-0.53569317,-1182.4252,595252.8125,34.272,604707.6875,1999.9000,
	2026/04/30 11:45:05	,	560230	,	1912	,10.494550,1999.9000,-0.59553421,-1181.4003,595537.0000,34.275,604707.6875,1999.9000,
	2026/04/30 11:45:05	,	561230	,	1913	,10.495335,1999.9000,-0.66344869,-1180.5461,595537.0000,34.278,604707.6875,1999.9000,
	2026/04/30 11:45:05	,	562230	,	1914	,10.496203,1999.9000,-0.73786086,-1179.9337,595537.0000,34.280,604707.6875,1999.9000,
	2026/04/30 11:45:05	,	563230	,	1915	,10.500567,1999.9000,-0.81852502,-1180.0204,595537.0000,34.288,604707.6875,1999.9000,
	2026/04/30 11:45:05	,	564230	,	1916	,10.501207,1999.9000,-0.90410507,-1180.2915,595537.0000,34.296,604718.5625,1999.9000,
	2026/04/30 11:45:05	,	565230	,	1917	,10.501828,1999.9000,-0.99123544,-1180.5175,595433.3125,34.302,604843.5625,1999.9000,
	2026/04/30 11:45:05	,	566230	,	1918	,10.502511,1999.9000,-1.07830274,-1180.7057,595402.3125,34.300,604876.4375,1999.9000,
	2026/04/30 11:45:05	,	567230	,	1919	,10.503182,1999.9000,-1.16535127,-1180.8625,595385.4375,34.299,604974.0625,1999.9000,
	2026/04/30 11:45:05	,	568230	,	1920	,10.503849,1999.9000,-1.25249422,-1180.9933,595370.7500,34.297,605003.0000,1999.9000,
	2026/04/30 11:45:05	,	569230	,	1921	,10.507866,1999.9000,-1.34243548,-1181.0028,595169.9375,34.296,605119.5625,1999.9000,
	2026/04/30 11:45:05	,	570230	,	1922	,10.508402,1999.9000,-1.43177176,-1181.0107,594895.8750,34.303,605122.0000,1999.9000,
	2026/04/30 11:45:05	,	571230	,	1923	,10.508938,1999.9000,-1.51607239,-1180.8182,594877.1250,34.310,605122.8125,1999.9000,
	2026/04/30 11:45:05	,	572230	,	1924	,10.509393,1999.9000,-1.59559584,-1180.6580,594870.8750,34.316,605123.1875,1999.9000,
	2026/04/30 11:45:05	,	573230	,	1925	,10.509933,1999.9000,-1.66900599,-1180.4248,594867.7500,34.321,605123.4375,1999.9000,
	2026/04/30 11:45:05	,	574230	,	1926	,10.510402,1999.9000,-1.73610735,-1180.2306,594865.8750,34.326,605123.5625,1999.9000,
	2026/04/30 11:45:05	,	575230	,	1927	,10.510828,1999.9000,-1.79853249,-1180.0688,594864.6250,34.329,605113.0000,1999.9000,
	2026/04/30 11:45:05	,	576230	,	1928	,10.511283,1999.9000,-1.85639465,-1179.9340,594873.7500,34.332,604998.8125,1999.9000,
	2026/04/30 11:45:05	,	577230	,	1929	,10.511781,1999.9000,-1.90876734,-1179.8215,594884.4375,34.339,604967.1250,1999.9000,
	2026/04/30 11:45:05	,	578230	,	1930	,10.512245,1999.9000,-1.95561302,-1179.8215,594896.7500,34.340,604881.0000,1999.9000,
	2026/04/30 11:45:05	,	579230	,	1931	,10.512657,1999.9000,-1.99432850,-1179.8274,595104.4375,34.341,604873.5000,1999.9000,
	2026/04/30 11:45:05	,	580230	,	1932	,10.513016,1999.9000,-2.02676034,-1180.0311,595395.8125,34.342,604870.9375,1999.9000,
	2026/04/30 11:45:05	,	581230	,	1933	,10.513339,1999.9000,-2.05724525,-1180.3004,595435.1875,34.341,604869.6250,1999.9000,
	2026/04/30 11:45:05	,	582230	,	1934	,10.513614,1999.9000,-2.08503866,-1181.6191,595448.2500,34.333,604868.8750,1999.9000,
	2026/04/30 11:45:05	,	583230	,	1935	,10.513892,1999.9000,-2.11088467,-1183.4143,595454.8125,34.326,604868.4375,1999.9000,
	2026/04/30 11:45:05	,	584230	,	1936	,10.514139,1999.9000,-2.13549542,-1185.2086,595458.6875,34.317,604868.4375,1999.9000,
	2026/04/30 11:45:05	,	585230	,	1937	,10.514349,1999.9000,-2.15667772,-1188.4973,595461.3125,34.310,604882.8125,1999.9000,
	2026/04/30 11:45:05	,	586230	,	1938	,10.514524,1999.9000,-2.17313337,-1188.4973,595449.3125,34.304,604882.8125,1999.9000,
	2026/04/30 11:45:05	,	587230	,	1939	,10.514670,1999.9000,-2.18486190,-1189.7430,595346.9375,34.299,604971.0000,1999.9000,
	2026/04/30 11:45:05	,	588230	,	1940	,10.514670,1999.9000,-2.18486190,-1191.0795,595334.4375,34.297,604995.4375,1999.9000,
	2026/04/30 11:45:05	,	589230	,	1941	,10.514792,1999.9000,-2.18486190,-1192.1931,595237.3125,34.310,605077.3125,1999.9000,
	2026/04/30 11:45:05	,	590230	,	1942	,10.514889,1999.9000,-2.18486190,-1192.9222,594990.0000,34.322,605115.3750,1999.9000,
	2026/04/30 11:45:05	,	591230	,	1943	,10.514969,1999.9000,-2.18486190,-1193.5299,594845.8750,34.332,605128.0625,1999.9000,
	2026/04/30 11:45:05	,	592230	,	1944	,10.514882,1999.9000,-2.18478847,-1194.0363,594845.8750,34.341,605134.3750,1999.9000,
	2026/04/30 11:45:05	,	593230	,	1945	,10.514686,1999.9000,-2.16779518,-1194.3588,594845.8750,34.348,605138.1875,1999.9000,
	2026/04/30 11:45:05	,	594230	,	1946	,10.514432,1999.9000,-2.14390278,-1194.5281,594845.8750,34.352,605140.7500,1999.9000,
	2026/04/30 11:45:05	,	595230	,	1947	,10.514136,1999.9000,-2.11441398,-1194.4701,594845.8750,34.351,605135.5000,1999.9000,
	2026/04/30 11:45:05	,	596230	,	1948	,10.513837,1999.9000,-2.08098626,-1194.4219,594940.6250,34.349,605024.1250,1999.9000,
	2026/04/30 11:45:05	,	597230	,	1949	,10.513453,1999.9000,-2.04327893,-1194.1829,594954.2500,34.347,604983.9375,1999.9000,
	2026/04/30 11:45:05	,	598230	,	1950	,10.512918,1999.9000,-2.00126123,-1193.8840,594961.2500,34.344,604881.6250,1999.9000,
	2026/04/30 11:45:05	,	599230	,	1951	,10.512350,1999.9000,-1.95370960,-1193.6350,595058.5625,34.337,604851.0625,1999.9000,
	2026/04/30 11:45:05	,	600230	,	1952	,10.511687,1999.9000,-1.90004492,-1193.4276,595332.6250,34.328,604751.1250,1999.9000,
	2026/04/30 11:45:05	,	601230	,	1953	,10.507002,1999.9000,-1.84530866,-1193.2546,595495.8750,34.320,604751.1250,1999.9000,
	2026/04/30 11:45:05	,	602230	,	1954	,10.506302,1999.9000,-1.78953266,-1193.1105,595495.8750,34.314,604751.1250,1999.9000,
	2026/04/30 11:45:05	,	603230	,	1955	,10.505631,1999.9000,-1.73190987,-1193.4878,595495.8750,34.308,604751.1250,1999.9000,
	2026/04/30 11:45:05	,	604230	,	1956	,10.504894,1999.9000,-1.67319071,-1193.8022,595495.8750,34.304,604751.1250,1999.9000,
	2026/04/30 11:45:05	,	605230	,	1957	,10.500507,1999.9000,-1.61248612,-1194.2633,595495.8750,34.300,604757.6875,1999.9000,
	2026/04/30 11:45:05	,	606230	,	1958	,10.499643,1999.9000,-1.54852343,-1194.6473,595392.8125,34.307,604849.6250,1999.9000,
	2026/04/30 11:45:05	,	607230	,	1959	,10.498720,1999.9000,-1.48158574,-1195.0670,595368.0625,34.312,604875.5625,1999.9000,
	2026/04/30 11:45:05	,	608230	,	1960	,10.497842,1999.9000,-1.41224706,-1195.4166,595355.4375,34.316,604901.9375,1999.9000,
	2026/04/30 11:45:05	,	609230	,	1961	,10.493507,1999.9000,-1.34258676,-1195.7080,595336.0000,34.324,605000.5625,1999.9000,
	2026/04/30 11:45:05	,	610230	,	1962	,10.492555,1999.9000,-1.34258676,-1195.8513,595080.0000,34.331,605027.1875,1999.9000,
	2026/04/30 11:45:05	,	611230	,	1963	,10.491502,1999.9000,-1.27506936,-1195.9708,594813.6875,34.337,605038.0625,1999.9000,
	2026/04/30 11:45:05	,	612230	,	1964	,10.487460,1999.9000,-1.20569909,-1196.1698,594813.6875,34.341,605043.5000,1999.9000,
	2026/04/30 11:45:05	,	613230	,	1965	,10.486611,1999.9000,-1.13415444,-1196.3357,594813.6875,34.339,605046.7500,1999.9000,
	2026/04/30 11:45:05	,	614230	,	1966	,10.485733,1999.9000,-1.06141233,-1196.4740,594813.6875,34.337,605048.9375,1999.9000,
	2026/04/30 11:45:05	,	615230	,	1967	,10.484861,1999.9000,-0.98544359,-1196.3901,594813.6875,34.336,605050.7500,1999.9000,
	2026/04/30 11:45:05	,	616230	,	1968	,10.480132,1999.9000,-0.90647477,-1195.8229,594910.7500,34.334,605038.4375,1999.9000,
	2026/04/30 11:45:05	,	617230	,	1969	,10.479194,1999.9000,-0.82778955,-1195.2509,594932.8125,34.332,604908.8125,1999.9000,
	2026/04/30 11:45:05	,	618230	,	1970	,10.478197,1999.9000,-0.75144881,-1194.1772,594943.3750,34.327,604878.3125,1999.9000,
	2026/04/30 11:45:05	,	619230	,	1971	,10.474056,1999.9000,-0.67889583,-1192.9841,594957.8750,34.322,604794.0625,1999.9000,
	2026/04/30 11:45:05	,	620230	,	1972	,10.473073,1999.9000,-0.60975873,-1191.0946,595204.5625,34.319,604770.1875,1999.9000,
	2026/04/30 11:45:05	,	621230	,	1973	,10.471980,1999.9000,-0.54143459,-1189.5200,595494.6875,34.316,604748.3750,1999.9000,
	2026/04/30 11:45:05	,	622230	,	1974	,10.467710,1999.9000,-0.47870702,-1187.9095,595494.6875,34.313,604737.4375,1999.9000,
	2026/04/30 11:45:05	,	623230	,	1975	,10.466534,1999.9000,-0.42362422,-1186.2689,595494.6875,34.314,604730.8750,1999.9000,
	2026/04/30 11:45:05	,	624230	,	1976	,10.465398,1999.9000,-0.37604123,-1184.9017,595494.6875,34.315,604726.5000,1999.9000,
	2026/04/30 11:45:05	,	625230	,	1977	,10.460770,1999.9000,-0.33733204,-1184.0608,595494.6875,34.316,604722.8750,1999.9000,
	2026/04/30 11:45:05	,	626230	,	1978	,10.459534,1999.9000,-0.30559325,-1183.6586,595484.3750,34.316,604731.0000,1999.9000,
	2026/04/30 11:45:05	,	627230	,	1979	,10.458536,1999.9000,-0.27641952,-1183.4227,595365.3750,34.318,604836.9375,1999.9000,
	2026/04/30 11:45:05	,	628230	,	1980	,10.457539,1999.9000,-0.24759874,-1183.3257,595357.3125,34.321,604857.4375,1999.9000,
	2026/04/30 11:45:05	,	629230	,	1981	,10.452549,1999.9000,-0.21935779,-1183.2449,595346.2500,34.325,604880.0000,1999.9000,
	2026/04/30 11:45:05	,	630230	,	1982	,10.451640,1999.9000,-0.19196764,-1183.0780,595169.9375,34.332,604991.5625,1999.9000,
	2026/04/30 11:45:05	,	631230	,	1983	,10.450752,1999.9000,-0.16735685,-1182.9390,594891.7500,34.337,605024.4375,1999.9000,
	2026/04/30 11:45:05	,	632230	,	1984	,10.449890,1999.9000,-0.14120196,-1182.8232,594885.4375,34.339,605035.4375,1999.9000,
	2026/04/30 11:45:05	,	633230	,	1985	,10.445250,1999.9000,-0.11108921,-1182.4282,594883.3750,34.340,605040.8750,1999.9000,
	2026/04/30 11:45:05	,	634230	,	1986	,10.444297,1999.9000,-0.08040292,-1181.6017,594882.3125,34.341,605044.1875,1999.9000,
	2026/04/30 11:45:05	,	635230	,	1987	,10.443393,1999.9000,-0.05236362,-1180.9130,594881.6875,34.341,605046.3750,1999.9000,
	2026/04/30 11:45:05	,	636230	,	1988	,10.442576,1999.9000,-0.02922128,-1180.3389,594881.3125,34.338,605038.8125,1999.9000,
	2026/04/30 11:45:05	,	637230	,	1989	,10.438160,1999.9000,-0.01225527,-1179.8606,594891.0625,34.324,604930.5625,1999.9000,
	2026/04/30 11:45:05	,	638230	,	1990	,10.437193,1999.9000,0.00005955,-1179.4620,594900.1875,34.312,604901.8750,1999.9000,
	2026/04/30 11:45:05	,	639230	,	1991	,10.436295,1999.9000,0.00943750,-1179.3287,594910.8750,34.303,604804.8750,1999.9000,
	2026/04/30 11:45:05	,	640230	,	1992	,10.435420,1999.9000,0.01686172,-1179.5162,595102.0625,34.295,604767.6875,1999.9000,
	2026/04/30 11:45:05	,	641230	,	1993	,10.431041,1999.9000,0.02620812,-1180.0703,595403.5625,34.288,604672.0625,1999.9000,
	2026/04/30 11:45:05	,	642230	,	1994	,10.430386,1999.9000,0.03621000,-1180.5320,595485.1250,34.282,604672.0625,1999.9000,
	2026/04/30 11:45:05	,	643230	,	1995	,10.429750,1999.9000,0.04375394,-1181.4142,595485.1250,34.282,604672.0625,1999.9000,
	2026/04/30 11:45:05	,	644230	,	1996	,10.429201,1999.9000,0.04471191,-1183.0446,595485.1250,34.287,604672.0625,1999.9000,
	2026/04/30 11:45:05	,	645230	,	1997	,10.428694,1999.9000,0.04519093,-1184.9005,595485.1250,34.294,604672.0625,1999.9000,
	2026/04/30 11:45:05	,	646230	,	1998	,10.428165,1999.9000,0.04519093,-1186.6462,595485.1250,34.294,604677.5000,1999.9000,
	2026/04/30 11:45:05	,	647230	,	1999	,10.427564,1999.9000,0.04528668,-1188.7972,595398.1875,34.303,604774.0625,1999.9000,
	2026/04/30 11:45:05	,	648230	,	2000	,10.423326,1999.9000,0.04535053,-1190.6892,595382.0625,34.310,604798.5000,1999.9000,
	2026/04/30 11:45:05	,	649230	,	2001	,10.422700,1999.9000,0.04514220,-1192.2660,595371.1875,34.318,604822.5625,1999.9000,
	2026/04/30 11:45:05	,	650230	,	2002	,10.422303,1999.9000,0.04224771,-1193.5798,595263.5625,34.324,604921.5000,1999.9000,
	2026/04/30 11:45:05	,	651230	,	2003	,10.422000,1999.9000,0.03691587,-1195.0728,595019.8125,34.331,604959.1875,1999.9000,
	2026/04/30 11:45:05	,	652230	,	2004	,10.421712,1999.9000,0.02889295,-1196.3167,594881.6250,34.333,604971.7500,1999.9000,
	2026/04/30 11:45:05	,	653230	,	2005	,10.421360,1999.9000,0.02241411,-1197.3533,594881.6250,34.334,604978.0625,1999.9000,
	2026/04/30 11:45:05	,	654230	,	2006	,10.420958,1999.9000,0.01696885,-1197.8192,594881.6250,34.335,604981.8125,1999.9000,
	2026/04/30 11:45:05	,	655230	,	2007	,10.420499,1999.9000,0.01696885,-1198.1082,594881.6250,34.337,604984.3750,1999.9000,
	2026/04/30 11:45:05	,	656230	,	2008	,10.420027,1999.9000,0.01696885,-1198.3488,594881.6250,34.343,604978.8125,1999.9000,
	2026/04/30 11:45:05	,	657230	,	2009	,10.419579,1999.9000,0.01696885,-1197.6541,594971.5625,34.342,604869.5000,1999.9000,
	2026/04/30 11:45:05	,	658230	,	2010	,10.419170,1999.9000,0.01696885,-1197.0751,594987.0625,34.341,604837.2500,1999.9000,
	2026/04/30 11:45:05	,	659230	,	2011	,10.418830,1999.9000,0.01728609,-1196.4933,594995.7500,34.347,604745.6875,1999.9000,
	2026/04/30 11:45:05	,	660230	,	2012	,10.418468,1999.9000,0.02067465,-1196.0084,595096.6875,34.345,604715.8125,1999.9000,
	2026/04/30 11:45:05	,	661230	,	2013	,10.418155,1999.9000,0.02436153,-1195.6044,595096.6875,34.339,604620.0625,1999.9000,
	2026/04/30 11:45:05	,	662230	,	2014	,10.417894,1999.9000,0.02973745,-1195.2676,595357.0625,34.336,604620.0625,1999.9000,
	2026/04/30 11:45:05	,	663230	,	2015	,10.417668,1999.9000,0.02973745,-1194.9869,595554.2500,34.333,604620.0625,1999.9000,
	2026/04/30 11:45:05	,	664230	,	2016	,10.417475,1999.9000,0.02973745,-1194.7532,595554.2500,34.329,604620.0625,1999.9000,
	2026/04/30 11:45:05	,	665230	,	2017	,10.417313,1999.9000,0.02973745,-1194.6578,595554.2500,34.326,604620.0625,1999.9000,
	2026/04/30 11:45:05	,	666230	,	2018	,10.417184,1999.9000,0.02973745,-1194.5782,595554.2500,34.325,604624.8125,1999.9000,
	2026/04/30 11:45:05	,	667230	,	2019	,10.417086,1999.9000,0.02485314,-1194.4125,595554.2500,34.324,604727.0000,1999.9000,
	2026/04/30 11:45:05	,	668230	,	2020	,10.417013,1999.9000,0.02037843,-1194.0753,595447.0000,34.321,604762.3125,1999.9000,
	2026/04/30 11:45:05	,	669230	,	2021	,10.416992,1999.9000,0.01644574,-1193.7946,595422.3125,34.319,604863.5000,1999.9000,
	2026/04/30 11:45:05	,	670230	,	2022	,10.417080,1999.9000,0.01258869,-1193.2620,595408.6875,34.318,604895.5000,1999.9000,
	2026/04/30 11:45:05	,	671230	,	2023	,10.417228,1999.9000,0.00663924,-1192.8184,595390.3750,34.316,605003.6250,1999.9000,
	2026/04/30 11:45:05	,	672230	,	2024	,10.417524,1999.9000,-0.00357062,-1192.7469,595135.4375,34.318,605010.9375,1999.9000,
	2026/04/30 11:45:05	,	673230	,	2025	,10.417920,1999.9000,-0.01364180,-1192.6875,594864.3125,34.328,605013.3125,1999.9000,
	2026/04/30 11:45:05	,	674230	,	2026	,10.418458,1999.9000,-0.02237060,-1192.6379,594864.3125,34.335,605014.5625,1999.9000,
	2026/04/30 11:45:05	,	675230	,	2027	,10.419106,1999.9000,-0.02911415,-1192.8950,594864.3125,34.337,605015.3125,1999.9000,
	2026/04/30 11:45:05	,	676230	,	2028	,10.423445,1999.9000,-0.03171073,-1193.1094,594864.3125,34.339,605015.8125,1999.9000,
	2026/04/30 11:45:05	,	677230	,	2029	,10.424086,1999.9000,-0.03172019,-1193.5863,594864.3125,34.340,605002.3125,1999.9000,
	2026/04/30 11:45:05	,	678230	,	2030	,10.424676,1999.9000,-0.03172546,-1194.0833,594944.7500,34.341,604871.9375,1999.9000,
	2026/04/30 11:45:05	,	679230	,	2031	,10.425262,1999.9000,-0.03187461,-1194.6963,594973.3125,34.347,604840.5625,1999.9000,
	2026/04/30 11:45:05	,	680230	,	2032	,10.425888,1999.9000,-0.03229559,-1195.4063,594987.1875,34.347,604739.6875,1999.9000,
	2026/04/30 11:45:05	,	681230	,	2033	,10.430386,1999.9000,-0.03257731,-1195.9977,595002.9375,34.347,604707.7500,1999.9000,
	2026/04/30 11:45:05	,	682230	,	2034	,10.431175,1999.9000,-0.03288455,-1196.4907,595238.4375,34.347,604697.0000,1999.9000,
	2026/04/30 11:45:05	,	683230	,	2035	,10.431926,1999.9000,-0.03532830,-1196.9016,595534.0000,34.342,604691.6250,1999.9000,
	2026/04/30 11:45:05	,	684230	,	2036	,10.432798,1999.9000,-0.03550793,-1196.8459,595534.0000,34.338,604688.4375,1999.9000,
	2026/04/30 11:45:05	,	685230	,	2037	,10.437535,1999.9000,-0.03780514,-1196.5012,595534.0000,34.340,604686.2500,1999.9000,
	2026/04/30 11:45:05	,	686230	,	2038	,10.438429,1999.9000,-0.04266427,-1196.2140,595534.0000,34.341,604685.2500,1999.9000,
	2026/04/30 11:45:05	,	687230	,	2039	,10.439282,1999.9000,-0.04977966,-1195.9745,595534.0000,34.343,604695.7500,1999.9000,
	2026/04/30 11:45:05	,	688230	,	2040	,10.440171,1999.9000,-0.05719756,-1195.6757,595525.7500,34.345,604810.9375,1999.9000,
	2026/04/30 11:45:05	,	689230	,	2041	,10.444535,1999.9000,-0.06456503,-1195.3270,595405.9375,34.347,604839.3125,1999.9000,
	2026/04/30 11:45:05	,	690230	,	2042	,10.445593,1999.9000,-0.07182537,-1195.0365,595388.6875,34.348,604943.2500,1999.9000,
	2026/04/30 11:45:05	,	691230	,	2043	,10.446760,1999.9000,-0.07985462,-1194.7944,595376.3125,34.350,604975.5000,1999.9000,
	2026/04/30 11:45:05	,	692230	,	2044	,10.450880,1999.9000,-0.09152032,-1194.5928,595214.6875,34.352,605059.1875,1999.9000,
	2026/04/30 11:45:05	,	693230	,	2045	,10.451834,1999.9000,-0.10304107,-1194.4247,594933.3750,34.354,605059.1875,1999.9000,
	2026/04/30 11:45:05	,	694230	,	2046	,10.452867,1999.9000,-0.11185808,-1194.3840,594919.1250,34.356,605059.1875,1999.9000,
	2026/04/30 11:45:05	,	695230	,	2047	,10.457076,1999.9000,-0.11880333,-1194.2507,594914.3750,34.356,605059.1875,1999.9000,
	2026/04/30 11:45:05	,	696230	,	2048	,10.457940,1999.9000,-0.12268560,-1194.1396,594912.0000,34.357,605059.1875,1999.9000,
	2026/04/30 11:45:05	,	697230	,	2049	,10.458993,1999.9000,-0.12336940,-1194.1465,594910.5625,34.353,605046.2500,1999.9000,
	2026/04/30 11:45:05	,	698230	,	2050	,10.463630,1999.9000,-0.12581787,-1194.3511,594909.6250,34.348,604914.8750,1999.9000,
	2026/04/30 11:45:05	,	699230	,	2051	,10.464717,1999.9000,-0.12877998,-1194.5217,594920.5000,34.351,604891.9375,1999.9000,
	2026/04/30 11:45:05	,	700230	,	2052	,10.465714,1999.9000,-0.13345006,-1194.8628,595003.1250,34.353,604865.1250,1999.9000,
	2026/04/30 11:45:05	,	701230	,	2053	,10.466713,1999.9000,-0.13992259,-1195.1470,595007.3750,34.351,604756.5625,1999.9000,
	2026/04/30 11:45:05	,	702230	,	2054	,10.471643,1999.9000,-0.14497080,-1195.3839,595133.0625,34.348,604746.0000,1999.9000,
	2026/04/30 11:45:05	,	703230	,	2055	,10.472775,1999.9000,-0.15154418,-1195.5813,595420.8125,34.345,604742.5000,1999.9000,
	2026/04/30 11:45:05	,	704230	,	2056	,10.473738,1999.9000,-0.16359434,-1195.7458,595511.3750,34.342,604740.7500,1999.9000,
	2026/04/30 11:45:05	,	705230	,	2057	,10.474681,1999.9000,-0.18158764,-1195.6840,595511.3750,34.338,604739.6875,1999.9000,
	2026/04/30 11:45:05	,	706230	,	2058	,10.479805,1999.9000,-0.20636228,-1195.5328,595511.3750,34.335,604738.9375,1999.9000,
	2026/04/30 11:45:05	,	707230	,	2059	,10.480788,1999.9000,-0.23709899,-1193.7159,595511.3750,34.332,604747.8125,1999.9000,
	2026/04/30 11:45:05	,	708230	,	2060	,10.481731,1999.9000,-0.27197006,-1192.2018,595511.3750,34.330,604847.1875,1999.9000,
	2026/04/30 11:45:05	,	709230	,	2061	,10.482724,1999.9000,-0.31130952,-1190.8405,595417.8125,34.328,604878.0000,1999.9000,
	2026/04/30 11:45:05	,	710230	,	2062	,10.487311,1999.9000,-0.35579801,-1189.6067,595394.5625,34.327,604972.8125,1999.9000,
	2026/04/30 11:45:05	,	711230	,	2063	,10.488205,1999.9000,-0.40517086,-1188.0812,595382.0625,34.325,605003.6250,1999.9000,
	2026/04/30 11:45:05	,	712230	,	2064	,10.489208,1999.9000,-0.46227670,-1186.8099,595269.4375,34.324,605100.8750,1999.9000,
	2026/04/30 11:45:05	,	713230	,	2065	,10.490201,1999.9000,-0.52563453,-1185.6510,595028.1250,34.326,605100.8750,1999.9000,
	2026/04/30 11:45:05	,	714230	,	2066	,10.495027,1999.9000,-0.59229481,-1184.6853,594851.8125,34.328,605100.8750,1999.9000,
	2026/04/30 11:45:05	,	715230	,	2067	,10.495890,1999.9000,-0.66365665,-1183.3832,594851.8125,34.330,605100.8750,1999.9000,
	2026/04/30 11:45:05	,	716230	,	2068	,10.496635,1999.9000,-0.73924112,-1182.2980,594851.8125,34.331,605100.8750,1999.9000,
	2026/04/30 11:45:05	,	717230	,	2069	,10.497379,1999.9000,-0.81732124,-1181.3937,594851.8125,34.332,605088.8750,1999.9000,
	2026/04/30 11:45:05	,	718230	,	2070	,10.498155,1999.9000,-0.89857155,-1181.1375,594851.8125,34.328,604935.9375,1999.9000,
	2026/04/30 11:45:05	,	719230	,	2071	,10.502503,1999.9000,-0.98242474,-1181.1229,594935.8125,34.324,604902.4375,1999.9000,
	2026/04/30 11:45:05	,	720230	,	2072	,10.503114,1999.9000,-1.06703413,-1181.1107,594956.3125,34.320,604805.5000,1999.9000,
	2026/04/30 11:45:05	,	721230	,	2073	,10.503795,1999.9000,-1.15179479,-1181.1007,594966.0000,34.318,604776.5000,1999.9000,
	2026/04/30 11:45:05	,	722230	,	2074	,10.504469,1999.9000,-1.23387706,-1181.0924,595064.5000,34.315,604749.6875,1999.9000,
	2026/04/30 11:45:05	,	723230	,	2075	,10.505066,1999.9000,-1.31318617,-1181.1847,595316.5625,34.313,604736.3125,1999.9000,
	2026/04/30 11:45:05	,	724230	,	2076	,10.505651,1999.9000,-1.39294279,-1182.0576,595528.0625,34.311,604728.3125,1999.9000,
	2026/04/30 11:45:05	,	725230	,	2077	,10.506303,1999.9000,-1.47127509,-1182.7850,595528.0625,34.306,604723.0000,1999.9000,
	2026/04/30 11:45:05	,	726230	,	2078	,10.510516,1999.9000,-1.54745185,-1183.3911,595528.0625,34.304,604718.5625,1999.9000,
	2026/04/30 11:45:05	,	727230	,	2079	,10.510934,1999.9000,-1.62245655,-1183.1005,595528.0625,34.306,604725.6250,1999.9000,
	2026/04/30 11:45:05	,	728230	,	2080	,10.511400,1999.9000,-1.69478261,-1182.7588,595528.0625,34.308,604827.2500,1999.9000,
	2026/04/30 11:45:05	,	729230	,	2081	,10.511768,1999.9000,-1.76288629,-1182.3745,595398.1875,34.310,604850.5625,1999.9000,
	2026/04/30 11:45:05	,	730230	,	2082	,10.512131,1999.9000,-1.82619357,-1182.1538,595398.1875,34.307,604935.9375,1999.9000,
	2026/04/30 11:45:05	,	731230	,	2083	,10.512403,1999.9000,-1.88379109,-1181.9698,595380.9375,34.304,604970.9375,1999.9000,
	2026/04/30 11:45:05	,	732230	,	2084	,10.512665,1999.9000,-1.93717849,-1181.8165,595292.6875,34.302,605093.6250,1999.9000,
	2026/04/30 11:45:05	,	733230	,	2085	,10.512971,1999.9000,-1.98762274,-1181.6888,595094.8750,34.300,605093.6250,1999.9000,
	2026/04/30 11:45:05	,	734230	,	2086	,10.513291,1999.9000,-2.03098297,-1181.5825,594808.8750,34.299,605093.6250,1999.9000,
	2026/04/30 11:45:05	,	735230	,	2087	,10.513638,1999.9000,-2.06783319,-1182.3890,594808.8750,34.302,605093.6250,1999.9000,
	2026/04/30 11:45:05	,	736230	,	2088	,10.513938,1999.9000,-2.09856367,-1183.6581,594808.8750,34.310,605093.6250,1999.9000,
	2026/04/30 11:45:05	,	737230	,	2089	,10.514196,1999.9000,-2.12262607,-1184.7156,594808.8750,34.316,605092.9375,1999.9000,
	2026/04/30 11:45:05	,	738230	,	2090	,10.514413,1999.9000,-2.14197445,-1186.2930,594808.8750,34.321,605001.1875,1999.9000,
	2026/04/30 11:45:05	,	739230	,	2091	,10.514592,1999.9000,-2.15859365,-1187.6077,594901.2500,34.325,604965.8750,1999.9000,
	2026/04/30 11:45:05	,	740230	,	2092	,10.514742,1999.9000,-2.17220688,-1188.9022,594930.1250,34.329,604862.3125,1999.9000,
	2026/04/30 11:45:05	,	741230	,	2093	,10.514867,1999.9000,-2.17220688,-1190.1799,594948.3125,34.333,604828.4375,1999.9000,
	2026/04/30 11:45:05	,	742230	,	2094	,10.514961,1999.9000,-2.17220688,-1191.2446,595033.5000,34.335,604828.4375,1999.9000,
	2026/04/30 11:45:05	,	743230	,	2095	,10.515005,1999.9000,-2.17220688,-1192.1320,595229.5625,34.334,604743.8750,1999.9000,
	2026/04/30 11:45:05	,	744230	,	2096	,10.514997,1999.9000,-2.17220688,-1192.8713,595518.5000,34.333,604743.8750,1999.9000,
	2026/04/30 11:45:05	,	745230	,	2097	,10.514935,1999.9000,-2.16476369,-1193.5869,595518.5000,34.332,604743.8750,1999.9000,
	2026/04/30 11:45:05	,	746230	,	2098	,10.514854,1999.9000,-2.15273881,-1194.5812,595518.5000,34.332,604743.8750,1999.9000,
	2026/04/30 11:45:05	,	747230	,	2099	,10.514657,1999.9000,-2.14011526,-1195.4097,595518.5000,34.331,604743.8750,1999.9000,
	2026/04/30 11:45:05	,	748230	,	2100	,10.514344,1999.9000,-2.12521005,-1196.1001,595518.5000,34.331,604748.1250,1999.9000,
	2026/04/30 11:45:05	,	749230	,	2101	,10.513934,1999.9000,-2.10540795,-1196.2776,595508.5000,34.330,604833.2500,1999.9000,
	2026/04/30 11:45:05	,	750230	,	2102	,10.513514,1999.9000,-2.07988954,-1196.2267,595388.6250,34.330,604865.3125,1999.9000,
	2026/04/30 11:45:05	,	751230	,	2103	,10.513049,1999.9000,-2.04895759,-1196.1842,595372.1875,34.333,604957.6875,1999.9000,
	2026/04/30 11:45:05	,	752230	,	2104	,10.512532,1999.9000,-2.01430702,-1196.1487,595358.3750,34.338,604987.8750,1999.9000,
	2026/04/30 11:45:05	,	753230	,	2105	,10.511884,1999.9000,-1.97946739,-1195.9202,595195.0000,34.342,605081.5625,1999.9000,
	2026/04/30 11:45:05	,	754230	,	2106	,10.507180,1999.9000,-1.94052505,-1195.7299,594925.6250,34.346,605081.5625,1999.9000,
	2026/04/30 11:45:05	,	755230	,	2107	,10.506480,1999.9000,-1.89565837,-1195.1732,594901.5625,34.349,605081.5625,1999.9000,
	2026/04/30 11:45:05	,	756230	,	2108	,10.505859,1999.9000,-1.84531498,-1194.6099,594893.5000,34.352,605081.5625,1999.9000,
	2026/04/30 11:45:05	,	757230	,	2109	,10.505146,1999.9000,-1.78757894,-1194.1405,594889.5000,34.354,605081.5625,1999.9000,
	2026/04/30 11:45:05	,	758230	,	2110	,10.504397,1999.9000,-1.72338915,-1193.7494,594887.0625,34.345,605075.6250,1999.9000,
	2026/04/30 11:45:05	,	759230	,	2111	,10.499525,1999.9000,-1.65570164,-1194.1196,594885.4375,34.336,604975.8125,1999.9000,
	2026/04/30 11:45:05	,	760230	,	2112	,10.498676,1999.9000,-1.58579576,-1194.4282,594897.5625,34.326,604944.7500,1999.9000,
	2026/04/30 11:45:05	,	761230	,	2113	,10.497778,1999.9000,-1.51404929,-1194.7849,594988.2500,34.317,604849.0000,1999.9000,
	2026/04/30 11:45:05	,	762230	,	2114	,10.496925,1999.9000,-1.44022954,-1195.0822,594998.9375,34.310,604814.2500,1999.9000,
	2026/04/30 11:45:05	,	763230	,	2115	,10.492435,1999.9000,-1.36168301,-1195.4292,595138.3750,34.310,604716.1250,1999.9000,
	2026/04/30 11:45:05	,	764230	,	2116	,10.491377,1999.9000,-1.28252506,-1195.7186,595423.1875,34.303,604708.2500,1999.9000,
	2026/04/30 11:45:05	,	765230	,	2117	,10.490379,1999.9000,-1.20506263,-1195.9597,595520.8750,34.301,604705.6875,1999.9000,
	2026/04/30 11:45:05	,	766230	,	2118	,10.486328,1999.9000,-1.12838149,-1196.1606,595520.8750,34.304,604704.3750,1999.9000,
	2026/04/30 11:45:05	,	767230	,	2119	,10.485315,1999.9000,-1.05363524,-1196.0295,595520.8750,34.307,604703.5625,1999.9000,
	2026/04/30 11:45:05	,	768230	,	2120	,10.484323,1999.9000,-0.98127139,-1195.8209,595520.8750,34.309,604703.0000,1999.9000,
	2026/04/30 11:45:05	,	769230	,	2121	,10.483424,1999.9000,-0.90882552,-1195.5476,595520.8750,34.312,604713.8750,1999.9000,
	2026/04/30 11:45:05	,	770230	,	2122	,10.478642,1999.9000,-0.83588171,-1194.9219,595422.0000,34.315,604827.8125,1999.9000,
	2026/04/30 11:45:05	,	771230	,	2123	,10.477630,1999.9000,-0.76431197,-1193.9030,595399.6250,34.320,604858.0000,1999.9000,
	2026/04/30 11:45:05	,	772230	,	2124	,10.476667,1999.9000,-0.69592488,-1191.7609,595386.5000,34.324,604949.8750,1999.9000,
	2026/04/30 11:45:05	,	773230	,	2125	,10.475694,1999.9000,-0.63456488,-1189.1799,595275.4375,34.325,604979.1250,1999.9000,
	2026/04/30 11:45:05	,	774230	,	2126	,10.470898,1999.9000,-0.57796949,-1186.9297,595036.5000,34.326,605001.5625,1999.9000,
	2026/04/30 11:45:05	,	775230	,	2127	,10.469811,1999.9000,-0.52313882,-1185.0546,594818.4375,34.326,605012.7500,1999.9000,
	2026/04/30 11:45:05	,	776230	,	2128	,10.468635,1999.9000,-0.47193196,-1183.4919,594818.4375,34.326,605019.5625,1999.9000,
	2026/04/30 11:45:05	,	777230	,	2129	,10.464017,1999.9000,-0.42409059,-1182.1897,594818.4375,34.327,605024.0625,1999.9000,
	2026/04/30 11:45:05	,	778230	,	2130	,10.464017,1999.9000,-0.37968403,-1181.1045,594818.4375,34.327,605027.8750,1999.9000,
	2026/04/30 11:45:05	,	779230	,	2131	,10.462914,1999.9000,-0.37968403,-1180.6976,594818.4375,34.330,605017.7500,1999.9000,
	2026/04/30 11:45:05	,	780230	,	2132	,10.461773,1999.9000,-0.30498192,-1180.5575,594917.3750,34.330,604891.3125,1999.9000,
	2026/04/30 11:45:05	,	781230	,	2133	,10.457254,1999.9000,-0.27128309,-1180.6395,594940.8750,34.330,604854.4375,1999.9000,
	2026/04/30 11:45:05	,	782230	,	2134	,10.456525,1999.9000,-0.23842247,-1181.0063,594951.6250,34.326,604742.7500,1999.9000,
	2026/04/30 11:45:05	,	783230	,	2135	,10.455557,1999.9000,-0.20363334,-1181.3121,595036.5000,34.323,604715.2500,1999.9000,
	2026/04/30 11:45:05	,	784230	,	2136	,10.451506,1999.9000,-0.16742617,-1181.5669,595274.1875,34.321,604634.0000,1999.9000,
	2026/04/30 11:45:05	,	785230	,	2137	,10.450507,1999.9000,-0.13179882,-1181.7792,595528.0625,34.319,604634.0000,1999.9000,
	2026/04/30 11:45:05	,	786230	,	2138	,10.449530,1999.9000,-0.09521351,-1181.9561,595528.0625,34.315,604634.0000,1999.9000,
	2026/04/30 11:45:05	,	787230	,	2139	,10.448624,1999.9000,-0.05993279,-1181.3077,595528.0625,34.309,604634.0000,1999.9000,
	2026/04/30 11:45:05	,	788230	,	2140	,10.444148,1999.9000,-0.03092924,-1180.0710,595528.0625,34.305,604634.0000,1999.9000,
	2026/04/30 11:45:05	,	789230	,	2141	,10.443180,1999.9000,-0.01061666,-1178.8416,595528.0625,34.301,604645.0625,1999.9000,
	2026/04/30 11:45:05	,	790230	,	2142	,10.442232,1999.9000,0.00246077,-1177.8170,595408.3125,34.298,604777.1250,1999.9000,
	2026/04/30 11:45:05	,	791230	,	2143	,10.441349,1999.9000,0.01108241,-1176.9631,595378.1875,34.295,604806.4375,1999.9000,
	2026/04/30 11:45:05	,	792230	,	2144	,10.436760,1999.9000,0.01455503,-1176.2517,595362.0000,34.293,604894.3125,1999.9000,
	2026/04/30 11:45:05	,	793230	,	2145	,10.435926,1999.9000,0.01461803,-1175.8578,595346.3125,34.291,604927.5625,1999.9000,
	2026/04/30 11:45:05	,	794230	,	2146	,10.435142,1999.9000,0.01461803,-1175.5295,595122.3125,34.290,605016.8750,1999.9000,
	2026/04/30 11:45:05	,	795230	,	2147	,10.434415,1999.9000,0.01505289,-1176.3502,594851.8125,34.285,605016.8750,1999.9000,
	2026/04/30 11:45:05	,	796230	,	2148	,10.433692,1999.9000,0.01538847,-1177.5314,594851.8125,34.282,605016.8750,1999.9000,
	2026/04/30 11:45:05	,	797230	,	2149	,10.429254,1999.9000,0.01570329,-1178.9136,594851.8125,34.279,605016.8750,1999.9000,
	2026/04/30 11:45:05	,	798230	,	2150	,10.428658,1999.9000,0.01845621,-1180.1649,594851.8125,34.276,605016.8750,1999.9000,
	2026/04/30 11:45:05	,	799230	,	2151	,10.428062,1999.9000,0.01948980,-1181.5062,594851.8125,34.277,605004.6875,1999.9000,
	2026/04/30 11:45:05	,	800230	,	2152	,10.427504,1999.9000,0.02508632,-1182.6239,594937.0000,34.275,604859.2500,1999.9000,
	2026/04/30 11:45:05	,	801230	,	2153	,10.426971,1999.9000,0.02861565,-1183.7543,594963.8125,34.273,604824.8750,1999.9000,
	2026/04/30 11:45:05	,	802230	,	2154	,10.426468,1999.9000,0.03148324,-1185.1936,594973.5625,34.275,604722.7500,1999.9000,
	2026/04/30 11:45:05	,	803230	,	2155	,10.425844,1999.9000,0.03402940,-1185.1936,594984.6250,34.279,604699.1875,1999.9000,
	2026/04/30 11:45:05	,	804230	,	2156	,10.425197,1999.9000,0.03825827,-1186.5920,595217.0625,34.289,604675.2500,1999.9000,
	2026/04/30 11:45:05	,	805230	,	2157	,10.421092,1999.9000,0.04507117,-1187.7573,595510.7500,34.291,604663.2500,1999.9000,
	2026/04/30 11:45:05	,	806230	,	2158	,10.420898,1999.9000,0.04507117,-1189.0267,595510.7500,34.300,604656.0625,1999.9000,
	2026/04/30 11:45:05	,	807230	,	2159	,10.420515,1999.9000,0.04507117,-1190.2837,595510.7500,34.308,604651.2500,1999.9000,
	2026/04/30 11:45:05	,	808230	,	2160	,10.420056,1999.9000,0.04507117,-1191.4307,595510.7500,34.310,604647.3125,1999.9000,
	2026/04/30 11:45:05	,	809230	,	2161	,10.419675,1999.9000,0.04507117,-1192.3864,595510.7500,34.311,604645.3750,1999.9000,
	2026/04/30 11:45:05	,	810230	,	2162	,10.419344,1999.9000,0.04044520,-1193.0833,595505.8750,34.317,604655.7500,1999.9000,
	2026/04/30 11:45:05	,	811230	,	2163	,10.418951,1999.9000,0.03535288,-1193.5647,595420.8125,34.317,604762.6250,1999.9000,
	2026/04/30 11:45:05	,	812230	,	2164	,10.418568,1999.9000,0.03152103,-1193.8663,595405.0000,34.316,604791.0625,1999.9000,
	2026/04/30 11:45:05	,	813230	,	2165	,10.418248,1999.9000,0.02893075,-1193.8193,595391.0625,34.313,604878.0000,1999.9000,
	2026/04/30 11:45:05	,	814230	,	2166	,10.417983,1999.9000,0.02560942,-1193.6807,595232.5625,34.310,604916.0000,1999.9000,
	2026/04/30 11:45:05	,	815230	,	2167	,10.417761,1999.9000,0.01870202,-1193.5649,594959.6250,34.307,604928.6875,1999.9000,
	2026/04/30 11:45:05	,	816230	,	2168	,10.417577,1999.9000,0.01219163,-1193.4686,594926.2500,34.307,604935.0625,1999.9000,
	2026/04/30 11:45:05	,	817230	,	2169	,10.417418,1999.9000,0.00706780,-1193.3883,594915.1875,34.308,604938.9375,1999.9000,
	2026/04/30 11:45:05	,	818230	,	2170	,10.417285,1999.9000,0.00706780,-1193.6199,594909.6250,34.305,604941.4375,1999.9000,
	2026/04/30 11:45:05	,	819230	,	2171	,10.417185,1999.9000,0.00706778,-1193.8127,594906.3125,34.303,604941.6875,1999.9000,
	2026/04/30 11:45:05	,	820230	,	2172	,10.417102,1999.9000,0.00706780,-1193.7745,594904.0625,34.296,604931.0625,1999.9000,
	2026/04/30 11:45:05	,	821230	,	2173	,10.417032,1999.9000,0.00706780,-1193.7428,594913.1875,34.291,604814.6250,1999.9000,
	2026/04/30 11:45:05	,	822230	,	2174	,10.416974,1999.9000,0.00711929,-1193.7163,594925.8750,34.286,604781.3125,1999.9000,
	2026/04/30 11:45:05	,	823230	,	2175	,10.416925,1999.9000,0.00738486,-1193.7937,594938.6875,34.287,604693.7500,1999.9000,
	2026/04/30 11:45:05	,	824230	,	2176	,10.416974,1999.9000,0.00991648,-1193.8582,595125.3125,34.288,604663.8750,1999.9000,
	2026/04/30 11:45:05	,	825230	,	2177	,10.417153,1999.9000,0.00991648,-1193.9119,595405.9375,34.288,604653.9375,1999.9000,
	2026/04/30 11:45:05	,	826230	,	2178	,10.417437,1999.9000,0.00991648,-1193.9567,595526.2500,34.287,604648.9375,1999.9000,
	2026/04/30 11:45:05	,	827230	,	2179	,10.417788,1999.9000,0.00991648,-1193.8947,595526.2500,34.288,604646.0000,1999.9000,
	2026/04/30 11:45:05	,	828230	,	2180	,10.418224,1999.9000,0.00991648,-1193.7434,595526.2500,34.293,604643.9375,1999.9000,
	2026/04/30 11:45:05	,	829230	,	2181	,10.418812,1999.9000,0.00580733,-1193.8164,595526.2500,34.301,604644.3125,1999.9000,
	2026/04/30 11:45:05	,	830230	,	2182	,10.422969,1999.9000,-0.00107487,-1193.8771,595526.2500,34.308,604654.3750,1999.9000,
	2026/04/30 11:45:05	,	831230	,	2183	,10.423475,1999.9000,-0.00711253,-1194.0271,595439.8750,34.315,604768.6250,1999.9000,
	2026/04/30 11:45:05	,	832230	,	2184	,10.424070,1999.9000,-0.01234353,-1194.1522,595419.0625,34.318,604800.0625,1999.9000,
	2026/04/30 11:45:05	,	833230	,	2185	,10.424674,1999.9000,-0.01729718,-1194.3558,595406.1875,34.318,604885.8750,1999.9000,
	2026/04/30 11:45:05	,	834230	,	2186	,10.425345,1999.9000,-0.02316470,-1194.5256,595304.6250,34.322,604920.8750,1999.9000,
	2026/04/30 11:45:05	,	835230	,	2187	,10.429790,1999.9000,-0.03328633,-1194.6671,595059.1250,34.326,605007.2500,1999.9000,
	2026/04/30 11:45:05	,	836230	,	2188	,10.430670,1999.9000,-0.04434070,-1194.8844,594856.0000,34.329,605007.2500,1999.9000,
	2026/04/30 11:45:05	,	837230	,	2189	,10.431508,1999.9000,-0.05350436,-1195.4635,594856.0000,34.330,605007.2500,1999.9000,
	2026/04/30 11:45:05	,	838230	,	2190	,10.432329,1999.9000,-0.06110503,-1195.9460,594856.0000,34.333,605007.2500,1999.9000,
	2026/04/30 11:45:05	,	839230	,	2191	,10.433114,1999.9000,-0.06585702,-1196.3481,594856.0000,34.335,605007.2500,1999.9000,
	2026/04/30 11:45:05	,	840230	,	2192	,10.438160,1999.9000,-0.06666689,-1196.6832,594856.0000,34.340,604995.5000,1999.9000,
	2026/04/30 11:45:05	,	841230	,	2193	,10.439248,1999.9000,-0.06729396,-1197.1614,594956.1250,34.344,604859.2500,1999.9000,
	2026/04/30 11:45:05	,	842230	,	2194	,10.440295,1999.9000,-0.07044516,-1197.5598,594978.4375,34.348,604825.7500,1999.9000,
	2026/04/30 11:45:05	,	843230	,	2195	,10.441251,1999.9000,-0.07302284,-1197.8920,594989.0625,34.349,604733.6250,1999.9000,
	2026/04/30 11:45:05	,	844230	,	2196	,10.445935,1999.9000,-0.07612361,-1198.1687,595075.8125,34.349,604706.5000,1999.9000,
	2026/04/30 11:45:05	,	845230	,	2197	,10.446859,1999.9000,-0.07620239,-1198.2998,595323.6875,34.348,604687.5625,1999.9000,
	2026/04/30 11:45:05	,	846230	,	2198	,10.447793,1999.9000,-0.07633580,-1198.3096,595578.6875,34.348,604678.1250,1999.9000,
	2026/04/30 11:45:05	,	847230	,	2199	,10.448789,1999.9000,-0.07674439,-1198.1189,595578.6875,34.348,604672.3750,1999.9000,
	2026/04/30 11:45:05	,	848230	,	2200	,10.454127,1999.9000,-0.08061091,-1197.8605,595578.6875,34.347,604668.6250,1999.9000,
	2026/04/30 11:45:05	,	849230	,	2201	,10.455214,1999.9000,-0.08504778,-1197.4462,595578.6875,34.347,604665.5000,1999.9000,
	2026/04/30 11:45:05	,	850230	,	2202	,10.456262,1999.9000,-0.09178501,-1197.0013,595578.6875,34.344,604674.1875,1999.9000,
	2026/04/30 11:45:05	,	851230	,	2203	,10.457232,1999.9000,-0.09905165,-1196.6307,595458.3125,34.344,604795.8750,1999.9000,
	2026/04/30 11:45:05	,	852230	,	2204	,10.462498,1999.9000,-0.10636241,-1196.3219,595427.3750,34.345,604826.9375,1999.9000,
	2026/04/30 11:45:05	,	853230	,	2205	,10.463644,1999.9000,-0.11417107,-1196.0646,595408.8750,34.347,604916.0000,1999.9000,
	2026/04/30 11:45:05	,	854230	,	2206	,10.464652,1999.9000,-0.12285575,-1195.8500,595391.1250,34.348,604947.1250,1999.9000,
	2026/04/30 11:45:05	,	855230	,	2207	,10.468962,1999.9000,-0.13559915,-1195.8702,595162.1875,34.349,605052.5000,1999.9000,
	2026/04/30 11:45:05	,	856230	,	2208	,10.470034,1999.9000,-0.15216181,-1196.0861,594900.6250,34.347,605052.5000,1999.9000,
	2026/04/30 11:45:05	,	857230	,	2209	,10.471017,1999.9000,-0.16868666,-1196.2657,594900.6250,34.344,605052.5000,1999.9000,
	2026/04/30 11:45:05	,	858230	,	2210	,10.471910,1999.9000,-0.18645307,-1196.4158,594900.6250,34.341,605052.5000,1999.9000,
	2026/04/30 11:45:05	,	859230	,	2211	,10.476618,1999.9000,-0.20657027,-1196.5405,594900.6250,34.339,605052.5000,1999.9000,
	2026/04/30 11:45:05	,	860230	,	2212	,10.477898,1999.9000,-0.22828196,-1196.6447,594900.6250,34.333,605043.1875,1999.9000,
	2026/04/30 11:45:05	,	861230	,	2213	,10.478920,1999.9000,-0.25274780,-1195.7366,594904.8125,34.323,604923.8750,1999.9000,
	2026/04/30 11:45:05	,	862230	,	2214	,10.479849,1999.9000,-0.28107697,-1194.7810,594988.8750,34.315,604893.3750,1999.9000,
	2026/04/30 11:45:05	,	863230	,	2215	,10.484690,1999.9000,-0.31426534,-1193.6863,594998.3750,34.306,604804.3125,1999.9000,
	2026/04/30 11:45:05	,	864230	,	2216	,10.485673,1999.9000,-0.35320142,-1191.4808,595008.1250,34.299,604772.6250,1999.9000,
	2026/04/30 11:45:05	,	865230	,	2217	,10.486596,1999.9000,-0.39498621,-1189.2450,595205.1250,34.293,604748.0000,1999.9000,
	2026/04/30 11:45:05	,	866230	,	2218	,10.487520,1999.9000,-0.43857348,-1187.3818,595484.5625,34.287,604735.6250,1999.9000,
	2026/04/30 11:45:05	,	867230	,	2219	,10.492197,1999.9000,-0.48879084,-1185.8292,595484.5625,34.283,604728.1875,1999.9000,
	2026/04/30 11:45:05	,	868230	,	2220	,10.493150,1999.9000,-0.54589671,-1184.5354,595484.5625,34.280,604723.2500,1999.9000,
	2026/04/30 11:45:05	,	869230	,	2221	,10.494053,1999.9000,-0.61060321,-1183.4572,595484.5625,34.277,604719.1875,1999.9000,
	2026/04/30 11:45:05	,	870230	,	2222	,10.494893,1999.9000,-0.68406999,-1182.8571,595484.5625,34.276,604726.5625,1999.9000,
	2026/04/30 11:45:05	,	871230	,	2223	,10.499197,1999.9000,-0.76412284,-1182.8544,595477.9375,34.276,604832.6875,1999.9000,
	2026/04/30 11:45:05	,	872230	,	2224	,10.499837,1999.9000,-0.84780586,-1182.8521,595380.3125,34.275,604859.6250,1999.9000,
	2026/04/30 11:45:05	,	873230	,	2225	,10.500617,1999.9000,-0.93355608,-1182.8502,595371.6250,34.275,604950.5000,1999.9000,
	2026/04/30 11:45:05	,	874230	,	2226	,10.501401,1999.9000,-1.01990497,-1183.1471,595365.0000,34.275,604983.0625,1999.9000,
	2026/04/30 11:45:05	,	875230	,	2227	,10.502116,1999.9000,-1.10820127,-1183.3945,595231.9375,34.277,605090.0000,1999.9000,
	2026/04/30 11:45:05	,	876230	,	2228	,10.506375,1999.9000,-1.20002067,-1183.3022,594973.3750,34.277,605097.5625,1999.9000,
	2026/04/30 11:45:05	,	877230	,	2229	,10.506882,1999.9000,-1.29037786,-1183.0264,594870.8750,34.276,605100.0625,1999.9000,
	2026/04/30 11:45:05	,	878230	,	2230	,10.507369,1999.9000,-1.37805665,-1182.6970,594870.8750,34.276,605101.3125,1999.9000,
	2026/04/30 11:45:05	,	879230	,	2231	,10.507874,1999.9000,-1.46240771,-1182.3230,594870.8750,34.278,605102.0625,1999.9000,
	2026/04/30 11:45:05	,	880230	,	2232	,10.508348,1999.9000,-1.54087222,-1181.7130,594870.8750,34.280,605102.5625,1999.9000,
	2026/04/30 11:45:05	,	881230	,	2233	,10.508760,1999.9000,-1.61374044,-1181.1052,594870.8750,34.291,605090.6875,1999.9000,
	2026/04/30 11:45:05	,	882230	,	2234	,10.509201,1999.9000,-1.68260014,-1180.3998,594883.1875,34.301,604971.0000,1999.9000,
	2026/04/30 11:45:05	,	883230	,	2235	,10.509709,1999.9000,-1.74745178,-1179.8119,594966.7500,34.302,604948.6875,1999.9000,
	2026/04/30 11:45:05	,	884230	,	2236	,10.510261,1999.9000,-1.80820656,-1179.3219,594969.7500,34.300,604927.9375,1999.9000,
	2026/04/30 11:45:05	,	885230	,	2237	,10.510839,1999.9000,-1.86365497,-1179.1125,595079.3750,34.299,604908.7500,1999.9000,
	2026/04/30 11:45:05	,	886230	,	2238	,10.511387,1999.9000,-1.91100478,-1179.0375,595339.8125,34.298,604897.1250,1999.9000,
	2026/04/30 11:45:05	,	887230	,	2239	,10.511928,1999.9000,-1.95398068,-1179.8704,595480.3750,34.297,604889.3750,1999.9000,
	2026/04/30 11:45:05	,	888230	,	2240	,10.512462,1999.9000,-1.99389374,-1181.6587,595480.3750,34.296,604882.9375,1999.9000,
	2026/04/30 11:45:05	,	889230	,	2241	,10.512917,1999.9000,-2.03005028,-1183.4473,595480.3750,34.295,604877.6250,1999.9000,
	2026/04/30 11:45:05	,	890230	,	2242	,10.513340,1999.9000,-2.06410217,-1185.0372,595480.3750,34.295,604875.5625,1999.9000,
	2026/04/30 11:45:05	,	891230	,	2243	,10.513694,1999.9000,-2.09596705,-1186.7601,595480.3750,34.291,604878.6875,1999.9000,
	2026/04/30 11:45:05	,	892230	,	2244	,10.513987,1999.9000,-2.12389922,-1188.1958,595382.6875,34.288,604886.5625,1999.9000,
	2026/04/30 11:45:05	,	893230	,	2245	,10.514233,1999.9000,-2.14729977,-1189.3922,595363.3125,34.286,604972.8125,1999.9000,
	2026/04/30 11:45:05	,	894230	,	2246	,10.514437,1999.9000,-2.16604948,-1190.3893,595354.8125,34.284,605002.1250,1999.9000,
	2026/04/30 11:45:05	,	895230	,	2247	,10.514607,1999.9000,-2.18105555,-1191.4191,595269.4375,34.282,605108.6875,1999.9000,
	2026/04/30 11:45:05	,	896230	,	2248	,10.514750,1999.9000,-2.19537449,-1192.2772,595035.3125,34.280,605113.1875,1999.9000,
	2026/04/30 11:45:05	,	897230	,	2249	,10.514858,1999.9000,-2.19537449,-1192.9923,594812.5000,34.279,605113.1875,1999.9000,
	2026/04/30 11:45:05	,	898230	,	2250	,10.514929,1999.9000,-2.19537449,-1193.5884,594812.5000,34.278,605114.7500,1999.9000,
	2026/04/30 11:45:05	,	899230	,	2251	,10.514948,1999.9000,-2.19537449,-1194.0850,594812.5000,34.276,605115.5625,1999.9000,
	2026/04/30 11:45:05	,	900230	,	2252	,10.514900,1999.9000,-2.19537449,-1194.4988,594812.5000,34.274,605116.0625,1999.9000,
	2026/04/30 11:45:05	,	901230	,	2253	,10.514746,1999.9000,-2.18064570,-1194.8436,594812.5000,34.272,605116.3750,1999.9000,
	2026/04/30 11:45:05	,	902230	,	2254	,10.514532,1999.9000,-2.15981007,-1195.2305,594926.8750,34.269,605103.7500,1999.9000,
	2026/04/30 11:45:05	,	903230	,	2255	,10.514220,1999.9000,-2.13506699,-1195.5530,594953.4375,34.268,604933.0000,1999.9000,
	2026/04/30 11:45:05	,	904230	,	2256	,10.513822,1999.9000,-2.10594988,-1195.8217,594966.7500,34.268,604933.0000,1999.9000,
	2026/04/30 11:45:05	,	905230	,	2257	,10.513361,1999.9000,-2.07141280,-1196.0454,594984.2500,34.265,604830.3125,1999.9000,
	2026/04/30 11:45:05	,	906230	,	2258	,10.512808,1999.9000,-2.02825403,-1196.2321,595276.5625,34.264,604799.1875,1999.9000,
	2026/04/30 11:45:05	,	907230	,	2259	,10.508699,1999.9000,-1.97986448,-1196.4869,595545.8750,34.264,604778.1875,1999.9000,
	2026/04/30 11:45:05	,	908230	,	2260	,10.508014,1999.9000,-1.92989302,-1196.6995,595545.8750,34.268,604767.5625,1999.9000,
	2026/04/30 11:45:05	,	909230	,	2261	,10.507488,1999.9000,-1.87820077,-1196.8765,595545.8750,34.264,604761.3125,1999.9000,
	2026/04/30 11:45:05	,	910230	,	2262	,10.506882,1999.9000,-1.82593524,-1197.0240,595545.8750,34.269,604757.0000,1999.9000,
	2026/04/30 11:45:05	,	911230	,	2263	,10.506239,1999.9000,-1.77322209,-1197.2466,595545.8750,34.273,604753.5000,1999.9000,
	2026/04/30 11:45:05	,	912230	,	2264	,10.502116,1999.9000,-1.71731377,-1197.4319,595433.3125,34.277,604761.2500,1999.9000,
	2026/04/30 11:45:05	,	913230	,	2265	,10.501074,1999.9000,-1.65740335,-1197.5864,595401.5000,34.283,604859.2500,1999.9000,
	2026/04/30 11:45:05	,	914230	,	2266	,10.500220,1999.9000,-1.59392571,-1197.7151,595380.1250,34.289,604884.9375,1999.9000,
	2026/04/30 11:45:05	,	915230	,	2267	,10.499392,1999.9000,-1.52759314,-1197.7228,595361.3750,34.297,604970.3750,1999.9000,
	2026/04/30 11:45:05	,	916230	,	2268	,10.494967,1999.9000,-1.46227539,-1197.7292,595139.5625,34.305,605003.3750,1999.9000,
	2026/04/30 11:45:05	,	917230	,	2269	,10.494044,1999.9000,-1.39729142,-1197.8342,594876.8750,34.315,605029.3750,1999.9000,
	2026/04/30 11:45:05	,	918230	,	2270	,10.493111,1999.9000,-1.32935810,-1197.9216,594876.8750,34.323,605042.4375,1999.9000,
	2026/04/30 11:45:05	,	919230	,	2271	,10.492138,1999.9000,-1.25920630,-1197.9945,594876.8750,34.330,605050.2500,1999.9000,
	2026/04/30 11:45:05	,	920230	,	2272	,10.487043,1999.9000,-1.18616176,-1198.0552,594876.8750,34.336,605055.4375,1999.9000,
	2026/04/30 11:45:05	,	921230	,	2273	,10.485970,1999.9000,-1.10952485,-1198.1057,594876.8750,34.342,605059.8125,1999.9000,
	2026/04/30 11:45:05	,	922230	,	2274	,10.485057,1999.9000,-1.03236473,-1198.1478,594880.5000,34.348,605049.9375,1999.9000,
	2026/04/30 11:45:05	,	923230	,	2275	,10.484079,1999.9000,-0.95560181,-1198.1830,594966.2500,34.341,604922.0625,1999.9000,
	2026/04/30 11:45:05	,	924230	,	2276	,10.479239,1999.9000,-0.87817705,-1198.2123,594973.0625,34.336,604884.3750,1999.9000,
	2026/04/30 11:45:05	,	925230	,	2277	,10.478375,1999.9000,-0.80126280,-1197.4409,594982.6250,34.332,604779.5000,1999.9000,
	2026/04/30 11:45:05	,	926230	,	2278	,10.477432,1999.9000,-0.72436750,-1195.4054,595173.5625,34.328,604753.0000,1999.9000,
	2026/04/30 11:45:05	,	927230	,	2279	,10.473310,1999.9000,-0.64916748,-1193.4108,595458.9375,34.328,604733.6250,1999.9000,
	2026/04/30 11:45:05	,	928230	,	2280	,10.472268,1999.9000,-0.58064801,-1191.2511,595458.9375,34.328,604723.9375,1999.9000,
	2026/04/30 11:45:05	,	929230	,	2281	,10.471206,1999.9000,-0.51773131,-1188.4567,595458.9375,34.328,604718.1250,1999.9000,
	2026/04/30 11:45:05	,	930230	,	2282	,10.467055,1999.9000,-0.46096581,-1185.9292,595458.9375,34.323,604714.1875,1999.9000,
	2026/04/30 11:45:05	,	931230	,	2283	,10.466058,1999.9000,-0.41182616,-1183.8228,595458.9375,34.324,604711.0000,1999.9000,
	2026/04/30 11:45:05	,	932230	,	2284	,10.465050,1999.9000,-0.36987752,-1182.0676,595455.3125,34.325,604719.1875,1999.9000,
	2026/04/30 11:45:05	,	933230	,	2285	,10.460889,1999.9000,-0.33360732,-1180.6049,595359.4375,34.325,604826.0625,1999.9000,
	2026/04/30 11:45:05	,	934230	,	2286	,10.459743,1999.9000,-0.30135804,-1179.5848,595340.3750,34.326,604845.0000,1999.9000,
	2026/04/30 11:45:05	,	935230	,	2287	,10.458586,1999.9000,-0.27087975,-1179.1328,595328.0625,34.326,604868.1250,1999.9000,
	2026/04/30 11:45:05	,	936230	,	2288	,10.454247,1999.9000,-0.24361563,-1178.9550,595190.8125,34.325,604975.8125,1999.9000,
	2026/04/30 11:45:05	,	937230	,	2289	,10.453263,1999.9000,-0.22035356,-1179.4037,594929.8750,34.326,605009.0625,1999.9000,
	2026/04/30 11:45:05	,	938230	,	2290	,10.452250,1999.9000,-0.19601376,-1179.7776,594895.9375,34.331,605020.1250,1999.9000,
	2026/04/30 11:45:05	,	939230	,	2291	,10.448169,1999.9000,-0.16871816,-1180.0892,594884.6250,34.335,605025.6250,1999.9000,
	2026/04/30 11:45:05	,	940230	,	2292	,10.447186,1999.9000,-0.13710544,-1179.8514,594879.0000,34.338,605028.9375,1999.9000,
	2026/04/30 11:45:05	,	941230	,	2293	,10.446372,1999.9000,-0.10092346,-1179.6532,594875.5625,34.343,605031.1250,1999.9000,
	2026/04/30 11:45:05	,	942230	,	2294	,10.445547,1999.9000,-0.06547888,-1179.4882,594873.3125,34.346,605024.4375,1999.9000,
	2026/04/30 11:45:05	,	943230	,	2295	,10.441348,1999.9000,-0.03725683,-1179.2511,594883.6250,34.349,604919.6875,1999.9000,
	2026/04/30 11:45:05	,	944230	,	2296	,10.440515,1999.9000,-0.01735391,-1179.0536,594896.3125,34.352,604891.3125,1999.9000,
	2026/04/30 11:45:05	,	945230	,	2297	,10.439680,1999.9000,-0.00333742,-1178.8889,594909.3125,34.354,604792.8125,1999.9000,
	2026/04/30 11:45:05	,	946230	,	2298	,10.438771,1999.9000,0.00880726,-1178.7517,595084.1875,34.356,604759.9375,1999.9000,
	2026/04/30 11:45:05	,	947230	,	2299	,10.434110,1999.9000,0.02210530,-1178.7369,595353.4375,34.362,604664.1875,1999.9000,
	2026/04/30 11:45:05	,	948230	,	2300	,10.433305,1999.9000,0.03188659,-1180.0178,595503.6250,34.367,604664.1875,1999.9000,
	2026/04/30 11:45:05	,	949230	,	2301	,10.432590,1999.9000,0.03863012,-1181.2841,595503.6250,34.371,604664.1875,1999.9000,
	2026/04/30 11:45:05	,	950230	,	2302	,10.431846,1999.9000,0.04381699,-1182.6377,595503.6250,34.370,604664.1875,1999.9000,
	2026/04/30 11:45:05	,	951230	,	2303	,10.431177,1999.9000,0.04381699,-1183.8652,595503.6250,34.369,604664.1875,1999.9000,
	2026/04/30 11:45:05	,	952230	,	2304	,10.427138,1999.9000,0.04381699,-1185.2861,595503.6250,34.369,604664.8750,1999.9000,
	2026/04/30 11:45:05	,	953230	,	2305	,10.426602,1999.9000,0.04381699,-1186.9675,595408.3125,34.368,604674.3125,1999.9000,
	2026/04/30 11:45:05	,	954230	,	2306	,10.426076,1999.9000,0.04381699,-1188.4681,595391.6250,34.367,604766.2500,1999.9000,
	2026/04/30 11:45:05	,	955230	,	2307	,10.425508,1999.9000,0.04369828,-1189.8182,595384.8125,34.367,604796.4375,1999.9000,
	2026/04/30 11:45:05	,	956230	,	2308	,10.425013,1999.9000,0.04076663,-1190.9431,595367.9375,34.367,604887.6250,1999.9000,
	2026/04/30 11:45:05	,	957230	,	2309	,10.424538,1999.9000,0.03501257,-1191.9801,595081.8125,34.362,604924.5000,1999.9000,
	2026/04/30 11:45:05	,	958230	,	2310	,10.423988,1999.9000,0.02958619,-1193.0432,594860.7500,34.358,604936.8125,1999.9000,
	2026/04/30 11:45:05	,	959230	,	2311	,10.423416,1999.9000,0.02562834,-1193.9292,594860.7500,34.354,604942.9375,1999.9000,
	2026/04/30 11:45:05	,	960230	,	2312	,10.422845,1999.9000,0.02225026,-1194.6675,594860.7500,34.348,604946.5625,1999.9000,
	2026/04/30 11:45:05	,	961230	,	2313	,10.422235,1999.9000,0.02158538,-1195.2827,594860.7500,34.343,604949.0625,1999.9000,
	2026/04/30 11:45:05	,	962230	,	2314	,10.421672,1999.9000,0.02136374,-1195.7954,594860.7500,34.336,604948.0000,1999.9000,
	2026/04/30 11:45:05	,	963230	,	2315	,10.421118,1999.9000,0.02125289,-1196.2225,594963.8125,34.330,604863.5000,1999.9000,
	2026/04/30 11:45:05	,	964230	,	2316	,10.420563,1999.9000,0.02118638,-1196.5785,594989.4375,34.325,604829.0625,1999.9000,
	2026/04/30 11:45:05	,	965230	,	2317	,10.420021,1999.9000,0.02114205,-1196.8752,595000.6875,34.321,604732.3750,1999.9000,
	2026/04/30 11:45:05	,	966230	,	2318	,10.419504,1999.9000,0.02123329,-1197.1226,595017.5625,34.318,604697.9375,1999.9000,
	2026/04/30 11:45:05	,	967230	,	2319	,10.419020,1999.9000,0.02723542,-1197.3285,595293.9375,34.315,604603.1875,1999.9000,
	2026/04/30 11:45:05	,	968230	,	2320	,10.419020,1999.9000,0.03184876,-1197.5002,595583.5000,34.316,604603.1875,1999.9000,
	2026/04/30 11:45:05	,	969230	,	2321	,10.418605,1999.9000,0.03184876,-1197.4443,595583.5000,34.312,604603.1875,1999.9000,
	2026/04/30 11:45:05	,	970230	,	2322	,10.418260,1999.9000,0.03184876,-1196.9999,595583.5000,34.313,604603.1875,1999.9000,
	2026/04/30 11:45:05	,	971230	,	2323	,10.417962,1999.9000,0.03184876,-1196.5300,595583.5000,34.314,604603.1875,1999.9000,
	2026/04/30 11:45:05	,	972230	,	2324	,10.417705,1999.9000,0.03184876,-1194.9448,595583.5000,34.315,604605.3750,1999.9000,
	2026/04/30 11:45:05	,	973230	,	2325	,10.417490,1999.9000,0.02727954,-1193.5244,595468.5000,34.315,604691.9375,1999.9000,
	2026/04/30 11:45:05	,	974230	,	2326	,10.417311,1999.9000,0.02348549,-1192.3406,595434.8125,34.316,604726.0625,1999.9000,
	2026/04/30 11:45:05	,	975230	,	2327	,10.417162,1999.9000,0.02017675,-1191.2546,595415.0000,34.316,604824.2500,1999.9000,
	2026/04/30 11:45:05	,	976230	,	2328	,10.417048,1999.9000,0.01678609,-1190.3497,595398.6250,34.317,604856.3125,1999.9000,
	2026/04/30 11:45:05	,	977230	,	2329	,10.416966,1999.9000,0.00968330,-1189.5956,595185.4375,34.319,604952.2500,1999.9000,
	2026/04/30 11:45:05	,	978230	,	2330	,10.417068,1999.9000,0.00968330,-1189.0667,594919.1250,34.322,604974.3125,1999.9000,
	2026/04/30 11:45:05	,	979230	,	2331	,10.417212,1999.9000,0.00080326,-1188.6259,594919.1250,34.324,604981.6250,1999.9000,
	2026/04/30 11:45:05	,	980230	,	2332	,10.417406,1999.9000,-0.00677222,-1188.2585,594919.1250,34.325,604985.3750,1999.9000,
	2026/04/30 11:45:05	,	981230	,	2333	,10.417708,1999.9000,-0.01366072,-1188.2509,594919.1250,34.322,604987.5625,1999.9000,
	2026/04/30 11:45:05	,	982230	,	2334	,10.418118,1999.9000,-0.01860178,-1188.6425,594919.1250,34.320,604989.0625,1999.9000,
	2026/04/30 11:45:05	,	983230	,	2335	,10.418590,1999.9000,-0.02087693,-1189.0681,594919.1250,34.320,604977.8125,1999.9000,
	2026/04/30 11:45:05	,	984230	,	2336	,10.419176,1999.9000,-0.02157336,-1189.5223,594920.4375,34.321,604851.3750,1999.9000,
	2026/04/30 11:45:05	,	985230	,	2337	,10.423237,1999.9000,-0.02180549,-1189.9008,594931.3750,34.324,604818.1875,1999.9000,
	2026/04/30 11:45:05	,	986230	,	2338	,10.423922,1999.9000,-0.02192155,-1190.3158,595011.5000,34.326,604722.7500,1999.9000,
	2026/04/30 11:45:05	,	987230	,	2339	,10.424676,1999.9000,-0.02223952,-1190.6614,595022.8750,34.328,604698.5625,1999.9000,
	2026/04/30 11:45:05	,	988230	,	2340	,10.425448,1999.9000,-0.02249351,-1191.1484,595204.5625,34.330,604686.1250,1999.9000,
	2026/04/30 11:45:05	,	989230	,	2341	,10.426180,1999.9000,-0.02303174,-1191.5543,595503.9375,34.331,604679.8750,1999.9000,
	2026/04/30 11:45:05	,	990230	,	2342	,10.430802,1999.9000,-0.02303174,-1191.8926,595503.9375,34.332,604676.1875,1999.9000,
	2026/04/30 11:45:05	,	991230	,	2343	,10.431592,1999.9000,-0.02538314,-1192.3734,595505.3750,34.339,604673.6250,1999.9000,
	2026/04/30 11:45:05	,	992230	,	2344	,10.432352,1999.9000,-0.02842089,-1192.7742,595506.1875,34.345,604671.5625,1999.9000,
	2026/04/30 11:45:05	,	993230	,	2345	,10.433178,1999.9000,-0.03532830,-1193.3070,595506.6875,34.350,604681.0625,1999.9000,
	2026/04/30 11:45:05	,	994230	,	2346	,10.438011,1999.9000,-0.04289747,-1193.8505,595506.9375,34.354,604792.1875,1999.9000,
	2026/04/30 11:45:05	,	995230	,	2347	,10.438801,1999.9000,-0.04984898,-1194.4030,595494.5625,34.348,604819.4375,1999.9000,
	2026/04/30 11:45:05	,	996230	,	2348	,10.439620,1999.9000,-0.05655471,-1194.8632,595389.1875,34.342,604910.0000,1999.9000,
	2026/04/30 11:45:05	,	997230	,	2349	,10.440588,1999.9000,-0.06329826,-1195.2468,595378.8125,34.336,604941.1250,1999.9000,
	2026/04/30 11:45:05	,	998230	,	2350	,10.445726,1999.9000,-0.07270141,-1195.4670,595258.6875,34.332,605044.1250,1999.9000,
	2026/04/30 11:45:05	,	999230	,	2351	,10.446666,1999.9000,-0.08518641,-1195.3522,594995.3750,34.328,605044.1250,1999.9000,
	2026/04/30 11:45:06	,	000230	,	2352	,10.447623,1999.9000,-0.09608955,-1195.5548,594893.5000,34.325,605044.1250,1999.9000,
	2026/04/30 11:45:06	,	001230	,	2353	,10.448586,1999.9000,-0.10520277,-1195.7238,594893.5000,34.323,605044.1250,1999.9000,
	2026/04/30 11:45:06	,	002230	,	2354	,10.453293,1999.9000,-0.11173204,-1195.7650,594893.5000,34.320,605044.1250,1999.9000,
	2026/04/30 11:45:06	,	003230	,	2355	,10.454247,1999.9000,-0.11441687,-1195.7000,594893.5000,34.322,605032.3750,1999.9000,
	2026/04/30 11:45:06	,	004230	,	2356	,10.455289,1999.9000,-0.11487379,-1195.4468,594893.5000,34.323,604899.7500,1999.9000,
	2026/04/30 11:45:06	,	005230	,	2357	,10.459638,1999.9000,-0.11541894,-1195.4347,594979.8750,34.324,604869.2500,1999.9000,
	2026/04/30 11:45:06	,	006230	,	2358	,10.460651,1999.9000,-0.11857013,-1195.5242,594994.1875,34.324,604776.5000,1999.9000,
	2026/04/30 11:45:06	,	007230	,	2359	,10.461654,1999.9000,-0.12185997,-1195.6982,595002.8750,34.325,604746.9375,1999.9000,
	2026/04/30 11:45:06	,	008230	,	2360	,10.466013,1999.9000,-0.12456368,-1195.8433,595111.5625,34.326,604725.7500,1999.9000,
	2026/04/30 11:45:06	,	009230	,	2361	,10.467249,1999.9000,-0.12513407,-1195.9640,595380.8750,34.326,604715.1875,1999.9000,
	2026/04/30 11:45:06	,	010230	,	2362	,10.468426,1999.9000,-0.13009720,-1195.9652,595539.3750,34.328,604708.8125,1999.9000,
	2026/04/30 11:45:06	,	011230	,	2363	,10.472655,1999.9000,-0.13813902,-1195.8667,595539.3750,34.329,604704.5625,1999.9000,
	2026/04/30 11:45:06	,	012230	,	2364	,10.473609,1999.9000,-0.15016396,-1195.4863,595539.3750,34.331,604701.0625,1999.9000,
	2026/04/30 11:45:06	,	013230	,	2365	,10.474572,1999.9000,-0.16888203,-1195.1693,595539.3750,34.332,604710.1250,1999.9000,
	2026/04/30 11:45:06	,	014230	,	2366	,10.475485,1999.9000,-0.19406003,-1194.2087,595539.3750,34.334,604829.0625,1999.9000,
	2026/04/30 11:45:06	,	015230	,	2367	,10.480311,1999.9000,-0.22345433,-1193.4082,595425.5625,34.339,604857.7500,1999.9000,
	2026/04/30 11:45:06	,	016230	,	2368	,10.481398,1999.9000,-0.25565949,-1191.9453,595396.3750,34.344,604953.5000,1999.9000,
	2026/04/30 11:45:06	,	017230	,	2369	,10.482337,1999.9000,-0.29122382,-1190.6268,595379.8750,34.347,604984.6250,1999.9000,
	2026/04/30 11:45:06	,	018230	,	2370	,10.483283,1999.9000,-0.33268085,-1189.3291,595281.9375,34.350,605085.7500,1999.9000,
	2026/04/30 11:45:06	,	019230	,	2371	,10.487818,1999.9000,-0.38220498,-1188.0488,595063.3125,34.349,605085.7500,1999.9000,
	2026/04/30 11:45:06	,	020230	,	2372	,10.488831,1999.9000,-0.43544117,-1186.8824,594810.1250,34.341,605085.7500,1999.9000,
	2026/04/30 11:45:06	,	021230	,	2373	,10.489834,1999.9000,-0.49177185,-1185.8110,594810.1250,34.341,605085.7500,1999.9000,
	2026/04/30 11:45:06	,	022230	,	2374	,10.490745,1999.9000,-0.55223060,-1184.7191,594810.1250,34.331,605085.7500,1999.9000,
	2026/04/30 11:45:06	,	023230	,	2375	,10.495205,1999.9000,-0.61607999,-1183.8092,594810.1250,34.323,605085.5625,1999.9000,
	2026/04/30 11:45:06	,	024230	,	2376	,10.496129,1999.9000,-0.68413311,-1183.0509,594810.1250,34.316,605073.6875,1999.9000,
	2026/04/30 11:45:06	,	025230	,	2377	,10.496914,1999.9000,-0.75763774,-1182.4191,594926.8750,34.311,604965.5625,1999.9000,
	2026/04/30 11:45:06	,	026230	,	2378	,10.497730,1999.9000,-0.83547837,-1182.4894,594952.1875,34.303,604940.7500,1999.9000,
	2026/04/30 11:45:06	,	027230	,	2379	,10.501789,1999.9000,-0.91611111,-1182.8463,594964.5625,34.296,604914.6250,1999.9000,
	2026/04/30 11:45:06	,	028230	,	2380	,10.502474,1999.9000,-0.99750000,-1182.8463,594980.0000,34.294,604806.7500,1999.9000,
	2026/04/30 11:45:06	,	029230	,	2381	,10.503079,1999.9000,-1.07644987,-1183.1438,595248.0625,34.292,604785.5625,1999.9000,
	2026/04/30 11:45:06	,	030230	,	2382	,10.503725,1999.9000,-1.15669179,-1183.3917,595535.1875,34.289,604778.5625,1999.9000,
	2026/04/30 11:45:06	,	031230	,	2383	,10.504381,1999.9000,-1.23918366,-1183.5984,595535.1875,34.286,604775.0000,1999.9000,
	2026/04/30 11:45:06	,	032230	,	2384	,10.504936,1999.9000,-1.32226157,-1183.7705,595535.1875,34.284,604772.9375,1999.9000,
	2026/04/30 11:45:06	,	033230	,	2385	,10.505569,1999.9000,-1.40595090,-1183.7150,595535.1875,34.284,604771.5000,1999.9000,
	2026/04/30 11:45:06	,	034230	,	2386	,10.510010,1999.9000,-1.48862553,-1183.6688,595535.1875,34.285,604778.5625,1999.9000,
	2026/04/30 11:45:06	,	035230	,	2387	,10.510894,1999.9000,-1.56761324,-1183.5308,595432.1250,34.286,604873.8125,1999.9000,
	2026/04/30 11:45:06	,	036230	,	2388	,10.510894,1999.9000,-1.64220190,-1183.1173,595396.1250,34.287,604912.4375,1999.9000,
	2026/04/30 11:45:06	,	037230	,	2389	,10.511343,1999.9000,-1.71274436,-1182.5739,595378.3750,34.288,605019.9375,1999.9000,
	2026/04/30 11:45:06	,	038230	,	2390	,10.511691,1999.9000,-1.77993417,-1182.1210,595363.6250,34.288,605059.5000,1999.9000,
	2026/04/30 11:45:06	,	039230	,	2391	,10.511996,1999.9000,-1.84623516,-1181.7435,595157.4375,34.289,605072.6875,1999.9000,
	2026/04/30 11:45:06	,	040230	,	2392	,10.512312,1999.9000,-1.90784717,-1181.4290,594886.3750,34.289,605079.3125,1999.9000,
	2026/04/30 11:45:06	,	041230	,	2393	,10.512629,1999.9000,-1.96181440,-1181.1669,594885.7500,34.290,605083.2500,1999.9000,
	2026/04/30 11:45:06	,	042230	,	2394	,10.513005,1999.9000,-2.00923371,-1180.9484,594885.5000,34.290,605085.9375,1999.9000,
	2026/04/30 11:45:06	,	043230	,	2395	,10.513330,1999.9000,-2.04983354,-1181.6617,594885.4375,34.290,605087.8125,1999.9000,
	2026/04/30 11:45:06	,	044230	,	2396	,10.513615,1999.9000,-2.08365226,-1182.9525,594885.3750,34.290,605074.9375,1999.9000,
	2026/04/30 11:45:06	,	045230	,	2397	,10.513864,1999.9000,-2.11305261,-1184.5254,594885.3750,34.289,604934.7500,1999.9000,
	2026/04/30 11:45:06	,	046230	,	2398	,10.514075,1999.9000,-2.13836932,-1185.8362,594896.8750,34.288,604900.9375,1999.9000,
	2026/04/30 11:45:06	,	047230	,	2399	,10.514277,1999.9000,-2.15906000,-1187.1276,594979.8750,34.287,604793.4375,1999.9000,
	2026/04/30 11:45:06	,	048230	,	2400	,10.514444,1999.9000,-2.17496729,-1188.3031,594994.5625,34.288,604763.5000,1999.9000,
	2026/04/30 11:45:06	,	049230	,	2401	,10.514585,1999.9000,-2.17945457,-1189.3822,595168.1875,34.291,604753.5625,1999.9000,
	2026/04/30 11:45:06	,	050230	,	2402	,10.514700,1999.9000,-2.17945457,-1190.3809,595454.1875,34.296,604748.6250,1999.9000,
	2026/04/30 11:45:06	,	051230	,	2403	,10.514797,1999.9000,-2.17945457,-1191.3127,595463.1250,34.303,604745.6250,1999.9000,
	2026/04/30 11:45:06	,	052230	,	2404	,10.514879,1999.9000,-2.17945457,-1192.2881,595466.0625,34.310,604743.6250,1999.9000,
	2026/04/30 11:45:06	,	053230	,	2405	,10.514916,1999.9000,-2.17945457,-1193.1008,595467.6250,34.318,604743.6250,1999.9000,
	2026/04/30 11:45:06	,	054230	,	2406	,10.514864,1999.9000,-2.17209339,-1193.7782,595468.5000,34.324,604742.6875,1999.9000,
	2026/04/30 11:45:06	,	055230	,	2407	,10.514736,1999.9000,-2.16223645,-1194.3427,595469.1250,34.331,604753.5625,1999.9000,
	2026/04/30 11:45:06	,	056230	,	2408	,10.514564,1999.9000,-2.14923477,-1194.8131,595388.6250,34.338,604884.0625,1999.9000,
	2026/04/30 11:45:06	,	057230	,	2409	,10.514277,1999.9000,-2.13234425,-1195.2051,595371.3125,34.346,604918.5000,1999.9000,
	2026/04/30 11:45:06	,	058230	,	2410	,10.513888,1999.9000,-2.11046886,-1195.5316,595359.1875,34.353,605031.3750,1999.9000,
	2026/04/30 11:45:06	,	059230	,	2411	,10.513451,1999.9000,-2.08517742,-1195.8038,595227.1875,34.360,605066.6875,1999.9000,
	2026/04/30 11:45:06	,	060230	,	2412	,10.512952,1999.9000,-2.05560017,-1195.8318,594973.9375,34.364,605078.5000,1999.9000,
	2026/04/30 11:45:06	,	061230	,	2413	,10.512416,1999.9000,-2.01891422,-1195.6560,594846.4375,34.367,605084.3750,1999.9000,
	2026/04/30 11:45:06	,	062230	,	2414	,10.508372,1999.9000,-1.97675753,-1195.5098,594846.4375,34.370,605087.9375,1999.9000,
	2026/04/30 11:45:06	,	063230	,	2415	,10.507702,1999.9000,-1.92945802,-1195.5865,594846.4375,34.372,605090.2500,1999.9000,
	2026/04/30 11:45:06	,	064230	,	2416	,10.506962,1999.9000,-1.87608945,-1195.6506,594846.4375,34.365,605088.2500,1999.9000,
	2026/04/30 11:45:06	,	065230	,	2417	,10.506220,1999.9000,-1.81824005,-1195.8036,594846.4375,34.357,605005.4375,1999.9000,
	2026/04/30 11:45:06	,	066230	,	2418	,10.502147,1999.9000,-1.75683594,-1195.8315,594943.5000,34.351,604968.0000,1999.9000,
	2026/04/30 11:45:06	,	067230	,	2419	,10.501237,1999.9000,-1.69200969,-1195.8549,594961.1250,34.344,604863.5000,1999.9000,
	2026/04/30 11:45:06	,	068230	,	2420	,10.500438,1999.9000,-1.62428427,-1195.9738,594972.1250,34.338,604832.6875,1999.9000,
	2026/04/30 11:45:06	,	069230	,	2421	,10.499643,1999.9000,-1.55185103,-1196.1722,595089.5000,34.330,604743.8750,1999.9000,
	2026/04/30 11:45:06	,	070230	,	2422	,10.495444,1999.9000,-1.47512579,-1196.4373,595351.0625,34.324,604713.6875,1999.9000,
	2026/04/30 11:45:06	,	071230	,	2423	,10.494580,1999.9000,-1.39899933,-1196.9564,595526.8750,34.315,604703.5625,1999.9000,
	2026/04/30 11:45:06	,	072230	,	2424	,10.493775,1999.9000,-1.32338965,-1197.6875,595526.8750,34.308,604698.5625,1999.9000,
	2026/04/30 11:45:06	,	073230	,	2425	,10.492800,1999.9000,-1.24839139,-1198.2968,595526.8750,34.302,604695.5625,1999.9000,
	2026/04/30 11:45:06	,	074230	,	2426	,10.487937,1999.9000,-1.17560518,-1198.8044,595526.8750,34.301,604693.5625,1999.9000,
	2026/04/30 11:45:06	,	075230	,	2427	,10.486924,1999.9000,-1.10380220,-1199.5802,595429.7500,34.301,604815.7500,1999.9000,
	2026/04/30 11:45:06	,	076230	,	2428	,10.485931,1999.9000,-1.03200555,-1199.5802,595429.7500,34.301,604815.7500,1999.9000,
	2026/04/30 11:45:06	,	077230	,	2429	,10.484958,1999.9000,-0.96018362,-1199.5756,595410.0625,34.305,604845.0000,1999.9000,
	2026/04/30 11:45:06	,	078230	,	2430	,10.479924,1999.9000,-0.88756126,-1199.0743,595395.8125,34.311,604933.0000,1999.9000,
	2026/04/30 11:45:06	,	079230	,	2431	,10.479164,1999.9000,-0.81662166,-1196.8661,595302.8125,34.315,604959.8125,1999.9000,
	2026/04/30 11:45:06	,	080230	,	2432	,10.478295,1999.9000,-0.75085008,-1194.7275,595088.3125,34.320,605060.3750,1999.9000,
	2026/04/30 11:45:06	,	081230	,	2433	,10.474294,1999.9000,-0.68723381,-1192.9453,594826.7500,34.328,605060.3750,1999.9000,
	2026/04/30 11:45:06	,	082230	,	2434	,10.473058,1999.9000,-0.62596840,-1191.4601,594826.7500,34.334,605060.3750,1999.9000,
	2026/04/30 11:45:06	,	083230	,	2435	,10.472040,1999.9000,-0.56692141,-1189.4266,594826.7500,34.339,605060.3750,1999.9000,
	2026/04/30 11:45:06	,	084230	,	2436	,10.471062,1999.9000,-0.50841647,-1187.7322,594826.7500,34.343,605060.3750,1999.9000,
	2026/04/30 11:45:06	,	085230	,	2437	,10.466072,1999.9000,-0.45260888,-1186.3199,594826.7500,34.347,605049.4375,1999.9000,
	2026/04/30 11:45:06	,	086230	,	2438	,10.464821,1999.9000,-0.40346920,-1185.1432,594914.3750,34.350,604902.7500,1999.9000,
	2026/04/30 11:45:06	,	087230	,	2439	,10.463838,1999.9000,-0.36152685,-1184.1626,594940.8750,34.352,604818.1875,1999.9000,
	2026/04/30 11:45:06	,	088230	,	2440	,10.462863,1999.9000,-0.32492897,-1183.4448,594953.5000,34.354,604780.6875,1999.9000,
	2026/04/30 11:45:06	,	089230	,	2441	,10.457076,1999.9000,-0.29005787,-1183.6426,594967.6875,34.356,604679.8750,1999.9000,
	2026/04/30 11:45:06	,	090230	,	2442	,10.455959,1999.9000,-0.25269106,-1183.8073,595215.8125,34.353,604649.6875,1999.9000,
	2026/04/30 11:45:06	,	091230	,	2443	,10.454931,1999.9000,-0.21696918,-1183.9446,595505.3750,34.346,604639.6250,1999.9000,
	2026/04/30 11:45:06	,	092230	,	2444	,10.454045,1999.9000,-0.18395102,-1184.0591,595505.3750,34.340,604634.5625,1999.9000,
	2026/04/30 11:45:06	,	093230	,	2445	,10.449421,1999.9000,-0.15162612,-1184.1544,595505.3750,34.335,604631.5000,1999.9000,
	2026/04/30 11:45:06	,	094230	,	2446	,10.448244,1999.9000,-0.11942725,-1184.2339,595505.3750,34.329,604629.5000,1999.9000,
	2026/04/30 11:45:06	,	095230	,	2447	,10.447267,1999.9000,-0.08708344,-1184.2007,595505.3750,34.318,604635.8125,1999.9000,
	2026/04/30 11:45:06	,	096230	,	2448	,10.446301,1999.9000,-0.05576690,-1184.0735,595423.8125,34.309,604732.3750,1999.9000,
	2026/04/30 11:45:06	,	097230	,	2449	,10.441466,1999.9000,-0.02954271,-1182.6743,595342.7500,34.302,604761.1250,1999.9000,
	2026/04/30 11:45:06	,	098230	,	2450	,10.440648,1999.9000,-0.01097590,-1181.3094,595334.7500,34.295,604842.3750,1999.9000,
	2026/04/30 11:45:06	,	099230	,	2451	,10.439849,1999.9000,0.00051333,-1180.1720,595324.0625,34.290,604871.3750,1999.9000,
	2026/04/30 11:45:06	,	100230	,	2452	,10.439092,1999.9000,0.00449643,-1179.2242,595156.8750,34.296,604976.4375,1999.9000,
	2026/04/30 11:45:06	,	101230	,	2453	,10.438363,1999.9000,0.00517080,-1178.4343,594900.0625,34.303,604976.4375,1999.9000,
	2026/04/30 11:45:06	,	102230	,	2454	,10.433692,1999.9000,0.00733881,-1177.7761,594900.0625,34.309,604976.4375,1999.9000,
	2026/04/30 11:45:06	,	103230	,	2455	,10.432962,1999.9000,0.00818648,-1179.3167,594900.0625,34.314,604976.4375,1999.9000,
	2026/04/30 11:45:06	,	104230	,	2456	,10.432104,1999.9000,0.01308029,-1181.0977,594900.0625,34.318,604976.4375,1999.9000,
	2026/04/30 11:45:06	,	105230	,	2457	,10.431362,1999.9000,0.01938896,-1182.8802,594900.0625,34.321,604972.5000,1999.9000,
	2026/04/30 11:45:06	,	106230	,	2458	,10.430673,1999.9000,0.02542666,-1184.3658,594901.5625,34.322,604885.8750,1999.9000,
	2026/04/30 11:45:06	,	107230	,	2459	,10.430018,1999.9000,0.02978787,-1185.7032,594985.8750,34.323,604855.6875,1999.9000,
	2026/04/30 11:45:06	,	108230	,	2460	,10.425650,1999.9000,0.03252941,-1186.9172,594998.9375,34.324,604760.2500,1999.9000,
	2026/04/30 11:45:06	,	109230	,	2461	,10.425009,1999.9000,0.03490544,-1188.1278,595010.1875,34.325,604729.4375,1999.9000,
	2026/04/30 11:45:06	,	110230	,	2462	,10.424408,1999.9000,0.04044520,-1189.8330,595181.3125,34.325,604644.8125,1999.9000,
	2026/04/30 11:45:06	,	111230	,	2463	,10.423906,1999.9000,0.04653332,-1191.2540,595474.4375,34.330,604644.8125,1999.9000,
	2026/04/30 11:45:06	,	112230	,	2464	,10.423481,1999.9000,0.04653332,-1192.4381,595490.8125,34.335,604644.8125,1999.9000,
	2026/04/30 11:45:06	,	113230	,	2465	,10.423083,1999.9000,0.04653332,-1193.4248,595496.3125,34.340,604644.8125,1999.9000,
	2026/04/30 11:45:06	,	114230	,	2466	,10.422612,1999.9000,0.04653332,-1194.2472,595499.0625,34.344,604644.8125,1999.9000,
	2026/04/30 11:45:06	,	115230	,	2467	,10.422041,1999.9000,0.04653332,-1194.9325,595500.6875,34.347,604649.6250,1999.9000,
	2026/04/30 11:45:06	,	116230	,	2468	,10.421475,1999.9000,0.04195148,-1194.9066,595501.8125,34.350,604743.3125,1999.9000,
	2026/04/30 11:45:06	,	117230	,	2469	,10.420984,1999.9000,0.03645581,-1194.6862,595417.2500,34.351,604766.8750,1999.9000,
	2026/04/30 11:45:06	,	118230	,	2470	,10.420511,1999.9000,0.03126265,-1194.3035,595398.8125,34.352,604855.0625,1999.9000,
	2026/04/30 11:45:06	,	119230	,	2471	,10.420061,1999.9000,0.02685727,-1193.9846,595385.2500,34.348,604891.0000,1999.9000,
	2026/04/30 11:45:06	,	120230	,	2472	,10.419598,1999.9000,0.02049189,-1193.6194,595262.9375,34.345,604981.8750,1999.9000,
	2026/04/30 11:45:06	,	121230	,	2473	,10.419157,1999.9000,0.01345843,-1193.3149,595021.6250,34.343,604981.8750,1999.9000,
	2026/04/30 11:45:06	,	122230	,	2474	,10.418789,1999.9000,0.00890180,-1193.1609,594895.2500,34.342,604981.8750,1999.9000,
	2026/04/30 11:45:06	,	123230	,	2475	,10.418438,1999.9000,0.00890180,-1193.0325,594895.2500,34.342,604981.8750,1999.9000,
	2026/04/30 11:45:06	,	124230	,	2476	,10.418136,1999.9000,0.00890180,-1193.3234,594895.2500,34.341,604981.8750,1999.9000,
	2026/04/30 11:45:06	,	125230	,	2477	,10.417878,1999.9000,0.00890180,-1193.4662,594895.2500,34.340,604980.8125,1999.9000,
	2026/04/30 11:45:06	,	126230	,	2478	,10.417664,1999.9000,0.00890180,-1193.5853,594895.2500,34.343,604892.4375,1999.9000,
	2026/04/30 11:45:06	,	127230	,	2479	,10.417485,1999.9000,0.00905306,-1193.6846,594981.1250,34.345,604858.9375,1999.9000,
	2026/04/30 11:45:06	,	128230	,	2480	,10.417336,1999.9000,0.00930834,-1193.7673,594999.5625,34.347,604759.0000,1999.9000,
	2026/04/30 11:45:06	,	129230	,	2481	,10.417217,1999.9000,0.01143534,-1194.1346,595009.2500,34.348,604729.3750,1999.9000,
	2026/04/30 11:45:06	,	130230	,	2482	,10.417129,1999.9000,0.01529244,-1194.1422,595124.6875,34.357,604643.6250,1999.9000,
	2026/04/30 11:45:06	,	131230	,	2483	,10.417059,1999.9000,0.01529244,-1194.1487,595381.4375,34.357,604634.6250,1999.9000,
	2026/04/30 11:45:06	,	132230	,	2484	,10.417095,1999.9000,0.01529244,-1193.8556,595551.2500,34.357,604631.5625,1999.9000,
	2026/04/30 11:45:06	,	133230	,	2485	,10.417264,1999.9000,0.01529244,-1193.6115,595551.2500,34.355,604630.1250,1999.9000,
	2026/04/30 11:45:06	,	134230	,	2486	,10.417544,1999.9000,0.01529244,-1193.4078,595551.2500,34.354,604629.1875,1999.9000,
	2026/04/30 11:45:06	,	135230	,	2487	,10.417928,1999.9000,0.01498258,-1193.5366,595551.2500,34.352,604628.5625,1999.9000,
	2026/04/30 11:45:06	,	136230	,	2488	,10.418376,1999.9000,0.00500062,-1193.8430,595551.2500,34.351,604637.2500,1999.9000,
	2026/04/30 11:45:06	,	137230	,	2489	,10.418893,1999.9000,-0.00256224,-1194.0981,595450.0000,34.346,604746.9375,1999.9000,
	2026/04/30 11:45:06	,	138230	,	2490	,10.419533,1999.9000,-0.00886462,-1194.1119,595426.1250,34.338,604779.5625,1999.9000,
	2026/04/30 11:45:06	,	139230	,	2491	,10.424338,1999.9000,-0.01407667,-1194.1234,595411.8750,34.331,604883.4375,1999.9000,
	2026/04/30 11:45:06	,	140230	,	2492	,10.424904,1999.9000,-0.02080130,-1194.1329,595325.4375,34.324,604914.2500,1999.9000,
	2026/04/30 11:45:06	,	141230	,	2493	,10.425579,1999.9000,-0.03051959,-1194.1409,595111.5625,34.319,605025.3750,1999.9000,
	2026/04/30 11:45:06	,	142230	,	2494	,10.426304,1999.9000,-0.03938703,-1194.1475,594847.6250,34.314,605025.3750,1999.9000,
	2026/04/30 11:45:06	,	143230	,	2495	,10.430386,1999.9000,-0.04758012,-1194.1530,594847.6250,34.310,605025.3750,1999.9000,
	2026/04/30 11:45:06	,	144230	,	2496	,10.431146,1999.9000,-0.05451905,-1193.6602,594847.6250,34.307,605025.3750,1999.9000,
	2026/04/30 11:45:06	,	145230	,	2497	,10.431965,1999.9000,-0.05816181,-1193.2496,594847.6250,34.305,605025.3750,1999.9000,
	2026/04/30 11:45:06	,	146230	,	2498	,10.432784,1999.9000,-0.05903785,-1193.4048,594847.6250,34.304,605015.0000,1999.9000,
	2026/04/30 11:45:06	,	147230	,	2499	,10.437058,1999.9000,-0.06154620,-1193.5342,594955.5000,34.304,604880.3750,1999.9000,
	2026/04/30 11:45:06	,	148230	,	2500	,10.438042,1999.9000,-0.06244428,-1193.6420,594980.8125,34.306,604848.7500,1999.9000,
	2026/04/30 11:45:06	,	149230	,	2501	,10.438935,1999.9000,-0.06590113,-1193.9307,594992.6250,34.310,604754.1875,1999.9000,
	2026/04/30 11:45:06	,	150230	,	2502	,10.439821,1999.9000,-0.06626353,-1194.1714,595008.3750,34.313,604725.5000,1999.9000,
	2026/04/30 11:45:06	,	151230	,	2503	,10.444684,1999.9000,-0.06657759,-1194.1729,595264.6875,34.315,604640.0000,1999.9000,
	2026/04/30 11:45:06	,	152230	,	2504	,10.445726,1999.9000,-0.06687172,-1194.1742,595545.3750,34.318,604640.0000,1999.9000,
	2026/04/30 11:45:06	,	153230	,	2505	,10.446790,1999.9000,-0.06967627,-1194.1753,595545.3750,34.321,604640.0000,1999.9000,
	2026/04/30 11:45:06	,	154230	,	2506	,10.450970,1999.9000,-0.07363416,-1194.0767,595545.3750,34.327,604640.0000,1999.9000,
	2026/04/30 11:45:06	,	155230	,	2507	,10.451982,1999.9000,-0.08007520,-1193.9945,595545.3750,34.331,604640.0000,1999.9000,
	2026/04/30 11:45:06	,	156230	,	2508	,10.452975,1999.9000,-0.08763805,-1193.9261,595545.3750,34.335,604649.2500,1999.9000,
	2026/04/30 11:45:06	,	157230	,	2509	,10.453949,1999.9000,-0.09474082,-1193.6703,595533.5625,34.340,604770.5000,1999.9000,
	2026/04/30 11:45:06	,	158230	,	2510	,10.458834,1999.9000,-0.10126379,-1193.4569,595411.2500,34.344,604804.5625,1999.9000,
	2026/04/30 11:45:06	,	159230	,	2511	,10.459846,1999.9000,-0.10126379,-1193.4780,595396.6875,34.348,604911.1875,1999.9000,
	2026/04/30 11:45:06	,	160230	,	2512	,10.460968,1999.9000,-0.10755357,-1193.4957,595382.0625,34.349,604941.6875,1999.9000,
	2026/04/30 11:45:06	,	161230	,	2513	,10.465327,1999.9000,-0.11500927,-1193.7094,595195.0000,34.350,605036.8125,1999.9000,
	2026/04/30 11:45:06	,	162230	,	2514	,10.465327,1999.9000,-0.13881968,-1194.3848,594926.2500,34.348,605036.8125,1999.9000,
	2026/04/30 11:45:06	,	163230	,	2515	,10.466399,1999.9000,-0.13881968,-1195.1466,594923.0625,34.345,605036.8125,1999.9000,
	2026/04/30 11:45:06	,	164230	,	2516	,10.471553,1999.9000,-0.15057361,-1195.5825,594921.9375,34.342,605036.8125,1999.9000,
	2026/04/30 11:45:06	,	165230	,	2517	,10.471553,1999.9000,-0.16298930,-1195.9458,594921.3750,34.340,605036.8125,1999.9000,
	2026/04/30 11:45:06	,	166230	,	2518	,10.472581,1999.9000,-0.17483777,-1196.2484,594921.0000,34.338,605026.0625,1999.9000,
	2026/04/30 11:45:06	,	167230	,	2519	,10.473588,1999.9000,-0.18766943,-1196.5006,594920.8125,34.336,604910.0000,1999.9000,
	2026/04/30 11:45:06	,	168230	,	2520	,10.474555,1999.9000,-0.20520896,-1196.1140,594931.5000,34.335,604885.2500,1999.9000,
	2026/04/30 11:45:06	,	169230	,	2521	,10.479536,1999.9000,-0.22775255,-1194.6975,594944.2500,34.334,604792.8125,1999.9000,
	2026/04/30 11:45:06	,	170230	,	2522	,10.480595,1999.9000,-0.25393265,-1193.3182,594957.5625,34.330,604761.1875,1999.9000,
	2026/04/30 11:45:06	,	171230	,	2523	,10.481583,1999.9000,-0.28304332,-1191.5720,595155.6875,34.323,604734.2500,1999.9000,
	2026/04/30 11:45:06	,	172230	,	2524	,10.482560,1999.9000,-0.31318763,-1189.7189,595439.8750,34.318,604720.8125,1999.9000,
	2026/04/30 11:45:06	,	173230	,	2525	,10.487401,1999.9000,-0.34890321,-1188.0752,595458.9375,34.312,604712.8125,1999.9000,
	2026/04/30 11:45:06	,	174230	,	2526	,10.488414,1999.9000,-0.39197364,-1186.5065,595465.3125,34.310,604707.4375,1999.9000,
	2026/04/30 11:45:06	,	175230	,	2527	,10.489347,1999.9000,-0.44141585,-1185.0997,595468.5000,34.309,604702.9375,1999.9000,
	2026/04/30 11:45:06	,	176230	,	2528	,10.490200,1999.9000,-0.49884313,-1183.9274,595470.3750,34.304,604705.5625,1999.9000,
	2026/04/30 11:45:06	,	177230	,	2529	,10.494669,1999.9000,-0.56450129,-1183.0500,595471.6250,34.301,604794.0625,1999.9000,
	2026/04/30 11:45:06	,	178230	,	2530	,10.495488,1999.9000,-0.63627917,-1182.4183,595459.0000,34.301,604827.5625,1999.9000,
	2026/04/30 11:45:06	,	179230	,	2531	,10.496279,1999.9000,-0.71291608,-1181.8918,595368.3750,34.301,604917.8750,1999.9000,
	2026/04/30 11:45:06	,	180230	,	2532	,10.497104,1999.9000,-0.79354870,-1181.4532,595361.1875,34.302,604946.8125,1999.9000,
	2026/04/30 11:45:06	,	181230	,	2533	,10.497868,1999.9000,-0.87736404,-1181.1871,595261.1250,34.303,605056.1875,1999.9000,
	2026/04/30 11:45:06	,	182230	,	2534	,10.502861,1999.9000,-0.96651119,-1181.6617,595002.5000,34.304,605074.6250,1999.9000,
	2026/04/30 11:45:06	,	183230	,	2535	,10.503591,1999.9000,-1.05749869,-1182.1566,594840.5000,34.305,605080.7500,1999.9000,
	2026/04/30 11:45:06	,	184230	,	2536	,10.504112,1999.9000,-1.14697981,-1182.5691,594840.5000,34.306,605083.7500,1999.9000,
	2026/04/30 11:45:06	,	185230	,	2537	,10.504641,1999.9000,-1.23521316,-1182.9127,594840.5000,34.307,605085.6250,1999.9000,
	2026/04/30 11:45:06	,	186230	,	2538	,10.505208,1999.9000,-1.32095075,-1183.1992,594840.5000,34.307,605086.9375,1999.9000,
	2026/04/30 11:45:06	,	187230	,	2539	,10.505740,1999.9000,-1.40343630,-1183.4380,594840.5000,34.308,605076.1875,1999.9000,
	2026/04/30 11:45:06	,	188230	,	2540	,10.506372,1999.9000,-1.48406899,-1183.5374,594936.3750,34.308,604964.9375,1999.9000,
	2026/04/30 11:45:06	,	189230	,	2541	,10.510874,1999.9000,-1.56264067,-1183.3218,594956.3125,34.308,604936.3125,1999.9000,
	2026/04/30 11:45:06	,	190230	,	2542	,10.511247,1999.9000,-1.63812435,-1182.7443,594965.5625,34.308,604850.8125,1999.9000,
	2026/04/30 11:45:06	,	191230	,	2543	,10.511539,1999.9000,-1.70934129,-1182.0640,595057.9375,34.310,604826.3750,1999.9000,
	2026/04/30 11:45:06	,	192230	,	2544	,10.511761,1999.9000,-1.77241540,-1181.4971,595319.5625,34.313,604818.2500,1999.9000,
	2026/04/30 11:45:06	,	193230	,	2545	,10.512095,1999.9000,-1.82828593,-1180.9253,595513.1250,34.326,604814.1875,1999.9000,
	2026/04/30 11:45:06	,	194230	,	2546	,10.512424,1999.9000,-1.88015461,-1180.4487,595513.1250,34.340,604811.7500,1999.9000,
	2026/04/30 11:45:06	,	195230	,	2547	,10.512747,1999.9000,-1.92740977,-1180.1510,595513.1250,34.352,604810.0625,1999.9000,
	2026/04/30 11:45:06	,	196230	,	2548	,10.513070,1999.9000,-1.97136259,-1179.9030,595513.1250,34.362,604814.8750,1999.9000,
	2026/04/30 11:45:06	,	197230	,	2549	,10.513379,1999.9000,-2.01324821,-1179.9946,595513.1250,34.370,604931.1250,1999.9000,
	2026/04/30 11:45:06	,	198230	,	2550	,10.513691,1999.9000,-2.05128312,-1180.7675,595391.0000,34.374,604968.8750,1999.9000,
	2026/04/30 11:45:06	,	199230	,	2551	,10.513971,1999.9000,-2.08397365,-1182.1077,595366.8125,34.371,604987.4375,1999.9000,
	2026/04/30 11:45:06	,	200230	,	2552	,10.514212,1999.9000,-2.11165977,-1183.3241,595357.0000,34.365,605003.2500,1999.9000,
	2026/04/30 11:45:06	,	201230	,	2553	,10.514410,1999.9000,-2.13511729,-1185.4319,595343.8750,34.360,605111.7500,1999.9000,
	2026/04/30 11:45:06	,	202230	,	2554	,10.514581,1999.9000,-2.15746570,-1187.1885,595112.1875,34.357,605125.9375,1999.9000,
	2026/04/30 11:45:06	,	203230	,	2555	,10.514717,1999.9000,-2.17893791,-1188.6523,594845.2500,34.350,605130.6875,1999.9000,
	2026/04/30 11:45:06	,	204230	,	2556	,10.514832,1999.9000,-2.19003630,-1190.0712,594845.2500,34.345,605133.0625,1999.9000,
	2026/04/30 11:45:06	,	205230	,	2557	,10.514927,1999.9000,-2.19003630,-1191.4524,594845.2500,34.341,605134.5000,1999.9000,
	2026/04/30 11:45:06	,	206230	,	2558	,10.514986,1999.9000,-2.19003630,-1192.6034,594845.2500,34.337,605135.4375,1999.9000,
	2026/04/30 11:45:06	,	207230	,	2559	,10.515036,1999.9000,-2.19003630,-1193.6621,594845.2500,34.337,605050.7500,1999.9000,
	2026/04/30 11:45:06	,	208230	,	2560	,10.514992,1999.9000,-2.19003630,-1194.4449,594934.6250,34.339,605050.7500,1999.9000,
	2026/04/30 11:45:06	,	209230	,	2561	,10.514893,1999.9000,-2.17600727,-1195.1968,594957.5625,34.343,604961.9375,1999.9000,
	2026/04/30 11:45:06	,	210230	,	2562	,10.514719,1999.9000,-2.15863156,-1195.8231,594969.5625,34.344,604929.8750,1999.9000,
	2026/04/30 11:45:06	,	211230	,	2563	,10.514451,1999.9000,-2.13790298,-1196.3453,594984.5000,34.339,604830.3125,1999.9000,
	2026/04/30 11:45:06	,	212230	,	2564	,10.514117,1999.9000,-2.11173558,-1196.7803,595225.3750,34.336,604796.8125,1999.9000,
	2026/04/30 11:45:06	,	213230	,	2565	,10.513716,1999.9000,-2.07825732,-1196.8444,595521.5000,34.332,604711.3125,1999.9000,
	2026/04/30 11:45:06	,	214230	,	2566	,10.513218,1999.9000,-2.04160905,-1196.4999,595521.5000,34.328,604711.3125,1999.9000,
	2026/04/30 11:45:06	,	215230	,	2567	,10.512692,1999.9000,-2.00223160,-1195.9144,595521.5000,34.325,604711.3125,1999.9000,
	2026/04/30 11:45:06	,	216230	,	2568	,10.512095,1999.9000,-1.96022010,-1195.4265,595521.5000,34.322,604711.3125,1999.9000,
	2026/04/30 11:45:06	,	217230	,	2569	,10.507775,1999.9000,-1.91702974,-1195.0199,595521.5000,34.320,604711.3125,1999.9000,
	2026/04/30 11:45:06	,	218230	,	2570	,10.507075,1999.9000,-1.87172198,-1194.6812,595438.6875,34.318,604723.3750,1999.9000,
	2026/04/30 11:45:06	,	219230	,	2571	,10.506257,1999.9000,-1.82258236,-1194.3989,595402.9375,34.317,604856.2500,1999.9000,
	2026/04/30 11:45:06	,	220230	,	2572	,10.505482,1999.9000,-1.76923275,-1194.1636,595385.2500,34.311,604881.8750,1999.9000,
	2026/04/30 11:45:06	,	221230	,	2573	,10.501431,1999.9000,-1.71159744,-1193.9674,595370.9375,34.306,604907.9375,1999.9000,
	2026/04/30 11:45:06	,	222230	,	2574	,10.500507,1999.9000,-1.65128994,-1194.0031,595178.3125,34.307,605017.5000,1999.9000,
	2026/04/30 11:45:06	,	223230	,	2575	,10.499683,1999.9000,-1.59071779,-1194.0326,594897.1250,34.307,605051.3750,1999.9000,
	2026/04/30 11:45:06	,	224230	,	2576	,10.498847,1999.9000,-1.52574027,-1194.2563,594885.1875,34.308,605062.6875,1999.9000,
	2026/04/30 11:45:06	,	225230	,	2577	,10.494341,1999.9000,-1.45619345,-1194.4426,594881.2500,34.308,605068.3125,1999.9000,
	2026/04/30 11:45:06	,	226230	,	2578	,10.493537,1999.9000,-1.38323724,-1194.6974,594879.2500,34.308,605071.6875,1999.9000,
	2026/04/30 11:45:06	,	227230	,	2579	,10.492633,1999.9000,-1.30642378,-1195.2081,594878.0000,34.309,605073.9375,1999.9000,
	2026/04/30 11:45:06	,	228230	,	2580	,10.488592,1999.9000,-1.22737932,-1195.8328,594877.1875,34.309,605064.0625,1999.9000,
	2026/04/30 11:45:06	,	229230	,	2581	,10.487624,1999.9000,-1.14892721,-1196.3531,594889.5625,34.309,604933.5625,1999.9000,
	2026/04/30 11:45:06	,	230230	,	2582	,10.486705,1999.9000,-1.07176721,-1196.7870,594985.2500,34.318,604903.0625,1999.9000,
	2026/04/30 11:45:06	,	231230	,	2583	,10.482665,1999.9000,-0.99561560,-1197.1484,594995.0625,34.326,604814.6250,1999.9000,
	2026/04/30 11:45:06	,	232230	,	2584	,10.481711,1999.9000,-0.91851223,-1197.4496,595141.3750,34.334,604779.5625,1999.9000,
	2026/04/30 11:45:06	,	233230	,	2585	,10.480739,1999.9000,-0.83769053,-1196.3080,595419.6250,34.341,604678.1250,1999.9000,
	2026/04/30 11:45:06	,	234230	,	2586	,10.476707,1999.9000,-0.75937086,-1194.0635,595440.1875,34.346,604678.1250,1999.9000,
	2026/04/30 11:45:06	,	235230	,	2587	,10.475813,1999.9000,-0.68657207,-1192.0935,595447.0000,34.349,604678.1250,1999.9000,
	2026/04/30 11:45:06	,	236230	,	2588	,10.474850,1999.9000,-0.61910510,-1189.6561,595450.4375,34.352,604678.1250,1999.9000,
	2026/04/30 11:45:06	,	237230	,	2589	,10.470809,1999.9000,-0.55777669,-1187.6249,595452.5000,34.354,604678.1250,1999.9000,
	2026/04/30 11:45:06	,	238230	,	2590	,10.469826,1999.9000,-0.50192499,-1185.9323,595453.8125,34.353,604685.6250,1999.9000,
	2026/04/30 11:45:06	,	239230	,	2591	,10.468833,1999.9000,-0.45031476,-1184.5219,595369.5625,34.352,604784.3750,1999.9000,
	2026/04/30 11:45:06	,	240230	,	2592	,10.464791,1999.9000,-0.40382212,-1183.1475,595349.0000,34.349,604812.5000,1999.9000,
	2026/04/30 11:45:06	,	241230	,	2593	,10.463571,1999.9000,-0.36329150,-1182.0021,595333.1875,34.344,604907.0000,1999.9000,
	2026/04/30 11:45:06	,	242230	,	2594	,10.462408,1999.9000,-0.32872927,-1181.5450,595211.0625,34.340,604933.2500,1999.9000,
	2026/04/30 11:45:06	,	243230	,	2595	,10.458089,1999.9000,-0.30093578,-1181.2635,594973.3750,34.336,605032.6250,1999.9000,
	2026/04/30 11:45:06	,	244230	,	2596	,10.456986,1999.9000,-0.27507710,-1181.0291,594838.6875,34.326,605032.6250,1999.9000,
	2026/04/30 11:45:06	,	245230	,	2597	,10.455905,1999.9000,-0.24843697,-1180.8336,594838.6875,34.322,605032.6250,1999.9000,
	2026/04/30 11:45:06	,	246230	,	2598	,10.454909,1999.9000,-0.22146279,-1180.6708,594838.6875,34.318,605032.6250,1999.9000,
	2026/04/30 11:45:06	,	247230	,	2599	,10.449421,1999.9000,-0.19155169,-1180.5350,594838.6875,34.323,605032.6250,1999.9000,
	2026/04/30 11:45:06	,	248230	,	2600	,10.448542,1999.9000,-0.15700205,-1180.5350,594838.6875,34.327,605022.5000,1999.9000,
	2026/04/30 11:45:06	,	249230	,	2601	,10.447653,1999.9000,-0.12007639,-1180.3276,594925.6250,34.336,604894.8750,1999.9000,
	2026/04/30 11:45:06	,	250230	,	2602	,10.446680,1999.9000,-0.08337133,-1179.7518,594937.9375,34.344,604867.1250,1999.9000,
	2026/04/30 11:45:06	,	251230	,	2603	,10.442093,1999.9000,-0.05067458,-1179.2720,594944.9375,34.347,604775.9375,1999.9000,
	2026/04/30 11:45:06	,	252230	,	2604	,10.441110,1999.9000,-0.02540835,-1178.8721,595035.3125,34.350,604743.3750,1999.9000,
	2026/04/30 11:45:06	,	253230	,	2605	,10.440206,1999.9000,-0.00423865,-1178.5388,595283.8125,34.353,604653.3125,1999.9000,
	2026/04/30 11:45:06	,	254230	,	2606	,10.439360,1999.9000,0.01307400,-1178.5388,595512.0000,34.356,604653.3125,1999.9000,
	2026/04/30 11:45:06	,	255230	,	2607	,10.438596,1999.9000,0.02511782,-1178.2610,595512.0000,34.359,604653.3125,1999.9000,
	2026/04/30 11:45:06	,	256230	,	2608	,10.433930,1999.9000,0.03365126,-1178.5269,595512.0000,34.360,604653.3125,1999.9000,
	2026/04/30 11:45:06	,	257230	,	2609	,10.433126,1999.9000,0.03846628,-1179.1464,595512.0000,34.358,604653.3125,1999.9000,
	2026/04/30 11:45:06	,	258230	,	2610	,10.432313,1999.9000,0.03926350,-1179.6627,595512.0000,34.356,604655.0000,1999.9000,
	2026/04/30 11:45:06	,	259230	,	2611	,10.431629,1999.9000,0.03952927,-1180.5903,595407.0625,34.353,604667.5000,1999.9000,
	2026/04/30 11:45:06	,	260230	,	2612	,10.430933,1999.9000,0.03966214,-1182.3580,595382.6875,34.346,604780.1250,1999.9000,
	2026/04/30 11:45:06	,	261230	,	2613	,10.426930,1999.9000,0.03974188,-1184.1295,595369.1875,34.337,604808.8750,1999.9000,
	2026/04/30 11:45:06	,	262230	,	2614	,10.426483,1999.9000,0.03979500,-1185.6058,595354.2500,34.332,604890.0625,1999.9000,
	2026/04/30 11:45:06	,	263230	,	2615	,10.425938,1999.9000,0.03625413,-1187.0350,595125.3125,34.328,604922.3125,1999.9000,
	2026/04/30 11:45:06	,	264230	,	2616	,10.425396,1999.9000,0.02953577,-1188.3254,594859.5000,34.325,604934.8750,1999.9000,
	2026/04/30 11:45:06	,	265230	,	2617	,10.424881,1999.9000,0.02488464,-1189.5002,594859.5000,34.327,604941.1875,1999.9000,
	2026/04/30 11:45:06	,	266230	,	2618	,10.424343,1999.9000,0.02488464,-1190.4792,594859.5000,34.329,604945.0000,1999.9000,
	2026/04/30 11:45:06	,	267230	,	2619	,10.423770,1999.9000,0.02488464,-1191.2952,594859.5000,34.327,604947.5000,1999.9000,
	2026/04/30 11:45:06	,	268230	,	2620	,10.423184,1999.9000,0.02472394,-1192.2734,594859.5000,34.332,604949.6250,1999.9000,
	2026/04/30 11:45:06	,	269230	,	2621	,10.422573,1999.9000,0.02462750,-1193.0886,594950.7500,34.336,604938.8750,1999.9000,
	2026/04/30 11:45:06	,	270230	,	2622	,10.421988,1999.9000,0.02456321,-1193.7681,594974.8750,34.339,604815.1250,1999.9000,
	2026/04/30 11:45:06	,	271230	,	2623	,10.421408,1999.9000,0.02463779,-1194.6327,594988.5000,34.336,604786.1250,1999.9000,
	2026/04/30 11:45:06	,	272230	,	2624	,10.420835,1999.9000,0.02472406,-1195.8505,595003.6250,34.333,604701.6250,1999.9000,
	2026/04/30 11:45:06	,	273230	,	2625	,10.420311,1999.9000,0.02486742,-1196.8654,595239.6875,34.329,604670.5000,1999.9000,
	2026/04/30 11:45:06	,	274230	,	2626	,10.419860,1999.9000,0.03021014,-1197.7111,595528.6250,34.326,604655.5000,1999.9000,
	2026/04/30 11:45:06	,	275230	,	2627	,10.419454,1999.9000,0.03421845,-1198.4159,595528.6250,34.326,604648.0625,1999.9000,
	2026/04/30 11:45:06	,	276230	,	2628	,10.419062,1999.9000,0.03421845,-1199.0032,595528.6250,34.323,604643.5000,1999.9000,
	2026/04/30 11:45:06	,	277230	,	2629	,10.418651,1999.9000,0.03421845,-1198.9952,595528.6250,34.321,604640.5000,1999.9000,
	2026/04/30 11:45:06	,	278230	,	2630	,10.418293,1999.9000,0.03421845,-1198.8892,595528.6250,34.316,604638.0000,1999.9000,
	2026/04/30 11:45:06	,	279230	,	2631	,10.417995,1999.9000,0.03421845,-1198.5023,595521.6875,34.312,604647.1875,1999.9000,
	2026/04/30 11:45:06	,	280230	,	2632	,10.417742,1999.9000,0.03042444,-1197.7820,595419.6250,34.310,604749.9375,1999.9000,
	2026/04/30 11:45:06	,	281230	,	2633	,10.417531,1999.9000,0.02617662,-1197.1819,595403.5625,34.308,604773.2500,1999.9000,
	2026/04/30 11:45:06	,	282230	,	2634	,10.417355,1999.9000,0.02202334,-1196.5822,595390.8125,34.309,604855.0625,1999.9000,
	2026/04/30 11:45:06	,	283230	,	2635	,10.417209,1999.9000,0.01677347,-1195.6844,595230.6875,34.309,604889.4375,1999.9000,
	2026/04/30 11:45:06	,	284230	,	2636	,10.417087,1999.9000,0.00889551,-1194.9365,594955.5000,34.307,605002.4375,1999.9000,
	2026/04/30 11:45:06	,	285230	,	2637	,10.416989,1999.9000,0.00240404,-1194.3131,594934.3125,34.306,605002.4375,1999.9000,
	2026/04/30 11:45:06	,	286230	,	2638	,10.417013,1999.9000,-0.00277020,-1193.7937,594927.2500,34.308,605002.4375,1999.9000,
	2026/04/30 11:45:06	,	287230	,	2639	,10.417148,1999.9000,-0.00695498,-1193.3608,594923.7500,34.312,605002.4375,1999.9000,
	2026/04/30 11:45:06	,	288230	,	2640	,10.417407,1999.9000,-0.00787198,-1193.0001,594921.6250,34.319,605002.4375,1999.9000,
	2026/04/30 11:45:06	,	289230	,	2641	,10.417733,1999.9000,-0.01006205,-1192.6996,594920.1875,34.328,604991.8750,1999.9000,
	2026/04/30 11:45:06	,	290230	,	2642	,10.418154,1999.9000,-0.01248216,-1192.4491,594920.1875,34.336,604869.5000,1999.9000,
	2026/04/30 11:45:06	,	291230	,	2643	,10.418663,1999.9000,-0.01325105,-1192.2404,594945.3125,34.342,604838.4375,1999.9000,
	2026/04/30 11:45:06	,	292230	,	2644	,10.419237,1999.9000,-0.01370482,-1192.0664,594945.3125,34.347,604743.8750,1999.9000,
	2026/04/30 11:45:06	,	293230	,	2645	,10.423683,1999.9000,-0.01412393,-1191.9215,594956.0625,34.352,604718.5625,1999.9000,
	2026/04/30 11:45:06	,	294230	,	2646	,10.424354,1999.9000,-0.01446236,-1192.0991,595132.4375,34.356,604693.1875,1999.9000,
	2026/04/30 11:45:06	,	295230	,	2647	,10.425063,1999.9000,-0.01729089,-1192.2471,595424.3750,34.359,604680.5000,1999.9000,
	2026/04/30 11:45:06	,	296230	,	2648	,10.425821,1999.9000,-0.01761546,-1192.0720,595525.6250,34.358,604672.8750,1999.9000,
	2026/04/30 11:45:06	,	297230	,	2649	,10.426598,1999.9000,-0.01796313,-1191.8267,595525.6250,34.358,604667.8125,1999.9000,
	2026/04/30 11:45:06	,	298230	,	2650	,10.431041,1999.9000,-0.02316470,-1191.7217,595525.6250,34.354,604663.6250,1999.9000,
	2026/04/30 11:45:06	,	299230	,	2651	,10.432039,1999.9000,-0.03111831,-1191.6342,595525.6250,34.351,604671.6250,1999.9000,
	2026/04/30 11:45:06	,	300230	,	2652	,10.432967,1999.9000,-0.03895847,-1191.5613,595525.6250,34.348,604778.3750,1999.9000,
	2026/04/30 11:45:06	,	301230	,	2653	,10.433893,1999.9000,-0.04593519,-1191.5005,595432.1250,34.344,604805.5625,1999.9000,
	2026/04/30 11:45:06	,	302230	,	2654	,10.438369,1999.9000,-0.05215565,-1191.4497,595409.1875,34.343,604832.1250,1999.9000,
	2026/04/30 11:45:06	,	303230	,	2655	,10.439248,1999.9000,-0.05888659,-1191.3081,595392.3750,34.341,604945.0625,1999.9000,
	2026/04/30 11:45:06	,	304230	,	2656	,10.440196,1999.9000,-0.06931704,-1191.1899,595288.5625,34.340,605026.5625,1999.9000,
	2026/04/30 11:45:06	,	305230	,	2657	,10.441139,1999.9000,-0.08005629,-1191.0917,595057.9375,34.340,605026.5625,1999.9000,
	2026/04/30 11:45:06	,	306230	,	2658	,10.445578,1999.9000,-0.08900568,-1191.1090,594879.8125,34.339,605026.5625,1999.9000,
	2026/04/30 11:45:06	,	307230	,	2659	,10.446695,1999.9000,-0.09673237,-1191.4220,594879.8125,34.337,605026.5625,1999.9000,
	2026/04/30 11:45:06	,	308230	,	2660	,10.447792,1999.9000,-0.10149068,-1191.7823,594879.8125,34.336,605026.5625,1999.9000,
	2026/04/30 11:45:06	,	309230	,	2661	,10.452012,1999.9000,-0.10365870,-1192.0826,594879.8125,34.331,605017.5000,1999.9000,
	2026/04/30 11:45:06	,	310230	,	2662	,10.452920,1999.9000,-0.10442759,-1192.3329,594879.8125,34.317,604904.0000,1999.9000,
	2026/04/30 11:45:06	,	311230	,	2663	,10.453897,1999.9000,-0.10697375,-1192.7404,594972.7500,34.305,604869.5000,1999.9000,
	2026/04/30 11:45:06	,	312230	,	2664	,10.457940,1999.9000,-0.10917959,-1193.2788,594990.3125,34.295,604769.8750,1999.9000,
	2026/04/30 11:45:06	,	313230	,	2665	,10.458908,1999.9000,-0.10969638,-1193.7275,594999.1875,34.284,604740.0000,1999.9000,
	2026/04/30 11:45:06	,	314230	,	2666	,10.459856,1999.9000,-0.11007243,-1194.1016,595093.6875,34.274,604647.3125,1999.9000,
	2026/04/30 11:45:06	,	315230	,	2667	,10.464046,1999.9000,-0.11043376,-1194.6121,595343.9375,34.267,604647.3125,1999.9000,
	2026/04/30 11:45:06	,	316230	,	2668	,10.465372,1999.9000,-0.11269000,-1195.1371,595585.8750,34.265,604647.3125,1999.9000,
	2026/04/30 11:45:06	,	317230	,	2669	,10.466499,1999.9000,-0.11792728,-1195.5746,595585.8750,34.264,604647.3125,1999.9000,
	2026/04/30 11:45:06	,	318230	,	2670	,10.470809,1999.9000,-0.12740606,-1195.9391,595585.8750,34.264,604647.3125,1999.9000,
	2026/04/30 11:45:06	,	319230	,	2671	,10.471866,1999.9000,-0.14144777,-1196.2429,595585.8750,34.266,604657.1875,1999.9000,
	2026/04/30 11:45:06	,	320230	,	2672	,10.472864,1999.9000,-0.15901251,-1196.4961,595585.8750,34.267,604772.3125,1999.9000,
	2026/04/30 11:45:06	,	321230	,	2673	,10.473817,1999.9000,-0.18088177,-1196.6075,595470.8750,34.268,604806.6875,1999.9000,
	2026/04/30 11:45:06	,	322230	,	2674	,10.478524,1999.9000,-0.20735805,-1196.6010,595438.3750,34.273,604904.0000,1999.9000,
	2026/04/30 11:45:06	,	323230	,	2675	,10.479506,1999.9000,-0.23740780,-1196.5955,595417.2500,34.281,604938.4375,1999.9000,
	2026/04/30 11:45:06	,	324230	,	2676	,10.480549,1999.9000,-0.27329355,-1196.4915,595323.6875,34.289,605058.5625,1999.9000,
	2026/04/30 11:45:06	,	325230	,	2677	,10.484601,1999.9000,-0.31466237,-1194.2162,595130.6250,34.295,605058.5625,1999.9000,
	2026/04/30 11:45:06	,	326230	,	2678	,10.485599,1999.9000,-0.35925171,-1190.9276,594845.8750,34.301,605058.5625,1999.9000,
	2026/04/30 11:45:06	,	327230	,	2679	,10.486636,1999.9000,-0.40744600,-1188.1871,594845.8750,34.305,605058.5625,1999.9000,
	2026/04/30 11:45:06	,	328230	,	2680	,10.487556,1999.9000,-0.45842594,-1185.9034,594845.8750,34.312,605058.5625,1999.9000,
	2026/04/30 11:45:06	,	329230	,	2681	,10.491661,1999.9000,-0.51154876,-1184.0002,594845.8750,34.318,605056.8750,1999.9000,
	2026/04/30 11:45:06	,	330230	,	2682	,10.492599,1999.9000,-0.56933522,-1182.4143,594845.8750,34.323,605044.2500,1999.9000,
	2026/04/30 11:45:06	,	331230	,	2683	,10.493567,1999.9000,-0.63307750,-1181.3912,594852.4375,34.327,604914.8750,1999.9000,
	2026/04/30 11:45:06	,	332230	,	2684	,10.497588,1999.9000,-0.63307750,-1180.5386,594947.1250,34.338,604883.7500,1999.9000,
	2026/04/30 11:45:06	,	333230	,	2685	,10.498452,1999.9000,-0.77843559,-1179.9275,594959.0000,34.347,604857.2500,1999.9000,
	2026/04/30 11:45:06	,	334230	,	2686	,10.499207,1999.9000,-0.85549474,-1180.2141,594974.6875,34.354,604751.7500,1999.9000,
	2026/04/30 11:45:06	,	335230	,	2687	,10.499905,1999.9000,-0.93354976,-1180.9503,595190.8125,34.358,604751.7500,1999.9000,
	2026/04/30 11:45:06	,	336230	,	2688	,10.500562,1999.9000,-1.01498914,-1181.5638,595479.8125,34.356,604751.7500,1999.9000,
	2026/04/30 11:45:06	,	337230	,	2689	,10.504648,1999.9000,-1.09783387,-1182.0751,595479.8125,34.354,604751.7500,1999.9000,
	2026/04/30 11:45:06	,	338230	,	2690	,10.505319,1999.9000,-1.18222904,-1182.5011,595479.8125,34.350,604751.7500,1999.9000,
	2026/04/30 11:45:06	,	339230	,	2691	,10.506000,1999.9000,-1.26857793,-1182.8562,595479.8125,34.346,604754.5625,1999.9000,
	2026/04/30 11:45:06	,	340230	,	2692	,10.506577,1999.9000,-1.35474408,-1183.1520,595479.8125,34.343,604839.3125,1999.9000,
	2026/04/30 11:45:06	,	341230	,	2693	,10.507103,1999.9000,-1.43888724,-1183.2990,595477.3125,34.341,604870.4375,1999.9000,
	2026/04/30 11:45:06	,	342230	,	2694	,10.507607,1999.9000,-1.52004933,-1183.3221,595382.0625,34.337,604972.1875,1999.9000,
	2026/04/30 11:45:06	,	343230	,	2695	,10.508161,1999.9000,-1.52004933,-1183.1423,595364.8125,34.333,605003.6250,1999.9000,
	2026/04/30 11:45:06	,	344230	,	2696	,10.508767,1999.9000,-1.59756839,-1182.9927,595348.3125,34.329,605116.5625,1999.9000,
	2026/04/30 11:45:06	,	345230	,	2697	,10.509407,1999.9000,-1.67348063,-1182.5695,595181.3125,34.326,605202.9375,1999.9000,
	2026/04/30 11:45:06	,	346230	,	2698	,10.513406,1999.9000,-1.74794316,-1182.2168,594911.3750,34.323,605202.9375,1999.9000,
	2026/04/30 11:45:06	,	347230	,	2699	,10.513555,1999.9000,-1.81592703,-1182.2213,594880.0625,34.321,605202.9375,1999.9000,
	2026/04/30 11:45:06	,	348230	,	2700	,10.513714,1999.9000,-1.87692785,-1182.2252,594869.6250,34.323,605202.9375,1999.9000,
	2026/04/30 11:45:06	,	349230	,	2701	,10.513867,1999.9000,-1.93042862,-1182.2283,594864.4375,34.326,605202.9375,1999.9000,
	2026/04/30 11:45:06	,	350230	,	2702	,10.513867,1999.9000,-1.97579312,-1182.3303,594861.3750,34.328,605190.1875,1999.9000,
	2026/04/30 11:45:06	,	351230	,	2703	,10.514025,1999.9000,-2.01508236,-1182.4154,594859.2500,34.331,605022.3750,1999.9000,
	2026/04/30 11:45:06	,	352230	,	2704	,10.514219,1999.9000,-2.05004787,-1183.2821,594869.0000,34.333,604930.5625,1999.9000,
	2026/04/30 11:45:06	,	353230	,	2705	,10.514431,1999.9000,-2.08099866,-1184.4022,594951.8750,34.334,604890.0625,1999.9000,
	2026/04/30 11:45:06	,	354230	,	2706	,10.514607,1999.9000,-2.10804868,-1185.7335,594963.1875,34.335,604778.3750,1999.9000,
	2026/04/30 11:45:06	,	355230	,	2707	,10.514760,1999.9000,-2.12984848,-1187.1414,595088.9375,34.335,604761.1875,1999.9000,
	2026/04/30 11:45:06	,	356230	,	2708	,10.514897,1999.9000,-2.14452052,-1188.4141,595375.5625,34.338,604755.4375,1999.9000,
	2026/04/30 11:45:06	,	357230	,	2709	,10.515011,1999.9000,-2.15625548,-1189.4746,595486.9375,34.341,604752.5000,1999.9000,
	2026/04/30 11:45:06	,	358230	,	2710	,10.515096,1999.9000,-2.16523647,-1190.5575,595486.9375,34.344,604750.7500,1999.9000,
	2026/04/30 11:45:06	,	359230	,	2711	,10.515166,1999.9000,-2.16610312,-1191.4597,595486.9375,34.346,604749.5625,1999.9000,
	2026/04/30 11:45:06	,	360230	,	2712	,10.515225,1999.9000,-2.16639209,-1192.2117,595486.9375,34.347,604761.6875,1999.9000,
	2026/04/30 11:45:06	,	361230	,	2713	,10.515261,1999.9000,-2.16653633,-1192.8383,595486.9375,34.349,604897.9375,1999.9000,
	2026/04/30 11:45:06	,	362230	,	2714	,10.515265,1999.9000,-2.16662312,-1193.3604,595396.9375,34.350,604919.6250,1999.9000,
	2026/04/30 11:45:06	,	363230	,	2715	,10.515167,1999.9000,-2.16668057,-1193.7955,595374.3125,34.352,604919.6250,1999.9000,
	2026/04/30 11:45:06	,	364230	,	2716	,10.515023,1999.9000,-2.15552449,-1194.1582,595362.6250,34.354,604946.6250,1999.9000,
	2026/04/30 11:45:06	,	365230	,	2717	,10.514833,1999.9000,-2.14092183,-1194.5599,595264.6875,34.356,605071.2500,1999.9000,
	2026/04/30 11:45:06	,	366230	,	2718	,10.514486,1999.9000,-2.12560081,-1194.8947,595029.9375,34.356,605093.9375,1999.9000,
	2026/04/30 11:45:06	,	367230	,	2719	,10.514068,1999.9000,-2.10485959,-1195.1736,594850.6250,34.356,605101.4375,1999.9000,
	2026/04/30 11:45:06	,	368230	,	2720	,10.513605,1999.9000,-2.07720494,-1195.4060,594850.6250,34.356,605105.2500,1999.9000,
	2026/04/30 11:45:06	,	369230	,	2721	,10.513085,1999.9000,-2.04328537,-1195.1023,594850.6250,34.350,605107.5000,1999.9000,
	2026/04/30 11:45:06	,	370230	,	2722	,10.512458,1999.9000,-2.00218749,-1194.8492,594850.6250,34.342,605109.0000,1999.9000,
	2026/04/30 11:45:06	,	371230	,	2723	,10.508044,1999.9000,-1.95562553,-1194.5389,594850.6250,34.335,605095.5625,1999.9000,
	2026/04/30 11:45:06	,	372230	,	2724	,10.507433,1999.9000,-1.90600061,-1194.2803,594950.7500,34.329,604947.4375,1999.9000,
	2026/04/30 11:45:06	,	373230	,	2725	,10.506793,1999.9000,-1.85313630,-1194.0646,594971.0000,34.329,604919.6875,1999.9000,
	2026/04/30 11:45:06	,	374230	,	2726	,10.506145,1999.9000,-1.79661655,-1193.7855,594978.7500,34.333,604824.8750,1999.9000,
	2026/04/30 11:45:06	,	375230	,	2727	,10.505481,1999.9000,-1.73552752,-1193.5530,594993.1875,34.337,604793.4375,1999.9000,
	2026/04/30 11:45:06	,	376230	,	2728	,10.500835,1999.9000,-1.66689467,-1193.4587,595279.5625,34.340,604704.0000,1999.9000,
	2026/04/30 11:45:06	,	377230	,	2729	,10.499793,1999.9000,-1.59493411,-1193.7781,595545.3750,34.343,604704.0000,1999.9000,
	2026/04/30 11:45:06	,	378230	,	2730	,10.498850,1999.9000,-1.52240634,-1194.0441,595545.3750,34.345,604704.0000,1999.9000,
	2026/04/30 11:45:06	,	379230	,	2731	,10.497938,1999.9000,-1.44904029,-1194.2659,595545.3750,34.347,604704.0000,1999.9000,
	2026/04/30 11:45:06	,	380230	,	2732	,10.493299,1999.9000,-1.37661958,-1194.7491,595545.3750,34.348,604704.0000,1999.9000,
	2026/04/30 11:45:06	,	381230	,	2733	,10.492375,1999.9000,-1.30532706,-1195.4502,595545.3750,34.346,604712.6250,1999.9000,
	2026/04/30 11:45:06	,	382230	,	2734	,10.491363,1999.9000,-1.23358083,-1196.2333,595436.8750,34.348,604829.0625,1999.9000,
	2026/04/30 11:45:06	,	383230	,	2735	,10.490379,1999.9000,-1.16141224,-1196.8860,595409.5000,34.351,604856.5000,1999.9000,
	2026/04/30 11:45:06	,	384230	,	2736	,10.485673,1999.9000,-1.08919322,-1197.4299,595393.6250,34.348,604939.6250,1999.9000,
	2026/04/30 11:45:06	,	385230	,	2737	,10.484705,1999.9000,-1.01757932,-1197.8832,595376.5625,34.347,604968.3125,1999.9000,
	2026/04/30 11:45:06	,	386230	,	2738	,10.483677,1999.9000,-0.94895905,-1198.2609,595140.7500,34.345,605071.2500,1999.9000,
	2026/04/30 11:45:06	,	387230	,	2739	,10.479536,1999.9000,-0.88064128,-1197.7798,594866.6875,34.345,605071.2500,1999.9000,
	2026/04/30 11:45:06	,	388230	,	2740	,10.478539,1999.9000,-0.81132770,-1195.8868,594866.6875,34.349,605071.2500,1999.9000,
	2026/04/30 11:45:06	,	389230	,	2741	,10.477611,1999.9000,-0.74362755,-1193.1156,594866.6875,34.351,605071.2500,1999.9000,
	2026/04/30 11:45:06	,	390230	,	2742	,10.476624,1999.9000,-0.67692316,-1190.6073,594866.6875,34.355,605071.2500,1999.9000,
	2026/04/30 11:45:06	,	391230	,	2743	,10.471375,1999.9000,-0.61080486,-1188.3182,594866.6875,34.357,605061.6250,1999.9000,
	2026/04/30 11:45:06	,	392230	,	2744	,10.470437,1999.9000,-0.54761720,-1186.4106,594867.6875,34.356,604937.8125,1999.9000,
	2026/04/30 11:45:06	,	393230	,	2745	,10.469508,1999.9000,-0.48884755,-1184.8208,594878.9375,34.356,604902.1875,1999.9000,
	2026/04/30 11:45:06	,	394230	,	2746	,10.465208,1999.9000,-0.43544748,-1183.4961,594890.5625,34.356,604795.8750,1999.9000,
	2026/04/30 11:45:06	,	395230	,	2747	,10.464151,1999.9000,-0.38819224,-1182.5911,594973.9375,34.356,604762.8750,1999.9000,
	2026/04/30 11:45:06	,	396230	,	2748	,10.463134,1999.9000,-0.34403777,-1182.3342,595160.4375,34.355,604663.5625,1999.9000,
	2026/04/30 11:45:06	,	397230	,	2749	,10.459102,1999.9000,-0.30263743,-1182.3192,595450.6250,34.350,604663.5625,1999.9000,
	2026/04/30 11:45:06	,	398230	,	2750	,10.457954,1999.9000,-0.26551640,-1182.3066,595450.8750,34.345,604663.5625,1999.9000,
	2026/04/30 11:45:06	,	399230	,	2751	,10.456937,1999.9000,-0.23112434,-1182.3958,595450.9375,34.341,604663.5625,1999.9000,
	2026/04/30 11:45:06	,	400230	,	2752	,10.452667,1999.9000,-0.19995905,-1182.4698,595451.0000,34.337,604663.5625,1999.9000,
	2026/04/30 11:45:06	,	401230	,	2753	,10.451685,1999.9000,-0.17214036,-1182.5317,595451.0000,34.334,604668.9375,1999.9000,
	2026/04/30 11:45:06	,	402230	,	2754	,10.450781,1999.9000,-0.14414519,-1182.5833,595451.0000,34.334,604759.0000,1999.9000,
	2026/04/30 11:45:06	,	403230	,	2755	,10.449794,1999.9000,-0.11355343,-1182.5267,595366.5625,34.331,604788.8750,1999.9000,
	2026/04/30 11:45:06	,	404230	,	2756	,10.445071,1999.9000,-0.08124115,-1180.8879,595353.1875,34.335,604880.3750,1999.9000,
	2026/04/30 11:45:06	,	405230	,	2757	,10.444058,1999.9000,-0.05067458,-1179.5225,595343.5000,34.339,604908.8125,1999.9000,
	2026/04/30 11:45:06	,	406230	,	2758	,10.443115,1999.9000,-0.02886835,-1178.3844,595199.7500,34.345,605005.4375,1999.9000,
	2026/04/30 11:45:06	,	407230	,	2759	,10.442235,1999.9000,-0.01760601,-1177.4360,594933.3750,34.350,605005.4375,1999.9000,
	2026/04/30 11:45:06	,	408230	,	2760	,10.437743,1999.9000,-0.01030785,-1176.6459,594893.5000,34.354,605005.4375,1999.9000,
	2026/04/30 11:45:06	,	409230	,	2761	,10.436805,1999.9000,-0.00483109,-1176.9821,594880.1875,34.357,605005.4375,1999.9000,
	2026/04/30 11:45:06	,	410230	,	2762	,10.436036,1999.9000,0.00047553,-1177.4612,594873.5625,34.357,605005.4375,1999.9000,
	2026/04/30 11:45:06	,	411230	,	2763	,10.435324,1999.9000,0.00767914,-1178.0593,594869.5625,34.358,605001.5625,1999.9000,
	2026/04/30 11:45:06	,	412230	,	2764	,10.434587,1999.9000,0.01514118,-1179.7515,594866.8750,34.355,604917.8750,1999.9000,
	2026/04/30 11:45:06	,	413230	,	2765	,10.430148,1999.9000,0.02151915,-1181.8580,594878.1875,34.349,604883.1250,1999.9000,
	2026/04/30 11:45:06	,	414230	,	2766	,10.429433,1999.9000,0.02720391,-1184.0112,594975.7500,34.347,604777.1250,1999.9000,
	2026/04/30 11:45:06	,	415230	,	2767	,10.428836,1999.9000,0.03196222,-1185.9052,594983.5000,34.345,604743.8750,1999.9000,
	2026/04/30 11:45:06	,	416230	,	2768	,10.428181,1999.9000,0.03734443,-1187.5829,595103.8125,34.344,604643.0000,1999.9000,
	2026/04/30 11:45:06	,	417230	,	2769	,10.427579,1999.9000,0.04477495,-1189.0806,595379.6875,34.343,604632.4375,1999.9000,
	2026/04/30 11:45:06	,	418230	,	2770	,10.427034,1999.9000,0.04988619,-1190.5273,595528.0625,34.342,604628.9375,1999.9000,
	2026/04/30 11:45:06	,	419230	,	2771	,10.426406,1999.9000,0.04988619,-1191.9320,595528.0625,34.341,604627.1875,1999.9000,
	2026/04/30 11:45:06	,	420230	,	2772	,10.422373,1999.9000,0.04988619,-1193.1025,595528.0625,34.340,604626.1250,1999.9000,
	2026/04/30 11:45:06	,	421230	,	2773	,10.421866,1999.9000,0.04988619,-1194.0780,595528.0625,34.340,604625.3750,1999.9000,
	2026/04/30 11:45:06	,	422230	,	2774	,10.421478,1999.9000,0.04988619,-1194.8909,595528.0625,34.343,604637.0625,1999.9000,
	2026/04/30 11:45:06	,	423230	,	2775	,10.421144,1999.9000,0.04761104,-1195.5684,595429.7500,34.343,604757.1875,1999.9000,
	2026/04/30 11:45:06	,	424230	,	2776	,10.420782,1999.9000,0.04400604,-1196.3318,595409.7500,34.345,604786.7500,1999.9000,
	2026/04/30 11:45:06	,	425230	,	2777	,10.420407,1999.9000,0.03998514,-1196.6697,595394.9375,34.346,604876.7500,1999.9000,
	2026/04/30 11:45:06	,	426230	,	2778	,10.420025,1999.9000,0.03416803,-1196.8517,595289.6875,34.335,604903.3750,1999.9000,
	2026/04/30 11:45:06	,	427230	,	2779	,10.419637,1999.9000,0.02458213,-1197.0034,595065.1250,34.326,604926.9375,1999.9000,
	2026/04/30 11:45:06	,	428230	,	2780	,10.419229,1999.9000,0.01638903,-1197.1298,594858.3750,34.325,604938.6875,1999.9000,
	2026/04/30 11:45:06	,	429230	,	2781	,10.418834,1999.9000,0.01263281,-1197.2351,594858.3750,34.324,604945.6875,1999.9000,
	2026/04/30 11:45:06	,	430230	,	2782	,10.418481,1999.9000,0.01263281,-1197.2234,594858.3750,34.320,604950.4375,1999.9000,
	2026/04/30 11:45:06	,	431230	,	2783	,10.418181,1999.9000,0.01263281,-1197.0148,594858.3750,34.315,604954.3750,1999.9000,
	2026/04/30 11:45:06	,	432230	,	2784	,10.417921,1999.9000,0.01263281,-1196.5424,594858.3750,34.311,604945.8750,1999.9000,
	2026/04/30 11:45:06	,	433230	,	2785	,10.417705,1999.9000,0.01263281,-1196.1488,594960.8750,34.308,604828.4375,1999.9000,
	2026/04/30 11:45:06	,	434230	,	2786	,10.417524,1999.9000,0.01282925,-1195.8208,594982.5625,34.307,604795.8750,1999.9000,
	2026/04/30 11:45:06	,	435230	,	2787	,10.417374,1999.9000,0.01303911,-1195.8458,594995.1875,34.306,604697.3750,1999.9000,
	2026/04/30 11:45:06	,	436230	,	2788	,10.417253,1999.9000,0.01334009,-1195.3694,595075.8125,34.308,604670.8750,1999.9000,
	2026/04/30 11:45:06	,	437230	,	2789	,10.417153,1999.9000,0.01952764,-1194.7733,595319.5625,34.307,604657.7500,1999.9000,
	2026/04/30 11:45:06	,	438230	,	2790	,10.417080,1999.9000,0.02025553,-1194.2766,595568.0000,34.306,604651.1875,1999.9000,
	2026/04/30 11:45:06	,	439230	,	2791	,10.417025,1999.9000,0.02049818,-1193.8628,595568.0000,34.303,604647.2500,1999.9000,
	2026/04/30 11:45:06	,	440230	,	2792	,10.417027,1999.9000,0.02061951,-1193.4183,595568.0000,34.301,604644.6250,1999.9000,
	2026/04/30 11:45:06	,	441230	,	2793	,10.417094,1999.9000,0.02069232,-1192.9485,595568.0000,34.300,604642.5000,1999.9000,
	2026/04/30 11:45:06	,	442230	,	2794	,10.417245,1999.9000,0.02074084,-1192.5570,595568.0000,34.298,604651.0000,1999.9000,
	2026/04/30 11:45:06	,	443230	,	2795	,10.417499,1999.9000,0.01408867,-1192.1313,595448.1875,34.297,604762.6250,1999.9000,
	2026/04/30 11:45:06	,	444230	,	2796	,10.417890,1999.9000,0.00650061,-1191.7766,595420.1875,34.305,604795.2500,1999.9000,
	2026/04/30 11:45:06	,	445230	,	2797	,10.418413,1999.9000,-0.00085428,-1191.4810,595408.5000,34.314,604885.2500,1999.9000,
	2026/04/30 11:45:06	,	446230	,	2798	,10.419024,1999.9000,-0.00801378,-1191.2346,595398.0625,34.321,604916.6250,1999.9000,
	2026/04/30 11:45:06	,	447230	,	2799	,10.423326,1999.9000,-0.01804088,-1191.0293,595183.6875,34.327,605024.1250,1999.9000,
	2026/04/30 11:45:06	,	448230	,	2800	,10.424101,1999.9000,-0.02788518,-1190.8583,594903.0000,34.331,605024.1250,1999.9000,
	2026/04/30 11:45:06	,	449230	,	2801	,10.424716,1999.9000,-0.03522746,-1191.0142,594903.0000,34.335,605024.1250,1999.9000,
	2026/04/30 11:45:06	,	450230	,	2802	,10.425307,1999.9000,-0.04123364,-1191.1440,594903.0000,34.336,605024.1250,1999.9000,
	2026/04/30 11:45:06	,	451230	,	2803	,10.425959,1999.9000,-0.04516632,-1191.2523,594903.0000,34.328,605024.1250,1999.9000,
	2026/04/30 11:45:06	,	452230	,	2804	,10.430237,1999.9000,-0.04749818,-1191.3425,594903.0000,34.322,605012.0625,1999.9000,
	2026/04/30 11:45:06	,	453230	,	2805	,10.431205,1999.9000,-0.05009476,-1191.4177,594912.1875,34.317,604879.8125,1999.9000,
	2026/04/30 11:45:06	,	454230	,	2806	,10.432084,1999.9000,-0.05310732,-1191.4803,595010.8750,34.313,604852.5625,1999.9000,
	2026/04/30 11:45:06	,	455230	,	2807	,10.433022,1999.9000,-0.05389511,-1191.6318,595016.8750,34.309,604766.2500,1999.9000,
	2026/04/30 11:45:06	,	456230	,	2808	,10.437416,1999.9000,-0.05427115,-1191.8578,595024.3750,34.312,604732.6875,1999.9000,
	2026/04/30 11:45:06	,	457230	,	2809	,10.438369,1999.9000,-0.05468763,-1191.9465,595214.0625,34.317,604643.6250,1999.9000,
	2026/04/30 11:45:06	,	458230	,	2810	,10.439342,1999.9000,-0.05693286,-1192.0205,595514.3750,34.326,604643.6250,1999.9000,
	2026/04/30 11:45:06	,	459230	,	2811	,10.443493,1999.9000,-0.05725741,-1192.0822,595514.3750,34.336,604643.6250,1999.9000,
	2026/04/30 11:45:06	,	460230	,	2812	,10.444431,1999.9000,-0.05756517,-1192.2330,595514.3750,34.344,604643.6250,1999.9000,
	2026/04/30 11:45:06	,	461230	,	2813	,10.445299,1999.9000,-0.06293903,-1192.6571,595514.3750,34.350,604643.6250,1999.9000,
	2026/04/30 11:45:06	,	462230	,	2814	,10.446218,1999.9000,-0.07110692,-1193.0106,595514.3750,34.356,604652.0000,1999.9000,
	2026/04/30 11:45:06	,	463230	,	2815	,10.451029,1999.9000,-0.07977899,-1193.0067,595514.3750,34.360,604761.4375,1999.9000,
	2026/04/30 11:45:06	,	464230	,	2816	,10.452027,1999.9000,-0.08748679,-1193.0034,595429.1250,34.364,604790.1250,1999.9000,
	2026/04/30 11:45:06	,	465230	,	2817	,10.452985,1999.9000,-0.09426815,-1193.1001,595406.5000,34.367,604879.2500,1999.9000,
	2026/04/30 11:45:06	,	466230	,	2818	,10.453940,1999.9000,-0.10045080,-1193.3796,595391.7500,34.370,604911.5000,1999.9000,
	2026/04/30 11:45:06	,	467230	,	2819	,10.459042,1999.9000,-0.10910396,-1193.8115,595253.9375,34.372,605017.5000,1999.9000,
	2026/04/30 11:45:06	,	468230	,	2820	,10.460130,1999.9000,-0.11985581,-1193.9727,594996.6250,34.371,605017.5000,1999.9000,
	2026/04/30 11:45:06	,	469230	,	2821	,10.460130,1999.9000,-0.12919594,-1194.0073,594906.6250,34.370,605017.5000,1999.9000,
	2026/04/30 11:45:06	,	470230	,	2822	,10.465685,1999.9000,-0.13786173,-1194.0363,594906.6250,34.369,605017.5000,1999.9000,
	2026/04/30 11:45:06	,	471230	,	2823	,10.466772,1999.9000,-0.14560105,-1194.0603,594906.6250,34.368,605017.5000,1999.9000,
	2026/04/30 11:45:06	,	472230	,	2824	,10.467909,1999.9000,-0.15212400,-1194.4784,594906.6250,34.368,605016.8750,1999.9000,
	2026/04/30 11:45:06	,	473230	,	2825	,10.472507,1999.9000,-0.15992005,-1194.8267,594906.6250,34.367,604926.3125,1999.9000,
	2026/04/30 11:45:06	,	474230	,	2826	,10.473341,1999.9000,-0.17065300,-1195.1169,594991.2500,34.368,604895.5000,1999.9000,
	2026/04/30 11:45:06	,	475230	,	2827	,10.474244,1999.9000,-0.18570937,-1194.9609,595009.1250,34.369,604804.3125,1999.9000,
	2026/04/30 11:45:06	,	476230	,	2828	,10.475158,1999.9000,-0.20597783,-1194.9609,595019.0000,34.370,604779.2500,1999.9000,
	2026/04/30 11:45:06	,	477230	,	2829	,10.479983,1999.9000,-0.22816852,-1194.4330,595127.6875,34.372,604755.4375,1999.9000,
	2026/04/30 11:45:06	,	478230	,	2830	,10.480891,1999.9000,-0.25112179,-1193.7942,595394.0000,34.374,604743.5000,1999.9000,
	2026/04/30 11:45:06	,	479230	,	2831	,10.481879,1999.9000,-0.27979130,-1191.6700,595501.2500,34.376,604736.3125,1999.9000,
	2026/04/30 11:45:06	,	480230	,	2832	,10.482850,1999.9000,-0.31485772,-1189.7012,595501.2500,34.377,604731.5625,1999.9000,
	2026/04/30 11:45:06	,	481230	,	2833	,10.487788,1999.9000,-0.35720971,-1187.8616,595501.2500,34.376,604727.5625,1999.9000,
	2026/04/30 11:45:06	,	482230	,	2834	,10.488816,1999.9000,-0.40753427,-1186.2289,595501.2500,34.376,604728.3750,1999.9000,
	2026/04/30 11:45:06	,	483230	,	2835	,10.489794,1999.9000,-0.46421784,-1184.8684,595501.2500,34.374,604741.0625,1999.9000,
	2026/04/30 11:45:06	,	484230	,	2836	,10.490729,1999.9000,-0.52599376,-1183.8342,595392.1875,34.371,604862.8750,1999.9000,
	2026/04/30 11:45:06	,	485230	,	2837	,10.495265,1999.9000,-0.59301960,-1182.9724,595367.8125,34.367,604895.5000,1999.9000,
	2026/04/30 11:45:06	,	486230	,	2838	,10.496115,1999.9000,-0.66525114,-1182.2542,595356.8750,34.360,604998.8125,1999.9000,
	2026/04/30 11:45:06	,	487230	,	2839	,10.496883,1999.9000,-0.74406236,-1181.8546,595267.6875,34.355,605035.3125,1999.9000,
	2026/04/30 11:45:06	,	488230	,	2840	,10.497619,1999.9000,-0.83026004,-1181.8201,595038.8750,34.351,605059.7500,1999.9000,
	2026/04/30 11:45:06	,	489230	,	2841	,10.498375,1999.9000,-0.91786307,-1181.8907,594817.8750,34.347,605072.0000,1999.9000,
	2026/04/30 11:45:06	,	490230	,	2842	,10.502683,1999.9000,-1.00549781,-1182.1486,594817.8750,34.344,605079.3750,1999.9000,
	2026/04/30 11:45:06	,	491230	,	2843	,10.503219,1999.9000,-1.09258401,-1182.7612,594817.8750,34.341,605084.2500,1999.9000,
	2026/04/30 11:45:06	,	492230	,	2844	,10.503785,1999.9000,-1.17747700,-1183.2719,594817.8750,34.339,605088.3125,1999.9000,
	2026/04/30 11:45:06	,	493230	,	2845	,10.504440,1999.9000,-1.26118529,-1183.6975,594817.8750,34.342,605081.8750,1999.9000,
	2026/04/30 11:45:06	,	494230	,	2846	,10.505113,1999.9000,-1.34462249,-1184.0520,594915.5000,34.344,604990.9375,1999.9000,
	2026/04/30 11:45:06	,	495230	,	2847	,10.505726,1999.9000,-1.42683065,-1184.3475,594935.2500,34.346,604965.5625,1999.9000,
	2026/04/30 11:45:06	,	496230	,	2848	,10.506379,1999.9000,-1.50659990,-1184.3948,594942.1875,34.348,604940.8125,1999.9000,
	2026/04/30 11:45:06	,	497230	,	2849	,10.510785,1999.9000,-1.58172429,-1183.9369,594957.4375,34.349,604840.5625,1999.9000,
	2026/04/30 11:45:06	,	498230	,	2850	,10.511142,1999.9000,-1.64926064,-1183.5553,595241.4375,34.349,604821.8125,1999.9000,
	2026/04/30 11:45:06	,	499230	,	2851	,10.511499,1999.9000,-1.71347558,-1183.2372,595522.1250,34.344,604815.5625,1999.9000,
	2026/04/30 11:45:06	,	500230	,	2852	,10.511864,1999.9000,-1.77525139,-1182.9722,595522.1250,34.339,604812.5000,1999.9000,
	2026/04/30 11:45:06	,	501230	,	2853	,10.512149,1999.9000,-1.83359885,-1182.7513,595522.1250,34.336,604810.6250,1999.9000,
	2026/04/30 11:45:06	,	502230	,	2854	,10.512423,1999.9000,-1.88934982,-1182.5673,595522.1250,34.330,604809.3750,1999.9000,
	2026/04/30 11:45:06	,	503230	,	2855	,10.512731,1999.9000,-1.94150829,-1182.5133,595522.1250,34.328,604816.8125,1999.9000,
	2026/04/30 11:45:06	,	504230	,	2856	,10.513105,1999.9000,-1.98861217,-1182.5679,595401.1250,34.328,604902.7500,1999.9000,
	2026/04/30 11:45:06	,	505230	,	2857	,10.513434,1999.9000,-2.02994323,-1182.7128,595377.3125,34.328,604928.6875,1999.9000,
	2026/04/30 11:45:06	,	506230	,	2858	,10.513713,1999.9000,-2.06560850,-1183.1320,595363.4375,34.327,605011.4375,1999.9000,
	2026/04/30 11:45:06	,	507230	,	2859	,10.513955,1999.9000,-2.09703827,-1183.4814,595348.6875,34.327,605039.5625,1999.9000,
	2026/04/30 11:45:06	,	508230	,	2860	,10.514181,1999.9000,-2.12763643,-1184.4689,595137.8125,34.327,605128.6875,1999.9000,
	2026/04/30 11:45:06	,	509230	,	2861	,10.514380,1999.9000,-2.12763643,-1186.2865,595137.8125,34.329,605128.6875,1999.9000,
	2026/04/30 11:45:06	,	510230	,	2862	,10.514565,1999.9000,-2.17476559,-1187.9005,594861.3750,34.332,605128.6875,1999.9000,
	2026/04/30 11:45:06	,	511230	,	2863	,10.514719,1999.9000,-2.19002366,-1189.3451,594861.3750,34.336,605128.6875,1999.9000,
	2026/04/30 11:45:06	,	512230	,	2864	,10.514847,1999.9000,-2.19002366,-1190.5490,594861.3750,34.339,605128.6875,1999.9000,
	2026/04/30 11:45:06	,	513230	,	2865	,10.514930,1999.9000,-2.19002342,-1191.5521,594861.3750,34.340,605118.6875,1999.9000,
	2026/04/30 11:45:06	,	514230	,	2866	,10.514999,1999.9000,-2.19002366,-1192.7861,594865.8125,34.343,605003.0000,1999.9000,
	2026/04/30 11:45:06	,	515230	,	2867	,10.515057,1999.9000,-2.19002366,-1193.9137,594947.1250,34.345,604963.7500,1999.9000,
	2026/04/30 11:45:06	,	516230	,	2868	,10.515038,1999.9000,-2.18051958,-1194.9530,594956.6875,34.347,604849.6250,1999.9000,
	2026/04/30 11:45:06	,	517230	,	2869	,10.514871,1999.9000,-2.16716504,-1195.7196,594968.2500,34.345,604817.3125,1999.9000,
	2026/04/30 11:45:06	,	518230	,	2870	,10.514642,1999.9000,-2.14712334,-1195.8610,595155.0625,34.342,604817.3125,1999.9000,
	2026/04/30 11:45:06	,	519230	,	2871	,10.514401,1999.9000,-2.12285280,-1195.9789,595441.6250,34.337,604721.5625,1999.9000,
	2026/04/30 11:45:06	,	520230	,	2872	,10.514071,1999.9000,-2.09643960,-1196.0770,595452.0625,34.332,604721.5625,1999.9000,
	2026/04/30 11:45:06	,	521230	,	2873	,10.513672,1999.9000,-2.06658530,-1196.1589,595455.5625,34.332,604721.5625,1999.9000,
	2026/04/30 11:45:06	,	522230	,	2874	,10.513236,1999.9000,-2.03386950,-1196.2272,595457.2500,34.333,604721.5625,1999.9000,
	2026/04/30 11:45:06	,	523230	,	2875	,10.512704,1999.9000,-1.99800277,-1196.2839,595458.3125,34.333,604731.8125,1999.9000,
	2026/04/30 11:45:06	,	524230	,	2876	,10.512047,1999.9000,-1.99800277,-1196.3313,595459.0000,34.334,604731.8125,1999.9000,
	2026/04/30 11:45:06	,	525230	,	2877	,10.507419,1999.9000,-1.95747840,-1196.3708,595445.9375,34.335,604849.6250,1999.9000,
	2026/04/30 11:45:06	,	526230	,	2878	,10.506689,1999.9000,-1.91216433,-1196.3042,595356.4375,34.337,604876.4375,1999.9000,
	2026/04/30 11:45:06	,	527230	,	2879	,10.505959,1999.9000,-1.86267805,-1196.6466,595351.6875,34.338,604958.3125,1999.9000,
	2026/04/30 11:45:06	,	528230	,	2880	,10.505260,1999.9000,-1.80955529,-1196.9319,595231.9375,34.341,604985.5625,1999.9000,
	2026/04/30 11:45:06	,	529230	,	2881	,10.504498,1999.9000,-1.75582755,-1196.7719,594968.6250,34.342,605082.1875,1999.9000,
	2026/04/30 11:45:06	,	530230	,	2882	,10.499495,1999.9000,-1.69990647,-1197.0363,594860.7500,34.342,605082.1875,1999.9000,
	2026/04/30 11:45:06	,	531230	,	2883	,10.498615,1999.9000,-1.63846469,-1197.3561,594860.7500,34.343,605082.1875,1999.9000,
	2026/04/30 11:45:06	,	532230	,	2884	,10.497807,1999.9000,-1.57269931,-1197.6227,594860.7500,34.343,605082.1875,1999.9000,
	2026/04/30 11:45:06	,	533230	,	2885	,10.496902,1999.9000,-1.50206220,-1197.9442,594860.7500,34.344,605082.1875,1999.9000,
	2026/04/30 11:45:06	,	534230	,	2886	,10.492138,1999.9000,-1.42675507,-1198.0133,594860.7500,34.344,605074.1875,1999.9000,
	2026/04/30 11:45:06	,	535230	,	2887	,10.491303,1999.9000,-1.34966445,-1198.2699,594946.0000,34.345,604952.2500,1999.9000,
	2026/04/30 11:45:06	,	536230	,	2888	,10.490449,1999.9000,-1.27257359,-1198.4836,594962.6250,34.345,604916.9375,1999.9000,
	2026/04/30 11:45:06	,	537230	,	2889	,10.489500,1999.9000,-1.19580436,-1198.6617,594974.1250,34.345,604815.1250,1999.9000,
	2026/04/30 11:45:06	,	538230	,	2890	,10.484422,1999.9000,-1.11955822,-1198.8103,595097.2500,34.345,604781.0625,1999.9000,
	2026/04/30 11:45:06	,	539230	,	2891	,10.483395,1999.9000,-1.04127002,-1198.8345,595366.5625,34.346,604690.7500,1999.9000,
	2026/04/30 11:45:06	,	540230	,	2892	,10.482396,1999.9000,-0.96129912,-1198.7551,595504.2500,34.344,604690.7500,1999.9000,
	2026/04/30 11:45:06	,	541230	,	2893	,10.481436,1999.9000,-0.88309294,-1198.6890,595504.2500,34.343,604690.7500,1999.9000,
	2026/04/30 11:45:06	,	542230	,	2894	,10.476707,1999.9000,-0.80613452,-1197.7386,595504.2500,34.342,604690.7500,1999.9000,
	2026/04/30 11:45:06	,	543230	,	2895	,10.475650,1999.9000,-0.73290092,-1195.9521,595504.2500,34.341,604690.7500,1999.9000,
	2026/04/30 11:45:06	,	544230	,	2896	,10.474493,1999.9000,-0.66595697,-1193.9658,595504.2500,34.341,604696.8125,1999.9000,
	2026/04/30 11:45:06	,	545230	,	2897	,10.474493,1999.9000,-0.60396051,-1191.7137,595391.6250,34.340,604791.0625,1999.9000,
	2026/04/30 11:45:06	,	546230	,	2898	,10.470004,1999.9000,-0.54555631,-1189.8370,595366.8750,34.340,604819.1250,1999.9000,
	2026/04/30 11:45:06	,	547230	,	2899	,10.468872,1999.9000,-0.49056178,-1188.1737,595351.5000,34.341,604908.8125,1999.9000,
	2026/04/30 11:45:06	,	548230	,	2900	,10.467740,1999.9000,-0.44007340,-1186.7875,595254.5625,34.343,604936.8750,1999.9000,
	2026/04/30 11:45:06	,	549230	,	2901	,10.463659,1999.9000,-0.39747563,-1185.3339,595031.7500,34.345,605035.0000,1999.9000,
	2026/04/30 11:45:06	,	550230	,	2902	,10.462736,1999.9000,-0.36387765,-1184.1227,594814.8750,34.345,605035.0000,1999.9000,
	2026/04/30 11:45:06	,	551230	,	2903	,10.461722,1999.9000,-0.33356950,-1183.1133,594814.8750,34.346,605035.0000,1999.9000,
	2026/04/30 11:45:06	,	552230	,	2904	,10.457463,1999.9000,-0.30459747,-1182.6155,594814.8750,34.346,605035.0000,1999.9000,
	2026/04/30 11:45:06	,	553230	,	2905	,10.456526,1999.9000,-0.27478090,-1182.6155,594814.8750,34.346,605035.0000,1999.9000,
	2026/04/30 11:45:06	,	554230	,	2906	,10.455468,1999.9000,-0.24233626,-1183.1504,594814.8750,34.346,605030.3750,1999.9000,
	2026/04/30 11:45:06	,	555230	,	2907	,10.451446,1999.9000,-0.20911643,-1183.5961,594906.6250,34.346,604925.6875,1999.9000,
	2026/04/30 11:45:06	,	556230	,	2908	,10.450582,1999.9000,-0.17578945,-1183.9675,594933.1875,34.346,604891.3125,1999.9000,
	2026/04/30 11:45:06	,	557230	,	2909	,10.449718,1999.9000,-0.14084274,-1184.2771,594945.8125,34.340,604782.5625,1999.9000,
	2026/04/30 11:45:06	,	558230	,	2910	,10.448817,1999.9000,-0.10418180,-1184.5350,594960.4375,34.335,604749.0625,1999.9000,
	2026/04/30 11:45:06	,	559230	,	2911	,10.444207,1999.9000,-0.06683388,-1184.0537,595229.5625,34.331,604658.1250,1999.9000,
	2026/04/30 11:45:06	,	560230	,	2912	,10.443328,1999.9000,-0.03171073,-1183.5530,595520.3125,34.327,604653.3125,1999.9000,
	2026/04/30 11:45:06	,	561230	,	2913	,10.442330,1999.9000,-0.00640037,-1183.1360,595520.3125,34.323,604651.6875,1999.9000,
	2026/04/30 11:45:06	,	562230	,	2914	,10.441340,1999.9000,0.01065389,-1182.5894,595520.3125,34.321,604650.8750,1999.9000,
	2026/04/30 11:45:06	,	563230	,	2915	,10.436344,1999.9000,0.02206746,-1182.1339,595520.3125,34.323,604650.4375,1999.9000,
	2026/04/30 11:45:06	,	564230	,	2916	,10.435420,1999.9000,0.02818708,-1181.7544,595520.3125,34.324,604650.0625,1999.9000,
	2026/04/30 11:45:06	,	565230	,	2917	,10.434686,1999.9000,0.03080888,-1181.6371,595430.9375,34.326,604661.0625,1999.9000,
	2026/04/30 11:45:06	,	566230	,	2918	,10.434020,1999.9000,0.03117129,-1181.5393,595400.2500,34.328,604778.3750,1999.9000,
	2026/04/30 11:45:06	,	567230	,	2919	,10.433341,1999.9000,0.03129209,-1181.6567,595381.8750,34.330,604810.6250,1999.9000,
	2026/04/30 11:45:06	,	568230	,	2920	,10.432685,1999.9000,0.03135248,-1182.8488,595365.1250,34.331,604910.5625,1999.9000,
	2026/04/30 11:45:06	,	569230	,	2921	,10.428360,1999.9000,0.03138873,-1183.9417,595159.8125,34.330,604935.0625,1999.9000,
	2026/04/30 11:45:06	,	570230	,	2922	,10.427720,1999.9000,0.03141290,-1184.9519,594887.0000,34.332,604952.0625,1999.9000,
	2026/04/30 11:45:06	,	571230	,	2923	,10.427189,1999.9000,0.02714720,-1185.7938,594887.0000,34.333,604960.5625,1999.9000,
	2026/04/30 11:45:06	,	572230	,	2924	,10.426662,1999.9000,0.02714720,-1186.5947,594887.0000,34.336,604965.6250,1999.9000,
	2026/04/30 11:45:06	,	573230	,	2925	,10.426049,1999.9000,0.02714720,-1187.8591,594887.0000,34.341,604969.0625,1999.9000,
	2026/04/30 11:45:06	,	574230	,	2926	,10.425477,1999.9000,0.02714720,-1189.1117,594887.0000,34.344,604971.8750,1999.9000,
	2026/04/30 11:45:06	,	575230	,	2927	,10.424866,1999.9000,0.02714720,-1190.6528,594889.2500,34.339,604962.0000,1999.9000,
	2026/04/30 11:45:06	,	576230	,	2928	,10.424276,1999.9000,0.03042444,-1192.1361,594969.7500,34.336,604849.6250,1999.9000,
	2026/04/30 11:45:06	,	577230	,	2929	,10.423671,1999.9000,0.03142967,-1193.3722,594985.8750,34.333,604820.0625,1999.9000,
	2026/04/30 11:45:06	,	578230	,	2930	,10.423008,1999.9000,0.03204205,-1194.2032,594996.8125,34.325,604728.1875,1999.9000,
	2026/04/30 11:45:06	,	579230	,	2931	,10.418947,1999.9000,0.03245221,-1194.5974,595168.1875,34.318,604695.6250,1999.9000,
	2026/04/30 11:45:06	,	580230	,	2932	,10.418694,1999.9000,0.03690958,-1195.2241,595471.4375,34.310,604614.0000,1999.9000,
	2026/04/30 11:45:06	,	581230	,	2933	,10.418480,1999.9000,0.03782027,-1195.7466,595481.5625,34.304,604614.0000,1999.9000,
	2026/04/30 11:45:06	,	582230	,	2934	,10.418269,1999.9000,0.03812383,-1195.8834,595485.0000,34.299,604614.0000,1999.9000,
	2026/04/30 11:45:06	,	583230	,	2935	,10.418017,1999.9000,0.03827561,-1195.9976,595486.6250,34.294,604614.0000,1999.9000,
	2026/04/30 11:45:06	,	584230	,	2936	,10.417825,1999.9000,0.03836669,-1196.0927,595487.6250,34.291,604614.0000,1999.9000,
	2026/04/30 11:45:06	,	585230	,	2937	,10.417664,1999.9000,0.03842739,-1196.1720,595488.3125,34.291,604623.8125,1999.9000,
	2026/04/30 11:45:06	,	586230	,	2938	,10.417529,1999.9000,0.03563648,-1196.3374,595406.5000,34.291,604738.4375,1999.9000,
	2026/04/30 11:45:06	,	587230	,	2939	,10.417403,1999.9000,0.03210714,-1196.4755,595389.1875,34.303,604771.6875,1999.9000,
	2026/04/30 11:45:06	,	588230	,	2940	,10.417284,1999.9000,0.02782786,-1196.5903,595381.3125,34.314,604868.3750,1999.9000,
	2026/04/30 11:45:06	,	589230	,	2941	,10.417184,1999.9000,0.02286788,-1196.4871,595272.4375,34.322,604900.0625,1999.9000,
	2026/04/30 11:45:06	,	590230	,	2942	,10.417106,1999.9000,0.01432185,-1196.3016,595025.7500,34.329,604996.3750,1999.9000,
	2026/04/30 11:45:06	,	591230	,	2943	,10.417049,1999.9000,0.00529684,-1195.4507,594888.1250,34.335,604996.3750,1999.9000,
	2026/04/30 11:45:06	,	592230	,	2944	,10.417003,1999.9000,-0.00082907,-1194.7417,594888.1250,34.340,604996.3750,1999.9000,
	2026/04/30 11:45:06	,	593230	,	2945	,10.416985,1999.9000,-0.00168305,-1194.1508,594888.1250,34.344,604996.3750,1999.9000,
	2026/04/30 11:45:06	,	594230	,	2946	,10.416989,1999.9000,-0.00227233,-1193.6584,594888.1250,34.340,604996.3750,1999.9000,
	2026/04/30 11:45:06	,	595230	,	2947	,10.417068,1999.9000,-0.00258587,-1193.2482,594888.1250,34.335,604984.8125,1999.9000,
	2026/04/30 11:45:06	,	596230	,	2948	,10.417233,1999.9000,-0.00298703,-1192.9063,594976.8750,34.328,604845.9375,1999.9000,
	2026/04/30 11:45:06	,	597230	,	2949	,10.417494,1999.9000,-0.00331644,-1192.9198,594997.4375,34.322,604820.6250,1999.9000,
	2026/04/30 11:45:06	,	598230	,	2950	,10.417855,1999.9000,-0.00359092,-1193.0304,595005.0625,34.321,604737.3125,1999.9000,
	2026/04/30 11:45:06	,	599230	,	2951	,10.418324,1999.9000,-0.00373668,-1193.2222,595102.6250,34.321,604707.1250,1999.9000,
	2026/04/30 11:45:06	,	600230	,	2952	,10.418871,1999.9000,-0.00394116,-1193.6803,595366.5625,34.320,604685.5000,1999.9000,
	2026/04/30 11:45:06	,	601230	,	2953	,10.419499,1999.9000,-0.00422812,-1194.2611,595530.4375,34.320,604674.7500,1999.9000,
	2026/04/30 11:45:06	,	602230	,	2954	,10.423802,1999.9000,-0.00731421,-1194.7450,595530.4375,34.322,604668.2500,1999.9000,
	2026/04/30 11:45:06	,	603230	,	2955	,10.424547,1999.9000,-0.00747492,-1195.1484,595530.4375,34.323,604663.9375,1999.9000,
	2026/04/30 11:45:06	,	604230	,	2956	,10.425352,1999.9000,-0.00752851,-1195.3850,595530.4375,34.325,604660.3750,1999.9000,
	2026/04/30 11:45:06	,	605230	,	2957	,10.426171,1999.9000,-0.01335191,-1195.4828,595530.4375,34.327,604668.5000,1999.9000,
	2026/04/30 11:45:06	,	606230	,	2958	,10.430505,1999.9000,-0.02090845,-1195.4647,595426.7500,34.340,604771.6875,1999.9000,
	2026/04/30 11:45:06	,	607230	,	2959	,10.431309,1999.9000,-0.02886835,-1195.4497,595405.2500,34.351,604797.9375,1999.9000,
	2026/04/30 11:45:06	,	608230	,	2960	,10.432104,1999.9000,-0.03676524,-1195.2383,595405.2500,34.360,604884.6250,1999.9000,
	2026/04/30 11:45:06	,	609230	,	2961	,10.432911,1999.9000,-0.04415163,-1195.0621,595395.1875,34.356,604919.3750,1999.9000,
	2026/04/30 11:45:06	,	610230	,	2962	,10.437118,1999.9000,-0.05323966,-1194.8157,595377.3125,34.353,605033.2500,1999.9000,
	2026/04/30 11:45:06	,	611230	,	2963	,10.438042,1999.9000,-0.06437597,-1194.1130,595116.3125,34.350,605033.2500,1999.9000,
	2026/04/30 11:45:06	,	612230	,	2964	,10.438935,1999.9000,-0.07361525,-1193.5275,594845.2500,34.350,605033.2500,1999.9000,
	2026/04/30 11:45:06	,	613230	,	2965	,10.439873,1999.9000,-0.08137348,-1193.0396,594845.2500,34.349,605033.2500,1999.9000,
	2026/04/30 11:45:06	,	614230	,	2966	,10.444535,1999.9000,-0.08727881,-1192.6329,594845.2500,34.349,605033.2500,1999.9000,
	2026/04/30 11:45:06	,	615230	,	2967	,10.445489,1999.9000,-0.09051824,-1192.2941,594845.2500,34.347,605028.7500,1999.9000,
	2026/04/30 11:45:06	,	616230	,	2968	,10.446512,1999.9000,-0.09293836,-1192.3101,594845.2500,34.339,604929.9375,1999.9000,
	2026/04/30 11:45:06	,	617230	,	2969	,10.450672,1999.9000,-0.09607063,-1192.3234,594941.7500,34.330,604898.5000,1999.9000,
	2026/04/30 11:45:06	,	618230	,	2970	,10.451521,1999.9000,-0.09919032,-1193.1304,594966.7500,34.325,604790.4375,1999.9000,
	2026/04/30 11:45:06	,	619230	,	2971	,10.452439,1999.9000,-0.09936047,-1194.1012,594981.6875,34.316,604762.0000,1999.9000,
	2026/04/30 11:45:06	,	620230	,	2972	,10.453421,1999.9000,-0.09962310,-1194.9103,595064.5000,34.318,604738.2500,1999.9000,
	2026/04/30 11:45:06	,	621230	,	2973	,10.458476,1999.9000,-0.10001437,-1195.5845,595281.4375,34.320,604726.3750,1999.9000,
	2026/04/30 11:45:06	,	622230	,	2974	,10.459548,1999.9000,-0.10042938,-1196.1464,595570.3750,34.313,604719.3125,1999.9000,
	2026/04/30 11:45:06	,	623230	,	2975	,10.460651,1999.9000,-0.10266923,-1196.3160,595570.3750,34.308,604714.5625,1999.9000,
	2026/04/30 11:45:06	,	624230	,	2976	,10.464821,1999.9000,-0.10536034,-1196.4575,595570.3750,34.305,604710.6250,1999.9000,
	2026/04/30 11:45:06	,	625230	,	2977	,10.465849,1999.9000,-0.11345891,-1196.5754,595570.3750,34.309,604711.4375,1999.9000,
	2026/04/30 11:45:06	,	626230	,	2978	,10.466877,1999.9000,-0.12439984,-1196.7731,595570.3750,34.322,604724.2500,1999.9000,
	2026/04/30 11:45:06	,	627230	,	2979	,10.471315,1999.9000,-0.13713065,-1196.7390,595476.1875,34.332,604856.2500,1999.9000,
	2026/04/30 11:45:06	,	628230	,	2980	,10.472253,1999.9000,-0.15153787,-1196.2131,595446.7500,34.340,604887.3125,1999.9000,
	2026/04/30 11:45:06	,	629230	,	2981	,10.473241,1999.9000,-0.16868666,-1195.7749,595426.0000,34.340,604980.6875,1999.9000,
	2026/04/30 11:45:06	,	630230	,	2982	,10.474219,1999.9000,-0.19186680,-1195.4098,595409.7500,34.338,605018.6875,1999.9000,
	2026/04/30 11:45:06	,	631230	,	2983	,10.479178,1999.9000,-0.22327155,-1194.7075,595208.6875,34.338,605033.2500,1999.9000,
	2026/04/30 11:45:06	,	632230	,	2984	,10.480251,1999.9000,-0.25711536,-1193.1276,594940.6250,34.338,605040.5000,1999.9000,
	2026/04/30 11:45:06	,	633230	,	2985	,10.481274,1999.9000,-0.29238346,-1191.1146,594919.4375,34.341,605044.8125,1999.9000,
	2026/04/30 11:45:06	,	634230	,	2986	,10.482254,1999.9000,-0.33034900,-1189.1388,594912.3750,34.340,605047.6875,1999.9000,
	2026/04/30 11:45:06	,	635230	,	2987	,10.486895,1999.9000,-0.37041321,-1187.4922,594908.8750,34.340,605050.1250,1999.9000,
	2026/04/30 11:45:06	,	636230	,	2988	,10.487892,1999.9000,-0.41376096,-1186.1201,594906.8125,34.338,605040.0625,1999.9000,
	2026/04/30 11:45:06	,	637230	,	2989	,10.488851,1999.9000,-0.46246576,-1184.9767,594905.3750,34.338,604926.3125,1999.9000,
	2026/04/30 11:45:06	,	638230	,	2990	,10.492882,1999.9000,-0.51692462,-1184.0239,594913.5625,34.338,604899.6875,1999.9000,
	2026/04/30 11:45:06	,	639230	,	2991	,10.493671,1999.9000,-0.57756615,-1183.3293,594934.6875,34.338,604873.7500,1999.9000,
	2026/04/30 11:45:06	,	640230	,	2992	,10.494480,1999.9000,-0.64370334,-1182.7505,594934.6875,34.337,604773.5000,1999.9000,
	2026/04/30 11:45:06	,	641230	,	2993	,10.495235,1999.9000,-0.71245593,-1182.7655,595133.0625,34.336,604773.5000,1999.9000,
	2026/04/30 11:45:06	,	642230	,	2994	,10.496021,1999.9000,-0.78688711,-1183.1759,595427.3750,34.335,604773.5000,1999.9000,
	2026/04/30 11:45:06	,	643230	,	2995	,10.500806,1999.9000,-0.86653024,-1183.5179,595448.8125,34.334,604773.5000,1999.9000,
	2026/04/30 11:45:06	,	644230	,	2996	,10.501535,1999.9000,-0.94943178,-1183.8030,595455.9375,34.333,604773.5000,1999.9000,
	2026/04/30 11:45:06	,	645230	,	2997	,10.502166,1999.9000,-1.03573024,-1184.1400,595459.5000,34.333,604775.2500,1999.9000,
	2026/04/30 11:45:06	,	646230	,	2998	,10.502847,1999.9000,-1.12415266,-1184.3213,595461.6250,34.333,604865.9375,1999.9000,
	2026/04/30 11:45:06	,	647230	,	2999	,10.503505,1999.9000,-1.21273887,-1184.4724,595463.0625,34.330,604904.0000,1999.9000,
	2026/04/30 11:45:06	,	648230	,	3000	,10.507508,1999.9000,-1.30073893,-1184.5984,595380.3125,34.328,605018.6875,1999.9000,
	2026/04/30 11:45:06	,	649230	,	3001	,10.508044,1999.9000,-1.38719499,-1184.7032,595354.3750,34.328,605100.2500,1999.9000,
	2026/04/30 11:45:06	,	650230	,	3002	,10.508590,1999.9000,-1.47166586,-1184.7908,595335.6250,34.334,605129.5625,1999.9000,
	2026/04/30 11:45:06	,	651230	,	3003	,10.509094,1999.9000,-1.55610514,-1184.4657,595197.3750,34.344,605139.3125,1999.9000,
	2026/04/30 11:45:06	,	652230	,	3004	,10.509564,1999.9000,-1.63624620,-1184.1948,594948.8750,34.352,605144.1875,1999.9000,
	2026/04/30 11:45:06	,	653230	,	3005	,10.510006,1999.9000,-1.70982003,-1183.8698,594827.3750,34.347,605147.1250,1999.9000,
	2026/04/30 11:45:06	,	654230	,	3006	,10.510448,1999.9000,-1.77800572,-1183.5988,594827.3750,34.340,605149.0625,1999.9000,
	2026/04/30 11:45:06	,	655230	,	3007	,10.510866,1999.9000,-1.83963656,-1183.3730,594827.3750,34.335,605148.1250,1999.9000,
	2026/04/30 11:45:06	,	656230	,	3008	,10.511285,1999.9000,-1.89434123,-1183.0853,594827.3750,34.337,605065.8125,1999.9000,
	2026/04/30 11:45:06	,	657230	,	3009	,10.511753,1999.9000,-1.94358182,-1182.8456,594827.3750,34.339,604976.4375,1999.9000,
	2026/04/30 11:45:06	,	658230	,	3010	,10.512266,1999.9000,-1.98744631,-1182.6459,594916.7500,34.339,604939.8750,1999.9000,
	2026/04/30 11:45:06	,	659230	,	3011	,10.512709,1999.9000,-2.02609873,-1182.4794,594930.1250,34.334,604830.3125,1999.9000,
	2026/04/30 11:45:06	,	660230	,	3012	,10.513099,1999.9000,-2.05965900,-1182.4402,594936.5625,34.330,604792.5625,1999.9000,
	2026/04/30 11:45:06	,	661230	,	3013	,10.513438,1999.9000,-2.08557439,-1183.1038,595040.0625,34.327,604772.1250,1999.9000,
	2026/04/30 11:45:06	,	662230	,	3014	,10.513740,1999.9000,-2.10647941,-1183.9552,595314.1875,34.324,604761.8750,1999.9000,
	2026/04/30 11:45:06	,	663230	,	3015	,10.514027,1999.9000,-2.12575197,-1186.2562,595519.1250,34.321,604755.7500,1999.9000,
	2026/04/30 11:45:06	,	664230	,	3016	,10.514266,1999.9000,-2.14276838,-1188.2733,595519.1250,34.326,604751.6875,1999.9000,
	2026/04/30 11:45:06	,	665230	,	3017	,10.514465,1999.9000,-2.15808320,-1189.9543,595519.1250,34.329,604748.3125,1999.9000,
	2026/04/30 11:45:06	,	666230	,	3018	,10.514630,1999.9000,-2.17144418,-1191.3550,595519.1250,34.332,604757.3125,1999.9000,
	2026/04/30 11:45:06	,	667230	,	3019	,10.514770,1999.9000,-2.17144418,-1192.6217,595519.1250,34.334,604865.9375,1999.9000,
	2026/04/30 11:45:06	,	668230	,	3020	,10.514874,1999.9000,-2.17144442,-1193.6774,595408.3125,34.336,604893.3750,1999.9000,
	2026/04/30 11:45:06	,	669230	,	3021	,10.514927,1999.9000,-2.17144418,-1194.5571,595383.9375,34.338,604989.1250,1999.9000,
	2026/04/30 11:45:06	,	670230	,	3022	,10.514872,1999.9000,-2.17144418,-1195.0912,595369.1875,34.339,605025.3750,1999.9000,
	2026/04/30 11:45:06	,	671230	,	3023	,10.514776,1999.9000,-2.17135072,-1195.1384,595349.5000,34.341,605118.3750,1999.9000,
	2026/04/30 11:45:06	,	672230	,	3024	,10.514607,1999.9000,-2.16231847,-1194.9789,595076.4375,34.342,605118.3750,1999.9000,
	2026/04/30 11:45:06	,	673230	,	3025	,10.514373,1999.9000,-2.14760876,-1194.7465,594829.7500,34.339,605118.3750,1999.9000,
	2026/04/30 11:45:06	,	674230	,	3026	,10.514097,1999.9000,-2.12723303,-1194.1549,594829.7500,34.337,605118.3750,1999.9000,
	2026/04/30 11:45:06	,	675230	,	3027	,10.513709,1999.9000,-2.10012650,-1193.6619,594829.7500,34.336,605118.3750,1999.9000,
	2026/04/30 11:45:06	,	676230	,	3028	,10.513251,1999.9000,-2.06553912,-1193.2510,594829.7500,34.333,605118.3750,1999.9000,
	2026/04/30 11:45:06	,	677230	,	3029	,10.512735,1999.9000,-2.02555680,-1192.9087,594829.7500,34.329,605106.3125,1999.9000,
	2026/04/30 11:45:06	,	678230	,	3030	,10.512108,1999.9000,-1.98178673,-1192.6234,594938.2500,34.326,604960.7500,1999.9000,
	2026/04/30 11:45:06	,	679230	,	3031	,10.508074,1999.9000,-1.93465126,-1192.5845,594965.0000,34.326,604925.4375,1999.9000,
	2026/04/30 11:45:06	,	680230	,	3032	,10.507627,1999.9000,-1.88420701,-1193.0496,594974.3125,34.327,604824.2500,1999.9000,
	2026/04/30 11:45:06	,	681230	,	3033	,10.506923,1999.9000,-1.82778180,-1193.4370,594988.2500,34.324,604797.0625,1999.9000,
	2026/04/30 11:45:06	,	682230	,	3034	,10.506026,1999.9000,-1.76506042,-1193.7599,595242.0625,34.321,604708.2500,1999.9000,
	2026/04/30 11:45:06	,	683230	,	3035	,10.501699,1999.9000,-1.70044219,-1194.1284,595524.5000,34.318,604708.2500,1999.9000,
	2026/04/30 11:45:06	,	684230	,	3036	,10.500865,1999.9000,-1.63391435,-1194.4355,595524.5000,34.315,604708.2500,1999.9000,
	2026/04/30 11:45:06	,	685230	,	3037	,10.500021,1999.9000,-1.56648517,-1194.7910,595524.5000,34.314,604708.2500,1999.9000,
	2026/04/30 11:45:06	,	686230	,	3038	,10.499166,1999.9000,-1.49982488,-1195.0872,595524.5000,34.323,604708.2500,1999.9000,
	2026/04/30 11:45:06	,	687230	,	3039	,10.494907,1999.9000,-1.43268561,-1195.3340,595524.5000,34.330,604715.8125,1999.9000,
	2026/04/30 11:45:06	,	688230	,	3040	,10.493865,1999.9000,-1.36352956,-1195.9375,595511.3750,34.332,604827.8125,1999.9000,
	2026/04/30 11:45:06	,	689230	,	3041	,10.492872,1999.9000,-1.29230011,-1196.4406,595381.4375,34.329,604853.1875,1999.9000,
	2026/04/30 11:45:06	,	690230	,	3042	,10.491943,1999.9000,-1.21916723,-1196.4618,595365.3750,34.327,604879.6250,1999.9000,
	2026/04/30 11:45:06	,	691230	,	3043	,10.487311,1999.9000,-1.14686632,-1196.4795,595350.6875,34.330,604982.4375,1999.9000,
	2026/04/30 11:45:06	,	692230	,	3044	,10.486358,1999.9000,-1.07794988,-1196.4943,595170.5625,34.333,605014.1875,1999.9000,
	2026/04/30 11:45:06	,	693230	,	3045	,10.485435,1999.9000,-1.00864887,-1196.3076,594898.8750,34.331,605024.7500,1999.9000,
	2026/04/30 11:45:06	,	694230	,	3046	,10.484488,1999.9000,-0.93825763,-1195.1573,594891.4375,34.329,605030.0625,1999.9000,
	2026/04/30 11:45:06	,	695230	,	3047	,10.479506,1999.9000,-0.86637264,-1193.6019,594888.9375,34.327,605033.2500,1999.9000,
	2026/04/30 11:45:06	,	696230	,	3048	,10.478360,1999.9000,-0.79206133,-1192.1068,594887.6875,34.326,605035.3125,1999.9000,
	2026/04/30 11:45:06	,	697230	,	3049	,10.477462,1999.9000,-0.71838653,-1190.4630,594887.0000,34.326,605032.5000,1999.9000,
	2026/04/30 11:45:06	,	698230	,	3050	,10.476565,1999.9000,-0.64858139,-1188.7948,594886.5000,34.326,604938.4375,1999.9000,
	2026/04/30 11:45:06	,	699230	,	3051	,10.471673,1999.9000,-0.58309335,-1186.6088,594896.8750,34.327,604911.8125,1999.9000,
	2026/04/30 11:45:06	,	700230	,	3052	,10.470452,1999.9000,-0.52183419,-1184.7871,594908.5000,34.325,604829.6875,1999.9000,
	2026/04/30 11:45:06	,	701230	,	3053	,10.469250,1999.9000,-0.46412960,-1183.2689,594920.4375,34.324,604794.3125,1999.9000,
	2026/04/30 11:45:06	,	702230	,	3054	,10.464732,1999.9000,-0.40877581,-1183.2689,595122.8750,34.323,604695.6250,1999.9000,
	2026/04/30 11:45:06	,	703230	,	3055	,10.463466,1999.9000,-0.36105421,-1180.9496,595401.7500,34.320,604678.6250,1999.9000,
	2026/04/30 11:45:06	,	704230	,	3056	,10.462389,1999.9000,-0.32097736,-1180.1705,595428.5625,34.316,604673.0000,1999.9000,
	2026/04/30 11:45:06	,	705230	,	3057	,10.458239,1999.9000,-0.28573444,-1180.1705,595437.5000,34.314,604670.1875,1999.9000,
	2026/04/30 11:45:06	,	706230	,	3058	,10.457285,1999.9000,-0.25428557,-1180.3068,595441.9375,34.312,604668.5000,1999.9000,
	2026/04/30 11:45:06	,	707230	,	3059	,10.456283,1999.9000,-0.22528832,-1180.8285,595444.6250,34.310,604667.3750,1999.9000,
	2026/04/30 11:45:06	,	708230	,	3060	,10.452161,1999.9000,-0.19712299,-1181.2634,595446.3750,34.308,604677.1250,1999.9000,
	2026/04/30 11:45:06	,	709230	,	3061	,10.451118,1999.9000,-0.19712299,-1181.2634,595434.0000,34.307,604775.9375,1999.9000,
	2026/04/30 11:45:06	,	710230	,	3062	,10.450056,1999.9000,-0.16889463,-1181.6257,595346.3125,34.306,604800.3750,1999.9000,
	2026/04/30 11:45:06	,	711230	,	3063	,10.449145,1999.9000,-0.13910957,-1181.7288,595338.2500,34.307,604826.0625,1999.9000,
	2026/04/30 11:45:06	,	712230	,	3064	,10.444862,1999.9000,-0.10795061,-1181.8146,595241.4375,34.310,604943.2500,1999.9000,
	2026/04/30 11:45:06	,	713230	,	3065	,10.443790,1999.9000,-0.08000588,-1179.9961,594996.0000,34.315,604961.9375,1999.9000,
	2026/04/30 11:45:06	,	714230	,	3066	,10.442867,1999.9000,-0.05535097,-1178.4807,594855.3750,34.320,604968.1875,1999.9000,
	2026/04/30 11:45:06	,	715230	,	3067	,10.442019,1999.9000,-0.03570013,-1177.2179,594855.3750,34.324,604971.2500,1999.9000,
	2026/04/30 11:45:06	,	716230	,	3068	,10.437743,1999.9000,-0.02197986,-1176.1655,594855.3750,34.328,604973.1250,1999.9000,
	2026/04/30 11:45:06	,	717230	,	3069	,10.436894,1999.9000,-0.01009988,-1175.2887,594855.3750,34.331,604974.3750,1999.9000,
	2026/04/30 11:45:06	,	718230	,	3070	,10.435987,1999.9000,0.00106794,-1174.5579,594855.3750,34.334,604965.2500,1999.9000,
	2026/04/30 11:45:06	,	719230	,	3071	,10.435167,1999.9000,0.00987868,-1174.5457,594946.5000,34.334,604845.9375,1999.9000,
	2026/04/30 11:45:06	,	720230	,	3072	,10.434448,1999.9000,0.01634490,-1176.1271,594962.0000,34.335,604813.6250,1999.9000,
	2026/04/30 11:45:06	,	721230	,	3073	,10.430266,1999.9000,0.02161999,-1178.0417,594971.7500,34.334,604709.4375,1999.9000,
	2026/04/30 11:45:06	,	722230	,	3074	,10.429462,1999.9000,0.02709678,-1179.9358,595072.2500,34.333,604679.8750,1999.9000,
	2026/04/30 11:45:06	,	723230	,	3075	,10.428738,1999.9000,0.03598312,-1181.5142,595326.6875,34.327,604661.9375,1999.9000,
	2026/04/30 11:45:06	,	724230	,	3076	,10.428182,1999.9000,0.04456698,-1183.2274,595544.1250,34.321,604653.0000,1999.9000,
	2026/04/30 11:45:06	,	725230	,	3077	,10.427629,1999.9000,0.04703751,-1184.9535,595544.1250,34.316,604647.6250,1999.9000,
	2026/04/30 11:45:06	,	726230	,	3078	,10.427060,1999.9000,0.04703751,-1187.0883,595544.1250,34.312,604644.0000,1999.9000,
	2026/04/30 11:45:06	,	727230	,	3079	,10.426447,1999.9000,0.04703751,-1189.0662,595544.1250,34.309,604641.0000,1999.9000,
	2026/04/30 11:45:06	,	728230	,	3080	,10.422373,1999.9000,0.04703751,-1191.0128,595544.1250,34.307,604652.3125,1999.9000,
	2026/04/30 11:45:06	,	729230	,	3081	,10.421806,1999.9000,0.04703751,-1192.6351,595441.0625,34.309,604782.5625,1999.9000,
	2026/04/30 11:45:06	,	730230	,	3082	,10.421270,1999.9000,0.04675388,-1193.9869,595417.5000,34.311,604805.5000,1999.9000,
	2026/04/30 11:45:06	,	731230	,	3083	,10.420786,1999.9000,0.04357752,-1195.1134,595402.7500,34.309,604830.5000,1999.9000,
	2026/04/30 11:45:06	,	732230	,	3084	,10.420389,1999.9000,0.04106286,-1196.0521,595320.6875,34.308,604934.1250,1999.9000,
	2026/04/30 11:45:06	,	733230	,	3085	,10.420049,1999.9000,0.03459030,-1196.6355,595121.1250,34.307,604961.0625,1999.9000,
	2026/04/30 11:45:06	,	734230	,	3086	,10.419712,1999.9000,0.02586781,-1197.1217,594852.3750,34.306,604970.0000,1999.9000,
	2026/04/30 11:45:06	,	735230	,	3087	,10.419405,1999.9000,0.01891628,-1197.5269,594852.3750,34.305,604974.5625,1999.9000,
	2026/04/30 11:45:06	,	736230	,	3088	,10.419096,1999.9000,0.01891628,-1197.8644,594852.3750,34.304,604977.1875,1999.9000,
	2026/04/30 11:45:06	,	737230	,	3089	,10.418773,1999.9000,0.01891628,-1198.0463,594852.3750,34.303,604978.9375,1999.9000,
	2026/04/30 11:45:06	,	738230	,	3090	,10.418773,1999.9000,0.01891628,-1197.7004,594852.3750,34.303,604967.3125,1999.9000,
	2026/04/30 11:45:06	,	739230	,	3091	,10.418460,1999.9000,0.01891628,-1197.3129,594947.1250,34.306,604827.2500,1999.9000,
	2026/04/30 11:45:06	,	740230	,	3092	,10.418194,1999.9000,0.01908012,-1196.6914,594971.8125,34.308,604795.8750,1999.9000,
	2026/04/30 11:45:06	,	741230	,	3093	,10.417966,1999.9000,0.01940784,-1196.1735,594984.8125,34.311,604701.0625,1999.9000,
	2026/04/30 11:45:06	,	742230	,	3094	,10.417776,1999.9000,0.01968829,-1195.7419,594999.8750,34.317,604669.9375,1999.9000,
	2026/04/30 11:45:06	,	743230	,	3095	,10.417620,1999.9000,0.02318298,-1195.3823,595255.8125,34.322,604646.6875,1999.9000,
	2026/04/30 11:45:06	,	744230	,	3096	,10.417463,1999.9000,0.02594973,-1194.6847,595544.7500,34.326,604635.0625,1999.9000,
	2026/04/30 11:45:06	,	745230	,	3097	,10.417334,1999.9000,0.02594973,-1194.1033,595544.7500,34.326,604628.0625,1999.9000,
	2026/04/30 11:45:06	,	746230	,	3098	,10.417250,1999.9000,0.02594973,-1193.7184,595544.7500,34.325,604623.4375,1999.9000,
	2026/04/30 11:45:06	,	747230	,	3099	,10.417185,1999.9000,0.02594973,-1193.2981,595544.7500,34.324,604619.5000,1999.9000,
	2026/04/30 11:45:06	,	748230	,	3100	,10.417156,1999.9000,0.02594973,-1192.9479,595544.7500,34.323,604626.0625,1999.9000,
	2026/04/30 11:45:06	,	749230	,	3101	,10.417147,1999.9000,0.02137422,-1192.6560,595534.6250,34.326,604727.5625,1999.9000,
	2026/04/30 11:45:06	,	750230	,	3102	,10.417178,1999.9000,0.01642683,-1192.5121,595418.4375,34.327,604758.3750,1999.9000,
	2026/04/30 11:45:06	,	751230	,	3103	,10.417328,1999.9000,0.01084923,-1192.3923,595405.0000,34.323,604850.2500,1999.9000,
	2026/04/30 11:45:06	,	752230	,	3104	,10.417662,1999.9000,0.00450906,-1192.2925,595389.8125,34.319,604881.0000,1999.9000,
	2026/04/30 11:45:06	,	753230	,	3105	,10.418159,1999.9000,-0.00452858,-1192.2092,595207.5000,34.322,604990.9375,1999.9000,
	2026/04/30 11:45:06	,	754230	,	3106	,10.418757,1999.9000,-0.01649047,-1192.2395,594937.0000,34.328,604990.9375,1999.9000,
	2026/04/30 11:45:06	,	755230	,	3107	,10.422938,1999.9000,-0.02622135,-1192.1652,594934.9375,34.332,604990.9375,1999.9000,
	2026/04/30 11:45:06	,	756230	,	3108	,10.423475,1999.9000,-0.03320438,-1192.1031,594934.2500,34.336,604990.9375,1999.9000,
	2026/04/30 11:45:06	,	757230	,	3109	,10.423991,1999.9000,-0.03753413,-1192.0516,594933.8750,34.332,604990.9375,1999.9000,
	2026/04/30 11:45:06	,	758230	,	3110	,10.424614,1999.9000,-0.03783664,-1192.0087,594933.6250,34.328,604986.5000,1999.9000,
	2026/04/30 11:45:06	,	759230	,	3111	,10.425303,1999.9000,-0.03801942,-1191.9728,594933.4375,34.325,604884.6250,1999.9000,
	2026/04/30 11:45:06	,	760230	,	3112	,10.429611,1999.9000,-0.03825891,-1191.9430,594944.8125,34.333,604852.5625,1999.9000,
	2026/04/30 11:45:06	,	761230	,	3113	,10.430356,1999.9000,-0.04112018,-1192.0175,594958.1250,34.340,604755.9375,1999.9000,
	2026/04/30 11:45:06	,	762230	,	3114	,10.431091,1999.9000,-0.04198990,-1192.0796,595039.5000,34.340,604726.3750,1999.9000,
	2026/04/30 11:45:06	,	763230	,	3115	,10.431928,1999.9000,-0.04250881,-1192.1313,595169.9375,34.339,604700.0625,1999.9000,
	2026/04/30 11:45:06	,	764230	,	3116	,10.436134,1999.9000,-0.04283442,-1192.1746,595461.9375,34.339,604686.8750,1999.9000,
	2026/04/30 11:45:06	,	765230	,	3117	,10.437043,1999.9000,-0.04312054,-1192.3099,595491.1875,34.339,604678.9375,1999.9000,
	2026/04/30 11:45:06	,	766230	,	3118	,10.437943,1999.9000,-0.04582806,-1192.4229,595500.8750,34.338,604673.6875,1999.9000,
	2026/04/30 11:45:06	,	767230	,	3119	,10.441943,1999.9000,-0.04603603,-1192.5168,595505.6875,34.337,604669.3125,1999.9000,
	2026/04/30 11:45:06	,	768230	,	3120	,10.442912,1999.9000,-0.05235104,-1192.5952,595508.6250,34.335,604670.6875,1999.9000,
	2026/04/30 11:45:06	,	769230	,	3121	,10.443910,1999.9000,-0.06059455,-1192.5610,595510.5000,34.334,604754.8125,1999.9000,
	2026/04/30 11:45:06	,	770230	,	3122	,10.444870,1999.9000,-0.06924141,-1192.5326,595430.3125,34.333,604779.2500,1999.9000,
	2026/04/30 11:45:06	,	771230	,	3123	,10.449510,1999.9000,-0.07776852,-1192.5089,595413.0625,34.332,604805.8750,1999.9000,
	2026/04/30 11:45:06	,	772230	,	3124	,10.450657,1999.9000,-0.08560868,-1192.4891,595404.6875,34.325,604910.5625,1999.9000,
	2026/04/30 11:45:06	,	773230	,	3125	,10.451794,1999.9000,-0.09377027,-1192.4727,595302.8125,34.324,604947.4375,1999.9000,
	2026/04/30 11:45:06	,	774230	,	3126	,10.455854,1999.9000,-0.10503893,-1192.1605,595043.0625,34.319,604967.5625,1999.9000,
	2026/04/30 11:45:06	,	775230	,	3127	,10.456898,1999.9000,-0.11520465,-1191.9004,594861.3750,34.316,604977.6250,1999.9000,
	2026/04/30 11:45:06	,	776230	,	3128	,10.457970,1999.9000,-0.12329062,-1191.6836,594861.3750,34.313,604983.6875,1999.9000,
	2026/04/30 11:45:06	,	777230	,	3129	,10.462259,1999.9000,-0.13013498,-1191.5029,594861.3750,34.311,604987.6875,1999.9000,
	2026/04/30 11:45:06	,	778230	,	3130	,10.463272,1999.9000,-0.13442692,-1191.9493,594861.3750,34.308,604991.0625,1999.9000,
	2026/04/30 11:45:06	,	779230	,	3131	,10.464275,1999.9000,-0.13737643,-1192.5201,594861.3750,34.305,604978.3125,1999.9000,
	2026/04/30 11:45:06	,	780230	,	3132	,10.468367,1999.9000,-0.14176920,-1193.4932,594967.3750,34.304,604854.4375,1999.9000,
	2026/04/30 11:45:06	,	781230	,	3133	,10.469499,1999.9000,-0.14852534,-1194.3041,594987.0625,34.304,604829.6875,1999.9000,
	2026/04/30 11:45:06	,	782230	,	3134	,10.470482,1999.9000,-0.15770790,-1194.9799,594997.2500,34.302,604744.5000,1999.9000,
	2026/04/30 11:45:06	,	783230	,	3135	,10.471479,1999.9000,-0.16930428,-1195.5430,595092.5000,34.301,604715.5000,1999.9000,
	2026/04/30 11:45:06	,	784230	,	3136	,10.476439,1999.9000,-0.18186493,-1196.0122,595351.6875,34.301,604705.8125,1999.9000,
	2026/04/30 11:45:06	,	785230	,	3137	,10.477303,1999.9000,-0.19973849,-1195.7070,595552.5000,34.306,604701.0000,1999.9000,
	2026/04/30 11:45:06	,	786230	,	3138	,10.478334,1999.9000,-0.22384508,-1195.4526,595552.5000,34.309,604698.0625,1999.9000,
	2026/04/30 11:45:06	,	787230	,	3139	,10.482635,1999.9000,-0.25268477,-1195.0417,595552.5000,34.309,604696.1250,1999.9000,
	2026/04/30 11:45:06	,	788230	,	3140	,10.483543,1999.9000,-0.28819868,-1192.8093,595552.5000,34.313,604695.9375,1999.9000,
	2026/04/30 11:45:06	,	789230	,	3141	,10.484560,1999.9000,-0.33107376,-1190.1532,595552.5000,34.315,604708.3750,1999.9000,
	2026/04/30 11:45:06	,	790230	,	3142	,10.485538,1999.9000,-0.37926805,-1187.9397,595430.9375,34.317,604834.5000,1999.9000,
	2026/04/30 11:45:06	,	791230	,	3143	,10.490052,1999.9000,-0.43198749,-1185.7966,595400.5625,34.319,604858.0625,1999.9000,
	2026/04/30 11:45:06	,	792230	,	3144	,10.490842,1999.9000,-0.48925090,-1184.0109,595386.3125,34.321,604939.6250,1999.9000,
	2026/04/30 11:45:06	,	793230	,	3145	,10.491671,1999.9000,-0.55209821,-1182.5227,595304.0625,34.322,604974.3125,1999.9000,
	2026/04/30 11:45:06	,	794230	,	3146	,10.492570,1999.9000,-0.62416589,-1181.2826,595100.8750,34.315,605066.4375,1999.9000,
	2026/04/30 11:45:06	,	795230	,	3147	,10.497111,1999.9000,-0.70263058,-1180.2491,594836.3125,34.308,605066.4375,1999.9000,
	2026/04/30 11:45:06	,	796230	,	3148	,10.497842,1999.9000,-0.78359091,-1179.6863,594836.3125,34.302,605066.4375,1999.9000,
	2026/04/30 11:45:06	,	797230	,	3149	,10.498591,1999.9000,-0.86637264,-1179.5157,594836.3125,34.297,605066.4375,1999.9000,
	2026/04/30 11:45:06	,	798230	,	3150	,10.499420,1999.9000,-0.94874477,-1179.4730,594836.3125,34.295,605066.4375,1999.9000,
	2026/04/30 11:45:06	,	799230	,	3151	,10.500192,1999.9000,-1.03013372,-1179.4374,594836.3125,34.293,605056.5000,1999.9000,
	2026/04/30 11:45:06	,	800230	,	3152	,10.504678,1999.9000,-1.11208987,-1179.6067,594927.5000,34.296,604942.0000,1999.9000,
	2026/04/30 11:45:06	,	801230	,	3153	,10.505229,1999.9000,-1.19528759,-1180.2452,594951.0000,34.298,604911.5000,1999.9000,
	2026/04/30 11:45:06	,	802230	,	3154	,10.505790,1999.9000,-1.27921009,-1180.7772,594962.0000,34.300,604824.2500,1999.9000,
	2026/04/30 11:45:06	,	803230	,	3155	,10.506353,1999.9000,-1.36269140,-1181.2206,594974.9375,34.305,604800.3750,1999.9000,
	2026/04/30 11:45:06	,	804230	,	3156	,10.506912,1999.9000,-1.44189978,-1181.5901,595208.0625,34.309,604782.1250,1999.9000,
	2026/04/30 11:45:06	,	805230	,	3157	,10.507414,1999.9000,-1.51735806,-1181.8981,595500.6250,34.316,604773.0625,1999.9000,
	2026/04/30 11:45:06	,	806230	,	3158	,10.507971,1999.9000,-1.59127867,-1182.0552,595500.6250,34.323,604767.5625,1999.9000,
	2026/04/30 11:45:06	,	807230	,	3159	,10.508578,1999.9000,-1.66234434,-1182.1862,595500.6250,34.328,604763.9375,1999.9000,
	2026/04/30 11:45:06	,	808230	,	3160	,10.509194,1999.9000,-1.73078811,-1182.2953,595500.6250,34.333,604760.9375,1999.9000,
	2026/04/30 11:45:06	,	809230	,	3161	,10.509822,1999.9000,-1.79672992,-1182.3862,595500.6250,34.337,604768.7500,1999.9000,
	2026/04/30 11:45:06	,	810230	,	3162	,10.510428,1999.9000,-1.85790086,-1182.4620,595490.3750,34.340,604864.0625,1999.9000,
	2026/04/30 11:45:06	,	811230	,	3163	,10.511009,1999.9000,-1.91298997,-1182.5251,595373.1250,34.343,604888.5625,1999.9000,
	2026/04/30 11:45:06	,	812230	,	3164	,10.511586,1999.9000,-1.96219265,-1182.7766,595358.5000,34.345,604977.6250,1999.9000,
	2026/04/30 11:45:06	,	813230	,	3165	,10.512138,1999.9000,-2.00579262,-1182.9862,595344.1250,34.347,605012.0625,1999.9000,
	2026/04/30 11:45:06	,	814230	,	3166	,10.512617,1999.9000,-2.04641747,-1183.1610,595180.0625,34.346,605142.5000,1999.9000,
	2026/04/30 11:45:06	,	815230	,	3167	,10.513047,1999.9000,-2.08438325,-1183.6051,594907.7500,34.346,605161.5625,1999.9000,
	2026/04/30 11:45:06	,	816230	,	3168	,10.513424,1999.9000,-2.11578798,-1183.9751,594875.6250,34.346,605167.9375,1999.9000,
	2026/04/30 11:45:06	,	817230	,	3169	,10.513769,1999.9000,-2.14174128,-1184.3828,594864.8750,34.345,605171.1250,1999.9000,
	2026/04/30 11:45:06	,	818230	,	3170	,10.514055,1999.9000,-2.16211057,-1184.8221,594859.5000,34.341,605173.0000,1999.9000,
	2026/04/30 11:45:06	,	819230	,	3171	,10.514295,1999.9000,-2.17576146,-1186.2825,594856.3125,34.340,605174.3125,1999.9000,
	2026/04/30 11:45:06	,	820230	,	3172	,10.514493,1999.9000,-2.17670035,-1187.4994,594854.1250,34.340,605167.0625,1999.9000,
	2026/04/30 11:45:06	,	821230	,	3173	,10.514640,1999.9000,-2.17701340,-1188.8119,594864.5625,34.339,605073.6875,1999.9000,
	2026/04/30 11:45:06	,	822230	,	3174	,10.514751,1999.9000,-2.17716980,-1190.3036,594944.7500,34.339,604986.7500,1999.9000,
	2026/04/30 11:45:06	,	823230	,	3175	,10.514821,1999.9000,-2.17726374,-1191.6461,594954.8750,34.339,604949.5625,1999.9000,
	2026/04/30 11:45:06	,	824230	,	3176	,10.514824,1999.9000,-2.17732644,-1193.1628,595097.8750,34.338,604830.3125,1999.9000,
	2026/04/30 11:45:06	,	825230	,	3177	,10.514811,1999.9000,-2.16233110,-1194.0288,595383.8750,34.338,604809.1250,1999.9000,
	2026/04/30 11:45:06	,	826230	,	3178	,10.514701,1999.9000,-2.14476013,-1194.7505,595483.3750,34.338,604802.1250,1999.9000,
	2026/04/30 11:45:06	,	827230	,	3179	,10.514416,1999.9000,-2.12485695,-1195.3519,595483.3750,34.338,604798.5625,1999.9000,
	2026/04/30 11:45:06	,	828230	,	3180	,10.514109,1999.9000,-2.10254669,-1195.8530,595483.3750,34.341,604796.5000,1999.9000,
	2026/04/30 11:45:06	,	829230	,	3181	,10.513792,1999.9000,-2.07845902,-1196.2705,595483.3750,34.343,604795.0625,1999.9000,
	2026/04/30 11:45:06	,	830230	,	3182	,10.513434,1999.9000,-2.05084181,-1196.4197,595483.3750,34.347,604805.8750,1999.9000,
	2026/04/30 11:45:06	,	831230	,	3183	,10.512914,1999.9000,-2.01825857,-1196.2455,595391.0000,34.350,604805.8750,1999.9000,
	2026/04/30 11:45:06	,	832230	,	3184	,10.512340,1999.9000,-1.98117530,-1196.1003,595373.4375,34.352,604921.5000,1999.9000,
	2026/04/30 11:45:06	,	833230	,	3185	,10.511763,1999.9000,-1.94032967,-1195.9792,595360.6250,34.353,604948.9375,1999.9000,
	2026/04/30 11:45:06	,	834230	,	3186	,10.507657,1999.9000,-1.89736629,-1195.6796,595242.6875,34.350,605042.2500,1999.9000,
	2026/04/30 11:45:06	,	835230	,	3187	,10.506897,1999.9000,-1.85401225,-1195.4297,595000.7500,34.347,605080.0625,1999.9000,
	2026/04/30 11:45:06	,	836230	,	3188	,10.506088,1999.9000,-1.80543363,-1195.4205,594836.3125,34.344,605092.6250,1999.9000,
	2026/04/30 11:45:06	,	837230	,	3189	,10.505155,1999.9000,-1.75086749,-1195.4128,594836.3125,34.333,605098.8750,1999.9000,
	2026/04/30 11:45:06	,	838230	,	3190	,10.500806,1999.9000,-1.69074917,-1195.5059,594836.3125,34.325,605102.6875,1999.9000,
	2026/04/30 11:45:06	,	839230	,	3191	,10.500001,1999.9000,-1.62386203,-1195.5835,594836.3125,34.318,605105.2500,1999.9000,
	2026/04/30 11:45:06	,	840230	,	3192	,10.499039,1999.9000,-1.55236149,-1195.6482,594836.3125,34.312,605096.8750,1999.9000,
	2026/04/30 11:45:06	,	841230	,	3193	,10.498132,1999.9000,-1.47881281,-1196.0005,594934.0000,34.307,604975.2500,1999.9000,
	2026/04/30 11:45:06	,	842230	,	3194	,10.493567,1999.9000,-1.40382707,-1196.5924,594952.8125,34.303,604942.6250,1999.9000,
	2026/04/30 11:45:06	,	843230	,	3195	,10.492659,1999.9000,-1.32792115,-1197.3842,594964.5625,34.301,604849.6250,1999.9000,
	2026/04/30 11:45:06	,	844230	,	3196	,10.491719,1999.9000,-1.25059724,-1198.0439,595062.1250,34.298,604816.0625,1999.9000,
	2026/04/30 11:45:06	,	845230	,	3197	,10.490729,1999.9000,-1.16986370,-1198.4943,595312.9375,34.297,604719.1875,1999.9000,
	2026/04/30 11:45:06	,	846230	,	3198	,10.485882,1999.9000,-1.09044743,-1198.6707,595537.0000,34.297,604715.8125,1999.9000,
	2026/04/30 11:45:06	,	847230	,	3199	,10.485018,1999.9000,-1.01362145,-1198.5192,595537.0000,34.298,604714.6875,1999.9000,
	2026/04/30 11:45:06	,	848230	,	3200	,10.484094,1999.9000,-0.93814421,-1198.3929,595537.0000,34.297,604714.1250,1999.9000,
	2026/04/30 11:45:06	,	849230	,	3201	,10.483096,1999.9000,-0.86431181,-1198.2877,595537.0000,34.296,604713.8125,1999.9000,
	2026/04/30 11:45:06	,	850230	,	3202	,10.478435,1999.9000,-0.79225039,-1196.5090,595537.0000,34.295,604713.5625,1999.9000,
	2026/04/30 11:45:06	,	851230	,	3203	,10.477437,1999.9000,-0.72251457,-1194.2311,595413.6875,34.296,604724.2500,1999.9000,
	2026/04/30 11:45:06	,	852230	,	3204	,10.476339,1999.9000,-0.65610009,-1191.6364,595383.0000,34.298,604835.1250,1999.9000,
	2026/04/30 11:45:06	,	853230	,	3205	,10.475352,1999.9000,-0.59360570,-1189.2750,595363.5000,34.308,604862.0000,1999.9000,
	2026/04/30 11:45:06	,	854230	,	3206	,10.470481,1999.9000,-0.53553557,-1187.3074,595274.1875,34.316,604944.4375,1999.9000,
	2026/04/30 11:45:06	,	855230	,	3207	,10.469096,1999.9000,-0.48495266,-1185.6677,595085.3750,34.316,604979.1250,1999.9000,
	2026/04/30 11:45:06	,	856230	,	3208	,10.467939,1999.9000,-0.43935496,-1184.3014,594810.1250,34.315,604995.7500,1999.9000,
	2026/04/30 11:45:06	,	857230	,	3209	,10.463450,1999.9000,-0.39798614,-1183.3616,594810.1250,34.314,605004.1250,1999.9000,
	2026/04/30 11:45:06	,	858230	,	3210	,10.462318,1999.9000,-0.36164030,-1182.5785,594810.1250,34.315,605009.0625,1999.9000,
	2026/04/30 11:45:06	,	859230	,	3211	,10.461226,1999.9000,-0.32673773,-1181.9259,594810.1250,34.319,605012.3125,1999.9000,
	2026/04/30 11:45:06	,	860230	,	3212	,10.457017,1999.9000,-0.29138768,-1181.3821,594810.1250,34.319,605015.0625,1999.9000,
	2026/04/30 11:45:06	,	861230	,	3213	,10.456063,1999.9000,-0.25707752,-1181.0283,594820.4375,34.319,605004.0000,1999.9000,
	2026/04/30 11:45:06	,	862230	,	3214	,10.455030,1999.9000,-0.22433667,-1180.7335,594932.2500,34.319,604876.1875,1999.9000,
	2026/04/30 11:45:06	,	863230	,	3215	,10.450999,1999.9000,-0.19242142,-1180.9852,594947.7500,34.320,604840.5625,1999.9000,
	2026/04/30 11:45:06	,	864230	,	3216	,10.450150,1999.9000,-0.15931502,-1180.6978,594965.1875,34.323,604737.8125,1999.9000,
	2026/04/30 11:45:06	,	865230	,	3217	,10.449231,1999.9000,-0.12059949,-1180.4580,595196.8125,34.329,604700.6875,1999.9000,
	2026/04/30 11:45:06	,	866230	,	3218	,10.448252,1999.9000,-0.07989241,-1180.1589,595498.8750,34.333,604685.6875,1999.9000,
	2026/04/30 11:45:06	,	867230	,	3219	,10.443403,1999.9000,-0.04360333,-1179.9095,595498.8750,34.337,604678.2500,1999.9000,
	2026/04/30 11:45:06	,	868230	,	3220	,10.442494,1999.9000,-0.01513547,-1179.7017,595498.8750,34.345,604673.6875,1999.9000,
	2026/04/30 11:45:06	,	869230	,	3221	,10.441486,1999.9000,0.00347546,-1179.5286,595498.8750,34.351,604670.6875,1999.9000,
	2026/04/30 11:45:06	,	870230	,	3222	,10.440580,1999.9000,0.01378616,-1179.3843,595498.8750,34.356,604668.1875,1999.9000,
	2026/04/30 11:45:06	,	871230	,	3223	,10.436254,1999.9000,0.01972298,-1179.2640,595488.6250,34.361,604677.1875,1999.9000,
	2026/04/30 11:45:06	,	872230	,	3224	,10.435524,1999.9000,0.02363675,-1179.1638,595364.8125,34.358,604783.1875,1999.9000,
	2026/04/30 11:45:06	,	873230	,	3225	,10.434794,1999.9000,0.02363675,-1180.0751,595353.5000,34.356,604812.5000,1999.9000,
	2026/04/30 11:45:06	,	874230	,	3226	,10.433975,1999.9000,0.02363675,-1180.9340,595343.3125,34.355,604903.3750,1999.9000,
	2026/04/30 11:45:06	,	875230	,	3227	,10.433246,1999.9000,0.02363675,-1182.2465,595200.9375,34.355,604934.7500,1999.9000,
	2026/04/30 11:45:06	,	876230	,	3228	,10.432580,1999.9000,0.02390272,-1183.7380,594928.6250,34.361,604954.3125,1999.9000,
	2026/04/30 11:45:06	,	877230	,	3229	,10.427943,1999.9000,0.02409576,-1185.2795,594913.1250,34.360,604964.0000,1999.9000,
	2026/04/30 11:45:06	,	878230	,	3230	,10.427243,1999.9000,0.02425666,-1186.8627,594907.9375,34.358,604969.8125,1999.9000,
	2026/04/30 11:45:06	,	879230	,	3231	,10.426652,1999.9000,0.02439073,-1188.1818,594905.3750,34.356,604973.7500,1999.9000,
	2026/04/30 11:45:06	,	880230	,	3232	,10.426170,1999.9000,0.02450246,-1189.2810,594903.8750,34.354,604976.9375,1999.9000,
	2026/04/30 11:45:06	,	881230	,	3233	,10.425643,1999.9000,0.02852110,-1190.4955,594902.8125,34.355,604968.1875,1999.9000,
	2026/04/30 11:45:06	,	882230	,	3234	,10.425054,1999.9000,0.03166600,-1191.5077,594914.1875,34.350,604844.7500,1999.9000,
	2026/04/30 11:45:06	,	883230	,	3235	,10.424428,1999.9000,0.03411762,-1192.4506,594996.0000,34.346,604810.6250,1999.9000,
	2026/04/30 11:45:06	,	884230	,	3236	,10.423822,1999.9000,0.03480460,-1193.5347,595005.8125,34.343,604714.3125,1999.9000,
	2026/04/30 11:45:06	,	885230	,	3237	,10.423203,1999.9000,0.03824569,-1194.5376,595143.7500,34.341,604688.6875,1999.9000,
	2026/04/30 11:45:06	,	886230	,	3238	,10.422559,1999.9000,0.03824569,-1195.6718,595419.0000,34.339,604601.9375,1999.9000,
	2026/04/30 11:45:06	,	887230	,	3239	,10.421917,1999.9000,0.03824569,-1196.6169,595529.8750,34.340,604601.9375,1999.9000,
	2026/04/30 11:45:06	,	888230	,	3240	,10.421292,1999.9000,0.03824569,-1197.4045,595529.8750,34.343,604601.9375,1999.9000,
	2026/04/30 11:45:06	,	889230	,	3241	,10.420683,1999.9000,0.03824569,-1198.0610,595529.8750,34.346,604601.9375,1999.9000,
	2026/04/30 11:45:06	,	890230	,	3242	,10.420120,1999.9000,0.03809967,-1198.4089,595529.8750,34.349,604601.9375,1999.9000,
	2026/04/30 11:45:06	,	891230	,	3243	,10.419627,1999.9000,0.03394115,-1198.5995,595529.8750,34.352,604609.3125,1999.9000,
	2026/04/30 11:45:06	,	892230	,	3244	,10.419216,1999.9000,0.03167229,-1198.6588,595448.1875,34.354,604704.0000,1999.9000,
	2026/04/30 11:45:06	,	893230	,	3245	,10.418864,1999.9000,0.03077423,-1198.7083,595423.1875,34.354,604731.2500,1999.9000,
	2026/04/30 11:45:06	,	894230	,	3246	,10.418516,1999.9000,0.03077423,-1198.6499,595407.1250,34.356,604817.5625,1999.9000,
	2026/04/30 11:45:06	,	895230	,	3247	,10.418224,1999.9000,0.02786565,-1198.1041,595297.4375,34.358,604847.5000,1999.9000,
	2026/04/30 11:45:06	,	896230	,	3248	,10.417983,1999.9000,0.01541844,-1197.2513,595056.7500,34.359,604970.3750,1999.9000,
	2026/04/30 11:45:06	,	897230	,	3249	,10.417776,1999.9000,0.01541844,-1196.5405,594857.7500,34.354,604970.3750,1999.9000,
	2026/04/30 11:45:06	,	898230	,	3250	,10.417604,1999.9000,0.00863079,-1195.9482,594857.7500,34.346,604970.3750,1999.9000,
	2026/04/30 11:45:06	,	899230	,	3251	,10.417461,1999.9000,0.00460989,-1194.5596,594857.7500,34.340,604970.3750,1999.9000,
	2026/04/30 11:45:06	,	900230	,	3252	,10.417356,1999.9000,0.00460989,-1193.3027,594857.7500,34.335,604970.3750,1999.9000,
	2026/04/30 11:45:06	,	901230	,	3253	,10.417273,1999.9000,0.00449855,-1192.2554,594857.7500,34.331,604964.9375,1999.9000,
	2026/04/30 11:45:06	,	902230	,	3254	,10.417249,1999.9000,0.00428217,-1191.3827,594965.6250,34.330,604861.1250,1999.9000,
	2026/04/30 11:45:06	,	903230	,	3255	,10.417318,1999.9000,0.00415235,-1190.6554,594985.0000,34.330,604825.5000,1999.9000,
	2026/04/30 11:45:06	,	904230	,	3256	,10.417421,1999.9000,0.00417292,-1190.0492,594995.6250,34.327,604728.1875,1999.9000,
	2026/04/30 11:45:06	,	905230	,	3257	,10.417645,1999.9000,0.00419008,-1190.0414,595078.8125,34.327,604699.5000,1999.9000,
	2026/04/30 11:45:06	,	906230	,	3258	,10.417986,1999.9000,0.00420436,-1190.3334,595321.9375,34.329,604618.3125,1999.9000,
	2026/04/30 11:45:06	,	907230	,	3259	,10.418428,1999.9000,0.00421628,-1190.6763,595571.5000,34.330,604618.3125,1999.9000,
	2026/04/30 11:45:06	,	908230	,	3260	,10.418992,1999.9000,0.00405918,-1190.9619,595571.5000,34.331,604618.3125,1999.9000,
	2026/04/30 11:45:06	,	909230	,	3261	,10.423326,1999.9000,0.00390623,-1191.2000,595571.5000,34.332,604618.3125,1999.9000,
	2026/04/30 11:45:06	,	910230	,	3262	,10.424010,1999.9000,0.00065200,-1191.3983,595571.5000,34.332,604618.3125,1999.9000,
	2026/04/30 11:45:06	,	911230	,	3263	,10.424666,1999.9000,-0.00383530,-1191.5636,595571.5000,34.329,604626.6250,1999.9000,
	2026/04/30 11:45:06	,	912230	,	3264	,10.425396,1999.9000,-0.00952635,-1191.8009,595455.9375,34.328,604737.8125,1999.9000,
	2026/04/30 11:45:06	,	913230	,	3265	,10.426072,1999.9000,-0.01540017,-1191.8992,595427.3750,34.328,604764.1250,1999.9000,
	2026/04/30 11:45:06	,	914230	,	3266	,10.430087,1999.9000,-0.02130549,-1191.9811,595408.1250,34.328,604852.0000,1999.9000,
	2026/04/30 11:45:06	,	915230	,	3267	,10.431026,1999.9000,-0.02770242,-1192.0492,595323.6875,34.328,604882.8125,1999.9000,
	2026/04/30 11:45:06	,	916230	,	3268	,10.431895,1999.9000,-0.03549845,-1192.2056,595147.3125,34.328,604992.1875,1999.9000,
	2026/04/30 11:45:06	,	917230	,	3269	,10.432813,1999.9000,-0.04717677,-1192.4353,594877.3750,34.336,605006.3125,1999.9000,
	2026/04/30 11:45:06	,	918230	,	3270	,10.432813,1999.9000,-0.05823744,-1192.6267,594877.3750,34.342,605011.0625,1999.9000,
	2026/04/30 11:45:06	,	919230	,	3271	,10.438429,1999.9000,-0.06672046,-1192.9852,594877.3750,34.347,605013.5000,1999.9000,
	2026/04/30 11:45:06	,	920230	,	3272	,10.439362,1999.9000,-0.07360895,-1193.2839,594877.3750,34.352,605014.8750,1999.9000,
	2026/04/30 11:45:06	,	921230	,	3273	,10.440290,1999.9000,-0.07739667,-1193.3340,594877.3750,34.355,605015.8125,1999.9000,
	2026/04/30 11:45:06	,	922230	,	3274	,10.444714,1999.9000,-0.07815295,-1193.3756,594887.3125,34.351,604934.1250,1999.9000,
	2026/04/30 11:45:06	,	923230	,	3275	,10.445712,1999.9000,-0.08061720,-1193.4104,594996.0000,34.347,604899.6875,1999.9000,
	2026/04/30 11:45:06	,	924230	,	3276	,10.446799,1999.9000,-0.08354151,-1193.3398,595003.7500,34.344,604807.3125,1999.9000,
	2026/04/30 11:45:06	,	925230	,	3277	,10.450970,1999.9000,-0.08736706,-1193.2811,595017.8125,34.341,604777.4375,1999.9000,
	2026/04/30 11:45:06	,	926230	,	3278	,10.451922,1999.9000,-0.08978086,-1193.2322,595231.3125,34.339,604687.1250,1999.9000,
	2026/04/30 11:45:06	,	927230	,	3279	,10.452886,1999.9000,-0.09000143,-1193.2908,595525.6250,34.340,604677.5000,1999.9000,
	2026/04/30 11:45:06	,	928230	,	3280	,10.452886,1999.9000,-0.09032916,-1193.3396,595525.6250,34.346,604674.2500,1999.9000,
	2026/04/30 11:45:06	,	929230	,	3281	,10.456898,1999.9000,-0.09052454,-1193.3396,595525.6250,34.351,604672.6250,1999.9000,
	2026/04/30 11:45:06	,	930230	,	3282	,10.457940,1999.9000,-0.09079680,-1193.6787,595525.6250,34.354,604671.7500,1999.9000,
	2026/04/30 11:45:06	,	931230	,	3283	,10.458973,1999.9000,-0.09639207,-1194.2596,595525.6250,34.358,604671.0625,1999.9000,
	2026/04/30 11:45:06	,	932230	,	3284	,10.463035,1999.9000,-0.10384145,-1194.9429,595525.6250,34.360,604681.0625,1999.9000,
	2026/04/30 11:45:06	,	933230	,	3285	,10.464107,1999.9000,-0.11253245,-1195.5121,595521.3750,34.357,604792.1875,1999.9000,
	2026/04/30 11:45:06	,	934230	,	3286	,10.465178,1999.9000,-0.12212467,-1195.9865,595417.2500,34.350,604823.9375,1999.9000,
	2026/04/30 11:45:06	,	935230	,	3287	,10.469587,1999.9000,-0.13288282,-1196.3818,595398.4375,34.345,604919.6875,1999.9000,
	2026/04/30 11:45:06	,	936230	,	3288	,10.470645,1999.9000,-0.14544979,-1196.7113,595387.1875,34.336,604953.5000,1999.9000,
	2026/04/30 11:45:06	,	937230	,	3289	,10.471711,1999.9000,-0.16353130,-1196.7870,595253.9375,34.327,605045.9375,1999.9000,
	2026/04/30 11:45:06	,	938230	,	3290	,10.475872,1999.9000,-0.18685642,-1196.2532,594997.7500,34.320,605045.9375,1999.9000,
	2026/04/30 11:45:06	,	939230	,	3291	,10.476915,1999.9000,-0.21309954,-1195.5099,594876.2500,34.315,605045.9375,1999.9000,
	2026/04/30 11:45:06	,	940230	,	3292	,10.477839,1999.9000,-0.24265139,-1194.8904,594876.2500,34.311,605045.9375,1999.9000,
	2026/04/30 11:45:06	,	941230	,	3293	,10.478792,1999.9000,-0.27300364,-1194.2748,594876.2500,34.311,605045.9375,1999.9000,
	2026/04/30 11:45:06	,	942230	,	3294	,10.483350,1999.9000,-0.30426973,-1192.7670,594876.2500,34.311,605035.0000,1999.9000,
	2026/04/30 11:45:06	,	943230	,	3295	,10.484303,1999.9000,-0.33981517,-1190.5157,594876.2500,34.312,604913.6250,1999.9000,
	2026/04/30 11:45:06	,	944230	,	3296	,10.485265,1999.9000,-0.38104534,-1188.5403,594959.6250,34.313,604883.1250,1999.9000,
	2026/04/30 11:45:06	,	945230	,	3297	,10.489367,1999.9000,-0.42750019,-1186.8940,594971.8125,34.317,604794.0625,1999.9000,
	2026/04/30 11:45:06	,	946230	,	3298	,10.490231,1999.9000,-0.47900319,-1185.5221,594979.8750,34.320,604765.6875,1999.9000,
	2026/04/30 11:45:06	,	947230	,	3299	,10.491144,1999.9000,-0.53299570,-1184.3789,595116.9375,34.323,604749.3750,1999.9000,
	2026/04/30 11:45:06	,	948230	,	3300	,10.492041,1999.9000,-0.59094608,-1183.5258,595396.3750,34.326,604741.2500,1999.9000,
	2026/04/30 11:45:06	,	949230	,	3301	,10.496248,1999.9000,-0.65717149,-1182.8148,595494.1250,34.332,604736.3125,1999.9000,
	2026/04/30 11:45:06	,	950230	,	3302	,10.497097,1999.9000,-0.73028541,-1183.0181,595494.1250,34.338,604733.0000,1999.9000,
	2026/04/30 11:45:06	,	951230	,	3303	,10.497837,1999.9000,-0.80957568,-1183.2871,595494.1250,34.342,604730.3125,1999.9000,
	2026/04/30 11:45:06	,	952230	,	3304	,10.498638,1999.9000,-0.89397085,-1183.7101,595494.1250,34.346,604740.1875,1999.9000,
	2026/04/30 11:45:06	,	953230	,	3305	,10.499417,1999.9000,-0.98070419,-1184.0626,595494.1250,34.343,604866.5000,1999.9000,
	2026/04/30 11:45:06	,	954230	,	3306	,10.503933,1999.9000,-1.06762028,-1184.3563,595403.5625,34.339,604901.8125,1999.9000,
	2026/04/30 11:45:06	,	955230	,	3307	,10.504469,1999.9000,-1.15447962,-1184.6011,595386.8125,34.334,605010.3125,1999.9000,
	2026/04/30 11:45:06	,	956230	,	3308	,10.505046,1999.9000,-1.24154079,-1184.8051,595376.1875,34.330,605045.0625,1999.9000,
	2026/04/30 11:45:06	,	957230	,	3309	,10.505713,1999.9000,-1.33090210,-1184.8756,595268.3125,34.325,605170.9375,1999.9000,
	2026/04/30 11:45:06	,	958230	,	3310	,10.506335,1999.9000,-1.42189598,-1184.5365,595016.8750,34.321,605170.9375,1999.9000,
	2026/04/30 11:45:06	,	959230	,	3311	,10.506923,1999.9000,-1.50820708,-1183.8560,594797.0000,34.319,605170.9375,1999.9000,
	2026/04/30 11:45:06	,	960230	,	3312	,10.507551,1999.9000,-1.58892167,-1183.2888,594797.0000,34.318,605170.9375,1999.9000,
	2026/04/30 11:45:06	,	961230	,	3313	,10.508163,1999.9000,-1.66379392,-1182.7167,594797.0000,34.318,605170.9375,1999.9000,
	2026/04/30 11:45:06	,	962230	,	3314	,10.508804,1999.9000,-1.73172104,-1182.2400,594797.0000,34.318,605165.6250,1999.9000,
	2026/04/30 11:45:06	,	963230	,	3315	,10.513019,1999.9000,-1.79420269,-1181.8427,594797.0000,34.321,605074.9375,1999.9000,
	2026/04/30 11:45:06	,	964230	,	3316	,10.513198,1999.9000,-1.85241139,-1181.5117,594897.6250,34.325,605040.2500,1999.9000,
	2026/04/30 11:45:06	,	965230	,	3317	,10.513367,1999.9000,-1.90555954,-1181.3352,594913.1250,34.327,604916.6250,1999.9000,
	2026/04/30 11:45:06	,	966230	,	3318	,10.513556,1999.9000,-1.95306683,-1181.8846,594922.5000,34.329,604876.1875,1999.9000,
	2026/04/30 11:45:06	,	967230	,	3319	,10.513763,1999.9000,-1.99296081,-1182.5414,595014.5000,34.330,604769.2500,1999.9000,
	2026/04/30 11:45:06	,	968230	,	3320	,10.513952,1999.9000,-2.02391171,-1183.1881,595262.3125,34.336,604769.2500,1999.9000,
	2026/04/30 11:45:06	,	969230	,	3321	,10.514174,1999.9000,-2.05108786,-1184.5229,595536.3750,34.341,604769.2500,1999.9000,
	2026/04/30 11:45:06	,	970230	,	3322	,10.514424,1999.9000,-2.07501149,-1186.2321,595536.3750,34.345,604769.2500,1999.9000,
	2026/04/30 11:45:06	,	971230	,	3323	,10.514632,1999.9000,-2.09635139,-1187.6563,595536.3750,34.348,604769.2500,1999.9000,
	2026/04/30 11:45:06	,	972230	,	3324	,10.514805,1999.9000,-2.11682153,-1188.8431,595536.3750,34.351,604771.3125,1999.9000,
	2026/04/30 11:45:06	,	973230	,	3325	,10.514950,1999.9000,-2.13594913,-1189.8322,595536.3750,34.355,604783.8750,1999.9000,
	2026/04/30 11:45:06	,	974230	,	3326	,10.515069,1999.9000,-2.15227246,-1190.6564,595419.6250,34.358,604904.5625,1999.9000,
	2026/04/30 11:45:06	,	975230	,	3327	,10.515169,1999.9000,-2.16507888,-1191.3433,595389.8125,34.361,604937.5000,1999.9000,
	2026/04/30 11:45:06	,	976230	,	3328	,10.515233,1999.9000,-2.17412901,-1191.8162,595373.3750,34.348,605035.0000,1999.9000,
	2026/04/30 11:45:06	,	977230	,	3329	,10.515222,1999.9000,-2.17412901,-1192.2103,595357.3750,34.337,605117.1875,1999.9000,
	2026/04/30 11:45:06	,	978230	,	3330	,10.515166,1999.9000,-2.17412901,-1192.5387,595129.4375,34.328,605117.1875,1999.9000,
	2026/04/30 11:45:06	,	979230	,	3331	,10.515078,1999.9000,-2.17412901,-1192.8125,594852.3750,34.323,605117.1875,1999.9000,
	2026/04/30 11:45:06	,	980230	,	3332	,10.514938,1999.9000,-2.17412901,-1193.1400,594852.3750,34.321,605117.1875,1999.9000,
	2026/04/30 11:45:06	,	981230	,	3333	,10.514767,1999.9000,-2.16928887,-1193.6118,594852.3750,34.319,605117.1875,1999.9000,
	2026/04/30 11:45:06	,	982230	,	3334	,10.514504,1999.9000,-2.15051413,-1194.0051,594852.3750,34.317,605106.6875,1999.9000,
	2026/04/30 11:45:06	,	983230	,	3335	,10.514090,1999.9000,-2.12522268,-1194.3328,594852.3750,34.322,604975.8125,1999.9000,
	2026/04/30 11:45:06	,	984230	,	3336	,10.513648,1999.9000,-2.09489560,-1194.6058,594859.8750,34.326,604939.3125,1999.9000,
	2026/04/30 11:45:06	,	985230	,	3337	,10.513190,1999.9000,-2.05902243,-1194.8334,594957.2500,34.330,604842.3750,1999.9000,
	2026/04/30 11:45:06	,	986230	,	3338	,10.512705,1999.9000,-2.01771665,-1195.0231,594968.5625,34.332,604842.3750,1999.9000,
	2026/04/30 11:45:06	,	987230	,	3339	,10.512087,1999.9000,-1.97064412,-1195.2805,594982.0625,34.335,604815.7500,1999.9000,
	2026/04/30 11:45:06	,	988230	,	3340	,10.507687,1999.9000,-1.91597104,-1195.4951,595184.2500,34.334,604724.0000,1999.9000,
	2026/04/30 11:45:06	,	989230	,	3341	,10.507075,1999.9000,-1.85844278,-1195.8729,595473.8125,34.333,604724.0000,1999.9000,
	2026/04/30 11:45:06	,	990230	,	3342	,10.506455,1999.9000,-1.80005753,-1196.1877,595473.8125,34.332,604724.0000,1999.9000,
	2026/04/30 11:45:06	,	991230	,	3343	,10.505735,1999.9000,-1.73986983,-1196.4501,595473.8125,34.331,604724.0000,1999.9000,
	2026/04/30 11:45:06	,	992230	,	3344	,10.504981,1999.9000,-1.67890704,-1196.6688,595473.8125,34.331,604724.0000,1999.9000,
	2026/04/30 11:45:06	,	993230	,	3345	,10.499852,1999.9000,-1.61673391,-1196.8510,595473.8125,34.333,604726.3125,1999.9000,
	2026/04/30 11:45:06	,	994230	,	3346	,10.498899,1999.9000,-1.55173767,-1197.0028,595472.1250,34.336,604738.5625,1999.9000,
	2026/04/30 11:45:06	,	995230	,	3347	,10.497975,1999.9000,-1.48386729,-1197.1293,595389.1875,34.337,604859.8750,1999.9000,
	2026/04/30 11:45:06	,	996230	,	3348	,10.497038,1999.9000,-1.41387939,-1197.2347,595371.3125,34.339,604887.9375,1999.9000,
	2026/04/30 11:45:06	,	997230	,	3349	,10.492465,1999.9000,-1.34283888,-1197.3225,595353.8125,34.342,604912.6250,1999.9000,
	2026/04/30 11:45:06	,	998230	,	3350	,10.491675,1999.9000,-1.27443278,-1197.3958,595198.5625,34.344,605030.8125,1999.9000,
	2026/04/30 11:45:06	,	999230	,	3351	,10.490746,1999.9000,-1.20624745,-1197.4568,594949.5000,34.346,605035.3125,1999.9000,
	2026/04/30 11:45:07	,	000230	,	3352	,10.489799,1999.9000,-1.13610196,-1197.5076,594857.1250,34.341,605036.8125,1999.9000,
	2026/04/30 11:45:07	,	001230	,	3353	,10.485078,1999.9000,-1.06499219,-1197.5499,594857.1250,34.338,605037.6250,1999.9000,
	2026/04/30 11:45:07	,	002230	,	3354	,10.483975,1999.9000,-0.99135518,-1197.2869,594857.1250,34.332,605038.0625,1999.9000,
	2026/04/30 11:45:07	,	003230	,	3355	,10.482953,1999.9000,-0.91419518,-1196.8687,594857.1250,34.326,605038.3125,1999.9000,
	2026/04/30 11:45:07	,	004230	,	3356	,10.481995,1999.9000,-0.83654988,-1196.1222,594857.1250,34.322,605026.6875,1999.9000,
	2026/04/30 11:45:07	,	005230	,	3357	,10.477422,1999.9000,-0.76148218,-1195.5001,594870.0625,34.311,604902.7500,1999.9000,
	2026/04/30 11:45:07	,	006230	,	3358	,10.476200,1999.9000,-0.69022751,-1194.0865,594976.8750,34.301,604872.8750,1999.9000,
	2026/04/30 11:45:07	,	007230	,	3359	,10.474979,1999.9000,-0.62299997,-1192.0134,594980.1875,34.294,604773.5000,1999.9000,
	2026/04/30 11:45:07	,	008230	,	3360	,10.470749,1999.9000,-0.55639011,-1190.0868,595078.8125,34.286,604744.1875,1999.9000,
	2026/04/30 11:45:07	,	009230	,	3361	,10.469751,1999.9000,-0.49259117,-1188.1829,595341.5625,34.279,604725.9375,1999.9000,
	2026/04/30 11:45:07	,	010230	,	3362	,10.468664,1999.9000,-0.43602732,-1186.3972,595467.2500,34.276,604716.8750,1999.9000,
	2026/04/30 11:45:07	,	011230	,	3363	,10.464077,1999.9000,-0.38661036,-1184.9092,595467.2500,34.274,604711.3750,1999.9000,
	2026/04/30 11:45:07	,	012230	,	3364	,10.462840,1999.9000,-0.34532347,-1183.6692,595467.2500,34.273,604707.7500,1999.9000,
	2026/04/30 11:45:07	,	013230	,	3365	,10.461782,1999.9000,-0.31159312,-1182.6357,595467.2500,34.276,604704.6875,1999.9000,
	2026/04/30 11:45:07	,	014230	,	3366	,10.460822,1999.9000,-0.28123456,-1182.4711,595467.2500,34.280,604712.1250,1999.9000,
	2026/04/30 11:45:07	,	015230	,	3367	,10.455735,1999.9000,-0.25153774,-1182.3337,595373.1250,34.283,604810.9375,1999.9000,
	2026/04/30 11:45:07	,	016230	,	3368	,10.454738,1999.9000,-0.22259089,-1182.1199,595355.2500,34.286,604836.9375,1999.9000,
	2026/04/30 11:45:07	,	017230	,	3369	,10.453889,1999.9000,-0.19435623,-1181.9415,595344.7500,34.295,604920.8750,1999.9000,
	2026/04/30 11:45:07	,	018230	,	3370	,10.452958,1999.9000,-0.16825809,-1181.7931,595327.3125,34.302,604949.2500,1999.9000,
	2026/04/30 11:45:07	,	019230	,	3371	,10.448766,1999.9000,-0.14238681,-1181.6693,595051.3750,34.311,604969.7500,1999.9000,
	2026/04/30 11:45:07	,	020230	,	3372	,10.447722,1999.9000,-0.11246311,-1181.2676,594802.3750,34.318,604980.0625,1999.9000,
	2026/04/30 11:45:07	,	021230	,	3373	,10.446651,1999.9000,-0.08169492,-1180.9329,594802.3750,34.324,604986.1875,1999.9000,
	2026/04/30 11:45:07	,	022230	,	3374	,10.442271,1999.9000,-0.05402115,-1180.6541,594802.3750,34.330,604990.3125,1999.9000,
	2026/04/30 11:45:07	,	023230	,	3375	,10.441319,1999.9000,-0.03097966,-1180.4216,594802.3750,34.334,604993.6875,1999.9000,
	2026/04/30 11:45:07	,	024230	,	3376	,10.440464,1999.9000,-0.01344012,-1180.2280,594802.3750,34.338,604983.8750,1999.9000,
	2026/04/30 11:45:07	,	025230	,	3377	,10.439583,1999.9000,-0.00098662,-1180.0667,594900.0625,34.341,604828.8125,1999.9000,
	2026/04/30 11:45:07	,	026230	,	3378	,10.435330,1999.9000,0.00800687,-1180.3301,594921.8125,34.343,604828.8125,1999.9000,
	2026/04/30 11:45:07	,	027230	,	3379	,10.434601,1999.9000,0.01473149,-1180.9474,594935.2500,34.345,604731.2500,1999.9000,
	2026/04/30 11:45:07	,	028230	,	3380	,10.433751,1999.9000,0.02231327,-1181.6609,595022.2500,34.345,604704.6250,1999.9000,
	2026/04/30 11:45:07	,	029230	,	3381	,10.432999,1999.9000,0.03237187,-1182.6533,595259.9375,34.346,604622.5000,1999.9000,
	2026/04/30 11:45:07	,	030230	,	3382	,10.432310,1999.9000,0.04062796,-1184.2761,595542.9375,34.344,604622.5000,1999.9000,
	2026/04/30 11:45:07	,	031230	,	3383	,10.431701,1999.9000,0.04448506,-1185.8275,595542.9375,34.343,604622.5000,1999.9000,
	2026/04/30 11:45:07	,	032230	,	3384	,10.427496,1999.9000,0.04448506,-1187.1202,595542.9375,34.344,604622.5000,1999.9000,
	2026/04/30 11:45:07	,	033230	,	3385	,10.426960,1999.9000,0.04448506,-1188.4960,595542.9375,34.342,604622.5000,1999.9000,
	2026/04/30 11:45:07	,	034230	,	3386	,10.426464,1999.9000,0.04448506,-1189.6423,595542.9375,34.342,604629.0000,1999.9000,
	2026/04/30 11:45:07	,	035230	,	3387	,10.425903,1999.9000,0.04448506,-1190.6973,595461.9375,34.339,604730.0000,1999.9000,
	2026/04/30 11:45:07	,	036230	,	3388	,10.425353,1999.9000,0.04418989,-1191.5763,595426.1875,34.339,604765.3750,1999.9000,
	2026/04/30 11:45:07	,	037230	,	3389	,10.424821,1999.9000,0.04156075,-1192.3087,595403.7500,34.339,604875.5625,1999.9000,
	2026/04/30 11:45:07	,	038230	,	3390	,10.424190,1999.9000,0.03876879,-1192.8196,595385.0625,34.338,604903.3750,1999.9000,
	2026/04/30 11:45:07	,	039230	,	3391	,10.420049,1999.9000,0.03210714,-1193.3448,595159.2500,34.341,605003.6250,1999.9000,
	2026/04/30 11:45:07	,	040230	,	3392	,10.419542,1999.9000,0.02571655,-1193.7826,594885.1250,34.344,605003.6250,1999.9000,
	2026/04/30 11:45:07	,	041230	,	3393	,10.419115,1999.9000,0.02030909,-1194.1473,594885.1250,34.343,605003.6250,1999.9000,
	2026/04/30 11:45:07	,	042230	,	3394	,10.418798,1999.9000,0.01804657,-1194.4514,594885.1250,34.345,605003.6250,1999.9000,
	2026/04/30 11:45:07	,	043230	,	3395	,10.418548,1999.9000,0.01804657,-1194.7047,594885.1250,34.345,605003.6250,1999.9000,
	2026/04/30 11:45:07	,	044230	,	3396	,10.418341,1999.9000,0.01804657,-1194.9158,594885.1250,34.347,604996.6875,1999.9000,
	2026/04/30 11:45:07	,	045230	,	3397	,10.418089,1999.9000,0.01804657,-1195.0917,594891.6250,34.348,604879.2500,1999.9000,
	2026/04/30 11:45:07	,	046230	,	3398	,10.417840,1999.9000,0.01804657,-1195.2383,594996.0000,34.352,604844.5000,1999.9000,
	2026/04/30 11:45:07	,	047230	,	3399	,10.417626,1999.9000,0.02030280,-1195.3605,595010.5625,34.353,604739.0625,1999.9000,
	2026/04/30 11:45:07	,	048230	,	3400	,10.417419,1999.9000,0.02325865,-1195.4623,595021.8125,34.353,604701.0625,1999.9000,
	2026/04/30 11:45:07	,	049230	,	3401	,10.417247,1999.9000,0.02900008,-1195.4476,595203.9375,34.351,604594.7500,1999.9000,
	2026/04/30 11:45:07	,	050230	,	3402	,10.417104,1999.9000,0.02900008,-1195.4354,595489.9375,34.348,604594.7500,1999.9000,
	2026/04/30 11:45:07	,	051230	,	3403	,10.416984,1999.9000,0.02900008,-1195.4253,595495.9375,34.347,604594.7500,1999.9000,
	2026/04/30 11:45:07	,	052230	,	3404	,10.416888,1999.9000,0.02900008,-1195.4169,595497.9375,34.345,604594.7500,1999.9000,
	2026/04/30 11:45:07	,	053230	,	3405	,10.416839,1999.9000,0.02900008,-1195.1113,595498.9375,34.339,604594.7500,1999.9000,
	2026/04/30 11:45:07	,	054230	,	3406	,10.416798,1999.9000,0.02866498,-1194.8568,595499.5000,34.333,604602.5625,1999.9000,
	2026/04/30 11:45:07	,	055230	,	3407	,10.416779,1999.9000,0.02344140,-1194.6447,595499.8750,34.327,604722.7500,1999.9000,
	2026/04/30 11:45:07	,	056230	,	3408	,10.416797,1999.9000,0.02053602,-1193.9706,595417.8125,34.323,604759.9375,1999.9000,
	2026/04/30 11:45:07	,	057230	,	3409	,10.416887,1999.9000,0.01737220,-1193.3093,595399.6250,34.321,604868.3750,1999.9000,
	2026/04/30 11:45:07	,	058230	,	3410	,10.417062,1999.9000,0.01253827,-1192.6587,595384.6875,34.320,604895.2500,1999.9000,
	2026/04/30 11:45:07	,	059230	,	3411	,10.417307,1999.9000,0.00256792,-1192.1166,595240.3125,34.325,604988.5000,1999.9000,
	2026/04/30 11:45:07	,	060230	,	3412	,10.417641,1999.9000,-0.00854318,-1191.6648,594979.8750,34.330,604988.5000,1999.9000,
	2026/04/30 11:45:07	,	061230	,	3413	,10.418061,1999.9000,-0.01801567,-1191.2883,594877.3750,34.334,604988.5000,1999.9000,
	2026/04/30 11:45:07	,	062230	,	3414	,10.418635,1999.9000,-0.02550919,-1191.0741,594877.3750,34.344,604988.5000,1999.9000,
	2026/04/30 11:45:07	,	063230	,	3415	,10.422819,1999.9000,-0.02958684,-1190.8956,594877.3750,34.355,604988.5000,1999.9000,
	2026/04/30 11:45:07	,	064230	,	3416	,10.423638,1999.9000,-0.02998073,-1190.6473,594877.3750,34.364,604988.5000,1999.9000,
	2026/04/30 11:45:07	,	065230	,	3417	,10.424309,1999.9000,-0.03020657,-1190.5399,594877.3750,34.372,604976.0000,1999.9000,
	2026/04/30 11:45:07	,	066230	,	3418	,10.424994,1999.9000,-0.03054006,-1190.4504,594965.0000,34.379,604849.6250,1999.9000,
	2026/04/30 11:45:07	,	067230	,	3419	,10.425655,1999.9000,-0.03331153,-1190.4752,594983.1875,34.384,604815.7500,1999.9000,
	2026/04/30 11:45:07	,	068230	,	3420	,10.430118,1999.9000,-0.03368651,-1190.8938,594995.3750,34.382,604719.1875,1999.9000,
	2026/04/30 11:45:07	,	069230	,	3421	,10.430787,1999.9000,-0.03400689,-1191.2428,595114.5625,34.380,604694.1250,1999.9000,
	2026/04/30 11:45:07	,	070230	,	3422	,10.431408,1999.9000,-0.03431046,-1191.5336,595393.3750,34.380,604685.7500,1999.9000,
	2026/04/30 11:45:07	,	071230	,	3423	,10.432158,1999.9000,-0.03457203,-1191.7759,595550.6875,34.379,604681.6250,1999.9000,
	2026/04/30 11:45:07	,	072230	,	3424	,10.436611,1999.9000,-0.03482515,-1191.9777,595550.6875,34.378,604679.1250,1999.9000,
	2026/04/30 11:45:07	,	073230	,	3425	,10.437609,1999.9000,-0.03961391,-1192.2455,595550.6875,34.379,604677.5000,1999.9000,
	2026/04/30 11:45:07	,	074230	,	3426	,10.438627,1999.9000,-0.04598561,-1192.4685,595550.6875,34.380,604677.8125,1999.9000,
	2026/04/30 11:45:07	,	075230	,	3427	,10.439568,1999.9000,-0.05342873,-1192.5549,595550.6875,34.380,604688.1875,1999.9000,
	2026/04/30 11:45:07	,	076230	,	3428	,10.443910,1999.9000,-0.06074581,-1192.5275,595448.1875,34.381,604798.8750,1999.9000,
	2026/04/30 11:45:07	,	077230	,	3429	,10.444774,1999.9000,-0.06074581,-1192.5048,595430.0625,34.381,604829.3750,1999.9000,
	2026/04/30 11:45:07	,	078230	,	3430	,10.445786,1999.9000,-0.06805025,-1192.4856,595416.8125,34.368,604920.8750,1999.9000,
	2026/04/30 11:45:07	,	079230	,	3431	,10.449957,1999.9000,-0.07567614,-1192.4697,595326.0625,34.356,604951.0625,1999.9000,
	2026/04/30 11:45:07	,	080230	,	3432	,10.451074,1999.9000,-0.08632084,-1192.4565,595112.7500,34.347,604972.3750,1999.9000,
	2026/04/30 11:45:07	,	081230	,	3433	,10.452131,1999.9000,-0.09861679,-1192.9427,594867.8750,34.339,604983.0625,1999.9000,
	2026/04/30 11:45:07	,	082230	,	3434	,10.456271,1999.9000,-0.10848632,-1193.4475,594867.8750,34.333,604989.4375,1999.9000,
	2026/04/30 11:45:07	,	083230	,	3435	,10.457166,1999.9000,-0.11635800,-1193.8682,594867.8750,34.327,604993.6875,1999.9000,
	2026/04/30 11:45:07	,	084230	,	3436	,10.458138,1999.9000,-0.12173393,-1194.6166,594867.8750,34.325,604997.2500,1999.9000,
	2026/04/30 11:45:07	,	085230	,	3437	,10.462408,1999.9000,-0.12406580,-1195.3397,594867.8750,34.331,604990.1250,1999.9000,
	2026/04/30 11:45:07	,	086230	,	3438	,10.463391,1999.9000,-0.12486305,-1196.1412,594975.7500,34.341,604887.6250,1999.9000,
	2026/04/30 11:45:07	,	087230	,	3439	,10.464473,1999.9000,-0.12833253,-1196.8093,594996.6250,34.350,604856.3125,1999.9000,
	2026/04/30 11:45:07	,	088230	,	3440	,10.469021,1999.9000,-0.13259293,-1197.3658,595007.3125,34.352,604763.8125,1999.9000,
	2026/04/30 11:45:07	,	089230	,	3441	,10.470064,1999.9000,-0.13888268,-1197.8297,595026.8125,34.345,604739.6250,1999.9000,
	2026/04/30 11:45:07	,	090230	,	3442	,10.471046,1999.9000,-0.14488256,-1197.9178,595305.1875,34.339,604721.7500,1999.9000,
	2026/04/30 11:45:07	,	091230	,	3443	,10.472008,1999.9000,-0.15102109,-1197.7924,595577.5000,34.339,604712.8125,1999.9000,
	2026/04/30 11:45:07	,	092230	,	3444	,10.476469,1999.9000,-0.16262376,-1197.6879,595577.5000,34.339,604707.4375,1999.9000,
	2026/04/30 11:45:07	,	093230	,	3445	,10.477466,1999.9000,-0.18076201,-1196.7054,595577.5000,34.328,604703.8125,1999.9000,
	2026/04/30 11:45:07	,	094230	,	3446	,10.478672,1999.9000,-0.20523416,-1194.7926,595577.5000,34.319,604700.8750,1999.9000,
	2026/04/30 11:45:07	,	095230	,	3447	,10.482962,1999.9000,-0.23587631,-1193.1985,595577.5000,34.311,604709.8125,1999.9000,
	2026/04/30 11:45:07	,	096230	,	3448	,10.483886,1999.9000,-0.27085453,-1191.7706,595453.5625,34.308,604822.4375,1999.9000,
	2026/04/30 11:45:07	,	097230	,	3449	,10.484739,1999.9000,-0.31009945,-1189.8843,595425.0000,34.307,604849.0000,1999.9000,
	2026/04/30 11:45:07	,	098230	,	3450	,10.485688,1999.9000,-0.35429177,-1187.9147,595409.1250,34.312,604940.1875,1999.9000,
	2026/04/30 11:45:07	,	099230	,	3451	,10.490291,1999.9000,-0.40301543,-1186.1736,595393.0625,34.316,604969.8125,1999.9000,
	2026/04/30 11:45:07	,	100230	,	3452	,10.491124,1999.9000,-0.45794067,-1184.7228,595170.5625,34.320,605082.1875,1999.9000,
	2026/04/30 11:45:07	,	101230	,	3453	,10.491988,1999.9000,-0.52056748,-1183.5139,594884.6250,34.329,605082.1875,1999.9000,
	2026/04/30 11:45:07	,	102230	,	3454	,10.492837,1999.9000,-0.58660370,-1182.6060,594884.6250,34.336,605082.1875,1999.9000,
	2026/04/30 11:45:07	,	103230	,	3455	,10.497201,1999.9000,-0.65644044,-1181.8492,594884.6250,34.342,605082.1875,1999.9000,
	2026/04/30 11:45:07	,	104230	,	3456	,10.497991,1999.9000,-0.73019713,-1181.5172,594884.6250,34.348,605082.1875,1999.9000,
	2026/04/30 11:45:07	,	105230	,	3457	,10.498810,1999.9000,-0.80592656,-1181.2404,594884.6250,34.352,605076.6250,1999.9000,
	2026/04/30 11:45:07	,	106230	,	3458	,10.499703,1999.9000,-0.88401932,-1181.1091,594887.0000,34.356,604988.5000,1999.9000,
	2026/04/30 11:45:07	,	107230	,	3459	,10.500465,1999.9000,-0.96451968,-1181.3978,594898.8750,34.359,604959.8125,1999.9000,
	2026/04/30 11:45:07	,	108230	,	3460	,10.504947,1999.9000,-1.04640019,-1182.0363,594912.1875,34.358,604869.5000,1999.9000,
	2026/04/30 11:45:07	,	109230	,	3461	,10.505497,1999.9000,-1.12901175,-1182.6676,594995.3750,34.358,604840.1875,1999.9000,
	2026/04/30 11:45:07	,	110230	,	3462	,10.506088,1999.9000,-1.21111917,-1183.1940,595155.0625,34.356,604825.4375,1999.9000,
	2026/04/30 11:45:07	,	111230	,	3463	,10.506688,1999.9000,-1.29071820,-1183.6326,595444.6250,34.356,604818.0000,1999.9000,
	2026/04/30 11:45:07	,	112230	,	3464	,10.507258,1999.9000,-1.37126887,-1183.9979,595446.3750,34.354,604813.5625,1999.9000,
	2026/04/30 11:45:07	,	113230	,	3465	,10.507746,1999.9000,-1.45180082,-1184.2030,595447.0000,34.351,604810.5625,1999.9000,
	2026/04/30 11:45:07	,	114230	,	3466	,10.508282,1999.9000,-1.53046083,-1184.2744,595447.3125,34.346,604808.1250,1999.9000,
	2026/04/30 11:45:07	,	115230	,	3467	,10.508864,1999.9000,-1.60749483,-1184.1348,595447.5000,34.341,604816.1250,1999.9000,
	2026/04/30 11:45:07	,	116230	,	3468	,10.509438,1999.9000,-1.68144059,-1184.0186,595447.6250,34.338,604935.9375,1999.9000,
	2026/04/30 11:45:07	,	117230	,	3469	,10.510018,1999.9000,-1.75081086,-1183.5239,595351.0625,34.333,604967.6875,1999.9000,
	2026/04/30 11:45:07	,	118230	,	3470	,10.510609,1999.9000,-1.81538498,-1183.0122,595330.5000,34.329,605056.1875,1999.9000,
	2026/04/30 11:45:07	,	119230	,	3471	,10.510609,1999.9000,-1.87487948,-1182.5857,595323.5000,34.323,605073.3750,1999.9000,
	2026/04/30 11:45:07	,	120230	,	3472	,10.511718,1999.9000,-1.92977953,-1182.2303,595214.0625,34.315,605087.5625,1999.9000,
	2026/04/30 11:45:07	,	121230	,	3473	,10.512233,1999.9000,-1.98233509,-1182.4315,594959.0000,34.306,605094.6250,1999.9000,
	2026/04/30 11:45:07	,	122230	,	3474	,10.512706,1999.9000,-2.02853775,-1182.5992,594853.0000,34.299,605098.9375,1999.9000,
	2026/04/30 11:45:07	,	123230	,	3475	,10.512706,1999.9000,-2.06696343,-1182.7389,594853.0000,34.292,605101.7500,1999.9000,
	2026/04/30 11:45:07	,	124230	,	3476	,10.513105,1999.9000,-2.09888506,-1183.1538,594853.0000,34.284,605104.1250,1999.9000,
	2026/04/30 11:45:07	,	125230	,	3477	,10.513464,1999.9000,-2.12391162,-1183.9969,594853.0000,34.277,605094.4375,1999.9000,
	2026/04/30 11:45:07	,	126230	,	3478	,10.513766,1999.9000,-2.14330411,-1184.9979,594853.0000,34.274,604972.1875,1999.9000,
	2026/04/30 11:45:07	,	127230	,	3479	,10.514034,1999.9000,-2.15939426,-1186.2300,594864.6875,34.272,604943.5000,1999.9000,
	2026/04/30 11:45:07	,	128230	,	3480	,10.514277,1999.9000,-2.17268586,-1187.4557,594949.5000,34.275,604853.8125,1999.9000,
	2026/04/30 11:45:07	,	129230	,	3481	,10.514460,1999.9000,-2.17268586,-1188.6760,594961.1250,34.280,604832.0625,1999.9000,
	2026/04/30 11:45:07	,	130230	,	3482	,10.514597,1999.9000,-2.17268610,-1190.1903,595077.0000,34.286,604805.8750,1999.9000,
	2026/04/30 11:45:07	,	131230	,	3483	,10.514711,1999.9000,-2.17268586,-1191.6511,595341.5625,34.292,604792.7500,1999.9000,
	2026/04/30 11:45:07	,	132230	,	3484	,10.514841,1999.9000,-2.17268586,-1192.9680,595510.7500,34.298,604784.9375,1999.9000,
	2026/04/30 11:45:07	,	133230	,	3485	,10.514950,1999.9000,-2.16756821,-1194.4634,595510.7500,34.304,604779.6250,1999.9000,
	2026/04/30 11:45:07	,	134230	,	3486	,10.515039,1999.9000,-2.15421343,-1195.3115,595510.7500,34.310,604775.3125,1999.9000,
	2026/04/30 11:45:07	,	135230	,	3487	,10.515115,1999.9000,-2.13930225,-1195.9189,595510.7500,34.311,604777.1250,1999.9000,
	2026/04/30 11:45:07	,	136230	,	3488	,10.515148,1999.9000,-2.12252522,-1196.4250,595510.7500,34.309,604787.7500,1999.9000,
	2026/04/30 11:45:07	,	137230	,	3489	,10.515170,1999.9000,-2.10217476,-1196.8468,595402.3125,34.306,604887.6250,1999.9000,
	2026/04/30 11:45:07	,	138230	,	3490	,10.515194,1999.9000,-2.07718587,-1197.1982,595375.8750,34.304,604917.5000,1999.9000,
	2026/04/30 11:45:07	,	139230	,	3491	,10.515213,1999.9000,-2.04717398,-1196.9938,595360.0625,34.302,605001.8125,1999.9000,
	2026/04/30 11:45:07	,	140230	,	3492	,10.515224,1999.9000,-2.01276302,-1196.7239,595269.4375,34.312,605033.8125,1999.9000,
	2026/04/30 11:45:07	,	141230	,	3493	,10.515235,1999.9000,-1.97743809,-1196.2006,595055.0000,34.321,605044.5000,1999.9000,
	2026/04/30 11:45:07	,	142230	,	3494	,10.515243,1999.9000,-1.93957973,-1195.7644,594812.5000,34.328,605044.5000,1999.9000,
	2026/04/30 11:45:07	,	143230	,	3495	,10.515254,1999.9000,-1.89618146,-1195.4011,594812.5000,34.334,605049.8750,1999.9000,
	2026/04/30 11:45:07	,	144230	,	3496	,10.515265,1999.9000,-1.84811962,-1195.0983,594812.5000,34.340,605053.0625,1999.9000,
	2026/04/30 11:45:07	,	145230	,	3497	,10.515273,1999.9000,-1.79407036,-1194.9453,594812.5000,34.344,605055.2500,1999.9000,
	2026/04/30 11:45:07	,	146230	,	3498	,10.515280,1999.9000,-1.73306966,-1194.8179,594812.5000,34.349,605057.0625,1999.9000,
	2026/04/30 11:45:07	,	147230	,	3499	,10.515285,1999.9000,-1.66739893,-1194.8112,594928.6250,34.355,605047.1875,1999.9000,
	2026/04/30 11:45:07	,	148230	,	3500	,10.515289,1999.9000,-1.59840679,-1194.8055,594954.8750,34.359,604929.3125,1999.9000,
	2026/04/30 11:45:07	,	149230	,	3501	,10.515299,1999.9000,-1.52669835,-1194.9004,594964.8125,34.363,604895.5000,1999.9000,
	2026/04/30 11:45:07	,	150230	,	3502	,10.515306,1999.9000,-1.45284069,-1195.2778,594979.3750,34.365,604794.6250,1999.9000,
	2026/04/30 11:45:07	,	151230	,	3503	,10.515317,1999.9000,-1.37484241,-1195.6919,595252.8125,34.359,604767.6875,1999.9000,
	2026/04/30 11:45:07	,	152230	,	3504	,10.515322,1999.9000,-1.29440510,-1196.1364,595534.0000,34.361,604747.3125,1999.9000,
	2026/04/30 11:45:07	,	153230	,	3505	,10.515330,1999.9000,-1.21564424,-1196.5068,595534.0000,34.365,604737.1250,1999.9000,
	2026/04/30 11:45:07	,	154230	,	3506	,10.515347,1999.9000,-1.13815641,-1196.8154,595534.0000,34.368,604731.0000,1999.9000,
	2026/04/30 11:45:07	,	155230	,	3507	,10.515366,1999.9000,-1.06258464,-1197.0728,595534.0000,34.369,604726.8750,1999.9000,
	2026/04/30 11:45:07	,	156230	,	3508	,10.515381,1999.9000,-0.98994344,-1197.1875,595534.0000,34.370,604723.5000,1999.9000,
	2026/04/30 11:45:07	,	157230	,	3509	,10.515395,1999.9000,-0.91785681,-1197.1837,595439.8750,34.371,604830.8750,1999.9000,
	2026/04/30 11:45:07	,	158230	,	3510	,10.515406,1999.9000,-0.84473664,-1195.9869,595407.9375,34.371,604830.8750,1999.9000,
	2026/04/30 11:45:07	,	159230	,	3511	,10.515410,1999.9000,-0.77242941,-1195.9869,595387.8125,34.372,604861.1250,1999.9000,
	2026/04/30 11:45:07	,	160230	,	3512	,10.515409,1999.9000,-0.70300871,-1191.6385,595371.3125,34.372,604992.5000,1999.9000,
	2026/04/30 11:45:07	,	161230	,	3513	,10.515417,1999.9000,-0.64011097,-1189.1776,595153.8750,34.366,604992.5000,1999.9000,
	2026/04/30 11:45:07	,	162230	,	3514	,10.515414,1999.9000,-0.58422774,-1187.1267,594880.3750,34.361,605023.7500,1999.9000,
	2026/04/30 11:45:07	,	163230	,	3515	,10.515392,1999.9000,-0.53065127,-1187.1267,594880.3750,34.353,605023.7500,1999.9000,
	2026/04/30 11:45:07	,	164230	,	3516	,10.515345,1999.9000,-0.48027632,-1185.4176,594880.3750,34.346,605030.0000,1999.9000,
	2026/04/30 11:45:07	,	165230	,	3517	,10.515305,1999.9000,-0.43411767,-1183.9934,594880.3750,34.340,605034.2500,1999.9000,
	2026/04/30 11:45:07	,	166230	,	3518	,10.515271,1999.9000,-0.39181611,-1182.8065,594880.3750,34.335,605037.6875,1999.9000,
	2026/04/30 11:45:07	,	167230	,	3519	,10.515264,1999.9000,-0.35577908,-1182.2153,594881.5000,34.330,605028.1250,1999.9000,
	2026/04/30 11:45:07	,	168230	,	3520	,10.515256,1999.9000,-0.32675034,-1181.8221,594891.3750,34.330,604899.7500,1999.9000,
	2026/04/30 11:45:07	,	169230	,	3521	,10.515250,1999.9000,-0.30297145,-1181.4946,594902.0000,34.330,604866.2500,1999.9000,
	2026/04/30 11:45:07	,	170230	,	3522	,10.515240,1999.9000,-0.28274080,-1181.5200,594985.8750,34.330,604765.6875,1999.9000,
	2026/04/30 11:45:07	,	171230	,	3523	,10.515212,1999.9000,-0.26284420,-1181.6407,595158.0625,34.329,604736.6875,1999.9000,
	2026/04/30 11:45:07	,	172230	,	3524	,10.515190,1999.9000,-0.24083629,-1182.3381,595450.6250,34.329,604653.9375,1999.9000,
	2026/04/30 11:45:07	,	173230	,	3525	,10.515190,1999.9000,-0.22123590,-1183.1182,595471.1250,34.329,604653.9375,1999.9000,
	2026/04/30 11:45:07	,	174230	,	3526	,10.515182,1999.9000,-0.20464803,-1183.9673,595478.0000,34.329,604653.9375,1999.9000,
	2026/04/30 11:45:07	,	175230	,	3527	,10.515174,1999.9000,-0.19191091,-1185.2716,595481.3750,34.329,604653.9375,1999.9000,
	2026/04/30 11:45:07	,	176230	,	3528	,10.515167,1999.9000,-0.19106956,-1186.3585,595483.5000,34.326,604653.9375,1999.9000,
	2026/04/30 11:45:07	,	177230	,	3529	,10.515162,1999.9000,-0.19078910,-1187.2644,595484.8750,34.320,604663.5625,1999.9000,
	2026/04/30 11:45:07	,	178230	,	3530	,10.515173,1999.9000,-0.19064887,-1188.0193,595399.3750,34.315,604767.4375,1999.9000,
	2026/04/30 11:45:07	,	179230	,	3531	,10.515182,1999.9000,-0.19056472,-1188.7478,595379.6875,34.314,604792.1875,1999.9000,
	2026/04/30 11:45:07	,	180230	,	3532	,10.515218,1999.9000,-0.19050863,-1189.3550,595372.1250,34.307,604879.8125,1999.9000,
	2026/04/30 11:45:07	,	181230	,	3533	,10.515254,1999.9000,-0.19317138,-1189.7614,595258.1875,34.302,604916.0000,1999.9000,
	2026/04/30 11:45:07	,	182230	,	3534	,10.515285,1999.9000,-0.19949898,-1189.9010,594993.6250,34.303,605010.8750,1999.9000,
	2026/04/30 11:45:07	,	183230	,	3535	,10.515325,1999.9000,-0.20525937,-1189.9180,594861.9375,34.304,605010.8750,1999.9000,
	2026/04/30 11:45:07	,	184230	,	3536	,10.515357,1999.9000,-0.20949458,-1189.3352,594861.9375,34.305,605010.8750,1999.9000,
	2026/04/30 11:45:07	,	185230	,	3537	,10.515384,1999.9000,-0.21318145,-1188.8496,594861.9375,34.307,605010.8750,1999.9000,
	2026/04/30 11:45:07	,	186230	,	3538	,10.515407,1999.9000,-0.21531166,-1188.4449,594861.9375,34.309,605010.8750,1999.9000,
	2026/04/30 11:45:07	,	187230	,	3539	,10.515421,1999.9000,-0.21573707,-1188.1078,594861.9375,34.312,604999.4375,1999.9000,
	2026/04/30 11:45:07	,	188230	,	3540	,10.515432,1999.9000,-0.21587887,-1187.8268,594944.7500,34.315,604865.9375,1999.9000,
	2026/04/30 11:45:07	,	189230	,	3541	,10.515433,1999.9000,-0.21594977,-1187.9905,594959.9375,34.317,604834.5000,1999.9000,
	2026/04/30 11:45:07	,	190230	,	3542	,10.515433,1999.9000,-0.21599233,-1188.2263,594970.5625,34.319,604738.4375,1999.9000,
	2026/04/30 11:45:07	,	191230	,	3543	,10.515433,1999.9000,-0.21602069,-1189.3181,595087.7500,34.321,604715.8125,1999.9000,
	2026/04/30 11:45:07	,	192230	,	3544	,10.515433,1999.9000,-0.21615879,-1190.3275,595349.3125,34.317,604693.3750,1999.9000,
	2026/04/30 11:45:07	,	193230	,	3545	,10.515433,1999.9000,-0.21634115,-1191.1687,595528.0625,34.314,604682.1250,1999.9000,
	2026/04/30 11:45:07	,	194230	,	3546	,10.515427,1999.9000,-0.21649310,-1191.8696,595528.0625,34.312,604675.3750,1999.9000,
	2026/04/30 11:45:07	,	195230	,	3547	,10.515423,1999.9000,-0.21661972,-1192.4539,595528.0625,34.310,604670.8750,1999.9000,
	2026/04/30 11:45:07	,	196230	,	3548	,10.515426,1999.9000,-0.21683340,-1192.8411,595528.0625,34.309,604667.1250,1999.9000,
	2026/04/30 11:45:07	,	197230	,	3549	,10.515427,1999.9000,-0.22417909,-1192.2686,595528.0625,34.307,604672.1875,1999.9000,
	2026/04/30 11:45:07	,	198230	,	3550	,10.515427,1999.9000,-0.23001511,-1191.4930,595427.9375,34.306,604765.0625,1999.9000,
	2026/04/30 11:45:07	,	199230	,	3551	,10.515437,1999.9000,-0.23461583,-1190.7473,595408.3125,34.307,604794.0625,1999.9000,
	2026/04/30 11:45:07	,	200230	,	3552	,10.515447,1999.9000,-0.23810107,-1189.9270,595395.0000,34.310,604884.6250,1999.9000,
	2026/04/30 11:45:07	,	201230	,	3553	,10.515453,1999.9000,-0.24117032,-1189.2433,595375.1250,34.313,604910.5625,1999.9000,
	2026/04/30 11:45:07	,	202230	,	3554	,10.515460,1999.9000,-0.24717648,-1188.6736,595125.3125,34.320,605011.4375,1999.9000,
	2026/04/30 11:45:07	,	203230	,	3555	,10.515465,1999.9000,-0.25337803,-1188.1989,594849.3750,34.322,605011.4375,1999.9000,
	2026/04/30 11:45:07	,	204230	,	3556	,10.515469,1999.9000,-0.25405237,-1188.1017,594849.3750,34.323,605011.4375,1999.9000,
	2026/04/30 11:45:07	,	205230	,	3557	,10.515478,1999.9000,-0.25427717,-1188.0206,594849.3750,34.324,605011.4375,1999.9000,
	2026/04/30 11:45:07	,	206230	,	3558	,10.515491,1999.9000,-0.25438955,-1187.9531,594849.3750,34.330,605011.4375,1999.9000,
	2026/04/30 11:45:07	,	207230	,	3559	,10.515506,1999.9000,-0.25445700,-1187.9963,594849.3750,34.330,605010.3125,1999.9000,
	2026/04/30 11:45:07	,	208230	,	3560	,10.515518,1999.9000,-0.25450194,-1188.4302,594953.1250,34.330,604928.6875,1999.9000,
	2026/04/30 11:45:07	,	209230	,	3561	,10.515529,1999.9000,-0.25140539,-1188.7917,594971.8125,34.333,604897.9375,1999.9000,
	2026/04/30 11:45:07	,	210230	,	3562	,10.515532,1999.9000,-0.24773110,-1189.0931,594979.8750,34.330,604804.3125,1999.9000,
	2026/04/30 11:45:07	,	211230	,	3563	,10.515536,1999.9000,-0.24393077,-1189.3444,594993.4375,34.324,604772.0625,1999.9000,
	2026/04/30 11:45:07	,	212230	,	3564	,10.515538,1999.9000,-0.23765990,-1189.4541,595251.5625,34.323,604688.3750,1999.9000,
	2026/04/30 11:45:07	,	213230	,	3565	,10.515539,1999.9000,-0.23118734,-1189.5455,595532.8125,34.322,604688.3750,1999.9000,
	2026/04/30 11:45:07	,	214230	,	3566	,10.515542,1999.9000,-0.23108967,-1189.6217,595532.8125,34.317,604688.3750,1999.9000,
	2026/04/30 11:45:07	,	215230	,	3567	,10.515544,1999.9000,-0.23105709,-1189.5858,595532.8125,34.313,604688.3750,1999.9000,
	2026/04/30 11:45:07	,	216230	,	3568	,10.515545,1999.9000,-0.23104082,-1189.5558,595532.8125,34.311,604688.3750,1999.9000,
	2026/04/30 11:45:07	,	217230	,	3569	,10.515546,1999.9000,-0.23103105,-1189.5309,595532.8125,34.308,604690.7500,1999.9000,
	2026/04/30 11:45:07	,	218230	,	3570	,10.515547,1999.9000,-0.23102455,-1189.6095,595450.0000,34.305,604778.9375,1999.9000,
	2026/04/30 11:45:07	,	219230	,	3571	,10.515538,1999.9000,-0.23126911,-1189.6750,595416.6250,34.304,604807.0625,1999.9000,
	2026/04/30 11:45:07	,	220230	,	3572	,10.515530,1999.9000,-0.23354445,-1189.9287,595397.5000,34.304,604895.5000,1999.9000,
	2026/04/30 11:45:07	,	221230	,	3573	,10.515533,1999.9000,-0.23403919,-1190.2396,595381.0000,34.303,604929.0000,1999.9000,
	2026/04/30 11:45:07	,	222230	,	3574	,10.515542,1999.9000,-0.23883845,-1190.5980,595176.5625,34.303,605025.3750,1999.9000,
	2026/04/30 11:45:07	,	223230	,	3575	,10.515549,1999.9000,-0.24581517,-1190.8967,594895.8750,34.305,605046.5625,1999.9000,
	2026/04/30 11:45:07	,	224230	,	3576	,10.515554,1999.9000,-0.24675424,-1191.1456,594895.8750,34.309,605053.5625,1999.9000,
	2026/04/30 11:45:07	,	225230	,	3577	,10.515559,1999.9000,-0.24706724,-1191.3530,594895.8750,34.312,605057.1250,1999.9000,
	2026/04/30 11:45:07	,	226230	,	3578	,10.515558,1999.9000,-0.24722376,-1191.4265,594895.8750,34.315,605059.1875,1999.9000,
	2026/04/30 11:45:07	,	227230	,	3579	,10.515562,1999.9000,-0.24731766,-1191.3882,594895.8750,34.317,605060.6250,1999.9000,
	2026/04/30 11:45:07	,	228230	,	3580	,10.515570,1999.9000,-0.24738026,-1191.2567,594896.2500,34.319,605048.5625,1999.9000,
	2026/04/30 11:45:07	,	229230	,	3581	,10.515573,1999.9000,-0.24457359,-1190.5504,594906.9375,34.320,604919.0625,1999.9000,
	2026/04/30 11:45:07	,	230230	,	3582	,10.515569,1999.9000,-0.24359359,-1189.9618,594987.6250,34.322,604887.9375,1999.9000,
	2026/04/30 11:45:07	,	231230	,	3583	,10.515554,1999.9000,-0.24135309,-1189.4713,594993.5625,34.324,604786.1875,1999.9000,
	2026/04/30 11:45:07	,	232230	,	3584	,10.515539,1999.9000,-0.23813887,-1189.0626,595139.5625,34.325,604754.8125,1999.9000,
	2026/04/30 11:45:07	,	233230	,	3585	,10.515531,1999.9000,-0.23202556,-1188.9209,595436.8750,34.324,604742.3125,1999.9000,
	2026/04/30 11:45:07	,	234230	,	3586	,10.515524,1999.9000,-0.22756349,-1189.2007,595465.5000,34.323,604736.0625,1999.9000,
	2026/04/30 11:45:07	,	235230	,	3587	,10.515523,1999.9000,-0.22756349,-1189.3344,595475.0000,34.324,604732.3125,1999.9000,
	2026/04/30 11:45:07	,	236230	,	3588	,10.515517,1999.9000,-0.22756349,-1189.6448,595479.7500,34.326,604729.8750,1999.9000,
	2026/04/30 11:45:07	,	237230	,	3589	,10.515505,1999.9000,-0.22756349,-1189.9034,595482.6250,34.330,604727.8125,1999.9000,
	2026/04/30 11:45:07	,	238230	,	3590	,10.515468,1999.9000,-0.22756349,-1190.1190,595484.5000,34.332,604737.5625,1999.9000,
	2026/04/30 11:45:07	,	239230	,	3591	,10.515462,1999.9000,-0.22780088,-1190.2986,595395.8125,34.335,604849.0000,1999.9000,
	2026/04/30 11:45:07	,	240230	,	3592	,10.515471,1999.9000,-0.23121886,-1190.3486,595377.6250,34.337,604877.6875,1999.9000,
	2026/04/30 11:45:07	,	241230	,	3593	,10.515495,1999.9000,-0.23353814,-1190.3905,595364.4375,34.338,604904.1250,1999.9000,
	2026/04/30 11:45:07	,	242230	,	3594	,10.515514,1999.9000,-0.23778595,-1190.4253,595239.6875,34.340,605011.4375,1999.9000,
	2026/04/30 11:45:07	,	243230	,	3595	,10.515487,1999.9000,-0.23778595,-1190.4545,594985.2500,34.341,605050.4375,1999.9000,
	2026/04/30 11:45:07	,	244230	,	3596	,10.515463,1999.9000,-0.25160706,-1190.4786,594844.6250,34.342,605063.4375,1999.9000,
	2026/04/30 11:45:07	,	245230	,	3597	,10.515442,1999.9000,-0.25160706,-1190.3993,594844.6250,34.341,605069.9375,1999.9000,
	2026/04/30 11:45:07	,	246230	,	3598	,10.515426,1999.9000,-0.25160706,-1190.0348,594844.6250,34.340,605073.8125,1999.9000,
	2026/04/30 11:45:07	,	247230	,	3599	,10.515411,1999.9000,-0.25160706,-1189.6315,594844.6250,34.340,605076.3750,1999.9000,
	2026/04/30 11:45:07	,	248230	,	3600	,10.515386,1999.9000,-0.25160706,-1189.3949,594844.6250,34.338,605068.1250,1999.9000,
	2026/04/30 11:45:07	,	249230	,	3601	,10.515363,1999.9000,-0.25132135,-1189.4962,594929.8750,34.338,604953.5000,1999.9000,
	2026/04/30 11:45:07	,	250230	,	3602	,10.515345,1999.9000,-0.24806513,-1189.5807,594929.8750,34.338,604924.5000,1999.9000,
	2026/04/30 11:45:07	,	251230	,	3603	,10.515345,1999.9000,-0.24733406,-1189.6511,594947.7500,34.338,604839.3125,1999.9000,
	2026/04/30 11:45:07	,	252230	,	3604	,10.515345,1999.9000,-0.24380472,-1189.7097,594954.6875,34.339,604816.9375,1999.9000,
	2026/04/30 11:45:07	,	253230	,	3605	,10.515325,1999.9000,-0.23697294,-1189.7585,595059.7500,34.339,604790.0000,1999.9000,
	2026/04/30 11:45:07	,	254230	,	3606	,10.515312,1999.9000,-0.23697294,-1189.7992,595328.4375,34.339,604776.5000,1999.9000,
	2026/04/30 11:45:07	,	255230	,	3607	,10.515317,1999.9000,-0.23046258,-1189.8333,595505.3750,34.338,604768.3750,1999.9000,
	2026/04/30 11:45:07	,	256230	,	3608	,10.515331,1999.9000,-0.23039746,-1189.8616,595505.3750,34.340,604762.9375,1999.9000,
	2026/04/30 11:45:07	,	257230	,	3609	,10.515344,1999.9000,-0.23036489,-1189.8850,595505.3750,34.341,604758.4375,1999.9000,
	2026/04/30 11:45:07	,	258230	,	3610	,10.515353,1999.9000,-0.23034534,-1189.8052,595505.3750,34.343,604766.9375,1999.9000,
	2026/04/30 11:45:07	,	259230	,	3611	,10.515362,1999.9000,-0.23033231,-1189.6392,595399.9375,34.345,604892.4375,1999.9000,
	2026/04/30 11:45:07	,	260230	,	3612	,10.515368,1999.9000,-0.23358856,-1189.3018,595371.1250,34.350,604975.2500,1999.9000,
	2026/04/30 11:45:07	,	261230	,	3613	,10.515368,1999.9000,-0.23623556,-1189.0209,595356.2500,34.351,605058.5625,1999.9000,
	2026/04/30 11:45:07	,	262230	,	3614	,10.515370,1999.9000,-0.23623556,-1188.7866,595356.2500,34.352,605145.5625,1999.9000,
	2026/04/30 11:45:07	,	263230	,	3615	,10.515376,1999.9000,-0.23883215,-1188.5914,595275.4375,34.352,605146.5000,1999.9000,
	2026/04/30 11:45:07	,	264230	,	3616	,10.515380,1999.9000,-0.24480680,-1188.4287,595068.0625,34.353,605146.8125,1999.9000,
	2026/04/30 11:45:07	,	265230	,	3617	,10.515384,1999.9000,-0.25086340,-1188.4922,594806.5000,34.353,605146.9375,1999.9000,
	2026/04/30 11:45:07	,	266230	,	3618	,10.515383,1999.9000,-0.25188437,-1188.5450,594806.5000,34.354,605147.0000,1999.9000,
	2026/04/30 11:45:07	,	267230	,	3619	,10.515381,1999.9000,-0.25222471,-1188.8875,594806.5000,34.356,605147.0625,1999.9000,
	2026/04/30 11:45:07	,	268230	,	3620	,10.515365,1999.9000,-0.25239486,-1189.1729,594806.5000,34.357,605134.0625,1999.9000,
	2026/04/30 11:45:07	,	269230	,	3621	,10.515350,1999.9000,-0.25249696,-1189.4106,594806.5000,34.358,604987.3125,1999.9000,
	2026/04/30 11:45:07	,	270230	,	3622	,10.515355,1999.9000,-0.25256503,-1189.3104,594917.3750,34.359,604949.9375,1999.9000,
	2026/04/30 11:45:07	,	271230	,	3623	,10.515368,1999.9000,-0.25010079,-1189.2268,594944.1250,34.360,604844.7500,1999.9000,
	2026/04/30 11:45:07	,	272230	,	3624	,10.515368,1999.9000,-0.24725212,-1189.1572,594957.2500,34.361,604814.0000,1999.9000,
	2026/04/30 11:45:07	,	273230	,	3625	,10.515370,1999.9000,-0.24408203,-1189.0992,594972.7500,34.360,604725.7500,1999.9000,
	2026/04/30 11:45:07	,	274230	,	3626	,10.515366,1999.9000,-0.23751493,-1188.9514,595225.3750,34.359,604725.7500,1999.9000,
	2026/04/30 11:45:07	,	275230	,	3627	,10.515362,1999.9000,-0.23029871,-1188.8282,595516.7500,34.360,604725.7500,1999.9000,
	2026/04/30 11:45:07	,	276230	,	3628	,10.515359,1999.9000,-0.22696477,-1188.7256,595516.7500,34.363,604725.7500,1999.9000,
	2026/04/30 11:45:07	,	277230	,	3629	,10.515357,1999.9000,-0.22696477,-1188.6400,595516.7500,34.364,604725.7500,1999.9000,
	2026/04/30 11:45:07	,	278230	,	3630	,10.515355,1999.9000,-0.22696477,-1188.5687,595516.7500,34.366,604731.6875,1999.9000,
	2026/04/30 11:45:07	,	279230	,	3631	,10.515343,1999.9000,-0.22696477,-1188.6088,595516.7500,34.367,604823.0000,1999.9000,
	2026/04/30 11:45:07	,	280230	,	3632	,10.515332,1999.9000,-0.22696477,-1188.6422,595422.0000,34.368,604852.0000,1999.9000,
	2026/04/30 11:45:07	,	281230	,	3633	,10.515325,1999.9000,-0.23008443,-1188.8690,595383.5625,34.369,604937.8125,1999.9000,
	2026/04/30 11:45:07	,	282230	,	3634	,10.515317,1999.9000,-0.23269992,-1189.3563,595366.1250,34.370,604965.8750,1999.9000,
	2026/04/30 11:45:07	,	283230	,	3635	,10.515322,1999.9000,-0.23497508,-1189.7626,595352.2500,34.369,605054.3750,1999.9000,
	2026/04/30 11:45:07	,	284230	,	3636	,10.515326,1999.9000,-0.23989725,-1190.1011,595167.5625,34.367,605054.3750,1999.9000,
	2026/04/30 11:45:07	,	285230	,	3637	,10.515338,1999.9000,-0.24625634,-1190.3832,594899.5000,34.365,605054.3750,1999.9000,
	2026/04/30 11:45:07	,	286230	,	3638	,10.515353,1999.9000,-0.25067431,-1190.6182,594887.2500,34.362,605054.3750,1999.9000,
	2026/04/30 11:45:07	,	287230	,	3639	,10.515371,1999.9000,-0.25067431,-1190.8141,594883.1875,34.359,605054.3750,1999.9000,
	2026/04/30 11:45:07	,	288230	,	3640	,10.515387,1999.9000,-0.25067431,-1190.9773,594881.1250,34.356,605053.2500,1999.9000,
	2026/04/30 11:45:07	,	289230	,	3641	,10.515387,1999.9000,-0.25067431,-1191.3123,594879.8750,34.353,604964.3125,1999.9000,
	2026/04/30 11:45:07	,	290230	,	3642	,10.515409,1999.9000,-0.25067431,-1191.3925,594879.0625,34.350,604927.1875,1999.9000,
	2026/04/30 11:45:07	,	291230	,	3643	,10.515417,1999.9000,-0.24786974,-1191.4594,594888.3125,34.348,604827.2500,1999.9000,
	2026/04/30 11:45:07	,	292230	,	3644	,10.515424,1999.9000,-0.24520384,-1191.5149,594900.8750,34.348,604796.5000,1999.9000,
	2026/04/30 11:45:07	,	293230	,	3645	,10.515429,1999.9000,-0.24280892,-1191.5614,594985.2500,34.348,604711.3125,1999.9000,
	2026/04/30 11:45:07	,	294230	,	3646	,10.515421,1999.9000,-0.23812628,-1191.6000,595121.1250,34.346,604711.3125,1999.9000,
	2026/04/30 11:45:07	,	295230	,	3647	,10.515413,1999.9000,-0.23147096,-1191.5328,595400.5625,34.344,604711.3125,1999.9000,
	2026/04/30 11:45:07	,	296230	,	3648	,10.515407,1999.9000,-0.22709711,-1191.3773,595438.9375,34.343,604711.3125,1999.9000,
	2026/04/30 11:45:07	,	297230	,	3649	,10.515402,1999.9000,-0.22709711,-1191.2477,595451.7500,34.336,604711.3125,1999.9000,
	2026/04/30 11:45:07	,	298230	,	3650	,10.515396,1999.9000,-0.22709711,-1191.1396,595458.1875,34.336,604713.4375,1999.9000,
	2026/04/30 11:45:07	,	299230	,	3651	,10.515392,1999.9000,-0.22709711,-1191.0496,595462.0000,34.330,604726.5000,1999.9000,
	2026/04/30 11:45:07	,	300230	,	3652	,10.515384,1999.9000,-0.22709711,-1190.6763,595464.5625,34.325,604726.5000,1999.9000,
	2026/04/30 11:45:07	,	301230	,	3653	,10.515377,1999.9000,-0.23007812,-1190.2656,595452.1875,34.321,604848.3750,1999.9000,
	2026/04/30 11:45:07	,	302230	,	3654	,10.515371,1999.9000,-0.23276925,-1189.8240,595349.9375,34.318,604876.7500,1999.9000,
	2026/04/30 11:45:07	,	303230	,	3655	,10.515372,1999.9000,-0.23507592,-1189.6548,595341.2500,34.315,604963.1875,1999.9000,
	2026/04/30 11:45:07	,	304230	,	3656	,10.515372,1999.9000,-0.23903382,-1189.3149,595243.8125,34.312,604989.7500,1999.9000,
	2026/04/30 11:45:07	,	305230	,	3657	,10.515368,1999.9000,-0.24601685,-1189.0317,594996.0000,34.312,605006.0625,1999.9000,
	2026/04/30 11:45:07	,	306230	,	3658	,10.515363,1999.9000,-0.25140539,-1188.7957,594836.8750,34.313,605014.2500,1999.9000,
	2026/04/30 11:45:07	,	307230	,	3659	,10.515360,1999.9000,-0.25140539,-1188.5990,594836.8750,34.316,605019.1250,1999.9000,
	2026/04/30 11:45:07	,	308230	,	3660	,10.515357,1999.9000,-0.25140539,-1188.6340,594836.8750,34.318,605022.4375,1999.9000,
	2026/04/30 11:45:07	,	309230	,	3661	,10.515345,1999.9000,-0.25140539,-1189.0612,594836.8750,34.319,605025.1250,1999.9000,
	2026/04/30 11:45:07	,	310230	,	3662	,10.515325,1999.9000,-0.25140539,-1189.4171,594836.8750,34.319,605014.5000,1999.9000,
	2026/04/30 11:45:07	,	311230	,	3663	,10.515327,1999.9000,-0.24906720,-1189.7136,594923.8750,34.318,604883.4375,1999.9000,
	2026/04/30 11:45:07	,	312230	,	3664	,10.515327,1999.9000,-0.24802415,-1189.9607,594941.4375,34.316,604849.3125,1999.9000,
	2026/04/30 11:45:07	,	313230	,	3665	,10.515326,1999.9000,-0.24557568,-1190.1667,594952.8750,34.312,604745.1250,1999.9000,
	2026/04/30 11:45:07	,	314230	,	3666	,10.515307,1999.9000,-0.24313666,-1190.3384,595060.3125,34.304,604716.1250,1999.9000,
	2026/04/30 11:45:07	,	315230	,	3667	,10.515309,1999.9000,-0.23728804,-1190.3820,595320.0625,34.297,604699.3750,1999.9000,
	2026/04/30 11:45:07	,	316230	,	3668	,10.515315,1999.9000,-0.23241632,-1190.3188,595534.6250,34.292,604691.0000,1999.9000,
	2026/04/30 11:45:07	,	317230	,	3669	,10.515326,1999.9000,-0.23241632,-1190.2662,595534.6250,34.292,604686.0000,1999.9000,
	2026/04/30 11:45:07	,	318230	,	3670	,10.515328,1999.9000,-0.23241632,-1190.2224,595534.6250,34.292,604682.6875,1999.9000,
	2026/04/30 11:45:07	,	319230	,	3671	,10.515330,1999.9000,-0.23241632,-1190.2853,595534.6250,34.287,604679.8750,1999.9000,
	2026/04/30 11:45:07	,	320230	,	3672	,10.515332,1999.9000,-0.23241632,-1190.3376,595534.6250,34.288,604687.4375,1999.9000,
	2026/04/30 11:45:07	,	321230	,	3673	,10.515334,1999.9000,-0.23259698,-1190.3813,595412.4375,34.288,604790.4375,1999.9000,
	2026/04/30 11:45:07	,	322230	,	3674	,10.515337,1999.9000,-0.23616624,-1190.4178,595385.3750,34.289,604816.3750,1999.9000,
	2026/04/30 11:45:07	,	323230	,	3675	,10.515343,1999.9000,-0.23837836,-1190.4481,595370.8125,34.291,604843.1875,1999.9000,
	2026/04/30 11:45:07	,	324230	,	3676	,10.515347,1999.9000,-0.24117032,-1190.4733,595352.1875,34.292,604951.6250,1999.9000,
	2026/04/30 11:45:07	,	325230	,	3677	,10.515356,1999.9000,-0.24742858,-1190.4943,595109.1875,34.294,604984.9375,1999.9000,
	2026/04/30 11:45:07	,	326230	,	3678	,10.515365,1999.9000,-0.25330871,-1190.5118,594847.0000,34.295,604996.0000,1999.9000,
	2026/04/30 11:45:07	,	327230	,	3679	,10.515380,1999.9000,-0.25330871,-1190.5265,594847.0000,34.297,605001.5625,1999.9000,
	2026/04/30 11:45:07	,	328230	,	3680	,10.515393,1999.9000,-0.25330871,-1190.5387,594847.0000,34.299,605004.9375,1999.9000,
	2026/04/30 11:45:07	,	329230	,	3681	,10.515405,1999.9000,-0.25330871,-1190.5488,594847.0000,34.305,604997.3750,1999.9000,
	2026/04/30 11:45:07	,	330230	,	3682	,10.515414,1999.9000,-0.25330871,-1190.5574,594847.0000,34.305,604997.3750,1999.9000,
	2026/04/30 11:45:07	,	331230	,	3683	,10.515410,1999.9000,-0.25306711,-1190.2660,594935.2500,34.308,604879.8125,1999.9000,
	2026/04/30 11:45:07	,	332230	,	3684	,10.515399,1999.9000,-0.24989280,-1189.6254,594955.5000,34.309,604849.3125,1999.9000,
	2026/04/30 11:45:07	,	333230	,	3685	,10.515390,1999.9000,-0.24926257,-1189.5887,594964.1875,34.313,604763.8125,1999.9000,
	2026/04/30 11:45:07	,	334230	,	3686	,10.515372,1999.9000,-0.24710086,-1189.7573,594973.9375,34.315,604735.1875,1999.9000,
	2026/04/30 11:45:07	,	335230	,	3687	,10.515357,1999.9000,-0.24176276,-1189.8977,595202.6875,34.317,604646.6875,1999.9000,
	2026/04/30 11:45:07	,	336230	,	3688	,10.515345,1999.9000,-0.23596457,-1189.8158,595498.8750,34.318,604646.6875,1999.9000,
	2026/04/30 11:45:07	,	337230	,	3689	,10.515334,1999.9000,-0.23596457,-1189.2501,595498.8750,34.316,604646.6875,1999.9000,
	2026/04/30 11:45:07	,	338230	,	3690	,10.515326,1999.9000,-0.23596457,-1188.7787,595498.8750,34.315,604646.6875,1999.9000,
	2026/04/30 11:45:07	,	339230	,	3691	,10.515314,1999.9000,-0.23596457,-1188.3859,595498.8750,34.314,604646.6875,1999.9000,
	2026/04/30 11:45:07	,	340230	,	3692	,10.515304,1999.9000,-0.23596457,-1188.2576,595498.8750,34.317,604654.1250,1999.9000,
	2026/04/30 11:45:07	,	341230	,	3693	,10.515300,1999.9000,-0.23599397,-1188.1506,595490.1250,34.315,604772.3125,1999.9000,
	2026/04/30 11:45:07	,	342230	,	3694	,10.515297,1999.9000,-0.23844768,-1187.8624,595385.0625,34.314,604801.8750,1999.9000,
	2026/04/30 11:45:07	,	343230	,	3695	,10.515310,1999.9000,-0.23924810,-1187.3239,595380.3125,34.314,604827.4375,1999.9000,
	2026/04/30 11:45:07	,	344230	,	3696	,10.515301,1999.9000,-0.24152325,-1186.5767,595371.1875,34.313,604934.7500,1999.9000,
	2026/04/30 11:45:07	,	345230	,	3697	,10.515292,1999.9000,-0.24606727,-1185.9540,595209.8750,34.319,604969.8125,1999.9000,
	2026/04/30 11:45:07	,	346230	,	3698	,10.515285,1999.9000,-0.25180873,-1185.6340,594941.1250,34.323,604981.5000,1999.9000,
	2026/04/30 11:45:07	,	347230	,	3699	,10.515301,1999.9000,-0.25180873,-1185.3674,594923.0625,34.327,604987.3125,1999.9000,
	2026/04/30 11:45:07	,	348230	,	3700	,10.515323,1999.9000,-0.25180873,-1185.1453,594917.0000,34.326,604990.8750,1999.9000,
	2026/04/30 11:45:07	,	349230	,	3701	,10.515346,1999.9000,-0.25180873,-1184.9601,594914.0000,34.323,604993.1250,1999.9000,
	2026/04/30 11:45:07	,	350230	,	3702	,10.515370,1999.9000,-0.25180873,-1185.0048,594912.1875,34.321,604990.0625,1999.9000,
	2026/04/30 11:45:07	,	351230	,	3703	,10.515380,1999.9000,-0.25154406,-1185.3405,594910.8750,34.319,604893.0625,1999.9000,
	2026/04/30 11:45:07	,	352230	,	3704	,10.515388,1999.9000,-0.24686766,-1185.6201,594922.5000,34.317,604857.1250,1999.9000,
	2026/04/30 11:45:07	,	353230	,	3705	,10.515396,1999.9000,-0.24411982,-1186.3506,595004.9375,34.316,604766.8750,1999.9000,
	2026/04/30 11:45:07	,	354230	,	3706	,10.515403,1999.9000,-0.24159259,-1186.9594,595015.0625,34.315,604744.4375,1999.9000,
	2026/04/30 11:45:07	,	355230	,	3707	,10.515411,1999.9000,-0.23606540,-1187.4667,595164.0000,34.314,604718.9375,1999.9000,
	2026/04/30 11:45:07	,	356230	,	3708	,10.515420,1999.9000,-0.22889328,-1187.8893,595446.4375,34.315,604706.1875,1999.9000,
	2026/04/30 11:45:07	,	357230	,	3709	,10.515417,1999.9000,-0.22560345,-1188.2416,595482.1250,34.319,604698.5000,1999.9000,
	2026/04/30 11:45:07	,	358230	,	3710	,10.515410,1999.9000,-0.22560345,-1188.5352,595494.0625,34.323,604693.4375,1999.9000,
	2026/04/30 11:45:07	,	359230	,	3711	,10.515404,1999.9000,-0.22560345,-1188.7797,595499.9375,34.327,604689.1875,1999.9000,
	2026/04/30 11:45:07	,	360230	,	3712	,10.515403,1999.9000,-0.22560345,-1188.9835,595503.5000,34.330,604687.7500,1999.9000,
	2026/04/30 11:45:07	,	361230	,	3713	,10.515403,1999.9000,-0.22560345,-1189.1534,595505.8750,34.333,604698.6875,1999.9000,
	2026/04/30 11:45:07	,	362230	,	3714	,10.515411,1999.9000,-0.22852145,-1189.2950,595492.8750,34.335,604814.0000,1999.9000,
	2026/04/30 11:45:07	,	363230	,	3715	,10.515420,1999.9000,-0.23121886,-1189.3135,595376.1250,34.337,604842.6875,1999.9000,
	2026/04/30 11:45:07	,	364230	,	3716	,10.515417,1999.9000,-0.23361377,-1189.3289,595363.5625,34.343,604934.7500,1999.9000,
	2026/04/30 11:45:07	,	365230	,	3717	,10.515414,1999.9000,-0.23822080,-1189.3417,595267.0625,34.348,604970.3750,1999.9000,
	2026/04/30 11:45:07	,	366230	,	3718	,10.515422,1999.9000,-0.24538030,-1189.3524,595022.2500,34.347,604986.3125,1999.9000,
	2026/04/30 11:45:07	,	367230	,	3719	,10.515429,1999.9000,-0.25081298,-1189.3613,594853.6250,34.344,604994.2500,1999.9000,
	2026/04/30 11:45:07	,	368230	,	3720	,10.515423,1999.9000,-0.25081298,-1189.3688,594853.6250,34.341,604999.0625,1999.9000,
	2026/04/30 11:45:07	,	369230	,	3721	,10.515419,1999.9000,-0.25081298,-1189.3750,594853.6250,34.339,605002.2500,1999.9000,
	2026/04/30 11:45:07	,	370230	,	3722	,10.515417,1999.9000,-0.25081298,-1189.3801,594853.6250,34.337,605004.9375,1999.9000,
	2026/04/30 11:45:07	,	371230	,	3723	,10.515405,1999.9000,-0.25081298,-1189.3844,594853.6250,34.336,604994.1250,1999.9000,
	2026/04/30 11:45:07	,	372230	,	3724	,10.515395,1999.9000,-0.25047264,-1189.3881,594950.7500,34.334,604874.3125,1999.9000,
	2026/04/30 11:45:07	,	373230	,	3725	,10.515387,1999.9000,-0.24649583,-1189.3910,594969.1250,34.333,604846.8750,1999.9000,
	2026/04/30 11:45:07	,	374230	,	3726	,10.515380,1999.9000,-0.24649583,-1189.3910,594979.8750,34.340,604759.6250,1999.9000,
	2026/04/30 11:45:07	,	375230	,	3727	,10.515373,1999.9000,-0.24144761,-1189.2131,595079.3750,34.346,604732.0625,1999.9000,
	2026/04/30 11:45:07	,	376230	,	3728	,10.515368,1999.9000,-0.23556121,-1189.0464,595335.0000,34.353,604709.6250,1999.9000,
	2026/04/30 11:45:07	,	377230	,	3729	,10.515365,1999.9000,-0.23518622,-1188.8079,595557.8750,34.360,604698.4375,1999.9000,
	2026/04/30 11:45:07	,	378230	,	3730	,10.515361,1999.9000,-0.23506121,-1188.4102,595557.8750,34.365,604691.6875,1999.9000,
	2026/04/30 11:45:07	,	379230	,	3731	,10.515363,1999.9000,-0.23499872,-1187.9792,595557.8750,34.370,604687.1875,1999.9000,
	2026/04/30 11:45:07	,	380230	,	3732	,10.515365,1999.9000,-0.23496123,-1187.6201,595557.8750,34.372,604683.5000,1999.9000,
	2026/04/30 11:45:07	,	381230	,	3733	,10.515361,1999.9000,-0.23493622,-1187.6201,595557.8750,34.372,604690.6875,1999.9000,
	2026/04/30 11:45:07	,	382230	,	3734	,10.515358,1999.9000,-0.23818301,-1187.3210,595444.6250,34.373,604784.3750,1999.9000,
	2026/04/30 11:45:07	,	383230	,	3735	,10.515361,1999.9000,-0.24106318,-1187.1711,595415.3750,34.368,604811.8750,1999.9000,
	2026/04/30 11:45:07	,	384230	,	3736	,10.515363,1999.9000,-0.24320599,-1187.2451,595396.1875,34.365,604905.1250,1999.9000,
	2026/04/30 11:45:07	,	385230	,	3737	,10.515365,1999.9000,-0.24617442,-1187.5057,595376.3750,34.362,604941.6875,1999.9000,
	2026/04/30 11:45:07	,	386230	,	3738	,10.515370,1999.9000,-0.25250831,-1187.7230,595117.5625,34.359,605062.2500,1999.9000,
	2026/04/30 11:45:07	,	387230	,	3739	,10.515376,1999.9000,-0.25765103,-1187.9041,594842.2500,34.357,605062.2500,1999.9000,
	2026/04/30 11:45:07	,	388230	,	3740	,10.515376,1999.9000,-0.25765103,-1188.0549,594842.2500,34.355,605062.2500,1999.9000,
	2026/04/30 11:45:07	,	389230	,	3741	,10.515376,1999.9000,-0.25765103,-1188.1805,594842.2500,34.354,605062.2500,1999.9000,
	2026/04/30 11:45:07	,	390230	,	3742	,10.515380,1999.9000,-0.25765103,-1188.7828,594842.2500,34.353,605062.2500,1999.9000,
	2026/04/30 11:45:07	,	391230	,	3743	,10.515384,1999.9000,-0.25765103,-1188.7872,594842.2500,34.352,605050.3750,1999.9000,
	2026/04/30 11:45:07	,	392230	,	3744	,10.515372,1999.9000,-0.25506708,-1188.3929,594855.2500,34.351,604916.0000,1999.9000,
	2026/04/30 11:45:07	,	393230	,	3745	,10.515362,1999.9000,-0.25221840,-1188.0645,594970.3750,34.350,604891.3125,1999.9000,
	2026/04/30 11:45:07	,	394230	,	3746	,10.515353,1999.9000,-0.24962813,-1187.7906,594980.5000,34.349,604804.3125,1999.9000,
	2026/04/30 11:45:07	,	395230	,	3747	,10.515347,1999.9000,-0.24611770,-1188.4578,594994.6250,34.349,604771.0625,1999.9000,
	2026/04/30 11:45:07	,	396230	,	3748	,10.515342,1999.9000,-0.23898339,-1189.1132,595215.2500,34.349,604678.6250,1999.9000,
	2026/04/30 11:45:07	,	397230	,	3749	,10.515331,1999.9000,-0.23235960,-1190.1567,595495.8750,34.348,604678.6250,1999.9000,
	2026/04/30 11:45:07	,	398230	,	3750	,10.515313,1999.9000,-0.22957394,-1191.0264,595495.8750,34.348,604678.6250,1999.9000,
	2026/04/30 11:45:07	,	399230	,	3751	,10.515292,1999.9000,-0.22957394,-1191.7510,595495.8750,34.348,604678.6250,1999.9000,
	2026/04/30 11:45:07	,	400230	,	3752	,10.515276,1999.9000,-0.22957394,-1192.3549,595495.8750,34.347,604678.6250,1999.9000,
	2026/04/30 11:45:07	,	401230	,	3753	,10.515256,1999.9000,-0.22957394,-1192.8582,595495.8750,34.346,604687.0000,1999.9000,
	2026/04/30 11:45:07	,	402230	,	3754	,10.515240,1999.9000,-0.22957394,-1193.2775,595490.5000,34.344,604803.0625,1999.9000,
	2026/04/30 11:45:07	,	403230	,	3755	,10.515227,1999.9000,-0.23213272,-1193.6271,595391.0000,34.343,604837.2500,1999.9000,
	2026/04/30 11:45:07	,	404230	,	3756	,10.515218,1999.9000,-0.23450871,-1193.6199,595380.0000,34.341,604934.7500,1999.9000,
	2026/04/30 11:45:07	,	405230	,	3757	,10.515209,1999.9000,-0.23729436,-1193.2159,595370.9375,34.337,604960.1250,1999.9000,
	2026/04/30 11:45:07	,	406230	,	3758	,10.515201,1999.9000,-0.24339506,-1192.6804,595213.4375,34.334,605059.7500,1999.9000,
	2026/04/30 11:45:07	,	407230	,	3759	,10.515220,1999.9000,-0.24995585,-1192.2343,594941.7500,34.331,605059.7500,1999.9000,
	2026/04/30 11:45:07	,	408230	,	3760	,10.515265,1999.9000,-0.24995585,-1191.8623,594915.0000,34.331,605059.7500,1999.9000,
	2026/04/30 11:45:07	,	409230	,	3761	,10.515302,1999.9000,-0.24995585,-1191.5524,594906.0000,34.332,605059.7500,1999.9000,
	2026/04/30 11:45:07	,	410230	,	3762	,10.515344,1999.9000,-0.24995585,-1191.1947,594901.5625,34.331,605059.7500,1999.9000,
	2026/04/30 11:45:07	,	411230	,	3763	,10.515378,1999.9000,-0.24995585,-1190.8966,594898.8750,34.329,605049.4375,1999.9000,
	2026/04/30 11:45:07	,	412230	,	3764	,10.515407,1999.9000,-0.24985394,-1190.6482,594897.1250,34.328,604923.2500,1999.9000,
	2026/04/30 11:45:07	,	413230	,	3765	,10.515431,1999.9000,-0.24639499,-1190.4412,594979.3125,34.326,604889.1875,1999.9000,
	2026/04/30 11:45:07	,	414230	,	3766	,10.515451,1999.9000,-0.24394967,-1190.2687,594993.5625,34.329,604791.0625,1999.9000,
	2026/04/30 11:45:07	,	415230	,	3767	,10.515468,1999.9000,-0.24168713,-1190.4235,595001.5625,34.332,604758.0625,1999.9000,
	2026/04/30 11:45:07	,	416230	,	3768	,10.515471,1999.9000,-0.23627338,-1190.5524,595134.1875,34.335,604676.2500,1999.9000,
	2026/04/30 11:45:07	,	417230	,	3769	,10.515456,1999.9000,-0.22989537,-1190.6598,595414.8125,34.332,604676.2500,1999.9000,
	2026/04/30 11:45:07	,	418230	,	3770	,10.515442,1999.9000,-0.22989537,-1190.7493,595497.0625,34.332,604676.2500,1999.9000,
	2026/04/30 11:45:07	,	419230	,	3771	,10.515426,1999.9000,-0.22957183,-1190.9233,595497.0625,34.330,604676.2500,1999.9000,
	2026/04/30 11:45:07	,	420230	,	3772	,10.515407,1999.9000,-0.22953139,-1191.0684,595497.0625,34.329,604676.2500,1999.9000,
	2026/04/30 11:45:07	,	421230	,	3773	,10.515391,1999.9000,-0.22950713,-1191.1893,595497.0625,34.335,604685.1875,1999.9000,
	2026/04/30 11:45:07	,	422230	,	3774	,10.515378,1999.9000,-0.22949097,-1191.2900,595497.0625,34.342,604809.6875,1999.9000,
	2026/04/30 11:45:07	,	423230	,	3775	,10.515368,1999.9000,-0.23273775,-1191.3739,595414.2500,34.347,604841.7500,1999.9000,
	2026/04/30 11:45:07	,	424230	,	3776	,10.515358,1999.9000,-0.23576918,-1191.5433,595393.0625,34.350,604938.4375,1999.9000,
	2026/04/30 11:45:07	,	425230	,	3777	,10.515361,1999.9000,-0.23849811,-1191.6844,595376.8750,34.349,604969.2500,1999.9000,
	2026/04/30 11:45:07	,	426230	,	3778	,10.515368,1999.9000,-0.24393077,-1191.8021,595268.8125,34.349,605073.6875,1999.9000,
	2026/04/30 11:45:07	,	427230	,	3779	,10.515368,1999.9000,-0.25132346,-1192.0991,595034.1250,34.349,605074.0000,1999.9000,
	2026/04/30 11:45:07	,	428230	,	3780	,10.515370,1999.9000,-0.25513637,-1192.1476,594846.4375,34.349,605074.1250,1999.9000,
	2026/04/30 11:45:07	,	429230	,	3781	,10.515376,1999.9000,-0.25513637,-1192.1880,594846.4375,34.345,605074.1875,1999.9000,
	2026/04/30 11:45:07	,	430230	,	3782	,10.515401,1999.9000,-0.25513637,-1192.2217,594846.4375,34.339,605074.2500,1999.9000,
	2026/04/30 11:45:07	,	431230	,	3783	,10.515426,1999.9000,-0.25513637,-1192.0509,594846.4375,34.334,605074.3125,1999.9000,
	2026/04/30 11:45:07	,	432230	,	3784	,10.515441,1999.9000,-0.25513637,-1191.9084,594846.4375,34.330,605061.1250,1999.9000,
	2026/04/30 11:45:07	,	433230	,	3785	,10.515435,1999.9000,-0.25243896,-1191.3920,594938.7500,34.327,604931.7500,1999.9000,
	2026/04/30 11:45:07	,	434230	,	3786	,10.515426,1999.9000,-0.25010079,-1190.9615,594963.1875,34.324,604903.6875,1999.9000,
	2026/04/30 11:45:07	,	435230	,	3787	,10.515411,1999.9000,-0.24790756,-1190.4038,594974.1250,34.322,604877.1875,1999.9000,
	2026/04/30 11:45:07	,	436230	,	3788	,10.515401,1999.9000,-0.24355893,-1189.9391,595056.1875,34.320,604780.1250,1999.9000,
	2026/04/30 11:45:07	,	437230	,	3789	,10.515410,1999.9000,-0.23653176,-1189.7507,595293.9375,34.318,604780.1250,1999.9000,
	2026/04/30 11:45:07	,	438230	,	3790	,10.515419,1999.9000,-0.23254865,-1189.6934,595531.6250,34.317,604780.1250,1999.9000,
	2026/04/30 11:45:07	,	439230	,	3791	,10.515417,1999.9000,-0.23254865,-1189.9438,595531.6250,34.323,604780.1250,1999.9000,
	2026/04/30 11:45:07	,	440230	,	3792	,10.515414,1999.9000,-0.23254865,-1190.1527,595531.6250,34.325,604780.1250,1999.9000,
	2026/04/30 11:45:07	,	441230	,	3793	,10.515422,1999.9000,-0.23254865,-1190.8240,595531.6250,34.327,604786.8750,1999.9000,
	2026/04/30 11:45:07	,	442230	,	3794	,10.515429,1999.9000,-0.23254865,-1191.4829,595531.6250,34.332,604891.9375,1999.9000,
	2026/04/30 11:45:07	,	443230	,	3795	,10.515438,1999.9000,-0.23254865,-1192.1316,595414.2500,34.333,604910.9375,1999.9000,
	2026/04/30 11:45:07	,	444230	,	3796	,10.515447,1999.9000,-0.23555490,-1192.6721,595387.6875,34.331,604927.9375,1999.9000,
	2026/04/30 11:45:07	,	445230	,	3797	,10.515453,1999.9000,-0.23829642,-1193.1224,595372.1250,34.329,605013.8750,1999.9000,
	2026/04/30 11:45:07	,	446230	,	3798	,10.515460,1999.9000,-0.24073546,-1193.4979,595356.4375,34.327,605041.3125,1999.9000,
	2026/04/30 11:45:07	,	447230	,	3799	,10.515450,1999.9000,-0.24459881,-1193.7112,595125.3125,34.326,605051.9375,1999.9000,
	2026/04/30 11:45:07	,	448230	,	3800	,10.515441,1999.9000,-0.25154406,-1193.8889,594851.8125,34.321,605057.2500,1999.9000,
	2026/04/30 11:45:07	,	449230	,	3801	,10.515429,1999.9000,-0.25470152,-1194.0371,594851.8125,34.316,605060.3750,1999.9000,
	2026/04/30 11:45:07	,	450230	,	3802	,10.515421,1999.9000,-0.25470152,-1194.0610,594851.8125,34.312,605062.5625,1999.9000,
	2026/04/30 11:45:07	,	451230	,	3803	,10.515413,1999.9000,-0.25470152,-1194.0809,594851.8125,34.307,605064.3125,1999.9000,
	2026/04/30 11:45:07	,	452230	,	3804	,10.515407,1999.9000,-0.25470152,-1193.7992,594851.8125,34.303,605053.8750,1999.9000,
	2026/04/30 11:45:07	,	453230	,	3805	,10.515402,1999.9000,-0.25470152,-1193.5643,594859.9375,34.301,604926.9375,1999.9000,
	2026/04/30 11:45:07	,	454230	,	3806	,10.515401,1999.9000,-0.25122890,-1193.6671,594953.1250,34.300,604893.3750,1999.9000,
	2026/04/30 11:45:07	,	455230	,	3807	,10.515407,1999.9000,-0.24833612,-1193.4543,594962.6250,34.298,604794.6250,1999.9000,
	2026/04/30 11:45:07	,	456230	,	3808	,10.515426,1999.9000,-0.24586560,-1193.4760,594978.5000,34.297,604794.6250,1999.9000,
	2026/04/30 11:45:07	,	457230	,	3809	,10.515441,1999.9000,-0.24197702,-1193.5934,595200.9375,34.301,604765.3750,1999.9000,
	2026/04/30 11:45:07	,	458230	,	3810	,10.515454,1999.9000,-0.23470409,-1193.6913,595495.2500,34.304,604741.5000,1999.9000,
	2026/04/30 11:45:07	,	459230	,	3811	,10.515466,1999.9000,-0.22860968,-1193.7729,595495.2500,34.306,604729.5625,1999.9000,
	2026/04/30 11:45:07	,	460230	,	3812	,10.515475,1999.9000,-0.22860968,-1193.7413,595495.2500,34.310,604722.3750,1999.9000,
	2026/04/30 11:45:07	,	461230	,	3813	,10.515482,1999.9000,-0.22860968,-1193.8147,595495.2500,34.316,604717.6250,1999.9000,
	2026/04/30 11:45:07	,	462230	,	3814	,10.515488,1999.9000,-0.22860968,-1193.8757,595495.2500,34.321,604713.6875,1999.9000,
	2026/04/30 11:45:07	,	463230	,	3815	,10.515493,1999.9000,-0.22860968,-1193.8271,595486.2500,34.325,604722.2500,1999.9000,
	2026/04/30 11:45:07	,	464230	,	3816	,10.515503,1999.9000,-0.23154658,-1193.7865,595366.5625,34.329,604831.5000,1999.9000,
	2026/04/30 11:45:07	,	465230	,	3817	,10.515512,1999.9000,-0.23498769,-1193.4543,595353.4375,34.332,604857.7500,1999.9000,
	2026/04/30 11:45:07	,	466230	,	3818	,10.515512,1999.9000,-0.23819558,-1192.9785,595342.5625,34.336,604947.4375,1999.9000,
	2026/04/30 11:45:07	,	467230	,	3819	,10.515524,1999.9000,-0.24192660,-1192.4825,595186.6875,34.339,604980.3750,1999.9000,
	2026/04/30 11:45:07	,	468230	,	3820	,10.515528,1999.9000,-0.24914914,-1192.1687,594913.7500,34.345,605081.5625,1999.9000,
	2026/04/30 11:45:07	,	469230	,	3821	,10.515532,1999.9000,-0.25576663,-1191.9071,594886.6875,34.351,605081.5625,1999.9000,
	2026/04/30 11:45:07	,	470230	,	3822	,10.515535,1999.9000,-0.25655442,-1191.5897,594877.6250,34.355,605081.5625,1999.9000,
	2026/04/30 11:45:07	,	471230	,	3823	,10.515538,1999.9000,-0.25681704,-1191.3253,594873.1250,34.358,605081.5625,1999.9000,
	2026/04/30 11:45:07	,	472230	,	3824	,10.515539,1999.9000,-0.25694832,-1191.0055,594870.4375,34.358,605081.5625,1999.9000,
	2026/04/30 11:45:07	,	473230	,	3825	,10.515542,1999.9000,-0.25702709,-1190.6394,594868.6875,34.357,605070.0000,1999.9000,
	2026/04/30 11:45:07	,	474230	,	3826	,10.515544,1999.9000,-0.25707960,-1190.3344,594879.7500,34.357,604929.9375,1999.9000,
	2026/04/30 11:45:07	,	475230	,	3827	,10.515515,1999.9000,-0.25470152,-1190.0801,594892.8750,34.355,604894.6250,1999.9000,
	2026/04/30 11:45:07	,	476230	,	3828	,10.515482,1999.9000,-0.25205454,-1189.8683,594905.9375,34.354,604785.0000,1999.9000,
	2026/04/30 11:45:07	,	477230	,	3829	,10.515453,1999.9000,-0.24907981,-1189.5924,595107.4375,34.351,604756.5625,1999.9000,
	2026/04/30 11:45:07	,	478230	,	3830	,10.515429,1999.9000,-0.24279635,-1189.3623,595391.0000,34.349,604734.6250,1999.9000,
	2026/04/30 11:45:07	,	479230	,	3831	,10.515410,1999.9000,-0.23657589,-1189.1707,595491.1250,34.347,604723.6875,1999.9000,
	2026/04/30 11:45:07	,	480230	,	3832	,10.515395,1999.9000,-0.23637421,-1188.9115,595491.1250,34.345,604717.1250,1999.9000,
	2026/04/30 11:45:07	,	481230	,	3833	,10.515381,1999.9000,-0.23630697,-1188.6954,595491.1250,34.341,604712.7500,1999.9000,
	2026/04/30 11:45:07	,	482230	,	3834	,10.515375,1999.9000,-0.23627338,-1188.5154,595491.1250,34.336,604709.0000,1999.9000,
	2026/04/30 11:45:07	,	483230	,	3835	,10.515370,1999.9000,-0.23625320,-1188.3655,595491.1250,34.331,604714.3125,1999.9000,
	2026/04/30 11:45:07	,	484230	,	3836	,10.515366,1999.9000,-0.23623978,-1188.2405,595390.4375,34.329,604811.5625,1999.9000,
	2026/04/30 11:45:07	,	485230	,	3837	,10.515362,1999.9000,-0.23657835,-1188.1364,595369.8750,34.328,604841.4375,1999.9000,
	2026/04/30 11:45:07	,	486230	,	3838	,10.515368,1999.9000,-0.24008630,-1188.0496,595359.0625,34.325,604932.3750,1999.9000,
	2026/04/30 11:45:07	,	487230	,	3839	,10.515374,1999.9000,-0.24101591,-1187.8778,595265.3125,34.322,604965.2500,1999.9000,
	2026/04/30 11:45:07	,	488230	,	3840	,10.515378,1999.9000,-0.24698113,-1187.7345,595031.7500,34.328,605065.1875,1999.9000,
	2026/04/30 11:45:07	,	489230	,	3841	,10.515383,1999.9000,-0.25344107,-1187.5157,594822.6250,34.332,605065.1875,1999.9000,
	2026/04/30 11:45:07	,	490230	,	3842	,10.515387,1999.9000,-0.25344107,-1187.3334,594822.6250,34.336,605065.1875,1999.9000,
	2026/04/30 11:45:07	,	491230	,	3843	,10.515388,1999.9000,-0.25344107,-1187.1815,594822.6250,34.339,605065.1875,1999.9000,
	2026/04/30 11:45:07	,	492230	,	3844	,10.515387,1999.9000,-0.25344107,-1186.9554,594822.6250,34.342,605065.1875,1999.9000,
	2026/04/30 11:45:07	,	493230	,	3845	,10.515380,1999.9000,-0.25344107,-1186.7670,594822.6250,34.347,605057.5000,1999.9000,
	2026/04/30 11:45:07	,	494230	,	3846	,10.515378,1999.9000,-0.25336227,-1186.6101,594919.1250,34.352,604937.8125,1999.9000,
	2026/04/30 11:45:07	,	495230	,	3847	,10.515377,1999.9000,-0.24971005,-1186.4792,594937.3125,34.356,604906.0625,1999.9000,
	2026/04/30 11:45:07	,	496230	,	3848	,10.515366,1999.9000,-0.24692440,-1186.4697,594946.9375,34.359,604819.4375,1999.9000,
	2026/04/30 11:45:07	,	497230	,	3849	,10.515357,1999.9000,-0.24450427,-1186.3622,595032.9375,34.366,604785.0000,1999.9000,
	2026/04/30 11:45:07	,	498230	,	3850	,10.515349,1999.9000,-0.23964515,-1186.5712,595283.8125,34.373,604683.5000,1999.9000,
	2026/04/30 11:45:07	,	499230	,	3851	,10.515349,1999.9000,-0.23305915,-1186.7451,595534.0000,34.379,604683.5000,1999.9000,
	2026/04/30 11:45:07	,	500230	,	3852	,10.515323,1999.9000,-0.22857818,-1186.8903,595534.0000,34.383,604683.5000,1999.9000,
	2026/04/30 11:45:07	,	501230	,	3853	,10.515301,1999.9000,-0.22857818,-1187.2100,595534.0000,34.380,604683.5000,1999.9000,
	2026/04/30 11:45:07	,	502230	,	3854	,10.515288,1999.9000,-0.22857818,-1187.4766,595534.0000,34.376,604683.5000,1999.9000,
	2026/04/30 11:45:07	,	503230	,	3855	,10.515252,1999.9000,-0.22857818,-1187.6987,595534.0000,34.366,604688.6250,1999.9000,
	2026/04/30 11:45:07	,	504230	,	3856	,10.515223,1999.9000,-0.22857818,-1187.7843,595421.3750,34.359,604773.5000,1999.9000,
	2026/04/30 11:45:07	,	505230	,	3857	,10.515198,1999.9000,-0.23121886,-1187.7562,595396.6875,34.349,604801.6250,1999.9000,
	2026/04/30 11:45:07	,	506230	,	3858	,10.515203,1999.9000,-0.23349403,-1187.8323,595382.8750,34.341,604888.8750,1999.9000,
	2026/04/30 11:45:07	,	507230	,	3859	,10.515210,1999.9000,-0.23437637,-1187.8956,595365.1250,34.334,604919.3750,1999.9000,
	2026/04/30 11:45:07	,	508230	,	3860	,10.515223,1999.9000,-0.23902121,-1187.9484,595129.4375,34.329,605016.8750,1999.9000,
	2026/04/30 11:45:07	,	509230	,	3861	,10.515233,1999.9000,-0.24573323,-1187.9923,594860.1250,34.322,605031.4375,1999.9000,
	2026/04/30 11:45:07	,	510230	,	3862	,10.515267,1999.9000,-0.25113440,-1188.0289,594860.1250,34.317,605036.2500,1999.9000,
	2026/04/30 11:45:07	,	511230	,	3863	,10.515267,1999.9000,-0.25113440,-1188.1589,594860.1250,34.313,605038.6875,1999.9000,
	2026/04/30 11:45:07	,	512230	,	3864	,10.515285,1999.9000,-0.25113440,-1188.4662,594860.1250,34.312,605040.1250,1999.9000,
	2026/04/30 11:45:07	,	513230	,	3865	,10.515314,1999.9000,-0.25113440,-1188.7224,594860.1250,34.312,605041.0625,1999.9000,
	2026/04/30 11:45:07	,	514230	,	3866	,10.515338,1999.9000,-0.25113440,-1188.9358,594869.0625,34.312,605029.1250,1999.9000,
	2026/04/30 11:45:07	,	515230	,	3867	,10.515345,1999.9000,-0.25098628,-1189.1136,594976.3750,34.311,604896.1250,1999.9000,
	2026/04/30 11:45:07	,	516230	,	3868	,10.515349,1999.9000,-0.24809663,-1189.2620,594983.8125,34.316,604864.6875,1999.9000,
	2026/04/30 11:45:07	,	517230	,	3869	,10.515353,1999.9000,-0.24728364,-1189.3854,594996.4375,34.319,604768.6250,1999.9000,
	2026/04/30 11:45:07	,	518230	,	3870	,10.515357,1999.9000,-0.24364084,-1189.4883,595198.5625,34.322,604735.4375,1999.9000,
	2026/04/30 11:45:07	,	519230	,	3871	,10.515360,1999.9000,-0.23761576,-1189.5740,595482.1875,34.325,604717.6875,1999.9000,
	2026/04/30 11:45:07	,	520230	,	3872	,10.515362,1999.9000,-0.23526499,-1189.6455,595482.1875,34.327,604708.8125,1999.9000,
	2026/04/30 11:45:07	,	521230	,	3873	,10.515384,1999.9000,-0.23526499,-1189.4066,595482.1875,34.329,604703.5000,1999.9000,
	2026/04/30 11:45:07	,	522230	,	3874	,10.515396,1999.9000,-0.23526499,-1189.2075,595482.1875,34.330,604700.0000,1999.9000,
	2026/04/30 11:45:07	,	523230	,	3875	,10.515407,1999.9000,-0.23526499,-1188.9421,595482.1875,34.331,604697.0000,1999.9000,
	2026/04/30 11:45:07	,	524230	,	3876	,10.515416,1999.9000,-0.23526499,-1188.6216,595477.4375,34.332,604706.8125,1999.9000,
	2026/04/30 11:45:07	,	525230	,	3877	,10.515423,1999.9000,-0.23890777,-1188.3544,595383.2500,34.330,604815.1250,1999.9000,
	2026/04/30 11:45:07	,	526230	,	3878	,10.515429,1999.9000,-0.24214090,-1188.1317,595367.4375,34.328,604840.5625,1999.9000,
	2026/04/30 11:45:07	,	527230	,	3879	,10.515434,1999.9000,-0.24475007,-1187.9463,595358.8125,34.327,604931.1250,1999.9000,
	2026/04/30 11:45:07	,	528230	,	3880	,10.515433,1999.9000,-0.24808404,-1187.7916,595216.4375,34.325,604959.8125,1999.9000,
	2026/04/30 11:45:07	,	529230	,	3881	,10.515413,1999.9000,-0.25467631,-1187.6628,594946.5000,34.324,604984.0625,1999.9000,
	2026/04/30 11:45:07	,	530230	,	3882	,10.515391,1999.9000,-0.26075810,-1187.8539,594909.6250,34.320,604996.1875,1999.9000,
	2026/04/30 11:45:07	,	531230	,	3883	,10.515373,1999.9000,-0.26135370,-1188.2120,594897.3125,34.315,605003.5000,1999.9000,
	2026/04/30 11:45:07	,	532230	,	3884	,10.515358,1999.9000,-0.26155221,-1188.5104,594891.1250,34.307,605008.3750,1999.9000,
	2026/04/30 11:45:07	,	533230	,	3885	,10.515346,1999.9000,-0.26165149,-1188.7592,594887.4375,34.304,605012.3750,1999.9000,
	2026/04/30 11:45:07	,	534230	,	3886	,10.515341,1999.9000,-0.26171103,-1188.9664,594884.9375,34.302,605003.6250,1999.9000,
	2026/04/30 11:45:07	,	535230	,	3887	,10.515335,1999.9000,-0.26175073,-1189.1392,594895.5000,34.300,604872.5625,1999.9000,
	2026/04/30 11:45:07	,	536230	,	3888	,10.515342,1999.9000,-0.25959218,-1189.1836,594976.8750,34.299,604840.8125,1999.9000,
	2026/04/30 11:45:07	,	537230	,	3889	,10.515352,1999.9000,-0.25737375,-1189.2207,594983.1875,34.298,604743.3125,1999.9000,
	2026/04/30 11:45:07	,	538230	,	3890	,10.515360,1999.9000,-0.25454399,-1189.2516,595106.1875,34.297,604717.3125,1999.9000,
	2026/04/30 11:45:07	,	539230	,	3891	,10.515366,1999.9000,-0.24805883,-1189.2772,595389.1875,34.296,604695.8125,1999.9000,
	2026/04/30 11:45:07	,	540230	,	3892	,10.515372,1999.9000,-0.24167450,-1189.2987,595498.8750,34.298,604684.9375,1999.9000,
	2026/04/30 11:45:07	,	541230	,	3893	,10.515376,1999.9000,-0.24078903,-1189.3167,595498.8750,34.303,604678.5000,1999.9000,
	2026/04/30 11:45:07	,	542230	,	3894	,10.515390,1999.9000,-0.24049385,-1189.6300,595498.8750,34.307,604674.2500,1999.9000,
	2026/04/30 11:45:07	,	543230	,	3895	,10.515402,1999.9000,-0.24034628,-1189.8910,595498.8750,34.309,604670.6875,1999.9000,
	2026/04/30 11:45:07	,	544230	,	3896	,10.515410,1999.9000,-0.24025773,-1190.1086,595498.8750,34.311,604679.1875,1999.9000,
	2026/04/30 11:45:07	,	545230	,	3897	,10.515399,1999.9000,-0.24019872,-1190.2899,595401.7500,34.314,604783.8125,1999.9000,
	2026/04/30 11:45:07	,	546230	,	3898	,10.515390,1999.9000,-0.24053395,-1190.4410,595380.8750,34.316,604806.4375,1999.9000,
	2026/04/30 11:45:07	,	547230	,	3899	,10.515402,1999.9000,-0.24406311,-1190.5670,595371.5000,34.317,604894.3125,1999.9000,
	2026/04/30 11:45:07	,	548230	,	3900	,10.515410,1999.9000,-0.24489503,-1190.6719,595280.8125,34.315,604921.5000,1999.9000,
	2026/04/30 11:45:07	,	549230	,	3901	,10.515419,1999.9000,-0.25024575,-1190.7593,595041.2500,34.314,605024.7500,1999.9000,
	2026/04/30 11:45:07	,	550230	,	3902	,10.515396,1999.9000,-0.25557125,-1190.8322,594830.3750,34.312,605024.7500,1999.9000,
	2026/04/30 11:45:07	,	551230	,	3903	,10.515377,1999.9000,-0.25557125,-1190.8929,594830.3750,34.307,605024.7500,1999.9000,
	2026/04/30 11:45:07	,	552230	,	3904	,10.515371,1999.9000,-0.25557125,-1190.8441,594830.3750,34.303,605024.7500,1999.9000,
	2026/04/30 11:45:07	,	553230	,	3905	,10.515387,1999.9000,-0.25557125,-1190.7040,594830.3750,34.300,605024.7500,1999.9000,
	2026/04/30 11:45:07	,	554230	,	3906	,10.515399,1999.9000,-0.25557125,-1190.6865,594830.3750,34.300,605017.5000,1999.9000,
	2026/04/30 11:45:07	,	555230	,	3907	,10.515409,1999.9000,-0.25547042,-1190.6720,594931.6250,34.297,604912.4375,1999.9000,
	2026/04/30 11:45:07	,	556230	,	3908	,10.515398,1999.9000,-0.25189066,-1190.6600,594954.0000,34.294,604877.0625,1999.9000,
	2026/04/30 11:45:07	,	557230	,	3909	,10.515388,1999.9000,-0.24943274,-1190.6500,594965.0000,34.295,604772.3125,1999.9000,
	2026/04/30 11:45:07	,	558230	,	3910	,10.515387,1999.9000,-0.24706304,-1190.5421,594984.8125,34.301,604740.8750,1999.9000,
	2026/04/30 11:45:07	,	559230	,	3911	,10.515384,1999.9000,-0.24176905,-1190.3528,595290.3125,34.305,604718.7500,1999.9000,
	2026/04/30 11:45:07	,	560230	,	3912	,10.515383,1999.9000,-0.23510113,-1190.1949,595546.5000,34.309,604707.6875,1999.9000,
	2026/04/30 11:45:07	,	561230	,	3913	,10.515376,1999.9000,-0.23133230,-1190.0634,595546.5000,34.312,604701.0000,1999.9000,
	2026/04/30 11:45:07	,	562230	,	3914	,10.515366,1999.9000,-0.23133230,-1189.9539,595546.5000,34.315,604696.5625,1999.9000,
	2026/04/30 11:45:07	,	563230	,	3915	,10.515357,1999.9000,-0.23133230,-1189.8625,595546.5000,34.319,604692.8750,1999.9000,
	2026/04/30 11:45:07	,	564230	,	3916	,10.515349,1999.9000,-0.23133230,-1189.7865,595546.5000,34.322,604700.1875,1999.9000,
	2026/04/30 11:45:07	,	565230	,	3917	,10.515353,1999.9000,-0.23133230,-1189.5240,595425.5625,34.324,604803.0625,1999.9000,
	2026/04/30 11:45:07	,	566230	,	3918	,10.515357,1999.9000,-0.23373982,-1189.3054,595425.5625,34.331,604829.6875,1999.9000,
	2026/04/30 11:45:07	,	567230	,	3919	,10.515355,1999.9000,-0.23469463,-1189.1233,595400.8750,34.340,604856.5000,1999.9000,
	2026/04/30 11:45:07	,	568230	,	3920	,10.515353,1999.9000,-0.23729436,-1188.8719,595386.0625,34.349,604964.3125,1999.9000,
	2026/04/30 11:45:07	,	569230	,	3921	,10.515350,1999.9000,-0.24149175,-1188.4636,595368.9375,34.356,604998.8125,1999.9000,
	2026/04/30 11:45:07	,	570230	,	3922	,10.515349,1999.9000,-0.24823529,-1188.1233,595139.5625,34.362,605010.3125,1999.9000,
	2026/04/30 11:45:07	,	571230	,	3923	,10.515349,1999.9000,-0.25221208,-1187.7402,594869.6875,34.367,605016.0625,1999.9000,
	2026/04/30 11:45:07	,	572230	,	3924	,10.515338,1999.9000,-0.25221208,-1187.4210,594869.6875,34.370,605019.5000,1999.9000,
	2026/04/30 11:45:07	,	573230	,	3925	,10.515328,1999.9000,-0.25221208,-1187.2545,594869.6875,34.372,605021.8125,1999.9000,
	2026/04/30 11:45:07	,	574230	,	3926	,10.515320,1999.9000,-0.25221208,-1187.6132,594869.6875,34.374,605018.8750,1999.9000,
	2026/04/30 11:45:07	,	575230	,	3927	,10.515314,1999.9000,-0.25221208,-1187.4146,594869.6875,34.375,604937.8125,1999.9000,
	2026/04/30 11:45:07	,	576230	,	3928	,10.515309,1999.9000,-0.24999364,-1187.7465,594876.8750,34.377,604904.8750,1999.9000,
	2026/04/30 11:45:07	,	577230	,	3929	,10.515305,1999.9000,-0.24916804,-1188.1224,594981.6875,34.370,604804.3125,1999.9000,
	2026/04/30 11:45:07	,	578230	,	3930	,10.515301,1999.9000,-0.24848528,-1188.9332,594988.1875,34.360,604776.5000,1999.9000,
	2026/04/30 11:45:07	,	579230	,	3931	,10.515298,1999.9000,-0.24425849,-1189.6089,594997.3125,34.356,604693.7500,1999.9000,
	2026/04/30 11:45:07	,	580230	,	3932	,10.515326,1999.9000,-0.23883215,-1190.1719,595187.2500,34.359,604693.7500,1999.9000,
	2026/04/30 11:45:07	,	581230	,	3933	,10.515347,1999.9000,-0.23883215,-1190.4421,595480.3750,34.362,604693.7500,1999.9000,
	2026/04/30 11:45:07	,	582230	,	3934	,10.515366,1999.9000,-0.23883215,-1190.4684,595480.3750,34.365,604693.7500,1999.9000,
	2026/04/30 11:45:07	,	583230	,	3935	,10.515347,1999.9000,-0.23883215,-1190.5898,595480.3750,34.367,604693.7500,1999.9000,
	2026/04/30 11:45:07	,	584230	,	3936	,10.515322,1999.9000,-0.23883215,-1190.7904,595480.3750,34.368,604696.5000,1999.9000,
	2026/04/30 11:45:07	,	585230	,	3937	,10.515300,1999.9000,-0.23896764,-1190.9575,595480.3750,34.369,604783.1875,1999.9000,
	2026/04/30 11:45:07	,	586230	,	3938	,10.515282,1999.9000,-0.24202743,-1190.9973,595479.2500,34.370,604813.1250,1999.9000,
	2026/04/30 11:45:07	,	587230	,	3939	,10.515271,1999.9000,-0.24304844,-1190.9310,595466.3125,34.370,604899.7500,1999.9000,
	2026/04/30 11:45:07	,	588230	,	3940	,10.515292,1999.9000,-0.24590971,-1190.8759,595379.6875,34.371,604927.2500,1999.9000,
	2026/04/30 11:45:07	,	589230	,	3941	,10.515311,1999.9000,-0.24902309,-1190.8297,595368.4375,34.372,605020.5625,1999.9000,
	2026/04/30 11:45:07	,	590230	,	3942	,10.515311,1999.9000,-0.25553346,-1190.5924,595231.9375,34.372,605021.8125,1999.9000,
	2026/04/30 11:45:07	,	591230	,	3943	,10.515316,1999.9000,-0.26102284,-1190.3948,594969.1250,34.372,605022.1875,1999.9000,
	2026/04/30 11:45:07	,	592230	,	3944	,10.515329,1999.9000,-0.26197132,-1190.2300,594875.6250,34.373,605022.3750,1999.9000,
	2026/04/30 11:45:07	,	593230	,	3945	,10.515342,1999.9000,-0.26228750,-1189.9932,594875.6250,34.373,605022.5000,1999.9000,
	2026/04/30 11:45:07	,	594230	,	3946	,10.515352,1999.9000,-0.26244557,-1189.6964,594875.6250,34.379,605022.5625,1999.9000,
	2026/04/30 11:45:07	,	595230	,	3947	,10.515366,1999.9000,-0.26254043,-1189.5486,594875.6250,34.384,605010.3125,1999.9000,
	2026/04/30 11:45:07	,	596230	,	3948	,10.515368,1999.9000,-0.26260367,-1189.3258,594875.6250,34.389,604884.6250,1999.9000,
	2026/04/30 11:45:07	,	597230	,	3949	,10.515363,1999.9000,-0.26235175,-1189.1401,594888.2500,34.386,604849.6250,1999.9000,
	2026/04/30 11:45:07	,	598230	,	3950	,10.515355,1999.9000,-0.25919512,-1189.0851,594985.8750,34.384,604746.9375,1999.9000,
	2026/04/30 11:45:07	,	599230	,	3951	,10.515347,1999.9000,-0.25624561,-1189.0851,594990.6250,34.381,604721.5625,1999.9000,
	2026/04/30 11:45:07	,	600230	,	3952	,10.515322,1999.9000,-0.24974786,-1189.4152,595104.4375,34.377,604711.3125,1999.9000,
	2026/04/30 11:45:07	,	601230	,	3953	,10.515300,1999.9000,-0.24385515,-1189.4152,595381.4375,34.375,604706.1875,1999.9000,
	2026/04/30 11:45:07	,	602230	,	3954	,10.515282,1999.9000,-0.24312407,-1189.0476,595524.5000,34.372,604703.0625,1999.9000,
	2026/04/30 11:45:07	,	603230	,	3955	,10.515266,1999.9000,-0.24288036,-1188.9083,595524.5000,34.369,604701.0625,1999.9000,
	2026/04/30 11:45:07	,	604230	,	3956	,10.515254,1999.9000,-0.24275851,-1188.5935,595524.5000,34.367,604699.3125,1999.9000,
	2026/04/30 11:45:07	,	605230	,	3957	,10.515244,1999.9000,-0.24268542,-1188.3309,595524.5000,34.366,604709.0000,1999.9000,
	2026/04/30 11:45:07	,	606230	,	3958	,10.515235,1999.9000,-0.24263667,-1188.3309,595524.5000,34.368,604827.2500,1999.9000,
	2026/04/30 11:45:07	,	607230	,	3959	,10.515233,1999.9000,-0.24283765,-1188.1122,595433.9375,34.369,604853.5625,1999.9000,
