#BeginHeader,,
#FormatType,M-M20X\NORMAL,
#FormatVersion,V_1.1.9.7,
测量模式,正常模式,
采集开始时间,	2026/04/30 11:44:00.281042	,
采样周期,1ms,
保存选项,Standard,
,
通道条件,
通道编号,,,(M-1)M208,(M-1)M208,(M-1)M208,(M-1)M208,(M-1)M208,(M-1)M208,(M-1)M208,(M-1)M208,
波形名,,,CH1,CH2,CH3,CH4,CH5,CH6,CH7,CH8,
输入,,,20mA,PT100(3线),20V,0~1A,0~1A,PT100(3线),0~1A,PT100(4线),
单位,,,mA,℃,V,mA,℃,℃,mA,mA,
#EndHeader,
时间,μs,运行时间ms,(M-1)CH1,(M-1)CH2,(M-1)CH3,(M-1)CH4,(M-1)CH5,(M-1)CH6,(M-1)CH7,(M-1)CH8,
	2026/04/30 11:44:00	,	281042	,	0	,10.515426,1999.9000,-0.24740969,-595.5625,594988.8750,33.900,604916.4375,1999.9000,
	2026/04/30 11:44:00	,	282042	,	1	,10.515421,1999.9000,-0.24499586,-595.7588,595003.5625,33.896,604910.7500,1999.9000,
	2026/04/30 11:44:00	,	283042	,	2	,10.515417,1999.9000,-0.24499586,-595.8229,595012.4375,33.893,604907.3750,1999.9000,
	2026/04/30 11:44:00	,	284042	,	3	,10.515405,1999.9000,-0.24499586,-595.7768,595018.2500,33.891,604905.0625,1999.9000,
	2026/04/30 11:44:00	,	285042	,	4	,10.515384,1999.9000,-0.24499586,-595.5394,595023.1250,33.889,604915.3750,1999.9000,
	2026/04/30 11:44:00	,	286042	,	5	,10.515362,1999.9000,-0.24499586,-595.2421,595027.2500,33.890,605035.0000,1999.9000,
	2026/04/30 11:44:00	,	287042	,	6	,10.515344,1999.9000,-0.24508409,-594.9944,594943.0000,33.891,605049.8750,1999.9000,
	2026/04/30 11:44:00	,	288042	,	7	,10.515344,1999.9000,-0.25162596,-594.7880,594912.6250,33.892,605054.8125,1999.9000,
	2026/04/30 11:44:00	,	289042	,	8	,10.515344,1999.9000,-0.25162596,-594.6160,594902.5000,33.893,605057.3125,1999.9000,
	2026/04/30 11:44:00	,	290042	,	9	,10.515344,1999.9000,-0.25162596,-594.3731,594897.4375,33.897,605058.7500,1999.9000,
	2026/04/30 11:44:00	,	291042	,	10	,10.515344,1999.9000,-0.25162596,-594.3698,594894.3750,33.900,605059.7500,1999.9000,
	2026/04/30 11:44:00	,	292042	,	11	,10.515344,1999.9000,-0.25162596,-594.7648,594892.3125,33.902,605047.6875,1999.9000,
	2026/04/30 11:44:00	,	293042	,	12	,10.515349,1999.9000,-0.25145897,-595.1934,594902.5625,33.904,604911.1875,1999.9000,
	2026/04/30 11:44:00	,	294042	,	13	,10.515353,1999.9000,-0.24839287,-595.5507,594996.0000,33.906,604875.8750,1999.9000,
	2026/04/30 11:44:00	,	295042	,	14	,10.515356,1999.9000,-0.24756409,-595.8484,595004.9375,33.908,604774.0625,1999.9000,
	2026/04/30 11:44:00	,	296042	,	15	,10.515359,1999.9000,-0.24423330,-595.9970,595137.1875,33.912,604743.8750,1999.9000,
	2026/04/30 11:44:00	,	297042	,	16	,10.515362,1999.9000,-0.23823342,-596.1208,595438.0625,33.916,604725.9375,1999.9000,
	2026/04/30 11:44:00	,	298042	,	17	,10.515368,1999.9000,-0.23275664,-596.1246,595476.7500,33.919,604717.0000,1999.9000,
	2026/04/30 11:44:00	,	299042	,	18	,10.515374,1999.9000,-0.23217683,-596.1277,595489.6875,33.918,604711.6250,1999.9000,
	2026/04/30 11:44:00	,	300042	,	19	,10.515378,1999.9000,-0.23198356,-596.1302,595496.1875,33.913,604708.0000,1999.9000,
	2026/04/30 11:44:00	,	301042	,	20	,10.515383,1999.9000,-0.23188692,-596.1324,595500.0625,33.907,604705.0625,1999.9000,
	2026/04/30 11:44:00	,	302042	,	21	,10.515387,1999.9000,-0.23182893,-596.0347,595502.6875,33.902,604713.2500,1999.9000,
	2026/04/30 11:44:00	,	303042	,	22	,10.515388,1999.9000,-0.23179027,-596.0529,595417.8125,33.898,604815.1250,1999.9000,
	2026/04/30 11:44:00	,	304042	,	23	,10.515390,1999.9000,-0.23212045,-596.0679,595394.8750,33.894,604838.4375,1999.9000,
	2026/04/30 11:44:00	,	305042	,	24	,10.515392,1999.9000,-0.23556121,-595.9810,595383.8750,33.883,604932.3750,1999.9000,
	2026/04/30 11:44:00	,	306042	,	25	,10.515384,1999.9000,-0.23659481,-595.9086,595270.0625,33.875,604967.1250,1999.9000,
	2026/04/30 11:44:00	,	307042	,	26	,10.515372,1999.9000,-0.24319969,-595.8482,595040.6875,33.868,605080.9375,1999.9000,
	2026/04/30 11:44:00	,	308042	,	27	,10.515357,1999.9000,-0.24926257,-595.8973,594880.3750,33.868,605080.9375,1999.9000,
	2026/04/30 11:44:00	,	309042	,	28	,10.515345,1999.9000,-0.24948315,-595.9383,594880.3750,33.868,605080.9375,1999.9000,
	2026/04/30 11:44:00	,	310042	,	29	,10.515334,1999.9000,-0.24955669,-595.8730,594880.3750,33.868,605080.9375,1999.9000,
	2026/04/30 11:44:00	,	311042	,	30	,10.515326,1999.9000,-0.24959344,-595.8186,594880.3750,33.866,605080.9375,1999.9000,
	2026/04/30 11:44:00	,	312042	,	31	,10.515319,1999.9000,-0.24961551,-595.4748,594880.3750,33.858,605069.0000,1999.9000,
	2026/04/30 11:44:00	,	313042	,	32	,10.515313,1999.9000,-0.24963020,-595.0888,594968.6250,33.857,604928.1250,1999.9000,
	2026/04/30 11:44:00	,	314042	,	33	,10.515323,1999.9000,-0.24744119,-594.7672,594986.5000,33.857,604895.5000,1999.9000,
	2026/04/30 11:44:00	,	315042	,	34	,10.515350,1999.9000,-0.24653050,-594.4991,594996.0000,33.856,604788.0000,1999.9000,
	2026/04/30 11:44:00	,	316042	,	35	,10.515374,1999.9000,-0.24357784,-594.4747,595082.3750,33.855,604754.5000,1999.9000,
	2026/04/30 11:44:00	,	317042	,	36	,10.515393,1999.9000,-0.23811367,-594.4543,595317.1250,33.855,604733.4375,1999.9000,
	2026/04/30 11:44:00	,	318042	,	37	,10.515410,1999.9000,-0.23152138,-594.2385,595545.8750,33.849,604722.9375,1999.9000,
	2026/04/30 11:44:00	,	319042	,	38	,10.515413,1999.9000,-0.23152138,-594.0586,595545.8750,33.844,604716.6250,1999.9000,
	2026/04/30 11:44:00	,	320042	,	39	,10.515407,1999.9000,-0.23152138,-594.1076,595545.8750,33.840,604712.4375,1999.9000,
	2026/04/30 11:44:00	,	321042	,	40	,10.515391,1999.9000,-0.23152138,-594.1485,595545.8750,33.842,604708.8750,1999.9000,
	2026/04/30 11:44:00	,	322042	,	41	,10.515378,1999.9000,-0.23152138,-594.1825,595545.8750,33.843,604714.8125,1999.9000,
	2026/04/30 11:44:00	,	323042	,	42	,10.515357,1999.9000,-0.23157811,-594.2109,595428.5625,33.842,604812.7500,1999.9000,
	2026/04/30 11:44:00	,	324042	,	43	,10.515326,1999.9000,-0.23492466,-594.3340,595405.3125,33.843,604836.9375,1999.9000,
	2026/04/30 11:44:00	,	325042	,	44	,10.515299,1999.9000,-0.23742671,-594.1382,595394.2500,33.848,604862.8750,1999.9000,
	2026/04/30 11:44:00	,	326042	,	45	,10.515277,1999.9000,-0.23958211,-593.5771,595377.4375,33.851,604974.0625,1999.9000,
	2026/04/30 11:44:00	,	327042	,	46	,10.515258,1999.9000,-0.24449168,-593.1095,595147.9375,33.854,605010.3125,1999.9000,
	2026/04/30 11:44:00	,	328042	,	47	,10.515243,1999.9000,-0.25132975,-593.4161,594862.5000,33.857,605022.3750,1999.9000,
	2026/04/30 11:44:00	,	329042	,	48	,10.515230,1999.9000,-0.25132975,-594.1691,594862.5000,33.859,605028.3750,1999.9000,
	2026/04/30 11:44:00	,	330042	,	49	,10.515220,1999.9000,-0.25132975,-594.7965,594862.5000,33.856,605032.0000,1999.9000,
	2026/04/30 11:44:00	,	331042	,	50	,10.515215,1999.9000,-0.25132975,-595.3194,594862.5000,33.854,605034.5000,1999.9000,
	2026/04/30 11:44:00	,	332042	,	51	,10.515210,1999.9000,-0.25132975,-594.8598,594862.5000,33.852,605034.9375,1999.9000,
	2026/04/30 11:44:00	,	333042	,	52	,10.515207,1999.9000,-0.25131610,-594.4769,594870.5000,33.850,605022.8125,1999.9000,
	2026/04/30 11:44:00	,	334042	,	53	,10.515204,1999.9000,-0.24798319,-594.3567,594971.5625,33.849,604890.0625,1999.9000,
	2026/04/30 11:44:00	,	335042	,	54	,10.515203,1999.9000,-0.24524796,-594.7539,594977.1875,33.847,604856.3125,1999.9000,
	2026/04/30 11:44:00	,	336042	,	55	,10.515201,1999.9000,-0.24302952,-594.5876,594985.8125,33.847,604759.6250,1999.9000,
	2026/04/30 11:44:00	,	337042	,	56	,10.515200,1999.9000,-0.23889516,-594.4489,595182.4375,33.846,604732.0625,1999.9000,
	2026/04/30 11:44:00	,	338042	,	57	,10.515203,1999.9000,-0.23233439,-594.3334,595482.7500,33.851,604722.9375,1999.9000,
	2026/04/30 11:44:00	,	339042	,	58	,10.515206,1999.9000,-0.22936596,-594.2371,595482.7500,33.856,604718.3750,1999.9000,
	2026/04/30 11:44:00	,	340042	,	59	,10.515248,1999.9000,-0.22936596,-594.6542,595482.7500,33.860,604715.6250,1999.9000,
	2026/04/30 11:44:00	,	341042	,	60	,10.515294,1999.9000,-0.22936596,-595.0018,595482.7500,33.863,604713.8750,1999.9000,
	2026/04/30 11:44:00	,	342042	,	61	,10.515331,1999.9000,-0.22936596,-595.3910,595482.7500,33.870,604714.5000,1999.9000,
	2026/04/30 11:44:00	,	343042	,	62	,10.515373,1999.9000,-0.22936596,-595.6158,595481.5000,33.877,604725.0000,1999.9000,
	2026/04/30 11:44:00	,	344042	,	63	,10.515398,1999.9000,-0.23232177,-595.5048,595391.0000,33.887,604826.0625,1999.9000,
	2026/04/30 11:44:00	,	345042	,	64	,10.515418,1999.9000,-0.23497508,-595.5048,595391.0000,33.892,604855.3125,1999.9000,
	2026/04/30 11:44:00	,	346042	,	65	,10.515435,1999.9000,-0.23717463,-595.5117,595376.1250,33.894,604954.6875,1999.9000,
	2026/04/30 11:44:00	,	347042	,	66	,10.515450,1999.9000,-0.24088041,-595.5175,595364.5625,33.897,604988.8125,1999.9000,
	2026/04/30 11:44:00	,	348042	,	67	,10.515451,1999.9000,-0.24782562,-595.3439,594966.2500,33.900,605009.0625,1999.9000,
	2026/04/30 11:44:00	,	349042	,	68	,10.515444,1999.9000,-0.25356081,-595.1787,594884.6250,33.903,605019.1875,1999.9000,
	2026/04/30 11:44:00	,	350042	,	69	,10.515437,1999.9000,-0.25356081,-595.1787,594884.6250,33.908,605025.2500,1999.9000,
	2026/04/30 11:44:00	,	351042	,	70	,10.515431,1999.9000,-0.25356081,-594.8421,594884.6250,33.909,605029.3125,1999.9000,
	2026/04/30 11:44:00	,	352042	,	71	,10.515422,1999.9000,-0.25356081,-594.5616,594884.6250,33.909,605032.7500,1999.9000,
	2026/04/30 11:44:00	,	353042	,	72	,10.515414,1999.9000,-0.25356081,-594.3278,594884.6250,33.908,605024.8125,1999.9000,
	2026/04/30 11:44:00	,	354042	,	73	,10.515410,1999.9000,-0.25106508,-594.3320,594884.6250,33.908,604919.0625,1999.9000,
	2026/04/30 11:44:00	,	355042	,	74	,10.515419,1999.9000,-0.24769329,-594.3354,594897.5625,33.903,604887.9375,1999.9000,
	2026/04/30 11:44:00	,	356042	,	75	,10.515426,1999.9000,-0.24472485,-594.1393,594995.3750,33.896,604795.2500,1999.9000,
	2026/04/30 11:44:00	,	357042	,	76	,10.515417,1999.9000,-0.24108839,-593.9760,595002.2500,33.890,604762.0000,1999.9000,
	2026/04/30 11:44:00	,	358042	,	77	,10.515424,1999.9000,-0.23417468,-593.9392,595115.1250,33.885,604679.8750,1999.9000,
	2026/04/30 11:44:00	,	359042	,	78	,10.515429,1999.9000,-0.22845213,-593.9087,595390.4375,33.881,604679.8750,1999.9000,
	2026/04/30 11:44:00	,	360042	,	79	,10.515421,1999.9000,-0.22845213,-593.8832,595539.3750,33.879,604679.8750,1999.9000,
	2026/04/30 11:44:00	,	361042	,	80	,10.515413,1999.9000,-0.22845213,-593.7625,595539.3750,33.876,604679.8750,1999.9000,
	2026/04/30 11:44:00	,	362042	,	81	,10.515407,1999.9000,-0.22845213,-593.6619,595539.3750,33.870,604679.8750,1999.9000,
	2026/04/30 11:44:00	,	363042	,	82	,10.515402,1999.9000,-0.22845213,-593.5781,595539.3750,33.870,604689.6250,1999.9000,
	2026/04/30 11:44:00	,	364042	,	83	,10.515402,1999.9000,-0.23124407,-593.5083,595539.3750,33.878,604803.0625,1999.9000,
	2026/04/30 11:44:00	,	365042	,	84	,10.515391,1999.9000,-0.23422511,-593.4501,595434.5000,33.884,604837.8750,1999.9000,
	2026/04/30 11:44:00	,	366042	,	85	,10.515388,1999.9000,-0.23670194,-593.5010,595409.5000,33.889,604943.8125,1999.9000,
	2026/04/30 11:44:00	,	367042	,	86	,10.515387,1999.9000,-0.23921028,-593.7424,595394.5625,33.881,604975.8125,1999.9000,
	2026/04/30 11:44:00	,	368042	,	87	,10.515384,1999.9000,-0.24502108,-593.9437,595299.8125,33.875,605068.2500,1999.9000,
	2026/04/30 11:44:00	,	369042	,	88	,10.515383,1999.9000,-0.25098312,-594.1113,595068.0625,33.869,605068.2500,1999.9000,
	2026/04/30 11:44:00	,	370042	,	89	,10.515381,1999.9000,-0.25172997,-594.2510,594836.8750,33.865,605068.2500,1999.9000,
	2026/04/30 11:44:00	,	371042	,	90	,10.515390,1999.9000,-0.25197890,-594.3674,594836.8750,33.858,605068.2500,1999.9000,
	2026/04/30 11:44:00	,	372042	,	91	,10.515396,1999.9000,-0.25210339,-594.4645,594836.8750,33.852,605068.2500,1999.9000,
	2026/04/30 11:44:00	,	373042	,	92	,10.515403,1999.9000,-0.25217804,-594.5453,594836.8750,33.847,605068.2500,1999.9000,
	2026/04/30 11:44:00	,	374042	,	93	,10.515407,1999.9000,-0.25222784,-594.6127,594836.8750,33.843,605057.3750,1999.9000,
	2026/04/30 11:44:00	,	375042	,	94	,10.515410,1999.9000,-0.24996214,-594.6688,594948.8750,33.841,604926.9375,1999.9000,
	2026/04/30 11:44:00	,	376042	,	95	,10.515414,1999.9000,-0.24896637,-594.8151,594969.7500,33.841,604892.7500,1999.9000,
	2026/04/30 11:44:00	,	377042	,	96	,10.515417,1999.9000,-0.24626894,-594.9369,594977.2500,33.842,604791.6250,1999.9000,
	2026/04/30 11:44:00	,	378042	,	97	,10.515419,1999.9000,-0.24153587,-595.1379,594992.0000,33.843,604762.3125,1999.9000,
	2026/04/30 11:44:00	,	379042	,	98	,10.515421,1999.9000,-0.23593935,-595.5044,595263.5625,33.846,604736.0625,1999.9000,
	2026/04/30 11:44:00	,	380042	,	99	,10.515427,1999.9000,-0.23507278,-595.9093,595559.6250,33.848,604722.9375,1999.9000,
	2026/04/30 11:44:00	,	381042	,	100	,10.515437,1999.9000,-0.23507278,-596.2467,595559.6250,33.850,604715.0000,1999.9000,
	2026/04/30 11:44:00	,	382042	,	101	,10.515447,1999.9000,-0.23478392,-596.4284,595559.6250,33.852,604709.7500,1999.9000,
	2026/04/30 11:44:00	,	383042	,	102	,10.515453,1999.9000,-0.23455283,-596.5798,595559.6250,33.855,604712.1875,1999.9000,
	2026/04/30 11:44:00	,	384042	,	103	,10.515460,1999.9000,-0.23455283,-596.7060,595559.6250,33.856,604712.1875,1999.9000,
	2026/04/30 11:44:00	,	385042	,	104	,10.515465,1999.9000,-0.23449506,-596.8112,595466.6875,33.856,604809.1250,1999.9000,
	2026/04/30 11:44:00	,	386042	,	105	,10.515469,1999.9000,-0.23675235,-596.5009,595430.0625,33.857,604832.6875,1999.9000,
	2026/04/30 11:44:00	,	387042	,	106	,10.515472,1999.9000,-0.23892666,-596.1428,595410.2500,33.855,604920.3125,1999.9000,
	2026/04/30 11:44:00	,	388042	,	107	,10.515471,1999.9000,-0.23983420,-595.8445,595394.3750,33.851,604954.7500,1999.9000,
	2026/04/30 11:44:00	,	389042	,	108	,10.515464,1999.9000,-0.24506520,-595.4964,595175.9375,33.849,605059.7500,1999.9000,
	2026/04/30 11:44:00	,	390042	,	109	,10.515457,1999.9000,-0.25113440,-595.2064,594887.0000,33.848,605059.7500,1999.9000,
	2026/04/30 11:44:00	,	391042	,	110	,10.515453,1999.9000,-0.25375617,-594.8651,594887.0000,33.847,605059.7500,1999.9000,
	2026/04/30 11:44:00	,	392042	,	111	,10.515450,1999.9000,-0.25375617,-594.5807,594887.0000,33.845,605059.7500,1999.9000,
	2026/04/30 11:44:00	,	393042	,	112	,10.515448,1999.9000,-0.25375617,-594.3438,594887.0000,33.841,605059.7500,1999.9000,
	2026/04/30 11:44:00	,	394042	,	113	,10.515435,1999.9000,-0.25375617,-594.1464,594887.0000,33.838,605053.8125,1999.9000,
	2026/04/30 11:44:00	,	395042	,	114	,10.515426,1999.9000,-0.25375617,-593.9818,594891.7500,33.836,604952.2500,1999.9000,
	2026/04/30 11:44:00	,	396042	,	115	,10.515417,1999.9000,-0.25135496,-593.8446,594986.5000,33.835,604918.4375,1999.9000,
	2026/04/30 11:44:00	,	397042	,	116	,10.515410,1999.9000,-0.24923107,-594.3272,594996.8750,33.835,604810.9375,1999.9000,
	2026/04/30 11:44:00	,	398042	,	117	,10.515404,1999.9000,-0.24832667,-594.8288,595008.2500,33.834,604778.6250,1999.9000,
	2026/04/30 11:44:00	,	399042	,	118	,10.515399,1999.9000,-0.24315557,-595.3463,595183.6875,33.834,604753.5625,1999.9000,
	2026/04/30 11:44:00	,	400042	,	119	,10.515380,1999.9000,-0.23648766,-595.8770,595472.6250,33.834,604741.0625,1999.9000,
	2026/04/30 11:44:00	,	401042	,	120	,10.515363,1999.9000,-0.23260538,-596.3192,595479.8125,33.841,604733.5625,1999.9000,
	2026/04/30 11:44:00	,	402042	,	121	,10.515349,1999.9000,-0.23260538,-596.6877,595482.1875,33.849,604728.5625,1999.9000,
	2026/04/30 11:44:00	,	403042	,	122	,10.515344,1999.9000,-0.23260538,-596.8954,595483.4375,33.860,604724.3750,1999.9000,
	2026/04/30 11:44:00	,	404042	,	123	,10.515313,1999.9000,-0.23260538,-596.9690,595484.1250,33.869,604724.5000,1999.9000,
	2026/04/30 11:44:00	,	405042	,	124	,10.515307,1999.9000,-0.23260538,-596.9308,595484.6250,33.877,604735.6250,1999.9000,
	2026/04/30 11:44:00	,	406042	,	125	,10.515285,1999.9000,-0.23562422,-596.6006,595472.3750,33.883,604842.3750,1999.9000,
	2026/04/30 11:44:00	,	407042	,	126	,10.515265,1999.9000,-0.23842247,-596.2260,595381.4375,33.884,604870.7500,1999.9000,
	2026/04/30 11:44:00	,	408042	,	127	,10.515248,1999.9000,-0.24081738,-595.8143,595375.5000,33.878,604963.1875,1999.9000,
	2026/04/30 11:44:00	,	409042	,	128	,10.515254,1999.9000,-0.24469335,-595.4712,595262.9375,33.874,604999.3750,1999.9000,
	2026/04/30 11:44:00	,	410042	,	129	,10.515259,1999.9000,-0.25149363,-594.6879,595007.8750,33.869,605015.9375,1999.9000,
	2026/04/30 11:44:00	,	411042	,	130	,10.515264,1999.9000,-0.25509858,-594.0352,594869.6875,33.858,605024.1250,1999.9000,
	2026/04/30 11:44:00	,	412042	,	131	,10.515266,1999.9000,-0.25509858,-593.9886,594869.6875,33.849,605029.0625,1999.9000,
	2026/04/30 11:44:00	,	413042	,	132	,10.515274,1999.9000,-0.25509858,-593.9498,594869.6875,33.842,605032.3750,1999.9000,
	2026/04/30 11:44:00	,	414042	,	133	,10.515281,1999.9000,-0.25509858,-593.9175,594869.6875,33.842,605035.0625,1999.9000,
	2026/04/30 11:44:00	,	415042	,	134	,10.515285,1999.9000,-0.25509858,-594.1890,594869.6875,33.843,605025.5000,1999.9000,
	2026/04/30 11:44:00	,	416042	,	135	,10.515305,1999.9000,-0.25149992,-594.5146,594971.0000,33.846,604914.8750,1999.9000,
	2026/04/30 11:44:00	,	417042	,	136	,10.515326,1999.9000,-0.24849370,-594.7860,594985.8750,33.850,604881.3125,1999.9000,
	2026/04/30 11:44:00	,	418042	,	137	,10.515338,1999.9000,-0.24608617,-595.0123,594992.3750,33.855,604773.5000,1999.9000,
	2026/04/30 11:44:00	,	419042	,	138	,10.515338,1999.9000,-0.24289086,-595.2007,595095.5000,33.860,604740.2500,1999.9000,
	2026/04/30 11:44:00	,	420042	,	139	,10.515334,1999.9000,-0.23638050,-595.5568,595366.0000,33.865,604729.1875,1999.9000,
	2026/04/30 11:44:00	,	421042	,	140	,10.515331,1999.9000,-0.23116845,-595.8535,595535.7500,33.870,604723.6250,1999.9000,
	2026/04/30 11:44:00	,	422042	,	141	,10.515334,1999.9000,-0.23116845,-596.1006,595535.7500,33.875,604720.2500,1999.9000,
	2026/04/30 11:44:00	,	423042	,	142	,10.515346,1999.9000,-0.23116845,-596.5057,595535.7500,33.877,604718.0625,1999.9000,
	2026/04/30 11:44:00	,	424042	,	143	,10.515370,1999.9000,-0.23116845,-596.6442,595535.7500,33.879,604716.1875,1999.9000,
	2026/04/30 11:44:00	,	425042	,	144	,10.515390,1999.9000,-0.23116845,-596.7596,595535.7500,33.880,604725.3750,1999.9000,
	2026/04/30 11:44:00	,	426042	,	145	,10.515407,1999.9000,-0.23151611,-596.8558,595430.9375,33.887,604830.3125,1999.9000,
	2026/04/30 11:44:00	,	427042	,	146	,10.515431,1999.9000,-0.23523349,-596.9360,595408.9375,33.894,604856.3125,1999.9000,
	2026/04/30 11:44:00	,	428042	,	147	,10.515451,1999.9000,-0.23602442,-597.0028,595396.9375,33.893,604939.6250,1999.9000,
	2026/04/30 11:44:00	,	429042	,	148	,10.515468,1999.9000,-0.23924181,-596.8596,595308.1875,33.890,604974.3125,1999.9000,
	2026/04/30 11:44:00	,	430042	,	149	,10.515471,1999.9000,-0.24551897,-596.6407,595093.1250,33.881,605058.5625,1999.9000,
	2026/04/30 11:44:00	,	431042	,	150	,10.515475,1999.9000,-0.25194108,-596.0604,594829.7500,33.873,605058.5625,1999.9000,
	2026/04/30 11:44:00	,	432042	,	151	,10.515462,1999.9000,-0.25194108,-595.5768,594829.7500,33.871,605058.5625,1999.9000,
	2026/04/30 11:44:00	,	433042	,	152	,10.515448,1999.9000,-0.25194108,-595.1739,594829.7500,33.861,605058.5625,1999.9000,
	2026/04/30 11:44:00	,	434042	,	153	,10.515426,1999.9000,-0.25194108,-595.1365,594829.7500,33.853,605058.5625,1999.9000,
	2026/04/30 11:44:00	,	435042	,	154	,10.515402,1999.9000,-0.25194108,-595.1053,594829.7500,33.847,605048.0625,1999.9000,
	2026/04/30 11:44:00	,	436042	,	155	,10.515366,1999.9000,-0.24952729,-595.0794,594938.2500,33.849,604928.6875,1999.9000,
	2026/04/30 11:44:00	,	437042	,	156	,10.515331,1999.9000,-0.24695592,-595.0577,594957.5625,33.855,604899.4375,1999.9000,
	2026/04/30 11:44:00	,	438042	,	157	,10.515307,1999.9000,-0.24617125,-595.2386,594968.6250,33.861,604809.6875,1999.9000,
	2026/04/30 11:44:00	,	439042	,	158	,10.515288,1999.9000,-0.24396227,-595.3894,594985.3750,33.865,604779.8125,1999.9000,
	2026/04/30 11:44:00	,	440042	,	159	,10.515273,1999.9000,-0.23903382,-595.5150,595262.3125,33.869,604696.7500,1999.9000,
	2026/04/30 11:44:00	,	441042	,	160	,10.515274,1999.9000,-0.23324823,-595.6197,595550.6875,33.874,604696.7500,1999.9000,
	2026/04/30 11:44:00	,	442042	,	161	,10.515265,1999.9000,-0.23240371,-595.4086,595550.6875,33.874,604696.7500,1999.9000,
	2026/04/30 11:44:00	,	443042	,	162	,10.515264,1999.9000,-0.23212220,-595.2326,595550.6875,33.878,604696.7500,1999.9000,
	2026/04/30 11:44:00	,	444042	,	163	,10.515262,1999.9000,-0.23198144,-595.1854,595550.6875,33.881,604696.7500,1999.9000,
	2026/04/30 11:44:00	,	445042	,	164	,10.515261,1999.9000,-0.23189700,-595.1461,595550.6875,33.883,604706.4375,1999.9000,
	2026/04/30 11:44:00	,	446042	,	165	,10.515259,1999.9000,-0.23184069,-595.1133,595470.2500,33.886,604818.1875,1999.9000,
	2026/04/30 11:44:00	,	447042	,	166	,10.515253,1999.9000,-0.23431332,-595.0860,595435.1250,33.887,604840.8125,1999.9000,
	2026/04/30 11:44:00	,	448042	,	167	,10.515248,1999.9000,-0.23679648,-595.2622,595411.0625,33.889,604866.3125,1999.9000,
	2026/04/30 11:44:00	,	449042	,	168	,10.515244,1999.9000,-0.23911576,-595.4090,595391.6875,33.890,604977.6250,1999.9000,
	2026/04/30 11:44:00	,	450042	,	169	,10.515240,1999.9000,-0.24439713,-595.5314,595178.9375,33.886,605059.1875,1999.9000,
	2026/04/30 11:44:00	,	451042	,	170	,10.515243,1999.9000,-0.25132975,-595.6333,594904.2500,33.886,605059.1875,1999.9000,
	2026/04/30 11:44:00	,	452042	,	171	,10.515249,1999.9000,-0.25206399,-595.7183,594903.3750,33.884,605059.1875,1999.9000,
	2026/04/30 11:44:00	,	453042	,	172	,10.515261,1999.9000,-0.25230873,-595.6896,594903.0625,33.881,605059.1875,1999.9000,
	2026/04/30 11:44:00	,	454042	,	173	,10.515304,1999.9000,-0.25243109,-595.6658,594902.9375,33.879,605059.1875,1999.9000,
	2026/04/30 11:44:00	,	455042	,	174	,10.515340,1999.9000,-0.25250450,-595.4469,594902.8750,33.878,605050.9375,1999.9000,
	2026/04/30 11:44:00	,	456042	,	175	,10.515386,1999.9000,-0.25255349,-594.9662,594902.8125,33.878,604927.5625,1999.9000,
	2026/04/30 11:44:00	,	457042	,	176	,10.515423,1999.9000,-0.24986759,-594.5655,594913.8750,33.878,604891.6250,1999.9000,
	2026/04/30 11:44:00	,	458042	,	177	,10.515439,1999.9000,-0.24735928,-594.2316,594999.0000,33.878,604796.5000,1999.9000,
	2026/04/30 11:44:00	,	459042	,	178	,10.515452,1999.9000,-0.24637610,-593.9534,595007.9375,33.878,604763.2500,1999.9000,
	2026/04/30 11:44:00	,	460042	,	179	,10.515464,1999.9000,-0.24123965,-593.7215,595162.1875,33.878,604669.0000,1999.9000,
	2026/04/30 11:44:00	,	461042	,	180	,10.515463,1999.9000,-0.23484272,-593.4288,595455.3750,33.874,604669.0000,1999.9000,
	2026/04/30 11:44:00	,	462042	,	181	,10.515462,1999.9000,-0.23133861,-593.1849,595474.6875,33.865,604669.0000,1999.9000,
	2026/04/30 11:44:00	,	463042	,	182	,10.515462,1999.9000,-0.23133861,-592.9816,595481.1875,33.858,604669.0000,1999.9000,
	2026/04/30 11:44:00	,	464042	,	183	,10.515448,1999.9000,-0.23133861,-592.8122,595484.3750,33.852,604669.0000,1999.9000,
	2026/04/30 11:44:00	,	465042	,	184	,10.515426,1999.9000,-0.23133861,-592.6711,595486.3750,33.848,604677.5000,1999.9000,
	2026/04/30 11:44:00	,	466042	,	185	,10.515407,1999.9000,-0.23133861,-592.5534,595487.6250,33.845,604784.3750,1999.9000,
	2026/04/30 11:44:00	,	467042	,	186	,10.515391,1999.9000,-0.23390368,-592.3559,595475.8125,33.846,604810.3125,1999.9000,
	2026/04/30 11:44:00	,	468042	,	187	,10.515378,1999.9000,-0.23653807,-592.1913,595377.9375,33.851,604896.1250,1999.9000,
	2026/04/30 11:44:00	,	469042	,	188	,10.515377,1999.9000,-0.23893929,-592.1536,595371.9375,33.858,604926.0625,1999.9000,
	2026/04/30 11:44:00	,	470042	,	189	,10.515380,1999.9000,-0.24302952,-592.0228,595280.8125,33.864,605027.1875,1999.9000,
	2026/04/30 11:44:00	,	471042	,	190	,10.515384,1999.9000,-0.25018275,-592.1127,595037.1250,33.870,605035.0000,1999.9000,
	2026/04/30 11:44:00	,	472042	,	191	,10.515387,1999.9000,-0.25603133,-592.1876,594859.5000,33.874,605037.6875,1999.9000,
	2026/04/30 11:44:00	,	473042	,	192	,10.515388,1999.9000,-0.25603133,-592.2500,594859.5000,33.876,605039.0000,1999.9000,
	2026/04/30 11:44:00	,	474042	,	193	,10.515390,1999.9000,-0.25603133,-592.3019,594859.5000,33.878,605039.8125,1999.9000,
	2026/04/30 11:44:00	,	475042	,	194	,10.515388,1999.9000,-0.25603133,-592.3453,594859.5000,33.880,605040.3125,1999.9000,
	2026/04/30 11:44:00	,	476042	,	195	,10.515386,1999.9000,-0.25603133,-592.3815,594859.5000,33.886,605027.8125,1999.9000,
	2026/04/30 11:44:00	,	477042	,	196	,10.515378,1999.9000,-0.25383180,-592.4116,594872.7500,33.891,604893.6875,1999.9000,
	2026/04/30 11:44:00	,	478042	,	197	,10.515352,1999.9000,-0.25081927,-592.4366,594981.1250,33.890,604862.3125,1999.9000,
	2026/04/30 11:44:00	,	479042	,	198	,10.515326,1999.9000,-0.24841806,-592.7559,594990.6250,33.888,604763.8125,1999.9000,
	2026/04/30 11:44:00	,	480042	,	199	,10.515304,1999.9000,-0.24480680,-593.4200,595081.1875,33.888,604735.7500,1999.9000,
	2026/04/30 11:44:00	,	481042	,	200	,10.515285,1999.9000,-0.23777334,-593.9733,595340.3750,33.893,604726.3125,1999.9000,
	2026/04/30 11:44:00	,	482042	,	201	,10.515269,1999.9000,-0.23186800,-594.9318,595556.0625,33.901,604721.6875,1999.9000,
	2026/04/30 11:44:00	,	483042	,	202	,10.515256,1999.9000,-0.22941010,-595.7305,595556.0625,33.908,604718.9375,1999.9000,
	2026/04/30 11:44:00	,	484042	,	203	,10.515255,1999.9000,-0.22941010,-596.3962,595556.0625,33.903,604717.0625,1999.9000,
	2026/04/30 11:44:00	,	485042	,	204	,10.515254,1999.9000,-0.22941010,-596.9509,595556.0625,33.899,604716.0000,1999.9000,
	2026/04/30 11:44:00	,	486042	,	205	,10.515254,1999.9000,-0.22941010,-597.4131,595556.0625,33.895,604724.5000,1999.9000,
	2026/04/30 11:44:00	,	487042	,	206	,10.515279,1999.9000,-0.22941010,-597.7983,595444.0625,33.893,604820.6250,1999.9000,
	2026/04/30 11:44:00	,	488042	,	207	,10.515309,1999.9000,-0.22967373,-597.9203,595420.8125,33.890,604849.0000,1999.9000,
	2026/04/30 11:44:00	,	489042	,	208	,10.515326,1999.9000,-0.23213272,-597.9225,595406.1250,33.887,604950.5000,1999.9000,
	2026/04/30 11:44:00	,	490042	,	209	,10.515313,1999.9000,-0.23307490,-597.8250,595324.8750,33.884,604987.0625,1999.9000,
	2026/04/30 11:44:00	,	491042	,	210	,10.515304,1999.9000,-0.23990984,-597.3456,595134.1875,33.881,605013.3125,1999.9000,
	2026/04/30 11:44:00	,	492042	,	211	,10.515295,1999.9000,-0.24582149,-596.8468,594859.5000,33.879,605026.5000,1999.9000,
	2026/04/30 11:44:00	,	493042	,	212	,10.515307,1999.9000,-0.24603575,-596.4311,594859.5000,33.881,605034.4375,1999.9000,
	2026/04/30 11:44:00	,	494042	,	213	,10.515319,1999.9000,-0.24610718,-596.1842,594859.5000,33.887,605039.6875,1999.9000,
	2026/04/30 11:44:00	,	495042	,	214	,10.515328,1999.9000,-0.24614289,-595.8790,594859.5000,33.891,605044.0000,1999.9000,
	2026/04/30 11:44:00	,	496042	,	215	,10.515335,1999.9000,-0.24616434,-595.4256,594859.5000,33.897,605035.1250,1999.9000,
	2026/04/30 11:44:00	,	497042	,	216	,10.515337,1999.9000,-0.24617861,-595.0478,594870.6250,33.901,604913.6250,1999.9000,
	2026/04/30 11:44:00	,	498042	,	217	,10.515338,1999.9000,-0.24583338,-594.7330,594975.1250,33.905,604876.8125,1999.9000,
	2026/04/30 11:44:00	,	499042	,	218	,10.515338,1999.9000,-0.24273962,-594.4706,594984.9375,33.907,604774.0625,1999.9000,
	2026/04/30 11:44:00	,	500042	,	219	,10.515345,1999.9000,-0.24199279,-594.2520,595000.3125,33.908,604746.9375,1999.9000,
	2026/04/30 11:44:00	,	501042	,	220	,10.515349,1999.9000,-0.23643093,-594.3682,595220.5625,33.903,604725.6250,1999.9000,
	2026/04/30 11:44:00	,	502042	,	221	,10.515349,1999.9000,-0.23111802,-594.4651,595523.8750,33.899,604714.9375,1999.9000,
	2026/04/30 11:44:00	,	503042	,	222	,10.515347,1999.9000,-0.23111802,-594.9437,595523.8750,33.890,604708.5625,1999.9000,
	2026/04/30 11:44:00	,	504042	,	223	,10.515352,1999.9000,-0.23111802,-595.3426,595523.8750,33.882,604704.3125,1999.9000,
	2026/04/30 11:44:00	,	505042	,	224	,10.515346,1999.9000,-0.23111802,-595.6750,595523.8750,33.875,604700.7500,1999.9000,
	2026/04/30 11:44:00	,	506042	,	225	,10.515330,1999.9000,-0.23111802,-595.9520,595523.8750,33.869,604706.9375,1999.9000,
	2026/04/30 11:44:00	,	507042	,	226	,10.515317,1999.9000,-0.23447721,-595.7849,595514.7500,33.866,604798.8750,1999.9000,
	2026/04/30 11:44:00	,	508042	,	227	,10.515306,1999.9000,-0.23777965,-595.6457,595386.8125,33.864,604829.6875,1999.9000,
	2026/04/30 11:44:00	,	509042	,	228	,10.515297,1999.9000,-0.24029429,-595.3307,595374.8750,33.866,604922.0625,1999.9000,
	2026/04/30 11:44:00	,	510042	,	229	,10.515289,1999.9000,-0.24253163,-594.6703,595363.2500,33.868,604952.5625,1999.9000,
	2026/04/30 11:44:00	,	511042	,	230	,10.515304,1999.9000,-0.24793908,-594.1201,595211.6875,33.865,605064.0625,1999.9000,
	2026/04/30 11:44:00	,	512042	,	231	,10.515305,1999.9000,-0.25487170,-593.6614,594941.7500,33.869,605064.0625,1999.9000,
	2026/04/30 11:44:00	,	513042	,	232	,10.515306,1999.9000,-0.25487170,-593.2793,594915.2500,33.866,605064.0625,1999.9000,
	2026/04/30 11:44:00	,	514042	,	233	,10.515307,1999.9000,-0.25487170,-593.3588,594906.3750,33.862,605064.0625,1999.9000,
	2026/04/30 11:44:00	,	515042	,	234	,10.515307,1999.9000,-0.25487170,-593.4249,594901.9375,33.859,605064.0625,1999.9000,
	2026/04/30 11:44:00	,	516042	,	235	,10.515309,1999.9000,-0.25487170,-594.1764,594899.2500,33.856,605054.7500,1999.9000,
	2026/04/30 11:44:00	,	517042	,	236	,10.515310,1999.9000,-0.25461960,-594.8026,594897.4375,33.854,604928.6875,1999.9000,
	2026/04/30 11:44:00	,	518042	,	237	,10.515311,1999.9000,-0.24966592,-595.3245,594907.1250,33.844,604896.3750,1999.9000,
	2026/04/30 11:44:00	,	519042	,	238	,10.515311,1999.9000,-0.24680465,-595.7593,594987.6250,33.836,604794.6250,1999.9000,
	2026/04/30 11:44:00	,	520042	,	239	,10.515306,1999.9000,-0.24461773,-596.2212,595002.8125,33.837,604767.6875,1999.9000,
	2026/04/30 11:44:00	,	521042	,	240	,10.515302,1999.9000,-0.24010523,-596.6061,595146.1250,33.838,604743.3125,1999.9000,
	2026/04/30 11:44:00	,	522042	,	241	,10.515299,1999.9000,-0.23322302,-596.9269,595432.6875,33.838,604731.0625,1999.9000,
	2026/04/30 11:44:00	,	523042	,	242	,10.515296,1999.9000,-0.22839540,-596.9952,595531.0000,33.842,604723.6875,1999.9000,
	2026/04/30 11:44:00	,	524042	,	243	,10.515294,1999.9000,-0.22839540,-596.5548,595531.0000,33.847,604718.8125,1999.9000,
	2026/04/30 11:44:00	,	525042	,	244	,10.515311,1999.9000,-0.22839540,-596.1878,595531.0000,33.853,604714.6875,1999.9000,
	2026/04/30 11:44:00	,	526042	,	245	,10.515326,1999.9000,-0.22839540,-596.1804,595531.0000,33.864,604717.2500,1999.9000,
	2026/04/30 11:44:00	,	527042	,	246	,10.515338,1999.9000,-0.22839540,-596.1742,595531.0000,33.872,604730.0625,1999.9000,
	2026/04/30 11:44:00	,	528042	,	247	,10.515358,1999.9000,-0.23104870,-595.8706,595441.0625,33.879,604850.8125,1999.9000,
	2026/04/30 11:44:00	,	529042	,	248	,10.515386,1999.9000,-0.23326714,-595.6176,595424.4375,33.888,604881.6250,1999.9000,
	2026/04/30 11:44:00	,	530042	,	249	,10.515408,1999.9000,-0.23413371,-595.4067,595412.6250,33.896,604881.6250,1999.9000,
	2026/04/30 11:44:00	,	531042	,	250	,10.515427,1999.9000,-0.23875651,-595.2310,595306.4375,33.899,604976.4375,1999.9000,
	2026/04/30 11:44:00	,	532042	,	251	,10.515442,1999.9000,-0.24553788,-595.0847,595065.1250,33.900,605014.2500,1999.9000,
	2026/04/30 11:44:00	,	533042	,	252	,10.515435,1999.9000,-0.25067431,-594.9626,594869.1250,33.901,605026.8125,1999.9000,
	2026/04/30 11:44:00	,	534042	,	253	,10.515429,1999.9000,-0.25067431,-594.6620,594869.1250,33.900,605033.0625,1999.9000,
	2026/04/30 11:44:00	,	535042	,	254	,10.515439,1999.9000,-0.25067431,-594.4115,594869.1250,33.898,605036.8750,1999.9000,
	2026/04/30 11:44:00	,	536042	,	255	,10.515448,1999.9000,-0.25067431,-594.2028,594869.1250,33.898,605039.4375,1999.9000,
	2026/04/30 11:44:00	,	537042	,	256	,10.515439,1999.9000,-0.25067431,-594.5262,594869.1250,33.898,604953.5000,1999.9000,
	2026/04/30 11:44:00	,	538042	,	257	,10.515429,1999.9000,-0.25036129,-594.7957,594959.6250,33.898,604953.5000,1999.9000,
	2026/04/30 11:44:00	,	539042	,	258	,10.515414,1999.9000,-0.24618071,-595.0203,594980.1875,33.895,604919.3750,1999.9000,
	2026/04/30 11:44:00	,	540042	,	259	,10.515407,1999.9000,-0.24399377,-595.3069,594992.1875,33.892,604817.5625,1999.9000,
	2026/04/30 11:44:00	,	541042	,	260	,10.515407,1999.9000,-0.24042034,-595.5458,595078.8125,33.887,604788.2500,1999.9000,
	2026/04/30 11:44:00	,	542042	,	261	,10.515410,1999.9000,-0.23366418,-595.7448,595316.5625,33.881,604704.6250,1999.9000,
	2026/04/30 11:44:00	,	543042	,	262	,10.515409,1999.9000,-0.22843321,-595.9106,595578.1250,33.877,604704.6250,1999.9000,
	2026/04/30 11:44:00	,	544042	,	263	,10.515407,1999.9000,-0.22843321,-595.9494,595578.1250,33.874,604704.6250,1999.9000,
	2026/04/30 11:44:00	,	545042	,	264	,10.515407,1999.9000,-0.22843321,-595.8822,595578.1250,33.870,604704.6250,1999.9000,
	2026/04/30 11:44:00	,	546042	,	265	,10.515410,1999.9000,-0.22843321,-595.8262,595578.1250,33.866,604704.6250,1999.9000,
	2026/04/30 11:44:00	,	547042	,	266	,10.515414,1999.9000,-0.22843321,-595.6801,595578.1250,33.862,604707.4375,1999.9000,
	2026/04/30 11:44:00	,	548042	,	267	,10.515432,1999.9000,-0.22873677,-594.9615,595460.1250,33.858,604719.5625,1999.9000,
	2026/04/30 11:44:00	,	549042	,	268	,10.515448,1999.9000,-0.23221464,-594.3626,595433.5625,33.856,604832.6875,1999.9000,
	2026/04/30 11:44:00	,	550042	,	269	,10.515460,1999.9000,-0.23291735,-593.8636,595417.3750,33.853,604863.5000,1999.9000,
	2026/04/30 11:44:00	,	551042	,	270	,10.515470,1999.9000,-0.23569356,-593.4478,595399.3125,33.851,604963.1875,1999.9000,
	2026/04/30 11:44:00	,	552042	,	271	,10.515478,1999.9000,-0.24161150,-593.1013,595152.0625,33.850,605000.6250,1999.9000,
	2026/04/30 11:44:00	,	553042	,	272	,10.515485,1999.9000,-0.24746640,-593.2104,594867.8750,33.848,605018.9375,1999.9000,
	2026/04/30 11:44:00	,	554042	,	273	,10.515491,1999.9000,-0.24833612,-593.3013,594867.8750,33.850,605028.1250,1999.9000,
	2026/04/30 11:44:00	,	555042	,	274	,10.515496,1999.9000,-0.24862604,-593.3770,594867.8750,33.854,605033.6250,1999.9000,
	2026/04/30 11:44:00	,	556042	,	275	,10.515496,1999.9000,-0.24877100,-593.5396,594867.8750,33.862,605037.2500,1999.9000,
	2026/04/30 11:44:00	,	557042	,	276	,10.515500,1999.9000,-0.24885796,-593.6750,594867.8750,33.871,605040.3125,1999.9000,
	2026/04/30 11:44:00	,	558042	,	277	,10.515474,1999.9000,-0.24891594,-593.7880,594877.0000,33.877,605030.7500,1999.9000,
	2026/04/30 11:44:00	,	559042	,	278	,10.515452,1999.9000,-0.24858192,-594.1805,594984.6250,33.882,604910.0000,1999.9000,
	2026/04/30 11:44:00	,	560042	,	279	,10.515429,1999.9000,-0.24538030,-594.6071,594994.1875,33.886,604880.3750,1999.9000,
	2026/04/30 11:44:00	,	561042	,	280	,10.515405,1999.9000,-0.24538030,-594.6071,595008.0625,33.889,604792.1875,1999.9000,
	2026/04/30 11:44:00	,	562042	,	281	,10.515384,1999.9000,-0.24458621,-594.9626,595220.0625,33.892,604767.1875,1999.9000,
	2026/04/30 11:44:00	,	563042	,	282	,10.515372,1999.9000,-0.23876283,-595.1594,595514.9375,33.890,604747.3125,1999.9000,
	2026/04/30 11:44:00	,	564042	,	283	,10.515362,1999.9000,-0.23329864,-595.3233,595514.9375,33.885,604737.4375,1999.9000,
	2026/04/30 11:44:00	,	565042	,	284	,10.515353,1999.9000,-0.23319781,-595.1616,595514.9375,33.879,604731.5000,1999.9000,
	2026/04/30 11:44:00	,	566042	,	285	,10.515347,1999.9000,-0.23316421,-594.9272,595514.9375,33.874,604727.5000,1999.9000,
	2026/04/30 11:44:00	,	567042	,	286	,10.515342,1999.9000,-0.23314740,-594.7320,595514.9375,33.871,604724.2500,1999.9000,
	2026/04/30 11:44:00	,	568042	,	287	,10.515337,1999.9000,-0.23313731,-594.5693,595510.7500,33.866,604730.2500,1999.9000,
	2026/04/30 11:44:00	,	569042	,	288	,10.515338,1999.9000,-0.23313059,-594.4338,595404.1250,33.866,604818.1875,1999.9000,
	2026/04/30 11:44:00	,	570042	,	289	,10.515344,1999.9000,-0.23689732,-594.3208,595392.1875,33.860,604846.2500,1999.9000,
	2026/04/30 11:44:00	,	571042	,	290	,10.515344,1999.9000,-0.24011151,-594.2266,595380.5000,33.856,604934.7500,1999.9000,
	2026/04/30 11:44:00	,	572042	,	291	,10.515344,1999.9000,-0.24301691,-594.4465,595239.0625,33.852,604972.1875,1999.9000,
	2026/04/30 11:44:00	,	573042	,	292	,10.515344,1999.9000,-0.24878359,-594.6298,594980.5000,33.850,605065.8125,1999.9000,
	2026/04/30 11:44:00	,	574042	,	293	,10.515344,1999.9000,-0.25572884,-594.7826,594884.0000,33.856,605065.8125,1999.9000,
	2026/04/30 11:44:00	,	575042	,	294	,10.515344,1999.9000,-0.25886738,-595.0094,594884.0000,33.865,605065.8125,1999.9000,
	2026/04/30 11:44:00	,	576042	,	295	,10.515378,1999.9000,-0.25886738,-595.2979,594884.0000,33.870,605065.8125,1999.9000,
	2026/04/30 11:44:00	,	577042	,	296	,10.515407,1999.9000,-0.25886738,-595.5381,594884.0000,33.873,605065.8125,1999.9000,
	2026/04/30 11:44:00	,	578042	,	297	,10.515431,1999.9000,-0.25886738,-595.6390,594884.0000,33.877,605055.5000,1999.9000,
	2026/04/30 11:44:00	,	579042	,	298	,10.515417,1999.9000,-0.25886738,-595.7231,594895.1250,33.880,604932.3750,1999.9000,
	2026/04/30 11:44:00	,	580042	,	299	,10.515405,1999.9000,-0.25570992,-595.8926,594978.1250,33.885,604901.8750,1999.9000,
	2026/04/30 11:44:00	,	581042	,	300	,10.515380,1999.9000,-0.25273520,-595.8348,594990.0000,33.888,604804.8750,1999.9000,
	2026/04/30 11:44:00	,	582042	,	301	,10.515373,1999.9000,-0.25011340,-595.4883,595101.4375,33.890,604770.1875,1999.9000,
	2026/04/30 11:44:00	,	583042	,	302	,10.515368,1999.9000,-0.24498326,-595.1996,595368.9375,33.891,604743.3125,1999.9000,
	2026/04/30 11:44:00	,	584042	,	303	,10.515365,1999.9000,-0.23789307,-594.9590,595526.2500,33.892,604729.8750,1999.9000,
	2026/04/30 11:44:00	,	585042	,	304	,10.515361,1999.9000,-0.23267470,-594.7585,595526.2500,33.896,604721.7500,1999.9000,
	2026/04/30 11:44:00	,	586042	,	305	,10.515358,1999.9000,-0.23267470,-594.8898,595526.2500,33.900,604716.3750,1999.9000,
	2026/04/30 11:44:00	,	587042	,	306	,10.515356,1999.9000,-0.23267470,-594.9992,595526.2500,33.904,604711.9375,1999.9000,
	2026/04/30 11:44:00	,	588042	,	307	,10.515353,1999.9000,-0.23267470,-595.0905,595526.2500,33.908,604717.1875,1999.9000,
	2026/04/30 11:44:00	,	589042	,	308	,10.515352,1999.9000,-0.23267470,-594.5696,595424.3750,33.909,604804.3125,1999.9000,
	2026/04/30 11:44:00	,	590042	,	309	,10.515370,1999.9000,-0.23285118,-594.1355,595401.1250,33.910,604833.8750,1999.9000,
	2026/04/30 11:44:00	,	591042	,	310	,10.515395,1999.9000,-0.23558012,-593.7738,595387.6250,33.911,604925.6875,1999.9000,
	2026/04/30 11:44:00	,	592042	,	311	,10.515417,1999.9000,-0.23623870,-593.4724,595298.0625,33.912,604956.8125,1999.9000,
	2026/04/30 11:44:00	,	593042	,	312	,10.515424,1999.9000,-0.24023126,-593.2213,595068.0625,33.914,605060.3750,1999.9000,
	2026/04/30 11:44:00	,	594042	,	313	,10.515410,1999.9000,-0.24635088,-593.0119,594831.5000,33.915,605060.3750,1999.9000,
	2026/04/30 11:44:00	,	595042	,	314	,10.515399,1999.9000,-0.24865754,-592.8375,594831.5000,33.917,605060.3750,1999.9000,
	2026/04/30 11:44:00	,	596042	,	315	,10.515380,1999.9000,-0.24865754,-592.9905,594831.5000,33.914,605060.3750,1999.9000,
	2026/04/30 11:44:00	,	597042	,	316	,10.515365,1999.9000,-0.24865754,-593.1180,594831.5000,33.911,605060.3750,1999.9000,
	2026/04/30 11:44:00	,	598042	,	317	,10.515361,1999.9000,-0.24865754,-593.2243,594831.5000,33.909,605053.2500,1999.9000,
	2026/04/30 11:44:00	,	599042	,	318	,10.515358,1999.9000,-0.24865754,-593.3129,594934.0000,33.914,604942.6250,1999.9000,
	2026/04/30 11:44:00	,	600042	,	319	,10.515356,1999.9000,-0.24532358,-593.4862,594956.3125,33.919,604909.9375,1999.9000,
	2026/04/30 11:44:00	,	601042	,	320	,10.515353,1999.9000,-0.24246231,-594.0285,594967.7500,33.921,604815.7500,1999.9000,
	2026/04/30 11:44:00	,	602042	,	321	,10.515352,1999.9000,-0.24008001,-594.4805,594987.1875,33.917,604788.8750,1999.9000,
	2026/04/30 11:44:00	,	603042	,	322	,10.515350,1999.9000,-0.23610319,-594.8571,595275.4375,33.914,604703.4375,1999.9000,
	2026/04/30 11:44:00	,	604042	,	323	,10.515334,1999.9000,-0.22907606,-595.1709,595576.8750,33.911,604703.4375,1999.9000,
	2026/04/30 11:44:00	,	605042	,	324	,10.515342,1999.9000,-0.22381358,-595.2524,595576.8750,33.909,604703.4375,1999.9000,
	2026/04/30 11:44:00	,	606042	,	325	,10.515352,1999.9000,-0.22381358,-595.2524,595576.8750,33.907,604703.4375,1999.9000,
	2026/04/30 11:44:00	,	607042	,	326	,10.515360,1999.9000,-0.22381358,-595.1025,595576.8750,33.905,604703.4375,1999.9000,
	2026/04/30 11:44:00	,	608042	,	327	,10.515366,1999.9000,-0.22381358,-595.1765,595576.8750,33.902,604707.3125,1999.9000,
	2026/04/30 11:44:00	,	609042	,	328	,10.515372,1999.9000,-0.22381358,-595.0392,595463.6875,33.900,604719.3125,1999.9000,
	2026/04/30 11:44:00	,	610042	,	329	,10.515376,1999.9000,-0.22609502,-594.9248,595427.3750,33.898,604834.5000,1999.9000,
	2026/04/30 11:44:00	,	611042	,	330	,10.515380,1999.9000,-0.22860339,-594.7299,595406.5000,33.892,604862.0000,1999.9000,
	2026/04/30 11:44:00	,	612042	,	331	,10.515384,1999.9000,-0.22960860,-594.4681,595387.1250,33.886,604945.6250,1999.9000,
	2026/04/30 11:44:00	,	613042	,	332	,10.515387,1999.9000,-0.23368308,-594.2499,595165.8125,33.882,604983.0625,1999.9000,
	2026/04/30 11:44:00	,	614042	,	333	,10.515388,1999.9000,-0.24063462,-594.2671,594891.7500,33.878,605006.6250,1999.9000,
	2026/04/30 11:44:00	,	615042	,	334	,10.515387,1999.9000,-0.24714497,-594.4803,594891.7500,33.875,605018.4375,1999.9000,
	2026/04/30 11:44:00	,	616042	,	335	,10.515384,1999.9000,-0.25047892,-594.4591,594891.7500,33.873,605025.5000,1999.9000,
	2026/04/30 11:44:00	,	617042	,	336	,10.515383,1999.9000,-0.25047892,-594.4413,594891.7500,33.872,605030.1875,1999.9000,
	2026/04/30 11:44:00	,	618042	,	337	,10.515381,1999.9000,-0.25047892,-594.6255,594891.7500,33.872,605034.1875,1999.9000,
	2026/04/30 11:44:00	,	619042	,	338	,10.515384,1999.9000,-0.25047892,-594.7790,594894.7500,33.874,605024.6875,1999.9000,
	2026/04/30 11:44:00	,	620042	,	339	,10.515387,1999.9000,-0.25047892,-594.9069,594982.8750,33.877,604910.0000,1999.9000,
	2026/04/30 11:44:00	,	621042	,	340	,10.515388,1999.9000,-0.24810293,-595.0135,594995.3750,33.878,604881.3125,1999.9000,
	2026/04/30 11:44:00	,	622042	,	341	,10.515371,1999.9000,-0.24707565,-595.1023,595005.5000,33.880,604796.5000,1999.9000,
	2026/04/30 11:44:00	,	623042	,	342	,10.515372,1999.9000,-0.24336985,-595.1763,595183.6875,33.880,604768.9375,1999.9000,
	2026/04/30 11:44:00	,	624042	,	343	,10.515376,1999.9000,-0.23720613,-595.2380,595482.7500,33.878,604748.5625,1999.9000,
	2026/04/30 11:44:00	,	625042	,	344	,10.515376,1999.9000,-0.23106129,-595.2894,595500.0625,33.878,604738.3125,1999.9000,
	2026/04/30 11:44:00	,	626042	,	345	,10.515376,1999.9000,-0.23106129,-595.3322,595505.8125,33.883,604732.1875,1999.9000,
	2026/04/30 11:44:00	,	627042	,	346	,10.515356,1999.9000,-0.23106129,-595.4674,595508.6875,33.887,604728.1250,1999.9000,
	2026/04/30 11:44:00	,	628042	,	347	,10.515338,1999.9000,-0.23106129,-595.5800,595510.3750,33.885,604724.7500,1999.9000,
	2026/04/30 11:44:00	,	629042	,	348	,10.515329,1999.9000,-0.23106129,-595.6739,595511.5625,33.884,604733.2500,1999.9000,
	2026/04/30 11:44:00	,	630042	,	349	,10.515337,1999.9000,-0.23112644,-595.7521,595421.3750,33.883,604827.8125,1999.9000,
	2026/04/30 11:44:00	,	631042	,	350	,10.515343,1999.9000,-0.23400451,-595.7178,595399.6250,33.882,604852.9375,1999.9000,
	2026/04/30 11:44:00	,	632042	,	351	,10.515338,1999.9000,-0.23501290,-595.7888,595384.2500,33.882,604937.1875,1999.9000,
	2026/04/30 11:44:00	,	633042	,	352	,10.515328,1999.9000,-0.23801912,-595.8478,595256.3125,33.881,604968.0000,1999.9000,
	2026/04/30 11:44:00	,	634042	,	353	,10.515320,1999.9000,-0.24340138,-595.8970,595009.1250,33.881,605075.5000,1999.9000,
	2026/04/30 11:44:00	,	635042	,	354	,10.515314,1999.9000,-0.24993064,-595.9380,594869.6875,33.880,605075.5000,1999.9000,
	2026/04/30 11:44:00	,	636042	,	355	,10.515314,1999.9000,-0.25011340,-595.7733,594869.6875,33.880,605075.5000,1999.9000,
	2026/04/30 11:44:00	,	637042	,	356	,10.515314,1999.9000,-0.25017431,-595.4371,594869.6875,33.878,605075.5000,1999.9000,
	2026/04/30 11:44:00	,	638042	,	357	,10.515314,1999.9000,-0.25020480,-595.1569,594869.6875,33.877,605075.5000,1999.9000,
	2026/04/30 11:44:00	,	639042	,	358	,10.515314,1999.9000,-0.25022307,-594.8239,594869.6875,33.875,605066.0000,1999.9000,
	2026/04/30 11:44:00	,	640042	,	359	,10.515314,1999.9000,-0.25023526,-594.5464,594965.6250,33.878,604945.0625,1999.9000,
	2026/04/30 11:44:00	,	641042	,	360	,10.515314,1999.9000,-0.24747269,-594.3152,594987.6250,33.882,604914.8125,1999.9000,
	2026/04/30 11:44:00	,	642042	,	361	,10.515314,1999.9000,-0.24532989,-594.1224,594997.0000,33.888,604817.0000,1999.9000,
	2026/04/30 11:44:00	,	643042	,	362	,10.515314,1999.9000,-0.24438138,-593.9619,595099.0625,33.892,604785.5625,1999.9000,
	2026/04/30 11:44:00	,	644042	,	363	,10.515338,1999.9000,-0.23883845,-594.0270,595359.4375,33.888,604703.4375,1999.9000,
	2026/04/30 11:44:00	,	645042	,	364	,10.515359,1999.9000,-0.23263060,-594.1808,595545.8750,33.885,604703.4375,1999.9000,
	2026/04/30 11:44:00	,	646042	,	365	,10.515376,1999.9000,-0.23263060,-594.8063,595545.8750,33.890,604703.4375,1999.9000,
	2026/04/30 11:44:00	,	647042	,	366	,10.515376,1999.9000,-0.23263060,-595.4270,595545.8750,33.897,604703.4375,1999.9000,
	2026/04/30 11:44:00	,	648042	,	367	,10.515366,1999.9000,-0.23263060,-595.9443,595545.8750,33.903,604703.4375,1999.9000,
	2026/04/30 11:44:00	,	649042	,	368	,10.515357,1999.9000,-0.23263060,-596.3753,595545.8750,33.908,604709.8750,1999.9000,
	2026/04/30 11:44:00	,	650042	,	369	,10.515360,1999.9000,-0.23294887,-596.7345,595442.8750,33.903,604805.5000,1999.9000,
	2026/04/30 11:44:00	,	651042	,	370	,10.515372,1999.9000,-0.23756535,-597.0339,595417.5000,33.899,604828.1875,1999.9000,
	2026/04/30 11:44:00	,	652042	,	371	,10.515383,1999.9000,-0.23972708,-597.2833,595401.3750,33.896,604912.4375,1999.9000,
	2026/04/30 11:44:00	,	653042	,	372	,10.515390,1999.9000,-0.24049596,-597.3917,595401.3750,33.893,604941.7500,1999.9000,
	2026/04/30 11:44:00	,	654042	,	373	,10.515396,1999.9000,-0.24503368,-596.2884,595100.8750,33.889,605054.3750,1999.9000,
	2026/04/30 11:44:00	,	655042	,	374	,10.515396,1999.9000,-0.25163227,-595.3689,595100.8750,33.886,605054.3750,1999.9000,
	2026/04/30 11:44:00	,	656042	,	375	,10.515403,1999.9000,-0.25199151,-594.6027,594828.5625,33.883,605054.3750,1999.9000,
	2026/04/30 11:44:00	,	657042	,	376	,10.515417,1999.9000,-0.25211126,-593.9642,594828.5625,33.881,605054.3750,1999.9000,
	2026/04/30 11:44:00	,	658042	,	377	,10.515429,1999.9000,-0.25217113,-593.4321,594828.5625,33.879,605054.3750,1999.9000,
	2026/04/30 11:44:00	,	659042	,	378	,10.515439,1999.9000,-0.25220704,-592.9887,594828.5625,33.877,605048.6250,1999.9000,
	2026/04/30 11:44:00	,	660042	,	379	,10.515442,1999.9000,-0.25223100,-592.7187,594828.5625,33.874,604951.6250,1999.9000,
	2026/04/30 11:44:00	,	661042	,	380	,10.515445,1999.9000,-0.24914914,-592.5931,594927.5000,33.874,604920.0000,1999.9000,
	2026/04/30 11:44:00	,	662042	,	381	,10.515444,1999.9000,-0.24676682,-592.5880,594950.4375,33.874,604814.0000,1999.9000,
	2026/04/30 11:44:00	,	663042	,	382	,10.515441,1999.9000,-0.24583724,-592.5837,594963.8750,33.881,604777.4375,1999.9000,
	2026/04/30 11:44:00	,	664042	,	383	,10.515439,1999.9000,-0.24118923,-592.4806,594981.3125,33.887,604686.5000,1999.9000,
	2026/04/30 11:44:00	,	665042	,	384	,10.515437,1999.9000,-0.23392889,-592.4941,595245.0625,33.892,604686.5000,1999.9000,
	2026/04/30 11:44:00	,	666042	,	385	,10.515437,1999.9000,-0.22810549,-592.5055,595548.3125,33.895,604686.5000,1999.9000,
	2026/04/30 11:44:00	,	667042	,	386	,10.515437,1999.9000,-0.22810549,-593.1118,595548.3125,33.899,604686.5000,1999.9000,
	2026/04/30 11:44:00	,	668042	,	387	,10.515441,1999.9000,-0.22810549,-593.7165,595548.3125,33.902,604686.5000,1999.9000,
	2026/04/30 11:44:00	,	669042	,	388	,10.515439,1999.9000,-0.22810549,-594.2204,595548.3125,33.904,604695.0625,1999.9000,
	2026/04/30 11:44:00	,	670042	,	389	,10.515423,1999.9000,-0.22810549,-594.6403,595548.3125,33.903,604801.9375,1999.9000,
	2026/04/30 11:44:00	,	671042	,	390	,10.515414,1999.9000,-0.22842796,-594.9903,595466.0625,33.902,604829.0625,1999.9000,
	2026/04/30 11:44:00	,	672042	,	391	,10.515408,1999.9000,-0.23317260,-595.3814,595427.3750,33.901,604913.6250,1999.9000,
	2026/04/30 11:44:00	,	673042	,	392	,10.515403,1999.9000,-0.23602757,-595.7073,595406.5000,33.900,604944.7500,1999.9000,
	2026/04/30 11:44:00	,	674042	,	393	,10.515398,1999.9000,-0.24019346,-595.8795,595388.1875,33.900,605047.0625,1999.9000,
	2026/04/30 11:44:00	,	675042	,	394	,10.515393,1999.9000,-0.24811555,-595.7244,595187.2500,33.896,605047.0625,1999.9000,
	2026/04/30 11:44:00	,	676042	,	395	,10.515390,1999.9000,-0.25514901,-595.5953,594921.5000,33.893,605047.0625,1999.9000,
	2026/04/30 11:44:00	,	677042	,	396	,10.515383,1999.9000,-0.25607860,-595.4877,594908.1250,33.891,605047.0625,1999.9000,
	2026/04/30 11:44:00	,	678042	,	397	,10.515376,1999.9000,-0.25638849,-595.3979,594903.6875,33.889,605047.0625,1999.9000,
	2026/04/30 11:44:00	,	679042	,	398	,10.515371,1999.9000,-0.25654340,-595.2238,594901.4375,33.887,605044.5000,1999.9000,
	2026/04/30 11:44:00	,	680042	,	399	,10.515368,1999.9000,-0.25663638,-594.6807,594900.0625,33.886,604960.1250,1999.9000,
	2026/04/30 11:44:00	,	681042	,	400	,10.515363,1999.9000,-0.25669834,-594.2281,594899.1875,33.883,604924.5000,1999.9000,
	2026/04/30 11:44:00	,	682042	,	401	,10.515370,1999.9000,-0.25401458,-593.8510,594911.1250,33.879,604826.0625,1999.9000,
	2026/04/30 11:44:00	,	683042	,	402	,10.515376,1999.9000,-0.25144321,-593.8351,594997.7500,33.874,604791.0000,1999.9000,
	2026/04/30 11:44:00	,	684042	,	403	,10.515376,1999.9000,-0.24836133,-594.2197,595005.1875,33.870,604694.3750,1999.9000,
	2026/04/30 11:44:00	,	685042	,	404	,10.515376,1999.9000,-0.24169971,-594.5403,595137.1875,33.867,604694.3750,1999.9000,
	2026/04/30 11:44:00	,	686042	,	405	,10.515380,1999.9000,-0.23532170,-594.4095,595422.5625,33.864,604694.3750,1999.9000,
	2026/04/30 11:44:00	,	687042	,	406	,10.515388,1999.9000,-0.23431963,-594.0021,595513.1250,33.868,604694.3750,1999.9000,
	2026/04/30 11:44:00	,	688042	,	407	,10.515396,1999.9000,-0.23398560,-593.6627,595513.1250,33.872,604694.3750,1999.9000,
	2026/04/30 11:44:00	,	689042	,	408	,10.515403,1999.9000,-0.23381859,-593.4792,595513.1250,33.874,604696.4375,1999.9000,
	2026/04/30 11:44:00	,	690042	,	409	,10.515407,1999.9000,-0.23371838,-593.2269,595513.1250,33.876,604696.4375,1999.9000,
	2026/04/30 11:44:00	,	691042	,	410	,10.515410,1999.9000,-0.23365158,-592.9172,595513.1250,33.878,604708.2500,1999.9000,
	2026/04/30 11:44:00	,	692042	,	411	,10.515414,1999.9000,-0.23395619,-592.6591,595420.8125,33.880,604830.3125,1999.9000,
	2026/04/30 11:44:00	,	693042	,	412	,10.515427,1999.9000,-0.23720613,-592.4440,595404.4375,33.881,604862.3750,1999.9000,
	2026/04/30 11:44:00	,	694042	,	413	,10.515437,1999.9000,-0.23821136,-592.2647,595394.9375,33.881,604957.1250,1999.9000,
	2026/04/30 11:44:00	,	695042	,	414	,10.515447,1999.9000,-0.24465553,-592.3143,595281.4375,33.880,604991.5625,1999.9000,
	2026/04/30 11:44:00	,	696042	,	415	,10.515453,1999.9000,-0.25093901,-592.7535,595035.8750,33.880,605014.6875,1999.9000,
	2026/04/30 11:44:00	,	697042	,	416	,10.515460,1999.9000,-0.25111863,-593.3185,594853.0000,33.880,605026.2500,1999.9000,
	2026/04/30 11:44:00	,	698042	,	417	,10.515465,1999.9000,-0.25117850,-593.8887,594853.0000,33.878,605033.1875,1999.9000,
	2026/04/30 11:44:00	,	699042	,	418	,10.515474,1999.9000,-0.25120842,-594.3640,594853.0000,33.872,605037.8125,1999.9000,
	2026/04/30 11:44:00	,	700042	,	419	,10.515482,1999.9000,-0.25122640,-594.7599,594853.0000,33.866,605041.6250,1999.9000,
	2026/04/30 11:44:00	,	701042	,	420	,10.515483,1999.9000,-0.25123838,-595.0900,594853.0000,33.857,605033.3125,1999.9000,
	2026/04/30 11:44:00	,	702042	,	421	,10.515454,1999.9000,-0.24856932,-595.3650,594940.6250,33.850,604923.2500,1999.9000,
	2026/04/30 11:44:00	,	703042	,	422	,10.515431,1999.9000,-0.24618700,-595.5942,594958.5000,33.844,604890.9375,1999.9000,
	2026/04/30 11:44:00	,	704042	,	423	,10.515411,1999.9000,-0.24379842,-595.7852,594969.9375,33.842,604785.0000,1999.9000,
	2026/04/30 11:44:00	,	705042	,	424	,10.515401,1999.9000,-0.23839097,-595.9443,595062.1250,33.842,604755.3750,1999.9000,
	2026/04/30 11:44:00	,	706042	,	425	,10.515391,1999.9000,-0.23175457,-596.0769,595305.1875,33.837,604734.0000,1999.9000,
	2026/04/30 11:44:00	,	707042	,	426	,10.515378,1999.9000,-0.23134491,-595.9885,595558.4375,33.838,604723.3750,1999.9000,
	2026/04/30 11:44:00	,	708042	,	427	,10.515347,1999.9000,-0.23120835,-596.1137,595558.4375,33.839,604717.0000,1999.9000,
	2026/04/30 11:44:00	,	709042	,	428	,10.515331,1999.9000,-0.23114009,-596.3176,595558.4375,33.842,604709.1250,1999.9000,
	2026/04/30 11:44:00	,	710042	,	429	,10.515328,1999.9000,-0.23109913,-596.4874,595558.4375,33.842,604709.1250,1999.9000,
	2026/04/30 11:44:00	,	711042	,	430	,10.515326,1999.9000,-0.23107181,-596.7285,595558.4375,33.844,604718.0625,1999.9000,
	2026/04/30 11:44:00	,	712042	,	431	,10.515313,1999.9000,-0.23375872,-596.8299,595444.6250,33.844,604829.0625,1999.9000,
	2026/04/30 11:44:00	,	713042	,	432	,10.515304,1999.9000,-0.23643723,-596.9144,595412.4375,33.843,604853.1875,1999.9000,
	2026/04/30 11:44:00	,	714042	,	433	,10.515285,1999.9000,-0.23878172,-596.6864,595395.3750,33.843,604879.8125,1999.9000,
	2026/04/30 11:44:00	,	715042	,	434	,10.515280,1999.9000,-0.24342658,-596.3969,595377.1250,33.843,604995.7500,1999.9000,
	2026/04/30 11:44:00	,	716042	,	435	,10.515280,1999.9000,-0.25027093,-596.5536,595139.0000,33.850,605078.5000,1999.9000,
	2026/04/30 11:44:00	,	717042	,	436	,10.515280,1999.9000,-0.25369945,-596.6841,594863.7500,33.849,605078.5000,1999.9000,
	2026/04/30 11:44:00	,	718042	,	437	,10.515285,1999.9000,-0.25369945,-596.7929,594863.7500,33.848,605078.5000,1999.9000,
	2026/04/30 11:44:00	,	719042	,	438	,10.515305,1999.9000,-0.25369945,-596.8836,594863.7500,33.854,605078.5000,1999.9000,
	2026/04/30 11:44:00	,	720042	,	439	,10.515326,1999.9000,-0.25369945,-596.9592,594863.7500,33.864,605078.5000,1999.9000,
	2026/04/30 11:44:00	,	721042	,	440	,10.515344,1999.9000,-0.25369945,-597.2210,594863.7500,33.873,605070.4375,1999.9000,
	2026/04/30 11:44:00	,	722042	,	441	,10.515358,1999.9000,-0.25033399,-597.4393,594873.5625,33.883,604957.1250,1999.9000,
	2026/04/30 11:44:00	,	723042	,	442	,10.515370,1999.9000,-0.24724580,-597.6212,594978.7500,33.893,604924.1875,1999.9000,
	2026/04/30 11:44:00	,	724042	,	443	,10.515380,1999.9000,-0.24476898,-597.7728,594989.7500,33.900,604814.6250,1999.9000,
	2026/04/30 11:44:00	,	725042	,	444	,10.515384,1999.9000,-0.24093084,-597.8990,595003.0000,33.902,604783.8125,1999.9000,
	2026/04/30 11:44:00	,	726042	,	445	,10.515387,1999.9000,-0.23442678,-597.6064,595208.0625,33.909,604698.6250,1999.9000,
	2026/04/30 11:44:00	,	727042	,	446	,10.515388,1999.9000,-0.23187432,-596.6662,595506.6250,33.915,604698.6250,1999.9000,
	2026/04/30 11:44:00	,	728042	,	447	,10.515390,1999.9000,-0.23187432,-595.8828,595506.6250,33.916,604698.6250,1999.9000,
	2026/04/30 11:44:00	,	729042	,	448	,10.515392,1999.9000,-0.23187432,-595.2299,595506.6250,33.918,604698.6250,1999.9000,
	2026/04/30 11:44:00	,	730042	,	449	,10.515404,1999.9000,-0.23187432,-594.5862,595506.6250,33.919,604698.6250,1999.9000,
	2026/04/30 11:44:00	,	731042	,	450	,10.515423,1999.9000,-0.23187432,-593.8510,595506.6250,33.920,604705.4375,1999.9000,
	2026/04/30 11:44:00	,	732042	,	451	,10.515439,1999.9000,-0.23482382,-593.4373,595502.4375,33.920,604810.9375,1999.9000,
	2026/04/30 11:44:00	,	733042	,	452	,10.515452,1999.9000,-0.23743930,-592.8936,595406.5000,33.921,604833.0000,1999.9000,
	2026/04/30 11:44:00	,	734042	,	453	,10.515452,1999.9000,-0.23846661,-592.4404,595393.0625,33.922,604914.8750,1999.9000,
	2026/04/30 11:44:00	,	735042	,	454	,10.515478,1999.9000,-0.24246231,-592.3613,595382.8750,33.922,604946.1875,1999.9000,
	2026/04/30 11:44:00	,	736042	,	455	,10.515491,1999.9000,-0.24848107,-592.2952,595228.3125,33.919,605043.5000,1999.9000,
	2026/04/30 11:44:00	,	737042	,	456	,10.515500,1999.9000,-0.25332761,-592.2402,594956.6250,33.916,605043.5000,1999.9000,
	2026/04/30 11:44:00	,	738042	,	457	,10.515524,1999.9000,-0.25332761,-592.1944,594869.1250,33.913,605043.5000,1999.9000,
	2026/04/30 11:44:00	,	739042	,	458	,10.515552,1999.9000,-0.25332761,-592.1563,594869.1250,33.910,605043.5000,1999.9000,
	2026/04/30 11:44:00	,	740042	,	459	,10.515567,1999.9000,-0.25332761,-592.4229,594869.1250,33.908,605043.5000,1999.9000,
	2026/04/30 11:44:00	,	741042	,	460	,10.515564,1999.9000,-0.25332761,-592.6450,594869.1250,33.906,605043.1250,1999.9000,
	2026/04/30 11:44:00	,	742042	,	461	,10.515562,1999.9000,-0.25029615,-592.8301,594869.1250,33.904,604956.5625,1999.9000,
	2026/04/30 11:44:00	,	743042	,	462	,10.515560,1999.9000,-0.24732774,-592.9844,594960.2500,33.903,604924.8125,1999.9000,
	2026/04/30 11:44:00	,	744042	,	463	,10.515560,1999.9000,-0.24474376,-593.4114,594981.3750,33.901,604829.6875,1999.9000,
	2026/04/30 11:44:00	,	745042	,	464	,10.515558,1999.9000,-0.24142240,-593.6677,594989.8125,33.898,604798.8750,1999.9000,
	2026/04/30 11:44:00	,	746042	,	465	,10.515547,1999.9000,-0.23465997,-593.6824,595122.3125,33.897,604712.5000,1999.9000,
	2026/04/30 11:44:00	,	747042	,	466	,10.515523,1999.9000,-0.22832608,-593.6946,595414.2500,33.895,604712.5000,1999.9000,
	2026/04/30 11:44:00	,	748042	,	467	,10.515502,1999.9000,-0.22601309,-593.9038,595529.2500,33.894,604712.5000,1999.9000,
	2026/04/30 11:44:00	,	749042	,	468	,10.515487,1999.9000,-0.22601309,-594.0781,595529.2500,33.893,604712.5000,1999.9000,
	2026/04/30 11:44:00	,	750042	,	469	,10.515471,1999.9000,-0.22601309,-594.2233,595529.2500,33.892,604712.5000,1999.9000,
	2026/04/30 11:44:00	,	751042	,	470	,10.515456,1999.9000,-0.22601309,-594.3444,595529.2500,33.891,604712.8750,1999.9000,
	2026/04/30 11:44:00	,	752042	,	471	,10.515442,1999.9000,-0.22601309,-594.4453,595529.2500,33.891,604725.6250,1999.9000,
	2026/04/30 11:44:00	,	753042	,	472	,10.515431,1999.9000,-0.22837651,-594.5293,595414.3125,33.890,604842.3750,1999.9000,
	2026/04/30 11:44:00	,	754042	,	473	,10.515417,1999.9000,-0.22837651,-594.4999,595414.3125,33.890,604867.4375,1999.9000,
	2026/04/30 11:44:00	,	755042	,	474	,10.515405,1999.9000,-0.22934391,-594.5748,595397.3750,33.889,604960.7500,1999.9000,
	2026/04/30 11:44:00	,	756042	,	475	,10.515395,1999.9000,-0.23253608,-594.5377,595281.4375,33.889,604998.8125,1999.9000,
	2026/04/30 11:44:00	,	757042	,	476	,10.515387,1999.9000,-0.23835947,-594.5069,595049.0000,33.889,605019.9375,1999.9000,
	2026/04/30 11:44:00	,	758042	,	477	,10.515380,1999.9000,-0.24515973,-594.4811,594826.1875,33.889,605030.5000,1999.9000,
	2026/04/30 11:44:00	,	759042	,	478	,10.515373,1999.9000,-0.24812184,-594.2608,594826.1875,33.889,605036.8750,1999.9000,
	2026/04/30 11:44:00	,	760042	,	479	,10.515373,1999.9000,-0.24812184,-594.2761,594826.1875,33.890,605041.0625,1999.9000,
	2026/04/30 11:44:00	,	761042	,	480	,10.515373,1999.9000,-0.24812184,-594.4878,594826.1875,33.891,605044.6250,1999.9000,
	2026/04/30 11:44:00	,	762042	,	481	,10.515373,1999.9000,-0.24812184,-594.6642,594826.1875,33.891,605035.1875,1999.9000,
	2026/04/30 11:44:00	,	763042	,	482	,10.515373,1999.9000,-0.24812184,-594.9107,594926.8750,33.890,604919.6875,1999.9000,
	2026/04/30 11:44:00	,	764042	,	483	,10.515383,1999.9000,-0.24576476,-595.1161,594953.4375,33.893,604884.6250,1999.9000,
	2026/04/30 11:44:00	,	765042	,	484	,10.515390,1999.9000,-0.24480048,-595.2874,594964.4375,33.898,604783.1875,1999.9000,
	2026/04/30 11:44:00	,	766042	,	485	,10.515377,1999.9000,-0.24183838,-595.3305,595050.8125,33.902,604755.6875,1999.9000,
	2026/04/30 11:44:00	,	767042	,	486	,10.515366,1999.9000,-0.23687840,-595.3665,595290.3125,33.908,604740.1250,1999.9000,
	2026/04/30 11:44:00	,	768042	,	487	,10.515357,1999.9000,-0.23034914,-595.3964,595569.7500,33.912,604732.3125,1999.9000,
	2026/04/30 11:44:00	,	769042	,	488	,10.515345,1999.9000,-0.23034914,-595.4214,595569.7500,33.916,604727.6250,1999.9000,
	2026/04/30 11:44:00	,	770042	,	489	,10.515325,1999.9000,-0.23034914,-595.3428,595569.7500,33.915,604724.5000,1999.9000,
	2026/04/30 11:44:00	,	771042	,	490	,10.515317,1999.9000,-0.23034914,-595.1777,595569.7500,33.917,604721.8750,1999.9000,
	2026/04/30 11:44:00	,	772042	,	491	,10.515316,1999.9000,-0.23034914,-594.6423,595569.7500,33.918,604729.6875,1999.9000,
	2026/04/30 11:44:00	,	773042	,	492	,10.515315,1999.9000,-0.23041321,-594.2956,595450.0000,33.918,604832.1250,1999.9000,
	2026/04/30 11:44:00	,	774042	,	493	,10.515315,1999.9000,-0.23392260,-594.0067,595419.3125,33.913,604856.8750,1999.9000,
	2026/04/30 11:44:00	,	775042	,	494	,10.515315,1999.9000,-0.23660110,-593.7659,595400.3125,33.908,604941.3750,1999.9000,
	2026/04/30 11:44:00	,	776042	,	495	,10.515315,1999.9000,-0.23886366,-593.5652,595380.5625,33.905,604972.8125,1999.9000,
	2026/04/30 11:44:00	,	777042	,	496	,10.515326,1999.9000,-0.24352111,-593.6965,595155.6875,33.902,605082.1875,1999.9000,
	2026/04/30 11:44:00	,	778042	,	497	,10.515334,1999.9000,-0.25029615,-593.8059,594891.7500,33.900,605082.1875,1999.9000,
	2026/04/30 11:44:00	,	779042	,	498	,10.515360,1999.9000,-0.25116590,-593.9965,594891.7500,33.896,605082.1875,1999.9000,
	2026/04/30 11:44:00	,	780042	,	499	,10.515381,1999.9000,-0.25145578,-594.1553,594891.7500,33.893,605082.1875,1999.9000,
	2026/04/30 11:44:00	,	781042	,	500	,10.515399,1999.9000,-0.25160077,-594.2877,594891.7500,33.892,605082.1875,1999.9000,
	2026/04/30 11:44:00	,	782042	,	501	,10.515410,1999.9000,-0.25168774,-594.3980,594891.7500,33.896,605071.3125,1999.9000,
	2026/04/30 11:44:00	,	783042	,	502	,10.515418,1999.9000,-0.25174573,-594.3904,594896.8125,33.899,604934.1250,1999.9000,
	2026/04/30 11:44:00	,	784042	,	503	,10.515421,1999.9000,-0.24933819,-594.0857,594981.1250,33.902,604901.5625,1999.9000,
	2026/04/30 11:44:00	,	785042	,	504	,10.515417,1999.9000,-0.24688658,-593.6328,594991.8750,33.900,604798.8750,1999.9000,
	2026/04/30 11:44:00	,	786042	,	505	,10.515414,1999.9000,-0.24455470,-593.2554,595005.7500,33.893,604761.7500,1999.9000,
	2026/04/30 11:44:00	,	787042	,	506	,10.515417,1999.9000,-0.24018714,-592.9410,595195.5625,33.895,604678.6250,1999.9000,
	2026/04/30 11:44:00	,	788042	,	507	,10.515419,1999.9000,-0.23299614,-592.6789,595482.1875,33.898,604678.6250,1999.9000,
	2026/04/30 11:44:00	,	789042	,	508	,10.515417,1999.9000,-0.22819372,-592.4605,595482.7500,33.903,604678.6250,1999.9000,
	2026/04/30 11:44:00	,	790042	,	509	,10.515384,1999.9000,-0.22819372,-592.2784,595482.9375,33.906,604678.6250,1999.9000,
	2026/04/30 11:44:00	,	791042	,	510	,10.515357,1999.9000,-0.22819372,-592.2784,595483.0625,33.906,604678.6250,1999.9000,
	2026/04/30 11:44:00	,	792042	,	511	,10.515329,1999.9000,-0.22819372,-592.7236,595483.1250,33.899,604690.1875,1999.9000,
	2026/04/30 11:44:00	,	793042	,	512	,10.515311,1999.9000,-0.22819372,-593.3930,595483.1875,33.900,604809.1250,1999.9000,
	2026/04/30 11:44:00	,	794042	,	513	,10.515296,1999.9000,-0.23104870,-593.9508,595392.8125,33.901,604836.6250,1999.9000,
	2026/04/30 11:44:00	,	795042	,	514	,10.515294,1999.9000,-0.23369572,-594.4157,595374.3125,33.903,604925.6875,1999.9000,
	2026/04/30 11:44:00	,	796042	,	515	,10.515292,1999.9000,-0.23584481,-594.6041,595363.2500,33.905,604962.5625,1999.9000,
	2026/04/30 11:44:00	,	797042	,	516	,10.515289,1999.9000,-0.23921028,-594.2122,594983.5000,33.907,605082.1875,1999.9000,
	2026/04/30 11:44:00	,	798042	,	517	,10.515288,1999.9000,-0.24615550,-594.2122,594983.5000,33.908,605082.1875,1999.9000,
	2026/04/30 11:44:00	,	799042	,	518	,10.515292,1999.9000,-0.25156927,-593.8378,594882.1875,33.909,605082.1875,1999.9000,
	2026/04/30 11:44:00	,	800042	,	519	,10.515301,1999.9000,-0.25156927,-593.5257,594882.1875,33.912,605082.1875,1999.9000,
	2026/04/30 11:44:00	,	801042	,	520	,10.515307,1999.9000,-0.25156927,-593.2656,594882.1875,33.914,605082.1875,1999.9000,
	2026/04/30 11:44:00	,	802042	,	521	,10.515314,1999.9000,-0.25156927,-592.9494,594882.1875,33.917,605075.3750,1999.9000,
	2026/04/30 11:44:00	,	803042	,	522	,10.515319,1999.9000,-0.25156927,-592.6859,594882.1875,33.920,604956.5625,1999.9000,
	2026/04/30 11:44:00	,	804042	,	523	,10.515338,1999.9000,-0.24796429,-592.5658,594982.2500,33.922,604926.3125,1999.9000,
	2026/04/30 11:44:00	,	805042	,	524	,10.515358,1999.9000,-0.24495806,-592.5652,594993.9375,33.924,604831.5000,1999.9000,
	2026/04/30 11:44:00	,	806042	,	525	,10.515375,1999.9000,-0.24275222,-592.6641,594999.1875,33.926,604798.5625,1999.9000,
	2026/04/30 11:44:00	,	807042	,	526	,10.515389,1999.9000,-0.24008001,-592.8461,595100.8750,33.925,604693.7500,1999.9000,
	2026/04/30 11:44:00	,	808042	,	527	,10.515406,1999.9000,-0.23410535,-592.9977,595374.9375,33.924,604693.7500,1999.9000,
	2026/04/30 11:44:00	,	809042	,	528	,10.515429,1999.9000,-0.22872312,-593.1240,595543.5000,33.922,604693.7500,1999.9000,
	2026/04/30 11:44:00	,	810042	,	529	,10.515450,1999.9000,-0.22872312,-593.2294,595543.5000,33.920,604693.7500,1999.9000,
	2026/04/30 11:44:00	,	811042	,	530	,10.515477,1999.9000,-0.22872312,-593.3171,595543.5000,33.916,604693.7500,1999.9000,
	2026/04/30 11:44:00	,	812042	,	531	,10.515499,1999.9000,-0.22872312,-593.3902,595543.5000,33.913,604698.1875,1999.9000,
	2026/04/30 11:44:00	,	813042	,	532	,10.515517,1999.9000,-0.22872312,-593.4511,595543.5000,33.908,604789.1875,1999.9000,
	2026/04/30 11:44:00	,	814042	,	533	,10.515533,1999.9000,-0.23200037,-593.5020,595438.6875,33.903,604816.0625,1999.9000,
	2026/04/30 11:44:00	,	815042	,	534	,10.515536,1999.9000,-0.23492466,-593.5443,595412.1875,33.899,604900.9375,1999.9000,
	2026/04/30 11:44:00	,	816042	,	535	,10.515539,1999.9000,-0.23728804,-593.5795,595399.0000,33.897,604930.8750,1999.9000,
	2026/04/30 11:44:00	,	817042	,	536	,10.515531,1999.9000,-0.23992875,-593.6089,595314.7500,33.896,605027.1875,1999.9000,
	2026/04/30 11:44:00	,	818042	,	537	,10.515524,1999.9000,-0.24594754,-593.8324,595102.0625,33.894,605044.6875,1999.9000,
	2026/04/30 11:44:00	,	819042	,	538	,10.515523,1999.9000,-0.25239486,-594.0186,594834.5000,33.895,605050.5625,1999.9000,
	2026/04/30 11:44:00	,	820042	,	539	,10.515523,1999.9000,-0.25265327,-594.1738,594834.5000,33.900,605053.4375,1999.9000,
	2026/04/30 11:44:00	,	821042	,	540	,10.515523,1999.9000,-0.25273937,-594.1041,594834.5000,33.904,605055.1875,1999.9000,
	2026/04/30 11:44:00	,	822042	,	541	,10.515509,1999.9000,-0.25278246,-594.2451,594834.5000,33.912,605056.3750,1999.9000,
	2026/04/30 11:44:00	,	823042	,	542	,10.515496,1999.9000,-0.25280830,-594.1635,594834.5000,33.918,605043.7500,1999.9000,
	2026/04/30 11:44:00	,	824042	,	543	,10.515487,1999.9000,-0.25282553,-594.0956,594945.3750,33.924,604910.5625,1999.9000,
	2026/04/30 11:44:00	,	825042	,	544	,10.515478,1999.9000,-0.24950208,-594.0389,594971.2500,33.927,604875.8125,1999.9000,
	2026/04/30 11:44:00	,	826042	,	545	,10.515470,1999.9000,-0.24642020,-593.9918,594982.6250,33.927,604768.0625,1999.9000,
	2026/04/30 11:44:00	,	827042	,	546	,10.515464,1999.9000,-0.24369127,-593.6540,594998.0625,33.927,604737.3125,1999.9000,
	2026/04/30 11:44:00	,	828042	,	547	,10.515457,1999.9000,-0.23819558,-593.3726,595258.6875,33.925,604726.0000,1999.9000,
	2026/04/30 11:44:00	,	829042	,	548	,10.515453,1999.9000,-0.23196255,-593.1380,595552.5000,33.925,604720.3750,1999.9000,
	2026/04/30 11:44:00	,	830042	,	549	,10.515450,1999.9000,-0.23184910,-592.9426,595552.5000,33.923,604717.0000,1999.9000,
	2026/04/30 11:44:00	,	831042	,	550	,10.515448,1999.9000,-0.23181129,-592.7797,595552.5000,33.916,604714.7500,1999.9000,
	2026/04/30 11:44:00	,	832042	,	551	,10.515445,1999.9000,-0.23179238,-592.6440,595552.5000,33.909,604712.8750,1999.9000,
	2026/04/30 11:44:00	,	833042	,	552	,10.515444,1999.9000,-0.23178104,-592.9288,595552.5000,33.903,604720.5000,1999.9000,
	2026/04/30 11:44:00	,	834042	,	553	,10.515441,1999.9000,-0.23177347,-593.1661,595455.3750,33.899,604810.3125,1999.9000,
	2026/04/30 11:44:00	,	835042	,	554	,10.515435,1999.9000,-0.23465997,-593.5628,595421.7500,33.897,604833.8750,1999.9000,
	2026/04/30 11:44:00	,	836042	,	555	,10.515429,1999.9000,-0.23735738,-593.8934,595404.9375,33.897,604928.1250,1999.9000,
	2026/04/30 11:44:00	,	837042	,	556	,10.515426,1999.9000,-0.23965144,-594.1689,595390.1250,33.897,604966.5000,1999.9000,
	2026/04/30 11:44:00	,	838042	,	557	,10.515421,1999.9000,-0.24448538,-594.4979,595195.0000,33.895,605053.7500,1999.9000,
	2026/04/30 11:44:00	,	839042	,	558	,10.515403,1999.9000,-0.25145578,-594.7722,594908.3750,33.894,605053.7500,1999.9000,
	2026/04/30 11:44:00	,	840042	,	559	,10.515388,1999.9000,-0.25145578,-595.0007,594908.3750,33.893,605053.7500,1999.9000,
	2026/04/30 11:44:00	,	841042	,	560	,10.515386,1999.9000,-0.25145578,-595.5890,594908.3750,33.888,605053.7500,1999.9000,
	2026/04/30 11:44:00	,	842042	,	561	,10.515388,1999.9000,-0.25145578,-595.7808,594908.3750,33.883,605053.7500,1999.9000,
	2026/04/30 11:44:00	,	843042	,	562	,10.515390,1999.9000,-0.25145578,-595.8412,594908.3750,33.879,605053.7500,1999.9000,
	2026/04/30 11:44:00	,	844042	,	563	,10.515407,1999.9000,-0.25144637,-595.8915,594908.8125,33.876,605041.5000,1999.9000,
	2026/04/30 11:44:00	,	845042	,	564	,10.515402,1999.9000,-0.24819118,-595.9335,594922.0625,33.873,604906.3750,1999.9000,
	2026/04/30 11:44:00	,	846042	,	565	,10.515387,1999.9000,-0.24569544,-595.9684,595012.6875,33.871,604879.1875,1999.9000,
	2026/04/30 11:44:00	,	847042	,	566	,10.515384,1999.9000,-0.24490131,-595.8981,595021.0000,33.866,604791.0625,1999.9000,
	2026/04/30 11:44:00	,	848042	,	567	,10.515387,1999.9000,-0.24098127,-595.8395,595171.7500,33.862,604764.1250,1999.9000,
	2026/04/30 11:44:00	,	849042	,	568	,10.515395,1999.9000,-0.23502550,-595.7906,595472.6250,33.860,604742.9375,1999.9000,
	2026/04/30 11:44:00	,	850042	,	569	,10.515401,1999.9000,-0.23475134,-595.4515,595490.8125,33.865,604732.3125,1999.9000,
	2026/04/30 11:44:00	,	851042	,	570	,10.515401,1999.9000,-0.23465997,-595.0694,595496.8125,33.869,604725.8750,1999.9000,
	2026/04/30 11:44:00	,	852042	,	571	,10.515401,1999.9000,-0.23461427,-594.7510,595499.8750,33.872,604721.6250,1999.9000,
	2026/04/30 11:44:00	,	853042	,	572	,10.515401,1999.9000,-0.23458683,-594.5851,595501.7500,33.876,604718.1250,1999.9000,
	2026/04/30 11:44:00	,	854042	,	573	,10.515407,1999.9000,-0.23456857,-594.5464,595502.9375,33.878,604725.5000,1999.9000,
	2026/04/30 11:44:00	,	855042	,	574	,10.515431,1999.9000,-0.23797502,-594.4147,595414.2500,33.878,604826.6875,1999.9000,
	2026/04/30 11:44:00	,	856042	,	575	,10.515462,1999.9000,-0.24118294,-594.2054,595396.3750,33.878,604850.5000,1999.9000,
	2026/04/30 11:44:00	,	857042	,	576	,10.515521,1999.9000,-0.24402530,-593.9315,595387.4375,33.878,604875.7500,1999.9000,
	2026/04/30 11:44:00	,	858042	,	577	,10.515572,1999.9000,-0.24817856,-593.7033,595271.3125,33.881,604992.1875,1999.9000,
	2026/04/30 11:44:00	,	859042	,	578	,10.515613,1999.9000,-0.25551453,-593.8115,595006.7500,33.884,605027.5000,1999.9000,
	2026/04/30 11:44:00	,	860042	,	579	,10.515648,1999.9000,-0.26055014,-594.1006,594865.5000,33.883,605039.2500,1999.9000,
	2026/04/30 11:44:00	,	861042	,	580	,10.515676,1999.9000,-0.26055014,-594.3416,594865.5000,33.882,605045.1250,1999.9000,
	2026/04/30 11:44:00	,	862042	,	581	,10.515680,1999.9000,-0.26055014,-594.5424,594865.5000,33.882,605048.6250,1999.9000,
	2026/04/30 11:44:00	,	863042	,	582	,10.515664,1999.9000,-0.26055014,-594.7098,594865.5000,33.881,605051.0000,1999.9000,
	2026/04/30 11:44:00	,	864042	,	583	,10.515631,1999.9000,-0.26055014,-594.9487,594865.5000,33.884,605049.3750,1999.9000,
	2026/04/30 11:44:00	,	865042	,	584	,10.515592,1999.9000,-0.25655442,-595.1477,594952.5000,33.886,604960.1250,1999.9000,
	2026/04/30 11:44:00	,	866042	,	585	,10.515559,1999.9000,-0.25294316,-595.6121,594971.0000,33.888,604920.8750,1999.9000,
	2026/04/30 11:44:00	,	867042	,	586	,10.515532,1999.9000,-0.24971005,-595.9990,594980.6875,33.889,604813.3750,1999.9000,
	2026/04/30 11:44:00	,	868042	,	587	,10.515511,1999.9000,-0.24541813,-596.3215,595071.6250,33.887,604779.8125,1999.9000,
	2026/04/30 11:44:00	,	869042	,	588	,10.515492,1999.9000,-0.23737630,-596.5901,595324.8750,33.889,604677.5000,1999.9000,
	2026/04/30 11:44:00	,	870042	,	589	,10.515482,1999.9000,-0.23012225,-596.8141,595540.0000,33.890,604677.5000,1999.9000,
	2026/04/30 11:44:00	,	871042	,	590	,10.515474,1999.9000,-0.22520639,-596.9012,595540.0000,33.891,604677.5000,1999.9000,
	2026/04/30 11:44:00	,	872042	,	591	,10.515468,1999.9000,-0.22520639,-596.8744,595540.0000,33.886,604677.5000,1999.9000,
	2026/04/30 11:44:00	,	873042	,	592	,10.515462,1999.9000,-0.22520639,-596.7525,595540.0000,33.880,604677.5000,1999.9000,
	2026/04/30 11:44:00	,	874042	,	593	,10.515457,1999.9000,-0.22520639,-596.6509,595540.0000,33.877,604681.6250,1999.9000,
	2026/04/30 11:44:00	,	875042	,	594	,10.515457,1999.9000,-0.22520639,-596.2679,595434.5000,33.880,604784.3750,1999.9000,
	2026/04/30 11:44:00	,	876042	,	595	,10.515492,1999.9000,-0.22536919,-595.8492,595405.2500,33.877,604812.7500,1999.9000,
	2026/04/30 11:44:00	,	877042	,	596	,10.515523,1999.9000,-0.22751938,-595.4008,595384.1875,33.874,604896.1250,1999.9000,
	2026/04/30 11:44:00	,	878042	,	597	,10.515523,1999.9000,-0.22838280,-595.0272,595296.3125,33.870,604925.0625,1999.9000,
	2026/04/30 11:44:00	,	879042	,	598	,10.515512,1999.9000,-0.23481122,-594.7158,595096.6875,33.864,605031.3750,1999.9000,
	2026/04/30 11:44:00	,	880042	,	599	,10.515503,1999.9000,-0.24129637,-594.5558,594826.1875,33.859,605035.6250,1999.9000,
	2026/04/30 11:44:00	,	881042	,	600	,10.515492,1999.9000,-0.24398749,-594.5219,594826.1875,33.857,605037.0625,1999.9000,
	2026/04/30 11:44:00	,	882042	,	601	,10.515482,1999.9000,-0.24398749,-594.3943,594826.1875,33.858,605038.1250,1999.9000,
	2026/04/30 11:44:00	,	883042	,	602	,10.515459,1999.9000,-0.24398749,-594.1884,594826.1875,33.858,605038.1250,1999.9000,
	2026/04/30 11:44:00	,	884042	,	603	,10.515424,1999.9000,-0.24398749,-594.0168,594826.1875,33.859,605038.4375,1999.9000,
	2026/04/30 11:44:00	,	885042	,	604	,10.515395,1999.9000,-0.24398749,-593.8738,594938.7500,33.863,605025.3125,1999.9000,
	2026/04/30 11:44:00	,	886042	,	605	,10.515372,1999.9000,-0.24368602,-593.7547,594965.0000,33.867,604884.6250,1999.9000,
	2026/04/30 11:44:00	,	887042	,	606	,10.515352,1999.9000,-0.24086151,-593.6554,594978.3125,33.871,604857.7500,1999.9000,
	2026/04/30 11:44:00	,	888042	,	607	,10.515330,1999.9000,-0.24032265,-593.5726,594994.1875,33.875,604772.9375,1999.9000,
	2026/04/30 11:44:00	,	889042	,	608	,10.515312,1999.9000,-0.23564313,-593.5037,595247.4375,33.882,604747.5625,1999.9000,
	2026/04/30 11:44:00	,	890042	,	609	,10.515297,1999.9000,-0.23127559,-593.4462,595550.6875,33.884,604736.1250,1999.9000,
	2026/04/30 11:44:00	,	891042	,	610	,10.515295,1999.9000,-0.23127559,-593.3984,595550.6875,33.885,604730.3750,1999.9000,
	2026/04/30 11:44:00	,	892042	,	611	,10.515292,1999.9000,-0.23127559,-593.3585,595550.6875,33.885,604726.8750,1999.9000,
	2026/04/30 11:44:00	,	893042	,	612	,10.515301,1999.9000,-0.23127559,-593.5242,595550.6875,33.881,604724.6250,1999.9000,
	2026/04/30 11:44:00	,	894042	,	613	,10.515307,1999.9000,-0.23127559,-593.7617,595550.6875,33.878,604722.6875,1999.9000,
	2026/04/30 11:44:00	,	895042	,	614	,10.515309,1999.9000,-0.23495619,-594.1586,595460.1250,33.875,604732.4375,1999.9000,
	2026/04/30 11:44:00	,	896042	,	615	,10.515310,1999.9000,-0.23806953,-594.4894,595426.5000,33.871,604845.3750,1999.9000,
	2026/04/30 11:44:00	,	897042	,	616	,10.515322,1999.9000,-0.24063462,-594.6656,595405.9375,33.867,604872.6250,1999.9000,
	2026/04/30 11:44:00	,	898042	,	617	,10.515340,1999.9000,-0.24167450,-594.8124,595391.6250,33.865,604962.5625,1999.9000,
	2026/04/30 11:44:00	,	899042	,	618	,10.515356,1999.9000,-0.24718280,-594.9348,595208.0625,33.867,604994.8125,1999.9000,
	2026/04/30 11:44:00	,	900042	,	619	,10.515368,1999.9000,-0.25357971,-594.9372,594923.8750,33.869,605019.1250,1999.9000,
	2026/04/30 11:44:00	,	901042	,	620	,10.515378,1999.9000,-0.25357971,-595.0388,594906.9375,33.870,605031.2500,1999.9000,
	2026/04/30 11:44:00	,	902042	,	621	,10.515387,1999.9000,-0.25357971,-595.1234,594901.2500,33.872,605038.5625,1999.9000,
	2026/04/30 11:44:00	,	903042	,	622	,10.515395,1999.9000,-0.25357971,-595.1938,594898.3750,33.871,605043.3750,1999.9000,
	2026/04/30 11:44:00	,	904042	,	623	,10.515401,1999.9000,-0.25357971,-595.2526,594896.7500,33.871,605047.4375,1999.9000,
	2026/04/30 11:44:00	,	905042	,	624	,10.515407,1999.9000,-0.25077513,-595.0032,594895.6250,33.872,605037.8125,1999.9000,
	2026/04/30 11:44:00	,	906042	,	625	,10.515402,1999.9000,-0.24744119,-594.7953,594907.6875,33.872,604916.6250,1999.9000,
	2026/04/30 11:44:00	,	907042	,	626	,10.515396,1999.9000,-0.24494545,-595.0200,594919.2500,33.871,604886.6875,1999.9000,
	2026/04/30 11:44:00	,	908042	,	627	,10.515392,1999.9000,-0.24406941,-595.3066,594931.1250,33.869,604794.0625,1999.9000,
	2026/04/30 11:44:00	,	909042	,	628	,10.515374,1999.9000,-0.23951910,-595.6450,595116.9375,33.868,604758.4375,1999.9000,
	2026/04/30 11:44:00	,	910042	,	629	,10.515359,1999.9000,-0.23334907,-596.0264,595419.6250,33.867,604732.6250,1999.9000,
	2026/04/30 11:44:00	,	911042	,	630	,10.515347,1999.9000,-0.23315369,-596.2448,595501.2500,33.866,604719.7500,1999.9000,
	2026/04/30 11:44:00	,	912042	,	631	,10.515331,1999.9000,-0.23308858,-596.2279,595501.2500,33.869,604712.0000,1999.9000,
	2026/04/30 11:44:00	,	913042	,	632	,10.515323,1999.9000,-0.23305601,-596.2138,595501.2500,33.868,604706.8125,1999.9000,
	2026/04/30 11:44:00	,	914042	,	633	,10.515316,1999.9000,-0.23303647,-596.4010,595501.2500,33.866,604702.4375,1999.9000,
	2026/04/30 11:44:00	,	915042	,	634	,10.515320,1999.9000,-0.23302343,-596.5570,595501.2500,33.865,604710.2500,1999.9000,
	2026/04/30 11:44:00	,	916042	,	635	,10.515319,1999.9000,-0.23601499,-596.4880,595405.9375,33.864,604811.5625,1999.9000,
	2026/04/30 11:44:00	,	917042	,	636	,10.515323,1999.9000,-0.23858005,-596.1321,595391.6250,33.864,604838.6875,1999.9000,
	2026/04/30 11:44:00	,	918042	,	637	,10.515326,1999.9000,-0.23950964,-595.4377,595380.0625,33.865,604930.5625,1999.9000,
	2026/04/30 11:44:00	,	919042	,	638	,10.515325,1999.9000,-0.24359673,-594.6600,595273.6875,33.865,604966.1875,1999.9000,
	2026/04/30 11:44:00	,	920042	,	639	,10.515323,1999.9000,-0.25000626,-594.2109,595032.3750,33.865,605079.1250,1999.9000,
	2026/04/30 11:44:00	,	921042	,	640	,10.515322,1999.9000,-0.25000626,-593.9361,594842.2500,33.864,605079.1250,1999.9000,
	2026/04/30 11:44:00	,	922042	,	641	,10.515320,1999.9000,-0.25305662,-593.7070,594842.2500,33.865,605079.1250,1999.9000,
	2026/04/30 11:44:00	,	923042	,	642	,10.515319,1999.9000,-0.25305662,-593.4167,594842.2500,33.865,605079.1250,1999.9000,
	2026/04/30 11:44:00	,	924042	,	643	,10.515319,1999.9000,-0.25305662,-592.9760,594842.2500,33.866,605079.1250,1999.9000,
	2026/04/30 11:44:00	,	925042	,	644	,10.515317,1999.9000,-0.25305662,-592.6085,594842.2500,33.864,605069.5000,1999.9000,
	2026/04/30 11:44:00	,	926042	,	645	,10.515316,1999.9000,-0.24976046,-592.6008,594948.8750,33.861,604940.1875,1999.9000,
	2026/04/30 11:44:00	,	927042	,	646	,10.515320,1999.9000,-0.24677314,-592.6938,594964.0625,33.860,604902.8125,1999.9000,
	2026/04/30 11:44:00	,	928042	,	647	,10.515329,1999.9000,-0.24422066,-592.8708,594972.7500,33.858,604801.3125,1999.9000,
	2026/04/30 11:44:00	,	929042	,	648	,10.515346,1999.9000,-0.24063462,-593.0183,595053.1875,33.857,604771.6875,1999.9000,
	2026/04/30 11:44:00	,	930042	,	649	,10.515370,1999.9000,-0.23346251,-593.0417,595309.4375,33.850,604685.3125,1999.9000,
	2026/04/30 11:44:00	,	931042	,	650	,10.515395,1999.9000,-0.22705299,-592.8624,595566.1875,33.844,604685.3125,1999.9000,
	2026/04/30 11:44:00	,	932042	,	651	,10.515417,1999.9000,-0.22699942,-592.9118,595566.1875,33.839,604685.3125,1999.9000,
	2026/04/30 11:44:00	,	933042	,	652	,10.515434,1999.9000,-0.22698155,-593.0525,595566.1875,33.835,604685.3125,1999.9000,
	2026/04/30 11:44:00	,	934042	,	653	,10.515449,1999.9000,-0.22698155,-593.3687,595566.1875,33.838,604685.3125,1999.9000,
	2026/04/30 11:44:00	,	935042	,	654	,10.515460,1999.9000,-0.22697264,-593.6321,595566.1875,33.849,604694.0625,1999.9000,
	2026/04/30 11:44:00	,	936042	,	655	,10.515471,1999.9000,-0.22696728,-593.8517,595441.0625,33.869,604810.9375,1999.9000,
	2026/04/30 11:44:00	,	937042	,	656	,10.515479,1999.9000,-0.22696371,-594.0347,595409.1875,33.886,604839.0000,1999.9000,
	2026/04/30 11:44:00	,	938042	,	657	,10.515466,1999.9000,-0.22927773,-594.1871,595391.7500,33.900,604928.1250,1999.9000,
	2026/04/30 11:44:00	,	939042	,	658	,10.515456,1999.9000,-0.23025775,-594.3142,595376.5000,33.912,604960.7500,1999.9000,
	2026/04/30 11:44:00	,	940042	,	659	,10.515448,1999.9000,-0.23362008,-594.4201,595156.8750,33.923,605059.7500,1999.9000,
	2026/04/30 11:44:00	,	941042	,	660	,10.515439,1999.9000,-0.23972708,-594.5083,594855.3750,33.931,605059.7500,1999.9000,
	2026/04/30 11:44:00	,	942042	,	661	,10.515433,1999.9000,-0.24624373,-594.5818,594855.3750,33.934,605059.7500,1999.9000,
	2026/04/30 11:44:00	,	943042	,	662	,10.515433,1999.9000,-0.24843697,-594.6431,594855.3750,33.933,605059.7500,1999.9000,
	2026/04/30 11:44:00	,	944042	,	663	,10.515427,1999.9000,-0.24843697,-594.5947,594855.3750,33.928,605059.7500,1999.9000,
	2026/04/30 11:44:00	,	945042	,	664	,10.515437,1999.9000,-0.24843697,-594.6539,594855.3750,33.923,605056.5000,1999.9000,
	2026/04/30 11:44:00	,	946042	,	665	,10.515462,1999.9000,-0.24843697,-594.7032,594867.0625,33.912,604955.9375,1999.9000,
	2026/04/30 11:44:00	,	947042	,	666	,10.515482,1999.9000,-0.24843697,-594.8437,594985.2500,33.904,604920.8750,1999.9000,
	2026/04/30 11:44:00	,	948042	,	667	,10.515498,1999.9000,-0.24624373,-594.9608,594993.0000,33.896,604821.8125,1999.9000,
	2026/04/30 11:44:00	,	949042	,	668	,10.515512,1999.9000,-0.24527632,-594.9589,595001.3750,33.890,604788.6250,1999.9000,
	2026/04/30 11:44:00	,	950042	,	669	,10.515524,1999.9000,-0.24235515,-595.0568,595201.5625,33.884,604690.1250,1999.9000,
	2026/04/30 11:44:00	,	951042	,	670	,10.515532,1999.9000,-0.23704858,-595.1384,595520.8750,33.878,604690.1250,1999.9000,
	2026/04/30 11:44:00	,	952042	,	671	,10.515536,1999.9000,-0.23084073,-594.8085,595520.8750,33.878,604690.1250,1999.9000,
	2026/04/30 11:44:00	,	953042	,	672	,10.515518,1999.9000,-0.23084073,-595.2299,595520.8750,33.874,604690.1250,1999.9000,
	2026/04/30 11:44:00	,	954042	,	673	,10.515494,1999.9000,-0.23084073,-595.6805,595520.8750,33.870,604690.1250,1999.9000,
	2026/04/30 11:44:00	,	955042	,	674	,10.515474,1999.9000,-0.23084073,-595.3597,595520.8750,33.867,604693.6875,1999.9000,
	2026/04/30 11:44:00	,	956042	,	675	,10.515468,1999.9000,-0.23084073,-594.9929,595516.0000,33.864,604783.8125,1999.9000,
	2026/04/30 11:44:00	,	957042	,	676	,10.515471,1999.9000,-0.23095417,-594.7867,595419.6250,33.862,604814.6250,1999.9000,
	2026/04/30 11:44:00	,	958042	,	677	,10.515475,1999.9000,-0.23443937,-594.6149,595402.0000,33.860,604841.3750,1999.9000,
	2026/04/30 11:44:00	,	959042	,	678	,10.515477,1999.9000,-0.23718092,-594.4717,595388.0000,33.859,604952.2500,1999.9000,
	2026/04/30 11:44:00	,	960042	,	679	,10.515479,1999.9000,-0.23964515,-594.3524,595238.4375,33.857,604989.1250,1999.9000,
	2026/04/30 11:44:00	,	961042	,	680	,10.515481,1999.9000,-0.24492653,-594.2530,594958.5000,33.856,605011.6875,1999.9000,
	2026/04/30 11:44:00	,	962042	,	681	,10.515493,1999.9000,-0.25197890,-594.1701,594931.0625,33.855,605022.9375,1999.9000,
	2026/04/30 11:44:00	,	963042	,	682	,10.515503,1999.9000,-0.25197890,-594.1010,594921.9375,33.855,605029.6875,1999.9000,
	2026/04/30 11:44:00	,	964042	,	683	,10.515502,1999.9000,-0.25197890,-594.1430,594917.3750,33.856,605034.2500,1999.9000,
	2026/04/30 11:44:00	,	965042	,	684	,10.515499,1999.9000,-0.25197890,-594.1780,594914.6250,33.858,605038.0000,1999.9000,
	2026/04/30 11:44:00	,	966042	,	685	,10.515508,1999.9000,-0.25197890,-594.2071,594912.8125,33.858,605027.7500,1999.9000,
	2026/04/30 11:44:00	,	967042	,	686	,10.515505,1999.9000,-0.25179297,-594.4303,594925.0625,33.857,604904.0000,1999.9000,
	2026/04/30 11:44:00	,	968042	,	687	,10.515492,1999.9000,-0.24740337,-594.6163,594937.7500,33.856,604874.3125,1999.9000,
	2026/04/30 11:44:00	,	969042	,	688	,10.515468,1999.9000,-0.24440344,-594.7713,594950.6875,33.857,604786.1875,1999.9000,
	2026/04/30 11:44:00	,	970042	,	689	,10.515448,1999.9000,-0.24181947,-594.9005,595125.8750,33.860,604757.1875,1999.9000,
	2026/04/30 11:44:00	,	971042	,	690	,10.515429,1999.9000,-0.23686579,-595.1076,595125.8750,33.866,604736.5000,1999.9000,
	2026/04/30 11:44:00	,	972042	,	691	,10.515431,1999.9000,-0.22937226,-595.2802,595544.7500,33.873,604726.1250,1999.9000,
	2026/04/30 11:44:00	,	973042	,	692	,10.515431,1999.9000,-0.22432406,-595.6230,595544.7500,33.879,604719.8750,1999.9000,
	2026/04/30 11:44:00	,	974042	,	693	,10.515436,1999.9000,-0.22432406,-595.9086,595544.7500,33.883,604715.6875,1999.9000,
	2026/04/30 11:44:00	,	975042	,	694	,10.515431,1999.9000,-0.22432406,-596.1467,595544.7500,33.888,604712.2500,1999.9000,
	2026/04/30 11:44:00	,	976042	,	695	,10.515436,1999.9000,-0.22432406,-596.3451,595544.7500,33.896,604720.6250,1999.9000,
	2026/04/30 11:44:00	,	977042	,	696	,10.515441,1999.9000,-0.22432406,-596.7094,595544.7500,33.902,604822.4375,1999.9000,
	2026/04/30 11:44:00	,	978042	,	697	,10.515444,1999.9000,-0.22645426,-596.8140,595445.2500,33.904,604854.1875,1999.9000,
	2026/04/30 11:44:00	,	979042	,	698	,10.515447,1999.9000,-0.22745633,-596.7022,595415.7500,33.906,604945.0625,1999.9000,
	2026/04/30 11:44:00	,	980042	,	699	,10.515444,1999.9000,-0.23021048,-596.2112,595397.3750,33.909,604976.7500,1999.9000,
	2026/04/30 11:44:00	,	981042	,	700	,10.515447,1999.9000,-0.23397930,-595.8020,595290.9375,33.912,605079.7500,1999.9000,
	2026/04/30 11:44:00	,	982042	,	701	,10.515449,1999.9000,-0.24130899,-595.4609,595063.8750,33.909,605079.7500,1999.9000,
	2026/04/30 11:44:00	,	983042	,	702	,10.515445,1999.9000,-0.24715129,-595.0773,594837.5000,33.907,605079.7500,1999.9000,
	2026/04/30 11:44:00	,	984042	,	703	,10.515444,1999.9000,-0.24730253,-594.9565,594837.5000,33.905,605079.7500,1999.9000,
	2026/04/30 11:44:00	,	985042	,	704	,10.515441,1999.9000,-0.24735296,-594.8558,594837.5000,33.904,605079.7500,1999.9000,
	2026/04/30 11:44:00	,	986042	,	705	,10.515465,1999.9000,-0.24737817,-594.7720,594837.5000,33.906,605066.3750,1999.9000,
	2026/04/30 11:44:00	,	987042	,	706	,10.515490,1999.9000,-0.24739330,-594.7021,594837.5000,33.907,604931.7500,1999.9000,
	2026/04/30 11:44:00	,	988042	,	707	,10.515510,1999.9000,-0.24740337,-594.6439,594946.5000,33.909,604903.3750,1999.9000,
	2026/04/30 11:44:00	,	989042	,	708	,10.515527,1999.9000,-0.24715653,-594.5953,594964.3750,33.910,604813.3750,1999.9000,
	2026/04/30 11:44:00	,	990042	,	709	,10.515511,1999.9000,-0.24471226,-594.5549,594975.5000,33.915,604782.5625,1999.9000,
	2026/04/30 11:44:00	,	991042	,	710	,10.515488,1999.9000,-0.24241820,-594.6207,595057.9375,33.921,604691.3125,1999.9000,
	2026/04/30 11:44:00	,	992042	,	711	,10.515478,1999.9000,-0.23653807,-594.7750,595296.3125,33.926,604691.3125,1999.9000,
	2026/04/30 11:44:00	,	993042	,	712	,10.515480,1999.9000,-0.23322931,-594.8041,595578.1250,33.929,604691.3125,1999.9000,
	2026/04/30 11:44:00	,	994042	,	713	,10.515477,1999.9000,-0.23322931,-594.5298,595578.1250,33.931,604691.3125,1999.9000,
	2026/04/30 11:44:00	,	995042	,	714	,10.515474,1999.9000,-0.23322931,-594.3014,595578.1250,33.933,604691.3125,1999.9000,
	2026/04/30 11:44:00	,	996042	,	715	,10.515471,1999.9000,-0.23322931,-594.1110,595578.1250,33.935,604700.7500,1999.9000,
	2026/04/30 11:44:00	,	997042	,	716	,10.515475,1999.9000,-0.23322931,-594.5492,595578.1250,33.933,604814.6250,1999.9000,
	2026/04/30 11:44:00	,	998042	,	717	,10.515482,1999.9000,-0.23604649,-594.9144,595445.8125,33.930,604837.8750,1999.9000,
	2026/04/30 11:44:00	,	999042	,	718	,10.515488,1999.9000,-0.23705801,-595.2186,595413.3125,33.926,604919.6875,1999.9000,
	2026/04/30 11:44:01	,	000042	,	719	,10.515493,1999.9000,-0.23956953,-595.4722,595391.1875,33.923,604919.6875,1999.9000,
	2026/04/30 11:44:01	,	001042	,	720	,10.515498,1999.9000,-0.24168713,-595.0866,595371.4375,33.918,604953.5000,1999.9000,
	2026/04/30 11:44:01	,	002042	,	721	,10.515502,1999.9000,-0.24746640,-594.8648,595164.5625,33.915,605067.6250,1999.9000,
	2026/04/30 11:44:01	,	003042	,	722	,10.515506,1999.9000,-0.25341585,-595.1773,594885.1250,33.913,605067.6250,1999.9000,
	2026/04/30 11:44:01	,	004042	,	723	,10.515498,1999.9000,-0.25341585,-594.9404,594885.1250,33.908,605067.6250,1999.9000,
	2026/04/30 11:44:01	,	005042	,	724	,10.515492,1999.9000,-0.25341585,-594.7429,594885.1250,33.903,605067.6250,1999.9000,
	2026/04/30 11:44:01	,	006042	,	725	,10.515482,1999.9000,-0.25341585,-594.5784,594885.1250,33.897,605067.6250,1999.9000,
	2026/04/30 11:44:01	,	007042	,	726	,10.515474,1999.9000,-0.25341585,-594.4413,594885.1250,33.892,605063.2500,1999.9000,
	2026/04/30 11:44:01	,	008042	,	727	,10.515457,1999.9000,-0.25313538,-594.3271,594891.2500,33.890,604963.1875,1999.9000,
	2026/04/30 11:44:01	,	009042	,	728	,10.515444,1999.9000,-0.24898526,-594.2319,594980.5000,33.887,604933.2500,1999.9000,
	2026/04/30 11:44:01	,	010042	,	729	,10.515432,1999.9000,-0.24652736,-594.3516,594986.7500,33.885,604841.1250,1999.9000,
	2026/04/30 11:44:01	,	011042	,	730	,10.515413,1999.9000,-0.24379842,-594.4512,594997.3750,33.887,604807.9375,1999.9000,
	2026/04/30 11:44:01	,	012042	,	731	,10.515396,1999.9000,-0.23756535,-594.5343,595482.1875,33.889,604716.7500,1999.9000,
	2026/04/30 11:44:01	,	013042	,	732	,10.515368,1999.9000,-0.23048779,-594.6035,595482.1875,33.895,604716.7500,1999.9000,
	2026/04/30 11:44:01	,	014042	,	733	,10.515338,1999.9000,-0.22661184,-594.6612,595482.1875,33.900,604716.7500,1999.9000,
	2026/04/30 11:44:01	,	015042	,	734	,10.515313,1999.9000,-0.22661184,-594.7092,595482.1875,33.904,604716.7500,1999.9000,
	2026/04/30 11:44:01	,	016042	,	735	,10.515292,1999.9000,-0.22661184,-594.5504,595482.1875,33.906,604716.7500,1999.9000,
	2026/04/30 11:44:01	,	017042	,	736	,10.515276,1999.9000,-0.22661184,-594.5504,595482.1875,33.909,604720.9375,1999.9000,
	2026/04/30 11:44:01	,	018042	,	737	,10.515266,1999.9000,-0.22661184,-594.4179,595482.1875,33.911,604810.9375,1999.9000,
	2026/04/30 11:44:01	,	019042	,	738	,10.515259,1999.9000,-0.22934076,-594.1086,595399.9375,33.912,604834.7500,1999.9000,
	2026/04/30 11:44:01	,	020042	,	739	,10.515264,1999.9000,-0.23188062,-593.5525,595387.7500,33.913,604859.1875,1999.9000,
	2026/04/30 11:44:01	,	021042	,	740	,10.515266,1999.9000,-0.23436373,-593.0890,595376.8750,33.910,604977.6250,1999.9000,
	2026/04/30 11:44:01	,	022042	,	741	,10.515269,1999.9000,-0.23974599,-593.0012,595246.1875,33.906,605012.6250,1999.9000,
	2026/04/30 11:44:01	,	023042	,	742	,10.515277,1999.9000,-0.24689919,-592.9280,594981.6875,33.905,605028.7500,1999.9000,
	2026/04/30 11:44:01	,	024042	,	743	,10.515288,1999.9000,-0.24998106,-592.8670,594859.0000,33.906,605036.8125,1999.9000,
	2026/04/30 11:44:01	,	025042	,	744	,10.515297,1999.9000,-0.24998106,-592.9156,594859.0000,33.908,605041.6250,1999.9000,
	2026/04/30 11:44:01	,	026042	,	745	,10.515305,1999.9000,-0.24998106,-593.1552,594859.0000,33.906,605044.8750,1999.9000,
	2026/04/30 11:44:01	,	027042	,	746	,10.515311,1999.9000,-0.24998106,-593.4542,594859.0000,33.904,605047.5625,1999.9000,
	2026/04/30 11:44:01	,	028042	,	747	,10.515316,1999.9000,-0.24998106,-593.7035,594859.0000,33.903,605037.0625,1999.9000,
	2026/04/30 11:44:01	,	029042	,	748	,10.515320,1999.9000,-0.24777521,-593.9112,594948.8750,33.905,604917.2500,1999.9000,
	2026/04/30 11:44:01	,	030042	,	749	,10.515325,1999.9000,-0.24685822,-594.1837,594970.3750,33.910,604884.6250,1999.9000,
	2026/04/30 11:44:01	,	031042	,	750	,10.515327,1999.9000,-0.24447276,-594.4108,594985.2500,33.915,604786.7500,1999.9000,
	2026/04/30 11:44:01	,	032042	,	751	,10.515330,1999.9000,-0.24047707,-594.6000,595099.6875,33.918,604759.3125,1999.9000,
	2026/04/30 11:44:01	,	033042	,	752	,10.515332,1999.9000,-0.23399191,-594.9567,595377.3125,33.918,604738.2500,1999.9000,
	2026/04/30 11:44:01	,	034042	,	753	,10.515344,1999.9000,-0.23338373,-595.2540,595559.0000,33.917,604727.7500,1999.9000,
	2026/04/30 11:44:01	,	035042	,	754	,10.515344,1999.9000,-0.23318101,-595.5016,595559.0000,33.917,604721.4375,1999.9000,
	2026/04/30 11:44:01	,	036042	,	755	,10.515344,1999.9000,-0.23307964,-595.7081,595559.0000,33.917,604717.3125,1999.9000,
	2026/04/30 11:44:01	,	037042	,	756	,10.515344,1999.9000,-0.23301885,-596.2779,595559.0000,33.909,604713.8750,1999.9000,
	2026/04/30 11:44:01	,	038042	,	757	,10.515344,1999.9000,-0.23297828,-596.7528,595559.0000,33.902,604722.6875,1999.9000,
	2026/04/30 11:44:01	,	039042	,	758	,10.515344,1999.9000,-0.23605278,-596.7507,595445.2500,33.897,604835.6875,1999.9000,
	2026/04/30 11:44:01	,	040042	,	759	,10.515344,1999.9000,-0.23887624,-596.7490,595418.4375,33.892,604867.1250,1999.9000,
	2026/04/30 11:44:01	,	041042	,	760	,10.515353,1999.9000,-0.23989725,-596.3495,595400.1250,33.888,604952.8750,1999.9000,
	2026/04/30 11:44:01	,	042042	,	761	,10.515362,1999.9000,-0.24423958,-595.8177,595298.0625,33.879,604985.1875,1999.9000,
	2026/04/30 11:44:01	,	043042	,	762	,10.515374,1999.9000,-0.25028357,-595.4741,595078.1875,33.871,605094.1875,1999.9000,
	2026/04/30 11:44:01	,	044042	,	763	,10.515388,1999.9000,-0.25122261,-595.1877,594830.3750,33.876,605094.1875,1999.9000,
	2026/04/30 11:44:01	,	045042	,	764	,10.515431,1999.9000,-0.25153562,-594.8496,594830.3750,33.881,605094.1875,1999.9000,
	2026/04/30 11:44:01	,	046042	,	765	,10.515467,1999.9000,-0.25169215,-594.4684,594830.3750,33.889,605094.1875,1999.9000,
	2026/04/30 11:44:01	,	047042	,	766	,10.515496,1999.9000,-0.25178605,-593.7528,594830.3750,33.898,605094.1875,1999.9000,
	2026/04/30 11:44:01	,	048042	,	767	,10.515491,1999.9000,-0.25184867,-593.5543,594830.3750,33.906,605081.4375,1999.9000,
	2026/04/30 11:44:01	,	049042	,	768	,10.515485,1999.9000,-0.24860083,-593.3889,594940.6250,33.912,604937.1875,1999.9000,
	2026/04/30 11:44:01	,	050042	,	769	,10.515481,1999.9000,-0.24546224,-593.2512,594960.5625,33.917,604906.3750,1999.9000,
	2026/04/30 11:44:01	,	051042	,	770	,10.515478,1999.9000,-0.24314928,-593.3352,594971.1875,33.921,604805.5000,1999.9000,
	2026/04/30 11:44:01	,	052042	,	771	,10.515475,1999.9000,-0.23991615,-593.2064,594987.9375,33.925,604773.5000,1999.9000,
	2026/04/30 11:44:01	,	053042	,	772	,10.515471,1999.9000,-0.23338057,-593.1984,595247.4375,33.929,604691.9375,1999.9000,
	2026/04/30 11:44:01	,	054042	,	773	,10.515470,1999.9000,-0.22825675,-593.1919,595554.2500,33.933,604691.9375,1999.9000,
	2026/04/30 11:44:01	,	055042	,	774	,10.515468,1999.9000,-0.22825675,-593.1818,595554.2500,33.935,604691.9375,1999.9000,
	2026/04/30 11:44:01	,	056042	,	775	,10.515467,1999.9000,-0.22825675,-593.1818,595554.2500,33.931,604691.9375,1999.9000,
	2026/04/30 11:44:01	,	057042	,	776	,10.515481,1999.9000,-0.22825675,-593.1780,595554.2500,33.924,604691.9375,1999.9000,
	2026/04/30 11:44:01	,	058042	,	777	,10.515493,1999.9000,-0.22825675,-593.1749,595554.2500,33.917,604703.6875,1999.9000,
	2026/04/30 11:44:01	,	059042	,	778	,10.515503,1999.9000,-0.22840485,-593.1722,595453.5625,33.912,604834.5000,1999.9000,
	2026/04/30 11:44:01	,	060042	,	779	,10.515506,1999.9000,-0.23138273,-593.0705,595419.6875,33.908,604859.5625,1999.9000,
	2026/04/30 11:44:01	,	061042	,	780	,10.515509,1999.9000,-0.23234384,-593.0852,595398.3750,33.904,604885.6875,1999.9000,
	2026/04/30 11:44:01	,	062042	,	781	,10.515500,1999.9000,-0.23594564,-593.0975,595381.7500,33.902,605005.4375,1999.9000,
	2026/04/30 11:44:01	,	063042	,	782	,10.515493,1999.9000,-0.24221021,-593.1077,595185.4375,33.896,605045.3125,1999.9000,
	2026/04/30 11:44:01	,	064042	,	783	,10.515498,1999.9000,-0.24793908,-593.1163,594897.1250,33.892,605058.5625,1999.9000,
	2026/04/30 11:44:01	,	065042	,	784	,10.515502,1999.9000,-0.24793908,-593.2228,594896.5000,33.888,605065.2500,1999.9000,
	2026/04/30 11:44:01	,	066042	,	785	,10.515495,1999.9000,-0.24793908,-593.4111,594896.2500,33.879,605069.3125,1999.9000,
	2026/04/30 11:44:01	,	067042	,	786	,10.515490,1999.9000,-0.24793908,-593.5681,594896.1875,33.871,605071.9375,1999.9000,
	2026/04/30 11:44:01	,	068042	,	787	,10.515484,1999.9000,-0.24793908,-593.6989,594896.1250,33.865,605067.3750,1999.9000,
	2026/04/30 11:44:01	,	069042	,	788	,10.515480,1999.9000,-0.24544334,-594.0067,594896.1250,33.859,604969.2500,1999.9000,
	2026/04/30 11:44:01	,	070042	,	789	,10.515477,1999.9000,-0.24315557,-594.2633,594908.3125,33.855,604936.9375,1999.9000,
	2026/04/30 11:44:01	,	071042	,	790	,10.515479,1999.9000,-0.24216926,-594.4772,594999.0000,33.860,604829.6875,1999.9000,
	2026/04/30 11:44:01	,	072042	,	791	,10.515462,1999.9000,-0.23914097,-594.6554,595008.1875,33.868,604795.8750,1999.9000,
	2026/04/30 11:44:01	,	073042	,	792	,10.515448,1999.9000,-0.23385327,-594.9034,595159.2500,33.874,604697.3750,1999.9000,
	2026/04/30 11:44:01	,	074042	,	793	,10.515435,1999.9000,-0.22838908,-595.1100,595467.8750,33.877,604697.3750,1999.9000,
	2026/04/30 11:44:01	,	075042	,	794	,10.515426,1999.9000,-0.22838908,-595.2822,595484.1875,33.878,604697.3750,1999.9000,
	2026/04/30 11:44:01	,	076042	,	795	,10.515417,1999.9000,-0.22838908,-595.4257,595489.6875,33.888,604697.3750,1999.9000,
	2026/04/30 11:44:01	,	077042	,	796	,10.515429,1999.9000,-0.22838908,-595.5453,595492.4375,33.895,604697.3750,1999.9000,
	2026/04/30 11:44:01	,	078042	,	797	,10.515439,1999.9000,-0.22838908,-595.5455,595494.1250,33.902,604700.3750,1999.9000,
	2026/04/30 11:44:01	,	079042	,	798	,10.515429,1999.9000,-0.23076509,-595.5457,595495.1875,33.902,604786.7500,1999.9000,
	2026/04/30 11:44:01	,	080042	,	799	,10.515419,1999.9000,-0.23319152,-595.3468,595412.4375,33.901,604816.3125,1999.9000,
	2026/04/30 11:44:01	,	081042	,	800	,10.515411,1999.9000,-0.23565574,-595.3801,595395.1875,33.900,604899.1250,1999.9000,
	2026/04/30 11:44:01	,	082042	,	801	,10.515406,1999.9000,-0.23823342,-595.1094,595381.8750,33.897,604933.6250,1999.9000,
	2026/04/30 11:44:01	,	083042	,	802	,10.515401,1999.9000,-0.24398749,-594.8838,595270.6875,33.894,605047.0625,1999.9000,
	2026/04/30 11:44:01	,	084042	,	803	,10.515396,1999.9000,-0.25120369,-594.8948,595020.3750,33.891,605047.0625,1999.9000,
	2026/04/30 11:44:01	,	085042	,	804	,10.515392,1999.9000,-0.25120369,-594.7050,594862.5000,33.887,605047.0625,1999.9000,
	2026/04/30 11:44:01	,	086042	,	805	,10.515389,1999.9000,-0.25120369,-594.5468,594862.5000,33.881,605047.0625,1999.9000,
	2026/04/30 11:44:01	,	087042	,	806	,10.515387,1999.9000,-0.25120369,-594.6139,594862.5000,33.875,605047.0625,1999.9000,
	2026/04/30 11:44:01	,	088042	,	807	,10.515374,1999.9000,-0.25120369,-594.6698,594862.5000,33.868,605045.7500,1999.9000,
	2026/04/30 11:44:01	,	089042	,	808	,10.515365,1999.9000,-0.25113857,-594.7164,594862.5000,33.862,604952.8750,1999.9000,
	2026/04/30 11:44:01	,	090042	,	809	,10.515361,1999.9000,-0.24745379,-594.7553,594957.2500,33.857,604921.8125,1999.9000,
	2026/04/30 11:44:01	,	091042	,	810	,10.515368,1999.9000,-0.24454838,-594.7877,594975.1250,33.854,604831.5000,1999.9000,
	2026/04/30 11:44:01	,	092042	,	811	,10.515374,1999.9000,-0.24193922,-594.8146,594982.8750,33.854,604801.2500,1999.9000,
	2026/04/30 11:44:01	,	093042	,	812	,10.515378,1999.9000,-0.23676495,-594.8371,595069.2500,33.853,604707.0625,1999.9000,
	2026/04/30 11:44:01	,	094042	,	813	,10.515383,1999.9000,-0.22964956,-595.0548,595321.3125,33.853,604707.0625,1999.9000,
	2026/04/30 11:44:01	,	095042	,	814	,10.515387,1999.9000,-0.22964956,-595.2361,595553.0625,33.856,604707.0625,1999.9000,
	2026/04/30 11:44:01	,	096042	,	815	,10.515395,1999.9000,-0.22964956,-595.1884,595553.0625,33.858,604707.0625,1999.9000,
	2026/04/30 11:44:01	,	097042	,	816	,10.515401,1999.9000,-0.22964956,-595.1486,595553.0625,33.860,604707.0625,1999.9000,
	2026/04/30 11:44:01	,	098042	,	817	,10.515410,1999.9000,-0.22964956,-595.0159,595553.0625,33.861,604707.5625,1999.9000,
	2026/04/30 11:44:01	,	099042	,	818	,10.515419,1999.9000,-0.22966428,-594.9054,595553.0625,33.863,604718.5625,1999.9000,
	2026/04/30 11:44:01	,	100042	,	819	,10.515421,1999.9000,-0.23289530,-594.8132,595441.6250,33.868,604838.1250,1999.9000,
	2026/04/30 11:44:01	,	101042	,	820	,10.515432,1999.9000,-0.23544146,-594.7365,595409.7500,33.873,604867.7500,1999.9000,
	2026/04/30 11:44:01	,	102042	,	821	,10.515432,1999.9000,-0.23757797,-594.6725,595389.0625,33.879,604959.5000,1999.9000,
	2026/04/30 11:44:01	,	103042	,	822	,10.515454,1999.9000,-0.24171863,-594.6192,595308.8125,33.883,604992.7500,1999.9000,
	2026/04/30 11:44:01	,	104042	,	823	,10.515451,1999.9000,-0.24890964,-594.5748,595121.1250,33.887,605077.3125,1999.9000,
	2026/04/30 11:44:01	,	105042	,	824	,10.515448,1999.9000,-0.25141799,-594.6372,594835.7500,33.890,605077.3125,1999.9000,
	2026/04/30 11:44:01	,	106042	,	825	,10.515420,1999.9000,-0.25141799,-594.6892,594835.7500,33.893,605077.3125,1999.9000,
	2026/04/30 11:44:01	,	107042	,	826	,10.515373,1999.9000,-0.25141799,-594.7326,594835.7500,33.895,605077.3125,1999.9000,
	2026/04/30 11:44:01	,	108042	,	827	,10.515288,1999.9000,-0.25141799,-594.7688,594835.7500,33.897,605077.3125,1999.9000,
	2026/04/30 11:44:01	,	109042	,	828	,10.515148,1999.9000,-0.25141799,-594.7990,594835.7500,33.898,604995.1875,1999.9000,
	2026/04/30 11:44:01	,	110042	,	829	,10.514987,1999.9000,-0.24806513,-594.7245,594926.2500,33.900,604962.3125,1999.9000,
	2026/04/30 11:44:01	,	111042	,	830	,10.514777,1999.9000,-0.24518494,-594.7620,594948.8750,33.901,604872.5625,1999.9000,
	2026/04/30 11:44:01	,	112042	,	831	,10.514455,1999.9000,-0.24275222,-594.6938,594961.2500,33.903,604835.7500,1999.9000,
	2026/04/30 11:44:01	,	113042	,	832	,10.514042,1999.9000,-0.23868719,-594.4380,594975.0000,33.905,604736.0625,1999.9000,
	2026/04/30 11:44:01	,	114042	,	833	,10.513574,1999.9000,-0.23117475,-594.1254,595215.8125,33.904,604716.1250,1999.9000,
	2026/04/30 11:44:01	,	115042	,	834	,10.513014,1999.9000,-0.22504884,-593.8649,595525.0625,33.901,604709.5000,1999.9000,
	2026/04/30 11:44:01	,	116042	,	835	,10.512424,1999.9000,-0.22468328,-593.6477,595525.0625,33.900,604706.2500,1999.9000,
	2026/04/30 11:44:01	,	117042	,	836	,10.508402,1999.9000,-0.22456145,-593.4668,595525.0625,33.901,604704.2500,1999.9000,
	2026/04/30 11:44:01	,	118042	,	837	,10.507612,1999.9000,-0.22456145,-593.4155,595525.0625,33.904,604702.9375,1999.9000,
	2026/04/30 11:44:01	,	119042	,	838	,10.506892,1999.9000,-0.22450052,-593.1737,595525.0625,33.904,604714.1875,1999.9000,
	2026/04/30 11:44:01	,	120042	,	839	,10.506175,1999.9000,-0.22443961,-592.9724,595518.2500,33.903,604832.1250,1999.9000,
	2026/04/30 11:44:01	,	121042	,	840	,10.505423,1999.9000,-0.22687651,-593.1029,595414.8125,33.900,604859.0000,1999.9000,
	2026/04/30 11:44:01	,	122042	,	841	,10.500507,1999.9000,-0.22687651,-593.4106,595401.7500,33.898,604945.6250,1999.9000,
	2026/04/30 11:44:01	,	123042	,	842	,10.499674,1999.9000,-0.22913279,-593.8661,595388.0000,33.898,604979.1875,1999.9000,
	2026/04/30 11:44:01	,	124042	,	843	,10.498850,1999.9000,-0.23229027,-594.2456,595225.9375,33.898,605093.0625,1999.9000,
	2026/04/30 11:44:01	,	125042	,	844	,10.497909,1999.9000,-0.23893929,-595.0593,594952.5000,33.898,605093.0625,1999.9000,
	2026/04/30 11:44:01	,	126042	,	845	,10.493001,1999.9000,-0.24488874,-595.4388,594917.0625,33.897,605093.0625,1999.9000,
	2026/04/30 11:44:01	,	127042	,	846	,10.492137,1999.9000,-0.24488874,-595.5563,594905.1875,33.897,605093.0625,1999.9000,
	2026/04/30 11:44:01	,	128042	,	847	,10.491144,1999.9000,-0.24488874,-595.6541,594899.3125,33.897,605093.0625,1999.9000,
	2026/04/30 11:44:01	,	129042	,	848	,10.486924,1999.9000,-0.24488874,-595.7356,594895.7500,33.897,605080.1875,1999.9000,
	2026/04/30 11:44:01	,	130042	,	849	,10.485867,1999.9000,-0.24488874,-595.8035,594893.3750,33.897,604947.4375,1999.9000,
	2026/04/30 11:44:01	,	131042	,	850	,10.484908,1999.9000,-0.24461982,-595.7607,594903.5625,33.897,604916.3125,1999.9000,
	2026/04/30 11:44:01	,	132042	,	851	,10.483945,1999.9000,-0.24053378,-595.7250,594914.4375,33.895,604817.0000,1999.9000,
	2026/04/30 11:44:01	,	133042	,	852	,10.478732,1999.9000,-0.23828384,-595.6952,594926.9375,33.896,604786.7500,1999.9000,
	2026/04/30 11:44:01	,	134042	,	853	,10.477660,1999.9000,-0.23582590,-595.5709,595119.9375,33.894,604704.6250,1999.9000,
	2026/04/30 11:44:01	,	135042	,	854	,10.477660,1999.9000,-0.23017897,-594.7711,595424.3750,33.893,604704.6250,1999.9000,
	2026/04/30 11:44:01	,	136042	,	855	,10.476677,1999.9000,-0.22467700,-594.1044,595524.5000,33.892,604704.6250,1999.9000,
	2026/04/30 11:44:01	,	137042	,	856	,10.475723,1999.9000,-0.22377890,-593.4495,595524.5000,33.892,604704.6250,1999.9000,
	2026/04/30 11:44:01	,	138042	,	857	,10.470898,1999.9000,-0.22329466,-592.9037,595524.5000,33.894,604704.6250,1999.9000,
	2026/04/30 11:44:01	,	139042	,	858	,10.469706,1999.9000,-0.22295171,-593.1452,595524.5000,33.897,604710.6875,1999.9000,
	2026/04/30 11:44:01	,	140042	,	859	,10.468674,1999.9000,-0.22254175,-593.3464,595524.5000,33.905,604807.9375,1999.9000,
	2026/04/30 11:44:01	,	141042	,	860	,10.464613,1999.9000,-0.22222538,-592.9173,595420.1875,33.911,604835.1250,1999.9000,
	2026/04/30 11:44:01	,	142042	,	861	,10.463421,1999.9000,-0.22189975,-592.4603,595397.2500,33.917,604928.6875,1999.9000,
	2026/04/30 11:44:01	,	143042	,	862	,10.462379,1999.9000,-0.21580324,-592.0793,595381.3125,33.921,604961.3125,1999.9000,
	2026/04/30 11:44:01	,	144042	,	863	,10.458298,1999.9000,-0.20704293,-591.8614,595279.0000,33.923,605059.1875,1999.9000,
	2026/04/30 11:44:01	,	145042	,	864	,10.457195,1999.9000,-0.19716081,-592.2766,595043.0625,33.923,605059.1875,1999.9000,
	2026/04/30 11:44:01	,	146042	,	865	,10.456172,1999.9000,-0.18403296,-592.9210,594854.1875,33.923,605059.1875,1999.9000,
	2026/04/30 11:44:01	,	147042	,	866	,10.455177,1999.9000,-0.16479178,-593.7565,594854.1875,33.922,605059.1875,1999.9000,
	2026/04/30 11:44:01	,	148042	,	867	,10.450612,1999.9000,-0.14435947,-594.6516,594854.1875,33.921,605059.1875,1999.9000,
	2026/04/30 11:44:01	,	149042	,	868	,10.449466,1999.9000,-0.12170242,-595.3976,594854.1875,33.920,605056.8750,1999.9000,
	2026/04/30 11:44:01	,	150042	,	869	,10.448447,1999.9000,-0.09351818,-596.0192,594854.1875,33.916,604972.1875,1999.9000,
	2026/04/30 11:44:01	,	151042	,	870	,10.444447,1999.9000,-0.06070797,-596.5373,594956.6250,33.914,604939.3125,1999.9000,
	2026/04/30 11:44:01	,	152042	,	871	,10.443508,1999.9000,-0.02400922,-596.9690,594974.2500,33.913,604842.3750,1999.9000,
	2026/04/30 11:44:01	,	153042	,	872	,10.442620,1999.9000,0.01728395,-596.9308,594983.2500,33.912,604810.9375,1999.9000,
	2026/04/30 11:44:01	,	154042	,	873	,10.441691,1999.9000,0.06425562,-595.0090,595068.0625,33.909,604723.3750,1999.9000,
	2026/04/30 11:44:01	,	155042	,	874	,10.437118,1999.9000,0.11965985,-593.3080,595305.1875,33.907,604717.3750,1999.9000,
	2026/04/30 11:44:01	,	156042	,	875	,10.436402,1999.9000,0.17734551,-591.8905,595559.6250,33.904,604715.3125,1999.9000,
	2026/04/30 11:44:01	,	157042	,	876	,10.435886,1999.9000,0.22216804,-590.7093,595559.6250,33.898,604714.2500,1999.9000,
	2026/04/30 11:44:01	,	158042	,	877	,10.435144,1999.9000,0.25062326,-589.7249,595559.6250,33.893,604714.2500,1999.9000,
	2026/04/30 11:44:01	,	159042	,	878	,10.434372,1999.9000,0.26653051,-588.9046,595559.6250,33.892,604713.6875,1999.9000,
	2026/04/30 11:44:01	,	160042	,	879	,10.430178,1999.9000,0.27341267,-588.7184,595559.6250,33.892,604713.2500,1999.9000,
	2026/04/30 11:44:01	,	161042	,	880	,10.429418,1999.9000,0.27439901,-588.7622,595442.8750,33.891,604722.5625,1999.9000,
	2026/04/30 11:44:01	,	162042	,	881	,10.428806,1999.9000,0.27491054,-588.9976,595413.9375,33.887,604827.8125,1999.9000,
	2026/04/30 11:44:01	,	163042	,	882	,10.428211,1999.9000,0.27536485,-589.3927,595396.0000,33.883,604859.2500,1999.9000,
	2026/04/30 11:44:01	,	164042	,	883	,10.427639,1999.9000,0.27563748,-590.1199,595377.1875,33.884,604948.0625,1999.9000,
	2026/04/30 11:44:01	,	165042	,	884	,10.427058,1999.9000,0.27581918,-591.0243,595153.8750,33.884,604981.0000,1999.9000,
	2026/04/30 11:44:01	,	166042	,	885	,10.426402,1999.9000,0.27597061,-592.0764,594879.8125,33.885,604991.9375,1999.9000,
	2026/04/30 11:44:01	,	167042	,	886	,10.422105,1999.9000,0.27621967,-593.0526,594879.8125,33.881,604997.4375,1999.9000,
	2026/04/30 11:44:01	,	168042	,	887	,10.421688,1999.9000,0.27848610,-593.9656,594879.8125,33.877,605000.7500,1999.9000,
	2026/04/30 11:44:01	,	169042	,	888	,10.421370,1999.9000,0.27848610,-595.0248,594879.8125,33.874,605002.9375,1999.9000,
	2026/04/30 11:44:01	,	170042	,	889	,10.420965,1999.9000,0.27848613,-595.9075,594879.8125,33.871,605004.0625,1999.9000,
	2026/04/30 11:44:01	,	171042	,	890	,10.420531,1999.9000,0.27853814,-596.6431,594888.5625,33.867,604889.4375,1999.9000,
	2026/04/30 11:44:01	,	172042	,	891	,10.420168,1999.9000,0.28212887,-597.3556,594984.6250,33.865,604889.4375,1999.9000,
	2026/04/30 11:44:01	,	173042	,	892	,10.419826,1999.9000,0.28545022,-597.9493,594993.5625,33.862,604798.8750,1999.9000,
	2026/04/30 11:44:01	,	174042	,	893	,10.419465,1999.9000,0.28790185,-598.4441,595006.3125,33.860,604765.0625,1999.9000,
	2026/04/30 11:44:01	,	175042	,	894	,10.419136,1999.9000,0.29131776,-598.7570,595203.3125,33.862,604675.0625,1999.9000,
	2026/04/30 11:44:01	,	176042	,	895	,10.418837,1999.9000,0.29692057,-599.0176,595500.6250,33.871,604657.8750,1999.9000,
	2026/04/30 11:44:01	,	177042	,	896	,10.418532,1999.9000,0.29692057,-599.1354,595503.6250,33.870,604652.1250,1999.9000,
	2026/04/30 11:44:01	,	178042	,	897	,10.418263,1999.9000,0.29692057,-599.1341,595504.5625,33.875,604649.2500,1999.9000,
	2026/04/30 11:44:01	,	179042	,	898	,10.418040,1999.9000,0.29692057,-599.1330,595505.0625,33.879,604647.5625,1999.9000,
	2026/04/30 11:44:01	,	180042	,	899	,10.417844,1999.9000,0.29692060,-598.9331,595505.3750,33.888,604646.4375,1999.9000,
	2026/04/30 11:44:01	,	181042	,	900	,10.417645,1999.9000,0.29441851,-598.3687,595505.5625,33.898,604655.5000,1999.9000,
	2026/04/30 11:44:01	,	182042	,	901	,10.417475,1999.9000,0.29085135,-597.7988,595425.5625,33.904,604762.6250,1999.9000,
	2026/04/30 11:44:01	,	183042	,	902	,10.417333,1999.9000,0.28674853,-597.3239,595411.0000,33.905,604788.3125,1999.9000,
	2026/04/30 11:44:01	,	184042	,	903	,10.417214,1999.9000,0.28233054,-596.9282,595399.7500,33.903,604881.0000,1999.9000,
	2026/04/30 11:44:01	,	185042	,	904	,10.417116,1999.9000,0.27628025,-596.5984,595252.8125,33.895,604913.9375,1999.9000,
	2026/04/30 11:44:01	,	186042	,	905	,10.417033,1999.9000,0.26636034,-596.3236,594982.2500,33.887,605028.4375,1999.9000,
	2026/04/30 11:44:01	,	187042	,	906	,10.417060,1999.9000,0.25745508,-596.0946,594879.2500,33.880,605028.4375,1999.9000,
	2026/04/30 11:44:01	,	188042	,	907	,10.417260,1999.9000,0.25036487,-595.9037,594879.2500,33.873,605028.4375,1999.9000,
	2026/04/30 11:44:01	,	189042	,	908	,10.417498,1999.9000,0.24370326,-595.8442,594879.2500,33.868,605028.4375,1999.9000,
	2026/04/30 11:44:01	,	190042	,	909	,10.417824,1999.9000,0.23963824,-595.7946,594879.2500,33.864,605028.4375,1999.9000,
	2026/04/30 11:44:01	,	191042	,	910	,10.418175,1999.9000,0.23865822,-595.7532,594879.2500,33.860,605022.1875,1999.9000,
	2026/04/30 11:44:01	,	192042	,	911	,10.418621,1999.9000,0.23517615,-595.7188,594960.2500,33.859,604924.5000,1999.9000,
	2026/04/30 11:44:01	,	193042	,	912	,10.419237,1999.9000,0.23225814,-595.7894,594973.9375,33.863,604893.3750,1999.9000,
	2026/04/30 11:44:01	,	194042	,	913	,10.423475,1999.9000,0.22898090,-595.8484,594981.6875,33.867,604791.0625,1999.9000,
	2026/04/30 11:44:01	,	195042	,	914	,10.424175,1999.9000,0.22877608,-596.0964,595102.6250,33.871,604758.0625,1999.9000,
	2026/04/30 11:44:01	,	196042	,	915	,10.424905,1999.9000,0.22837172,-596.3032,595392.1875,33.874,604673.1875,1999.9000,
	2026/04/30 11:44:01	,	197042	,	916	,10.425717,1999.9000,0.22811592,-596.4755,595545.3750,33.878,604673.1875,1999.9000,
	2026/04/30 11:44:01	,	198042	,	917	,10.426490,1999.9000,0.22774063,-596.4200,595545.3750,33.879,604673.1875,1999.9000,
	2026/04/30 11:44:01	,	199042	,	918	,10.430655,1999.9000,0.22504821,-596.2744,595545.3750,33.882,604673.1875,1999.9000,
	2026/04/30 11:44:01	,	200042	,	919	,10.431503,1999.9000,0.21982984,-596.2526,595545.3750,33.885,604673.1875,1999.9000,
	2026/04/30 11:44:01	,	201042	,	920	,10.432550,1999.9000,0.21256322,-596.1349,595545.3750,33.885,604678.9375,1999.9000,
	2026/04/30 11:44:01	,	202042	,	921	,10.433476,1999.9000,0.20521462,-595.9373,595450.6250,33.885,604763.8125,1999.9000,
	2026/04/30 11:44:01	,	203042	,	922	,10.438071,1999.9000,0.19796062,-595.7728,595424.6875,33.886,604793.4375,1999.9000,
	2026/04/30 11:44:01	,	204042	,	923	,10.438980,1999.9000,0.19048597,-595.6355,595409.5000,33.886,604907.0000,1999.9000,
	2026/04/30 11:44:01	,	205042	,	924	,10.439928,1999.9000,0.18213533,-595.5212,595323.0625,33.880,604941.7500,1999.9000,
	2026/04/30 11:44:01	,	206042	,	925	,10.440879,1999.9000,0.16956207,-595.5254,595104.4375,33.875,605049.5000,1999.9000,
	2026/04/30 11:44:01	,	207042	,	926	,10.445876,1999.9000,0.15584180,-595.5289,594844.0625,33.875,605049.5000,1999.9000,
	2026/04/30 11:44:01	,	208042	,	927	,10.447112,1999.9000,0.14398699,-595.6313,594844.0625,33.871,605049.5000,1999.9000,
	2026/04/30 11:44:01	,	209042	,	928	,10.448139,1999.9000,0.13266163,-595.7166,594844.0625,33.868,605049.5000,1999.9000,
	2026/04/30 11:44:01	,	210042	,	929	,10.449011,1999.9000,0.12289295,-596.0861,594844.0625,33.865,605049.5000,1999.9000,
	2026/04/30 11:44:01	,	211042	,	930	,10.453263,1999.9000,0.11420196,-596.3940,594844.0625,33.863,605045.0000,1999.9000,
	2026/04/30 11:44:01	,	212042	,	931	,10.454454,1999.9000,0.10287031,-596.6507,594940.6250,33.862,604940.8125,1999.9000,
	2026/04/30 11:44:01	,	213042	,	932	,10.455655,1999.9000,0.08678664,-596.8646,594966.5000,33.867,604907.0000,1999.9000,
	2026/04/30 11:44:01	,	214042	,	933	,10.460204,1999.9000,0.06490477,-597.0428,594978.2500,33.872,604808.5625,1999.9000,
	2026/04/30 11:44:01	,	215042	,	934	,10.461067,1999.9000,0.03806922,-596.1965,594995.9375,33.877,604773.7500,1999.9000,
	2026/04/30 11:44:01	,	216042	,	935	,10.462050,1999.9000,0.01112653,-594.6955,595278.4375,33.882,604671.4375,1999.9000,
	2026/04/30 11:44:01	,	217042	,	936	,10.466311,1999.9000,-0.01564598,-593.1462,595578.1250,33.886,604671.4375,1999.9000,
	2026/04/30 11:44:01	,	218042	,	937	,10.467398,1999.9000,-0.04446675,-591.8552,595578.1250,33.889,604671.4375,1999.9000,
	2026/04/30 11:44:01	,	219042	,	938	,10.468454,1999.9000,-0.07336315,-590.7794,595578.1250,33.892,604671.4375,1999.9000,
	2026/04/30 11:44:01	,	220042	,	939	,10.472715,1999.9000,-0.10229109,-589.8828,595578.1250,33.894,604671.4375,1999.9000,
	2026/04/30 11:44:01	,	221042	,	940	,10.473862,1999.9000,-0.13246058,-589.1357,595578.1250,33.899,604676.1250,1999.9000,
	2026/04/30 11:44:01	,	222042	,	941	,10.474840,1999.9000,-0.16341786,-588.6125,595473.8125,33.907,604778.3750,1999.9000,
	2026/04/30 11:44:01	,	223042	,	942	,10.475806,1999.9000,-0.19514404,-588.1766,595439.9375,33.913,604806.7500,1999.9000,
	2026/04/30 11:44:01	,	224042	,	943	,10.480758,1999.9000,-0.22762021,-588.2112,595418.6250,33.904,604892.4375,1999.9000,
	2026/04/30 11:44:01	,	225042	,	944	,10.481741,1999.9000,-0.26114887,-588.5385,595335.5625,33.897,604924.5000,1999.9000,
	2026/04/30 11:44:01	,	226042	,	945	,10.482724,1999.9000,-0.30009127,-588.9106,595175.3125,33.897,605026.0000,1999.9000,
	2026/04/30 11:44:01	,	227042	,	946	,10.483685,1999.9000,-0.34633812,-589.3203,594898.2500,33.898,605034.1875,1999.9000,
	2026/04/30 11:44:01	,	228042	,	947	,10.488592,1999.9000,-0.39546520,-589.6617,594898.2500,33.899,605036.8125,1999.9000,
	2026/04/30 11:44:01	,	229042	,	948	,10.489515,1999.9000,-0.44791991,-590.1451,594898.2500,33.901,605038.1875,1999.9000,
	2026/04/30 11:44:01	,	230042	,	949	,10.490330,1999.9000,-0.50415599,-590.8464,594898.2500,33.901,605039.0000,1999.9000,
	2026/04/30 11:44:01	,	231042	,	950	,10.491243,1999.9000,-0.56344253,-591.4308,594898.2500,33.902,605039.5625,1999.9000,
	2026/04/30 11:44:01	,	232042	,	951	,10.495623,1999.9000,-0.62798518,-591.9177,594899.3750,33.903,605026.9375,1999.9000,
	2026/04/30 11:44:01	,	233042	,	952	,10.496278,1999.9000,-0.69892478,-592.5225,594909.9375,33.903,604894.8750,1999.9000,
	2026/04/30 11:44:01	,	234042	,	953	,10.497063,1999.9000,-0.77502596,-593.0265,594923.0625,33.904,604865.3125,1999.9000,
	2026/04/30 11:44:01	,	235042	,	954	,10.497827,1999.9000,-0.85506624,-593.4465,595024.0000,33.904,604766.8750,1999.9000,
	2026/04/30 11:44:01	,	236042	,	955	,10.498624,1999.9000,-0.93566740,-593.9954,595177.6875,33.904,604739.3750,1999.9000,
	2026/04/30 11:44:01	,	237042	,	956	,10.503397,1999.9000,-1.01516557,-594.6518,595484.5625,33.905,604730.2500,1999.9000,
	2026/04/30 11:44:01	,	238042	,	957	,10.503948,1999.9000,-1.09778345,-595.1988,595500.3125,33.905,604725.6875,1999.9000,
	2026/04/30 11:44:01	,	239042	,	958	,10.504668,1999.9000,-1.18306088,-595.6546,595505.5625,33.904,604722.9375,1999.9000,
	2026/04/30 11:44:01	,	240042	,	959	,10.505311,1999.9000,-1.27039301,-596.1340,595508.1875,33.901,604721.1250,1999.9000,
	2026/04/30 11:44:01	,	241042	,	960	,10.505840,1999.9000,-1.36027753,-596.5333,595509.7500,33.899,604719.6875,1999.9000,
	2026/04/30 11:44:01	,	242042	,	961	,10.506375,1999.9000,-1.44966435,-596.7667,595510.8125,33.897,604728.9375,1999.9000,
	2026/04/30 11:44:01	,	243042	,	962	,10.507007,1999.9000,-1.53583038,-596.7623,595425.0000,33.894,604833.8750,1999.9000,
	2026/04/30 11:44:01	,	244042	,	963	,10.507661,1999.9000,-1.61820245,-596.7623,595406.8125,33.891,604862.5625,1999.9000,
	2026/04/30 11:44:01	,	245042	,	964	,10.511738,1999.9000,-1.69637716,-596.7586,595389.5625,33.888,604952.2500,1999.9000,
	2026/04/30 11:44:01	,	246042	,	965	,10.512035,1999.9000,-1.77267385,-596.6561,595252.1875,33.885,604988.5000,1999.9000,
	2026/04/30 11:44:01	,	247042	,	966	,10.512373,1999.9000,-1.84954393,-596.2722,595004.3750,33.882,605100.2500,1999.9000,
	2026/04/30 11:44:01	,	248042	,	967	,10.512712,1999.9000,-1.92222929,-595.8528,594866.6875,33.880,605100.2500,1999.9000,
	2026/04/30 11:44:01	,	249042	,	968	,10.512964,1999.9000,-1.98913527,-595.5033,594866.6875,33.878,605100.2500,1999.9000,
	2026/04/30 11:44:01	,	250042	,	969	,10.513211,1999.9000,-2.05067801,-595.1126,594866.6875,33.877,605100.2500,1999.9000,
	2026/04/30 11:44:01	,	251042	,	970	,10.513493,1999.9000,-2.10547733,-594.5881,594866.6875,33.874,605100.2500,1999.9000,
	2026/04/30 11:44:01	,	252042	,	971	,10.513801,1999.9000,-2.15477443,-594.1509,594866.6875,33.870,605086.9375,1999.9000,
	2026/04/30 11:44:01	,	253042	,	972	,10.514098,1999.9000,-2.20027137,-593.7867,594953.6875,33.867,604933.0000,1999.9000,
	2026/04/30 11:44:01	,	254042	,	973	,10.514345,1999.9000,-2.24141955,-593.4832,594975.1250,33.866,604901.8750,1999.9000,
	2026/04/30 11:44:01	,	255042	,	974	,10.514551,1999.9000,-2.27773380,-593.5286,594990.0000,33.865,604809.6875,1999.9000,
	2026/04/30 11:44:01	,	256042	,	975	,10.514724,1999.9000,-2.30799150,-593.5665,595097.2500,33.864,604780.6875,1999.9000,
	2026/04/30 11:44:01	,	257042	,	976	,10.514867,1999.9000,-2.32963395,-593.2996,595362.4375,33.863,604688.9375,1999.9000,
	2026/04/30 11:44:01	,	258042	,	977	,10.514971,1999.9000,-2.34683943,-592.9777,595558.4375,33.863,604688.9375,1999.9000,
	2026/04/30 11:44:01	,	259042	,	978	,10.515047,1999.9000,-2.36120892,-592.8090,595558.4375,33.862,604688.9375,1999.9000,
	2026/04/30 11:44:01	,	260042	,	979	,10.515091,1999.9000,-2.36943984,-592.9668,595558.4375,33.862,604688.9375,1999.9000,
	2026/04/30 11:44:01	,	261042	,	980	,10.515128,1999.9000,-2.36943984,-593.0983,595558.4375,33.875,604688.9375,1999.9000,
	2026/04/30 11:44:01	,	262042	,	981	,10.515139,1999.9000,-2.36943960,-593.7053,595558.4375,33.887,604694.4375,1999.9000,
	2026/04/30 11:44:01	,	263042	,	982	,10.515098,1999.9000,-2.36943984,-594.2111,595447.0000,33.890,604797.0625,1999.9000,
	2026/04/30 11:44:01	,	264042	,	983	,10.514930,1999.9000,-2.36943984,-594.6325,595419.8750,33.893,604826.0625,1999.9000,
	2026/04/30 11:44:01	,	265042	,	984	,10.514701,1999.9000,-2.35543585,-594.9838,595402.3125,33.895,604919.6875,1999.9000,
	2026/04/30 11:44:01	,	266042	,	985	,10.514371,1999.9000,-2.33669901,-595.2766,595305.8125,33.897,604955.6250,1999.9000,
	2026/04/30 11:44:01	,	267042	,	986	,10.514007,1999.9000,-2.31599569,-595.5204,595097.8750,33.898,605082.1875,1999.9000,
	2026/04/30 11:44:01	,	268042	,	987	,10.513589,1999.9000,-2.29004240,-595.7238,594825.0000,33.895,605082.1875,1999.9000,
	2026/04/30 11:44:01	,	269042	,	988	,10.513038,1999.9000,-2.25583315,-595.8931,594825.0000,33.892,605082.1875,1999.9000,
	2026/04/30 11:44:01	,	270042	,	989	,10.512428,1999.9000,-2.21451473,-595.7358,594825.0000,33.888,605082.1875,1999.9000,
	2026/04/30 11:44:01	,	271042	,	990	,10.508343,1999.9000,-2.16561460,-595.6048,594825.0000,33.885,605082.1875,1999.9000,
	2026/04/30 11:44:01	,	272042	,	991	,10.507747,1999.9000,-2.10929656,-595.4955,594825.0000,33.883,605077.3125,1999.9000,
	2026/04/30 11:44:01	,	273042	,	992	,10.507251,1999.9000,-2.04835248,-595.5040,594920.3750,33.880,604969.7500,1999.9000,
	2026/04/30 11:44:01	,	274042	,	993	,10.506622,1999.9000,-1.98334348,-595.5111,594947.4375,33.878,604933.2500,1999.9000,
	2026/04/30 11:44:01	,	275042	,	994	,10.505888,1999.9000,-1.91413713,-595.5169,594965.5625,33.877,604825.4375,1999.9000,
	2026/04/30 11:44:01	,	276042	,	995	,10.501520,1999.9000,-1.84051883,-595.5219,594984.5000,33.876,604792.1875,1999.9000,
	2026/04/30 11:44:01	,	277042	,	996	,10.500731,1999.9000,-1.75933158,-595.4265,595244.4375,33.876,604699.1875,1999.9000,
	2026/04/30 11:44:01	,	278042	,	997	,10.499714,1999.9000,-1.67325377,-595.3469,595537.6250,33.876,604699.1875,1999.9000,
	2026/04/30 11:44:01	,	279042	,	998	,10.495503,1999.9000,-1.58661497,-595.3802,595537.6250,33.892,604699.1875,1999.9000,
	2026/04/30 11:44:01	,	280042	,	999	,10.494551,1999.9000,-1.49877870,-595.3084,595537.6250,33.905,604699.1875,1999.9000,
	2026/04/30 11:44:01	,	281042	,	1000	,10.493628,1999.9000,-1.41111887,-594.7512,595537.6250,33.916,604699.1875,1999.9000,
	2026/04/30 11:44:01	,	282042	,	1001	,10.492689,1999.9000,-1.32476997,-594.2868,595537.6250,33.925,604699.8125,1999.9000,
	2026/04/30 11:44:01	,	283042	,	1002	,10.487758,1999.9000,-1.23836434,-593.8999,595527.6250,33.933,604712.0000,1999.9000,
	2026/04/30 11:44:01	,	284042	,	1003	,10.486850,1999.9000,-1.15216041,-593.5775,595408.3125,33.934,604836.3125,1999.9000,
	2026/04/30 11:44:01	,	285042	,	1004	,10.485871,1999.9000,-1.06687033,-593.3088,595390.4375,33.933,604863.1875,1999.9000,
	2026/04/30 11:44:01	,	286042	,	1005	,10.481622,1999.9000,-0.98231131,-593.2838,595378.1250,33.931,604948.0625,1999.9000,
	2026/04/30 11:44:01	,	287042	,	1006	,10.480699,1999.9000,-0.90151477,-593.0641,595214.6875,33.930,604981.8750,1999.9000,
	2026/04/30 11:44:01	,	288042	,	1007	,10.479875,1999.9000,-0.82547027,-592.8809,594925.6250,33.928,604995.6250,1999.9000,
	2026/04/30 11:44:01	,	289042	,	1008	,10.478904,1999.9000,-0.75132275,-592.7283,594925.6250,33.916,605002.4375,1999.9000,
	2026/04/30 11:44:01	,	290042	,	1009	,10.473966,1999.9000,-0.68080544,-592.6011,594913.1250,33.907,605006.5000,1999.9000,
	2026/04/30 11:44:01	,	291042	,	1010	,10.473028,1999.9000,-0.61342037,-592.6941,594908.9375,33.899,605009.2500,1999.9000,
	2026/04/30 11:44:01	,	292042	,	1011	,10.472001,1999.9000,-0.54774332,-592.7715,594906.8750,33.893,605011.5000,1999.9000,
	2026/04/30 11:44:01	,	293042	,	1012	,10.467532,1999.9000,-0.48664173,-592.6371,594905.5625,33.887,605000.9375,1999.9000,
	2026/04/30 11:44:01	,	294042	,	1013	,10.466549,1999.9000,-0.43263662,-592.5252,594904.8125,33.887,604869.5000,1999.9000,
	2026/04/30 11:44:01	,	295042	,	1014	,10.465606,1999.9000,-0.38581625,-592.4318,594915.8750,33.889,604836.6250,1999.9000,
	2026/04/30 11:44:01	,	296042	,	1015	,10.461217,1999.9000,-0.34546208,-592.3541,594999.0000,33.898,604743.8750,1999.9000,
	2026/04/30 11:44:01	,	297042	,	1016	,10.460114,1999.9000,-0.30711842,-592.2892,595007.3750,33.905,604709.4375,1999.9000,
	2026/04/30 11:44:01	,	298042	,	1017	,10.459052,1999.9000,-0.26825166,-592.3347,595144.9375,33.913,604698.0000,1999.9000,
	2026/04/30 11:44:01	,	299042	,	1018	,10.454544,1999.9000,-0.23275664,-592.3726,595436.8750,33.923,604692.2500,1999.9000,
	2026/04/30 11:44:01	,	300042	,	1019	,10.453576,1999.9000,-0.20033720,-592.4042,595469.6875,33.931,604688.8125,1999.9000,
	2026/04/30 11:44:01	,	301042	,	1020	,10.452678,1999.9000,-0.17006688,-592.9279,595480.6250,33.934,604686.5000,1999.9000,
	2026/04/30 11:44:01	,	302042	,	1021	,10.451834,1999.9000,-0.14176288,-593.4638,595486.0625,33.936,604686.1875,1999.9000,
	2026/04/30 11:44:01	,	303042	,	1022	,10.447425,1999.9000,-0.14176288,-593.9103,595489.3125,33.937,604697.3750,1999.9000,
	2026/04/30 11:44:01	,	304042	,	1023	,10.446397,1999.9000,-0.11228664,-594.2825,595491.5625,33.929,604828.4375,1999.9000,
	2026/04/30 11:44:01	,	305042	,	1024	,10.445538,1999.9000,-0.07971594,-594.5926,595404.6875,33.922,604863.8125,1999.9000,
	2026/04/30 11:44:01	,	306042	,	1025	,10.444572,1999.9000,-0.04437220,-594.8510,595388.3125,33.911,604970.3750,1999.9000,
	2026/04/30 11:44:01	,	307042	,	1026	,10.439978,1999.9000,-0.00524703,-594.2706,595379.2500,33.901,605008.7500,1999.9000,
	2026/04/30 11:44:01	,	308042	,	1027	,10.439202,1999.9000,0.03742006,-592.4937,595270.0625,33.893,605094.8125,1999.9000,
	2026/04/30 11:44:01	,	309042	,	1028	,10.438299,1999.9000,0.08191486,-591.0130,595021.0000,33.888,605094.8125,1999.9000,
	2026/04/30 11:44:01	,	310042	,	1029	,10.437430,1999.9000,0.12856510,-589.7791,594838.6875,33.888,605094.8125,1999.9000,
	2026/04/30 11:44:01	,	311042	,	1030	,10.433215,1999.9000,0.16825117,-588.7509,594838.6875,33.891,605094.8125,1999.9000,
	2026/04/30 11:44:01	,	312042	,	1031	,10.432590,1999.9000,0.19463925,-587.8940,594838.6875,33.893,605094.8125,1999.9000,
	2026/04/30 11:44:01	,	313042	,	1032	,10.431954,1999.9000,0.21336992,-587.7767,594838.6875,33.895,605083.0625,1999.9000,
	2026/04/30 11:44:01	,	314042	,	1033	,10.431190,1999.9000,0.22789060,-587.9774,594838.6875,33.895,604964.3125,1999.9000,
	2026/04/30 11:44:01	,	315042	,	1034	,10.430493,1999.9000,0.23754585,-588.3436,594932.8750,33.896,604932.0625,1999.9000,
	2026/04/30 11:44:01	,	316042	,	1035	,10.429874,1999.9000,0.24374738,-589.1462,594949.8125,33.896,604834.5000,1999.9000,
	2026/04/30 11:44:01	,	317042	,	1036	,10.425679,1999.9000,0.24894685,-590.7103,594958.8750,33.896,604810.3750,1999.9000,
	2026/04/30 11:44:01	,	318042	,	1037	,10.425113,1999.9000,0.25635844,-592.1132,595055.5625,33.893,604810.3750,1999.9000,
	2026/04/30 11:44:01	,	319042	,	1038	,10.424568,1999.9000,0.26895690,-593.8790,595313.5625,33.891,604784.6250,1999.9000,
	2026/04/30 11:44:01	,	320042	,	1039	,10.424146,1999.9000,0.28141671,-595.3506,595562.0000,33.889,604771.6875,1999.9000,
	2026/04/30 11:44:01	,	321042	,	1040	,10.423677,1999.9000,0.28735986,-596.5769,595562.0000,33.887,604763.9375,1999.9000,
	2026/04/30 11:44:01	,	322042	,	1041	,10.423232,1999.9000,0.28735986,-597.0020,595562.0000,33.889,604758.7500,1999.9000,
	2026/04/30 11:44:01	,	323042	,	1042	,10.422696,1999.9000,0.28735989,-597.2567,595562.0000,33.888,604754.4375,1999.9000,
	2026/04/30 11:44:01	,	324042	,	1043	,10.422151,1999.9000,0.28735986,-597.3695,595562.0000,33.891,604760.1250,1999.9000,
	2026/04/30 11:44:01	,	325042	,	1044	,10.422151,1999.9000,0.28735986,-597.3641,595448.8125,33.894,604844.1875,1999.9000,
	2026/04/30 11:44:01	,	326042	,	1045	,10.421057,1999.9000,0.28481370,-596.8622,595419.8750,33.896,604862.0000,1999.9000,
	2026/04/30 11:44:01	,	327042	,	1046	,10.420591,1999.9000,0.28412044,-596.4440,595402.3125,33.897,604887.6250,1999.9000,
	2026/04/30 11:44:01	,	328042	,	1047	,10.420099,1999.9000,0.28350070,-595.9960,595382.5000,33.899,605007.8750,1999.9000,
	2026/04/30 11:44:01	,	329042	,	1048	,10.420099,1999.9000,0.27757227,-595.6226,595133.6250,33.900,605017.8125,1999.9000,
	2026/04/30 11:44:01	,	330042	,	1049	,10.419614,1999.9000,0.27195051,-595.4109,594849.3750,33.901,605021.1875,1999.9000,
	2026/04/30 11:44:01	,	331042	,	1050	,10.419176,1999.9000,0.27096105,-595.4335,594849.3750,33.902,605022.8125,1999.9000,
	2026/04/30 11:44:01	,	332042	,	1051	,10.418800,1999.9000,0.27063119,-595.2534,594849.3750,33.903,605023.8125,1999.9000,
	2026/04/30 11:44:01	,	333042	,	1052	,10.418432,1999.9000,0.27046630,-595.3022,594849.3750,33.900,605024.5000,1999.9000,
	2026/04/30 11:44:01	,	334042	,	1053	,10.418125,1999.9000,0.27036735,-595.3429,594849.3750,33.897,605013.9375,1999.9000,
	2026/04/30 11:44:01	,	335042	,	1054	,10.417865,1999.9000,0.27030140,-595.3768,594937.6250,33.897,604897.3750,1999.9000,
	2026/04/30 11:44:01	,	336042	,	1055	,10.417647,1999.9000,0.27027899,-595.4051,594971.0000,33.892,604866.8125,1999.9000,
	2026/04/30 11:44:01	,	337042	,	1056	,10.417467,1999.9000,0.27034223,-595.6276,594989.5000,33.888,604772.9375,1999.9000,
	2026/04/30 11:44:01	,	338042	,	1057	,10.417315,1999.9000,0.27041385,-595.7135,595004.8125,33.885,604743.0000,1999.9000,
	2026/04/30 11:44:01	,	339042	,	1058	,10.417190,1999.9000,0.27278247,-595.6857,595228.3125,33.882,604717.5625,1999.9000,
	2026/04/30 11:44:01	,	340042	,	1059	,10.417090,1999.9000,0.27278247,-595.6624,595526.8750,33.880,604704.8125,1999.9000,
	2026/04/30 11:44:01	,	341042	,	1060	,10.417056,1999.9000,0.27278247,-595.6431,595526.8750,33.878,604697.1875,1999.9000,
	2026/04/30 11:44:01	,	342042	,	1061	,10.417119,1999.9000,0.27278247,-595.5275,595526.8750,33.872,604692.1250,1999.9000,
	2026/04/30 11:44:01	,	343042	,	1062	,10.417324,1999.9000,0.27278250,-595.3317,595526.8750,33.866,604687.8750,1999.9000,
	2026/04/30 11:44:01	,	344042	,	1063	,10.417600,1999.9000,0.27247787,-595.1685,595526.8750,33.862,604691.9375,1999.9000,
	2026/04/30 11:44:01	,	345042	,	1064	,10.417974,1999.9000,0.26391500,-595.0325,595518.3125,33.863,604774.6875,1999.9000,
	2026/04/30 11:44:01	,	346042	,	1065	,10.418449,1999.9000,0.25753701,-594.1234,595403.5625,33.872,604802.8125,1999.9000,
	2026/04/30 11:44:01	,	347042	,	1066	,10.418980,1999.9000,0.25137326,-593.1669,595390.7500,33.882,604885.8750,1999.9000,
	2026/04/30 11:44:01	,	348042	,	1067	,10.419610,1999.9000,0.24519692,-592.3698,595377.3125,33.891,604916.6250,1999.9000,
	2026/04/30 11:44:01	,	349042	,	1068	,10.424428,1999.9000,0.23594502,-591.9045,595231.3125,33.898,605022.9375,1999.9000,
	2026/04/30 11:44:01	,	350042	,	1069	,10.425188,1999.9000,0.22412810,-591.8151,594954.8750,33.904,605024.7500,1999.9000,
	2026/04/30 11:44:01	,	351042	,	1070	,10.425818,1999.9000,0.21426484,-591.8401,594873.8750,33.909,605025.3750,1999.9000,
	2026/04/30 11:44:01	,	352042	,	1071	,10.426529,1999.9000,0.20527138,-591.8610,594873.8750,33.913,605025.6875,1999.9000,
	2026/04/30 11:44:01	,	353042	,	1072	,10.427258,1999.9000,0.19784085,-591.8784,594873.8750,33.916,605025.8750,1999.9000,
	2026/04/30 11:44:01	,	354042	,	1073	,10.431905,1999.9000,0.19373171,-591.8929,594873.8750,33.922,605026.0000,1999.9000,
	2026/04/30 11:44:01	,	355042	,	1074	,10.432798,1999.9000,0.19092083,-592.5018,594873.8750,33.927,605013.3125,1999.9000,
	2026/04/30 11:44:01	,	356042	,	1075	,10.433832,1999.9000,0.18799023,-593.0092,594887.1250,33.931,604894.3125,1999.9000,
	2026/04/30 11:44:01	,	357042	,	1076	,10.434788,1999.9000,0.18461844,-593.4321,594983.5000,33.935,604867.7500,1999.9000,
	2026/04/30 11:44:01	,	358042	,	1077	,10.439143,1999.9000,0.18066055,-593.7845,594991.2500,33.937,604765.0625,1999.9000,
	2026/04/30 11:44:01	,	359042	,	1078	,10.440052,1999.9000,0.17978136,-594.0781,595123.5000,33.940,604736.3750,1999.9000,
	2026/04/30 11:44:01	,	360042	,	1079	,10.441040,1999.9000,0.17936224,-594.4223,595407.0625,33.942,604726.5625,1999.9000,
	2026/04/30 11:44:01	,	361042	,	1080	,10.441988,1999.9000,0.17663336,-594.7092,595535.7500,33.931,604721.6875,1999.9000,
	2026/04/30 11:44:01	,	362042	,	1081	,10.446651,1999.9000,0.17209564,-594.9481,595535.7500,33.923,604718.7500,1999.9000,
	2026/04/30 11:44:01	,	363042	,	1082	,10.447708,1999.9000,0.16494243,-595.1473,595535.7500,33.915,604716.7500,1999.9000,
	2026/04/30 11:44:01	,	364042	,	1083	,10.448815,1999.9000,0.15395738,-595.3133,595535.7500,33.909,604715.0625,1999.9000,
	2026/04/30 11:44:01	,	365042	,	1084	,10.453204,1999.9000,0.14066567,-595.4517,595535.7500,33.904,604723.8125,1999.9000,
	2026/04/30 11:44:01	,	366042	,	1085	,10.454247,1999.9000,0.12564708,-595.5669,595428.5625,33.900,604820.6250,1999.9000,
	2026/04/30 11:44:01	,	367042	,	1086	,10.455120,1999.9000,0.10714959,-595.3645,595404.6875,33.896,604851.6875,1999.9000,
	2026/04/30 11:44:01	,	368042	,	1087	,10.456116,1999.9000,0.08381820,-594.8974,595389.6250,33.895,604953.5000,1999.9000,
	2026/04/30 11:44:01	,	369042	,	1088	,10.461217,1999.9000,0.05376216,-594.1103,595281.9375,33.894,604993.1250,1999.9000,
	2026/04/30 11:44:01	,	370042	,	1089	,10.462200,1999.9000,0.01674826,-593.4543,595044.8750,33.899,605076.6875,1999.9000,
	2026/04/30 11:44:01	,	371042	,	1090	,10.463263,1999.9000,-0.02070678,-592.9078,594838.1250,33.904,605076.6875,1999.9000,
	2026/04/30 11:44:01	,	372042	,	1091	,10.467293,1999.9000,-0.05667445,-592.4523,594838.1250,33.909,605076.6875,1999.9000,
	2026/04/30 11:44:01	,	373042	,	1092	,10.468530,1999.9000,-0.09071361,-591.5753,594838.1250,33.913,605076.6875,1999.9000,
	2026/04/30 11:44:01	,	374042	,	1093	,10.469727,1999.9000,-0.11970456,-591.2424,594838.1250,33.917,605076.6875,1999.9000,
	2026/04/30 11:44:01	,	375042	,	1094	,10.473758,1999.9000,-0.14477542,-591.0645,594838.1250,33.920,605063.7500,1999.9000,
	2026/04/30 11:44:01	,	376042	,	1095	,10.474741,1999.9000,-0.16953748,-590.9162,594929.8750,33.920,604921.5000,1999.9000,
	2026/04/30 11:44:01	,	377042	,	1096	,10.475735,1999.9000,-0.19559149,-590.8921,594955.1875,33.921,604888.8125,1999.9000,
	2026/04/30 11:44:01	,	378042	,	1097	,10.476714,1999.9000,-0.22401525,-590.9715,594970.5625,33.920,604788.0000,1999.9000,
	2026/04/30 11:44:01	,	379042	,	1098	,10.481890,1999.9000,-0.25284863,-591.1371,595062.1250,33.916,604757.5000,1999.9000,
	2026/04/30 11:44:01	,	380042	,	1099	,10.483051,1999.9000,-0.28069255,-591.2751,595301.0625,33.913,604741.9375,1999.9000,
	2026/04/30 11:44:01	,	381042	,	1100	,10.484015,1999.9000,-0.31420228,-591.6886,595577.5000,33.910,604734.1250,1999.9000,
	2026/04/30 11:44:01	,	382042	,	1101	,10.484958,1999.9000,-0.35538206,-592.1326,595577.5000,33.905,604729.4375,1999.9000,
	2026/04/30 11:44:01	,	383042	,	1102	,10.489725,1999.9000,-0.40237260,-592.5026,595577.5000,33.901,604726.3125,1999.9000,
	2026/04/30 11:44:01	,	384042	,	1103	,10.490678,1999.9000,-0.45689449,-592.8110,595577.5000,33.897,604723.7500,1999.9000,
	2026/04/30 11:44:01	,	385042	,	1104	,10.491551,1999.9000,-0.51880276,-593.0679,595577.5000,33.897,604732.6250,1999.9000,
	2026/04/30 11:44:01	,	386042	,	1105	,10.492427,1999.9000,-0.58646512,-593.2820,595458.9375,33.897,604838.6875,1999.9000,
	2026/04/30 11:44:01	,	387042	,	1106	,10.496843,1999.9000,-0.66016507,-593.4604,595428.5625,33.900,604864.3750,1999.9000,
	2026/04/30 11:44:01	,	388042	,	1107	,10.497633,1999.9000,-0.73943013,-593.3107,595409.6875,33.902,604963.1875,1999.9000,
	2026/04/30 11:44:01	,	389042	,	1108	,10.498453,1999.9000,-0.82353544,-593.4844,595391.5000,33.898,605000.8750,1999.9000,
	2026/04/30 11:44:01	,	390042	,	1109	,10.499205,1999.9000,-0.91408801,-593.4302,595164.0000,33.895,605109.3125,1999.9000,
	2026/04/30 11:44:01	,	391042	,	1110	,10.499942,1999.9000,-1.00615942,-593.3850,594878.0000,33.892,605109.3125,1999.9000,
	2026/04/30 11:44:01	,	392042	,	1111	,10.504291,1999.9000,-1.09618890,-593.3474,594878.0000,33.892,605109.3125,1999.9000,
	2026/04/30 11:44:01	,	393042	,	1112	,10.504827,1999.9000,-1.18601680,-593.3159,594878.0000,33.895,605109.3125,1999.9000,
	2026/04/30 11:44:01	,	394042	,	1113	,10.505503,1999.9000,-1.27414930,-593.3893,594878.0000,33.899,605109.3125,1999.9000,
	2026/04/30 11:44:01	,	395042	,	1114	,10.506123,1999.9000,-1.36035323,-593.4504,594878.0000,33.902,605097.9375,1999.9000,
	2026/04/30 11:44:01	,	396042	,	1115	,10.506638,1999.9000,-1.44587648,-593.6008,594883.1875,33.899,604969.7500,1999.9000,
	2026/04/30 11:44:01	,	397042	,	1116	,10.507145,1999.9000,-1.52940190,-593.7261,594968.0000,33.903,604939.8750,1999.9000,
	2026/04/30 11:44:01	,	398042	,	1117	,10.507688,1999.9000,-1.60946107,-593.8306,594975.4375,33.908,604843.0000,1999.9000,
	2026/04/30 11:44:01	,	399042	,	1118	,10.508278,1999.9000,-1.68531013,-594.0171,594985.0625,33.913,604808.3125,1999.9000,
	2026/04/30 11:44:01	,	400042	,	1119	,10.508860,1999.9000,-1.75418258,-594.1725,595170.5625,33.918,604720.9375,1999.9000,
	2026/04/30 11:44:01	,	401042	,	1120	,10.509489,1999.9000,-1.81890798,-594.3020,595471.4375,33.922,604720.9375,1999.9000,
	2026/04/30 11:44:01	,	402042	,	1121	,10.510147,1999.9000,-1.88299072,-594.4099,595481.3125,33.927,604720.9375,1999.9000,
	2026/04/30 11:44:01	,	403042	,	1122	,10.514240,1999.9000,-1.94390321,-594.4999,595484.5625,33.929,604720.9375,1999.9000,
	2026/04/30 11:44:01	,	404042	,	1123	,10.514463,1999.9000,-2.00226951,-594.5748,595486.2500,33.929,604720.9375,1999.9000,
	2026/04/30 11:44:01	,	405042	,	1124	,10.514627,1999.9000,-2.05826616,-594.6372,595487.1875,33.928,604731.5625,1999.9000,
	2026/04/30 11:44:01	,	406042	,	1125	,10.514717,1999.9000,-2.11007810,-594.6892,595487.8750,33.927,604844.1875,1999.9000,
	2026/04/30 11:44:01	,	407042	,	1126	,10.514817,1999.9000,-2.15733314,-594.4342,595404.6875,33.927,604872.8750,1999.9000,
	2026/04/30 11:44:01	,	408042	,	1127	,10.514885,1999.9000,-2.20054865,-594.0227,595387.4375,33.923,604966.1875,1999.9000,
	2026/04/30 11:44:01	,	409042	,	1128	,10.514941,1999.9000,-2.24002051,-593.5803,595373.0000,33.920,605002.4375,1999.9000,
	2026/04/30 11:44:01	,	410042	,	1129	,10.514993,1999.9000,-2.27830100,-593.2117,595220.0625,33.918,605118.9375,1999.9000,
	2026/04/30 11:44:01	,	411042	,	1130	,10.515037,1999.9000,-2.31401038,-592.9045,594956.6250,33.916,605118.9375,1999.9000,
	2026/04/30 11:44:01	,	412042	,	1131	,10.515072,1999.9000,-2.34227657,-592.7479,594863.7500,33.914,605118.9375,1999.9000,
	2026/04/30 11:44:01	,	413042	,	1132	,10.515102,1999.9000,-2.36451149,-592.6174,594863.7500,33.913,605118.9375,1999.9000,
	2026/04/30 11:44:01	,	414042	,	1133	,10.515118,1999.9000,-2.38048792,-592.5088,594863.7500,33.912,605118.9375,1999.9000,
	2026/04/30 11:44:01	,	415042	,	1134	,10.515090,1999.9000,-2.38048792,-592.3187,594863.7500,33.908,605112.3750,1999.9000,
	2026/04/30 11:44:01	,	416042	,	1135	,10.515057,1999.9000,-2.38048792,-592.2598,594863.7500,33.907,604984.3125,1999.9000,
	2026/04/30 11:44:01	,	417042	,	1136	,10.515005,1999.9000,-2.38048792,-592.4097,594946.0000,33.907,604946.5625,1999.9000,
	2026/04/30 11:44:01	,	418042	,	1137	,10.514889,1999.9000,-2.38048792,-592.6340,594960.5625,33.907,604838.6875,1999.9000,
	2026/04/30 11:44:01	,	419042	,	1138	,10.514686,1999.9000,-2.37082648,-593.0199,594971.1875,33.904,604805.8125,1999.9000,
	2026/04/30 11:44:01	,	420042	,	1139	,10.514428,1999.9000,-2.35018611,-593.9384,595099.0625,33.900,604722.7500,1999.9000,
	2026/04/30 11:44:01	,	421042	,	1140	,10.514109,1999.9000,-2.32089877,-594.7038,595378.5000,33.896,604722.7500,1999.9000,
	2026/04/30 11:44:01	,	422042	,	1141	,10.513729,1999.9000,-2.28779888,-595.3416,595531.6250,33.893,604722.7500,1999.9000,
	2026/04/30 11:44:01	,	423042	,	1142	,10.513284,1999.9000,-2.25044465,-595.8730,595531.6250,33.891,604722.7500,1999.9000,
	2026/04/30 11:44:01	,	424042	,	1143	,10.512788,1999.9000,-2.20865965,-596.3160,595531.6250,33.889,604722.7500,1999.9000,
	2026/04/30 11:44:01	,	425042	,	1144	,10.512192,1999.9000,-2.16428471,-596.3867,595531.6250,33.887,604725.9375,1999.9000,
	2026/04/30 11:44:01	,	426042	,	1145	,10.507955,1999.9000,-2.11574388,-595.9482,595531.6250,33.881,604817.0000,1999.9000,
	2026/04/30 11:44:01	,	427042	,	1146	,10.507121,1999.9000,-2.06177020,-595.3839,595419.0000,33.881,604846.2500,1999.9000,
	2026/04/30 11:44:01	,	428042	,	1147	,10.506356,1999.9000,-2.00260353,-594.8141,595389.1875,33.880,604937.1875,1999.9000,
	2026/04/30 11:44:01	,	429042	,	1148	,10.505565,1999.9000,-1.93824363,-594.3393,595370.9375,33.881,604973.7500,1999.9000,
	2026/04/30 11:44:01	,	430042	,	1149	,10.501193,1999.9000,-1.87054968,-593.9437,595276.0625,33.882,605077.3125,1999.9000,
	2026/04/30 11:44:01	,	431042	,	1150	,10.500552,1999.9000,-1.80142522,-593.6140,595058.5625,33.885,605077.3125,1999.9000,
	2026/04/30 11:44:01	,	432042	,	1151	,10.499843,1999.9000,-1.72647107,-593.2397,594806.5000,33.888,605077.3125,1999.9000,
	2026/04/30 11:44:01	,	433042	,	1152	,10.498974,1999.9000,-1.64648116,-592.9278,594806.5000,33.893,605077.3125,1999.9000,
	2026/04/30 11:44:01	,	434042	,	1153	,10.494311,1999.9000,-1.56294954,-592.7674,594806.5000,33.898,605077.3125,1999.9000,
	2026/04/30 11:44:01	,	435042	,	1154	,10.493314,1999.9000,-1.47424352,-592.6337,594806.5000,33.902,605071.8125,1999.9000,
	2026/04/30 11:44:01	,	436042	,	1155	,10.492435,1999.9000,-1.38224769,-592.6218,594806.5000,33.906,604961.9375,1999.9000,
	2026/04/30 11:44:01	,	437042	,	1156	,10.491483,1999.9000,-1.28998089,-592.7113,594923.2500,33.904,604928.6875,1999.9000,
	2026/04/30 11:44:01	,	438042	,	1157	,10.486448,1999.9000,-1.19821823,-592.9849,594951.2500,33.902,604833.2500,1999.9000,
	2026/04/30 11:44:01	,	439042	,	1158	,10.485301,1999.9000,-1.10791135,-593.2129,594966.4375,33.899,604795.8125,1999.9000,
	2026/04/30 11:44:01	,	440042	,	1159	,10.484282,1999.9000,-1.01765501,-593.5023,594985.5625,33.897,604692.5625,1999.9000,
	2026/04/30 11:44:01	,	441042	,	1160	,10.483290,1999.9000,-0.92497855,-593.8430,595271.3125,33.894,604675.0625,1999.9000,
	2026/04/30 11:44:01	,	442042	,	1161	,10.478464,1999.9000,-0.83581245,-594.1269,595565.6250,33.892,604669.1875,1999.9000,
	2026/04/30 11:44:01	,	443042	,	1162	,10.477363,1999.9000,-0.75279117,-594.2640,595565.6250,33.889,604666.3125,1999.9000,
	2026/04/30 11:44:01	,	444042	,	1163	,10.476389,1999.9000,-0.67521524,-594.2787,595565.6250,33.888,604664.5625,1999.9000,
	2026/04/30 11:44:01	,	445042	,	1164	,10.475471,1999.9000,-0.60513908,-594.2910,595565.6250,33.885,604663.3750,1999.9000,
	2026/04/30 11:44:01	,	446042	,	1165	,10.470213,1999.9000,-0.54186314,-594.3013,595565.6250,33.884,604672.8750,1999.9000,
	2026/04/30 11:44:01	,	447042	,	1166	,10.469081,1999.9000,-0.48401994,-594.3099,595463.1250,33.884,604789.8125,1999.9000,
	2026/04/30 11:44:01	,	448042	,	1167	,10.467999,1999.9000,-0.43237823,-594.3170,595431.8750,33.886,604817.5625,1999.9000,
	2026/04/30 11:44:01	,	449042	,	1168	,10.463749,1999.9000,-0.38771325,-594.3230,595413.8750,33.888,604908.8125,1999.9000,
	2026/04/30 11:44:01	,	450042	,	1169	,10.462707,1999.9000,-0.35057962,-594.2285,595396.2500,33.889,604937.5000,1999.9000,
	2026/04/30 11:44:01	,	451042	,	1170	,10.461624,1999.9000,-0.32196683,-594.2491,595175.9375,33.891,604958.3125,1999.9000,
	2026/04/30 11:44:01	,	452042	,	1171	,10.457523,1999.9000,-0.29573634,-594.2664,594904.2500,33.892,604968.7500,1999.9000,
	2026/04/30 11:44:01	,	453042	,	1172	,10.456466,1999.9000,-0.26840290,-594.6787,594904.2500,33.893,604975.0625,1999.9000,
	2026/04/30 11:44:01	,	454042	,	1173	,10.455369,1999.9000,-0.24112621,-595.0223,594904.2500,33.895,604979.1875,1999.9000,
	2026/04/30 11:44:01	,	455042	,	1174	,10.454388,1999.9000,-0.21163107,-595.4081,594904.2500,33.897,604982.6250,1999.9000,
	2026/04/30 11:44:01	,	456042	,	1175	,10.449480,1999.9000,-0.17865071,-595.7296,594904.2500,33.898,604972.1250,1999.9000,
	2026/04/30 11:44:01	,	457042	,	1176	,10.448601,1999.9000,-0.14357798,-595.9974,594906.0000,33.899,604827.2500,1999.9000,
	2026/04/30 11:44:01	,	458042	,	1177	,10.447762,1999.9000,-0.10668384,-596.1212,594917.9375,33.901,604799.5000,1999.9000,
	2026/04/30 11:44:01	,	459042	,	1178	,10.446792,1999.9000,-0.06806915,-596.2243,595008.5000,33.900,604773.6875,1999.9000,
	2026/04/30 11:44:01	,	460042	,	1179	,10.442183,1999.9000,-0.02641673,-596.3102,595019.5625,33.895,604659.3750,1999.9000,
	2026/04/30 11:44:01	,	461042	,	1180	,10.441258,1999.9000,0.02306955,-596.3819,595192.0000,33.884,604639.6875,1999.9000,
	2026/04/30 11:44:01	,	462042	,	1181	,10.440295,1999.9000,0.07840445,-596.3819,595497.6250,33.884,604633.1875,1999.9000,
	2026/04/30 11:44:01	,	463042	,	1182	,10.439382,1999.9000,0.13390951,-595.4468,595503.0000,33.880,604629.9375,1999.9000,
	2026/04/30 11:44:01	,	464042	,	1183	,10.435301,1999.9000,0.18376131,-592.7086,595504.7500,33.874,604627.9375,1999.9000,
	2026/04/30 11:44:01	,	465042	,	1184	,10.434675,1999.9000,0.21833619,-592.7086,595505.6875,33.874,604626.6250,1999.9000,
	2026/04/30 11:44:01	,	466042	,	1185	,10.433871,1999.9000,0.23768447,-590.4754,595506.2500,33.870,604636.7500,1999.9000,
	2026/04/30 11:44:01	,	467042	,	1186	,10.433126,1999.9000,0.24907918,-590.4754,595506.6250,33.870,604755.9375,1999.9000,
	2026/04/30 11:44:01	,	468042	,	1187	,10.432429,1999.9000,0.25604963,-589.6295,595417.8125,33.868,604782.8125,1999.9000,
	2026/04/30 11:44:01	,	469042	,	1188	,10.428330,1999.9000,0.26071969,-588.9246,595394.0625,33.867,604868.9375,1999.9000,
	2026/04/30 11:44:01	,	470042	,	1189	,10.427735,1999.9000,0.26175642,-589.5308,595379.3125,33.870,604900.9375,1999.9000,
	2026/04/30 11:44:01	,	471042	,	1190	,10.427110,1999.9000,0.26400322,-590.0361,595270.0625,33.875,604997.0000,1999.9000,
	2026/04/30 11:44:01	,	472042	,	1191	,10.426537,1999.9000,0.26400641,-590.7555,595027.0000,33.878,604997.0000,1999.9000,
	2026/04/30 11:44:01	,	473042	,	1192	,10.426014,1999.9000,0.26419231,-591.6534,594885.7500,33.885,604997.0000,1999.9000,
	2026/04/30 11:44:01	,	474042	,	1193	,10.425535,1999.9000,0.26665023,-592.6007,594885.7500,33.890,604997.0000,1999.9000,
	2026/04/30 11:44:01	,	475042	,	1194	,10.424984,1999.9000,0.26735610,-593.4896,594885.7500,33.894,604997.0000,1999.9000,
	2026/04/30 11:44:01	,	476042	,	1195	,10.424345,1999.9000,0.27010393,-594.2302,594885.7500,33.897,604997.0000,1999.9000,
	2026/04/30 11:44:01	,	477042	,	1196	,10.423717,1999.9000,0.27083185,-594.8475,594885.7500,33.900,604990.2500,1999.9000,
	2026/04/30 11:44:01	,	478042	,	1197	,10.423061,1999.9000,0.27126989,-595.3619,594988.8750,33.903,604870.1250,1999.9000,
	2026/04/30 11:44:01	,	479042	,	1198	,10.418709,1999.9000,0.27349463,-595.8900,595009.4375,33.899,604843.8750,1999.9000,
	2026/04/30 11:44:01	,	480042	,	1199	,10.418351,1999.9000,0.27593994,-596.4295,595018.8750,33.895,604753.5625,1999.9000,
	2026/04/30 11:44:01	,	481042	,	1200	,10.418083,1999.9000,0.28195238,-596.8792,595130.6250,33.893,604719.5000,1999.9000,
	2026/04/30 11:44:01	,	482042	,	1201	,10.417912,1999.9000,0.29052997,-597.1544,595402.9375,33.889,604635.8125,1999.9000,
	2026/04/30 11:44:01	,	483042	,	1202	,10.417748,1999.9000,0.29127997,-597.2843,595576.8750,33.886,604635.8125,1999.9000,
	2026/04/30 11:44:01	,	484042	,	1203	,10.417611,1999.9000,0.29152995,-597.0942,595576.8750,33.884,604635.8125,1999.9000,
	2026/04/30 11:44:01	,	485042	,	1204	,10.417491,1999.9000,0.29165494,-596.8362,595576.8750,33.883,604635.8125,1999.9000,
	2026/04/30 11:44:01	,	486042	,	1205	,10.417381,1999.9000,0.29172993,-596.6212,595576.8750,33.883,604635.8125,1999.9000,
	2026/04/30 11:44:01	,	487042	,	1206	,10.417285,1999.9000,0.29172993,-596.3426,595576.8750,33.882,604635.8125,1999.9000,
	2026/04/30 11:44:01	,	488042	,	1207	,10.417200,1999.9000,0.29177991,-596.1104,595461.3125,33.877,604645.9375,1999.9000,
	2026/04/30 11:44:01	,	489042	,	1208	,10.417129,1999.9000,0.28763717,-595.9169,595437.5000,33.871,604741.5000,1999.9000,
	2026/04/30 11:44:01	,	490042	,	1209	,10.417070,1999.9000,0.28327590,-595.6563,595424.1875,33.866,604773.7500,1999.9000,
	2026/04/30 11:44:01	,	491042	,	1210	,10.417022,1999.9000,0.27958903,-595.3395,595407.0000,33.864,604885.2500,1999.9000,
	2026/04/30 11:44:01	,	492042	,	1211	,10.417000,1999.9000,0.27419421,-595.1750,595153.8750,33.861,604917.5000,1999.9000,
	2026/04/30 11:44:01	,	493042	,	1212	,10.416986,1999.9000,0.26549059,-595.1375,594872.0625,33.860,604931.9375,1999.9000,
	2026/04/30 11:44:01	,	494042	,	1213	,10.416980,1999.9000,0.25825545,-595.0067,594872.0625,33.866,604939.1875,1999.9000,
	2026/04/30 11:44:01	,	495042	,	1214	,10.417005,1999.9000,0.25205392,-594.6987,594872.0625,33.873,604943.5000,1999.9000,
	2026/04/30 11:44:01	,	496042	,	1215	,10.417099,1999.9000,0.24647631,-594.7404,594872.0625,33.883,604946.3750,1999.9000,
	2026/04/30 11:44:01	,	497042	,	1216	,10.417334,1999.9000,0.24347638,-594.7753,594872.0625,33.891,604948.8125,1999.9000,
	2026/04/30 11:44:01	,	498042	,	1217	,10.417706,1999.9000,0.24249950,-594.8043,594885.0625,33.898,604940.0625,1999.9000,
	2026/04/30 11:44:01	,	499042	,	1218	,10.418156,1999.9000,0.24200793,-594.8286,595013.2500,33.904,604830.8750,1999.9000,
	2026/04/30 11:44:01	,	500042	,	1219	,10.418700,1999.9000,0.24176213,-595.0476,595017.7500,33.909,604794.9375,1999.9000,
	2026/04/30 11:44:01	,	501042	,	1220	,10.419328,1999.9000,0.24157308,-595.2302,595026.9375,33.912,604700.4375,1999.9000,
	2026/04/30 11:44:01	,	502042	,	1221	,10.423922,1999.9000,0.23922226,-595.1834,595244.4375,33.912,604676.8750,1999.9000,
	2026/04/30 11:44:01	,	503042	,	1222	,10.424398,1999.9000,0.23833679,-595.1444,595551.2500,33.913,604663.3750,1999.9000,
	2026/04/30 11:44:01	,	504042	,	1223	,10.425182,1999.9000,0.23795126,-595.1119,595551.2500,33.910,604656.6250,1999.9000,
	2026/04/30 11:44:01	,	505042	,	1224	,10.425984,1999.9000,0.23768920,-594.9854,595551.2500,33.908,604652.6250,1999.9000,
	2026/04/30 11:44:01	,	506042	,	1225	,10.426727,1999.9000,0.23753197,-594.6810,595551.2500,33.906,604649.8750,1999.9000,
	2026/04/30 11:44:01	,	507042	,	1226	,10.431488,1999.9000,0.23007753,-594.3278,595551.2500,33.901,604647.6875,1999.9000,
	2026/04/30 11:44:01	,	508042	,	1227	,10.432486,1999.9000,0.22207978,-594.0335,595545.3750,33.895,604658.0625,1999.9000,
	2026/04/30 11:44:01	,	509042	,	1228	,10.433305,1999.9000,0.21483207,-593.7883,595447.0000,33.892,604776.5000,1999.9000,
	2026/04/30 11:44:01	,	510042	,	1229	,10.434087,1999.9000,0.20816414,-593.5839,595431.5000,33.891,604806.0625,1999.9000,
	2026/04/30 11:44:01	,	511042	,	1230	,10.438220,1999.9000,0.20162858,-593.4136,595417.2500,33.891,604899.1250,1999.9000,
	2026/04/30 11:44:01	,	512042	,	1231	,10.439248,1999.9000,0.19372541,-593.2717,595240.8125,33.892,604931.1250,1999.9000,
	2026/04/30 11:44:01	,	513042	,	1232	,10.440177,1999.9000,0.18159330,-593.4518,594957.8750,33.897,605019.9375,1999.9000,
	2026/04/30 11:44:01	,	514042	,	1233	,10.441125,1999.9000,0.16919021,-593.3036,594934.6250,33.895,605019.9375,1999.9000,
	2026/04/30 11:44:01	,	515042	,	1234	,10.445995,1999.9000,0.15845725,-593.4785,594926.8750,33.893,605019.9375,1999.9000,
	2026/04/30 11:44:01	,	516042	,	1235	,10.447008,1999.9000,0.14861925,-593.6241,594923.0000,33.889,605019.9375,1999.9000,
	2026/04/30 11:44:01	,	517042	,	1236	,10.448120,1999.9000,0.14099969,-593.7455,594920.6250,33.889,605019.9375,1999.9000,
	2026/04/30 11:44:01	,	518042	,	1237	,10.452399,1999.9000,0.13476031,-593.8467,594919.0625,33.888,605008.0000,1999.9000,
	2026/04/30 11:44:01	,	519042	,	1238	,10.453413,1999.9000,0.12672481,-594.0306,594931.8750,33.890,604879.8125,1999.9000,
	2026/04/30 11:44:01	,	520042	,	1239	,10.454486,1999.9000,0.11619981,-594.1837,595024.0000,33.891,604845.6250,1999.9000,
	2026/04/30 11:44:01	,	521042	,	1240	,10.454486,1999.9000,0.10225265,-594.3113,595035.8750,33.892,604744.5000,1999.9000,
	2026/04/30 11:44:01	,	522042	,	1241	,10.455476,1999.9000,0.08413330,-594.4177,595171.7500,33.890,604723.3750,1999.9000,
	2026/04/30 11:44:01	,	523042	,	1242	,10.460353,1999.9000,0.06430604,-594.5063,595463.6875,33.888,604708.2500,1999.9000,
	2026/04/30 11:44:01	,	524042	,	1243	,10.461336,1999.9000,0.04057755,-593.9833,595500.9375,33.889,604700.7500,1999.9000,
	2026/04/30 11:44:01	,	525042	,	1244	,10.462349,1999.9000,0.01176310,-593.2491,595513.3750,33.891,604696.1875,1999.9000,
	2026/04/30 11:44:01	,	526042	,	1245	,10.466727,1999.9000,-0.01922573,-592.4383,595519.6250,33.892,604693.1875,1999.9000,
	2026/04/30 11:44:01	,	527042	,	1246	,10.467845,1999.9000,-0.05184684,-591.5637,595523.3125,33.889,604690.6250,1999.9000,
	2026/04/30 11:44:01	,	528042	,	1247	,10.468863,1999.9000,-0.08516752,-590.8348,595525.8125,33.888,604699.0000,1999.9000,
	2026/04/30 11:44:01	,	529042	,	1248	,10.473281,1999.9000,-0.11643992,-590.2275,595439.2500,33.886,604810.3125,1999.9000,
	2026/04/30 11:44:01	,	530042	,	1249	,10.474264,1999.9000,-0.14643925,-589.7213,595418.4375,33.892,604840.8125,1999.9000,
	2026/04/30 11:44:01	,	531042	,	1250	,10.475207,1999.9000,-0.20874457,-588.9481,595409.6875,33.899,604966.7500,1999.9000,
	2026/04/30 11:44:01	,	532042	,	1251	,10.476141,1999.9000,-0.20874457,-588.9481,595305.8125,33.905,604966.7500,1999.9000,
	2026/04/30 11:44:01	,	533042	,	1252	,10.481354,1999.9000,-0.24517234,-589.0530,595060.9375,33.910,605082.1875,1999.9000,
	2026/04/30 11:44:01	,	534042	,	1253	,10.482382,1999.9000,-0.28471977,-589.3395,594872.6250,33.914,605082.1875,1999.9000,
	2026/04/30 11:44:01	,	535042	,	1254	,10.483241,1999.9000,-0.32583651,-589.5781,594872.6250,33.917,605082.1875,1999.9000,
	2026/04/30 11:44:01	,	536042	,	1255	,10.484132,1999.9000,-0.37067160,-589.8765,594872.6250,33.920,605082.1875,1999.9000,
	2026/04/30 11:44:01	,	537042	,	1256	,10.488950,1999.9000,-0.41838065,-590.1252,594872.6250,33.921,605082.1875,1999.9000,
	2026/04/30 11:44:01	,	538042	,	1257	,10.489829,1999.9000,-0.46835849,-590.8297,594872.6250,33.918,605071.0625,1999.9000,
	2026/04/30 11:44:01	,	539042	,	1258	,10.490737,1999.9000,-0.52308208,-591.5164,594975.7500,33.913,604937.8125,1999.9000,
	2026/04/30 11:44:01	,	540042	,	1259	,10.491586,1999.9000,-0.58374882,-592.0886,594996.8750,33.909,604907.2500,1999.9000,
	2026/04/30 11:44:01	,	541042	,	1260	,10.492382,1999.9000,-0.65021998,-592.7643,595006.5000,33.905,604821.8125,1999.9000,
	2026/04/30 11:44:01	,	542042	,	1261	,10.497260,1999.9000,-0.72245789,-593.3275,595093.6875,33.902,604792.1875,1999.9000,
	2026/04/30 11:44:01	,	543042	,	1262	,10.498169,1999.9000,-0.79666841,-593.7968,595342.7500,33.898,604708.2500,1999.9000,
	2026/04/30 11:44:01	,	544042	,	1263	,10.499058,1999.9000,-0.87261206,-594.1879,595571.5000,33.895,604708.2500,1999.9000,
	2026/04/30 11:44:01	,	545042	,	1264	,10.499845,1999.9000,-0.95315641,-594.4143,595571.5000,33.892,604708.2500,1999.9000,
	2026/04/30 11:44:01	,	546042	,	1265	,10.500615,1999.9000,-1.03634787,-594.6030,595571.5000,33.888,604708.2500,1999.9000,
	2026/04/30 11:44:01	,	547042	,	1266	,10.504916,1999.9000,-1.12183964,-594.6607,595571.5000,33.887,604708.2500,1999.9000,
	2026/04/30 11:44:01	,	548042	,	1267	,10.505601,1999.9000,-1.21030617,-594.6094,595571.5000,33.887,604715.5000,1999.9000,
	2026/04/30 11:44:01	,	549042	,	1268	,10.506236,1999.9000,-1.29955411,-594.7655,595445.8125,33.887,604833.8750,1999.9000,
	2026/04/30 11:44:01	,	550042	,	1269	,10.506756,1999.9000,-1.38792610,-594.6967,595413.0625,33.886,604865.0000,1999.9000,
	2026/04/30 11:44:01	,	551042	,	1270	,10.507239,1999.9000,-1.47459018,-594.3409,595399.0000,33.884,604964.9375,1999.9000,
	2026/04/30 11:44:01	,	552042	,	1271	,10.507687,1999.9000,-1.55838668,-594.0444,595381.8125,33.882,604998.1875,1999.9000,
	2026/04/30 11:44:01	,	553042	,	1272	,10.508292,1999.9000,-1.64080286,-593.3995,595144.3125,33.880,605106.8750,1999.9000,
	2026/04/30 11:44:01	,	554042	,	1273	,10.508887,1999.9000,-1.72256362,-592.7626,594866.6875,33.876,605118.6250,1999.9000,
	2026/04/30 11:44:01	,	555042	,	1274	,10.509521,1999.9000,-1.79883492,-592.3314,594866.6875,33.877,605122.6250,1999.9000,
	2026/04/30 11:44:01	,	556042	,	1275	,10.513644,1999.9000,-1.87010860,-591.9719,594866.6875,33.877,605124.5625,1999.9000,
	2026/04/30 11:44:01	,	557042	,	1276	,10.513942,1999.9000,-1.93683195,-591.4734,594866.6875,33.877,605125.7500,1999.9000,
	2026/04/30 11:44:01	,	558042	,	1277	,10.514141,1999.9000,-1.99753010,-591.0580,594866.6875,33.877,605126.5625,1999.9000,
	2026/04/30 11:44:01	,	559042	,	1278	,10.514270,1999.9000,-2.05352044,-590.9108,594872.8125,33.878,605118.8125,1999.9000,
	2026/04/30 11:44:01	,	560042	,	1279	,10.514406,1999.9000,-2.10562229,-590.8876,594964.3750,33.878,605107.3750,1999.9000,
	2026/04/30 11:44:01	,	561042	,	1280	,10.514498,1999.9000,-2.15323043,-590.8683,594976.0000,33.878,605010.8750,1999.9000,
	2026/04/30 11:44:01	,	562042	,	1281	,10.514579,1999.9000,-2.19652152,-591.0511,594985.0000,33.879,604984.5625,1999.9000,
	2026/04/30 11:44:01	,	563042	,	1282	,10.514667,1999.9000,-2.23392606,-591.3030,595188.4375,33.881,604958.8750,1999.9000,
	2026/04/30 11:44:01	,	564042	,	1283	,10.514754,1999.9000,-2.26400089,-591.8112,595491.6875,33.882,604868.3750,1999.9000,
	2026/04/30 11:44:01	,	565042	,	1284	,10.514847,1999.9000,-2.29137850,-592.2348,595491.6875,33.883,604868.3750,1999.9000,
	2026/04/30 11:44:01	,	566042	,	1285	,10.514925,1999.9000,-2.31598306,-592.5878,595491.6875,33.888,604868.3750,1999.9000,
	2026/04/30 11:44:01	,	567042	,	1286	,10.514990,1999.9000,-2.33684373,-592.8820,595491.6875,33.888,604868.3750,1999.9000,
	2026/04/30 11:44:01	,	568042	,	1287	,10.515044,1999.9000,-2.35491300,-593.1271,595491.6875,33.888,604868.3750,1999.9000,
	2026/04/30 11:44:01	,	569042	,	1288	,10.515088,1999.9000,-2.36769390,-593.3314,595490.1250,33.888,604872.3750,1999.9000,
	2026/04/30 11:44:01	,	570042	,	1289	,10.515097,1999.9000,-2.36769390,-593.5016,595408.3125,33.888,604883.0625,1999.9000,
	2026/04/30 11:44:01	,	571042	,	1290	,10.515048,1999.9000,-2.36769390,-593.6434,595389.2500,33.885,604989.1250,1999.9000,
	2026/04/30 11:44:01	,	572042	,	1291	,10.514987,1999.9000,-2.36769390,-593.7616,595374.3125,33.882,605025.0625,1999.9000,
	2026/04/30 11:44:01	,	573042	,	1292	,10.514782,1999.9000,-2.36769390,-593.7607,595230.1875,33.880,605138.3125,1999.9000,
	2026/04/30 11:44:01	,	574042	,	1293	,10.514544,1999.9000,-2.35798836,-593.5609,594965.6250,33.877,605138.3125,1999.9000,
	2026/04/30 11:44:01	,	575042	,	1294	,10.514264,1999.9000,-2.34229565,-593.2950,594875.6250,33.874,605138.3125,1999.9000,
	2026/04/30 11:44:01	,	576042	,	1295	,10.513902,1999.9000,-2.31892633,-593.0734,594875.6250,33.872,605138.3125,1999.9000,
	2026/04/30 11:44:01	,	577042	,	1296	,10.513477,1999.9000,-2.28865600,-592.8887,594875.6250,33.873,605138.3125,1999.9000,
	2026/04/30 11:44:01	,	578042	,	1297	,10.512944,1999.9000,-2.24996567,-592.7348,594875.6250,33.875,605136.8750,1999.9000,
	2026/04/30 11:44:01	,	579042	,	1298	,10.512316,1999.9000,-2.20366836,-592.7061,594875.6250,33.880,605052.0000,1999.9000,
	2026/04/30 11:44:01	,	580042	,	1299	,10.508193,1999.9000,-2.15224099,-592.9805,594957.8750,33.885,605014.5000,1999.9000,
	2026/04/30 11:44:01	,	581042	,	1300	,10.507627,1999.9000,-2.09621906,-593.2092,594970.3750,33.888,604910.5625,1999.9000,
	2026/04/30 11:44:01	,	582042	,	1301	,10.506952,1999.9000,-2.03552699,-593.3997,594975.9375,33.891,604876.8125,1999.9000,
	2026/04/30 11:44:01	,	583042	,	1302	,10.506197,1999.9000,-1.96911275,-593.6580,595096.6875,33.897,604782.5625,1999.9000,
	2026/04/30 11:44:01	,	584042	,	1303	,10.505410,1999.9000,-1.89408290,-593.8732,595380.3125,33.900,604755.9375,1999.9000,
	2026/04/30 11:44:01	,	585042	,	1304	,10.500537,1999.9000,-1.81435144,-594.2516,595486.3750,33.901,604747.1250,1999.9000,
	2026/04/30 11:44:01	,	586042	,	1305	,10.499778,1999.9000,-1.73302543,-594.6663,595486.3750,33.902,604742.7500,1999.9000,
	2026/04/30 11:44:01	,	587042	,	1306	,10.498908,1999.9000,-1.64920378,-595.0120,595486.3750,33.901,604740.0625,1999.9000,
	2026/04/30 11:44:01	,	588042	,	1307	,10.497915,1999.9000,-1.56453776,-595.3000,595486.3750,33.896,604738.3125,1999.9000,
	2026/04/30 11:44:01	,	589042	,	1308	,10.493031,1999.9000,-1.47979581,-595.5400,595486.3750,33.896,604744.5000,1999.9000,
	2026/04/30 11:44:01	,	590042	,	1309	,10.492062,1999.9000,-1.39352894,-595.6405,595386.8125,33.896,604848.3750,1999.9000,
	2026/04/30 11:44:01	,	591042	,	1310	,10.491124,1999.9000,-1.30606449,-595.7242,595366.2500,33.896,604876.7500,1999.9000,
	2026/04/30 11:44:01	,	592042	,	1311	,10.487103,1999.9000,-1.21820927,-595.7941,595355.0625,33.890,604972.1875,1999.9000,
	2026/04/30 11:44:01	,	593042	,	1312	,10.485970,1999.9000,-1.13107264,-595.7528,595274.8125,33.885,605011.7500,1999.9000,
	2026/04/30 11:44:01	,	594042	,	1313	,10.484998,1999.9000,-1.04825306,-595.4200,595048.4375,33.881,605105.1250,1999.9000,
	2026/04/30 11:44:01	,	595042	,	1314	,10.484065,1999.9000,-0.96786618,-594.8442,594798.7500,33.883,605105.1250,1999.9000,
	2026/04/30 11:44:01	,	596042	,	1315	,10.479090,1999.9000,-0.88722730,-594.4639,594798.7500,33.883,605105.1250,1999.9000,
	2026/04/30 11:44:01	,	597042	,	1316	,10.478077,1999.9000,-0.80921644,-594.3459,594798.7500,33.882,605105.1250,1999.9000,
	2026/04/30 11:44:01	,	598042	,	1317	,10.477084,1999.9000,-0.73346812,-594.4465,594798.7500,33.884,605105.1250,1999.9000,
	2026/04/30 11:44:01	,	599042	,	1318	,10.472804,1999.9000,-0.65938365,-594.6298,594798.7500,33.887,605092.1250,1999.9000,
	2026/04/30 11:44:01	,	600042	,	1319	,10.471807,1999.9000,-0.58968562,-594.7826,594903.0000,33.888,604955.9375,1999.9000,
	2026/04/30 11:44:01	,	601042	,	1320	,10.470867,1999.9000,-0.52562195,-594.9099,594926.5625,33.891,604923.5625,1999.9000,
	2026/04/30 11:44:01	,	602042	,	1321	,10.469870,1999.9000,-0.46742573,-595.3143,594940.6250,33.900,604818.8125,1999.9000,
	2026/04/30 11:44:01	,	603042	,	1322	,10.464464,1999.9000,-0.41587228,-595.7509,595029.3750,33.904,604786.5000,1999.9000,
	2026/04/30 11:44:01	,	604042	,	1323	,10.463540,1999.9000,-0.36849099,-596.1147,595261.6875,33.904,604690.7500,1999.9000,
	2026/04/30 11:44:01	,	605042	,	1324	,10.462618,1999.9000,-0.32525036,-596.4179,595557.8750,33.904,604690.7500,1999.9000,
	2026/04/30 11:44:01	,	606042	,	1325	,10.458536,1999.9000,-0.28805372,-596.8695,595557.8750,33.905,604690.7500,1999.9000,
	2026/04/30 11:44:01	,	607042	,	1326	,10.457448,1999.9000,-0.25371206,-597.0469,595557.8750,33.905,604690.7500,1999.9000,
	2026/04/30 11:44:01	,	608042	,	1327	,10.456370,1999.9000,-0.22192286,-597.1946,595557.8750,33.905,604690.7500,1999.9000,
	2026/04/30 11:44:01	,	609042	,	1328	,10.452131,1999.9000,-0.19352432,-597.3179,595557.8750,33.908,604699.3750,1999.9000,
	2026/04/30 11:44:01	,	610042	,	1329	,10.451312,1999.9000,-0.16576235,-597.4205,595557.8750,33.917,604801.3125,1999.9000,
	2026/04/30 11:44:01	,	611042	,	1330	,10.450394,1999.9000,-0.13623568,-597.5060,595457.1250,33.918,604823.0000,1999.9000,
	2026/04/30 11:44:01	,	612042	,	1331	,10.449466,1999.9000,-0.10430154,-596.9805,595418.0625,33.918,604848.8125,1999.9000,
	2026/04/30 11:44:01	,	613042	,	1332	,10.444953,1999.9000,-0.06999139,-596.4430,595381.7500,33.917,604958.3125,1999.9000,
	2026/04/30 11:44:01	,	614042	,	1333	,10.444029,1999.9000,-0.03537240,-595.8957,595381.7500,33.917,604996.0625,1999.9000,
	2026/04/30 11:44:01	,	615042	,	1334	,10.443106,1999.9000,0.00026754,-595.3401,595168.1875,33.917,605008.6250,1999.9000,
	2026/04/30 11:44:01	,	616042	,	1335	,10.442167,1999.9000,0.04331280,-594.0813,594891.1250,33.906,605014.9375,1999.9000,
	2026/04/30 11:44:01	,	617042	,	1336	,10.437654,1999.9000,0.09194825,-593.0323,594890.8125,33.897,605018.6875,1999.9000,
	2026/04/30 11:44:01	,	618042	,	1337	,10.436850,1999.9000,0.14004801,-592.1581,594890.7500,33.889,605021.2500,1999.9000,
	2026/04/30 11:44:01	,	619042	,	1338	,10.436075,1999.9000,0.17987277,-591.4297,594890.6875,33.877,605020.3125,1999.9000,
	2026/04/30 11:44:01	,	620042	,	1339	,10.435308,1999.9000,0.20708013,-590.8226,594890.6875,33.877,605008.0000,1999.9000,
	2026/04/30 11:44:01	,	621042	,	1340	,10.434514,1999.9000,0.22507343,-590.4163,594890.6250,33.873,604881.0000,1999.9000,
	2026/04/30 11:44:01	,	622042	,	1341	,10.429879,1999.9000,0.23779166,-590.3760,594901.4375,33.869,604847.8125,1999.9000,
	2026/04/30 11:44:01	,	623042	,	1342	,10.429135,1999.9000,0.24625571,-590.7404,594984.6250,33.868,604753.5625,1999.9000,
	2026/04/30 11:44:01	,	624042	,	1343	,10.428450,1999.9000,0.25403288,-591.1435,594999.3125,33.868,604719.5000,1999.9000,
	2026/04/30 11:44:01	,	625042	,	1344	,10.427876,1999.9000,0.26489818,-592.1757,595177.1250,33.873,604703.8125,1999.9000,
	2026/04/30 11:44:01	,	626042	,	1345	,10.427329,1999.9000,0.27518997,-593.1354,595486.9375,33.877,604696.0625,1999.9000,
	2026/04/30 11:44:01	,	627042	,	1346	,10.426816,1999.9000,0.28456789,-593.9351,595495.5625,33.880,604691.3125,1999.9000,
	2026/04/30 11:44:01	,	628042	,	1347	,10.426213,1999.9000,0.28516030,-594.7010,595498.4375,33.883,604688.2500,1999.9000,
	2026/04/30 11:44:01	,	629042	,	1348	,10.425559,1999.9000,0.28535774,-595.6378,595499.8125,33.885,604685.6250,1999.9000,
	2026/04/30 11:44:01	,	630042	,	1349	,10.421419,1999.9000,0.28545651,-596.5178,595500.6875,33.889,604696.2500,1999.9000,
	2026/04/30 11:44:01	,	631042	,	1350	,10.421077,1999.9000,0.28551579,-597.2511,595501.2500,33.892,604696.2500,1999.9000,
	2026/04/30 11:44:01	,	632042	,	1351	,10.420755,1999.9000,0.28555530,-597.8623,595417.2500,33.894,604801.3125,1999.9000,
	2026/04/30 11:44:01	,	633042	,	1352	,10.420429,1999.9000,0.28314987,-598.3716,595394.2500,33.896,604830.9375,1999.9000,
	2026/04/30 11:44:01	,	634042	,	1353	,10.420133,1999.9000,0.28034532,-598.0997,595381.3125,33.898,604923.8750,1999.9000,
	2026/04/30 11:44:01	,	635042	,	1354	,10.419831,1999.9000,0.27424461,-597.8730,595264.6875,33.899,604959.5625,1999.9000,
	2026/04/30 11:44:01	,	636042	,	1355	,10.419526,1999.9000,0.26897579,-597.6842,595001.3750,33.900,604971.4375,1999.9000,
	2026/04/30 11:44:01	,	637042	,	1356	,10.419195,1999.9000,0.26897579,-597.1290,594892.8750,33.901,604977.3750,1999.9000,
	2026/04/30 11:44:01	,	638042	,	1357	,10.418826,1999.9000,0.26897579,-596.6662,594892.8750,33.905,604981.0000,1999.9000,
	2026/04/30 11:44:01	,	639042	,	1358	,10.418509,1999.9000,0.26897579,-596.2806,594892.8750,33.908,604983.3125,1999.9000,
	2026/04/30 11:44:01	,	640042	,	1359	,10.418244,1999.9000,0.26897573,-595.9593,594892.8750,33.911,604980.5625,1999.9000,
	2026/04/30 11:44:01	,	641042	,	1360	,10.417994,1999.9000,0.26902828,-596.1889,594892.8750,33.913,604967.9375,1999.9000,
	2026/04/30 11:44:01	,	642042	,	1361	,10.417775,1999.9000,0.27196944,-596.3802,594979.8750,33.915,604845.9375,1999.9000,
	2026/04/30 11:44:01	,	643042	,	1362	,10.417593,1999.9000,0.27415636,-596.5397,594997.2500,33.917,604813.6250,1999.9000,
	2026/04/30 11:44:01	,	644042	,	1363	,10.417442,1999.9000,0.27501976,-596.6725,595009.1250,33.918,604707.6875,1999.9000,
	2026/04/30 11:44:01	,	645042	,	1364	,10.417315,1999.9000,0.27972767,-596.2859,595136.0000,33.914,604677.1875,1999.9000,
	2026/04/30 11:44:01	,	646042	,	1365	,10.417211,1999.9000,0.27972767,-595.8643,595410.0625,33.911,604666.9375,1999.9000,
	2026/04/30 11:44:01	,	647042	,	1366	,10.417129,1999.9000,0.27972767,-595.5129,595563.7500,33.909,604661.8750,1999.9000,
	2026/04/30 11:44:01	,	648042	,	1367	,10.417059,1999.9000,0.27972767,-595.2200,595563.7500,33.907,604658.8750,1999.9000,
	2026/04/30 11:44:01	,	649042	,	1368	,10.417105,1999.9000,0.27972764,-594.9760,595563.7500,33.904,604656.8125,1999.9000,
	2026/04/30 11:44:01	,	650042	,	1369	,10.417233,1999.9000,0.27538535,-594.6732,595563.7500,33.903,604657.8125,1999.9000,
	2026/04/30 11:44:01	,	651042	,	1370	,10.417455,1999.9000,0.26880565,-594.4208,595563.7500,33.902,604670.8750,1999.9000,
	2026/04/30 11:44:01	,	652042	,	1371	,10.417748,1999.9000,0.26173437,-594.3099,595457.7500,33.899,604794.6250,1999.9000,
	2026/04/30 11:44:01	,	653042	,	1372	,10.418162,1999.9000,0.25468832,-594.2176,595428.1875,33.896,604819.6875,1999.9000,
	2026/04/30 11:44:01	,	654042	,	1373	,10.418646,1999.9000,0.24808343,-594.2401,595413.0000,33.893,604920.3125,1999.9000,
	2026/04/30 11:44:01	,	655042	,	1374	,10.419188,1999.9000,0.23909621,-594.7562,595393.5000,33.891,604958.9375,1999.9000,
	2026/04/30 11:44:01	,	656042	,	1375	,10.419832,1999.9000,0.22974977,-594.9874,595119.9375,33.889,605050.1250,1999.9000,
	2026/04/30 11:44:01	,	657042	,	1376	,10.424488,1999.9000,0.22249576,-595.1799,594848.2500,33.888,605050.1250,1999.9000,
	2026/04/30 11:44:01	,	658042	,	1377	,10.425188,1999.9000,0.21599801,-595.4399,594848.2500,33.890,605050.1250,1999.9000,
	2026/04/30 11:44:01	,	659042	,	1378	,10.426037,1999.9000,0.21114515,-595.7561,594848.2500,33.889,605050.1250,1999.9000,
	2026/04/30 11:44:01	,	660042	,	1379	,10.426818,1999.9000,0.20797509,-596.0195,594848.2500,33.891,605050.1250,1999.9000,
	2026/04/30 11:44:01	,	661042	,	1380	,10.427604,1999.9000,0.20402977,-596.2391,594848.2500,33.896,605039.4375,1999.9000,
	2026/04/30 11:44:01	,	662042	,	1381	,10.432710,1999.9000,0.19937235,-596.3226,594956.1250,33.902,604913.0000,1999.9000,
	2026/04/30 11:44:01	,	663042	,	1382	,10.433589,1999.9000,0.19514973,-596.3922,594979.8750,33.912,604882.1875,1999.9000,
	2026/04/30 11:44:01	,	664042	,	1383	,10.434427,1999.9000,0.19433044,-596.4501,595009.5625,33.916,604755.6875,1999.9000,
	2026/04/30 11:44:01	,	665042	,	1384	,10.435234,1999.9000,0.19365397,-596.4985,595009.5625,33.917,604755.6875,1999.9000,
	2026/04/30 11:44:01	,	666042	,	1385	,10.439263,1999.9000,0.19320230,-596.5387,595273.0625,33.917,604733.6250,1999.9000,
	2026/04/30 11:44:01	,	667042	,	1386	,10.440216,1999.9000,0.19292121,-596.3734,595566.1875,33.917,604722.5625,1999.9000,
	2026/04/30 11:44:01	,	668042	,	1387	,10.441150,1999.9000,0.18873392,-595.9371,595566.1875,33.916,604715.9375,1999.9000,
	2026/04/30 11:44:01	,	669042	,	1388	,10.442122,1999.9000,0.18179497,-595.4741,595566.1875,33.916,604711.5000,1999.9000,
	2026/04/30 11:44:01	,	670042	,	1389	,10.447395,1999.9000,0.17098010,-595.0882,595566.1875,33.911,604707.8125,1999.9000,
	2026/04/30 11:44:01	,	671042	,	1390	,10.448497,1999.9000,0.15846989,-594.7667,595566.1875,33.907,604716.1250,1999.9000,
	2026/04/30 11:44:01	,	672042	,	1391	,10.449500,1999.9000,0.15846989,-594.4987,595479.1875,33.904,604819.4375,1999.9000,
	2026/04/30 11:44:01	,	673042	,	1392	,10.453650,1999.9000,0.14529788,-594.2755,595445.2500,33.901,604847.5000,1999.9000,
	2026/04/30 11:44:01	,	674042	,	1393	,10.454544,1999.9000,0.13101672,-593.5920,595425.1875,33.901,604942.6250,1999.9000,
	2026/04/30 11:44:01	,	675042	,	1394	,10.455567,1999.9000,0.11458011,-593.5198,595409.0625,33.902,604975.3125,1999.9000,
	2026/04/30 11:44:01	,	676042	,	1395	,10.460145,1999.9000,0.09199867,-593.6586,595212.8125,33.902,605089.3750,1999.9000,
	2026/04/30 11:44:01	,	677042	,	1396	,10.461008,1999.9000,0.06181658,-593.7744,594940.6250,33.903,605092.6875,1999.9000,
	2026/04/30 11:44:01	,	678042	,	1397	,10.461991,1999.9000,0.02932781,-593.8707,594916.4375,33.905,605093.8125,1999.9000,
	2026/04/30 11:44:01	,	679042	,	1398	,10.466013,1999.9000,-0.00445924,-593.7521,594908.3750,33.911,605094.3125,1999.9000,
	2026/04/30 11:44:01	,	680042	,	1399	,10.466936,1999.9000,-0.03787446,-592.8574,594904.3750,33.916,605094.6250,1999.9000,
	2026/04/30 11:44:01	,	681042	,	1400	,10.467950,1999.9000,-0.06825193,-591.9130,594901.9375,33.921,605094.8750,1999.9000,
	2026/04/30 11:44:01	,	682042	,	1401	,10.472119,1999.9000,-0.09630381,-591.1259,594900.2500,33.932,605084.9375,1999.9000,
	2026/04/30 11:44:01	,	683042	,	1402	,10.473118,1999.9000,-0.12269188,-590.4700,594910.5625,33.948,604966.8125,1999.9000,
	2026/04/30 11:44:01	,	684042	,	1403	,10.474115,1999.9000,-0.14763670,-589.9234,594923.8125,33.954,604877.3750,1999.9000,
	2026/04/30 11:44:01	,	685042	,	1404	,10.475039,1999.9000,-0.17273909,-589.4679,595006.7500,33.960,604839.9375,1999.9000,
	2026/04/30 11:44:01	,	686042	,	1405	,10.479775,1999.9000,-0.19774693,-589.1878,595153.3125,33.965,604739.0625,1999.9000,
	2026/04/30 11:44:01	,	687042	,	1406	,10.480967,1999.9000,-0.22148798,-589.0539,595448.1875,33.969,604739.0625,1999.9000,
	2026/04/30 11:44:01	,	688042	,	1407	,10.481999,1999.9000,-0.24871427,-589.4396,595471.1250,33.961,604739.0625,1999.9000,
	2026/04/30 11:44:01	,	689042	,	1408	,10.486090,1999.9000,-0.28098875,-589.9601,595478.7500,33.954,604739.0625,1999.9000,
	2026/04/30 11:44:01	,	690042	,	1409	,10.487163,1999.9000,-0.31987444,-590.4932,595482.6250,33.943,604739.0625,1999.9000,
	2026/04/30 11:44:01	,	691042	,	1410	,10.488214,1999.9000,-0.36716747,-591.4349,595484.9375,33.934,604741.0000,1999.9000,
	2026/04/30 11:44:01	,	692042	,	1411	,10.489114,1999.9000,-0.42095831,-592.5180,595486.4375,33.926,604754.0625,1999.9000,
	2026/04/30 11:44:01	,	693042	,	1412	,10.493477,1999.9000,-0.47963977,-593.6196,595473.4375,33.920,604878.0000,1999.9000,
	2026/04/30 11:44:01	,	694042	,	1413	,10.494311,1999.9000,-0.54366565,-594.5375,595373.7500,33.914,604910.3125,1999.9000,
	2026/04/30 11:44:01	,	695042	,	1414	,10.495126,1999.9000,-0.61331952,-594.5375,595369.8750,33.905,605002.4375,1999.9000,
	2026/04/30 11:44:01	,	696042	,	1415	,10.495957,1999.9000,-0.69018966,-595.3025,595278.4375,33.892,605035.9375,1999.9000,
	2026/04/30 11:44:01	,	697042	,	1416	,10.500031,1999.9000,-0.77595246,-595.9400,595025.1875,33.880,605047.1250,1999.9000,
	2026/04/30 11:44:01	,	698042	,	1417	,10.500806,1999.9000,-0.86423618,-596.2723,594849.3750,33.872,605052.6875,1999.9000,
	2026/04/30 11:44:01	,	699042	,	1418	,10.501580,1999.9000,-0.95220482,-596.3502,594849.3750,33.870,605056.0625,1999.9000,
	2026/04/30 11:44:01	,	700042	,	1419	,10.502257,1999.9000,-1.03942966,-596.4152,594849.3750,33.869,605058.3125,1999.9000,
	2026/04/30 11:44:01	,	701042	,	1420	,10.502896,1999.9000,-1.12422824,-596.1709,594849.3750,33.867,605059.5000,1999.9000,
	2026/04/30 11:44:01	,	702042	,	1421	,10.503536,1999.9000,-1.20787334,-595.8679,594849.3750,33.861,605046.9375,1999.9000,
	2026/04/30 11:44:01	,	703042	,	1422	,10.508074,1999.9000,-1.29224336,-595.6154,594950.1250,33.857,604920.8750,1999.9000,
	2026/04/30 11:44:01	,	704042	,	1423	,10.508610,1999.9000,-1.37668896,-595.4049,594966.2500,33.854,604891.0000,1999.9000,
	2026/04/30 11:44:01	,	705042	,	1424	,10.509186,1999.9000,-1.45994353,-595.2296,594978.7500,33.863,604786.7500,1999.9000,
	2026/04/30 11:44:01	,	706042	,	1425	,10.509667,1999.9000,-1.54004669,-595.0834,595083.0000,33.872,604758.0625,1999.9000,
	2026/04/30 11:44:01	,	707042	,	1426	,10.510105,1999.9000,-1.68561268,-594.6612,595556.0625,33.879,604743.7500,1999.9000,
	2026/04/30 11:44:01	,	708042	,	1427	,10.510527,1999.9000,-1.68561268,-594.6612,595556.0625,33.885,604743.7500,1999.9000,
	2026/04/30 11:44:01	,	709042	,	1428	,10.510987,1999.9000,-1.75660264,-594.1124,595556.0625,33.888,604740.9375,1999.9000,
	2026/04/30 11:44:01	,	710042	,	1429	,10.511474,1999.9000,-1.82531130,-593.6551,595556.0625,33.887,604739.0000,1999.9000,
	2026/04/30 11:44:01	,	711042	,	1430	,10.511945,1999.9000,-1.89263320,-593.2740,595556.0625,33.890,604737.9375,1999.9000,
	2026/04/30 11:44:01	,	712042	,	1431	,10.512406,1999.9000,-1.95742178,-592.6580,595556.0625,33.893,604748.0000,1999.9000,
	2026/04/30 11:44:01	,	713042	,	1432	,10.512802,1999.9000,-2.01781130,-592.1447,595448.1875,33.896,604865.3125,1999.9000,
	2026/04/30 11:44:01	,	714042	,	1433	,10.513165,1999.9000,-2.07378888,-591.7168,595418.1250,33.903,604903.6875,1999.9000,
	2026/04/30 11:44:01	,	715042	,	1434	,10.513165,1999.9000,-2.12550616,-591.3604,595400.5625,33.909,605024.7500,1999.9000,
	2026/04/30 11:44:01	,	716042	,	1435	,10.513479,1999.9000,-2.17342949,-591.0633,595303.4375,33.913,605058.5625,1999.9000,
	2026/04/30 11:44:01	,	717042	,	1436	,10.513804,1999.9000,-2.22018695,-590.8157,595097.8750,33.907,605070.4375,1999.9000,
	2026/04/30 11:44:01	,	718042	,	1437	,10.514090,1999.9000,-2.26296735,-590.6094,594825.0000,33.907,605076.3750,1999.9000,
	2026/04/30 11:44:01	,	719042	,	1438	,10.514329,1999.9000,-2.29853177,-590.4376,594825.0000,33.903,605079.9375,1999.9000,
	2026/04/30 11:44:01	,	720042	,	1439	,10.514527,1999.9000,-2.32839251,-590.2943,594825.0000,33.908,605082.2500,1999.9000,
	2026/04/30 11:44:01	,	721042	,	1440	,10.514693,1999.9000,-2.35167980,-590.2744,594825.0000,33.912,605084.2500,1999.9000,
	2026/04/30 11:44:01	,	722042	,	1441	,10.514832,1999.9000,-2.36806583,-590.2578,594825.0000,33.916,605074.6875,1999.9000,
	2026/04/30 11:44:01	,	723042	,	1442	,10.514931,1999.9000,-2.37084532,-590.3434,594925.1250,33.909,604949.8750,1999.9000,
	2026/04/30 11:44:01	,	724042	,	1443	,10.515005,1999.9000,-2.37084532,-590.7132,594945.3750,33.904,604920.0000,1999.9000,
	2026/04/30 11:44:01	,	725042	,	1444	,10.514973,1999.9000,-2.37084532,-591.0213,594957.6875,33.895,604829.0625,1999.9000,
	2026/04/30 11:44:01	,	726042	,	1445	,10.514930,1999.9000,-2.37084532,-591.2781,594973.0625,33.888,604795.8750,1999.9000,
	2026/04/30 11:44:01	,	727042	,	1446	,10.514791,1999.9000,-2.37084532,-591.4922,595217.0625,33.882,604774.9375,1999.9000,
	2026/04/30 11:44:01	,	728042	,	1447	,10.514596,1999.9000,-2.35208941,-591.6705,595522.6875,33.877,604764.4375,1999.9000,
	2026/04/30 11:44:01	,	729042	,	1448	,10.514294,1999.9000,-2.32972860,-591.7196,595522.6875,33.869,604758.1250,1999.9000,
	2026/04/30 11:44:01	,	730042	,	1449	,10.513922,1999.9000,-2.30226922,-591.7606,595522.6875,33.863,604753.9375,1999.9000,
	2026/04/30 11:44:01	,	731042	,	1450	,10.513508,1999.9000,-2.27027822,-591.7947,595522.6875,33.858,604750.4375,1999.9000,
	2026/04/30 11:44:01	,	732042	,	1451	,10.513044,1999.9000,-2.23457503,-591.8231,595522.6875,33.851,604758.5000,1999.9000,
	2026/04/30 11:44:01	,	733042	,	1452	,10.512529,1999.9000,-2.19400048,-591.8467,595512.5625,33.843,604856.8125,1999.9000,
	2026/04/30 11:44:01	,	734042	,	1453	,10.511870,1999.9000,-2.14824510,-591.8665,595383.2500,33.837,604883.4375,1999.9000,
	2026/04/30 11:44:01	,	735042	,	1454	,10.507329,1999.9000,-2.09754872,-591.9824,595369.8750,33.832,604966.1875,1999.9000,
	2026/04/30 11:44:01	,	736042	,	1455	,10.506615,1999.9000,-2.04199338,-592.1785,595358.1250,33.836,604993.9375,1999.9000,
	2026/04/30 11:44:01	,	737042	,	1456	,10.505899,1999.9000,-1.98408711,-592.3420,595201.5625,33.842,605087.6250,1999.9000,
	2026/04/30 11:44:01	,	738042	,	1457	,10.505207,1999.9000,-1.92382383,-592.6771,594932.2500,33.846,605087.6250,1999.9000,
	2026/04/30 11:44:01	,	739042	,	1458	,10.504518,1999.9000,-1.85711932,-593.4537,594906.3125,33.853,605087.6250,1999.9000,
	2026/04/30 11:44:01	,	740042	,	1459	,10.499584,1999.9000,-1.78515887,-594.1010,594897.6250,33.865,605087.6250,1999.9000,
	2026/04/30 11:44:01	,	741042	,	1460	,10.498675,1999.9000,-1.70772147,-594.2424,594893.3125,33.878,605087.6250,1999.9000,
	2026/04/30 11:44:01	,	742042	,	1461	,10.497717,1999.9000,-1.62366033,-594.3602,594890.6875,33.892,605079.5000,1999.9000,
	2026/04/30 11:44:01	,	743042	,	1462	,10.496746,1999.9000,-1.53561616,-594.4585,594888.9375,33.903,604960.7500,1999.9000,
	2026/04/30 11:44:01	,	744042	,	1463	,10.492018,1999.9000,-1.44563079,-594.5403,594900.0625,33.916,604928.7500,1999.9000,
	2026/04/30 11:44:01	,	745042	,	1464	,10.490975,1999.9000,-1.35437238,-594.6085,594986.5000,33.928,604832.1250,1999.9000,
	2026/04/30 11:44:01	,	746042	,	1465	,10.489863,1999.9000,-1.26269782,-594.6653,594994.5625,33.940,604796.8125,1999.9000,
	2026/04/30 11:44:01	,	747042	,	1466	,10.488905,1999.9000,-1.16930914,-594.5137,595132.4375,33.949,604704.0000,1999.9000,
	2026/04/30 11:44:01	,	748042	,	1467	,10.484363,1999.9000,-1.07392895,-594.1885,595423.1875,33.954,604704.0000,1999.9000,
	2026/04/30 11:44:01	,	749042	,	1468	,10.483335,1999.9000,-0.98190165,-593.9174,595519.1250,33.959,604704.0000,1999.9000,
	2026/04/30 11:44:01	,	750042	,	1469	,10.482287,1999.9000,-0.89313263,-593.6915,595519.1250,33.962,604704.0000,1999.9000,
	2026/04/30 11:44:01	,	751042	,	1470	,10.481310,1999.9000,-0.73242825,-593.7112,595519.1250,33.967,604704.0000,1999.9000,
	2026/04/30 11:44:01	,	752042	,	1471	,10.476469,1999.9000,-0.73242825,-593.7112,595519.1250,33.967,604709.1250,1999.9000,
	2026/04/30 11:44:01	,	753042	,	1472	,10.475351,1999.9000,-0.66191721,-593.7186,595519.1250,33.963,604803.0625,1999.9000,
	2026/04/30 11:44:01	,	754042	,	1473	,10.474204,1999.9000,-0.59590608,-593.9238,595411.2500,33.960,604827.1875,1999.9000,
	2026/04/30 11:44:01	,	755042	,	1474	,10.470004,1999.9000,-0.53428769,-594.0948,595389.7500,33.957,604852.0000,1999.9000,
	2026/04/30 11:44:01	,	756042	,	1475	,10.468932,1999.9000,-0.47733310,-594.2372,595376.0625,33.953,604961.3750,1999.9000,
	2026/04/30 11:44:01	,	757042	,	1476	,10.467731,1999.9000,-0.42787200,-594.3560,595274.8125,33.950,604998.1875,1999.9000,
	2026/04/30 11:44:01	,	758042	,	1477	,10.463243,1999.9000,-0.38894221,-594.4549,595032.3750,33.947,605010.5000,1999.9000,
	2026/04/30 11:44:01	,	759042	,	1478	,10.462245,1999.9000,-0.35555223,-594.5374,594841.6875,33.942,605016.6250,1999.9000,
	2026/04/30 11:44:01	,	760042	,	1479	,10.461118,1999.9000,-0.32478398,-594.8050,594841.6875,33.937,605020.3125,1999.9000,
	2026/04/30 11:44:01	,	761042	,	1480	,10.456808,1999.9000,-0.29463971,-595.1276,594841.6875,33.934,605022.8125,1999.9000,
	2026/04/30 11:44:01	,	762042	,	1481	,10.455661,1999.9000,-0.26195559,-595.3963,594841.6875,33.934,605023.0000,1999.9000,
	2026/04/30 11:44:01	,	763042	,	1482	,10.454722,1999.9000,-0.22804877,-595.5208,594841.6875,33.934,604937.1875,1999.9000,
	2026/04/30 11:44:01	,	764042	,	1483	,10.453903,1999.9000,-0.19518186,-595.6245,594942.3750,33.932,604902.8125,1999.9000,
	2026/04/30 11:44:01	,	765042	,	1484	,10.449331,1999.9000,-0.16218890,-595.7110,594960.5625,33.931,604793.4375,1999.9000,
	2026/04/30 11:44:01	,	766042	,	1485	,10.448318,1999.9000,-0.12736826,-595.8826,594967.1875,33.931,604764.4375,1999.9000,
	2026/04/30 11:44:01	,	767042	,	1486	,10.447325,1999.9000,-0.08961700,-595.9260,595047.8125,33.930,604679.2500,1999.9000,
	2026/04/30 11:44:01	,	768042	,	1487	,10.446345,1999.9000,-0.04601713,-595.8627,595296.8750,33.929,604679.2500,1999.9000,
	2026/04/30 11:44:01	,	769042	,	1488	,10.442003,1999.9000,0.00026123,-595.2131,595554.8750,33.924,604679.2500,1999.9000,
	2026/04/30 11:44:01	,	770042	,	1489	,10.440975,1999.9000,0.04894710,-594.5724,595554.8750,33.919,604679.2500,1999.9000,
	2026/04/30 11:44:01	,	771042	,	1490	,10.440077,1999.9000,0.10157829,-593.4415,595554.8750,33.916,604679.2500,1999.9000,
	2026/04/30 11:44:01	,	772042	,	1491	,10.439233,1999.9000,0.15260236,-592.4991,595554.8750,33.912,604680.8750,1999.9000,
	2026/04/30 11:44:01	,	773042	,	1492	,10.435092,1999.9000,0.19286829,-591.7139,595554.8750,33.910,604693.0000,1999.9000,
	2026/04/30 11:44:01	,	774042	,	1493	,10.434258,1999.9000,0.21884039,-591.0594,595431.5000,33.908,604806.7500,1999.9000,
	2026/04/30 11:44:01	,	775042	,	1494	,10.433463,1999.9000,0.23510052,-590.5141,595399.8750,33.906,604829.0625,1999.9000,
	2026/04/30 11:44:01	,	776042	,	1495	,10.432724,1999.9000,0.24561919,-590.0597,595383.6250,33.904,604853.6250,1999.9000,
	2026/04/30 11:44:01	,	777042	,	1496	,10.432047,1999.9000,0.24867582,-589.7804,595365.8125,33.905,604963.7500,1999.9000,
	2026/04/30 11:44:01	,	778042	,	1497	,10.428032,1999.9000,0.24878301,-589.5477,595144.9375,33.905,604977.0000,1999.9000,
	2026/04/30 11:44:01	,	779042	,	1498	,10.427526,1999.9000,0.25093839,-590.0501,594873.2500,33.908,604981.3750,1999.9000,
	2026/04/30 11:44:01	,	780042	,	1499	,10.427000,1999.9000,0.25119364,-590.5682,594873.2500,33.911,604983.6250,1999.9000,
	2026/04/30 11:44:01	,	781042	,	1500	,10.426461,1999.9000,0.25132492,-591.2985,594873.2500,33.913,604984.9375,1999.9000,
	2026/04/30 11:44:01	,	782042	,	1501	,10.425930,1999.9000,0.25763151,-592.3048,594873.2500,33.918,604985.8125,1999.9000,
	2026/04/30 11:44:01	,	783042	,	1502	,10.425386,1999.9000,0.26555362,-593.3425,594873.2500,33.922,604974.0000,1999.9000,
	2026/04/30 11:44:01	,	784042	,	1503	,10.424786,1999.9000,0.27136439,-594.7045,594882.1875,33.926,604835.6875,1999.9000,
	2026/04/30 11:44:01	,	785042	,	1504	,10.424170,1999.9000,0.27412486,-595.9390,595003.1250,33.928,604802.5000,1999.9000,
	2026/04/30 11:44:01	,	786042	,	1505	,10.420078,1999.9000,0.27463219,-597.3657,595015.6250,33.931,604710.0625,1999.9000,
	2026/04/30 11:44:01	,	787042	,	1506	,10.419557,1999.9000,0.27516681,-598.5546,595027.8125,33.933,604681.1250,1999.9000,
	2026/04/30 11:44:01	,	788042	,	1507	,10.419234,1999.9000,0.28073606,-599.1475,595226.5625,33.934,604681.1250,1999.9000,
	2026/04/30 11:44:01	,	789042	,	1508	,10.419028,1999.9000,0.28686824,-599.6415,595528.6250,33.936,604659.8125,1999.9000,
	2026/04/30 11:44:01	,	790042	,	1509	,10.418821,1999.9000,0.29083878,-600.0532,595528.6250,33.937,604649.0625,1999.9000,
	2026/04/30 11:44:01	,	791042	,	1510	,10.418639,1999.9000,0.29083878,-599.9984,595528.6250,33.935,604642.6875,1999.9000,
	2026/04/30 11:44:01	,	792042	,	1511	,10.418423,1999.9000,0.29083878,-599.5548,595528.6250,33.933,604638.4375,1999.9000,
	2026/04/30 11:44:01	,	793042	,	1512	,10.418217,1999.9000,0.29083878,-599.0857,595528.6250,33.935,604634.9375,1999.9000,
	2026/04/30 11:44:01	,	794042	,	1513	,10.418012,1999.9000,0.29083872,-598.6948,595526.2500,33.936,604642.3750,1999.9000,
	2026/04/30 11:44:01	,	795042	,	1514	,10.417830,1999.9000,0.29083872,-598.3690,595424.3750,33.937,604765.6875,1999.9000,
	2026/04/30 11:44:01	,	796042	,	1515	,10.417653,1999.9000,0.28559518,-597.6996,595405.6250,33.938,604765.6875,1999.9000,
	2026/04/30 11:44:01	,	797042	,	1516	,10.417507,1999.9000,0.28188938,-597.0423,595394.3750,33.933,604856.8125,1999.9000,
	2026/04/30 11:44:01	,	798042	,	1517	,10.417385,1999.9000,0.27525929,-596.3951,595265.3125,33.928,604884.3750,1999.9000,
	2026/04/30 11:44:01	,	799042	,	1518	,10.417284,1999.9000,0.26661241,-595.8557,595000.7500,33.925,604990.3125,1999.9000,
	2026/04/30 11:44:01	,	800042	,	1519	,10.417198,1999.9000,0.26088357,-595.4063,594906.0000,33.921,604990.3125,1999.9000,
	2026/04/30 11:44:01	,	801042	,	1520	,10.417127,1999.9000,0.25786471,-595.2307,594906.0000,33.919,604990.3125,1999.9000,
	2026/04/30 11:44:01	,	802042	,	1521	,10.417092,1999.9000,0.25756851,-595.0844,594906.0000,33.914,604990.3125,1999.9000,
	2026/04/30 11:44:01	,	803042	,	1522	,10.417104,1999.9000,0.25741512,-594.9624,594906.0000,33.906,604990.3125,1999.9000,
	2026/04/30 11:44:01	,	804042	,	1523	,10.417157,1999.9000,0.25716040,-594.8608,594906.0000,33.900,604980.1875,1999.9000,
	2026/04/30 11:44:01	,	805042	,	1524	,10.417336,1999.9000,0.25690675,-594.7761,594917.8750,33.895,604859.2500,1999.9000,
	2026/04/30 11:44:01	,	806042	,	1525	,10.417629,1999.9000,0.25285432,-594.7055,595005.5000,33.888,604833.0000,1999.9000,
	2026/04/30 11:44:01	,	807042	,	1526	,10.417968,1999.9000,0.24786283,-594.6467,595011.1875,33.882,604749.3750,1999.9000,
	2026/04/30 11:44:01	,	808042	,	1527	,10.418400,1999.9000,0.24740273,-594.6972,595130.0625,33.876,604720.6250,1999.9000,
	2026/04/30 11:44:01	,	809042	,	1528	,10.418923,1999.9000,0.24708344,-594.8387,595405.9375,33.872,604639.4375,1999.9000,
	2026/04/30 11:44:01	,	810042	,	1529	,10.419583,1999.9000,0.24689701,-595.0562,595570.9375,33.872,604639.4375,1999.9000,
	2026/04/30 11:44:01	,	811042	,	1530	,10.423773,1999.9000,0.24653432,-595.6353,595570.9375,33.876,604639.4375,1999.9000,
	2026/04/30 11:44:01	,	812042	,	1531	,10.424622,1999.9000,0.24618642,-596.1178,595570.9375,33.882,604639.4375,1999.9000,
	2026/04/30 11:44:01	,	813042	,	1532	,10.425441,1999.9000,0.23927897,-596.6194,595570.9375,33.888,604639.4375,1999.9000,
	2026/04/30 11:44:01	,	814042	,	1533	,10.426208,1999.9000,0.23193042,-597.0375,595570.9375,33.892,604649.0625,1999.9000,
	2026/04/30 11:44:01	,	815042	,	1534	,10.426996,1999.9000,0.22393271,-597.3857,595472.6250,33.896,604766.8750,1999.9000,
	2026/04/30 11:44:01	,	816042	,	1535	,10.431786,1999.9000,0.21606734,-597.5766,595446.3750,33.899,604792.5000,1999.9000,
	2026/04/30 11:44:01	,	817042	,	1536	,10.432694,1999.9000,0.20871244,-597.5366,595429.5000,33.902,604819.3750,1999.9000,
	2026/04/30 11:44:01	,	818042	,	1537	,10.433603,1999.9000,0.19990170,-597.5034,595328.4375,33.898,604934.7500,1999.9000,
	2026/04/30 11:44:01	,	819042	,	1538	,10.434400,1999.9000,0.18776964,-597.4756,595109.8125,33.895,604974.3125,1999.9000,
	2026/04/30 11:44:01	,	820042	,	1539	,10.438935,1999.9000,0.17650726,-597.4525,594846.4375,33.892,604987.4375,1999.9000,
	2026/04/30 11:44:01	,	821042	,	1540	,10.439888,1999.9000,0.16690248,-597.4332,594846.4375,33.888,604994.0625,1999.9000,
	2026/04/30 11:44:01	,	822042	,	1541	,10.440751,1999.9000,0.15874089,-597.4172,594846.4375,33.885,604998.0625,1999.9000,
	2026/04/30 11:44:01	,	823042	,	1542	,10.441593,1999.9000,0.15363595,-597.4038,594846.4375,33.882,605000.6875,1999.9000,
	2026/04/30 11:44:01	,	824042	,	1543	,10.446442,1999.9000,0.14967176,-597.3926,594846.4375,33.882,604998.1250,1999.9000,
	2026/04/30 11:44:01	,	825042	,	1544	,10.447648,1999.9000,0.14433992,-597.4828,594958.5000,33.881,604911.1875,1999.9000,
	2026/04/30 11:44:01	,	826042	,	1545	,10.448755,1999.9000,0.13712370,-597.5580,594983.8125,33.881,604874.1250,1999.9000,
	2026/04/30 11:44:01	,	827042	,	1546	,10.452935,1999.9000,0.12759452,-597.6205,594996.6250,33.887,604770.5000,1999.9000,
	2026/04/30 11:44:01	,	828042	,	1547	,10.453814,1999.9000,0.11653387,-597.5733,595015.6250,33.893,604740.0000,1999.9000,
	2026/04/30 11:44:01	,	829042	,	1548	,10.454762,1999.9000,0.10557402,-597.3349,595311.8125,33.898,604653.3125,1999.9000,
	2026/04/30 11:44:01	,	830042	,	1549	,10.455735,1999.9000,0.08908699,-596.9374,595594.1250,33.902,604653.3125,1999.9000,
	2026/04/30 11:44:01	,	831042	,	1550	,10.460889,1999.9000,0.06574298,-596.0092,595594.1250,33.908,604653.3125,1999.9000,
	2026/04/30 11:44:01	,	832042	,	1551	,10.461931,1999.9000,0.03756503,-595.0368,595594.1250,33.912,604653.3125,1999.9000,
	2026/04/30 11:44:01	,	833042	,	1552	,10.463034,1999.9000,0.00494391,-594.2265,595594.1250,33.914,604653.3125,1999.9000,
	2026/04/30 11:44:01	,	834042	,	1553	,10.467263,1999.9000,-0.03008472,-593.2528,595594.1250,33.916,604657.1250,1999.9000,
	2026/04/30 11:44:01	,	835042	,	1554	,10.468321,1999.9000,-0.06439487,-592.4414,595473.2500,33.917,604751.7500,1999.9000,
	2026/04/30 11:44:01	,	836042	,	1555	,10.469369,1999.9000,-0.09659374,-591.4667,595438.3750,33.918,604777.4375,1999.9000,
	2026/04/30 11:44:01	,	837042	,	1556	,10.473371,1999.9000,-0.12640397,-590.6545,595419.2500,33.913,604897.3750,1999.9000,
	2026/04/30 11:44:01	,	838042	,	1557	,10.474309,1999.9000,-0.15580459,-589.9777,595403.4375,33.909,604897.3750,1999.9000,
	2026/04/30 11:44:01	,	839042	,	1558	,10.475317,1999.9000,-0.18986265,-589.4137,595200.3125,33.905,605007.2500,1999.9000,
	2026/04/30 11:44:01	,	840042	,	1559	,10.479328,1999.9000,-0.22616436,-588.9437,594906.6250,33.902,605019.0625,1999.9000,
	2026/04/30 11:44:01	,	841042	,	1560	,10.479328,1999.9000,-0.26168457,-588.7510,594906.6250,33.900,605022.9375,1999.9000,
	2026/04/30 11:44:01	,	842042	,	1561	,10.481433,1999.9000,-0.29832661,-588.6899,594906.6250,33.898,605024.9375,1999.9000,
	2026/04/30 11:44:01	,	843042	,	1562	,10.482351,1999.9000,-0.33668917,-588.6389,594906.6250,33.896,605026.1250,1999.9000,
	2026/04/30 11:44:01	,	844042	,	1563	,10.487192,1999.9000,-0.37807062,-588.7954,594906.6250,33.895,605026.9375,1999.9000,
	2026/04/30 11:44:01	,	845042	,	1564	,10.488205,1999.9000,-0.42467675,-589.4232,594909.6250,33.894,605017.2500,1999.9000,
	2026/04/30 11:44:01	,	846042	,	1565	,10.489039,1999.9000,-0.47669026,-590.0458,594992.3750,33.894,604905.7500,1999.9000,
	2026/04/30 11:44:01	,	847042	,	1566	,10.489964,1999.9000,-0.53401667,-590.9625,595001.3750,33.896,604875.2500,1999.9000,
	2026/04/30 11:44:01	,	848042	,	1567	,10.494431,1999.9000,-0.59697115,-591.7265,595011.3125,33.897,604775.9375,1999.9000,
	2026/04/30 11:44:01	,	849042	,	1568	,10.495265,1999.9000,-0.66291928,-591.9652,595185.4375,33.896,604744.8125,1999.9000,
	2026/04/30 11:44:01	,	850042	,	1569	,10.496038,1999.9000,-0.73402268,-592.4626,595478.0000,33.891,604733.2500,1999.9000,
	2026/04/30 11:44:01	,	851042	,	1570	,10.496881,1999.9000,-0.81229198,-592.9766,595500.3125,33.888,604727.5000,1999.9000,
	2026/04/30 11:44:01	,	852042	,	1571	,10.501163,1999.9000,-0.89490354,-593.7033,595507.7500,33.891,604724.0625,1999.9000,
	2026/04/30 11:44:01	,	853042	,	1572	,10.501834,1999.9000,-0.98131549,-594.4083,595511.5000,33.893,604721.7500,1999.9000,
	2026/04/30 11:44:01	,	854042	,	1573	,10.502514,1999.9000,-1.07072103,-594.7969,595513.7500,33.895,604719.8125,1999.9000,
	2026/04/30 11:44:01	,	855042	,	1574	,10.503204,1999.9000,-1.16054249,-594.9219,595515.2500,33.897,604731.3125,1999.9000,
	2026/04/30 11:44:01	,	856042	,	1575	,10.503903,1999.9000,-1.25028205,-594.9265,595433.3125,33.899,604850.8125,1999.9000,
	2026/04/30 11:44:01	,	857042	,	1576	,10.504544,1999.9000,-1.33964992,-595.2288,595420.8125,33.900,604878.9375,1999.9000,
	2026/04/30 11:44:01	,	858042	,	1577	,10.508729,1999.9000,-1.33964992,-595.4807,595411.6875,33.901,604985.5000,1999.9000,
	2026/04/30 11:44:01	,	859042	,	1578	,10.509340,1999.9000,-1.42785800,-595.6906,595280.8125,33.902,605071.2500,1999.9000,
	2026/04/30 11:44:01	,	860042	,	1579	,10.509811,1999.9000,-1.51641917,-595.6665,595017.4375,33.902,605109.6250,1999.9000,
	2026/04/30 11:44:01	,	861042	,	1580	,10.510234,1999.9000,-1.60351157,-595.1491,594879.2500,33.903,605122.4375,1999.9000,
	2026/04/30 11:44:01	,	862042	,	1581	,10.510600,1999.9000,-1.68412542,-594.7180,594879.2500,33.905,605128.8125,1999.9000,
	2026/04/30 11:44:01	,	863042	,	1582	,10.511013,1999.9000,-1.75921822,-594.3586,594879.2500,33.907,605132.6250,1999.9000,
	2026/04/30 11:44:01	,	864042	,	1583	,10.511467,1999.9000,-1.82856333,-594.4571,594879.2500,33.914,605135.2500,1999.9000,
	2026/04/30 11:44:01	,	865042	,	1584	,10.511909,1999.9000,-1.89155567,-594.6387,594879.2500,33.921,605124.3125,1999.9000,
	2026/04/30 11:44:01	,	866042	,	1585	,10.512358,1999.9000,-1.94977069,-594.7900,594968.0000,33.926,604992.7500,1999.9000,
	2026/04/30 11:44:01	,	867042	,	1586	,10.512776,1999.9000,-2.00432396,-594.9160,594987.3125,33.930,604960.6875,1999.9000,
	2026/04/30 11:44:01	,	868042	,	1587	,10.513154,1999.9000,-2.05474305,-595.0211,594994.3750,33.934,604853.8125,1999.9000,
	2026/04/30 11:44:01	,	869042	,	1588	,10.513470,1999.9000,-2.10150671,-595.1086,595085.9375,33.931,604824.8750,1999.9000,
	2026/04/30 11:44:01	,	870042	,	1589	,10.513737,1999.9000,-2.14290071,-595.4800,595348.6875,33.928,604807.7500,1999.9000,
	2026/04/30 11:44:01	,	871042	,	1590	,10.513960,1999.9000,-2.17857218,-595.8889,595502.4375,33.924,604799.1875,1999.9000,
	2026/04/30 11:44:01	,	872042	,	1591	,10.514185,1999.9000,-2.21280050,-596.1302,595502.4375,33.917,604794.0625,1999.9000,
	2026/04/30 11:44:01	,	873042	,	1592	,10.514398,1999.9000,-2.24474096,-596.2319,595502.4375,33.910,604790.6875,1999.9000,
	2026/04/30 11:44:01	,	874042	,	1593	,10.514575,1999.9000,-2.27418566,-596.3166,595502.4375,33.910,604787.8125,1999.9000,
	2026/04/30 11:44:01	,	875042	,	1594	,10.514722,1999.9000,-2.30221224,-596.3871,595502.4375,33.911,604797.8125,1999.9000,
	2026/04/30 11:44:01	,	876042	,	1595	,10.514846,1999.9000,-2.32721376,-595.9485,595392.8125,33.911,604921.5000,1999.9000,
	2026/04/30 11:44:01	,	877042	,	1596	,10.514923,1999.9000,-2.34755802,-594.8868,595369.2500,33.912,604953.1875,1999.9000,
	2026/04/30 11:44:01	,	878042	,	1597	,10.514959,1999.9000,-2.36278462,-593.9025,595353.2500,33.914,605050.7500,1999.9000,
	2026/04/30 11:44:01	,	879042	,	1598	,10.514974,1999.9000,-2.36278462,-593.0822,595273.0625,33.916,605080.3125,1999.9000,
	2026/04/30 11:44:01	,	880042	,	1599	,10.514920,1999.9000,-2.36278462,-592.3987,595079.3750,33.917,605187.8750,1999.9000,
	2026/04/30 11:44:01	,	881042	,	1600	,10.514748,1999.9000,-2.36278462,-591.8290,594813.0625,33.918,605187.8750,1999.9000,
	2026/04/30 11:44:01	,	882042	,	1601	,10.514748,1999.9000,-2.36278462,-591.4539,594813.0625,33.918,605187.8750,1999.9000,
	2026/04/30 11:44:01	,	883042	,	1602	,10.514206,1999.9000,-2.36259651,-591.4396,594813.0625,33.916,605187.8750,1999.9000,
	2026/04/30 11:44:01	,	884042	,	1603	,10.513804,1999.9000,-2.34169674,-591.5273,594813.0625,33.914,605187.8750,1999.9000,
	2026/04/30 11:44:01	,	885042	,	1604	,10.513290,1999.9000,-2.31189275,-591.6003,594813.0625,33.902,605183.0625,1999.9000,
	2026/04/30 11:44:01	,	886042	,	1605	,10.512763,1999.9000,-2.27339792,-591.9595,594920.3750,33.891,605091.8125,1999.9000,
	2026/04/30 11:44:01	,	887042	,	1606	,10.512145,1999.9000,-2.22895980,-592.2589,594944.5000,33.881,605071.2500,1999.9000,
	2026/04/30 11:44:01	,	888042	,	1607	,10.507597,1999.9000,-2.17948604,-592.5084,594954.9375,33.873,605047.0625,1999.9000,
	2026/04/30 11:44:01	,	889042	,	1608	,10.507047,1999.9000,-2.12628770,-592.4179,594970.1250,33.866,604945.0625,1999.9000,
	2026/04/30 11:44:01	,	890042	,	1609	,10.506406,1999.9000,-2.06860828,-592.3424,595220.0625,33.862,604931.1250,1999.9000,
	2026/04/30 11:44:01	,	891042	,	1610	,10.505669,1999.9000,-2.00342274,-592.2796,595509.5625,33.859,604911.8125,1999.9000,
	2026/04/30 11:44:01	,	892042	,	1611	,10.501520,1999.9000,-1.93468273,-592.5256,595509.5625,33.857,604902.1875,1999.9000,
	2026/04/30 11:44:01	,	893042	,	1612	,10.500820,1999.9000,-1.86311305,-592.7307,595509.5625,33.861,604896.3750,1999.9000,
	2026/04/30 11:44:01	,	894042	,	1613	,10.499981,1999.9000,-1.78793180,-592.9015,595509.5625,33.868,604892.4375,1999.9000,
	2026/04/30 11:44:01	,	895042	,	1614	,10.499093,1999.9000,-1.71089160,-592.7455,595509.5625,33.875,604889.2500,1999.9000,
	2026/04/30 11:44:01	,	896042	,	1615	,10.494371,1999.9000,-1.63228202,-592.6154,595496.5625,33.880,604887.1250,1999.9000,
	2026/04/30 11:44:01	,	897042	,	1616	,10.493463,1999.9000,-1.55072296,-592.5070,595364.8125,33.884,604892.8125,1999.9000,
	2026/04/30 11:44:01	,	898042	,	1617	,10.492584,1999.9000,-1.46647263,-592.1183,595353.7500,33.888,604906.2500,1999.9000,
	2026/04/30 11:44:01	,	899042	,	1618	,10.491638,1999.9000,-1.38015521,-591.7944,595341.5625,33.885,605033.2500,1999.9000,
	2026/04/30 11:44:01	,	900042	,	1619	,10.486627,1999.9000,-1.29307532,-591.5245,595174.1250,33.882,605067.3125,1999.9000,
	2026/04/30 11:44:01	,	901042	,	1620	,10.485867,1999.9000,-1.20898890,-591.2995,594902.5000,33.880,605078.6875,1999.9000,
	2026/04/30 11:44:01	,	902042	,	1621	,10.485027,1999.9000,-1.12569034,-591.4105,594884.6250,33.878,605084.3750,1999.9000,
	2026/04/30 11:44:01	,	903042	,	1622	,10.484117,1999.9000,-1.04130161,-591.5029,594878.6250,33.877,605087.8750,1999.9000,
	2026/04/30 11:44:01	,	904042	,	1623	,10.479090,1999.9000,-0.95703238,-591.7789,594875.6250,33.879,605090.1250,1999.9000,
	2026/04/30 11:44:01	,	905042	,	1624	,10.478018,1999.9000,-0.87218344,-592.1083,594873.8750,33.883,605087.8125,1999.9000,
	2026/04/30 11:44:01	,	906042	,	1625	,10.476974,1999.9000,-0.78823572,-592.3829,594872.6875,33.887,604995.7500,1999.9000,
	2026/04/30 11:44:01	,	907042	,	1626	,10.476974,1999.9000,-0.70904642,-592.6118,594883.4375,33.890,604962.8750,1999.9000,
	2026/04/30 11:44:01	,	908042	,	1627	,10.472686,1999.9000,-0.63557327,-592.8024,594966.2500,33.894,604867.1250,1999.9000,
	2026/04/30 11:44:01	,	909042	,	1628	,10.471613,1999.9000,-0.56740040,-592.9613,594977.8125,33.898,604832.0625,1999.9000,
	2026/04/30 11:44:01	,	910042	,	1629	,10.470580,1999.9000,-0.50437027,-593.0938,595122.8750,33.899,604736.0625,1999.9000,
	2026/04/30 11:44:01	,	911042	,	1630	,10.466191,1999.9000,-0.44410694,-593.2041,595416.0625,33.897,604716.7500,1999.9000,
	2026/04/30 11:44:01	,	912042	,	1631	,10.464971,1999.9000,-0.39013970,-593.2961,595503.0000,33.896,604710.2500,1999.9000,
	2026/04/30 11:44:01	,	913042	,	1632	,10.463888,1999.9000,-0.34572053,-593.2961,595503.0000,33.893,604707.0625,1999.9000,
	2026/04/30 11:44:01	,	914042	,	1633	,10.459876,1999.9000,-0.30766043,-593.2732,595503.0000,33.890,604705.1250,1999.9000,
	2026/04/30 11:44:01	,	915042	,	1634	,10.458967,1999.9000,-0.27443430,-593.2542,595503.0000,33.888,604703.8125,1999.9000,
	2026/04/30 11:44:01	,	916042	,	1635	,10.457950,1999.9000,-0.24485090,-593.2383,595503.0000,33.888,604714.1875,1999.9000,
	2026/04/30 11:44:01	,	917042	,	1636	,10.453740,1999.9000,-0.21684943,-593.2250,595404.1250,33.887,604824.2500,1999.9000,
	2026/04/30 11:44:01	,	918042	,	1637	,10.452772,1999.9000,-0.18957274,-593.2141,595378.5000,33.885,604855.0625,1999.9000,
	2026/04/30 11:44:01	,	919042	,	1638	,10.451834,1999.9000,-0.16165319,-593.0059,595363.3750,33.884,604954.0625,1999.9000,
	2026/04/30 11:44:01	,	920042	,	1639	,10.450836,1999.9000,-0.13160345,-592.6336,595252.1875,33.894,604988.8125,1999.9000,
	2026/04/30 11:44:01	,	921042	,	1640	,10.446084,1999.9000,-0.10189403,-592.3232,595013.2500,33.902,605015.5000,1999.9000,
	2026/04/30 11:44:01	,	922042	,	1641	,10.445086,1999.9000,-0.07158590,-591.8491,594832.1250,33.909,605028.8125,1999.9000,
	2026/04/30 11:44:01	,	923042	,	1642	,10.444089,1999.9000,-0.03615390,-591.8491,594832.1250,33.914,605036.8750,1999.9000,
	2026/04/30 11:44:01	,	924042	,	1643	,10.443180,1999.9000,0.00487457,-591.5700,594832.1250,33.919,605042.1875,1999.9000,
	2026/04/30 11:44:01	,	925042	,	1644	,10.438846,1999.9000,0.05342811,-591.3375,594832.1250,33.920,605046.6250,1999.9000,
	2026/04/30 11:44:01	,	926042	,	1645	,10.437937,1999.9000,0.10825881,-590.2484,594832.1250,33.924,605038.5625,1999.9000,
	2026/04/30 11:44:01	,	927042	,	1646	,10.436930,1999.9000,0.15826191,-589.3408,594832.1250,33.928,604931.1250,1999.9000,
	2026/04/30 11:44:01	,	928042	,	1647	,10.436098,1999.9000,0.19415393,-588.5846,594919.1250,33.928,604899.4375,1999.9000,
	2026/04/30 11:44:01	,	929042	,	1648	,10.435325,1999.9000,0.21730261,-587.9543,594934.3125,33.927,604800.6875,1999.9000,
	2026/04/30 11:44:01	,	930042	,	1649	,10.430773,1999.9000,0.23274341,-587.4291,594946.1250,33.921,604768.0625,1999.9000,
	2026/04/30 11:44:01	,	931042	,	1650	,10.430297,1999.9000,0.24572003,-587.8867,595307.0000,33.915,604683.5000,1999.9000,
	2026/04/30 11:44:01	,	932042	,	1651	,10.429779,1999.9000,0.25758108,-588.5665,595552.5000,33.912,604683.5000,1999.9000,
	2026/04/30 11:44:01	,	933042	,	1652	,10.429127,1999.9000,0.26554731,-589.3318,595552.5000,33.914,604683.5000,1999.9000,
	2026/04/30 11:44:01	,	934042	,	1653	,10.428557,1999.9000,0.27287069,-590.3676,595552.5000,33.919,604683.5000,1999.9000,
	2026/04/30 11:44:01	,	935042	,	1654	,10.427982,1999.9000,0.28026336,-591.4297,595552.5000,33.923,604683.5000,1999.9000,
	2026/04/30 11:44:01	,	936042	,	1655	,10.427326,1999.9000,0.28580317,-592.4142,595552.5000,33.923,604692.4375,1999.9000,
	2026/04/30 11:44:01	,	937042	,	1656	,10.426689,1999.9000,0.28580317,-593.4336,595446.4375,33.923,604798.8750,1999.9000,
	2026/04/30 11:44:01	,	938042	,	1657	,10.426030,1999.9000,0.28580317,-594.3826,595446.4375,33.919,604829.6875,1999.9000,
	2026/04/30 11:44:01	,	939042	,	1658	,10.421598,1999.9000,0.28580317,-595.0739,595416.0625,33.915,604919.0625,1999.9000,
	2026/04/30 11:44:01	,	940042	,	1659	,10.421137,1999.9000,0.28580317,-595.4510,595396.8125,33.917,604947.7500,1999.9000,
	2026/04/30 11:44:01	,	941042	,	1660	,10.420734,1999.9000,0.28366664,-595.9643,595316.5625,33.916,604974.6875,1999.9000,
	2026/04/30 11:44:01	,	942042	,	1661	,10.420406,1999.9000,0.27544203,-596.3920,595139.0000,33.913,604988.0625,1999.9000,
	2026/04/30 11:44:01	,	943042	,	1662	,10.420037,1999.9000,0.26846531,-596.8479,594864.8750,33.906,604996.1250,1999.9000,
	2026/04/30 11:44:01	,	944042	,	1663	,10.419658,1999.9000,0.26569226,-597.2278,594864.8750,33.898,605001.5000,1999.9000,
	2026/04/30 11:44:01	,	945042	,	1664	,10.419280,1999.9000,0.26569226,-597.5444,594864.8750,33.893,605006.0000,1999.9000,
	2026/04/30 11:44:01	,	946042	,	1665	,10.418917,1999.9000,0.26569220,-597.8082,594864.8750,33.894,604996.5625,1999.9000,
	2026/04/30 11:44:01	,	947042	,	1666	,10.418609,1999.9000,0.26569226,-597.9286,594864.8750,33.898,604996.5625,1999.9000,
	2026/04/30 11:44:01	,	948042	,	1667	,10.418351,1999.9000,0.26569226,-598.0289,594876.0000,33.900,604863.5000,1999.9000,
	2026/04/30 11:44:01	,	949042	,	1668	,10.418133,1999.9000,0.26787290,-598.1125,594986.5000,33.903,604830.3125,1999.9000,
	2026/04/30 11:44:01	,	950042	,	1669	,10.417912,1999.9000,0.27000943,-598.1822,594993.6250,33.905,604732.3750,1999.9000,
	2026/04/30 11:44:01	,	951042	,	1670	,10.417727,1999.9000,0.27378452,-597.8423,595006.1250,33.907,604692.8750,1999.9000,
	2026/04/30 11:44:01	,	952042	,	1671	,10.417568,1999.9000,0.28075495,-597.3602,595224.8125,33.908,604588.1250,1999.9000,
	2026/04/30 11:44:01	,	953042	,	1672	,10.417437,1999.9000,0.28172550,-596.6600,595526.8750,33.912,604588.1250,1999.9000,
	2026/04/30 11:44:01	,	954042	,	1673	,10.417326,1999.9000,0.28204903,-596.0765,595526.8750,33.913,604588.1250,1999.9000,
	2026/04/30 11:44:01	,	955042	,	1674	,10.417234,1999.9000,0.28221080,-595.5903,595526.8750,33.910,604588.1250,1999.9000,
	2026/04/30 11:44:01	,	956042	,	1675	,10.417157,1999.9000,0.28230786,-595.0856,595526.8750,33.908,604588.1250,1999.9000,
	2026/04/30 11:44:01	,	957042	,	1676	,10.417117,1999.9000,0.28237256,-594.6650,595526.8750,33.906,604597.1250,1999.9000,
	2026/04/30 11:44:01	,	958042	,	1677	,10.417135,1999.9000,0.27870038,-594.7124,595522.3125,33.903,604716.1250,1999.9000,
	2026/04/30 11:44:01	,	959042	,	1678	,10.417253,1999.9000,0.27450299,-594.9509,595427.9375,33.900,604748.7500,1999.9000,
	2026/04/30 11:44:01	,	960042	,	1679	,10.417452,1999.9000,0.26913968,-595.1497,595411.2500,33.903,604847.1875,1999.9000,
	2026/04/30 11:44:01	,	961042	,	1680	,10.417745,1999.9000,0.26144448,-595.3152,595400.3125,33.910,604877.4375,1999.9000,
	2026/04/30 11:44:01	,	962042	,	1681	,10.418169,1999.9000,0.24889013,-595.5527,595259.3125,33.915,604984.9375,1999.9000,
	2026/04/30 11:44:01	,	963042	,	1682	,10.418685,1999.9000,0.23591982,-595.7505,594982.2500,33.920,604984.9375,1999.9000,
	2026/04/30 11:44:01	,	964042	,	1683	,10.419305,1999.9000,0.22547679,-595.9155,594891.1250,33.924,604984.9375,1999.9000,
	2026/04/30 11:44:01	,	965042	,	1684	,10.423683,1999.9000,0.21726477,-596.1523,594891.1250,33.924,604984.9375,1999.9000,
	2026/04/30 11:44:01	,	966042	,	1685	,10.424219,1999.9000,0.21294765,-596.4492,594891.1250,33.922,604984.9375,1999.9000,
	2026/04/30 11:44:01	,	967042	,	1686	,10.424865,1999.9000,0.21229221,-596.6967,594891.1250,33.923,604984.1250,1999.9000,
	2026/04/30 11:44:01	,	968042	,	1687	,10.425679,1999.9000,0.21164308,-597.2012,594891.1250,33.931,604971.9375,1999.9000,
	2026/04/30 11:44:01	,	969042	,	1688	,10.426477,1999.9000,0.20786791,-597.6218,594903.9375,33.934,604850.8125,1999.9000,
	2026/04/30 11:44:01	,	970042	,	1689	,10.430982,1999.9000,0.20428815,-597.9722,594997.1875,33.936,604821.2500,1999.9000,
	2026/04/30 11:44:01	,	971042	,	1690	,10.431742,1999.9000,0.20103617,-598.1647,595008.1875,33.937,604727.0000,1999.9000,
	2026/04/30 11:44:01	,	972042	,	1691	,10.432600,1999.9000,0.20081557,-598.4246,595139.0000,33.939,604697.6875,1999.9000,
	2026/04/30 11:44:01	,	973042	,	1692	,10.433574,1999.9000,0.20067272,-598.7407,595421.3750,33.941,604687.9375,1999.9000,
	2026/04/30 11:44:01	,	974042	,	1693	,10.438578,1999.9000,0.20046894,-598.9046,595540.0000,33.941,604683.0625,1999.9000,
	2026/04/30 11:44:01	,	975042	,	1694	,10.439322,1999.9000,0.19727992,-598.9417,595540.0000,33.943,604680.1250,1999.9000,
	2026/04/30 11:44:01	,	976042	,	1695	,10.440156,1999.9000,0.19171494,-598.9727,595540.0000,33.945,604678.1875,1999.9000,
	2026/04/30 11:44:01	,	977042	,	1696	,10.444178,1999.9000,0.18282856,-598.9984,595540.0000,33.946,604682.0625,1999.9000,
	2026/04/30 11:44:01	,	978042	,	1697	,10.445086,1999.9000,0.17249267,-599.0199,595540.0000,33.945,604783.8125,1999.9000,
	2026/04/30 11:44:01	,	979042	,	1698	,10.446054,1999.9000,0.16145089,-599.0378,595428.5625,33.942,604820.0625,1999.9000,
	2026/04/30 11:44:01	,	980042	,	1699	,10.446985,1999.9000,0.14991127,-599.0527,595400.5625,33.939,604925.6875,1999.9000,
	2026/04/30 11:44:01	,	981042	,	1700	,10.451803,1999.9000,0.13738209,-598.6673,595384.4375,33.933,604962.8750,1999.9000,
	2026/04/30 11:44:01	,	982042	,	1701	,10.452831,1999.9000,0.12042242,-598.0477,595279.5625,33.929,605074.3125,1999.9000,
	2026/04/30 11:44:01	,	983042	,	1702	,10.453800,1999.9000,0.09930314,-597.3323,595052.6250,33.925,605077.3125,1999.9000,
	2026/04/30 11:44:01	,	984042	,	1703	,10.457970,1999.9000,0.07637506,-596.7363,594842.8750,33.920,605078.3125,1999.9000,
	2026/04/30 11:44:01	,	985042	,	1704	,10.459057,1999.9000,0.04972231,-596.1400,594842.8750,33.916,605078.8125,1999.9000,
	2026/04/30 11:44:01	,	986042	,	1705	,10.460095,1999.9000,0.02071244,-595.1458,594842.8750,33.915,605079.1250,1999.9000,
	2026/04/30 11:44:01	,	987042	,	1706	,10.464255,1999.9000,-0.00856210,-593.9194,594842.8750,33.912,605079.3125,1999.9000,
	2026/04/30 11:44:01	,	988042	,	1707	,10.465313,1999.9000,-0.03879461,-592.8974,594842.8750,33.908,605066.0000,1999.9000,
	2026/04/30 11:44:01	,	989042	,	1708	,10.466380,1999.9000,-0.06922879,-592.0457,594941.7500,33.903,604922.6875,1999.9000,
	2026/04/30 11:44:01	,	990042	,	1709	,10.470779,1999.9000,-0.09832688,-591.0375,594962.3125,33.899,604890.0625,1999.9000,
	2026/04/30 11:44:01	,	991042	,	1710	,10.471791,1999.9000,-0.12514350,-590.1974,594972.3125,33.882,604785.5625,1999.9000,
	2026/04/30 11:44:01	,	992042	,	1711	,10.472725,1999.9000,-0.14821652,-589.7958,594990.6250,33.867,604764.1250,1999.9000,
	2026/04/30 11:44:01	,	993042	,	1712	,10.473660,1999.9000,-0.16958790,-589.4610,595277.1875,33.855,604744.5000,1999.9000,
	2026/04/30 11:44:01	,	994042	,	1713	,10.478494,1999.9000,-0.19510622,-589.2815,595561.3750,33.845,604734.6875,1999.9000,
	2026/04/30 11:44:01	,	995042	,	1714	,10.479641,1999.9000,-0.22376946,-589.2314,595561.3750,33.837,604728.8125,1999.9000,
	2026/04/30 11:44:01	,	996042	,	1715	,10.480639,1999.9000,-0.25613219,-589.2892,595561.3750,33.830,604724.8750,1999.9000,
	2026/04/30 11:44:01	,	997042	,	1716	,10.481622,1999.9000,-0.29479095,-589.3373,595561.3750,33.831,604721.5625,1999.9000,
	2026/04/30 11:44:01	,	998042	,	1717	,10.486328,1999.9000,-0.33966389,-589.5764,595561.3750,33.834,604729.0000,1999.9000,
	2026/04/30 11:44:01	,	999042	,	1718	,10.487163,1999.9000,-0.38957247,-590.4719,595442.8750,33.838,604826.0625,1999.9000,
	2026/04/30 11:44:02	,	000042	,	1719	,10.488056,1999.9000,-0.44428974,-591.2182,595412.7500,33.851,604852.0000,1999.9000,
	2026/04/30 11:44:02	,	001042	,	1720	,10.492227,1999.9000,-0.50394803,-591.8401,595396.5625,33.862,604940.8125,1999.9000,
	2026/04/30 11:44:02	,	002042	,	1721	,10.493196,1999.9000,-0.57074696,-592.3584,595381.7500,33.871,604973.7500,1999.9000,
	2026/04/30 11:44:02	,	003042	,	1722	,10.494083,1999.9000,-0.64620537,-592.7902,595169.3750,33.878,605085.1875,1999.9000,
	2026/04/30 11:44:02	,	004042	,	1723	,10.494916,1999.9000,-0.72524351,-593.1501,594892.3125,33.884,605085.1875,1999.9000,
	2026/04/30 11:44:02	,	005042	,	1724	,10.495708,1999.9000,-0.80726898,-593.3505,594892.3125,33.889,605085.1875,1999.9000,
	2026/04/30 11:44:02	,	006042	,	1725	,10.500031,1999.9000,-0.89105284,-593.5175,594892.3125,33.894,605085.1875,1999.9000,
	2026/04/30 11:44:02	,	007042	,	1726	,10.500775,1999.9000,-0.97422528,-593.6567,594892.3125,33.897,605074.9375,1999.9000,
	2026/04/30 11:44:02	,	008042	,	1727	,10.501639,1999.9000,-1.05771291,-593.6732,594892.3125,33.900,605074.9375,1999.9000,
	2026/04/30 11:44:02	,	009042	,	1728	,10.502429,1999.9000,-1.14213324,-593.6870,594895.8750,33.903,604954.0625,1999.9000,
	2026/04/30 11:44:02	,	010042	,	1729	,10.503135,1999.9000,-1.22717762,-593.6985,594983.5000,33.908,604925.0625,1999.9000,
	2026/04/30 11:44:02	,	011042	,	1730	,10.503779,1999.9000,-1.31267571,-593.8075,594990.6250,33.912,604831.5000,1999.9000,
	2026/04/30 11:44:02	,	012042	,	1731	,10.508163,1999.9000,-1.39630842,-594.0973,595001.5625,33.916,604800.0625,1999.9000,
	2026/04/30 11:44:02	,	013042	,	1732	,10.508848,1999.9000,-1.47494936,-594.1398,595194.4375,33.920,604706.5000,1999.9000,
	2026/04/30 11:44:02	,	014042	,	1733	,10.509365,1999.9000,-1.55236781,-594.1753,595485.1250,33.925,604706.5000,1999.9000,
	2026/04/30 11:44:02	,	015042	,	1734	,10.509884,1999.9000,-1.62831771,-594.1054,595485.1250,33.928,604706.5000,1999.9000,
	2026/04/30 11:44:02	,	016042	,	1735	,10.510325,1999.9000,-1.70213747,-594.0471,595485.1250,33.931,604706.5000,1999.9000,
	2026/04/30 11:44:02	,	017042	,	1736	,10.510655,1999.9000,-1.77518845,-593.9985,595485.1250,33.933,604706.5000,1999.9000,
	2026/04/30 11:44:02	,	018042	,	1737	,10.511073,1999.9000,-1.84592009,-593.7592,595485.1250,33.934,604714.4375,1999.9000,
	2026/04/30 11:44:02	,	019042	,	1738	,10.511517,1999.9000,-1.91210759,-593.5596,595482.8125,33.934,604832.1250,1999.9000,
	2026/04/30 11:44:02	,	020042	,	1739	,10.511970,1999.9000,-1.97357476,-593.2939,595388.6250,33.934,604857.7500,1999.9000,
	2026/04/30 11:44:02	,	021042	,	1740	,10.512427,1999.9000,-2.03065538,-593.0725,595378.1875,33.934,604939.6250,1999.9000,
	2026/04/30 11:44:02	,	022042	,	1741	,10.512864,1999.9000,-2.08492517,-592.8879,595364.3750,33.928,604973.1250,1999.9000,
	2026/04/30 11:44:02	,	023042	,	1742	,10.513286,1999.9000,-2.13940930,-592.7342,595208.6875,33.923,605102.6875,1999.9000,
	2026/04/30 11:44:02	,	024042	,	1743	,10.513638,1999.9000,-2.18974638,-592.6061,594957.8750,33.923,605102.6875,1999.9000,
	2026/04/30 11:44:02	,	025042	,	1744	,10.513941,1999.9000,-2.23388839,-592.5987,594868.5000,33.919,605102.6875,1999.9000,
	2026/04/30 11:44:02	,	026042	,	1745	,10.514205,1999.9000,-2.27194214,-592.4932,594868.5000,33.912,605102.6875,1999.9000,
	2026/04/30 11:44:02	,	027042	,	1746	,10.514424,1999.9000,-2.30284262,-592.5046,594868.5000,33.906,605102.6875,1999.9000,
	2026/04/30 11:44:02	,	028042	,	1747	,10.514607,1999.9000,-2.32740927,-592.6137,594868.5000,33.900,605099.3125,1999.9000,
	2026/04/30 11:44:02	,	029042	,	1748	,10.514760,1999.9000,-2.34783530,-593.0031,594868.5000,33.895,605003.6250,1999.9000,
	2026/04/30 11:44:02	,	030042	,	1749	,10.514877,1999.9000,-2.36396933,-593.4269,594950.1250,33.891,604968.0000,1999.9000,
	2026/04/30 11:44:02	,	031042	,	1750	,10.514963,1999.9000,-2.36396933,-593.8796,594964.1250,33.889,604856.2500,1999.9000,
	2026/04/30 11:44:02	,	032042	,	1751	,10.515037,1999.9000,-2.36396933,-594.3563,594972.3750,33.887,604823.6250,1999.9000,
	2026/04/30 11:44:02	,	033042	,	1752	,10.515027,1999.9000,-2.36396933,-594.7535,595094.8750,33.886,604734.8750,1999.9000,
	2026/04/30 11:44:02	,	034042	,	1753	,10.514941,1999.9000,-2.36396933,-595.0847,595373.1250,33.884,604734.8750,1999.9000,
	2026/04/30 11:44:02	,	035042	,	1754	,10.514824,1999.9000,-2.36004305,-595.4600,595520.3125,33.885,604734.8750,1999.9000,
	2026/04/30 11:44:02	,	036042	,	1755	,10.514597,1999.9000,-2.34521365,-595.8723,595520.3125,33.890,604734.8750,1999.9000,
	2026/04/30 11:44:02	,	037042	,	1756	,10.514279,1999.9000,-2.32718873,-596.2158,595520.3125,33.894,604734.8750,1999.9000,
	2026/04/30 11:44:02	,	038042	,	1757	,10.513880,1999.9000,-2.30525017,-596.5021,595520.3125,33.898,604740.0000,1999.9000,
	2026/04/30 11:44:02	,	039042	,	1758	,10.513423,1999.9000,-2.27688932,-596.6412,595520.3125,33.901,604833.2500,1999.9000,
	2026/04/30 11:44:02	,	040042	,	1759	,10.512914,1999.9000,-2.24122405,-596.7571,595425.0000,33.903,604860.1250,1999.9000,
	2026/04/30 11:44:02	,	041042	,	1760	,10.512375,1999.9000,-2.19833016,-596.7543,595402.3125,33.905,604945.6250,1999.9000,
	2026/04/30 11:44:02	,	042042	,	1761	,10.511742,1999.9000,-2.19833016,-596.6525,595386.0625,33.907,604975.3125,1999.9000,
	2026/04/30 11:44:02	,	043042	,	1762	,10.507239,1999.9000,-2.14918423,-596.5676,595292.0625,33.908,605077.3125,1999.9000,
	2026/04/30 11:44:02	,	044042	,	1763	,10.506480,1999.9000,-2.09708881,-596.3974,595088.3125,33.909,605080.9375,1999.9000,
	2026/04/30 11:44:02	,	045042	,	1764	,10.505691,1999.9000,-2.04120564,-595.8577,594827.3750,33.907,605082.1250,1999.9000,
	2026/04/30 11:44:02	,	046042	,	1765	,10.504834,1999.9000,-1.97813129,-595.3084,594827.3750,33.905,605082.6875,1999.9000,
	2026/04/30 11:44:02	,	047042	,	1766	,10.500776,1999.9000,-1.90944171,-594.8506,594827.3750,33.907,605083.0625,1999.9000,
	2026/04/30 11:44:02	,	048042	,	1767	,10.499793,1999.9000,-1.83444965,-594.3698,594827.3750,33.908,605083.3125,1999.9000,
	2026/04/30 11:44:02	,	049042	,	1768	,10.498790,1999.9000,-1.75314271,-593.6707,594827.3750,33.910,605071.1875,1999.9000,
	2026/04/30 11:44:02	,	050042	,	1769	,10.497872,1999.9000,-1.58342588,-593.1874,594920.3750,33.912,604955.3125,1999.9000,
	2026/04/30 11:44:02	,	051042	,	1770	,10.493447,1999.9000,-1.58342588,-592.9838,594945.6875,33.914,604923.3125,1999.9000,
	2026/04/30 11:44:02	,	052042	,	1771	,10.492331,1999.9000,-1.49643409,-592.8140,594961.3125,33.913,604813.3750,1999.9000,
	2026/04/30 11:44:02	,	053042	,	1772	,10.491362,1999.9000,-1.40837729,-592.6725,595049.6250,33.909,604780.4375,1999.9000,
	2026/04/30 11:44:02	,	054042	,	1773	,10.487311,1999.9000,-1.22219872,-592.5547,595273.0625,33.908,604698.6250,1999.9000,
	2026/04/30 11:44:02	,	055042	,	1774	,10.486314,1999.9000,-1.22219872,-592.6554,595562.6250,33.911,604698.6250,1999.9000,
	2026/04/30 11:44:02	,	056042	,	1775	,10.485485,1999.9000,-1.13083935,-592.7393,595562.6250,33.910,604698.6250,1999.9000,
	2026/04/30 11:44:02	,	057042	,	1776	,10.484587,1999.9000,-1.04173636,-593.3066,595562.6250,33.903,604698.6250,1999.9000,
	2026/04/30 11:44:02	,	058042	,	1777	,10.480103,1999.9000,-0.95500934,-593.8788,595562.6250,33.893,604698.6250,1999.9000,
	2026/04/30 11:44:02	,	059042	,	1778	,10.479031,1999.9000,-0.87205112,-594.4551,595562.6250,33.884,604708.9375,1999.9000,
	2026/04/30 11:44:02	,	060042	,	1779	,10.477947,1999.9000,-0.79276085,-594.8359,595451.1875,33.877,604821.1875,1999.9000,
	2026/04/30 11:44:02	,	061042	,	1780	,10.473728,1999.9000,-0.71727097,-595.0538,595417.0000,33.876,604850.8125,1999.9000,
	2026/04/30 11:44:02	,	062042	,	1781	,10.472731,1999.9000,-0.64685446,-595.2354,595397.7500,33.884,604939.0000,1999.9000,
	2026/04/30 11:44:02	,	063042	,	1782	,10.471732,1999.9000,-0.58151138,-595.3867,595379.5000,33.894,604972.8125,1999.9000,
	2026/04/30 11:44:02	,	064042	,	1783	,10.467503,1999.9000,-0.52315772,-595.2144,595169.9375,33.902,605065.8125,1999.9000,
	2026/04/30 11:44:02	,	065042	,	1784	,10.466399,1999.9000,-0.47334370,-594.8718,594899.5000,33.910,605065.8125,1999.9000,
	2026/04/30 11:44:02	,	066042	,	1785	,10.465298,1999.9000,-0.42799178,-593.8900,594899.5000,33.917,605065.8125,1999.9000,
	2026/04/30 11:44:02	,	067042	,	1786	,10.460889,1999.9000,-0.38801575,-593.0718,594899.5000,33.923,605065.8125,1999.9000,
	2026/04/30 11:44:02	,	068042	,	1787	,10.459832,1999.9000,-0.35219303,-592.3900,594899.5000,33.929,605065.8125,1999.9000,
	2026/04/30 11:44:02	,	069042	,	1788	,10.458784,1999.9000,-0.31645223,-591.8219,594899.5000,33.939,605054.5000,1999.9000,
	2026/04/30 11:44:02	,	070042	,	1789	,10.454663,1999.9000,-0.28107697,-592.0447,594900.8125,33.943,604920.3125,1999.9000,
	2026/04/30 11:44:02	,	071042	,	1790	,10.453607,1999.9000,-0.24751681,-592.2305,594912.2500,33.944,604883.7500,1999.9000,
	2026/04/30 11:44:02	,	072042	,	1791	,10.452498,1999.9000,-0.21544401,-592.3853,594925.0625,33.936,604760.8125,1999.9000,
	2026/04/30 11:44:02	,	073042	,	1792	,10.448318,1999.9000,-0.18377455,-592.5142,594937.8750,33.930,604733.9375,1999.9000,
	2026/04/30 11:44:02	,	074042	,	1793	,10.447529,1999.9000,-0.14911146,-592.6216,595147.9375,33.920,604714.3125,1999.9000,
	2026/04/30 11:44:02	,	075042	,	1794	,10.446690,1999.9000,-0.10848001,-592.7112,595444.0625,33.911,604704.5000,1999.9000,
	2026/04/30 11:44:02	,	076042	,	1795	,10.445779,1999.9000,-0.06678347,-592.6863,595464.3125,33.904,604698.6250,1999.9000,
	2026/04/30 11:44:02	,	077042	,	1796	,10.441080,1999.9000,-0.02456383,-592.2677,595471.0625,33.898,604694.6875,1999.9000,
	2026/04/30 11:44:02	,	078042	,	1797	,10.440187,1999.9000,0.01959693,-591.5210,595474.4375,33.894,604691.3750,1999.9000,
	2026/04/30 11:44:02	,	079042	,	1798	,10.439411,1999.9000,0.06614000,-590.7993,595476.4375,33.891,604700.6250,1999.9000,
	2026/04/30 11:44:02	,	080042	,	1799	,10.438622,1999.9000,0.11541831,-589.6010,595477.8125,33.892,604819.4375,1999.9000,
	2026/04/30 11:44:02	,	081042	,	1800	,10.437840,1999.9000,0.16318406,-588.6024,595386.8125,33.896,604847.1875,1999.9000,
	2026/04/30 11:44:02	,	082042	,	1801	,10.432888,1999.9000,0.19982612,-587.7703,595368.6250,33.896,604936.5625,1999.9000,
	2026/04/30 11:44:02	,	083042	,	1802	,10.432292,1999.9000,0.22268482,-587.0768,595357.6250,33.896,604961.9375,1999.9000,
	2026/04/30 11:44:02	,	084042	,	1803	,10.431578,1999.9000,0.23573077,-586.4989,595234.9375,33.898,605050.1250,1999.9000,
	2026/04/30 11:44:02	,	085042	,	1804	,10.430856,1999.9000,0.24007939,-586.6142,594986.5000,33.901,605050.1250,1999.9000,
	2026/04/30 11:44:02	,	086042	,	1805	,10.430177,1999.9000,0.24048273,-587.1081,594867.2500,33.903,605050.1250,1999.9000,
	2026/04/30 11:44:02	,	087042	,	1806	,10.429565,1999.9000,0.24064662,-587.8182,594867.2500,33.904,605050.1250,1999.9000,
	2026/04/30 11:44:02	,	088042	,	1807	,10.428923,1999.9000,0.24084829,-588.8078,594867.2500,33.904,605050.1250,1999.9000,
	2026/04/30 11:44:02	,	089042	,	1808	,10.424368,1999.9000,0.24585237,-589.7319,594867.2500,33.898,605040.0000,1999.9000,
	2026/04/30 11:44:02	,	090042	,	1809	,10.423847,1999.9000,0.25441730,-591.1984,594867.2500,33.889,604897.9375,1999.9000,
	2026/04/30 11:44:02	,	091042	,	1810	,10.423847,1999.9000,0.26291293,-592.5200,594961.4375,33.881,604865.5625,1999.9000,
	2026/04/30 11:44:02	,	092042	,	1811	,10.422925,1999.9000,0.26933506,-594.1185,594979.0625,33.876,604775.9375,1999.9000,
	2026/04/30 11:44:02	,	093042	,	1812	,10.422925,1999.9000,0.27348199,-595.5502,594986.0625,33.872,604741.8125,1999.9000,
	2026/04/30 11:44:02	,	094042	,	1813	,10.422505,1999.9000,0.27624875,-596.7432,595089.5000,33.868,604649.0625,1999.9000,
	2026/04/30 11:44:02	,	095042	,	1814	,10.422111,1999.9000,0.28210366,-597.7374,595366.0000,33.864,604639.1250,1999.9000,
	2026/04/30 11:44:02	,	096042	,	1815	,10.421696,1999.9000,0.28891021,-598.4665,595565.6250,33.862,604635.8125,1999.9000,
	2026/04/30 11:44:02	,	097042	,	1816	,10.421227,1999.9000,0.28891021,-598.5767,595565.6250,33.863,604634.1250,1999.9000,
	2026/04/30 11:44:02	,	098042	,	1817	,10.420763,1999.9000,0.28891021,-598.6685,595565.6250,33.864,604633.1250,1999.9000,
	2026/04/30 11:44:02	,	099042	,	1818	,10.420252,1999.9000,0.28891021,-598.6454,595565.6250,33.865,604632.4375,1999.9000,
	2026/04/30 11:44:02	,	100042	,	1819	,10.419736,1999.9000,0.28891018,-598.6263,595565.6250,33.867,604643.8125,1999.9000,
	2026/04/30 11:44:02	,	101042	,	1820	,10.419282,1999.9000,0.28663507,-598.6104,595455.3750,33.867,604758.3750,1999.9000,
	2026/04/30 11:44:02	,	102042	,	1821	,10.418874,1999.9000,0.28429687,-598.3981,595430.8750,33.869,604758.3750,1999.9000,
	2026/04/30 11:44:02	,	103042	,	1822	,10.418493,1999.9000,0.28371391,-598.1218,595417.7500,33.874,604786.1250,1999.9000,
	2026/04/30 11:44:02	,	104042	,	1823	,10.418171,1999.9000,0.28336626,-597.2947,595401.4375,33.878,604871.9375,1999.9000,
	2026/04/30 11:44:02	,	105042	,	1824	,10.417903,1999.9000,0.27913526,-596.3069,595148.5000,33.885,604926.9375,1999.9000,
	2026/04/30 11:44:02	,	106042	,	1825	,10.417674,1999.9000,0.27327403,-595.4839,594867.2500,33.885,604926.9375,1999.9000,
	2026/04/30 11:44:02	,	107042	,	1826	,10.417475,1999.9000,0.26819432,-594.7980,594867.2500,33.888,604938.1250,1999.9000,
	2026/04/30 11:44:02	,	108042	,	1827	,10.417308,1999.9000,0.26332885,-594.2264,594867.2500,33.893,604944.8750,1999.9000,
	2026/04/30 11:44:02	,	109042	,	1828	,10.417184,1999.9000,0.26003903,-593.7501,594867.2500,33.895,604949.3125,1999.9000,
	2026/04/30 11:44:02	,	110042	,	1829	,10.417086,1999.9000,0.25963882,-593.3531,594867.2500,33.892,604953.0000,1999.9000,
	2026/04/30 11:44:02	,	111042	,	1830	,10.417007,1999.9000,0.25949073,-593.3208,594950.7500,33.895,604942.4375,1999.9000,
	2026/04/30 11:44:02	,	112042	,	1831	,10.416968,1999.9000,0.25938672,-593.3933,594978.4375,33.895,604815.7500,1999.9000,
	2026/04/30 11:44:02	,	113042	,	1832	,10.417005,1999.9000,0.25919449,-593.4537,594991.6250,33.895,604782.8750,1999.9000,
	2026/04/30 11:44:02	,	114042	,	1833	,10.417165,1999.9000,0.25651598,-593.5042,595006.5625,33.896,604686.5000,1999.9000,
	2026/04/30 11:44:02	,	115042	,	1834	,10.417432,1999.9000,0.25644037,-594.0435,595259.3125,33.896,604659.3750,1999.9000,
	2026/04/30 11:44:02	,	116042	,	1835	,10.417863,1999.9000,0.25623658,-594.4929,595554.8750,33.896,604650.2500,1999.9000,
	2026/04/30 11:44:02	,	117042	,	1836	,10.418371,1999.9000,0.25609058,-594.8674,595554.8750,33.895,604645.7500,1999.9000,
	2026/04/30 11:44:02	,	118042	,	1837	,10.418953,1999.9000,0.25579497,-595.1795,595554.8750,33.893,604643.0000,1999.9000,
	2026/04/30 11:44:02	,	119042	,	1838	,10.423177,1999.9000,0.25227451,-595.4396,595554.8750,33.892,604641.1875,1999.9000,
	2026/04/30 11:44:02	,	120042	,	1839	,10.423743,1999.9000,0.24766745,-595.4573,595554.8750,33.892,604641.1250,1999.9000,
	2026/04/30 11:44:02	,	121042	,	1840	,10.424348,1999.9000,0.24203944,-595.4722,595545.8750,33.891,604654.1250,1999.9000,
	2026/04/30 11:44:02	,	122042	,	1841	,10.425060,1999.9000,0.23595765,-595.4845,595429.1250,33.890,604783.8125,1999.9000,
	2026/04/30 11:44:02	,	123042	,	1842	,10.425858,1999.9000,0.22961114,-595.4949,595418.4375,33.890,604809.7500,1999.9000,
	2026/04/30 11:44:02	,	124042	,	1843	,10.430802,1999.9000,0.22286762,-595.5034,595404.9375,33.890,604895.5000,1999.9000,
	2026/04/30 11:44:02	,	125042	,	1844	,10.431636,1999.9000,0.21322495,-595.5106,595230.1875,33.889,604927.5625,1999.9000,
	2026/04/30 11:44:02	,	126042	,	1845	,10.432401,1999.9000,0.20036180,-595.7155,594959.0000,33.889,604949.6875,1999.9000,
	2026/04/30 11:44:02	,	127042	,	1846	,10.433208,1999.9000,0.18914987,-595.8862,594936.3750,33.890,604960.7500,1999.9000,
	2026/04/30 11:44:02	,	128042	,	1847	,10.437565,1999.9000,0.17938749,-596.0286,594928.8125,33.891,604967.3750,1999.9000,
	2026/04/30 11:44:02	,	129042	,	1848	,10.438562,1999.9000,0.17128260,-596.1472,594925.0625,33.891,604971.8125,1999.9000,
	2026/04/30 11:44:02	,	130042	,	1849	,10.439521,1999.9000,0.16611466,-596.3454,594922.8125,33.890,604975.5000,1999.9000,
	2026/04/30 11:44:02	,	131042	,	1850	,10.440439,1999.9000,0.16203071,-596.9085,594921.2500,33.891,604966.6875,1999.9000,
	2026/04/30 11:44:02	,	132042	,	1851	,10.444953,1999.9000,0.15690689,-597.3778,594931.9375,33.892,604859.8750,1999.9000,
	2026/04/30 11:44:02	,	133042	,	1852	,10.445921,1999.9000,0.15086924,-597.7689,595018.0000,33.895,604834.1875,1999.9000,
	2026/04/30 11:44:02	,	134042	,	1853	,10.446939,1999.9000,0.14362776,-598.1943,595027.2500,33.895,604746.3125,1999.9000,
	2026/04/30 11:44:02	,	135042	,	1854	,10.447917,1999.9000,0.13695358,-598.5488,595167.5625,33.895,604716.3750,1999.9000,
	2026/04/30 11:44:02	,	136042	,	1855	,10.452935,1999.9000,0.13192426,-598.8442,595470.2500,33.895,604697.7500,1999.9000,
	2026/04/30 11:44:02	,	137042	,	1856	,10.454082,1999.9000,0.12294967,-599.0903,595505.6875,33.896,604688.4375,1999.9000,
	2026/04/30 11:44:02	,	138042	,	1857	,10.455091,1999.9000,0.10817689,-599.2955,595517.5000,33.896,604682.8750,1999.9000,
	2026/04/30 11:44:02	,	139042	,	1858	,10.459311,1999.9000,0.08700719,-598.2728,595523.4375,33.901,604679.1250,1999.9000,
	2026/04/30 11:44:02	,	140042	,	1859	,10.460339,1999.9000,0.05849522,-597.0225,595527.0000,33.900,604676.0000,1999.9000,
	2026/04/30 11:44:02	,	141042	,	1860	,10.461326,1999.9000,0.02505481,-595.4833,595529.3750,33.898,604684.7500,1999.9000,
	2026/04/30 11:44:02	,	142042	,	1861	,10.465417,1999.9000,-0.01006205,-594.1012,595436.8750,33.896,604806.7500,1999.9000,
	2026/04/30 11:44:02	,	143042	,	1862	,10.466578,1999.9000,-0.04533648,-594.1012,595412.6875,33.893,604833.0000,1999.9000,
	2026/04/30 11:44:02	,	144042	,	1863	,10.467591,1999.9000,-0.07928739,-592.9494,595400.5000,33.891,604859.8750,1999.9000,
	2026/04/30 11:44:02	,	145042	,	1864	,10.471613,1999.9000,-0.11175725,-591.5917,595294.4375,33.890,604978.8750,1999.9000,
	2026/04/30 11:44:02	,	146042	,	1865	,10.472626,1999.9000,-0.14561363,-590.8582,595045.4375,33.890,605074.9375,1999.9000,
	2026/04/30 11:44:02	,	147042	,	1866	,10.473688,1999.9000,-0.17853098,-590.2469,594856.5625,33.888,605074.9375,1999.9000,
	2026/04/30 11:44:02	,	148042	,	1867	,10.477958,1999.9000,-0.21083067,-589.7375,594856.5625,33.886,605074.9375,1999.9000,
	2026/04/30 11:44:02	,	149042	,	1868	,10.479015,1999.9000,-0.24363455,-589.3130,594856.5625,33.887,605074.9375,1999.9000,
	2026/04/30 11:44:02	,	150042	,	1869	,10.480054,1999.9000,-0.27516538,-589.5561,594856.5625,33.887,605074.9375,1999.9000,
	2026/04/30 11:44:02	,	151042	,	1870	,10.481019,1999.9000,-0.30778018,-590.2560,594856.5625,33.888,605068.8750,1999.9000,
	2026/04/30 11:44:02	,	152042	,	1871	,10.485614,1999.9000,-0.34587806,-590.8393,594959.6250,33.890,604964.3125,1999.9000,
	2026/04/30 11:44:02	,	153042	,	1872	,10.486701,1999.9000,-0.39013335,-591.3254,594983.1875,33.891,604929.3125,1999.9000,
	2026/04/30 11:44:02	,	154042	,	1873	,10.487669,1999.9000,-0.43996629,-592.2278,594995.1875,33.890,604834.5000,1999.9000,
	2026/04/30 11:44:02	,	155042	,	1874	,10.488570,1999.9000,-0.49406591,-593.2783,595084.1875,33.890,604805.5000,1999.9000,
	2026/04/30 11:44:02	,	156042	,	1875	,10.493061,1999.9000,-0.54938191,-594.0542,595338.5625,33.893,604779.9375,1999.9000,
	2026/04/30 11:44:02	,	157042	,	1876	,10.493955,1999.9000,-0.60989732,-594.7008,595569.7500,33.896,604767.1875,1999.9000,
	2026/04/30 11:44:02	,	158042	,	1877	,10.494858,1999.9000,-0.67807013,-595.2396,595569.7500,33.900,604759.5000,1999.9000,
	2026/04/30 11:44:02	,	159042	,	1878	,10.495704,1999.9000,-0.75239420,-595.6887,595569.7500,33.896,604754.3750,1999.9000,
	2026/04/30 11:44:02	,	160042	,	1879	,10.496491,1999.9000,-0.83330405,-596.0628,595569.7500,33.893,604750.0625,1999.9000,
	2026/04/30 11:44:02	,	161042	,	1880	,10.501312,1999.9000,-0.91917402,-596.3746,595569.7500,33.898,604748.0625,1999.9000,
	2026/04/30 11:44:02	,	162042	,	1881	,10.502147,1999.9000,-1.00675189,-596.6345,595453.5625,33.906,604757.9375,1999.9000,
	2026/04/30 11:44:02	,	163042	,	1882	,10.502752,1999.9000,-1.09433603,-596.8510,595428.8125,33.912,604865.3125,1999.9000,
	2026/04/30 11:44:02	,	164042	,	1883	,10.503353,1999.9000,-1.18157363,-596.7330,595415.0000,33.922,604901.8750,1999.9000,
	2026/04/30 11:44:02	,	165042	,	1884	,10.503976,1999.9000,-1.26879859,-596.3364,595399.3750,33.930,605004.8750,1999.9000,
	2026/04/30 11:44:02	,	166042	,	1885	,10.504615,1999.9000,-1.35873985,-595.7073,595169.9375,33.936,605089.3750,1999.9000,
	2026/04/30 11:44:02	,	167042	,	1886	,10.508819,1999.9000,-1.44859290,-595.1831,594888.1250,33.942,605109.9375,1999.9000,
	2026/04/30 11:44:02	,	168042	,	1887	,10.509444,1999.9000,-1.53443754,-594.5473,594888.1250,33.947,605116.7500,1999.9000,
	2026/04/30 11:44:02	,	169042	,	1888	,10.509861,1999.9000,-1.61672771,-594.0175,594888.1250,33.948,605120.1875,1999.9000,
	2026/04/30 11:44:02	,	170042	,	1889	,10.510242,1999.9000,-1.69412732,-593.5760,594888.1250,33.947,605122.2500,1999.9000,
	2026/04/30 11:44:02	,	171042	,	1890	,10.510678,1999.9000,-1.76604998,-593.2081,594888.1250,33.938,605123.6875,1999.9000,
	2026/04/30 11:44:02	,	172042	,	1891	,10.511058,1999.9000,-1.83447504,-592.7026,594892.8750,33.932,605115.8750,1999.9000,
	2026/04/30 11:44:02	,	173042	,	1892	,10.511469,1999.9000,-1.89969194,-592.4802,594904.5625,33.926,605102.3750,1999.9000,
	2026/04/30 11:44:02	,	174042	,	1893	,10.511886,1999.9000,-1.96143007,-592.2949,594916.0000,33.921,604999.3750,1999.9000,
	2026/04/30 11:44:02	,	175042	,	1894	,10.512323,1999.9000,-2.01908422,-592.3395,595001.3750,33.914,604980.6875,1999.9000,
	2026/04/30 11:44:02	,	176042	,	1895	,10.512721,1999.9000,-2.06932688,-592.3766,595192.5625,33.908,604897.3750,1999.9000,
	2026/04/30 11:44:02	,	177042	,	1896	,10.513099,1999.9000,-2.11333632,-592.6065,595491.6875,33.903,604813.3750,1999.9000,
	2026/04/30 11:44:02	,	178042	,	1897	,10.513462,1999.9000,-2.15496993,-592.7981,595491.6875,33.896,604813.3750,1999.9000,
	2026/04/30 11:44:02	,	179042	,	1898	,10.513782,1999.9000,-2.19338298,-593.0907,595491.6875,33.887,604813.3750,1999.9000,
	2026/04/30 11:44:02	,	180042	,	1899	,10.514047,1999.9000,-2.22943234,-593.0907,595491.6875,33.879,604813.3750,1999.9000,
	2026/04/30 11:44:02	,	181042	,	1900	,10.514278,1999.9000,-2.26435399,-593.2015,595491.6875,33.873,604813.3750,1999.9000,
	2026/04/30 11:44:02	,	182042	,	1901	,10.514471,1999.9000,-2.29594779,-593.2939,595486.2500,33.868,604818.6250,1999.9000,
	2026/04/30 11:44:02	,	183042	,	1902	,10.514632,1999.9000,-2.32224774,-593.3709,595377.9375,33.868,604831.7500,1999.9000,
	2026/04/30 11:44:02	,	184042	,	1903	,10.514767,1999.9000,-2.34310222,-593.5345,595369.0000,33.868,604946.2500,1999.9000,
	2026/04/30 11:44:02	,	185042	,	1904	,10.514868,1999.9000,-2.35842967,-593.5715,595361.2500,33.868,604982.8125,1999.9000,
	2026/04/30 11:44:02	,	186042	,	1905	,10.514932,1999.9000,-2.37081361,-593.6022,595227.1875,33.869,605093.6250,1999.9000,
	2026/04/30 11:44:02	,	187042	,	1906	,10.514961,1999.9000,-2.37081361,-593.7272,594963.8125,33.870,605111.1250,1999.9000,
	2026/04/30 11:44:02	,	188042	,	1907	,10.514951,1999.9000,-2.37081361,-593.8314,594867.2500,33.873,605117.0000,1999.9000,
	2026/04/30 11:44:02	,	189042	,	1908	,10.514882,1999.9000,-2.37081361,-593.9183,594867.2500,33.876,605119.8750,1999.9000,
	2026/04/30 11:44:02	,	190042	,	1909	,10.514686,1999.9000,-2.37081361,-593.9907,594867.2500,33.876,605121.6875,1999.9000,
	2026/04/30 11:44:02	,	191042	,	1910	,10.514383,1999.9000,-2.35595274,-594.0511,594867.2500,33.876,605122.8750,1999.9000,
	2026/04/30 11:44:02	,	192042	,	1911	,10.514027,1999.9000,-2.33137965,-594.1013,594867.2500,33.877,605110.4375,1999.9000,
	2026/04/30 11:44:02	,	193042	,	1912	,10.513636,1999.9000,-2.30110931,-594.0438,594947.7500,33.879,604974.6875,1999.9000,
	2026/04/30 11:44:02	,	194042	,	1913	,10.513175,1999.9000,-2.26509142,-594.0953,594962.6250,33.882,604938.1250,1999.9000,
	2026/04/30 11:44:02	,	195042	,	1914	,10.512583,1999.9000,-2.22324991,-594.1382,594973.5625,33.884,604827.8125,1999.9000,
	2026/04/30 11:44:02	,	196042	,	1915	,10.511935,1999.9000,-2.17376351,-594.1739,595101.4375,33.886,604799.4375,1999.9000,
	2026/04/30 11:44:02	,	197042	,	1916	,10.507419,1999.9000,-2.11527729,-594.3032,595377.3125,33.890,604776.3125,1999.9000,
	2026/04/30 11:44:02	,	198042	,	1917	,10.506823,1999.9000,-2.05263186,-594.3114,595509.0000,33.892,604764.7500,1999.9000,
	2026/04/30 11:44:02	,	199042	,	1918	,10.506127,1999.9000,-1.98646319,-594.3183,595509.0000,33.895,604757.8125,1999.9000,
	2026/04/30 11:44:02	,	200042	,	1919	,10.505347,1999.9000,-1.91653180,-594.3240,595509.0000,33.896,604753.1875,1999.9000,
	2026/04/30 11:44:02	,	201042	,	1920	,10.504588,1999.9000,-1.84457767,-594.4283,595509.0000,33.898,604749.3750,1999.9000,
	2026/04/30 11:44:02	,	202042	,	1921	,10.499823,1999.9000,-1.76997006,-594.5152,595509.0000,33.898,604758.1250,1999.9000,
	2026/04/30 11:44:02	,	203042	,	1922	,10.498988,1999.9000,-1.69136667,-594.5876,595400.5625,33.895,604865.3125,1999.9000,
	2026/04/30 11:44:02	,	204042	,	1923	,10.498055,1999.9000,-1.60926569,-594.5484,595376.4375,33.892,604894.6250,1999.9000,
	2026/04/30 11:44:02	,	205042	,	1924	,10.493805,1999.9000,-1.52437901,-594.5158,595364.6250,33.890,604993.3125,1999.9000,
	2026/04/30 11:44:02	,	206042	,	1925	,10.492867,1999.9000,-1.43867922,-594.4886,595272.4375,33.888,605019.9375,1999.9000,
	2026/04/30 11:44:02	,	207042	,	1926	,10.491978,1999.9000,-1.35555708,-594.4659,595043.6250,33.886,605041.8750,1999.9000,
	2026/04/30 11:44:02	,	208042	,	1927	,10.491102,1999.9000,-1.27159679,-594.0491,594841.6875,33.886,605052.8125,1999.9000,
	2026/04/30 11:44:02	,	209042	,	1928	,10.486686,1999.9000,-1.18645787,-593.4034,594841.6875,33.887,605059.3750,1999.9000,
	2026/04/30 11:44:02	,	210042	,	1929	,10.485584,1999.9000,-1.10145140,-592.8653,594841.6875,33.890,605063.8125,1999.9000,
	2026/04/30 11:44:02	,	211042	,	1930	,10.484581,1999.9000,-1.01430213,-592.4169,594841.6875,33.894,605067.4375,1999.9000,
	2026/04/30 11:44:02	,	212042	,	1931	,10.483618,1999.9000,-0.92601210,-592.3416,594841.6875,33.899,605059.4375,1999.9000,
	2026/04/30 11:44:02	,	213042	,	1932	,10.478583,1999.9000,-0.84031862,-592.2789,594937.0000,33.903,604943.8125,1999.9000,
	2026/04/30 11:44:02	,	214042	,	1933	,10.477391,1999.9000,-0.75899911,-592.2266,594956.1250,33.907,604909.1250,1999.9000,
	2026/04/30 11:44:02	,	215042	,	1934	,10.476358,1999.9000,-0.68296719,-592.1831,594967.1875,33.908,604811.5625,1999.9000,
	2026/04/30 11:44:02	,	216042	,	1935	,10.472298,1999.9000,-0.68296719,-592.3457,594987.0625,33.909,604782.8750,1999.9000,
	2026/04/30 11:44:02	,	217042	,	1936	,10.471286,1999.9000,-0.54109430,-592.7797,595279.5625,33.910,604696.1875,1999.9000,
	2026/04/30 11:44:02	,	218042	,	1937	,10.470213,1999.9000,-0.47657681,-593.5392,595557.8750,33.911,604696.1875,1999.9000,
	2026/04/30 11:44:02	,	219042	,	1938	,10.465864,1999.9000,-0.42048562,-594.3711,595557.8750,33.912,604696.1875,1999.9000,
	2026/04/30 11:44:02	,	220042	,	1939	,10.464895,1999.9000,-0.37223461,-594.9648,595557.8750,33.912,604696.1875,1999.9000,
	2026/04/30 11:44:02	,	221042	,	1940	,10.463789,1999.9000,-0.33278802,-595.3602,595557.8750,33.913,604696.1875,1999.9000,
	2026/04/30 11:44:02	,	222042	,	1941	,10.459400,1999.9000,-0.29998413,-595.6896,595557.8750,33.915,604705.6875,1999.9000,
	2026/04/30 11:44:02	,	223042	,	1942	,10.458417,1999.9000,-0.26983353,-595.9642,595457.7500,33.916,604812.1875,1999.9000,
	2026/04/30 11:44:02	,	224042	,	1943	,10.457364,1999.9000,-0.26983353,-596.1930,595424.6875,33.919,604841.1875,1999.9000,
	2026/04/30 11:44:02	,	225042	,	1944	,10.452906,1999.9000,-0.24063462,-595.2894,595402.7500,33.926,604936.5625,1999.9000,
	2026/04/30 11:44:02	,	226042	,	1945	,10.451952,1999.9000,-0.21250080,-594.5364,595316.5625,33.932,604961.6875,1999.9000,
	2026/04/30 11:44:02	,	227042	,	1946	,10.451058,1999.9000,-0.18532494,-593.9090,595144.9375,33.940,605053.7500,1999.9000,
	2026/04/30 11:44:02	,	228042	,	1947	,10.450113,1999.9000,-0.16039272,-593.3860,594869.1250,33.946,605053.7500,1999.9000,
	2026/04/30 11:44:02	,	229042	,	1948	,10.445518,1999.9000,-0.13397945,-592.8508,594869.1250,33.952,605053.7500,1999.9000,
	2026/04/30 11:44:02	,	230042	,	1949	,10.444729,1999.9000,-0.10295913,-592.3053,594869.1250,33.957,605053.7500,1999.9000,
	2026/04/30 11:44:02	,	231042	,	1950	,10.443830,1999.9000,-0.06863007,-591.8508,594869.1250,33.957,605053.7500,1999.9000,
	2026/04/30 11:44:02	,	232042	,	1951	,10.442949,1999.9000,-0.02864777,-591.4719,594869.1250,33.956,605047.4375,1999.9000,
	2026/04/30 11:44:02	,	233042	,	1952	,10.438696,1999.9000,0.01923141,-590.8578,594874.3125,33.954,604940.1875,1999.9000,
	2026/04/30 11:44:02	,	234042	,	1953	,10.437847,1999.9000,0.07307266,-590.2466,594960.2500,33.952,604901.8750,1999.9000,
	2026/04/30 11:44:02	,	235042	,	1954	,10.436930,1999.9000,0.12818696,-589.7372,594970.3750,33.947,604782.5625,1999.9000,
	2026/04/30 11:44:02	,	236042	,	1955	,10.436120,1999.9000,0.17556193,-589.3129,594980.3125,33.943,604752.3750,1999.9000,
	2026/04/30 11:44:02	,	237042	,	1956	,10.435355,1999.9000,0.20867461,-588.9592,595164.0000,33.937,604670.2500,1999.9000,
	2026/04/30 11:44:02	,	238042	,	1957	,10.430624,1999.9000,0.23347449,-588.6644,595164.0000,33.932,604663.5625,1999.9000,
	2026/04/30 11:44:02	,	239042	,	1958	,10.429879,1999.9000,0.25390050,-588.5182,595468.5000,33.929,604661.3750,1999.9000,
	2026/04/30 11:44:02	,	240042	,	1959	,10.429184,1999.9000,0.26755777,-588.7943,595477.7500,33.931,604660.3125,1999.9000,
	2026/04/30 11:44:02	,	241042	,	1960	,10.428591,1999.9000,0.27600929,-589.2233,595480.8750,33.930,604659.6250,1999.9000,
	2026/04/30 11:44:02	,	242042	,	1961	,10.427979,1999.9000,0.28096294,-589.9788,595482.3750,33.928,604659.1875,1999.9000,
	2026/04/30 11:44:02	,	243042	,	1962	,10.427491,1999.9000,0.28369185,-590.7078,595483.3125,33.921,604670.1875,1999.9000,
	2026/04/30 11:44:02	,	244042	,	1963	,10.426950,1999.9000,0.28637037,-591.4147,595483.8750,33.916,604783.8125,1999.9000,
	2026/04/30 11:44:02	,	245042	,	1964	,10.426326,1999.9000,0.28637037,-592.0038,595401.7500,33.911,604810.6250,1999.9000,
	2026/04/30 11:44:02	,	246042	,	1965	,10.422283,1999.9000,0.28637031,-592.7932,595386.8125,33.912,604893.0625,1999.9000,
	2026/04/30 11:44:02	,	247042	,	1966	,10.421910,1999.9000,0.28637037,-593.4510,595380.0625,33.906,604927.5625,1999.9000,
	2026/04/30 11:44:02	,	248042	,	1967	,10.421528,1999.9000,0.28637037,-593.9991,595279.5625,33.901,604950.2500,1999.9000,
	2026/04/30 11:44:02	,	249042	,	1968	,10.421144,1999.9000,0.27847981,-594.8538,595017.4375,33.898,604961.6250,1999.9000,
	2026/04/30 11:44:02	,	250042	,	1969	,10.420747,1999.9000,0.27311647,-595.9640,594889.9375,33.894,604968.4375,1999.9000,
	2026/04/30 11:44:02	,	251042	,	1970	,10.420427,1999.9000,0.27311647,-596.8891,594889.9375,33.887,604973.0000,1999.9000,
	2026/04/30 11:44:02	,	252042	,	1971	,10.420046,1999.9000,0.27311647,-597.6600,594889.9375,33.881,604976.7500,1999.9000,
	2026/04/30 11:44:02	,	253042	,	1972	,10.419621,1999.9000,0.27311647,-598.3025,594889.9375,33.876,604967.0625,1999.9000,
	2026/04/30 11:44:02	,	254042	,	1973	,10.419226,1999.9000,0.27311647,-598.8379,594889.9375,33.876,604849.0000,1999.9000,
	2026/04/30 11:44:02	,	255042	,	1974	,10.418861,1999.9000,0.27713737,-598.5877,594977.5000,33.877,604817.8750,1999.9000,
	2026/04/30 11:44:02	,	256042	,	1975	,10.418532,1999.9000,0.28045875,-598.3792,594997.4375,33.876,604714.3125,1999.9000,
	2026/04/30 11:44:02	,	257042	,	1976	,10.418215,1999.9000,0.28290406,-598.2054,595009.6875,33.874,604680.5000,1999.9000,
	2026/04/30 11:44:02	,	258042	,	1977	,10.417925,1999.9000,0.28642076,-597.8618,595126.4375,33.871,604656.9375,1999.9000,
	2026/04/30 11:44:02	,	259042	,	1978	,10.417678,1999.9000,0.29280511,-597.5753,595397.5625,33.867,604645.1250,1999.9000,
	2026/04/30 11:44:02	,	260042	,	1979	,10.417473,1999.9000,0.29280511,-597.3367,595548.8750,33.868,604645.1250,1999.9000,
	2026/04/30 11:44:02	,	261042	,	1980	,10.417302,1999.9000,0.29280517,-597.1377,595548.8750,33.868,604638.0625,1999.9000,
	2026/04/30 11:44:02	,	262042	,	1981	,10.417159,1999.9000,0.29280511,-596.9720,595548.8750,33.868,604633.3125,1999.9000,
	2026/04/30 11:44:02	,	263042	,	1982	,10.417046,1999.9000,0.29280511,-597.0328,595548.8750,33.868,604629.3750,1999.9000,
	2026/04/30 11:44:02	,	264042	,	1983	,10.416976,1999.9000,0.29032829,-596.6855,595548.8750,33.868,604637.7500,1999.9000,
	2026/04/30 11:44:02	,	265042	,	1984	,10.416971,1999.9000,0.28399438,-596.3962,595432.1250,33.869,604749.3750,1999.9000,
	2026/04/30 11:44:02	,	266042	,	1985	,10.417052,1999.9000,0.27844197,-596.1551,595415.1250,33.873,604778.3750,1999.9000,
	2026/04/30 11:44:02	,	267042	,	1986	,10.417230,1999.9000,0.27371517,-595.9542,595404.5000,33.877,604887.6250,1999.9000,
	2026/04/30 11:44:02	,	268042	,	1987	,10.417555,1999.9000,0.26782876,-595.7867,595386.1250,33.881,604924.1875,1999.9000,
	2026/04/30 11:44:02	,	269042	,	1988	,10.418005,1999.9000,0.25728491,-595.7466,595125.8750,33.883,605024.1250,1999.9000,
	2026/04/30 11:44:02	,	270042	,	1989	,10.418005,1999.9000,0.24648260,-595.7133,594853.6250,33.887,605024.1250,1999.9000,
	2026/04/30 11:44:02	,	271042	,	1990	,10.419047,1999.9000,0.23714879,-595.6855,594853.6250,33.890,605024.1250,1999.9000,
	2026/04/30 11:44:02	,	272042	,	1991	,10.419676,1999.9000,0.23005863,-595.6623,594853.6250,33.893,605024.1250,1999.9000,
	2026/04/30 11:44:02	,	273042	,	1992	,10.424309,1999.9000,0.22725408,-595.9414,594853.6250,33.893,605024.1250,1999.9000,
	2026/04/30 11:44:02	,	274042	,	1993	,10.424919,1999.9000,0.22711855,-596.1740,594853.6250,33.894,605012.9375,1999.9000,
	2026/04/30 11:44:02	,	275042	,	1994	,10.425619,1999.9000,0.22673096,-596.3678,594958.5000,33.895,604890.6875,1999.9000,
	2026/04/30 11:44:02	,	276042	,	1995	,10.426423,1999.9000,0.22343481,-596.5293,594984.4375,33.892,604856.3125,1999.9000,
	2026/04/30 11:44:02	,	277042	,	1996	,10.427175,1999.9000,0.21964079,-596.7634,594998.3750,33.890,604751.1250,1999.9000,
	2026/04/30 11:44:02	,	278042	,	1997	,10.431518,1999.9000,0.21633831,-596.9584,595016.3750,33.888,604721.8125,1999.9000,
	2026/04/30 11:44:02	,	279042	,	1998	,10.432396,1999.9000,0.21630681,-597.1210,595277.1875,33.886,604637.0000,1999.9000,
	2026/04/30 11:44:02	,	280042	,	1999	,10.433324,1999.9000,0.21627736,-597.2565,595560.8125,33.885,604637.0000,1999.9000,
	2026/04/30 11:44:02	,	281042	,	2000	,10.434213,1999.9000,0.21578684,-597.3693,595560.8125,33.888,604637.0000,1999.9000,
	2026/04/30 11:44:02	,	282042	,	2001	,10.438547,1999.9000,0.21099389,-597.4634,595560.8125,33.891,604637.0000,1999.9000,
	2026/04/30 11:44:02	,	283042	,	2002	,10.439396,1999.9000,0.20457809,-597.6413,595560.8125,33.888,604637.0000,1999.9000,
	2026/04/30 11:44:02	,	284042	,	2003	,10.440364,1999.9000,0.19563501,-597.7895,595560.8125,33.883,604647.3125,1999.9000,
	2026/04/30 11:44:02	,	285042	,	2004	,10.441319,1999.9000,0.18618773,-597.9130,595548.0000,33.881,604773.5000,1999.9000,
	2026/04/30 11:44:02	,	286042	,	2005	,10.446025,1999.9000,0.17678462,-597.9165,595420.1875,33.879,604803.6875,1999.9000,
	2026/04/30 11:44:02	,	287042	,	2006	,10.447008,1999.9000,0.16737513,-598.0189,595409.1875,33.877,604892.4375,1999.9000,
	2026/04/30 11:44:02	,	288042	,	2007	,10.448060,1999.9000,0.15693210,-598.2036,595395.1875,33.874,604925.0625,1999.9000,
	2026/04/30 11:44:02	,	289042	,	2008	,10.452399,1999.9000,0.14201435,-598.3575,595215.2500,33.872,605048.9375,1999.9000,
	2026/04/30 11:44:02	,	290042	,	2009	,10.452399,1999.9000,0.12504835,-598.5853,594943.0000,33.870,605048.9375,1999.9000,
	2026/04/30 11:44:02	,	291042	,	2010	,10.453382,1999.9000,0.10809497,-598.6757,594943.0000,33.868,605048.9375,1999.9000,
	2026/04/30 11:44:02	,	292042	,	2011	,10.454326,1999.9000,0.08887898,-598.7510,594943.0000,33.867,605048.9375,1999.9000,
	2026/04/30 11:44:02	,	293042	,	2012	,10.455304,1999.9000,0.06743830,-598.8137,594943.0000,33.867,605048.9375,1999.9000,
	2026/04/30 11:44:02	,	294042	,	2013	,10.460412,1999.9000,0.04384220,-598.6671,594943.0000,33.868,605045.2500,1999.9000,
	2026/04/30 11:44:02	,	295042	,	2014	,10.461425,1999.9000,0.01686801,-598.1470,594943.8750,33.868,604956.5625,1999.9000,
	2026/04/30 11:44:02	,	296042	,	2015	,10.462508,1999.9000,-0.01305569,-596.9177,594955.1875,33.868,604926.9375,1999.9000,
	2026/04/30 11:44:02	,	297042	,	2016	,10.466936,1999.9000,-0.04442262,-595.5949,594966.6250,33.874,604828.4375,1999.9000,
	2026/04/30 11:44:02	,	298042	,	2017	,10.467949,1999.9000,-0.07549337,-594.3932,594978.0000,33.880,604800.0625,1999.9000,
	2026/04/30 11:44:02	,	299042	,	2018	,10.469031,1999.9000,-0.10190032,-593.3917,595172.9375,33.889,604773.1250,1999.9000,
	2026/04/30 11:44:02	,	300042	,	2019	,10.473341,1999.9000,-0.12456368,-592.5571,595464.3125,33.896,604759.6250,1999.9000,
	2026/04/30 11:44:02	,	301042	,	2020	,10.474264,1999.9000,-0.14860098,-591.8616,595476.5000,33.902,604751.5000,1999.9000,
	2026/04/30 11:44:02	,	302042	,	2021	,10.475266,1999.9000,-0.17466760,-591.3815,595480.6250,33.908,604746.1250,1999.9000,
	2026/04/30 11:44:02	,	303042	,	2022	,10.479626,1999.9000,-0.20434551,-591.0809,595482.6250,33.912,604741.6250,1999.9000,
	2026/04/30 11:44:02	,	304042	,	2023	,10.480595,1999.9000,-0.23816408,-590.8304,595483.8750,33.912,604747.4375,1999.9000,
	2026/04/30 11:44:02	,	305042	,	2024	,10.481414,1999.9000,-0.27515906,-590.6217,595484.6250,33.911,604854.4375,1999.9000,
	2026/04/30 11:44:02	,	306042	,	2025	,10.482277,1999.9000,-0.31646484,-590.6467,595390.4375,33.910,604888.8125,1999.9000,
	2026/04/30 11:44:02	,	307042	,	2026	,10.486895,1999.9000,-0.36276844,-590.9659,595370.5000,33.907,604993.3125,1999.9000,
	2026/04/30 11:44:02	,	308042	,	2027	,10.487937,1999.9000,-0.41371056,-591.3314,595358.8125,33.903,605027.1875,1999.9000,
	2026/04/30 11:44:02	,	309042	,	2028	,10.489009,1999.9000,-0.47160423,-591.6360,595259.3125,33.904,605126.2500,1999.9000,
	2026/04/30 11:44:02	,	310042	,	2029	,10.489896,1999.9000,-0.53687167,-591.9893,595020.3750,33.906,605126.2500,1999.9000,
	2026/04/30 11:44:02	,	311042	,	2030	,10.494014,1999.9000,-0.60514534,-592.2838,594868.5000,33.907,605126.2500,1999.9000,
	2026/04/30 11:44:02	,	312042	,	2031	,10.494997,1999.9000,-0.67706180,-592.5291,594868.5000,33.912,605126.2500,1999.9000,
	2026/04/30 11:44:02	,	313042	,	2032	,10.495871,1999.9000,-0.75228697,-592.7336,594868.5000,33.918,605126.2500,1999.9000,
	2026/04/30 11:44:02	,	314042	,	2033	,10.496709,1999.9000,-0.82910669,-593.0034,594868.5000,33.924,605117.2500,1999.9000,
	2026/04/30 11:44:02	,	315042	,	2034	,10.500925,1999.9000,-0.90839696,-593.8251,594868.5000,33.929,604991.5625,1999.9000,
	2026/04/30 11:44:02	,	316042	,	2035	,10.501655,1999.9000,-0.99054217,-594.5099,594960.2500,33.932,604957.1250,1999.9000,
	2026/04/30 11:44:02	,	317042	,	2036	,10.502265,1999.9000,-1.07406759,-594.5831,594978.1250,33.937,604851.3750,1999.9000,
	2026/04/30 11:44:02	,	318042	,	2037	,10.502883,1999.9000,-1.15813506,-594.6442,594986.9375,33.938,604818.5000,1999.9000,
	2026/04/30 11:44:02	,	319042	,	2038	,10.503623,1999.9000,-1.24034953,-594.6951,595082.3750,33.939,604730.6250,1999.9000,
	2026/04/30 11:44:02	,	320042	,	2039	,10.507746,1999.9000,-1.31938767,-594.7374,595335.5625,33.940,604725.5000,1999.9000,
	2026/04/30 11:44:02	,	321042	,	2040	,10.508119,1999.9000,-1.39926410,-594.7728,595535.1875,33.940,604723.7500,1999.9000,
	2026/04/30 11:44:02	,	322042	,	2041	,10.508611,1999.9000,-1.47915936,-594.8022,595535.1875,33.931,604722.8750,1999.9000,
	2026/04/30 11:44:02	,	323042	,	2042	,10.509131,1999.9000,-1.55852520,-594.6279,595535.1875,33.923,604722.3750,1999.9000,
	2026/04/30 11:44:02	,	324042	,	2043	,10.509635,1999.9000,-1.63821244,-594.3831,595535.1875,33.915,604722.0000,1999.9000,
	2026/04/30 11:44:02	,	325042	,	2044	,10.510051,1999.9000,-1.71612883,-593.7811,595535.1875,33.909,604734.2500,1999.9000,
	2026/04/30 11:44:02	,	326042	,	2045	,10.510456,1999.9000,-1.79032683,-593.3790,595420.1875,33.904,604862.8750,1999.9000,
	2026/04/30 11:44:02	,	327042	,	2046	,10.510927,1999.9000,-1.86032104,-593.0439,595397.5625,33.897,604892.5000,1999.9000,
	2026/04/30 11:44:02	,	328042	,	2047	,10.511445,1999.9000,-1.92621863,-592.7647,595383.0625,33.891,604990.9375,1999.9000,
	2026/04/30 11:44:02	,	329042	,	2048	,10.512011,1999.9000,-1.98975921,-592.5320,595302.1875,33.885,605031.0625,1999.9000,
	2026/04/30 11:44:02	,	330042	,	2049	,10.512506,1999.9000,-2.05299115,-592.3381,595107.4375,33.881,605117.8125,1999.9000,
	2026/04/30 11:44:02	,	331042	,	2050	,10.512929,1999.9000,-2.11119986,-592.2759,594836.8750,33.878,605117.8125,1999.9000,
	2026/04/30 11:44:02	,	332042	,	2051	,10.513311,1999.9000,-2.16332054,-592.2241,594836.8750,33.875,605117.8125,1999.9000,
	2026/04/30 11:44:02	,	333042	,	2052	,10.513635,1999.9000,-2.20966816,-592.1810,594836.8750,33.874,605117.8125,1999.9000,
	2026/04/30 11:44:02	,	334042	,	2053	,10.513914,1999.9000,-2.24876189,-592.3440,594836.8750,33.878,605117.8125,1999.9000,
	2026/04/30 11:44:02	,	335042	,	2054	,10.514157,1999.9000,-2.28199434,-592.7783,594836.8750,33.887,605106.3125,1999.9000,
	2026/04/30 11:44:02	,	336042	,	2055	,10.514363,1999.9000,-2.31082129,-593.3391,594924.5000,33.896,604972.8125,1999.9000,
	2026/04/30 11:44:02	,	337042	,	2056	,10.514536,1999.9000,-2.33478308,-594.1048,594953.4375,33.907,604939.3125,1999.9000,
	2026/04/30 11:44:02	,	338042	,	2057	,10.514676,1999.9000,-2.35380363,-594.7429,594965.6250,33.916,604832.6875,1999.9000,
	2026/04/30 11:44:02	,	339042	,	2058	,10.514772,1999.9000,-2.35846734,-595.2747,594982.8750,33.924,604806.7500,1999.9000,
	2026/04/30 11:44:02	,	340042	,	2059	,10.514847,1999.9000,-2.35846734,-594.7231,595235.5000,33.930,604783.7500,1999.9000,
	2026/04/30 11:44:02	,	341042	,	2060	,10.514895,1999.9000,-2.35846734,-595.2582,595529.8750,33.935,604772.3125,1999.9000,
	2026/04/30 11:44:02	,	342042	,	2061	,10.514900,1999.9000,-2.35846734,-595.7042,595529.8750,33.936,604765.4375,1999.9000,
	2026/04/30 11:44:02	,	343042	,	2062	,10.514859,1999.9000,-2.35846734,-596.0757,595529.8750,33.937,604760.8750,1999.9000,
	2026/04/30 11:44:02	,	344042	,	2063	,10.514707,1999.9000,-2.34709167,-596.0870,595529.8750,33.938,604757.0000,1999.9000,
	2026/04/30 11:44:02	,	345042	,	2064	,10.514520,1999.9000,-2.33241963,-595.8975,595529.8750,33.931,604765.3750,1999.9000,
	2026/04/30 11:44:02	,	346042	,	2065	,10.514264,1999.9000,-2.31256723,-595.3416,595441.0625,33.923,604874.9375,1999.9000,
	2026/04/30 11:44:02	,	347042	,	2066	,10.513873,1999.9000,-2.28690386,-594.8783,595401.7500,33.914,604895.1875,1999.9000,
	2026/04/30 11:44:02	,	348042	,	2067	,10.513382,1999.9000,-2.25542974,-594.4922,595383.8750,33.906,604919.2500,1999.9000,
	2026/04/30 11:44:02	,	349042	,	2068	,10.512891,1999.9000,-2.21863651,-594.1706,595368.5625,33.900,605028.9375,1999.9000,
	2026/04/30 11:44:02	,	350042	,	2069	,10.512326,1999.9000,-2.17982006,-593.9025,595190.1875,33.895,605062.5000,1999.9000,
	2026/04/30 11:44:02	,	351042	,	2070	,10.508074,1999.9000,-2.13623285,-593.6791,594925.1250,33.891,605073.6875,1999.9000,
	2026/04/30 11:44:02	,	352042	,	2071	,10.507403,1999.9000,-2.08553028,-593.4929,594911.3750,33.887,605079.3125,1999.9000,
	2026/04/30 11:44:02	,	353042	,	2072	,10.506783,1999.9000,-2.02888441,-593.4929,594906.8125,33.884,605082.6250,1999.9000,
	2026/04/30 11:44:02	,	354042	,	2073	,10.506102,1999.9000,-1.96503496,-593.2085,594904.5000,33.882,605084.9375,1999.9000,
	2026/04/30 11:44:02	,	355042	,	2074	,10.505317,1999.9000,-1.89363527,-593.3992,594903.1250,33.880,605077.3750,1999.9000,
	2026/04/30 11:44:02	,	356042	,	2075	,10.500448,1999.9000,-1.81730092,-593.5581,594902.2500,33.879,604963.7500,1999.9000,
	2026/04/30 11:44:02	,	357042	,	2076	,10.499569,1999.9000,-1.73712206,-593.8895,594912.8750,33.879,604931.7500,1999.9000,
	2026/04/30 11:44:02	,	358042	,	2077	,10.498581,1999.9000,-1.65360296,-594.1656,594925.6250,33.879,604826.0625,1999.9000,
	2026/04/30 11:44:02	,	359042	,	2078	,10.494580,1999.9000,-1.56702077,-594.3957,594938.9375,33.879,604788.6250,1999.9000,
	2026/04/30 11:44:02	,	360042	,	2079	,10.493702,1999.9000,-1.47506297,-594.5875,595124.6875,33.879,604687.7500,1999.9000,
	2026/04/30 11:44:02	,	361042	,	2080	,10.492763,1999.9000,-1.38034439,-594.7473,595408.3125,33.877,604687.7500,1999.9000,
	2026/04/30 11:44:02	,	362042	,	2081	,10.488742,1999.9000,-1.28734648,-594.7810,595494.1250,33.876,604687.7500,1999.9000,
	2026/04/30 11:44:02	,	363042	,	2082	,10.487833,1999.9000,-1.19546402,-594.9086,595494.1250,33.877,604687.7500,1999.9000,
	2026/04/30 11:44:02	,	364042	,	2083	,10.486894,1999.9000,-1.10608995,-595.0149,595494.1250,33.877,604687.7500,1999.9000,
	2026/04/30 11:44:02	,	365042	,	2084	,10.485993,1999.9000,-1.02033985,-595.1035,595494.1250,33.882,604697.3750,1999.9000,
	2026/04/30 11:44:02	,	366042	,	2085	,10.481413,1999.9000,-0.93615890,-595.1035,595494.1250,33.883,604802.5000,1999.9000,
	2026/04/30 11:44:02	,	367042	,	2086	,10.480326,1999.9000,-0.85362297,-595.0778,595401.7500,33.881,604823.6250,1999.9000,
	2026/04/30 11:44:02	,	368042	,	2087	,10.479347,1999.9000,-0.77452815,-594.9569,595381.1875,33.876,604848.8125,1999.9000,
	2026/04/30 11:44:02	,	369042	,	2088	,10.478353,1999.9000,-0.69988275,-594.6572,595369.1250,33.872,604960.1250,1999.9000,
	2026/04/30 11:44:02	,	370042	,	2089	,10.473222,1999.9000,-0.63295150,-594.4075,595272.4375,33.871,604998.5000,1999.9000,
	2026/04/30 11:44:02	,	371042	,	2090	,10.472118,1999.9000,-0.57324266,-594.3984,595032.9375,33.874,605011.2500,1999.9000,
	2026/04/30 11:44:02	,	372042	,	2091	,10.471126,1999.9000,-0.51693094,-594.3908,594847.0000,33.876,605017.6250,1999.9000,
	2026/04/30 11:44:02	,	373042	,	2092	,10.466907,1999.9000,-0.46537748,-594.3845,594847.0000,33.878,605021.5000,1999.9000,
	2026/04/30 11:44:02	,	374042	,	2093	,10.465611,1999.9000,-0.41839951,-594.4786,594847.0000,33.880,605024.0000,1999.9000,
	2026/04/30 11:44:02	,	375042	,	2094	,10.464415,1999.9000,-0.37471777,-594.5571,594847.0000,33.881,605022.3750,1999.9000,
	2026/04/30 11:44:02	,	376042	,	2095	,10.459846,1999.9000,-0.33551064,-594.6225,594847.0000,33.884,604939.0000,1999.9000,
	2026/04/30 11:44:02	,	377042	,	2096	,10.458894,1999.9000,-0.30005345,-594.6770,594947.7500,33.886,604903.3750,1999.9000,
	2026/04/30 11:44:02	,	378042	,	2097	,10.457920,1999.9000,-0.26653108,-594.7224,594969.5000,33.889,604794.0625,1999.9000,
	2026/04/30 11:44:02	,	379042	,	2098	,10.453710,1999.9000,-0.23426922,-594.8597,594979.5000,33.892,604762.0000,1999.9000,
	2026/04/30 11:44:02	,	380042	,	2099	,10.452757,1999.9000,-0.20063341,-594.9742,595063.3125,33.893,604667.1875,1999.9000,
	2026/04/30 11:44:02	,	381042	,	2100	,10.451803,1999.9000,-0.16364475,-595.2685,595315.3125,33.901,604665.4375,1999.9000,
	2026/04/30 11:44:02	,	382042	,	2101	,10.450879,1999.9000,-0.12680104,-595.3148,595562.0000,33.908,604664.8125,1999.9000,
	2026/04/30 11:44:02	,	383042	,	2102	,10.446471,1999.9000,-0.08913172,-595.2539,595562.0000,33.914,604664.5000,1999.9000,
	2026/04/30 11:44:02	,	384042	,	2103	,10.445562,1999.9000,-0.05086367,-595.2032,595562.0000,33.919,604664.3125,1999.9000,
	2026/04/30 11:44:02	,	385042	,	2104	,10.444654,1999.9000,-0.01282880,-595.0614,595562.0000,33.910,604664.1875,1999.9000,
	2026/04/30 11:44:02	,	386042	,	2105	,10.443769,1999.9000,0.02801691,-594.6449,595562.0000,33.904,604676.0625,1999.9000,
	2026/04/30 11:44:02	,	387042	,	2106	,10.439233,1999.9000,0.07476165,-594.1982,595434.5000,33.898,604795.2500,1999.9000,
	2026/04/30 11:44:02	,	388042	,	2107	,10.438369,1999.9000,0.12533195,-593.7266,595401.4375,33.895,604821.5000,1999.9000,
	2026/04/30 11:44:02	,	389042	,	2108	,10.437485,1999.9000,0.17151579,-592.6373,595384.6250,33.895,604911.8125,1999.9000,
	2026/04/30 11:44:02	,	390042	,	2109	,10.436619,1999.9000,0.20281972,-591.3316,595368.9375,33.895,604945.9375,1999.9000,
	2026/04/30 11:44:02	,	391042	,	2110	,10.435825,1999.9000,0.21798326,-590.2436,595150.9375,33.896,604964.3125,1999.9000,
	2026/04/30 11:44:02	,	392042	,	2111	,10.431309,1999.9000,0.22654821,-589.3369,594878.6250,33.897,604973.5625,1999.9000,
	2026/04/30 11:44:02	,	393042	,	2112	,10.430579,1999.9000,0.23164682,-588.5812,594878.6250,33.899,604979.0625,1999.9000,
	2026/04/30 11:44:02	,	394042	,	2113	,10.429870,1999.9000,0.23433161,-588.3494,594878.6250,33.900,604982.7500,1999.9000,
	2026/04/30 11:44:02	,	395042	,	2114	,10.429150,1999.9000,0.23837776,-589.1510,594878.6250,33.901,604985.8750,1999.9000,
	2026/04/30 11:44:02	,	396042	,	2115	,10.428503,1999.9000,0.24445955,-591.0222,594878.6250,33.906,604976.8125,1999.9000,
	2026/04/30 11:44:02	,	397042	,	2116	,10.427917,1999.9000,0.25141737,-591.0222,594887.3125,33.906,604857.4375,1999.9000,
	2026/04/30 11:44:02	,	398042	,	2117	,10.427271,1999.9000,0.25898024,-591.8757,594988.8750,33.907,604825.5000,1999.9000,
	2026/04/30 11:44:02	,	399042	,	2118	,10.427271,1999.9000,0.26634771,-592.6865,595002.8125,33.909,604726.3750,1999.9000,
	2026/04/30 11:44:02	,	400042	,	2119	,10.422283,1999.9000,0.27305344,-593.6605,595016.8125,33.908,604700.1250,1999.9000,
	2026/04/30 11:44:02	,	401042	,	2120	,10.421966,1999.9000,0.28129694,-594.7706,595205.1250,33.906,604674.4375,1999.9000,
	2026/04/30 11:44:02	,	402042	,	2121	,10.421673,1999.9000,0.28760567,-595.6957,595497.6250,33.905,604661.5625,1999.9000,
	2026/04/30 11:44:02	,	403042	,	2122	,10.421329,1999.9000,0.29138076,-596.4666,595497.6250,33.905,604653.9375,1999.9000,
	2026/04/30 11:44:02	,	404042	,	2123	,10.420972,1999.9000,0.29151624,-596.8107,595497.6250,33.907,604648.7500,1999.9000,
	2026/04/30 11:44:02	,	405042	,	2124	,10.420600,1999.9000,0.29156142,-596.9978,595497.6250,33.908,604644.5000,1999.9000,
	2026/04/30 11:44:02	,	406042	,	2125	,10.420185,1999.9000,0.29158401,-596.9548,595497.6250,33.906,604651.3750,1999.9000,
	2026/04/30 11:44:02	,	407042	,	2126	,10.419721,1999.9000,0.29159755,-596.8196,595497.5625,33.903,604753.0000,1999.9000,
	2026/04/30 11:44:02	,	408042	,	2127	,10.419289,1999.9000,0.29160661,-596.7068,595485.2500,33.901,604779.0000,1999.9000,
	2026/04/30 11:44:02	,	409042	,	2128	,10.418914,1999.9000,0.29125696,-596.6129,595403.5625,33.903,604805.1250,1999.9000,
	2026/04/30 11:44:02	,	410042	,	2129	,10.418592,1999.9000,0.28654686,-596.5347,595390.1250,33.905,604911.8125,1999.9000,
	2026/04/30 11:44:02	,	411042	,	2130	,10.418284,1999.9000,0.28654686,-596.4694,595255.8125,33.907,604948.9375,1999.9000,
	2026/04/30 11:44:02	,	412042	,	2131	,10.418017,1999.9000,0.28008690,-596.6140,595000.7500,33.908,604961.3125,1999.9000,
	2026/04/30 11:44:02	,	413042	,	2132	,10.417766,1999.9000,0.27341267,-596.7345,594903.6250,33.909,604967.5000,1999.9000,
	2026/04/30 11:44:02	,	414042	,	2133	,10.417551,1999.9000,0.26929721,-596.8349,594903.6250,33.910,604971.1875,1999.9000,
	2026/04/30 11:44:02	,	415042	,	2134	,10.417367,1999.9000,0.26929721,-596.9186,594903.6250,33.911,604973.6875,1999.9000,
	2026/04/30 11:44:02	,	416042	,	2135	,10.417213,1999.9000,0.26929721,-596.9883,594903.6250,33.912,604966.5000,1999.9000,
	2026/04/30 11:44:02	,	417042	,	2136	,10.417086,1999.9000,0.26929721,-596.9469,594903.6250,33.912,604966.5000,1999.9000,
	2026/04/30 11:44:02	,	418042	,	2137	,10.416979,1999.9000,0.26929721,-596.5145,594916.6250,33.913,604853.8125,1999.9000,
	2026/04/30 11:44:02	,	419042	,	2138	,10.416890,1999.9000,0.26947159,-596.1542,595004.3750,33.912,604823.0000,1999.9000,
	2026/04/30 11:44:02	,	420042	,	2139	,10.416919,1999.9000,0.26978815,-595.8539,595007.9375,33.911,604733.6250,1999.9000,
	2026/04/30 11:44:02	,	421042	,	2140	,10.417038,1999.9000,0.27005190,-595.6037,595116.3125,33.916,604707.6875,1999.9000,
	2026/04/30 11:44:02	,	422042	,	2141	,10.417273,1999.9000,0.27027172,-595.5942,595401.7500,33.925,604683.3125,1999.9000,
	2026/04/30 11:44:02	,	423042	,	2142	,10.417636,1999.9000,0.27045491,-595.7852,595548.3125,33.925,604671.1250,1999.9000,
	2026/04/30 11:44:02	,	424042	,	2143	,10.418058,1999.9000,0.27060756,-596.1432,595548.3125,33.922,604663.8125,1999.9000,
	2026/04/30 11:44:02	,	425042	,	2144	,10.418584,1999.9000,0.26654938,-596.4417,595548.3125,33.922,604658.9375,1999.9000,
	2026/04/30 11:44:02	,	426042	,	2145	,10.419175,1999.9000,0.26036677,-596.6903,595548.3125,33.923,604654.8125,1999.9000,
	2026/04/30 11:44:02	,	427042	,	2146	,10.423445,1999.9000,0.25278497,-597.0966,595548.3125,33.923,604660.7500,1999.9000,
	2026/04/30 11:44:02	,	428042	,	2147	,10.424086,1999.9000,0.24535450,-597.5345,595446.4375,33.923,604760.8125,1999.9000,
	2026/04/30 11:44:02	,	429042	,	2148	,10.424786,1999.9000,0.23872437,-597.8995,595427.6250,33.923,604784.0625,1999.9000,
	2026/04/30 11:44:02	,	430042	,	2149	,10.425508,1999.9000,0.23242198,-597.9052,595414.0625,33.920,604870.7500,1999.9000,
	2026/04/30 11:44:02	,	431042	,	2150	,10.426250,1999.9000,0.22570367,-597.8104,595322.5000,33.918,604901.5625,1999.9000,
	2026/04/30 11:44:02	,	432042	,	2151	,10.430862,1999.9000,0.21541189,-597.7315,595106.1875,33.916,605004.2500,1999.9000,
	2026/04/30 11:44:02	,	433042	,	2152	,10.431786,1999.9000,0.20253612,-597.4668,594841.0625,33.913,605005.0625,1999.9000,
	2026/04/30 11:44:02	,	434042	,	2153	,10.432670,1999.9000,0.19209938,-597.2462,594841.0625,33.910,605005.3750,1999.9000,
	2026/04/30 11:44:02	,	435042	,	2154	,10.433498,1999.9000,0.18406384,-597.0624,594841.0625,33.908,605005.5625,1999.9000,
	2026/04/30 11:44:02	,	436042	,	2155	,10.437684,1999.9000,0.17911647,-596.9092,594841.0625,33.908,605005.6875,1999.9000,
	2026/04/30 11:44:02	,	437042	,	2156	,10.438622,1999.9000,0.17835705,-596.7815,594841.0625,33.907,605005.7500,1999.9000,
	2026/04/30 11:44:02	,	438042	,	2157	,10.439669,1999.9000,0.17614804,-596.8741,594943.0000,33.907,604923.8750,1999.9000,
	2026/04/30 11:44:02	,	439042	,	2158	,10.443731,1999.9000,0.17304727,-596.9513,594943.0000,33.907,604890.0625,1999.9000,
	2026/04/30 11:44:02	,	440042	,	2159	,10.444550,1999.9000,0.16855368,-597.1151,594980.8750,33.907,604789.8125,1999.9000,
	2026/04/30 11:44:02	,	441042	,	2160	,10.445518,1999.9000,0.16302022,-597.2515,595000.5625,33.907,604760.1875,1999.9000,
	2026/04/30 11:44:02	,	442042	,	2161	,10.449599,1999.9000,0.15862744,-597.4647,595295.6875,33.908,604734.1875,1999.9000,
	2026/04/30 11:44:02	,	443042	,	2162	,10.450522,1999.9000,0.15574096,-597.6423,595595.3750,33.909,604721.1875,1999.9000,
	2026/04/30 11:44:02	,	444042	,	2163	,10.451486,1999.9000,0.14974739,-597.9893,595595.3750,33.912,604713.4375,1999.9000,
	2026/04/30 11:44:02	,	445042	,	2164	,10.455527,1999.9000,0.14049549,-598.0795,595595.3750,33.914,604708.1875,1999.9000,
	2026/04/30 11:44:02	,	446042	,	2165	,10.456763,1999.9000,0.12678151,-598.1547,595595.3750,33.916,604703.8750,1999.9000,
	2026/04/30 11:44:02	,	447042	,	2166	,10.457870,1999.9000,0.10554881,-598.2174,595595.3750,33.917,604701.3125,1999.9000,
	2026/04/30 11:44:02	,	448042	,	2167	,10.458811,1999.9000,0.07749690,-598.2696,595469.6250,33.918,604711.1250,1999.9000,
	2026/04/30 11:44:02	,	449042	,	2168	,10.463630,1999.9000,0.04534218,-597.8157,595439.8750,33.919,604819.4375,1999.9000,
	2026/04/30 11:44:02	,	450042	,	2169	,10.464746,1999.9000,0.01065389,-597.2386,595422.5625,33.920,604849.6250,1999.9000,
	2026/04/30 11:44:02	,	451042	,	2170	,10.465914,1999.9000,-0.02486635,-595.6634,595404.6875,33.921,604937.8125,1999.9000,
	2026/04/30 11:44:02	,	452042	,	2171	,10.470213,1999.9000,-0.06143275,-594.1518,595190.8125,33.920,604974.9375,1999.9000,
	2026/04/30 11:44:02	,	453042	,	2172	,10.471286,1999.9000,-0.09948652,-592.7926,594915.0000,33.916,604995.9375,1999.9000,
	2026/04/30 11:44:02	,	454042	,	2173	,10.472367,1999.9000,-0.13360131,-591.6600,594915.0000,33.913,605006.4375,1999.9000,
	2026/04/30 11:44:02	,	455042	,	2174	,10.476647,1999.9000,-0.16436322,-590.7161,594915.0000,33.910,605012.7500,1999.9000,
	2026/04/30 11:44:02	,	456042	,	2175	,10.477630,1999.9000,-0.19399072,-590.0291,594915.0000,33.908,605016.9375,1999.9000,
	2026/04/30 11:44:02	,	457042	,	2176	,10.478593,1999.9000,-0.22237033,-589.6555,594915.0000,33.905,605020.5000,1999.9000,
	2026/04/30 11:44:02	,	458042	,	2177	,10.479536,1999.9000,-0.25100833,-589.8415,594916.3750,33.900,605010.5625,1999.9000,
	2026/04/30 11:44:02	,	459042	,	2178	,10.484124,1999.9000,-0.28167573,-590.2949,594999.5625,33.897,604900.9375,1999.9000,
	2026/04/30 11:44:02	,	460042	,	2179	,10.485018,1999.9000,-0.31642073,-591.0707,595012.1250,33.890,604874.9375,1999.9000,
	2026/04/30 11:44:02	,	461042	,	2180	,10.485971,1999.9000,-0.35695133,-591.7172,595022.0625,33.885,604786.7500,1999.9000,
	2026/04/30 11:44:02	,	462042	,	2181	,10.486931,1999.9000,-0.40174237,-592.3554,595205.6875,33.881,604756.5625,1999.9000,
	2026/04/30 11:44:02	,	463042	,	2182	,10.491720,1999.9000,-0.44804591,-592.9867,595502.4375,33.878,604741.3125,1999.9000,
	2026/04/30 11:44:02	,	464042	,	2183	,10.492733,1999.9000,-0.50042498,-593.7117,595511.4375,33.875,604733.6250,1999.9000,
	2026/04/30 11:44:02	,	465042	,	2184	,10.493666,1999.9000,-0.56004554,-594.3159,595514.4375,33.872,604729.0625,1999.9000,
	2026/04/30 11:44:02	,	466042	,	2185	,10.494490,1999.9000,-0.62657344,-594.8194,595515.9375,33.870,604725.9375,1999.9000,
	2026/04/30 11:44:02	,	467042	,	2186	,10.498661,1999.9000,-0.70097303,-595.2390,595516.8125,33.869,604723.4375,1999.9000,
	2026/04/30 11:44:02	,	468042	,	2187	,10.499465,1999.9000,-0.78134727,-595.2902,595517.3125,33.867,604733.2500,1999.9000,
	2026/04/30 11:44:02	,	469042	,	2188	,10.500210,1999.9000,-0.86434335,-595.1339,595424.3750,33.869,604847.1875,1999.9000,
	2026/04/30 11:44:02	,	470042	,	2189	,10.500933,1999.9000,-0.94865024,-595.0037,595396.9375,33.871,604873.5000,1999.9000,
	2026/04/30 11:44:02	,	471042	,	2190	,10.501645,1999.9000,-1.03378272,-594.6963,595382.8750,33.872,604961.9375,1999.9000,
	2026/04/30 11:44:02	,	472042	,	2191	,10.502299,1999.9000,-1.12028921,-594.3406,595262.9375,33.873,604993.0625,1999.9000,
	2026/04/30 11:44:02	,	473042	,	2192	,10.506853,1999.9000,-1.21106243,-594.0441,595011.5000,33.882,605115.3750,1999.9000,
	2026/04/30 11:44:02	,	474042	,	2193	,10.507419,1999.9000,-1.30208147,-593.8966,594864.3125,33.890,605115.3750,1999.9000,
	2026/04/30 11:44:02	,	475042	,	2194	,10.508004,1999.9000,-1.39036524,-593.7737,594864.3125,33.897,605115.3750,1999.9000,
	2026/04/30 11:44:02	,	476042	,	2195	,10.508625,1999.9000,-1.47612166,-593.6713,594864.3125,33.903,605115.3750,1999.9000,
	2026/04/30 11:44:02	,	477042	,	2196	,10.509092,1999.9000,-1.55771220,-593.6854,594864.3125,33.907,605115.3750,1999.9000,
	2026/04/30 11:44:02	,	478042	,	2197	,10.509544,1999.9000,-1.63517475,-593.6971,594864.3125,33.910,605106.1875,1999.9000,
	2026/04/30 11:44:02	,	479042	,	2198	,10.510018,1999.9000,-1.71029913,-593.8064,594947.1250,33.905,605003.0000,1999.9000,
	2026/04/30 11:44:02	,	480042	,	2199	,10.510493,1999.9000,-1.78260636,-594.1959,594961.4375,33.900,604981.0000,1999.9000,
	2026/04/30 11:44:02	,	481042	,	2200	,10.511003,1999.9000,-1.85139680,-594.5204,594967.0000,33.897,604955.9375,1999.9000,
	2026/04/30 11:44:02	,	482042	,	2201	,10.511003,1999.9000,-1.91605294,-594.4925,595059.7500,33.894,604852.0000,1999.9000,
	2026/04/30 11:44:02	,	483042	,	2202	,10.511478,1999.9000,-1.97340453,-594.4692,595337.4375,33.891,604822.3750,1999.9000,
	2026/04/30 11:44:02	,	484042	,	2203	,10.511970,1999.9000,-2.02563858,-594.6487,595510.1875,33.891,604812.5625,1999.9000,
	2026/04/30 11:44:02	,	485042	,	2204	,10.512431,1999.9000,-2.07561040,-594.7983,595510.1875,33.892,604807.6250,1999.9000,
	2026/04/30 11:44:02	,	486042	,	2205	,10.512872,1999.9000,-2.12187600,-594.9230,595510.1875,33.893,604804.6250,1999.9000,
	2026/04/30 11:44:02	,	487042	,	2206	,10.513248,1999.9000,-2.16509771,-595.1263,595510.1875,33.890,604802.6875,1999.9000,
	2026/04/30 11:44:02	,	488042	,	2207	,10.513583,1999.9000,-2.20572925,-595.1964,595510.1875,33.888,604810.8750,1999.9000,
	2026/04/30 11:44:02	,	489042	,	2208	,10.513862,1999.9000,-2.24216962,-595.0557,595420.8125,33.887,604925.1250,1999.9000,
	2026/04/30 11:44:02	,	490042	,	2209	,10.514093,1999.9000,-2.27417946,-594.6401,595389.2500,33.890,604961.3750,1999.9000,
	2026/04/30 11:44:02	,	491042	,	2210	,10.514286,1999.9000,-2.30233192,-594.2938,595371.7500,33.890,605087.0000,1999.9000,
	2026/04/30 11:44:02	,	492042	,	2211	,10.514447,1999.9000,-2.32652688,-594.0052,595277.1875,33.897,605175.1875,1999.9000,
	2026/04/30 11:44:02	,	493042	,	2212	,10.514581,1999.9000,-2.34906435,-593.5658,595072.2500,33.897,605179.3750,1999.9000,
	2026/04/30 11:44:02	,	494042	,	2213	,10.514693,1999.9000,-2.36812901,-593.1996,594808.3125,33.895,605180.8125,1999.9000,
	2026/04/30 11:44:02	,	495042	,	2214	,10.514767,1999.9000,-2.36812901,-592.8944,594808.3125,33.894,605181.5000,1999.9000,
	2026/04/30 11:44:02	,	496042	,	2215	,10.514778,1999.9000,-2.36812901,-592.6401,594808.3125,33.893,605181.9375,1999.9000,
	2026/04/30 11:44:02	,	497042	,	2216	,10.514768,1999.9000,-2.36812901,-592.4282,594808.3125,33.892,605182.2500,1999.9000,
	2026/04/30 11:44:02	,	498042	,	2217	,10.514709,1999.9000,-2.36812901,-592.2515,594808.3125,33.893,605173.0000,1999.9000,
	2026/04/30 11:44:02	,	499042	,	2218	,10.514507,1999.9000,-2.35868168,-592.1044,594919.7500,33.892,605052.0000,1999.9000,
	2026/04/30 11:44:02	,	500042	,	2219	,10.514199,1999.9000,-2.33800364,-591.9817,594944.7500,33.891,605022.0625,1999.9000,
	2026/04/30 11:44:02	,	501042	,	2220	,10.513849,1999.9000,-2.31164718,-591.8795,594957.6875,33.891,604917.8750,1999.9000,
	2026/04/30 11:44:02	,	502042	,	2221	,10.513403,1999.9000,-2.27953625,-591.7944,594973.3750,33.890,604877.4375,1999.9000,
	2026/04/30 11:44:02	,	503042	,	2222	,10.512891,1999.9000,-2.23961711,-591.7234,595228.3125,33.888,604765.0625,1999.9000,
	2026/04/30 11:44:02	,	504042	,	2223	,10.512297,1999.9000,-2.19176316,-591.6642,595507.7500,33.887,604757.5000,1999.9000,
	2026/04/30 11:44:02	,	505042	,	2224	,10.508134,1999.9000,-2.14070749,-591.5154,595507.7500,33.885,604755.0000,1999.9000,
	2026/04/30 11:44:02	,	506042	,	2225	,10.507538,1999.9000,-2.08571291,-591.3915,595507.7500,33.884,604753.7500,1999.9000,
	2026/04/30 11:44:02	,	507042	,	2226	,10.506923,1999.9000,-2.02684879,-591.1887,595507.7500,33.883,604753.0000,1999.9000,
	2026/04/30 11:44:02	,	508042	,	2227	,10.506227,1999.9000,-1.96518636,-591.0197,595507.7500,33.884,604752.5000,1999.9000,
	2026/04/30 11:44:02	,	509042	,	2228	,10.505488,1999.9000,-1.89935791,-590.8788,595414.8125,33.885,604763.5625,1999.9000,
	2026/04/30 11:44:02	,	510042	,	2229	,10.500806,1999.9000,-1.82835531,-590.7615,595380.8750,33.885,604884.6250,1999.9000,
	2026/04/30 11:44:02	,	511042	,	2230	,10.499897,1999.9000,-1.75293469,-590.6638,595364.5625,33.885,604920.0000,1999.9000,
	2026/04/30 11:44:02	,	512042	,	2231	,10.498998,1999.9000,-1.67367601,-590.5822,595352.3125,33.886,605009.6875,1999.9000,
	2026/04/30 11:44:02	,	513042	,	2232	,10.498139,1999.9000,-1.59265268,-590.6138,595174.7500,33.886,605041.0625,1999.9000,
	2026/04/30 11:44:02	,	514042	,	2233	,10.493775,1999.9000,-1.51201367,-590.7396,594892.8750,33.886,605057.0000,1999.9000,
	2026/04/30 11:44:02	,	515042	,	2234	,10.492748,1999.9000,-1.42788959,-590.9438,594888.1250,33.887,605064.8750,1999.9000,
	2026/04/30 11:44:02	,	516042	,	2235	,10.491640,1999.9000,-1.34109950,-591.2136,594886.5625,33.887,605069.6875,1999.9000,
	2026/04/30 11:44:02	,	517042	,	2236	,10.490677,1999.9000,-1.25302374,-591.7368,594885.7500,33.887,605072.8125,1999.9000,
	2026/04/30 11:44:02	,	518042	,	2237	,10.485524,1999.9000,-1.16279876,-592.2723,594885.3125,33.889,605075.5000,1999.9000,
	2026/04/30 11:44:02	,	519042	,	2238	,10.484779,1999.9000,-1.07252347,-592.7184,594884.9375,33.890,605064.3125,1999.9000,
	2026/04/30 11:44:02	,	520042	,	2239	,10.483946,1999.9000,-0.98433435,-593.0903,594897.0000,33.891,604942.0000,1999.9000,
	2026/04/30 11:44:02	,	521042	,	2240	,10.483037,1999.9000,-0.89817452,-593.4001,594982.2500,33.892,604912.4375,1999.9000,
	2026/04/30 11:44:02	,	522042	,	2241	,10.478464,1999.9000,-0.81495154,-593.6584,594993.0000,33.893,604812.7500,1999.9000,
	2026/04/30 11:44:02	,	523042	,	2242	,10.477496,1999.9000,-0.73463404,-593.8736,595134.1875,33.893,604781.9375,1999.9000,
	2026/04/30 11:44:02	,	524042	,	2243	,10.476409,1999.9000,-0.65551394,-594.0529,595425.0000,33.891,604757.1875,1999.9000,
	2026/04/30 11:44:02	,	525042	,	2244	,10.472239,1999.9000,-0.58247572,-594.2023,595460.1250,33.884,604744.8125,1999.9000,
	2026/04/30 11:44:02	,	526042	,	2245	,10.471166,1999.9000,-0.51671666,-594.3268,595471.8125,33.879,604737.4375,1999.9000,
	2026/04/30 11:44:02	,	527042	,	2246	,10.470024,1999.9000,-0.45751211,-594.4306,595477.6875,33.874,604732.4375,1999.9000,
	2026/04/30 11:44:02	,	528042	,	2247	,10.465864,1999.9000,-0.40725690,-594.5171,595481.2500,33.870,604728.3125,1999.9000,
	2026/04/30 11:44:02	,	529042	,	2248	,10.464658,1999.9000,-0.36572427,-594.5892,595483.5625,33.872,604735.7500,1999.9000,
	2026/04/30 11:44:02	,	530042	,	2249	,10.463481,1999.9000,-0.33024818,-594.4503,595394.0000,33.879,604835.1250,1999.9000,
	2026/04/30 11:44:02	,	531042	,	2250	,10.459102,1999.9000,-0.29832029,-594.3346,595372.5625,33.888,604862.3750,1999.9000,
	2026/04/30 11:44:02	,	532042	,	2251	,10.457911,1999.9000,-0.26794282,-594.2382,595358.2500,33.896,604950.5000,1999.9000,
	2026/04/30 11:44:02	,	533042	,	2252	,10.456698,1999.9000,-0.23913465,-594.1577,595248.5625,33.902,604984.3125,1999.9000,
	2026/04/30 11:44:02	,	534042	,	2253	,10.452340,1999.9000,-0.21476965,-594.0908,595010.2500,33.909,605009.5000,1999.9000,
	2026/04/30 11:44:02	,	535042	,	2254	,10.451521,1999.9000,-0.19053070,-594.0350,594850.0000,33.914,605022.0625,1999.9000,
	2026/04/30 11:44:02	,	536042	,	2255	,10.450573,1999.9000,-0.16284434,-593.9884,594850.0000,33.918,605029.5625,1999.9000,
	2026/04/30 11:44:02	,	537042	,	2256	,10.449607,1999.9000,-0.13125052,-593.7507,594850.0000,33.920,605034.6250,1999.9000,
	2026/04/30 11:44:02	,	538042	,	2257	,10.445071,1999.9000,-0.09410429,-593.5526,594850.0000,33.922,605038.8125,1999.9000,
	2026/04/30 11:44:02	,	539042	,	2258	,10.444118,1999.9000,-0.05181532,-593.2881,594850.0000,33.924,605030.3750,1999.9000,
	2026/04/30 11:44:02	,	540042	,	2259	,10.443225,1999.9000,-0.00625541,-592.4708,594941.7500,33.926,604912.4375,1999.9000,
	2026/04/30 11:44:02	,	541042	,	2260	,10.442420,1999.9000,0.04346405,-591.5907,594959.9375,33.929,604881.8750,1999.9000,
	2026/04/30 11:44:02	,	542042	,	2261	,10.441628,1999.9000,0.09707212,-590.7579,594968.3750,33.931,604795.8750,1999.9000,
	2026/04/30 11:44:02	,	543042	,	2262	,10.436552,1999.9000,0.14935033,-590.0638,594987.7500,33.933,604766.6250,1999.9000,
	2026/04/30 11:44:02	,	544042	,	2263	,10.435867,1999.9000,0.19426110,-589.4855,595295.6875,33.935,604682.9375,1999.9000,
	2026/04/30 11:44:02	,	545042	,	2264	,10.435053,1999.9000,0.22605661,-589.0035,595543.5000,33.936,604682.9375,1999.9000,
	2026/04/30 11:44:02	,	546042	,	2265	,10.434303,1999.9000,0.24667169,-588.9003,595543.5000,33.940,604682.9375,1999.9000,
	2026/04/30 11:44:02	,	547042	,	2266	,10.430297,1999.9000,0.26107892,-589.7096,595543.5000,33.944,604682.9375,1999.9000,
	2026/04/30 11:44:02	,	548042	,	2267	,10.429537,1999.9000,0.26914597,-590.5829,595543.5000,33.947,604682.9375,1999.9000,
	2026/04/30 11:44:02	,	549042	,	2268	,10.428946,1999.9000,0.27010077,-591.4102,595543.5000,33.946,604688.2500,1999.9000,
	2026/04/30 11:44:02	,	550042	,	2269	,10.428374,1999.9000,0.27057451,-592.0995,595436.3125,33.945,604699.5000,1999.9000,
	2026/04/30 11:44:02	,	551042	,	2270	,10.427789,1999.9000,0.27315426,-593.0719,595412.1875,33.945,604800.0625,1999.9000,
	2026/04/30 11:44:02	,	552042	,	2271	,10.427248,1999.9000,0.27315426,-594.1806,595396.8125,33.945,604833.2500,1999.9000,
	2026/04/30 11:44:02	,	553042	,	2272	,10.426640,1999.9000,0.27315423,-594.8061,595396.8125,33.944,604923.8750,1999.9000,
	2026/04/30 11:44:02	,	554042	,	2273	,10.422491,1999.9000,0.27315426,-595.2279,595377.6250,33.944,604951.9375,1999.9000,
	2026/04/30 11:44:02	,	555042	,	2274	,10.422015,1999.9000,0.27315426,-596.0768,595140.7500,33.941,604961.3125,1999.9000,
	2026/04/30 11:44:02	,	556042	,	2275	,10.421627,1999.9000,0.26876780,-596.8837,594869.1250,33.938,604966.0000,1999.9000,
	2026/04/30 11:44:02	,	557042	,	2276	,10.421195,1999.9000,0.26876780,-597.6555,594869.1250,33.934,604968.8750,1999.9000,
	2026/04/30 11:44:02	,	558042	,	2277	,10.420865,1999.9000,0.26876780,-598.3983,594869.1250,33.928,604970.7500,1999.9000,
	2026/04/30 11:44:02	,	559042	,	2278	,10.420546,1999.9000,0.26876780,-598.9177,594869.1250,33.917,604962.0000,1999.9000,
	2026/04/30 11:44:02	,	560042	,	2279	,10.420120,1999.9000,0.26876780,-599.1516,594869.1250,33.907,604848.3750,1999.9000,
	2026/04/30 11:44:02	,	561042	,	2280	,10.419677,1999.9000,0.26877311,-598.9486,594879.2500,33.899,604817.5625,1999.9000,
	2026/04/30 11:44:02	,	562042	,	2281	,10.419272,1999.9000,0.27148417,-598.7795,594997.7500,33.894,604719.1875,1999.9000,
	2026/04/30 11:44:02	,	563042	,	2282	,10.418916,1999.9000,0.27464163,-598.6385,595012.6875,33.892,604684.6875,1999.9000,
	2026/04/30 11:44:02	,	564042	,	2283	,10.418559,1999.9000,0.28062892,-598.4215,595033.1250,33.891,604595.3125,1999.9000,
	2026/04/30 11:44:02	,	565042	,	2284	,10.418262,1999.9000,0.28893542,-598.1412,595269.4375,33.890,604595.3125,1999.9000,
	2026/04/30 11:44:02	,	566042	,	2285	,10.418014,1999.9000,0.28893542,-598.1412,595557.8750,33.890,604595.3125,1999.9000,
	2026/04/30 11:44:02	,	567042	,	2286	,10.417806,1999.9000,0.28983879,-597.1660,595557.8750,33.894,604595.3125,1999.9000,
	2026/04/30 11:44:02	,	568042	,	2287	,10.417624,1999.9000,0.28995171,-596.7966,595557.8750,33.898,604595.3125,1999.9000,
	2026/04/30 11:44:02	,	569042	,	2288	,10.417473,1999.9000,0.29001945,-596.4887,595557.8750,33.901,604601.1250,1999.9000,
	2026/04/30 11:44:02	,	570042	,	2289	,10.417356,1999.9000,0.29006460,-596.2322,595557.8750,33.903,604705.2500,1999.9000,
	2026/04/30 11:44:02	,	571042	,	2290	,10.417259,1999.9000,0.28640190,-596.4163,595549.9375,33.905,604736.9375,1999.9000,
	2026/04/30 11:44:02	,	572042	,	2291	,10.417178,1999.9000,0.28274018,-596.6692,595431.5000,33.907,604826.6875,1999.9000,
	2026/04/30 11:44:02	,	573042	,	2292	,10.417110,1999.9000,0.27899659,-596.8799,595415.1250,33.908,604858.0625,1999.9000,
	2026/04/30 11:44:02	,	574042	,	2293	,10.417079,1999.9000,0.27229086,-597.1550,595399.6875,33.906,604858.0625,1999.9000,
	2026/04/30 11:44:02	,	575042	,	2294	,10.417171,1999.9000,0.26145706,-597.3843,595238.4375,33.903,604968.6250,1999.9000,
	2026/04/30 11:44:02	,	576042	,	2295	,10.417383,1999.9000,0.25163797,-597.6747,594960.2500,33.901,604986.1250,1999.9000,
	2026/04/30 11:44:02	,	577042	,	2296	,10.417620,1999.9000,0.24341333,-597.9168,594934.3125,33.898,604991.9375,1999.9000,
	2026/04/30 11:44:02	,	578042	,	2297	,10.417895,1999.9000,0.23719920,-597.9196,594925.6250,33.897,604994.8125,1999.9000,
	2026/04/30 11:44:02	,	579042	,	2298	,10.418319,1999.9000,0.23477909,-597.8225,594921.3125,33.894,604996.5625,1999.9000,
	2026/04/30 11:44:02	,	580042	,	2299	,10.418895,1999.9000,0.23435682,-597.5426,594918.7500,33.891,604997.7500,1999.9000,
	2026/04/30 11:44:02	,	581042	,	2300	,10.422998,1999.9000,0.23375812,-597.3094,594917.0625,33.889,604985.4375,1999.9000,
	2026/04/30 11:44:02	,	582042	,	2301	,10.423669,1999.9000,0.23023508,-597.1151,594928.0000,33.887,604861.1250,1999.9000,
	2026/04/30 11:44:02	,	583042	,	2302	,10.424339,1999.9000,0.22922985,-596.9531,595015.0625,33.886,604828.8125,1999.9000,
	2026/04/30 11:44:02	,	584042	,	2303	,10.425038,1999.9000,0.22864060,-596.8181,595020.6875,33.888,604720.3125,1999.9000,
	2026/04/30 11:44:02	,	585042	,	2304	,10.425738,1999.9000,0.22826718,-596.5066,595145.5625,33.889,604695.6250,1999.9000,
	2026/04/30 11:44:02	,	586042	,	2305	,10.430178,1999.9000,0.22789565,-596.1476,595436.3125,33.887,604687.1250,1999.9000,
	2026/04/30 11:44:02	,	587042	,	2306	,10.431070,1999.9000,0.22539486,-595.7490,595559.6250,33.884,604682.8750,1999.9000,
	2026/04/30 11:44:02	,	588042	,	2307	,10.432142,1999.9000,0.22247685,-595.7490,595559.6250,33.882,604680.3125,1999.9000,
	2026/04/30 11:44:02	,	589042	,	2308	,10.433029,1999.9000,0.21524800,-595.5163,595559.6250,33.881,604678.5625,1999.9000,
	2026/04/30 11:44:02	,	590042	,	2309	,10.437147,1999.9000,0.20584486,-595.3431,595559.6250,33.881,604677.2500,1999.9000,
	2026/04/30 11:44:02	,	591042	,	2310	,10.437982,1999.9000,0.19646062,-595.3431,595559.6250,33.880,604686.6250,1999.9000,
	2026/04/30 11:44:02	,	592042	,	2311	,10.438895,1999.9000,0.18751754,-595.2775,595456.5625,33.880,604788.6250,1999.9000,
	2026/04/30 11:44:02	,	593042	,	2312	,10.439829,1999.9000,0.17899042,-595.0239,595433.0000,33.880,604816.6875,1999.9000,
	2026/04/30 11:44:02	,	594042	,	2313	,10.444833,1999.9000,0.16943602,-594.8353,595421.0000,33.880,604912.4375,1999.9000,
	2026/04/30 11:44:02	,	595042	,	2314	,10.445861,1999.9000,0.15548253,-594.8544,595315.3125,33.879,604949.9375,1999.9000,
	2026/04/30 11:44:02	,	596042	,	2315	,10.446798,1999.9000,0.14065304,-594.8544,595078.8125,33.879,605067.6250,1999.9000,
	2026/04/30 11:44:02	,	597042	,	2316	,10.447752,1999.9000,0.14065304,-595.0692,594859.0000,33.881,605067.6250,1999.9000,
	2026/04/30 11:44:02	,	598042	,	2317	,10.452488,1999.9000,0.12649792,-595.2482,594859.0000,33.882,605067.6250,1999.9000,
	2026/04/30 11:44:02	,	599042	,	2318	,10.453561,1999.9000,0.11200874,-595.3973,594859.0000,33.884,605067.6250,1999.9000,
	2026/04/30 11:44:02	,	600042	,	2319	,10.454583,1999.9000,0.09803008,-595.3227,594859.0000,33.886,605067.6250,1999.9000,
	2026/04/30 11:44:02	,	601042	,	2320	,10.458863,1999.9000,0.08274049,-594.9621,594859.0000,33.887,605054.5625,1999.9000,
	2026/04/30 11:44:02	,	602042	,	2321	,10.459966,1999.9000,0.06244682,-595.1589,594957.2500,33.887,604913.6250,1999.9000,
	2026/04/30 11:44:02	,	603042	,	2322	,10.460968,1999.9000,0.03730031,-595.7209,594984.4375,33.885,604884.0000,1999.9000,
	2026/04/30 11:44:02	,	604042	,	2323	,10.465090,1999.9000,0.00863079,-595.7913,594997.6250,33.884,604787.3750,1999.9000,
	2026/04/30 11:44:02	,	605042	,	2324	,10.466117,1999.9000,-0.02179710,-595.8499,595087.7500,33.885,604761.4375,1999.9000,
	2026/04/30 11:44:02	,	606042	,	2325	,10.467125,1999.9000,-0.04910530,-595.6999,595321.3125,33.885,604746.3125,1999.9000,
	2026/04/30 11:44:02	,	607042	,	2326	,10.471494,1999.9000,-0.07490093,-595.2764,595561.3750,33.886,604738.7500,1999.9000,
	2026/04/30 11:44:02	,	608042	,	2327	,10.472492,1999.9000,-0.10066506,-595.2219,595561.3750,33.884,604734.2500,1999.9000,
	2026/04/30 11:44:02	,	609042	,	2328	,10.473460,1999.9000,-0.12559098,-595.1765,595561.3750,33.884,604731.2500,1999.9000,
	2026/04/30 11:44:02	,	610042	,	2329	,10.474451,1999.9000,-0.15265971,-595.1387,595561.3750,33.883,604728.6875,1999.9000,
	2026/04/30 11:44:02	,	611042	,	2330	,10.479477,1999.9000,-0.18391949,-595.1071,595561.3750,33.882,604739.0625,1999.9000,
	2026/04/30 11:44:02	,	612042	,	2331	,10.480550,1999.9000,-0.21754900,-594.6830,595445.2500,33.882,604866.5000,1999.9000,
	2026/04/30 11:44:02	,	613042	,	2332	,10.481523,1999.9000,-0.25245789,-594.3295,595416.9375,33.889,604901.1875,1999.9000,
	2026/04/30 11:44:02	,	614042	,	2333	,10.482486,1999.9000,-0.28996336,-594.0350,595398.7500,33.895,605010.8750,1999.9000,
	2026/04/30 11:44:02	,	615042	,	2334	,10.487192,1999.9000,-0.33228382,-594.1874,595380.7500,33.895,605048.0000,1999.9000,
	2026/04/30 11:44:02	,	616042	,	2335	,10.488264,1999.9000,-0.38275960,-594.6129,595162.8125,33.895,605132.8750,1999.9000,
	2026/04/30 11:44:02	,	617042	,	2336	,10.489218,1999.9000,-0.43965748,-594.9673,594885.7500,33.900,605132.8750,1999.9000,
	2026/04/30 11:44:02	,	618042	,	2337	,10.490082,1999.9000,-0.49860361,-595.6607,594885.7500,33.906,605132.8750,1999.9000,
	2026/04/30 11:44:02	,	619042	,	2338	,10.494461,1999.9000,-0.56106651,-596.2385,594885.7500,33.910,605132.8750,1999.9000,
	2026/04/30 11:44:02	,	620042	,	2339	,10.495369,1999.9000,-0.62674361,-596.7200,594885.7500,33.914,605132.8750,1999.9000,
	2026/04/30 11:44:02	,	621042	,	2340	,10.496218,1999.9000,-0.69534498,-597.1212,594885.7500,33.913,605120.1875,1999.9000,
	2026/04/30 11:44:02	,	622042	,	2341	,10.497066,1999.9000,-0.76878667,-597.4556,594892.2500,33.910,604970.3750,1999.9000,
	2026/04/30 11:44:02	,	623042	,	2342	,10.501252,1999.9000,-0.84672183,-597.7342,594988.2500,33.908,604937.8125,1999.9000,
	2026/04/30 11:44:02	,	624042	,	2343	,10.501893,1999.9000,-0.92743641,-597.6680,594996.3125,33.906,604830.3125,1999.9000,
	2026/04/30 11:44:02	,	625042	,	2344	,10.502604,1999.9000,-1.00970769,-597.5133,595006.1250,33.904,604794.6875,1999.9000,
	2026/04/30 11:44:02	,	626042	,	2345	,10.503293,1999.9000,-1.09042859,-597.0861,595196.8125,33.903,604769.0625,1999.9000,
	2026/04/30 11:44:02	,	627042	,	2346	,10.503891,1999.9000,-1.17003393,-596.7300,595493.5000,33.902,604756.2500,1999.9000,
	2026/04/30 11:44:02	,	628042	,	2347	,10.504469,1999.9000,-1.25263298,-596.4332,595493.5000,33.901,604748.6250,1999.9000,
	2026/04/30 11:44:02	,	629042	,	2348	,10.508492,1999.9000,-1.33659947,-596.4844,595493.5000,33.902,604743.5000,1999.9000,
	2026/04/30 11:44:02	,	630042	,	2349	,10.509087,1999.9000,-1.42087495,-596.5270,595493.5000,33.898,604739.1875,1999.9000,
	2026/04/30 11:44:02	,	631042	,	2350	,10.509603,1999.9000,-1.50545919,-596.5625,595493.5000,33.899,604745.7500,1999.9000,
	2026/04/30 11:44:02	,	632042	,	2351	,10.510070,1999.9000,-1.58766115,-596.2936,595491.8750,33.902,604844.7500,1999.9000,
	2026/04/30 11:44:02	,	633042	,	2352	,10.510463,1999.9000,-1.66579807,-595.4728,595390.4375,33.904,604872.0000,1999.9000,
	2026/04/30 11:44:02	,	634042	,	2353	,10.510829,1999.9000,-1.73978806,-594.7887,595371.1250,33.905,604972.8125,1999.9000,
	2026/04/30 11:44:02	,	635042	,	2354	,10.511269,1999.9000,-1.80983889,-595.0145,595357.8750,33.905,605005.6875,1999.9000,
	2026/04/30 11:44:02	,	636042	,	2355	,10.511768,1999.9000,-1.87844038,-594.4068,595217.6250,33.905,605123.8125,1999.9000,
	2026/04/30 11:44:02	,	637042	,	2356	,10.512251,1999.9000,-1.94653130,-593.9005,594957.8750,33.904,605123.8125,1999.9000,
	2026/04/30 11:44:02	,	638042	,	2357	,10.512677,1999.9000,-2.00886798,-593.3790,594860.1250,33.902,605123.8125,1999.9000,
	2026/04/30 11:44:02	,	639042	,	2358	,10.513056,1999.9000,-2.06567144,-592.9444,594860.1250,33.902,605123.8125,1999.9000,
	2026/04/30 11:44:02	,	640042	,	2359	,10.513388,1999.9000,-2.11699176,-592.5823,594860.1250,33.899,605123.8125,1999.9000,
	2026/04/30 11:44:02	,	641042	,	2360	,10.513675,1999.9000,-2.16133523,-592.3799,594860.1250,33.896,605113.8750,1999.9000,
	2026/04/30 11:44:02	,	642042	,	2361	,10.513913,1999.9000,-2.20083857,-592.4103,594860.1250,33.893,604993.9375,1999.9000,
	2026/04/30 11:44:02	,	643042	,	2362	,10.514112,1999.9000,-2.23672438,-592.7340,594943.0000,33.887,604963.1875,1999.9000,
	2026/04/30 11:44:02	,	644042	,	2363	,10.514277,1999.9000,-2.26876545,-593.0038,594961.6875,33.883,604853.8125,1999.9000,
	2026/04/30 11:44:02	,	645042	,	2364	,10.514416,1999.9000,-2.29723978,-593.3281,594971.1875,33.879,604823.3125,1999.9000,
	2026/04/30 11:44:02	,	646042	,	2365	,10.514525,1999.9000,-2.32036328,-593.5983,595088.3125,33.876,604797.6250,1999.9000,
	2026/04/30 11:44:02	,	647042	,	2366	,10.514617,1999.9000,-2.33586073,-594.0225,595374.9375,33.875,604784.8125,1999.9000,
	2026/04/30 11:44:02	,	648042	,	2367	,10.514693,1999.9000,-2.34796143,-594.3759,595526.2500,33.875,604777.1250,1999.9000,
	2026/04/30 11:44:02	,	649042	,	2368	,10.514757,1999.9000,-2.35210824,-594.8693,595526.2500,33.876,604772.0000,1999.9000,
	2026/04/30 11:44:02	,	650042	,	2369	,10.514710,1999.9000,-2.35210824,-595.2806,595526.2500,33.879,604767.6875,1999.9000,
	2026/04/30 11:44:02	,	651042	,	2370	,10.514587,1999.9000,-2.35210824,-595.6233,595526.2500,33.885,604769.2500,1999.9000,
	2026/04/30 11:44:02	,	652042	,	2371	,10.514435,1999.9000,-2.35210824,-595.7100,595526.2500,33.896,604851.3750,1999.9000,
	2026/04/30 11:44:02	,	653042	,	2372	,10.514238,1999.9000,-2.35210824,-595.7822,595426.1875,33.906,604884.0000,1999.9000,
	2026/04/30 11:44:02	,	654042	,	2373	,10.513946,1999.9000,-2.33759379,-595.5439,595402.3125,33.913,604972.1875,1999.9000,
	2026/04/30 11:44:02	,	655042	,	2374	,10.513562,1999.9000,-2.31681490,-595.6438,595389.8125,33.920,604997.5625,1999.9000,
	2026/04/30 11:44:02	,	656042	,	2375	,10.513119,1999.9000,-2.29050875,-595.4286,595306.4375,33.921,605084.5625,1999.9000,
	2026/04/30 11:44:02	,	657042	,	2376	,10.512541,1999.9000,-2.26106405,-595.0503,595090.7500,33.921,605084.5625,1999.9000,
	2026/04/30 11:44:02	,	658042	,	2377	,10.511935,1999.9000,-2.22432137,-594.4366,594835.7500,33.922,605084.5625,1999.9000,
	2026/04/30 11:44:02	,	659042	,	2378	,10.507866,1999.9000,-2.17918992,-593.9253,594835.7500,33.921,605084.5625,1999.9000,
	2026/04/30 11:44:02	,	660042	,	2379	,10.506957,1999.9000,-2.12726450,-593.4991,594835.7500,33.920,605084.5625,1999.9000,
	2026/04/30 11:44:02	,	661042	,	2380	,10.506227,1999.9000,-2.06769443,-592.7462,594835.7500,33.919,605081.2500,1999.9000,
	2026/04/30 11:44:02	,	662042	,	2381	,10.505505,1999.9000,-2.00178432,-592.1186,594835.7500,33.915,604992.1875,1999.9000,
	2026/04/30 11:44:02	,	663042	,	2382	,10.504726,1999.9000,-1.93206716,-591.7947,594923.2500,33.912,604960.7500,1999.9000,
	2026/04/30 11:44:02	,	664042	,	2383	,10.500120,1999.9000,-1.85889673,-591.5247,594940.6250,33.910,604868.3750,1999.9000,
	2026/04/30 11:44:02	,	665042	,	2384	,10.499287,1999.9000,-1.78228486,-591.2996,594950.9375,33.907,604834.1875,1999.9000,
	2026/04/30 11:44:02	,	666042	,	2385	,10.498264,1999.9000,-1.70180988,-591.4106,594967.5625,33.904,604731.8125,1999.9000,
	2026/04/30 11:44:02	,	667042	,	2386	,10.494223,1999.9000,-1.61458492,-591.6025,595246.1875,33.900,604720.6250,1999.9000,
	2026/04/30 11:44:02	,	668042	,	2387	,10.493343,1999.9000,-1.52439165,-591.8619,595547.7500,33.896,604716.9375,1999.9000,
	2026/04/30 11:44:02	,	669042	,	2388	,10.492395,1999.9000,-1.43432438,-592.2770,595547.7500,33.890,604715.0625,1999.9000,
	2026/04/30 11:44:02	,	670042	,	2389	,10.488384,1999.9000,-1.34356999,-592.6229,595547.7500,33.884,604713.9375,1999.9000,
	2026/04/30 11:44:02	,	671042	,	2390	,10.487475,1999.9000,-1.25415802,-593.0107,595547.7500,33.878,604713.2500,1999.9000,
	2026/04/30 11:44:02	,	672042	,	2391	,10.486676,1999.9000,-1.16704023,-593.9307,595547.7500,33.874,604722.7500,1999.9000,
	2026/04/30 11:44:02	,	673042	,	2392	,10.485763,1999.9000,-1.08139729,-594.6973,595441.6250,33.870,604832.1250,1999.9000,
	2026/04/30 11:44:02	,	674042	,	2393	,10.480699,1999.9000,-0.99666804,-594.7394,595411.8750,33.868,604860.8125,1999.9000,
	2026/04/30 11:44:02	,	675042	,	2394	,10.480699,1999.9000,-0.91310483,-594.7744,595396.3750,33.873,604950.5000,1999.9000,
	2026/04/30 11:44:02	,	676042	,	2395	,10.479746,1999.9000,-0.83222640,-594.8036,595381.1875,33.879,604977.6250,1999.9000,
	2026/04/30 11:44:02	,	677042	,	2396	,10.478752,1999.9000,-0.75825536,-594.8279,595173.5625,33.885,605002.0000,1999.9000,
	2026/04/30 11:44:02	,	678042	,	2397	,10.474563,1999.9000,-0.69023383,-594.8482,594893.5000,33.890,605014.1875,1999.9000,
	2026/04/30 11:44:02	,	679042	,	2398	,10.473758,1999.9000,-0.62504828,-594.8651,594893.5000,33.894,605021.5625,1999.9000,
	2026/04/30 11:44:02	,	680042	,	2399	,10.472795,1999.9000,-0.56388372,-594.8792,594893.5000,33.897,605026.3750,1999.9000,
	2026/04/30 11:44:02	,	681042	,	2400	,10.468246,1999.9000,-0.50561190,-594.7914,594893.5000,33.900,605030.3750,1999.9000,
	2026/04/30 11:44:02	,	682042	,	2401	,10.467249,1999.9000,-0.44994926,-594.7183,594893.5000,33.903,605021.1875,1999.9000,
	2026/04/30 11:44:02	,	683042	,	2402	,10.466172,1999.9000,-0.40072769,-594.6573,594893.5625,33.905,604899.1250,1999.9000,
	2026/04/30 11:44:02	,	684042	,	2403	,10.461961,1999.9000,-0.35866559,-594.6066,594905.5000,33.907,604865.6250,1999.9000,
	2026/04/30 11:44:02	,	685042	,	2404	,10.460889,1999.9000,-0.32166430,-594.7632,594993.6250,33.908,604769.2500,1999.9000,
	2026/04/30 11:44:02	,	686042	,	2405	,10.459797,1999.9000,-0.28711468,-594.6948,595002.2500,33.909,604736.9375,1999.9000,
	2026/04/30 11:44:02	,	687042	,	2406	,10.455408,1999.9000,-0.25086340,-594.6378,595162.8125,33.910,604647.8750,1999.9000,
	2026/04/30 11:44:02	,	688042	,	2407	,10.454470,1999.9000,-0.21350288,-594.4908,595457.1250,33.911,604647.8750,1999.9000,
	2026/04/30 11:44:02	,	689042	,	2408	,10.453443,1999.9000,-0.17913599,-594.2688,595471.7500,33.912,604647.8750,1999.9000,
	2026/04/30 11:44:02	,	690042	,	2409	,10.452488,1999.9000,-0.14551279,-593.8849,595476.5625,33.912,604647.8750,1999.9000,
	2026/04/30 11:44:02	,	691042	,	2410	,10.447662,1999.9000,-0.11158078,-593.5650,595479.0000,33.908,604647.8750,1999.9000,
	2026/04/30 11:44:02	,	692042	,	2411	,10.446799,1999.9000,-0.07798912,-593.2984,595480.5000,33.909,604654.6875,1999.9000,
	2026/04/30 11:44:02	,	693042	,	2412	,10.445876,1999.9000,-0.04307393,-593.0762,595481.4375,33.910,604751.7500,1999.9000,
	2026/04/30 11:44:02	,	694042	,	2413	,10.444930,1999.9000,-0.00490672,-592.5927,595468.1875,33.911,604781.9375,1999.9000,
	2026/04/30 11:44:02	,	695042	,	2414	,10.440752,1999.9000,0.03784233,-591.9907,595370.7500,33.912,604878.0000,1999.9000,
	2026/04/30 11:44:02	,	696042	,	2415	,10.439815,1999.9000,0.08550724,-591.2902,595357.3125,33.912,604911.5000,1999.9000,
	2026/04/30 11:44:02	,	697042	,	2416	,10.438896,1999.9000,0.13172258,-590.6069,595247.4375,33.908,605026.5625,1999.9000,
	2026/04/30 11:44:02	,	698042	,	2417	,10.438094,1999.9000,0.16736884,-590.0375,595003.1250,33.905,605026.5625,1999.9000,
	2026/04/30 11:44:02	,	699042	,	2418	,10.433990,1999.9000,0.19221283,-589.5630,594868.5000,33.910,605026.5625,1999.9000,
	2026/04/30 11:44:02	,	700042	,	2419	,10.433083,1999.9000,0.20859270,-589.1676,594868.5000,33.914,605026.5625,1999.9000,
	2026/04/30 11:44:02	,	701042	,	2420	,10.432352,1999.9000,0.22058614,-588.8381,594868.5000,33.917,605026.5625,1999.9000,
	2026/04/30 11:44:02	,	702042	,	2421	,10.431644,1999.9000,0.23130648,-588.8619,594868.5000,33.911,605015.3125,1999.9000,
	2026/04/30 11:44:02	,	703042	,	2422	,10.430928,1999.9000,0.24002267,-590.1749,594868.5000,33.905,604879.2500,1999.9000,
	2026/04/30 11:44:02	,	704042	,	2423	,10.430337,1999.9000,0.24705613,-591.4681,594971.0000,33.901,604847.5000,1999.9000,
	2026/04/30 11:44:02	,	705042	,	2424	,10.426334,1999.9000,0.25456858,-592.6451,594991.2500,33.897,604754.1875,1999.9000,
	2026/04/30 11:44:02	,	706042	,	2425	,10.425769,1999.9000,0.26262298,-593.8250,595001.3750,33.897,604730.0000,1999.9000,
	2026/04/30 11:44:02	,	707042	,	2426	,10.425103,1999.9000,0.27239171,-594.9077,595092.5000,33.897,604703.8125,1999.9000,
	2026/04/30 11:44:02	,	708042	,	2427	,10.424510,1999.9000,0.28411412,-596.2078,595346.9375,33.897,604690.7500,1999.9000,
	2026/04/30 11:44:02	,	709042	,	2428	,10.423945,1999.9000,0.29010135,-597.2913,595554.8750,33.895,604682.9375,1999.9000,
	2026/04/30 11:44:02	,	710042	,	2429	,10.423470,1999.9000,0.29010135,-598.1942,595554.8750,33.896,604677.7500,1999.9000,
	2026/04/30 11:44:02	,	711042	,	2430	,10.422956,1999.9000,0.29010141,-598.9465,595554.8750,33.896,604673.3750,1999.9000,
	2026/04/30 11:44:02	,	712042	,	2431	,10.422366,1999.9000,0.29010135,-599.2751,595554.8750,33.896,604672.6250,1999.9000,
	2026/04/30 11:44:02	,	713042	,	2432	,10.421762,1999.9000,0.29010135,-599.5488,595554.8750,33.898,604683.5625,1999.9000,
	2026/04/30 11:44:02	,	714042	,	2433	,10.421198,1999.9000,0.28758040,-599.7770,595439.8750,33.901,604791.6250,1999.9000,
	2026/04/30 11:44:02	,	715042	,	2434	,10.420654,1999.9000,0.28661931,-599.6688,595416.0000,33.903,604823.0000,1999.9000,
	2026/04/30 11:44:02	,	716042	,	2435	,10.420146,1999.9000,0.28374857,-599.5786,595401.5625,33.904,604915.4375,1999.9000,
	2026/04/30 11:44:02	,	717042	,	2436	,10.419673,1999.9000,0.28040832,-599.2050,595381.7500,33.902,604950.8125,1999.9000,
	2026/04/30 11:44:02	,	718042	,	2437	,10.419244,1999.9000,0.27327403,-598.7941,595122.3125,33.903,604962.5625,1999.9000,
	2026/04/30 11:44:02	,	719042	,	2438	,10.418861,1999.9000,0.26692751,-598.4518,594845.8750,33.903,604968.4375,1999.9000,
	2026/04/30 11:44:02	,	720042	,	2439	,10.418532,1999.9000,0.26692751,-598.1665,594845.8750,33.904,604971.9375,1999.9000,
	2026/04/30 11:44:02	,	721042	,	2440	,10.418236,1999.9000,0.26692751,-597.9288,594845.8750,33.907,604974.3125,1999.9000,
	2026/04/30 11:44:02	,	722042	,	2441	,10.417982,1999.9000,0.26692751,-597.5317,594845.8750,33.907,604970.6250,1999.9000,
	2026/04/30 11:44:02	,	723042	,	2442	,10.417770,1999.9000,0.26692748,-597.2008,594845.8750,33.907,604874.9375,1999.9000,
	2026/04/30 11:44:02	,	724042	,	2443	,10.417595,1999.9000,0.26695901,-597.1240,594946.0000,33.907,604847.1875,1999.9000,
	2026/04/30 11:44:02	,	725042	,	2444	,10.417453,1999.9000,0.26940438,-597.0600,594975.4375,33.907,604763.8125,1999.9000,
	2026/04/30 11:44:02	,	726042	,	2445	,10.417360,1999.9000,0.26989913,-597.0067,594990.6250,33.907,604733.9375,1999.9000,
	2026/04/30 11:44:02	,	727042	,	2446	,10.417287,1999.9000,0.27015018,-596.9622,595007.0000,33.909,604645.4375,1999.9000,
	2026/04/30 11:44:02	,	728042	,	2447	,10.417260,1999.9000,0.27038127,-596.8257,595265.3125,33.912,604645.4375,1999.9000,
	2026/04/30 11:44:02	,	729042	,	2448	,10.417273,1999.9000,0.27051991,-596.7120,595555.5000,33.912,604645.4375,1999.9000,
	2026/04/30 11:44:02	,	730042	,	2449	,10.417394,1999.9000,0.27061239,-596.5177,595555.5000,33.911,604645.4375,1999.9000,
	2026/04/30 11:44:02	,	731042	,	2450	,10.417618,1999.9000,0.27068940,-596.4553,595555.5000,33.912,604645.4375,1999.9000,
	2026/04/30 11:44:02	,	732042	,	2451	,10.417934,1999.9000,0.27075359,-596.5027,595555.5000,33.917,604645.4375,1999.9000,
	2026/04/30 11:44:02	,	733042	,	2452	,10.418346,1999.9000,0.26513764,-596.5423,595555.5000,33.921,604646.2500,1999.9000,
	2026/04/30 11:44:02	,	734042	,	2453	,10.418889,1999.9000,0.25879115,-596.5753,595547.0000,33.925,604659.7500,1999.9000,
	2026/04/30 11:44:02	,	735042	,	2454	,10.419544,1999.9000,0.25264636,-596.8017,595426.7500,33.928,604785.0000,1999.9000,
	2026/04/30 11:44:02	,	736042	,	2455	,10.423594,1999.9000,0.24628092,-596.9904,595411.0000,33.927,604814.0000,1999.9000,
	2026/04/30 11:44:02	,	737042	,	2456	,10.424219,1999.9000,0.23941764,-597.1476,595397.3750,33.925,604905.1250,1999.9000,
	2026/04/30 11:44:02	,	738042	,	2457	,10.424953,1999.9000,0.22928342,-597.2786,595242.0625,33.921,604939.8750,1999.9000,
	2026/04/30 11:44:02	,	739042	,	2458	,10.425679,1999.9000,0.21781309,-597.3878,594972.1250,33.921,605039.8750,1999.9000,
	2026/04/30 11:44:02	,	740042	,	2459	,10.426459,1999.9000,0.20788054,-597.1804,594943.5000,33.921,605039.8750,1999.9000,
	2026/04/30 11:44:02	,	741042	,	2460	,10.431518,1999.9000,0.19876099,-596.5101,594934.0000,33.922,605039.8750,1999.9000,
	2026/04/30 11:44:02	,	742042	,	2461	,10.432247,1999.9000,0.19201116,-595.9515,594929.2500,33.922,605039.8750,1999.9000,
	2026/04/30 11:44:02	,	743042	,	2462	,10.433027,1999.9000,0.18843770,-595.4861,594926.3750,33.918,605026.8750,1999.9000,
	2026/04/30 11:44:02	,	744042	,	2463	,10.433871,1999.9000,0.18592304,-595.0983,594924.5000,33.918,605026.8750,1999.9000,
	2026/04/30 11:44:02	,	745042	,	2464	,10.438220,1999.9000,0.18343993,-595.2725,594932.8750,33.921,604883.4375,1999.9000,
	2026/04/30 11:44:02	,	746042	,	2465	,10.439143,1999.9000,0.18043366,-595.5170,594942.8750,33.923,604853.1875,1999.9000,
	2026/04/30 11:44:02	,	747042	,	2466	,10.440037,1999.9000,0.17676570,-595.7209,594954.3750,33.925,604759.6250,1999.9000,
	2026/04/30 11:44:02	,	748042	,	2467	,10.441013,1999.9000,0.17598735,-595.8907,595149.6875,33.926,604734.5625,1999.9000,
	2026/04/30 11:44:02	,	749042	,	2468	,10.446174,1999.9000,0.17544222,-596.0322,595450.0000,33.918,604710.6875,1999.9000,
	2026/04/30 11:44:02	,	750042	,	2469	,10.447053,1999.9000,0.17008518,-596.1502,595556.0625,33.908,604698.7500,1999.9000,
	2026/04/30 11:44:02	,	751042	,	2470	,10.447931,1999.9000,0.16312106,-596.2485,595556.0625,33.900,604691.5625,1999.9000,
	2026/04/30 11:44:02	,	752042	,	2471	,10.448892,1999.9000,0.15251414,-596.2310,595556.0625,33.894,604686.8125,1999.9000,
	2026/04/30 11:44:02	,	753042	,	2472	,10.454365,1999.9000,0.13690946,-596.1169,595556.0625,33.891,604682.8750,1999.9000,
	2026/04/30 11:44:02	,	754042	,	2473	,10.455318,1999.9000,0.11722711,-596.0218,595556.0625,33.884,604687.9375,1999.9000,
	2026/04/30 11:44:02	,	755042	,	2474	,10.456281,1999.9000,0.09337890,-595.7436,595455.3750,33.879,604784.3750,1999.9000,
	2026/04/30 11:44:02	,	756042	,	2475	,10.460294,1999.9000,0.06482910,-595.3128,595432.1250,33.874,604811.5000,1999.9000,
	2026/04/30 11:44:02	,	757042	,	2476	,10.461366,1999.9000,0.03289497,-594.4565,595414.6250,33.872,604899.7500,1999.9000,
	2026/04/30 11:44:02	,	758042	,	2477	,10.462379,1999.9000,-0.00362103,-593.2455,595291.5625,33.870,604929.0000,1999.9000,
	2026/04/30 11:44:02	,	759042	,	2478	,10.466459,1999.9000,-0.04371046,-592.2363,595048.4375,33.871,605048.3125,1999.9000,
	2026/04/30 11:44:02	,	760042	,	2479	,10.467636,1999.9000,-0.08136088,-591.2959,594856.0000,33.876,605048.3125,1999.9000,
	2026/04/30 11:44:02	,	761042	,	2480	,10.468804,1999.9000,-0.11556388,-590.4127,594856.0000,33.879,605048.3125,1999.9000,
	2026/04/30 11:44:02	,	762042	,	2481	,10.472804,1999.9000,-0.14559473,-589.6768,594856.0000,33.882,605048.3125,1999.9000,
	2026/04/30 11:44:02	,	763042	,	2482	,10.473728,1999.9000,-0.17142189,-589.0634,594856.0000,33.885,605048.3125,1999.9000,
	2026/04/30 11:44:02	,	764042	,	2483	,10.474771,1999.9000,-0.19697173,-588.5524,594856.0000,33.887,605045.9375,1999.9000,
	2026/04/30 11:44:02	,	765042	,	2484	,10.475739,1999.9000,-0.22463287,-588.2259,594955.5000,33.888,604961.9375,1999.9000,
	2026/04/30 11:44:02	,	766042	,	2485	,10.480788,1999.9000,-0.25386333,-588.1528,594978.1250,33.890,604929.0000,1999.9000,
	2026/04/30 11:44:02	,	767042	,	2486	,10.481890,1999.9000,-0.28555799,-588.3904,594987.2500,33.894,604832.6875,1999.9000,
	2026/04/30 11:44:02	,	768042	,	2487	,10.482854,1999.9000,-0.31987444,-589.6826,595075.2500,33.902,604801.0000,1999.9000,
	2026/04/30 11:44:02	,	769042	,	2488	,10.483811,1999.9000,-0.35658577,-590.7593,595339.8125,33.904,604711.3125,1999.9000,
	2026/04/30 11:44:02	,	770042	,	2489	,10.488682,1999.9000,-0.40022978,-591.6566,595570.9375,33.906,604711.3125,1999.9000,
	2026/04/30 11:44:02	,	771042	,	2490	,10.489531,1999.9000,-0.45048496,-592.4044,595570.9375,33.906,604711.3125,1999.9000,
	2026/04/30 11:44:02	,	772042	,	2491	,10.490390,1999.9000,-0.50678408,-593.0275,595570.9375,33.906,604711.3125,1999.9000,
	2026/04/30 11:44:02	,	773042	,	2492	,10.491206,1999.9000,-0.57113141,-593.0494,595570.9375,33.904,604711.3125,1999.9000,
	2026/04/30 11:44:02	,	774042	,	2493	,10.495444,1999.9000,-0.64250582,-593.0677,595570.9375,33.905,604720.2500,1999.9000,
	2026/04/30 11:44:02	,	775042	,	2494	,10.496457,1999.9000,-0.71935076,-592.9835,595453.5625,33.905,604833.2500,1999.9000,
	2026/04/30 11:44:02	,	776042	,	2495	,10.497390,1999.9000,-0.80085945,-592.9133,595426.7500,33.904,604860.5000,1999.9000,
	2026/04/30 11:44:02	,	777042	,	2496	,10.498259,1999.9000,-0.88579029,-592.8548,595410.6250,33.902,604960.1250,1999.9000,
	2026/04/30 11:44:02	,	778042	,	2497	,10.499053,1999.9000,-0.97408032,-592.8060,595391.1250,33.900,604998.1875,1999.9000,
	2026/04/30 11:44:02	,	779042	,	2498	,10.503516,1999.9000,-1.06690812,-592.5664,595139.5625,33.898,605114.7500,1999.9000,
	2026/04/30 11:44:02	,	780042	,	2499	,10.504038,1999.9000,-1.15913081,-592.5657,594861.3750,33.896,605143.7500,1999.9000,
	2026/04/30 11:44:02	,	781042	,	2500	,10.504757,1999.9000,-1.24956989,-592.7640,594861.3750,33.895,605153.5000,1999.9000,
	2026/04/30 11:44:02	,	782042	,	2501	,10.505423,1999.9000,-1.24956989,-592.9294,594861.3750,33.894,605158.3125,1999.9000,
	2026/04/30 11:44:02	,	783042	,	2502	,10.506001,1999.9000,-1.33864152,-593.2661,594861.3750,33.891,605161.1875,1999.9000,
	2026/04/30 11:44:02	,	784042	,	2503	,10.506565,1999.9000,-1.42413318,-593.5466,594861.3750,33.889,605163.1250,1999.9000,
	2026/04/30 11:44:02	,	785042	,	2504	,10.507209,1999.9000,-1.50623453,-593.7805,594872.0625,33.887,605156.5000,1999.9000,
	2026/04/30 11:44:02	,	786042	,	2505	,10.511231,1999.9000,-1.58583975,-593.9753,594979.8750,33.886,605143.5000,1999.9000,
	2026/04/30 11:44:02	,	787042	,	2506	,10.511470,1999.9000,-1.66264057,-594.1376,594986.1250,33.888,605024.1250,1999.9000,
	2026/04/30 11:44:02	,	788042	,	2507	,10.511847,1999.9000,-1.73648560,-594.2729,594995.1875,33.889,604987.8750,1999.9000,
	2026/04/30 11:44:02	,	789042	,	2508	,10.512185,1999.9000,-1.80638516,-594.3857,595197.9375,33.890,604849.6250,1999.9000,
	2026/04/30 11:44:02	,	790042	,	2509	,10.512460,1999.9000,-1.86920738,-594.4796,595500.0625,33.893,604811.5625,1999.9000,
	2026/04/30 11:44:02	,	791042	,	2510	,10.512776,1999.9000,-1.92821014,-594.5579,595500.0625,33.895,604798.8750,1999.9000,
	2026/04/30 11:44:02	,	792042	,	2511	,10.513104,1999.9000,-1.98481178,-594.3248,595500.0625,33.905,604792.5625,1999.9000,
	2026/04/30 11:44:02	,	793042	,	2512	,10.513408,1999.9000,-2.03753114,-594.0310,595500.0625,33.912,604788.7500,1999.9000,
	2026/04/30 11:44:02	,	794042	,	2513	,10.513675,1999.9000,-2.08813930,-593.7862,595500.0625,33.919,604786.1875,1999.9000,
	2026/04/30 11:44:02	,	795042	,	2514	,10.513928,1999.9000,-2.13667393,-593.2838,595496.3125,33.925,604791.6250,1999.9000,
	2026/04/30 11:44:02	,	796042	,	2515	,10.514144,1999.9000,-2.18156600,-592.8651,595405.9375,33.928,604878.0000,1999.9000,
	2026/04/30 11:44:02	,	797042	,	2516	,10.514324,1999.9000,-2.22226667,-592.5162,595386.2500,33.924,604903.3750,1999.9000,
	2026/04/30 11:44:02	,	798042	,	2517	,10.514474,1999.9000,-2.25862503,-592.2255,595372.7500,33.921,604990.9375,1999.9000,
	2026/04/30 11:44:02	,	799042	,	2518	,10.514599,1999.9000,-2.29094982,-591.9832,595220.0625,33.918,605029.8750,1999.9000,
	2026/04/30 11:44:02	,	800042	,	2519	,10.514703,1999.9000,-2.32161736,-591.7813,594956.1250,33.916,605137.6875,1999.9000,
	2026/04/30 11:44:02	,	801042	,	2520	,10.514783,1999.9000,-2.34769654,-591.6130,594875.0000,33.915,605137.6875,1999.9000,
	2026/04/30 11:44:02	,	802042	,	2521	,10.514837,1999.9000,-2.36650300,-591.3733,594875.0000,33.913,605137.6875,1999.9000,
	2026/04/30 11:44:02	,	803042	,	2522	,10.514843,1999.9000,-2.36650300,-591.1735,594875.0000,33.910,605137.6875,1999.9000,
	2026/04/30 11:44:02	,	804042	,	2523	,10.514841,1999.9000,-2.36650300,-591.1066,594875.0000,33.908,605137.6875,1999.9000,
	2026/04/30 11:44:02	,	805042	,	2524	,10.514791,1999.9000,-2.36650300,-591.3492,594875.0000,33.908,605125.5000,1999.9000,
	2026/04/30 11:44:02	,	806042	,	2525	,10.514665,1999.9000,-2.36650300,-591.5513,594955.5000,33.909,604988.5000,1999.9000,
	2026/04/30 11:44:02	,	807042	,	2526	,10.514424,1999.9000,-2.36629081,-591.7198,594966.2500,33.910,604951.6250,1999.9000,
	2026/04/30 11:44:02	,	808042	,	2527	,10.514141,1999.9000,-2.35005379,-591.6613,594973.3750,33.912,604844.1875,1999.9000,
	2026/04/30 11:44:02	,	809042	,	2528	,10.513760,1999.9000,-2.32944489,-591.5129,595093.1250,33.913,604810.0000,1999.9000,
	2026/04/30 11:44:02	,	810042	,	2529	,10.513273,1999.9000,-2.29951477,-591.3894,595370.7500,33.912,604719.1875,1999.9000,
	2026/04/30 11:44:02	,	811042	,	2530	,10.512704,1999.9000,-2.26098847,-591.3859,595492.8750,33.911,604719.1875,1999.9000,
	2026/04/30 11:44:02	,	812042	,	2531	,10.512116,1999.9000,-2.21840334,-591.4825,595492.8750,33.912,604719.1875,1999.9000,
	2026/04/30 11:44:02	,	813042	,	2532	,10.511507,1999.9000,-2.17129922,-591.5630,595492.8750,33.914,604719.1875,1999.9000,
	2026/04/30 11:44:02	,	814042	,	2533	,10.507419,1999.9000,-2.12084866,-591.5630,595492.8750,33.915,604719.1875,1999.9000,
	2026/04/30 11:44:02	,	815042	,	2534	,10.506599,1999.9000,-2.06764412,-591.5306,595492.8750,33.917,604729.1250,1999.9000,
	2026/04/30 11:44:02	,	816042	,	2535	,10.505741,1999.9000,-2.00972509,-591.4041,595386.8125,33.918,604841.1250,1999.9000,
	2026/04/30 11:44:02	,	817042	,	2536	,10.504925,1999.9000,-1.94612789,-591.2987,595366.8750,33.916,604870.1250,1999.9000,
	2026/04/30 11:44:02	,	818042	,	2537	,10.500925,1999.9000,-1.87763369,-591.4098,595357.0625,33.916,604968.0000,1999.9000,
	2026/04/30 11:44:02	,	819042	,	2538	,10.499883,1999.9000,-1.80502379,-591.6019,595274.8125,33.916,604996.6875,1999.9000,
	2026/04/30 11:44:02	,	820042	,	2539	,10.498759,1999.9000,-1.73117888,-591.7620,595048.4375,33.917,605087.6250,1999.9000,
	2026/04/30 11:44:02	,	821042	,	2540	,10.497789,1999.9000,-1.65659666,-592.1937,594811.8750,33.922,605087.6250,1999.9000,
	2026/04/30 11:44:02	,	822042	,	2541	,10.492941,1999.9000,-1.57745135,-592.5535,594811.8750,33.920,605087.6250,1999.9000,
	2026/04/30 11:44:02	,	823042	,	2542	,10.492018,1999.9000,-1.49458754,-592.8534,594811.8750,33.918,605087.6250,1999.9000,
	2026/04/30 11:44:02	,	824042	,	2543	,10.491114,1999.9000,-1.40810645,-593.1033,594811.8750,33.914,605087.6250,1999.9000,
	2026/04/30 11:44:02	,	825042	,	2544	,10.490155,1999.9000,-1.31712520,-593.3115,594811.8750,33.913,605076.3125,1999.9000,
	2026/04/30 11:44:02	,	826042	,	2545	,10.485435,1999.9000,-1.22467554,-593.4850,594926.2500,33.912,604949.8750,1999.9000,
	2026/04/30 11:44:02	,	827042	,	2546	,10.484407,1999.9000,-1.13326585,-593.6296,594953.6875,33.911,604918.7500,1999.9000,
	2026/04/30 11:44:02	,	828042	,	2547	,10.483459,1999.9000,-1.04345059,-593.6507,594967.7500,33.909,604814.6250,1999.9000,
	2026/04/30 11:44:02	,	829042	,	2548	,10.482463,1999.9000,-0.95503461,-593.6683,595051.3750,33.907,604780.1250,1999.9000,
	2026/04/30 11:44:02	,	830042	,	2549	,10.477571,1999.9000,-0.86681384,-593.6828,595270.6875,33.903,604682.3125,1999.9000,
	2026/04/30 11:44:02	,	831042	,	2550	,10.476587,1999.9000,-0.77921712,-593.7944,595554.8750,33.901,604682.3125,1999.9000,
	2026/04/30 11:44:02	,	832042	,	2551	,10.475585,1999.9000,-0.69842684,-593.9870,595554.8750,33.899,604682.3125,1999.9000,
	2026/04/30 11:44:02	,	833042	,	2552	,10.471464,1999.9000,-0.62455666,-594.1474,595554.8750,33.897,604682.3125,1999.9000,
	2026/04/30 11:44:02	,	834042	,	2553	,10.470496,1999.9000,-0.55698889,-594.2811,595554.8750,33.895,604682.3125,1999.9000,
	2026/04/30 11:44:02	,	835042	,	2554	,10.469469,1999.9000,-0.49689567,-594.3925,595554.8750,33.897,604692.1250,1999.9000,
	2026/04/30 11:44:02	,	836042	,	2555	,10.464762,1999.9000,-0.44372880,-594.5848,595442.8750,33.899,604813.3750,1999.9000,
	2026/04/30 11:44:02	,	837042	,	2556	,10.463614,1999.9000,-0.39714792,-594.7451,595415.1250,33.900,604838.6875,1999.9000,
	2026/04/30 11:44:02	,	838042	,	2557	,10.462616,1999.9000,-0.35743031,-594.7791,595399.6875,33.902,604928.1250,1999.9000,
	2026/04/30 11:44:02	,	839042	,	2558	,10.458536,1999.9000,-0.32300040,-594.9070,595382.3125,33.904,604951.4375,1999.9000,
	2026/04/30 11:44:02	,	840042	,	2559	,10.457463,1999.9000,-0.29302630,-595.1130,595165.1875,33.906,605035.6250,1999.9000,
	2026/04/30 11:44:02	,	841042	,	2560	,10.456390,1999.9000,-0.26796803,-595.1852,594887.5000,33.908,605035.6250,1999.9000,
	2026/04/30 11:44:02	,	842042	,	2561	,10.452161,1999.9000,-0.24261357,-594.8475,594887.5000,33.909,605035.6250,1999.9000,
	2026/04/30 11:44:02	,	843042	,	2562	,10.451312,1999.9000,-0.21604273,-594.4666,594887.5000,33.904,605035.6250,1999.9000,
	2026/04/30 11:44:02	,	844042	,	2563	,10.450344,1999.9000,-0.18760639,-594.1492,594887.5000,33.900,605035.6250,1999.9000,
	2026/04/30 11:44:02	,	845042	,	2564	,10.449435,1999.9000,-0.15389498,-593.8847,594887.5000,33.896,605026.6875,1999.9000,
	2026/04/30 11:44:02	,	846042	,	2565	,10.444447,1999.9000,-0.11563322,-593.6642,594893.5000,33.893,604899.7500,1999.9000,
	2026/04/30 11:44:02	,	847042	,	2566	,10.443642,1999.9000,-0.07549967,-592.8837,594988.8750,33.891,604865.6250,1999.9000,
	2026/04/30 11:44:02	,	848042	,	2567	,10.442768,1999.9000,-0.03358884,-592.2333,594996.6250,33.889,604757.8125,1999.9000,
	2026/04/30 11:44:02	,	849042	,	2568	,10.441915,1999.9000,0.01151730,-591.5917,595004.1250,33.882,604728.8125,1999.9000,
	2026/04/30 11:44:02	,	850042	,	2569	,10.437774,1999.9000,0.06230815,-591.0571,595183.6875,33.877,604702.5625,1999.9000,
	2026/04/30 11:44:02	,	851042	,	2570	,10.436835,1999.9000,0.12019554,-590.7111,595479.1875,33.877,604689.5625,1999.9000,
	2026/04/30 11:44:02	,	852042	,	2571	,10.436047,1999.9000,0.17340021,-590.3233,595481.0000,33.885,604681.6875,1999.9000,
	2026/04/30 11:44:02	,	853042	,	2572	,10.435219,1999.9000,0.21128382,-590.0001,595481.5625,33.892,604676.5000,1999.9000,
	2026/04/30 11:44:02	,	854042	,	2573	,10.431190,1999.9000,0.23521395,-589.7308,595481.8750,33.897,604672.1875,1999.9000,
	2026/04/30 11:44:02	,	855042	,	2574	,10.430609,1999.9000,0.24876408,-589.7053,595482.0000,33.902,604669.8125,1999.9000,
	2026/04/30 11:44:02	,	856042	,	2575	,10.430107,1999.9000,0.25550133,-589.8830,595482.1250,33.907,604678.9375,1999.9000,
	2026/04/30 11:44:02	,	857042	,	2576	,10.429461,1999.9000,0.25846344,-590.1306,595469.0000,33.913,604766.8750,1999.9000,
	2026/04/30 11:44:02	,	858042	,	2577	,10.428789,1999.9000,0.25905585,-590.4363,595377.3125,33.918,604790.4375,1999.9000,
	2026/04/30 11:44:02	,	859042	,	2578	,10.428205,1999.9000,0.26146334,-591.1885,595367.8125,33.921,604876.7500,1999.9000,
	2026/04/30 11:44:02	,	860042	,	2579	,10.427606,1999.9000,0.26225746,-592.0143,595245.6875,33.924,604916.0000,1999.9000,
	2026/04/30 11:44:02	,	861042	,	2580	,10.423475,1999.9000,0.26257050,-592.7025,595245.6875,33.927,604998.8125,1999.9000,
	2026/04/30 11:44:02	,	862042	,	2581	,10.422850,1999.9000,0.26296178,-593.2759,594989.4375,33.931,604998.8125,1999.9000,
	2026/04/30 11:44:02	,	863042	,	2582	,10.422422,1999.9000,0.26329491,-593.9527,594891.1250,33.936,604998.8125,1999.9000,
	2026/04/30 11:44:02	,	864042	,	2583	,10.422000,1999.9000,0.26354423,-594.6162,594891.1250,33.942,604998.8125,1999.9000,
	2026/04/30 11:44:02	,	865042	,	2584	,10.421544,1999.9000,0.26384240,-595.1691,594891.1250,33.945,604998.8125,1999.9000,
	2026/04/30 11:44:02	,	866042	,	2585	,10.421185,1999.9000,0.26409087,-595.5304,594891.1250,33.946,604987.1875,1999.9000,
	2026/04/30 11:44:02	,	867042	,	2586	,10.420783,1999.9000,0.26787919,-595.8315,594991.2500,33.950,604865.3125,1999.9000,
	2026/04/30 11:44:02	,	868042	,	2587	,10.420783,1999.9000,0.26890334,-596.0824,595005.2500,33.954,604829.6875,1999.9000,
	2026/04/30 11:44:02	,	869042	,	2588	,10.420353,1999.9000,0.27159128,-596.0925,595015.1250,33.953,604720.3125,1999.9000,
	2026/04/30 11:44:02	,	870042	,	2589	,10.419984,1999.9000,0.27241692,-596.2999,595015.1250,33.953,604689.8750,1999.9000,
	2026/04/30 11:44:02	,	871042	,	2590	,10.419593,1999.9000,0.27829701,-596.8706,595123.5000,33.952,604665.1875,1999.9000,
	2026/04/30 11:44:02	,	872042	,	2591	,10.419167,1999.9000,0.28495234,-596.9484,595397.5625,33.950,604652.8750,1999.9000,
	2026/04/30 11:44:02	,	873042	,	2592	,10.418813,1999.9000,0.28889763,-596.9136,595563.2500,33.947,604645.5000,1999.9000,
	2026/04/30 11:44:02	,	874042	,	2593	,10.418508,1999.9000,0.28889763,-596.8846,595563.2500,33.934,604640.5625,1999.9000,
	2026/04/30 11:44:02	,	875042	,	2594	,10.418254,1999.9000,0.28889763,-596.9600,595563.2500,33.923,604636.4375,1999.9000,
	2026/04/30 11:44:02	,	876042	,	2595	,10.418016,1999.9000,0.28889763,-596.9234,595563.2500,33.914,604643.2500,1999.9000,
	2026/04/30 11:44:02	,	877042	,	2596	,10.417800,1999.9000,0.28889760,-596.8928,595563.2500,33.907,604734.8750,1999.9000,
	2026/04/30 11:44:02	,	878042	,	2597	,10.417608,1999.9000,0.28545022,-596.8674,595457.7500,33.901,604762.6250,1999.9000,
	2026/04/30 11:44:02	,	879042	,	2598	,10.417459,1999.9000,0.28180113,-596.8461,595431.2500,33.900,604855.6875,1999.9000,
	2026/04/30 11:44:02	,	880042	,	2599	,10.417379,1999.9000,0.27831593,-596.8284,595416.2500,33.899,604888.8750,1999.9000,
	2026/04/30 11:44:02	,	881042	,	2600	,10.417315,1999.9000,0.27225935,-597.0126,595332.0625,33.899,605008.4375,1999.9000,
	2026/04/30 11:44:02	,	882042	,	2601	,10.417259,1999.9000,0.26443806,-597.1661,595116.9375,33.899,605008.4375,1999.9000,
	2026/04/30 11:44:02	,	883042	,	2602	,10.417233,1999.9000,0.25918821,-597.2941,594845.2500,33.898,605008.4375,1999.9000,
	2026/04/30 11:44:02	,	884042	,	2603	,10.417310,1999.9000,0.25505385,-597.4007,594845.2500,33.898,605008.4375,1999.9000,
	2026/04/30 11:44:02	,	885042	,	2604	,10.417459,1999.9000,0.25138587,-597.4895,594845.2500,33.898,605008.4375,1999.9000,
	2026/04/30 11:44:02	,	886042	,	2605	,10.417682,1999.9000,0.24892792,-597.5635,594845.2500,33.893,604997.8750,1999.9000,
	2026/04/30 11:44:02	,	887042	,	2606	,10.418037,1999.9000,0.24672841,-597.6252,594845.2500,33.894,604997.8750,1999.9000,
	2026/04/30 11:44:02	,	888042	,	2607	,10.418521,1999.9000,0.24406248,-597.6767,594954.2500,33.894,604874.3125,1999.9000,
	2026/04/30 11:44:02	,	889042	,	2608	,10.419104,1999.9000,0.24124531,-597.6201,594979.0625,33.895,604842.6875,1999.9000,
	2026/04/30 11:44:02	,	890042	,	2609	,10.423385,1999.9000,0.23875591,-597.3739,594993.0000,33.887,604748.1250,1999.9000,
	2026/04/30 11:44:02	,	891042	,	2610	,10.424010,1999.9000,0.23866136,-597.1688,595011.5000,33.890,604720.9375,1999.9000,
	2026/04/30 11:44:02	,	892042	,	2611	,10.424626,1999.9000,0.23848909,-596.9978,595289.6875,33.893,604693.9375,1999.9000,
	2026/04/30 11:44:02	,	893042	,	2612	,10.425300,1999.9000,0.23812091,-596.7559,595589.3750,33.886,604680.4375,1999.9000,
	2026/04/30 11:44:02	,	894042	,	2613	,10.426079,1999.9000,0.23770590,-596.3553,595589.3750,33.879,604672.3125,1999.9000,
	2026/04/30 11:44:02	,	895042	,	2614	,10.430802,1999.9000,0.23083383,-596.0216,595589.3750,33.872,604666.9375,1999.9000,
	2026/04/30 11:44:02	,	896042	,	2615	,10.431562,1999.9000,0.22233817,-595.6440,595589.3750,33.867,604662.4375,1999.9000,
	2026/04/30 11:44:02	,	897042	,	2616	,10.432461,1999.9000,0.21275227,-595.3293,595589.3750,33.863,604668.1875,1999.9000,
	2026/04/30 11:44:02	,	898042	,	2617	,10.433379,1999.9000,0.20424408,-594.9676,595499.4375,33.860,604765.6875,1999.9000,
	2026/04/30 11:44:02	,	899042	,	2618	,10.437654,1999.9000,0.19673164,-594.7656,595413.0625,33.857,604790.1250,1999.9000,
	2026/04/30 11:44:02	,	900042	,	2619	,10.438458,1999.9000,0.19024649,-594.4979,595399.0625,33.854,604879.8125,1999.9000,
	2026/04/30 11:44:02	,	901042	,	2620	,10.439342,1999.9000,0.18231179,-594.2747,595386.4375,33.852,604913.0625,1999.9000,
	2026/04/30 11:44:02	,	902042	,	2621	,10.440283,1999.9000,0.17001584,-594.0888,595212.3125,33.850,605033.2500,1999.9000,
	2026/04/30 11:44:02	,	903042	,	2622	,10.444893,1999.9000,0.15773252,-593.9338,594944.7500,33.849,605033.2500,1999.9000,
	2026/04/30 11:44:02	,	904042	,	2623	,10.445876,1999.9000,0.14594704,-593.8047,594944.7500,33.851,605033.2500,1999.9000,
	2026/04/30 11:44:02	,	905042	,	2624	,10.446948,1999.9000,0.13403556,-594.0950,594944.7500,33.852,605033.2500,1999.9000,
	2026/04/30 11:44:02	,	906042	,	2625	,10.451327,1999.9000,0.12395176,-594.3369,594944.7500,33.854,605033.2500,1999.9000,
	2026/04/30 11:44:02	,	907042	,	2626	,10.452354,1999.9000,0.11461161,-595.1353,594944.7500,33.858,605026.9375,1999.9000,
	2026/04/30 11:44:02	,	908042	,	2627	,10.453263,1999.9000,0.10287660,-595.2038,594944.9375,33.863,604923.8750,1999.9000,
	2026/04/30 11:44:02	,	909042	,	2628	,10.454261,1999.9000,0.08678030,-595.2609,594955.6875,33.867,604886.6875,1999.9000,
	2026/04/30 11:44:02	,	910042	,	2629	,10.459340,1999.9000,0.06546567,-595.3085,594967.0625,33.873,604774.6875,1999.9000,
	2026/04/30 11:44:02	,	911042	,	2630	,10.460487,1999.9000,0.04035070,-595.3481,594980.1250,33.879,604749.8750,1999.9000,
	2026/04/30 11:44:02	,	912042	,	2631	,10.461495,1999.9000,0.01548149,-594.5854,595180.0625,33.883,604727.1875,1999.9000,
	2026/04/30 11:44:02	,	913042	,	2632	,10.462475,1999.9000,-0.01190234,-593.7508,595456.5625,33.887,604715.8125,1999.9000,
	2026/04/30 11:44:02	,	914042	,	2633	,10.467830,1999.9000,-0.04178193,-593.0553,595475.9375,33.890,604709.0000,1999.9000,
	2026/04/30 11:44:02	,	915042	,	2634	,10.468872,1999.9000,-0.07166782,-592.4758,595482.3750,33.894,604704.4375,1999.9000,
	2026/04/30 11:44:02	,	916042	,	2635	,10.469896,1999.9000,-0.10183732,-591.9928,595485.6250,33.896,604700.6875,1999.9000,
	2026/04/30 11:44:02	,	917042	,	2636	,10.474026,1999.9000,-0.13227150,-591.7893,595487.5625,33.898,604699.6250,1999.9000,
	2026/04/30 11:44:02	,	918042	,	2637	,10.475039,1999.9000,-0.16307123,-591.7192,595488.8750,33.899,604710.8125,1999.9000,
	2026/04/30 11:44:02	,	919042	,	2638	,10.475982,1999.9000,-0.19537093,-591.6607,595408.8750,33.900,604834.5000,1999.9000,
	2026/04/30 11:44:02	,	920042	,	2639	,10.476915,1999.9000,-0.22913907,-591.6120,595396.9375,33.898,604870.7500,1999.9000,
	2026/04/30 11:44:02	,	921042	,	2640	,10.481771,1999.9000,-0.26482946,-591.6708,595385.4375,33.895,604983.0625,1999.9000,
	2026/04/30 11:44:02	,	922042	,	2641	,10.482918,1999.9000,-0.30744612,-591.7199,595274.8125,33.897,605015.3750,1999.9000,
	2026/04/30 11:44:02	,	923042	,	2642	,10.483867,1999.9000,-0.35577908,-591.7608,595028.7500,33.898,605031.3750,1999.9000,
	2026/04/30 11:44:02	,	924042	,	2643	,10.484832,1999.9000,-0.40703008,-591.7949,594887.0000,33.900,605039.4375,1999.9000,
	2026/04/30 11:44:02	,	925042	,	2644	,10.489635,1999.9000,-0.46188599,-591.8233,594887.0000,33.901,605044.2500,1999.9000,
	2026/04/30 11:44:02	,	926042	,	2645	,10.490558,1999.9000,-0.51904857,-591.8469,594887.0000,33.903,605047.4375,1999.9000,
	2026/04/30 11:44:02	,	927042	,	2646	,10.491392,1999.9000,-0.57904720,-591.8666,594887.0000,33.905,605050.1250,1999.9000,
	2026/04/30 11:44:02	,	928042	,	2647	,10.492189,1999.9000,-0.64479363,-591.9825,594887.0000,33.905,605039.8750,1999.9000,
	2026/04/30 11:44:02	,	929042	,	2648	,10.496724,1999.9000,-0.71676677,-591.9797,594967.3750,33.905,604935.9375,1999.9000,
	2026/04/30 11:44:02	,	930042	,	2649	,10.497529,1999.9000,-0.79402137,-592.0767,594983.8125,33.905,604908.8125,1999.9000,
	2026/04/30 11:44:02	,	931042	,	2650	,10.498254,1999.9000,-0.87454683,-592.1577,594991.4375,33.907,604818.1875,1999.9000,
	2026/04/30 11:44:02	,	932042	,	2651	,10.498959,1999.9000,-0.95376784,-592.2251,595087.1250,33.907,604790.1250,1999.9000,
	2026/04/30 11:44:02	,	933042	,	2652	,10.499657,1999.9000,-1.03281856,-592.2813,595357.6875,33.899,604780.7500,1999.9000,
	2026/04/30 11:44:02	,	934042	,	2653	,10.503784,1999.9000,-1.11445951,-592.3281,595569.7500,33.893,604776.1250,1999.9000,
	2026/04/30 11:44:02	,	935042	,	2654	,10.504499,1999.9000,-1.19775176,-592.3671,595569.7500,33.887,604773.3125,1999.9000,
	2026/04/30 11:44:02	,	936042	,	2655	,10.505156,1999.9000,-1.28311753,-592.3996,595569.7500,33.890,604771.5000,1999.9000,
	2026/04/30 11:44:02	,	937042	,	2656	,10.505818,1999.9000,-1.37012196,-592.4267,595569.7500,33.893,604770.1250,1999.9000,
	2026/04/30 11:44:02	,	938042	,	2657	,10.506459,1999.9000,-1.45565152,-592.4493,595569.7500,33.895,604781.8750,1999.9000,
	2026/04/30 11:44:02	,	939042	,	2658	,10.507031,1999.9000,-1.53808022,-592.3686,595445.8125,33.897,604910.5625,1999.9000,
	2026/04/30 11:44:02	,	940042	,	2659	,10.507627,1999.9000,-1.61761630,-592.3014,595412.1875,33.894,604943.2500,1999.9000,
	2026/04/30 11:44:02	,	941042	,	2660	,10.508251,1999.9000,-1.69440460,-592.1459,595392.3750,33.888,605050.1250,1999.9000,
	2026/04/30 11:44:02	,	942042	,	2661	,10.508917,1999.9000,-1.77137554,-592.0163,595305.1875,33.887,605089.3750,1999.9000,
	2026/04/30 11:44:02	,	943042	,	2662	,10.513079,1999.9000,-1.84731293,-591.7094,595105.6250,33.885,605231.9375,1999.9000,
	2026/04/30 11:44:02	,	944042	,	2663	,10.513272,1999.9000,-1.91713691,-591.4536,594822.6250,33.884,605231.9375,1999.9000,
	2026/04/30 11:44:02	,	945042	,	2664	,10.513546,1999.9000,-1.98109353,-591.2405,594822.6250,33.883,605231.9375,1999.9000,
	2026/04/30 11:44:02	,	946042	,	2665	,10.513757,1999.9000,-2.03838205,-591.0629,594822.6250,33.895,605231.9375,1999.9000,
	2026/04/30 11:44:02	,	947042	,	2666	,10.513896,1999.9000,-2.08829713,-590.9149,594822.6250,33.904,605231.9375,1999.9000,
	2026/04/30 11:44:02	,	948042	,	2667	,10.514067,1999.9000,-2.13332748,-590.8910,594822.6250,33.912,605143.7500,1999.9000,
	2026/04/30 11:44:02	,	949042	,	2668	,10.514245,1999.9000,-2.17492962,-591.4680,594923.8750,33.919,605044.6875,1999.9000,
	2026/04/30 11:44:02	,	950042	,	2669	,10.514422,1999.9000,-2.21273756,-591.9487,594946.5000,33.924,604949.2500,1999.9000,
	2026/04/30 11:44:02	,	951042	,	2670	,10.514571,1999.9000,-2.24654341,-592.3494,594960.1875,33.917,604911.8125,1999.9000,
	2026/04/30 11:44:02	,	952042	,	2671	,10.514700,1999.9000,-2.27421069,-592.6833,594978.5625,33.909,604806.1250,1999.9000,
	2026/04/30 11:44:02	,	953042	,	2672	,10.514808,1999.9000,-2.29538679,-592.9615,595231.9375,33.902,604780.1250,1999.9000,
	2026/04/30 11:44:02	,	954042	,	2673	,10.514897,1999.9000,-2.31460285,-593.0939,595528.0625,33.897,604771.5000,1999.9000,
	2026/04/30 11:44:02	,	955042	,	2674	,10.514972,1999.9000,-2.33097005,-593.1048,595528.0625,33.892,604767.1875,1999.9000,
	2026/04/30 11:44:02	,	956042	,	2675	,10.515014,1999.9000,-2.34407282,-593.0143,595528.0625,33.888,604764.5625,1999.9000,
	2026/04/30 11:44:02	,	957042	,	2676	,10.515042,1999.9000,-2.34469032,-592.9390,595528.0625,33.885,604762.8125,1999.9000,
	2026/04/30 11:44:02	,	958042	,	2677	,10.515067,1999.9000,-2.34469032,-592.7767,595528.0625,33.898,604772.0625,1999.9000,
	2026/04/30 11:44:02	,	959042	,	2678	,10.514994,1999.9000,-2.34499907,-592.5420,595519.6875,33.910,604885.8750,1999.9000,
	2026/04/30 11:44:02	,	960042	,	2679	,10.514833,1999.9000,-2.34506083,-592.4459,595396.3750,33.920,604910.5625,1999.9000,
	2026/04/30 11:44:02	,	961042	,	2680	,10.514576,1999.9000,-2.34510207,-592.4653,595380.0000,33.928,604992.1875,1999.9000,
	2026/04/30 11:44:02	,	962042	,	2681	,10.514356,1999.9000,-2.32935667,-592.4814,595365.0000,33.935,605028.1250,1999.9000,
	2026/04/30 11:44:02	,	963042	,	2682	,10.514039,1999.9000,-2.31056929,-592.4949,595202.6875,33.941,605133.5000,1999.9000,
	2026/04/30 11:44:02	,	964042	,	2683	,10.513611,1999.9000,-2.28435779,-592.5061,594923.8750,33.932,605133.5000,1999.9000,
	2026/04/30 11:44:02	,	965042	,	2684	,10.513130,1999.9000,-2.25060201,-592.5154,594901.8750,33.923,605133.5000,1999.9000,
	2026/04/30 11:44:02	,	966042	,	2685	,10.512541,1999.9000,-2.25060201,-592.7222,594894.5625,33.916,605133.5000,1999.9000,
	2026/04/30 11:44:02	,	967042	,	2686	,10.508431,1999.9000,-2.20999599,-592.9939,594890.8750,33.910,605133.5000,1999.9000,
	2026/04/30 11:44:02	,	968042	,	2687	,10.507895,1999.9000,-2.16118383,-593.3198,594888.6875,33.903,605121.3125,1999.9000,
	2026/04/30 11:44:02	,	969042	,	2688	,10.507319,1999.9000,-2.10577345,-593.5914,594887.1875,33.896,604974.6875,1999.9000,
	2026/04/30 11:44:02	,	970042	,	2689	,10.506681,1999.9000,-2.04583168,-593.7183,594897.9375,33.890,604942.9375,1999.9000,
	2026/04/30 11:44:02	,	971042	,	2690	,10.506014,1999.9000,-1.98122585,-593.8240,594910.3750,33.885,604839.3125,1999.9000,
	2026/04/30 11:44:02	,	972042	,	2691	,10.501550,1999.9000,-1.91189957,-593.9121,594990.6250,33.882,604810.6250,1999.9000,
	2026/04/30 11:44:02	,	973042	,	2692	,10.500493,1999.9000,-1.83712196,-593.8861,595116.9375,33.882,604727.0000,1999.9000,
	2026/04/30 11:44:02	,	974042	,	2693	,10.499475,1999.9000,-1.75476873,-593.7650,595402.3125,33.883,604727.0000,1999.9000,
	2026/04/30 11:44:02	,	975042	,	2694	,10.498505,1999.9000,-1.66993868,-593.5645,595509.0000,33.890,604727.0000,1999.9000,
	2026/04/30 11:44:02	,	976042	,	2695	,10.493746,1999.9000,-1.58414435,-593.2979,595509.0000,33.895,604727.0000,1999.9000,
	2026/04/30 11:44:02	,	977042	,	2696	,10.492837,1999.9000,-1.49658549,-592.9763,595509.0000,33.900,604727.0000,1999.9000,
	2026/04/30 11:44:02	,	978042	,	2697	,10.491819,1999.9000,-1.40927863,-592.7084,595509.0000,33.907,604729.7500,1999.9000,
	2026/04/30 11:44:02	,	979042	,	2698	,10.490931,1999.9000,-1.32274687,-592.4850,595509.0000,33.915,604813.3750,1999.9000,
	2026/04/30 11:44:02	,	980042	,	2699	,10.486478,1999.9000,-1.23586226,-592.1995,595412.4375,33.921,604841.4375,1999.9000,
	2026/04/30 11:44:02	,	981042	,	2700	,10.485360,1999.9000,-1.14934313,-591.8620,595390.1250,33.926,604924.5000,1999.9000,
	2026/04/30 11:44:02	,	982042	,	2701	,10.484214,1999.9000,-1.06381357,-591.6802,595374.9375,33.930,604957.4375,1999.9000,
	2026/04/30 11:44:02	,	983042	,	2702	,10.479864,1999.9000,-0.97992265,-591.6282,595265.3125,33.934,605061.6250,1999.9000,
	2026/04/30 11:44:02	,	984042	,	2703	,10.479119,1999.9000,-0.90068287,-591.6844,595026.3750,33.935,605061.6250,1999.9000,
	2026/04/30 11:44:02	,	985042	,	2704	,10.478325,1999.9000,-0.82414675,-591.8307,594873.8750,33.932,605061.6250,1999.9000,
	2026/04/30 11:44:02	,	986042	,	2705	,10.477414,1999.9000,-0.74960220,-591.9526,594873.8750,33.926,605061.6250,1999.9000,
	2026/04/30 11:44:02	,	987042	,	2706	,10.472387,1999.9000,-0.67885798,-592.0541,594873.8750,33.920,605061.6250,1999.9000,
	2026/04/30 11:44:02	,	988042	,	2707	,10.471137,1999.9000,-0.61052758,-592.1388,594873.8750,33.914,605057.5000,1999.9000,
	2026/04/30 11:44:02	,	989042	,	2708	,10.470044,1999.9000,-0.54430217,-592.3088,594873.8750,33.910,604955.3125,1999.9000,
	2026/04/30 11:44:02	,	990042	,	2709	,10.465954,1999.9000,-0.48361659,-592.6495,594973.9375,33.906,604919.3750,1999.9000,
	2026/04/30 11:44:02	,	991042	,	2710	,10.464895,1999.9000,-0.42991397,-593.3312,594988.1875,33.903,604823.6250,1999.9000,
	2026/04/30 11:44:02	,	992042	,	2711	,10.463829,1999.9000,-0.38364822,-594.2973,594993.7500,33.901,604793.4375,1999.9000,
	2026/04/30 11:44:02	,	993042	,	2712	,10.459579,1999.9000,-0.34347054,-595.3012,595074.0625,33.901,604701.6250,1999.9000,
	2026/04/30 11:44:02	,	994042	,	2713	,10.458625,1999.9000,-0.30396092,-596.1379,595317.1250,33.898,604682.6250,1999.9000,
	2026/04/30 11:44:02	,	995042	,	2714	,10.457493,1999.9000,-0.26563618,-596.8351,595561.3750,33.897,604676.2500,1999.9000,
	2026/04/30 11:44:02	,	996042	,	2715	,10.452965,1999.9000,-0.23072729,-597.4161,595561.3750,33.895,604673.0625,1999.9000,
	2026/04/30 11:44:02	,	997042	,	2716	,10.451982,1999.9000,-0.19808096,-597.9003,595561.3750,33.898,604671.2500,1999.9000,
	2026/04/30 11:44:02	,	998042	,	2717	,10.451058,1999.9000,-0.16785474,-597.7068,595561.3750,33.901,604669.9375,1999.9000,
	2026/04/30 11:44:02	,	999042	,	2718	,10.450113,1999.9000,-0.13854867,-597.5457,595561.3750,33.901,604681.8125,1999.9000,
	2026/04/30 11:44:03	,	000042	,	2719	,10.445071,1999.9000,-0.10698635,-596.7151,595448.8125,33.900,604798.2500,1999.9000,
	2026/04/30 11:44:03	,	001042	,	2720	,10.444327,1999.9000,-0.07265728,-595.9235,595422.5625,33.898,604827.5625,1999.9000,
	2026/04/30 11:44:03	,	002042	,	2721	,10.443563,1999.9000,-0.03602785,-595.1643,595407.6875,33.896,604854.4375,1999.9000,
	2026/04/30 11:44:03	,	003042	,	2722	,10.442764,1999.9000,0.00362672,-594.2332,595390.2500,33.896,604968.6250,1999.9000,
	2026/04/30 11:44:03	,	004042	,	2723	,10.438666,1999.9000,0.04526022,-593.2584,595158.6250,33.896,604988.8125,1999.9000,
	2026/04/30 11:44:03	,	005042	,	2724	,10.437893,1999.9000,0.09008275,-591.3518,594880.3750,33.896,604995.5625,1999.9000,
	2026/04/30 11:44:03	,	006042	,	2725	,10.437038,1999.9000,0.13679598,-589.7630,594880.3750,33.896,604998.9375,1999.9000,
	2026/04/30 11:44:03	,	007042	,	2726	,10.436224,1999.9000,0.17429517,-588.4390,594880.3750,33.893,605000.9375,1999.9000,
	2026/04/30 11:44:03	,	008042	,	2727	,10.435438,1999.9000,0.19951726,-587.3356,594880.3750,33.889,605002.3125,1999.9000,
	2026/04/30 11:44:03	,	009042	,	2728	,10.431041,1999.9000,0.21824794,-586.4162,594880.3750,33.886,604990.8750,1999.9000,
	2026/04/30 11:44:03	,	010042	,	2729	,10.430282,1999.9000,0.23233376,-586.4457,594890.5000,33.883,604859.2500,1999.9000,
	2026/04/30 11:44:03	,	011042	,	2730	,10.429552,1999.9000,0.24210878,-586.9677,594994.2500,33.881,604826.6875,1999.9000,
	2026/04/30 11:44:03	,	012042	,	2731	,10.428978,1999.9000,0.24941319,-588.4969,594995.1250,33.879,604725.7500,1999.9000,
	2026/04/30 11:44:03	,	013042	,	2732	,10.428348,1999.9000,0.25552022,-589.9703,595004.1875,33.877,604688.6875,1999.9000,
	2026/04/30 11:44:03	,	014042	,	2733	,10.427725,1999.9000,0.26459566,-591.1981,595209.3125,33.876,604667.6250,1999.9000,
	2026/04/30 11:44:03	,	015042	,	2734	,10.427071,1999.9000,0.27738318,-592.2211,595522.6875,33.879,604657.1250,1999.9000,
	2026/04/30 11:44:03	,	016042	,	2735	,10.422790,1999.9000,0.28793967,-593.0738,595522.6875,33.885,604650.8125,1999.9000,
	2026/04/30 11:44:03	,	017042	,	2736	,10.422358,1999.9000,0.29186603,-593.9833,595522.6875,33.890,604646.6250,1999.9000,
	2026/04/30 11:44:03	,	018042	,	2737	,10.421906,1999.9000,0.29186603,-594.7411,595522.6875,33.895,604643.0625,1999.9000,
	2026/04/30 11:44:03	,	019042	,	2738	,10.421478,1999.9000,0.29186603,-595.3727,595522.6875,33.900,604649.3750,1999.9000,
	2026/04/30 11:44:03	,	020042	,	2739	,10.421109,1999.9000,0.29186603,-595.8990,595517.9375,33.904,604741.5000,1999.9000,
	2026/04/30 11:44:03	,	021042	,	2740	,10.420794,1999.9000,0.29186603,-596.1387,595421.3750,33.907,604765.6250,1999.9000,
	2026/04/30 11:44:03	,	022042	,	2741	,10.420430,1999.9000,0.29160970,-596.1395,595408.5625,33.908,604860.5000,1999.9000,
	2026/04/30 11:44:03	,	023042	,	2742	,10.420039,1999.9000,0.28839973,-596.1400,595398.7500,33.910,604897.3750,1999.9000,
	2026/04/30 11:44:03	,	024042	,	2743	,10.419624,1999.9000,0.28442925,-596.5385,595256.9375,33.911,605015.7500,1999.9000,
	2026/04/30 11:44:03	,	025042	,	2744	,10.419273,1999.9000,0.27717522,-596.8705,594985.2500,33.910,605015.7500,1999.9000,
	2026/04/30 11:44:03	,	026042	,	2745	,10.418906,1999.9000,0.27420050,-597.0477,594903.6250,33.911,605015.7500,1999.9000,
	2026/04/30 11:44:03	,	027042	,	2746	,10.418556,1999.9000,0.27420050,-596.8970,594903.6250,33.911,605015.7500,1999.9000,
	2026/04/30 11:44:03	,	028042	,	2747	,10.418244,1999.9000,0.27420050,-596.6718,594903.6250,33.912,605015.7500,1999.9000,
	2026/04/30 11:44:03	,	029042	,	2748	,10.417969,1999.9000,0.27420050,-596.4843,594903.6250,33.911,605003.5625,1999.9000,
	2026/04/30 11:44:03	,	030042	,	2749	,10.417739,1999.9000,0.27420050,-596.4274,594903.6250,33.910,604867.1250,1999.9000,
	2026/04/30 11:44:03	,	031042	,	2750	,10.417547,1999.9000,0.27689159,-596.6784,594984.0625,33.911,604833.8750,1999.9000,
	2026/04/30 11:44:03	,	032042	,	2751	,10.417388,1999.9000,0.27710903,-596.8876,594997.1875,33.906,604735.4375,1999.9000,
	2026/04/30 11:44:03	,	033042	,	2752	,10.417254,1999.9000,0.27722353,-596.6641,595004.1250,33.901,604707.6875,1999.9000,
	2026/04/30 11:44:03	,	034042	,	2753	,10.417154,1999.9000,0.27735955,-596.6641,595124.0625,33.902,604682.6875,1999.9000,
	2026/04/30 11:44:03	,	035042	,	2754	,10.417106,1999.9000,0.27956378,-596.5215,595413.6875,33.903,604670.1875,1999.9000,
	2026/04/30 11:44:03	,	036042	,	2755	,10.417094,1999.9000,0.27956378,-596.5215,595553.0625,33.899,604662.6875,1999.9000,
	2026/04/30 11:44:03	,	037042	,	2756	,10.417166,1999.9000,0.27956378,-596.5579,595553.0625,33.895,604657.6875,1999.9000,
	2026/04/30 11:44:03	,	038042	,	2757	,10.417288,1999.9000,0.27956378,-596.6877,595553.0625,33.892,604653.5625,1999.9000,
	2026/04/30 11:44:03	,	039042	,	2758	,10.417525,1999.9000,0.27956378,-596.6965,595553.0625,33.893,604660.2500,1999.9000,
	2026/04/30 11:44:03	,	040042	,	2759	,10.417897,1999.9000,0.27169213,-596.3058,595553.0625,33.891,604762.6250,1999.9000,
	2026/04/30 11:44:03	,	041042	,	2760	,10.418349,1999.9000,0.26318392,-595.9803,595449.3750,33.892,604795.8750,1999.9000,
	2026/04/30 11:44:03	,	042042	,	2761	,10.418880,1999.9000,0.25490257,-595.6819,595427.3750,33.893,604889.5000,1999.9000,
	2026/04/30 11:44:03	,	043042	,	2762	,10.423058,1999.9000,0.24781871,-595.6819,595410.4375,33.893,604889.5000,1999.9000,
	2026/04/30 11:44:03	,	044042	,	2763	,10.423697,1999.9000,0.24147853,-595.4604,595323.6875,33.894,604917.8750,1999.9000,
	2026/04/30 11:44:03	,	045042	,	2764	,10.424299,1999.9000,0.23228964,-595.1763,595113.3750,33.894,605023.5625,1999.9000,
	2026/04/30 11:44:03	,	046042	,	2765	,10.424299,1999.9000,0.22296846,-594.9395,594860.1250,33.895,605023.5625,1999.9000,
	2026/04/30 11:44:03	,	047042	,	2766	,10.425589,1999.9000,0.21509045,-594.7422,594860.1250,33.895,605023.5625,1999.9000,
	2026/04/30 11:44:03	,	048042	,	2767	,10.429790,1999.9000,0.20747089,-594.6773,594860.1250,33.895,605023.5625,1999.9000,
	2026/04/30 11:44:03	,	049042	,	2768	,10.430729,1999.9000,0.20179246,-594.8221,594860.1250,33.896,605023.5625,1999.9000,
	2026/04/30 11:44:03	,	050042	,	2769	,10.431677,1999.9000,0.19842067,-594.7439,594860.1250,33.896,605017.5000,1999.9000,
	2026/04/30 11:44:03	,	051042	,	2770	,10.432561,1999.9000,0.19558458,-594.6787,594966.2500,33.894,604916.0000,1999.9000,
	2026/04/30 11:44:03	,	052042	,	2771	,10.436880,1999.9000,0.19302584,-594.6244,594985.8750,33.893,604883.1250,1999.9000,
	2026/04/30 11:44:03	,	053042	,	2772	,10.437758,1999.9000,0.19039775,-594.5791,594992.6250,33.892,604791.6250,1999.9000,
	2026/04/30 11:44:03	,	054042	,	2773	,10.438686,1999.9000,0.18725915,-594.5413,595009.7500,33.892,604758.1250,1999.9000,
	2026/04/30 11:44:03	,	055042	,	2774	,10.439642,1999.9000,0.18686843,-594.5099,595293.9375,33.891,604671.4375,1999.9000,
	2026/04/30 11:44:03	,	056042	,	2775	,10.444447,1999.9000,0.18645039,-594.3842,595578.6875,33.890,604671.4375,1999.9000,
	2026/04/30 11:44:03	,	057042	,	2776	,10.445354,1999.9000,0.18198407,-594.2794,595578.6875,33.901,604671.4375,1999.9000,
	2026/04/30 11:44:03	,	058042	,	2777	,10.446254,1999.9000,0.17669007,-594.1922,595578.6875,33.912,604671.4375,1999.9000,
	2026/04/30 11:44:03	,	059042	,	2778	,10.446254,1999.9000,0.16845284,-594.1195,595578.6875,33.922,604671.4375,1999.9000,
	2026/04/30 11:44:03	,	060042	,	2779	,10.447231,1999.9000,0.15660438,-594.1583,595578.6875,33.931,604672.0625,1999.9000,
	2026/04/30 11:44:03	,	061042	,	2780	,10.452042,1999.9000,0.14276434,-594.1907,595490.5000,33.939,604685.5000,1999.9000,
	2026/04/30 11:44:03	,	062042	,	2781	,10.453248,1999.9000,0.12696427,-594.4167,595458.9375,33.946,604818.8125,1999.9000,
	2026/04/30 11:44:03	,	063042	,	2782	,10.454355,1999.9000,0.10796892,-594.6050,595440.1250,33.952,604845.3750,1999.9000,
	2026/04/30 11:44:03	,	064042	,	2783	,10.458536,1999.9000,0.08407659,-594.7618,595360.0625,33.955,604928.6875,1999.9000,
	2026/04/30 11:44:03	,	065042	,	2784	,10.459594,1999.9000,0.05210463,-594.8926,595183.6875,33.948,604966.5000,1999.9000,
	2026/04/30 11:44:03	,	066042	,	2785	,10.460681,1999.9000,0.01464957,-595.0016,594901.8750,33.933,604993.3750,1999.9000,
	2026/04/30 11:44:03	,	067042	,	2786	,10.464702,1999.9000,-0.02290000,-593.8987,594901.8750,33.921,605006.8125,1999.9000,
	2026/04/30 11:44:03	,	068042	,	2787	,10.465775,1999.9000,-0.05980674,-592.9796,594901.8750,33.911,605014.8750,1999.9000,
	2026/04/30 11:44:03	,	069042	,	2788	,10.466856,1999.9000,-0.09362531,-592.1143,594901.8750,33.903,605020.2500,1999.9000,
	2026/04/30 11:44:03	,	070042	,	2789	,10.470927,1999.9000,-0.12237045,-591.2936,594901.8750,33.899,605024.6875,1999.9000,
	2026/04/30 11:44:03	,	071042	,	2790	,10.471986,1999.9000,-0.14877114,-590.3114,594906.3125,33.895,605017.5000,1999.9000,
	2026/04/30 11:44:03	,	072042	,	2791	,10.473103,1999.9000,-0.17546172,-589.6917,595000.7500,33.895,604915.4375,1999.9000,
	2026/04/30 11:44:03	,	073042	,	2792	,10.477392,1999.9000,-0.20353250,-589.2749,595007.3750,33.896,604884.3750,1999.9000,
	2026/04/30 11:44:03	,	074042	,	2793	,10.478360,1999.9000,-0.23323563,-588.9276,595014.8750,33.900,604786.1875,1999.9000,
	2026/04/30 11:44:03	,	075042	,	2794	,10.479299,1999.9000,-0.26178542,-588.7375,595188.4375,33.904,604756.8750,1999.9000,
	2026/04/30 11:44:03	,	076042	,	2795	,10.480297,1999.9000,-0.29063770,-588.8776,595482.7500,33.908,604745.1250,1999.9000,
	2026/04/30 11:44:03	,	077042	,	2796	,10.485286,1999.9000,-0.32645410,-588.9943,595491.6250,33.911,604739.2500,1999.9000,
	2026/04/30 11:44:03	,	078042	,	2797	,10.486179,1999.9000,-0.36878091,-589.4894,595494.6250,33.913,604735.7500,1999.9000,
	2026/04/30 11:44:03	,	079042	,	2798	,10.487152,1999.9000,-0.41737854,-590.4989,595496.1875,33.915,604733.3750,1999.9000,
	2026/04/30 11:44:03	,	080042	,	2799	,10.488101,1999.9000,-0.47316092,-591.3401,595497.0625,33.921,604731.4375,1999.9000,
	2026/04/30 11:44:03	,	081042	,	2800	,10.492524,1999.9000,-0.53482968,-592.2401,595497.6875,33.926,604740.4375,1999.9000,
	2026/04/30 11:44:03	,	082042	,	2801	,10.493314,1999.9000,-0.60181141,-592.9901,595412.4375,33.926,604864.0625,1999.9000,
	2026/04/30 11:44:03	,	083042	,	2802	,10.494262,1999.9000,-0.67438954,-593.6152,595398.4375,33.921,604895.8125,1999.9000,
	2026/04/30 11:44:03	,	084042	,	2803	,10.495160,1999.9000,-0.75188363,-594.0365,595386.4375,33.917,604993.9375,1999.9000,
	2026/04/30 11:44:03	,	085042	,	2804	,10.499346,1999.9000,-0.83498687,-594.2881,595252.1875,33.918,605026.2500,1999.9000,
	2026/04/30 11:44:03	,	086042	,	2805	,10.500180,1999.9000,-0.92357939,-594.4979,594995.3750,33.921,605140.7500,1999.9000,
	2026/04/30 11:44:03	,	087042	,	2806	,10.501084,1999.9000,-1.01148498,-594.0758,594876.2500,33.923,605140.7500,1999.9000,
	2026/04/30 11:44:03	,	088042	,	2807	,10.501842,1999.9000,-1.09840107,-593.6246,594876.2500,33.919,605140.7500,1999.9000,
	2026/04/30 11:44:03	,	089042	,	2808	,10.502558,1999.9000,-1.18420172,-593.2485,594876.2500,33.913,605140.7500,1999.9000,
	2026/04/30 11:44:03	,	090042	,	2809	,10.503204,1999.9000,-1.26743090,-592.9352,594876.2500,33.908,605140.7500,1999.9000,
	2026/04/30 11:44:03	,	091042	,	2810	,10.507657,1999.9000,-1.34934926,-592.5746,594876.2500,33.903,605135.7500,1999.9000,
	2026/04/30 11:44:03	,	092042	,	2811	,10.508029,1999.9000,-1.43087053,-592.3736,594888.9375,33.906,605046.5625,1999.9000,
	2026/04/30 11:44:03	,	093042	,	2812	,10.508442,1999.9000,-1.51110613,-592.2061,594974.5000,33.909,605025.0625,1999.9000,
	2026/04/30 11:44:03	,	094042	,	2813	,10.508953,1999.9000,-1.58956444,-592.4643,594976.6250,33.906,605001.8125,1999.9000,
	2026/04/30 11:44:03	,	095042	,	2814	,10.509421,1999.9000,-1.66431689,-592.9780,595069.2500,33.903,604916.6250,1999.9000,
	2026/04/30 11:44:03	,	096042	,	2815	,10.509808,1999.9000,-1.73272932,-593.4060,595345.1250,33.900,604890.3750,1999.9000,
	2026/04/30 11:44:03	,	097042	,	2816	,10.510243,1999.9000,-1.79913747,-594.1606,595545.3750,33.898,604865.8750,1999.9000,
	2026/04/30 11:44:03	,	098042	,	2817	,10.510756,1999.9000,-1.86436713,-594.7895,595545.3750,33.896,604853.6875,1999.9000,
	2026/04/30 11:44:03	,	099042	,	2818	,10.511257,1999.9000,-1.92694354,-595.3135,595545.3750,33.896,604846.3750,1999.9000,
	2026/04/30 11:44:03	,	100042	,	2819	,10.511760,1999.9000,-1.98871303,-595.7502,595545.3750,33.896,604841.5000,1999.9000,
	2026/04/30 11:44:03	,	101042	,	2820	,10.512253,1999.9000,-2.04850364,-596.1141,595545.3750,33.897,604837.4375,1999.9000,
	2026/04/30 11:44:03	,	102042	,	2821	,10.512684,1999.9000,-2.10388279,-596.1190,595444.0625,33.897,604842.3750,1999.9000,
	2026/04/30 11:44:03	,	103042	,	2822	,10.513123,1999.9000,-2.15455389,-596.1230,595420.1875,33.897,604852.0000,1999.9000,
	2026/04/30 11:44:03	,	104042	,	2823	,10.513487,1999.9000,-2.20044780,-595.9274,595405.0625,33.897,604960.1250,1999.9000,
	2026/04/30 11:44:03	,	105042	,	2824	,10.513801,1999.9000,-2.24237752,-595.7644,595310.5625,33.897,604995.1875,1999.9000,
	2026/04/30 11:44:03	,	106042	,	2825	,10.514063,1999.9000,-2.28338075,-595.4296,595081.8125,33.898,605109.3125,1999.9000,
	2026/04/30 11:44:03	,	107042	,	2826	,10.514282,1999.9000,-2.31904602,-595.1506,594805.9375,33.899,605109.3125,1999.9000,
	2026/04/30 11:44:03	,	108042	,	2827	,10.514464,1999.9000,-2.34673882,-594.9182,594805.9375,33.901,605109.3125,1999.9000,
	2026/04/30 11:44:03	,	109042	,	2828	,10.514606,1999.9000,-2.36783266,-594.8239,594805.9375,33.901,605109.3125,1999.9000,
	2026/04/30 11:44:03	,	110042	,	2829	,10.514713,1999.9000,-2.37242079,-594.6459,594805.9375,33.902,605109.3125,1999.9000,
	2026/04/30 11:44:03	,	111042	,	2830	,10.514792,1999.9000,-2.37242079,-594.4975,594805.9375,33.903,605104.8750,1999.9000,
	2026/04/30 11:44:03	,	112042	,	2831	,10.514813,1999.9000,-2.37242103,-594.3739,594912.0000,33.903,605022.9375,1999.9000,
	2026/04/30 11:44:03	,	113042	,	2832	,10.514744,1999.9000,-2.37242079,-594.1714,594934.9375,33.904,604993.6250,1999.9000,
	2026/04/30 11:44:03	,	114042	,	2833	,10.514635,1999.9000,-2.37242079,-594.1022,594946.7500,33.910,604902.1875,1999.9000,
	2026/04/30 11:44:03	,	115042	,	2834	,10.514514,1999.9000,-2.35738969,-594.0444,594963.5625,33.916,604868.0625,1999.9000,
	2026/04/30 11:44:03	,	116042	,	2835	,10.514370,1999.9000,-2.33339024,-593.9963,595226.5625,33.922,604766.2500,1999.9000,
	2026/04/30 11:44:03	,	117042	,	2836	,10.514139,1999.9000,-2.30330276,-593.9563,595531.6250,33.927,604753.5625,1999.9000,
	2026/04/30 11:44:03	,	118042	,	2837	,10.513794,1999.9000,-2.27012706,-593.9229,595531.6250,33.931,604749.3750,1999.9000,
	2026/04/30 11:44:03	,	119042	,	2838	,10.513362,1999.9000,-2.23237562,-593.7956,595531.6250,33.934,604747.2500,1999.9000,
	2026/04/30 11:44:03	,	120042	,	2839	,10.512799,1999.9000,-2.19130921,-593.6895,595531.6250,33.937,604745.9375,1999.9000,
	2026/04/30 11:44:03	,	121042	,	2840	,10.512205,1999.9000,-2.14743209,-593.4021,595531.6250,33.937,604745.0625,1999.9000,
	2026/04/30 11:44:03	,	122042	,	2841	,10.508134,1999.9000,-2.09852576,-593.3616,595440.4375,33.940,604756.8750,1999.9000,
	2026/04/30 11:44:03	,	123042	,	2842	,10.507403,1999.9000,-2.04423070,-593.2283,595406.2500,33.942,604867.1250,1999.9000,
	2026/04/30 11:44:03	,	124042	,	2843	,10.506702,1999.9000,-1.98527193,-593.1172,595384.4375,33.939,604891.5625,1999.9000,
	2026/04/30 11:44:03	,	125042	,	2844	,10.505929,1999.9000,-1.92192054,-593.1242,595365.2500,33.936,604981.2500,1999.9000,
	2026/04/30 11:44:03	,	126042	,	2845	,10.505148,1999.9000,-1.85721385,-593.3289,595175.3125,33.933,605021.4375,1999.9000,
	2026/04/30 11:44:03	,	127042	,	2846	,10.500299,1999.9000,-1.78986037,-593.4995,594906.6250,33.930,605036.1875,1999.9000,
	2026/04/30 11:44:03	,	128042	,	2847	,10.499480,1999.9000,-1.71623600,-593.6417,594901.8750,33.927,605043.5625,1999.9000,
	2026/04/30 11:44:03	,	129042	,	2848	,10.498543,1999.9000,-1.63834488,-593.8597,594900.2500,33.922,605048.0000,1999.9000,
	2026/04/30 11:44:03	,	130042	,	2849	,10.497560,1999.9000,-1.55553174,-594.0413,594899.5000,33.915,605051.0625,1999.9000,
	2026/04/30 11:44:03	,	131042	,	2850	,10.492733,1999.9000,-1.55553174,-594.1926,594899.0000,33.915,605053.5000,1999.9000,
	2026/04/30 11:44:03	,	132042	,	2851	,10.491928,1999.9000,-1.37718689,-594.3188,594898.6875,33.909,605044.0000,1999.9000,
	2026/04/30 11:44:03	,	133042	,	2852	,10.490935,1999.9000,-1.28682959,-594.4240,594911.0000,33.900,604924.5000,1999.9000,
	2026/04/30 11:44:03	,	134042	,	2853	,10.486835,1999.9000,-1.19656694,-594.5115,594994.2500,33.891,604894.0000,1999.9000,
	2026/04/30 11:44:03	,	135042	,	2854	,10.485867,1999.9000,-1.10704160,-594.5845,595001.6875,33.883,604798.2500,1999.9000,
	2026/04/30 11:44:03	,	136042	,	2855	,10.484829,1999.9000,-1.01592183,-594.7448,595152.0625,33.885,604767.1875,1999.9000,
	2026/04/30 11:44:03	,	137042	,	2856	,10.480788,1999.9000,-0.92361724,-594.8784,595449.3750,33.887,604749.6875,1999.9000,
	2026/04/30 11:44:03	,	138042	,	2857	,10.480013,1999.9000,-0.83591330,-594.6913,595485.1250,33.889,604741.0000,1999.9000,
	2026/04/30 11:44:03	,	139042	,	2858	,10.479090,1999.9000,-0.75313151,-594.9332,595497.0000,33.890,604735.8125,1999.9000,
	2026/04/30 11:44:03	,	140042	,	2859	,10.478136,1999.9000,-0.67629921,-595.1349,595503.0000,33.882,604732.3125,1999.9000,
	2026/04/30 11:44:03	,	141042	,	2860	,10.473609,1999.9000,-0.60694784,-595.3029,595506.6250,33.875,604729.4375,1999.9000,
	2026/04/30 11:44:03	,	142042	,	2861	,10.472477,1999.9000,-0.54362780,-595.4429,595509.0000,33.870,604736.8750,1999.9000,
	2026/04/30 11:44:03	,	143042	,	2862	,10.471335,1999.9000,-0.48531821,-595.4601,595422.0000,33.874,604826.0625,1999.9000,
	2026/04/30 11:44:03	,	144042	,	2863	,10.466907,1999.9000,-0.43350637,-595.1761,595399.3750,33.876,604847.5000,1999.9000,
	2026/04/30 11:44:03	,	145042	,	2864	,10.465790,1999.9000,-0.38860187,-594.9395,595386.0625,33.878,604933.5625,1999.9000,
	2026/04/30 11:44:03	,	146042	,	2865	,10.464553,1999.9000,-0.35235059,-594.7422,595278.4375,33.880,604968.2500,1999.9000,
	2026/04/30 11:44:03	,	147042	,	2866	,10.459966,1999.9000,-0.32416636,-594.5778,595031.7500,33.881,605053.7500,1999.9000,
	2026/04/30 11:44:03	,	148042	,	2867	,10.458848,1999.9000,-0.29654932,-594.3413,594853.6250,33.882,605053.7500,1999.9000,
	2026/04/30 11:44:03	,	149042	,	2868	,10.457771,1999.9000,-0.26836509,-594.0447,594853.6250,33.886,605053.7500,1999.9000,
	2026/04/30 11:44:03	,	150042	,	2869	,10.453442,1999.9000,-0.23973969,-593.5987,594853.6250,33.893,605053.7500,1999.9000,
	2026/04/30 11:44:03	,	151042	,	2870	,10.452458,1999.9000,-0.23973969,-592.8291,594853.6250,33.901,605053.7500,1999.9000,
	2026/04/30 11:44:03	,	152042	,	2871	,10.451634,1999.9000,-0.20825930,-592.1877,594853.6250,33.905,604971.6250,1999.9000,
	2026/04/30 11:44:03	,	153042	,	2872	,10.450784,1999.9000,-0.17424536,-591.6533,594959.0000,33.908,604889.5000,1999.9000,
	2026/04/30 11:44:03	,	154042	,	2873	,10.446293,1999.9000,-0.13842891,-591.2079,594980.1875,33.911,604856.5000,1999.9000,
	2026/04/30 11:44:03	,	155042	,	2874	,10.445354,1999.9000,-0.10046969,-590.8369,594990.8125,33.913,604749.9375,1999.9000,
	2026/04/30 11:44:03	,	156042	,	2875	,10.444426,1999.9000,-0.06099159,-590.4280,595087.1250,33.915,604719.7500,1999.9000,
	2026/04/30 11:44:03	,	157042	,	2876	,10.443552,1999.9000,-0.01771945,-590.0875,595349.9375,33.915,604634.5625,1999.9000,
	2026/04/30 11:44:03	,	158042	,	2877	,10.439174,1999.9000,0.03271851,-589.8036,595562.0000,33.906,604634.5625,1999.9000,
	2026/04/30 11:44:03	,	159042	,	2878	,10.438369,1999.9000,0.08635803,-589.5670,595562.0000,33.898,604634.5625,1999.9000,
	2026/04/30 11:44:03	,	160042	,	2879	,10.437654,1999.9000,0.14063416,-589.3699,595562.0000,33.892,604634.5625,1999.9000,
	2026/04/30 11:44:03	,	161042	,	2880	,10.436820,1999.9000,0.18759947,-589.2056,595562.0000,33.887,604634.5625,1999.9000,
	2026/04/30 11:44:03	,	162042	,	2881	,10.436021,1999.9000,0.21843074,-589.0686,595562.0000,33.891,604642.6250,1999.9000,
	2026/04/30 11:44:03	,	163042	,	2882	,10.431041,1999.9000,0.23593244,-588.9546,595450.6250,33.895,604745.1250,1999.9000,
	2026/04/30 11:44:03	,	164042	,	2883	,10.430401,1999.9000,0.24665907,-588.8595,595417.5000,33.899,604771.0625,1999.9000,
	2026/04/30 11:44:03	,	165042	,	2884	,10.429770,1999.9000,0.25265893,-588.9792,595395.8125,33.901,604854.4375,1999.9000,
	2026/04/30 11:44:03	,	166042	,	2885	,10.429098,1999.9000,0.25287008,-589.3774,595312.9375,33.904,604884.6250,1999.9000,
	2026/04/30 11:44:03	,	167042	,	2886	,10.428473,1999.9000,0.25305599,-589.9082,595131.8125,33.909,604990.3125,1999.9000,
	2026/04/30 11:44:03	,	168042	,	2887	,10.427884,1999.9000,0.25542569,-590.7485,594868.5000,33.913,604990.3125,1999.9000,
	2026/04/30 11:44:03	,	169042	,	2888	,10.423802,1999.9000,0.25564313,-591.6476,594868.5000,33.918,604990.3125,1999.9000,
	2026/04/30 11:44:03	,	170042	,	2889	,10.423355,1999.9000,0.25574502,-592.7947,594868.5000,33.920,604990.3125,1999.9000,
	2026/04/30 11:44:03	,	171042	,	2890	,10.422978,1999.9000,0.25964826,-593.7507,594868.5000,33.918,604990.3125,1999.9000,
	2026/04/30 11:44:03	,	172042	,	2891	,10.422582,1999.9000,0.26416081,-594.5473,594868.5000,33.914,604984.6875,1999.9000,
	2026/04/30 11:44:03	,	173042	,	2892	,10.422277,1999.9000,0.26850313,-595.2112,594879.0625,33.910,604882.8125,1999.9000,
	2026/04/30 11:44:03	,	174042	,	2893	,10.422006,1999.9000,0.27091697,-595.7644,594988.2500,33.906,604858.0000,1999.9000,
	2026/04/30 11:44:03	,	175042	,	2894	,10.421604,1999.9000,0.27186230,-596.2254,594995.0625,33.902,604765.6875,1999.9000,
	2026/04/30 11:44:03	,	176042	,	2895	,10.421127,1999.9000,0.27501348,-596.4106,595010.4375,33.898,604734.2500,1999.9000,
	2026/04/30 11:44:03	,	177042	,	2896	,10.420664,1999.9000,0.27835372,-596.9629,595239.0625,33.895,604644.8125,1999.9000,
	2026/04/30 11:44:03	,	178042	,	2897	,10.420195,1999.9000,0.28541872,-597.0253,595536.3750,33.892,604644.8125,1999.9000,
	2026/04/30 11:44:03	,	179042	,	2898	,10.419698,1999.9000,0.29288074,-597.0772,595536.3750,33.890,604644.8125,1999.9000,
	2026/04/30 11:44:03	,	180042	,	2899	,10.419271,1999.9000,0.29724827,-597.1205,595536.3750,33.898,604644.8125,1999.9000,
	2026/04/30 11:44:03	,	181042	,	2900	,10.418859,1999.9000,0.29724827,-597.1566,595536.3750,33.907,604644.8125,1999.9000,
	2026/04/30 11:44:03	,	182042	,	2901	,10.418507,1999.9000,0.29724824,-597.1866,595536.3750,33.915,604646.3750,1999.9000,
	2026/04/30 11:44:03	,	183042	,	2902	,10.418213,1999.9000,0.29724827,-597.0128,595532.4375,33.921,604731.8125,1999.9000,
	2026/04/30 11:44:03	,	184042	,	2903	,10.417968,1999.9000,0.29724827,-596.2710,595439.2500,33.926,604752.0625,1999.9000,
	2026/04/30 11:44:03	,	185042	,	2904	,10.417764,1999.9000,0.29294375,-595.5533,595439.2500,33.930,604776.3125,1999.9000,
	2026/04/30 11:44:03	,	186042	,	2905	,10.417595,1999.9000,0.28870225,-594.8558,595422.8125,33.932,604902.1875,1999.9000,
	2026/04/30 11:44:03	,	187042	,	2906	,10.417462,1999.9000,0.28455526,-594.2747,595254.5625,33.923,604985.5000,1999.9000,
	2026/04/30 11:44:03	,	188042	,	2907	,10.417356,1999.9000,0.27798191,-593.7903,595254.5625,33.913,604990.9375,1999.9000,
	2026/04/30 11:44:03	,	189042	,	2908	,10.417279,1999.9000,0.27031192,-593.3866,594969.7500,33.904,604992.7500,1999.9000,
	2026/04/30 11:44:03	,	190042	,	2909	,10.417299,1999.9000,0.26474059,-593.0503,594942.0625,33.892,604993.6250,1999.9000,
	2026/04/30 11:44:03	,	191042	,	2910	,10.417364,1999.9000,0.25960419,-592.8694,594932.8750,33.882,604994.1875,1999.9000,
	2026/04/30 11:44:03	,	192042	,	2911	,10.417435,1999.9000,0.25572190,-593.1166,594928.2500,33.874,604994.5625,1999.9000,
	2026/04/30 11:44:03	,	193042	,	2912	,10.417593,1999.9000,0.25480175,-593.3227,594925.5625,33.869,604982.8750,1999.9000,
	2026/04/30 11:44:03	,	194042	,	2913	,10.417873,1999.9000,0.25173882,-593.8923,594923.6875,33.864,604859.2500,1999.9000,
	2026/04/30 11:44:03	,	195042	,	2914	,10.418285,1999.9000,0.24919894,-594.4664,594935.3750,33.863,604831.5000,1999.9000,
	2026/04/30 11:44:03	,	196042	,	2915	,10.418754,1999.9000,0.24918321,-594.9448,595024.0000,33.860,604739.6875,1999.9000,
	2026/04/30 11:44:03	,	197042	,	2916	,10.419353,1999.9000,0.24905820,-595.3435,595028.4375,33.857,604711.0000,1999.9000,
	2026/04/30 11:44:03	,	198042	,	2917	,10.420014,1999.9000,0.24676624,-595.6757,595153.3125,33.854,604698.0000,1999.9000,
	2026/04/30 11:44:03	,	199042	,	2918	,10.424696,1999.9000,0.24671267,-595.9526,595444.6250,33.852,604691.5000,1999.9000,
	2026/04/30 11:44:03	,	200042	,	2919	,10.425530,1999.9000,0.24660656,-596.0838,595542.3750,33.854,604687.6250,1999.9000,
	2026/04/30 11:44:03	,	201042	,	2920	,10.426374,1999.9000,0.24620058,-595.9942,595542.3750,33.858,604687.6250,1999.9000,
	2026/04/30 11:44:03	,	202042	,	2921	,10.427214,1999.9000,0.24232936,-595.9196,595542.3750,33.861,604685.0000,1999.9000,
	2026/04/30 11:44:03	,	203042	,	2922	,10.431220,1999.9000,0.23468454,-595.8574,595542.3750,33.858,604682.8750,1999.9000,
	2026/04/30 11:44:03	,	204042	,	2923	,10.432024,1999.9000,0.22598097,-595.8055,595542.3750,33.855,604693.3750,1999.9000,
	2026/04/30 11:44:03	,	205042	,	2924	,10.432888,1999.9000,0.21728998,-595.7623,595441.6250,33.859,604804.3125,1999.9000,
	2026/04/30 11:44:03	,	206042	,	2925	,10.433804,1999.9000,0.20895196,-596.0248,595418.0625,33.873,604836.0000,1999.9000,
	2026/04/30 11:44:03	,	207042	,	2926	,10.438280,1999.9000,0.20111810,-596.2435,595406.3125,33.886,604929.9375,1999.9000,
	2026/04/30 11:44:03	,	208042	,	2927	,10.439099,1999.9000,0.19117291,-596.4257,595309.9375,33.897,604958.9375,1999.9000,
	2026/04/30 11:44:03	,	209042	,	2928	,10.439998,1999.9000,0.17825305,-596.5775,595071.6250,33.906,604978.0625,1999.9000,
	2026/04/30 11:44:03	,	210042	,	2929	,10.440953,1999.9000,0.16724280,-596.7040,594880.3750,33.914,604987.5625,1999.9000,
	2026/04/30 11:44:03	,	211042	,	2930	,10.445906,1999.9000,0.15733545,-596.7100,594880.3750,33.920,604993.3125,1999.9000,
	2026/04/30 11:44:03	,	212042	,	2931	,10.447067,1999.9000,0.14883356,-596.6155,594880.3750,33.925,604997.1250,1999.9000,
	2026/04/30 11:44:03	,	213042	,	2932	,10.447951,1999.9000,0.14280218,-596.3378,594880.3750,33.925,605000.3125,1999.9000,
	2026/04/30 11:44:03	,	214042	,	2933	,10.448840,1999.9000,0.13657539,-596.0070,594880.3750,33.925,604989.9375,1999.9000,
	2026/04/30 11:44:03	,	215042	,	2934	,10.453858,1999.9000,0.12769535,-595.5323,594982.2500,33.925,604874.3125,1999.9000,
	2026/04/30 11:44:03	,	216042	,	2935	,10.454693,1999.9000,0.11592250,-595.1367,595004.9375,33.925,604847.7500,1999.9000,
	2026/04/30 11:44:03	,	217042	,	2936	,10.455616,1999.9000,0.10055732,-594.8071,595015.4375,33.925,604749.9375,1999.9000,
	2026/04/30 11:44:03	,	218042	,	2937	,10.459667,1999.9000,0.08229300,-594.5324,595032.9375,33.925,604723.6875,1999.9000,
	2026/04/30 11:44:03	,	219042	,	2938	,10.460680,1999.9000,0.06252874,-593.6072,595329.0625,33.923,604700.8125,1999.9000,
	2026/04/30 11:44:03	,	220042	,	2939	,10.461722,1999.9000,0.03764065,-592.8362,595576.3125,33.923,604689.3750,1999.9000,
	2026/04/30 11:44:03	,	221042	,	2940	,10.465744,1999.9000,0.00893331,-592.1937,595576.3125,33.925,604682.5000,1999.9000,
	2026/04/30 11:44:03	,	222042	,	2941	,10.466862,1999.9000,-0.02192944,-591.6583,595576.3125,33.926,604677.9375,1999.9000,
	2026/04/30 11:44:03	,	223042	,	2942	,10.468009,1999.9000,-0.05494761,-591.2121,595576.3125,33.928,604674.1250,1999.9000,
	2026/04/30 11:44:03	,	224042	,	2943	,10.472179,1999.9000,-0.08790904,-590.4423,595576.3125,33.929,604680.6250,1999.9000,
	2026/04/30 11:44:03	,	225042	,	2944	,10.473371,1999.9000,-0.11855752,-589.8009,595453.5625,33.929,604790.4375,1999.9000,
	2026/04/30 11:44:03	,	226042	,	2945	,10.474473,1999.9000,-0.14797704,-589.1669,595422.8750,33.930,604818.5000,1999.9000,
	2026/04/30 11:44:03	,	227042	,	2946	,10.475449,1999.9000,-0.17818435,-588.6385,595402.3125,33.931,604917.8750,1999.9000,
	2026/04/30 11:44:03	,	228042	,	2947	,10.480431,1999.9000,-0.21121511,-588.1982,595319.5625,33.939,604956.5625,1999.9000,
	2026/04/30 11:44:03	,	229042	,	2948	,10.481547,1999.9000,-0.24926257,-587.8314,595154.4375,33.938,605090.5625,1999.9000,
	2026/04/30 11:44:03	,	230042	,	2949	,10.482615,1999.9000,-0.28848228,-587.5256,594889.3750,33.936,605090.5625,1999.9000,
	2026/04/30 11:44:03	,	231042	,	2950	,10.483550,1999.9000,-0.32944146,-587.2708,594889.3750,33.934,605090.5625,1999.9000,
	2026/04/30 11:44:03	,	232042	,	2951	,10.488145,1999.9000,-0.37454128,-587.4564,594889.3750,33.932,605090.5625,1999.9000,
	2026/04/30 11:44:03	,	233042	,	2952	,10.489099,1999.9000,-0.42213053,-588.1084,594889.3750,33.931,605090.5625,1999.9000,
	2026/04/30 11:44:03	,	234042	,	2953	,10.489973,1999.9000,-0.47232902,-588.9502,594889.3750,33.928,605082.2500,1999.9000,
	2026/04/30 11:44:03	,	235042	,	2954	,10.490842,1999.9000,-0.52781510,-589.8506,594896.3750,33.926,604959.5000,1999.9000,
	2026/04/30 11:44:03	,	236042	,	2955	,10.495205,1999.9000,-0.58929491,-590.6010,594996.0000,33.923,604929.6250,1999.9000,
	2026/04/30 11:44:03	,	237042	,	2956	,10.496055,1999.9000,-0.65696353,-591.2262,595005.8125,33.920,604843.0000,1999.9000,
	2026/04/30 11:44:03	,	238042	,	2957	,10.496934,1999.9000,-0.72973078,-591.7473,595017.6875,33.918,604815.1875,1999.9000,
	2026/04/30 11:44:03	,	239042	,	2958	,10.497775,1999.9000,-0.80355054,-592.3804,595200.3125,33.916,604790.4375,1999.9000,
	2026/04/30 11:44:03	,	240042	,	2959	,10.498561,1999.9000,-0.88055301,-592.9081,595492.3125,33.914,604778.0625,1999.9000,
	2026/04/30 11:44:03	,	241042	,	2960	,10.503160,1999.9000,-0.96166468,-593.3478,595492.3125,33.908,604770.6250,1999.9000,
	2026/04/30 11:44:03	,	242042	,	2961	,10.503934,1999.9000,-1.04482448,-593.7142,595492.3125,33.903,604765.6875,1999.9000,
	2026/04/30 11:44:03	,	243042	,	2962	,10.504569,1999.9000,-1.13077009,-593.7211,595492.3125,33.899,604761.5000,1999.9000,
	2026/04/30 11:44:03	,	244042	,	2963	,10.504569,1999.9000,-1.21931219,-593.7269,595492.3125,33.896,604768.5000,1999.9000,
	2026/04/30 11:44:03	,	245042	,	2964	,10.505733,1999.9000,-1.30811906,-593.7318,595491.8125,33.893,604879.2500,1999.9000,
	2026/04/30 11:44:03	,	246042	,	2965	,10.506248,1999.9000,-1.39580417,-593.6363,595392.1875,33.890,604910.3125,1999.9000,
	2026/04/30 11:44:03	,	247042	,	2966	,10.506880,1999.9000,-1.48136520,-593.5567,595373.4375,33.888,605013.2500,1999.9000,
	2026/04/30 11:44:03	,	248042	,	2967	,10.511083,1999.9000,-1.56464493,-593.1920,595360.1875,33.887,605049.5000,1999.9000,
	2026/04/30 11:44:03	,	249042	,	2968	,10.511083,1999.9000,-1.64819539,-592.7886,595225.9375,33.887,605176.3750,1999.9000,
	2026/04/30 11:44:03	,	250042	,	2969	,10.511917,1999.9000,-1.72962224,-592.3530,594966.2500,33.888,605188.8125,1999.9000,
	2026/04/30 11:44:03	,	251042	,	2970	,10.511917,1999.9000,-1.80507433,-591.9899,594850.6250,33.891,605192.9375,1999.9000,
	2026/04/30 11:44:03	,	252042	,	2971	,10.512215,1999.9000,-1.87542152,-591.6874,594850.6250,33.894,605195.0000,1999.9000,
	2026/04/30 11:44:03	,	253042	,	2972	,10.512519,1999.9000,-1.93951035,-591.5348,594850.6250,33.897,605196.1875,1999.9000,
	2026/04/30 11:44:03	,	254042	,	2973	,10.512821,1999.9000,-1.99678636,-591.4076,594850.6250,33.900,605197.0000,1999.9000,
	2026/04/30 11:44:03	,	255042	,	2974	,10.513103,1999.9000,-2.04954362,-591.4011,594850.6250,33.904,605110.5625,1999.9000,
	2026/04/30 11:44:03	,	256042	,	2975	,10.513382,1999.9000,-2.09831762,-591.4952,594944.7500,33.911,605017.5000,1999.9000,
	2026/04/30 11:44:03	,	257042	,	2976	,10.513683,1999.9000,-2.14323473,-592.0709,594966.8125,33.916,604923.8750,1999.9000,
	2026/04/30 11:44:03	,	258042	,	2977	,10.513968,1999.9000,-2.18428850,-592.6501,594978.7500,33.920,604883.4375,1999.9000,
	2026/04/30 11:44:03	,	259042	,	2978	,10.514207,1999.9000,-2.21856713,-593.2323,595111.0000,33.924,604777.1250,1999.9000,
	2026/04/30 11:44:03	,	260042	,	2979	,10.514410,1999.9000,-2.24755168,-593.7175,595388.0625,33.927,604776.8125,1999.9000,
	2026/04/30 11:44:03	,	261042	,	2980	,10.514585,1999.9000,-2.27524447,-594.1218,595512.0000,33.930,604776.6250,1999.9000,
	2026/04/30 11:44:03	,	262042	,	2981	,10.514730,1999.9000,-2.29991198,-594.4587,595512.0000,33.930,604776.6250,1999.9000,
	2026/04/30 11:44:03	,	263042	,	2982	,10.514852,1999.9000,-2.32167411,-594.4587,595512.0000,33.929,604776.6250,1999.9000,
	2026/04/30 11:44:03	,	264042	,	2983	,10.514943,1999.9000,-2.34077024,-594.5754,595512.0000,33.927,604776.5625,1999.9000,
	2026/04/30 11:44:03	,	265042	,	2984	,10.515020,1999.9000,-2.35367751,-594.5754,595512.0000,33.920,604787.6875,1999.9000,
	2026/04/30 11:44:03	,	266042	,	2985	,10.515069,1999.9000,-2.35367751,-594.3394,595410.0625,33.915,604900.9375,1999.9000,
	2026/04/30 11:44:03	,	267042	,	2986	,10.515100,1999.9000,-2.35367727,-594.1426,595389.1875,33.907,604931.4375,1999.9000,
	2026/04/30 11:44:03	,	268042	,	2987	,10.515030,1999.9000,-2.35367751,-593.9787,595374.5000,33.899,605024.7500,1999.9000,
	2026/04/30 11:44:03	,	269042	,	2988	,10.514853,1999.9000,-2.35367751,-593.7426,595280.8125,33.893,605061.0000,1999.9000,
	2026/04/30 11:44:03	,	270042	,	2989	,10.514647,1999.9000,-2.34484792,-593.5459,595062.1250,33.883,605073.0625,1999.9000,
	2026/04/30 11:44:03	,	271042	,	2990	,10.514380,1999.9000,-2.32897210,-593.5809,594808.8750,33.874,605079.0625,1999.9000,
	2026/04/30 11:44:03	,	272042	,	2991	,10.514059,1999.9000,-2.30625844,-593.4111,594808.8750,33.867,605082.6250,1999.9000,
	2026/04/30 11:44:03	,	273042	,	2992	,10.513693,1999.9000,-2.27651119,-593.2696,594808.8750,33.862,605085.0625,1999.9000,
	2026/04/30 11:44:03	,	274042	,	2993	,10.513184,1999.9000,-2.23845744,-593.1516,594808.8750,33.861,605084.1875,1999.9000,
	2026/04/30 11:44:03	,	275042	,	2994	,10.512594,1999.9000,-2.19388700,-593.0534,594808.8750,33.864,605072.0625,1999.9000,
	2026/04/30 11:44:03	,	276042	,	2995	,10.508580,1999.9000,-2.14394069,-592.9715,594925.6250,33.867,604945.6250,1999.9000,
	2026/04/30 11:44:03	,	277042	,	2996	,10.507910,1999.9000,-2.08829069,-592.9033,594952.1875,33.869,604912.4375,1999.9000,
	2026/04/30 11:44:03	,	278042	,	2997	,10.507160,1999.9000,-2.02759886,-593.0454,594966.0000,33.870,604810.3125,1999.9000,
	2026/04/30 11:44:03	,	279042	,	2998	,10.506436,1999.9000,-1.96006870,-593.1638,594982.4375,33.872,604781.3125,1999.9000,
	2026/04/30 11:44:03	,	280042	,	2999	,10.505691,1999.9000,-1.88473010,-593.2625,595256.9375,33.873,604763.8125,1999.9000,
	2026/04/30 11:44:03	,	281042	,	3000	,10.500984,1999.9000,-1.80690193,-593.7426,595541.7500,33.874,604755.0625,1999.9000,
	2026/04/30 11:44:03	,	282042	,	3001	,10.499987,1999.9000,-1.72650886,-594.1428,595541.7500,33.875,604749.7500,1999.9000,
	2026/04/30 11:44:03	,	283042	,	3002	,10.498988,1999.9000,-1.64363885,-594.5756,595541.7500,33.874,604746.2500,1999.9000,
	2026/04/30 11:44:03	,	284042	,	3003	,10.498057,1999.9000,-1.56014490,-595.1353,595541.7500,33.871,604743.3750,1999.9000,
	2026/04/30 11:44:03	,	285042	,	3004	,10.493418,1999.9000,-1.47549140,-595.6017,595541.7500,33.869,604750.2500,1999.9000,
	2026/04/30 11:44:03	,	286042	,	3005	,10.492495,1999.9000,-1.38889039,-595.9904,595419.6250,33.873,604841.1250,1999.9000,
	2026/04/30 11:44:03	,	287042	,	3006	,10.491482,1999.9000,-1.30123687,-596.3143,595383.8750,33.875,604867.1250,1999.9000,
	2026/04/30 11:44:03	,	288042	,	3007	,10.487311,1999.9000,-1.21355188,-596.3852,595364.1875,33.877,604951.1250,1999.9000,
	2026/04/30 11:44:03	,	289042	,	3008	,10.486463,1999.9000,-1.12808526,-595.8475,595349.4375,33.876,604981.2500,1999.9000,
	2026/04/30 11:44:03	,	290042	,	3009	,10.485594,1999.9000,-1.04749668,-595.3995,595150.3125,33.875,605080.3125,1999.9000,
	2026/04/30 11:44:03	,	291042	,	3010	,10.481562,1999.9000,-0.96687043,-595.0261,594867.8750,33.874,605080.3125,1999.9000,
	2026/04/30 11:44:03	,	292042	,	3011	,10.480535,1999.9000,-0.88572103,-594.7149,594867.8750,33.873,605080.3125,1999.9000,
	2026/04/30 11:44:03	,	293042	,	3012	,10.479636,1999.9000,-0.80670178,-594.4556,594867.8750,33.872,605080.3125,1999.9000,
	2026/04/30 11:44:03	,	294042	,	3013	,10.478747,1999.9000,-0.72906905,-594.2394,594867.8750,33.872,605080.3125,1999.9000,
	2026/04/30 11:44:03	,	295042	,	3014	,10.473966,1999.9000,-0.65442365,-594.7557,594867.8750,33.871,605071.3125,1999.9000,
	2026/04/30 11:44:03	,	296042	,	3015	,10.472968,1999.9000,-0.58509749,-595.1859,594870.7500,33.871,604943.8125,1999.9000,
	2026/04/30 11:44:03	,	297042	,	3016	,10.471971,1999.9000,-0.52110308,-595.5444,594950.7500,33.871,604905.4375,1999.9000,
	2026/04/30 11:44:03	,	298042	,	3017	,10.467830,1999.9000,-0.46290067,-595.8431,594962.6250,33.875,604798.8750,1999.9000,
	2026/04/30 11:44:03	,	299042	,	3018	,10.466802,1999.9000,-0.41089970,-596.0921,594974.5000,33.880,604767.4375,1999.9000,
	2026/04/30 11:44:03	,	300042	,	3019	,10.465694,1999.9000,-0.36239031,-596.1006,595152.0625,33.885,604670.2500,1999.9000,
	2026/04/30 11:44:03	,	301042	,	3020	,10.461336,1999.9000,-0.32030931,-596.1077,595458.3125,33.888,604670.2500,1999.9000,
	2026/04/30 11:44:03	,	302042	,	3021	,10.460308,1999.9000,-0.28417775,-596.0142,595475.6250,33.891,604670.2500,1999.9000,
	2026/04/30 11:44:03	,	303042	,	3022	,10.459221,1999.9000,-0.25028986,-595.8368,595481.3125,33.894,604670.2500,1999.9000,
	2026/04/30 11:44:03	,	304042	,	3023	,10.454693,1999.9000,-0.21947753,-595.4899,595484.1875,33.897,604670.2500,1999.9000,
	2026/04/30 11:44:03	,	305042	,	3024	,10.453607,1999.9000,-0.19172816,-595.2010,595485.9375,33.899,604679.0625,1999.9000,
	2026/04/30 11:44:03	,	306042	,	3025	,10.452529,1999.9000,-0.16392206,-594.8607,595487.0625,33.900,604791.0625,1999.9000,
	2026/04/30 11:44:03	,	307042	,	3026	,10.451544,1999.9000,-0.13425677,-594.5770,595405.3125,33.901,604813.3750,1999.9000,
	2026/04/30 11:44:03	,	308042	,	3027	,10.446620,1999.9000,-0.10191924,-594.3407,595390.1250,33.902,604839.8750,1999.9000,
	2026/04/30 11:44:03	,	309042	,	3028	,10.445667,1999.9000,-0.06748933,-594.0443,595377.9375,33.904,604948.0625,1999.9000,
	2026/04/30 11:44:03	,	310042	,	3029	,10.444793,1999.9000,-0.03397330,-593.7972,595254.5625,33.906,604977.6250,1999.9000,
	2026/04/30 11:44:03	,	311042	,	3030	,10.443992,1999.9000,0.00238514,-593.4919,595000.7500,33.907,604987.5000,1999.9000,
	2026/04/30 11:44:03	,	312042	,	3031	,10.439590,1999.9000,0.04639465,-593.2375,594836.8750,33.909,604992.5000,1999.9000,
	2026/04/30 11:44:03	,	313042	,	3032	,10.438622,1999.9000,0.09535787,-592.1302,594836.8750,33.910,604995.4375,1999.9000,
	2026/04/30 11:44:03	,	314042	,	3033	,10.437912,1999.9000,0.14387357,-591.0085,594836.8750,33.914,604997.4375,1999.9000,
	2026/04/30 11:44:03	,	315042	,	3034	,10.437185,1999.9000,0.18353443,-590.0737,594836.8750,33.923,604994.8125,1999.9000,
	2026/04/30 11:44:03	,	316042	,	3035	,10.436415,1999.9000,0.21044561,-589.2948,594836.8750,33.928,604904.0000,1999.9000,
	2026/04/30 11:44:03	,	317042	,	3036	,10.431964,1999.9000,0.22848301,-588.6456,594926.2500,33.932,604870.1250,1999.9000,
	2026/04/30 11:44:03	,	318042	,	3037	,10.431130,1999.9000,0.24070962,-588.1047,594945.3750,33.937,604769.8750,1999.9000,
	2026/04/30 11:44:03	,	319042	,	3038	,10.430365,1999.9000,0.24858132,-588.5492,594958.2500,33.941,604736.9375,1999.9000,
	2026/04/30 11:44:03	,	320042	,	3039	,10.429633,1999.9000,0.25694457,-590.1133,595078.1875,33.944,604642.4375,1999.9000,
	2026/04/30 11:44:03	,	321042	,	3040	,10.428967,1999.9000,0.26644853,-591.4167,595337.9375,33.950,604642.4375,1999.9000,
	2026/04/30 11:44:03	,	322042	,	3041	,10.428325,1999.9000,0.27452821,-592.5029,595547.1250,33.955,604642.4375,1999.9000,
	2026/04/30 11:44:03	,	323042	,	3042	,10.424219,1999.9000,0.28255743,-593.5074,595547.1250,33.956,604642.4375,1999.9000,
	2026/04/30 11:44:03	,	324042	,	3043	,10.423683,1999.9000,0.28255743,-594.3447,595547.1250,33.955,604642.4375,1999.9000,
	2026/04/30 11:44:03	,	325042	,	3044	,10.423226,1999.9000,0.28255743,-595.1417,595547.1250,33.956,604643.6250,1999.9000,
	2026/04/30 11:44:03	,	326042	,	3045	,10.422812,1999.9000,0.28255743,-595.8060,595547.1250,33.957,604653.8125,1999.9000,
	2026/04/30 11:44:03	,	327042	,	3046	,10.422396,1999.9000,0.28255743,-596.3596,595445.2500,33.961,604763.8125,1999.9000,
	2026/04/30 11:44:03	,	328042	,	3047	,10.422006,1999.9000,0.28239569,-596.8209,595425.0000,33.964,604803.0625,1999.9000,
	2026/04/30 11:44:03	,	329042	,	3048	,10.421570,1999.9000,0.27963945,-597.0064,595413.5000,33.966,604910.0000,1999.9000,
	2026/04/30 11:44:03	,	330042	,	3049	,10.421079,1999.9000,0.27585801,-597.1610,595397.2500,33.967,604945.9375,1999.9000,
	2026/04/30 11:44:03	,	331042	,	3050	,10.420629,1999.9000,0.26948631,-597.1903,595140.7500,33.968,604961.3750,1999.9000,
	2026/04/30 11:44:03	,	332042	,	3051	,10.420169,1999.9000,0.26948631,-597.2147,594863.1250,33.968,604969.1250,1999.9000,
	2026/04/30 11:44:03	,	333042	,	3052	,10.419743,1999.9000,0.26948631,-597.2350,594863.1250,33.968,604973.7500,1999.9000,
	2026/04/30 11:44:03	,	334042	,	3053	,10.419352,1999.9000,0.26948631,-597.2521,594863.1250,33.969,604976.8125,1999.9000,
	2026/04/30 11:44:03	,	335042	,	3054	,10.418977,1999.9000,0.26948631,-597.2662,594863.1250,33.964,604979.4375,1999.9000,
	2026/04/30 11:44:03	,	336042	,	3055	,10.418633,1999.9000,0.26948631,-597.2780,594863.1250,33.959,604967.3125,1999.9000,
	2026/04/30 11:44:03	,	337042	,	3056	,10.418328,1999.9000,0.26963019,-597.2878,594968.0000,33.955,604824.2500,1999.9000,
	2026/04/30 11:44:03	,	338042	,	3057	,10.418075,1999.9000,0.27471098,-597.2960,594993.3125,33.948,604788.3125,1999.9000,
	2026/04/30 11:44:03	,	339042	,	3058	,10.417843,1999.9000,0.27818990,-597.4022,595008.8750,33.943,604688.9375,1999.9000,
	2026/04/30 11:44:03	,	340042	,	3059	,10.417649,1999.9000,0.28037682,-597.5903,595025.0000,33.938,604662.6875,1999.9000,
	2026/04/30 11:44:03	,	341042	,	3060	,10.417489,1999.9000,0.28300491,-597.6475,595267.6875,33.931,604652.9375,1999.9000,
	2026/04/30 11:44:03	,	342042	,	3061	,10.417355,1999.9000,0.28328851,-597.6953,595569.1250,33.926,604648.0625,1999.9000,
	2026/04/30 11:44:03	,	343042	,	3062	,10.417242,1999.9000,0.28338304,-597.7350,595569.1250,33.915,604645.0625,1999.9000,
	2026/04/30 11:44:03	,	344042	,	3063	,10.417150,1999.9000,0.28343031,-597.7681,595569.1250,33.906,604643.1250,1999.9000,
	2026/04/30 11:44:03	,	345042	,	3064	,10.417102,1999.9000,0.28345868,-597.8952,595569.1250,33.904,604641.5000,1999.9000,
	2026/04/30 11:44:03	,	346042	,	3065	,10.417171,1999.9000,0.28347760,-598.0010,595569.1250,33.909,604652.1250,1999.9000,
	2026/04/30 11:44:03	,	347042	,	3066	,10.417334,1999.9000,0.27743989,-597.9898,595558.0000,33.913,604764.4375,1999.9000,
	2026/04/30 11:44:03	,	348042	,	3067	,10.417638,1999.9000,0.27017954,-597.9805,595421.3750,33.904,604792.8125,1999.9000,
	2026/04/30 11:44:03	,	349042	,	3068	,10.418064,1999.9000,0.26179740,-597.8732,595409.1875,33.897,604879.8125,1999.9000,
	2026/04/30 11:44:03	,	350042	,	3069	,10.418550,1999.9000,0.25364211,-597.7838,595396.8125,33.889,604909.1250,1999.9000,
	2026/04/30 11:44:03	,	351042	,	3070	,10.419142,1999.9000,0.24524105,-597.8088,595228.3125,33.883,605013.2500,1999.9000,
	2026/04/30 11:44:03	,	352042	,	3071	,10.423177,1999.9000,0.23467197,-597.7302,594948.3750,33.887,605013.2500,1999.9000,
	2026/04/30 11:44:03	,	353042	,	3072	,10.423832,1999.9000,0.22596206,-597.6646,594927.8125,33.882,605013.2500,1999.9000,
	2026/04/30 11:44:03	,	354042	,	3073	,10.424487,1999.9000,0.21919961,-597.3116,594920.8750,33.879,605013.2500,1999.9000,
	2026/04/30 11:44:03	,	355042	,	3074	,10.425136,1999.9000,0.21338250,-596.9179,594917.5000,33.874,605013.2500,1999.9000,
	2026/04/30 11:44:03	,	356042	,	3075	,10.425776,1999.9000,0.20989729,-596.5898,594915.3750,33.872,605013.2500,1999.9000,
	2026/04/30 11:44:03	,	357042	,	3076	,10.430415,1999.9000,0.20765994,-596.3165,594914.0625,33.873,605002.0000,1999.9000,
	2026/04/30 11:44:03	,	358042	,	3077	,10.431264,1999.9000,0.20452137,-596.1881,594927.3125,33.874,604869.5000,1999.9000,
	2026/04/30 11:44:03	,	359042	,	3078	,10.432133,1999.9000,0.20121893,-596.0812,595021.6250,33.876,604837.8750,1999.9000,
	2026/04/30 11:44:03	,	360042	,	3079	,10.432984,1999.9000,0.19826312,-595.9920,595024.9375,33.880,604742.1250,1999.9000,
	2026/04/30 11:44:03	,	361042	,	3080	,10.437178,1999.9000,0.19816543,-596.7136,595153.3125,33.882,604712.8125,1999.9000,
	2026/04/30 11:44:03	,	362042	,	3081	,10.438115,1999.9000,0.19808662,-597.3148,595441.6250,33.886,604691.9375,1999.9000,
	2026/04/30 11:44:03	,	363042	,	3082	,10.439054,1999.9000,0.19767068,-597.8159,595533.3750,33.890,604681.5625,1999.9000,
	2026/04/30 11:44:03	,	364042	,	3083	,10.439970,1999.9000,0.19520015,-598.2334,595533.3750,33.892,604675.3125,1999.9000,
	2026/04/30 11:44:03	,	365042	,	3084	,10.444535,1999.9000,0.19038513,-598.5814,595533.3750,33.898,604671.1875,1999.9000,
	2026/04/30 11:44:03	,	366042	,	3085	,10.445503,1999.9000,0.18224245,-598.9708,595533.3750,33.899,604667.6875,1999.9000,
	2026/04/30 11:44:03	,	367042	,	3086	,10.446502,1999.9000,0.17104943,-599.0964,595533.3750,33.900,604673.9375,1999.9000,
	2026/04/30 11:44:03	,	368042	,	3087	,10.450643,1999.9000,0.15873460,-599.2010,595438.6875,33.901,604760.2500,1999.9000,
	2026/04/30 11:44:03	,	369042	,	3088	,10.451759,1999.9000,0.14584620,-598.8903,595417.0000,33.902,604785.5625,1999.9000,
	2026/04/30 11:44:03	,	370042	,	3089	,10.452907,1999.9000,0.13197468,-598.2335,595407.3125,33.901,604867.7500,1999.9000,
	2026/04/30 11:44:03	,	371042	,	3090	,10.457195,1999.9000,0.11547507,-597.6862,595310.5625,33.899,604900.3125,1999.9000,
	2026/04/30 11:44:03	,	372042	,	3091	,10.458357,1999.9000,0.09151969,-596.6332,595059.7500,33.894,605012.6875,1999.9000,
	2026/04/30 11:44:03	,	373042	,	3092	,10.459400,1999.9000,0.06167162,-595.3579,594857.7500,33.885,605012.6875,1999.9000,
	2026/04/30 11:44:03	,	374042	,	3093	,10.460382,1999.9000,0.02939714,-594.2951,594857.7500,33.878,605012.6875,1999.9000,
	2026/04/30 11:44:03	,	375042	,	3094	,10.465268,1999.9000,-0.00481847,-593.4095,594857.7500,33.872,605012.6875,1999.9000,
	2026/04/30 11:44:03	,	376042	,	3095	,10.466281,1999.9000,-0.03787446,-592.6714,594857.7500,33.872,605012.6875,1999.9000,
	2026/04/30 11:44:03	,	377042	,	3096	,10.467334,1999.9000,-0.06833387,-592.0564,594857.7500,33.867,605011.5625,1999.9000,
	2026/04/30 11:44:03	,	378042	,	3097	,10.471434,1999.9000,-0.09721766,-591.6433,594946.5000,33.863,604923.8750,1999.9000,
	2026/04/30 11:44:03	,	379042	,	3098	,10.472462,1999.9000,-0.12442505,-591.2990,594968.3125,33.864,604894.0000,1999.9000,
	2026/04/30 11:44:03	,	380042	,	3099	,10.473619,1999.9000,-0.15036565,-591.0122,594981.5625,33.868,604796.5000,1999.9000,
	2026/04/30 11:44:03	,	381042	,	3100	,10.477749,1999.9000,-0.17657094,-590.7731,595081.8125,33.873,604763.8750,1999.9000,
	2026/04/30 11:44:03	,	382042	,	3101	,10.478554,1999.9000,-0.20157878,-590.6734,595336.8125,33.877,604675.6875,1999.9000,
	2026/04/30 11:44:03	,	383042	,	3102	,10.479548,1999.9000,-0.22704040,-590.5903,595581.6250,33.880,604675.6875,1999.9000,
	2026/04/30 11:44:03	,	384042	,	3103	,10.480535,1999.9000,-0.25646621,-590.5211,595581.6250,33.883,604675.6875,1999.9000,
	2026/04/30 11:44:03	,	385042	,	3104	,10.485614,1999.9000,-0.29031628,-590.8613,595581.6250,33.885,604675.6875,1999.9000,
	2026/04/30 11:44:03	,	386042	,	3105	,10.486656,1999.9000,-0.33156535,-591.4432,595581.6250,33.886,604675.6875,1999.9000,
	2026/04/30 11:44:03	,	387042	,	3106	,10.487570,1999.9000,-0.38074285,-591.8287,595581.6250,33.886,604683.1250,1999.9000,
	2026/04/30 11:44:03	,	388042	,	3107	,10.488503,1999.9000,-0.43528989,-592.1499,595466.6875,33.885,604783.1875,1999.9000,
	2026/04/30 11:44:03	,	389042	,	3108	,10.492882,1999.9000,-0.49409112,-592.4175,595436.8750,33.881,604814.0000,1999.9000,
	2026/04/30 11:44:03	,	390042	,	3109	,10.493746,1999.9000,-0.55770105,-592.6406,595419.8750,33.877,604904.5625,1999.9000,
	2026/04/30 11:44:03	,	391042	,	3110	,10.494589,1999.9000,-0.62656087,-592.8264,595401.9375,33.873,604938.6875,1999.9000,
	2026/04/30 11:44:03	,	392042	,	3111	,10.495436,1999.9000,-0.70331752,-592.9813,595162.1875,33.869,605048.3125,1999.9000,
	2026/04/30 11:44:03	,	393042	,	3112	,10.499495,1999.9000,-0.78737235,-593.1104,594877.3750,33.865,605070.0625,1999.9000,
	2026/04/30 11:44:03	,	394042	,	3113	,10.500210,1999.9000,-0.87270659,-593.2180,594877.3750,33.861,605077.2500,1999.9000,
	2026/04/30 11:44:03	,	395042	,	3114	,10.500964,1999.9000,-0.95863324,-593.3076,594877.3750,33.858,605080.9375,1999.9000,
	2026/04/30 11:44:03	,	396042	,	3115	,10.501714,1999.9000,-1.04380989,-593.2828,594877.3750,33.852,605083.0625,1999.9000,
	2026/04/30 11:44:03	,	397042	,	3116	,10.502366,1999.9000,-1.12667358,-593.2621,594877.3750,33.850,605084.5000,1999.9000,
	2026/04/30 11:44:03	,	398042	,	3117	,10.506406,1999.9000,-1.20946169,-593.3444,594885.2500,33.849,605073.6250,1999.9000,
	2026/04/30 11:44:03	,	399042	,	3118	,10.507016,1999.9000,-1.29275393,-593.5125,594987.6250,33.848,604949.2500,1999.9000,
	2026/04/30 11:44:03	,	400042	,	3119	,10.507636,1999.9000,-1.37594533,-593.7520,594991.5000,33.850,604920.8750,1999.9000,
	2026/04/30 11:44:03	,	401042	,	3120	,10.508178,1999.9000,-1.45800221,-593.9516,595002.8750,33.861,604896.5000,1999.9000,
	2026/04/30 11:44:03	,	402042	,	3121	,10.508651,1999.9000,-1.53554046,-594.0184,595212.3125,33.874,604797.6250,1999.9000,
	2026/04/30 11:44:03	,	403042	,	3122	,10.509047,1999.9000,-1.60704720,-594.1736,595512.5625,33.886,604795.5625,1999.9000,
	2026/04/30 11:44:03	,	404042	,	3123	,10.509561,1999.9000,-1.67702258,-594.3030,595512.5625,33.895,604794.8750,1999.9000,
	2026/04/30 11:44:03	,	405042	,	3124	,10.510121,1999.9000,-1.74510717,-594.4108,595512.5625,33.903,604794.5625,1999.9000,
	2026/04/30 11:44:03	,	406042	,	3125	,10.510619,1999.9000,-1.81161618,-594.5005,595512.5625,33.910,604794.3125,1999.9000,
	2026/04/30 11:44:03	,	407042	,	3126	,10.511088,1999.9000,-1.87775338,-594.3763,595512.5625,33.915,604794.1250,1999.9000,
	2026/04/30 11:44:03	,	408042	,	3127	,10.511600,1999.9000,-1.94180441,-594.2729,595505.0000,33.918,604807.6250,1999.9000,
	2026/04/30 11:44:03	,	409042	,	3128	,10.512145,1999.9000,-2.00177169,-593.8883,595389.1875,33.921,604958.9375,1999.9000,
	2026/04/30 11:44:03	,	410042	,	3129	,10.512652,1999.9000,-2.05742168,-593.5678,595374.6250,33.923,605046.5625,1999.9000,
	2026/04/30 11:44:03	,	411042	,	3130	,10.513090,1999.9000,-2.10857177,-593.5991,595362.2500,33.923,605082.7500,1999.9000,
	2026/04/30 11:44:03	,	412042	,	3131	,10.513466,1999.9000,-2.15697408,-593.6253,595218.8125,33.916,605170.3750,1999.9000,
	2026/04/30 11:44:03	,	413042	,	3132	,10.513779,1999.9000,-2.20500445,-593.6470,594954.2500,33.909,605170.3750,1999.9000,
	2026/04/30 11:44:03	,	414042	,	3133	,10.514039,1999.9000,-2.24764013,-593.4662,594869.1250,33.904,605170.3750,1999.9000,
	2026/04/30 11:44:03	,	415042	,	3134	,10.514273,1999.9000,-2.28413725,-593.5145,594869.1250,33.900,605170.3750,1999.9000,
	2026/04/30 11:44:03	,	416042	,	3135	,10.514465,1999.9000,-2.31522036,-593.5547,594869.1250,33.886,605170.3750,1999.9000,
	2026/04/30 11:44:03	,	417042	,	3136	,10.514611,1999.9000,-2.33911896,-593.6877,594869.1250,33.869,605163.8125,1999.9000,
	2026/04/30 11:44:03	,	418042	,	3137	,10.514724,1999.9000,-2.35683513,-593.8981,594869.1250,33.857,605052.0000,1999.9000,
	2026/04/30 11:44:03	,	419042	,	3138	,10.514812,1999.9000,-2.36464357,-594.1728,594950.7500,33.850,605021.1875,1999.9000,
	2026/04/30 11:44:03	,	420042	,	3139	,10.514866,1999.9000,-2.36464357,-594.3022,594962.9375,33.850,604939.6250,1999.9000,
	2026/04/30 11:44:03	,	421042	,	3140	,10.514866,1999.9000,-2.36464357,-594.4102,594969.3750,33.850,604905.1250,1999.9000,
	2026/04/30 11:44:03	,	422042	,	3141	,10.514786,1999.9000,-2.36464357,-594.5000,595096.0625,33.850,604794.6250,1999.9000,
	2026/04/30 11:44:03	,	423042	,	3142	,10.514600,1999.9000,-2.36464357,-594.5750,595376.6875,33.850,604767.1875,1999.9000,
	2026/04/30 11:44:03	,	424042	,	3143	,10.514303,1999.9000,-2.34793591,-594.6374,595502.4375,33.846,604758.0000,1999.9000,
	2026/04/30 11:44:03	,	425042	,	3144	,10.513955,1999.9000,-2.32718873,-594.6893,595502.4375,33.844,604753.4375,1999.9000,
	2026/04/30 11:44:03	,	426042	,	3145	,10.513576,1999.9000,-2.30097079,-594.7327,595502.4375,33.845,604750.6250,1999.9000,
	2026/04/30 11:44:03	,	427042	,	3146	,10.513111,1999.9000,-2.27011442,-594.7689,595502.4375,33.846,604748.8750,1999.9000,
	2026/04/30 11:44:03	,	428042	,	3147	,10.512515,1999.9000,-2.23434210,-594.7990,595502.4375,33.848,604756.8750,1999.9000,
	2026/04/30 11:44:03	,	429042	,	3148	,10.511904,1999.9000,-2.19255733,-594.8240,595411.2500,33.852,604850.8125,1999.9000,
	2026/04/30 11:44:03	,	430042	,	3149	,10.511241,1999.9000,-2.14498687,-594.5464,595390.1250,33.856,604877.4375,1999.9000,
	2026/04/30 11:44:03	,	431042	,	3150	,10.506227,1999.9000,-2.09209085,-594.3152,595372.1250,33.860,604962.5625,1999.9000,
	2026/04/30 11:44:03	,	432042	,	3151	,10.505542,1999.9000,-2.03467631,-594.4210,595260.5625,33.863,604993.3125,1999.9000,
	2026/04/30 11:44:03	,	433042	,	3152	,10.505542,1999.9000,-1.97608936,-594.5090,595031.7500,33.866,605090.5625,1999.9000,
	2026/04/30 11:44:03	,	434042	,	3153	,10.504030,1999.9000,-1.91339958,-594.5825,594825.0000,33.871,605090.5625,1999.9000,
	2026/04/30 11:44:03	,	435042	,	3154	,10.499703,1999.9000,-1.84445167,-594.6436,594825.0000,33.878,605090.5625,1999.9000,
	2026/04/30 11:44:03	,	436042	,	3155	,10.499703,1999.9000,-1.77072001,-593.9983,594825.0000,33.884,605090.5625,1999.9000,
	2026/04/30 11:44:03	,	437042	,	3156	,10.498943,1999.9000,-1.69064200,-593.4606,594825.0000,33.886,605090.5625,1999.9000,
	2026/04/30 11:44:03	,	438042	,	3157	,10.498064,1999.9000,-1.60444450,-593.3108,594825.0000,33.885,605080.3125,1999.9000,
	2026/04/30 11:44:03	,	439042	,	3158	,10.497097,1999.9000,-1.51589584,-593.4844,594931.0000,33.884,604962.5625,1999.9000,
	2026/04/30 11:44:03	,	440042	,	3159	,10.492346,1999.9000,-1.42693150,-593.6291,594955.5000,33.886,604931.4375,1999.9000,
	2026/04/30 11:44:03	,	441042	,	3160	,10.491303,1999.9000,-1.33794820,-593.4512,594969.1875,33.888,604826.0625,1999.9000,
	2026/04/30 11:44:03	,	442042	,	3161	,10.490291,1999.9000,-1.24887669,-593.0046,594988.7500,33.885,604791.9375,1999.9000,
	2026/04/30 11:44:03	,	443042	,	3162	,10.485911,1999.9000,-1.15691876,-592.8314,595271.3125,33.882,604699.1875,1999.9000,
	2026/04/30 11:44:03	,	444042	,	3163	,10.484973,1999.9000,-1.06458247,-592.7866,595537.6250,33.880,604699.1875,1999.9000,
	2026/04/30 11:44:03	,	445042	,	3164	,10.484104,1999.9000,-0.97532821,-593.0475,595537.6250,33.880,604699.1875,1999.9000,
	2026/04/30 11:44:03	,	446042	,	3165	,10.483193,1999.9000,-0.88840580,-593.2650,595537.6250,33.880,604699.1875,1999.9000,
	2026/04/30 11:44:03	,	447042	,	3166	,10.478642,1999.9000,-0.80613452,-593.7448,595537.6250,33.882,604699.1875,1999.9000,
	2026/04/30 11:44:03	,	448042	,	3167	,10.477660,1999.9000,-0.73073918,-594.1445,595537.6250,33.886,604703.5000,1999.9000,
	2026/04/30 11:44:03	,	449042	,	3168	,10.476637,1999.9000,-0.66063786,-594.3782,595411.8750,33.890,604794.6250,1999.9000,
	2026/04/30 11:44:03	,	450042	,	3169	,10.472239,1999.9000,-0.59492922,-594.7719,595378.5000,33.892,604823.0000,1999.9000,
	2026/04/30 11:44:03	,	451042	,	3170	,10.471404,1999.9000,-0.53344947,-595.0999,595359.4375,33.895,604850.0000,1999.9000,
	2026/04/30 11:44:03	,	452042	,	3171	,10.470471,1999.9000,-0.47686043,-595.3732,595348.2500,33.898,604958.9375,1999.9000,
	2026/04/30 11:44:03	,	453042	,	3172	,10.466311,1999.9000,-0.42917031,-595.7005,595161.0625,33.901,604993.9375,1999.9000,
	2026/04/30 11:44:03	,	454042	,	3173	,10.465357,1999.9000,-0.39070058,-595.6749,594875.0000,33.908,605005.6250,1999.9000,
	2026/04/30 11:44:03	,	455042	,	3174	,10.464314,1999.9000,-0.35654169,-595.6534,594875.0000,33.915,605011.5000,1999.9000,
	2026/04/30 11:44:03	,	456042	,	3175	,10.459966,1999.9000,-0.32534489,-595.2377,594875.0000,33.926,605015.0000,1999.9000,
	2026/04/30 11:44:03	,	457042	,	3176	,10.458998,1999.9000,-0.29383931,-594.8912,594875.0000,33.935,605017.2500,1999.9000,
	2026/04/30 11:44:03	,	458042	,	3177	,10.457961,1999.9000,-0.25997031,-595.0004,594875.0000,33.942,605013.8750,1999.9000,
	2026/04/30 11:44:03	,	459042	,	3178	,10.453442,1999.9000,-0.22630301,-594.6935,594879.1250,33.948,604923.2500,1999.9000,
	2026/04/30 11:44:03	,	460042	,	3179	,10.452534,1999.9000,-0.19371341,-594.4378,594962.0000,33.954,604887.9375,1999.9000,
	2026/04/30 11:44:03	,	461042	,	3180	,10.451586,1999.9000,-0.16041163,-594.3241,594978.1250,33.958,604780.1250,1999.9000,
	2026/04/30 11:44:03	,	462042	,	3181	,10.447515,1999.9000,-0.12473386,-594.2294,594993.3750,33.957,604751.4375,1999.9000,
	2026/04/30 11:44:03	,	463042	,	3182	,10.446397,1999.9000,-0.08448055,-594.0510,595185.4375,33.953,604666.5625,1999.9000,
	2026/04/30 11:44:03	,	464042	,	3183	,10.445498,1999.9000,-0.03914754,-593.9023,595480.3750,33.948,604661.7500,1999.9000,
	2026/04/30 11:44:03	,	465042	,	3184	,10.444617,1999.9000,0.00703001,-593.4800,595480.3750,33.941,604660.1875,1999.9000,
	2026/04/30 11:44:03	,	466042	,	3185	,10.440365,1999.9000,0.05596798,-592.6307,595480.3750,33.935,604659.3750,1999.9000,
	2026/04/30 11:44:03	,	467042	,	3186	,10.439515,1999.9000,0.10788696,-591.8235,595480.3750,33.930,604658.8750,1999.9000,
	2026/04/30 11:44:03	,	468042	,	3187	,10.438627,1999.9000,0.15714636,-591.1508,595480.3750,33.926,604658.5625,1999.9000,
	2026/04/30 11:44:03	,	469042	,	3188	,10.437787,1999.9000,0.19612028,-590.6896,595480.3750,33.920,604667.3125,1999.9000,
	2026/04/30 11:44:03	,	470042	,	3189	,10.433633,1999.9000,0.22148106,-590.3054,595468.0625,33.908,604766.2500,1999.9000,
	2026/04/30 11:44:03	,	471042	,	3190	,10.432903,1999.9000,0.23714879,-589.9852,595379.0625,33.899,604795.2500,1999.9000,
	2026/04/30 11:44:03	,	472042	,	3191	,10.432213,1999.9000,0.24744685,-589.6189,595366.5625,33.891,604881.0000,1999.9000,
	2026/04/30 11:44:03	,	473042	,	3192	,10.431548,1999.9000,0.24813700,-589.4131,595243.2500,33.890,604915.8125,1999.9000,
	2026/04/30 11:44:03	,	474042	,	3193	,10.430964,1999.9000,0.24872835,-589.4406,594978.1250,33.890,604928.5625,1999.9000,
	2026/04/30 11:44:03	,	475042	,	3194	,10.430361,1999.9000,0.24911068,-589.5629,594870.2500,33.889,604934.9375,1999.9000,
	2026/04/30 11:44:03	,	476042	,	3195	,10.425798,1999.9000,0.25170732,-589.9633,594870.2500,33.889,604938.8125,1999.9000,
	2026/04/30 11:44:03	,	477042	,	3196	,10.425337,1999.9000,0.25415260,-590.2969,594870.2500,33.889,604941.3125,1999.9000,
	2026/04/30 11:44:03	,	478042	,	3197	,10.424775,1999.9000,0.26170915,-591.1719,594870.2500,33.890,604943.4375,1999.9000,
	2026/04/30 11:44:03	,	479042	,	3198	,10.424309,1999.9000,0.26946738,-592.4977,594870.2500,33.893,604933.8750,1999.9000,
	2026/04/30 11:44:03	,	480042	,	3199	,10.423886,1999.9000,0.27414379,-592.4977,594959.6250,33.895,604825.4375,1999.9000,
	2026/04/30 11:44:03	,	481042	,	3200	,10.423480,1999.9000,0.27494106,-593.6027,594977.8125,33.897,604791.0000,1999.9000,
	2026/04/30 11:44:03	,	482042	,	3201	,10.422993,1999.9000,0.27523619,-595.6555,594988.8750,33.898,604695.0000,1999.9000,
	2026/04/30 11:44:03	,	483042	,	3202	,10.422487,1999.9000,0.27566579,-596.4331,595119.3125,33.900,604670.2500,1999.9000,
	2026/04/30 11:44:03	,	484042	,	3203	,10.421947,1999.9000,0.28230533,-596.4331,595399.3750,33.905,604647.1250,1999.9000,
	2026/04/30 11:44:03	,	485042	,	3204	,10.421333,1999.9000,0.28712663,-597.2563,595557.8750,33.910,604635.5625,1999.9000,
	2026/04/30 11:44:03	,	486042	,	3205	,10.420762,1999.9000,0.28712663,-597.2563,595557.8750,33.914,604628.6250,1999.9000,
	2026/04/30 11:44:03	,	487042	,	3206	,10.420261,1999.9000,0.28712663,-597.3693,595557.8750,33.917,604624.0000,1999.9000,
	2026/04/30 11:44:03	,	488042	,	3207	,10.419730,1999.9000,0.28712663,-597.4634,595557.8750,33.920,604620.1250,1999.9000,
	2026/04/30 11:44:03	,	489042	,	3208	,10.419247,1999.9000,0.28712660,-597.3428,595557.8750,33.924,604628.3125,1999.9000,
	2026/04/30 11:44:03	,	490042	,	3209	,10.418839,1999.9000,0.28463092,-597.2424,595450.0000,33.930,604733.0000,1999.9000,
	2026/04/30 11:44:03	,	491042	,	3210	,10.418490,1999.9000,0.28217298,-596.9597,595427.0625,33.935,604761.4375,1999.9000,
	2026/04/30 11:44:03	,	492042	,	3211	,10.418200,1999.9000,0.28145453,-596.5252,595415.0000,33.939,604850.2500,1999.9000,
	2026/04/30 11:44:03	,	493042	,	3212	,10.417958,1999.9000,0.27895877,-595.9642,595396.2500,33.943,604878.3125,1999.9000,
	2026/04/30 11:44:03	,	494042	,	3213	,10.417750,1999.9000,0.27322990,-595.4966,595396.2500,33.946,604985.5000,1999.9000,
	2026/04/30 11:44:03	,	495042	,	3214	,10.417578,1999.9000,0.26636663,-595.1070,594860.7500,33.949,604985.5000,1999.9000,
	2026/04/30 11:44:03	,	496042	,	3215	,10.417434,1999.9000,0.26077011,-594.7823,594860.7500,33.935,604985.5000,1999.9000,
	2026/04/30 11:44:03	,	497042	,	3216	,10.417315,1999.9000,0.25629544,-594.5118,594860.7500,33.924,604985.5000,1999.9000,
	2026/04/30 11:44:03	,	498042	,	3217	,10.417229,1999.9000,0.25594565,-594.2863,594860.7500,33.915,604985.5000,1999.9000,
	2026/04/30 11:44:03	,	499042	,	3218	,10.417163,1999.9000,0.25577024,-594.0984,594860.7500,33.908,604978.4375,1999.9000,
	2026/04/30 11:44:03	,	500042	,	3219	,10.417178,1999.9000,0.25548244,-594.0413,594860.7500,33.901,604876.7500,1999.9000,
	2026/04/30 11:44:03	,	501042	,	3220	,10.417288,1999.9000,0.25528455,-594.3917,594947.7500,33.896,604848.6875,1999.9000,
	2026/04/30 11:44:03	,	502042	,	3221	,10.417565,1999.9000,0.25500450,-594.6835,594967.3750,33.898,604748.1250,1999.9000,
	2026/04/30 11:44:03	,	503042	,	3222	,10.417950,1999.9000,0.25472599,-594.9268,594979.3750,33.898,604717.3125,1999.9000,
	2026/04/30 11:44:03	,	504042	,	3223	,10.418364,1999.9000,0.25231862,-595.1296,594999.3125,33.899,604692.3125,1999.9000,
	2026/04/30 11:44:03	,	505042	,	3224	,10.418878,1999.9000,0.25194994,-595.2985,595279.5625,33.903,604679.8125,1999.9000,
	2026/04/30 11:44:03	,	506042	,	3225	,10.419480,1999.9000,0.25178084,-595.1409,595570.9375,33.907,604672.3125,1999.9000,
	2026/04/30 11:44:03	,	507042	,	3226	,10.423505,1999.9000,0.25138429,-595.0095,595570.9375,33.908,604667.3125,1999.9000,
	2026/04/30 11:44:03	,	508042	,	3227	,10.424338,1999.9000,0.24707505,-595.1984,595570.9375,33.909,604663.1875,1999.9000,
	2026/04/30 11:44:03	,	509042	,	3228	,10.425154,1999.9000,0.23987141,-595.0575,595570.9375,33.909,604669.3750,1999.9000,
	2026/04/30 11:44:03	,	510042	,	3229	,10.425940,1999.9000,0.23194933,-594.9400,595570.9375,33.907,604755.9375,1999.9000,
	2026/04/30 11:44:03	,	511042	,	3230	,10.426722,1999.9000,0.22374362,-594.8422,595481.5625,33.905,604782.2500,1999.9000,
	2026/04/30 11:44:03	,	512042	,	3231	,10.431369,1999.9000,0.21551903,-594.7606,595401.1250,33.904,604782.2500,1999.9000,
	2026/04/30 11:44:03	,	513042	,	3232	,10.432292,1999.9000,0.20780490,-594.6926,595391.0000,33.903,604906.0625,1999.9000,
	2026/04/30 11:44:03	,	514042	,	3233	,10.433146,1999.9000,0.19797949,-594.5364,595379.8750,33.902,604906.0625,1999.9000,
	2026/04/30 11:44:03	,	515042	,	3234	,10.434042,1999.9000,0.18657219,-594.8043,595217.0625,33.901,605011.4375,1999.9000,
	2026/04/30 11:44:03	,	516042	,	3235	,10.438547,1999.9000,0.17734551,-595.0274,594944.1250,33.900,605011.4375,1999.9000,
	2026/04/30 11:44:03	,	517042	,	3236	,10.439456,1999.9000,0.16908938,-595.2134,594926.2500,33.900,605011.4375,1999.9000,
	2026/04/30 11:44:03	,	518042	,	3237	,10.440335,1999.9000,0.16908938,-595.3683,594920.3125,33.899,605011.4375,1999.9000,
	2026/04/30 11:44:03	,	519042	,	3238	,10.441258,1999.9000,0.16241519,-595.4975,594917.3125,33.902,605011.4375,1999.9000,
	2026/04/30 11:44:03	,	520042	,	3239	,10.446114,1999.9000,0.15810432,-595.6051,594915.5000,33.904,605009.5000,1999.9000,
	2026/04/30 11:44:03	,	521042	,	3240	,10.447097,1999.9000,0.15379983,-595.6948,594914.3125,33.906,604922.0625,1999.9000,
	2026/04/30 11:44:03	,	522042	,	3241	,10.448080,1999.9000,0.14788817,-595.8690,594925.4375,33.909,604885.2500,1999.9000,
	2026/04/30 11:44:03	,	523042	,	3242	,10.449063,1999.9000,0.14029382,-596.0142,594937.7500,33.912,604778.3750,1999.9000,
	2026/04/30 11:44:03	,	524042	,	3243	,10.454068,1999.9000,0.12145601,-596.0357,595177.1250,33.914,604645.4375,1999.9000,
	2026/04/30 11:44:03	,	525042	,	3244	,10.455126,1999.9000,0.12145601,-595.5563,595177.1250,33.915,604645.4375,1999.9000,
	2026/04/30 11:44:03	,	526042	,	3245	,10.456153,1999.9000,0.11100665,-595.0573,595467.2500,33.917,604645.4375,1999.9000,
	2026/04/30 11:44:03	,	527042	,	3246	,10.457150,1999.9000,0.09347974,-594.6414,595493.8125,33.918,604645.4375,1999.9000,
	2026/04/30 11:44:03	,	528042	,	3247	,10.462587,1999.9000,0.06933531,-593.7974,595502.6250,33.919,604645.4375,1999.9000,
	2026/04/30 11:44:03	,	529042	,	3248	,10.463734,1999.9000,0.00578212,-592.7957,595509.6250,33.922,604651.5000,1999.9000,
	2026/04/30 11:44:03	,	530042	,	3249	,10.464732,1999.9000,0.00578212,-591.9610,595509.6250,33.924,604651.5000,1999.9000,
	2026/04/30 11:44:03	,	531042	,	3250	,10.468872,1999.9000,-0.03017924,-591.2654,595511.4375,33.927,604749.9375,1999.9000,
	2026/04/30 11:44:03	,	532042	,	3251	,10.469900,1999.9000,-0.06516376,-590.6857,595426.1875,33.936,604781.0625,1999.9000,
	2026/04/30 11:44:03	,	533042	,	3252	,10.470867,1999.9000,-0.09811261,-590.2026,595402.3125,33.938,604884.0625,1999.9000,
	2026/04/30 11:44:03	,	534042	,	3253	,10.471858,1999.9000,-0.12879258,-589.4022,595387.0000,33.939,604919.6875,1999.9000,
	2026/04/30 11:44:03	,	535042	,	3254	,10.477094,1999.9000,-0.16055658,-589.2325,595259.9375,33.940,605019.9375,1999.9000,
	2026/04/30 11:44:03	,	536042	,	3255	,10.477943,1999.9000,-0.19685198,-589.1906,595006.1250,33.940,605042.3125,1999.9000,
	2026/04/30 11:44:03	,	537042	,	3256	,10.478901,1999.9000,-0.23342469,-589.3546,594863.7500,33.941,605049.8125,1999.9000,
	2026/04/30 11:44:03	,	538042	,	3257	,10.483290,1999.9000,-0.26954994,-589.4913,594863.7500,33.941,605053.5000,1999.9000,
	2026/04/30 11:44:03	,	539042	,	3258	,10.484110,1999.9000,-0.30645037,-589.7047,594863.7500,33.943,605055.7500,1999.9000,
	2026/04/30 11:44:03	,	540042	,	3259	,10.484910,1999.9000,-0.34505874,-590.2804,594863.7500,33.943,605057.2500,1999.9000,
	2026/04/30 11:44:03	,	541042	,	3260	,10.485852,1999.9000,-0.38766915,-590.9590,594863.7500,33.938,605048.0625,1999.9000,
	2026/04/30 11:44:03	,	542042	,	3261	,10.490499,1999.9000,-0.43556723,-591.5247,594957.8750,33.934,604928.1250,1999.9000,
	2026/04/30 11:44:03	,	543042	,	3262	,10.491288,1999.9000,-0.48844418,-592.0955,594979.3125,33.931,604891.6250,1999.9000,
	2026/04/30 11:44:03	,	544042	,	3263	,10.492226,1999.9000,-0.54606682,-592.6706,594989.4375,33.928,604793.4375,1999.9000,
	2026/04/30 11:44:03	,	545042	,	3264	,10.493082,1999.9000,-0.60770410,-593.3488,595084.1875,33.926,604764.7500,1999.9000,
	2026/04/30 11:44:03	,	546042	,	3265	,10.493876,1999.9000,-0.67139596,-593.9141,595355.2500,33.924,604753.0000,1999.9000,
	2026/04/30 11:44:03	,	547042	,	3266	,10.499019,1999.9000,-0.74137759,-594.3851,595552.5000,33.923,604747.1250,1999.9000,
	2026/04/30 11:44:03	,	548042	,	3267	,10.499971,1999.9000,-0.81736535,-595.0760,595552.5000,33.922,604743.5625,1999.9000,
	2026/04/30 11:44:03	,	549042	,	3268	,10.500815,1999.9000,-0.89734256,-595.6517,595552.5000,33.921,604741.2500,1999.9000,
	2026/04/30 11:44:03	,	550042	,	3269	,10.501543,1999.9000,-0.98137850,-596.1315,595552.5000,33.920,604739.3125,1999.9000,
	2026/04/30 11:44:03	,	551042	,	3270	,10.502242,1999.9000,-1.06780934,-596.5314,595552.5000,33.919,604749.3750,1999.9000,
	2026/04/30 11:44:03	,	552042	,	3271	,10.502872,1999.9000,-1.15460575,-596.5662,595428.5625,33.918,604868.9375,1999.9000,
	2026/04/30 11:44:03	,	553042	,	3272	,10.507479,1999.9000,-1.24178648,-596.4957,595397.2500,33.918,604901.8750,1999.9000,
	2026/04/30 11:44:03	,	554042	,	3273	,10.508015,1999.9000,-1.32908702,-596.4369,595380.0625,33.914,605015.1250,1999.9000,
	2026/04/30 11:44:03	,	555042	,	3274	,10.508491,1999.9000,-1.41674066,-596.1890,595360.9375,33.910,605054.3125,1999.9000,
	2026/04/30 11:44:03	,	556042	,	3275	,10.509027,1999.9000,-1.50642991,-595.5845,595108.6250,33.905,605186.0000,1999.9000,
	2026/04/30 11:44:03	,	557042	,	3276	,10.509527,1999.9000,-1.59367990,-595.0807,594835.7500,33.896,605186.0000,1999.9000,
	2026/04/30 11:44:03	,	558042	,	3277	,10.509920,1999.9000,-1.67569280,-594.6610,594835.7500,33.888,605186.0000,1999.9000,
	2026/04/30 11:44:03	,	559042	,	3278	,10.510326,1999.9000,-1.75308597,-594.3112,594835.7500,33.882,605186.0000,1999.9000,
	2026/04/30 11:44:03	,	560042	,	3279	,10.510810,1999.9000,-1.82415164,-594.0197,594835.7500,33.877,605186.0000,1999.9000,
	2026/04/30 11:44:03	,	561042	,	3280	,10.511332,1999.9000,-1.88888967,-593.7768,594835.7500,33.874,605180.8750,1999.9000,
	2026/04/30 11:44:03	,	562042	,	3281	,10.511856,1999.9000,-1.94912791,-593.7733,594955.5000,33.875,605054.0625,1999.9000,
	2026/04/30 11:44:03	,	563042	,	3282	,10.512333,1999.9000,-2.00516844,-594.0688,594955.5000,33.877,605054.0625,1999.9000,
	2026/04/30 11:44:03	,	564042	,	3283	,10.512765,1999.9000,-2.05740905,-594.3151,594967.0625,33.880,604925.1250,1999.9000,
	2026/04/30 11:44:03	,	565042	,	3284	,10.513165,1999.9000,-2.10578609,-594.5203,594984.5000,33.886,604838.6875,1999.9000,
	2026/04/30 11:44:03	,	566042	,	3285	,10.513508,1999.9000,-2.14708567,-594.8903,595221.8125,33.891,604801.0000,1999.9000,
	2026/04/30 11:44:03	,	567042	,	3286	,10.513828,1999.9000,-2.18368983,-595.1985,595516.7500,33.893,604788.4375,1999.9000,
	2026/04/30 11:44:03	,	568042	,	3287	,10.514120,1999.9000,-2.21802521,-595.4554,595516.7500,33.896,604782.1875,1999.9000,
	2026/04/30 11:44:03	,	569042	,	3288	,10.514363,1999.9000,-2.24875546,-595.7690,595516.7500,33.897,604778.3750,1999.9000,
	2026/04/30 11:44:03	,	570042	,	3289	,10.514566,1999.9000,-2.27722955,-596.0303,595516.7500,33.899,604775.8125,1999.9000,
	2026/04/30 11:44:03	,	571042	,	3290	,10.514736,1999.9000,-2.30406523,-596.2480,595516.7500,33.900,604778.4375,1999.9000,
	2026/04/30 11:44:03	,	572042	,	3291	,10.514877,1999.9000,-2.32709408,-596.1311,595507.0000,33.901,604867.1250,1999.9000,
	2026/04/30 11:44:03	,	573042	,	3292	,10.514969,1999.9000,-2.34547806,-596.0336,595382.6875,33.897,604898.8125,1999.9000,
	2026/04/30 11:44:03	,	574042	,	3293	,10.515017,1999.9000,-2.35876369,-595.8530,595365.7500,33.894,604997.6250,1999.9000,
	2026/04/30 11:44:03	,	575042	,	3294	,10.514972,1999.9000,-2.35876369,-595.5034,595350.6875,33.891,605029.3125,1999.9000,
	2026/04/30 11:44:03	,	576042	,	3295	,10.514879,1999.9000,-2.35876369,-595.1127,595186.0625,33.889,605139.5625,1999.9000,
	2026/04/30 11:44:03	,	577042	,	3296	,10.514703,1999.9000,-2.35876369,-594.7871,594931.6250,33.889,605139.5625,1999.9000,
	2026/04/30 11:44:03	,	578042	,	3297	,10.514486,1999.9000,-2.35876369,-594.3168,594902.4375,33.892,605139.5625,1999.9000,
	2026/04/30 11:44:03	,	579042	,	3298	,10.514162,1999.9000,-2.35582662,-593.8254,594892.6875,33.897,605139.5625,1999.9000,
	2026/04/30 11:44:03	,	580042	,	3299	,10.513783,1999.9000,-2.33478308,-593.4159,594887.8125,33.899,605139.5625,1999.9000,
	2026/04/30 11:44:03	,	581042	,	3300	,10.513373,1999.9000,-2.30430484,-593.1741,594884.8750,33.898,605128.3125,1999.9000,
	2026/04/30 11:44:03	,	582042	,	3301	,10.512877,1999.9000,-2.26676154,-592.7737,594882.9375,33.898,604992.1875,1999.9000,
	2026/04/30 11:44:03	,	583042	,	3302	,10.512270,1999.9000,-2.22321200,-592.2411,594893.6875,33.899,604954.7500,1999.9000,
	2026/04/30 11:44:03	,	584042	,	3303	,10.508163,1999.9000,-2.17422986,-591.9962,594906.1875,33.908,604847.8125,1999.9000,
	2026/04/30 11:44:03	,	585042	,	3304	,10.507627,1999.9000,-2.12047076,-591.9910,594919.1875,33.915,604817.0000,1999.9000,
	2026/04/30 11:44:03	,	586042	,	3305	,10.506912,1999.9000,-2.05958343,-591.9867,595111.5625,33.912,604730.0000,1999.9000,
	2026/04/30 11:44:03	,	587042	,	3306	,10.506234,1999.9000,-1.99153650,-592.0826,595392.1875,33.910,604730.0000,1999.9000,
	2026/04/30 11:44:03	,	588042	,	3307	,10.505458,1999.9000,-1.92074823,-592.7594,595478.0000,33.908,604730.0000,1999.9000,
	2026/04/30 11:44:03	,	589042	,	3308	,10.500567,1999.9000,-1.84675193,-593.4229,595478.0000,33.907,604730.0000,1999.9000,
	2026/04/30 11:44:03	,	590042	,	3309	,10.499688,1999.9000,-1.77040493,-593.9757,595478.0000,33.909,604730.0000,1999.9000,
	2026/04/30 11:44:03	,	591042	,	3310	,10.498780,1999.9000,-1.69349062,-594.4364,595478.0000,33.914,604733.8750,1999.9000,
	2026/04/30 11:44:03	,	592042	,	3311	,10.497871,1999.9000,-1.61478031,-594.8204,595478.0000,33.914,604815.7500,1999.9000,
	2026/04/30 11:44:03	,	593042	,	3312	,10.493239,1999.9000,-1.53303838,-595.1403,595377.9375,33.913,604839.6250,1999.9000,
	2026/04/30 11:44:03	,	594042	,	3313	,10.492167,1999.9000,-1.44859910,-595.4069,595358.8750,33.912,604925.1250,1999.9000,
	2026/04/30 11:44:03	,	595042	,	3314	,10.491155,1999.9000,-1.36204231,-595.1317,595349.1250,33.911,604955.9375,1999.9000,
	2026/04/30 11:44:03	,	596042	,	3315	,10.487133,1999.9000,-1.27642441,-594.8029,595259.9375,33.910,605058.5625,1999.9000,
	2026/04/30 11:44:03	,	597042	,	3316	,10.486164,1999.9000,-1.19436109,-594.5289,595020.3750,33.909,605058.5625,1999.9000,
	2026/04/30 11:44:03	,	598042	,	3317	,10.485216,1999.9000,-1.11224103,-594.3005,594835.7500,33.909,605058.5625,1999.9000,
	2026/04/30 11:44:03	,	599042	,	3318	,10.484243,1999.9000,-1.03027868,-594.1103,594835.7500,33.905,605058.5625,1999.9000,
	2026/04/30 11:44:03	,	600042	,	3319	,10.479388,1999.9000,-0.94775528,-593.9518,594835.7500,33.902,605058.5625,1999.9000,
	2026/04/30 11:44:03	,	601042	,	3320	,10.478478,1999.9000,-0.86330968,-594.0186,594835.7500,33.898,605056.5000,1999.9000,
	2026/04/30 11:44:03	,	602042	,	3321	,10.477422,1999.9000,-0.78057206,-594.4722,594835.7500,33.895,604969.2500,1999.9000,
	2026/04/30 11:44:03	,	603042	,	3322	,10.473103,1999.9000,-0.70304024,-594.8502,594935.8125,33.892,604935.6875,1999.9000,
	2026/04/30 11:44:03	,	604042	,	3323	,10.472119,1999.9000,-0.63111115,-595.1652,594962.0000,33.890,604832.6875,1999.9000,
	2026/04/30 11:44:03	,	605042	,	3324	,10.471167,1999.9000,-0.56457692,-595.4276,594974.6875,33.890,604799.1875,1999.9000,
	2026/04/30 11:44:03	,	606042	,	3325	,10.467145,1999.9000,-0.50159091,-595.6464,595061.5000,33.889,604691.9375,1999.9000,
	2026/04/30 11:44:03	,	607042	,	3326	,10.465983,1999.9000,-0.44086125,-595.7292,595312.3125,33.889,604682.0000,1999.9000,
	2026/04/30 11:44:03	,	608042	,	3327	,10.464891,1999.9000,-0.38811031,-595.5992,595561.3750,33.889,604678.6875,1999.9000,
	2026/04/30 11:44:03	,	609042	,	3328	,10.464891,1999.9000,-0.34422684,-595.4910,595561.3750,33.898,604677.0625,1999.9000,
	2026/04/30 11:44:03	,	610042	,	3329	,10.459921,1999.9000,-0.30678439,-595.4007,595561.3750,33.905,604676.0625,1999.9000,
	2026/04/30 11:44:03	,	611042	,	3330	,10.458922,1999.9000,-0.27462965,-595.3255,595561.3750,33.918,604675.3750,1999.9000,
	2026/04/30 11:44:03	,	612042	,	3331	,10.454574,1999.9000,-0.24549377,-595.2629,595561.3750,33.928,604685.4375,1999.9000,
	2026/04/30 11:44:03	,	613042	,	3332	,10.453531,1999.9000,-0.21721497,-595.2106,595429.7500,33.936,604791.0625,1999.9000,
	2026/04/30 11:44:03	,	614042	,	3333	,10.452450,1999.9000,-0.18911265,-595.1671,595396.1250,33.937,604818.8125,1999.9000,
	2026/04/30 11:44:03	,	615042	,	3334	,10.448408,1999.9000,-0.16005869,-595.2303,595380.3125,33.934,604907.6250,1999.9000,
	2026/04/30 11:44:03	,	616042	,	3335	,10.447693,1999.9000,-0.12949216,-595.1835,595364.9375,33.935,604944.7500,1999.9000,
	2026/04/30 11:44:03	,	617042	,	3336	,10.446739,1999.9000,-0.09998440,-595.1445,595148.5000,33.936,604966.5625,1999.9000,
	2026/04/30 11:44:03	,	618042	,	3337	,10.445779,1999.9000,-0.06815740,-594.3162,594878.6250,33.933,604977.5000,1999.9000,
	2026/04/30 11:44:03	,	619042	,	3338	,10.441139,1999.9000,-0.03159098,-593.4270,594878.6250,33.930,604984.0625,1999.9000,
	2026/04/30 11:44:03	,	620042	,	3339	,10.440246,1999.9000,0.00999844,-592.2881,594878.6250,33.924,604988.4375,1999.9000,
	2026/04/30 11:44:03	,	621042	,	3340	,10.439402,1999.9000,0.05983762,-591.3391,594878.6250,33.918,604992.1250,1999.9000,
	2026/04/30 11:44:03	,	622042	,	3341	,10.438547,1999.9000,0.11500867,-590.4487,594878.6250,33.912,604982.5625,1999.9000,
	2026/04/30 11:44:03	,	623042	,	3342	,10.434467,1999.9000,0.16469663,-589.7067,594884.3125,33.906,604858.0625,1999.9000,
	2026/04/30 11:44:03	,	624042	,	3343	,10.433603,1999.9000,0.20016013,-589.0883,594968.0000,33.903,604823.3750,1999.9000,
	2026/04/30 11:44:03	,	625042	,	3344	,10.432869,1999.9000,0.22283608,-588.5731,594977.5000,33.901,604718.5625,1999.9000,
	2026/04/30 11:44:03	,	626042	,	3345	,10.432173,1999.9000,0.23874328,-588.1437,594989.6250,33.897,604689.3125,1999.9000,
	2026/04/30 11:44:03	,	627042	,	3346	,10.431537,1999.9000,0.25390050,-588.3828,595200.9375,33.895,604597.1250,1999.9000,
	2026/04/30 11:44:03	,	628042	,	3347	,10.430932,1999.9000,0.26577422,-589.8751,595506.6250,33.899,604597.1250,1999.9000,
	2026/04/30 11:44:03	,	629042	,	3348	,10.426602,1999.9000,0.27307865,-591.2182,595509.0000,33.899,604597.1250,1999.9000,
	2026/04/30 11:44:03	,	630042	,	3349	,10.426023,1999.9000,0.27885792,-592.6359,595509.7500,33.904,604597.1250,1999.9000,
	2026/04/30 11:44:03	,	631042	,	3350	,10.425441,1999.9000,0.28343347,-593.8173,595510.1875,33.904,604597.1250,1999.9000,
	2026/04/30 11:44:03	,	632042	,	3351	,10.424911,1999.9000,0.28673592,-594.8018,595510.4375,33.910,604607.5625,1999.9000,
	2026/04/30 11:44:03	,	633042	,	3352	,10.424375,1999.9000,0.28673592,-595.6222,595510.6250,33.917,604731.2500,1999.9000,
	2026/04/30 11:44:03	,	634042	,	3353	,10.423822,1999.9000,0.28673592,-596.1070,595429.1250,33.923,604758.6875,1999.9000,
	2026/04/30 11:44:03	,	635042	,	3354	,10.423822,1999.9000,0.28673592,-596.5109,595414.5625,33.929,604855.0625,1999.9000,
	2026/04/30 11:44:03	,	636042	,	3355	,10.423244,1999.9000,0.28673592,-596.8475,595402.1250,33.935,604891.9375,1999.9000,
	2026/04/30 11:44:03	,	637042	,	3356	,10.422588,1999.9000,0.28279060,-597.1281,595258.6875,33.937,605004.2500,1999.9000,
	2026/04/30 11:44:03	,	638042	,	3357	,10.421991,1999.9000,0.27686641,-597.3618,594991.8125,33.932,605004.2500,1999.9000,
	2026/04/30 11:44:03	,	639042	,	3358	,10.421410,1999.9000,0.27334964,-597.1587,594904.2500,33.937,605004.2500,1999.9000,
	2026/04/30 11:44:03	,	640042	,	3359	,10.420865,1999.9000,0.27334964,-596.9894,594904.2500,33.947,605004.2500,1999.9000,
	2026/04/30 11:44:03	,	641042	,	3360	,10.420347,1999.9000,0.27334970,-596.8484,594904.2500,33.956,605004.2500,1999.9000,
	2026/04/30 11:44:03	,	642042	,	3361	,10.419822,1999.9000,0.27334964,-596.7309,594904.2500,33.964,604992.8125,1999.9000,
	2026/04/30 11:44:03	,	643042	,	3362	,10.419349,1999.9000,0.27334964,-597.2298,594904.2500,33.971,604852.0000,1999.9000,
	2026/04/30 11:44:03	,	644042	,	3363	,10.418934,1999.9000,0.27551767,-597.8445,594991.2500,33.974,604824.2500,1999.9000,
	2026/04/30 11:44:03	,	645042	,	3364	,10.418578,1999.9000,0.27812690,-598.3567,595008.1875,33.977,604739.0625,1999.9000,
	2026/04/30 11:44:03	,	646042	,	3365	,10.418267,1999.9000,0.28040203,-598.6841,595017.6875,33.979,604710.3750,1999.9000,
	2026/04/30 11:44:03	,	647042	,	3366	,10.418008,1999.9000,0.28434730,-598.9570,595129.4375,33.980,604612.2500,1999.9000,
	2026/04/30 11:44:03	,	648042	,	3367	,10.417793,1999.9000,0.28519812,-599.1843,595405.3125,33.979,604612.2500,1999.9000,
	2026/04/30 11:44:03	,	649042	,	3368	,10.417613,1999.9000,0.28548178,-599.3737,595539.3750,33.977,604612.2500,1999.9000,
	2026/04/30 11:44:03	,	650042	,	3369	,10.417463,1999.9000,0.28562358,-599.4322,595539.3750,33.973,604612.2500,1999.9000,
	2026/04/30 11:44:03	,	651042	,	3370	,10.417353,1999.9000,0.28570870,-599.3813,595539.3750,33.969,604612.2500,1999.9000,
	2026/04/30 11:44:03	,	652042	,	3371	,10.417270,1999.9000,0.28576541,-599.1401,595539.3750,33.967,604619.3125,1999.9000,
	2026/04/30 11:44:03	,	653042	,	3372	,10.417242,1999.9000,0.28218558,-598.6406,595539.3750,33.964,604730.0000,1999.9000,
	2026/04/30 11:44:03	,	654042	,	3373	,10.417267,1999.9000,0.27780545,-598.2244,595442.2500,33.961,604759.3125,1999.9000,
	2026/04/30 11:44:03	,	655042	,	3374	,10.417354,1999.9000,0.27217111,-597.7781,595420.5000,33.958,604855.0625,1999.9000,
	2026/04/30 11:44:03	,	656042	,	3375	,10.417574,1999.9000,0.26515028,-597.4061,595407.5000,33.955,604891.6250,1999.9000,
	2026/04/30 11:44:03	,	657042	,	3376	,10.417897,1999.9000,0.25547612,-597.0962,595320.6875,33.953,605012.6875,1999.9000,
	2026/04/30 11:44:03	,	658042	,	3377	,10.418285,1999.9000,0.24294698,-596.8379,595096.6875,33.954,605012.6875,1999.9000,
	2026/04/30 11:44:03	,	659042	,	3378	,10.418813,1999.9000,0.23273084,-596.6226,594848.2500,33.955,605012.6875,1999.9000,
	2026/04/30 11:44:03	,	660042	,	3379	,10.419456,1999.9000,0.22515535,-596.2443,594848.2500,33.956,605012.6875,1999.9000,
	2026/04/30 11:44:03	,	661042	,	3380	,10.423475,1999.9000,0.22003153,-595.9291,594848.2500,33.954,605012.6875,1999.9000,
	2026/04/30 11:44:03	,	662042	,	3381	,10.423982,1999.9000,0.21776266,-595.6663,594848.2500,33.951,605009.7500,1999.9000,
	2026/04/30 11:44:03	,	663042	,	3382	,10.424657,1999.9000,0.21674167,-595.4473,594848.2500,33.948,604920.3125,1999.9000,
	2026/04/30 11:44:03	,	664042	,	3383	,10.425464,1999.9000,0.21227328,-595.4638,594958.5000,33.945,604886.1875,1999.9000,
	2026/04/30 11:44:03	,	665042	,	3384	,10.429522,1999.9000,0.20785533,-595.4775,594983.1875,33.942,604786.1875,1999.9000,
	2026/04/30 11:44:03	,	666042	,	3385	,10.430356,1999.9000,0.20353188,-595.7874,594993.6250,33.931,604759.0625,1999.9000,
	2026/04/30 11:44:03	,	667042	,	3386	,10.431121,1999.9000,0.20324828,-596.0457,595012.4375,33.923,604672.0625,1999.9000,
	2026/04/30 11:44:03	,	668042	,	3387	,10.431830,1999.9000,0.20314111,-596.2609,595299.8125,33.921,604672.0625,1999.9000,
	2026/04/30 11:44:03	,	669042	,	3388	,10.435897,1999.9000,0.20289059,-596.4402,595585.8750,33.922,604672.0625,1999.9000,
	2026/04/30 11:44:03	,	670042	,	3389	,10.436939,1999.9000,0.20026097,-596.2913,595585.8750,33.924,604672.0625,1999.9000,
	2026/04/30 11:44:03	,	671042	,	3390	,10.437893,1999.9000,0.20013806,-596.4656,595585.8750,33.928,604672.0625,1999.9000,
	2026/04/30 11:44:03	,	672042	,	3391	,10.438830,1999.9000,0.19289346,-596.6108,595585.8750,33.935,604672.0625,1999.9000,
	2026/04/30 11:44:03	,	673042	,	3392	,10.443552,1999.9000,0.18296091,-596.5328,595585.8750,33.941,604675.0000,1999.9000,
	2026/04/30 11:44:03	,	674042	,	3393	,10.444461,1999.9000,0.17226578,-596.4679,595469.6250,33.949,604688.2500,1999.9000,
	2026/04/30 11:44:03	,	675042	,	3394	,10.445439,1999.9000,0.16142568,-596.4138,595436.0000,33.957,604813.3750,1999.9000,
	2026/04/30 11:44:03	,	676042	,	3395	,10.446330,1999.9000,0.15035871,-596.3687,595415.8125,33.964,604839.6250,1999.9000,
	2026/04/30 11:44:03	,	677042	,	3396	,10.451149,1999.9000,0.13774766,-596.3311,595397.8750,33.970,604929.9375,1999.9000,
	2026/04/30 11:44:03	,	678042	,	3397	,10.452294,1999.9000,0.11959051,-596.2997,595184.8750,33.973,604965.5625,1999.9000,
	2026/04/30 11:44:03	,	679042	,	3398	,10.453242,1999.9000,0.09876111,-596.2737,594911.3750,33.972,604981.4375,1999.9000,
	2026/04/30 11:44:03	,	680042	,	3399	,10.457285,1999.9000,0.07505158,-596.2519,594906.3125,33.964,604989.3750,1999.9000,
	2026/04/30 11:44:03	,	681042	,	3400	,10.458268,1999.9000,0.04691147,-596.2338,594904.6875,33.958,604994.1250,1999.9000,
	2026/04/30 11:44:03	,	682042	,	3401	,10.459400,1999.9000,0.01725878,-595.5223,594903.8125,33.941,604997.3750,1999.9000,
	2026/04/30 11:44:03	,	683042	,	3402	,10.463571,1999.9000,-0.01278467,-594.5316,594903.3125,33.928,605000.0000,1999.9000,
	2026/04/30 11:44:03	,	684042	,	3403	,10.464672,1999.9000,-0.04360333,-593.4075,594902.9375,33.917,604990.5000,1999.9000,
	2026/04/30 11:44:03	,	685042	,	3404	,10.465755,1999.9000,-0.07408793,-592.4708,594912.4375,33.907,604876.7500,1999.9000,
	2026/04/30 11:44:03	,	686042	,	3405	,10.470004,1999.9000,-0.10301585,-591.6902,594924.1875,33.899,604844.1875,1999.9000,
	2026/04/30 11:44:03	,	687042	,	3406	,10.470972,1999.9000,-0.12946065,-591.0398,595008.5000,33.899,604743.3125,1999.9000,
	2026/04/30 11:44:03	,	688042	,	3407	,10.471940,1999.9000,-0.15160091,-590.3982,595180.6875,33.899,604716.3750,1999.9000,
	2026/04/30 11:44:03	,	689042	,	3408	,10.476141,1999.9000,-0.17446592,-589.9631,595482.1875,33.898,604707.4375,1999.9000,
	2026/04/30 11:44:03	,	690042	,	3409	,10.477094,1999.9000,-0.20147794,-589.6004,595499.4375,33.898,604702.8750,1999.9000,
	2026/04/30 11:44:03	,	691042	,	3410	,10.478018,1999.9000,-0.23118734,-589.4972,595505.2500,33.898,604700.1875,1999.9000,
	2026/04/30 11:44:03	,	692042	,	3411	,10.478978,1999.9000,-0.26506895,-589.7096,595508.1250,33.898,604697.2500,1999.9000,
	2026/04/30 11:44:03	,	693042	,	3412	,10.484154,1999.9000,-0.30533484,-589.8866,595509.8125,33.898,604697.2500,1999.9000,
	2026/04/30 11:44:03	,	694042	,	3413	,10.485137,1999.9000,-0.35138005,-590.0341,595511.0000,33.897,604708.0000,1999.9000,
	2026/04/30 11:44:03	,	695042	,	3414	,10.486071,1999.9000,-0.40237889,-590.8533,595497.7500,33.896,604825.4375,1999.9000,
	2026/04/30 11:44:03	,	696042	,	3415	,10.486984,1999.9000,-0.45777050,-591.5360,595386.2500,33.894,604855.0625,1999.9000,
	2026/04/30 11:44:03	,	697042	,	3416	,10.491632,1999.9000,-0.51798975,-592.1049,595378.1875,33.889,604966.8125,1999.9000,
	2026/04/30 11:44:03	,	698042	,	3417	,10.492420,1999.9000,-0.58618152,-592.5790,595269.4375,33.884,605000.6250,1999.9000,
	2026/04/30 11:44:03	,	699042	,	3418	,10.493200,1999.9000,-0.66077012,-593.2726,595010.8750,33.880,605105.1250,1999.9000,
	2026/04/30 11:44:03	,	700042	,	3419	,10.494156,1999.9000,-0.73815703,-594.1489,594886.3750,33.877,605105.1250,1999.9000,
	2026/04/30 11:44:03	,	701042	,	3420	,10.499048,1999.9000,-0.81889051,-594.8792,594886.3750,33.877,605105.1250,1999.9000,
	2026/04/30 11:44:03	,	702042	,	3421	,10.499748,1999.9000,-0.90085930,-595.0898,594886.3750,33.877,605105.1250,1999.9000,
	2026/04/30 11:44:03	,	703042	,	3422	,10.500400,1999.9000,-0.90085930,-595.2654,594886.3750,33.877,605105.1250,1999.9000,
	2026/04/30 11:44:03	,	704042	,	3423	,10.501089,1999.9000,-0.98226088,-595.8096,594886.3750,33.878,605093.1250,1999.9000,
	2026/04/30 11:44:03	,	705042	,	3424	,10.501772,1999.9000,-1.06401527,-596.2631,594898.8750,33.878,604969.7500,1999.9000,
	2026/04/30 11:44:03	,	706042	,	3425	,10.502420,1999.9000,-1.14639378,-596.7405,594984.6250,33.882,604940.5000,1999.9000,
	2026/04/30 11:44:03	,	707042	,	3426	,10.506674,1999.9000,-1.22897387,-597.0388,594993.3125,33.889,604852.0000,1999.9000,
	2026/04/30 11:44:03	,	708042	,	3427	,10.507225,1999.9000,-1.31163573,-597.1880,595094.8750,33.895,604828.7500,1999.9000,
	2026/04/30 11:44:03	,	709042	,	3428	,10.507786,1999.9000,-1.39120972,-597.0138,595364.1875,33.902,604818.3750,1999.9000,
	2026/04/30 11:44:03	,	710042	,	3429	,10.508357,1999.9000,-1.46782780,-596.8687,595525.0625,33.905,604813.2500,1999.9000,
	2026/04/30 11:44:03	,	711042	,	3430	,10.508891,1999.9000,-1.54423785,-596.8687,595525.0625,33.907,604810.1250,1999.9000,
	2026/04/30 11:44:03	,	712042	,	3431	,10.509365,1999.9000,-1.61861217,-596.6483,595525.0625,33.908,604808.1250,1999.9000,
	2026/04/30 11:44:03	,	713042	,	3432	,10.509911,1999.9000,-1.69121552,-596.4647,595525.0625,33.911,604806.3750,1999.9000,
	2026/04/30 11:44:03	,	714042	,	3433	,10.510473,1999.9000,-1.76279175,-596.3116,595525.0625,33.913,604815.3750,1999.9000,
	2026/04/30 11:44:03	,	715042	,	3434	,10.510977,1999.9000,-1.83162618,-596.1840,595393.3750,33.914,604928.1250,1999.9000,
	2026/04/30 11:44:03	,	716042	,	3435	,10.511461,1999.9000,-1.89661014,-596.0777,595371.3125,33.914,604954.3750,1999.9000,
	2026/04/30 11:44:03	,	717042	,	3436	,10.511994,1999.9000,-1.95757294,-595.9891,595361.8125,33.914,605056.8125,1999.9000,
	2026/04/30 11:44:03	,	718042	,	3437	,10.512513,1999.9000,-2.01445818,-596.0148,595346.0000,33.914,605097.2500,1999.9000,
	2026/04/30 11:44:03	,	719042	,	3438	,10.513024,1999.9000,-2.06939602,-596.0362,595096.6875,33.914,605121.4375,1999.9000,
	2026/04/30 11:44:03	,	720042	,	3439	,10.513451,1999.9000,-2.12305450,-596.0540,594841.6875,33.916,605133.5000,1999.9000,
	2026/04/30 11:44:03	,	721042	,	3440	,10.513805,1999.9000,-2.17083907,-596.3673,594841.6875,33.917,605140.8125,1999.9000,
	2026/04/30 11:44:03	,	722042	,	3441	,10.514101,1999.9000,-2.21327949,-596.6284,594841.6875,33.914,605145.6250,1999.9000,
	2026/04/30 11:44:03	,	723042	,	3442	,10.514348,1999.9000,-2.25084162,-596.8459,594841.6875,33.908,605149.6250,1999.9000,
	2026/04/30 11:44:03	,	724042	,	3443	,10.514548,1999.9000,-2.28208899,-596.9277,594841.6875,33.906,605142.1875,1999.9000,
	2026/04/30 11:44:03	,	725042	,	3444	,10.514706,1999.9000,-2.30857778,-596.7970,594923.8750,33.909,605026.0000,1999.9000,
	2026/04/30 11:44:03	,	726042	,	3445	,10.514836,1999.9000,-2.33100796,-596.2901,594953.6875,33.916,604987.6250,1999.9000,
	2026/04/30 11:44:03	,	727042	,	3446	,10.514945,1999.9000,-2.34913969,-595.8677,594968.0000,33.921,604875.5625,1999.9000,
	2026/04/30 11:44:03	,	728042	,	3447	,10.515036,1999.9000,-2.35009766,-595.5871,594985.2500,33.923,604846.2500,1999.9000,
	2026/04/30 11:44:03	,	729042	,	3448	,10.515111,1999.9000,-2.35041690,-595.5871,595256.9375,33.925,604820.0000,1999.9000,
	2026/04/30 11:44:03	,	730042	,	3449	,10.515174,1999.9000,-2.35057664,-595.2819,595547.7500,33.926,604806.0625,1999.9000,
	2026/04/30 11:44:03	,	731042	,	3450	,10.515227,1999.9000,-2.35067248,-594.9281,595547.7500,33.927,604797.6875,1999.9000,
	2026/04/30 11:44:03	,	732042	,	3451	,10.515270,1999.9000,-2.35073614,-594.3348,595547.7500,33.928,604792.1250,1999.9000,
	2026/04/30 11:44:03	,	733042	,	3452	,10.515307,1999.9000,-2.33673048,-593.8404,595547.7500,33.929,604787.5000,1999.9000,
	2026/04/30 11:44:03	,	734042	,	3453	,10.515338,1999.9000,-2.31941152,-593.4284,595547.7500,33.927,604783.6250,1999.9000,
	2026/04/30 11:44:03	,	735042	,	3454	,10.515363,1999.9000,-2.29758644,-593.4830,595451.1875,33.922,604791.6875,1999.9000,
	2026/04/30 11:44:03	,	736042	,	3455	,10.515395,1999.9000,-2.26903653,-593.1305,595417.2500,33.912,604877.3750,1999.9000,
	2026/04/30 11:44:03	,	737042	,	3456	,10.515401,1999.9000,-2.23315072,-592.8369,595398.5625,33.903,604907.2500,1999.9000,
	2026/04/30 11:44:03	,	738042	,	3457	,10.515407,1999.9000,-2.19037652,-592.5922,595384.0000,33.897,605000.5625,1999.9000,
	2026/04/30 11:44:03	,	739042	,	3458	,10.515407,1999.9000,-2.14236498,-592.5872,595198.5625,33.893,605034.6875,1999.9000,
	2026/04/30 11:44:03	,	740042	,	3459	,10.515407,1999.9000,-2.09256363,-592.5829,594925.1250,33.892,605047.8750,1999.9000,
	2026/04/30 11:44:03	,	741042	,	3460	,10.515410,1999.9000,-2.03739262,-592.5795,594905.6875,33.890,605054.5000,1999.9000,
	2026/04/30 11:44:03	,	742042	,	3461	,10.515414,1999.9000,-1.97559154,-592.5767,594899.3125,33.886,605058.5000,1999.9000,
	2026/04/30 11:44:03	,	743042	,	3462	,10.515417,1999.9000,-1.90761411,-592.5743,594896.0625,33.883,605061.1250,1999.9000,
	2026/04/30 11:44:03	,	744042	,	3463	,10.515445,1999.9000,-1.83209264,-592.5722,594894.1250,33.883,605063.3125,1999.9000,
	2026/04/30 11:44:03	,	745042	,	3464	,10.515444,1999.9000,-1.75021839,-592.7695,594892.8125,33.882,605052.8750,1999.9000,
	2026/04/30 11:44:03	,	746042	,	3465	,10.515456,1999.9000,-1.66530013,-593.1328,594902.3750,33.880,604931.7500,1999.9000,
	2026/04/30 11:44:03	,	747042	,	3466	,10.515468,1999.9000,-1.57845342,-593.4355,594913.6875,33.875,604900.6250,1999.9000,
	2026/04/30 11:44:03	,	748042	,	3467	,10.515477,1999.9000,-1.49010038,-594.0858,594926.9375,33.871,604800.6875,1999.9000,
	2026/04/30 11:44:03	,	749042	,	3468	,10.515470,1999.9000,-1.39982498,-594.6276,595133.0625,33.868,604771.0625,1999.9000,
	2026/04/30 11:44:03	,	750042	,	3469	,10.515464,1999.9000,-1.30521369,-595.0792,595431.5000,33.865,604748.9375,1999.9000,
	2026/04/30 11:44:03	,	751042	,	3470	,10.515457,1999.9000,-1.21072841,-595.0576,595454.7500,33.864,604737.8125,1999.9000,
	2026/04/30 11:44:03	,	752042	,	3471	,10.515453,1999.9000,-1.11965275,-595.0396,595462.5000,33.862,604731.1875,1999.9000,
	2026/04/30 11:44:03	,	753042	,	3472	,10.515450,1999.9000,-1.03088999,-594.8256,595466.3750,33.860,604726.7500,1999.9000,
	2026/04/30 11:44:03	,	754042	,	3473	,10.515448,1999.9000,-0.94549912,-594.4484,595468.6875,33.860,604723.0625,1999.9000,
	2026/04/30 11:44:03	,	755042	,	3474	,10.515445,1999.9000,-0.86376983,-594.1340,595470.2500,33.865,604731.5000,1999.9000,
	2026/04/30 11:44:03	,	756042	,	3475	,10.515452,1999.9000,-0.78542495,-593.8720,595385.0625,33.870,604830.3125,1999.9000,
	2026/04/30 11:44:03	,	757042	,	3476	,10.515464,1999.9000,-0.71123958,-593.5543,595371.1250,33.875,604854.4375,1999.9000,
	2026/04/30 11:44:03	,	758042	,	3477	,10.515493,1999.9000,-0.64197016,-593.2894,595362.4375,33.878,604940.1875,1999.9000,
	2026/04/30 11:44:03	,	759042	,	3478	,10.515518,1999.9000,-0.57779938,-593.1682,595267.6875,33.881,604974.9375,1999.9000,
	2026/04/30 11:44:03	,	760042	,	3479	,10.515539,1999.9000,-0.52165771,-593.3657,595034.1250,33.881,604999.1250,1999.9000,
	2026/04/30 11:44:03	,	761042	,	3480	,10.515546,1999.9000,-0.47220296,-593.2318,594864.8750,33.884,605011.2500,1999.9000,
	2026/04/30 11:44:03	,	762042	,	3481	,10.515542,1999.9000,-0.42763883,-593.4185,594864.8750,33.886,605018.5625,1999.9000,
	2026/04/30 11:44:03	,	763042	,	3482	,10.515539,1999.9000,-0.39028463,-593.5742,594864.8750,33.891,605023.3750,1999.9000,
	2026/04/30 11:44:03	,	764042	,	3483	,10.515521,1999.9000,-0.35834417,-593.3060,594864.8750,33.895,605027.4375,1999.9000,
	2026/04/30 11:44:03	,	765042	,	3484	,10.515506,1999.9000,-0.32995823,-593.4805,594864.8750,33.898,605017.2500,1999.9000,
	2026/04/30 11:44:03	,	766042	,	3485	,10.515494,1999.9000,-0.30593988,-593.6259,594970.3750,33.898,604889.5000,1999.9000,
	2026/04/30 11:44:03	,	767042	,	3486	,10.515484,1999.9000,-0.28573444,-593.2496,594987.6250,33.898,604859.6250,1999.9000,
	2026/04/30 11:44:03	,	768042	,	3487	,10.515475,1999.9000,-0.26782310,-592.9361,594994.9375,33.898,604763.2500,1999.9000,
	2026/04/30 11:44:03	,	769042	,	3488	,10.515468,1999.9000,-0.25087598,-592.6748,595078.8125,33.899,604727.2500,1999.9000,
	2026/04/30 11:44:03	,	770042	,	3489	,10.515462,1999.9000,-0.23164111,-592.4571,595329.6875,33.900,604626.1250,1999.9000,
	2026/04/30 11:44:03	,	771042	,	3490	,10.515462,1999.9000,-0.21163738,-592.2756,595566.1875,33.901,604626.1250,1999.9000,
	2026/04/30 11:44:03	,	772042	,	3491	,10.515462,1999.9000,-0.19678897,-592.1245,595566.1875,33.902,604626.1250,1999.9000,
	2026/04/30 11:44:03	,	773042	,	3492	,10.515462,1999.9000,-0.18778287,-591.9985,595566.1875,33.901,604626.1250,1999.9000,
	2026/04/30 11:44:03	,	774042	,	3493	,10.515448,1999.9000,-0.18778287,-591.7940,595566.1875,33.900,604626.1250,1999.9000,
	2026/04/30 11:44:03	,	775042	,	3494	,10.515435,1999.9000,-0.18778287,-591.6236,595566.1875,33.900,604634.8125,1999.9000,
	2026/04/30 11:44:03	,	776042	,	3495	,10.515426,1999.9000,-0.18778287,-591.4816,595439.8750,33.901,604747.5625,1999.9000,
	2026/04/30 11:44:03	,	777042	,	3496	,10.515417,1999.9000,-0.18778287,-591.5623,595402.3125,33.902,604772.9375,1999.9000,
	2026/04/30 11:44:03	,	778042	,	3497	,10.515414,1999.9000,-0.18810533,-591.8284,595383.5000,33.901,604867.1250,1999.9000,
	2026/04/30 11:44:03	,	779042	,	3498	,10.515427,1999.9000,-0.19147606,-592.1496,595367.0000,33.900,604897.9375,1999.9000,
	2026/04/30 11:44:03	,	780042	,	3499	,10.515423,1999.9000,-0.19573647,-592.6163,595131.8125,33.897,604997.6250,1999.9000,
	2026/04/30 11:44:03	,	781042	,	3500	,10.515419,1999.9000,-0.20350729,-592.8062,594854.1875,33.892,604997.6250,1999.9000,
	2026/04/30 11:44:03	,	782042	,	3501	,10.515417,1999.9000,-0.21045253,-593.1634,594854.1875,33.888,604997.6250,1999.9000,
	2026/04/30 11:44:03	,	783042	,	3502	,10.515414,1999.9000,-0.21698180,-593.5605,594854.1875,33.890,604997.6250,1999.9000,
	2026/04/30 11:44:03	,	784042	,	3503	,10.515414,1999.9000,-0.22102791,-593.7921,594854.1875,33.892,604997.6250,1999.9000,
	2026/04/30 11:44:03	,	785042	,	3504	,10.515392,1999.9000,-0.22120437,-593.9849,594854.1875,33.893,604988.3125,1999.9000,
	2026/04/30 11:44:03	,	786042	,	3505	,10.515384,1999.9000,-0.22126952,-593.9468,594865.6250,33.894,604883.4375,1999.9000,
	2026/04/30 11:44:03	,	787042	,	3506	,10.515377,1999.9000,-0.22130206,-594.2134,594973.3750,33.896,604850.5000,1999.9000,
	2026/04/30 11:44:03	,	788042	,	3507	,10.515361,1999.9000,-0.22132161,-594.4355,594979.8750,33.894,604747.5625,1999.9000,
	2026/04/30 11:44:03	,	789042	,	3508	,10.515358,1999.9000,-0.22133146,-594.5212,594994.0000,33.893,604714.6250,1999.9000,
	2026/04/30 11:44:03	,	790042	,	3509	,10.515366,1999.9000,-0.22128089,-594.5925,595217.6250,33.895,604623.7500,1999.9000,
	2026/04/30 11:44:03	,	791042	,	3510	,10.515396,1999.9000,-0.22123873,-594.3536,595513.7500,33.899,604623.7500,1999.9000,
	2026/04/30 11:44:03	,	792042	,	3511	,10.515422,1999.9000,-0.22120361,-594.1545,595513.7500,33.901,604623.7500,1999.9000,
	2026/04/30 11:44:03	,	793042	,	3512	,10.515444,1999.9000,-0.22123627,-594.1875,595513.7500,33.904,604623.7500,1999.9000,
	2026/04/30 11:44:03	,	794042	,	3513	,10.515456,1999.9000,-0.22126354,-594.3145,595513.7500,33.907,604623.7500,1999.9000,
	2026/04/30 11:44:03	,	795042	,	3514	,10.515448,1999.9000,-0.22391441,-594.4203,595513.7500,33.910,604631.3125,1999.9000,
	2026/04/30 11:44:03	,	796042	,	3515	,10.515420,1999.9000,-0.22903195,-594.4091,595506.4375,33.911,604737.8125,1999.9000,
	2026/04/30 11:44:03	,	797042	,	3516	,10.515423,1999.9000,-0.23327345,-594.2007,595405.3125,33.913,604769.2500,1999.9000,
	2026/04/30 11:44:03	,	798042	,	3517	,10.515426,1999.9000,-0.23655067,-594.0271,595391.8750,33.918,604869.5000,1999.9000,
	2026/04/30 11:44:03	,	799042	,	3518	,10.515427,1999.9000,-0.23885104,-593.8824,595379.4375,33.922,604903.3750,1999.9000,
	2026/04/30 11:44:03	,	800042	,	3519	,10.515403,1999.9000,-0.24198332,-593.7618,595221.1875,33.926,605000.0000,1999.9000,
	2026/04/30 11:44:03	,	801042	,	3520	,10.515377,1999.9000,-0.24851890,-593.6613,594960.8750,33.925,605006.6250,1999.9000,
	2026/04/30 11:44:03	,	802042	,	3521	,10.515342,1999.9000,-0.25457549,-593.5776,594927.5000,33.921,605008.8750,1999.9000,
	2026/04/30 11:44:03	,	803042	,	3522	,10.515311,1999.9000,-0.25457549,-593.5078,594916.3750,33.917,605010.0000,1999.9000,
	2026/04/30 11:44:03	,	804042	,	3523	,10.515291,1999.9000,-0.25457549,-593.4497,594910.8125,33.918,605010.6875,1999.9000,
	2026/04/30 11:44:03	,	805042	,	3524	,10.515274,1999.9000,-0.25457549,-593.4012,594907.5000,33.919,605011.0625,1999.9000,
	2026/04/30 11:44:03	,	806042	,	3525	,10.515261,1999.9000,-0.25457549,-593.4603,594905.1875,33.914,604999.0000,1999.9000,
	2026/04/30 11:44:03	,	807042	,	3526	,10.515249,1999.9000,-0.25436962,-593.7085,594917.9375,33.909,604879.8125,1999.9000,
	2026/04/30 11:44:03	,	808042	,	3527	,10.515240,1999.9000,-0.24984239,-594.0148,595014.5000,33.906,604847.7500,1999.9000,
	2026/04/30 11:44:03	,	809042	,	3528	,10.515237,1999.9000,-0.24711347,-594.6680,595020.1875,33.903,604755.9375,1999.9000,
	2026/04/30 11:44:03	,	810042	,	3529	,10.515240,1999.9000,-0.24428999,-595.3117,595148.5000,33.900,604726.6250,1999.9000,
	2026/04/30 11:44:03	,	811042	,	3530	,10.515243,1999.9000,-0.23826492,-595.9477,595432.6875,33.901,604713.6875,1999.9000,
	2026/04/30 11:44:03	,	812042	,	3531	,10.515244,1999.9000,-0.23254865,-596.4776,595532.2500,33.899,604707.1875,1999.9000,
	2026/04/30 11:44:03	,	813042	,	3532	,10.515245,1999.9000,-0.23020416,-596.9193,595532.2500,33.897,604703.2500,1999.9000,
	2026/04/30 11:44:03	,	814042	,	3533	,10.515241,1999.9000,-0.23020416,-597.2873,595532.2500,33.895,604700.6875,1999.9000,
	2026/04/30 11:44:03	,	815042	,	3534	,10.515238,1999.9000,-0.23020416,-597.4945,595532.2500,33.894,604698.5000,1999.9000,
	2026/04/30 11:44:03	,	816042	,	3535	,10.515235,1999.9000,-0.23020416,-597.3688,595532.2500,33.890,604708.2500,1999.9000,
	2026/04/30 11:44:03	,	817042	,	3536	,10.515233,1999.9000,-0.23020416,-597.0650,595427.9375,33.887,604820.0625,1999.9000,
	2026/04/30 11:44:03	,	818042	,	3537	,10.515231,1999.9000,-0.23252976,-596.8119,595427.9375,33.884,604850.5625,1999.9000,
	2026/04/30 11:44:03	,	819042	,	3538	,10.515228,1999.9000,-0.23491836,-596.6010,595401.1250,33.881,604949.8750,1999.9000,
	2026/04/30 11:44:03	,	820042	,	3539	,10.515248,1999.9000,-0.23764098,-596.4252,595385.0000,33.879,604985.1875,1999.9000,
	2026/04/30 11:44:03	,	821042	,	3540	,10.515265,1999.9000,-0.24327533,-596.2787,595283.8125,33.878,605006.6250,1999.9000,
	2026/04/30 11:44:03	,	822042	,	3541	,10.515283,1999.9000,-0.24921846,-596.1567,595063.8750,33.876,605017.3125,1999.9000,
	2026/04/30 11:44:03	,	823042	,	3542	,10.515298,1999.9000,-0.24921846,-596.0549,594847.6250,33.875,605023.7500,1999.9000,
	2026/04/30 11:44:03	,	824042	,	3543	,10.515330,1999.9000,-0.24921846,-595.9702,594847.6250,33.880,605028.1250,1999.9000,
	2026/04/30 11:44:03	,	825042	,	3544	,10.515342,1999.9000,-0.24921846,-595.9990,594847.6250,33.888,605031.6250,1999.9000,
	2026/04/30 11:44:03	,	826042	,	3545	,10.515347,1999.9000,-0.24921846,-596.1225,594847.6250,33.894,605020.7500,1999.9000,
	2026/04/30 11:44:03	,	827042	,	3546	,10.515352,1999.9000,-0.24921426,-596.1260,594847.6250,33.899,605020.7500,1999.9000,
	2026/04/30 11:44:03	,	828042	,	3547	,10.515356,1999.9000,-0.24889144,-596.0294,594953.1250,33.900,604900.3125,1999.9000,
	2026/04/30 11:44:03	,	829042	,	3548	,10.515356,1999.9000,-0.24550635,-595.9489,594970.6875,33.901,604868.6250,1999.9000,
	2026/04/30 11:44:03	,	830042	,	3549	,10.515344,1999.9000,-0.24447276,-595.8818,594977.9375,33.903,604775.9375,1999.9000,
	2026/04/30 11:44:03	,	831042	,	3550	,10.515349,1999.9000,-0.23819558,-595.9254,595062.1250,33.904,604752.0625,1999.9000,
	2026/04/30 11:44:03	,	832042	,	3551	,10.515358,1999.9000,-0.23131339,-595.8622,595311.8125,33.903,604726.3750,1999.9000,
	2026/04/30 11:44:03	,	833042	,	3552	,10.515366,1999.9000,-0.22792903,-595.8096,595569.7500,33.902,604713.5625,1999.9000,
	2026/04/30 11:44:03	,	834042	,	3553	,10.515372,1999.9000,-0.22792903,-595.0693,595569.7500,33.901,604705.8750,1999.9000,
	2026/04/30 11:44:03	,	835042	,	3554	,10.515357,1999.9000,-0.22792903,-594.4525,595569.7500,33.903,604700.7500,1999.9000,
	2026/04/30 11:44:03	,	836042	,	3555	,10.515345,1999.9000,-0.22792903,-593.9385,595569.7500,33.905,604696.4375,1999.9000,
	2026/04/30 11:44:03	,	837042	,	3556	,10.515334,1999.9000,-0.22792903,-593.5101,595569.7500,33.907,604703.5625,1999.9000,
	2026/04/30 11:44:03	,	838042	,	3557	,10.515352,1999.9000,-0.23041216,-592.9543,595448.8125,33.908,604795.2500,1999.9000,
	2026/04/30 11:44:03	,	839042	,	3558	,10.515370,1999.9000,-0.23268732,-592.4910,595422.0000,33.914,604825.1250,1999.9000,
	2026/04/30 11:44:03	,	840042	,	3559	,10.515380,1999.9000,-0.23367994,-592.1050,595405.5000,33.919,604935.3750,1999.9000,
	2026/04/30 11:44:03	,	841042	,	3560	,10.515374,1999.9000,-0.23864307,-592.0817,595387.2500,33.923,604967.3750,1999.9000,
	2026/04/30 11:44:03	,	842042	,	3561	,10.515368,1999.9000,-0.24479419,-592.0623,595159.2500,33.922,605082.1875,1999.9000,
	2026/04/30 11:44:03	,	843042	,	3562	,10.515360,1999.9000,-0.24570802,-592.2451,594884.6250,33.920,605082.1875,1999.9000,
	2026/04/30 11:44:03	,	844042	,	3563	,10.515352,1999.9000,-0.24601266,-592.3973,594884.6250,33.920,605082.1875,1999.9000,
	2026/04/30 11:44:03	,	845042	,	3564	,10.515346,1999.9000,-0.24616496,-592.5243,594884.6250,33.925,605082.1875,1999.9000,
	2026/04/30 11:44:03	,	846042	,	3565	,10.515341,1999.9000,-0.24625634,-593.0280,594884.6250,33.937,605082.1875,1999.9000,
	2026/04/30 11:44:03	,	847042	,	3566	,10.515320,1999.9000,-0.24631727,-593.4477,594884.6250,33.933,605073.1250,1999.9000,
	2026/04/30 11:44:03	,	848042	,	3567	,10.515304,1999.9000,-0.24408203,-593.6980,594888.3125,33.926,604954.0625,1999.9000,
	2026/04/30 11:44:03	,	849042	,	3568	,10.515289,1999.9000,-0.24173754,-593.9066,594968.6250,33.924,604927.5625,1999.9000,
	2026/04/30 11:44:03	,	850042	,	3569	,10.515279,1999.9000,-0.23935522,-594.2794,594976.6250,33.924,604830.3125,1999.9000,
	2026/04/30 11:44:03	,	851042	,	3570	,10.515269,1999.9000,-0.23483014,-594.5900,594986.2500,33.929,604798.0000,1999.9000,
	2026/04/30 11:44:03	,	852042	,	3571	,10.515262,1999.9000,-0.22709711,-594.8489,595190.8125,33.933,604707.0625,1999.9000,
	2026/04/30 11:44:03	,	853042	,	3572	,10.515255,1999.9000,-0.22104053,-595.0646,595484.5625,33.936,604707.0625,1999.9000,
	2026/04/30 11:44:03	,	854042	,	3573	,10.515265,1999.9000,-0.22104053,-595.1448,595484.5625,33.934,604707.0625,1999.9000,
	2026/04/30 11:44:03	,	855042	,	3574	,10.515273,1999.9000,-0.22104053,-595.1122,595484.5625,33.929,604707.0625,1999.9000,
	2026/04/30 11:44:03	,	856042	,	3575	,10.515280,1999.9000,-0.22104053,-595.0851,595484.5625,33.925,604707.0625,1999.9000,
	2026/04/30 11:44:03	,	857042	,	3576	,10.515285,1999.9000,-0.22104053,-595.0626,595484.5625,33.922,604716.3750,1999.9000,
	2026/04/30 11:44:03	,	858042	,	3577	,10.515300,1999.9000,-0.22410347,-594.8448,595481.2500,33.919,604837.5625,1999.9000,
	2026/04/30 11:44:03	,	859042	,	3578	,10.515312,1999.9000,-0.22669375,-594.4644,595374.9375,33.917,604869.2500,1999.9000,
	2026/04/30 11:44:03	,	860042	,	3579	,10.515312,1999.9000,-0.22770528,-594.1473,595360.6250,33.915,604968.0000,1999.9000,
	2026/04/30 11:44:03	,	861042	,	3580	,10.515312,1999.9000,-0.23181129,-593.8831,595349.3125,33.914,605006.3125,1999.9000,
	2026/04/30 11:44:03	,	862042	,	3581	,10.515312,1999.9000,-0.23859265,-593.3645,595215.2500,33.903,605122.0000,1999.9000,
	2026/04/30 11:44:03	,	863042	,	3582	,10.515317,1999.9000,-0.24495174,-592.9324,594956.1250,33.904,605128.3125,1999.9000,
	2026/04/30 11:44:03	,	864042	,	3583	,10.515326,1999.9000,-0.24813445,-592.8707,594861.9375,33.904,605130.4375,1999.9000,
	2026/04/30 11:44:03	,	865042	,	3584	,10.515334,1999.9000,-0.24813445,-592.8192,594861.9375,33.904,605131.5000,1999.9000,
	2026/04/30 11:44:03	,	866042	,	3585	,10.515346,1999.9000,-0.24813445,-593.1743,594861.9375,33.908,605132.1250,1999.9000,
	2026/04/30 11:44:03	,	867042	,	3586	,10.515370,1999.9000,-0.24813445,-593.4701,594861.9375,33.907,605132.5625,1999.9000,
	2026/04/30 11:44:03	,	868042	,	3587	,10.515390,1999.9000,-0.24813445,-593.7167,594861.9375,33.906,605050.1250,1999.9000,
	2026/04/30 11:44:03	,	869042	,	3588	,10.515407,1999.9000,-0.24813445,-594.3200,594874.0625,33.904,605031.4375,1999.9000,
	2026/04/30 11:44:03	,	870042	,	3589	,10.515421,1999.9000,-0.24502422,-594.8228,594959.6250,33.900,605012.3125,1999.9000,
	2026/04/30 11:44:03	,	871042	,	3590	,10.515432,1999.9000,-0.24502422,-595.2418,594968.5625,33.896,604919.6875,1999.9000,
	2026/04/30 11:44:03	,	872042	,	3591	,10.515423,1999.9000,-0.23639312,-595.4915,595087.1250,33.890,604881.3125,1999.9000,
	2026/04/30 11:44:03	,	873042	,	3592	,10.515405,1999.9000,-0.23123147,-595.6996,595359.4375,33.885,604758.3750,1999.9000,
	2026/04/30 11:44:03	,	874042	,	3593	,10.515389,1999.9000,-0.23114955,-595.8730,595513.1250,33.881,604758.3750,1999.9000,
	2026/04/30 11:44:03	,	875042	,	3594	,10.515376,1999.9000,-0.23112224,-595.7191,595513.1250,33.878,604758.3750,1999.9000,
	2026/04/30 11:44:03	,	876042	,	3595	,10.515366,1999.9000,-0.23110856,-595.5908,595513.1250,33.875,604758.3750,1999.9000,
	2026/04/30 11:44:03	,	877042	,	3596	,10.515362,1999.9000,-0.23110038,-595.4839,595513.1250,33.877,604758.3750,1999.9000,
	2026/04/30 11:44:03	,	878042	,	3597	,10.515365,1999.9000,-0.23109493,-595.3948,595513.1250,33.879,604768.6250,1999.9000,
	2026/04/30 11:44:03	,	879042	,	3598	,10.515376,1999.9000,-0.23137607,-595.4200,595401.1250,33.882,604873.8125,1999.9000,
	2026/04/30 11:44:03	,	880042	,	3599	,10.515395,1999.9000,-0.23428811,-595.4411,595376.9375,33.884,604900.9375,1999.9000,
	2026/04/30 11:44:03	,	881042	,	3600	,10.515422,1999.9000,-0.23428811,-595.1603,595362.8125,33.889,604987.3125,1999.9000,
	2026/04/30 11:44:03	,	882042	,	3601	,10.515444,1999.9000,-0.23527445,-594.9261,595273.6875,33.894,605020.8750,1999.9000,
	2026/04/30 11:44:03	,	883042	,	3602	,10.515462,1999.9000,-0.24179426,-594.7311,595063.8750,33.897,605039.5000,1999.9000,
	2026/04/30 11:44:03	,	884042	,	3603	,10.515477,1999.9000,-0.24829201,-594.8669,594822.0000,33.900,605048.7500,1999.9000,
	2026/04/30 11:44:03	,	885042	,	3604	,10.515494,1999.9000,-0.24845272,-594.9802,594822.0000,33.903,605054.3750,1999.9000,
	2026/04/30 11:44:03	,	886042	,	3605	,10.515518,1999.9000,-0.24850628,-595.0745,594822.0000,33.905,605058.1250,1999.9000,
	2026/04/30 11:44:03	,	887042	,	3606	,10.515529,1999.9000,-0.24854916,-594.7553,594822.0000,33.907,605061.1875,1999.9000,
	2026/04/30 11:44:03	,	888042	,	3607	,10.515532,1999.9000,-0.24854916,-594.3897,594822.0000,33.902,605050.8125,1999.9000,
	2026/04/30 11:44:03	,	889042	,	3608	,10.515536,1999.9000,-0.24855986,-594.1846,594925.6250,33.902,604929.9375,1999.9000,
	2026/04/30 11:44:03	,	890042	,	3609	,10.515528,1999.9000,-0.24576476,-594.4116,594948.6250,33.898,604896.4375,1999.9000,
	2026/04/30 11:44:03	,	891042	,	3610	,10.515506,1999.9000,-0.24346438,-594.7996,594960.4375,33.895,604785.5625,1999.9000,
	2026/04/30 11:44:03	,	892042	,	3611	,10.515503,1999.9000,-0.24241504,-595.0236,594980.1875,33.887,604753.2500,1999.9000,
	2026/04/30 11:44:03	,	893042	,	3612	,10.515517,1999.9000,-0.23614103,-594.9117,595263.5625,33.881,604733.0000,1999.9000,
	2026/04/30 11:44:03	,	894042	,	3613	,10.515512,1999.9000,-0.22927141,-594.8185,595548.3125,33.876,604722.9375,1999.9000,
	2026/04/30 11:44:03	,	895042	,	3614	,10.515494,1999.9000,-0.22450683,-594.7409,595548.3125,33.872,604716.8750,1999.9000,
	2026/04/30 11:44:03	,	896042	,	3615	,10.515478,1999.9000,-0.22450683,-594.6762,595548.3125,33.869,604712.8750,1999.9000,
	2026/04/30 11:44:03	,	897042	,	3616	,10.515466,1999.9000,-0.22450683,-594.6223,595548.3125,33.872,604709.5000,1999.9000,
	2026/04/30 11:44:03	,	898042	,	3617	,10.515456,1999.9000,-0.22450683,-594.5773,595548.3125,33.877,604718.8750,1999.9000,
	2026/04/30 11:44:03	,	899042	,	3618	,10.515448,1999.9000,-0.22450683,-594.5399,595466.0625,33.879,604821.8125,1999.9000,
	2026/04/30 11:44:03	,	900042	,	3619	,10.515439,1999.9000,-0.22481143,-594.5087,595430.9375,33.881,604847.5000,1999.9000,
	2026/04/30 11:44:03	,	901042	,	3620	,10.515429,1999.9000,-0.22884285,-594.4827,595407.6875,33.885,604934.7500,1999.9000,
	2026/04/30 11:44:03	,	902042	,	3621	,10.515419,1999.9000,-0.23133861,-594.3616,595327.3125,33.891,604965.8750,1999.9000,
	2026/04/30 11:44:03	,	903042	,	3622	,10.515411,1999.9000,-0.23623556,-594.5590,595161.0625,33.898,605059.7500,1999.9000,
	2026/04/30 11:44:03	,	904042	,	3623	,10.515406,1999.9000,-0.24337617,-595.2209,594873.2500,33.904,605059.7500,1999.9000,
	2026/04/30 11:44:03	,	905042	,	3624	,10.515401,1999.9000,-0.24667230,-595.7725,594873.2500,33.909,605059.7500,1999.9000,
	2026/04/30 11:44:03	,	906042	,	3625	,10.515396,1999.9000,-0.24667230,-596.2322,594873.2500,33.913,605059.7500,1999.9000,
	2026/04/30 11:44:03	,	907042	,	3626	,10.515392,1999.9000,-0.24667230,-596.5158,594873.2500,33.918,605059.7500,1999.9000,
	2026/04/30 11:44:03	,	908042	,	3627	,10.515389,1999.9000,-0.24667230,-596.3542,594873.2500,33.922,605047.6875,1999.9000,
	2026/04/30 11:44:03	,	909042	,	3628	,10.515387,1999.9000,-0.24667230,-596.2196,594878.8125,33.926,604909.4375,1999.9000,
	2026/04/30 11:44:03	,	910042	,	3629	,10.515384,1999.9000,-0.24345179,-596.1074,594963.8125,33.928,604876.1875,1999.9000,
	2026/04/30 11:44:03	,	911042	,	3630	,10.515368,1999.9000,-0.24051486,-596.0139,594973.6875,33.931,604771.0625,1999.9000,
	2026/04/30 11:44:03	,	912042	,	3631	,10.515353,1999.9000,-0.23805696,-595.9359,594984.6875,33.931,604740.8750,1999.9000,
	2026/04/30 11:44:03	,	913042	,	3632	,10.515330,1999.9000,-0.23378392,-595.7715,595161.0625,33.932,604714.0625,1999.9000,
	2026/04/30 11:44:03	,	914042	,	3633	,10.515312,1999.9000,-0.22673157,-595.6345,595462.5000,33.932,604700.6875,1999.9000,
	2026/04/30 11:44:03	,	915042	,	3634	,10.515297,1999.9000,-0.22167076,-595.5203,595471.7500,33.932,604692.6250,1999.9000,
	2026/04/30 11:44:03	,	916042	,	3635	,10.515285,1999.9000,-0.22167076,-595.4252,595474.8125,33.929,604687.2500,1999.9000,
	2026/04/30 11:44:03	,	917042	,	3636	,10.515274,1999.9000,-0.22167076,-595.4454,595476.3125,33.927,604682.8125,1999.9000,
	2026/04/30 11:44:03	,	918042	,	3637	,10.515265,1999.9000,-0.22167076,-595.4622,595477.2500,33.925,604688.7500,1999.9000,
	2026/04/30 11:44:03	,	919042	,	3638	,10.515258,1999.9000,-0.22167076,-595.3768,595477.8750,33.923,604779.5000,1999.9000,
	2026/04/30 11:44:03	,	920042	,	3639	,10.515252,1999.9000,-0.22432406,-595.3056,595394.5625,33.922,604807.3125,1999.9000,
	2026/04/30 11:44:03	,	921042	,	3640	,10.515246,1999.9000,-0.22700888,-595.2463,595379.6875,33.921,604891.9375,1999.9000,
	2026/04/30 11:44:03	,	922042	,	3641	,10.515248,1999.9000,-0.22917689,-595.2463,595367.7500,33.917,604922.9375,1999.9000,
	2026/04/30 11:44:03	,	923042	,	3642	,10.515244,1999.9000,-0.23242892,-595.0561,595254.5625,33.914,605036.8125,1999.9000,
	2026/04/30 11:44:03	,	924042	,	3643	,10.515240,1999.9000,-0.23895818,-594.9388,594994.2500,33.911,605036.8125,1999.9000,
	2026/04/30 11:44:03	,	925042	,	3644	,10.515243,1999.9000,-0.24452318,-594.7416,594853.0000,33.908,605036.8125,1999.9000,
	2026/04/30 11:44:03	,	926042	,	3645	,10.515254,1999.9000,-0.24500847,-594.5773,594853.0000,33.906,605036.8125,1999.9000,
	2026/04/30 11:44:03	,	927042	,	3646	,10.515274,1999.9000,-0.24517024,-594.4404,594853.0000,33.905,605036.8125,1999.9000,
	2026/04/30 11:44:03	,	928042	,	3647	,10.515301,1999.9000,-0.24525110,-594.4258,594853.0000,33.907,605031.2500,1999.9000,
	2026/04/30 11:44:03	,	929042	,	3648	,10.515332,1999.9000,-0.24529964,-594.4136,594853.0000,33.907,604929.3125,1999.9000,
	2026/04/30 11:44:03	,	930042	,	3649	,10.515349,1999.9000,-0.24533197,-594.4034,594941.1250,33.905,604893.0625,1999.9000,
	2026/04/30 11:44:03	,	931042	,	3650	,10.515365,1999.9000,-0.24303582,-594.5940,594960.8750,33.904,604783.8125,1999.9000,
	2026/04/30 11:44:03	,	932042	,	3651	,10.515376,1999.9000,-0.24067244,-594.8522,594973.1250,33.901,604753.0000,1999.9000,
	2026/04/30 11:44:03	,	933042	,	3652	,10.515387,1999.9000,-0.23725654,-595.0673,595086.5625,33.899,604663.5625,1999.9000,
	2026/04/30 11:44:03	,	934042	,	3653	,10.515395,1999.9000,-0.23029242,-595.2467,595358.8125,33.897,604656.3125,1999.9000,
	2026/04/30 11:44:03	,	935042	,	3654	,10.515401,1999.9000,-0.22404675,-595.4955,595558.4375,33.895,604653.9375,1999.9000,
	2026/04/30 11:44:03	,	936042	,	3655	,10.515401,1999.9000,-0.22386083,-595.4955,595558.4375,33.894,604652.6875,1999.9000,
	2026/04/30 11:44:03	,	937042	,	3656	,10.515396,1999.9000,-0.22379886,-595.7029,595558.4375,33.891,604651.9375,1999.9000,
	2026/04/30 11:44:03	,	938042	,	3657	,10.515392,1999.9000,-0.22376788,-595.8758,595558.4375,33.889,604651.4375,1999.9000,
	2026/04/30 11:44:03	,	939042	,	3658	,10.515389,1999.9000,-0.22374928,-595.7214,595558.4375,33.887,604661.0000,1999.9000,
	2026/04/30 11:44:03	,	940042	,	3659	,10.515381,1999.9000,-0.22373690,-595.3938,595439.2500,33.887,604759.6250,1999.9000,
	2026/04/30 11:44:03	,	941042	,	3660	,10.515355,1999.9000,-0.22599418,-595.1208,595410.0000,33.888,604788.0000,1999.9000,
	2026/04/30 11:44:03	,	942042	,	3661	,10.515313,1999.9000,-0.22703093,-594.8934,595393.5625,33.888,604889.5000,1999.9000,
	2026/04/30 11:44:03	,	943042	,	3662	,10.515279,1999.9000,-0.23071468,-594.7038,595374.2500,33.886,604926.9375,1999.9000,
	2026/04/30 11:44:03	,	944042	,	3663	,10.515245,1999.9000,-0.23692253,-594.5458,595118.7500,33.885,604944.2500,1999.9000,
	2026/04/30 11:44:03	,	945042	,	3664	,10.515216,1999.9000,-0.24404420,-594.4141,594849.3750,33.887,604952.8750,1999.9000,
	2026/04/30 11:44:03	,	946042	,	3665	,10.515193,1999.9000,-0.24920586,-594.4039,594849.3750,33.888,604958.0625,1999.9000,
	2026/04/30 11:44:03	,	947042	,	3666	,10.515174,1999.9000,-0.24920586,-594.4949,594849.3750,33.888,604961.5625,1999.9000,
	2026/04/30 11:44:03	,	948042	,	3667	,10.515162,1999.9000,-0.24920586,-594.5707,594849.3750,33.888,604964.4375,1999.9000,
	2026/04/30 11:44:03	,	949042	,	3668	,10.515162,1999.9000,-0.24920586,-594.8328,594849.3750,33.888,604955.3125,1999.9000,
	2026/04/30 11:44:03	,	950042	,	3669	,10.515167,1999.9000,-0.24920586,-595.2501,594860.3125,33.888,604843.5625,1999.9000,
	2026/04/30 11:44:03	,	951042	,	3670	,10.515172,1999.9000,-0.24903044,-595.7969,594971.0000,33.889,604815.1250,1999.9000,
	2026/04/30 11:44:03	,	952042	,	3671	,10.515195,1999.9000,-0.24654625,-596.2525,594978.7500,33.892,604722.1250,1999.9000,
	2026/04/30 11:44:03	,	953042	,	3672	,10.515224,1999.9000,-0.24576791,-596.9486,594997.2500,33.895,604695.8750,1999.9000,
	2026/04/30 11:44:03	,	954042	,	3673	,10.515250,1999.9000,-0.24024387,-596.9486,595249.8125,33.896,604687.1250,1999.9000,
	2026/04/30 11:44:03	,	955042	,	3674	,10.515261,1999.9000,-0.23445199,-597.0134,595554.8750,33.898,604682.7500,1999.9000,
	2026/04/30 11:44:03	,	956042	,	3675	,10.515269,1999.9000,-0.23368940,-596.9678,595554.8750,33.899,604680.1250,1999.9000,
	2026/04/30 11:44:03	,	957042	,	3676	,10.515277,1999.9000,-0.23343520,-596.9298,595554.8750,33.902,604678.3125,1999.9000,
	2026/04/30 11:44:03	,	958042	,	3677	,10.515283,1999.9000,-0.23330811,-596.6993,595554.8750,33.903,604677.1875,1999.9000,
	2026/04/30 11:44:03	,	959042	,	3678	,10.515288,1999.9000,-0.23323186,-596.2087,595554.8750,33.903,604686.5625,1999.9000,
	2026/04/30 11:44:03	,	960042	,	3679	,10.515292,1999.9000,-0.23318103,-595.7998,595473.2500,33.904,604795.8750,1999.9000,
	2026/04/30 11:44:03	,	961042	,	3680	,10.515295,1999.9000,-0.23351783,-595.2603,595391.0000,33.906,604823.0000,1999.9000,
	2026/04/30 11:44:03	,	962042	,	3681	,10.515298,1999.9000,-0.23706748,-594.7111,595378.8125,33.907,604912.4375,1999.9000,
	2026/04/30 11:44:03	,	963042	,	3682	,10.515301,1999.9000,-0.23780170,-594.2534,595370.8125,33.909,604951.6250,1999.9000,
	2026/04/30 11:44:03	,	964042	,	3683	,10.515304,1999.9000,-0.24255054,-593.8720,595220.5625,33.913,605054.9375,1999.9000,
	2026/04/30 11:44:03	,	965042	,	3684	,10.515300,1999.9000,-0.24875209,-593.6537,594939.3750,33.916,605054.9375,1999.9000,
	2026/04/30 11:44:03	,	966042	,	3685	,10.515286,1999.9000,-0.24875209,-593.4718,594921.8125,33.919,605054.9375,1999.9000,
	2026/04/30 11:44:03	,	967042	,	3686	,10.515276,1999.9000,-0.24875209,-593.3202,594915.9375,33.921,605054.9375,1999.9000,
	2026/04/30 11:44:03	,	968042	,	3687	,10.515266,1999.9000,-0.24875209,-593.0944,594913.0000,33.923,605054.9375,1999.9000,
	2026/04/30 11:44:03	,	969042	,	3688	,10.515269,1999.9000,-0.24875209,-592.9061,594911.2500,33.922,605044.6250,1999.9000,
	2026/04/30 11:44:03	,	970042	,	3689	,10.515271,1999.9000,-0.24861343,-592.9483,594910.1250,33.918,604933.0000,1999.9000,
	2026/04/30 11:44:03	,	971042	,	3690	,10.515268,1999.9000,-0.24433413,-593.0829,594922.8750,33.914,604902.8125,1999.9000,
	2026/04/30 11:44:03	,	972042	,	3691	,10.515265,1999.9000,-0.24127115,-593.2945,595009.6875,33.911,604809.6875,1999.9000,
	2026/04/30 11:44:03	,	973042	,	3692	,10.515264,1999.9000,-0.23875020,-593.4709,595017.7500,33.906,604774.3750,1999.9000,
	2026/04/30 11:44:03	,	974042	,	3693	,10.515266,1999.9000,-0.23444568,-593.6179,595161.6250,33.901,604667.1875,1999.9000,
	2026/04/30 11:44:03	,	975042	,	3694	,10.515274,1999.9000,-0.22781558,-593.7403,595453.5625,33.898,604667.1875,1999.9000,
	2026/04/30 11:44:03	,	976042	,	3695	,10.515281,1999.9000,-0.22552152,-593.8423,595479.4375,33.894,604667.1875,1999.9000,
	2026/04/30 11:44:03	,	977042	,	3696	,10.515281,1999.9000,-0.22552152,-594.0269,595488.0625,33.895,604667.1875,1999.9000,
	2026/04/30 11:44:03	,	978042	,	3697	,10.515281,1999.9000,-0.22552152,-594.4790,595492.3750,33.895,604667.1875,1999.9000,
	2026/04/30 11:44:03	,	979042	,	3698	,10.515296,1999.9000,-0.22552152,-594.4579,595494.9375,33.894,604677.1875,1999.9000,
	2026/04/30 11:44:03	,	980042	,	3699	,10.515319,1999.9000,-0.22552152,-594.4404,595496.6875,33.893,604795.2500,1999.9000,
	2026/04/30 11:44:03	,	981042	,	3700	,10.515343,1999.9000,-0.22866639,-594.4258,595410.6875,33.890,604824.8750,1999.9000,
	2026/04/30 11:44:03	,	982042	,	3701	,10.515362,1999.9000,-0.23134491,-594.8115,595392.8125,33.888,604824.8750,1999.9000,
	2026/04/30 11:44:03	,	983042	,	3702	,10.515378,1999.9000,-0.23351924,-595.1329,595381.5000,33.888,604916.6250,1999.9000,
	2026/04/30 11:44:03	,	984042	,	3703	,10.515377,1999.9000,-0.23694773,-595.3013,595269.4375,33.890,604946.8125,1999.9000,
	2026/04/30 11:44:03	,	985042	,	3704	,10.515371,1999.9000,-0.24340138,-595.7401,595028.1250,33.891,605059.7500,1999.9000,
	2026/04/30 11:44:03	,	986042	,	3705	,10.515368,1999.9000,-0.24704413,-596.1057,594850.0000,33.892,605059.7500,1999.9000,
	2026/04/30 11:44:03	,	987042	,	3706	,10.515353,1999.9000,-0.24704413,-596.4103,594850.0000,33.894,605059.7500,1999.9000,
	2026/04/30 11:44:03	,	988042	,	3707	,10.515341,1999.9000,-0.24704413,-596.6642,594850.0000,33.896,605059.7500,1999.9000,
	2026/04/30 11:44:03	,	989042	,	3708	,10.515330,1999.9000,-0.24704413,-596.8758,594850.0000,33.898,605059.7500,1999.9000,
	2026/04/30 11:44:03	,	990042	,	3709	,10.515323,1999.9000,-0.24704413,-597.0521,594850.0000,33.899,605052.8125,1999.9000,
	2026/04/30 11:44:03	,	991042	,	3710	,10.515316,1999.9000,-0.24351479,-597.3980,594942.3750,33.900,604952.2500,1999.9000,
	2026/04/30 11:44:03	,	992042	,	3711	,10.515315,1999.9000,-0.24046445,-597.6862,594960.8750,33.895,604922.6875,1999.9000,
	2026/04/30 11:44:03	,	993042	,	3712	,10.515320,1999.9000,-0.23806325,-597.9264,594969.5625,33.889,604824.8750,1999.9000,
	2026/04/30 11:44:03	,	994042	,	3713	,10.515325,1999.9000,-0.23496877,-597.8281,595060.3125,33.884,604796.8125,1999.9000,
	2026/04/30 11:44:03	,	995042	,	3714	,10.515327,1999.9000,-0.22854035,-597.5474,595309.4375,33.880,604711.3125,1999.9000,
	2026/04/30 11:44:03	,	996042	,	3715	,10.515330,1999.9000,-0.22289342,-597.3133,595551.8750,33.877,604711.3125,1999.9000,
	2026/04/30 11:44:03	,	997042	,	3716	,10.515332,1999.9000,-0.22289342,-597.0188,595551.8750,33.874,604711.3125,1999.9000,
	2026/04/30 11:44:03	,	998042	,	3717	,10.515334,1999.9000,-0.22289342,-596.7734,595551.8750,33.873,604711.3125,1999.9000,
	2026/04/30 11:44:03	,	999042	,	3718	,10.515337,1999.9000,-0.22289342,-596.5689,595551.8750,33.873,604711.3125,1999.9000,
	2026/04/30 11:44:04	,	000042	,	3719	,10.515332,1999.9000,-0.22289342,-596.3985,595551.8750,33.874,604713.2500,1999.9000,
	2026/04/30 11:44:04	,	001042	,	3720	,10.515329,1999.9000,-0.22319697,-596.2564,595433.3125,33.878,604725.7500,1999.9000,
	2026/04/30 11:44:04	,	002042	,	3721	,10.515326,1999.9000,-0.22718534,-595.6407,595407.6875,33.882,604838.1250,1999.9000,
	2026/04/30 11:44:04	,	003042	,	3722	,10.515325,1999.9000,-0.22823153,-595.1276,595393.2500,33.886,604868.3125,1999.9000,
	2026/04/30 11:44:04	,	004042	,	3723	,10.515342,1999.9000,-0.23193105,-594.7000,595305.1875,33.891,604959.5000,1999.9000,
	2026/04/30 11:44:04	,	005042	,	3724	,10.515331,1999.9000,-0.23819558,-594.1448,595126.4375,33.895,604991.2500,1999.9000,
	2026/04/30 11:44:04	,	006042	,	3725	,10.515344,1999.9000,-0.24476898,-593.6821,594855.3750,33.897,605001.8125,1999.9000,
	2026/04/30 11:44:04	,	007042	,	3726	,10.515358,1999.9000,-0.24577421,-593.2964,594855.3750,33.898,605007.0625,1999.9000,
	2026/04/30 11:44:04	,	008042	,	3727	,10.515370,1999.9000,-0.24610928,-592.9751,594855.3750,33.901,605010.2500,1999.9000,
	2026/04/30 11:44:04	,	009042	,	3728	,10.515380,1999.9000,-0.24627683,-592.7073,594855.3750,33.902,605012.3125,1999.9000,
	2026/04/30 11:44:04	,	010042	,	3729	,10.515388,1999.9000,-0.24637735,-592.4842,594855.3750,33.900,605013.5000,1999.9000,
	2026/04/30 11:44:04	,	011042	,	3730	,10.515396,1999.9000,-0.24644436,-592.2983,594866.6250,33.896,605003.1250,1999.9000,
	2026/04/30 11:44:04	,	012042	,	3731	,10.515403,1999.9000,-0.24610209,-592.6407,594972.1250,33.893,604879.8125,1999.9000,
	2026/04/30 11:44:04	,	013042	,	3732	,10.515432,1999.9000,-0.24213459,-593.6223,594979.0625,33.889,604842.9375,1999.9000,
	2026/04/30 11:44:04	,	014042	,	3733	,10.515468,1999.9000,-0.23950648,-594.4404,594993.0000,33.884,604743.8750,1999.9000,
	2026/04/30 11:44:04	,	015042	,	3734	,10.515497,1999.9000,-0.23371461,-595.1221,595209.8750,33.880,604713.1250,1999.9000,
	2026/04/30 11:44:04	,	016042	,	3735	,10.515527,1999.9000,-0.22698367,-595.6901,595509.0000,33.878,604702.8125,1999.9000,
	2026/04/30 11:44:04	,	017042	,	3736	,10.515551,1999.9000,-0.22250268,-596.1636,595509.0000,33.874,604697.6875,1999.9000,
	2026/04/30 11:44:04	,	018042	,	3737	,10.515572,1999.9000,-0.22250268,-596.2596,595509.0000,33.874,604694.6250,1999.9000,
	2026/04/30 11:44:04	,	019042	,	3738	,10.515588,1999.9000,-0.22250268,-596.1407,595509.0000,33.873,604692.5625,1999.9000,
	2026/04/30 11:44:04	,	020042	,	3739	,10.515596,1999.9000,-0.22250268,-595.5443,595509.0000,33.872,604695.6875,1999.9000,
	2026/04/30 11:44:04	,	021042	,	3740	,10.515589,1999.9000,-0.22250268,-595.0474,595499.6250,33.872,604787.3750,1999.9000,
	2026/04/30 11:44:04	,	022042	,	3741	,10.515573,1999.9000,-0.22270645,-594.5337,595366.5625,33.872,604817.8750,1999.9000,
	2026/04/30 11:44:04	,	023042	,	3742	,10.515573,1999.9000,-0.22300021,-594.1057,595351.6875,33.871,604919.0625,1999.9000,
	2026/04/30 11:44:04	,	024042	,	3743	,10.515553,1999.9000,-0.22530723,-593.6494,595343.1250,33.875,604957.1250,1999.9000,
	2026/04/30 11:44:04	,	025042	,	3744	,10.515524,1999.9000,-0.22925884,-593.2692,595221.8125,33.874,605076.6875,1999.9000,
	2026/04/30 11:44:04	,	026042	,	3745	,10.515493,1999.9000,-0.23578179,-592.9524,594959.6250,33.874,605076.6875,1999.9000,
	2026/04/30 11:44:04	,	027042	,	3746	,10.515464,1999.9000,-0.24054639,-592.7879,594878.6250,33.873,605076.6875,1999.9000,
	2026/04/30 11:44:04	,	028042	,	3747	,10.515438,1999.9000,-0.24054639,-593.0488,594878.6250,33.872,605076.6875,1999.9000,
	2026/04/30 11:44:04	,	029042	,	3748	,10.515417,1999.9000,-0.24054639,-593.3655,594878.6250,33.876,605076.6875,1999.9000,
	2026/04/30 11:44:04	,	030042	,	3749	,10.515399,1999.9000,-0.24054639,-593.6295,594878.6250,33.880,605074.4375,1999.9000,
	2026/04/30 11:44:04	,	031042	,	3750	,10.515386,1999.9000,-0.24054639,-593.8495,594878.6250,33.883,605061.0000,1999.9000,
	2026/04/30 11:44:04	,	032042	,	3751	,10.515373,1999.9000,-0.24048021,-594.3312,594960.2500,33.885,604922.0625,1999.9000,
	2026/04/30 11:44:04	,	033042	,	3752	,10.515363,1999.9000,-0.24023284,-594.7327,594976.9375,33.893,604893.0625,1999.9000,
	2026/04/30 11:44:04	,	034042	,	3753	,10.515355,1999.9000,-0.23989749,-595.0673,594985.9375,33.900,604806.1250,1999.9000,
	2026/04/30 11:44:04	,	035042	,	3754	,10.515347,1999.9000,-0.23527129,-595.3461,595112.1875,33.905,604772.6250,1999.9000,
	2026/04/30 11:44:04	,	036042	,	3755	,10.515342,1999.9000,-0.23002771,-595.5784,595386.8125,33.910,604679.2500,1999.9000,
	2026/04/30 11:44:04	,	037042	,	3756	,10.515337,1999.9000,-0.22977561,-595.4736,595514.9375,33.911,604679.2500,1999.9000,
	2026/04/30 11:44:04	,	038042	,	3757	,10.515332,1999.9000,-0.22969159,-595.3862,595514.9375,33.912,604679.2500,1999.9000,
	2026/04/30 11:44:04	,	039042	,	3758	,10.515329,1999.9000,-0.22964956,-595.6118,595514.9375,33.909,604679.2500,1999.9000,
	2026/04/30 11:44:04	,	040042	,	3759	,10.515322,1999.9000,-0.22962435,-595.5014,595514.9375,33.906,604679.2500,1999.9000,
	2026/04/30 11:44:04	,	041042	,	3760	,10.515310,1999.9000,-0.22960757,-595.3099,595514.9375,33.904,604688.0000,1999.9000,
	2026/04/30 11:44:04	,	042042	,	3761	,10.515306,1999.9000,-0.23196883,-595.1504,595410.0625,33.903,604789.8125,1999.9000,
	2026/04/30 11:44:04	,	043042	,	3762	,10.515302,1999.9000,-0.23301505,-595.0175,595389.8125,33.900,604820.3125,1999.9000,
	2026/04/30 11:44:04	,	044042	,	3763	,10.515299,1999.9000,-0.23555490,-594.9067,595379.4375,33.898,604910.0000,1999.9000,
	2026/04/30 11:44:04	,	045042	,	3764	,10.515291,1999.9000,-0.23834056,-594.8144,595295.0625,33.896,604947.4375,1999.9000,
	2026/04/30 11:44:04	,	046042	,	3765	,10.515285,1999.9000,-0.24401270,-594.7374,595069.2500,33.897,605061.6250,1999.9000,
	2026/04/30 11:44:04	,	047042	,	3766	,10.515280,1999.9000,-0.24431835,-594.5739,594833.3750,33.903,605061.6250,1999.9000,
	2026/04/30 11:44:04	,	048042	,	3767	,10.515274,1999.9000,-0.24442025,-594.3381,594833.3750,33.908,605061.6250,1999.9000,
	2026/04/30 11:44:04	,	049042	,	3768	,10.515270,1999.9000,-0.24447119,-594.2410,594833.3750,33.912,605061.6250,1999.9000,
	2026/04/30 11:44:04	,	050042	,	3769	,10.515262,1999.9000,-0.24450175,-593.9612,594833.3750,33.916,605061.6250,1999.9000,
	2026/04/30 11:44:04	,	051042	,	3770	,10.515255,1999.9000,-0.24452215,-593.7280,594833.3750,33.919,605052.3750,1999.9000,
	2026/04/30 11:44:04	,	052042	,	3771	,10.515249,1999.9000,-0.24102537,-593.5338,594937.0000,33.921,604929.9375,1999.9000,
	2026/04/30 11:44:04	,	053042	,	3772	,10.515270,1999.9000,-0.23794980,-593.5707,594958.8125,33.919,604903.6875,1999.9000,
	2026/04/30 11:44:04	,	054042	,	3773	,10.515288,1999.9000,-0.23572506,-593.8005,594969.9375,33.915,604807.9375,1999.9000,
	2026/04/30 11:44:04	,	055042	,	3774	,10.515302,1999.9000,-0.23299614,-593.9920,595060.3125,33.912,604774.6875,1999.9000,
	2026/04/30 11:44:04	,	056042	,	3775	,10.515319,1999.9000,-0.22713493,-594.1516,595297.4375,33.909,604679.2500,1999.9000,
	2026/04/30 11:44:04	,	057042	,	3776	,10.515313,1999.9000,-0.22221275,-594.2845,595570.9375,33.907,604679.2500,1999.9000,
	2026/04/30 11:44:04	,	058042	,	3777	,10.515307,1999.9000,-0.22221275,-594.1965,595570.9375,33.906,604679.2500,1999.9000,
	2026/04/30 11:44:04	,	059042	,	3778	,10.515304,1999.9000,-0.22221275,-594.1230,595570.9375,33.903,604679.2500,1999.9000,
	2026/04/30 11:44:04	,	060042	,	3779	,10.515300,1999.9000,-0.22221275,-594.0618,595570.9375,33.902,604679.2500,1999.9000,
	2026/04/30 11:44:04	,	061042	,	3780	,10.515297,1999.9000,-0.22221275,-594.0109,595570.9375,33.902,604686.3125,1999.9000,
	2026/04/30 11:44:04	,	062042	,	3781	,10.515295,1999.9000,-0.22518118,-593.9684,595444.0625,33.906,604787.3750,1999.9000,
	2026/04/30 11:44:04	,	063042	,	3782	,10.515304,1999.9000,-0.22814330,-593.9329,595418.4375,33.909,604819.4375,1999.9000,
	2026/04/30 11:44:04	,	064042	,	3783	,10.515310,1999.9000,-0.23062015,-593.8040,595402.7500,33.909,604910.0000,1999.9000,
	2026/04/30 11:44:04	,	065042	,	3784	,10.515306,1999.9000,-0.23353183,-593.6964,595386.0000,33.908,604939.3125,1999.9000,
	2026/04/30 11:44:04	,	066042	,	3785	,10.515292,1999.9000,-0.24002959,-593.6069,595169.9375,33.908,605045.9375,1999.9000,
	2026/04/30 11:44:04	,	067042	,	3786	,10.515280,1999.9000,-0.24671011,-593.3333,594888.7500,33.911,605045.9375,1999.9000,
	2026/04/30 11:44:04	,	068042	,	3787	,10.515280,1999.9000,-0.24728678,-593.1053,594888.7500,33.913,605045.9375,1999.9000,
	2026/04/30 11:44:04	,	069042	,	3788	,10.515280,1999.9000,-0.24747901,-592.4179,594888.7500,33.915,605045.9375,1999.9000,
	2026/04/30 11:44:04	,	070042	,	3789	,10.515280,1999.9000,-0.24757510,-591.8451,594888.7500,33.916,605045.9375,1999.9000,
	2026/04/30 11:44:04	,	071042	,	3790	,10.515269,1999.9000,-0.24757510,-591.3677,594888.7500,33.915,605044.1875,1999.9000,
	2026/04/30 11:44:04	,	072042	,	3791	,10.515256,1999.9000,-0.24767122,-591.2684,594892.3125,33.916,604950.5000,1999.9000,
	2026/04/30 11:44:04	,	073042	,	3792	,10.515236,1999.9000,-0.24510300,-591.1855,594905.2500,33.921,604914.5625,1999.9000,
	2026/04/30 11:44:04	,	074042	,	3793	,10.515220,1999.9000,-0.24510300,-591.1166,594987.6250,33.924,604821.8125,1999.9000,
	2026/04/30 11:44:04	,	075042	,	3794	,10.515215,1999.9000,-0.24409461,-591.4570,594994.5625,33.927,604791.3125,1999.9000,
	2026/04/30 11:44:04	,	076042	,	3795	,10.515221,1999.9000,-0.24108210,-591.7407,595161.6250,33.930,604707.6875,1999.9000,
	2026/04/30 11:44:04	,	077042	,	3796	,10.515221,1999.9000,-0.23560531,-592.1760,595467.2500,33.929,604707.6875,1999.9000,
	2026/04/30 11:44:04	,	078042	,	3797	,10.515221,1999.9000,-0.22888698,-592.5388,595475.0000,33.928,604707.6875,1999.9000,
	2026/04/30 11:44:04	,	079042	,	3798	,10.515221,1999.9000,-0.22439969,-592.8411,595477.5625,33.928,604707.6875,1999.9000,
	2026/04/30 11:44:04	,	080042	,	3799	,10.515225,1999.9000,-0.22439969,-593.0930,595478.8125,33.927,604707.6875,1999.9000,
	2026/04/30 11:44:04	,	081042	,	3800	,10.515230,1999.9000,-0.22439969,-593.3029,595479.5625,33.927,604709.1875,1999.9000,
	2026/04/30 11:44:04	,	082042	,	3801	,10.515239,1999.9000,-0.22439969,-593.5774,595480.1250,33.925,604721.1250,1999.9000,
	2026/04/30 11:44:04	,	083042	,	3802	,10.515266,1999.9000,-0.22439969,-593.8060,595391.0000,33.923,604834.5000,1999.9000,
	2026/04/30 11:44:04	,	084042	,	3803	,10.515295,1999.9000,-0.22660552,-593.9966,595372.1875,33.922,604858.6250,1999.9000,
	2026/04/30 11:44:04	,	085042	,	3804	,10.515317,1999.9000,-0.22748154,-594.1554,595360.0000,33.921,604942.6250,1999.9000,
	2026/04/30 11:44:04	,	086042	,	3805	,10.515335,1999.9000,-0.22992058,-594.2878,595223.5625,33.918,604982.1875,1999.9000,
	2026/04/30 11:44:04	,	087042	,	3806	,10.515352,1999.9000,-0.23447089,-594.3981,594961.4375,33.916,605003.8750,1999.9000,
	2026/04/30 11:44:04	,	088042	,	3807	,10.515366,1999.9000,-0.24106318,-594.4900,594863.7500,33.915,605014.6875,1999.9000,
	2026/04/30 11:44:04	,	089042	,	3808	,10.515387,1999.9000,-0.24573955,-594.4671,594863.7500,33.912,605021.1875,1999.9000,
	2026/04/30 11:44:04	,	090042	,	3809	,10.515404,1999.9000,-0.24573955,-594.1495,594863.7500,33.911,605025.5000,1999.9000,
	2026/04/30 11:44:04	,	091042	,	3810	,10.515418,1999.9000,-0.24573955,-593.8850,594863.7500,33.911,605029.0625,1999.9000,
	2026/04/30 11:44:04	,	092042	,	3811	,10.515429,1999.9000,-0.24573955,-593.6645,594863.7500,33.912,605020.5000,1999.9000,
	2026/04/30 11:44:04	,	093042	,	3812	,10.515431,1999.9000,-0.24573955,-593.4808,594947.1250,33.911,604900.9375,1999.9000,
	2026/04/30 11:44:04	,	094042	,	3813	,10.515441,1999.9000,-0.24344549,-593.3277,594970.3750,33.910,604864.3750,1999.9000,
	2026/04/30 11:44:04	,	095042	,	3814	,10.515450,1999.9000,-0.24244024,-593.2001,594986.8750,33.911,604762.6250,1999.9000,
	2026/04/30 11:44:04	,	096042	,	3815	,10.515456,1999.9000,-0.23968926,-592.8948,595111.5625,33.912,604733.9375,1999.9000,
	2026/04/30 11:44:04	,	097042	,	3816	,10.515438,1999.9000,-0.23518308,-592.9388,595379.0625,33.912,604717.1250,1999.9000,
	2026/04/30 11:44:04	,	098042	,	3817	,10.515422,1999.9000,-0.22793531,-593.3734,595545.8750,33.914,604708.6875,1999.9000,
	2026/04/30 11:44:04	,	099042	,	3818	,10.515393,1999.9000,-0.22266023,-593.7356,595545.8750,33.916,604703.6250,1999.9000,
	2026/04/30 11:44:04	,	100042	,	3819	,10.515370,1999.9000,-0.22266023,-593.6395,595545.8750,33.916,604700.3125,1999.9000,
	2026/04/30 11:44:04	,	101042	,	3820	,10.515346,1999.9000,-0.22266023,-593.5594,595545.8750,33.916,604697.5000,1999.9000,
	2026/04/30 11:44:04	,	102042	,	3821	,10.515301,1999.9000,-0.22266023,-593.1943,595545.8750,33.916,604704.6875,1999.9000,
	2026/04/30 11:44:04	,	103042	,	3822	,10.515264,1999.9000,-0.22266023,-592.8900,595438.6875,33.911,604803.0625,1999.9000,
	2026/04/30 11:44:04	,	104042	,	3823	,10.515231,1999.9000,-0.22531983,-592.6364,595414.3125,33.902,604834.5000,1999.9000,
	2026/04/30 11:44:04	,	105042	,	3824	,10.515235,1999.9000,-0.22756979,-592.7234,595397.0000,33.895,604925.6875,1999.9000,
	2026/04/30 11:44:04	,	106042	,	3825	,10.515253,1999.9000,-0.22832923,-592.4976,595297.4375,33.890,604959.1875,1999.9000,
	2026/04/30 11:44:04	,	107042	,	3826	,10.515268,1999.9000,-0.23217051,-592.3094,595084.1875,33.885,605053.1250,1999.9000,
	2026/04/30 11:44:04	,	108042	,	3827	,10.515281,1999.9000,-0.23842879,-592.1526,594838.1250,33.881,605053.1250,1999.9000,
	2026/04/30 11:44:04	,	109042	,	3828	,10.515291,1999.9000,-0.24304213,-592.0219,594838.1250,33.882,605053.1250,1999.9000,
	2026/04/30 11:44:04	,	110042	,	3829	,10.515315,1999.9000,-0.24304213,-591.9130,594838.1250,33.884,605053.1250,1999.9000,
	2026/04/30 11:44:04	,	111042	,	3830	,10.515345,1999.9000,-0.24304213,-591.9217,594838.1250,33.886,605053.1250,1999.9000,
	2026/04/30 11:44:04	,	112042	,	3831	,10.515368,1999.9000,-0.24304213,-591.9290,594838.1250,33.888,605040.3750,1999.9000,
	2026/04/30 11:44:04	,	113042	,	3832	,10.515380,1999.9000,-0.24304213,-591.8356,594940.0000,33.890,604908.1875,1999.9000,
	2026/04/30 11:44:04	,	114042	,	3833	,10.515388,1999.9000,-0.24004219,-591.7578,594962.6250,33.891,604878.5625,1999.9000,
	2026/04/30 11:44:04	,	115042	,	3834	,10.515401,1999.9000,-0.23725654,-591.6929,594974.0000,33.892,604783.1875,1999.9000,
	2026/04/30 11:44:04	,	116042	,	3835	,10.515410,1999.9000,-0.23477972,-591.7383,594992.8750,33.894,604756.5625,1999.9000,
	2026/04/30 11:44:04	,	117042	,	3836	,10.515419,1999.9000,-0.23117475,-591.7761,595274.8125,33.896,604730.0000,1999.9000,
	2026/04/30 11:44:04	,	118042	,	3837	,10.515407,1999.9000,-0.22456355,-591.8077,595551.8750,33.898,604716.6875,1999.9000,
	2026/04/30 11:44:04	,	119042	,	3838	,10.515396,1999.9000,-0.22081994,-592.5303,595551.8750,33.898,604708.6875,1999.9000,
	2026/04/30 11:44:04	,	120042	,	3839	,10.515383,1999.9000,-0.22081994,-593.2319,595551.8750,33.897,604703.3750,1999.9000,
	2026/04/30 11:44:04	,	121042	,	3840	,10.515371,1999.9000,-0.22081994,-594.0155,595551.8750,33.897,604698.9375,1999.9000,
	2026/04/30 11:44:04	,	122042	,	3841	,10.515368,1999.9000,-0.22081994,-594.0155,595551.8750,33.890,604703.5625,1999.9000,
	2026/04/30 11:44:04	,	123042	,	3842	,10.515363,1999.9000,-0.22081994,-595.2128,595456.5625,33.883,604804.3125,1999.9000,
	2026/04/30 11:44:04	,	124042	,	3843	,10.515360,1999.9000,-0.22428624,-595.6663,595421.7500,33.878,604828.4375,1999.9000,
	2026/04/30 11:44:04	,	125042	,	3844	,10.515357,1999.9000,-0.22726728,-595.8452,595400.1875,33.873,604855.0000,1999.9000,
	2026/04/30 11:44:04	,	126042	,	3845	,10.515374,1999.9000,-0.22981344,-595.4970,595383.3125,33.870,604964.9375,1999.9000,
	2026/04/30 11:44:04	,	127042	,	3846	,10.515393,1999.9000,-0.23304026,-595.2068,595186.0625,33.869,605002.3750,1999.9000,
	2026/04/30 11:44:04	,	128042	,	3847	,10.515410,1999.9000,-0.23981531,-594.8655,594921.5000,33.876,605014.8750,1999.9000,
	2026/04/30 11:44:04	,	129042	,	3848	,10.515423,1999.9000,-0.24662820,-594.5811,594917.0625,33.881,605021.1250,1999.9000,
	2026/04/30 11:44:04	,	130042	,	3849	,10.515434,1999.9000,-0.24996844,-594.3441,594915.5000,33.885,605024.8750,1999.9000,
	2026/04/30 11:44:04	,	131042	,	3850	,10.515444,1999.9000,-0.24996844,-594.1466,594914.8125,33.890,605027.3750,1999.9000,
	2026/04/30 11:44:04	,	132042	,	3851	,10.515456,1999.9000,-0.24996844,-594.1810,594914.8125,33.897,605023.3750,1999.9000,
	2026/04/30 11:44:04	,	133042	,	3852	,10.515468,1999.9000,-0.24996844,-594.4085,594914.3750,33.903,604923.8750,1999.9000,
	2026/04/30 11:44:04	,	134042	,	3853	,10.515467,1999.9000,-0.24996844,-594.5981,594914.0625,33.905,604892.1250,1999.9000,
	2026/04/30 11:44:04	,	135042	,	3854	,10.515456,1999.9000,-0.24761766,-595.0546,594926.0000,33.907,604795.8750,1999.9000,
	2026/04/30 11:44:04	,	136042	,	3855	,10.515448,1999.9000,-0.24659036,-595.4350,595006.1250,33.907,604767.4375,1999.9000,
	2026/04/30 11:44:04	,	137042	,	3856	,10.515450,1999.9000,-0.24312407,-595.7520,595017.5000,33.907,604684.6875,1999.9000,
	2026/04/30 11:44:04	,	138042	,	3857	,10.515451,1999.9000,-0.23733217,-596.0161,595175.9375,33.914,604684.6875,1999.9000,
	2026/04/30 11:44:04	,	139042	,	3858	,10.515457,1999.9000,-0.23082812,-596.2363,595454.7500,33.920,604684.6875,1999.9000,
	2026/04/30 11:44:04	,	140042	,	3859	,10.515463,1999.9000,-0.22793531,-596.3203,595471.3750,33.917,604684.6875,1999.9000,
	2026/04/30 11:44:04	,	141042	,	3860	,10.515457,1999.9000,-0.22793531,-596.1912,595476.9375,33.913,604684.6875,1999.9000,
	2026/04/30 11:44:04	,	142042	,	3861	,10.515444,1999.9000,-0.22793531,-595.8848,595479.6875,33.910,604684.6875,1999.9000,
	2026/04/30 11:44:04	,	143042	,	3862	,10.515441,1999.9000,-0.22793531,-595.5300,595481.3125,33.913,604776.5000,1999.9000,
	2026/04/30 11:44:04	,	144042	,	3863	,10.515450,1999.9000,-0.22793531,-594.8364,595482.4375,33.915,604776.5000,1999.9000,
	2026/04/30 11:44:04	,	145042	,	3864	,10.515456,1999.9000,-0.23029871,-594.3578,595469.6875,33.915,604800.0625,1999.9000,
	2026/04/30 11:44:04	,	146042	,	3865	,10.515453,1999.9000,-0.23126297,-594.2575,595384.4375,33.916,604886.4375,1999.9000,
	2026/04/30 11:44:04	,	147042	,	3866	,10.515454,1999.9000,-0.23405494,-593.9750,595381.7500,33.918,604916.6250,1999.9000,
	2026/04/30 11:44:04	,	148042	,	3867	,10.515451,1999.9000,-0.23894559,-593.6400,595296.3125,33.911,605026.0000,1999.9000,
	2026/04/30 11:44:04	,	149042	,	3868	,10.515433,1999.9000,-0.24577735,-593.3609,595052.0000,33.906,605026.0000,1999.9000,
	2026/04/30 11:44:04	,	150042	,	3869	,10.515427,1999.9000,-0.25052935,-593.2278,594861.3750,33.900,605026.0000,1999.9000,
	2026/04/30 11:44:04	,	151042	,	3870	,10.515432,1999.9000,-0.25052935,-593.0173,594861.3750,33.895,605026.0000,1999.9000,
	2026/04/30 11:44:04	,	152042	,	3871	,10.515433,1999.9000,-0.25052935,-592.8420,594861.3750,33.890,605026.0000,1999.9000,
	2026/04/30 11:44:04	,	153042	,	3872	,10.515433,1999.9000,-0.25052935,-592.7953,594861.3750,33.887,605025.8125,1999.9000,
	2026/04/30 11:44:04	,	154042	,	3873	,10.515427,1999.9000,-0.25052935,-592.9554,594861.3750,33.884,605012.7500,1999.9000,
	2026/04/30 11:44:04	,	155042	,	3874	,10.515423,1999.9000,-0.24773110,-593.0888,594947.7500,33.883,604879.2500,1999.9000,
	2026/04/30 11:44:04	,	156042	,	3875	,10.515414,1999.9000,-0.24522275,-593.4984,594966.5000,33.878,604847.5000,1999.9000,
	2026/04/30 11:44:04	,	157042	,	3876	,10.515413,1999.9000,-0.24307995,-593.9392,594978.6875,33.878,604754.8125,1999.9000,
	2026/04/30 11:44:04	,	158042	,	3877	,10.515417,1999.9000,-0.23855484,-594.3065,595090.1250,33.878,604731.5625,1999.9000,
	2026/04/30 11:44:04	,	159042	,	3878	,10.515419,1999.9000,-0.23203817,-594.6127,595357.0625,33.878,604723.3750,1999.9000,
	2026/04/30 11:44:04	,	160042	,	3879	,10.515411,1999.9000,-0.23134805,-594.6127,595559.6250,33.878,604719.3125,1999.9000,
	2026/04/30 11:44:04	,	161042	,	3880	,10.515406,1999.9000,-0.23111802,-595.0667,595559.6250,33.875,604716.8125,1999.9000,
	2026/04/30 11:44:04	,	162042	,	3881	,10.515401,1999.9000,-0.23100302,-595.4451,595559.6250,33.873,604715.1875,1999.9000,
	2026/04/30 11:44:04	,	163042	,	3882	,10.515396,1999.9000,-0.23093399,-595.7604,595559.6250,33.874,604713.8750,1999.9000,
	2026/04/30 11:44:04	,	164042	,	3883	,10.515392,1999.9000,-0.23088798,-596.0231,595559.6250,33.871,604723.7500,1999.9000,
	2026/04/30 11:44:04	,	165042	,	3884	,10.515389,1999.9000,-0.23348141,-596.2421,595447.6250,33.869,604832.1250,1999.9000,
	2026/04/30 11:44:04	,	166042	,	3885	,10.515387,1999.9000,-0.23577547,-595.9272,595424.3750,33.868,604852.9375,1999.9000,
	2026/04/30 11:44:04	,	167042	,	3886	,10.515368,1999.9000,-0.23669879,-595.6648,595411.6875,33.867,604877.3750,1999.9000,
	2026/04/30 11:44:04	,	168042	,	3887	,10.515355,1999.9000,-0.24123965,-595.4461,595391.7500,33.872,604992.1875,1999.9000,
	2026/04/30 11:44:04	,	169042	,	3888	,10.515343,1999.9000,-0.24755463,-594.9655,595124.6875,33.876,605021.1875,1999.9000,
	2026/04/30 11:44:04	,	170042	,	3889	,10.515332,1999.9000,-0.24755463,-594.5649,594851.2500,33.881,605030.8125,1999.9000,
	2026/04/30 11:44:04	,	171042	,	3890	,10.515325,1999.9000,-0.24755463,-594.2311,594851.2500,33.885,605035.6250,1999.9000,
	2026/04/30 11:44:04	,	172042	,	3891	,10.515312,1999.9000,-0.24755463,-593.9529,594851.2500,33.889,605038.5625,1999.9000,
	2026/04/30 11:44:04	,	173042	,	3892	,10.515292,1999.9000,-0.24755463,-593.5222,594851.2500,33.896,605040.5000,1999.9000,
	2026/04/30 11:44:04	,	174042	,	3893	,10.515274,1999.9000,-0.24751158,-593.1633,594851.2500,33.907,605029.1250,1999.9000,
	2026/04/30 11:44:04	,	175042	,	3894	,10.515261,1999.9000,-0.24339506,-592.8641,594943.5000,33.916,604903.3750,1999.9000,
	2026/04/30 11:44:04	,	176042	,	3895	,10.515249,1999.9000,-0.23992875,-592.6148,594965.2500,33.914,604877.3750,1999.9000,
	2026/04/30 11:44:04	,	177042	,	3896	,10.515250,1999.9000,-0.23710528,-592.4071,594976.0625,33.913,604789.8125,1999.9000,
	2026/04/30 11:44:04	,	178042	,	3897	,10.515261,1999.9000,-0.23341841,-592.2341,594990.4375,33.912,604762.3125,1999.9000,
	2026/04/30 11:44:04	,	179042	,	3898	,10.515269,1999.9000,-0.22679460,-592.0898,595233.6875,33.909,604673.1875,1999.9000,
	2026/04/30 11:44:04	,	180042	,	3899	,10.515277,1999.9000,-0.22164556,-591.9696,595529.8750,33.907,604673.1875,1999.9000,
	2026/04/30 11:44:04	,	181042	,	3900	,10.515283,1999.9000,-0.22164556,-591.8694,595529.8750,33.905,604673.1875,1999.9000,
	2026/04/30 11:44:04	,	182042	,	3901	,10.515307,1999.9000,-0.22164556,-591.8854,595529.8750,33.902,604673.1875,1999.9000,
	2026/04/30 11:44:04	,	183042	,	3902	,10.515307,1999.9000,-0.22164556,-591.9982,595529.8750,33.900,604673.1875,1999.9000,
	2026/04/30 11:44:04	,	184042	,	3903	,10.515309,1999.9000,-0.22164556,-592.1917,595529.8750,33.896,604684.0625,1999.9000,
	2026/04/30 11:44:04	,	185042	,	3904	,10.515310,1999.9000,-0.22194807,-592.3529,595518.0625,33.895,604794.0625,1999.9000,
	2026/04/30 11:44:04	,	186042	,	3905	,10.515322,1999.9000,-0.22618957,-592.3878,595387.4375,33.897,604821.5000,1999.9000,
	2026/04/30 11:44:04	,	187042	,	3906	,10.515310,1999.9000,-0.22876094,-592.4169,595374.9375,33.900,604914.2500,1999.9000,
	2026/04/30 11:44:04	,	188042	,	3907	,10.515301,1999.9000,-0.23212010,-592.5406,595365.1875,33.902,604944.5000,1999.9000,
	2026/04/30 11:44:04	,	189042	,	3908	,10.515292,1999.9000,-0.23905903,-592.6437,595225.3750,33.905,605043.5000,1999.9000,
	2026/04/30 11:44:04	,	190042	,	3909	,10.515281,1999.9000,-0.24559461,-592.6301,594951.8750,33.906,605043.5000,1999.9000,
	2026/04/30 11:44:04	,	191042	,	3910	,10.515270,1999.9000,-0.24559461,-592.9172,594927.1875,33.909,605043.5000,1999.9000,
	2026/04/30 11:44:04	,	192042	,	3911	,10.515262,1999.9000,-0.24559461,-593.1564,594918.9375,33.913,605043.5000,1999.9000,
	2026/04/30 11:44:04	,	193042	,	3912	,10.515255,1999.9000,-0.24559461,-592.9579,594914.8750,33.917,605043.5000,1999.9000,
	2026/04/30 11:44:04	,	194042	,	3913	,10.515249,1999.9000,-0.24559461,-592.7925,594912.4375,33.920,605040.4375,1999.9000,
	2026/04/30 11:44:04	,	195042	,	3914	,10.515245,1999.9000,-0.24557464,-592.6546,594910.7500,33.922,604942.6250,1999.9000,
	2026/04/30 11:44:04	,	196042	,	3915	,10.515236,1999.9000,-0.24252534,-592.3408,594920.8125,33.924,604907.8750,1999.9000,
	2026/04/30 11:44:04	,	197042	,	3916	,10.515228,1999.9000,-0.24001068,-592.0792,594933.6250,33.927,604806.1250,1999.9000,
	2026/04/30 11:44:04	,	198042	,	3917	,10.515227,1999.9000,-0.23723763,-591.8613,595013.8750,33.930,604776.2500,1999.9000,
	2026/04/30 11:44:04	,	199042	,	3918	,10.515227,1999.9000,-0.23139533,-591.6796,595147.9375,33.930,604684.6875,1999.9000,
	2026/04/30 11:44:04	,	200042	,	3919	,10.515221,1999.9000,-0.22557193,-591.5283,595432.1250,33.931,604684.6875,1999.9000,
	2026/04/30 11:44:04	,	201042	,	3920	,10.515216,1999.9000,-0.22557193,-591.3027,595519.7500,33.931,604684.6875,1999.9000,
	2026/04/30 11:44:04	,	202042	,	3921	,10.515216,1999.9000,-0.22557193,-591.0153,595519.7500,33.933,604684.6875,1999.9000,
	2026/04/30 11:44:04	,	203042	,	3922	,10.515243,1999.9000,-0.22557193,-590.8752,595519.7500,33.936,604684.6875,1999.9000,
	2026/04/30 11:44:04	,	204042	,	3923	,10.515249,1999.9000,-0.22557193,-590.7585,595519.7500,33.940,604688.3750,1999.9000,
	2026/04/30 11:44:04	,	205042	,	3924	,10.515255,1999.9000,-0.22842060,-591.1585,595519.7500,33.944,604774.0625,1999.9000,
	2026/04/30 11:44:04	,	206042	,	3925	,10.515259,1999.9000,-0.23130080,-591.4919,595434.5000,33.947,604797.9375,1999.9000,
	2026/04/30 11:44:04	,	207042	,	3926	,10.515248,1999.9000,-0.23384696,-591.7698,595411.8750,33.949,604823.6250,1999.9000,
	2026/04/30 11:44:04	,	208042	,	3927	,10.515239,1999.9000,-0.23641202,-591.9019,595396.3750,33.951,604945.6250,1999.9000,
	2026/04/30 11:44:04	,	209042	,	3928	,10.515239,1999.9000,-0.24207786,-592.0119,595277.1875,33.951,605027.8125,1999.9000,
	2026/04/30 11:44:04	,	210042	,	3929	,10.515246,1999.9000,-0.24914283,-592.1036,595032.9375,33.948,605027.8125,1999.9000,
	2026/04/30 11:44:04	,	211042	,	3930	,10.515252,1999.9000,-0.25277302,-592.1800,594840.5000,33.946,605027.8125,1999.9000,
	2026/04/30 11:44:04	,	212042	,	3931	,10.515258,1999.9000,-0.25277302,-592.2437,594840.5000,33.944,605027.8125,1999.9000,
	2026/04/30 11:44:04	,	213042	,	3932	,10.515246,1999.9000,-0.25277302,-592.2967,594840.5000,33.936,605027.8125,1999.9000,
	2026/04/30 11:44:04	,	214042	,	3933	,10.515237,1999.9000,-0.25277302,-592.3409,594840.5000,33.928,605025.4375,1999.9000,
	2026/04/30 11:44:04	,	215042	,	3934	,10.515230,1999.9000,-0.25277302,-592.2783,594840.5000,33.921,604935.3750,1999.9000,
	2026/04/30 11:44:04	,	216042	,	3935	,10.515239,1999.9000,-0.25022054,-592.3256,594943.5000,33.916,604900.6875,1999.9000,
	2026/04/30 11:44:04	,	217042	,	3936	,10.515246,1999.9000,-0.24924052,-592.3650,594971.5625,33.911,604807.3125,1999.9000,
	2026/04/30 11:44:04	,	218042	,	3937	,10.515273,1999.9000,-0.24666598,-592.3978,594985.6875,33.907,604778.6250,1999.9000,
	2026/04/30 11:44:04	,	219042	,	3938	,10.515289,1999.9000,-0.24251904,-592.5247,595084.1875,33.904,604751.7500,1999.9000,
	2026/04/30 11:44:04	,	220042	,	3939	,10.515288,1999.9000,-0.23608430,-592.6304,595331.4375,33.901,604738.3125,1999.9000,
	2026/04/30 11:44:04	,	221042	,	3940	,10.515288,1999.9000,-0.23239110,-592.7185,595550.6875,33.899,604730.3125,1999.9000,
	2026/04/30 11:44:04	,	222042	,	3941	,10.515302,1999.9000,-0.23239110,-592.8914,595550.6875,33.897,604724.9375,1999.9000,
	2026/04/30 11:44:04	,	223042	,	3942	,10.515319,1999.9000,-0.23239110,-593.2344,595550.6875,33.895,604720.4375,1999.9000,
	2026/04/30 11:44:04	,	224042	,	3943	,10.515334,1999.9000,-0.23239110,-593.6198,595550.6875,33.896,604717.9375,1999.9000,
	2026/04/30 11:44:04	,	225042	,	3944	,10.515346,1999.9000,-0.23239110,-593.9409,595550.6875,33.904,604725.3750,1999.9000,
	2026/04/30 11:44:04	,	226042	,	3945	,10.515350,1999.9000,-0.23274194,-594.1089,595448.1875,33.910,604818.1875,1999.9000,
	2026/04/30 11:44:04	,	227042	,	3946	,10.515340,1999.9000,-0.23617883,-594.2491,595421.3750,33.919,604845.0000,1999.9000,
	2026/04/30 11:44:04	,	228042	,	3947	,10.515326,1999.9000,-0.23681223,-594.1669,595404.5000,33.926,604942.6250,1999.9000,
	2026/04/30 11:44:04	,	229042	,	3948	,10.515313,1999.9000,-0.24077958,-594.0983,595386.5000,33.928,604977.9375,1999.9000,
	2026/04/30 11:44:04	,	230042	,	3949	,10.515298,1999.9000,-0.24691179,-594.3397,595156.2500,33.931,605000.3750,1999.9000,
	2026/04/30 11:44:04	,	231042	,	3950	,10.515271,1999.9000,-0.24710086,-594.5408,594876.2500,33.936,605011.6250,1999.9000,
	2026/04/30 11:44:04	,	232042	,	3951	,10.515249,1999.9000,-0.24716389,-594.6089,594876.2500,33.937,605018.3125,1999.9000,
	2026/04/30 11:44:04	,	233042	,	3952	,10.515231,1999.9000,-0.24719539,-594.6657,594876.2500,33.935,605022.8125,1999.9000,
	2026/04/30 11:44:04	,	234042	,	3953	,10.515228,1999.9000,-0.24721430,-594.7130,594876.2500,33.933,605026.6250,1999.9000,
	2026/04/30 11:44:04	,	235042	,	3954	,10.515218,1999.9000,-0.24722691,-594.7524,594876.2500,33.932,605018.2500,1999.9000,
	2026/04/30 11:44:04	,	236042	,	3955	,10.515209,1999.9000,-0.24343917,-594.7852,594884.5000,33.930,604896.7500,1999.9000,
	2026/04/30 11:44:04	,	237042	,	3956	,10.515212,1999.9000,-0.23984683,-594.8126,594982.8750,33.929,604868.8750,1999.9000,
	2026/04/30 11:44:04	,	238042	,	3957	,10.515213,1999.9000,-0.23676495,-594.8354,594987.9375,33.929,604778.3750,1999.9000,
	2026/04/30 11:44:04	,	239042	,	3958	,10.515215,1999.9000,-0.23224615,-594.8544,594999.0000,33.928,604750.5000,1999.9000,
	2026/04/30 11:44:04	,	240042	,	3959	,10.515216,1999.9000,-0.22465807,-594.8703,595206.3125,33.927,604729.4375,1999.9000,
	2026/04/30 11:44:04	,	241042	,	3960	,10.515216,1999.9000,-0.21903636,-594.9830,595507.1875,33.930,604718.8750,1999.9000,
	2026/04/30 11:44:04	,	242042	,	3961	,10.515218,1999.9000,-0.21903636,-595.0769,595507.1875,33.932,604712.5625,1999.9000,
	2026/04/30 11:44:04	,	243042	,	3962	,10.515219,1999.9000,-0.21903636,-595.2546,595507.1875,33.934,604708.3125,1999.9000,
	2026/04/30 11:44:04	,	244042	,	3963	,10.515219,1999.9000,-0.21903636,-595.4027,595507.1875,33.932,604704.8125,1999.9000,
	2026/04/30 11:44:04	,	245042	,	3964	,10.515219,1999.9000,-0.21903636,-595.6255,595507.1875,33.931,604712.0000,1999.9000,
	2026/04/30 11:44:04	,	246042	,	3965	,10.515219,1999.9000,-0.22204891,-595.8113,595504.3125,33.930,604807.3125,1999.9000,
	2026/04/30 11:44:04	,	247042	,	3966	,10.515248,1999.9000,-0.22470221,-595.9661,595407.0625,33.929,604830.5625,1999.9000,
	2026/04/30 11:44:04	,	248042	,	3967	,10.515284,1999.9000,-0.22711602,-596.0951,595388.0625,33.928,604920.8750,1999.9000,
	2026/04/30 11:44:04	,	249042	,	3968	,10.515313,1999.9000,-0.23056342,-596.2026,595373.5625,33.927,605006.6250,1999.9000,
	2026/04/30 11:44:04	,	250042	,	3969	,10.515338,1999.9000,-0.23768510,-596.2922,595230.1875,33.927,605090.5625,1999.9000,
	2026/04/30 11:44:04	,	251042	,	3970	,10.515358,1999.9000,-0.23768510,-596.2673,594968.0000,33.925,605090.5625,1999.9000,
	2026/04/30 11:44:04	,	252042	,	3971	,10.515375,1999.9000,-0.24488556,-596.1472,594885.7500,33.925,605090.5625,1999.9000,
	2026/04/30 11:44:04	,	253042	,	3972	,10.515389,1999.9000,-0.24511562,-596.2460,594885.7500,33.928,605090.5625,1999.9000,
	2026/04/30 11:44:04	,	254042	,	3973	,10.515401,1999.9000,-0.24523063,-596.1294,594885.7500,33.929,605090.5625,1999.9000,
	2026/04/30 11:44:04	,	255042	,	3974	,10.515410,1999.9000,-0.24529964,-596.0322,594885.7500,33.928,605079.7500,1999.9000,
	2026/04/30 11:44:04	,	256042	,	3975	,10.515414,1999.9000,-0.24534565,-595.9512,594885.7500,33.929,604945.0625,1999.9000,
	2026/04/30 11:44:04	,	257042	,	3976	,10.515413,1999.9000,-0.24507833,-595.8837,594896.8750,33.930,604907.0000,1999.9000,
	2026/04/30 11:44:04	,	258042	,	3977	,10.515407,1999.9000,-0.24507833,-595.8275,594977.5000,33.930,604792.8125,1999.9000,
	2026/04/30 11:44:04	,	259042	,	3978	,10.515396,1999.9000,-0.24258836,-595.3828,594989.1875,33.929,604761.1875,1999.9000,
	2026/04/30 11:44:04	,	260042	,	3979	,10.515388,1999.9000,-0.24181001,-595.0121,595112.7500,33.930,604734.4375,1999.9000,
	2026/04/30 11:44:04	,	261042	,	3980	,10.515380,1999.9000,-0.23590784,-594.5043,595389.1875,33.929,604721.0625,1999.9000,
	2026/04/30 11:44:04	,	262042	,	3981	,10.515374,1999.9000,-0.23057602,-594.0812,595528.0625,33.928,604713.0625,1999.9000,
	2026/04/30 11:44:04	,	263042	,	3982	,10.515368,1999.9000,-0.23057602,-593.7286,595528.0625,33.928,604707.7500,1999.9000,
	2026/04/30 11:44:04	,	264042	,	3983	,10.515349,1999.9000,-0.23057602,-593.4346,595528.0625,33.927,604703.2500,1999.9000,
	2026/04/30 11:44:04	,	265042	,	3984	,10.515334,1999.9000,-0.23057602,-593.0903,595528.0625,33.927,604707.3125,1999.9000,
	2026/04/30 11:44:04	,	266042	,	3985	,10.515310,1999.9000,-0.23057602,-592.8033,595528.0625,33.926,604720.7500,1999.9000,
	2026/04/30 11:44:04	,	267042	,	3986	,10.515296,1999.9000,-0.23086384,-592.6636,595427.3750,33.926,604843.0000,1999.9000,
	2026/04/30 11:44:04	,	268042	,	3987	,10.515284,1999.9000,-0.23505703,-592.5473,595409.1875,33.926,604876.8125,1999.9000,
	2026/04/30 11:44:04	,	269042	,	3988	,10.515279,1999.9000,-0.23733217,-592.4503,595396.1875,33.922,604976.4375,1999.9000,
	2026/04/30 11:44:04	,	270042	,	3989	,10.515280,1999.9000,-0.23947498,-592.6679,595310.5625,33.920,605010.9375,1999.9000,
	2026/04/30 11:44:04	,	271042	,	3990	,10.515274,1999.9000,-0.24468075,-592.7497,595084.7500,33.919,605022.3750,1999.9000,
	2026/04/30 11:44:04	,	272042	,	3991	,10.515265,1999.9000,-0.25128564,-592.8179,594854.7500,33.918,605028.1250,1999.9000,
	2026/04/30 11:44:04	,	273042	,	3992	,10.515258,1999.9000,-0.25180873,-592.8748,594854.7500,33.918,605031.5000,1999.9000,
	2026/04/30 11:44:04	,	274042	,	3993	,10.515252,1999.9000,-0.25198311,-593.3201,594854.7500,33.918,605033.8125,1999.9000,
	2026/04/30 11:44:04	,	275042	,	3994	,10.515258,1999.9000,-0.25207028,-593.8901,594854.7500,33.917,605035.1875,1999.9000,
	2026/04/30 11:44:04	,	276042	,	3995	,10.515262,1999.9000,-0.25212261,-594.3651,594854.7500,33.917,605022.0000,1999.9000,
	2026/04/30 11:44:04	,	277042	,	3996	,10.515255,1999.9000,-0.25215748,-594.7609,594951.2500,33.917,604891.3125,1999.9000,
	2026/04/30 11:44:04	,	278042	,	3997	,10.515249,1999.9000,-0.24874580,-595.0907,594970.0625,33.916,604862.8750,1999.9000,
	2026/04/30 11:44:04	,	279042	,	3998	,10.515245,1999.9000,-0.24550006,-595.3656,594979.1250,33.916,604771.6875,1999.9000,
	2026/04/30 11:44:04	,	280042	,	3999	,10.515227,1999.9000,-0.24260096,-595.6942,594997.4375,33.918,604738.7500,1999.9000,
	2026/04/30 11:44:04	,	281042	,	4000	,10.515225,1999.9000,-0.23721872,-595.9680,595289.6875,33.920,604727.8125,1999.9000,
	2026/04/30 11:44:04	,	282042	,	4001	,10.515224,1999.9000,-0.23013486,-596.1962,595575.7500,33.922,604722.3125,1999.9000,
	2026/04/30 11:44:04	,	283042	,	4002	,10.515210,1999.9000,-0.22610134,-596.3863,595575.7500,33.923,604719.0000,1999.9000,
	2026/04/30 11:44:04	,	284042	,	4003	,10.515193,1999.9000,-0.22610134,-596.5447,595575.7500,33.923,604716.8125,1999.9000,
	2026/04/30 11:44:04	,	285042	,	4004	,10.515174,1999.9000,-0.22610134,-596.6767,595575.7500,33.923,604715.3750,1999.9000,
	2026/04/30 11:44:04	,	286042	,	4005	,10.515158,1999.9000,-0.22610134,-596.8862,595575.7500,33.923,604723.8750,1999.9000,
	2026/04/30 11:44:04	,	287042	,	4006	,10.515143,1999.9000,-0.22610134,-597.0608,595452.3750,33.922,604820.0625,1999.9000,
	2026/04/30 11:44:04	,	288042	,	4007	,10.515132,1999.9000,-0.22874834,-597.2063,595418.0625,33.918,604850.5625,1999.9000,
	2026/04/30 11:44:04	,	289042	,	4008	,10.515128,1999.9000,-0.23123775,-596.8301,595398.1250,33.911,604942.0000,1999.9000,
	2026/04/30 11:44:04	,	290042	,	4009	,10.515124,1999.9000,-0.23229341,-596.4173,595382.6250,33.904,604975.5000,1999.9000,
	2026/04/30 11:44:04	,	291042	,	4010	,10.515116,1999.9000,-0.23771660,-596.0732,595181.8750,33.900,605059.7500,1999.9000,
	2026/04/30 11:44:04	,	292042	,	4011	,10.515109,1999.9000,-0.24483201,-595.7864,594896.5000,33.896,605059.7500,1999.9000,
	2026/04/30 11:44:04	,	293042	,	4012	,10.515118,1999.9000,-0.25005668,-595.4481,594896.5000,33.893,605059.7500,1999.9000,
	2026/04/30 11:44:04	,	294042	,	4013	,10.515140,1999.9000,-0.25005668,-595.1660,594896.5000,33.891,605059.7500,1999.9000,
	2026/04/30 11:44:04	,	295042	,	4014	,10.515159,1999.9000,-0.25005668,-595.1660,594896.5000,33.890,605059.7500,1999.9000,
	2026/04/30 11:44:04	,	296042	,	4015	,10.515184,1999.9000,-0.25005668,-594.5528,594896.5000,33.890,605059.7500,1999.9000,
	2026/04/30 11:44:04	,	297042	,	4016	,10.515195,1999.9000,-0.25005668,-594.3205,594898.4375,33.890,605049.4375,1999.9000,
	2026/04/30 11:44:04	,	298042	,	4017	,10.515204,1999.9000,-0.24986026,-594.1269,594910.0625,33.889,604924.5000,1999.9000,
	2026/04/30 11:44:04	,	299042	,	4018	,10.515212,1999.9000,-0.24669752,-593.9656,594921.8750,33.889,604892.1250,1999.9000,
	2026/04/30 11:44:04	,	300042	,	4019	,10.515220,1999.9000,-0.24578996,-593.4332,595011.5000,33.889,604794.6250,1999.9000,
	2026/04/30 11:44:04	,	301042	,	4020	,10.515224,1999.9000,-0.24153587,-592.8901,595169.9375,33.889,604758.6875,1999.9000,
	2026/04/30 11:44:04	,	302042	,	4021	,10.515240,1999.9000,-0.23512635,-592.4376,595473.2500,33.888,604736.6875,1999.9000,
	2026/04/30 11:44:04	,	303042	,	4022	,10.515252,1999.9000,-0.23084073,-592.0604,595484.5625,33.888,604725.6875,1999.9000,
	2026/04/30 11:44:04	,	304042	,	4023	,10.515262,1999.9000,-0.23084073,-591.7462,595488.3125,33.891,604719.0625,1999.9000,
	2026/04/30 11:44:04	,	305042	,	4024	,10.515261,1999.9000,-0.23084073,-592.0811,595490.1875,33.894,604714.6250,1999.9000,
	2026/04/30 11:44:04	,	306042	,	4025	,10.515265,1999.9000,-0.23084073,-592.4597,595491.3125,33.896,604711.0000,1999.9000,
	2026/04/30 11:44:04	,	307042	,	4026	,10.515248,1999.9000,-0.23084073,-592.7751,595492.0625,33.904,604718.4375,1999.9000,
	2026/04/30 11:44:04	,	308042	,	4027	,10.515234,1999.9000,-0.23389107,-593.0381,595409.5000,33.912,604820.0625,1999.9000,
	2026/04/30 11:44:04	,	309042	,	4028	,10.515243,1999.9000,-0.23665781,-593.2571,595394.2500,33.921,604845.3750,1999.9000,
	2026/04/30 11:44:04	,	310042	,	4029	,10.515249,1999.9000,-0.23920397,-593.4398,595383.6875,33.930,604941.3750,1999.9000,
	2026/04/30 11:44:04	,	311042	,	4030	,10.515255,1999.9000,-0.24272072,-593.6913,595245.0625,33.936,604979.7500,1999.9000,
	2026/04/30 11:44:04	,	312042	,	4031	,10.515259,1999.9000,-0.24966592,-593.3042,594982.2500,33.934,605071.2500,1999.9000,
	2026/04/30 11:44:04	,	313042	,	4032	,10.515264,1999.9000,-0.25581074,-592.9815,594864.3125,33.933,605071.2500,1999.9000,
	2026/04/30 11:44:04	,	314042	,	4033	,10.515266,1999.9000,-0.25581074,-592.7127,594864.3125,33.933,605071.2500,1999.9000,
	2026/04/30 11:44:04	,	315042	,	4034	,10.515259,1999.9000,-0.25581074,-592.4886,594864.3125,33.934,605071.2500,1999.9000,
	2026/04/30 11:44:04	,	316042	,	4035	,10.515253,1999.9000,-0.25581074,-592.3019,594864.3125,33.934,605071.2500,1999.9000,
	2026/04/30 11:44:04	,	317042	,	4036	,10.515248,1999.9000,-0.25581074,-592.9421,594864.3125,33.933,605061.1875,1999.9000,
	2026/04/30 11:44:04	,	318042	,	4037	,10.515244,1999.9000,-0.25547567,-593.5751,594953.1250,33.924,604937.1875,1999.9000,
	2026/04/30 11:44:04	,	319042	,	4038	,10.515240,1999.9000,-0.25064909,-594.3016,594970.3750,33.916,604904.0000,1999.9000,
	2026/04/30 11:44:04	,	320042	,	4039	,10.515237,1999.9000,-0.24778783,-594.9070,594979.8750,33.910,604810.9375,1999.9000,
	2026/04/30 11:44:04	,	321042	,	4040	,10.515235,1999.9000,-0.24428371,-595.4114,595087.7500,33.905,604783.8125,1999.9000,
	2026/04/30 11:44:04	,	322042	,	4041	,10.515227,1999.9000,-0.23717463,-595.8318,595359.4375,33.900,604701.6250,1999.9000,
	2026/04/30 11:44:04	,	323042	,	4042	,10.515227,1999.9000,-0.23004662,-596.0827,595528.6250,33.897,604701.6250,1999.9000,
	2026/04/30 11:44:04	,	324042	,	4043	,10.515241,1999.9000,-0.22535136,-596.1922,595528.6250,33.894,604701.6250,1999.9000,
	2026/04/30 11:44:04	,	325042	,	4044	,10.515253,1999.9000,-0.22535136,-595.9851,595528.6250,33.891,604701.6250,1999.9000,
	2026/04/30 11:44:04	,	326042	,	4045	,10.515258,1999.9000,-0.22535136,-595.8125,595528.6250,33.889,604701.6250,1999.9000,
	2026/04/30 11:44:04	,	327042	,	4046	,10.515262,1999.9000,-0.22535136,-595.6686,595528.6250,33.892,604708.9375,1999.9000,
	2026/04/30 11:44:04	,	328042	,	4047	,10.515285,1999.9000,-0.22535136,-595.5488,595415.4375,33.894,604809.6875,1999.9000,
	2026/04/30 11:44:04	,	329042	,	4048	,10.515305,1999.9000,-0.22564439,-595.4489,595391.6250,33.901,604837.2500,1999.9000,
	2026/04/30 11:44:04	,	330042	,	4049	,10.515326,1999.9000,-0.22877985,-595.3657,595378.6875,33.902,604928.1250,1999.9000,
	2026/04/30 11:44:04	,	331042	,	4050	,10.515344,1999.9000,-0.23109913,-595.2963,595294.4375,33.902,604959.5625,1999.9000,
	2026/04/30 11:44:04	,	332042	,	4051	,10.515358,1999.9000,-0.23724394,-595.3380,595090.7500,33.903,605056.1875,1999.9000,
	2026/04/30 11:44:04	,	333042	,	4052	,10.515366,1999.9000,-0.24476269,-595.3727,594822.6250,33.903,605056.1875,1999.9000,
	2026/04/30 11:44:04	,	334042	,	4053	,10.515372,1999.9000,-0.24986759,-595.4017,594822.6250,33.904,605056.1875,1999.9000,
	2026/04/30 11:44:04	,	335042	,	4054	,10.515376,1999.9000,-0.24986759,-595.3263,594822.6250,33.901,605056.1875,1999.9000,
	2026/04/30 11:44:04	,	336042	,	4055	,10.515380,1999.9000,-0.24986759,-595.2635,594822.6250,33.894,605056.1875,1999.9000,
	2026/04/30 11:44:04	,	337042	,	4056	,10.515374,1999.9000,-0.24986759,-595.1117,594822.6250,33.889,605049.4375,1999.9000,
	2026/04/30 11:44:04	,	338042	,	4057	,10.515368,1999.9000,-0.24986759,-594.9852,594929.2500,33.884,604936.5625,1999.9000,
	2026/04/30 11:44:04	,	339042	,	4058	,10.515365,1999.9000,-0.24980879,-594.9792,594957.5625,33.880,604907.6250,1999.9000,
	2026/04/30 11:44:04	,	340042	,	4059	,10.515365,1999.9000,-0.24962111,-594.8748,594973.1250,33.880,604881.8125,1999.9000,
	2026/04/30 11:44:04	,	341042	,	4060	,10.515347,1999.9000,-0.24933133,-594.7877,594991.3750,33.879,604769.2500,1999.9000,
	2026/04/30 11:44:04	,	342042	,	4061	,10.515337,1999.9000,-0.24401270,-594.8147,595255.8125,33.876,604733.6250,1999.9000,
	2026/04/30 11:44:04	,	343042	,	4062	,10.515317,1999.9000,-0.23837836,-595.1356,595553.0625,33.877,604721.7500,1999.9000,
	2026/04/30 11:44:04	,	344042	,	4063	,10.515301,1999.9000,-0.23837836,-595.4030,595553.0625,33.877,604715.8125,1999.9000,
	2026/04/30 11:44:04	,	345042	,	4064	,10.515283,1999.9000,-0.23837836,-595.6258,595553.0625,33.880,604712.3125,1999.9000,
	2026/04/30 11:44:04	,	346042	,	4065	,10.515262,1999.9000,-0.23837836,-595.9109,595553.0625,33.885,604709.8750,1999.9000,
	2026/04/30 11:44:04	,	347042	,	4066	,10.515246,1999.9000,-0.23837836,-596.1486,595553.0625,33.888,604710.4375,1999.9000,
	2026/04/30 11:44:04	,	348042	,	4067	,10.515231,1999.9000,-0.23846240,-596.2473,595457.7500,33.891,604722.5000,1999.9000,
	2026/04/30 11:44:04	,	349042	,	4068	,10.515240,1999.9000,-0.24132156,-596.3293,595422.0000,33.891,604844.1875,1999.9000,
	2026/04/30 11:44:04	,	350042	,	4069	,10.515243,1999.9000,-0.24216294,-596.3978,595404.1250,33.890,604875.8750,1999.9000,
	2026/04/30 11:44:04	,	351042	,	4070	,10.515244,1999.9000,-0.24281944,-596.4548,595389.3750,33.893,604978.2500,1999.9000,
	2026/04/30 11:44:04	,	352042	,	4071	,10.515250,1999.9000,-0.24734035,-596.4029,595205.1250,33.895,605013.0000,1999.9000,
	2026/04/30 11:44:04	,	353042	,	4072	,10.515255,1999.9000,-0.25333393,-596.1607,594929.2500,33.894,605024.8125,1999.9000,
	2026/04/30 11:44:04	,	354042	,	4073	,10.515259,1999.9000,-0.25333393,-595.8593,594908.3750,33.893,605030.6875,1999.9000,
	2026/04/30 11:44:04	,	355042	,	4074	,10.515264,1999.9000,-0.25333393,-595.6083,594901.4375,33.892,605034.2500,1999.9000,
	2026/04/30 11:44:04	,	356042	,	4075	,10.515262,1999.9000,-0.25333393,-595.4984,594897.9375,33.891,605036.5625,1999.9000,
	2026/04/30 11:44:04	,	357042	,	4076	,10.515255,1999.9000,-0.25333393,-595.4069,594895.8125,33.888,605038.5625,1999.9000,
	2026/04/30 11:44:04	,	358042	,	4077	,10.515249,1999.9000,-0.25330135,-595.3307,594894.5000,33.885,605027.3125,1999.9000,
	2026/04/30 11:44:04	,	359042	,	4078	,10.515245,1999.9000,-0.24995585,-595.1677,594905.8125,33.882,604902.1875,1999.9000,
	2026/04/30 11:44:04	,	360042	,	4079	,10.515241,1999.9000,-0.24736556,-595.0319,594988.8750,33.880,604871.0625,1999.9000,
