#BeginHeader,,
#FormatType,M-M20X\NORMAL,
#FormatVersion,V_1.1.9.7,
测量模式,正常模式,
采集开始时间,	2026/03/30 14:40:40.422012	,
采样周期,1ms,
保存选项,Standard,
,
通道条件,
通道编号,,,(M-1)M208,(M-1)M208,(M-1)M208,(M-1)M208,(M-1)M208,(M-1)M208,(M-1)M208,(M-1)M208,
波形名,,,CH1,CH2,CH3,CH4,CH5,CH6,CH7,CH8,
输入,,,20mA,PT100(3线),20V,0~1A,0~1A,PT100(3线),0~1A,PT100(4线),
单位,,,mA,℃,V,mA,℃,℃,mA,mA,
#EndHeader,
时间,μs,运行时间ms,(M-1)CH1,(M-1)CH2,(M-1)CH3,(M-1)CH4,(M-1)CH5,(M-1)CH6,(M-1)CH7,(M-1)CH8,
	2026/03/30 14:40:40	,	422012	,	0	,10.5600,1999.9000,-0.1670,396.7960,595277.1875,28.7415,604417.7500,1999.9000,
	2026/03/30 14:40:40	,	423012	,	1	,10.5600,1999.9000,-0.1670,396.6319,595277.1875,28.7415,604417.7500,1999.9000,
	2026/03/30 14:40:40	,	424012	,	2	,10.5600,1999.9000,-0.1670,396.3957,595277.1875,28.7435,604417.7500,1999.9000,
	2026/03/30 14:40:40	,	425012	,	3	,10.5600,1999.9000,-0.1670,396.1988,595277.1875,28.7451,604417.7500,1999.9000,
	2026/03/30 14:40:40	,	426012	,	4	,10.5600,1999.9000,-0.1951,396.0348,594823.1875,28.7465,605052.5000,1999.9000,
	2026/03/30 14:40:40	,	427012	,	5	,10.5600,1999.9000,-0.1951,395.9975,594823.1875,28.7492,605052.5000,1999.9000,
	2026/03/30 14:40:40	,	428012	,	6	,10.5600,1999.9000,-0.1951,395.9665,594823.1875,28.7529,605052.5000,1999.9000,
	2026/03/30 14:40:40	,	429012	,	7	,10.5600,1999.9000,-0.1951,395.9406,594823.1875,28.7591,605052.5000,1999.9000,
	2026/03/30 14:40:40	,	430012	,	8	,10.5600,1999.9000,-0.1951,395.9191,594823.1875,28.7643,605052.5000,1999.9000,
	2026/03/30 14:40:40	,	431012	,	9	,10.5600,1999.9000,-0.1930,395.9012,594934.6250,28.7686,604931.7500,1999.9000,
	2026/03/30 14:40:40	,	432012	,	10	,10.5599,1999.9000,-0.1875,395.8862,594956.3125,28.7722,604838.1250,1999.9000,
	2026/03/30 14:40:40	,	433012	,	11	,10.5600,1999.9000,-0.1829,395.8737,594972.9375,28.7751,604743.3125,1999.9000,
	2026/03/30 14:40:40	,	434012	,	12	,10.5600,1999.9000,-0.1771,395.9628,595175.3125,28.7776,604523.5000,1999.9000,
	2026/03/30 14:40:40	,	435012	,	13	,10.5600,1999.9000,-0.1694,396.0371,595532.2500,28.7797,604393.5625,1999.9000,
	2026/03/30 14:40:40	,	436012	,	14	,10.5600,1999.9000,-0.1662,396.0989,595562.6250,28.7814,604393.5625,1999.9000,
	2026/03/30 14:40:40	,	437012	,	15	,10.5600,1999.9000,-0.1662,396.1505,595572.7500,28.7828,604393.5625,1999.9000,
	2026/03/30 14:40:40	,	438012	,	16	,10.5600,1999.9000,-0.1662,396.1935,595577.8125,28.7810,604393.5625,1999.9000,
	2026/03/30 14:40:40	,	439012	,	17	,10.5600,1999.9000,-0.1662,396.1298,595580.8750,28.7794,604393.5625,1999.9000,
	2026/03/30 14:40:40	,	440012	,	18	,10.5600,1999.9000,-0.1662,396.0767,595582.8750,28.7766,604583.8125,1999.9000,
	2026/03/30 14:40:40	,	441012	,	19	,10.5600,1999.9000,-0.1701,396.0325,595475.0000,28.7727,604691.9375,1999.9000,
	2026/03/30 14:40:40	,	442012	,	20	,10.5600,1999.9000,-0.1740,395.9957,595444.9375,28.7695,604783.8125,1999.9000,
	2026/03/30 14:40:40	,	443012	,	21	,10.5600,1999.9000,-0.1770,395.9649,595422.0000,28.7668,604876.1875,1999.9000,
	2026/03/30 14:40:40	,	444012	,	22	,10.5600,1999.9000,-0.1815,395.9393,595263.5625,28.7646,605099.6875,1999.9000,
	2026/03/30 14:40:40	,	445012	,	23	,10.5600,1999.9000,-0.1894,395.9180,594954.2500,28.7627,605305.0000,1999.9000,
	2026/03/30 14:40:40	,	446012	,	24	,10.5600,1999.9000,-0.1955,396.1986,594749.3125,28.7627,605305.0000,1999.9000,
	2026/03/30 14:40:40	,	447012	,	25	,10.5600,1999.9000,-0.1955,396.6315,594749.3125,28.7627,605305.0000,1999.9000,
	2026/03/30 14:40:40	,	448012	,	26	,10.5600,1999.9000,-0.1955,396.9922,594749.3125,28.7687,605305.0000,1999.9000,
	2026/03/30 14:40:40	,	449012	,	27	,10.5600,1999.9000,-0.1955,397.2928,594749.3125,28.7738,605305.0000,1999.9000,
	2026/03/30 14:40:40	,	450012	,	28	,10.5600,1999.9000,-0.1955,397.9411,594749.3125,28.7796,605093.0625,1999.9000,
	2026/03/30 14:40:40	,	451012	,	29	,10.5600,1999.9000,-0.1904,398.4814,594884.6250,28.7844,604955.3125,1999.9000,
	2026/03/30 14:40:40	,	452012	,	30	,10.5600,1999.9000,-0.1849,398.5338,594915.0000,28.7899,604852.6250,1999.9000,
	2026/03/30 14:40:40	,	453012	,	31	,10.5600,1999.9000,-0.1800,398.3785,594934.2500,28.7945,604762.0000,1999.9000,
	2026/03/30 14:40:40	,	454012	,	32	,10.5600,1999.9000,-0.1742,398.2491,595068.6875,28.7953,604583.8125,1999.9000,
	2026/03/30 14:40:40	,	455012	,	33	,10.5599,1999.9000,-0.1650,398.1412,595379.0625,28.7944,604348.8750,1999.9000,
	2026/03/30 14:40:40	,	456012	,	34	,10.5599,1999.9000,-0.1621,398.0513,595654.3750,28.7982,604348.8750,1999.9000,
	2026/03/30 14:40:40	,	457012	,	35	,10.5599,1999.9000,-0.1621,397.9764,595654.3750,28.7984,604348.8750,1999.9000,
	2026/03/30 14:40:40	,	458012	,	36	,10.5599,1999.9000,-0.1621,397.9140,595654.3750,28.7985,604348.8750,1999.9000,
	2026/03/30 14:40:40	,	459012	,	37	,10.5599,1999.9000,-0.1621,397.8620,595654.3750,28.7971,604348.8750,1999.9000,
	2026/03/30 14:40:40	,	460012	,	38	,10.5599,1999.9000,-0.1621,397.8187,595654.3750,28.7974,604556.6875,1999.9000,
	2026/03/30 14:40:40	,	461012	,	39	,10.5599,1999.9000,-0.1689,398.1804,595504.2500,28.7962,604683.5000,1999.9000,
	2026/03/30 14:40:40	,	462012	,	40	,10.5600,1999.9000,-0.1757,398.4819,595422.0000,28.7937,604784.3750,1999.9000,
	2026/03/30 14:40:40	,	463012	,	41	,10.5599,1999.9000,-0.1823,398.9321,595408.9375,28.7915,604887.6250,1999.9000,
	2026/03/30 14:40:40	,	464012	,	42	,10.5599,1999.9000,-0.1892,399.3072,595382.5000,28.7898,605046.5625,1999.9000,
	2026/03/30 14:40:40	,	465012	,	43	,10.5599,1999.9000,-0.1998,399.6198,595076.4375,28.7883,605337.6875,1999.9000,
	2026/03/30 14:40:40	,	466012	,	44	,10.5599,1999.9000,-0.2092,399.8803,594735.0000,28.7840,605337.6875,1999.9000,
	2026/03/30 14:40:40	,	467012	,	45	,10.5599,1999.9000,-0.2092,400.0974,594735.0000,28.7728,605337.6875,1999.9000,
	2026/03/30 14:40:40	,	468012	,	46	,10.5599,1999.9000,-0.2092,399.5820,594735.0000,28.7635,605337.6875,1999.9000,
	2026/03/30 14:40:40	,	469012	,	47	,10.5599,1999.9000,-0.2092,399.0531,594735.0000,28.7557,605337.6875,1999.9000,
	2026/03/30 14:40:40	,	470012	,	48	,10.5599,1999.9000,-0.2092,398.4133,594735.0000,28.7492,605147.9375,1999.9000,
	2026/03/30 14:40:40	,	471012	,	49	,10.5599,1999.9000,-0.2091,397.5817,594853.0000,28.7438,604992.1875,1999.9000,
	2026/03/30 14:40:40	,	472012	,	50	,10.5599,1999.9000,-0.2054,396.6898,594939.3750,28.7438,604876.1875,1999.9000,
	2026/03/30 14:40:40	,	473012	,	51	,10.5599,1999.9000,-0.2022,395.9466,594956.1250,28.7530,604782.5625,1999.9000,
	2026/03/30 14:40:40	,	474012	,	52	,10.5599,1999.9000,-0.1983,395.3272,594978.3750,28.7546,604654.5000,1999.9000,
	2026/03/30 14:40:40	,	475012	,	53	,10.5599,1999.9000,-0.1899,394.8111,595270.6875,28.7574,604379.1250,1999.9000,
	2026/03/30 14:40:40	,	476012	,	54	,10.5599,1999.9000,-0.1808,394.5799,595629.3750,28.7598,604379.1250,1999.9000,
	2026/03/30 14:40:40	,	477012	,	55	,10.5599,1999.9000,-0.1739,395.2825,595629.3750,28.7618,604379.1250,1999.9000,
	2026/03/30 14:40:40	,	478012	,	56	,10.5599,1999.9000,-0.1688,395.8680,595629.3750,28.7634,604379.1250,1999.9000,
	2026/03/30 14:40:40	,	479012	,	57	,10.5599,1999.9000,-0.1687,396.4554,595629.3750,28.7648,604379.1250,1999.9000,
	2026/03/30 14:40:40	,	480012	,	58	,10.5599,1999.9000,-0.1687,396.9449,595629.3750,28.7659,604379.1250,1999.9000,
	2026/03/30 14:40:40	,	481012	,	59	,10.5599,1999.9000,-0.1687,397.3528,595617.1875,28.7669,604516.8125,1999.9000,
	2026/03/30 14:40:40	,	482012	,	60	,10.5599,1999.9000,-0.1686,397.9912,595448.1875,28.7662,604656.3125,1999.9000,
	2026/03/30 14:40:40	,	483012	,	61	,10.5599,1999.9000,-0.1686,398.5231,595432.6875,28.7656,604746.9375,1999.9000,
	2026/03/30 14:40:40	,	484012	,	62	,10.5600,1999.9000,-0.1686,399.0659,595416.6875,28.7651,604844.1875,1999.9000,
	2026/03/30 14:40:40	,	485012	,	63	,10.5600,1999.9000,-0.1690,399.1203,595207.5000,28.7677,604966.8125,1999.9000,
	2026/03/30 14:40:40	,	486012	,	64	,10.5600,1999.9000,-0.1760,399.1657,594863.7500,28.7699,605254.3125,1999.9000,
	2026/03/30 14:40:40	,	487012	,	65	,10.5600,1999.9000,-0.1760,399.2035,594834.1875,28.7717,605254.3125,1999.9000,
	2026/03/30 14:40:40	,	488012	,	66	,10.5600,1999.9000,-0.1760,399.1355,594824.3750,28.7733,605254.3125,1999.9000,
	2026/03/30 14:40:40	,	489012	,	67	,10.5600,1999.9000,-0.1760,399.1355,594819.4375,28.7745,605254.3125,1999.9000,
	2026/03/30 14:40:40	,	490012	,	68	,10.5600,1999.9000,-0.1760,399.1783,594816.5000,28.7756,605254.3125,1999.9000,
	2026/03/30 14:40:40	,	491012	,	69	,10.5600,1999.9000,-0.1759,399.3134,594814.5000,28.7765,605245.3125,1999.9000,
	2026/03/30 14:40:40	,	492012	,	70	,10.5599,1999.9000,-0.1733,399.4261,594917.9375,28.7772,605021.7500,1999.9000,
	2026/03/30 14:40:40	,	493012	,	71	,10.5599,1999.9000,-0.1726,399.4205,594944.7500,28.7763,604905.1250,1999.9000,
	2026/03/30 14:40:40	,	494012	,	72	,10.5599,1999.9000,-0.1720,399.1174,594966.0000,28.7755,604809.6875,1999.9000,
	2026/03/30 14:40:40	,	495012	,	73	,10.5599,1999.9000,-0.1656,398.3675,595174.1250,28.7749,604695.0000,1999.9000,
	2026/03/30 14:40:40	,	496012	,	74	,10.5599,1999.9000,-0.1577,397.9414,595529.8750,28.7774,604447.9375,1999.9000,
	2026/03/30 14:40:40	,	497012	,	75	,10.5600,1999.9000,-0.1520,397.5864,595562.6250,28.7795,604447.9375,1999.9000,
	2026/03/30 14:40:40	,	498012	,	76	,10.5600,1999.9000,-0.1520,397.4896,595573.5000,28.7813,604447.9375,1999.9000,
	2026/03/30 14:40:40	,	499012	,	77	,10.5600,1999.9000,-0.1520,397.4088,595579.0000,28.7827,604447.9375,1999.9000,
	2026/03/30 14:40:40	,	500012	,	78	,10.5600,1999.9000,-0.1520,397.3416,595582.3125,28.7839,604447.9375,1999.9000,
	2026/03/30 14:40:40	,	501012	,	79	,10.5600,1999.9000,-0.1520,397.2855,595584.4375,28.7865,604448.8750,1999.9000,
	2026/03/30 14:40:40	,	502012	,	80	,10.5600,1999.9000,-0.1559,397.2387,595461.9375,28.7886,604626.6875,1999.9000,
	2026/03/30 14:40:40	,	503012	,	81	,10.5600,1999.9000,-0.1597,397.2992,595430.0625,28.7903,604723.3750,1999.9000,
	2026/03/30 14:40:40	,	504012	,	82	,10.5600,1999.9000,-0.1631,397.4492,595412.4375,28.7903,604822.4375,1999.9000,
	2026/03/30 14:40:40	,	505012	,	83	,10.5600,1999.9000,-0.1631,398.2704,595277.8125,28.7902,605174.5625,1999.9000,
	2026/03/30 14:40:40	,	506012	,	84	,10.5601,1999.9000,-0.1774,398.9548,594965.6250,28.7902,605174.5625,1999.9000,
	2026/03/30 14:40:40	,	507012	,	85	,10.5601,1999.9000,-0.1844,399.5251,594785.0625,28.7902,605209.8750,1999.9000,
	2026/03/30 14:40:40	,	508012	,	86	,10.5601,1999.9000,-0.1906,400.0004,594785.0625,28.7916,605221.6250,1999.9000,
	2026/03/30 14:40:40	,	509012	,	87	,10.5601,1999.9000,-0.1914,400.3964,594785.0625,28.7929,605227.5000,1999.9000,
	2026/03/30 14:40:40	,	510012	,	88	,10.5601,1999.9000,-0.1916,400.7265,594785.0625,28.7940,605231.0000,1999.9000,
	2026/03/30 14:40:40	,	511012	,	89	,10.5601,1999.9000,-0.1918,401.0015,594785.0625,28.7964,605233.3750,1999.9000,
	2026/03/30 14:40:40	,	512012	,	90	,10.5601,1999.9000,-0.1918,400.7333,594920.8750,28.8014,605056.1875,1999.9000,
	2026/03/30 14:40:40	,	513012	,	91	,10.5601,1999.9000,-0.1919,400.4103,594949.5000,28.8056,604932.3750,1999.9000,
	2026/03/30 14:40:40	,	514012	,	92	,10.5600,1999.9000,-0.1918,400.0417,594962.3750,28.8091,604832.1250,1999.9000,
	2026/03/30 14:40:40	,	515012	,	93	,10.5600,1999.9000,-0.1892,399.6351,595087.7500,28.8121,604733.0000,1999.9000,
	2026/03/30 14:40:40	,	516012	,	94	,10.5600,1999.9000,-0.1832,399.2962,595398.7500,28.8160,604531.8750,1999.9000,
	2026/03/30 14:40:40	,	517012	,	95	,10.5600,1999.9000,-0.1786,399.1133,595672.8750,28.8208,604399.0000,1999.9000,
	2026/03/30 14:40:40	,	518012	,	96	,10.5600,1999.9000,-0.1786,398.9609,595672.8750,28.8249,604399.0000,1999.9000,
	2026/03/30 14:40:40	,	519012	,	97	,10.5599,1999.9000,-0.1786,398.8339,595672.8750,28.8282,604399.0000,1999.9000,
	2026/03/30 14:40:40	,	520012	,	98	,10.5599,1999.9000,-0.1786,398.7280,595672.8750,28.8310,604399.0000,1999.9000,
	2026/03/30 14:40:40	,	521012	,	99	,10.5599,1999.9000,-0.1786,398.6398,595672.8750,28.8242,604399.0000,1999.9000,
	2026/03/30 14:40:40	,	522012	,	100	,10.5599,1999.9000,-0.1787,398.5663,595523.8750,28.8169,604594.7500,1999.9000,
	2026/03/30 14:40:40	,	523012	,	101	,10.5599,1999.9000,-0.1790,398.5051,595484.5625,28.8109,604704.6250,1999.9000,
	2026/03/30 14:40:40	,	524012	,	102	,10.5599,1999.9000,-0.1790,398.5535,595458.9375,28.8059,604801.3125,1999.9000,
	2026/03/30 14:40:40	,	525012	,	103	,10.5599,1999.9000,-0.1822,398.7928,595346.3125,28.7987,604897.3750,1999.9000,
	2026/03/30 14:40:40	,	526012	,	104	,10.5599,1999.9000,-0.1822,398.9922,595091.3125,28.7927,605102.6875,1999.9000,
	2026/03/30 14:40:40	,	527012	,	105	,10.5599,1999.9000,-0.1923,399.1584,594752.3125,28.7846,605306.8750,1999.9000,
	2026/03/30 14:40:40	,	528012	,	106	,10.5599,1999.9000,-0.1923,399.0979,594752.3125,28.7809,605306.8750,1999.9000,
	2026/03/30 14:40:40	,	529012	,	107	,10.5599,1999.9000,-0.1923,398.8486,594752.3125,28.7793,605306.8750,1999.9000,
	2026/03/30 14:40:40	,	530012	,	108	,10.5599,1999.9000,-0.1923,398.6408,594752.3125,28.7780,605306.8750,1999.9000,
	2026/03/30 14:40:40	,	531012	,	109	,10.5599,1999.9000,-0.1923,398.9650,594752.3125,28.7755,605306.8750,1999.9000,
	2026/03/30 14:40:40	,	532012	,	110	,10.5599,1999.9000,-0.1923,399.3347,594867.2500,28.7718,605101.4375,1999.9000,
	2026/03/30 14:40:40	,	533012	,	111	,10.5599,1999.9000,-0.1879,399.6427,594953.6875,28.7718,604969.2500,1999.9000,
	2026/03/30 14:40:40	,	534012	,	112	,10.5599,1999.9000,-0.1834,399.8000,594967.6875,28.7687,604859.2500,1999.9000,
	2026/03/30 14:40:40	,	535012	,	113	,10.5599,1999.9000,-0.1796,399.7321,594990.6250,28.7662,604764.4375,1999.9000,
	2026/03/30 14:40:40	,	536012	,	114	,10.5599,1999.9000,-0.1760,399.4765,595284.3125,28.7625,604611.6250,1999.9000,
	2026/03/30 14:40:40	,	537012	,	115	,10.5600,1999.9000,-0.1695,399.2635,595640.6250,28.7610,604362.1875,1999.9000,
	2026/03/30 14:40:40	,	538012	,	116	,10.5600,1999.9000,-0.1636,399.1855,595640.6250,28.7567,604362.1875,1999.9000,
	2026/03/30 14:40:40	,	539012	,	117	,10.5600,1999.9000,-0.1603,399.1205,595640.6250,28.7531,604362.1875,1999.9000,
	2026/03/30 14:40:40	,	540012	,	118	,10.5600,1999.9000,-0.1603,398.9669,595640.6250,28.7500,604362.1875,1999.9000,
	2026/03/30 14:40:40	,	541012	,	119	,10.5600,1999.9000,-0.1603,398.8389,595640.6250,28.7506,604362.1875,1999.9000,
	2026/03/30 14:40:40	,	542012	,	120	,10.5600,1999.9000,-0.1603,398.7322,595549.5000,28.7511,604568.1250,1999.9000,
	2026/03/30 14:40:40	,	543012	,	121	,10.5600,1999.9000,-0.1603,398.6433,595441.6250,28.7530,604700.4375,1999.9000,
	2026/03/30 14:40:40	,	544012	,	122	,10.5600,1999.9000,-0.1630,398.5692,595420.1250,28.7546,604797.6250,1999.9000,
	2026/03/30 14:40:40	,	545012	,	123	,10.5600,1999.9000,-0.1661,398.5074,595400.6875,28.7559,604833.8750,1999.9000,
	2026/03/30 14:40:40	,	546012	,	124	,10.5600,1999.9000,-0.1698,398.1576,595203.3125,28.7600,605022.3750,1999.9000,
	2026/03/30 14:40:40	,	547012	,	125	,10.5600,1999.9000,-0.1770,397.8661,594865.5000,28.7651,605330.3750,1999.9000,
	2026/03/30 14:40:40	,	548012	,	126	,10.5600,1999.9000,-0.1850,397.9215,594851.1875,28.7692,605330.3750,1999.9000,
	2026/03/30 14:40:40	,	549012	,	127	,10.5600,1999.9000,-0.1901,397.7688,594846.3750,28.7712,605330.3750,1999.9000,
	2026/03/30 14:40:40	,	550012	,	128	,10.5600,1999.9000,-0.1901,397.6414,594844.0000,28.7728,605330.3750,1999.9000,
	2026/03/30 14:40:40	,	551012	,	129	,10.5600,1999.9000,-0.1901,397.2370,594842.6250,28.7741,605330.3750,1999.9000,
	2026/03/30 14:40:40	,	552012	,	130	,10.5600,1999.9000,-0.1901,396.8999,594841.6875,28.7753,605164.3125,1999.9000,
	2026/03/30 14:40:40	,	553012	,	131	,10.5599,1999.9000,-0.1901,396.6190,594940.6250,28.7701,604993.3125,1999.9000,
	2026/03/30 14:40:40	,	554012	,	132	,10.5599,1999.9000,-0.1898,396.3849,594962.3125,28.7642,604882.8125,1999.9000,
	2026/03/30 14:40:40	,	555012	,	133	,10.5599,1999.9000,-0.1862,396.4883,594978.3125,28.7594,604783.8125,1999.9000,
	2026/03/30 14:40:40	,	556012	,	134	,10.5599,1999.9000,-0.1839,396.5744,595178.3125,28.7553,604660.5000,1999.9000,
	2026/03/30 14:40:40	,	557012	,	135	,10.5599,1999.9000,-0.1779,396.1488,595535.1875,28.7519,604391.8125,1999.9000,
	2026/03/30 14:40:40	,	558012	,	136	,10.5599,1999.9000,-0.1698,395.6947,595570.3750,28.7491,604391.8125,1999.9000,
	2026/03/30 14:40:40	,	559012	,	137	,10.5599,1999.9000,-0.1639,395.3163,595582.0625,28.7437,604391.8125,1999.9000,
	2026/03/30 14:40:40	,	560012	,	138	,10.5599,1999.9000,-0.1637,395.0009,595587.9375,28.7423,604391.8125,1999.9000,
	2026/03/30 14:40:40	,	561012	,	139	,10.5599,1999.9000,-0.1637,394.7381,595591.4375,28.7410,604391.8125,1999.9000,
	2026/03/30 14:40:40	,	562012	,	140	,10.5599,1999.9000,-0.1636,394.5191,595593.8750,28.7401,604490.1875,1999.9000,
	2026/03/30 14:40:40	,	563012	,	141	,10.5599,1999.9000,-0.1636,394.3366,595491.6875,28.7392,604655.0625,1999.9000,
	2026/03/30 14:40:40	,	564012	,	142	,10.5599,1999.9000,-0.1636,394.1845,595466.0625,28.7385,604763.2500,1999.9000,
	2026/03/30 14:40:40	,	565012	,	143	,10.5599,1999.9000,-0.1661,394.0577,595450.9375,28.7379,604848.3750,1999.9000,
	2026/03/30 14:40:40	,	566012	,	144	,10.5599,1999.9000,-0.1683,394.2505,595307.5625,28.7390,604955.9375,1999.9000,
	2026/03/30 14:40:40	,	567012	,	145	,10.5599,1999.9000,-0.1730,394.9086,594993.0000,28.7398,605233.7500,1999.9000,
	2026/03/30 14:40:40	,	568012	,	146	,10.5599,1999.9000,-0.1805,395.4569,594801.7500,28.7467,605233.7500,1999.9000,
	2026/03/30 14:40:40	,	569012	,	147	,10.5599,1999.9000,-0.1866,395.9139,594801.7500,28.7524,605233.7500,1999.9000,
	2026/03/30 14:40:40	,	570012	,	148	,10.5599,1999.9000,-0.1911,396.2947,594801.7500,28.7572,605233.7500,1999.9000,
	2026/03/30 14:40:40	,	571012	,	149	,10.5599,1999.9000,-0.1911,396.6121,594801.7500,28.7611,605233.7500,1999.9000,
	2026/03/30 14:40:40	,	572012	,	150	,10.5599,1999.9000,-0.1911,396.4786,594801.7500,28.7659,605230.3125,1999.9000,
	2026/03/30 14:40:40	,	573012	,	151	,10.5599,1999.9000,-0.1911,396.0690,594926.2500,28.7699,605023.5625,1999.9000,
	2026/03/30 14:40:40	,	574012	,	152	,10.5599,1999.9000,-0.1911,395.4292,594956.3125,28.7733,604897.3750,1999.9000,
	2026/03/30 14:40:40	,	575012	,	153	,10.5599,1999.9000,-0.1908,394.8961,594974.0000,28.7745,604797.0625,1999.9000,
	2026/03/30 14:40:40	,	576012	,	154	,10.5599,1999.9000,-0.1882,394.3523,595094.3125,28.7756,604702.1875,1999.9000,
	2026/03/30 14:40:40	,	577012	,	155	,10.5599,1999.9000,-0.1848,393.9987,595399.3750,28.7780,604462.4375,1999.9000,
	2026/03/30 14:40:40	,	578012	,	156	,10.5599,1999.9000,-0.1783,393.7039,595670.4375,28.7800,604444.3125,1999.9000,
	2026/03/30 14:40:40	,	579012	,	157	,10.5599,1999.9000,-0.1750,393.4583,595670.4375,28.7832,604438.2500,1999.9000,
	2026/03/30 14:40:40	,	580012	,	158	,10.5599,1999.9000,-0.1750,393.2536,595670.4375,28.7859,604435.1875,1999.9000,
	2026/03/30 14:40:40	,	581012	,	159	,10.5599,1999.9000,-0.1750,393.4810,595670.4375,28.7881,604433.4375,1999.9000,
	2026/03/30 14:40:40	,	582012	,	160	,10.5599,1999.9000,-0.1750,393.7699,595670.4375,28.7869,604432.1875,1999.9000,
	2026/03/30 14:40:40	,	583012	,	161	,10.5600,1999.9000,-0.1750,394.3091,595526.2500,28.7798,604610.4375,1999.9000,
	2026/03/30 14:40:40	,	584012	,	162	,10.5600,1999.9000,-0.1753,395.0569,595439.2500,28.7723,604736.0625,1999.9000,
	2026/03/30 14:40:40	,	585012	,	163	,10.5600,1999.9000,-0.1780,395.6800,595418.0625,28.7707,604832.6875,1999.9000,
	2026/03/30 14:40:40	,	586012	,	164	,10.5600,1999.9000,-0.1784,395.9008,595332.6250,28.7693,604920.3125,1999.9000,
	2026/03/30 14:40:40	,	587012	,	165	,10.5600,1999.9000,-0.1817,396.0849,595093.1250,28.7682,605151.6250,1999.9000,
	2026/03/30 14:40:40	,	588012	,	166	,10.5601,1999.9000,-0.1886,396.2383,594753.5000,28.7627,605261.5000,1999.9000,
	2026/03/30 14:40:40	,	589012	,	167	,10.5601,1999.9000,-0.1925,396.0676,594753.5000,28.7581,605261.5000,1999.9000,
	2026/03/30 14:40:40	,	590012	,	168	,10.5601,1999.9000,-0.1925,395.9255,594753.5000,28.7588,605261.5000,1999.9000,
	2026/03/30 14:40:40	,	591012	,	169	,10.5601,1999.9000,-0.1925,395.8070,594753.5000,28.7594,605261.5000,1999.9000,
	2026/03/30 14:40:40	,	592012	,	170	,10.5601,1999.9000,-0.1925,395.7083,594753.5000,28.7599,605261.5000,1999.9000,
	2026/03/30 14:40:40	,	593012	,	171	,10.5600,1999.9000,-0.1902,395.6260,594862.5000,28.7603,605071.8750,1999.9000,
	2026/03/30 14:40:40	,	594012	,	172	,10.5600,1999.9000,-0.1902,395.1595,594862.5000,28.7622,604940.1875,1999.9000,
	2026/03/30 14:40:40	,	595012	,	173	,10.5600,1999.9000,-0.1896,394.6713,594948.3750,28.7623,604829.0625,1999.9000,
	2026/03/30 14:40:40	,	596012	,	174	,10.5600,1999.9000,-0.1891,394.2645,594965.6250,28.7608,604734.2500,1999.9000,
	2026/03/30 14:40:40	,	597012	,	175	,10.5600,1999.9000,-0.1852,394.0249,594988.8750,28.7596,604540.3750,1999.9000,
	2026/03/30 14:40:40	,	598012	,	176	,10.5600,1999.9000,-0.1776,394.4221,595279.5625,28.7554,604355.5625,1999.9000,
	2026/03/30 14:40:40	,	599012	,	177	,10.5599,1999.9000,-0.1708,394.9521,595645.3750,28.7521,604355.5625,1999.9000,
	2026/03/30 14:40:40	,	600012	,	178	,10.5599,1999.9000,-0.1708,395.4932,595645.3750,28.7477,604355.5625,1999.9000,
	2026/03/30 14:40:40	,	601012	,	179	,10.5599,1999.9000,-0.1708,396.1431,595645.3750,28.7456,604355.5625,1999.9000,
	2026/03/30 14:40:40	,	602012	,	180	,10.5599,1999.9000,-0.1708,396.6847,595645.3750,28.7438,604355.5625,1999.9000,
	2026/03/30 14:40:40	,	603012	,	181	,10.5599,1999.9000,-0.1708,397.1359,595645.3750,28.7423,604562.6875,1999.9000,
	2026/03/30 14:40:40	,	604012	,	182	,10.5599,1999.9000,-0.1750,397.5120,595547.7500,28.7396,604687.1250,1999.9000,
	2026/03/30 14:40:40	,	605012	,	183	,10.5599,1999.9000,-0.1782,397.8255,595433.3125,28.7373,604781.9375,1999.9000,
	2026/03/30 14:40:40	,	606012	,	184	,10.5599,1999.9000,-0.1792,398.0866,595407.3750,28.7415,604865.3125,1999.9000,
	2026/03/30 14:40:40	,	607012	,	185	,10.5600,1999.9000,-0.1828,398.4037,595388.2500,28.7450,605057.3750,1999.9000,
	2026/03/30 14:40:40	,	608012	,	186	,10.5600,1999.9000,-0.1896,398.7675,595186.6875,28.7479,605331.0000,1999.9000,
	2026/03/30 14:40:40	,	609012	,	187	,10.5600,1999.9000,-0.1962,399.1701,594849.3750,28.7503,605331.0000,1999.9000,
	2026/03/30 14:40:40	,	610012	,	188	,10.5600,1999.9000,-0.1962,398.9087,594826.5000,28.7524,605331.0000,1999.9000,
	2026/03/30 14:40:40	,	611012	,	189	,10.5601,1999.9000,-0.1962,398.4919,594818.8750,28.7540,605331.0000,1999.9000,
	2026/03/30 14:40:40	,	612012	,	190	,10.5601,1999.9000,-0.1962,398.1447,594815.0625,28.7554,605331.0000,1999.9000,
	2026/03/30 14:40:40	,	613012	,	191	,10.5601,1999.9000,-0.1962,398.0542,594812.8125,28.7566,605095.4375,1999.9000,
	2026/03/30 14:40:40	,	614012	,	192	,10.5601,1999.9000,-0.1917,398.0783,594811.2500,28.7576,604954.0625,1999.9000,
	2026/03/30 14:40:40	,	615012	,	193	,10.5601,1999.9000,-0.1881,398.2973,594917.9375,28.7584,604858.0625,1999.9000,
	2026/03/30 14:40:40	,	616012	,	194	,10.5601,1999.9000,-0.1853,398.2809,594941.4375,28.7607,604773.5000,1999.9000,
	2026/03/30 14:40:40	,	617012	,	195	,10.5600,1999.9000,-0.1827,397.9688,594955.5000,28.7625,604630.3750,1999.9000,
	2026/03/30 14:40:40	,	618012	,	196	,10.5600,1999.9000,-0.1765,397.6092,595146.7500,28.7640,604346.4375,1999.9000,
	2026/03/30 14:40:40	,	619012	,	197	,10.5600,1999.9000,-0.1698,397.3095,595508.3750,28.7653,604346.4375,1999.9000,
	2026/03/30 14:40:40	,	620012	,	198	,10.5600,1999.9000,-0.1670,397.0598,595601.3750,28.7618,604346.4375,1999.9000,
	2026/03/30 14:40:40	,	621012	,	199	,10.5600,1999.9000,-0.1670,396.8518,595601.3750,28.7573,604346.4375,1999.9000,
	2026/03/30 14:40:40	,	622012	,	200	,10.5600,1999.9000,-0.1670,396.6784,595601.3750,28.7536,604346.4375,1999.9000,
	2026/03/30 14:40:40	,	623012	,	201	,10.5600,1999.9000,-0.1670,396.5339,595601.3750,28.7505,604346.4375,1999.9000,
	2026/03/30 14:40:40	,	624012	,	202	,10.5600,1999.9000,-0.1670,396.4135,595601.3750,28.7448,604685.3125,1999.9000,
	2026/03/30 14:40:40	,	625012	,	203	,10.5600,1999.9000,-0.1673,396.4126,595482.7500,28.7401,604780.7500,1999.9000,
	2026/03/30 14:40:40	,	626012	,	204	,10.5601,1999.9000,-0.1717,396.4119,595456.2500,28.7362,604821.1875,1999.9000,
	2026/03/30 14:40:40	,	627012	,	205	,10.5601,1999.9000,-0.1753,396.4113,595437.3125,28.7330,604999.3750,1999.9000,
	2026/03/30 14:40:40	,	628012	,	206	,10.5601,1999.9000,-0.1827,396.4108,595289.1250,28.7318,605295.3750,1999.9000,
	2026/03/30 14:40:40	,	629012	,	207	,10.5601,1999.9000,-0.1922,396.9077,594987.0625,28.7293,605295.3750,1999.9000,
	2026/03/30 14:40:40	,	630012	,	208	,10.5601,1999.9000,-0.1984,397.3218,594762.4375,28.7287,605295.3750,1999.9000,
	2026/03/30 14:40:40	,	631012	,	209	,10.5601,1999.9000,-0.1984,397.6669,594762.4375,28.7283,605295.3750,1999.9000,
	2026/03/30 14:40:40	,	632012	,	210	,10.5601,1999.9000,-0.1984,397.6561,594762.4375,28.7263,605295.3750,1999.9000,
	2026/03/30 14:40:40	,	633012	,	211	,10.5601,1999.9000,-0.1984,397.6471,594762.4375,28.7262,605295.3750,1999.9000,
	2026/03/30 14:40:40	,	634012	,	212	,10.5601,1999.9000,-0.1984,397.6396,594762.4375,28.7262,605154.0000,1999.9000,
	2026/03/30 14:40:40	,	635012	,	213	,10.5601,1999.9000,-0.1945,397.9317,594904.2500,28.7261,604990.9375,1999.9000,
	2026/03/30 14:40:40	,	636012	,	214	,10.5601,1999.9000,-0.1900,398.1751,594935.2500,28.7291,604874.9375,1999.9000,
	2026/03/30 14:40:40	,	637012	,	215	,10.5601,1999.9000,-0.1851,398.6765,594955.3125,28.7316,604772.9375,1999.9000,
	2026/03/30 14:40:40	,	638012	,	216	,10.5601,1999.9000,-0.1770,399.0942,595088.9375,28.7337,604660.5000,1999.9000,
	2026/03/30 14:40:40	,	639012	,	217	,10.5601,1999.9000,-0.1665,399.3429,595389.1875,28.7355,604399.0000,1999.9000,
	2026/03/30 14:40:40	,	640012	,	218	,10.5601,1999.9000,-0.1587,399.5501,595680.0000,28.7384,604399.0000,1999.9000,
	2026/03/30 14:40:40	,	641012	,	219	,10.5601,1999.9000,-0.1587,399.8223,595680.0000,28.7486,604399.0000,1999.9000,
	2026/03/30 14:40:40	,	642012	,	220	,10.5601,1999.9000,-0.1586,399.9496,595680.0000,28.7570,604399.0000,1999.9000,
	2026/03/30 14:40:40	,	643012	,	221	,10.5601,1999.9000,-0.1586,399.3593,595680.0000,28.7640,604399.0000,1999.9000,
	2026/03/30 14:40:40	,	644012	,	222	,10.5601,1999.9000,-0.1586,398.8675,595680.0000,28.7699,604487.8125,1999.9000,
	2026/03/30 14:40:40	,	645012	,	223	,10.5601,1999.9000,-0.1586,398.5571,595520.8750,28.7748,604646.0625,1999.9000,
	2026/03/30 14:40:40	,	646012	,	224	,10.5601,1999.9000,-0.1608,398.2984,595439.8750,28.7789,604749.9375,1999.9000,
	2026/03/30 14:40:40	,	647012	,	225	,10.5601,1999.9000,-0.1617,398.0829,595423.4375,28.7777,604831.5000,1999.9000,
	2026/03/30 14:40:40	,	648012	,	226	,10.5601,1999.9000,-0.1665,398.1022,595397.3125,28.7767,604922.6875,1999.9000,
	2026/03/30 14:40:40	,	649012	,	227	,10.5601,1999.9000,-0.1738,398.6157,595105.6250,28.7728,605184.8125,1999.9000,
	2026/03/30 14:40:40	,	650012	,	228	,10.5600,1999.9000,-0.1794,399.0435,594771.3750,28.7680,605214.7500,1999.9000,
	2026/03/30 14:40:40	,	651012	,	229	,10.5600,1999.9000,-0.1794,399.5991,594771.3750,28.7640,605224.7500,1999.9000,
	2026/03/30 14:40:40	,	652012	,	230	,10.5600,1999.9000,-0.1794,400.0620,594771.3750,28.7607,605229.6875,1999.9000,
	2026/03/30 14:40:40	,	653012	,	231	,10.5600,1999.9000,-0.1794,400.4478,594771.3750,28.7579,605232.6250,1999.9000,
	2026/03/30 14:40:40	,	654012	,	232	,10.5600,1999.9000,-0.1794,400.5703,594771.3750,28.7557,605234.6250,1999.9000,
	2026/03/30 14:40:40	,	655012	,	233	,10.5600,1999.9000,-0.1791,400.4734,594859.0000,28.7537,605063.4375,1999.9000,
	2026/03/30 14:40:40	,	656012	,	234	,10.5600,1999.9000,-0.1753,400.3928,594898.0000,28.7522,604936.5625,1999.9000,
	2026/03/30 14:40:40	,	657012	,	235	,10.5600,1999.9000,-0.1746,400.3255,594921.5625,28.7493,604830.8750,1999.9000,
	2026/03/30 14:40:40	,	658012	,	236	,10.5600,1999.9000,-0.1717,400.2695,595016.8750,28.7493,604742.1250,1999.9000,
	2026/03/30 14:40:40	,	659012	,	237	,10.5600,1999.9000,-0.1666,400.1233,595255.8125,28.7469,604515.6250,1999.9000,
	2026/03/30 14:40:40	,	660012	,	238	,10.5600,1999.9000,-0.1666,399.9020,595624.0000,28.7449,604409.9375,1999.9000,
	2026/03/30 14:40:40	,	661012	,	239	,10.5600,1999.9000,-0.1666,399.7176,595624.0000,28.7433,604409.9375,1999.9000,
	2026/03/30 14:40:40	,	662012	,	240	,10.5600,1999.9000,-0.1666,399.6634,595624.0000,28.7419,604409.9375,1999.9000,
	2026/03/30 14:40:40	,	663012	,	241	,10.5600,1999.9000,-0.1666,399.6183,595624.0000,28.7408,604409.9375,1999.9000,
	2026/03/30 14:40:40	,	664012	,	242	,10.5600,1999.9000,-0.1695,399.5806,595624.0000,28.7398,604409.9375,1999.9000,
	2026/03/30 14:40:40	,	665012	,	243	,10.5600,1999.9000,-0.1725,399.5493,595541.1250,28.7390,604597.1250,1999.9000,
	2026/03/30 14:40:40	,	666012	,	244	,10.5600,1999.9000,-0.1753,399.5231,595447.0000,28.7414,604720.9375,1999.9000,
	2026/03/30 14:40:40	,	667012	,	245	,10.5600,1999.9000,-0.1783,399.5013,595430.0625,28.7465,604824.8750,1999.9000,
	2026/03/30 14:40:40	,	668012	,	246	,10.5600,1999.9000,-0.1825,399.6822,595413.8750,28.7522,604922.6875,1999.9000,
	2026/03/30 14:40:40	,	669012	,	247	,10.5600,1999.9000,-0.1903,399.8328,595214.0625,28.7662,605126.2500,1999.9000,
	2026/03/30 14:40:40	,	670012	,	248	,10.5600,1999.9000,-0.1968,399.8589,594870.8750,28.7702,605280.2500,1999.9000,
	2026/03/30 14:40:40	,	671012	,	249	,10.5600,1999.9000,-0.1968,399.8806,594838.4375,28.7735,605280.2500,1999.9000,
	2026/03/30 14:40:40	,	672012	,	250	,10.5600,1999.9000,-0.1968,400.0977,594827.6250,28.7762,605280.2500,1999.9000,
	2026/03/30 14:40:40	,	673012	,	251	,10.5600,1999.9000,-0.1968,400.2785,594822.1875,28.7892,605280.2500,1999.9000,
	2026/03/30 14:40:40	,	674012	,	252	,10.5600,1999.9000,-0.1968,400.4293,594818.9375,28.8000,605280.2500,1999.9000,
	2026/03/30 14:40:40	,	675012	,	253	,10.5600,1999.9000,-0.1967,400.3560,594816.7500,28.8090,605079.7500,1999.9000,
	2026/03/30 14:40:40	,	676012	,	254	,10.5600,1999.9000,-0.1923,399.7975,594913.1250,28.8165,604952.2500,1999.9000,
	2026/03/30 14:40:40	,	677012	,	255	,10.5600,1999.9000,-0.1883,399.3320,594937.3125,28.8213,604839.9375,1999.9000,
	2026/03/30 14:40:40	,	678012	,	256	,10.5600,1999.9000,-0.1839,398.9442,594954.6875,28.8161,604748.7500,1999.9000,
	2026/03/30 14:40:40	,	679012	,	257	,10.5601,1999.9000,-0.1763,398.6210,595503.0000,28.8145,604344.0625,1999.9000,
	2026/03/30 14:40:40	,	680012	,	258	,10.5601,1999.9000,-0.1698,398.3517,595503.0000,28.8145,604344.0625,1999.9000,
	2026/03/30 14:40:40	,	681012	,	259	,10.5601,1999.9000,-0.1666,398.1272,595618.0000,28.8180,604344.0625,1999.9000,
	2026/03/30 14:40:40	,	682012	,	260	,10.5601,1999.9000,-0.1666,397.9402,595618.0000,28.8118,604344.0625,1999.9000,
	2026/03/30 14:40:40	,	683012	,	261	,10.5601,1999.9000,-0.1666,398.0828,595618.0000,28.8067,604344.0625,1999.9000,
	2026/03/30 14:40:40	,	684012	,	262	,10.5601,1999.9000,-0.1666,398.5000,595618.0000,28.8024,604344.0625,1999.9000,
	2026/03/30 14:40:40	,	685012	,	263	,10.5601,1999.9000,-0.1666,398.8477,595618.0000,28.7957,604562.6875,1999.9000,
	2026/03/30 14:40:40	,	686012	,	264	,10.5601,1999.9000,-0.1669,399.1375,595485.1250,28.7902,604693.1875,1999.9000,
	2026/03/30 14:40:40	,	687012	,	265	,10.5601,1999.9000,-0.1698,399.3789,595450.6250,28.7841,604774.6875,1999.9000,
	2026/03/30 14:40:40	,	688012	,	266	,10.5601,1999.9000,-0.1704,399.5801,595426.1875,28.7774,604812.7500,1999.9000,
	2026/03/30 14:40:40	,	689012	,	267	,10.5601,1999.9000,-0.1757,399.7478,595275.4375,28.7673,605022.9375,1999.9000,
	2026/03/30 14:40:40	,	690012	,	268	,10.5601,1999.9000,-0.1815,399.8875,594979.8750,28.7588,605341.8750,1999.9000,
	2026/03/30 14:40:40	,	691012	,	269	,10.5601,1999.9000,-0.1855,399.9044,594782.1250,28.7518,605341.8750,1999.9000,
	2026/03/30 14:40:40	,	692012	,	270	,10.5601,1999.9000,-0.1855,399.7196,594782.1250,28.7460,605341.8750,1999.9000,
	2026/03/30 14:40:40	,	693012	,	271	,10.5601,1999.9000,-0.1855,399.5656,594782.1250,28.7411,605341.8750,1999.9000,
	2026/03/30 14:40:40	,	694012	,	272	,10.5601,1999.9000,-0.1855,399.6362,594782.1250,28.7477,605341.8750,1999.9000,
	2026/03/30 14:40:40	,	695012	,	273	,10.5601,1999.9000,-0.1855,399.8940,594782.1250,28.7563,605118.3750,1999.9000,
	2026/03/30 14:40:40	,	696012	,	274	,10.5600,1999.9000,-0.1853,400.1089,594908.3750,28.7634,604974.0625,1999.9000,
	2026/03/30 14:40:40	,	697012	,	275	,10.5600,1999.9000,-0.1850,400.2879,594933.6875,28.7694,604866.5000,1999.9000,
	2026/03/30 14:40:40	,	698012	,	276	,10.5600,1999.9000,-0.1846,400.2381,594949.8750,28.7743,604765.6875,1999.9000,
	2026/03/30 14:40:40	,	699012	,	277	,10.5600,1999.9000,-0.1794,399.9977,595063.8750,28.7754,604634.5625,1999.9000,
	2026/03/30 14:40:40	,	700012	,	278	,10.5600,1999.9000,-0.1737,399.7973,595368.3750,28.7717,604358.5625,1999.9000,
	2026/03/30 14:40:40	,	701012	,	279	,10.5600,1999.9000,-0.1708,400.0283,595664.5000,28.7687,604358.5625,1999.9000,
	2026/03/30 14:40:40	,	702012	,	280	,10.5600,1999.9000,-0.1708,399.5244,595664.5000,28.7661,604358.5625,1999.9000,
	2026/03/30 14:40:40	,	703012	,	281	,10.5601,1999.9000,-0.1708,399.0051,595664.5000,28.7640,604358.5625,1999.9000,
	2026/03/30 14:40:40	,	704012	,	282	,10.5601,1999.9000,-0.1708,398.3733,595664.5000,28.7622,604358.5625,1999.9000,
	2026/03/30 14:40:40	,	705012	,	283	,10.5601,1999.9000,-0.1708,398.0458,595664.5000,28.7607,604516.8125,1999.9000,
	2026/03/30 14:40:40	,	706012	,	284	,10.5601,1999.9000,-0.1741,397.8724,595504.2500,28.7595,604664.1875,1999.9000,
	2026/03/30 14:40:40	,	707012	,	285	,10.5602,1999.9000,-0.1775,397.8724,595464.9375,28.7585,604768.6250,1999.9000,
	2026/03/30 14:40:40	,	708012	,	286	,10.5601,1999.9000,-0.1806,398.5236,595446.6875,28.7576,604865.9375,1999.9000,
	2026/03/30 14:40:40	,	709012	,	287	,10.5601,1999.9000,-0.1854,399.0663,595361.1875,28.7569,604997.6250,1999.9000,
	2026/03/30 14:40:40	,	710012	,	288	,10.5601,1999.9000,-0.1923,399.4191,595118.7500,28.7548,605288.7500,1999.9000,
	2026/03/30 14:40:40	,	711012	,	289	,10.5601,1999.9000,-0.1923,399.7131,594774.9375,28.7530,605288.7500,1999.9000,
	2026/03/30 14:40:40	,	712012	,	290	,10.5601,1999.9000,-0.1923,399.9580,594774.9375,28.7500,605288.7500,1999.9000,
	2026/03/30 14:40:40	,	713012	,	291	,10.5601,1999.9000,-0.1923,400.3324,594774.9375,28.7475,605288.7500,1999.9000,
	2026/03/30 14:40:40	,	714012	,	292	,10.5601,1999.9000,-0.1923,400.3324,594774.9375,28.7470,605288.7500,1999.9000,
	2026/03/30 14:40:40	,	715012	,	293	,10.5601,1999.9000,-0.1923,400.3746,594774.9375,28.7465,605155.1875,1999.9000,
	2026/03/30 14:40:40	,	716012	,	294	,10.5601,1999.9000,-0.1920,400.4099,594788.1250,28.7522,604984.3125,1999.9000,
	2026/03/30 14:40:40	,	717012	,	295	,10.5601,1999.9000,-0.1858,400.3398,594953.1250,28.7570,604884.0625,1999.9000,
	2026/03/30 14:40:40	,	718012	,	296	,10.5601,1999.9000,-0.1812,400.1819,594971.8125,28.7594,604791.6250,1999.9000,
	2026/03/30 14:40:40	,	719012	,	297	,10.5601,1999.9000,-0.1773,400.0503,594991.0625,28.7615,604679.8750,1999.9000,
	2026/03/30 14:40:40	,	720012	,	298	,10.5600,1999.9000,-0.1715,399.9407,595255.1875,28.7632,604432.2500,1999.9000,
	2026/03/30 14:40:40	,	721012	,	299	,10.5600,1999.9000,-0.1625,399.8493,595613.2500,28.7646,604432.2500,1999.9000,
	2026/03/30 14:40:40	,	722012	,	300	,10.5601,1999.9000,-0.1503,399.6102,595613.2500,28.7642,604432.2500,1999.9000,
	2026/03/30 14:40:40	,	723012	,	301	,10.5600,1999.9000,-0.1503,399.6102,595613.2500,28.7624,604432.2500,1999.9000,
	2026/03/30 14:40:40	,	724012	,	302	,10.5600,1999.9000,-0.1503,399.4745,595613.2500,28.7609,604432.2500,1999.9000,
	2026/03/30 14:40:40	,	725012	,	303	,10.5600,1999.9000,-0.1503,399.3613,595613.2500,28.7597,604435.9375,1999.9000,
	2026/03/30 14:40:40	,	726012	,	304	,10.5600,1999.9000,-0.1503,399.2670,595603.6250,28.7586,604625.5000,1999.9000,
	2026/03/30 14:40:40	,	727012	,	305	,10.5600,1999.9000,-0.1503,399.2879,595450.0000,28.7577,604732.3750,1999.9000,
	2026/03/30 14:40:40	,	728012	,	306	,10.5600,1999.9000,-0.1532,399.3053,595422.3125,28.7601,604819.4375,1999.9000,
	2026/03/30 14:40:40	,	729012	,	307	,10.5600,1999.9000,-0.1564,399.3199,595402.7500,28.7651,604917.2500,1999.9000,
	2026/03/30 14:40:40	,	730012	,	308	,10.5600,1999.9000,-0.1617,399.3319,595214.0625,28.7692,605174.5625,1999.9000,
	2026/03/30 14:40:40	,	731012	,	309	,10.5600,1999.9000,-0.1714,399.2426,594866.6875,28.7727,605213.7500,1999.9000,
	2026/03/30 14:40:40	,	732012	,	310	,10.5600,1999.9000,-0.1801,399.0686,594838.9375,28.7756,605226.8125,1999.9000,
	2026/03/30 14:40:40	,	733012	,	311	,10.5600,1999.9000,-0.1869,398.9236,594829.7500,28.7780,605233.3750,1999.9000,
	2026/03/30 14:40:40	,	734012	,	312	,10.5600,1999.9000,-0.1869,398.8029,594825.1250,28.7723,605237.2500,1999.9000,
	2026/03/30 14:40:40	,	735012	,	313	,10.5601,1999.9000,-0.1869,398.9011,594822.3750,28.7676,605239.8750,1999.9000,
	2026/03/30 14:40:40	,	736012	,	314	,10.5601,1999.9000,-0.1869,398.8835,594820.5000,28.7637,605050.1250,1999.9000,
	2026/03/30 14:40:40	,	737012	,	315	,10.5601,1999.9000,-0.1869,398.8689,594924.5000,28.7605,604922.6875,1999.9000,
	2026/03/30 14:40:40	,	738012	,	316	,10.5600,1999.9000,-0.1867,398.8567,594955.7500,28.7577,604830.3125,1999.9000,
	2026/03/30 14:40:40	,	739012	,	317	,10.5601,1999.9000,-0.1834,398.7470,594977.2500,28.7555,604742.7500,1999.9000,
	2026/03/30 14:40:40	,	740012	,	318	,10.5601,1999.9000,-0.1808,398.6556,595154.4375,28.7536,604540.3750,1999.9000,
	2026/03/30 14:40:40	,	741012	,	319	,10.5601,1999.9000,-0.1741,398.5795,595510.1875,28.7551,604414.7500,1999.9000,
	2026/03/30 14:40:40	,	742012	,	320	,10.5601,1999.9000,-0.1683,398.5160,595607.2500,28.7579,604414.7500,1999.9000,
	2026/03/30 14:40:40	,	743012	,	321	,10.5601,1999.9000,-0.1677,398.4631,595607.2500,28.7601,604414.7500,1999.9000,
	2026/03/30 14:40:40	,	744012	,	322	,10.5601,1999.9000,-0.1675,398.4191,595607.2500,28.7636,604414.7500,1999.9000,
	2026/03/30 14:40:40	,	745012	,	323	,10.5600,1999.9000,-0.1674,398.0839,595607.2500,28.7665,604414.7500,1999.9000,
	2026/03/30 14:40:40	,	746012	,	324	,10.5600,1999.9000,-0.1674,397.5062,595607.2500,28.7689,604614.6250,1999.9000,
	2026/03/30 14:40:40	,	747012	,	325	,10.5600,1999.9000,-0.1673,397.0248,595469.6250,28.7709,604723.3750,1999.9000,
	2026/03/30 14:40:40	,	748012	,	326	,10.5600,1999.9000,-0.1675,396.8225,595444.9375,28.7726,604808.5625,1999.9000,
	2026/03/30 14:40:40	,	749012	,	327	,10.5600,1999.9000,-0.1703,397.0519,595428.5000,28.7739,604847.5000,1999.9000,
	2026/03/30 14:40:40	,	750012	,	328	,10.5600,1999.9000,-0.1732,397.2431,595302.1875,28.7751,605083.3125,1999.9000,
	2026/03/30 14:40:40	,	751012	,	329	,10.5600,1999.9000,-0.1811,397.4023,595007.3125,28.7745,605312.8750,1999.9000,
	2026/03/30 14:40:40	,	752012	,	330	,10.5600,1999.9000,-0.1901,397.5351,594759.4375,28.7679,605312.8750,1999.9000,
	2026/03/30 14:40:40	,	753012	,	331	,10.5600,1999.9000,-0.1971,397.7452,594759.4375,28.7624,605312.8750,1999.9000,
	2026/03/30 14:40:40	,	754012	,	332	,10.5600,1999.9000,-0.1996,398.2187,594759.4375,28.7640,605312.8750,1999.9000,
	2026/03/30 14:40:40	,	755012	,	333	,10.5600,1999.9000,-0.1996,398.6133,594759.4375,28.7653,605312.8750,1999.9000,
	2026/03/30 14:40:40	,	756012	,	334	,10.5600,1999.9000,-0.1996,398.9421,594759.4375,28.7663,605097.8750,1999.9000,
	2026/03/30 14:40:40	,	757012	,	335	,10.5600,1999.9000,-0.1996,399.2161,594897.1250,28.7672,604946.8125,1999.9000,
	2026/03/30 14:40:40	,	758012	,	336	,10.5600,1999.9000,-0.1996,399.4445,594931.6875,28.7634,604841.7500,1999.9000,
	2026/03/30 14:40:40	,	759012	,	337	,10.5600,1999.9000,-0.1993,399.6347,594954.6875,28.7587,604755.4375,1999.9000,
	2026/03/30 14:40:40	,	760012	,	338	,10.5600,1999.9000,-0.1962,399.7933,595084.7500,28.7471,604582.6875,1999.9000,
	2026/03/30 14:40:40	,	761012	,	339	,10.5600,1999.9000,-0.1902,399.5275,595384.4375,28.7374,604351.8750,1999.9000,
	2026/03/30 14:40:40	,	762012	,	340	,10.5600,1999.9000,-0.1829,399.0076,595675.2500,28.7294,604351.8750,1999.9000,
	2026/03/30 14:40:40	,	763012	,	341	,10.5600,1999.9000,-0.1776,398.5744,595675.2500,28.7227,604351.8750,1999.9000,
	2026/03/30 14:40:40	,	764012	,	342	,10.5600,1999.9000,-0.1731,398.2134,595675.2500,28.7171,604351.8750,1999.9000,
	2026/03/30 14:40:40	,	765012	,	343	,10.5600,1999.9000,-0.1701,397.9125,595675.2500,28.7170,604351.8750,1999.9000,
	2026/03/30 14:40:40	,	766012	,	344	,10.5600,1999.9000,-0.1699,397.9603,595675.2500,28.7231,604551.8750,1999.9000,
	2026/03/30 14:40:40	,	767012	,	345	,10.5600,1999.9000,-0.1698,398.2984,595513.1250,28.7296,604691.3125,1999.9000,
	2026/03/30 14:40:40	,	768012	,	346	,10.5600,1999.9000,-0.1698,398.6797,595430.9375,28.7351,604798.8750,1999.9000,
	2026/03/30 14:40:40	,	769012	,	347	,10.5600,1999.9000,-0.1698,398.9975,595418.1250,28.7397,604885.2500,1999.9000,
	2026/03/30 14:40:40	,	770012	,	348	,10.5600,1999.9000,-0.1698,399.2622,595399.0000,28.7420,605036.2500,1999.9000,
	2026/03/30 14:40:40	,	771012	,	349	,10.5600,1999.9000,-0.1733,399.4829,595121.6875,28.7408,605339.4375,1999.9000,
	2026/03/30 14:40:40	,	772012	,	350	,10.5599,1999.9000,-0.1793,399.7662,594769.0000,28.7398,605339.4375,1999.9000,
	2026/03/30 14:40:40	,	773012	,	351	,10.5599,1999.9000,-0.1793,399.9029,594769.0000,28.7390,605339.4375,1999.9000,
	2026/03/30 14:40:40	,	774012	,	352	,10.5599,1999.9000,-0.1793,399.8178,594769.0000,28.7384,605339.4375,1999.9000,
	2026/03/30 14:40:40	,	775012	,	353	,10.5599,1999.9000,-0.1793,399.5479,594769.0000,28.7378,605339.4375,1999.9000,
	2026/03/30 14:40:40	,	776012	,	354	,10.5599,1999.9000,-0.1793,399.1241,594769.0000,28.7358,605138.3125,1999.9000,
	2026/03/30 14:40:40	,	777012	,	355	,10.5599,1999.9000,-0.1790,398.7710,594857.7500,28.7296,604983.0625,1999.9000,
	2026/03/30 14:40:40	,	778012	,	356	,10.5599,1999.9000,-0.1740,398.4767,594957.2500,28.7244,604867.1250,1999.9000,
	2026/03/30 14:40:40	,	779012	,	357	,10.5599,1999.9000,-0.1701,398.2314,594971.6250,28.7231,604774.0625,1999.9000,
	2026/03/30 14:40:40	,	780012	,	358	,10.5599,1999.9000,-0.1665,398.0270,594984.3125,28.7266,604647.3125,1999.9000,
	2026/03/30 14:40:40	,	781012	,	359	,10.5599,1999.9000,-0.1607,397.8567,595234.3125,28.7310,604375.4375,1999.9000,
	2026/03/30 14:40:40	,	782012	,	360	,10.5599,1999.9000,-0.1528,397.7147,595604.3125,28.7348,604375.4375,1999.9000,
	2026/03/30 14:40:40	,	783012	,	361	,10.5599,1999.9000,-0.1501,397.7954,595604.3125,28.7379,604375.4375,1999.9000,
	2026/03/30 14:40:40	,	784012	,	362	,10.5599,1999.9000,-0.1501,398.0616,595604.3125,28.7379,604375.4375,1999.9000,
	2026/03/30 14:40:40	,	785012	,	363	,10.5599,1999.9000,-0.1501,398.2834,595604.3125,28.7404,604375.4375,1999.9000,
	2026/03/30 14:40:40	,	786012	,	364	,10.5599,1999.9000,-0.1501,398.4682,595604.3125,28.7426,604375.4375,1999.9000,
	2026/03/30 14:40:40	,	787012	,	365	,10.5599,1999.9000,-0.1501,398.2243,595594.6875,28.7444,604506.5000,1999.9000,
	2026/03/30 14:40:40	,	788012	,	366	,10.5600,1999.9000,-0.1530,398.4190,595427.3750,28.7459,604651.5000,1999.9000,
	2026/03/30 14:40:40	,	789012	,	367	,10.5600,1999.9000,-0.1560,398.5812,595406.8125,28.7502,604738.4375,1999.9000,
	2026/03/30 14:40:40	,	790012	,	368	,10.5600,1999.9000,-0.1594,398.7165,595392.1250,28.7537,604820.0625,1999.9000,
	2026/03/30 14:40:40	,	791012	,	369	,10.5600,1999.9000,-0.1651,398.8291,595208.6875,28.7552,604945.0625,1999.9000,
	2026/03/30 14:40:40	,	792012	,	370	,10.5600,1999.9000,-0.1745,398.5251,594865.5000,28.7549,605233.1250,1999.9000,
	2026/03/30 14:40:40	,	793012	,	371	,10.5600,1999.9000,-0.1820,398.2718,594848.8125,28.7547,605233.1250,1999.9000,
	2026/03/30 14:40:40	,	794012	,	372	,10.5600,1999.9000,-0.1851,398.0606,594843.3125,28.7560,605233.1250,1999.9000,
	2026/03/30 14:40:40	,	795012	,	373	,10.5600,1999.9000,-0.1851,398.2827,594840.5625,28.7571,605233.1250,1999.9000,
	2026/03/30 14:40:40	,	796012	,	374	,10.5600,1999.9000,-0.1851,398.4676,594838.8125,28.7626,605233.1250,1999.9000,
	2026/03/30 14:40:40	,	797012	,	375	,10.5600,1999.9000,-0.1851,398.2238,594837.6875,28.7626,605229.1250,1999.9000,
	2026/03/30 14:40:40	,	798012	,	376	,10.5600,1999.9000,-0.1851,398.3192,594947.1250,28.7626,605029.5625,1999.9000,
	2026/03/30 14:40:40	,	799012	,	377	,10.5600,1999.9000,-0.1848,398.3986,594967.6875,28.7626,604904.0000,1999.9000,
	2026/03/30 14:40:40	,	800012	,	378	,10.5600,1999.9000,-0.1846,398.3653,594976.7500,28.7641,604798.2500,1999.9000,
	2026/03/30 14:40:40	,	801012	,	379	,10.5600,1999.9000,-0.1810,398.3376,595135.4375,28.7684,604689.5625,1999.9000,
	2026/03/30 14:40:40	,	802012	,	380	,10.5600,1999.9000,-0.1741,398.4139,595492.8750,28.7720,604456.4375,1999.9000,
	2026/03/30 14:40:40	,	803012	,	381	,10.5600,1999.9000,-0.1671,398.3781,595646.6250,28.7735,604444.0000,1999.9000,
	2026/03/30 14:40:40	,	804012	,	382	,10.5600,1999.9000,-0.1642,398.1492,595646.6250,28.7732,604439.8750,1999.9000,
	2026/03/30 14:40:40	,	805012	,	383	,10.5600,1999.9000,-0.1642,397.7596,595646.6250,28.7730,604437.8125,1999.9000,
	2026/03/30 14:40:40	,	806012	,	384	,10.5600,1999.9000,-0.1642,397.4349,595646.6250,28.7743,604436.5625,1999.9000,
	2026/03/30 14:40:40	,	807012	,	385	,10.5600,1999.9000,-0.1642,397.1643,595646.6250,28.7769,604435.7500,1999.9000,
	2026/03/30 14:40:40	,	808012	,	386	,10.5600,1999.9000,-0.1642,396.8394,595513.7500,28.7806,604720.3125,1999.9000,
	2026/03/30 14:40:40	,	809012	,	387	,10.5600,1999.9000,-0.1687,396.3696,595480.3750,28.7837,604720.3125,1999.9000,
	2026/03/30 14:40:40	,	810012	,	388	,10.5599,1999.9000,-0.1723,395.9781,595459.7500,28.7832,604814.0000,1999.9000,
	2026/03/30 14:40:40	,	811012	,	389	,10.5599,1999.9000,-0.1758,395.6519,595318.3125,28.7859,604910.0000,1999.9000,
	2026/03/30 14:40:40	,	812012	,	390	,10.5599,1999.9000,-0.1826,395.3801,595015.0625,28.7881,605167.3125,1999.9000,
	2026/03/30 14:40:40	,	813012	,	391	,10.5599,1999.9000,-0.1880,395.5514,594751.1250,28.7900,605263.9375,1999.9000,
	2026/03/30 14:40:40	,	814012	,	392	,10.5599,1999.9000,-0.1880,395.8932,594751.1250,28.7884,605263.9375,1999.9000,
	2026/03/30 14:40:40	,	815012	,	393	,10.5599,1999.9000,-0.1880,396.2774,594751.1250,28.7856,605263.9375,1999.9000,
	2026/03/30 14:40:40	,	816012	,	394	,10.5599,1999.9000,-0.1880,396.4982,594751.1250,28.7818,605263.9375,1999.9000,
	2026/03/30 14:40:40	,	817012	,	395	,10.5599,1999.9000,-0.1880,396.6822,594751.1250,28.7786,605263.9375,1999.9000,
	2026/03/30 14:40:40	,	818012	,	396	,10.5599,1999.9000,-0.1838,396.9349,594887.5000,28.7775,605058.0000,1999.9000,
	2026/03/30 14:40:40	,	819012	,	397	,10.5599,1999.9000,-0.1809,397.1456,594920.3750,28.7780,604923.2500,1999.9000,
	2026/03/30 14:40:40	,	820012	,	398	,10.5599,1999.9000,-0.1799,397.3211,594941.0000,28.7770,604826.6875,1999.9000,
	2026/03/30 14:40:40	,	821012	,	399	,10.5599,1999.9000,-0.1764,397.3679,595053.1875,28.7700,604741.5000,1999.9000,
	2026/03/30 14:40:40	,	822012	,	400	,10.5599,1999.9000,-0.1693,397.3074,595351.0625,28.7657,604551.2500,1999.9000,
	2026/03/30 14:40:40	,	823012	,	401	,10.5599,1999.9000,-0.1611,397.2570,595675.8125,28.7667,604371.2500,1999.9000,
	2026/03/30 14:40:40	,	824012	,	402	,10.5599,1999.9000,-0.1550,397.2150,595675.8125,28.7629,604371.2500,1999.9000,
	2026/03/30 14:40:40	,	825012	,	403	,10.5599,1999.9000,-0.1550,397.1801,595675.8125,28.7598,604371.2500,1999.9000,
	2026/03/30 14:40:40	,	826012	,	404	,10.5599,1999.9000,-0.1550,397.1509,595675.8125,28.7572,604371.2500,1999.9000,
	2026/03/30 14:40:40	,	827012	,	405	,10.5599,1999.9000,-0.1550,397.1266,595675.8125,28.7550,604371.2500,1999.9000,
	2026/03/30 14:40:40	,	828012	,	406	,10.5599,1999.9000,-0.1550,397.1063,595513.7500,28.7532,604562.1250,1999.9000,
	2026/03/30 14:40:40	,	829012	,	407	,10.5598,1999.9000,-0.1553,397.0895,595475.3125,28.7608,604694.3750,1999.9000,
	2026/03/30 14:40:40	,	830012	,	408	,10.5598,1999.9000,-0.1582,397.0754,595455.1250,28.7672,604790.4375,1999.9000,
	2026/03/30 14:40:40	,	831012	,	409	,10.5598,1999.9000,-0.1588,397.1631,595353.4375,28.7726,604830.9375,1999.9000,
	2026/03/30 14:40:40	,	832012	,	410	,10.5598,1999.9000,-0.1652,397.1368,595121.1250,28.7755,605057.3750,1999.9000,
	2026/03/30 14:40:40	,	833012	,	411	,10.5598,1999.9000,-0.1738,396.8164,594786.8750,28.7779,605314.0625,1999.9000,
	2026/03/30 14:40:40	,	834012	,	412	,10.5598,1999.9000,-0.1811,396.9473,594786.8750,28.7799,605314.0625,1999.9000,
	2026/03/30 14:40:40	,	835012	,	413	,10.5598,1999.9000,-0.1860,397.0564,594786.8750,28.7740,605314.0625,1999.9000,
	2026/03/30 14:40:40	,	836012	,	414	,10.5598,1999.9000,-0.1860,396.9484,594786.8750,28.7690,605314.0625,1999.9000,
	2026/03/30 14:40:40	,	837012	,	415	,10.5599,1999.9000,-0.1860,396.8584,594786.8750,28.7649,605314.0625,1999.9000,
	2026/03/30 14:40:40	,	838012	,	416	,10.5599,1999.9000,-0.1860,396.9823,594872.0625,28.7584,605111.1875,1999.9000,
	2026/03/30 14:40:40	,	839012	,	417	,10.5599,1999.9000,-0.1860,396.8866,594952.5000,28.7514,604971.0000,1999.9000,
	2026/03/30 14:40:40	,	840012	,	418	,10.5599,1999.9000,-0.1858,396.6079,594965.8750,28.7456,604862.3125,1999.9000,
	2026/03/30 14:40:40	,	841012	,	419	,10.5599,1999.9000,-0.1855,396.4752,594981.0625,28.7408,604774.0625,1999.9000,
	2026/03/30 14:40:40	,	842012	,	420	,10.5599,1999.9000,-0.1802,396.4640,595224.8125,28.7368,604623.7500,1999.9000,
	2026/03/30 14:40:40	,	843012	,	421	,10.5599,1999.9000,-0.1745,396.4547,595594.7500,28.7334,604332.6250,1999.9000,
	2026/03/30 14:40:40	,	844012	,	422	,10.5599,1999.9000,-0.1745,396.9443,595594.7500,28.7307,604332.6250,1999.9000,
	2026/03/30 14:40:40	,	845012	,	423	,10.5599,1999.9000,-0.1745,397.3524,595594.7500,28.7268,604332.6250,1999.9000,
	2026/03/30 14:40:40	,	846012	,	424	,10.5599,1999.9000,-0.1745,397.3940,595594.7500,28.7251,604332.6250,1999.9000,
	2026/03/30 14:40:40	,	847012	,	425	,10.5599,1999.9000,-0.1745,397.1302,595594.7500,28.7298,604332.6250,1999.9000,
	2026/03/30 14:40:40	,	848012	,	426	,10.5599,1999.9000,-0.1748,396.9104,595590.3125,28.7353,604536.6875,1999.9000,
	2026/03/30 14:40:40	,	849012	,	427	,10.5599,1999.9000,-0.1786,397.0256,595452.3750,28.7383,604679.8750,1999.9000,
	2026/03/30 14:40:40	,	850012	,	428	,10.5599,1999.9000,-0.1793,397.1217,595429.7500,28.7408,604782.5625,1999.9000,
	2026/03/30 14:40:40	,	851012	,	429	,10.5599,1999.9000,-0.1799,397.2017,595411.0625,28.7429,604818.8125,1999.9000,
	2026/03/30 14:40:40	,	852012	,	430	,10.5599,1999.9000,-0.1843,397.2684,595217.0625,28.7446,604987.3125,1999.9000,
	2026/03/30 14:40:40	,	853012	,	431	,10.5599,1999.9000,-0.1906,397.3240,594883.3750,28.7461,605294.1875,1999.9000,
	2026/03/30 14:40:40	,	854012	,	432	,10.5600,1999.9000,-0.1906,397.2708,594780.3125,28.7473,605294.1875,1999.9000,
	2026/03/30 14:40:40	,	855012	,	433	,10.5600,1999.9000,-0.1906,397.2265,594780.3125,28.7483,605294.1875,1999.9000,
	2026/03/30 14:40:40	,	856012	,	434	,10.5599,1999.9000,-0.1906,397.1896,594780.3125,28.7491,605294.1875,1999.9000,
	2026/03/30 14:40:40	,	857012	,	435	,10.5599,1999.9000,-0.1906,397.2583,594780.3125,28.7498,605294.1875,1999.9000,
	2026/03/30 14:40:40	,	858012	,	436	,10.5599,1999.9000,-0.1858,397.3156,594780.3125,28.7565,605168.5000,1999.9000,
	2026/03/30 14:40:40	,	859012	,	437	,10.5599,1999.9000,-0.1811,397.2638,594894.1250,28.7621,605010.8750,1999.9000,
	2026/03/30 14:40:40	,	860012	,	438	,10.5599,1999.9000,-0.1768,397.2207,594922.1250,28.7683,604888.8750,1999.9000,
	2026/03/30 14:40:40	,	861012	,	439	,10.5599,1999.9000,-0.1732,397.0853,594945.7500,28.7734,604793.4375,1999.9000,
	2026/03/30 14:40:40	,	862012	,	440	,10.5599,1999.9000,-0.1679,396.9724,595140.1875,28.7777,604683.5000,1999.9000,
	2026/03/30 14:40:40	,	863012	,	441	,10.5599,1999.9000,-0.1591,396.8784,595477.3750,28.7813,604414.7500,1999.9000,
	2026/03/30 14:40:40	,	864012	,	442	,10.5599,1999.9000,-0.1532,396.9990,595606.1250,28.7828,604414.7500,1999.9000,
	2026/03/30 14:40:40	,	865012	,	443	,10.5599,1999.9000,-0.1532,397.0995,595606.1250,28.7794,604414.7500,1999.9000,
	2026/03/30 14:40:40	,	866012	,	444	,10.5599,1999.9000,-0.1532,397.1833,595606.1250,28.7720,604414.7500,1999.9000,
	2026/03/30 14:40:40	,	867012	,	445	,10.5599,1999.9000,-0.1532,397.5515,595606.1250,28.7628,604414.7500,1999.9000,
	2026/03/30 14:40:40	,	868012	,	446	,10.5599,1999.9000,-0.1532,397.8583,595606.1250,28.7521,604424.3750,1999.9000,
	2026/03/30 14:40:40	,	869012	,	447	,10.5599,1999.9000,-0.1564,398.2134,595468.5000,28.7431,604634.0000,1999.9000,
	2026/03/30 14:40:40	,	870012	,	448	,10.5599,1999.9000,-0.1591,398.7084,595435.1250,28.7356,604747.5625,1999.9000,
	2026/03/30 14:40:40	,	871012	,	449	,10.5599,1999.9000,-0.1601,399.1208,595415.6250,28.7294,604844.1875,1999.9000,
	2026/03/30 14:40:40	,	872012	,	450	,10.5599,1999.9000,-0.1637,399.4645,595297.4375,28.7273,604950.5000,1999.9000,
	2026/03/30 14:40:40	,	873012	,	451	,10.5599,1999.9000,-0.1699,399.7509,595012.6875,28.7271,605207.7500,1999.9000,
	2026/03/30 14:40:40	,	874012	,	452	,10.5599,1999.9000,-0.1752,399.6912,594761.2500,28.7269,605225.8750,1999.9000,
	2026/03/30 14:40:40	,	875012	,	453	,10.5599,1999.9000,-0.1762,398.8456,594761.2500,28.7297,605231.9375,1999.9000,
	2026/03/30 14:40:40	,	876012	,	454	,10.5600,1999.9000,-0.1765,398.1410,594761.2500,28.7337,605235.0000,1999.9000,
	2026/03/30 14:40:40	,	877012	,	455	,10.5600,1999.9000,-0.1767,397.5538,594761.2500,28.7416,605236.7500,1999.9000,
	2026/03/30 14:40:40	,	878012	,	456	,10.5600,1999.9000,-0.1768,397.0644,594761.2500,28.7512,605237.9375,1999.9000,
	2026/03/30 14:40:40	,	879012	,	457	,10.5600,1999.9000,-0.1769,396.6566,594905.3750,28.7592,605048.9375,1999.9000,
	2026/03/30 14:40:40	,	880012	,	458	,10.5600,1999.9000,-0.1767,396.4163,594935.8125,28.7658,604924.5000,1999.9000,
	2026/03/30 14:40:40	,	881012	,	459	,10.5600,1999.9000,-0.1764,396.4149,594954.0625,28.7714,604824.2500,1999.9000,
	2026/03/30 14:40:40	,	882012	,	460	,10.5600,1999.9000,-0.1740,396.4138,595067.5000,28.7760,604724.0000,1999.9000,
	2026/03/30 14:40:40	,	883012	,	461	,10.5600,1999.9000,-0.1693,396.4129,595361.1875,28.7799,604497.5000,1999.9000,
	2026/03/30 14:40:40	,	884012	,	462	,10.5600,1999.9000,-0.1686,396.4121,595687.7500,28.7816,604460.9375,1999.9000,
	2026/03/30 14:40:40	,	885012	,	463	,10.5600,1999.9000,-0.1684,396.6104,595687.7500,28.7784,604448.7500,1999.9000,
	2026/03/30 14:40:40	,	886012	,	464	,10.5600,1999.9000,-0.1682,396.9746,595687.7500,28.7742,604442.6875,1999.9000,
	2026/03/30 14:40:40	,	887012	,	465	,10.5600,1999.9000,-0.1682,397.2781,595687.7500,28.7692,604439.0625,1999.9000,
	2026/03/30 14:40:40	,	888012	,	466	,10.5600,1999.9000,-0.1681,397.3321,595687.7500,28.7666,604436.6250,1999.9000,
	2026/03/30 14:40:40	,	889012	,	467	,10.5600,1999.9000,-0.1730,397.3770,595529.2500,28.7659,604606.8125,1999.9000,
	2026/03/30 14:40:40	,	890012	,	468	,10.5600,1999.9000,-0.1778,397.4145,595492.6250,28.7653,604719.1875,1999.9000,
	2026/03/30 14:40:40	,	891012	,	469	,10.5601,1999.9000,-0.1819,397.4457,595467.6875,28.7618,604809.1250,1999.9000,
	2026/03/30 14:40:40	,	892012	,	470	,10.5600,1999.9000,-0.1858,397.4718,595358.2500,28.7573,604897.3750,1999.9000,
	2026/03/30 14:40:40	,	893012	,	471	,10.5600,1999.9000,-0.1929,397.4934,595140.7500,28.7536,605126.2500,1999.9000,
	2026/03/30 14:40:40	,	894012	,	472	,10.5600,1999.9000,-0.2004,397.5115,594798.7500,28.7505,605289.9375,1999.9000,
	2026/03/30 14:40:40	,	895012	,	473	,10.5600,1999.9000,-0.2004,397.5266,594798.7500,28.7494,605289.9375,1999.9000,
	2026/03/30 14:40:40	,	896012	,	474	,10.5600,1999.9000,-0.2004,397.5391,594798.7500,28.7486,605289.9375,1999.9000,
	2026/03/30 14:40:40	,	897012	,	475	,10.5600,1999.9000,-0.2004,397.5496,594798.7500,28.7478,605289.9375,1999.9000,
	2026/03/30 14:40:40	,	898012	,	476	,10.5600,1999.9000,-0.2004,397.8568,594798.7500,28.7472,605289.9375,1999.9000,
	2026/03/30 14:40:40	,	899012	,	477	,10.5599,1999.9000,-0.2004,397.8143,594808.5625,28.7437,605084.5625,1999.9000,
	2026/03/30 14:40:40	,	900012	,	478	,10.5599,1999.9000,-0.1960,397.7789,594954.8750,28.7453,604950.5000,1999.9000,
	2026/03/30 14:40:40	,	901012	,	479	,10.5599,1999.9000,-0.1902,397.7494,594975.7500,28.7467,604852.0000,1999.9000,
	2026/03/30 14:40:40	,	902012	,	480	,10.5599,1999.9000,-0.1843,397.5259,594975.7500,28.7523,604768.0625,1999.9000,
	2026/03/30 14:40:40	,	903012	,	481	,10.5599,1999.9000,-0.1784,397.5385,594994.7500,28.7571,604585.0625,1999.9000,
	2026/03/30 14:40:40	,	904012	,	482	,10.5599,1999.9000,-0.1694,397.5491,595243.2500,28.7611,604391.1875,1999.9000,
	2026/03/30 14:40:40	,	905012	,	483	,10.5599,1999.9000,-0.1594,397.0605,595616.2500,28.7644,604391.1875,1999.9000,
	2026/03/30 14:40:40	,	906012	,	484	,10.5600,1999.9000,-0.1524,396.5540,595616.2500,28.7671,604391.1875,1999.9000,
	2026/03/30 14:40:40	,	907012	,	485	,10.5600,1999.9000,-0.1524,396.1318,595616.2500,28.7694,604391.1875,1999.9000,
	2026/03/30 14:40:40	,	908012	,	486	,10.5600,1999.9000,-0.1524,395.7800,595616.2500,28.7744,604391.1875,1999.9000,
	2026/03/30 14:40:40	,	909012	,	487	,10.5600,1999.9000,-0.1524,396.1831,595612.6875,28.7785,604591.0625,1999.9000,
	2026/03/30 14:40:40	,	910012	,	488	,10.5600,1999.9000,-0.1524,396.7180,595612.6875,28.7785,604713.1250,1999.9000,
	2026/03/30 14:40:40	,	911012	,	489	,10.5600,1999.9000,-0.1525,397.1637,595487.5000,28.7789,604803.6875,1999.9000,
	2026/03/30 14:40:40	,	912012	,	490	,10.5601,1999.9000,-0.1549,397.5352,595460.4375,28.7731,604841.4375,1999.9000,
	2026/03/30 14:40:40	,	913012	,	491	,10.5601,1999.9000,-0.1557,397.8447,595437.5000,28.7683,605045.9375,1999.9000,
	2026/03/30 14:40:40	,	914012	,	492	,10.5601,1999.9000,-0.1608,397.8447,595234.3125,28.7612,605341.8750,1999.9000,
	2026/03/30 14:40:40	,	915012	,	493	,10.5601,1999.9000,-0.1672,398.3177,594901.2500,28.7614,605341.8750,1999.9000,
	2026/03/30 14:40:40	,	916012	,	494	,10.5601,1999.9000,-0.1715,398.4968,594801.1250,28.7616,605341.8750,1999.9000,
	2026/03/30 14:40:40	,	917012	,	495	,10.5601,1999.9000,-0.1718,398.6461,594801.1250,28.7618,605341.8750,1999.9000,
	2026/03/30 14:40:40	,	918012	,	496	,10.5601,1999.9000,-0.1718,398.7704,594801.1250,28.7573,605341.8750,1999.9000,
	2026/03/30 14:40:40	,	919012	,	497	,10.5601,1999.9000,-0.1719,398.8741,594801.1250,28.7477,605118.9375,1999.9000,
	2026/03/30 14:40:40	,	920012	,	498	,10.5601,1999.9000,-0.1719,398.8610,594801.1250,28.7477,604975.2500,1999.9000,
	2026/03/30 14:40:40	,	921012	,	499	,10.5601,1999.9000,-0.1719,398.4522,594930.5000,28.7456,604872.5625,1999.9000,
	2026/03/30 14:40:40	,	922012	,	500	,10.5601,1999.9000,-0.1718,398.6089,594960.8750,28.7438,604788.0000,1999.9000,
	2026/03/30 14:40:40	,	923012	,	501	,10.5601,1999.9000,-0.1716,398.8390,594979.5000,28.7423,604653.9375,1999.9000,
	2026/03/30 14:40:40	,	924012	,	502	,10.5601,1999.9000,-0.1682,399.0307,595146.7500,28.7411,604376.6875,1999.9000,
	2026/03/30 14:40:40	,	925012	,	503	,10.5601,1999.9000,-0.1628,399.0307,595478.6250,28.7401,604376.6875,1999.9000,
	2026/03/30 14:40:40	,	926012	,	504	,10.5601,1999.9000,-0.1628,399.1904,595636.5000,28.7392,604376.6875,1999.9000,
	2026/03/30 14:40:40	,	927012	,	505	,10.5601,1999.9000,-0.1628,398.7267,595636.5000,28.7385,604376.6875,1999.9000,
	2026/03/30 14:40:40	,	928012	,	506	,10.5601,1999.9000,-0.1628,398.3403,595636.5000,28.7379,604376.6875,1999.9000,
	2026/03/30 14:40:40	,	929012	,	507	,10.5600,1999.9000,-0.1628,398.0183,595636.5000,28.7405,604527.0625,1999.9000,
	2026/03/30 14:40:40	,	930012	,	508	,10.5600,1999.9000,-0.1675,397.7500,595636.5000,28.7427,604677.5000,1999.9000,
	2026/03/30 14:40:40	,	931012	,	509	,10.5600,1999.9000,-0.1722,397.9242,595499.4375,28.7475,604769.8750,1999.9000,
	2026/03/30 14:40:40	,	932012	,	510	,10.5600,1999.9000,-0.1764,398.0695,595471.1250,28.7530,604809.3750,1999.9000,
	2026/03/30 14:40:40	,	933012	,	511	,10.5599,1999.9000,-0.1795,398.1905,595449.8125,28.7577,604988.5000,1999.9000,
	2026/03/30 14:40:40	,	934012	,	512	,10.5599,1999.9000,-0.1835,398.2914,595317.6875,28.7615,605288.1250,1999.9000,
	2026/03/30 14:40:40	,	935012	,	513	,10.5599,1999.9000,-0.1904,398.3754,595026.3750,28.7663,605288.1250,1999.9000,
	2026/03/30 14:40:40	,	936012	,	514	,10.5599,1999.9000,-0.1904,398.5449,594748.1250,28.7702,605288.1250,1999.9000,
	2026/03/30 14:40:40	,	937012	,	515	,10.5599,1999.9000,-0.1904,398.8039,594748.1250,28.7747,605288.1250,1999.9000,
	2026/03/30 14:40:40	,	938012	,	516	,10.5599,1999.9000,-0.1904,398.8039,594748.1250,28.7747,605288.1250,1999.9000,
	2026/03/30 14:40:40	,	939012	,	517	,10.5599,1999.9000,-0.1904,398.9019,594748.1250,28.7742,605288.1250,1999.9000,
	2026/03/30 14:40:40	,	940012	,	518	,10.5600,1999.9000,-0.1902,398.9837,594748.1250,28.7738,605206.0000,1999.9000,
	2026/03/30 14:40:40	,	941012	,	519	,10.5600,1999.9000,-0.1834,398.9524,594888.7500,28.7735,605025.3750,1999.9000,
	2026/03/30 14:40:40	,	942012	,	520	,10.5600,1999.9000,-0.1787,398.9262,594923.6250,28.7671,604897.9375,1999.9000,
	2026/03/30 14:40:40	,	943012	,	521	,10.5600,1999.9000,-0.1756,398.9045,594945.4375,28.7617,604809.6875,1999.9000,
	2026/03/30 14:40:40	,	944012	,	522	,10.5600,1999.9000,-0.1721,398.8863,595056.1875,28.7573,604702.8125,1999.9000,
	2026/03/30 14:40:40	,	945012	,	523	,10.5600,1999.9000,-0.1650,398.6723,595342.7500,28.7551,604453.3750,1999.9000,
	2026/03/30 14:40:40	,	946012	,	524	,10.5600,1999.9000,-0.1587,398.4939,595688.8750,28.7533,604453.3750,1999.9000,
	2026/03/30 14:40:40	,	947012	,	525	,10.5600,1999.9000,-0.1587,398.3452,595688.8750,28.7533,604453.3750,1999.9000,
	2026/03/30 14:40:40	,	948012	,	526	,10.5600,1999.9000,-0.1587,398.2213,595688.8750,28.7533,604453.3750,1999.9000,
	2026/03/30 14:40:40	,	949012	,	527	,10.5599,1999.9000,-0.1587,398.1181,595688.8750,28.7518,604453.3750,1999.9000,
	2026/03/30 14:40:40	,	950012	,	528	,10.5600,1999.9000,-0.1587,398.0321,595688.8750,28.7505,604455.4375,1999.9000,
	2026/03/30 14:40:40	,	951012	,	529	,10.5600,1999.9000,-0.1619,397.8609,595526.2500,28.7495,604627.3125,1999.9000,
	2026/03/30 14:40:40	,	952012	,	530	,10.5600,1999.9000,-0.1658,397.8177,595435.6875,28.7471,604724.0000,1999.9000,
	2026/03/30 14:40:40	,	953012	,	531	,10.5600,1999.9000,-0.1683,397.7818,595416.0000,28.7451,604814.0000,1999.9000,
	2026/03/30 14:40:40	,	954012	,	532	,10.5600,1999.9000,-0.1691,397.9507,595392.3750,28.7434,604900.9375,1999.9000,
	2026/03/30 14:40:40	,	955012	,	533	,10.5600,1999.9000,-0.1747,398.0916,595124.6875,28.7374,605145.5625,1999.9000,
	2026/03/30 14:40:40	,	956012	,	534	,10.5600,1999.9000,-0.1797,397.9105,594779.6875,28.7325,605241.6250,1999.9000,
	2026/03/30 14:40:40	,	957012	,	535	,10.5600,1999.9000,-0.1820,397.6601,594779.6875,28.7283,605241.6250,1999.9000,
	2026/03/30 14:40:40	,	958012	,	536	,10.5601,1999.9000,-0.1820,397.5509,594779.6875,28.7248,605241.6250,1999.9000,
	2026/03/30 14:40:40	,	959012	,	537	,10.5601,1999.9000,-0.1820,398.3552,594779.6875,28.7205,605241.6250,1999.9000,
	2026/03/30 14:40:40	,	960012	,	538	,10.5601,1999.9000,-0.1820,399.0255,594779.6875,28.7198,605241.6250,1999.9000,
	2026/03/30 14:40:40	,	961012	,	539	,10.5601,1999.9000,-0.1820,399.6835,594788.2500,28.7193,605058.5625,1999.9000,
	2026/03/30 14:40:40	,	962012	,	540	,10.5601,1999.9000,-0.1794,400.1323,594927.5000,28.7189,604947.4375,1999.9000,
	2026/03/30 14:40:40	,	963012	,	541	,10.5601,1999.9000,-0.1769,399.5117,594945.3750,28.7170,604847.8125,1999.9000,
	2026/03/30 14:40:40	,	964012	,	542	,10.5601,1999.9000,-0.1744,399.4918,594965.0000,28.7154,604745.1250,1999.9000,
	2026/03/30 14:40:40	,	965012	,	543	,10.5601,1999.9000,-0.1684,399.4753,595217.6250,28.7156,604526.4375,1999.9000,
	2026/03/30 14:40:40	,	966012	,	544	,10.5601,1999.9000,-0.1620,399.4614,595576.8750,28.7189,604408.6875,1999.9000,
	2026/03/30 14:40:40	,	967012	,	545	,10.5601,1999.9000,-0.1593,399.1515,595576.8750,28.7277,604408.6875,1999.9000,
	2026/03/30 14:40:40	,	968012	,	546	,10.5601,1999.9000,-0.1593,398.8932,595576.8750,28.7350,604408.6875,1999.9000,
	2026/03/30 14:40:40	,	969012	,	547	,10.5601,1999.9000,-0.1593,398.5786,595576.8750,28.7411,604408.6875,1999.9000,
	2026/03/30 14:40:40	,	970012	,	548	,10.5601,1999.9000,-0.1593,398.3163,595576.8750,28.7431,604408.6875,1999.9000,
	2026/03/30 14:40:40	,	971012	,	549	,10.5601,1999.9000,-0.1593,398.1972,595575.1875,28.7479,604596.5000,1999.9000,
	2026/03/30 14:40:40	,	972012	,	550	,10.5601,1999.9000,-0.1616,398.0980,595451.8125,28.7519,604721.5625,1999.9000,
	2026/03/30 14:40:40	,	973012	,	551	,10.5601,1999.9000,-0.1626,398.0153,595429.1875,28.7598,604820.0625,1999.9000,
	2026/03/30 14:40:40	,	974012	,	552	,10.5601,1999.9000,-0.1658,398.0459,595411.5000,28.7663,604910.5625,1999.9000,
	2026/03/30 14:40:40	,	975012	,	553	,10.5601,1999.9000,-0.1714,398.0714,595237.3125,28.7672,605116.5625,1999.9000,
	2026/03/30 14:40:40	,	976012	,	554	,10.5601,1999.9000,-0.1794,398.1921,594909.0000,28.7680,605310.4375,1999.9000,
	2026/03/30 14:40:40	,	977012	,	555	,10.5601,1999.9000,-0.1855,398.1932,594798.7500,28.7655,605310.4375,1999.9000,
	2026/03/30 14:40:40	,	978012	,	556	,10.5601,1999.9000,-0.1855,398.2936,594798.7500,28.7604,605310.4375,1999.9000,
	2026/03/30 14:40:40	,	979012	,	557	,10.5601,1999.9000,-0.1855,398.3773,594798.7500,28.7623,605310.4375,1999.9000,
	2026/03/30 14:40:40	,	980012	,	558	,10.5600,1999.9000,-0.1855,398.6459,594798.7500,28.7685,605310.4375,1999.9000,
	2026/03/30 14:40:40	,	981012	,	559	,10.5600,1999.9000,-0.1855,398.9693,594798.7500,28.7659,605099.6875,1999.9000,
	2026/03/30 14:40:40	,	982012	,	560	,10.5600,1999.9000,-0.1818,399.3383,594910.7500,28.7608,604956.5625,1999.9000,
	2026/03/30 14:40:40	,	983012	,	561	,10.5599,1999.9000,-0.1785,399.8446,594934.8750,28.7565,604852.6250,1999.9000,
	2026/03/30 14:40:40	,	984012	,	562	,10.5599,1999.9000,-0.1758,400.2667,594951.4375,28.7560,604813.3750,1999.9000,
	2026/03/30 14:40:40	,	985012	,	563	,10.5599,1999.9000,-0.1705,400.6183,595115.7500,28.7601,604597.7500,1999.9000,
	2026/03/30 14:40:40	,	986012	,	564	,10.5599,1999.9000,-0.1628,400.9114,595458.3125,28.7636,604344.0625,1999.9000,
	2026/03/30 14:40:40	,	987012	,	565	,10.5599,1999.9000,-0.1628,401.1556,595636.5000,28.7665,604344.0625,1999.9000,
	2026/03/30 14:40:40	,	988012	,	566	,10.5599,1999.9000,-0.1628,400.8618,595636.5000,28.7689,604344.0625,1999.9000,
	2026/03/30 14:40:40	,	989012	,	567	,10.5600,1999.9000,-0.1628,400.5174,595636.5000,28.7709,604344.0625,1999.9000,
	2026/03/30 14:40:40	,	990012	,	568	,10.5600,1999.9000,-0.1628,400.2304,595636.5000,28.7741,604344.0625,1999.9000,
	2026/03/30 14:40:40	,	991012	,	569	,10.5600,1999.9000,-0.1628,399.9913,595636.5000,28.7767,604556.6875,1999.9000,
	2026/03/30 14:40:40	,	992012	,	570	,10.5600,1999.9000,-0.1672,399.6925,595491.6875,28.7774,604678.1250,1999.9000,
	2026/03/30 14:40:40	,	993012	,	571	,10.5600,1999.9000,-0.1711,399.1451,595455.6875,28.7719,604778.9375,1999.9000,
	2026/03/30 14:40:40	,	994012	,	572	,10.5600,1999.9000,-0.1742,398.6890,595436.5000,28.7657,604877.3750,1999.9000,
	2026/03/30 14:40:40	,	995012	,	573	,10.5601,1999.9000,-0.1791,398.5078,595315.3125,28.7621,605035.6250,1999.9000,
	2026/03/30 14:40:40	,	996012	,	574	,10.5601,1999.9000,-0.1873,398.3568,595020.3750,28.7652,605327.9375,1999.9000,
	2026/03/30 14:40:40	,	997012	,	575	,10.5600,1999.9000,-0.1912,398.0321,594754.0625,28.7648,605327.9375,1999.9000,
	2026/03/30 14:40:40	,	998012	,	576	,10.5600,1999.9000,-0.1912,397.7614,594754.0625,28.7614,605327.9375,1999.9000,
	2026/03/30 14:40:40	,	999012	,	577	,10.5601,1999.9000,-0.1912,397.5359,594754.0625,28.7585,605327.9375,1999.9000,
	2026/03/30 14:40:41	,	000012	,	578	,10.5600,1999.9000,-0.1912,397.3480,594754.0625,28.7561,605327.9375,1999.9000,
	2026/03/30 14:40:41	,	001012	,	579	,10.5600,1999.9000,-0.1912,397.1914,594754.0625,28.7572,605149.1875,1999.9000,
	2026/03/30 14:40:41	,	002012	,	580	,10.5600,1999.9000,-0.1877,397.0609,594901.2500,28.7581,604997.0000,1999.9000,
	2026/03/30 14:40:41	,	003012	,	581	,10.5600,1999.9000,-0.1844,396.9521,594929.8750,28.7588,604894.8750,1999.9000,
	2026/03/30 14:40:41	,	004012	,	582	,10.5600,1999.9000,-0.1810,396.8615,594945.5625,28.7594,604793.4375,1999.9000,
	2026/03/30 14:40:41	,	005012	,	583	,10.5600,1999.9000,-0.1754,396.7859,595048.4375,28.7600,604657.5625,1999.9000,
	2026/03/30 14:40:41	,	006012	,	584	,10.5600,1999.9000,-0.1656,396.5240,595337.4375,28.7604,604381.5000,1999.9000,
	2026/03/30 14:40:41	,	007012	,	585	,10.5600,1999.9000,-0.1572,396.3058,595684.7500,28.7623,604381.5000,1999.9000,
	2026/03/30 14:40:41	,	008012	,	586	,10.5600,1999.9000,-0.1540,396.1239,595684.7500,28.7638,604381.5000,1999.9000,
	2026/03/30 14:40:41	,	009012	,	587	,10.5600,1999.9000,-0.1540,396.1713,595684.7500,28.7636,604381.5000,1999.9000,
	2026/03/30 14:40:41	,	010012	,	588	,10.5599,1999.9000,-0.1540,396.4098,595684.7500,28.7619,604381.5000,1999.9000,
	2026/03/30 14:40:41	,	011012	,	589	,10.5599,1999.9000,-0.1540,396.6084,595684.7500,28.7589,604501.0625,1999.9000,
	2026/03/30 14:40:41	,	012012	,	590	,10.5599,1999.9000,-0.1540,396.7740,595541.7500,28.7580,604650.2500,1999.9000,
	2026/03/30 14:40:41	,	013012	,	591	,10.5599,1999.9000,-0.1577,397.0115,595457.1250,28.7603,604753.5625,1999.9000,
	2026/03/30 14:40:41	,	014012	,	592	,10.5599,1999.9000,-0.1606,397.2094,595434.5000,28.7621,604844.1875,1999.9000,
	2026/03/30 14:40:41	,	015012	,	593	,10.5599,1999.9000,-0.1634,397.8716,595407.8750,28.7637,604962.5625,1999.9000,
	2026/03/30 14:40:41	,	016012	,	594	,10.5600,1999.9000,-0.1695,398.4235,595147.3125,28.7620,605259.1250,1999.9000,
	2026/03/30 14:40:41	,	017012	,	595	,10.5600,1999.9000,-0.1746,398.8834,594803.5625,28.7590,605259.1250,1999.9000,
	2026/03/30 14:40:41	,	018012	,	596	,10.5600,1999.9000,-0.1746,398.9682,594803.5625,28.7566,605259.1250,1999.9000,
	2026/03/30 14:40:41	,	019012	,	597	,10.5600,1999.9000,-0.1746,398.9395,594803.5625,28.7591,605259.1250,1999.9000,
	2026/03/30 14:40:41	,	020012	,	598	,10.5601,1999.9000,-0.1746,399.0150,594803.5625,28.7627,605259.1250,1999.9000,
	2026/03/30 14:40:41	,	021012	,	599	,10.5601,1999.9000,-0.1746,399.0779,594803.5625,28.7657,605248.5000,1999.9000,
	2026/03/30 14:40:41	,	022012	,	600	,10.5601,1999.9000,-0.1722,399.1303,594807.4375,28.7683,605017.5000,1999.9000,
	2026/03/30 14:40:41	,	023012	,	601	,10.5601,1999.9000,-0.1714,399.0745,594928.1250,28.7704,604906.3750,1999.9000,
	2026/03/30 14:40:41	,	024012	,	602	,10.5601,1999.9000,-0.1708,398.9286,594951.3125,28.7721,604820.0625,1999.9000,
	2026/03/30 14:40:41	,	025012	,	603	,10.5601,1999.9000,-0.1676,398.8069,594974.9375,28.7736,604719.1875,1999.9000,
	2026/03/30 14:40:41	,	026012	,	604	,10.5600,1999.9000,-0.1611,398.9045,595215.8125,28.7748,604467.8750,1999.9000,
	2026/03/30 14:40:41	,	027012	,	605	,10.5600,1999.9000,-0.1550,398.9859,595576.3125,28.7758,604449.4375,1999.9000,
	2026/03/30 14:40:41	,	028012	,	606	,10.5600,1999.9000,-0.1550,399.1531,595576.3125,28.7782,604443.3125,1999.9000,
	2026/03/30 14:40:41	,	029012	,	607	,10.5600,1999.9000,-0.1550,399.1930,595576.3125,28.7801,604440.3125,1999.9000,
	2026/03/30 14:40:41	,	030012	,	608	,10.5599,1999.9000,-0.1550,399.0273,595576.3125,28.7757,604438.4375,1999.9000,
	2026/03/30 14:40:41	,	031012	,	609	,10.5599,1999.9000,-0.1550,398.7897,595576.3125,28.7720,604437.2500,1999.9000,
	2026/03/30 14:40:41	,	032012	,	610	,10.5599,1999.9000,-0.1586,398.5917,595575.1250,28.7658,604603.1875,1999.9000,
	2026/03/30 14:40:41	,	033012	,	611	,10.5599,1999.9000,-0.1614,398.4268,595455.3750,28.7607,604713.7500,1999.9000,
	2026/03/30 14:40:41	,	034012	,	612	,10.5599,1999.9000,-0.1641,398.2893,595436.6250,28.7607,604813.3750,1999.9000,
	2026/03/30 14:40:41	,	035012	,	613	,10.5599,1999.9000,-0.1678,397.8763,595418.4375,28.7564,604911.1875,1999.9000,
	2026/03/30 14:40:41	,	036012	,	614	,10.5599,1999.9000,-0.1762,397.5322,595233.6875,28.7528,605157.0625,1999.9000,
	2026/03/30 14:40:41	,	037012	,	615	,10.5599,1999.9000,-0.1860,397.2454,594904.2500,28.7498,605254.8750,1999.9000,
	2026/03/30 14:40:41	,	038012	,	616	,10.5599,1999.9000,-0.1918,397.0064,594805.9375,28.7473,605254.8750,1999.9000,
	2026/03/30 14:40:41	,	039012	,	617	,10.5599,1999.9000,-0.1918,396.8073,594805.9375,28.7453,605254.8750,1999.9000,
	2026/03/30 14:40:41	,	040012	,	618	,10.5599,1999.9000,-0.1918,396.6413,594805.9375,28.7406,605254.8750,1999.9000,
	2026/03/30 14:40:41	,	041012	,	619	,10.5599,1999.9000,-0.1918,396.9008,594805.9375,28.7366,605254.8750,1999.9000,
	2026/03/30 14:40:41	,	042012	,	620	,10.5599,1999.9000,-0.1918,397.2167,594805.9375,28.7333,605057.3750,1999.9000,
	2026/03/30 14:40:41	,	043012	,	621	,10.5599,1999.9000,-0.1884,397.4798,594922.1250,28.7335,604923.2500,1999.9000,
	2026/03/30 14:40:41	,	044012	,	622	,10.5599,1999.9000,-0.1845,397.6991,594947.1250,28.7308,604818.8125,1999.9000,
	2026/03/30 14:40:41	,	045012	,	623	,10.5600,1999.9000,-0.1801,397.9814,594962.8125,28.7284,604733.0000,1999.9000,
	2026/03/30 14:40:41	,	046012	,	624	,10.5599,1999.9000,-0.1723,398.2166,595113.3750,28.7265,604531.3125,1999.9000,
	2026/03/30 14:40:41	,	047012	,	625	,10.5599,1999.9000,-0.1629,398.4125,595460.7500,28.7248,604373.0625,1999.9000,
	2026/03/30 14:40:41	,	048012	,	626	,10.5599,1999.9000,-0.1562,398.6753,595640.0625,28.7235,604373.0625,1999.9000,
	2026/03/30 14:40:41	,	049012	,	627	,10.5599,1999.9000,-0.1530,398.7949,595640.0625,28.7224,604373.0625,1999.9000,
	2026/03/30 14:40:41	,	050012	,	628	,10.5599,1999.9000,-0.1530,398.7950,595640.0625,28.7214,604373.0625,1999.9000,
	2026/03/30 14:40:41	,	051012	,	629	,10.5599,1999.9000,-0.1530,398.8946,595640.0625,28.7207,604373.0625,1999.9000,
	2026/03/30 14:40:41	,	052012	,	630	,10.5599,1999.9000,-0.1530,399.0770,595640.0625,28.7185,604576.0000,1999.9000,
	2026/03/30 14:40:41	,	053012	,	631	,10.5600,1999.9000,-0.1530,399.2290,595499.4375,28.7121,604714.8750,1999.9000,
	2026/03/30 14:40:41	,	054012	,	632	,10.5600,1999.9000,-0.1533,399.2563,595463.3750,28.7128,604807.9375,1999.9000,
	2026/03/30 14:40:41	,	055012	,	633	,10.5600,1999.9000,-0.1555,399.3784,595381.4375,28.7135,604840.8125,1999.9000,
	2026/03/30 14:40:41	,	056012	,	634	,10.5599,1999.9000,-0.1592,399.4803,595292.0625,28.7140,605059.1875,1999.9000,
	2026/03/30 14:40:41	,	057012	,	635	,10.5599,1999.9000,-0.1661,399.2667,595023.3750,28.7145,605334.0000,1999.9000,
	2026/03/30 14:40:41	,	058012	,	636	,10.5599,1999.9000,-0.1696,399.0887,594720.7500,28.7194,605334.0000,1999.9000,
	2026/03/30 14:40:41	,	059012	,	637	,10.5599,1999.9000,-0.1696,399.0398,594720.7500,28.7235,605334.0000,1999.9000,
	2026/03/30 14:40:41	,	060012	,	638	,10.5599,1999.9000,-0.1696,398.9991,594720.7500,28.7285,605334.0000,1999.9000,
	2026/03/30 14:40:41	,	061012	,	639	,10.5599,1999.9000,-0.1696,398.9652,594720.7500,28.7327,605334.0000,1999.9000,
	2026/03/30 14:40:41	,	062012	,	640	,10.5599,1999.9000,-0.1696,398.9369,594720.7500,28.7361,605111.7500,1999.9000,
	2026/03/30 14:40:41	,	063012	,	641	,10.5599,1999.9000,-0.1664,399.0128,594867.2500,28.7390,604969.7500,1999.9000,
	2026/03/30 14:40:41	,	064012	,	642	,10.5599,1999.9000,-0.1638,399.0761,594955.5000,28.7414,604873.8125,1999.9000,
	2026/03/30 14:40:41	,	065012	,	643	,10.5599,1999.9000,-0.1617,399.0294,594969.7500,28.7434,604783.8125,1999.9000,
	2026/03/30 14:40:41	,	066012	,	644	,10.5599,1999.9000,-0.1572,398.9904,595321.3125,28.7421,604618.8750,1999.9000,
	2026/03/30 14:40:41	,	067012	,	645	,10.5599,1999.9000,-0.1496,398.9579,595321.3125,28.7421,604330.7500,1999.9000,
	2026/03/30 14:40:41	,	068012	,	646	,10.5599,1999.9000,-0.1496,398.9309,595673.3750,28.7440,604330.7500,1999.9000,
	2026/03/30 14:40:41	,	069012	,	647	,10.5599,1999.9000,-0.1496,398.9083,595673.3750,28.7455,604330.7500,1999.9000,
	2026/03/30 14:40:41	,	070012	,	648	,10.5600,1999.9000,-0.1496,398.7901,595673.3750,28.7545,604330.7500,1999.9000,
	2026/03/30 14:40:41	,	071012	,	649	,10.5600,1999.9000,-0.1496,398.6915,595673.3750,28.7635,604330.7500,1999.9000,
	2026/03/30 14:40:41	,	072012	,	650	,10.5600,1999.9000,-0.1536,398.6094,595673.3750,28.7725,604530.0625,1999.9000,
	2026/03/30 14:40:41	,	073012	,	651	,10.5600,1999.9000,-0.1592,398.4415,595541.1250,28.7800,604666.0000,1999.9000,
	2026/03/30 14:40:41	,	074012	,	652	,10.5600,1999.9000,-0.1642,398.4010,595445.8125,28.7878,604765.0625,1999.9000,
	2026/03/30 14:40:41	,	075012	,	653	,10.5600,1999.9000,-0.1683,398.4668,595430.6250,28.7942,604861.1250,1999.9000,
	2026/03/30 14:40:41	,	076012	,	654	,10.5600,1999.9000,-0.1731,398.5215,595412.2500,28.7996,604992.7500,1999.9000,
	2026/03/30 14:40:41	,	077012	,	655	,10.5600,1999.9000,-0.1813,398.5673,595160.4375,28.8072,605289.9375,1999.9000,
	2026/03/30 14:40:41	,	078012	,	656	,10.5600,1999.9000,-0.1879,398.6053,594821.3750,28.8104,605289.9375,1999.9000,
	2026/03/30 14:40:41	,	079012	,	657	,10.5600,1999.9000,-0.1879,398.8360,594821.3750,28.8131,605289.9375,1999.9000,
	2026/03/30 14:40:41	,	080012	,	658	,10.5600,1999.9000,-0.1879,399.3266,594821.3750,28.8154,605289.9375,1999.9000,
	2026/03/30 14:40:41	,	081012	,	659	,10.5600,1999.9000,-0.1879,399.8350,594821.3750,28.8172,605289.9375,1999.9000,
	2026/03/30 14:40:41	,	082012	,	660	,10.5600,1999.9000,-0.1879,400.3581,594821.3750,28.8188,605169.7500,1999.9000,
	2026/03/30 14:40:41	,	083012	,	661	,10.5600,1999.9000,-0.1879,400.7939,594826.4375,28.8140,605004.2500,1999.9000,
	2026/03/30 14:40:41	,	084012	,	662	,10.5600,1999.9000,-0.1878,401.0577,594937.6250,28.8161,604892.4375,1999.9000,
	2026/03/30 14:40:41	,	085012	,	663	,10.5600,1999.9000,-0.1833,401.2776,594953.4375,28.8148,604792.1875,1999.9000,
	2026/03/30 14:40:41	,	086012	,	664	,10.5600,1999.9000,-0.1796,401.4608,594970.8125,28.8107,604654.5000,1999.9000,
	2026/03/30 14:40:41	,	087012	,	665	,10.5600,1999.9000,-0.1751,401.6134,595211.0625,28.8073,604654.5000,1999.9000,
	2026/03/30 14:40:41	,	088012	,	666	,10.5600,1999.9000,-0.1670,401.7406,595579.2500,28.8044,604387.0000,1999.9000,
	2026/03/30 14:40:41	,	089012	,	667	,10.5600,1999.9000,-0.1603,401.8466,595588.5625,28.8020,604387.0000,1999.9000,
	2026/03/30 14:40:41	,	090012	,	668	,10.5600,1999.9000,-0.1603,401.9350,595591.6250,28.8000,604387.0000,1999.9000,
	2026/03/30 14:40:41	,	091012	,	669	,10.5600,1999.9000,-0.1603,402.0086,595593.1875,28.7968,604387.0000,1999.9000,
	2026/03/30 14:40:41	,	092012	,	670	,10.5600,1999.9000,-0.1603,402.0699,595594.0625,28.7896,604387.0000,1999.9000,
	2026/03/30 14:40:41	,	093012	,	671	,10.5600,1999.9000,-0.1603,402.1211,595594.6875,28.7820,604399.8750,1999.9000,
	2026/03/30 14:40:41	,	094012	,	672	,10.5600,1999.9000,-0.1644,401.9647,595474.4375,28.7757,604624.8750,1999.9000,
	2026/03/30 14:40:41	,	095012	,	673	,10.5600,1999.9000,-0.1673,401.8344,595444.6875,28.7705,604733.6250,1999.9000,
	2026/03/30 14:40:41	,	096012	,	674	,10.5601,1999.9000,-0.1681,401.4274,595425.0000,28.7661,604826.0625,1999.9000,
	2026/03/30 14:40:41	,	097012	,	675	,10.5601,1999.9000,-0.1687,400.9888,595252.1875,28.7624,604943.8125,1999.9000,
	2026/03/30 14:40:41	,	098012	,	676	,10.5601,1999.9000,-0.1750,400.6232,594924.5000,28.7563,605223.5000,1999.9000,
	2026/03/30 14:40:41	,	099012	,	677	,10.5602,1999.9000,-0.1809,400.2192,594794.6250,28.7512,605223.5000,1999.9000,
	2026/03/30 14:40:41	,	100012	,	678	,10.5602,1999.9000,-0.1809,399.8824,594794.6250,28.7470,605223.5000,1999.9000,
	2026/03/30 14:40:41	,	101012	,	679	,10.5602,1999.9000,-0.1809,399.7013,594794.6250,28.7435,605223.5000,1999.9000,
	2026/03/30 14:40:41	,	102012	,	680	,10.5601,1999.9000,-0.1809,399.5504,594794.6250,28.7406,605223.5000,1999.9000,
	2026/03/30 14:40:41	,	103012	,	681	,10.5601,1999.9000,-0.1809,399.3251,594794.6250,28.7457,605221.0625,1999.9000,
	2026/03/30 14:40:41	,	104012	,	682	,10.5601,1999.9000,-0.1808,398.9384,594919.1250,28.7424,605016.3125,1999.9000,
	2026/03/30 14:40:41	,	105012	,	683	,10.5601,1999.9000,-0.1759,398.5167,594950.7500,28.7366,604898.5000,1999.9000,
	2026/03/30 14:40:41	,	106012	,	684	,10.5601,1999.9000,-0.1726,398.0658,594969.0000,28.7318,604803.6875,1999.9000,
	2026/03/30 14:40:41	,	107012	,	685	,10.5600,1999.9000,-0.1700,397.7896,595105.0000,28.7308,604699.1875,1999.9000,
	2026/03/30 14:40:41	,	108012	,	686	,10.5600,1999.9000,-0.1647,397.5593,595430.3125,28.7269,604475.1250,1999.9000,
	2026/03/30 14:40:41	,	109012	,	687	,10.5600,1999.9000,-0.1593,397.3675,595631.1250,28.7237,604441.6875,1999.9000,
	2026/03/30 14:40:41	,	110012	,	688	,10.5600,1999.9000,-0.1593,397.2076,595631.1250,28.7210,604441.6875,1999.9000,
	2026/03/30 14:40:41	,	111012	,	689	,10.5600,1999.9000,-0.1593,397.0744,595631.1250,28.7172,604437.5000,1999.9000,
	2026/03/30 14:40:41	,	112012	,	690	,10.5600,1999.9000,-0.1593,397.0628,595631.1250,28.7141,604434.9375,1999.9000,
	2026/03/30 14:40:41	,	113012	,	691	,10.5600,1999.9000,-0.1593,397.5506,595631.1250,28.7160,604433.3125,1999.9000,
	2026/03/30 14:40:41	,	114012	,	692	,10.5600,1999.9000,-0.1654,398.0565,595497.0625,28.7238,604609.1875,1999.9000,
	2026/03/30 14:40:41	,	115012	,	693	,10.5600,1999.9000,-0.1710,398.4781,595466.0625,28.7302,604725.1875,1999.9000,
	2026/03/30 14:40:41	,	116012	,	694	,10.5600,1999.9000,-0.1755,398.7300,595446.1875,28.7432,604818.8125,1999.9000,
	2026/03/30 14:40:41	,	117012	,	695	,10.5599,1999.9000,-0.1787,398.7409,595326.0625,28.7541,604917.8750,1999.9000,
	2026/03/30 14:40:41	,	118012	,	696	,10.5599,1999.9000,-0.1840,398.5511,595044.8750,28.7631,605147.9375,1999.9000,
	2026/03/30 14:40:41	,	119012	,	697	,10.5599,1999.9000,-0.1911,398.3929,594724.8750,28.7706,605257.3125,1999.9000,
	2026/03/30 14:40:41	,	120012	,	698	,10.5599,1999.9000,-0.1935,398.4600,594724.8750,28.7769,605257.3125,1999.9000,
	2026/03/30 14:40:41	,	121012	,	699	,10.5600,1999.9000,-0.1935,398.5160,594724.8750,28.7821,605257.3125,1999.9000,
	2026/03/30 14:40:41	,	122012	,	700	,10.5600,1999.9000,-0.1935,398.3636,594724.8750,28.7865,605257.3125,1999.9000,
	2026/03/30 14:40:41	,	123012	,	701	,10.5600,1999.9000,-0.1935,398.2366,594724.8750,28.7901,605257.3125,1999.9000,
	2026/03/30 14:40:41	,	124012	,	702	,10.5600,1999.9000,-0.1935,398.1308,594870.8750,28.7916,605045.3125,1999.9000,
	2026/03/30 14:40:41	,	125012	,	703	,10.5600,1999.9000,-0.1894,398.0427,594953.6875,28.7883,604913.0000,1999.9000,
	2026/03/30 14:40:41	,	126012	,	704	,10.5600,1999.9000,-0.1857,397.8698,594969.7500,28.7855,604818.8125,1999.9000,
	2026/03/30 14:40:41	,	127012	,	705	,10.5600,1999.9000,-0.1823,397.4272,594993.6250,28.7832,604733.6250,1999.9000,
	2026/03/30 14:40:41	,	128012	,	706	,10.5600,1999.9000,-0.1766,397.3569,595313.5625,28.7813,604544.0000,1999.9000,
	2026/03/30 14:40:41	,	129012	,	707	,10.5599,1999.9000,-0.1679,397.2982,595678.7500,28.7690,604360.3750,1999.9000,
	2026/03/30 14:40:41	,	130012	,	708	,10.5599,1999.9000,-0.1608,397.0504,595678.7500,28.7557,604360.3750,1999.9000,
	2026/03/30 14:40:41	,	131012	,	709	,10.5599,1999.9000,-0.1607,396.8439,595678.7500,28.7447,604360.3750,1999.9000,
	2026/03/30 14:40:41	,	132012	,	710	,10.5599,1999.9000,-0.1606,396.6718,595678.7500,28.7354,604360.3750,1999.9000,
	2026/03/30 14:40:41	,	133012	,	711	,10.5599,1999.9000,-0.1606,397.1253,595678.7500,28.7277,604360.3750,1999.9000,
	2026/03/30 14:40:41	,	134012	,	712	,10.5599,1999.9000,-0.1606,397.6026,595528.0625,28.7244,604550.6250,1999.9000,
	2026/03/30 14:40:41	,	135012	,	713	,10.5599,1999.9000,-0.1606,398.0004,595442.8750,28.7231,604672.6250,1999.9000,
	2026/03/30 14:40:41	,	136012	,	714	,10.5599,1999.9000,-0.1609,398.5309,595427.6250,28.7281,604765.6875,1999.9000,
	2026/03/30 14:40:41	,	137012	,	715	,10.5599,1999.9000,-0.1634,398.9729,595406.9375,28.7323,604859.8750,1999.9000,
	2026/03/30 14:40:41	,	138012	,	716	,10.5599,1999.9000,-0.1661,399.3412,595159.2500,28.7450,605047.6875,1999.9000,
	2026/03/30 14:40:41	,	139012	,	717	,10.5599,1999.9000,-0.1729,399.6482,594818.4375,28.7586,605349.6875,1999.9000,
	2026/03/30 14:40:41	,	140012	,	718	,10.5600,1999.9000,-0.1792,399.9040,594818.4375,28.7699,605349.6875,1999.9000,
	2026/03/30 14:40:41	,	141012	,	719	,10.5600,1999.9000,-0.1840,399.8187,594818.4375,28.7763,605349.6875,1999.9000,
	2026/03/30 14:40:41	,	142012	,	720	,10.5600,1999.9000,-0.1840,399.6482,594818.4375,28.7801,605349.6875,1999.9000,
	2026/03/30 14:40:41	,	143012	,	721	,10.5600,1999.9000,-0.1840,399.5061,594818.4375,28.7833,605349.6875,1999.9000,
	2026/03/30 14:40:41	,	144012	,	722	,10.5600,1999.9000,-0.1840,399.2882,594821.8125,28.7859,605135.3125,1999.9000,
	2026/03/30 14:40:41	,	145012	,	723	,10.5600,1999.9000,-0.1840,399.2882,594950.1250,28.7881,604989.1250,1999.9000,
	2026/03/30 14:40:41	,	146012	,	724	,10.5600,1999.9000,-0.1837,399.0072,594967.3750,28.7900,604885.8750,1999.9000,
	2026/03/30 14:40:41	,	147012	,	725	,10.5600,1999.9000,-0.1810,398.7730,594985.4375,28.7869,604796.5000,1999.9000,
	2026/03/30 14:40:41	,	148012	,	726	,10.5600,1999.9000,-0.1801,398.5779,595215.2500,28.7844,604647.8750,1999.9000,
	2026/03/30 14:40:41	,	149012	,	727	,10.5600,1999.9000,-0.1739,398.2796,595573.8750,28.7792,604363.3750,1999.9000,
	2026/03/30 14:40:41	,	150012	,	728	,10.5600,1999.9000,-0.1729,398.2796,595580.7500,28.7749,604363.3750,1999.9000,
	2026/03/30 14:40:41	,	151012	,	729	,10.5600,1999.9000,-0.1725,398.1667,595583.0000,28.7713,604363.3750,1999.9000,
	2026/03/30 14:40:41	,	152012	,	730	,10.5601,1999.9000,-0.1723,398.2715,595584.1250,28.7668,604363.3750,1999.9000,
	2026/03/30 14:40:41	,	153012	,	731	,10.5601,1999.9000,-0.1722,397.9609,595584.8125,28.7630,604363.3750,1999.9000,
	2026/03/30 14:40:41	,	154012	,	732	,10.5601,1999.9000,-0.1722,397.4037,595585.3125,28.7569,604527.6875,1999.9000,
	2026/03/30 14:40:41	,	155012	,	733	,10.5601,1999.9000,-0.1759,397.2378,595473.8125,28.7517,604669.0000,1999.9000,
	2026/03/30 14:40:41	,	156012	,	734	,10.5601,1999.9000,-0.1798,397.4974,595445.2500,28.7504,604764.4375,1999.9000,
	2026/03/30 14:40:41	,	157012	,	735	,10.5601,1999.9000,-0.1828,397.7138,595424.5625,28.7494,604852.0000,1999.9000,
	2026/03/30 14:40:41	,	158012	,	736	,10.5601,1999.9000,-0.1856,397.4962,595250.4375,28.7494,604980.0625,1999.9000,
	2026/03/30 14:40:41	,	159012	,	737	,10.5601,1999.9000,-0.1914,397.3148,594929.8750,28.7500,605270.6250,1999.9000,
	2026/03/30 14:40:41	,	160012	,	738	,10.5601,1999.9000,-0.1914,397.1637,594782.6875,28.7506,605270.6250,1999.9000,
	2026/03/30 14:40:41	,	161012	,	739	,10.5601,1999.9000,-0.1914,397.0378,594782.6875,28.7557,605270.6250,1999.9000,
	2026/03/30 14:40:41	,	162012	,	740	,10.5601,1999.9000,-0.1914,397.4303,594782.6875,28.7599,605270.6250,1999.9000,
	2026/03/30 14:40:41	,	163012	,	741	,10.5601,1999.9000,-0.1914,397.7573,594782.6875,28.7634,605270.6250,1999.9000,
	2026/03/30 14:40:41	,	164012	,	742	,10.5600,1999.9000,-0.1888,397.5606,594782.6875,28.7687,605187.2500,1999.9000,
	2026/03/30 14:40:41	,	165012	,	743	,10.5600,1999.9000,-0.1819,397.5606,594917.3750,28.7687,605018.6875,1999.9000,
	2026/03/30 14:40:41	,	166012	,	744	,10.5600,1999.9000,-0.1751,397.1696,594941.4375,28.7677,604899.7500,1999.9000,
	2026/03/30 14:40:41	,	167012	,	745	,10.5600,1999.9000,-0.1693,396.8438,594955.0625,28.7668,604798.2500,1999.9000,
	2026/03/30 14:40:41	,	168012	,	746	,10.5600,1999.9000,-0.1642,396.5722,595097.8750,28.7539,604687.1250,1999.9000,
	2026/03/30 14:40:41	,	169012	,	747	,10.5600,1999.9000,-0.1558,396.3459,595435.1250,28.7431,604428.0625,1999.9000,
	2026/03/30 14:40:41	,	170012	,	748	,10.5600,1999.9000,-0.1471,396.1574,595631.7500,28.7341,604428.0625,1999.9000,
	2026/03/30 14:40:41	,	171012	,	749	,10.5600,1999.9000,-0.1405,396.0002,595631.7500,28.7266,604428.0625,1999.9000,
	2026/03/30 14:40:41	,	172012	,	750	,10.5600,1999.9000,-0.1405,395.9688,595631.7500,28.7204,604428.0625,1999.9000,
	2026/03/30 14:40:41	,	173012	,	751	,10.5600,1999.9000,-0.1405,396.0420,595631.7500,28.7167,604428.0625,1999.9000,
	2026/03/30 14:40:41	,	174012	,	752	,10.5600,1999.9000,-0.1405,396.2025,595631.7500,28.7136,604433.8125,1999.9000,
	2026/03/30 14:40:41	,	175012	,	753	,10.5600,1999.9000,-0.1405,396.3363,595487.5000,28.7111,604624.3125,1999.9000,
	2026/03/30 14:40:41	,	176012	,	754	,10.5600,1999.9000,-0.1442,396.6467,595453.1875,28.7105,604731.2500,1999.9000,
	2026/03/30 14:40:41	,	177012	,	755	,10.5600,1999.9000,-0.1478,397.3033,595432.1250,28.7253,604814.0000,1999.9000,
	2026/03/30 14:40:41	,	178012	,	756	,10.5600,1999.9000,-0.1506,397.4525,595311.1875,28.7376,604913.0000,1999.9000,
	2026/03/30 14:40:41	,	179012	,	757	,10.5600,1999.9000,-0.1564,397.5769,595042.5000,28.7463,605181.8125,1999.9000,
	2026/03/30 14:40:41	,	180012	,	758	,10.5600,1999.9000,-0.1644,397.6805,594739.1875,28.7398,605213.1875,1999.9000,
	2026/03/30 14:40:41	,	181012	,	759	,10.5600,1999.9000,-0.1714,397.7669,594739.1875,28.7345,605223.7500,1999.9000,
	2026/03/30 14:40:41	,	182012	,	760	,10.5600,1999.9000,-0.1778,397.6400,594739.1875,28.7300,605228.9375,1999.9000,
	2026/03/30 14:40:41	,	183012	,	761	,10.5600,1999.9000,-0.1810,397.6336,594739.1875,28.7339,605232.0625,1999.9000,
	2026/03/30 14:40:41	,	184012	,	762	,10.5599,1999.9000,-0.1810,397.7278,594739.1875,28.7371,605234.1875,1999.9000,
	2026/03/30 14:40:41	,	185012	,	763	,10.5599,1999.9000,-0.1810,397.8063,594885.7500,28.7398,605048.3125,1999.9000,
	2026/03/30 14:40:41	,	186012	,	764	,10.5599,1999.9000,-0.1810,397.7722,594920.9375,28.7421,604920.3125,1999.9000,
	2026/03/30 14:40:41	,	187012	,	765	,10.5599,1999.9000,-0.1810,397.0476,594941.8125,28.7424,604814.6250,1999.9000,
	2026/03/30 14:40:41	,	188012	,	766	,10.5599,1999.9000,-0.1810,396.4436,595060.3125,28.7427,604720.3125,1999.9000,
	2026/03/30 14:40:41	,	189012	,	767	,10.5599,1999.9000,-0.1777,396.6367,595335.5625,28.7430,604514.3750,1999.9000,
	2026/03/30 14:40:41	,	190012	,	768	,10.5599,1999.9000,-0.1723,396.7976,595685.3750,28.7416,604429.8125,1999.9000,
	2026/03/30 14:40:41	,	191012	,	769	,10.5599,1999.9000,-0.1723,397.2300,595685.3750,28.7390,604429.8125,1999.9000,
	2026/03/30 14:40:41	,	192012	,	770	,10.5599,1999.9000,-0.1723,397.5905,595685.3750,28.7368,604429.8125,1999.9000,
	2026/03/30 14:40:41	,	193012	,	771	,10.5599,1999.9000,-0.1723,397.8908,595685.3750,28.7365,604429.8125,1999.9000,
	2026/03/30 14:40:41	,	194012	,	772	,10.5599,1999.9000,-0.1723,398.1411,595685.3750,28.7363,604429.8125,1999.9000,
	2026/03/30 14:40:41	,	195012	,	773	,10.5600,1999.9000,-0.1764,398.3496,595542.3750,28.7361,604624.3125,1999.9000,
	2026/03/30 14:40:41	,	196012	,	774	,10.5600,1999.9000,-0.1802,398.5234,595448.8125,28.7374,604732.3750,1999.9000,
	2026/03/30 14:40:41	,	197012	,	775	,10.5600,1999.9000,-0.1825,398.6683,595429.1875,28.7401,604820.0625,1999.9000,
	2026/03/30 14:40:41	,	198012	,	776	,10.5600,1999.9000,-0.1827,398.7889,595408.1250,28.7453,604860.5000,1999.9000,
	2026/03/30 14:40:41	,	199012	,	777	,10.5600,1999.9000,-0.1849,398.8896,595165.1875,28.7497,605113.5625,1999.9000,
	2026/03/30 14:40:41	,	200012	,	778	,10.5600,1999.9000,-0.1892,399.1723,594819.0000,28.7533,605303.1875,1999.9000,
	2026/03/30 14:40:41	,	201012	,	779	,10.5600,1999.9000,-0.1892,399.2090,594819.0000,28.7594,605303.1875,1999.9000,
	2026/03/30 14:40:41	,	202012	,	780	,10.5600,1999.9000,-0.1892,399.1401,594819.0000,28.7676,605303.1875,1999.9000,
	2026/03/30 14:40:41	,	203012	,	781	,10.5600,1999.9000,-0.1892,399.0827,594819.0000,28.7744,605303.1875,1999.9000,
	2026/03/30 14:40:41	,	204012	,	782	,10.5600,1999.9000,-0.1892,399.0348,594819.0000,28.7801,605303.1875,1999.9000,
	2026/03/30 14:40:41	,	205012	,	783	,10.5599,1999.9000,-0.1823,399.2934,594820.4375,28.7771,605079.7500,1999.9000,
	2026/03/30 14:40:41	,	206012	,	784	,10.5599,1999.9000,-0.1768,399.3099,594929.2500,28.7732,604946.8125,1999.9000,
	2026/03/30 14:40:41	,	207012	,	785	,10.5599,1999.9000,-0.1724,399.2242,594945.0625,28.7698,604838.1250,1999.9000,
	2026/03/30 14:40:41	,	208012	,	786	,10.5599,1999.9000,-0.1693,398.7549,594959.4375,28.7671,604745.1250,1999.9000,
	2026/03/30 14:40:41	,	209012	,	787	,10.5599,1999.9000,-0.1650,398.3638,595180.0625,28.7648,604579.0000,1999.9000,
	2026/03/30 14:40:41	,	210012	,	788	,10.5599,1999.9000,-0.1576,398.0378,595550.1250,28.7614,604342.8750,1999.9000,
	2026/03/30 14:40:41	,	211012	,	789	,10.5599,1999.9000,-0.1576,397.7663,595571.8125,28.7585,604342.8750,1999.9000,
	2026/03/30 14:40:41	,	212012	,	790	,10.5599,1999.9000,-0.1576,397.5399,595579.0625,28.7561,604342.8750,1999.9000,
	2026/03/30 14:40:41	,	213012	,	791	,10.5599,1999.9000,-0.1576,397.5503,595582.7500,28.7541,604342.8750,1999.9000,
	2026/03/30 14:40:41	,	214012	,	792	,10.5599,1999.9000,-0.1576,397.5588,595584.9375,28.7525,604342.8750,1999.9000,
	2026/03/30 14:40:41	,	215012	,	793	,10.5599,1999.9000,-0.1621,397.4666,595586.3750,28.7511,604541.0000,1999.9000,
	2026/03/30 14:40:41	,	216012	,	794	,10.5599,1999.9000,-0.1667,397.3896,595483.3750,28.7499,604671.4375,1999.9000,
	2026/03/30 14:40:41	,	217012	,	795	,10.5599,1999.9000,-0.1697,397.4250,595455.6875,28.7490,604774.0625,1999.9000,
	2026/03/30 14:40:41	,	218012	,	796	,10.5599,1999.9000,-0.1706,397.4545,595435.2500,28.7482,604856.8125,1999.9000,
	2026/03/30 14:40:41	,	219012	,	797	,10.5600,1999.9000,-0.1743,397.4791,595255.8125,28.7475,605021.1250,1999.9000,
	2026/03/30 14:40:41	,	220012	,	798	,10.5600,1999.9000,-0.1813,397.8974,594923.8750,28.7470,605332.8125,1999.9000,
	2026/03/30 14:40:41	,	221012	,	799	,10.5600,1999.9000,-0.1878,398.3456,594783.8750,28.7496,605332.8125,1999.9000,
	2026/03/30 14:40:41	,	222012	,	800	,10.5600,1999.9000,-0.1878,398.6195,594783.8750,28.7517,605332.8125,1999.9000,
	2026/03/30 14:40:41	,	223012	,	801	,10.5600,1999.9000,-0.1878,398.6489,594783.8750,28.7489,605332.8125,1999.9000,
	2026/03/30 14:40:41	,	224012	,	802	,10.5600,1999.9000,-0.1878,398.8723,594783.8750,28.7466,605332.8125,1999.9000,
	2026/03/30 14:40:41	,	225012	,	803	,10.5600,1999.9000,-0.1878,399.1579,594783.8750,28.7447,605140.1250,1999.9000,
	2026/03/30 14:40:41	,	226012	,	804	,10.5600,1999.9000,-0.1875,399.3959,594783.8750,28.7431,604987.8750,1999.9000,
	2026/03/30 14:40:41	,	227012	,	805	,10.5600,1999.9000,-0.1826,399.5943,594916.1250,28.7417,604887.0000,1999.9000,
	2026/03/30 14:40:41	,	228012	,	806	,10.5599,1999.9000,-0.1804,399.7596,594945.0000,28.7406,604804.3125,1999.9000,
	2026/03/30 14:40:41	,	229012	,	807	,10.5599,1999.9000,-0.1778,399.5989,594964.0000,28.7397,604679.2500,1999.9000,
	2026/03/30 14:40:41	,	230012	,	808	,10.5599,1999.9000,-0.1715,399.4651,595109.1875,28.7389,604397.8125,1999.9000,
	2026/03/30 14:40:41	,	231012	,	809	,10.5599,1999.9000,-0.1675,399.0551,595438.0625,28.7383,604397.8125,1999.9000,
	2026/03/30 14:40:41	,	232012	,	810	,10.5599,1999.9000,-0.1675,399.0118,595659.7500,28.7377,604397.8125,1999.9000,
	2026/03/30 14:40:41	,	233012	,	811	,10.5599,1999.9000,-0.1675,398.9758,595659.7500,28.7373,604397.8125,1999.9000,
	2026/03/30 14:40:41	,	234012	,	812	,10.5599,1999.9000,-0.1675,398.7468,595659.7500,28.7369,604397.8125,1999.9000,
	2026/03/30 14:40:41	,	235012	,	813	,10.5599,1999.9000,-0.1675,398.4565,595659.7500,28.7381,604513.1875,1999.9000,
	2026/03/30 14:40:41	,	236012	,	814	,10.5599,1999.9000,-0.1707,398.1151,595659.7500,28.7406,604658.7500,1999.9000,
	2026/03/30 14:40:41	,	237012	,	815	,10.5599,1999.9000,-0.1736,397.7312,595513.7500,28.7489,604766.8750,1999.9000,
	2026/03/30 14:40:41	,	238012	,	816	,10.5599,1999.9000,-0.1760,397.5107,595413.9375,28.7557,604860.5000,1999.9000,
	2026/03/30 14:40:41	,	239012	,	817	,10.5599,1999.9000,-0.1790,397.5259,595413.9375,28.7615,604983.6875,1999.9000,
	2026/03/30 14:40:41	,	240012	,	818	,10.5599,1999.9000,-0.1856,397.6381,595314.1875,28.7662,604983.6875,1999.9000,
	2026/03/30 14:40:41	,	241012	,	819	,10.5599,1999.9000,-0.1919,397.6320,595048.4375,28.7702,605276.0625,1999.9000,
	2026/03/30 14:40:41	,	242012	,	820	,10.5600,1999.9000,-0.1919,397.3286,594727.8750,28.7735,605276.0625,1999.9000,
	2026/03/30 14:40:41	,	243012	,	821	,10.5600,1999.9000,-0.1919,396.9763,594727.8750,28.7763,605276.0625,1999.9000,
	2026/03/30 14:40:41	,	244012	,	822	,10.5600,1999.9000,-0.1919,396.6826,594727.8750,28.7770,605276.0625,1999.9000,
	2026/03/30 14:40:41	,	245012	,	823	,10.5601,1999.9000,-0.1919,396.9354,594727.8750,28.7777,605276.0625,1999.9000,
	2026/03/30 14:40:41	,	246012	,	824	,10.5601,1999.9000,-0.1867,397.1459,594727.8750,28.7782,605186.6250,1999.9000,
	2026/03/30 14:40:41	,	247012	,	825	,10.5601,1999.9000,-0.1816,397.6198,594884.6250,28.7756,605007.2500,1999.9000,
	2026/03/30 14:40:41	,	248012	,	826	,10.5601,1999.9000,-0.1768,397.7163,594920.9375,28.7734,604887.0000,1999.9000,
	2026/03/30 14:40:41	,	249012	,	827	,10.5601,1999.9000,-0.1722,397.7967,594940.6250,28.7685,604792.1875,1999.9000,
	2026/03/30 14:40:41	,	250012	,	828	,10.5601,1999.9000,-0.1647,397.8637,595043.0625,28.7645,604695.6250,1999.9000,
	2026/03/30 14:40:41	,	251012	,	829	,10.5601,1999.9000,-0.1561,397.9196,595315.3125,28.7641,604450.3750,1999.9000,
	2026/03/30 14:40:41	,	252012	,	830	,10.5600,1999.9000,-0.1500,397.9661,595670.4375,28.7608,604450.3750,1999.9000,
	2026/03/30 14:40:41	,	253012	,	831	,10.5600,1999.9000,-0.1500,398.0049,595670.4375,28.7580,604450.3750,1999.9000,
	2026/03/30 14:40:41	,	254012	,	832	,10.5600,1999.9000,-0.1500,398.0372,595670.4375,28.7542,604450.3750,1999.9000,
	2026/03/30 14:40:41	,	255012	,	833	,10.5600,1999.9000,-0.1500,398.2631,595670.4375,28.7510,604450.3750,1999.9000,
	2026/03/30 14:40:41	,	256012	,	834	,10.5600,1999.9000,-0.1500,398.4513,595670.4375,28.7483,604451.0000,1999.9000,
	2026/03/30 14:40:41	,	257012	,	835	,10.5600,1999.9000,-0.1500,398.6082,595515.5000,28.7461,604627.9375,1999.9000,
	2026/03/30 14:40:41	,	258012	,	836	,10.5600,1999.9000,-0.1532,398.4405,595426.1875,28.7428,604725.7500,1999.9000,
	2026/03/30 14:40:41	,	259012	,	837	,10.5601,1999.9000,-0.1570,398.9970,595407.3750,28.7399,604814.0000,1999.9000,
	2026/03/30 14:40:41	,	260012	,	838	,10.5601,1999.9000,-0.1640,399.4608,595387.0000,28.7346,604911.8125,1999.9000,
	2026/03/30 14:40:41	,	261012	,	839	,10.5601,1999.9000,-0.1735,399.8473,595165.1875,28.7301,605159.4375,1999.9000,
	2026/03/30 14:40:41	,	262012	,	840	,10.5601,1999.9000,-0.1804,399.6720,594825.6250,28.7263,605263.3125,1999.9000,
	2026/03/30 14:40:41	,	263012	,	841	,10.5601,1999.9000,-0.1811,399.5260,594825.6250,28.7247,605263.3125,1999.9000,
	2026/03/30 14:40:41	,	264012	,	842	,10.5601,1999.9000,-0.1813,399.4043,594825.6250,28.7234,605263.3125,1999.9000,
	2026/03/30 14:40:41	,	265012	,	843	,10.5600,1999.9000,-0.1814,399.3028,594825.6250,28.7223,605263.3125,1999.9000,
	2026/03/30 14:40:41	,	266012	,	844	,10.5600,1999.9000,-0.1815,399.2183,594825.6250,28.7244,605263.3125,1999.9000,
	2026/03/30 14:40:41	,	267012	,	845	,10.5600,1999.9000,-0.1815,399.1478,594828.1875,28.7277,605068.8750,1999.9000,
	2026/03/30 14:40:41	,	268012	,	846	,10.5600,1999.9000,-0.1815,398.9897,594948.3750,28.7304,604952.2500,1999.9000,
	2026/03/30 14:40:41	,	269012	,	847	,10.5600,1999.9000,-0.1815,398.8578,594968.3125,28.7342,604846.5625,1999.9000,
	2026/03/30 14:40:41	,	270012	,	848	,10.5600,1999.9000,-0.1814,398.5490,594986.3125,28.7374,604751.1250,1999.9000,
	2026/03/30 14:40:41	,	271012	,	849	,10.5600,1999.9000,-0.1775,398.1922,595203.9375,28.7401,604530.6875,1999.9000,
	2026/03/30 14:40:41	,	272012	,	850	,10.5600,1999.9000,-0.1702,397.8949,595560.2500,28.7423,604375.4375,1999.9000,
	2026/03/30 14:40:41	,	273012	,	851	,10.5600,1999.9000,-0.1640,397.6471,595575.7500,28.7441,604375.4375,1999.9000,
	2026/03/30 14:40:41	,	274012	,	852	,10.5600,1999.9000,-0.1605,397.5401,595580.9375,28.7472,604375.4375,1999.9000,
	2026/03/30 14:40:41	,	275012	,	853	,10.5600,1999.9000,-0.1605,397.4509,595583.5000,28.7543,604375.4375,1999.9000,
	2026/03/30 14:40:41	,	276012	,	854	,10.5600,1999.9000,-0.1605,397.3766,595585.0000,28.7603,604375.4375,1999.9000,
	2026/03/30 14:40:41	,	277012	,	855	,10.5599,1999.9000,-0.1605,397.4142,595586.0625,28.7591,604562.1250,1999.9000,
	2026/03/30 14:40:41	,	278012	,	856	,10.5599,1999.9000,-0.1605,397.4455,595478.6250,28.7582,604687.1250,1999.9000,
	2026/03/30 14:40:41	,	279012	,	857	,10.5599,1999.9000,-0.1607,397.4715,595451.7500,28.7589,604794.6250,1999.9000,
	2026/03/30 14:40:41	,	280012	,	858	,10.5599,1999.9000,-0.1610,397.6922,595433.5000,28.7672,604887.0000,1999.9000,
	2026/03/30 14:40:41	,	281012	,	859	,10.5599,1999.9000,-0.1656,397.8761,595276.0625,28.7672,605078.5000,1999.9000,
	2026/03/30 14:40:41	,	282012	,	860	,10.5600,1999.9000,-0.1730,398.0294,594951.8750,28.7853,605302.0000,1999.9000,
	2026/03/30 14:40:41	,	283012	,	861	,10.5600,1999.9000,-0.1795,398.2565,594791.0000,28.7853,605302.0000,1999.9000,
	2026/03/30 14:40:41	,	284012	,	862	,10.5600,1999.9000,-0.1817,398.7443,594791.0000,28.7892,605302.0000,1999.9000,
	2026/03/30 14:40:41	,	285012	,	863	,10.5600,1999.9000,-0.1817,399.1507,594791.0000,28.7908,605302.0000,1999.9000,
	2026/03/30 14:40:41	,	286012	,	864	,10.5600,1999.9000,-0.1817,399.4895,594791.0000,28.7907,605302.0000,1999.9000,
	2026/03/30 14:40:41	,	287012	,	865	,10.5600,1999.9000,-0.1817,399.7717,594791.0000,28.7906,605101.4375,1999.9000,
	2026/03/30 14:40:41	,	288012	,	866	,10.5601,1999.9000,-0.1817,400.0069,594916.1250,28.7905,604966.8125,1999.9000,
	2026/03/30 14:40:41	,	289012	,	867	,10.5601,1999.9000,-0.1815,400.2029,594945.0000,28.7904,604861.1250,1999.9000,
	2026/03/30 14:40:41	,	290012	,	868	,10.5601,1999.9000,-0.1792,399.8689,594963.6250,28.7781,604770.5000,1999.9000,
	2026/03/30 14:40:41	,	291012	,	869	,10.5601,1999.9000,-0.1783,399.4911,595105.6250,28.7679,604603.1875,1999.9000,
	2026/03/30 14:40:41	,	292012	,	870	,10.5601,1999.9000,-0.1714,399.1762,595425.0000,28.7593,604326.5625,1999.9000,
	2026/03/30 14:40:41	,	293012	,	871	,10.5601,1999.9000,-0.1662,398.9138,595662.1250,28.7523,604326.5625,1999.9000,
	2026/03/30 14:40:41	,	294012	,	872	,10.5601,1999.9000,-0.1662,398.6952,595662.1250,28.7463,604326.5625,1999.9000,
	2026/03/30 14:40:41	,	295012	,	873	,10.5601,1999.9000,-0.1662,398.6125,595662.1250,28.7429,604326.5625,1999.9000,
	2026/03/30 14:40:41	,	296012	,	874	,10.5601,1999.9000,-0.1662,398.8419,595662.1250,28.7401,604326.5625,1999.9000,
	2026/03/30 14:40:41	,	297012	,	875	,10.5601,1999.9000,-0.1662,399.0331,595662.1250,28.7377,604536.6875,1999.9000,
	2026/03/30 14:40:41	,	298012	,	876	,10.5601,1999.9000,-0.1692,399.1925,595512.5625,28.7418,604676.8750,1999.9000,
	2026/03/30 14:40:41	,	299012	,	877	,10.5601,1999.9000,-0.1735,399.6237,595474.1250,28.7498,604777.7500,1999.9000,
	2026/03/30 14:40:41	,	300012	,	878	,10.5601,1999.9000,-0.1779,399.9831,595450.2500,28.7565,604859.2500,1999.9000,
	2026/03/30 14:40:41	,	301012	,	879	,10.5601,1999.9000,-0.1826,400.3820,595327.8125,28.7621,605006.6250,1999.9000,
	2026/03/30 14:40:41	,	302012	,	880	,10.5601,1999.9000,-0.1909,400.6149,595062.1250,28.7668,605305.6250,1999.9000,
	2026/03/30 14:40:41	,	303012	,	881	,10.5601,1999.9000,-0.1983,400.8091,594735.6250,28.7691,605305.6250,1999.9000,
	2026/03/30 14:40:41	,	304012	,	882	,10.5601,1999.9000,-0.1983,400.9709,594735.6250,28.7695,605305.6250,1999.9000,
	2026/03/30 14:40:41	,	305012	,	883	,10.5601,1999.9000,-0.1983,401.1057,594735.6250,28.7699,605305.6250,1999.9000,
	2026/03/30 14:40:41	,	306012	,	884	,10.5601,1999.9000,-0.1983,401.2181,594735.6250,28.7702,605305.6250,1999.9000,
	2026/03/30 14:40:41	,	307012	,	885	,10.5601,1999.9000,-0.1983,401.3117,594735.6250,28.7689,605158.8750,1999.9000,
	2026/03/30 14:40:41	,	308012	,	886	,10.5601,1999.9000,-0.1945,401.3897,594885.7500,28.7678,604997.6250,1999.9000,
	2026/03/30 14:40:41	,	309012	,	887	,10.5600,1999.9000,-0.1898,401.1563,594922.4375,28.7669,604884.0625,1999.9000,
	2026/03/30 14:40:41	,	310012	,	888	,10.5600,1999.9000,-0.1858,400.8624,594941.1250,28.7662,604785.0000,1999.9000,
	2026/03/30 14:40:41	,	311012	,	889	,10.5600,1999.9000,-0.1820,400.6174,595035.8750,28.7671,604661.1250,1999.9000,
	2026/03/30 14:40:41	,	312012	,	890	,10.5600,1999.9000,-0.1751,400.3137,595296.8750,28.7663,604392.3750,1999.9000,
	2026/03/30 14:40:41	,	313012	,	891	,10.5600,1999.9000,-0.1675,400.0607,595658.5000,28.7657,604392.3750,1999.9000,
	2026/03/30 14:40:41	,	314012	,	892	,10.5600,1999.9000,-0.1619,399.6509,595658.5000,28.7652,604392.3750,1999.9000,
	2026/03/30 14:40:41	,	315012	,	893	,10.5599,1999.9000,-0.1613,399.3094,595658.5000,28.7662,604392.3750,1999.9000,
	2026/03/30 14:40:41	,	316012	,	894	,10.5599,1999.9000,-0.1611,398.9254,595658.5000,28.7672,604392.3750,1999.9000,
	2026/03/30 14:40:41	,	317012	,	895	,10.5599,1999.9000,-0.1610,398.6053,595658.5000,28.7679,604485.3750,1999.9000,
	2026/03/30 14:40:41	,	318012	,	896	,10.5600,1999.9000,-0.1610,398.0402,595550.1250,28.7624,604649.6875,1999.9000,
	2026/03/30 14:40:41	,	319012	,	897	,10.5600,1999.9000,-0.1609,397.8676,595450.6250,28.7579,604752.3750,1999.9000,
	2026/03/30 14:40:41	,	320012	,	898	,10.5600,1999.9000,-0.1613,397.7239,595430.6250,28.7540,604841.1250,1999.9000,
	2026/03/30 14:40:41	,	321012	,	899	,10.5600,1999.9000,-0.1657,397.6041,595409.1250,28.7509,604956.5625,1999.9000,
	2026/03/30 14:40:41	,	322012	,	900	,10.5600,1999.9000,-0.1723,397.5043,595169.9375,28.7452,605233.7500,1999.9000,
	2026/03/30 14:40:41	,	323012	,	901	,10.5600,1999.9000,-0.1812,397.5205,594826.1875,28.7389,605233.7500,1999.9000,
	2026/03/30 14:40:41	,	324012	,	902	,10.5600,1999.9000,-0.1882,397.6336,594826.1875,28.7337,605233.7500,1999.9000,
	2026/03/30 14:40:41	,	325012	,	903	,10.5600,1999.9000,-0.1908,397.7278,594826.1875,28.7309,605233.7500,1999.9000,
	2026/03/30 14:40:41	,	326012	,	904	,10.5600,1999.9000,-0.1908,397.8063,594826.1875,28.7316,605233.7500,1999.9000,
	2026/03/30 14:40:41	,	327012	,	905	,10.5601,1999.9000,-0.1908,397.8717,594826.1875,28.7383,605231.0000,1999.9000,
	2026/03/30 14:40:41	,	328012	,	906	,10.5600,1999.9000,-0.1908,397.9262,594828.1875,28.7438,605043.5000,1999.9000,
	2026/03/30 14:40:41	,	329012	,	907	,10.5600,1999.9000,-0.1908,397.9716,594943.0000,28.7485,604935.9375,1999.9000,
	2026/03/30 14:40:41	,	330012	,	908	,10.5600,1999.9000,-0.1884,397.8105,594962.3125,28.7447,604833.2500,1999.9000,
	2026/03/30 14:40:41	,	331012	,	909	,10.5600,1999.9000,-0.1860,397.5768,594979.8750,28.7416,604725.7500,1999.9000,
	2026/03/30 14:40:41	,	332012	,	910	,10.5600,1999.9000,-0.1807,397.3820,595184.2500,28.7405,604490.1875,1999.9000,
	2026/03/30 14:40:41	,	333012	,	911	,10.5600,1999.9000,-0.1729,397.2197,595540.0000,28.7396,604458.8125,1999.9000,
	2026/03/30 14:40:41	,	334012	,	912	,10.5600,1999.9000,-0.1670,396.7861,595576.0000,28.7388,604448.3750,1999.9000,
	2026/03/30 14:40:41	,	335012	,	913	,10.5600,1999.9000,-0.1670,396.4247,595588.0000,28.7382,604443.1250,1999.9000,
	2026/03/30 14:40:41	,	336012	,	914	,10.5600,1999.9000,-0.1670,396.1235,595594.0000,28.7377,604440.0000,1999.9000,
	2026/03/30 14:40:41	,	337012	,	915	,10.5600,1999.9000,-0.1670,395.9720,595597.5625,28.7387,604437.8750,1999.9000,
	2026/03/30 14:40:41	,	338012	,	916	,10.5600,1999.9000,-0.1670,396.0447,595599.9375,28.7442,604603.1875,1999.9000,
	2026/03/30 14:40:41	,	339012	,	917	,10.5600,1999.9000,-0.1673,396.4037,595493.5000,28.7503,604720.9375,1999.9000,
	2026/03/30 14:40:41	,	340012	,	918	,10.5600,1999.9000,-0.1711,396.7029,595464.5625,28.7554,604814.6250,1999.9000,
	2026/03/30 14:40:41	,	341012	,	919	,10.5600,1999.9000,-0.1716,396.9522,595444.8125,28.7597,604903.3750,1999.9000,
	2026/03/30 14:40:41	,	342012	,	920	,10.5600,1999.9000,-0.1745,397.1600,595276.0625,28.7632,605131.6875,1999.9000,
	2026/03/30 14:40:41	,	343012	,	921	,10.5601,1999.9000,-0.1807,397.3331,594950.7500,28.7661,605279.0000,1999.9000,
	2026/03/30 14:40:41	,	344012	,	922	,10.5601,1999.9000,-0.1849,397.4774,594779.1250,28.7686,605279.0000,1999.9000,
	2026/03/30 14:40:41	,	345012	,	923	,10.5601,1999.9000,-0.1849,397.5976,594779.1250,28.7706,605279.0000,1999.9000,
	2026/03/30 14:40:41	,	346012	,	924	,10.5601,1999.9000,-0.1849,397.6978,594779.1250,28.7723,605279.0000,1999.9000,
	2026/03/30 14:40:41	,	347012	,	925	,10.5601,1999.9000,-0.1849,397.8808,594779.1250,28.7737,605279.0000,1999.9000,
	2026/03/30 14:40:41	,	348012	,	926	,10.5601,1999.9000,-0.1849,397.9337,594779.1250,28.7749,605085.1875,1999.9000,
	2026/03/30 14:40:41	,	349012	,	927	,10.5601,1999.9000,-0.1795,397.9779,594891.1250,28.7759,604951.6250,1999.9000,
	2026/03/30 14:40:41	,	350012	,	928	,10.5601,1999.9000,-0.1749,398.0147,594925.9375,28.7767,604838.6875,1999.9000,
	2026/03/30 14:40:41	,	351012	,	929	,10.5601,1999.9000,-0.1717,398.1449,594945.3125,28.7774,604746.9375,1999.9000,
	2026/03/30 14:40:41	,	352012	,	930	,10.5601,1999.9000,-0.1675,398.2533,595088.3125,28.7780,604559.6875,1999.9000,
	2026/03/30 14:40:41	,	353012	,	931	,10.5601,1999.9000,-0.1596,398.3437,595405.9375,28.7785,604376.0625,1999.9000,
	2026/03/30 14:40:41	,	354012	,	932	,10.5601,1999.9000,-0.1529,398.0211,595667.5000,28.7774,604376.0625,1999.9000,
	2026/03/30 14:40:41	,	355012	,	933	,10.5601,1999.9000,-0.1529,397.7523,595667.5000,28.7764,604376.0625,1999.9000,
	2026/03/30 14:40:41	,	356012	,	934	,10.5601,1999.9000,-0.1529,397.5283,595667.5000,28.7711,604376.0625,1999.9000,
	2026/03/30 14:40:41	,	357012	,	935	,10.5601,1999.9000,-0.1529,397.3416,595667.5000,28.7635,604376.0625,1999.9000,
	2026/03/30 14:40:41	,	358012	,	936	,10.5601,1999.9000,-0.1529,397.3416,595667.5000,28.7572,604576.6250,1999.9000,
	2026/03/30 14:40:41	,	359012	,	937	,10.5601,1999.9000,-0.1571,397.7859,595517.8750,28.7520,604691.3125,1999.9000,
	2026/03/30 14:40:41	,	360012	,	938	,10.5601,1999.9000,-0.1617,397.5562,595434.5000,28.7507,604775.9375,1999.9000,
	2026/03/30 14:40:41	,	361012	,	939	,10.5601,1999.9000,-0.1657,397.7628,595420.1875,28.7496,604865.3125,1999.9000,
	2026/03/30 14:40:41	,	362012	,	940	,10.5601,1999.9000,-0.1709,397.7628,595337.9375,28.7487,605039.8750,1999.9000,
	2026/03/30 14:40:41	,	363012	,	941	,10.5601,1999.9000,-0.1801,398.2333,595070.5000,28.7525,605338.8125,1999.9000,
	2026/03/30 14:40:41	,	364012	,	942	,10.5601,1999.9000,-0.1885,398.6255,594735.6250,28.7572,605338.8125,1999.9000,
	2026/03/30 14:40:41	,	365012	,	943	,10.5601,1999.9000,-0.1916,398.9522,594735.6250,28.7612,605338.8125,1999.9000,
	2026/03/30 14:40:41	,	366012	,	944	,10.5601,1999.9000,-0.1916,399.1531,594735.6250,28.7645,605338.8125,1999.9000,
	2026/03/30 14:40:41	,	367012	,	945	,10.5601,1999.9000,-0.1916,399.1531,594735.6250,28.7672,605338.8125,1999.9000,
	2026/03/30 14:40:41	,	368012	,	946	,10.5601,1999.9000,-0.1916,398.8946,594735.6250,28.7695,605119.5625,1999.9000,
	2026/03/30 14:40:41	,	369012	,	947	,10.5601,1999.9000,-0.1916,398.6791,594882.7500,28.7668,604962.5625,1999.9000,
	2026/03/30 14:40:41	,	370012	,	948	,10.5601,1999.9000,-0.1913,398.4996,594919.7500,28.7691,604855.0625,1999.9000,
	2026/03/30 14:40:41	,	371012	,	949	,10.5601,1999.9000,-0.1885,398.1510,594938.8125,28.7711,604764.4375,1999.9000,
	2026/03/30 14:40:41	,	372012	,	950	,10.5600,1999.9000,-0.1875,397.7610,595028.7500,28.7682,604618.8750,1999.9000,
	2026/03/30 14:40:41	,	373012	,	951	,10.5600,1999.9000,-0.1804,397.4361,595301.6875,28.7657,604350.1250,1999.9000,
	2026/03/30 14:40:41	,	374012	,	952	,10.5600,1999.9000,-0.1736,397.1653,595656.1250,28.7713,604350.1250,1999.9000,
	2026/03/30 14:40:41	,	375012	,	953	,10.5600,1999.9000,-0.1685,396.9397,595656.1250,28.7668,604350.1250,1999.9000,
	2026/03/30 14:40:41	,	376012	,	954	,10.5599,1999.9000,-0.1654,396.7516,595656.1250,28.7630,604350.1250,1999.9000,
	2026/03/30 14:40:41	,	377012	,	955	,10.5599,1999.9000,-0.1654,396.5949,595656.1250,28.7629,604350.1250,1999.9000,
	2026/03/30 14:40:41	,	378012	,	956	,10.5599,1999.9000,-0.1654,396.4643,595656.1250,28.7628,604510.8125,1999.9000,
	2026/03/30 14:40:41	,	379012	,	957	,10.5599,1999.9000,-0.1654,396.6539,595527.4375,28.7597,604656.9375,1999.9000,
	2026/03/30 14:40:41	,	380012	,	958	,10.5599,1999.9000,-0.1654,397.0109,595435.1250,28.7541,604751.7500,1999.9000,
	2026/03/30 14:40:41	,	381012	,	959	,10.5599,1999.9000,-0.1654,397.3083,595416.6250,28.7494,604837.5625,1999.9000,
	2026/03/30 14:40:41	,	382012	,	960	,10.5599,1999.9000,-0.1656,397.6557,595397.9375,28.7455,604963.7500,1999.9000,
	2026/03/30 14:40:41	,	383012	,	961	,10.5600,1999.9000,-0.1722,397.9452,595183.0625,28.7422,605272.3750,1999.9000,
	2026/03/30 14:40:41	,	384012	,	962	,10.5600,1999.9000,-0.1809,398.1864,594841.6875,28.7395,605272.3750,1999.9000,
	2026/03/30 14:40:41	,	385012	,	963	,10.5600,1999.9000,-0.1882,398.3874,594839.9375,28.7372,605272.3750,1999.9000,
	2026/03/30 14:40:41	,	386012	,	964	,10.5599,1999.9000,-0.1933,398.5549,594839.3125,28.7308,605272.3750,1999.9000,
	2026/03/30 14:40:41	,	387012	,	965	,10.5598,1999.9000,-0.1933,398.5950,594839.0000,28.7254,605272.3750,1999.9000,
	2026/03/30 14:40:41	,	388012	,	966	,10.5597,1999.9000,-0.1933,398.6284,594838.8125,28.7270,605169.1250,1999.9000,
	2026/03/30 14:40:41	,	389012	,	967	,10.5596,1999.9000,-0.1933,398.5568,594838.6875,28.7344,605013.8750,1999.9000,
	2026/03/30 14:40:41	,	390012	,	968	,10.5594,1999.9000,-0.1933,398.4972,594941.7500,28.7345,604907.0000,1999.9000,
	2026/03/30 14:40:41	,	391012	,	969	,10.5592,1999.9000,-0.1932,398.3479,594957.8125,28.7300,604803.6875,1999.9000,
	2026/03/30 14:40:41	,	392012	,	970	,10.5588,1999.9000,-0.1930,398.2236,594971.3750,28.7263,604803.6875,1999.9000,
	2026/03/30 14:40:41	,	393012	,	971	,10.5585,1999.9000,-0.1878,398.1200,595171.1875,28.7339,604411.6875,1999.9000,
	2026/03/30 14:40:41	,	394012	,	972	,10.5581,1999.9000,-0.1811,398.0336,595530.4375,28.7417,604411.6875,1999.9000,
	2026/03/30 14:40:41	,	395012	,	973	,10.5575,1999.9000,-0.1759,397.9617,595563.5000,28.7482,604411.6875,1999.9000,
	2026/03/30 14:40:41	,	396012	,	974	,10.5535,1999.9000,-0.1759,397.9017,595574.5625,28.7537,604411.6875,1999.9000,
	2026/03/30 14:40:41	,	397012	,	975	,10.5531,1999.9000,-0.1759,397.8517,595580.0625,28.7582,604411.6875,1999.9000,
	2026/03/30 14:40:41	,	398012	,	976	,10.5525,1999.9000,-0.1759,397.8101,595583.3750,28.7559,604411.6875,1999.9000,
	2026/03/30 14:40:41	,	399012	,	977	,10.5519,1999.9000,-0.1759,397.5764,595585.5625,28.7539,604420.5625,1999.9000,
	2026/03/30 14:40:41	,	400012	,	978	,10.5513,1999.9000,-0.1760,397.3818,595476.1875,28.7523,604644.2500,1999.9000,
	2026/03/30 14:40:41	,	401012	,	979	,10.5469,1999.9000,-0.1762,397.2195,595449.0625,28.7418,604749.3750,1999.9000,
	2026/03/30 14:40:41	,	402012	,	980	,10.5461,1999.9000,-0.1766,397.0843,595430.8750,28.7330,604835.1250,1999.9000,
	2026/03/30 14:40:41	,	403012	,	981	,10.5452,1999.9000,-0.1819,396.9716,595267.6875,28.7257,604951.1250,1999.9000,
	2026/03/30 14:40:41	,	404012	,	982	,10.5443,1999.9000,-0.1885,397.2756,594953.6875,28.7196,605220.4375,1999.9000,
	2026/03/30 14:40:41	,	405012	,	983	,10.5396,1999.9000,-0.1913,397.5290,594770.1875,28.7146,605234.0625,1999.9000,
	2026/03/30 14:40:41	,	406012	,	984	,10.5387,1999.9000,-0.1913,397.7401,594770.1875,28.7104,605238.5625,1999.9000,
	2026/03/30 14:40:41	,	407012	,	985	,10.5377,1999.9000,-0.1913,398.0154,594770.1875,28.7129,605240.8750,1999.9000,
	2026/03/30 14:40:41	,	408012	,	986	,10.5336,1999.9000,-0.1913,398.3444,594770.1875,28.7227,605242.2500,1999.9000,
	2026/03/30 14:40:41	,	409012	,	987	,10.5326,1999.9000,-0.1913,398.6186,594770.1875,28.7309,605058.0000,1999.9000,
	2026/03/30 14:40:41	,	410012	,	988	,10.5316,1999.9000,-0.1874,398.8470,594895.2500,28.7309,605058.0000,1999.9000,
	2026/03/30 14:40:41	,	411012	,	989	,10.5306,1999.9000,-0.1833,398.9379,594920.8750,28.7377,604931.1250,1999.9000,
	2026/03/30 14:40:41	,	412012	,	990	,10.5260,1999.9000,-0.1796,399.0137,594936.6250,28.7433,604817.0000,1999.9000,
	2026/03/30 14:40:41	,	413012	,	991	,10.5250,1999.9000,-0.1737,398.9774,595069.8750,28.7481,604719.1875,1999.9000,
	2026/03/30 14:40:41	,	414012	,	992	,10.5240,1999.9000,-0.1648,398.6487,595394.5625,28.7520,604507.7500,1999.9000,
	2026/03/30 14:40:41	,	415012	,	993	,10.5231,1999.9000,-0.1581,398.3747,595640.6250,28.7537,604404.5000,1999.9000,
	2026/03/30 14:40:41	,	416012	,	994	,10.5181,1999.9000,-0.1533,398.1465,595640.6250,28.7506,604404.5000,1999.9000,
	2026/03/30 14:40:41	,	417012	,	995	,10.5171,1999.9000,-0.1507,397.9562,595640.6250,28.7480,604404.5000,1999.9000,
	2026/03/30 14:40:41	,	418012	,	996	,10.5160,1999.9000,-0.1505,397.8972,595640.6250,28.7443,604404.5000,1999.9000,
	2026/03/30 14:40:41	,	419012	,	997	,10.5118,1999.9000,-0.1504,397.8479,595640.6250,28.7397,604404.5000,1999.9000,
	2026/03/30 14:40:41	,	420012	,	998	,10.5107,1999.9000,-0.1501,397.8069,595489.3125,28.7359,604583.8125,1999.9000,
	2026/03/30 14:40:41	,	421012	,	999	,10.5095,1999.9000,-0.1446,397.7727,595456.8750,28.7327,604697.3750,1999.9000,
	2026/03/30 14:40:41	,	422012	,	1000	,10.5049,1999.9000,-0.1357,397.7443,595437.3125,28.7300,604797.6250,1999.9000,
	2026/03/30 14:40:41	,	423012	,	1001	,10.5037,1999.9000,-0.1237,397.7206,595333.1875,28.7263,604892.4375,1999.9000,
	2026/03/30 14:40:41	,	424012	,	1002	,10.5026,1999.9000,-0.1114,398.2976,595066.8750,28.7247,605107.5000,1999.9000,
	2026/03/30 14:40:41	,	425012	,	1003	,10.4984,1999.9000,-0.0954,398.7785,594724.8750,28.7234,605277.2500,1999.9000,
	2026/03/30 14:40:41	,	426012	,	1004	,10.4973,1999.9000,-0.0784,398.9803,594724.8750,28.7223,605277.2500,1999.9000,
	2026/03/30 14:40:41	,	427012	,	1005	,10.4963,1999.9000,-0.0615,398.8500,594724.8750,28.7183,605277.2500,1999.9000,
	2026/03/30 14:40:41	,	428012	,	1006	,10.4921,1999.9000,-0.0404,398.6420,594724.8750,28.7134,605277.2500,1999.9000,
	2026/03/30 14:40:41	,	429012	,	1007	,10.4912,1999.9000,-0.0141,398.4687,594724.8750,28.7094,605277.2500,1999.9000,
	2026/03/30 14:40:41	,	430012	,	1008	,10.4904,1999.9000,0.0147,398.2247,594848.8125,28.7076,605062.2500,1999.9000,
	2026/03/30 14:40:41	,	431012	,	1009	,10.4897,1999.9000,0.0474,398.0214,594934.0000,28.7183,604939.0000,1999.9000,
	2026/03/30 14:40:41	,	432012	,	1010	,10.4889,1999.9000,0.0857,397.7526,594953.0625,28.7317,604848.3750,1999.9000,
	2026/03/30 14:40:41	,	433012	,	1011	,10.4842,1999.9000,0.1321,397.3295,594978.8750,28.7384,604765.0625,1999.9000,
	2026/03/30 14:40:41	,	434012	,	1012	,10.4834,1999.9000,0.1895,396.7781,595281.4375,28.7317,604585.0625,1999.9000,
	2026/03/30 14:40:41	,	435012	,	1013	,10.4826,1999.9000,0.2491,395.6223,595639.5000,28.7262,604353.6875,1999.9000,
	2026/03/30 14:40:41	,	436012	,	1014	,10.4818,1999.9000,0.2987,394.6590,595639.5000,28.7261,604353.6875,1999.9000,
	2026/03/30 14:40:41	,	437012	,	1015	,10.4810,1999.9000,0.3318,393.8564,595639.5000,28.7337,604353.6875,1999.9000,
	2026/03/30 14:40:41	,	438012	,	1016	,10.4766,1999.9000,0.3506,393.1874,595639.5000,28.7446,604353.6875,1999.9000,
	2026/03/30 14:40:41	,	439012	,	1017	,10.4760,1999.9000,0.3595,392.6301,595639.5000,28.7491,604353.6875,1999.9000,
	2026/03/30 14:40:41	,	440012	,	1018	,10.4753,1999.9000,0.3632,392.8619,595541.1250,28.7529,604560.2500,1999.9000,
	2026/03/30 14:40:41	,	441012	,	1019	,10.4746,1999.9000,0.3632,393.2540,595432.1250,28.7560,604689.5625,1999.9000,
	2026/03/30 14:40:41	,	442012	,	1020	,10.4739,1999.9000,0.3632,393.8792,595409.7500,28.7693,604778.9375,1999.9000,
	2026/03/30 14:40:41	,	443012	,	1021	,10.4732,1999.9000,0.3632,394.9969,595392.0000,28.7804,604861.1250,1999.9000,
	2026/03/30 14:40:41	,	444012	,	1022	,10.4691,1999.9000,0.3632,396.4259,595163.4375,28.7896,605028.4375,1999.9000,
	2026/03/30 14:40:41	,	445012	,	1023	,10.4687,1999.9000,0.3610,397.6166,594820.8125,28.7973,605339.4375,1999.9000,
	2026/03/30 14:40:41	,	446012	,	1024	,10.4682,1999.9000,0.3601,398.6089,594820.8125,28.7976,605339.4375,1999.9000,
	2026/03/30 14:40:41	,	447012	,	1025	,10.4679,1999.9000,0.3598,399.4358,594820.8125,28.7903,605339.4375,1999.9000,
	2026/03/30 14:40:41	,	448012	,	1026	,10.4675,1999.9000,0.3597,400.1249,594820.8125,28.7841,605339.4375,1999.9000,
	2026/03/30 14:40:41	,	449012	,	1027	,10.4671,1999.9000,0.3596,400.5002,594820.8125,28.7790,605339.4375,1999.9000,
	2026/03/30 14:40:41	,	450012	,	1028	,10.4667,1999.9000,0.3595,400.6140,594823.7500,28.7732,605159.4375,1999.9000,
	2026/03/30 14:40:41	,	451012	,	1029	,10.4662,1999.9000,0.3637,400.4104,594938.2500,28.7683,605012.6875,1999.9000,
	2026/03/30 14:40:41	,	452012	,	1030	,10.4658,1999.9000,0.3703,400.1412,594959.3750,28.7643,604894.8750,1999.9000,
	2026/03/30 14:40:41	,	453012	,	1031	,10.4653,1999.9000,0.3703,399.3201,594976.0000,28.7594,604800.0625,1999.9000,
	2026/03/30 14:40:41	,	454012	,	1032	,10.4648,1999.9000,0.3775,398.6359,595171.1875,28.7538,604658.7500,1999.9000,
	2026/03/30 14:40:41	,	455012	,	1033	,10.4644,1999.9000,0.3873,397.9661,595533.3750,28.7492,604374.8750,1999.9000,
	2026/03/30 14:40:41	,	456012	,	1034	,10.4641,1999.9000,0.3873,397.4081,595557.8125,28.7468,604374.8750,1999.9000,
	2026/03/30 14:40:41	,	457012	,	1035	,10.4638,1999.9000,0.3876,396.9430,595565.8750,28.7449,604374.8750,1999.9000,
	2026/03/30 14:40:41	,	458012	,	1036	,10.4635,1999.9000,0.3878,396.5555,595570.0000,28.7432,604374.8750,1999.9000,
	2026/03/30 14:40:41	,	459012	,	1037	,10.4633,1999.9000,0.3879,396.3319,595572.4375,28.7479,604374.8750,1999.9000,
	2026/03/30 14:40:41	,	460012	,	1038	,10.4631,1999.9000,0.3879,396.2452,595574.0625,28.7534,604536.1250,1999.9000,
	2026/03/30 14:40:41	,	461012	,	1039	,10.4630,1999.9000,0.3833,396.3718,595454.7500,28.7580,604689.5625,1999.9000,
	2026/03/30 14:40:41	,	462012	,	1040	,10.4629,1999.9000,0.3786,396.9748,595425.5000,28.7633,604798.8750,1999.9000,
	2026/03/30 14:40:41	,	463012	,	1041	,10.4628,1999.9000,0.3735,397.4772,595406.0625,28.7678,604886.4375,1999.9000,
	2026/03/30 14:40:41	,	464012	,	1042	,10.4627,1999.9000,0.3680,398.0948,595252.8125,28.7715,605004.8750,1999.9000,
	2026/03/30 14:40:41	,	465012	,	1043	,10.4627,1999.9000,0.3588,398.6095,594946.5000,28.7746,605311.6875,1999.9000,
	2026/03/30 14:40:41	,	466012	,	1044	,10.4627,1999.9000,0.3465,399.0384,594756.5000,28.7772,605311.6875,1999.9000,
	2026/03/30 14:40:41	,	467012	,	1045	,10.4629,1999.9000,0.3361,399.1969,594756.5000,28.7763,605311.6875,1999.9000,
	2026/03/30 14:40:41	,	468012	,	1046	,10.4631,1999.9000,0.3275,399.5279,594756.5000,28.7755,605311.6875,1999.9000,
	2026/03/30 14:40:41	,	469012	,	1047	,10.4634,1999.9000,0.3216,400.5001,594756.5000,28.7749,605311.6875,1999.9000,
	2026/03/30 14:40:41	,	470012	,	1048	,10.4638,1999.9000,0.3209,401.3102,594756.5000,28.7743,605299.9375,1999.9000,
	2026/03/30 14:40:41	,	471012	,	1049	,10.4644,1999.9000,0.3206,401.0901,594893.5000,28.7678,605073.0625,1999.9000,
	2026/03/30 14:40:41	,	472012	,	1050	,10.4650,1999.9000,0.3183,400.7076,594923.0625,28.7608,604952.2500,1999.9000,
	2026/03/30 14:40:41	,	473012	,	1051	,10.4695,1999.9000,0.3157,400.2895,594938.8125,28.7535,604858.6250,1999.9000,
	2026/03/30 14:40:41	,	474012	,	1052	,10.4700,1999.9000,0.3147,399.9411,595062.7500,28.7473,604742.7500,1999.9000,
	2026/03/30 14:40:41	,	475012	,	1053	,10.4705,1999.9000,0.3142,399.6507,595387.4375,28.7422,604488.3750,1999.9000,
	2026/03/30 14:40:41	,	476012	,	1054	,10.4712,1999.9000,0.3137,399.4087,595644.8750,28.7380,604488.3750,1999.9000,
	2026/03/30 14:40:41	,	477012	,	1055	,10.4720,1999.9000,0.3133,399.2070,595644.8750,28.7344,604488.3750,1999.9000,
	2026/03/30 14:40:41	,	478012	,	1056	,10.4767,1999.9000,0.3112,399.0390,595644.8750,28.7315,604488.3750,1999.9000,
	2026/03/30 14:40:41	,	479012	,	1057	,10.4775,1999.9000,0.3069,398.7995,595644.8750,28.7290,604488.3750,1999.9000,
	2026/03/30 14:40:41	,	480012	,	1058	,10.4784,1999.9000,0.2991,398.5004,595644.8750,28.7270,604492.7500,1999.9000,
	2026/03/30 14:40:41	,	481012	,	1059	,10.4792,1999.9000,0.2899,398.0523,595489.9375,28.7268,604672.0625,1999.9000,
	2026/03/30 14:40:41	,	482012	,	1060	,10.4836,1999.9000,0.2815,397.8777,595453.0000,28.7297,604790.4375,1999.9000,
	2026/03/30 14:40:41	,	483012	,	1061	,10.4844,1999.9000,0.2738,397.9312,595427.0000,28.7351,604893.0625,1999.9000,
	2026/03/30 14:40:41	,	484012	,	1062	,10.4853,1999.9000,0.2665,398.1748,595315.3125,28.7412,605009.0625,1999.9000,
	2026/03/30 14:40:41	,	485012	,	1063	,10.4863,1999.9000,0.2563,398.3777,595077.6250,28.7494,605267.5625,1999.9000,
	2026/03/30 14:40:41	,	486012	,	1064	,10.4912,1999.9000,0.2411,398.5468,594727.8750,28.7592,605378.1250,1999.9000,
	2026/03/30 14:40:41	,	487012	,	1065	,10.4922,1999.9000,0.2260,398.6878,594727.8750,28.7643,605378.1250,1999.9000,
	2026/03/30 14:40:41	,	488012	,	1066	,10.4932,1999.9000,0.2105,398.8052,594727.8750,28.7686,605378.1250,1999.9000,
	2026/03/30 14:40:41	,	489012	,	1067	,10.4975,1999.9000,0.1949,398.9031,594727.8750,28.7722,605378.1250,1999.9000,
	2026/03/30 14:40:41	,	490012	,	1068	,10.4984,1999.9000,0.1806,398.9847,594727.8750,28.7721,605378.1250,1999.9000,
	2026/03/30 14:40:41	,	491012	,	1069	,10.4993,1999.9000,0.1657,399.0526,594850.0000,28.7720,605187.2500,1999.9000,
	2026/03/30 14:40:41	,	492012	,	1070	,10.5034,1999.9000,0.1463,399.1093,594930.5000,28.7719,605074.3125,1999.9000,
	2026/03/30 14:40:41	,	493012	,	1071	,10.5045,1999.9000,0.1228,399.0570,594943.3125,28.7703,604981.8750,1999.9000,
	2026/03/30 14:40:41	,	494012	,	1072	,10.5055,1999.9000,0.0955,398.9139,594963.0625,28.7644,604894.8750,1999.9000,
	2026/03/30 14:40:41	,	495012	,	1073	,10.5097,1999.9000,0.0667,398.4963,595249.8125,28.7596,604695.6250,1999.9000,
	2026/03/30 14:40:41	,	496012	,	1074	,10.5106,1999.9000,0.0396,397.9494,595610.8750,28.7554,604695.6250,1999.9000,
	2026/03/30 14:40:41	,	497012	,	1075	,10.5116,1999.9000,0.0108,397.4936,595610.8750,28.7521,604695.6250,1999.9000,
	2026/03/30 14:40:41	,	498012	,	1076	,10.5161,1999.9000,-0.0182,397.1137,595610.8750,28.7507,604695.6250,1999.9000,
	2026/03/30 14:40:41	,	499012	,	1077	,10.5172,1999.9000,-0.0456,396.7972,595610.8750,28.7496,604695.6250,1999.9000,
	2026/03/30 14:40:41	,	500012	,	1078	,10.5182,1999.9000,-0.0727,396.5334,595610.8750,28.7533,604703.6250,1999.9000,
	2026/03/30 14:40:41	,	501012	,	1079	,10.5191,1999.9000,-0.1009,396.5125,595501.8125,28.7533,604954.6875,1999.9000,
	2026/03/30 14:40:41	,	502012	,	1080	,10.5240,1999.9000,-0.1286,396.4951,595409.5000,28.7548,604992.7500,1999.9000,
	2026/03/30 14:40:41	,	503012	,	1081	,10.5249,1999.9000,-0.1568,396.4807,595387.1250,28.7561,605076.1250,1999.9000,
	2026/03/30 14:40:41	,	504012	,	1082	,10.5259,1999.9000,-0.1854,396.6676,595369.3750,28.7557,605091.1875,1999.9000,
	2026/03/30 14:40:41	,	505012	,	1083	,10.5268,1999.9000,-0.2171,396.8233,595162.1875,28.7537,605264.5625,1999.9000,
	2026/03/30 14:40:41	,	506012	,	1084	,10.5321,1999.9000,-0.2579,397.2515,594829.7500,28.7537,605386.5625,1999.9000,
	2026/03/30 14:40:41	,	507012	,	1085	,10.5329,1999.9000,-0.3047,397.6083,594825.8750,28.7551,605386.5625,1999.9000,
	2026/03/30 14:40:41	,	508012	,	1086	,10.5336,1999.9000,-0.3553,398.0051,594824.6250,28.7564,605386.5625,1999.9000,
	2026/03/30 14:40:41	,	509012	,	1087	,10.5345,1999.9000,-0.4105,398.3358,594823.9375,28.7574,605386.5625,1999.9000,
	2026/03/30 14:40:41	,	510012	,	1088	,10.5388,1999.9000,-0.4690,398.6114,594823.5625,28.7598,605386.5625,1999.9000,
	2026/03/30 14:40:41	,	511012	,	1089	,10.5395,1999.9000,-0.5303,398.9405,594823.3125,28.7618,605158.8750,1999.9000,
	2026/03/30 14:40:41	,	512012	,	1090	,10.5404,1999.9000,-0.5977,399.2148,594913.7500,28.7634,605015.7500,1999.9000,
	2026/03/30 14:40:41	,	513012	,	1091	,10.5413,1999.9000,-0.6710,399.3439,594937.0000,28.7648,604912.4375,1999.9000,
	2026/03/30 14:40:41	,	514012	,	1092	,10.5458,1999.9000,-0.7496,399.1530,594956.4375,28.7659,604822.4375,1999.9000,
	2026/03/30 14:40:41	,	515012	,	1093	,10.5466,1999.9000,-0.8315,398.9940,595142.5625,28.7669,604656.3125,1999.9000,
	2026/03/30 14:40:41	,	516012	,	1094	,10.5471,1999.9000,-0.9116,398.8614,595489.3125,28.7677,604382.6875,1999.9000,
	2026/03/30 14:40:41	,	517012	,	1095	,10.5476,1999.9000,-0.9923,398.6515,595570.3750,28.7683,604382.6875,1999.9000,
	2026/03/30 14:40:41	,	518012	,	1096	,10.5482,1999.9000,-1.0753,398.4766,595570.3750,28.7659,604382.6875,1999.9000,
	2026/03/30 14:40:41	,	519012	,	1097	,10.5488,1999.9000,-1.1596,398.3308,595570.3750,28.7577,604382.6875,1999.9000,
	2026/03/30 14:40:41	,	520012	,	1098	,10.5529,1999.9000,-1.2461,398.2093,595570.3750,28.7509,604382.6875,1999.9000,
	2026/03/30 14:40:41	,	521012	,	1099	,10.5535,1999.9000,-1.3350,397.7102,595570.3750,28.7452,604580.2500,1999.9000,
	2026/03/30 14:40:41	,	522012	,	1100	,10.5541,1999.9000,-1.4225,397.2943,595450.0000,28.7435,604724.0000,1999.9000,
	2026/03/30 14:40:41	,	523012	,	1101	,10.5544,1999.9000,-1.5075,396.9477,595419.0625,28.7451,604833.8750,1999.9000,
	2026/03/30 14:40:41	,	524012	,	1102	,10.5548,1999.9000,-1.5892,396.6588,595397.6250,28.7465,604926.3125,1999.9000,
	2026/03/30 14:40:41	,	525012	,	1103	,10.5553,1999.9000,-1.6677,396.4181,595249.1875,28.7476,605073.0625,1999.9000,
	2026/03/30 14:40:41	,	526012	,	1104	,10.5558,1999.9000,-1.7461,396.2175,594946.5000,28.7486,605374.4375,1999.9000,
	2026/03/30 14:40:41	,	527012	,	1105	,10.5562,1999.9000,-1.8218,396.4482,594741.5625,28.7494,605374.4375,1999.9000,
	2026/03/30 14:40:41	,	528012	,	1106	,10.5567,1999.9000,-1.8909,396.6405,594741.5625,28.7531,605374.4375,1999.9000,
	2026/03/30 14:40:41	,	529012	,	1107	,10.5572,1999.9000,-1.9536,396.8008,594741.5625,28.7593,605374.4375,1999.9000,
	2026/03/30 14:40:41	,	530012	,	1108	,10.5577,1999.9000,-2.0080,396.9343,594741.5625,28.7644,605374.4375,1999.9000,
	2026/03/30 14:40:41	,	531012	,	1109	,10.5581,1999.9000,-2.0530,397.0456,594741.5625,28.7686,605167.8750,1999.9000,
	2026/03/30 14:40:41	,	532012	,	1110	,10.5585,1999.9000,-2.0925,397.1383,594877.3750,28.7691,605009.0625,1999.9000,
	2026/03/30 14:40:41	,	533012	,	1111	,10.5588,1999.9000,-2.1285,397.1161,594911.3750,28.7741,604899.7500,1999.9000,
	2026/03/30 14:40:41	,	534012	,	1112	,10.5591,1999.9000,-2.1621,397.0976,594932.2500,28.7798,604806.1250,1999.9000,
	2026/03/30 14:40:41	,	535012	,	1113	,10.5593,1999.9000,-2.1932,396.8832,595069.8750,28.7846,604688.3750,1999.9000,
	2026/03/30 14:40:41	,	536012	,	1114	,10.5595,1999.9000,-2.2181,396.7046,595069.8750,28.7846,604427.4375,1999.9000,
	2026/03/30 14:40:41	,	537012	,	1115	,10.5596,1999.9000,-2.2371,396.3568,595381.4375,28.7885,604427.4375,1999.9000,
	2026/03/30 14:40:41	,	538012	,	1116	,10.5597,1999.9000,-2.2541,396.0669,595627.5000,28.7946,604427.4375,1999.9000,
	2026/03/30 14:40:41	,	539012	,	1117	,10.5598,1999.9000,-2.2680,396.0243,595627.5000,28.7946,604427.4375,1999.9000,
	2026/03/30 14:40:41	,	540012	,	1118	,10.5598,1999.9000,-2.2792,395.9889,595627.5000,28.7968,604427.4375,1999.9000,
	2026/03/30 14:40:41	,	541012	,	1119	,10.5598,1999.9000,-2.2792,395.7603,595627.5000,28.7988,604438.6250,1999.9000,
	2026/03/30 14:40:41	,	542012	,	1120	,10.5598,1999.9000,-2.2792,395.5699,595473.8125,28.8004,604649.0625,1999.9000,
	2026/03/30 14:40:41	,	543012	,	1121	,10.5596,1999.9000,-2.2792,395.4112,595437.2500,28.7986,604756.5625,1999.9000,
	2026/03/30 14:40:41	,	544012	,	1122	,10.5594,1999.9000,-2.2792,395.8758,595415.2500,28.7972,604839.9375,1999.9000,
	2026/03/30 14:40:41	,	545012	,	1123	,10.5592,1999.9000,-2.2668,396.2629,595415.2500,28.7960,604839.9375,1999.9000,
	2026/03/30 14:40:41	,	546012	,	1124	,10.5588,1999.9000,-2.2475,396.6850,595311.8125,28.7950,604957.1250,1999.9000,
	2026/03/30 14:40:41	,	547012	,	1125	,10.5584,1999.9000,-2.2258,397.0368,595058.5625,28.7942,605241.0000,1999.9000,
	2026/03/30 14:40:41	,	548012	,	1126	,10.5579,1999.9000,-2.1962,397.3300,594709.4375,28.7935,605241.0000,1999.9000,
	2026/03/30 14:40:41	,	549012	,	1127	,10.5572,1999.9000,-2.1588,397.6737,594709.4375,28.7944,605241.0000,1999.9000,
	2026/03/30 14:40:41	,	550012	,	1128	,10.5532,1999.9000,-2.1133,398.3580,594709.4375,28.7952,605241.0000,1999.9000,
	2026/03/30 14:40:41	,	551012	,	1129	,10.5532,1999.9000,-2.0584,398.5305,594709.4375,28.7958,605241.0000,1999.9000,
	2026/03/30 14:40:41	,	552012	,	1130	,10.5526,1999.9000,-1.9970,398.6741,594709.4375,28.7964,605235.1250,1999.9000,
	2026/03/30 14:40:41	,	553012	,	1131	,10.5519,1999.9000,-1.9317,398.6944,594846.4375,28.7953,605023.5625,1999.9000,
	2026/03/30 14:40:41	,	554012	,	1132	,10.5513,1999.9000,-1.8625,398.6118,594930.5000,28.7944,604904.5625,1999.9000,
	2026/03/30 14:40:41	,	555012	,	1133	,10.5505,1999.9000,-1.7891,398.3440,594946.1875,28.7922,604807.3125,1999.9000,
	2026/03/30 14:40:41	,	556012	,	1134	,10.5459,1999.9000,-1.7092,398.1208,594968.3750,28.7903,604704.6250,1999.9000,
	2026/03/30 14:40:41	,	557012	,	1135	,10.5450,1999.9000,-1.6217,397.3380,595253.3750,28.7857,604463.6875,1999.9000,
	2026/03/30 14:40:41	,	558012	,	1136	,10.5439,1999.9000,-1.5328,396.6857,595622.7500,28.7757,604431.0000,1999.9000,
	2026/03/30 14:40:41	,	559012	,	1137	,10.5399,1999.9000,-1.4435,396.1421,595622.7500,28.7659,604420.1875,1999.9000,
	2026/03/30 14:40:41	,	560012	,	1138	,10.5392,1999.9000,-1.3545,395.6891,595622.7500,28.7653,604414.7500,1999.9000,
	2026/03/30 14:40:41	,	561012	,	1139	,10.5384,1999.9000,-1.2677,395.3116,595622.7500,28.7648,604411.4375,1999.9000,
	2026/03/30 14:40:41	,	562012	,	1140	,10.5341,1999.9000,-1.1826,394.9969,595622.7500,28.7583,604409.3125,1999.9000,
	2026/03/30 14:40:41	,	563012	,	1141	,10.5331,1999.9000,-1.0977,394.7348,595526.8750,28.7529,604581.4375,1999.9000,
	2026/03/30 14:40:41	,	564012	,	1142	,10.5322,1999.9000,-1.0143,394.5163,595414.2500,28.7484,604687.1250,1999.9000,
	2026/03/30 14:40:41	,	565012	,	1143	,10.5314,1999.9000,-0.9326,394.8316,595395.1250,28.7523,604773.5000,1999.9000,
	2026/03/30 14:40:41	,	566012	,	1144	,10.5268,1999.9000,-0.8549,395.0944,595380.0625,28.7555,604859.2500,1999.9000,
	2026/03/30 14:40:41	,	567012	,	1145	,10.5257,1999.9000,-0.7838,395.3134,595189.6250,28.7628,605102.0625,1999.9000,
	2026/03/30 14:40:41	,	568012	,	1146	,10.5247,1999.9000,-0.7140,395.4958,594855.3750,28.7688,605137.0625,1999.9000,
	2026/03/30 14:40:41	,	569012	,	1147	,10.5237,1999.9000,-0.6456,395.9464,594837.1875,28.7693,605148.7500,1999.9000,
	2026/03/30 14:40:41	,	570012	,	1148	,10.5191,1999.9000,-0.5799,396.3218,594831.0625,28.7697,605154.5625,1999.9000,
	2026/03/30 14:40:41	,	571012	,	1149	,10.5180,1999.9000,-0.5158,396.6346,594828.1250,28.7746,605158.1250,1999.9000,
	2026/03/30 14:40:41	,	572012	,	1150	,10.5168,1999.9000,-0.4543,396.8953,594826.2500,28.7787,605160.3750,1999.9000,
	2026/03/30 14:40:41	,	573012	,	1151	,10.5122,1999.9000,-0.3996,396.9136,594825.0625,28.7821,604961.9375,1999.9000,
	2026/03/30 14:40:41	,	574012	,	1152	,10.5112,1999.9000,-0.3511,396.9288,594926.2500,28.7865,604823.6250,1999.9000,
	2026/03/30 14:40:41	,	575012	,	1153	,10.5101,1999.9000,-0.3086,397.1405,594948.3125,28.7916,604709.4375,1999.9000,
	2026/03/30 14:40:41	,	576012	,	1154	,10.5058,1999.9000,-0.2698,397.2174,594967.7500,28.7960,604612.2500,1999.9000,
	2026/03/30 14:40:41	,	577012	,	1155	,10.5048,1999.9000,-0.2297,397.1820,595179.5000,28.7995,604414.1250,1999.9000,
	2026/03/30 14:40:41	,	578012	,	1156	,10.5036,1999.9000,-0.1918,397.1525,595538.7500,28.8025,604266.1250,1999.9000,
	2026/03/30 14:40:41	,	579012	,	1157	,10.4991,1999.9000,-0.1573,397.2274,595573.6250,28.8050,604266.1250,1999.9000,
	2026/03/30 14:40:41	,	580012	,	1158	,10.4980,1999.9000,-0.1252,397.3893,595585.3125,28.8041,604266.1250,1999.9000,
	2026/03/30 14:40:41	,	581012	,	1159	,10.4970,1999.9000,-0.1252,397.3893,595591.1250,28.7941,604266.1250,1999.9000,
	2026/03/30 14:40:41	,	582012	,	1160	,10.4961,1999.9000,-0.0955,398.1837,595594.5625,28.7858,604266.1250,1999.9000,
	2026/03/30 14:40:41	,	583012	,	1161	,10.4915,1999.9000,-0.0671,398.4847,595596.8750,28.7789,604473.3125,1999.9000,
	2026/03/30 14:40:41	,	584012	,	1162	,10.4905,1999.9000,-0.0366,398.3376,595469.0625,28.7731,604594.7500,1999.9000,
	2026/03/30 14:40:41	,	585012	,	1163	,10.4896,1999.9000,-0.0035,398.3376,595442.8750,28.7682,604694.3750,1999.9000,
	2026/03/30 14:40:41	,	586012	,	1164	,10.4888,1999.9000,0.0329,397.6181,595425.9375,28.7642,604778.9375,1999.9000,
	2026/03/30 14:40:41	,	587012	,	1165	,10.4843,1999.9000,0.1151,397.0186,595275.4375,28.7655,604957.1250,1999.9000,
	2026/03/30 14:40:41	,	588012	,	1166	,10.4837,1999.9000,0.1611,396.1025,594962.6250,28.7711,605197.5000,1999.9000,
	2026/03/30 14:40:41	,	589012	,	1167	,10.4830,1999.9000,0.2092,396.1025,594750.5000,28.7773,605197.5000,1999.9000,
	2026/03/30 14:40:41	,	590012	,	1168	,10.4823,1999.9000,0.2486,395.5566,594750.5000,28.7825,605197.5000,1999.9000,
	2026/03/30 14:40:41	,	591012	,	1169	,10.4815,1999.9000,0.2764,395.1017,594750.5000,28.7868,605197.5000,1999.9000,
	2026/03/30 14:40:41	,	592012	,	1170	,10.4768,1999.9000,0.2979,394.7227,594750.5000,28.7904,605197.5000,1999.9000,
	2026/03/30 14:40:41	,	593012	,	1171	,10.4761,1999.9000,0.3137,394.6057,594750.5000,28.7934,604987.8750,1999.9000,
	2026/03/30 14:40:41	,	594012	,	1172	,10.4754,1999.9000,0.3244,394.5082,594891.7500,28.7959,604863.5000,1999.9000,
	2026/03/30 14:40:41	,	595012	,	1173	,10.4748,1999.9000,0.3315,394.5265,594922.4375,28.7919,604759.6250,1999.9000,
	2026/03/30 14:40:41	,	596012	,	1174	,10.4743,1999.9000,0.3380,395.7354,594942.1250,28.7854,604675.6875,1999.9000,
	2026/03/30 14:40:41	,	597012	,	1175	,10.4738,1999.9000,0.3495,396.7428,595076.4375,28.7801,604513.1875,1999.9000,
	2026/03/30 14:40:41	,	598012	,	1176	,10.4696,1999.9000,0.3638,397.7813,595394.0000,28.7756,604240.7500,1999.9000,
	2026/03/30 14:40:41	,	599012	,	1177	,10.4688,1999.9000,0.3763,398.6466,595686.5000,28.7719,604240.7500,1999.9000,
	2026/03/30 14:40:41	,	600012	,	1178	,10.4682,1999.9000,0.3802,399.4673,595686.5000,28.7688,604240.7500,1999.9000,
	2026/03/30 14:40:41	,	601012	,	1179	,10.4678,1999.9000,0.3802,400.1511,595686.5000,28.7662,604240.7500,1999.9000,
	2026/03/30 14:40:41	,	602012	,	1180	,10.4673,1999.9000,0.3802,400.7210,595686.5000,28.7672,604240.7500,1999.9000,
	2026/03/30 14:40:41	,	603012	,	1181	,10.4669,1999.9000,0.3802,401.0964,595686.5000,28.7679,604454.0000,1999.9000,
	2026/03/30 14:40:41	,	604012	,	1182	,10.4665,1999.9000,0.3802,401.4093,595531.0000,28.7685,604595.8750,1999.9000,
	2026/03/30 14:40:41	,	605012	,	1183	,10.4661,1999.9000,0.3799,401.6700,595444.0625,28.7736,604695.0000,1999.9000,
	2026/03/30 14:40:41	,	606012	,	1184	,10.4657,1999.9000,0.3796,401.8872,595431.8750,28.7779,604780.1250,1999.9000,
	2026/03/30 14:40:41	,	607012	,	1185	,10.4654,1999.9000,0.3768,402.1677,595412.1250,28.7814,604926.3125,1999.9000,
	2026/03/30 14:40:41	,	608012	,	1186	,10.4651,1999.9000,0.3717,402.4015,595127.0625,28.7859,605228.3125,1999.9000,
	2026/03/30 14:40:41	,	609012	,	1187	,10.4648,1999.9000,0.3665,402.5963,594782.1250,28.7896,605228.3125,1999.9000,
	2026/03/30 14:40:41	,	610012	,	1188	,10.4645,1999.9000,0.3665,402.6592,594782.1250,28.7912,605228.3125,1999.9000,
	2026/03/30 14:40:41	,	611012	,	1189	,10.4642,1999.9000,0.3665,402.7116,594782.1250,28.7895,605228.3125,1999.9000,
	2026/03/30 14:40:41	,	612012	,	1190	,10.4639,1999.9000,0.3665,402.7552,594782.1250,28.7911,605228.3125,1999.9000,
	2026/03/30 14:40:41	,	613012	,	1191	,10.4636,1999.9000,0.3665,402.7916,594782.1250,28.7894,605109.3125,1999.9000,
	2026/03/30 14:40:41	,	614012	,	1192	,10.4633,1999.9000,0.3666,402.9214,594882.7500,28.7880,604948.6875,1999.9000,
	2026/03/30 14:40:41	,	615012	,	1193	,10.4631,1999.9000,0.3707,403.0295,594976.3750,28.7868,604826.0625,1999.9000,
	2026/03/30 14:40:41	,	616012	,	1194	,10.4629,1999.9000,0.3728,403.0202,594993.3125,28.7858,604731.8125,1999.9000,
	2026/03/30 14:40:41	,	617012	,	1195	,10.4627,1999.9000,0.3728,402.6145,595011.0625,28.7850,604608.0000,1999.9000,
	2026/03/30 14:40:41	,	618012	,	1196	,10.4625,1999.9000,0.3728,402.2765,595271.8125,28.7843,604341.6250,1999.9000,
	2026/03/30 14:40:41	,	619012	,	1197	,10.4625,1999.9000,0.3728,402.1937,595628.1250,28.7868,604341.6250,1999.9000,
	2026/03/30 14:40:41	,	620012	,	1198	,10.4625,1999.9000,0.3728,402.1247,595628.1250,28.7888,604341.6250,1999.9000,
	2026/03/30 14:40:41	,	621012	,	1199	,10.4627,1999.9000,0.3697,402.0672,595628.1250,28.7905,604341.6250,1999.9000,
	2026/03/30 14:40:41	,	622012	,	1200	,10.4629,1999.9000,0.3621,402.0193,595628.1250,28.7920,604341.6250,1999.9000,
	2026/03/30 14:40:41	,	623012	,	1201	,10.4632,1999.9000,0.3621,401.9794,595628.1250,28.7932,604353.0000,1999.9000,
	2026/03/30 14:40:41	,	624012	,	1202	,10.4636,1999.9000,0.3434,401.9461,595622.0625,28.7942,604574.1875,1999.9000,
	2026/03/30 14:40:41	,	625012	,	1203	,10.4642,1999.9000,0.3351,401.9184,595483.9375,28.7858,604684.1250,1999.9000,
	2026/03/30 14:40:41	,	626012	,	1204	,10.4648,1999.9000,0.3285,401.9948,595461.0000,28.7789,604765.6875,1999.9000,
	2026/03/30 14:40:41	,	627012	,	1205	,10.4691,1999.9000,0.3209,402.0584,595442.3125,28.7838,604871.3750,1999.9000,
	2026/03/30 14:40:41	,	628012	,	1206	,10.4697,1999.9000,0.3092,402.0120,595236.6875,28.7879,605152.2500,1999.9000,
	2026/03/30 14:40:41	,	629012	,	1207	,10.4704,1999.9000,0.2981,401.9733,594901.8750,28.7913,605163.4375,1999.9000,
	2026/03/30 14:40:41	,	630012	,	1208	,10.4711,1999.9000,0.2880,401.9411,594817.2500,28.7941,605167.1250,1999.9000,
	2026/03/30 14:40:41	,	631012	,	1209	,10.4717,1999.9000,0.2796,401.7152,594817.2500,28.7965,605169.0000,1999.9000,
	2026/03/30 14:40:41	,	632012	,	1210	,10.4757,1999.9000,0.2756,401.4276,594817.2500,28.7908,605170.1250,1999.9000,
	2026/03/30 14:40:41	,	633012	,	1211	,10.4767,1999.9000,0.2752,401.1879,594817.2500,28.7922,605170.8750,1999.9000,
	2026/03/30 14:40:41	,	634012	,	1212	,10.4776,1999.9000,0.2749,400.9881,594817.2500,28.7934,604992.7500,1999.9000,
	2026/03/30 14:40:41	,	635012	,	1213	,10.4785,1999.9000,0.2746,400.8216,594927.5000,28.7898,604882.8125,1999.9000,
	2026/03/30 14:40:41	,	636012	,	1214	,10.4829,1999.9000,0.2719,400.5834,594951.9375,28.7852,604784.3750,1999.9000,
	2026/03/30 14:40:41	,	637012	,	1215	,10.4837,1999.9000,0.2719,400.3849,594970.3750,28.7814,604685.3125,1999.9000,
	2026/03/30 14:40:41	,	638012	,	1216	,10.4845,1999.9000,0.2694,400.3190,595164.5625,28.7783,604461.2500,1999.9000,
	2026/03/30 14:40:41	,	639012	,	1217	,10.4854,1999.9000,0.2691,400.2640,595523.2500,28.7772,604437.6875,1999.9000,
	2026/03/30 14:40:41	,	640012	,	1218	,10.4903,1999.9000,0.2647,400.2182,595616.8750,28.7763,604429.8125,1999.9000,
	2026/03/30 14:40:41	,	641012	,	1219	,10.4912,1999.9000,0.2567,400.2796,595616.8750,28.7755,604425.8750,1999.9000,
	2026/03/30 14:40:41	,	642012	,	1220	,10.4921,1999.9000,0.2459,400.3307,595616.8750,28.7718,604423.5000,1999.9000,
	2026/03/30 14:40:41	,	643012	,	1221	,10.4931,1999.9000,0.2314,400.2737,595616.8750,28.7687,604421.9375,1999.9000,
	2026/03/30 14:40:41	,	644012	,	1222	,10.4979,1999.9000,0.2138,400.1269,595616.8750,28.7693,604597.7500,1999.9000,
	2026/03/30 14:40:41	,	645012	,	1223	,10.4992,1999.9000,0.1950,400.1040,595488.7500,28.7696,604723.3750,1999.9000,
	2026/03/30 14:40:41	,	646012	,	1224	,10.5002,1999.9000,0.1736,399.9854,595463.3750,28.7700,604809.1250,1999.9000,
	2026/03/30 14:40:41	,	647012	,	1225	,10.5044,1999.9000,0.1481,399.5881,595443.6250,28.7702,604893.0625,1999.9000,
	2026/03/30 14:40:41	,	648012	,	1226	,10.5055,1999.9000,0.1176,399.2571,595293.9375,28.7705,605125.0000,1999.9000,
	2026/03/30 14:40:41	,	649012	,	1227	,10.5066,1999.9000,0.0795,398.8817,594979.8750,28.7707,605293.5625,1999.9000,
	2026/03/30 14:40:41	,	650012	,	1228	,10.5107,1999.9000,0.0395,398.5689,594763.6250,28.7708,605293.5625,1999.9000,
	2026/03/30 14:40:41	,	651012	,	1229	,10.5118,1999.9000,0.0011,398.3083,594763.6250,28.7740,605293.5625,1999.9000,
	2026/03/30 14:40:41	,	652012	,	1230	,10.5128,1999.9000,-0.0348,398.0911,594763.6250,28.7767,605293.5625,1999.9000,
	2026/03/30 14:40:41	,	653012	,	1231	,10.5138,1999.9000,-0.0653,398.0096,594763.6250,28.7758,605293.5625,1999.9000,
	2026/03/30 14:40:41	,	654012	,	1232	,10.5193,1999.9000,-0.0902,397.8422,594763.6250,28.7782,605091.1875,1999.9000,
	2026/03/30 14:40:41	,	655012	,	1233	,10.5204,1999.9000,-0.1138,397.7027,594888.1250,28.7802,604967.3750,1999.9000,
	2026/03/30 14:40:41	,	656012	,	1234	,10.5214,1999.9000,-0.1382,397.5864,594921.1875,28.7818,604928.1250,1999.9000,
	2026/03/30 14:40:41	,	657012	,	1235	,10.5223,1999.9000,-0.1634,397.7879,594943.0000,28.7801,604797.6250,1999.9000,
	2026/03/30 14:40:41	,	658012	,	1236	,10.5271,1999.9000,-0.1890,397.9559,595076.4375,28.7757,604603.1875,1999.9000,
	2026/03/30 14:40:41	,	659012	,	1237	,10.5278,1999.9000,-0.2125,398.0958,595380.8750,28.7704,604399.6250,1999.9000,
	2026/03/30 14:40:41	,	660012	,	1238	,10.5287,1999.9000,-0.2399,398.2125,595672.2500,28.7704,604399.6250,1999.9000,
	2026/03/30 14:40:41	,	661012	,	1239	,10.5296,1999.9000,-0.2755,398.4091,595672.2500,28.7661,604399.6250,1999.9000,
	2026/03/30 14:40:41	,	662012	,	1240	,10.5345,1999.9000,-0.3181,398.5730,595672.2500,28.7579,604399.6250,1999.9000,
	2026/03/30 14:40:41	,	663012	,	1241	,10.5354,1999.9000,-0.3690,398.7096,595672.2500,28.7510,604399.6250,1999.9000,
	2026/03/30 14:40:41	,	664012	,	1242	,10.5363,1999.9000,-0.4289,398.8234,595672.2500,28.7453,604592.3125,1999.9000,
	2026/03/30 14:40:41	,	665012	,	1243	,10.5372,1999.9000,-0.4942,398.9182,595514.3750,28.7405,604714.3125,1999.9000,
	2026/03/30 14:40:41	,	666012	,	1244	,10.5416,1999.9000,-0.5637,398.9973,595475.6250,28.7366,604816.3750,1999.9000,
	2026/03/30 14:40:41	,	667012	,	1245	,10.5426,1999.9000,-0.6371,398.9637,595453.3125,28.7363,604904.0000,1999.9000,
	2026/03/30 14:40:41	,	668012	,	1246	,10.5434,1999.9000,-0.7138,398.9356,595348.6875,28.7361,605080.3125,1999.9000,
	2026/03/30 14:40:41	,	669012	,	1247	,10.5442,1999.9000,-0.7969,398.9123,595111.0000,28.7390,605381.7500,1999.9000,
	2026/03/30 14:40:41	,	670012	,	1248	,10.5449,1999.9000,-0.8838,398.8928,594773.7500,28.7414,605381.7500,1999.9000,
	2026/03/30 14:40:41	,	671012	,	1249	,10.5492,1999.9000,-0.9697,398.6777,594773.7500,28.7434,605381.7500,1999.9000,
	2026/03/30 14:40:41	,	672012	,	1250	,10.5499,1999.9000,-1.0551,398.4984,594773.7500,28.7450,605381.7500,1999.9000,
	2026/03/30 14:40:41	,	673012	,	1251	,10.5504,1999.9000,-1.1389,398.2495,594773.7500,28.7433,605381.7500,1999.9000,
	2026/03/30 14:40:41	,	674012	,	1252	,10.5510,1999.9000,-1.2197,398.1415,594773.7500,28.7420,605163.6875,1999.9000,
	2026/03/30 14:40:41	,	675012	,	1253	,10.5516,1999.9000,-1.3002,398.3500,594873.8750,28.7408,605016.8750,1999.9000,
	2026/03/30 14:40:41	,	676012	,	1254	,10.5521,1999.9000,-1.3809,398.6232,594913.7500,28.7398,604908.1875,1999.9000,
	2026/03/30 14:40:41	,	677012	,	1255	,10.5527,1999.9000,-1.4605,398.8509,594932.2500,28.7390,604810.9375,1999.9000,
	2026/03/30 14:40:41	,	678012	,	1256	,10.5534,1999.9000,-1.5383,398.9411,595013.8750,28.7384,604678.1250,1999.9000,
	2026/03/30 14:40:41	,	679012	,	1257	,10.5540,1999.9000,-1.6106,398.8174,595251.5625,28.7378,604398.4375,1999.9000,
	2026/03/30 14:40:41	,	680012	,	1258	,10.5546,1999.9000,-1.6772,398.7143,595611.5000,28.7373,604398.4375,1999.9000,
	2026/03/30 14:40:41	,	681012	,	1259	,10.5552,1999.9000,-1.7423,398.5289,595611.5000,28.7370,604398.4375,1999.9000,
	2026/03/30 14:40:41	,	682012	,	1260	,10.5559,1999.9000,-1.8045,398.4739,595611.5000,28.7366,604398.4375,1999.9000,
	2026/03/30 14:40:41	,	683012	,	1261	,10.5565,1999.9000,-1.8648,398.4280,595611.5000,28.7364,604398.4375,1999.9000,
	2026/03/30 14:40:41	,	684012	,	1262	,10.5571,1999.9000,-1.9254,398.2903,595611.5000,28.7362,604532.5000,1999.9000,
	2026/03/30 14:40:41	,	685012	,	1263	,10.5577,1999.9000,-1.9846,398.1756,595521.5000,28.7360,604660.5000,1999.9000,
	2026/03/30 14:40:41	,	686012	,	1264	,10.5581,1999.9000,-2.0406,398.0800,595423.8125,28.7358,604761.4375,1999.9000,
	2026/03/30 14:40:41	,	687012	,	1265	,10.5585,1999.9000,-2.0926,398.0003,595401.7500,28.7342,604846.5625,1999.9000,
	2026/03/30 14:40:41	,	688012	,	1266	,10.5588,1999.9000,-2.1395,397.9339,595387.0000,28.7328,604987.8750,1999.9000,
	2026/03/30 14:40:41	,	689012	,	1267	,10.5591,1999.9000,-2.1837,398.2764,595198.5625,28.7332,605279.0000,1999.9000,
	2026/03/30 14:40:41	,	690012	,	1268	,10.5593,1999.9000,-2.2261,398.6614,594863.7500,28.7381,605279.0000,1999.9000,
	2026/03/30 14:40:41	,	691012	,	1269	,10.5595,1999.9000,-2.2621,398.8827,594843.1875,28.7437,605279.0000,1999.9000,
	2026/03/30 14:40:41	,	692012	,	1270	,10.5597,1999.9000,-2.2924,398.4703,594836.3125,28.7484,605279.0000,1999.9000,
	2026/03/30 14:40:41	,	693012	,	1271	,10.5598,1999.9000,-2.3166,398.7235,594832.8750,28.7507,605279.0000,1999.9000,
	2026/03/30 14:40:41	,	694012	,	1272	,10.5599,1999.9000,-2.3166,398.9344,594830.8125,28.7527,605279.0000,1999.9000,
	2026/03/30 14:40:41	,	695012	,	1273	,10.5600,1999.9000,-2.3166,399.1103,594829.5000,28.7559,605189.6250,1999.9000,
	2026/03/30 14:40:41	,	696012	,	1274	,10.5601,1999.9000,-2.3166,399.2567,594942.3750,28.7585,605013.8750,1999.9000,
	2026/03/30 14:40:41	,	697012	,	1275	,10.5602,1999.9000,-2.3166,399.3788,594962.3125,28.7622,604901.5625,1999.9000,
	2026/03/30 14:40:41	,	698012	,	1276	,10.5602,1999.9000,-2.3163,399.2816,594977.9375,28.7653,604818.1875,1999.9000,
	2026/03/30 14:40:41	,	699012	,	1277	,10.5602,1999.9000,-2.2931,399.1012,595156.2500,28.7679,604709.4375,1999.9000,
	2026/03/30 14:40:41	,	700012	,	1278	,10.5603,1999.9000,-2.2635,398.9507,595504.8125,28.7685,604439.5000,1999.9000,
	2026/03/30 14:40:41	,	701012	,	1279	,10.5603,1999.9000,-2.2317,398.9249,595630.5000,28.7675,604439.5000,1999.9000,
	2026/03/30 14:40:41	,	702012	,	1280	,10.5603,1999.9000,-2.1971,398.9034,595630.5000,28.7682,604439.5000,1999.9000,
	2026/03/30 14:40:41	,	703012	,	1281	,10.5604,1999.9000,-2.1584,398.8854,595630.5000,28.7688,604439.5000,1999.9000,
	2026/03/30 14:40:41	,	704012	,	1282	,10.5604,1999.9000,-2.1160,398.7710,595630.5000,28.7662,604439.5000,1999.9000,
	2026/03/30 14:40:41	,	705012	,	1283	,10.5604,1999.9000,-2.0681,398.6756,595630.5000,28.7641,604443.1875,1999.9000,
	2026/03/30 14:40:41	,	706012	,	1284	,10.5604,1999.9000,-2.0128,398.5961,595497.0625,28.7623,604637.5625,1999.9000,
	2026/03/30 14:40:41	,	707012	,	1285	,10.5604,1999.9000,-1.9516,398.6294,595457.7500,28.7608,604753.5625,1999.9000,
	2026/03/30 14:40:41	,	708012	,	1286	,10.5605,1999.9000,-1.8857,398.8560,595434.1250,28.7596,604841.7500,1999.9000,
	2026/03/30 14:40:41	,	709012	,	1287	,10.5605,1999.9000,-1.8174,399.0449,595283.1875,28.7600,604941.3750,1999.9000,
	2026/03/30 14:40:41	,	710012	,	1288	,10.5605,1999.9000,-1.7497,399.6002,594983.5000,28.7681,605192.6875,1999.9000,
	2026/03/30 14:40:41	,	711012	,	1289	,10.5605,1999.9000,-1.6782,399.6650,594733.2500,28.7702,605206.8750,1999.9000,
	2026/03/30 14:40:41	,	712012	,	1290	,10.5605,1999.9000,-1.6018,399.7191,594733.2500,28.7689,605211.6250,1999.9000,
	2026/03/30 14:40:41	,	713012	,	1291	,10.5605,1999.9000,-1.5215,399.7641,594733.2500,28.7678,605213.9375,1999.9000,
	2026/03/30 14:40:41	,	714012	,	1292	,10.5605,1999.9000,-1.4357,399.8016,594733.2500,28.7654,605215.3750,1999.9000,
	2026/03/30 14:40:41	,	715012	,	1293	,10.5605,1999.9000,-1.3445,399.5345,594733.2500,28.7588,605216.3125,1999.9000,
	2026/03/30 14:40:41	,	716012	,	1294	,10.5605,1999.9000,-1.2520,399.3119,594873.8750,28.7625,605016.8750,1999.9000,
	2026/03/30 14:40:41	,	717012	,	1295	,10.5605,1999.9000,-1.1591,399.0269,594905.4375,28.7655,604901.5625,1999.9000,
	2026/03/30 14:40:41	,	718012	,	1296	,10.5605,1999.9000,-1.0673,398.7894,594925.1250,28.7681,604800.6875,1999.9000,
	2026/03/30 14:40:41	,	719012	,	1297	,10.5605,1999.9000,-0.9774,398.5915,595033.5000,28.7702,604708.8750,1999.9000,
	2026/03/30 14:40:41	,	720012	,	1298	,10.5605,1999.9000,-0.8871,398.4265,595327.3125,28.7689,604501.0625,1999.9000,
	2026/03/30 14:40:41	,	721012	,	1299	,10.5605,1999.9000,-0.8011,398.2891,595652.0000,28.7678,604374.2500,1999.9000,
	2026/03/30 14:40:41	,	722012	,	1300	,10.5605,1999.9000,-0.7211,397.9756,595652.0000,28.7669,604374.2500,1999.9000,
	2026/03/30 14:40:41	,	723012	,	1301	,10.5605,1999.9000,-0.6454,397.7144,595652.0000,28.7662,604374.2500,1999.9000,
	2026/03/30 14:40:41	,	724012	,	1302	,10.5605,1999.9000,-0.5752,397.4967,595652.0000,28.7656,604374.2500,1999.9000,
	2026/03/30 14:40:41	,	725012	,	1303	,10.5605,1999.9000,-0.5115,397.3153,595652.0000,28.7574,604374.2500,1999.9000,
	2026/03/30 14:40:41	,	726012	,	1304	,10.5605,1999.9000,-0.4527,397.1642,595503.0000,28.7506,604564.5625,1999.9000,
	2026/03/30 14:40:41	,	727012	,	1305	,10.5605,1999.9000,-0.3999,397.0382,595420.8125,28.7450,604684.1250,1999.9000,
	2026/03/30 14:40:41	,	728012	,	1306	,10.5605,1999.9000,-0.3539,397.2316,595409.7500,28.7403,604786.1875,1999.9000,
	2026/03/30 14:40:41	,	729012	,	1307	,10.5605,1999.9000,-0.3161,397.6912,595388.2500,28.7363,604824.5625,1999.9000,
	2026/03/30 14:40:41	,	730012	,	1308	,10.5605,1999.9000,-0.2899,398.2732,595100.8750,28.7392,605071.2500,1999.9000,
	2026/03/30 14:40:41	,	731012	,	1309	,10.5605,1999.9000,-0.2715,398.8576,594763.0000,28.7445,605281.4375,1999.9000,
	2026/03/30 14:40:41	,	732012	,	1310	,10.5605,1999.9000,-0.2564,399.4441,594763.0000,28.7491,605281.4375,1999.9000,
	2026/03/30 14:40:41	,	733012	,	1311	,10.5605,1999.9000,-0.2438,399.9329,594763.0000,28.7528,605281.4375,1999.9000,
	2026/03/30 14:40:41	,	734012	,	1312	,10.5605,1999.9000,-0.2307,400.4396,594763.0000,28.7605,605281.4375,1999.9000,
	2026/03/30 14:40:41	,	735012	,	1313	,10.5605,1999.9000,-0.2151,400.8620,594763.0000,28.7670,605281.4375,1999.9000,
	2026/03/30 14:40:41	,	736012	,	1314	,10.5605,1999.9000,-0.2006,401.2139,594775.6875,28.7693,605064.0625,1999.9000,
	2026/03/30 14:40:41	,	737012	,	1315	,10.5605,1999.9000,-0.1883,401.4077,594938.7500,28.7697,604926.3125,1999.9000,
	2026/03/30 14:40:41	,	738012	,	1316	,10.5605,1999.9000,-0.1776,401.4697,594954.8750,28.7685,604830.8750,1999.9000,
	2026/03/30 14:40:41	,	739012	,	1317	,10.5605,1999.9000,-0.1683,401.5214,594977.3125,28.7675,604792.1875,1999.9000,
	2026/03/30 14:40:41	,	740012	,	1318	,10.5605,1999.9000,-0.1570,401.4650,595249.1875,28.7667,604592.9375,1999.9000,
	2026/03/30 14:40:41	,	741012	,	1319	,10.5605,1999.9000,-0.1454,401.4180,595608.5000,28.7675,604314.5000,1999.9000,
	2026/03/30 14:40:41	,	742012	,	1320	,10.5606,1999.9000,-0.1376,400.7820,595608.5000,28.7697,604314.5000,1999.9000,
	2026/03/30 14:40:41	,	743012	,	1321	,10.5606,1999.9000,-0.1372,399.9536,595608.5000,28.7716,604314.5000,1999.9000,
	2026/03/30 14:40:41	,	744012	,	1322	,10.5606,1999.9000,-0.1370,399.2632,595608.5000,28.7777,604314.5000,1999.9000,
	2026/03/30 14:40:41	,	745012	,	1323	,10.5606,1999.9000,-0.1370,398.5884,595608.5000,28.7828,604314.5000,1999.9000,
	2026/03/30 14:40:41	,	746012	,	1324	,10.5606,1999.9000,-0.1369,398.0261,595602.8750,28.7901,604519.8125,1999.9000,
	2026/03/30 14:40:41	,	747012	,	1325	,10.5606,1999.9000,-0.1369,397.5575,595469.0625,28.7978,604655.0625,1999.9000,
	2026/03/30 14:40:41	,	748012	,	1326	,10.5606,1999.9000,-0.1392,397.2665,595447.0000,28.8041,604756.5625,1999.9000,
	2026/03/30 14:40:41	,	749012	,	1327	,10.5606,1999.9000,-0.1419,397.2229,595425.5625,28.8094,604838.6875,1999.9000,
	2026/03/30 14:40:41	,	750012	,	1328	,10.5606,1999.9000,-0.1479,397.4850,595214.0625,28.8138,604990.3125,1999.9000,
	2026/03/30 14:40:41	,	751012	,	1329	,10.5606,1999.9000,-0.1571,397.7035,594874.4375,28.8175,605294.1875,1999.9000,
	2026/03/30 14:40:41	,	752012	,	1330	,10.5606,1999.9000,-0.1647,397.8855,594850.3125,28.8190,605294.1875,1999.9000,
	2026/03/30 14:40:41	,	753012	,	1331	,10.5606,1999.9000,-0.1712,398.0372,594842.2500,28.8203,605294.1875,1999.9000,
	2026/03/30 14:40:41	,	754012	,	1332	,10.5605,1999.9000,-0.1757,398.1636,594838.2500,28.8183,605294.1875,1999.9000,
	2026/03/30 14:40:41	,	755012	,	1333	,10.5605,1999.9000,-0.1757,398.1694,594835.8125,28.8105,605294.1875,1999.9000,
	2026/03/30 14:40:41	,	756012	,	1334	,10.5605,1999.9000,-0.1757,398.0749,594834.1875,28.8010,605074.3125,1999.9000,
	2026/03/30 14:40:41	,	757012	,	1335	,10.5605,1999.9000,-0.1757,397.9960,594935.8125,28.7900,604924.5000,1999.9000,
	2026/03/30 14:40:41	,	758012	,	1336	,10.5605,1999.9000,-0.1757,397.9303,594951.2500,28.7808,604825.4375,1999.9000,
	2026/03/30 14:40:41	,	759012	,	1337	,10.5605,1999.9000,-0.1757,397.8756,594964.3750,28.7732,604736.6875,1999.9000,
	2026/03/30 14:40:41	,	760012	,	1338	,10.5605,1999.9000,-0.1757,397.8300,595140.1875,28.7669,604598.9375,1999.9000,
	2026/03/30 14:40:41	,	761012	,	1339	,10.5605,1999.9000,-0.1732,397.7920,595499.4375,28.7615,604316.8750,1999.9000,
	2026/03/30 14:40:41	,	762012	,	1340	,10.5605,1999.9000,-0.1726,397.0640,595628.7500,28.7571,604316.8750,1999.9000,
	2026/03/30 14:40:41	,	763012	,	1341	,10.5605,1999.9000,-0.1723,396.4573,595628.7500,28.7565,604316.8750,1999.9000,
	2026/03/30 14:40:41	,	764012	,	1342	,10.5605,1999.9000,-0.1722,395.9518,595628.7500,28.7560,604316.8750,1999.9000,
	2026/03/30 14:40:41	,	765012	,	1343	,10.5605,1999.9000,-0.1722,395.5305,595628.7500,28.7555,604316.8750,1999.9000,
	2026/03/30 14:40:41	,	766012	,	1344	,10.5606,1999.9000,-0.1721,395.1794,595628.7500,28.7567,604448.5625,1999.9000,
	2026/03/30 14:40:41	,	767012	,	1345	,10.5606,1999.9000,-0.1724,394.8868,595491.1250,28.7577,604597.7500,1999.9000,
	2026/03/30 14:40:41	,	768012	,	1346	,10.5606,1999.9000,-0.1752,395.7372,595455.6875,28.7631,604704.6250,1999.9000,
	2026/03/30 14:40:41	,	769012	,	1347	,10.5607,1999.9000,-0.1758,396.8438,595433.3125,28.7675,604794.6250,1999.9000,
	2026/03/30 14:40:41	,	770012	,	1348	,10.5607,1999.9000,-0.1790,397.7660,595283.8125,28.7713,604908.8125,1999.9000,
	2026/03/30 14:40:41	,	771012	,	1349	,10.5607,1999.9000,-0.1856,398.5344,594999.0000,28.7744,605191.4375,1999.9000,
	2026/03/30 14:40:41	,	772012	,	1350	,10.5607,1999.9000,-0.1862,399.1748,594766.0000,28.7709,605191.4375,1999.9000,
	2026/03/30 14:40:41	,	773012	,	1351	,10.5606,1999.9000,-0.1864,399.7084,594766.0000,28.7680,605191.4375,1999.9000,
	2026/03/30 14:40:41	,	774012	,	1352	,10.5606,1999.9000,-0.1864,400.1531,594766.0000,28.7610,605191.4375,1999.9000,
	2026/03/30 14:40:41	,	775012	,	1353	,10.5605,1999.9000,-0.1865,400.5237,594766.0000,28.7521,605191.4375,1999.9000,
	2026/03/30 14:40:41	,	776012	,	1354	,10.5605,1999.9000,-0.1865,400.8326,594766.0000,28.7446,605185.8750,1999.9000,
	2026/03/30 14:40:41	,	777012	,	1355	,10.5604,1999.9000,-0.1827,400.8910,594908.3750,28.7384,604976.4375,1999.9000,
	2026/03/30 14:40:41	,	778012	,	1356	,10.5604,1999.9000,-0.1796,400.7407,594943.8125,28.7318,604870.7500,1999.9000,
	2026/03/30 14:40:41	,	779012	,	1357	,10.5604,1999.9000,-0.1771,400.6155,594961.2500,28.7262,604771.0625,1999.9000,
	2026/03/30 14:40:41	,	780012	,	1358	,10.5604,1999.9000,-0.1737,400.5111,595068.6875,28.7231,604667.8125,1999.9000,
	2026/03/30 14:40:41	,	781012	,	1359	,10.5604,1999.9000,-0.1665,400.1257,595371.9375,28.7205,604425.0000,1999.9000,
	2026/03/30 14:40:41	,	782012	,	1360	,10.5605,1999.9000,-0.1605,399.8045,595686.5000,28.7199,604415.9375,1999.9000,
	2026/03/30 14:40:41	,	783012	,	1361	,10.5605,1999.9000,-0.1605,399.8353,595686.5000,28.7224,604412.8750,1999.9000,
	2026/03/30 14:40:41	,	784012	,	1362	,10.5605,1999.9000,-0.1605,399.8610,595686.5000,28.7260,604411.3750,1999.9000,
	2026/03/30 14:40:41	,	785012	,	1363	,10.5605,1999.9000,-0.1605,399.7829,595686.5000,28.7260,604410.5000,1999.9000,
	2026/03/30 14:40:41	,	786012	,	1364	,10.5605,1999.9000,-0.1605,399.5189,595686.5000,28.7275,604409.8750,1999.9000,
	2026/03/30 14:40:41	,	787012	,	1365	,10.5605,1999.9000,-0.1642,399.0999,595513.1250,28.7272,604576.6250,1999.9000,
	2026/03/30 14:40:41	,	788012	,	1366	,10.5605,1999.9000,-0.1679,398.7508,595475.0000,28.7270,604683.5000,1999.9000,
	2026/03/30 14:40:41	,	789012	,	1367	,10.5605,1999.9000,-0.1711,398.5593,595454.3750,28.7268,604781.9375,1999.9000,
	2026/03/30 14:40:41	,	790012	,	1368	,10.5605,1999.9000,-0.1747,398.3997,595371.3125,28.7267,604887.0000,1999.9000,
	2026/03/30 14:40:41	,	791012	,	1369	,10.5605,1999.9000,-0.1824,398.4657,595146.7500,28.7265,605135.8750,1999.9000,
	2026/03/30 14:40:41	,	792012	,	1370	,10.5605,1999.9000,-0.1903,398.5207,594797.5625,28.7264,605233.7500,1999.9000,
	2026/03/30 14:40:41	,	793012	,	1371	,10.5605,1999.9000,-0.1953,398.5665,594797.5625,28.7262,605233.7500,1999.9000,
	2026/03/30 14:40:41	,	794012	,	1372	,10.5605,1999.9000,-0.1953,398.6047,594797.5625,28.7262,605233.7500,1999.9000,
	2026/03/30 14:40:41	,	795012	,	1373	,10.5606,1999.9000,-0.1953,398.6047,594797.5625,28.7292,605233.7500,1999.9000,
	2026/03/30 14:40:41	,	796012	,	1374	,10.5606,1999.9000,-0.1953,398.7360,594797.5625,28.7317,605233.7500,1999.9000,
	2026/03/30 14:40:41	,	797012	,	1375	,10.5606,1999.9000,-0.1953,398.8454,594879.8125,28.7369,605036.2500,1999.9000,
	2026/03/30 14:40:41	,	798012	,	1376	,10.5606,1999.9000,-0.1926,399.0360,594918.8750,28.7442,604907.0000,1999.9000,
	2026/03/30 14:40:41	,	799012	,	1377	,10.5606,1999.9000,-0.1917,399.1949,594942.3750,28.7503,604800.0625,1999.9000,
	2026/03/30 14:40:41	,	800012	,	1378	,10.5605,1999.9000,-0.1895,399.3273,595036.5000,28.7554,604706.5000,1999.9000,
	2026/03/30 14:40:41	,	801012	,	1379	,10.5605,1999.9000,-0.1846,399.4377,595248.5625,28.7596,604504.7500,1999.9000,
	2026/03/30 14:40:41	,	802012	,	1380	,10.5605,1999.9000,-0.1784,399.5296,595614.5000,28.7601,604342.2500,1999.9000,
	2026/03/30 14:40:41	,	803012	,	1381	,10.5605,1999.9000,-0.1775,399.6062,595614.5000,28.7605,604342.2500,1999.9000,
	2026/03/30 14:40:41	,	804012	,	1382	,10.5605,1999.9000,-0.1772,399.6701,595614.5000,28.7608,604342.2500,1999.9000,
	2026/03/30 14:40:41	,	805012	,	1383	,10.5605,1999.9000,-0.1771,399.7232,595614.5000,28.7611,604342.2500,1999.9000,
	2026/03/30 14:40:41	,	806012	,	1384	,10.5605,1999.9000,-0.1770,399.4692,595614.5000,28.7613,604342.2500,1999.9000,
	2026/03/30 14:40:41	,	807012	,	1385	,10.5605,1999.9000,-0.1769,399.2574,595607.2500,28.7615,604536.6875,1999.9000,
	2026/03/30 14:40:41	,	808012	,	1386	,10.5605,1999.9000,-0.1807,399.0810,595461.9375,28.7647,604662.3750,1999.9000,
	2026/03/30 14:40:41	,	809012	,	1387	,10.5605,1999.9000,-0.1842,398.9340,595437.2500,28.7674,604767.4375,1999.9000,
	2026/03/30 14:40:41	,	810012	,	1388	,10.5604,1999.9000,-0.1870,399.1099,595418.6250,28.7697,604864.6875,1999.9000,
	2026/03/30 14:40:41	,	811012	,	1389	,10.5604,1999.9000,-0.1925,399.2564,595239.0625,28.7715,605053.1250,1999.9000,
	2026/03/30 14:40:41	,	812012	,	1390	,10.5604,1999.9000,-0.2001,399.3786,594900.0625,28.7731,605291.1250,1999.9000,
	2026/03/30 14:40:41	,	813012	,	1391	,10.5604,1999.9000,-0.2006,399.5799,594860.1875,28.7774,605291.1250,1999.9000,
	2026/03/30 14:40:41	,	814012	,	1392	,10.5604,1999.9000,-0.2008,399.8470,594846.8750,28.7780,605291.1250,1999.9000,
	2026/03/30 14:40:41	,	815012	,	1393	,10.5604,1999.9000,-0.2008,400.0697,594840.2500,28.7754,605291.1250,1999.9000,
	2026/03/30 14:40:41	,	816012	,	1394	,10.5604,1999.9000,-0.2009,400.1558,594836.2500,28.7733,605291.1250,1999.9000,
	2026/03/30 14:40:41	,	817012	,	1395	,10.5604,1999.9000,-0.2009,400.3270,594833.6250,28.7715,605088.1875,1999.9000,
	2026/03/30 14:40:41	,	818012	,	1396	,10.5604,1999.9000,-0.1966,400.4696,594933.3750,28.7730,604945.6250,1999.9000,
	2026/03/30 14:40:41	,	819012	,	1397	,10.5604,1999.9000,-0.1924,400.5885,594955.1250,28.7743,604843.5625,1999.9000,
	2026/03/30 14:40:41	,	820012	,	1398	,10.5604,1999.9000,-0.1924,401.1850,594971.1250,28.7754,604745.6875,1999.9000,
	2026/03/30 14:40:41	,	821012	,	1399	,10.5604,1999.9000,-0.1886,401.6820,595134.8125,28.7763,604589.8750,1999.9000,
	2026/03/30 14:40:41	,	822012	,	1400	,10.5604,1999.9000,-0.1824,402.0963,595488.1250,28.7771,604309.6875,1999.9000,
	2026/03/30 14:40:41	,	823012	,	1401	,10.5604,1999.9000,-0.1736,402.0435,595638.2500,28.7777,604309.6875,1999.9000,
	2026/03/30 14:40:41	,	824012	,	1402	,10.5604,1999.9000,-0.1670,401.9995,595638.2500,28.7783,604309.6875,1999.9000,
	2026/03/30 14:40:41	,	825012	,	1403	,10.5604,1999.9000,-0.1660,401.9629,595638.2500,28.7771,604309.6875,1999.9000,
	2026/03/30 14:40:41	,	826012	,	1404	,10.5604,1999.9000,-0.1657,401.2361,595638.2500,28.7762,604309.6875,1999.9000,
	2026/03/30 14:40:41	,	827012	,	1405	,10.5604,1999.9000,-0.1655,400.6304,595638.2500,28.7739,604518.0000,1999.9000,
	2026/03/30 14:40:41	,	828012	,	1406	,10.5604,1999.9000,-0.1654,400.1256,595504.8125,28.7720,604656.9375,1999.9000,
	2026/03/30 14:40:41	,	829012	,	1407	,10.5604,1999.9000,-0.1654,399.7050,595475.3125,28.7689,604760.2500,1999.9000,
	2026/03/30 14:40:41	,	830012	,	1408	,10.5604,1999.9000,-0.1678,399.3545,595459.3125,28.7618,604796.1875,1999.9000,
	2026/03/30 14:40:41	,	831012	,	1409	,10.5604,1999.9000,-0.1701,399.0624,595327.3125,28.7527,604978.2500,1999.9000,
	2026/03/30 14:40:41	,	832012	,	1410	,10.5604,1999.9000,-0.1738,398.8190,595024.6250,28.7452,605291.6875,1999.9000,
	2026/03/30 14:40:41	,	833012	,	1411	,10.5604,1999.9000,-0.1803,398.6161,594774.3750,28.7389,605291.6875,1999.9000,
	2026/03/30 14:40:41	,	834012	,	1412	,10.5604,1999.9000,-0.1814,398.5466,594774.3750,28.7337,605291.6875,1999.9000,
	2026/03/30 14:40:41	,	835012	,	1413	,10.5605,1999.9000,-0.1817,398.5881,594774.3750,28.7278,605291.6875,1999.9000,
	2026/03/30 14:40:41	,	836012	,	1414	,10.5605,1999.9000,-0.1820,398.4691,594774.3750,28.7229,605291.6875,1999.9000,
	2026/03/30 14:40:41	,	837012	,	1415	,10.5605,1999.9000,-0.1820,398.4691,594774.3750,28.7188,605123.8125,1999.9000,
	2026/03/30 14:40:41	,	838012	,	1416	,10.5605,1999.9000,-0.1820,398.2251,594909.0000,28.7154,604957.6875,1999.9000,
	2026/03/30 14:40:41	,	839012	,	1417	,10.5605,1999.9000,-0.1791,398.0218,594942.6875,28.7126,604850.8125,1999.9000,
	2026/03/30 14:40:41	,	840012	,	1418	,10.5605,1999.9000,-0.1758,397.8523,594966.4375,28.7102,604762.0000,1999.9000,
	2026/03/30 14:40:41	,	841012	,	1419	,10.5605,1999.9000,-0.1730,397.7111,595089.5000,28.7083,604647.3125,1999.9000,
	2026/03/30 14:40:41	,	842012	,	1420	,10.5605,1999.9000,-0.1694,397.7924,595373.1250,28.7066,604382.0625,1999.9000,
	2026/03/30 14:40:41	,	843012	,	1421	,10.5605,1999.9000,-0.1624,397.8601,595704.3750,28.7053,604382.0625,1999.9000,
	2026/03/30 14:40:41	,	844012	,	1422	,10.5605,1999.9000,-0.1587,397.9166,595704.3750,28.7010,604382.0625,1999.9000,
	2026/03/30 14:40:41	,	845012	,	1423	,10.5605,1999.9000,-0.1587,397.7646,595704.3750,28.6975,604382.0625,1999.9000,
	2026/03/30 14:40:41	,	846012	,	1424	,10.5605,1999.9000,-0.1587,397.6381,595704.3750,28.6961,604382.0625,1999.9000,
	2026/03/30 14:40:41	,	847012	,	1425	,10.5605,1999.9000,-0.1587,397.4331,595704.3750,28.6980,604382.0625,1999.9000,
	2026/03/30 14:40:41	,	848012	,	1426	,10.5605,1999.9000,-0.1587,397.2623,595547.7500,28.7057,604603.7500,1999.9000,
	2026/03/30 14:40:41	,	849012	,	1427	,10.5605,1999.9000,-0.1613,397.3189,595461.9375,28.7121,604603.7500,1999.9000,
	2026/03/30 14:40:41	,	850012	,	1428	,10.5605,1999.9000,-0.1622,397.0676,595442.6250,28.7175,604823.0000,1999.9000,
	2026/03/30 14:40:41	,	851012	,	1429	,10.5605,1999.9000,-0.1646,396.8582,595419.6875,28.7219,604823.0000,1999.9000,
	2026/03/30 14:40:41	,	852012	,	1430	,10.5605,1999.9000,-0.1657,396.6837,595141.9375,28.7256,604934.1250,1999.9000,
	2026/03/30 14:40:41	,	853012	,	1431	,10.5605,1999.9000,-0.1727,396.5384,594795.1875,28.7287,605212.0000,1999.9000,
	2026/03/30 14:40:41	,	854012	,	1432	,10.5605,1999.9000,-0.1781,396.7156,594795.1875,28.7328,605212.0000,1999.9000,
	2026/03/30 14:40:41	,	855012	,	1433	,10.5605,1999.9000,-0.1785,397.3607,594795.1875,28.7377,605212.0000,1999.9000,
	2026/03/30 14:40:41	,	856012	,	1434	,10.5606,1999.9000,-0.1786,397.8983,594795.1875,28.7449,605212.0000,1999.9000,
	2026/03/30 14:40:41	,	857012	,	1435	,10.5606,1999.9000,-0.1786,398.3463,594795.1875,28.7509,605212.0000,1999.9000,
	2026/03/30 14:40:41	,	858012	,	1436	,10.5606,1999.9000,-0.1787,398.7196,594805.3125,28.7559,605209.8750,1999.9000,
	2026/03/30 14:40:41	,	859012	,	1437	,10.5606,1999.9000,-0.1787,399.0307,594948.3750,28.7570,605015.7500,1999.9000,
	2026/03/30 14:40:41	,	860012	,	1438	,10.5606,1999.9000,-0.1783,399.2899,594962.6250,28.7564,604902.7500,1999.9000,
	2026/03/30 14:40:41	,	861012	,	1439	,10.5605,1999.9000,-0.1751,399.5059,594979.8750,28.7559,604802.5000,1999.9000,
	2026/03/30 14:40:41	,	862012	,	1440	,10.5605,1999.9000,-0.1744,399.6860,595225.9375,28.7555,604703.4375,1999.9000,
	2026/03/30 14:40:41	,	863012	,	1441	,10.5605,1999.9000,-0.1690,399.8360,595604.3125,28.7551,604467.2500,1999.9000,
	2026/03/30 14:40:41	,	864012	,	1442	,10.5605,1999.9000,-0.1645,399.8616,595604.3125,28.7533,604435.5625,1999.9000,
	2026/03/30 14:40:41	,	865012	,	1443	,10.5605,1999.9000,-0.1645,399.2860,595604.3125,28.7518,604425.0000,1999.9000,
	2026/03/30 14:40:41	,	866012	,	1444	,10.5605,1999.9000,-0.1645,399.0053,595604.3125,28.7460,604419.7500,1999.9000,
	2026/03/30 14:40:41	,	867012	,	1445	,10.5604,1999.9000,-0.1645,398.7714,595604.3125,28.7411,604416.6250,1999.9000,
	2026/03/30 14:40:41	,	868012	,	1446	,10.5605,1999.9000,-0.1645,398.5765,595601.5000,28.7370,604414.5000,1999.9000,
	2026/03/30 14:40:41	,	869012	,	1447	,10.5605,1999.9000,-0.1647,398.4141,595471.4375,28.7336,604584.4375,1999.9000,
	2026/03/30 14:40:41	,	870012	,	1448	,10.5606,1999.9000,-0.1680,398.2787,595471.4375,28.7308,604692.5625,1999.9000,
	2026/03/30 14:40:41	,	871012	,	1449	,10.5606,1999.9000,-0.1690,398.1659,595447.9375,28.7254,604779.5000,1999.9000,
	2026/03/30 14:40:41	,	872012	,	1450	,10.5606,1999.9000,-0.1717,397.9724,595429.1250,28.7224,604862.8750,1999.9000,
	2026/03/30 14:40:41	,	873012	,	1451	,10.5606,1999.9000,-0.1764,397.8112,595238.4375,28.7215,605081.5625,1999.9000,
	2026/03/30 14:40:41	,	874012	,	1452	,10.5606,1999.9000,-0.1822,397.6768,594900.0625,28.7222,605239.8125,1999.9000,
	2026/03/30 14:40:41	,	875012	,	1453	,10.5607,1999.9000,-0.1822,397.4654,594805.3125,28.7244,605239.8125,1999.9000,
	2026/03/30 14:40:41	,	876012	,	1454	,10.5607,1999.9000,-0.1822,397.3887,594805.3125,28.7246,605239.8125,1999.9000,
	2026/03/30 14:40:41	,	877012	,	1455	,10.5607,1999.9000,-0.1822,397.7226,594805.3125,28.7218,605239.8125,1999.9000,
	2026/03/30 14:40:41	,	878012	,	1456	,10.5607,1999.9000,-0.1822,398.0009,594805.3125,28.7194,605239.8125,1999.9000,
	2026/03/30 14:40:41	,	879012	,	1457	,10.5607,1999.9000,-0.1819,397.8350,594925.6250,28.7174,604899.1250,1999.9000,
	2026/03/30 14:40:41	,	880012	,	1458	,10.5606,1999.9000,-0.1781,398.0945,594925.6250,28.7158,604899.1250,1999.9000,
	2026/03/30 14:40:41	,	881012	,	1459	,10.5606,1999.9000,-0.1773,398.3109,594954.8750,28.7175,604804.8750,1999.9000,
	2026/03/30 14:40:41	,	882012	,	1460	,10.5606,1999.9000,-0.1767,398.4911,594975.7500,28.7189,604720.3125,1999.9000,
	2026/03/30 14:40:41	,	883012	,	1461	,10.5606,1999.9000,-0.1722,398.6414,595154.4375,28.7200,604534.3125,1999.9000,
	2026/03/30 14:40:41	,	884012	,	1462	,10.5606,1999.9000,-0.1670,398.7665,595497.6250,28.7210,604337.4375,1999.9000,
	2026/03/30 14:40:41	,	885012	,	1463	,10.5606,1999.9000,-0.1647,398.4730,595633.5000,28.7218,604337.4375,1999.9000,
	2026/03/30 14:40:41	,	886012	,	1464	,10.5606,1999.9000,-0.1647,398.2283,595633.5000,28.7286,604337.4375,1999.9000,
	2026/03/30 14:40:41	,	887012	,	1465	,10.5606,1999.9000,-0.1647,398.0244,595633.5000,28.7388,604337.4375,1999.9000,
	2026/03/30 14:40:41	,	888012	,	1466	,10.5606,1999.9000,-0.1647,397.8545,595633.5000,28.7473,604337.4375,1999.9000,
	2026/03/30 14:40:41	,	889012	,	1467	,10.5606,1999.9000,-0.1647,397.6135,595633.5000,28.7545,604539.1250,1999.9000,
	2026/03/30 14:40:41	,	890012	,	1468	,10.5606,1999.9000,-0.1650,397.4126,595489.9375,28.7558,604657.5625,1999.9000,
	2026/03/30 14:40:41	,	891012	,	1469	,10.5606,1999.9000,-0.1684,397.3447,595459.2500,28.7569,604747.5625,1999.9000,
	2026/03/30 14:40:41	,	892012	,	1470	,10.5606,1999.9000,-0.1689,397.5865,595439.6875,28.7579,604838.6875,1999.9000,
	2026/03/30 14:40:41	,	893012	,	1471	,10.5606,1999.9000,-0.1719,398.0864,595315.3125,28.7556,605024.7500,1999.9000,
	2026/03/30 14:40:41	,	894012	,	1472	,10.5606,1999.9000,-0.1771,398.5031,595037.6875,28.7536,605323.7500,1999.9000,
	2026/03/30 14:40:41	,	895012	,	1473	,10.5606,1999.9000,-0.1805,398.8503,594737.4375,28.7521,605323.7500,1999.9000,
	2026/03/30 14:40:41	,	896012	,	1474	,10.5606,1999.9000,-0.1805,398.9406,594737.4375,28.7508,605323.7500,1999.9000,
	2026/03/30 14:40:41	,	897012	,	1475	,10.5606,1999.9000,-0.1805,399.0159,594737.4375,28.7512,605323.7500,1999.9000,
	2026/03/30 14:40:41	,	898012	,	1476	,10.5606,1999.9000,-0.1805,399.0786,594737.4375,28.7515,605323.7500,1999.9000,
	2026/03/30 14:40:41	,	899012	,	1477	,10.5606,1999.9000,-0.1805,399.1310,594737.4375,28.7534,605111.1875,1999.9000,
	2026/03/30 14:40:41	,	900012	,	1478	,10.5606,1999.9000,-0.1776,399.1745,594875.6250,28.7549,604973.4375,1999.9000,
	2026/03/30 14:40:41	,	901012	,	1479	,10.5607,1999.9000,-0.1752,399.1114,594914.6250,28.7562,604864.0625,1999.9000,
	2026/03/30 14:40:41	,	902012	,	1480	,10.5606,1999.9000,-0.1744,398.9593,594938.9375,28.7573,604766.2500,1999.9000,
	2026/03/30 14:40:41	,	903012	,	1481	,10.5606,1999.9000,-0.1710,398.5341,595068.0625,28.7581,604617.0625,1999.9000,
	2026/03/30 14:40:41	,	904012	,	1482	,10.5605,1999.9000,-0.1654,398.1798,595358.8125,28.7588,604326.5625,1999.9000,
	2026/03/30 14:40:41	,	905012	,	1483	,10.5605,1999.9000,-0.1614,397.8845,595686.5000,28.7594,604326.5625,1999.9000,
	2026/03/30 14:40:41	,	906012	,	1484	,10.5605,1999.9000,-0.1614,398.0363,595686.5000,28.7600,604326.5625,1999.9000,
	2026/03/30 14:40:41	,	907012	,	1485	,10.5605,1999.9000,-0.1614,398.2624,595686.5000,28.7635,604326.5625,1999.9000,
	2026/03/30 14:40:41	,	908012	,	1486	,10.5604,1999.9000,-0.1614,398.6496,595686.5000,28.7663,604326.5625,1999.9000,
	2026/03/30 14:40:41	,	909012	,	1487	,10.5604,1999.9000,-0.1614,399.1714,595686.5000,28.7687,604494.4375,1999.9000,
	2026/03/30 14:40:41	,	910012	,	1488	,10.5604,1999.9000,-0.1614,399.6061,595544.1250,28.7687,604653.9375,1999.9000,
	2026/03/30 14:40:41	,	911012	,	1489	,10.5604,1999.9000,-0.1618,399.9684,595460.7500,28.7723,604757.1875,1999.9000,
	2026/03/30 14:40:41	,	912012	,	1490	,10.5604,1999.9000,-0.1653,400.2703,595441.0000,28.7753,604838.6875,1999.9000,
	2026/03/30 14:40:41	,	913012	,	1491	,10.5604,1999.9000,-0.1685,400.5219,595416.6250,28.7777,604971.0000,1999.9000,
	2026/03/30 14:40:41	,	914012	,	1492	,10.5604,1999.9000,-0.1758,400.7315,595146.1250,28.7798,605277.8750,1999.9000,
	2026/03/30 14:40:41	,	915012	,	1493	,10.5604,1999.9000,-0.1826,400.9063,594797.5625,28.7815,605277.8750,1999.9000,
	2026/03/30 14:40:41	,	916012	,	1494	,10.5604,1999.9000,-0.1883,401.0518,594797.5625,28.7814,605277.8750,1999.9000,
	2026/03/30 14:40:41	,	917012	,	1495	,10.5604,1999.9000,-0.1883,401.0737,594797.5625,28.7828,605277.8750,1999.9000,
	2026/03/30 14:40:41	,	918012	,	1496	,10.5604,1999.9000,-0.1883,400.8929,594797.5625,28.7855,605277.8750,1999.9000,
	2026/03/30 14:40:41	,	919012	,	1497	,10.5604,1999.9000,-0.1883,400.4439,594797.5625,28.7878,605172.7500,1999.9000,
	2026/03/30 14:40:41	,	920012	,	1498	,10.5604,1999.9000,-0.1883,400.0697,594807.3125,28.7897,605004.8750,1999.9000,
	2026/03/30 14:40:41	,	921012	,	1499	,10.5604,1999.9000,-0.1879,399.6584,594954.2500,28.7913,604893.0625,1999.9000,
	2026/03/30 14:40:41	,	922012	,	1500	,10.5604,1999.9000,-0.1836,399.3157,594976.0000,28.7926,604801.3125,1999.9000,
	2026/03/30 14:40:41	,	923012	,	1501	,10.5605,1999.9000,-0.1801,398.8311,594996.1875,28.7786,604682.3125,1999.9000,
	2026/03/30 14:40:41	,	924012	,	1502	,10.5605,1999.9000,-0.1726,398.3278,595241.4375,28.7786,604423.1250,1999.9000,
	2026/03/30 14:40:41	,	925012	,	1503	,10.5605,1999.9000,-0.1654,397.9084,595607.2500,28.7805,604423.1250,1999.9000,
	2026/03/30 14:40:41	,	926012	,	1504	,10.5605,1999.9000,-0.1604,397.4594,595607.2500,28.7775,604423.1250,1999.9000,
	2026/03/30 14:40:41	,	927012	,	1505	,10.5605,1999.9000,-0.1601,397.0853,595607.2500,28.7689,604423.1250,1999.9000,
	2026/03/30 14:40:41	,	928012	,	1506	,10.5605,1999.9000,-0.1600,396.7735,595607.2500,28.7617,604423.1250,1999.9000,
	2026/03/30 14:40:41	,	929012	,	1507	,10.5605,1999.9000,-0.1600,396.5136,595607.2500,28.7557,604429.5000,1999.9000,
	2026/03/30 14:40:41	,	930012	,	1508	,10.5605,1999.9000,-0.1600,396.3966,595603.5000,28.7569,604625.5000,1999.9000,
	2026/03/30 14:40:41	,	931012	,	1509	,10.5605,1999.9000,-0.1599,396.2991,595464.3125,28.7624,604727.5625,1999.9000,
	2026/03/30 14:40:41	,	932012	,	1510	,10.5605,1999.9000,-0.1602,396.2178,595437.8125,28.7670,604818.1875,1999.9000,
	2026/03/30 14:40:41	,	933012	,	1511	,10.5605,1999.9000,-0.1644,396.2495,595416.2500,28.7708,604923.2500,1999.9000,
	2026/03/30 14:40:41	,	934012	,	1512	,10.5605,1999.9000,-0.1714,396.4749,595236.0625,28.7694,605183.5625,1999.9000,
	2026/03/30 14:40:41	,	935012	,	1513	,10.5605,1999.9000,-0.1793,396.7623,594916.7500,28.7667,605198.0625,1999.9000,
	2026/03/30 14:40:41	,	936012	,	1514	,10.5605,1999.9000,-0.1844,397.0017,594794.0000,28.7645,605202.9375,1999.9000,
	2026/03/30 14:40:41	,	937012	,	1515	,10.5605,1999.9000,-0.1844,397.3007,594794.0000,28.7611,605205.3750,1999.9000,
	2026/03/30 14:40:41	,	938012	,	1516	,10.5605,1999.9000,-0.1844,397.5498,594794.0000,28.7583,605206.8750,1999.9000,
	2026/03/30 14:40:41	,	939012	,	1517	,10.5605,1999.9000,-0.1844,398.2548,594794.0000,28.7559,605207.8125,1999.9000,
	2026/03/30 14:40:41	,	940012	,	1518	,10.5605,1999.9000,-0.1844,398.8423,594794.0000,28.7539,605023.5625,1999.9000,
	2026/03/30 14:40:41	,	941012	,	1519	,10.5605,1999.9000,-0.1842,399.3319,594907.2500,28.7523,604907.6250,1999.9000,
	2026/03/30 14:40:41	,	942012	,	1520	,10.5605,1999.9000,-0.1818,399.7399,594934.6250,28.7601,604807.9375,1999.9000,
	2026/03/30 14:40:41	,	943012	,	1521	,10.5604,1999.9000,-0.1812,399.5825,594956.8750,28.7666,604768.0625,1999.9000,
	2026/03/30 14:40:41	,	944012	,	1522	,10.5605,1999.9000,-0.1760,399.8493,595137.1875,28.7721,604511.3750,1999.9000,
	2026/03/30 14:40:41	,	945012	,	1523	,10.5605,1999.9000,-0.1695,400.0716,595480.3750,28.7766,604393.0000,1999.9000,
	2026/03/30 14:40:41	,	946012	,	1524	,10.5605,1999.9000,-0.1647,400.0578,595623.3750,28.7803,604393.0000,1999.9000,
	2026/03/30 14:40:41	,	947012	,	1525	,10.5605,1999.9000,-0.1638,399.7480,595623.3750,28.7804,604393.0000,1999.9000,
	2026/03/30 14:40:41	,	948012	,	1526	,10.5605,1999.9000,-0.1634,399.3903,595623.3750,28.7805,604393.0000,1999.9000,
	2026/03/30 14:40:41	,	949012	,	1527	,10.5605,1999.9000,-0.1633,399.0923,595623.3750,28.7805,604393.0000,1999.9000,
	2026/03/30 14:40:41	,	950012	,	1528	,10.5605,1999.9000,-0.1632,398.9434,595623.3750,28.7806,604585.6250,1999.9000,
	2026/03/30 14:40:41	,	951012	,	1529	,10.5605,1999.9000,-0.1631,398.8192,595482.1875,28.7807,604711.3125,1999.9000,
	2026/03/30 14:40:41	,	952012	,	1530	,10.5605,1999.9000,-0.1655,399.0143,595453.2500,28.7868,604814.0000,1999.9000,
	2026/03/30 14:40:41	,	953012	,	1531	,10.5606,1999.9000,-0.1681,398.8783,595436.5000,28.7919,604897.3750,1999.9000,
	2026/03/30 14:40:41	,	954012	,	1532	,10.5606,1999.9000,-0.1735,398.6656,595312.9375,28.7962,605097.2500,1999.9000,
	2026/03/30 14:40:41	,	955012	,	1533	,10.5606,1999.9000,-0.1809,398.4883,595035.3125,28.7997,605292.9375,1999.9000,
	2026/03/30 14:40:41	,	956012	,	1534	,10.5606,1999.9000,-0.1810,398.3406,594741.5625,28.8027,605292.9375,1999.9000,
	2026/03/30 14:40:41	,	957012	,	1535	,10.5606,1999.9000,-0.1810,398.2175,594741.5625,28.7991,605292.9375,1999.9000,
	2026/03/30 14:40:41	,	958012	,	1536	,10.5606,1999.9000,-0.1810,398.1149,594741.5625,28.7960,605292.9375,1999.9000,
	2026/03/30 14:40:41	,	959012	,	1537	,10.5606,1999.9000,-0.1810,398.0294,594741.5625,28.7935,605292.9375,1999.9000,
	2026/03/30 14:40:41	,	960012	,	1538	,10.5607,1999.9000,-0.1810,397.9581,594741.5625,28.7914,605095.4375,1999.9000,
	2026/03/30 14:40:41	,	961012	,	1539	,10.5607,1999.9000,-0.1773,397.8987,594889.9375,28.7851,604963.7500,1999.9000,
	2026/03/30 14:40:41	,	962012	,	1540	,10.5607,1999.9000,-0.1742,397.8493,594924.5000,28.7844,604860.5000,1999.9000,
	2026/03/30 14:40:41	,	963012	,	1541	,10.5607,1999.9000,-0.1718,397.8081,594942.3750,28.7838,604765.0625,1999.9000,
	2026/03/30 14:40:41	,	964012	,	1542	,10.5607,1999.9000,-0.1676,397.7737,595048.4375,28.7833,604580.8125,1999.9000,
	2026/03/30 14:40:41	,	965012	,	1543	,10.5606,1999.9000,-0.1607,397.3472,595333.1875,28.7829,604344.6875,1999.9000,
	2026/03/30 14:40:41	,	966012	,	1544	,10.5606,1999.9000,-0.1607,397.3472,595683.0000,28.7825,604344.6875,1999.9000,
	2026/03/30 14:40:41	,	967012	,	1545	,10.5606,1999.9000,-0.1584,396.1484,595683.0000,28.7822,604344.6875,1999.9000,
	2026/03/30 14:40:41	,	968012	,	1546	,10.5606,1999.9000,-0.1584,395.6944,595683.0000,28.7805,604344.6875,1999.9000,
	2026/03/30 14:40:41	,	969012	,	1547	,10.5606,1999.9000,-0.1584,395.3160,595683.0000,28.7790,604344.6875,1999.9000,
	2026/03/30 14:40:41	,	970012	,	1548	,10.5605,1999.9000,-0.1584,395.0006,595683.0000,28.7793,604545.8125,1999.9000,
	2026/03/30 14:40:41	,	971012	,	1549	,10.5605,1999.9000,-0.1613,395.0363,595510.1875,28.7796,604675.6875,1999.9000,
	2026/03/30 14:40:41	,	972012	,	1550	,10.5605,1999.9000,-0.1623,395.0660,595413.6875,28.7844,604777.1250,1999.9000,
	2026/03/30 14:40:41	,	973012	,	1551	,10.5605,1999.9000,-0.1630,395.5881,595392.5000,28.7899,604871.3750,1999.9000,
	2026/03/30 14:40:41	,	974012	,	1552	,10.5605,1999.9000,-0.1673,396.3217,595371.1875,28.7929,605032.0000,1999.9000,
	2026/03/30 14:40:41	,	975012	,	1553	,10.5605,1999.9000,-0.1746,397.1319,595120.5000,28.7955,605336.4375,1999.9000,
	2026/03/30 14:40:41	,	976012	,	1554	,10.5605,1999.9000,-0.1814,397.8071,594776.1250,28.7976,605336.4375,1999.9000,
	2026/03/30 14:40:41	,	977012	,	1555	,10.5605,1999.9000,-0.1863,398.3697,594776.1250,28.7994,605336.4375,1999.9000,
	2026/03/30 14:40:41	,	978012	,	1556	,10.5605,1999.9000,-0.1863,398.8386,594776.1250,28.8009,605336.4375,1999.9000,
	2026/03/30 14:40:41	,	979012	,	1557	,10.5605,1999.9000,-0.1863,398.7320,594776.1250,28.8021,605336.4375,1999.9000,
	2026/03/30 14:40:41	,	980012	,	1558	,10.5605,1999.9000,-0.1863,398.9416,594776.1250,28.8031,605130.4375,1999.9000,
	2026/03/30 14:40:41	,	981012	,	1559	,10.5605,1999.9000,-0.1863,399.1162,594787.7500,28.8025,604987.3125,1999.9000,
	2026/03/30 14:40:41	,	982012	,	1560	,10.5604,1999.9000,-0.1840,398.9633,594951.2500,28.8019,604885.8750,1999.9000,
	2026/03/30 14:40:41	,	983012	,	1561	,10.5604,1999.9000,-0.1830,398.4380,594967.0625,28.8015,604794.6250,1999.9000,
	2026/03/30 14:40:41	,	984012	,	1562	,10.5604,1999.9000,-0.1787,398.0002,594983.2500,28.8011,604661.7500,1999.9000,
	2026/03/30 14:40:41	,	985012	,	1563	,10.5604,1999.9000,-0.1718,397.6354,595217.0625,28.7992,604382.0625,1999.9000,
	2026/03/30 14:40:41	,	986012	,	1564	,10.5604,1999.9000,-0.1661,397.3314,595579.2500,28.7916,604382.0625,1999.9000,
	2026/03/30 14:40:41	,	987012	,	1565	,10.5604,1999.9000,-0.1661,397.0781,595579.2500,28.7852,604382.0625,1999.9000,
	2026/03/30 14:40:41	,	988012	,	1566	,10.5604,1999.9000,-0.1661,396.8670,595579.2500,28.7799,604382.0625,1999.9000,
	2026/03/30 14:40:41	,	989012	,	1567	,10.5604,1999.9000,-0.1661,396.6910,595579.2500,28.7770,604382.0625,1999.9000,
	2026/03/30 14:40:41	,	990012	,	1568	,10.5604,1999.9000,-0.1661,396.4449,595579.2500,28.7761,604525.2500,1999.9000,
	2026/03/30 14:40:41	,	991012	,	1569	,10.5605,1999.9000,-0.1662,396.3394,595575.6875,28.7753,604676.2500,1999.9000,
	2026/03/30 14:40:41	,	992012	,	1570	,10.5605,1999.9000,-0.1707,396.2514,595439.2500,28.7747,604774.6875,1999.9000,
	2026/03/30 14:40:41	,	993012	,	1571	,10.5605,1999.9000,-0.1736,396.1780,595418.4375,28.7742,604814.8750,1999.9000,
	2026/03/30 14:40:41	,	994012	,	1572	,10.5605,1999.9000,-0.1736,396.1169,595400.5625,28.7738,604977.6250,1999.9000,
	2026/03/30 14:40:41	,	995012	,	1573	,10.5605,1999.9000,-0.1826,396.1655,595228.9375,28.7735,605270.6250,1999.9000,
	2026/03/30 14:40:41	,	996012	,	1574	,10.5606,1999.9000,-0.1881,396.2059,594901.8750,28.7732,605270.6250,1999.9000,
	2026/03/30 14:40:41	,	997012	,	1575	,10.5606,1999.9000,-0.1881,396.2397,594781.5000,28.7729,605270.6250,1999.9000,
	2026/03/30 14:40:41	,	998012	,	1576	,10.5606,1999.9000,-0.1881,396.2677,594781.5000,28.7696,605270.6250,1999.9000,
	2026/03/30 14:40:41	,	999012	,	1577	,10.5606,1999.9000,-0.1881,396.2912,594781.5000,28.7654,605270.6250,1999.9000,
	2026/03/30 14:40:42	,	000012	,	1578	,10.5606,1999.9000,-0.1881,396.3107,594781.5000,28.7588,605257.7500,1999.9000,
	2026/03/30 14:40:42	,	001012	,	1579	,10.5606,1999.9000,-0.1826,396.3269,594781.5000,28.7503,605027.8125,1999.9000,
	2026/03/30 14:40:42	,	002012	,	1580	,10.5606,1999.9000,-0.1777,396.3405,594909.6250,28.7416,604909.4375,1999.9000,
	2026/03/30 14:40:42	,	003012	,	1581	,10.5606,1999.9000,-0.1739,396.2523,594936.6875,28.7344,604803.6875,1999.9000,
	2026/03/30 14:40:42	,	004012	,	1582	,10.5606,1999.9000,-0.1739,396.1788,594952.6875,28.7284,604803.6875,1999.9000,
	2026/03/30 14:40:42	,	005012	,	1583	,10.5606,1999.9000,-0.1703,396.7144,595103.8125,28.7234,604710.0625,1999.9000,
	2026/03/30 14:40:42	,	006012	,	1584	,10.5606,1999.9000,-0.1629,397.2603,595447.0000,28.7253,604469.1250,1999.9000,
	2026/03/30 14:40:42	,	007012	,	1585	,10.5606,1999.9000,-0.1549,397.7151,595632.3750,28.7270,604469.1250,1999.9000,
	2026/03/30 14:40:42	,	008012	,	1586	,10.5606,1999.9000,-0.1509,398.0941,595632.3750,28.7283,604469.1250,1999.9000,
	2026/03/30 14:40:42	,	009012	,	1587	,10.5606,1999.9000,-0.1509,398.4099,595632.3750,28.7294,604469.1250,1999.9000,
	2026/03/30 14:40:42	,	010012	,	1588	,10.5606,1999.9000,-0.1509,398.6732,595632.3750,28.7304,604469.1250,1999.9000,
	2026/03/30 14:40:42	,	011012	,	1589	,10.5606,1999.9000,-0.1509,398.8925,595632.3750,28.7326,604469.1875,1999.9000,
	2026/03/30 14:40:42	,	012012	,	1590	,10.5606,1999.9000,-0.1509,399.0753,595500.6250,28.7376,604656.3125,1999.9000,
	2026/03/30 14:40:42	,	013012	,	1591	,10.5606,1999.9000,-0.1551,399.2276,595464.8750,28.7418,604770.5000,1999.9000,
	2026/03/30 14:40:42	,	014012	,	1592	,10.5606,1999.9000,-0.1588,399.2276,595443.8125,28.7452,604859.8750,1999.9000,
	2026/03/30 14:40:42	,	015012	,	1593	,10.5607,1999.9000,-0.1621,399.2551,595315.9375,28.7481,604958.3125,1999.9000,
	2026/03/30 14:40:42	,	016012	,	1594	,10.5607,1999.9000,-0.1682,399.1785,595029.3750,28.7505,605208.3750,1999.9000,
	2026/03/30 14:40:42	,	017012	,	1595	,10.5607,1999.9000,-0.1758,399.1147,594718.9375,28.7586,605246.1875,1999.9000,
	2026/03/30 14:40:42	,	018012	,	1596	,10.5607,1999.9000,-0.1814,398.7630,594718.9375,28.7654,605258.7500,1999.9000,
	2026/03/30 14:40:42	,	019012	,	1597	,10.5607,1999.9000,-0.1814,398.4701,594718.9375,28.7710,605265.0625,1999.9000,
	2026/03/30 14:40:42	,	020012	,	1598	,10.5607,1999.9000,-0.1814,398.0269,594718.9375,28.7757,605268.8125,1999.9000,
	2026/03/30 14:40:42	,	021012	,	1599	,10.5607,1999.9000,-0.1814,397.6577,594718.9375,28.7796,605271.3750,1999.9000,
